rebalance_strategy,slab_count,request_id,distance_to_optimal_allocation
free-mem,32,100000,11
free-mem,32,200000,12
free-mem,32,300000,12
free-mem,32,400000,12
free-mem,32,500000,12
free-mem,32,600000,12
free-mem,32,700000,12
free-mem,32,800000,12
free-mem,32,900000,12
free-mem,32,1000000,12
free-mem,32,1100000,12
free-mem,32,1200000,12
free-mem,32,1300000,12
free-mem,32,1400000,12
free-mem,32,1500000,12
free-mem,32,1600000,12
free-mem,32,1700000,12
free-mem,32,1800000,12
free-mem,32,1900000,12
free-mem,32,2000000,12
free-mem,32,2100000,12
free-mem,32,2200000,12
free-mem,32,2300000,12
free-mem,32,2400000,12
free-mem,32,2500000,12
free-mem,32,2600000,12
free-mem,32,2700000,12
free-mem,32,2800000,12
free-mem,32,2900000,12
free-mem,32,3000000,12
free-mem,32,3100000,12
free-mem,32,3200000,12
free-mem,32,3300000,12
free-mem,32,3400000,12
free-mem,32,3500000,12
free-mem,32,3600000,12
free-mem,32,3700000,12
free-mem,32,3800000,12
free-mem,32,3900000,12
free-mem,32,4000000,12
free-mem,32,4100000,12
free-mem,32,4200000,12
free-mem,32,4300000,12
free-mem,32,4400000,12
free-mem,32,4500000,12
free-mem,32,4600000,12
free-mem,32,4700000,12
free-mem,32,4800000,12
free-mem,32,4900000,12
free-mem,32,5000000,12
free-mem,32,5100000,12
free-mem,32,5200000,12
free-mem,32,5300000,12
free-mem,32,5400000,12
free-mem,32,5500000,12
free-mem,32,5600000,12
free-mem,32,5700000,12
free-mem,32,5800000,12
free-mem,32,5900000,12
free-mem,32,6000000,12
free-mem,32,6100000,12
free-mem,32,6200000,12
free-mem,32,6300000,12
free-mem,32,6400000,12
free-mem,32,6500000,12
free-mem,32,6600000,12
free-mem,32,6700000,12
free-mem,32,6800000,12
free-mem,32,6900000,12
free-mem,32,7000000,12
free-mem,32,7100000,12
free-mem,32,7200000,12
free-mem,32,7300000,12
free-mem,32,7400000,12
free-mem,32,7500000,12
free-mem,32,7600000,12
free-mem,32,7700000,12
free-mem,32,7800000,12
free-mem,32,7900000,12
free-mem,32,8000000,12
free-mem,32,8100000,12
free-mem,32,8200000,12
free-mem,32,8300000,12
free-mem,32,8400000,12
free-mem,32,8500000,12
free-mem,32,8600000,12
free-mem,32,8700000,12
free-mem,32,8800000,12
free-mem,32,8900000,12
free-mem,32,9000000,12
free-mem,32,9100000,12
free-mem,32,9200000,12
free-mem,32,9300000,12
free-mem,32,9400000,12
free-mem,32,9500000,12
free-mem,32,9600000,12
free-mem,32,9700000,12
free-mem,32,9800000,12
free-mem,32,9900000,12
free-mem,32,10000000,12
free-mem,32,10100000,12
free-mem,32,10200000,12
free-mem,32,10300000,12
free-mem,32,10400000,12
free-mem,32,10500000,12
free-mem,32,10600000,12
free-mem,32,10700000,12
free-mem,32,10800000,12
free-mem,32,10900000,12
free-mem,32,11000000,12
free-mem,32,11100000,12
free-mem,32,11200000,12
free-mem,32,11300000,12
free-mem,32,11400000,12
free-mem,32,11500000,12
free-mem,32,11600000,12
free-mem,32,11700000,12
free-mem,32,11800000,12
free-mem,32,11900000,12
free-mem,32,12000000,12
free-mem,32,12100000,12
free-mem,32,12200000,12
free-mem,32,12300000,12
free-mem,32,12400000,12
free-mem,32,12500000,12
free-mem,32,12600000,12
free-mem,32,12700000,12
free-mem,32,12800000,12
free-mem,32,12900000,12
free-mem,32,13000000,12
free-mem,32,13100000,12
free-mem,32,13200000,12
free-mem,32,13300000,12
free-mem,32,13400000,12
free-mem,32,13500000,12
free-mem,32,13600000,12
free-mem,32,13700000,12
free-mem,32,13800000,12
free-mem,32,13900000,12
free-mem,32,14000000,12
free-mem,32,14100000,12
free-mem,32,14200000,12
free-mem,32,14300000,12
free-mem,32,14400000,12
free-mem,32,14500000,12
free-mem,32,14600000,12
free-mem,32,14700000,12
free-mem,32,14800000,12
free-mem,32,14900000,12
free-mem,32,15000000,12
free-mem,32,15100000,12
free-mem,32,15200000,12
free-mem,32,15300000,12
free-mem,32,15400000,12
free-mem,32,15500000,12
free-mem,32,15600000,12
free-mem,32,15700000,12
free-mem,32,15800000,12
free-mem,32,15900000,12
free-mem,32,16000000,12
free-mem,32,16100000,12
free-mem,32,16200000,12
free-mem,32,16300000,12
free-mem,32,16400000,12
free-mem,32,16500000,12
free-mem,32,16600000,12
free-mem,32,16700000,12
free-mem,32,16800000,12
free-mem,32,16900000,12
free-mem,32,17000000,12
free-mem,32,17100000,12
free-mem,32,17200000,12
free-mem,32,17300000,12
free-mem,32,17400000,12
free-mem,32,17500000,12
free-mem,32,17600000,12
free-mem,32,17700000,12
free-mem,32,17800000,12
free-mem,32,17900000,12
free-mem,32,18000000,12
free-mem,32,18100000,12
free-mem,32,18200000,12
free-mem,32,18300000,12
free-mem,32,18400000,12
free-mem,32,18500000,12
free-mem,32,18600000,12
free-mem,32,18700000,12
free-mem,32,18800000,12
free-mem,32,18900000,12
free-mem,32,19000000,12
free-mem,32,19100000,12
free-mem,32,19200000,12
free-mem,32,19300000,12
free-mem,32,19400000,12
free-mem,32,19500000,12
free-mem,32,19600000,12
free-mem,32,19700000,12
free-mem,32,19800000,12
free-mem,32,19900000,12
free-mem,32,20000000,12
free-mem,32,20100000,12
free-mem,32,20200000,12
free-mem,32,20300000,12
free-mem,32,20400000,12
free-mem,32,20500000,12
free-mem,32,20600000,12
free-mem,32,20700000,12
free-mem,32,20800000,12
free-mem,32,20900000,12
free-mem,32,21000000,12
free-mem,32,21100000,12
free-mem,32,21200000,12
free-mem,32,21300000,12
free-mem,32,21400000,12
free-mem,32,21500000,12
free-mem,32,21600000,12
free-mem,32,21700000,12
free-mem,32,21800000,12
free-mem,32,21900000,12
free-mem,32,22000000,12
free-mem,32,22100000,12
free-mem,32,22200000,12
free-mem,32,22300000,12
free-mem,32,22400000,12
free-mem,32,22500000,12
free-mem,32,22600000,12
free-mem,32,22700000,12
free-mem,32,22800000,12
free-mem,32,22900000,12
free-mem,32,23000000,12
free-mem,32,23100000,12
free-mem,32,23200000,12
free-mem,32,23300000,12
free-mem,32,23400000,12
free-mem,32,23500000,12
free-mem,32,23600000,12
free-mem,32,23700000,12
free-mem,32,23800000,12
free-mem,32,23900000,12
free-mem,32,24000000,12
free-mem,32,24100000,12
free-mem,32,24200000,12
free-mem,32,24300000,12
free-mem,32,24400000,12
free-mem,32,24500000,12
free-mem,32,24600000,12
free-mem,32,24700000,12
free-mem,32,24800000,12
free-mem,32,24900000,12
free-mem,32,25000000,12
free-mem,32,25100000,12
free-mem,32,25200000,12
free-mem,32,25300000,12
free-mem,32,25400000,12
free-mem,32,25500000,12
free-mem,32,25600000,12
free-mem,32,25700000,12
free-mem,32,25800000,12
free-mem,32,25900000,12
free-mem,32,26000000,12
free-mem,32,26100000,12
free-mem,32,26200000,12
free-mem,32,26300000,12
free-mem,32,26400000,12
free-mem,32,26500000,12
free-mem,32,26600000,12
free-mem,32,26700000,12
free-mem,32,26800000,12
free-mem,32,26900000,12
free-mem,32,27000000,12
free-mem,32,27100000,12
free-mem,32,27200000,12
free-mem,32,27300000,12
free-mem,32,27400000,12
free-mem,32,27500000,12
free-mem,32,27600000,12
free-mem,32,27700000,12
free-mem,32,27800000,12
free-mem,32,27900000,12
free-mem,32,28000000,12
free-mem,32,28100000,12
free-mem,32,28200000,12
free-mem,32,28300000,12
free-mem,32,28400000,12
free-mem,32,28500000,12
free-mem,32,28600000,12
free-mem,32,28700000,12
free-mem,32,28800000,12
free-mem,32,28900000,12
free-mem,32,29000000,12
free-mem,32,29100000,12
free-mem,32,29200000,12
free-mem,32,29300000,12
free-mem,32,29400000,12
free-mem,32,29500000,12
free-mem,32,29600000,12
free-mem,32,29700000,12
free-mem,32,29800000,12
free-mem,32,29900000,12
free-mem,32,30000000,12
free-mem,32,30100000,12
free-mem,32,30200000,12
free-mem,32,30300000,12
free-mem,32,30400000,12
free-mem,32,30500000,12
free-mem,32,30600000,12
free-mem,32,30700000,12
free-mem,32,30800000,12
free-mem,32,30900000,12
free-mem,32,31000000,12
free-mem,32,31100000,12
free-mem,32,31200000,12
free-mem,32,31300000,12
free-mem,32,31400000,12
free-mem,32,31500000,12
free-mem,32,31600000,12
free-mem,32,31700000,12
free-mem,32,31800000,12
free-mem,32,31900000,12
free-mem,32,32000000,12
free-mem,32,32100000,12
free-mem,32,32200000,12
free-mem,32,32300000,12
free-mem,32,32400000,12
free-mem,32,32500000,12
free-mem,32,32600000,12
free-mem,32,32700000,12
free-mem,32,32800000,12
free-mem,32,32900000,12
free-mem,32,33000000,12
free-mem,32,33100000,12
free-mem,32,33200000,12
free-mem,32,33300000,12
free-mem,32,33400000,12
free-mem,32,33500000,12
free-mem,32,33600000,12
free-mem,32,33700000,12
free-mem,32,33800000,12
free-mem,32,33900000,12
free-mem,32,34000000,12
free-mem,32,34100000,12
free-mem,32,34200000,12
free-mem,32,34300000,12
free-mem,32,34400000,12
free-mem,32,34500000,12
free-mem,32,34600000,12
free-mem,32,34700000,12
free-mem,32,34800000,12
free-mem,32,34900000,12
free-mem,32,35000000,12
free-mem,32,35100000,12
free-mem,32,35200000,12
free-mem,32,35300000,12
free-mem,32,35400000,12
free-mem,32,35500000,12
free-mem,32,35600000,12
free-mem,32,35700000,12
free-mem,32,35800000,12
free-mem,32,35900000,12
free-mem,32,36000000,12
free-mem,32,36100000,12
free-mem,32,36200000,12
free-mem,32,36300000,12
free-mem,32,36400000,12
free-mem,32,36500000,12
free-mem,32,36600000,12
free-mem,32,36700000,12
free-mem,32,36800000,12
free-mem,32,36900000,12
free-mem,32,37000000,12
free-mem,32,37100000,12
free-mem,32,37200000,12
free-mem,32,37300000,12
free-mem,32,37400000,12
free-mem,32,37500000,12
free-mem,32,37600000,12
free-mem,32,37700000,12
free-mem,32,37800000,12
free-mem,32,37900000,12
free-mem,32,38000000,12
free-mem,32,38100000,12
free-mem,32,38200000,12
free-mem,32,38300000,12
free-mem,32,38400000,12
free-mem,32,38500000,12
free-mem,32,38600000,12
free-mem,32,38700000,12
free-mem,32,38800000,12
free-mem,32,38900000,12
free-mem,32,39000000,12
free-mem,32,39100000,12
free-mem,32,39200000,12
free-mem,32,39300000,12
free-mem,32,39400000,12
free-mem,32,39500000,12
free-mem,32,39600000,12
free-mem,32,39700000,12
free-mem,32,39800000,12
free-mem,32,39900000,12
free-mem,32,40000000,12
free-mem,32,40100000,12
free-mem,32,40200000,12
free-mem,32,40300000,12
free-mem,32,40400000,12
free-mem,32,40500000,12
free-mem,32,40600000,12
free-mem,32,40700000,12
free-mem,32,40800000,12
free-mem,32,40900000,12
free-mem,32,41000000,12
free-mem,32,41100000,12
free-mem,32,41200000,12
free-mem,32,41300000,12
free-mem,32,41400000,12
free-mem,32,41500000,12
free-mem,32,41600000,12
free-mem,32,41700000,12
free-mem,32,41800000,12
free-mem,32,41900000,12
free-mem,32,42000000,12
free-mem,32,42100000,12
free-mem,32,42200000,12
free-mem,32,42300000,12
free-mem,32,42400000,12
free-mem,32,42500000,12
free-mem,32,42600000,12
free-mem,32,42700000,12
free-mem,32,42800000,12
free-mem,32,42900000,12
free-mem,32,43000000,12
free-mem,32,43100000,12
free-mem,32,43200000,12
free-mem,32,43300000,12
free-mem,32,43400000,12
free-mem,32,43500000,12
free-mem,32,43600000,12
free-mem,32,43700000,12
free-mem,32,43800000,12
free-mem,32,43900000,12
free-mem,32,44000000,12
free-mem,32,44100000,12
free-mem,32,44200000,12
free-mem,32,44300000,12
free-mem,32,44400000,12
free-mem,32,44500000,12
free-mem,32,44600000,12
free-mem,32,44700000,12
free-mem,32,44800000,12
free-mem,32,44900000,12
free-mem,32,45000000,12
free-mem,32,45100000,12
free-mem,32,45200000,12
free-mem,32,45300000,12
free-mem,32,45400000,12
free-mem,32,45500000,12
free-mem,32,45600000,12
free-mem,32,45700000,12
free-mem,32,45800000,12
free-mem,32,45900000,12
free-mem,32,46000000,12
free-mem,32,46100000,12
free-mem,32,46200000,12
free-mem,32,46300000,12
free-mem,32,46400000,12
free-mem,32,46500000,12
free-mem,32,46600000,12
free-mem,32,46700000,12
free-mem,32,46800000,12
free-mem,32,46900000,12
free-mem,32,47000000,12
free-mem,32,47100000,12
free-mem,32,47200000,12
free-mem,32,47300000,12
free-mem,32,47400000,12
free-mem,32,47500000,12
free-mem,32,47600000,12
free-mem,32,47700000,12
free-mem,32,47800000,12
free-mem,32,47900000,12
free-mem,32,48000000,12
free-mem,32,48100000,12
free-mem,32,48200000,12
free-mem,32,48300000,12
free-mem,32,48400000,12
free-mem,32,48500000,12
free-mem,32,48600000,12
free-mem,32,48700000,12
free-mem,32,48800000,12
free-mem,32,48900000,12
free-mem,32,49000000,12
free-mem,32,49100000,12
free-mem,32,49200000,12
free-mem,32,49300000,12
free-mem,32,49400000,12
free-mem,32,49500000,12
free-mem,32,49600000,12
free-mem,32,49700000,12
free-mem,32,49800000,12
free-mem,32,49900000,12
free-mem,32,50000000,12
free-mem,32,50100000,12
free-mem,32,50200000,12
free-mem,32,50300000,12
free-mem,32,50400000,12
free-mem,32,50500000,12
free-mem,32,50600000,12
free-mem,32,50700000,12
free-mem,32,50800000,12
free-mem,32,50900000,12
free-mem,32,51000000,12
free-mem,32,51100000,12
free-mem,32,51200000,12
free-mem,32,51300000,12
free-mem,32,51400000,12
free-mem,32,51500000,12
free-mem,32,51600000,12
free-mem,32,51700000,12
free-mem,32,51800000,12
free-mem,32,51900000,12
free-mem,32,52000000,12
free-mem,32,52100000,12
free-mem,32,52200000,12
free-mem,32,52300000,12
free-mem,32,52400000,12
free-mem,32,52500000,12
free-mem,32,52600000,12
free-mem,32,52700000,12
free-mem,32,52800000,12
free-mem,32,52900000,12
free-mem,32,53000000,12
free-mem,32,53100000,12
free-mem,32,53200000,12
free-mem,32,53300000,12
free-mem,32,53400000,12
free-mem,32,53500000,12
free-mem,32,53600000,12
free-mem,32,53700000,12
free-mem,32,53800000,12
free-mem,32,53900000,12
free-mem,32,54000000,12
free-mem,32,54100000,12
free-mem,32,54200000,12
free-mem,32,54300000,12
free-mem,32,54400000,12
free-mem,32,54500000,12
free-mem,32,54600000,12
free-mem,32,54700000,12
free-mem,32,54800000,12
free-mem,32,54900000,12
free-mem,32,55000000,12
free-mem,32,55100000,12
free-mem,32,55200000,12
free-mem,32,55300000,12
free-mem,32,55400000,12
free-mem,32,55500000,12
free-mem,32,55600000,12
free-mem,32,55700000,12
free-mem,32,55800000,12
free-mem,32,55900000,12
free-mem,32,56000000,12
free-mem,32,56100000,12
free-mem,32,56200000,12
free-mem,32,56300000,12
free-mem,32,56400000,12
free-mem,32,56500000,12
free-mem,32,56600000,12
free-mem,32,56700000,12
free-mem,32,56800000,12
free-mem,32,56900000,12
free-mem,32,57000000,12
free-mem,32,57100000,12
free-mem,32,57200000,12
free-mem,32,57300000,12
free-mem,32,57400000,12
free-mem,32,57500000,12
free-mem,32,57600000,12
free-mem,32,57700000,12
free-mem,32,57800000,12
free-mem,32,57900000,12
free-mem,32,58000000,12
free-mem,32,58100000,12
free-mem,32,58200000,12
free-mem,32,58300000,12
free-mem,32,58400000,12
free-mem,32,58500000,12
free-mem,32,58600000,12
free-mem,32,58700000,12
free-mem,32,58800000,12
free-mem,32,58900000,12
free-mem,32,59000000,12
free-mem,32,59100000,12
free-mem,32,59200000,12
free-mem,32,59300000,12
free-mem,32,59400000,12
free-mem,32,59500000,12
free-mem,32,59600000,12
free-mem,32,59700000,12
free-mem,32,59800000,12
free-mem,32,59900000,12
free-mem,32,60000000,12
free-mem,32,60100000,12
free-mem,32,60200000,12
free-mem,32,60300000,12
free-mem,32,60400000,12
free-mem,32,60500000,12
free-mem,32,60600000,12
free-mem,32,60700000,12
free-mem,32,60800000,12
free-mem,32,60900000,12
free-mem,32,61000000,12
free-mem,32,61100000,12
free-mem,32,61200000,12
free-mem,32,61300000,12
free-mem,32,61400000,12
free-mem,32,61500000,12
free-mem,32,61600000,12
free-mem,32,61700000,12
free-mem,32,61800000,12
free-mem,32,61900000,12
free-mem,32,62000000,12
free-mem,32,62100000,12
free-mem,32,62200000,12
free-mem,32,62300000,12
free-mem,32,62400000,12
free-mem,32,62500000,12
free-mem,32,62600000,12
free-mem,32,62700000,12
free-mem,32,62800000,12
free-mem,32,62900000,12
free-mem,32,63000000,12
free-mem,32,63100000,12
free-mem,32,63200000,12
free-mem,32,63300000,12
free-mem,32,63400000,12
free-mem,32,63500000,12
free-mem,32,63600000,12
free-mem,32,63700000,12
free-mem,32,63800000,12
free-mem,32,63900000,12
free-mem,32,64000000,12
free-mem,32,64100000,12
free-mem,32,64200000,12
free-mem,32,64300000,12
free-mem,32,64400000,12
free-mem,32,64500000,12
free-mem,32,64600000,12
free-mem,32,64700000,12
free-mem,32,64800000,12
free-mem,32,64900000,12
free-mem,32,65000000,12
free-mem,32,65100000,12
free-mem,32,65200000,12
free-mem,32,65300000,12
free-mem,32,65400000,12
free-mem,32,65500000,12
free-mem,32,65600000,12
free-mem,32,65700000,12
free-mem,32,65800000,12
free-mem,32,65900000,12
free-mem,32,66000000,12
free-mem,32,66100000,12
free-mem,32,66200000,12
free-mem,32,66300000,12
free-mem,32,66400000,12
free-mem,32,66500000,12
free-mem,32,66600000,12
free-mem,32,66700000,12
free-mem,32,66800000,12
free-mem,32,66900000,12
free-mem,32,67000000,12
free-mem,32,67100000,12
free-mem,32,67200000,12
free-mem,32,67300000,12
free-mem,32,67400000,12
free-mem,32,67500000,12
free-mem,32,67600000,12
free-mem,32,67700000,12
free-mem,32,67800000,12
free-mem,32,67900000,12
free-mem,32,68000000,12
free-mem,32,68100000,12
free-mem,32,68200000,12
free-mem,32,68300000,12
free-mem,32,68400000,12
free-mem,32,68500000,12
free-mem,32,68600000,12
free-mem,32,68700000,12
free-mem,32,68800000,12
free-mem,32,68900000,12
free-mem,32,69000000,12
free-mem,32,69100000,12
free-mem,32,69200000,12
free-mem,32,69300000,12
free-mem,32,69400000,12
free-mem,32,69500000,12
free-mem,32,69600000,12
free-mem,32,69700000,12
free-mem,32,69800000,12
free-mem,32,69900000,12
free-mem,32,70000000,12
free-mem,32,70100000,12
free-mem,32,70200000,12
free-mem,32,70300000,12
free-mem,32,70400000,12
free-mem,32,70500000,12
free-mem,32,70600000,12
free-mem,32,70700000,12
free-mem,32,70800000,12
free-mem,32,70900000,12
free-mem,32,71000000,12
free-mem,32,71100000,12
free-mem,32,71200000,12
free-mem,32,71300000,12
free-mem,32,71400000,12
free-mem,32,71500000,12
free-mem,32,71600000,12
free-mem,32,71700000,12
free-mem,32,71800000,12
free-mem,32,71900000,12
free-mem,32,72000000,12
free-mem,32,72100000,12
free-mem,32,72200000,12
free-mem,32,72300000,12
free-mem,32,72400000,12
free-mem,32,72500000,12
free-mem,32,72600000,12
free-mem,32,72700000,12
free-mem,32,72800000,12
free-mem,32,72900000,12
free-mem,32,73000000,12
free-mem,32,73100000,12
free-mem,32,73200000,12
free-mem,32,73300000,12
free-mem,32,73400000,12
free-mem,32,73500000,12
free-mem,32,73600000,12
free-mem,32,73700000,12
free-mem,32,73800000,12
free-mem,32,73900000,12
free-mem,32,74000000,12
free-mem,32,74100000,12
free-mem,32,74200000,12
free-mem,32,74300000,12
free-mem,32,74400000,12
free-mem,32,74500000,12
free-mem,32,74600000,12
free-mem,32,74700000,12
free-mem,32,74800000,12
free-mem,32,74900000,12
free-mem,32,75000000,12
free-mem,32,75100000,12
free-mem,32,75200000,12
free-mem,32,75300000,12
free-mem,32,75400000,12
free-mem,32,75500000,12
free-mem,32,75600000,12
free-mem,32,75700000,12
free-mem,32,75800000,12
free-mem,32,75900000,12
free-mem,32,76000000,12
free-mem,32,76100000,12
free-mem,32,76200000,12
free-mem,32,76300000,12
free-mem,32,76400000,12
free-mem,32,76500000,12
free-mem,32,76600000,12
free-mem,32,76700000,12
free-mem,32,76800000,12
free-mem,32,76900000,12
free-mem,32,77000000,12
free-mem,32,77100000,12
free-mem,32,77200000,12
free-mem,32,77300000,12
free-mem,32,77400000,12
free-mem,32,77500000,12
free-mem,32,77600000,12
free-mem,32,77700000,12
free-mem,32,77800000,12
free-mem,32,77900000,12
free-mem,32,78000000,12
free-mem,32,78100000,12
free-mem,32,78200000,12
free-mem,32,78300000,12
free-mem,32,78400000,12
free-mem,32,78500000,12
free-mem,32,78600000,12
free-mem,32,78700000,12
free-mem,32,78800000,12
free-mem,32,78900000,12
free-mem,32,79000000,12
free-mem,32,79100000,12
free-mem,32,79200000,12
free-mem,32,79300000,12
free-mem,32,79400000,12
free-mem,32,79500000,12
free-mem,32,79600000,12
free-mem,32,79700000,12
free-mem,32,79800000,12
free-mem,32,79900000,12
free-mem,128,100000,52
free-mem,128,200000,45
free-mem,128,300000,42
free-mem,128,400000,41
free-mem,128,500000,41
free-mem,128,600000,41
free-mem,128,700000,41
free-mem,128,800000,41
free-mem,128,900000,41
free-mem,128,1000000,41
free-mem,128,1100000,41
free-mem,128,1200000,41
free-mem,128,1300000,41
free-mem,128,1400000,41
free-mem,128,1500000,41
free-mem,128,1600000,41
free-mem,128,1700000,41
free-mem,128,1800000,41
free-mem,128,1900000,41
free-mem,128,2000000,41
free-mem,128,2100000,41
free-mem,128,2200000,41
free-mem,128,2300000,41
free-mem,128,2400000,41
free-mem,128,2500000,41
free-mem,128,2600000,41
free-mem,128,2700000,41
free-mem,128,2800000,41
free-mem,128,2900000,41
free-mem,128,3000000,41
free-mem,128,3100000,41
free-mem,128,3200000,41
free-mem,128,3300000,41
free-mem,128,3400000,41
free-mem,128,3500000,41
free-mem,128,3600000,41
free-mem,128,3700000,41
free-mem,128,3800000,41
free-mem,128,3900000,41
free-mem,128,4000000,41
free-mem,128,4100000,41
free-mem,128,4200000,41
free-mem,128,4300000,41
free-mem,128,4400000,41
free-mem,128,4500000,41
free-mem,128,4600000,41
free-mem,128,4700000,41
free-mem,128,4800000,41
free-mem,128,4900000,41
free-mem,128,5000000,41
free-mem,128,5100000,41
free-mem,128,5200000,41
free-mem,128,5300000,41
free-mem,128,5400000,41
free-mem,128,5500000,41
free-mem,128,5600000,41
free-mem,128,5700000,41
free-mem,128,5800000,41
free-mem,128,5900000,41
free-mem,128,6000000,41
free-mem,128,6100000,41
free-mem,128,6200000,41
free-mem,128,6300000,41
free-mem,128,6400000,41
free-mem,128,6500000,41
free-mem,128,6600000,41
free-mem,128,6700000,41
free-mem,128,6800000,41
free-mem,128,6900000,41
free-mem,128,7000000,41
free-mem,128,7100000,41
free-mem,128,7200000,41
free-mem,128,7300000,41
free-mem,128,7400000,41
free-mem,128,7500000,41
free-mem,128,7600000,41
free-mem,128,7700000,41
free-mem,128,7800000,41
free-mem,128,7900000,41
free-mem,128,8000000,41
free-mem,128,8100000,41
free-mem,128,8200000,41
free-mem,128,8300000,41
free-mem,128,8400000,41
free-mem,128,8500000,41
free-mem,128,8600000,41
free-mem,128,8700000,41
free-mem,128,8800000,41
free-mem,128,8900000,41
free-mem,128,9000000,41
free-mem,128,9100000,41
free-mem,128,9200000,41
free-mem,128,9300000,41
free-mem,128,9400000,41
free-mem,128,9500000,41
free-mem,128,9600000,41
free-mem,128,9700000,41
free-mem,128,9800000,41
free-mem,128,9900000,41
free-mem,128,10000000,41
free-mem,128,10100000,41
free-mem,128,10200000,41
free-mem,128,10300000,41
free-mem,128,10400000,41
free-mem,128,10500000,41
free-mem,128,10600000,41
free-mem,128,10700000,41
free-mem,128,10800000,41
free-mem,128,10900000,41
free-mem,128,11000000,41
free-mem,128,11100000,41
free-mem,128,11200000,41
free-mem,128,11300000,41
free-mem,128,11400000,41
free-mem,128,11500000,41
free-mem,128,11600000,41
free-mem,128,11700000,41
free-mem,128,11800000,41
free-mem,128,11900000,41
free-mem,128,12000000,41
free-mem,128,12100000,41
free-mem,128,12200000,41
free-mem,128,12300000,41
free-mem,128,12400000,41
free-mem,128,12500000,41
free-mem,128,12600000,41
free-mem,128,12700000,41
free-mem,128,12800000,41
free-mem,128,12900000,41
free-mem,128,13000000,41
free-mem,128,13100000,41
free-mem,128,13200000,41
free-mem,128,13300000,41
free-mem,128,13400000,41
free-mem,128,13500000,41
free-mem,128,13600000,41
free-mem,128,13700000,41
free-mem,128,13800000,41
free-mem,128,13900000,41
free-mem,128,14000000,41
free-mem,128,14100000,41
free-mem,128,14200000,41
free-mem,128,14300000,41
free-mem,128,14400000,41
free-mem,128,14500000,41
free-mem,128,14600000,41
free-mem,128,14700000,41
free-mem,128,14800000,41
free-mem,128,14900000,41
free-mem,128,15000000,41
free-mem,128,15100000,41
free-mem,128,15200000,41
free-mem,128,15300000,41
free-mem,128,15400000,41
free-mem,128,15500000,41
free-mem,128,15600000,41
free-mem,128,15700000,41
free-mem,128,15800000,41
free-mem,128,15900000,41
free-mem,128,16000000,41
free-mem,128,16100000,41
free-mem,128,16200000,41
free-mem,128,16300000,41
free-mem,128,16400000,41
free-mem,128,16500000,41
free-mem,128,16600000,41
free-mem,128,16700000,41
free-mem,128,16800000,41
free-mem,128,16900000,41
free-mem,128,17000000,41
free-mem,128,17100000,41
free-mem,128,17200000,41
free-mem,128,17300000,41
free-mem,128,17400000,41
free-mem,128,17500000,41
free-mem,128,17600000,41
free-mem,128,17700000,41
free-mem,128,17800000,41
free-mem,128,17900000,41
free-mem,128,18000000,41
free-mem,128,18100000,41
free-mem,128,18200000,41
free-mem,128,18300000,41
free-mem,128,18400000,41
free-mem,128,18500000,41
free-mem,128,18600000,41
free-mem,128,18700000,41
free-mem,128,18800000,41
free-mem,128,18900000,41
free-mem,128,19000000,41
free-mem,128,19100000,41
free-mem,128,19200000,41
free-mem,128,19300000,41
free-mem,128,19400000,41
free-mem,128,19500000,41
free-mem,128,19600000,41
free-mem,128,19700000,41
free-mem,128,19800000,41
free-mem,128,19900000,41
free-mem,128,20000000,41
free-mem,128,20100000,41
free-mem,128,20200000,41
free-mem,128,20300000,41
free-mem,128,20400000,41
free-mem,128,20500000,41
free-mem,128,20600000,41
free-mem,128,20700000,41
free-mem,128,20800000,41
free-mem,128,20900000,41
free-mem,128,21000000,41
free-mem,128,21100000,41
free-mem,128,21200000,41
free-mem,128,21300000,41
free-mem,128,21400000,41
free-mem,128,21500000,41
free-mem,128,21600000,41
free-mem,128,21700000,41
free-mem,128,21800000,41
free-mem,128,21900000,41
free-mem,128,22000000,41
free-mem,128,22100000,41
free-mem,128,22200000,41
free-mem,128,22300000,41
free-mem,128,22400000,41
free-mem,128,22500000,41
free-mem,128,22600000,41
free-mem,128,22700000,41
free-mem,128,22800000,41
free-mem,128,22900000,41
free-mem,128,23000000,41
free-mem,128,23100000,41
free-mem,128,23200000,41
free-mem,128,23300000,41
free-mem,128,23400000,41
free-mem,128,23500000,41
free-mem,128,23600000,41
free-mem,128,23700000,41
free-mem,128,23800000,41
free-mem,128,23900000,41
free-mem,128,24000000,41
free-mem,128,24100000,41
free-mem,128,24200000,41
free-mem,128,24300000,41
free-mem,128,24400000,41
free-mem,128,24500000,41
free-mem,128,24600000,41
free-mem,128,24700000,41
free-mem,128,24800000,41
free-mem,128,24900000,41
free-mem,128,25000000,41
free-mem,128,25100000,41
free-mem,128,25200000,41
free-mem,128,25300000,41
free-mem,128,25400000,41
free-mem,128,25500000,41
free-mem,128,25600000,41
free-mem,128,25700000,41
free-mem,128,25800000,41
free-mem,128,25900000,41
free-mem,128,26000000,41
free-mem,128,26100000,41
free-mem,128,26200000,41
free-mem,128,26300000,41
free-mem,128,26400000,41
free-mem,128,26500000,41
free-mem,128,26600000,41
free-mem,128,26700000,41
free-mem,128,26800000,41
free-mem,128,26900000,41
free-mem,128,27000000,41
free-mem,128,27100000,41
free-mem,128,27200000,41
free-mem,128,27300000,41
free-mem,128,27400000,41
free-mem,128,27500000,41
free-mem,128,27600000,41
free-mem,128,27700000,41
free-mem,128,27800000,41
free-mem,128,27900000,41
free-mem,128,28000000,41
free-mem,128,28100000,41
free-mem,128,28200000,41
free-mem,128,28300000,41
free-mem,128,28400000,41
free-mem,128,28500000,41
free-mem,128,28600000,41
free-mem,128,28700000,41
free-mem,128,28800000,41
free-mem,128,28900000,41
free-mem,128,29000000,41
free-mem,128,29100000,41
free-mem,128,29200000,41
free-mem,128,29300000,41
free-mem,128,29400000,41
free-mem,128,29500000,41
free-mem,128,29600000,41
free-mem,128,29700000,41
free-mem,128,29800000,41
free-mem,128,29900000,41
free-mem,128,30000000,41
free-mem,128,30100000,41
free-mem,128,30200000,41
free-mem,128,30300000,41
free-mem,128,30400000,41
free-mem,128,30500000,41
free-mem,128,30600000,41
free-mem,128,30700000,41
free-mem,128,30800000,41
free-mem,128,30900000,41
free-mem,128,31000000,41
free-mem,128,31100000,41
free-mem,128,31200000,41
free-mem,128,31300000,41
free-mem,128,31400000,41
free-mem,128,31500000,41
free-mem,128,31600000,41
free-mem,128,31700000,41
free-mem,128,31800000,41
free-mem,128,31900000,41
free-mem,128,32000000,41
free-mem,128,32100000,41
free-mem,128,32200000,41
free-mem,128,32300000,41
free-mem,128,32400000,41
free-mem,128,32500000,41
free-mem,128,32600000,41
free-mem,128,32700000,41
free-mem,128,32800000,41
free-mem,128,32900000,41
free-mem,128,33000000,41
free-mem,128,33100000,41
free-mem,128,33200000,41
free-mem,128,33300000,41
free-mem,128,33400000,41
free-mem,128,33500000,41
free-mem,128,33600000,41
free-mem,128,33700000,41
free-mem,128,33800000,41
free-mem,128,33900000,41
free-mem,128,34000000,41
free-mem,128,34100000,41
free-mem,128,34200000,41
free-mem,128,34300000,41
free-mem,128,34400000,41
free-mem,128,34500000,41
free-mem,128,34600000,41
free-mem,128,34700000,41
free-mem,128,34800000,41
free-mem,128,34900000,41
free-mem,128,35000000,41
free-mem,128,35100000,41
free-mem,128,35200000,41
free-mem,128,35300000,41
free-mem,128,35400000,41
free-mem,128,35500000,41
free-mem,128,35600000,41
free-mem,128,35700000,41
free-mem,128,35800000,41
free-mem,128,35900000,41
free-mem,128,36000000,41
free-mem,128,36100000,41
free-mem,128,36200000,41
free-mem,128,36300000,41
free-mem,128,36400000,41
free-mem,128,36500000,41
free-mem,128,36600000,41
free-mem,128,36700000,41
free-mem,128,36800000,41
free-mem,128,36900000,41
free-mem,128,37000000,41
free-mem,128,37100000,41
free-mem,128,37200000,41
free-mem,128,37300000,41
free-mem,128,37400000,41
free-mem,128,37500000,41
free-mem,128,37600000,41
free-mem,128,37700000,41
free-mem,128,37800000,41
free-mem,128,37900000,41
free-mem,128,38000000,41
free-mem,128,38100000,41
free-mem,128,38200000,41
free-mem,128,38300000,41
free-mem,128,38400000,41
free-mem,128,38500000,41
free-mem,128,38600000,41
free-mem,128,38700000,41
free-mem,128,38800000,41
free-mem,128,38900000,41
free-mem,128,39000000,41
free-mem,128,39100000,41
free-mem,128,39200000,41
free-mem,128,39300000,41
free-mem,128,39400000,41
free-mem,128,39500000,41
free-mem,128,39600000,41
free-mem,128,39700000,41
free-mem,128,39800000,41
free-mem,128,39900000,41
free-mem,128,40000000,41
free-mem,128,40100000,41
free-mem,128,40200000,41
free-mem,128,40300000,41
free-mem,128,40400000,41
free-mem,128,40500000,41
free-mem,128,40600000,41
free-mem,128,40700000,41
free-mem,128,40800000,41
free-mem,128,40900000,41
free-mem,128,41000000,41
free-mem,128,41100000,41
free-mem,128,41200000,41
free-mem,128,41300000,41
free-mem,128,41400000,41
free-mem,128,41500000,41
free-mem,128,41600000,41
free-mem,128,41700000,41
free-mem,128,41800000,41
free-mem,128,41900000,41
free-mem,128,42000000,41
free-mem,128,42100000,41
free-mem,128,42200000,41
free-mem,128,42300000,41
free-mem,128,42400000,41
free-mem,128,42500000,41
free-mem,128,42600000,41
free-mem,128,42700000,41
free-mem,128,42800000,41
free-mem,128,42900000,41
free-mem,128,43000000,41
free-mem,128,43100000,41
free-mem,128,43200000,41
free-mem,128,43300000,41
free-mem,128,43400000,41
free-mem,128,43500000,41
free-mem,128,43600000,41
free-mem,128,43700000,41
free-mem,128,43800000,41
free-mem,128,43900000,41
free-mem,128,44000000,41
free-mem,128,44100000,41
free-mem,128,44200000,41
free-mem,128,44300000,41
free-mem,128,44400000,41
free-mem,128,44500000,41
free-mem,128,44600000,41
free-mem,128,44700000,41
free-mem,128,44800000,41
free-mem,128,44900000,41
free-mem,128,45000000,41
free-mem,128,45100000,41
free-mem,128,45200000,41
free-mem,128,45300000,41
free-mem,128,45400000,41
free-mem,128,45500000,41
free-mem,128,45600000,41
free-mem,128,45700000,41
free-mem,128,45800000,41
free-mem,128,45900000,41
free-mem,128,46000000,41
free-mem,128,46100000,41
free-mem,128,46200000,41
free-mem,128,46300000,41
free-mem,128,46400000,41
free-mem,128,46500000,41
free-mem,128,46600000,41
free-mem,128,46700000,41
free-mem,128,46800000,41
free-mem,128,46900000,41
free-mem,128,47000000,41
free-mem,128,47100000,41
free-mem,128,47200000,41
free-mem,128,47300000,41
free-mem,128,47400000,41
free-mem,128,47500000,41
free-mem,128,47600000,41
free-mem,128,47700000,41
free-mem,128,47800000,41
free-mem,128,47900000,41
free-mem,128,48000000,41
free-mem,128,48100000,41
free-mem,128,48200000,41
free-mem,128,48300000,41
free-mem,128,48400000,41
free-mem,128,48500000,41
free-mem,128,48600000,41
free-mem,128,48700000,41
free-mem,128,48800000,41
free-mem,128,48900000,41
free-mem,128,49000000,41
free-mem,128,49100000,41
free-mem,128,49200000,41
free-mem,128,49300000,41
free-mem,128,49400000,41
free-mem,128,49500000,41
free-mem,128,49600000,41
free-mem,128,49700000,41
free-mem,128,49800000,41
free-mem,128,49900000,41
free-mem,128,50000000,41
free-mem,128,50100000,41
free-mem,128,50200000,41
free-mem,128,50300000,41
free-mem,128,50400000,41
free-mem,128,50500000,41
free-mem,128,50600000,41
free-mem,128,50700000,41
free-mem,128,50800000,41
free-mem,128,50900000,41
free-mem,128,51000000,41
free-mem,128,51100000,41
free-mem,128,51200000,41
free-mem,128,51300000,41
free-mem,128,51400000,41
free-mem,128,51500000,41
free-mem,128,51600000,41
free-mem,128,51700000,41
free-mem,128,51800000,41
free-mem,128,51900000,41
free-mem,128,52000000,41
free-mem,128,52100000,41
free-mem,128,52200000,41
free-mem,128,52300000,41
free-mem,128,52400000,41
free-mem,128,52500000,41
free-mem,128,52600000,41
free-mem,128,52700000,41
free-mem,128,52800000,41
free-mem,128,52900000,41
free-mem,128,53000000,41
free-mem,128,53100000,41
free-mem,128,53200000,41
free-mem,128,53300000,41
free-mem,128,53400000,41
free-mem,128,53500000,41
free-mem,128,53600000,41
free-mem,128,53700000,41
free-mem,128,53800000,41
free-mem,128,53900000,41
free-mem,128,54000000,41
free-mem,128,54100000,41
free-mem,128,54200000,41
free-mem,128,54300000,41
free-mem,128,54400000,41
free-mem,128,54500000,41
free-mem,128,54600000,41
free-mem,128,54700000,41
free-mem,128,54800000,41
free-mem,128,54900000,41
free-mem,128,55000000,41
free-mem,128,55100000,41
free-mem,128,55200000,41
free-mem,128,55300000,41
free-mem,128,55400000,41
free-mem,128,55500000,41
free-mem,128,55600000,41
free-mem,128,55700000,41
free-mem,128,55800000,41
free-mem,128,55900000,41
free-mem,128,56000000,41
free-mem,128,56100000,41
free-mem,128,56200000,41
free-mem,128,56300000,41
free-mem,128,56400000,41
free-mem,128,56500000,41
free-mem,128,56600000,41
free-mem,128,56700000,41
free-mem,128,56800000,41
free-mem,128,56900000,41
free-mem,128,57000000,41
free-mem,128,57100000,41
free-mem,128,57200000,41
free-mem,128,57300000,41
free-mem,128,57400000,41
free-mem,128,57500000,41
free-mem,128,57600000,41
free-mem,128,57700000,41
free-mem,128,57800000,41
free-mem,128,57900000,41
free-mem,128,58000000,41
free-mem,128,58100000,41
free-mem,128,58200000,41
free-mem,128,58300000,41
free-mem,128,58400000,41
free-mem,128,58500000,41
free-mem,128,58600000,41
free-mem,128,58700000,41
free-mem,128,58800000,41
free-mem,128,58900000,41
free-mem,128,59000000,41
free-mem,128,59100000,41
free-mem,128,59200000,41
free-mem,128,59300000,41
free-mem,128,59400000,41
free-mem,128,59500000,41
free-mem,128,59600000,41
free-mem,128,59700000,41
free-mem,128,59800000,41
free-mem,128,59900000,41
free-mem,128,60000000,41
free-mem,128,60100000,41
free-mem,128,60200000,41
free-mem,128,60300000,41
free-mem,128,60400000,41
free-mem,128,60500000,41
free-mem,128,60600000,41
free-mem,128,60700000,41
free-mem,128,60800000,41
free-mem,128,60900000,41
free-mem,128,61000000,41
free-mem,128,61100000,41
free-mem,128,61200000,41
free-mem,128,61300000,41
free-mem,128,61400000,41
free-mem,128,61500000,41
free-mem,128,61600000,41
free-mem,128,61700000,41
free-mem,128,61800000,41
free-mem,128,61900000,41
free-mem,128,62000000,41
free-mem,128,62100000,41
free-mem,128,62200000,41
free-mem,128,62300000,41
free-mem,128,62400000,41
free-mem,128,62500000,41
free-mem,128,62600000,41
free-mem,128,62700000,41
free-mem,128,62800000,41
free-mem,128,62900000,41
free-mem,128,63000000,41
free-mem,128,63100000,41
free-mem,128,63200000,41
free-mem,128,63300000,41
free-mem,128,63400000,41
free-mem,128,63500000,41
free-mem,128,63600000,41
free-mem,128,63700000,41
free-mem,128,63800000,41
free-mem,128,63900000,41
free-mem,128,64000000,41
free-mem,128,64100000,41
free-mem,128,64200000,41
free-mem,128,64300000,41
free-mem,128,64400000,41
free-mem,128,64500000,41
free-mem,128,64600000,41
free-mem,128,64700000,41
free-mem,128,64800000,41
free-mem,128,64900000,41
free-mem,128,65000000,41
free-mem,128,65100000,41
free-mem,128,65200000,41
free-mem,128,65300000,41
free-mem,128,65400000,41
free-mem,128,65500000,41
free-mem,128,65600000,41
free-mem,128,65700000,41
free-mem,128,65800000,41
free-mem,128,65900000,41
free-mem,128,66000000,41
free-mem,128,66100000,41
free-mem,128,66200000,41
free-mem,128,66300000,41
free-mem,128,66400000,41
free-mem,128,66500000,41
free-mem,128,66600000,41
free-mem,128,66700000,41
free-mem,128,66800000,41
free-mem,128,66900000,41
free-mem,128,67000000,41
free-mem,128,67100000,41
free-mem,128,67200000,41
free-mem,128,67300000,41
free-mem,128,67400000,41
free-mem,128,67500000,41
free-mem,128,67600000,41
free-mem,128,67700000,41
free-mem,128,67800000,41
free-mem,128,67900000,41
free-mem,128,68000000,41
free-mem,128,68100000,41
free-mem,128,68200000,41
free-mem,128,68300000,41
free-mem,128,68400000,41
free-mem,128,68500000,41
free-mem,128,68600000,41
free-mem,128,68700000,41
free-mem,128,68800000,41
free-mem,128,68900000,41
free-mem,128,69000000,41
free-mem,128,69100000,41
free-mem,128,69200000,41
free-mem,128,69300000,41
free-mem,128,69400000,41
free-mem,128,69500000,41
free-mem,128,69600000,41
free-mem,128,69700000,41
free-mem,128,69800000,41
free-mem,128,69900000,41
free-mem,128,70000000,41
free-mem,128,70100000,41
free-mem,128,70200000,41
free-mem,128,70300000,41
free-mem,128,70400000,41
free-mem,128,70500000,41
free-mem,128,70600000,41
free-mem,128,70700000,41
free-mem,128,70800000,41
free-mem,128,70900000,41
free-mem,128,71000000,41
free-mem,128,71100000,41
free-mem,128,71200000,41
free-mem,128,71300000,41
free-mem,128,71400000,41
free-mem,128,71500000,41
free-mem,128,71600000,41
free-mem,128,71700000,41
free-mem,128,71800000,41
free-mem,128,71900000,41
free-mem,128,72000000,41
free-mem,128,72100000,41
free-mem,128,72200000,41
free-mem,128,72300000,41
free-mem,128,72400000,41
free-mem,128,72500000,41
free-mem,128,72600000,41
free-mem,128,72700000,41
free-mem,128,72800000,41
free-mem,128,72900000,41
free-mem,128,73000000,41
free-mem,128,73100000,41
free-mem,128,73200000,41
free-mem,128,73300000,41
free-mem,128,73400000,41
free-mem,128,73500000,41
free-mem,128,73600000,41
free-mem,128,73700000,41
free-mem,128,73800000,41
free-mem,128,73900000,41
free-mem,128,74000000,41
free-mem,128,74100000,41
free-mem,128,74200000,41
free-mem,128,74300000,41
free-mem,128,74400000,41
free-mem,128,74500000,41
free-mem,128,74600000,41
free-mem,128,74700000,41
free-mem,128,74800000,41
free-mem,128,74900000,41
free-mem,128,75000000,41
free-mem,128,75100000,41
free-mem,128,75200000,41
free-mem,128,75300000,41
free-mem,128,75400000,41
free-mem,128,75500000,41
free-mem,128,75600000,41
free-mem,128,75700000,41
free-mem,128,75800000,41
free-mem,128,75900000,41
free-mem,128,76000000,41
free-mem,128,76100000,41
free-mem,128,76200000,41
free-mem,128,76300000,41
free-mem,128,76400000,41
free-mem,128,76500000,41
free-mem,128,76600000,41
free-mem,128,76700000,41
free-mem,128,76800000,41
free-mem,128,76900000,41
free-mem,128,77000000,41
free-mem,128,77100000,41
free-mem,128,77200000,41
free-mem,128,77300000,41
free-mem,128,77400000,41
free-mem,128,77500000,41
free-mem,128,77600000,41
free-mem,128,77700000,41
free-mem,128,77800000,41
free-mem,128,77900000,41
free-mem,128,78000000,41
free-mem,128,78100000,41
free-mem,128,78200000,41
free-mem,128,78300000,41
free-mem,128,78400000,41
free-mem,128,78500000,41
free-mem,128,78600000,41
free-mem,128,78700000,41
free-mem,128,78800000,41
free-mem,128,78900000,41
free-mem,128,79000000,41
free-mem,128,79100000,41
free-mem,128,79200000,41
free-mem,128,79300000,41
free-mem,128,79400000,41
free-mem,128,79500000,41
free-mem,128,79600000,41
free-mem,128,79700000,41
free-mem,128,79800000,41
free-mem,128,79900000,41
free-mem,256,100000,116
free-mem,256,200000,107
free-mem,256,300000,101
free-mem,256,400000,98
free-mem,256,500000,95
free-mem,256,600000,92
free-mem,256,700000,89
free-mem,256,800000,89
free-mem,256,900000,89
free-mem,256,1000000,89
free-mem,256,1100000,89
free-mem,256,1200000,88
free-mem,256,1300000,88
free-mem,256,1400000,88
free-mem,256,1500000,87
free-mem,256,1600000,87
free-mem,256,1700000,87
free-mem,256,1800000,86
free-mem,256,1900000,86
free-mem,256,2000000,85
free-mem,256,2100000,86
free-mem,256,2200000,85
free-mem,256,2300000,84
free-mem,256,2400000,85
free-mem,256,2500000,85
free-mem,256,2600000,84
free-mem,256,2700000,84
free-mem,256,2800000,84
free-mem,256,2900000,85
free-mem,256,3000000,85
free-mem,256,3100000,85
free-mem,256,3200000,85
free-mem,256,3300000,85
free-mem,256,3400000,85
free-mem,256,3500000,85
free-mem,256,3600000,85
free-mem,256,3700000,85
free-mem,256,3800000,85
free-mem,256,3900000,85
free-mem,256,4000000,85
free-mem,256,4100000,85
free-mem,256,4200000,85
free-mem,256,4300000,85
free-mem,256,4400000,85
free-mem,256,4500000,85
free-mem,256,4600000,85
free-mem,256,4700000,85
free-mem,256,4800000,85
free-mem,256,4900000,85
free-mem,256,5000000,85
free-mem,256,5100000,85
free-mem,256,5200000,85
free-mem,256,5300000,85
free-mem,256,5400000,85
free-mem,256,5500000,85
free-mem,256,5600000,85
free-mem,256,5700000,85
free-mem,256,5800000,85
free-mem,256,5900000,85
free-mem,256,6000000,85
free-mem,256,6100000,85
free-mem,256,6200000,85
free-mem,256,6300000,85
free-mem,256,6400000,85
free-mem,256,6500000,85
free-mem,256,6600000,85
free-mem,256,6700000,85
free-mem,256,6800000,85
free-mem,256,6900000,85
free-mem,256,7000000,85
free-mem,256,7100000,85
free-mem,256,7200000,85
free-mem,256,7300000,85
free-mem,256,7400000,85
free-mem,256,7500000,85
free-mem,256,7600000,85
free-mem,256,7700000,85
free-mem,256,7800000,85
free-mem,256,7900000,85
free-mem,256,8000000,85
free-mem,256,8100000,85
free-mem,256,8200000,85
free-mem,256,8300000,85
free-mem,256,8400000,85
free-mem,256,8500000,85
free-mem,256,8600000,85
free-mem,256,8700000,85
free-mem,256,8800000,85
free-mem,256,8900000,85
free-mem,256,9000000,85
free-mem,256,9100000,85
free-mem,256,9200000,85
free-mem,256,9300000,85
free-mem,256,9400000,85
free-mem,256,9500000,85
free-mem,256,9600000,85
free-mem,256,9700000,85
free-mem,256,9800000,85
free-mem,256,9900000,85
free-mem,256,10000000,85
free-mem,256,10100000,85
free-mem,256,10200000,85
free-mem,256,10300000,85
free-mem,256,10400000,85
free-mem,256,10500000,85
free-mem,256,10600000,85
free-mem,256,10700000,85
free-mem,256,10800000,85
free-mem,256,10900000,85
free-mem,256,11000000,85
free-mem,256,11100000,85
free-mem,256,11200000,85
free-mem,256,11300000,85
free-mem,256,11400000,85
free-mem,256,11500000,85
free-mem,256,11600000,85
free-mem,256,11700000,85
free-mem,256,11800000,85
free-mem,256,11900000,85
free-mem,256,12000000,85
free-mem,256,12100000,85
free-mem,256,12200000,85
free-mem,256,12300000,85
free-mem,256,12400000,85
free-mem,256,12500000,85
free-mem,256,12600000,85
free-mem,256,12700000,85
free-mem,256,12800000,85
free-mem,256,12900000,85
free-mem,256,13000000,85
free-mem,256,13100000,85
free-mem,256,13200000,85
free-mem,256,13300000,85
free-mem,256,13400000,85
free-mem,256,13500000,85
free-mem,256,13600000,85
free-mem,256,13700000,85
free-mem,256,13800000,85
free-mem,256,13900000,85
free-mem,256,14000000,85
free-mem,256,14100000,85
free-mem,256,14200000,85
free-mem,256,14300000,85
free-mem,256,14400000,85
free-mem,256,14500000,85
free-mem,256,14600000,85
free-mem,256,14700000,85
free-mem,256,14800000,85
free-mem,256,14900000,85
free-mem,256,15000000,85
free-mem,256,15100000,85
free-mem,256,15200000,85
free-mem,256,15300000,85
free-mem,256,15400000,85
free-mem,256,15500000,85
free-mem,256,15600000,85
free-mem,256,15700000,85
free-mem,256,15800000,85
free-mem,256,15900000,85
free-mem,256,16000000,85
free-mem,256,16100000,85
free-mem,256,16200000,85
free-mem,256,16300000,85
free-mem,256,16400000,85
free-mem,256,16500000,85
free-mem,256,16600000,85
free-mem,256,16700000,85
free-mem,256,16800000,85
free-mem,256,16900000,85
free-mem,256,17000000,85
free-mem,256,17100000,85
free-mem,256,17200000,85
free-mem,256,17300000,85
free-mem,256,17400000,85
free-mem,256,17500000,85
free-mem,256,17600000,85
free-mem,256,17700000,85
free-mem,256,17800000,85
free-mem,256,17900000,85
free-mem,256,18000000,85
free-mem,256,18100000,85
free-mem,256,18200000,85
free-mem,256,18300000,85
free-mem,256,18400000,85
free-mem,256,18500000,85
free-mem,256,18600000,85
free-mem,256,18700000,85
free-mem,256,18800000,85
free-mem,256,18900000,85
free-mem,256,19000000,85
free-mem,256,19100000,85
free-mem,256,19200000,85
free-mem,256,19300000,85
free-mem,256,19400000,85
free-mem,256,19500000,85
free-mem,256,19600000,85
free-mem,256,19700000,85
free-mem,256,19800000,85
free-mem,256,19900000,85
free-mem,256,20000000,85
free-mem,256,20100000,85
free-mem,256,20200000,85
free-mem,256,20300000,85
free-mem,256,20400000,85
free-mem,256,20500000,85
free-mem,256,20600000,85
free-mem,256,20700000,85
free-mem,256,20800000,85
free-mem,256,20900000,85
free-mem,256,21000000,85
free-mem,256,21100000,85
free-mem,256,21200000,85
free-mem,256,21300000,85
free-mem,256,21400000,85
free-mem,256,21500000,85
free-mem,256,21600000,85
free-mem,256,21700000,85
free-mem,256,21800000,85
free-mem,256,21900000,85
free-mem,256,22000000,85
free-mem,256,22100000,85
free-mem,256,22200000,85
free-mem,256,22300000,85
free-mem,256,22400000,85
free-mem,256,22500000,85
free-mem,256,22600000,85
free-mem,256,22700000,85
free-mem,256,22800000,85
free-mem,256,22900000,85
free-mem,256,23000000,85
free-mem,256,23100000,85
free-mem,256,23200000,85
free-mem,256,23300000,85
free-mem,256,23400000,85
free-mem,256,23500000,85
free-mem,256,23600000,85
free-mem,256,23700000,85
free-mem,256,23800000,85
free-mem,256,23900000,85
free-mem,256,24000000,85
free-mem,256,24100000,85
free-mem,256,24200000,85
free-mem,256,24300000,85
free-mem,256,24400000,85
free-mem,256,24500000,85
free-mem,256,24600000,85
free-mem,256,24700000,85
free-mem,256,24800000,85
free-mem,256,24900000,85
free-mem,256,25000000,85
free-mem,256,25100000,85
free-mem,256,25200000,85
free-mem,256,25300000,85
free-mem,256,25400000,85
free-mem,256,25500000,85
free-mem,256,25600000,85
free-mem,256,25700000,85
free-mem,256,25800000,85
free-mem,256,25900000,85
free-mem,256,26000000,85
free-mem,256,26100000,85
free-mem,256,26200000,85
free-mem,256,26300000,85
free-mem,256,26400000,85
free-mem,256,26500000,85
free-mem,256,26600000,85
free-mem,256,26700000,85
free-mem,256,26800000,85
free-mem,256,26900000,85
free-mem,256,27000000,85
free-mem,256,27100000,85
free-mem,256,27200000,85
free-mem,256,27300000,85
free-mem,256,27400000,85
free-mem,256,27500000,85
free-mem,256,27600000,85
free-mem,256,27700000,85
free-mem,256,27800000,85
free-mem,256,27900000,85
free-mem,256,28000000,85
free-mem,256,28100000,85
free-mem,256,28200000,85
free-mem,256,28300000,85
free-mem,256,28400000,85
free-mem,256,28500000,85
free-mem,256,28600000,85
free-mem,256,28700000,85
free-mem,256,28800000,85
free-mem,256,28900000,85
free-mem,256,29000000,85
free-mem,256,29100000,85
free-mem,256,29200000,85
free-mem,256,29300000,85
free-mem,256,29400000,85
free-mem,256,29500000,85
free-mem,256,29600000,85
free-mem,256,29700000,85
free-mem,256,29800000,85
free-mem,256,29900000,85
free-mem,256,30000000,85
free-mem,256,30100000,85
free-mem,256,30200000,85
free-mem,256,30300000,85
free-mem,256,30400000,85
free-mem,256,30500000,85
free-mem,256,30600000,85
free-mem,256,30700000,85
free-mem,256,30800000,85
free-mem,256,30900000,85
free-mem,256,31000000,85
free-mem,256,31100000,85
free-mem,256,31200000,85
free-mem,256,31300000,85
free-mem,256,31400000,85
free-mem,256,31500000,85
free-mem,256,31600000,85
free-mem,256,31700000,85
free-mem,256,31800000,85
free-mem,256,31900000,85
free-mem,256,32000000,85
free-mem,256,32100000,85
free-mem,256,32200000,85
free-mem,256,32300000,85
free-mem,256,32400000,85
free-mem,256,32500000,85
free-mem,256,32600000,85
free-mem,256,32700000,85
free-mem,256,32800000,85
free-mem,256,32900000,85
free-mem,256,33000000,85
free-mem,256,33100000,85
free-mem,256,33200000,85
free-mem,256,33300000,85
free-mem,256,33400000,85
free-mem,256,33500000,85
free-mem,256,33600000,85
free-mem,256,33700000,85
free-mem,256,33800000,85
free-mem,256,33900000,85
free-mem,256,34000000,85
free-mem,256,34100000,85
free-mem,256,34200000,85
free-mem,256,34300000,85
free-mem,256,34400000,85
free-mem,256,34500000,85
free-mem,256,34600000,85
free-mem,256,34700000,85
free-mem,256,34800000,85
free-mem,256,34900000,85
free-mem,256,35000000,85
free-mem,256,35100000,85
free-mem,256,35200000,85
free-mem,256,35300000,85
free-mem,256,35400000,85
free-mem,256,35500000,85
free-mem,256,35600000,85
free-mem,256,35700000,85
free-mem,256,35800000,85
free-mem,256,35900000,85
free-mem,256,36000000,85
free-mem,256,36100000,85
free-mem,256,36200000,85
free-mem,256,36300000,85
free-mem,256,36400000,85
free-mem,256,36500000,85
free-mem,256,36600000,85
free-mem,256,36700000,85
free-mem,256,36800000,85
free-mem,256,36900000,85
free-mem,256,37000000,85
free-mem,256,37100000,85
free-mem,256,37200000,85
free-mem,256,37300000,85
free-mem,256,37400000,85
free-mem,256,37500000,85
free-mem,256,37600000,85
free-mem,256,37700000,85
free-mem,256,37800000,85
free-mem,256,37900000,85
free-mem,256,38000000,85
free-mem,256,38100000,85
free-mem,256,38200000,85
free-mem,256,38300000,85
free-mem,256,38400000,85
free-mem,256,38500000,85
free-mem,256,38600000,85
free-mem,256,38700000,85
free-mem,256,38800000,85
free-mem,256,38900000,85
free-mem,256,39000000,85
free-mem,256,39100000,85
free-mem,256,39200000,85
free-mem,256,39300000,85
free-mem,256,39400000,85
free-mem,256,39500000,85
free-mem,256,39600000,85
free-mem,256,39700000,85
free-mem,256,39800000,85
free-mem,256,39900000,85
free-mem,256,40000000,85
free-mem,256,40100000,85
free-mem,256,40200000,85
free-mem,256,40300000,85
free-mem,256,40400000,85
free-mem,256,40500000,85
free-mem,256,40600000,85
free-mem,256,40700000,85
free-mem,256,40800000,85
free-mem,256,40900000,85
free-mem,256,41000000,85
free-mem,256,41100000,85
free-mem,256,41200000,85
free-mem,256,41300000,85
free-mem,256,41400000,85
free-mem,256,41500000,85
free-mem,256,41600000,85
free-mem,256,41700000,85
free-mem,256,41800000,85
free-mem,256,41900000,85
free-mem,256,42000000,85
free-mem,256,42100000,85
free-mem,256,42200000,85
free-mem,256,42300000,85
free-mem,256,42400000,85
free-mem,256,42500000,85
free-mem,256,42600000,85
free-mem,256,42700000,85
free-mem,256,42800000,85
free-mem,256,42900000,85
free-mem,256,43000000,85
free-mem,256,43100000,85
free-mem,256,43200000,85
free-mem,256,43300000,85
free-mem,256,43400000,85
free-mem,256,43500000,85
free-mem,256,43600000,85
free-mem,256,43700000,85
free-mem,256,43800000,85
free-mem,256,43900000,85
free-mem,256,44000000,85
free-mem,256,44100000,85
free-mem,256,44200000,85
free-mem,256,44300000,85
free-mem,256,44400000,85
free-mem,256,44500000,85
free-mem,256,44600000,85
free-mem,256,44700000,85
free-mem,256,44800000,85
free-mem,256,44900000,85
free-mem,256,45000000,85
free-mem,256,45100000,85
free-mem,256,45200000,85
free-mem,256,45300000,85
free-mem,256,45400000,85
free-mem,256,45500000,85
free-mem,256,45600000,85
free-mem,256,45700000,85
free-mem,256,45800000,85
free-mem,256,45900000,85
free-mem,256,46000000,85
free-mem,256,46100000,85
free-mem,256,46200000,85
free-mem,256,46300000,85
free-mem,256,46400000,85
free-mem,256,46500000,85
free-mem,256,46600000,85
free-mem,256,46700000,85
free-mem,256,46800000,85
free-mem,256,46900000,85
free-mem,256,47000000,85
free-mem,256,47100000,85
free-mem,256,47200000,85
free-mem,256,47300000,85
free-mem,256,47400000,85
free-mem,256,47500000,85
free-mem,256,47600000,85
free-mem,256,47700000,85
free-mem,256,47800000,85
free-mem,256,47900000,85
free-mem,256,48000000,85
free-mem,256,48100000,85
free-mem,256,48200000,85
free-mem,256,48300000,85
free-mem,256,48400000,85
free-mem,256,48500000,85
free-mem,256,48600000,85
free-mem,256,48700000,85
free-mem,256,48800000,85
free-mem,256,48900000,85
free-mem,256,49000000,85
free-mem,256,49100000,85
free-mem,256,49200000,85
free-mem,256,49300000,85
free-mem,256,49400000,85
free-mem,256,49500000,85
free-mem,256,49600000,85
free-mem,256,49700000,85
free-mem,256,49800000,85
free-mem,256,49900000,85
free-mem,256,50000000,85
free-mem,256,50100000,85
free-mem,256,50200000,85
free-mem,256,50300000,85
free-mem,256,50400000,85
free-mem,256,50500000,85
free-mem,256,50600000,85
free-mem,256,50700000,85
free-mem,256,50800000,85
free-mem,256,50900000,85
free-mem,256,51000000,85
free-mem,256,51100000,85
free-mem,256,51200000,85
free-mem,256,51300000,85
free-mem,256,51400000,85
free-mem,256,51500000,85
free-mem,256,51600000,85
free-mem,256,51700000,85
free-mem,256,51800000,85
free-mem,256,51900000,85
free-mem,256,52000000,85
free-mem,256,52100000,85
free-mem,256,52200000,85
free-mem,256,52300000,85
free-mem,256,52400000,85
free-mem,256,52500000,85
free-mem,256,52600000,85
free-mem,256,52700000,85
free-mem,256,52800000,85
free-mem,256,52900000,85
free-mem,256,53000000,85
free-mem,256,53100000,85
free-mem,256,53200000,85
free-mem,256,53300000,85
free-mem,256,53400000,85
free-mem,256,53500000,85
free-mem,256,53600000,85
free-mem,256,53700000,85
free-mem,256,53800000,85
free-mem,256,53900000,85
free-mem,256,54000000,85
free-mem,256,54100000,85
free-mem,256,54200000,85
free-mem,256,54300000,85
free-mem,256,54400000,85
free-mem,256,54500000,85
free-mem,256,54600000,85
free-mem,256,54700000,85
free-mem,256,54800000,85
free-mem,256,54900000,85
free-mem,256,55000000,85
free-mem,256,55100000,85
free-mem,256,55200000,85
free-mem,256,55300000,85
free-mem,256,55400000,85
free-mem,256,55500000,85
free-mem,256,55600000,85
free-mem,256,55700000,85
free-mem,256,55800000,85
free-mem,256,55900000,85
free-mem,256,56000000,85
free-mem,256,56100000,85
free-mem,256,56200000,85
free-mem,256,56300000,85
free-mem,256,56400000,85
free-mem,256,56500000,85
free-mem,256,56600000,85
free-mem,256,56700000,85
free-mem,256,56800000,85
free-mem,256,56900000,85
free-mem,256,57000000,85
free-mem,256,57100000,85
free-mem,256,57200000,85
free-mem,256,57300000,85
free-mem,256,57400000,85
free-mem,256,57500000,85
free-mem,256,57600000,85
free-mem,256,57700000,85
free-mem,256,57800000,85
free-mem,256,57900000,85
free-mem,256,58000000,85
free-mem,256,58100000,85
free-mem,256,58200000,85
free-mem,256,58300000,85
free-mem,256,58400000,85
free-mem,256,58500000,85
free-mem,256,58600000,85
free-mem,256,58700000,85
free-mem,256,58800000,85
free-mem,256,58900000,85
free-mem,256,59000000,85
free-mem,256,59100000,85
free-mem,256,59200000,85
free-mem,256,59300000,85
free-mem,256,59400000,85
free-mem,256,59500000,85
free-mem,256,59600000,85
free-mem,256,59700000,85
free-mem,256,59800000,85
free-mem,256,59900000,85
free-mem,256,60000000,85
free-mem,256,60100000,85
free-mem,256,60200000,85
free-mem,256,60300000,85
free-mem,256,60400000,85
free-mem,256,60500000,85
free-mem,256,60600000,85
free-mem,256,60700000,85
free-mem,256,60800000,85
free-mem,256,60900000,85
free-mem,256,61000000,85
free-mem,256,61100000,85
free-mem,256,61200000,85
free-mem,256,61300000,85
free-mem,256,61400000,85
free-mem,256,61500000,85
free-mem,256,61600000,85
free-mem,256,61700000,85
free-mem,256,61800000,85
free-mem,256,61900000,85
free-mem,256,62000000,85
free-mem,256,62100000,85
free-mem,256,62200000,85
free-mem,256,62300000,85
free-mem,256,62400000,85
free-mem,256,62500000,85
free-mem,256,62600000,85
free-mem,256,62700000,85
free-mem,256,62800000,85
free-mem,256,62900000,85
free-mem,256,63000000,85
free-mem,256,63100000,85
free-mem,256,63200000,85
free-mem,256,63300000,85
free-mem,256,63400000,85
free-mem,256,63500000,85
free-mem,256,63600000,85
free-mem,256,63700000,85
free-mem,256,63800000,85
free-mem,256,63900000,85
free-mem,256,64000000,85
free-mem,256,64100000,85
free-mem,256,64200000,85
free-mem,256,64300000,85
free-mem,256,64400000,85
free-mem,256,64500000,85
free-mem,256,64600000,85
free-mem,256,64700000,85
free-mem,256,64800000,85
free-mem,256,64900000,85
free-mem,256,65000000,85
free-mem,256,65100000,85
free-mem,256,65200000,85
free-mem,256,65300000,85
free-mem,256,65400000,85
free-mem,256,65500000,85
free-mem,256,65600000,85
free-mem,256,65700000,85
free-mem,256,65800000,85
free-mem,256,65900000,85
free-mem,256,66000000,85
free-mem,256,66100000,85
free-mem,256,66200000,85
free-mem,256,66300000,85
free-mem,256,66400000,85
free-mem,256,66500000,85
free-mem,256,66600000,85
free-mem,256,66700000,85
free-mem,256,66800000,85
free-mem,256,66900000,85
free-mem,256,67000000,85
free-mem,256,67100000,85
free-mem,256,67200000,85
free-mem,256,67300000,85
free-mem,256,67400000,85
free-mem,256,67500000,85
free-mem,256,67600000,85
free-mem,256,67700000,85
free-mem,256,67800000,85
free-mem,256,67900000,85
free-mem,256,68000000,85
free-mem,256,68100000,85
free-mem,256,68200000,85
free-mem,256,68300000,85
free-mem,256,68400000,85
free-mem,256,68500000,85
free-mem,256,68600000,85
free-mem,256,68700000,85
free-mem,256,68800000,85
free-mem,256,68900000,85
free-mem,256,69000000,85
free-mem,256,69100000,85
free-mem,256,69200000,85
free-mem,256,69300000,85
free-mem,256,69400000,85
free-mem,256,69500000,85
free-mem,256,69600000,85
free-mem,256,69700000,85
free-mem,256,69800000,85
free-mem,256,69900000,85
free-mem,256,70000000,85
free-mem,256,70100000,85
free-mem,256,70200000,85
free-mem,256,70300000,85
free-mem,256,70400000,85
free-mem,256,70500000,85
free-mem,256,70600000,85
free-mem,256,70700000,85
free-mem,256,70800000,85
free-mem,256,70900000,85
free-mem,256,71000000,85
free-mem,256,71100000,85
free-mem,256,71200000,85
free-mem,256,71300000,85
free-mem,256,71400000,85
free-mem,256,71500000,85
free-mem,256,71600000,85
free-mem,256,71700000,85
free-mem,256,71800000,85
free-mem,256,71900000,85
free-mem,256,72000000,85
free-mem,256,72100000,85
free-mem,256,72200000,85
free-mem,256,72300000,85
free-mem,256,72400000,85
free-mem,256,72500000,85
free-mem,256,72600000,85
free-mem,256,72700000,85
free-mem,256,72800000,85
free-mem,256,72900000,85
free-mem,256,73000000,85
free-mem,256,73100000,85
free-mem,256,73200000,85
free-mem,256,73300000,85
free-mem,256,73400000,85
free-mem,256,73500000,85
free-mem,256,73600000,85
free-mem,256,73700000,85
free-mem,256,73800000,85
free-mem,256,73900000,85
free-mem,256,74000000,85
free-mem,256,74100000,85
free-mem,256,74200000,85
free-mem,256,74300000,85
free-mem,256,74400000,85
free-mem,256,74500000,85
free-mem,256,74600000,85
free-mem,256,74700000,85
free-mem,256,74800000,85
free-mem,256,74900000,85
free-mem,256,75000000,85
free-mem,256,75100000,85
free-mem,256,75200000,85
free-mem,256,75300000,85
free-mem,256,75400000,85
free-mem,256,75500000,85
free-mem,256,75600000,85
free-mem,256,75700000,85
free-mem,256,75800000,85
free-mem,256,75900000,85
free-mem,256,76000000,85
free-mem,256,76100000,85
free-mem,256,76200000,85
free-mem,256,76300000,85
free-mem,256,76400000,85
free-mem,256,76500000,85
free-mem,256,76600000,85
free-mem,256,76700000,85
free-mem,256,76800000,85
free-mem,256,76900000,85
free-mem,256,77000000,85
free-mem,256,77100000,85
free-mem,256,77200000,85
free-mem,256,77300000,85
free-mem,256,77400000,85
free-mem,256,77500000,85
free-mem,256,77600000,85
free-mem,256,77700000,85
free-mem,256,77800000,85
free-mem,256,77900000,85
free-mem,256,78000000,85
free-mem,256,78100000,85
free-mem,256,78200000,85
free-mem,256,78300000,85
free-mem,256,78400000,85
free-mem,256,78500000,85
free-mem,256,78600000,85
free-mem,256,78700000,85
free-mem,256,78800000,85
free-mem,256,78900000,85
free-mem,256,79000000,85
free-mem,256,79100000,85
free-mem,256,79200000,85
free-mem,256,79300000,85
free-mem,256,79400000,85
free-mem,256,79500000,85
free-mem,256,79600000,85
free-mem,256,79700000,85
free-mem,256,79800000,85
free-mem,256,79900000,85
marginal-hits,256,100000,116
marginal-hits,256,200000,107
marginal-hits,256,300000,101
marginal-hits,256,400000,98
marginal-hits,256,500000,95
marginal-hits,256,600000,92
marginal-hits,256,700000,89
marginal-hits,256,800000,89
marginal-hits,256,900000,89
marginal-hits,256,1000000,89
marginal-hits,256,1100000,89
marginal-hits,256,1200000,88
marginal-hits,256,1300000,88
marginal-hits,256,1400000,88
marginal-hits,256,1500000,87
marginal-hits,256,1600000,87
marginal-hits,256,1700000,87
marginal-hits,256,1800000,86
marginal-hits,256,1900000,86
marginal-hits,256,2000000,85
marginal-hits,256,2100000,86
marginal-hits,256,2200000,85
marginal-hits,256,2300000,84
marginal-hits,256,2400000,85
marginal-hits,256,2500000,85
marginal-hits,256,2600000,84
marginal-hits,256,2700000,84
marginal-hits,256,2800000,84
marginal-hits,256,2900000,85
marginal-hits,256,3000000,85
marginal-hits,256,3100000,84
marginal-hits,256,3200000,83
marginal-hits,256,3300000,82
marginal-hits,256,3400000,81
marginal-hits,256,3500000,80
marginal-hits,256,3600000,79
marginal-hits,256,3700000,78
marginal-hits,256,3800000,77
marginal-hits,256,3900000,76
marginal-hits,256,4000000,75
marginal-hits,256,4100000,74
marginal-hits,256,4200000,73
marginal-hits,256,4300000,72
marginal-hits,256,4400000,71
marginal-hits,256,4500000,70
marginal-hits,256,4600000,69
marginal-hits,256,4700000,68
marginal-hits,256,4800000,67
marginal-hits,256,4900000,66
marginal-hits,256,5000000,65
marginal-hits,256,5100000,64
marginal-hits,256,5200000,63
marginal-hits,256,5300000,62
marginal-hits,256,5400000,61
marginal-hits,256,5500000,60
marginal-hits,256,5600000,59
marginal-hits,256,5700000,58
marginal-hits,256,5800000,57
marginal-hits,256,5900000,56
marginal-hits,256,6000000,55
marginal-hits,256,6100000,54
marginal-hits,256,6200000,53
marginal-hits,256,6300000,52
marginal-hits,256,6400000,51
marginal-hits,256,6500000,50
marginal-hits,256,6600000,49
marginal-hits,256,6700000,48
marginal-hits,256,6800000,47
marginal-hits,256,6900000,46
marginal-hits,256,7000000,45
marginal-hits,256,7100000,44
marginal-hits,256,7200000,43
marginal-hits,256,7300000,42
marginal-hits,256,7400000,41
marginal-hits,256,7500000,40
marginal-hits,256,7600000,39
marginal-hits,256,7700000,38
marginal-hits,256,7800000,37
marginal-hits,256,7900000,37
marginal-hits,256,8000000,36
marginal-hits,256,8100000,35
marginal-hits,256,8200000,34
marginal-hits,256,8300000,34
marginal-hits,256,8400000,33
marginal-hits,256,8500000,32
marginal-hits,256,8600000,31
marginal-hits,256,8700000,31
marginal-hits,256,8800000,30
marginal-hits,256,8900000,29
marginal-hits,256,9000000,29
marginal-hits,256,9100000,28
marginal-hits,256,9200000,28
marginal-hits,256,9300000,27
marginal-hits,256,9400000,26
marginal-hits,256,9500000,26
marginal-hits,256,9600000,25
marginal-hits,256,9700000,25
marginal-hits,256,9800000,24
marginal-hits,256,9900000,24
marginal-hits,256,10000000,24
marginal-hits,256,10100000,23
marginal-hits,256,10200000,22
marginal-hits,256,10300000,21
marginal-hits,256,10400000,21
marginal-hits,256,10500000,21
marginal-hits,256,10600000,20
marginal-hits,256,10700000,20
marginal-hits,256,10800000,20
marginal-hits,256,10900000,19
marginal-hits,256,11000000,19
marginal-hits,256,11100000,19
marginal-hits,256,11200000,18
marginal-hits,256,11300000,18
marginal-hits,256,11400000,18
marginal-hits,256,11500000,17
marginal-hits,256,11600000,17
marginal-hits,256,11700000,17
marginal-hits,256,11800000,16
marginal-hits,256,11900000,16
marginal-hits,256,12000000,16
marginal-hits,256,12100000,16
marginal-hits,256,12200000,15
marginal-hits,256,12300000,15
marginal-hits,256,12400000,15
marginal-hits,256,12500000,14
marginal-hits,256,12600000,14
marginal-hits,256,12700000,14
marginal-hits,256,12800000,14
marginal-hits,256,12900000,13
marginal-hits,256,13000000,13
marginal-hits,256,13100000,13
marginal-hits,256,13200000,13
marginal-hits,256,13300000,12
marginal-hits,256,13400000,12
marginal-hits,256,13500000,12
marginal-hits,256,13600000,12
marginal-hits,256,13700000,11
marginal-hits,256,13800000,11
marginal-hits,256,13900000,11
marginal-hits,256,14000000,11
marginal-hits,256,14100000,10
marginal-hits,256,14200000,10
marginal-hits,256,14300000,11
marginal-hits,256,14400000,10
marginal-hits,256,14500000,9
marginal-hits,256,14600000,9
marginal-hits,256,14700000,9
marginal-hits,256,14800000,9
marginal-hits,256,14900000,9
marginal-hits,256,15000000,9
marginal-hits,256,15100000,8
marginal-hits,256,15200000,8
marginal-hits,256,15300000,8
marginal-hits,256,15400000,9
marginal-hits,256,15500000,8
marginal-hits,256,15600000,7
marginal-hits,256,15700000,7
marginal-hits,256,15800000,7
marginal-hits,256,15900000,7
marginal-hits,256,16000000,6
marginal-hits,256,16100000,6
marginal-hits,256,16200000,6
marginal-hits,256,16300000,7
marginal-hits,256,16400000,6
marginal-hits,256,16500000,6
marginal-hits,256,16600000,5
marginal-hits,256,16700000,5
marginal-hits,256,16800000,5
marginal-hits,256,16900000,5
marginal-hits,256,17000000,5
marginal-hits,256,17100000,6
marginal-hits,256,17200000,5
marginal-hits,256,17300000,5
marginal-hits,256,17400000,5
marginal-hits,256,17500000,6
marginal-hits,256,17600000,6
marginal-hits,256,17700000,7
marginal-hits,256,17800000,6
marginal-hits,256,17900000,6
marginal-hits,256,18000000,5
marginal-hits,256,18100000,6
marginal-hits,256,18200000,5
marginal-hits,256,18300000,4
marginal-hits,256,18400000,4
marginal-hits,256,18500000,3
marginal-hits,256,18600000,3
marginal-hits,256,18700000,3
marginal-hits,256,18800000,2
marginal-hits,256,18900000,3
marginal-hits,256,19000000,4
marginal-hits,256,19100000,5
marginal-hits,256,19200000,5
marginal-hits,256,19300000,5
marginal-hits,256,19400000,6
marginal-hits,256,19500000,6
marginal-hits,256,19600000,5
marginal-hits,256,19700000,4
marginal-hits,256,19800000,3
marginal-hits,256,19900000,3
marginal-hits,256,20000000,2
marginal-hits,256,20100000,2
marginal-hits,256,20200000,2
marginal-hits,256,20300000,3
marginal-hits,256,20400000,4
marginal-hits,256,20500000,3
marginal-hits,256,20600000,3
marginal-hits,256,20700000,2
marginal-hits,256,20800000,2
marginal-hits,256,20900000,3
marginal-hits,256,21000000,3
marginal-hits,256,21100000,4
marginal-hits,256,21200000,3
marginal-hits,256,21300000,3
marginal-hits,256,21400000,3
marginal-hits,256,21500000,3
marginal-hits,256,21600000,4
marginal-hits,256,21700000,5
marginal-hits,256,21800000,6
marginal-hits,256,21900000,6
marginal-hits,256,22000000,7
marginal-hits,256,22100000,7
marginal-hits,256,22200000,7
marginal-hits,256,22300000,7
marginal-hits,256,22400000,6
marginal-hits,256,22500000,6
marginal-hits,256,22600000,5
marginal-hits,256,22700000,4
marginal-hits,256,22800000,4
marginal-hits,256,22900000,4
marginal-hits,256,23000000,5
marginal-hits,256,23100000,5
marginal-hits,256,23200000,5
marginal-hits,256,23300000,5
marginal-hits,256,23400000,5
marginal-hits,256,23500000,5
marginal-hits,256,23600000,5
marginal-hits,256,23700000,5
marginal-hits,256,23800000,5
marginal-hits,256,23900000,5
marginal-hits,256,24000000,6
marginal-hits,256,24100000,5
marginal-hits,256,24200000,6
marginal-hits,256,24300000,6
marginal-hits,256,24400000,7
marginal-hits,256,24500000,6
marginal-hits,256,24600000,6
marginal-hits,256,24700000,6
marginal-hits,256,24800000,6
marginal-hits,256,24900000,6
marginal-hits,256,25000000,6
marginal-hits,256,25100000,6
marginal-hits,256,25200000,6
marginal-hits,256,25300000,6
marginal-hits,256,25400000,6
marginal-hits,256,25500000,6
marginal-hits,256,25600000,6
marginal-hits,256,25700000,6
marginal-hits,256,25800000,7
marginal-hits,256,25900000,8
marginal-hits,256,26000000,9
marginal-hits,256,26100000,9
marginal-hits,256,26200000,8
marginal-hits,256,26300000,7
marginal-hits,256,26400000,7
marginal-hits,256,26500000,7
marginal-hits,256,26600000,7
marginal-hits,256,26700000,7
marginal-hits,256,26800000,7
marginal-hits,256,26900000,7
marginal-hits,256,27000000,7
marginal-hits,256,27100000,7
marginal-hits,256,27200000,7
marginal-hits,256,27300000,7
marginal-hits,256,27400000,8
marginal-hits,256,27500000,7
marginal-hits,256,27600000,8
marginal-hits,256,27700000,8
marginal-hits,256,27800000,8
marginal-hits,256,27900000,8
marginal-hits,256,28000000,8
marginal-hits,256,28100000,8
marginal-hits,256,28200000,7
marginal-hits,256,28300000,7
marginal-hits,256,28400000,8
marginal-hits,256,28500000,8
marginal-hits,256,28600000,8
marginal-hits,256,28700000,8
marginal-hits,256,28800000,8
marginal-hits,256,28900000,7
marginal-hits,256,29000000,7
marginal-hits,256,29100000,8
marginal-hits,256,29200000,9
marginal-hits,256,29300000,8
marginal-hits,256,29400000,7
marginal-hits,256,29500000,7
marginal-hits,256,29600000,7
marginal-hits,256,29700000,7
marginal-hits,256,29800000,8
marginal-hits,256,29900000,8
marginal-hits,256,30000000,8
marginal-hits,256,30100000,8
marginal-hits,256,30200000,8
marginal-hits,256,30300000,8
marginal-hits,256,30400000,9
marginal-hits,256,30500000,9
marginal-hits,256,30600000,9
marginal-hits,256,30700000,9
marginal-hits,256,30800000,9
marginal-hits,256,30900000,9
marginal-hits,256,31000000,9
marginal-hits,256,31100000,9
marginal-hits,256,31200000,9
marginal-hits,256,31300000,9
marginal-hits,256,31400000,9
marginal-hits,256,31500000,9
marginal-hits,256,31600000,9
marginal-hits,256,31700000,9
marginal-hits,256,31800000,9
marginal-hits,256,31900000,9
marginal-hits,256,32000000,9
marginal-hits,256,32100000,9
marginal-hits,256,32200000,9
marginal-hits,256,32300000,9
marginal-hits,256,32400000,9
marginal-hits,256,32500000,9
marginal-hits,256,32600000,9
marginal-hits,256,32700000,9
marginal-hits,256,32800000,10
marginal-hits,256,32900000,10
marginal-hits,256,33000000,10
marginal-hits,256,33100000,9
marginal-hits,256,33200000,10
marginal-hits,256,33300000,10
marginal-hits,256,33400000,10
marginal-hits,256,33500000,10
marginal-hits,256,33600000,10
marginal-hits,256,33700000,10
marginal-hits,256,33800000,10
marginal-hits,256,33900000,10
marginal-hits,256,34000000,10
marginal-hits,256,34100000,10
marginal-hits,256,34200000,11
marginal-hits,256,34300000,11
marginal-hits,256,34400000,11
marginal-hits,256,34500000,11
marginal-hits,256,34600000,11
marginal-hits,256,34700000,10
marginal-hits,256,34800000,10
marginal-hits,256,34900000,10
marginal-hits,256,35000000,10
marginal-hits,256,35100000,10
marginal-hits,256,35200000,10
marginal-hits,256,35300000,10
marginal-hits,256,35400000,10
marginal-hits,256,35500000,10
marginal-hits,256,35600000,10
marginal-hits,256,35700000,10
marginal-hits,256,35800000,10
marginal-hits,256,35900000,10
marginal-hits,256,36000000,10
marginal-hits,256,36100000,10
marginal-hits,256,36200000,10
marginal-hits,256,36300000,9
marginal-hits,256,36400000,10
marginal-hits,256,36500000,10
marginal-hits,256,36600000,10
marginal-hits,256,36700000,10
marginal-hits,256,36800000,10
marginal-hits,256,36900000,10
marginal-hits,256,37000000,10
marginal-hits,256,37100000,10
marginal-hits,256,37200000,11
marginal-hits,256,37300000,11
marginal-hits,256,37400000,11
marginal-hits,256,37500000,11
marginal-hits,256,37600000,11
marginal-hits,256,37700000,11
marginal-hits,256,37800000,11
marginal-hits,256,37900000,11
marginal-hits,256,38000000,11
marginal-hits,256,38100000,11
marginal-hits,256,38200000,11
marginal-hits,256,38300000,11
marginal-hits,256,38400000,11
marginal-hits,256,38500000,11
marginal-hits,256,38600000,11
marginal-hits,256,38700000,11
marginal-hits,256,38800000,11
marginal-hits,256,38900000,11
marginal-hits,256,39000000,11
marginal-hits,256,39100000,10
marginal-hits,256,39200000,11
marginal-hits,256,39300000,11
marginal-hits,256,39400000,11
marginal-hits,256,39500000,11
marginal-hits,256,39600000,11
marginal-hits,256,39700000,12
marginal-hits,256,39800000,11
marginal-hits,256,39900000,11
marginal-hits,256,40000000,11
marginal-hits,256,40100000,11
marginal-hits,256,40200000,11
marginal-hits,256,40300000,11
marginal-hits,256,40400000,11
marginal-hits,256,40500000,10
marginal-hits,256,40600000,10
marginal-hits,256,40700000,11
marginal-hits,256,40800000,11
marginal-hits,256,40900000,11
marginal-hits,256,41000000,11
marginal-hits,256,41100000,10
marginal-hits,256,41200000,10
marginal-hits,256,41300000,10
marginal-hits,256,41400000,11
marginal-hits,256,41500000,11
marginal-hits,256,41600000,11
marginal-hits,256,41700000,11
marginal-hits,256,41800000,11
marginal-hits,256,41900000,11
marginal-hits,256,42000000,11
marginal-hits,256,42100000,11
marginal-hits,256,42200000,11
marginal-hits,256,42300000,10
marginal-hits,256,42400000,11
marginal-hits,256,42500000,11
marginal-hits,256,42600000,11
marginal-hits,256,42700000,12
marginal-hits,256,42800000,11
marginal-hits,256,42900000,11
marginal-hits,256,43000000,10
marginal-hits,256,43100000,9
marginal-hits,256,43200000,9
marginal-hits,256,43300000,10
marginal-hits,256,43400000,10
marginal-hits,256,43500000,10
marginal-hits,256,43600000,10
marginal-hits,256,43700000,10
marginal-hits,256,43800000,10
marginal-hits,256,43900000,10
marginal-hits,256,44000000,10
marginal-hits,256,44100000,11
marginal-hits,256,44200000,11
marginal-hits,256,44300000,11
marginal-hits,256,44400000,11
marginal-hits,256,44500000,11
marginal-hits,256,44600000,11
marginal-hits,256,44700000,11
marginal-hits,256,44800000,11
marginal-hits,256,44900000,11
marginal-hits,256,45000000,11
marginal-hits,256,45100000,11
marginal-hits,256,45200000,11
marginal-hits,256,45300000,11
marginal-hits,256,45400000,11
marginal-hits,256,45500000,11
marginal-hits,256,45600000,11
marginal-hits,256,45700000,11
marginal-hits,256,45800000,11
marginal-hits,256,45900000,12
marginal-hits,256,46000000,12
marginal-hits,256,46100000,11
marginal-hits,256,46200000,11
marginal-hits,256,46300000,12
marginal-hits,256,46400000,12
marginal-hits,256,46500000,12
marginal-hits,256,46600000,12
marginal-hits,256,46700000,12
marginal-hits,256,46800000,12
marginal-hits,256,46900000,12
marginal-hits,256,47000000,12
marginal-hits,256,47100000,12
marginal-hits,256,47200000,12
marginal-hits,256,47300000,12
marginal-hits,256,47400000,12
marginal-hits,256,47500000,12
marginal-hits,256,47600000,12
marginal-hits,256,47700000,12
marginal-hits,256,47800000,12
marginal-hits,256,47900000,12
marginal-hits,256,48000000,12
marginal-hits,256,48100000,12
marginal-hits,256,48200000,12
marginal-hits,256,48300000,12
marginal-hits,256,48400000,12
marginal-hits,256,48500000,12
marginal-hits,256,48600000,12
marginal-hits,256,48700000,12
marginal-hits,256,48800000,12
marginal-hits,256,48900000,12
marginal-hits,256,49000000,12
marginal-hits,256,49100000,12
marginal-hits,256,49200000,12
marginal-hits,256,49300000,12
marginal-hits,256,49400000,12
marginal-hits,256,49500000,12
marginal-hits,256,49600000,12
marginal-hits,256,49700000,12
marginal-hits,256,49800000,12
marginal-hits,256,49900000,12
marginal-hits,256,50000000,12
marginal-hits,256,50100000,12
marginal-hits,256,50200000,11
marginal-hits,256,50300000,12
marginal-hits,256,50400000,12
marginal-hits,256,50500000,12
marginal-hits,256,50600000,12
marginal-hits,256,50700000,12
marginal-hits,256,50800000,12
marginal-hits,256,50900000,12
marginal-hits,256,51000000,12
marginal-hits,256,51100000,12
marginal-hits,256,51200000,12
marginal-hits,256,51300000,12
marginal-hits,256,51400000,12
marginal-hits,256,51500000,12
marginal-hits,256,51600000,12
marginal-hits,256,51700000,12
marginal-hits,256,51800000,12
marginal-hits,256,51900000,11
marginal-hits,256,52000000,12
marginal-hits,256,52100000,12
marginal-hits,256,52200000,12
marginal-hits,256,52300000,12
marginal-hits,256,52400000,12
marginal-hits,256,52500000,12
marginal-hits,256,52600000,12
marginal-hits,256,52700000,12
marginal-hits,256,52800000,12
marginal-hits,256,52900000,11
marginal-hits,256,53000000,11
marginal-hits,256,53100000,12
marginal-hits,256,53200000,12
marginal-hits,256,53300000,12
marginal-hits,256,53400000,12
marginal-hits,256,53500000,12
marginal-hits,256,53600000,12
marginal-hits,256,53700000,12
marginal-hits,256,53800000,12
marginal-hits,256,53900000,12
marginal-hits,256,54000000,12
marginal-hits,256,54100000,12
marginal-hits,256,54200000,12
marginal-hits,256,54300000,12
marginal-hits,256,54400000,12
marginal-hits,256,54500000,12
marginal-hits,256,54600000,12
marginal-hits,256,54700000,12
marginal-hits,256,54800000,13
marginal-hits,256,54900000,12
marginal-hits,256,55000000,12
marginal-hits,256,55100000,12
marginal-hits,256,55200000,12
marginal-hits,256,55300000,12
marginal-hits,256,55400000,12
marginal-hits,256,55500000,12
marginal-hits,256,55600000,11
marginal-hits,256,55700000,11
marginal-hits,256,55800000,12
marginal-hits,256,55900000,12
marginal-hits,256,56000000,12
marginal-hits,256,56100000,11
marginal-hits,256,56200000,12
marginal-hits,256,56300000,12
marginal-hits,256,56400000,12
marginal-hits,256,56500000,12
marginal-hits,256,56600000,12
marginal-hits,256,56700000,11
marginal-hits,256,56800000,10
marginal-hits,256,56900000,10
marginal-hits,256,57000000,10
marginal-hits,256,57100000,11
marginal-hits,256,57200000,11
marginal-hits,256,57300000,11
marginal-hits,256,57400000,11
marginal-hits,256,57500000,11
marginal-hits,256,57600000,11
marginal-hits,256,57700000,12
marginal-hits,256,57800000,11
marginal-hits,256,57900000,11
marginal-hits,256,58000000,11
marginal-hits,256,58100000,12
marginal-hits,256,58200000,12
marginal-hits,256,58300000,12
marginal-hits,256,58400000,12
marginal-hits,256,58500000,12
marginal-hits,256,58600000,12
marginal-hits,256,58700000,12
marginal-hits,256,58800000,12
marginal-hits,256,58900000,12
marginal-hits,256,59000000,12
marginal-hits,256,59100000,12
marginal-hits,256,59200000,12
marginal-hits,256,59300000,12
marginal-hits,256,59400000,12
marginal-hits,256,59500000,12
marginal-hits,256,59600000,12
marginal-hits,256,59700000,12
marginal-hits,256,59800000,12
marginal-hits,256,59900000,12
marginal-hits,256,60000000,12
marginal-hits,256,60100000,12
marginal-hits,256,60200000,12
marginal-hits,256,60300000,12
marginal-hits,256,60400000,12
marginal-hits,256,60500000,12
marginal-hits,256,60600000,12
marginal-hits,256,60700000,12
marginal-hits,256,60800000,12
marginal-hits,256,60900000,12
marginal-hits,256,61000000,12
marginal-hits,256,61100000,12
marginal-hits,256,61200000,12
marginal-hits,256,61300000,12
marginal-hits,256,61400000,12
marginal-hits,256,61500000,12
marginal-hits,256,61600000,11
marginal-hits,256,61700000,11
marginal-hits,256,61800000,11
marginal-hits,256,61900000,12
marginal-hits,256,62000000,12
marginal-hits,256,62100000,12
marginal-hits,256,62200000,12
marginal-hits,256,62300000,11
marginal-hits,256,62400000,12
marginal-hits,256,62500000,12
marginal-hits,256,62600000,12
marginal-hits,256,62700000,12
marginal-hits,256,62800000,12
marginal-hits,256,62900000,12
marginal-hits,256,63000000,12
marginal-hits,256,63100000,12
marginal-hits,256,63200000,12
marginal-hits,256,63300000,12
marginal-hits,256,63400000,12
marginal-hits,256,63500000,12
marginal-hits,256,63600000,11
marginal-hits,256,63700000,12
marginal-hits,256,63800000,12
marginal-hits,256,63900000,12
marginal-hits,256,64000000,12
marginal-hits,256,64100000,12
marginal-hits,256,64200000,12
marginal-hits,256,64300000,12
marginal-hits,256,64400000,12
marginal-hits,256,64500000,12
marginal-hits,256,64600000,12
marginal-hits,256,64700000,12
marginal-hits,256,64800000,12
marginal-hits,256,64900000,12
marginal-hits,256,65000000,12
marginal-hits,256,65100000,12
marginal-hits,256,65200000,12
marginal-hits,256,65300000,12
marginal-hits,256,65400000,12
marginal-hits,256,65500000,12
marginal-hits,256,65600000,12
marginal-hits,256,65700000,12
marginal-hits,256,65800000,12
marginal-hits,256,65900000,12
marginal-hits,256,66000000,12
marginal-hits,256,66100000,12
marginal-hits,256,66200000,12
marginal-hits,256,66300000,12
marginal-hits,256,66400000,12
marginal-hits,256,66500000,12
marginal-hits,256,66600000,12
marginal-hits,256,66700000,12
marginal-hits,256,66800000,12
marginal-hits,256,66900000,12
marginal-hits,256,67000000,12
marginal-hits,256,67100000,12
marginal-hits,256,67200000,12
marginal-hits,256,67300000,12
marginal-hits,256,67400000,12
marginal-hits,256,67500000,12
marginal-hits,256,67600000,12
marginal-hits,256,67700000,12
marginal-hits,256,67800000,11
marginal-hits,256,67900000,10
marginal-hits,256,68000000,10
marginal-hits,256,68100000,11
marginal-hits,256,68200000,12
marginal-hits,256,68300000,12
marginal-hits,256,68400000,12
marginal-hits,256,68500000,12
marginal-hits,256,68600000,12
marginal-hits,256,68700000,11
marginal-hits,256,68800000,11
marginal-hits,256,68900000,11
marginal-hits,256,69000000,11
marginal-hits,256,69100000,10
marginal-hits,256,69200000,9
marginal-hits,256,69300000,10
marginal-hits,256,69400000,10
marginal-hits,256,69500000,11
marginal-hits,256,69600000,11
marginal-hits,256,69700000,11
marginal-hits,256,69800000,10
marginal-hits,256,69900000,10
marginal-hits,256,70000000,10
marginal-hits,256,70100000,10
marginal-hits,256,70200000,11
marginal-hits,256,70300000,11
marginal-hits,256,70400000,11
marginal-hits,256,70500000,11
marginal-hits,256,70600000,11
marginal-hits,256,70700000,11
marginal-hits,256,70800000,11
marginal-hits,256,70900000,11
marginal-hits,256,71000000,11
marginal-hits,256,71100000,11
marginal-hits,256,71200000,11
marginal-hits,256,71300000,11
marginal-hits,256,71400000,11
marginal-hits,256,71500000,11
marginal-hits,256,71600000,11
marginal-hits,256,71700000,11
marginal-hits,256,71800000,10
marginal-hits,256,71900000,9
marginal-hits,256,72000000,9
marginal-hits,256,72100000,9
marginal-hits,256,72200000,9
marginal-hits,256,72300000,9
marginal-hits,256,72400000,10
marginal-hits,256,72500000,10
marginal-hits,256,72600000,10
marginal-hits,256,72700000,10
marginal-hits,256,72800000,10
marginal-hits,256,72900000,9
marginal-hits,256,73000000,10
marginal-hits,256,73100000,10
marginal-hits,256,73200000,10
marginal-hits,256,73300000,10
marginal-hits,256,73400000,10
marginal-hits,256,73500000,10
marginal-hits,256,73600000,11
marginal-hits,256,73700000,11
marginal-hits,256,73800000,11
marginal-hits,256,73900000,11
marginal-hits,256,74000000,11
marginal-hits,256,74100000,11
marginal-hits,256,74200000,12
marginal-hits,256,74300000,12
marginal-hits,256,74400000,12
marginal-hits,256,74500000,12
marginal-hits,256,74600000,11
marginal-hits,256,74700000,12
marginal-hits,256,74800000,12
marginal-hits,256,74900000,12
marginal-hits,256,75000000,12
marginal-hits,256,75100000,11
marginal-hits,256,75200000,11
marginal-hits,256,75300000,11
marginal-hits,256,75400000,12
marginal-hits,256,75500000,12
marginal-hits,256,75600000,12
marginal-hits,256,75700000,12
marginal-hits,256,75800000,12
marginal-hits,256,75900000,11
marginal-hits,256,76000000,10
marginal-hits,256,76100000,11
marginal-hits,256,76200000,11
marginal-hits,256,76300000,11
marginal-hits,256,76400000,11
marginal-hits,256,76500000,11
marginal-hits,256,76600000,11
marginal-hits,256,76700000,10
marginal-hits,256,76800000,10
marginal-hits,256,76900000,11
marginal-hits,256,77000000,11
marginal-hits,256,77100000,11
marginal-hits,256,77200000,11
marginal-hits,256,77300000,11
marginal-hits,256,77400000,11
marginal-hits,256,77500000,11
marginal-hits,256,77600000,11
marginal-hits,256,77700000,11
marginal-hits,256,77800000,11
marginal-hits,256,77900000,11
marginal-hits,256,78000000,11
marginal-hits,256,78100000,10
marginal-hits,256,78200000,11
marginal-hits,256,78300000,11
marginal-hits,256,78400000,11
marginal-hits,256,78500000,11
marginal-hits,256,78600000,11
marginal-hits,256,78700000,11
marginal-hits,256,78800000,11
marginal-hits,256,78900000,11
marginal-hits,256,79000000,11
marginal-hits,256,79100000,12
marginal-hits,256,79200000,11
marginal-hits,256,79300000,11
marginal-hits,256,79400000,11
marginal-hits,256,79500000,11
marginal-hits,256,79600000,11
marginal-hits,256,79700000,11
marginal-hits,256,79800000,11
marginal-hits,256,79900000,11
marginal-hits,128,100000,52
marginal-hits,128,200000,45
marginal-hits,128,300000,42
marginal-hits,128,400000,41
marginal-hits,128,500000,41
marginal-hits,128,600000,41
marginal-hits,128,700000,41
marginal-hits,128,800000,41
marginal-hits,128,900000,41
marginal-hits,128,1000000,41
marginal-hits,128,1100000,41
marginal-hits,128,1200000,40
marginal-hits,128,1300000,39
marginal-hits,128,1400000,38
marginal-hits,128,1500000,37
marginal-hits,128,1600000,36
marginal-hits,128,1700000,35
marginal-hits,128,1800000,34
marginal-hits,128,1900000,33
marginal-hits,128,2000000,32
marginal-hits,128,2100000,32
marginal-hits,128,2200000,32
marginal-hits,128,2300000,31
marginal-hits,128,2400000,30
marginal-hits,128,2500000,29
marginal-hits,128,2600000,28
marginal-hits,128,2700000,27
marginal-hits,128,2800000,26
marginal-hits,128,2900000,25
marginal-hits,128,3000000,24
marginal-hits,128,3100000,23
marginal-hits,128,3200000,22
marginal-hits,128,3300000,22
marginal-hits,128,3400000,21
marginal-hits,128,3500000,20
marginal-hits,128,3600000,19
marginal-hits,128,3700000,18
marginal-hits,128,3800000,17
marginal-hits,128,3900000,16
marginal-hits,128,4000000,15
marginal-hits,128,4100000,14
marginal-hits,128,4200000,13
marginal-hits,128,4300000,12
marginal-hits,128,4400000,11
marginal-hits,128,4500000,10
marginal-hits,128,4600000,9
marginal-hits,128,4700000,8
marginal-hits,128,4800000,7
marginal-hits,128,4900000,6
marginal-hits,128,5000000,6
marginal-hits,128,5100000,5
marginal-hits,128,5200000,4
marginal-hits,128,5300000,3
marginal-hits,128,5400000,4
marginal-hits,128,5500000,3
marginal-hits,128,5600000,3
marginal-hits,128,5700000,3
marginal-hits,128,5800000,4
marginal-hits,128,5900000,5
marginal-hits,128,6000000,4
marginal-hits,128,6100000,4
marginal-hits,128,6200000,3
marginal-hits,128,6300000,2
marginal-hits,128,6400000,2
marginal-hits,128,6500000,2
marginal-hits,128,6600000,2
marginal-hits,128,6700000,2
marginal-hits,128,6800000,2
marginal-hits,128,6900000,1
marginal-hits,128,7000000,2
marginal-hits,128,7100000,2
marginal-hits,128,7200000,2
marginal-hits,128,7300000,2
marginal-hits,128,7400000,2
marginal-hits,128,7500000,2
marginal-hits,128,7600000,2
marginal-hits,128,7700000,3
marginal-hits,128,7800000,3
marginal-hits,128,7900000,2
marginal-hits,128,8000000,2
marginal-hits,128,8100000,3
marginal-hits,128,8200000,3
marginal-hits,128,8300000,3
marginal-hits,128,8400000,3
marginal-hits,128,8500000,3
marginal-hits,128,8600000,3
marginal-hits,128,8700000,4
marginal-hits,128,8800000,5
marginal-hits,128,8900000,4
marginal-hits,128,9000000,4
marginal-hits,128,9100000,4
marginal-hits,128,9200000,5
marginal-hits,128,9300000,5
marginal-hits,128,9400000,4
marginal-hits,128,9500000,4
marginal-hits,128,9600000,4
marginal-hits,128,9700000,5
marginal-hits,128,9800000,5
marginal-hits,128,9900000,5
marginal-hits,128,10000000,5
marginal-hits,128,10100000,5
marginal-hits,128,10200000,4
marginal-hits,128,10300000,3
marginal-hits,128,10400000,3
marginal-hits,128,10500000,4
marginal-hits,128,10600000,5
marginal-hits,128,10700000,4
marginal-hits,128,10800000,4
marginal-hits,128,10900000,4
marginal-hits,128,11000000,4
marginal-hits,128,11100000,4
marginal-hits,128,11200000,5
marginal-hits,128,11300000,5
marginal-hits,128,11400000,4
marginal-hits,128,11500000,4
marginal-hits,128,11600000,5
marginal-hits,128,11700000,5
marginal-hits,128,11800000,5
marginal-hits,128,11900000,6
marginal-hits,128,12000000,7
marginal-hits,128,12100000,7
marginal-hits,128,12200000,7
marginal-hits,128,12300000,7
marginal-hits,128,12400000,8
marginal-hits,128,12500000,9
marginal-hits,128,12600000,8
marginal-hits,128,12700000,8
marginal-hits,128,12800000,9
marginal-hits,128,12900000,8
marginal-hits,128,13000000,8
marginal-hits,128,13100000,8
marginal-hits,128,13200000,8
marginal-hits,128,13300000,8
marginal-hits,128,13400000,8
marginal-hits,128,13500000,8
marginal-hits,128,13600000,8
marginal-hits,128,13700000,8
marginal-hits,128,13800000,7
marginal-hits,128,13900000,6
marginal-hits,128,14000000,6
marginal-hits,128,14100000,6
marginal-hits,128,14200000,7
marginal-hits,128,14300000,8
marginal-hits,128,14400000,7
marginal-hits,128,14500000,6
marginal-hits,128,14600000,5
marginal-hits,128,14700000,5
marginal-hits,128,14800000,5
marginal-hits,128,14900000,5
marginal-hits,128,15000000,5
marginal-hits,128,15100000,5
marginal-hits,128,15200000,6
marginal-hits,128,15300000,5
marginal-hits,128,15400000,4
marginal-hits,128,15500000,4
marginal-hits,128,15600000,5
marginal-hits,128,15700000,6
marginal-hits,128,15800000,6
marginal-hits,128,15900000,6
marginal-hits,128,16000000,6
marginal-hits,128,16100000,7
marginal-hits,128,16200000,6
marginal-hits,128,16300000,5
marginal-hits,128,16400000,5
marginal-hits,128,16500000,6
marginal-hits,128,16600000,6
marginal-hits,128,16700000,7
marginal-hits,128,16800000,7
marginal-hits,128,16900000,8
marginal-hits,128,17000000,7
marginal-hits,128,17100000,6
marginal-hits,128,17200000,6
marginal-hits,128,17300000,6
marginal-hits,128,17400000,5
marginal-hits,128,17500000,5
marginal-hits,128,17600000,6
marginal-hits,128,17700000,6
marginal-hits,128,17800000,6
marginal-hits,128,17900000,7
marginal-hits,128,18000000,7
marginal-hits,128,18100000,7
marginal-hits,128,18200000,7
marginal-hits,128,18300000,8
marginal-hits,128,18400000,8
marginal-hits,128,18500000,8
marginal-hits,128,18600000,8
marginal-hits,128,18700000,8
marginal-hits,128,18800000,8
marginal-hits,128,18900000,8
marginal-hits,128,19000000,9
marginal-hits,128,19100000,8
marginal-hits,128,19200000,8
marginal-hits,128,19300000,8
marginal-hits,128,19400000,9
marginal-hits,128,19500000,9
marginal-hits,128,19600000,9
marginal-hits,128,19700000,10
marginal-hits,128,19800000,11
marginal-hits,128,19900000,11
marginal-hits,128,20000000,11
marginal-hits,128,20100000,10
marginal-hits,128,20200000,11
marginal-hits,128,20300000,12
marginal-hits,128,20400000,11
marginal-hits,128,20500000,11
marginal-hits,128,20600000,12
marginal-hits,128,20700000,12
marginal-hits,128,20800000,11
marginal-hits,128,20900000,11
marginal-hits,128,21000000,11
marginal-hits,128,21100000,11
marginal-hits,128,21200000,10
marginal-hits,128,21300000,9
marginal-hits,128,21400000,9
marginal-hits,128,21500000,8
marginal-hits,128,21600000,8
marginal-hits,128,21700000,9
marginal-hits,128,21800000,10
marginal-hits,128,21900000,9
marginal-hits,128,22000000,9
marginal-hits,128,22100000,9
marginal-hits,128,22200000,9
marginal-hits,128,22300000,8
marginal-hits,128,22400000,9
marginal-hits,128,22500000,10
marginal-hits,128,22600000,10
marginal-hits,128,22700000,10
marginal-hits,128,22800000,10
marginal-hits,128,22900000,10
marginal-hits,128,23000000,9
marginal-hits,128,23100000,8
marginal-hits,128,23200000,8
marginal-hits,128,23300000,9
marginal-hits,128,23400000,9
marginal-hits,128,23500000,9
marginal-hits,128,23600000,9
marginal-hits,128,23700000,8
marginal-hits,128,23800000,7
marginal-hits,128,23900000,7
marginal-hits,128,24000000,7
marginal-hits,128,24100000,6
marginal-hits,128,24200000,6
marginal-hits,128,24300000,6
marginal-hits,128,24400000,7
marginal-hits,128,24500000,6
marginal-hits,128,24600000,7
marginal-hits,128,24700000,7
marginal-hits,128,24800000,8
marginal-hits,128,24900000,8
marginal-hits,128,25000000,7
marginal-hits,128,25100000,6
marginal-hits,128,25200000,5
marginal-hits,128,25300000,4
marginal-hits,128,25400000,4
marginal-hits,128,25500000,4
marginal-hits,128,25600000,5
marginal-hits,128,25700000,5
marginal-hits,128,25800000,5
marginal-hits,128,25900000,5
marginal-hits,128,26000000,5
marginal-hits,128,26100000,5
marginal-hits,128,26200000,5
marginal-hits,128,26300000,5
marginal-hits,128,26400000,4
marginal-hits,128,26500000,4
marginal-hits,128,26600000,4
marginal-hits,128,26700000,5
marginal-hits,128,26800000,5
marginal-hits,128,26900000,5
marginal-hits,128,27000000,5
marginal-hits,128,27100000,5
marginal-hits,128,27200000,6
marginal-hits,128,27300000,5
marginal-hits,128,27400000,6
marginal-hits,128,27500000,5
marginal-hits,128,27600000,5
marginal-hits,128,27700000,5
marginal-hits,128,27800000,4
marginal-hits,128,27900000,4
marginal-hits,128,28000000,4
marginal-hits,128,28100000,4
marginal-hits,128,28200000,5
marginal-hits,128,28300000,5
marginal-hits,128,28400000,4
marginal-hits,128,28500000,5
marginal-hits,128,28600000,6
marginal-hits,128,28700000,6
marginal-hits,128,28800000,5
marginal-hits,128,28900000,4
marginal-hits,128,29000000,5
marginal-hits,128,29100000,5
marginal-hits,128,29200000,6
marginal-hits,128,29300000,6
marginal-hits,128,29400000,7
marginal-hits,128,29500000,6
marginal-hits,128,29600000,6
marginal-hits,128,29700000,7
marginal-hits,128,29800000,7
marginal-hits,128,29900000,7
marginal-hits,128,30000000,7
marginal-hits,128,30100000,6
marginal-hits,128,30200000,6
marginal-hits,128,30300000,5
marginal-hits,128,30400000,6
marginal-hits,128,30500000,6
marginal-hits,128,30600000,5
marginal-hits,128,30700000,6
marginal-hits,128,30800000,7
marginal-hits,128,30900000,7
marginal-hits,128,31000000,8
marginal-hits,128,31100000,9
marginal-hits,128,31200000,8
marginal-hits,128,31300000,8
marginal-hits,128,31400000,7
marginal-hits,128,31500000,7
marginal-hits,128,31600000,8
marginal-hits,128,31700000,7
marginal-hits,128,31800000,7
marginal-hits,128,31900000,7
marginal-hits,128,32000000,7
marginal-hits,128,32100000,7
marginal-hits,128,32200000,7
marginal-hits,128,32300000,8
marginal-hits,128,32400000,7
marginal-hits,128,32500000,7
marginal-hits,128,32600000,6
marginal-hits,128,32700000,6
marginal-hits,128,32800000,6
marginal-hits,128,32900000,7
marginal-hits,128,33000000,8
marginal-hits,128,33100000,7
marginal-hits,128,33200000,6
marginal-hits,128,33300000,7
marginal-hits,128,33400000,7
marginal-hits,128,33500000,6
marginal-hits,128,33600000,7
marginal-hits,128,33700000,7
marginal-hits,128,33800000,8
marginal-hits,128,33900000,8
marginal-hits,128,34000000,8
marginal-hits,128,34100000,7
marginal-hits,128,34200000,7
marginal-hits,128,34300000,7
marginal-hits,128,34400000,8
marginal-hits,128,34500000,9
marginal-hits,128,34600000,10
marginal-hits,128,34700000,10
marginal-hits,128,34800000,9
marginal-hits,128,34900000,10
marginal-hits,128,35000000,10
marginal-hits,128,35100000,10
marginal-hits,128,35200000,11
marginal-hits,128,35300000,12
marginal-hits,128,35400000,11
marginal-hits,128,35500000,11
marginal-hits,128,35600000,10
marginal-hits,128,35700000,10
marginal-hits,128,35800000,10
marginal-hits,128,35900000,11
marginal-hits,128,36000000,11
marginal-hits,128,36100000,12
marginal-hits,128,36200000,12
marginal-hits,128,36300000,12
marginal-hits,128,36400000,13
marginal-hits,128,36500000,13
marginal-hits,128,36600000,13
marginal-hits,128,36700000,13
marginal-hits,128,36800000,14
marginal-hits,128,36900000,14
marginal-hits,128,37000000,14
marginal-hits,128,37100000,13
marginal-hits,128,37200000,12
marginal-hits,128,37300000,11
marginal-hits,128,37400000,10
marginal-hits,128,37500000,9
marginal-hits,128,37600000,10
marginal-hits,128,37700000,10
marginal-hits,128,37800000,10
marginal-hits,128,37900000,10
marginal-hits,128,38000000,11
marginal-hits,128,38100000,11
marginal-hits,128,38200000,11
marginal-hits,128,38300000,11
marginal-hits,128,38400000,10
marginal-hits,128,38500000,9
marginal-hits,128,38600000,8
marginal-hits,128,38700000,7
marginal-hits,128,38800000,6
marginal-hits,128,38900000,7
marginal-hits,128,39000000,6
marginal-hits,128,39100000,7
marginal-hits,128,39200000,6
marginal-hits,128,39300000,5
marginal-hits,128,39400000,5
marginal-hits,128,39500000,5
marginal-hits,128,39600000,4
marginal-hits,128,39700000,4
marginal-hits,128,39800000,4
marginal-hits,128,39900000,4
marginal-hits,128,40000000,4
marginal-hits,128,40100000,4
marginal-hits,128,40200000,4
marginal-hits,128,40300000,5
marginal-hits,128,40400000,5
marginal-hits,128,40500000,5
marginal-hits,128,40600000,6
marginal-hits,128,40700000,5
marginal-hits,128,40800000,5
marginal-hits,128,40900000,6
marginal-hits,128,41000000,7
marginal-hits,128,41100000,7
marginal-hits,128,41200000,7
marginal-hits,128,41300000,6
marginal-hits,128,41400000,6
marginal-hits,128,41500000,6
marginal-hits,128,41600000,7
marginal-hits,128,41700000,7
marginal-hits,128,41800000,8
marginal-hits,128,41900000,7
marginal-hits,128,42000000,7
marginal-hits,128,42100000,8
marginal-hits,128,42200000,9
marginal-hits,128,42300000,9
marginal-hits,128,42400000,8
marginal-hits,128,42500000,7
marginal-hits,128,42600000,7
marginal-hits,128,42700000,7
marginal-hits,128,42800000,7
marginal-hits,128,42900000,7
marginal-hits,128,43000000,7
marginal-hits,128,43100000,7
marginal-hits,128,43200000,6
marginal-hits,128,43300000,7
marginal-hits,128,43400000,7
marginal-hits,128,43500000,6
marginal-hits,128,43600000,7
marginal-hits,128,43700000,8
marginal-hits,128,43800000,8
marginal-hits,128,43900000,9
marginal-hits,128,44000000,9
marginal-hits,128,44100000,8
marginal-hits,128,44200000,8
marginal-hits,128,44300000,7
marginal-hits,128,44400000,6
marginal-hits,128,44500000,6
marginal-hits,128,44600000,6
marginal-hits,128,44700000,6
marginal-hits,128,44800000,6
marginal-hits,128,44900000,7
marginal-hits,128,45000000,7
marginal-hits,128,45100000,6
marginal-hits,128,45200000,6
marginal-hits,128,45300000,5
marginal-hits,128,45400000,5
marginal-hits,128,45500000,6
marginal-hits,128,45600000,6
marginal-hits,128,45700000,6
marginal-hits,128,45800000,6
marginal-hits,128,45900000,6
marginal-hits,128,46000000,5
marginal-hits,128,46100000,4
marginal-hits,128,46200000,4
marginal-hits,128,46300000,4
marginal-hits,128,46400000,4
marginal-hits,128,46500000,3
marginal-hits,128,46600000,2
marginal-hits,128,46700000,1
marginal-hits,128,46800000,1
marginal-hits,128,46900000,2
marginal-hits,128,47000000,3
marginal-hits,128,47100000,2
marginal-hits,128,47200000,2
marginal-hits,128,47300000,2
marginal-hits,128,47400000,1
marginal-hits,128,47500000,1
marginal-hits,128,47600000,2
marginal-hits,128,47700000,1
marginal-hits,128,47800000,1
marginal-hits,128,47900000,2
marginal-hits,128,48000000,3
marginal-hits,128,48100000,2
marginal-hits,128,48200000,3
marginal-hits,128,48300000,3
marginal-hits,128,48400000,4
marginal-hits,128,48500000,4
marginal-hits,128,48600000,5
marginal-hits,128,48700000,5
marginal-hits,128,48800000,5
marginal-hits,128,48900000,5
marginal-hits,128,49000000,5
marginal-hits,128,49100000,5
marginal-hits,128,49200000,4
marginal-hits,128,49300000,3
marginal-hits,128,49400000,3
marginal-hits,128,49500000,2
marginal-hits,128,49600000,2
marginal-hits,128,49700000,3
marginal-hits,128,49800000,4
marginal-hits,128,49900000,3
marginal-hits,128,50000000,2
marginal-hits,128,50100000,2
marginal-hits,128,50200000,2
marginal-hits,128,50300000,3
marginal-hits,128,50400000,3
marginal-hits,128,50500000,3
marginal-hits,128,50600000,2
marginal-hits,128,50700000,3
marginal-hits,128,50800000,3
marginal-hits,128,50900000,3
marginal-hits,128,51000000,4
marginal-hits,128,51100000,5
marginal-hits,128,51200000,5
marginal-hits,128,51300000,5
marginal-hits,128,51400000,6
marginal-hits,128,51500000,7
marginal-hits,128,51600000,7
marginal-hits,128,51700000,6
marginal-hits,128,51800000,6
marginal-hits,128,51900000,6
marginal-hits,128,52000000,6
marginal-hits,128,52100000,7
marginal-hits,128,52200000,7
marginal-hits,128,52300000,6
marginal-hits,128,52400000,6
marginal-hits,128,52500000,5
marginal-hits,128,52600000,5
marginal-hits,128,52700000,4
marginal-hits,128,52800000,4
marginal-hits,128,52900000,5
marginal-hits,128,53000000,6
marginal-hits,128,53100000,6
marginal-hits,128,53200000,6
marginal-hits,128,53300000,5
marginal-hits,128,53400000,6
marginal-hits,128,53500000,5
marginal-hits,128,53600000,4
marginal-hits,128,53700000,3
marginal-hits,128,53800000,4
marginal-hits,128,53900000,3
marginal-hits,128,54000000,3
marginal-hits,128,54100000,4
marginal-hits,128,54200000,4
marginal-hits,128,54300000,3
marginal-hits,128,54400000,3
marginal-hits,128,54500000,4
marginal-hits,128,54600000,4
marginal-hits,128,54700000,3
marginal-hits,128,54800000,3
marginal-hits,128,54900000,3
marginal-hits,128,55000000,3
marginal-hits,128,55100000,4
marginal-hits,128,55200000,4
marginal-hits,128,55300000,4
marginal-hits,128,55400000,4
marginal-hits,128,55500000,4
marginal-hits,128,55600000,5
marginal-hits,128,55700000,4
marginal-hits,128,55800000,4
marginal-hits,128,55900000,4
marginal-hits,128,56000000,4
marginal-hits,128,56100000,4
marginal-hits,128,56200000,4
marginal-hits,128,56300000,4
marginal-hits,128,56400000,4
marginal-hits,128,56500000,3
marginal-hits,128,56600000,3
marginal-hits,128,56700000,4
marginal-hits,128,56800000,4
marginal-hits,128,56900000,4
marginal-hits,128,57000000,4
marginal-hits,128,57100000,4
marginal-hits,128,57200000,5
marginal-hits,128,57300000,5
marginal-hits,128,57400000,6
marginal-hits,128,57500000,6
marginal-hits,128,57600000,6
marginal-hits,128,57700000,6
marginal-hits,128,57800000,7
marginal-hits,128,57900000,6
marginal-hits,128,58000000,7
marginal-hits,128,58100000,8
marginal-hits,128,58200000,8
marginal-hits,128,58300000,8
marginal-hits,128,58400000,7
marginal-hits,128,58500000,7
marginal-hits,128,58600000,7
marginal-hits,128,58700000,8
marginal-hits,128,58800000,7
marginal-hits,128,58900000,7
marginal-hits,128,59000000,7
marginal-hits,128,59100000,7
marginal-hits,128,59200000,7
marginal-hits,128,59300000,7
marginal-hits,128,59400000,7
marginal-hits,128,59500000,7
marginal-hits,128,59600000,8
marginal-hits,128,59700000,8
marginal-hits,128,59800000,7
marginal-hits,128,59900000,7
marginal-hits,128,60000000,8
marginal-hits,128,60100000,7
marginal-hits,128,60200000,7
marginal-hits,128,60300000,6
marginal-hits,128,60400000,6
marginal-hits,128,60500000,6
marginal-hits,128,60600000,6
marginal-hits,128,60700000,7
marginal-hits,128,60800000,8
marginal-hits,128,60900000,7
marginal-hits,128,61000000,6
marginal-hits,128,61100000,6
marginal-hits,128,61200000,5
marginal-hits,128,61300000,6
marginal-hits,128,61400000,7
marginal-hits,128,61500000,7
marginal-hits,128,61600000,8
marginal-hits,128,61700000,9
marginal-hits,128,61800000,8
marginal-hits,128,61900000,8
marginal-hits,128,62000000,8
marginal-hits,128,62100000,8
marginal-hits,128,62200000,8
marginal-hits,128,62300000,7
marginal-hits,128,62400000,7
marginal-hits,128,62500000,7
marginal-hits,128,62600000,7
marginal-hits,128,62700000,6
marginal-hits,128,62800000,7
marginal-hits,128,62900000,7
marginal-hits,128,63000000,8
marginal-hits,128,63100000,9
marginal-hits,128,63200000,8
marginal-hits,128,63300000,8
marginal-hits,128,63400000,9
marginal-hits,128,63500000,9
marginal-hits,128,63600000,9
marginal-hits,128,63700000,9
marginal-hits,128,63800000,9
marginal-hits,128,63900000,8
marginal-hits,128,64000000,7
marginal-hits,128,64100000,6
marginal-hits,128,64200000,6
marginal-hits,128,64300000,5
marginal-hits,128,64400000,5
marginal-hits,128,64500000,6
marginal-hits,128,64600000,6
marginal-hits,128,64700000,6
marginal-hits,128,64800000,6
marginal-hits,128,64900000,6
marginal-hits,128,65000000,5
marginal-hits,128,65100000,6
marginal-hits,128,65200000,6
marginal-hits,128,65300000,5
marginal-hits,128,65400000,5
marginal-hits,128,65500000,5
marginal-hits,128,65600000,6
marginal-hits,128,65700000,5
marginal-hits,128,65800000,4
marginal-hits,128,65900000,5
marginal-hits,128,66000000,5
marginal-hits,128,66100000,5
marginal-hits,128,66200000,5
marginal-hits,128,66300000,4
marginal-hits,128,66400000,5
marginal-hits,128,66500000,6
marginal-hits,128,66600000,5
marginal-hits,128,66700000,5
marginal-hits,128,66800000,4
marginal-hits,128,66900000,5
marginal-hits,128,67000000,5
marginal-hits,128,67100000,5
marginal-hits,128,67200000,6
marginal-hits,128,67300000,7
marginal-hits,128,67400000,6
marginal-hits,128,67500000,6
marginal-hits,128,67600000,6
marginal-hits,128,67700000,7
marginal-hits,128,67800000,6
marginal-hits,128,67900000,6
marginal-hits,128,68000000,6
marginal-hits,128,68100000,5
marginal-hits,128,68200000,4
marginal-hits,128,68300000,4
marginal-hits,128,68400000,5
marginal-hits,128,68500000,5
marginal-hits,128,68600000,4
marginal-hits,128,68700000,5
marginal-hits,128,68800000,5
marginal-hits,128,68900000,5
marginal-hits,128,69000000,5
marginal-hits,128,69100000,6
marginal-hits,128,69200000,6
marginal-hits,128,69300000,6
marginal-hits,128,69400000,5
marginal-hits,128,69500000,5
marginal-hits,128,69600000,5
marginal-hits,128,69700000,5
marginal-hits,128,69800000,6
marginal-hits,128,69900000,6
marginal-hits,128,70000000,7
marginal-hits,128,70100000,7
marginal-hits,128,70200000,7
marginal-hits,128,70300000,8
marginal-hits,128,70400000,8
marginal-hits,128,70500000,8
marginal-hits,128,70600000,8
marginal-hits,128,70700000,8
marginal-hits,128,70800000,8
marginal-hits,128,70900000,7
marginal-hits,128,71000000,6
marginal-hits,128,71100000,7
marginal-hits,128,71200000,8
marginal-hits,128,71300000,8
marginal-hits,128,71400000,8
marginal-hits,128,71500000,7
marginal-hits,128,71600000,6
marginal-hits,128,71700000,6
marginal-hits,128,71800000,7
marginal-hits,128,71900000,6
marginal-hits,128,72000000,7
marginal-hits,128,72100000,7
marginal-hits,128,72200000,8
marginal-hits,128,72300000,7
marginal-hits,128,72400000,7
marginal-hits,128,72500000,8
marginal-hits,128,72600000,8
marginal-hits,128,72700000,8
marginal-hits,128,72800000,9
marginal-hits,128,72900000,9
marginal-hits,128,73000000,8
marginal-hits,128,73100000,8
marginal-hits,128,73200000,8
marginal-hits,128,73300000,8
marginal-hits,128,73400000,8
marginal-hits,128,73500000,7
marginal-hits,128,73600000,7
marginal-hits,128,73700000,8
marginal-hits,128,73800000,7
marginal-hits,128,73900000,7
marginal-hits,128,74000000,7
marginal-hits,128,74100000,8
marginal-hits,128,74200000,8
marginal-hits,128,74300000,7
marginal-hits,128,74400000,8
marginal-hits,128,74500000,8
marginal-hits,128,74600000,7
marginal-hits,128,74700000,7
marginal-hits,128,74800000,8
marginal-hits,128,74900000,8
marginal-hits,128,75000000,9
marginal-hits,128,75100000,8
marginal-hits,128,75200000,8
marginal-hits,128,75300000,8
marginal-hits,128,75400000,8
marginal-hits,128,75500000,9
marginal-hits,128,75600000,8
marginal-hits,128,75700000,9
marginal-hits,128,75800000,10
marginal-hits,128,75900000,10
marginal-hits,128,76000000,11
marginal-hits,128,76100000,11
marginal-hits,128,76200000,11
marginal-hits,128,76300000,10
marginal-hits,128,76400000,9
marginal-hits,128,76500000,8
marginal-hits,128,76600000,8
marginal-hits,128,76700000,8
marginal-hits,128,76800000,8
marginal-hits,128,76900000,8
marginal-hits,128,77000000,8
marginal-hits,128,77100000,8
marginal-hits,128,77200000,7
marginal-hits,128,77300000,7
marginal-hits,128,77400000,8
marginal-hits,128,77500000,8
marginal-hits,128,77600000,8
marginal-hits,128,77700000,8
marginal-hits,128,77800000,8
marginal-hits,128,77900000,9
marginal-hits,128,78000000,10
marginal-hits,128,78100000,11
marginal-hits,128,78200000,12
marginal-hits,128,78300000,11
marginal-hits,128,78400000,11
marginal-hits,128,78500000,11
marginal-hits,128,78600000,11
marginal-hits,128,78700000,10
marginal-hits,128,78800000,9
marginal-hits,128,78900000,9
marginal-hits,128,79000000,8
marginal-hits,128,79100000,8
marginal-hits,128,79200000,7
marginal-hits,128,79300000,7
marginal-hits,128,79400000,8
marginal-hits,128,79500000,9
marginal-hits,128,79600000,8
marginal-hits,128,79700000,8
marginal-hits,128,79800000,8
marginal-hits,128,79900000,8
disabled,64,100000,20
disabled,64,200000,14
disabled,64,300000,11
disabled,64,400000,13
disabled,64,500000,13
disabled,64,600000,13
disabled,64,700000,13
disabled,64,800000,13
disabled,64,900000,13
disabled,64,1000000,13
disabled,64,1100000,13
disabled,64,1200000,13
disabled,64,1300000,13
disabled,64,1400000,13
disabled,64,1500000,13
disabled,64,1600000,13
disabled,64,1700000,13
disabled,64,1800000,13
disabled,64,1900000,13
disabled,64,2000000,13
disabled,64,2100000,13
disabled,64,2200000,13
disabled,64,2300000,13
disabled,64,2400000,13
disabled,64,2500000,13
disabled,64,2600000,13
disabled,64,2700000,13
disabled,64,2800000,13
disabled,64,2900000,13
disabled,64,3000000,13
disabled,64,3100000,13
disabled,64,3200000,13
disabled,64,3300000,13
disabled,64,3400000,13
disabled,64,3500000,13
disabled,64,3600000,13
disabled,64,3700000,13
disabled,64,3800000,13
disabled,64,3900000,13
disabled,64,4000000,13
disabled,64,4100000,13
disabled,64,4200000,13
disabled,64,4300000,13
disabled,64,4400000,13
disabled,64,4500000,13
disabled,64,4600000,13
disabled,64,4700000,13
disabled,64,4800000,13
disabled,64,4900000,13
disabled,64,5000000,13
disabled,64,5100000,13
disabled,64,5200000,13
disabled,64,5300000,13
disabled,64,5400000,13
disabled,64,5500000,13
disabled,64,5600000,13
disabled,64,5700000,13
disabled,64,5800000,13
disabled,64,5900000,13
disabled,64,6000000,13
disabled,64,6100000,13
disabled,64,6200000,13
disabled,64,6300000,13
disabled,64,6400000,13
disabled,64,6500000,13
disabled,64,6600000,13
disabled,64,6700000,13
disabled,64,6800000,13
disabled,64,6900000,13
disabled,64,7000000,13
disabled,64,7100000,13
disabled,64,7200000,13
disabled,64,7300000,13
disabled,64,7400000,13
disabled,64,7500000,13
disabled,64,7600000,13
disabled,64,7700000,13
disabled,64,7800000,13
disabled,64,7900000,13
disabled,64,8000000,13
disabled,64,8100000,13
disabled,64,8200000,13
disabled,64,8300000,13
disabled,64,8400000,13
disabled,64,8500000,13
disabled,64,8600000,13
disabled,64,8700000,13
disabled,64,8800000,13
disabled,64,8900000,13
disabled,64,9000000,13
disabled,64,9100000,13
disabled,64,9200000,13
disabled,64,9300000,13
disabled,64,9400000,13
disabled,64,9500000,13
disabled,64,9600000,13
disabled,64,9700000,13
disabled,64,9800000,13
disabled,64,9900000,13
disabled,64,10000000,13
disabled,64,10100000,13
disabled,64,10200000,13
disabled,64,10300000,13
disabled,64,10400000,13
disabled,64,10500000,13
disabled,64,10600000,13
disabled,64,10700000,13
disabled,64,10800000,13
disabled,64,10900000,13
disabled,64,11000000,13
disabled,64,11100000,13
disabled,64,11200000,13
disabled,64,11300000,13
disabled,64,11400000,13
disabled,64,11500000,13
disabled,64,11600000,13
disabled,64,11700000,13
disabled,64,11800000,13
disabled,64,11900000,13
disabled,64,12000000,13
disabled,64,12100000,13
disabled,64,12200000,13
disabled,64,12300000,13
disabled,64,12400000,13
disabled,64,12500000,13
disabled,64,12600000,13
disabled,64,12700000,13
disabled,64,12800000,13
disabled,64,12900000,13
disabled,64,13000000,13
disabled,64,13100000,13
disabled,64,13200000,13
disabled,64,13300000,13
disabled,64,13400000,13
disabled,64,13500000,13
disabled,64,13600000,13
disabled,64,13700000,13
disabled,64,13800000,13
disabled,64,13900000,13
disabled,64,14000000,13
disabled,64,14100000,13
disabled,64,14200000,13
disabled,64,14300000,13
disabled,64,14400000,13
disabled,64,14500000,13
disabled,64,14600000,13
disabled,64,14700000,13
disabled,64,14800000,13
disabled,64,14900000,13
disabled,64,15000000,13
disabled,64,15100000,13
disabled,64,15200000,13
disabled,64,15300000,13
disabled,64,15400000,13
disabled,64,15500000,13
disabled,64,15600000,13
disabled,64,15700000,13
disabled,64,15800000,13
disabled,64,15900000,13
disabled,64,16000000,13
disabled,64,16100000,13
disabled,64,16200000,13
disabled,64,16300000,13
disabled,64,16400000,13
disabled,64,16500000,13
disabled,64,16600000,13
disabled,64,16700000,13
disabled,64,16800000,13
disabled,64,16900000,13
disabled,64,17000000,13
disabled,64,17100000,13
disabled,64,17200000,13
disabled,64,17300000,13
disabled,64,17400000,13
disabled,64,17500000,13
disabled,64,17600000,13
disabled,64,17700000,13
disabled,64,17800000,13
disabled,64,17900000,13
disabled,64,18000000,13
disabled,64,18100000,13
disabled,64,18200000,13
disabled,64,18300000,13
disabled,64,18400000,13
disabled,64,18500000,13
disabled,64,18600000,13
disabled,64,18700000,13
disabled,64,18800000,13
disabled,64,18900000,13
disabled,64,19000000,13
disabled,64,19100000,13
disabled,64,19200000,13
disabled,64,19300000,13
disabled,64,19400000,13
disabled,64,19500000,13
disabled,64,19600000,13
disabled,64,19700000,13
disabled,64,19800000,13
disabled,64,19900000,13
disabled,64,20000000,13
disabled,64,20100000,13
disabled,64,20200000,13
disabled,64,20300000,13
disabled,64,20400000,13
disabled,64,20500000,13
disabled,64,20600000,13
disabled,64,20700000,13
disabled,64,20800000,13
disabled,64,20900000,13
disabled,64,21000000,13
disabled,64,21100000,13
disabled,64,21200000,13
disabled,64,21300000,13
disabled,64,21400000,13
disabled,64,21500000,13
disabled,64,21600000,13
disabled,64,21700000,13
disabled,64,21800000,13
disabled,64,21900000,13
disabled,64,22000000,13
disabled,64,22100000,13
disabled,64,22200000,13
disabled,64,22300000,13
disabled,64,22400000,13
disabled,64,22500000,13
disabled,64,22600000,13
disabled,64,22700000,13
disabled,64,22800000,13
disabled,64,22900000,13
disabled,64,23000000,13
disabled,64,23100000,13
disabled,64,23200000,13
disabled,64,23300000,13
disabled,64,23400000,13
disabled,64,23500000,13
disabled,64,23600000,13
disabled,64,23700000,13
disabled,64,23800000,13
disabled,64,23900000,13
disabled,64,24000000,13
disabled,64,24100000,13
disabled,64,24200000,13
disabled,64,24300000,13
disabled,64,24400000,13
disabled,64,24500000,13
disabled,64,24600000,13
disabled,64,24700000,13
disabled,64,24800000,13
disabled,64,24900000,13
disabled,64,25000000,13
disabled,64,25100000,13
disabled,64,25200000,13
disabled,64,25300000,13
disabled,64,25400000,13
disabled,64,25500000,13
disabled,64,25600000,13
disabled,64,25700000,13
disabled,64,25800000,13
disabled,64,25900000,13
disabled,64,26000000,13
disabled,64,26100000,13
disabled,64,26200000,13
disabled,64,26300000,13
disabled,64,26400000,13
disabled,64,26500000,13
disabled,64,26600000,13
disabled,64,26700000,13
disabled,64,26800000,13
disabled,64,26900000,13
disabled,64,27000000,13
disabled,64,27100000,13
disabled,64,27200000,13
disabled,64,27300000,13
disabled,64,27400000,13
disabled,64,27500000,13
disabled,64,27600000,13
disabled,64,27700000,13
disabled,64,27800000,13
disabled,64,27900000,13
disabled,64,28000000,13
disabled,64,28100000,13
disabled,64,28200000,13
disabled,64,28300000,13
disabled,64,28400000,13
disabled,64,28500000,13
disabled,64,28600000,13
disabled,64,28700000,13
disabled,64,28800000,13
disabled,64,28900000,13
disabled,64,29000000,13
disabled,64,29100000,13
disabled,64,29200000,13
disabled,64,29300000,13
disabled,64,29400000,13
disabled,64,29500000,13
disabled,64,29600000,13
disabled,64,29700000,13
disabled,64,29800000,13
disabled,64,29900000,13
disabled,64,30000000,13
disabled,64,30100000,13
disabled,64,30200000,13
disabled,64,30300000,13
disabled,64,30400000,13
disabled,64,30500000,13
disabled,64,30600000,13
disabled,64,30700000,13
disabled,64,30800000,13
disabled,64,30900000,13
disabled,64,31000000,13
disabled,64,31100000,13
disabled,64,31200000,13
disabled,64,31300000,13
disabled,64,31400000,13
disabled,64,31500000,13
disabled,64,31600000,13
disabled,64,31700000,13
disabled,64,31800000,13
disabled,64,31900000,13
disabled,64,32000000,13
disabled,64,32100000,13
disabled,64,32200000,13
disabled,64,32300000,13
disabled,64,32400000,13
disabled,64,32500000,13
disabled,64,32600000,13
disabled,64,32700000,13
disabled,64,32800000,13
disabled,64,32900000,13
disabled,64,33000000,13
disabled,64,33100000,13
disabled,64,33200000,13
disabled,64,33300000,13
disabled,64,33400000,13
disabled,64,33500000,13
disabled,64,33600000,13
disabled,64,33700000,13
disabled,64,33800000,13
disabled,64,33900000,13
disabled,64,34000000,13
disabled,64,34100000,13
disabled,64,34200000,13
disabled,64,34300000,13
disabled,64,34400000,13
disabled,64,34500000,13
disabled,64,34600000,13
disabled,64,34700000,13
disabled,64,34800000,13
disabled,64,34900000,13
disabled,64,35000000,13
disabled,64,35100000,13
disabled,64,35200000,13
disabled,64,35300000,13
disabled,64,35400000,13
disabled,64,35500000,13
disabled,64,35600000,13
disabled,64,35700000,13
disabled,64,35800000,13
disabled,64,35900000,13
disabled,64,36000000,13
disabled,64,36100000,13
disabled,64,36200000,13
disabled,64,36300000,13
disabled,64,36400000,13
disabled,64,36500000,13
disabled,64,36600000,13
disabled,64,36700000,13
disabled,64,36800000,13
disabled,64,36900000,13
disabled,64,37000000,13
disabled,64,37100000,13
disabled,64,37200000,13
disabled,64,37300000,13
disabled,64,37400000,13
disabled,64,37500000,13
disabled,64,37600000,13
disabled,64,37700000,13
disabled,64,37800000,13
disabled,64,37900000,13
disabled,64,38000000,13
disabled,64,38100000,13
disabled,64,38200000,13
disabled,64,38300000,13
disabled,64,38400000,13
disabled,64,38500000,13
disabled,64,38600000,13
disabled,64,38700000,13
disabled,64,38800000,13
disabled,64,38900000,13
disabled,64,39000000,13
disabled,64,39100000,13
disabled,64,39200000,13
disabled,64,39300000,13
disabled,64,39400000,13
disabled,64,39500000,13
disabled,64,39600000,13
disabled,64,39700000,13
disabled,64,39800000,13
disabled,64,39900000,13
disabled,64,40000000,13
disabled,64,40100000,13
disabled,64,40200000,13
disabled,64,40300000,13
disabled,64,40400000,13
disabled,64,40500000,13
disabled,64,40600000,13
disabled,64,40700000,13
disabled,64,40800000,13
disabled,64,40900000,13
disabled,64,41000000,13
disabled,64,41100000,13
disabled,64,41200000,13
disabled,64,41300000,13
disabled,64,41400000,13
disabled,64,41500000,13
disabled,64,41600000,13
disabled,64,41700000,13
disabled,64,41800000,13
disabled,64,41900000,13
disabled,64,42000000,13
disabled,64,42100000,13
disabled,64,42200000,13
disabled,64,42300000,13
disabled,64,42400000,13
disabled,64,42500000,13
disabled,64,42600000,13
disabled,64,42700000,13
disabled,64,42800000,13
disabled,64,42900000,13
disabled,64,43000000,13
disabled,64,43100000,13
disabled,64,43200000,13
disabled,64,43300000,13
disabled,64,43400000,13
disabled,64,43500000,13
disabled,64,43600000,13
disabled,64,43700000,13
disabled,64,43800000,13
disabled,64,43900000,13
disabled,64,44000000,13
disabled,64,44100000,13
disabled,64,44200000,13
disabled,64,44300000,13
disabled,64,44400000,13
disabled,64,44500000,13
disabled,64,44600000,13
disabled,64,44700000,13
disabled,64,44800000,13
disabled,64,44900000,13
disabled,64,45000000,13
disabled,64,45100000,13
disabled,64,45200000,13
disabled,64,45300000,13
disabled,64,45400000,13
disabled,64,45500000,13
disabled,64,45600000,13
disabled,64,45700000,13
disabled,64,45800000,13
disabled,64,45900000,13
disabled,64,46000000,13
disabled,64,46100000,13
disabled,64,46200000,13
disabled,64,46300000,13
disabled,64,46400000,13
disabled,64,46500000,13
disabled,64,46600000,13
disabled,64,46700000,13
disabled,64,46800000,13
disabled,64,46900000,13
disabled,64,47000000,13
disabled,64,47100000,13
disabled,64,47200000,13
disabled,64,47300000,13
disabled,64,47400000,13
disabled,64,47500000,13
disabled,64,47600000,13
disabled,64,47700000,13
disabled,64,47800000,13
disabled,64,47900000,13
disabled,64,48000000,13
disabled,64,48100000,13
disabled,64,48200000,13
disabled,64,48300000,13
disabled,64,48400000,13
disabled,64,48500000,13
disabled,64,48600000,13
disabled,64,48700000,13
disabled,64,48800000,13
disabled,64,48900000,13
disabled,64,49000000,13
disabled,64,49100000,13
disabled,64,49200000,13
disabled,64,49300000,13
disabled,64,49400000,13
disabled,64,49500000,13
disabled,64,49600000,13
disabled,64,49700000,13
disabled,64,49800000,13
disabled,64,49900000,13
disabled,64,50000000,13
disabled,64,50100000,13
disabled,64,50200000,13
disabled,64,50300000,13
disabled,64,50400000,13
disabled,64,50500000,13
disabled,64,50600000,13
disabled,64,50700000,13
disabled,64,50800000,13
disabled,64,50900000,13
disabled,64,51000000,13
disabled,64,51100000,13
disabled,64,51200000,13
disabled,64,51300000,13
disabled,64,51400000,13
disabled,64,51500000,13
disabled,64,51600000,13
disabled,64,51700000,13
disabled,64,51800000,13
disabled,64,51900000,13
disabled,64,52000000,13
disabled,64,52100000,13
disabled,64,52200000,13
disabled,64,52300000,13
disabled,64,52400000,13
disabled,64,52500000,13
disabled,64,52600000,13
disabled,64,52700000,13
disabled,64,52800000,13
disabled,64,52900000,13
disabled,64,53000000,13
disabled,64,53100000,13
disabled,64,53200000,13
disabled,64,53300000,13
disabled,64,53400000,13
disabled,64,53500000,13
disabled,64,53600000,13
disabled,64,53700000,13
disabled,64,53800000,13
disabled,64,53900000,13
disabled,64,54000000,13
disabled,64,54100000,13
disabled,64,54200000,13
disabled,64,54300000,13
disabled,64,54400000,13
disabled,64,54500000,13
disabled,64,54600000,13
disabled,64,54700000,13
disabled,64,54800000,13
disabled,64,54900000,13
disabled,64,55000000,13
disabled,64,55100000,13
disabled,64,55200000,13
disabled,64,55300000,13
disabled,64,55400000,13
disabled,64,55500000,13
disabled,64,55600000,13
disabled,64,55700000,13
disabled,64,55800000,13
disabled,64,55900000,13
disabled,64,56000000,13
disabled,64,56100000,13
disabled,64,56200000,13
disabled,64,56300000,13
disabled,64,56400000,13
disabled,64,56500000,13
disabled,64,56600000,13
disabled,64,56700000,13
disabled,64,56800000,13
disabled,64,56900000,13
disabled,64,57000000,13
disabled,64,57100000,13
disabled,64,57200000,13
disabled,64,57300000,13
disabled,64,57400000,13
disabled,64,57500000,13
disabled,64,57600000,13
disabled,64,57700000,13
disabled,64,57800000,13
disabled,64,57900000,13
disabled,64,58000000,13
disabled,64,58100000,13
disabled,64,58200000,13
disabled,64,58300000,13
disabled,64,58400000,13
disabled,64,58500000,13
disabled,64,58600000,13
disabled,64,58700000,13
disabled,64,58800000,13
disabled,64,58900000,13
disabled,64,59000000,13
disabled,64,59100000,13
disabled,64,59200000,13
disabled,64,59300000,13
disabled,64,59400000,13
disabled,64,59500000,13
disabled,64,59600000,13
disabled,64,59700000,13
disabled,64,59800000,13
disabled,64,59900000,13
disabled,64,60000000,13
disabled,64,60100000,13
disabled,64,60200000,13
disabled,64,60300000,13
disabled,64,60400000,13
disabled,64,60500000,13
disabled,64,60600000,13
disabled,64,60700000,13
disabled,64,60800000,13
disabled,64,60900000,13
disabled,64,61000000,13
disabled,64,61100000,13
disabled,64,61200000,13
disabled,64,61300000,13
disabled,64,61400000,13
disabled,64,61500000,13
disabled,64,61600000,13
disabled,64,61700000,13
disabled,64,61800000,13
disabled,64,61900000,13
disabled,64,62000000,13
disabled,64,62100000,13
disabled,64,62200000,13
disabled,64,62300000,13
disabled,64,62400000,13
disabled,64,62500000,13
disabled,64,62600000,13
disabled,64,62700000,13
disabled,64,62800000,13
disabled,64,62900000,13
disabled,64,63000000,13
disabled,64,63100000,13
disabled,64,63200000,13
disabled,64,63300000,13
disabled,64,63400000,13
disabled,64,63500000,13
disabled,64,63600000,13
disabled,64,63700000,13
disabled,64,63800000,13
disabled,64,63900000,13
disabled,64,64000000,13
disabled,64,64100000,13
disabled,64,64200000,13
disabled,64,64300000,13
disabled,64,64400000,13
disabled,64,64500000,13
disabled,64,64600000,13
disabled,64,64700000,13
disabled,64,64800000,13
disabled,64,64900000,13
disabled,64,65000000,13
disabled,64,65100000,13
disabled,64,65200000,13
disabled,64,65300000,13
disabled,64,65400000,13
disabled,64,65500000,13
disabled,64,65600000,13
disabled,64,65700000,13
disabled,64,65800000,13
disabled,64,65900000,13
disabled,64,66000000,13
disabled,64,66100000,13
disabled,64,66200000,13
disabled,64,66300000,13
disabled,64,66400000,13
disabled,64,66500000,13
disabled,64,66600000,13
disabled,64,66700000,13
disabled,64,66800000,13
disabled,64,66900000,13
disabled,64,67000000,13
disabled,64,67100000,13
disabled,64,67200000,13
disabled,64,67300000,13
disabled,64,67400000,13
disabled,64,67500000,13
disabled,64,67600000,13
disabled,64,67700000,13
disabled,64,67800000,13
disabled,64,67900000,13
disabled,64,68000000,13
disabled,64,68100000,13
disabled,64,68200000,13
disabled,64,68300000,13
disabled,64,68400000,13
disabled,64,68500000,13
disabled,64,68600000,13
disabled,64,68700000,13
disabled,64,68800000,13
disabled,64,68900000,13
disabled,64,69000000,13
disabled,64,69100000,13
disabled,64,69200000,13
disabled,64,69300000,13
disabled,64,69400000,13
disabled,64,69500000,13
disabled,64,69600000,13
disabled,64,69700000,13
disabled,64,69800000,13
disabled,64,69900000,13
disabled,64,70000000,13
disabled,64,70100000,13
disabled,64,70200000,13
disabled,64,70300000,13
disabled,64,70400000,13
disabled,64,70500000,13
disabled,64,70600000,13
disabled,64,70700000,13
disabled,64,70800000,13
disabled,64,70900000,13
disabled,64,71000000,13
disabled,64,71100000,13
disabled,64,71200000,13
disabled,64,71300000,13
disabled,64,71400000,13
disabled,64,71500000,13
disabled,64,71600000,13
disabled,64,71700000,13
disabled,64,71800000,13
disabled,64,71900000,13
disabled,64,72000000,13
disabled,64,72100000,13
disabled,64,72200000,13
disabled,64,72300000,13
disabled,64,72400000,13
disabled,64,72500000,13
disabled,64,72600000,13
disabled,64,72700000,13
disabled,64,72800000,13
disabled,64,72900000,13
disabled,64,73000000,13
disabled,64,73100000,13
disabled,64,73200000,13
disabled,64,73300000,13
disabled,64,73400000,13
disabled,64,73500000,13
disabled,64,73600000,13
disabled,64,73700000,13
disabled,64,73800000,13
disabled,64,73900000,13
disabled,64,74000000,13
disabled,64,74100000,13
disabled,64,74200000,13
disabled,64,74300000,13
disabled,64,74400000,13
disabled,64,74500000,13
disabled,64,74600000,13
disabled,64,74700000,13
disabled,64,74800000,13
disabled,64,74900000,13
disabled,64,75000000,13
disabled,64,75100000,13
disabled,64,75200000,13
disabled,64,75300000,13
disabled,64,75400000,13
disabled,64,75500000,13
disabled,64,75600000,13
disabled,64,75700000,13
disabled,64,75800000,13
disabled,64,75900000,13
disabled,64,76000000,13
disabled,64,76100000,13
disabled,64,76200000,13
disabled,64,76300000,13
disabled,64,76400000,13
disabled,64,76500000,13
disabled,64,76600000,13
disabled,64,76700000,13
disabled,64,76800000,13
disabled,64,76900000,13
disabled,64,77000000,13
disabled,64,77100000,13
disabled,64,77200000,13
disabled,64,77300000,13
disabled,64,77400000,13
disabled,64,77500000,13
disabled,64,77600000,13
disabled,64,77700000,13
disabled,64,77800000,13
disabled,64,77900000,13
disabled,64,78000000,13
disabled,64,78100000,13
disabled,64,78200000,13
disabled,64,78300000,13
disabled,64,78400000,13
disabled,64,78500000,13
disabled,64,78600000,13
disabled,64,78700000,13
disabled,64,78800000,13
disabled,64,78900000,13
disabled,64,79000000,13
disabled,64,79100000,13
disabled,64,79200000,13
disabled,64,79300000,13
disabled,64,79400000,13
disabled,64,79500000,13
disabled,64,79600000,13
disabled,64,79700000,13
disabled,64,79800000,13
disabled,64,79900000,13
marginal-hits,32,100000,11
marginal-hits,32,200000,12
marginal-hits,32,300000,12
marginal-hits,32,400000,11
marginal-hits,32,500000,10
marginal-hits,32,600000,9
marginal-hits,32,700000,8
marginal-hits,32,800000,7
marginal-hits,32,900000,6
marginal-hits,32,1000000,5
marginal-hits,32,1100000,4
marginal-hits,32,1200000,3
marginal-hits,32,1300000,2
marginal-hits,32,1400000,2
marginal-hits,32,1500000,2
marginal-hits,32,1600000,2
marginal-hits,32,1700000,2
marginal-hits,32,1800000,2
marginal-hits,32,1900000,3
marginal-hits,32,2000000,2
marginal-hits,32,2100000,2
marginal-hits,32,2200000,2
marginal-hits,32,2300000,3
marginal-hits,32,2400000,4
marginal-hits,32,2500000,3
marginal-hits,32,2600000,3
marginal-hits,32,2700000,4
marginal-hits,32,2800000,4
marginal-hits,32,2900000,3
marginal-hits,32,3000000,2
marginal-hits,32,3100000,2
marginal-hits,32,3200000,2
marginal-hits,32,3300000,3
marginal-hits,32,3400000,2
marginal-hits,32,3500000,2
marginal-hits,32,3600000,2
marginal-hits,32,3700000,3
marginal-hits,32,3800000,2
marginal-hits,32,3900000,2
marginal-hits,32,4000000,2
marginal-hits,32,4100000,3
marginal-hits,32,4200000,2
marginal-hits,32,4300000,3
marginal-hits,32,4400000,3
marginal-hits,32,4500000,3
marginal-hits,32,4600000,4
marginal-hits,32,4700000,3
marginal-hits,32,4800000,3
marginal-hits,32,4900000,2
marginal-hits,32,5000000,2
marginal-hits,32,5100000,2
marginal-hits,32,5200000,3
marginal-hits,32,5300000,3
marginal-hits,32,5400000,3
marginal-hits,32,5500000,2
marginal-hits,32,5600000,2
marginal-hits,32,5700000,3
marginal-hits,32,5800000,2
marginal-hits,32,5900000,2
marginal-hits,32,6000000,3
marginal-hits,32,6100000,2
marginal-hits,32,6200000,2
marginal-hits,32,6300000,2
marginal-hits,32,6400000,3
marginal-hits,32,6500000,2
marginal-hits,32,6600000,2
marginal-hits,32,6700000,2
marginal-hits,32,6800000,2
marginal-hits,32,6900000,2
marginal-hits,32,7000000,3
marginal-hits,32,7100000,2
marginal-hits,32,7200000,3
marginal-hits,32,7300000,2
marginal-hits,32,7400000,3
marginal-hits,32,7500000,2
marginal-hits,32,7600000,2
marginal-hits,32,7700000,2
marginal-hits,32,7800000,2
marginal-hits,32,7900000,2
marginal-hits,32,8000000,3
marginal-hits,32,8100000,2
marginal-hits,32,8200000,2
marginal-hits,32,8300000,2
marginal-hits,32,8400000,2
marginal-hits,32,8500000,2
marginal-hits,32,8600000,2
marginal-hits,32,8700000,3
marginal-hits,32,8800000,2
marginal-hits,32,8900000,3
marginal-hits,32,9000000,3
marginal-hits,32,9100000,3
marginal-hits,32,9200000,2
marginal-hits,32,9300000,2
marginal-hits,32,9400000,2
marginal-hits,32,9500000,2
marginal-hits,32,9600000,2
marginal-hits,32,9700000,2
marginal-hits,32,9800000,3
marginal-hits,32,9900000,4
marginal-hits,32,10000000,4
marginal-hits,32,10100000,3
marginal-hits,32,10200000,2
marginal-hits,32,10300000,2
marginal-hits,32,10400000,2
marginal-hits,32,10500000,2
marginal-hits,32,10600000,2
marginal-hits,32,10700000,2
marginal-hits,32,10800000,3
marginal-hits,32,10900000,4
marginal-hits,32,11000000,3
marginal-hits,32,11100000,2
marginal-hits,32,11200000,2
marginal-hits,32,11300000,3
marginal-hits,32,11400000,2
marginal-hits,32,11500000,2
marginal-hits,32,11600000,3
marginal-hits,32,11700000,3
marginal-hits,32,11800000,3
marginal-hits,32,11900000,3
marginal-hits,32,12000000,2
marginal-hits,32,12100000,2
marginal-hits,32,12200000,3
marginal-hits,32,12300000,3
marginal-hits,32,12400000,2
marginal-hits,32,12500000,2
marginal-hits,32,12600000,2
marginal-hits,32,12700000,3
marginal-hits,32,12800000,4
marginal-hits,32,12900000,3
marginal-hits,32,13000000,2
marginal-hits,32,13100000,2
marginal-hits,32,13200000,2
marginal-hits,32,13300000,3
marginal-hits,32,13400000,4
marginal-hits,32,13500000,3
marginal-hits,32,13600000,2
marginal-hits,32,13700000,2
marginal-hits,32,13800000,2
marginal-hits,32,13900000,3
marginal-hits,32,14000000,3
marginal-hits,32,14100000,3
marginal-hits,32,14200000,4
marginal-hits,32,14300000,3
marginal-hits,32,14400000,2
marginal-hits,32,14500000,3
marginal-hits,32,14600000,3
marginal-hits,32,14700000,2
marginal-hits,32,14800000,2
marginal-hits,32,14900000,3
marginal-hits,32,15000000,2
marginal-hits,32,15100000,3
marginal-hits,32,15200000,2
marginal-hits,32,15300000,2
marginal-hits,32,15400000,3
marginal-hits,32,15500000,3
marginal-hits,32,15600000,2
marginal-hits,32,15700000,2
marginal-hits,32,15800000,3
marginal-hits,32,15900000,4
marginal-hits,32,16000000,4
marginal-hits,32,16100000,3
marginal-hits,32,16200000,2
marginal-hits,32,16300000,3
marginal-hits,32,16400000,2
marginal-hits,32,16500000,2
marginal-hits,32,16600000,3
marginal-hits,32,16700000,3
marginal-hits,32,16800000,2
marginal-hits,32,16900000,2
marginal-hits,32,17000000,3
marginal-hits,32,17100000,3
marginal-hits,32,17200000,2
marginal-hits,32,17300000,2
marginal-hits,32,17400000,2
marginal-hits,32,17500000,2
marginal-hits,32,17600000,2
marginal-hits,32,17700000,2
marginal-hits,32,17800000,2
marginal-hits,32,17900000,3
marginal-hits,32,18000000,2
marginal-hits,32,18100000,2
marginal-hits,32,18200000,2
marginal-hits,32,18300000,3
marginal-hits,32,18400000,2
marginal-hits,32,18500000,3
marginal-hits,32,18600000,2
marginal-hits,32,18700000,2
marginal-hits,32,18800000,3
marginal-hits,32,18900000,3
marginal-hits,32,19000000,2
marginal-hits,32,19100000,3
marginal-hits,32,19200000,2
marginal-hits,32,19300000,2
marginal-hits,32,19400000,2
marginal-hits,32,19500000,2
marginal-hits,32,19600000,2
marginal-hits,32,19700000,2
marginal-hits,32,19800000,3
marginal-hits,32,19900000,2
marginal-hits,32,20000000,2
marginal-hits,32,20100000,2
marginal-hits,32,20200000,2
marginal-hits,32,20300000,2
marginal-hits,32,20400000,2
marginal-hits,32,20500000,2
marginal-hits,32,20600000,3
marginal-hits,32,20700000,3
marginal-hits,32,20800000,3
marginal-hits,32,20900000,2
marginal-hits,32,21000000,3
marginal-hits,32,21100000,2
marginal-hits,32,21200000,3
marginal-hits,32,21300000,2
marginal-hits,32,21400000,3
marginal-hits,32,21500000,3
marginal-hits,32,21600000,4
marginal-hits,32,21700000,3
marginal-hits,32,21800000,2
marginal-hits,32,21900000,3
marginal-hits,32,22000000,2
marginal-hits,32,22100000,2
marginal-hits,32,22200000,3
marginal-hits,32,22300000,2
marginal-hits,32,22400000,3
marginal-hits,32,22500000,2
marginal-hits,32,22600000,2
marginal-hits,32,22700000,2
marginal-hits,32,22800000,3
marginal-hits,32,22900000,2
marginal-hits,32,23000000,2
marginal-hits,32,23100000,2
marginal-hits,32,23200000,3
marginal-hits,32,23300000,4
marginal-hits,32,23400000,3
marginal-hits,32,23500000,3
marginal-hits,32,23600000,2
marginal-hits,32,23700000,2
marginal-hits,32,23800000,2
marginal-hits,32,23900000,2
marginal-hits,32,24000000,3
marginal-hits,32,24100000,2
marginal-hits,32,24200000,2
marginal-hits,32,24300000,2
marginal-hits,32,24400000,2
marginal-hits,32,24500000,2
marginal-hits,32,24600000,3
marginal-hits,32,24700000,3
marginal-hits,32,24800000,2
marginal-hits,32,24900000,2
marginal-hits,32,25000000,2
marginal-hits,32,25100000,3
marginal-hits,32,25200000,2
marginal-hits,32,25300000,3
marginal-hits,32,25400000,3
marginal-hits,32,25500000,4
marginal-hits,32,25600000,3
marginal-hits,32,25700000,2
marginal-hits,32,25800000,2
marginal-hits,32,25900000,2
marginal-hits,32,26000000,2
marginal-hits,32,26100000,2
marginal-hits,32,26200000,3
marginal-hits,32,26300000,3
marginal-hits,32,26400000,4
marginal-hits,32,26500000,3
marginal-hits,32,26600000,2
marginal-hits,32,26700000,3
marginal-hits,32,26800000,2
marginal-hits,32,26900000,2
marginal-hits,32,27000000,2
marginal-hits,32,27100000,3
marginal-hits,32,27200000,2
marginal-hits,32,27300000,2
marginal-hits,32,27400000,2
marginal-hits,32,27500000,3
marginal-hits,32,27600000,2
marginal-hits,32,27700000,3
marginal-hits,32,27800000,2
marginal-hits,32,27900000,2
marginal-hits,32,28000000,2
marginal-hits,32,28100000,3
marginal-hits,32,28200000,3
marginal-hits,32,28300000,2
marginal-hits,32,28400000,2
marginal-hits,32,28500000,2
marginal-hits,32,28600000,2
marginal-hits,32,28700000,3
marginal-hits,32,28800000,2
marginal-hits,32,28900000,3
marginal-hits,32,29000000,2
marginal-hits,32,29100000,2
marginal-hits,32,29200000,3
marginal-hits,32,29300000,3
marginal-hits,32,29400000,2
marginal-hits,32,29500000,2
marginal-hits,32,29600000,2
marginal-hits,32,29700000,2
marginal-hits,32,29800000,3
marginal-hits,32,29900000,2
marginal-hits,32,30000000,2
marginal-hits,32,30100000,2
marginal-hits,32,30200000,2
marginal-hits,32,30300000,2
marginal-hits,32,30400000,2
marginal-hits,32,30500000,3
marginal-hits,32,30600000,3
marginal-hits,32,30700000,3
marginal-hits,32,30800000,2
marginal-hits,32,30900000,2
marginal-hits,32,31000000,2
marginal-hits,32,31100000,2
marginal-hits,32,31200000,2
marginal-hits,32,31300000,3
marginal-hits,32,31400000,3
marginal-hits,32,31500000,2
marginal-hits,32,31600000,2
marginal-hits,32,31700000,3
marginal-hits,32,31800000,3
marginal-hits,32,31900000,2
marginal-hits,32,32000000,2
marginal-hits,32,32100000,2
marginal-hits,32,32200000,2
marginal-hits,32,32300000,2
marginal-hits,32,32400000,2
marginal-hits,32,32500000,2
marginal-hits,32,32600000,2
marginal-hits,32,32700000,2
marginal-hits,32,32800000,3
marginal-hits,32,32900000,2
marginal-hits,32,33000000,2
marginal-hits,32,33100000,2
marginal-hits,32,33200000,3
marginal-hits,32,33300000,4
marginal-hits,32,33400000,5
marginal-hits,32,33500000,4
marginal-hits,32,33600000,3
marginal-hits,32,33700000,3
marginal-hits,32,33800000,2
marginal-hits,32,33900000,2
marginal-hits,32,34000000,2
marginal-hits,32,34100000,3
marginal-hits,32,34200000,2
marginal-hits,32,34300000,2
marginal-hits,32,34400000,2
marginal-hits,32,34500000,2
marginal-hits,32,34600000,2
marginal-hits,32,34700000,3
marginal-hits,32,34800000,3
marginal-hits,32,34900000,3
marginal-hits,32,35000000,2
marginal-hits,32,35100000,2
marginal-hits,32,35200000,2
marginal-hits,32,35300000,2
marginal-hits,32,35400000,3
marginal-hits,32,35500000,4
marginal-hits,32,35600000,3
marginal-hits,32,35700000,2
marginal-hits,32,35800000,2
marginal-hits,32,35900000,2
marginal-hits,32,36000000,3
marginal-hits,32,36100000,3
marginal-hits,32,36200000,3
marginal-hits,32,36300000,2
marginal-hits,32,36400000,2
marginal-hits,32,36500000,2
marginal-hits,32,36600000,3
marginal-hits,32,36700000,3
marginal-hits,32,36800000,4
marginal-hits,32,36900000,3
marginal-hits,32,37000000,3
marginal-hits,32,37100000,3
marginal-hits,32,37200000,3
marginal-hits,32,37300000,3
marginal-hits,32,37400000,3
marginal-hits,32,37500000,2
marginal-hits,32,37600000,3
marginal-hits,32,37700000,2
marginal-hits,32,37800000,3
marginal-hits,32,37900000,2
marginal-hits,32,38000000,2
marginal-hits,32,38100000,2
marginal-hits,32,38200000,3
marginal-hits,32,38300000,3
marginal-hits,32,38400000,4
marginal-hits,32,38500000,3
marginal-hits,32,38600000,2
marginal-hits,32,38700000,2
marginal-hits,32,38800000,2
marginal-hits,32,38900000,2
marginal-hits,32,39000000,2
marginal-hits,32,39100000,2
marginal-hits,32,39200000,2
marginal-hits,32,39300000,2
marginal-hits,32,39400000,3
marginal-hits,32,39500000,2
marginal-hits,32,39600000,2
marginal-hits,32,39700000,3
marginal-hits,32,39800000,3
marginal-hits,32,39900000,2
marginal-hits,32,40000000,2
marginal-hits,32,40100000,2
marginal-hits,32,40200000,2
marginal-hits,32,40300000,3
marginal-hits,32,40400000,2
marginal-hits,32,40500000,3
marginal-hits,32,40600000,2
marginal-hits,32,40700000,2
marginal-hits,32,40800000,2
marginal-hits,32,40900000,3
marginal-hits,32,41000000,2
marginal-hits,32,41100000,3
marginal-hits,32,41200000,2
marginal-hits,32,41300000,3
marginal-hits,32,41400000,2
marginal-hits,32,41500000,2
marginal-hits,32,41600000,2
marginal-hits,32,41700000,2
marginal-hits,32,41800000,3
marginal-hits,32,41900000,2
marginal-hits,32,42000000,2
marginal-hits,32,42100000,2
marginal-hits,32,42200000,3
marginal-hits,32,42300000,2
marginal-hits,32,42400000,3
marginal-hits,32,42500000,2
marginal-hits,32,42600000,3
marginal-hits,32,42700000,2
marginal-hits,32,42800000,3
marginal-hits,32,42900000,2
marginal-hits,32,43000000,2
marginal-hits,32,43100000,2
marginal-hits,32,43200000,3
marginal-hits,32,43300000,2
marginal-hits,32,43400000,3
marginal-hits,32,43500000,2
marginal-hits,32,43600000,2
marginal-hits,32,43700000,3
marginal-hits,32,43800000,3
marginal-hits,32,43900000,3
marginal-hits,32,44000000,2
marginal-hits,32,44100000,2
marginal-hits,32,44200000,2
marginal-hits,32,44300000,3
marginal-hits,32,44400000,2
marginal-hits,32,44500000,2
marginal-hits,32,44600000,2
marginal-hits,32,44700000,2
marginal-hits,32,44800000,2
marginal-hits,32,44900000,2
marginal-hits,32,45000000,2
marginal-hits,32,45100000,3
marginal-hits,32,45200000,2
marginal-hits,32,45300000,3
marginal-hits,32,45400000,2
marginal-hits,32,45500000,2
marginal-hits,32,45600000,2
marginal-hits,32,45700000,3
marginal-hits,32,45800000,3
marginal-hits,32,45900000,2
marginal-hits,32,46000000,2
marginal-hits,32,46100000,3
marginal-hits,32,46200000,2
marginal-hits,32,46300000,2
marginal-hits,32,46400000,2
marginal-hits,32,46500000,2
marginal-hits,32,46600000,3
marginal-hits,32,46700000,2
marginal-hits,32,46800000,2
marginal-hits,32,46900000,3
marginal-hits,32,47000000,3
marginal-hits,32,47100000,2
marginal-hits,32,47200000,2
marginal-hits,32,47300000,2
marginal-hits,32,47400000,2
marginal-hits,32,47500000,3
marginal-hits,32,47600000,3
marginal-hits,32,47700000,4
marginal-hits,32,47800000,3
marginal-hits,32,47900000,2
marginal-hits,32,48000000,3
marginal-hits,32,48100000,3
marginal-hits,32,48200000,4
marginal-hits,32,48300000,4
marginal-hits,32,48400000,3
marginal-hits,32,48500000,2
marginal-hits,32,48600000,3
marginal-hits,32,48700000,2
marginal-hits,32,48800000,2
marginal-hits,32,48900000,2
marginal-hits,32,49000000,2
marginal-hits,32,49100000,2
marginal-hits,32,49200000,2
marginal-hits,32,49300000,3
marginal-hits,32,49400000,3
marginal-hits,32,49500000,2
marginal-hits,32,49600000,3
marginal-hits,32,49700000,2
marginal-hits,32,49800000,3
marginal-hits,32,49900000,2
marginal-hits,32,50000000,2
marginal-hits,32,50100000,3
marginal-hits,32,50200000,2
marginal-hits,32,50300000,2
marginal-hits,32,50400000,2
marginal-hits,32,50500000,2
marginal-hits,32,50600000,3
marginal-hits,32,50700000,2
marginal-hits,32,50800000,2
marginal-hits,32,50900000,2
marginal-hits,32,51000000,3
marginal-hits,32,51100000,2
marginal-hits,32,51200000,2
marginal-hits,32,51300000,3
marginal-hits,32,51400000,2
marginal-hits,32,51500000,2
marginal-hits,32,51600000,2
marginal-hits,32,51700000,3
marginal-hits,32,51800000,2
marginal-hits,32,51900000,3
marginal-hits,32,52000000,3
marginal-hits,32,52100000,4
marginal-hits,32,52200000,3
marginal-hits,32,52300000,3
marginal-hits,32,52400000,2
marginal-hits,32,52500000,2
marginal-hits,32,52600000,3
marginal-hits,32,52700000,3
marginal-hits,32,52800000,2
marginal-hits,32,52900000,3
marginal-hits,32,53000000,2
marginal-hits,32,53100000,3
marginal-hits,32,53200000,3
marginal-hits,32,53300000,4
marginal-hits,32,53400000,3
marginal-hits,32,53500000,2
marginal-hits,32,53600000,2
marginal-hits,32,53700000,2
marginal-hits,32,53800000,3
marginal-hits,32,53900000,2
marginal-hits,32,54000000,2
marginal-hits,32,54100000,3
marginal-hits,32,54200000,3
marginal-hits,32,54300000,4
marginal-hits,32,54400000,4
marginal-hits,32,54500000,4
marginal-hits,32,54600000,3
marginal-hits,32,54700000,3
marginal-hits,32,54800000,2
marginal-hits,32,54900000,2
marginal-hits,32,55000000,2
marginal-hits,32,55100000,2
marginal-hits,32,55200000,3
marginal-hits,32,55300000,2
marginal-hits,32,55400000,2
marginal-hits,32,55500000,2
marginal-hits,32,55600000,2
marginal-hits,32,55700000,3
marginal-hits,32,55800000,2
marginal-hits,32,55900000,2
marginal-hits,32,56000000,2
marginal-hits,32,56100000,2
marginal-hits,32,56200000,2
marginal-hits,32,56300000,2
marginal-hits,32,56400000,2
marginal-hits,32,56500000,2
marginal-hits,32,56600000,2
marginal-hits,32,56700000,2
marginal-hits,32,56800000,3
marginal-hits,32,56900000,2
marginal-hits,32,57000000,2
marginal-hits,32,57100000,3
marginal-hits,32,57200000,2
marginal-hits,32,57300000,2
marginal-hits,32,57400000,2
marginal-hits,32,57500000,2
marginal-hits,32,57600000,3
marginal-hits,32,57700000,4
marginal-hits,32,57800000,3
marginal-hits,32,57900000,2
marginal-hits,32,58000000,3
marginal-hits,32,58100000,3
marginal-hits,32,58200000,3
marginal-hits,32,58300000,2
marginal-hits,32,58400000,2
marginal-hits,32,58500000,2
marginal-hits,32,58600000,2
marginal-hits,32,58700000,2
marginal-hits,32,58800000,2
marginal-hits,32,58900000,3
marginal-hits,32,59000000,2
marginal-hits,32,59100000,3
marginal-hits,32,59200000,3
marginal-hits,32,59300000,2
marginal-hits,32,59400000,3
marginal-hits,32,59500000,2
marginal-hits,32,59600000,2
marginal-hits,32,59700000,2
marginal-hits,32,59800000,2
marginal-hits,32,59900000,2
marginal-hits,32,60000000,3
marginal-hits,32,60100000,2
marginal-hits,32,60200000,2
marginal-hits,32,60300000,2
marginal-hits,32,60400000,2
marginal-hits,32,60500000,2
marginal-hits,32,60600000,3
marginal-hits,32,60700000,2
marginal-hits,32,60800000,2
marginal-hits,32,60900000,3
marginal-hits,32,61000000,3
marginal-hits,32,61100000,2
marginal-hits,32,61200000,2
marginal-hits,32,61300000,3
marginal-hits,32,61400000,3
marginal-hits,32,61500000,4
marginal-hits,32,61600000,4
marginal-hits,32,61700000,3
marginal-hits,32,61800000,2
marginal-hits,32,61900000,2
marginal-hits,32,62000000,2
marginal-hits,32,62100000,3
marginal-hits,32,62200000,2
marginal-hits,32,62300000,2
marginal-hits,32,62400000,3
marginal-hits,32,62500000,2
marginal-hits,32,62600000,2
marginal-hits,32,62700000,2
marginal-hits,32,62800000,2
marginal-hits,32,62900000,3
marginal-hits,32,63000000,4
marginal-hits,32,63100000,3
marginal-hits,32,63200000,2
marginal-hits,32,63300000,2
marginal-hits,32,63400000,2
marginal-hits,32,63500000,3
marginal-hits,32,63600000,2
marginal-hits,32,63700000,2
marginal-hits,32,63800000,2
marginal-hits,32,63900000,3
marginal-hits,32,64000000,3
marginal-hits,32,64100000,2
marginal-hits,32,64200000,2
marginal-hits,32,64300000,2
marginal-hits,32,64400000,3
marginal-hits,32,64500000,2
marginal-hits,32,64600000,2
marginal-hits,32,64700000,2
marginal-hits,32,64800000,3
marginal-hits,32,64900000,4
marginal-hits,32,65000000,3
marginal-hits,32,65100000,2
marginal-hits,32,65200000,3
marginal-hits,32,65300000,4
marginal-hits,32,65400000,5
marginal-hits,32,65500000,4
marginal-hits,32,65600000,3
marginal-hits,32,65700000,3
marginal-hits,32,65800000,2
marginal-hits,32,65900000,3
marginal-hits,32,66000000,3
marginal-hits,32,66100000,2
marginal-hits,32,66200000,2
marginal-hits,32,66300000,3
marginal-hits,32,66400000,3
marginal-hits,32,66500000,2
marginal-hits,32,66600000,2
marginal-hits,32,66700000,3
marginal-hits,32,66800000,2
marginal-hits,32,66900000,2
marginal-hits,32,67000000,3
marginal-hits,32,67100000,2
marginal-hits,32,67200000,2
marginal-hits,32,67300000,2
marginal-hits,32,67400000,2
marginal-hits,32,67500000,2
marginal-hits,32,67600000,3
marginal-hits,32,67700000,2
marginal-hits,32,67800000,3
marginal-hits,32,67900000,2
marginal-hits,32,68000000,3
marginal-hits,32,68100000,4
marginal-hits,32,68200000,3
marginal-hits,32,68300000,2
marginal-hits,32,68400000,3
marginal-hits,32,68500000,3
marginal-hits,32,68600000,2
marginal-hits,32,68700000,2
marginal-hits,32,68800000,3
marginal-hits,32,68900000,2
marginal-hits,32,69000000,3
marginal-hits,32,69100000,2
marginal-hits,32,69200000,2
marginal-hits,32,69300000,3
marginal-hits,32,69400000,2
marginal-hits,32,69500000,2
marginal-hits,32,69600000,2
marginal-hits,32,69700000,2
marginal-hits,32,69800000,3
marginal-hits,32,69900000,3
marginal-hits,32,70000000,4
marginal-hits,32,70100000,3
marginal-hits,32,70200000,2
marginal-hits,32,70300000,2
marginal-hits,32,70400000,2
marginal-hits,32,70500000,3
marginal-hits,32,70600000,3
marginal-hits,32,70700000,3
marginal-hits,32,70800000,2
marginal-hits,32,70900000,2
marginal-hits,32,71000000,3
marginal-hits,32,71100000,3
marginal-hits,32,71200000,4
marginal-hits,32,71300000,3
marginal-hits,32,71400000,4
marginal-hits,32,71500000,4
marginal-hits,32,71600000,3
marginal-hits,32,71700000,2
marginal-hits,32,71800000,2
marginal-hits,32,71900000,3
marginal-hits,32,72000000,2
marginal-hits,32,72100000,2
marginal-hits,32,72200000,3
marginal-hits,32,72300000,2
marginal-hits,32,72400000,2
marginal-hits,32,72500000,2
marginal-hits,32,72600000,3
marginal-hits,32,72700000,4
marginal-hits,32,72800000,3
marginal-hits,32,72900000,4
marginal-hits,32,73000000,4
marginal-hits,32,73100000,3
marginal-hits,32,73200000,2
marginal-hits,32,73300000,2
marginal-hits,32,73400000,2
marginal-hits,32,73500000,2
marginal-hits,32,73600000,2
marginal-hits,32,73700000,3
marginal-hits,32,73800000,3
marginal-hits,32,73900000,3
marginal-hits,32,74000000,2
marginal-hits,32,74100000,2
marginal-hits,32,74200000,3
marginal-hits,32,74300000,3
marginal-hits,32,74400000,4
marginal-hits,32,74500000,3
marginal-hits,32,74600000,3
marginal-hits,32,74700000,4
marginal-hits,32,74800000,3
marginal-hits,32,74900000,2
marginal-hits,32,75000000,3
marginal-hits,32,75100000,3
marginal-hits,32,75200000,2
marginal-hits,32,75300000,3
marginal-hits,32,75400000,2
marginal-hits,32,75500000,3
marginal-hits,32,75600000,2
marginal-hits,32,75700000,2
marginal-hits,32,75800000,3
marginal-hits,32,75900000,2
marginal-hits,32,76000000,3
marginal-hits,32,76100000,3
marginal-hits,32,76200000,3
marginal-hits,32,76300000,3
marginal-hits,32,76400000,2
marginal-hits,32,76500000,2
marginal-hits,32,76600000,3
marginal-hits,32,76700000,2
marginal-hits,32,76800000,2
marginal-hits,32,76900000,2
marginal-hits,32,77000000,3
marginal-hits,32,77100000,2
marginal-hits,32,77200000,2
marginal-hits,32,77300000,3
marginal-hits,32,77400000,3
marginal-hits,32,77500000,3
marginal-hits,32,77600000,3
marginal-hits,32,77700000,2
marginal-hits,32,77800000,3
marginal-hits,32,77900000,2
marginal-hits,32,78000000,2
marginal-hits,32,78100000,3
marginal-hits,32,78200000,2
marginal-hits,32,78300000,2
marginal-hits,32,78400000,2
marginal-hits,32,78500000,3
marginal-hits,32,78600000,2
marginal-hits,32,78700000,3
marginal-hits,32,78800000,2
marginal-hits,32,78900000,2
marginal-hits,32,79000000,2
marginal-hits,32,79100000,2
marginal-hits,32,79200000,2
marginal-hits,32,79300000,2
marginal-hits,32,79400000,2
marginal-hits,32,79500000,3
marginal-hits,32,79600000,2
marginal-hits,32,79700000,2
marginal-hits,32,79800000,2
marginal-hits,32,79900000,2
hits,32,100000,11
hits,32,200000,12
hits,32,300000,12
hits,32,400000,11
hits,32,500000,10
hits,32,600000,9
hits,32,700000,8
hits,32,800000,7
hits,32,900000,7
hits,32,1000000,6
hits,32,1100000,6
hits,32,1200000,6
hits,32,1300000,6
hits,32,1400000,6
hits,32,1500000,6
hits,32,1600000,6
hits,32,1700000,6
hits,32,1800000,6
hits,32,1900000,6
hits,32,2000000,6
hits,32,2100000,6
hits,32,2200000,6
hits,32,2300000,6
hits,32,2400000,6
hits,32,2500000,6
hits,32,2600000,6
hits,32,2700000,6
hits,32,2800000,6
hits,32,2900000,6
hits,32,3000000,6
hits,32,3100000,6
hits,32,3200000,6
hits,32,3300000,6
hits,32,3400000,6
hits,32,3500000,6
hits,32,3600000,6
hits,32,3700000,6
hits,32,3800000,6
hits,32,3900000,6
hits,32,4000000,6
hits,32,4100000,6
hits,32,4200000,6
hits,32,4300000,6
hits,32,4400000,6
hits,32,4500000,6
hits,32,4600000,6
hits,32,4700000,6
hits,32,4800000,6
hits,32,4900000,6
hits,32,5000000,6
hits,32,5100000,6
hits,32,5200000,6
hits,32,5300000,6
hits,32,5400000,6
hits,32,5500000,6
hits,32,5600000,6
hits,32,5700000,6
hits,32,5800000,6
hits,32,5900000,6
hits,32,6000000,6
hits,32,6100000,6
hits,32,6200000,6
hits,32,6300000,6
hits,32,6400000,6
hits,32,6500000,6
hits,32,6600000,6
hits,32,6700000,6
hits,32,6800000,6
hits,32,6900000,6
hits,32,7000000,6
hits,32,7100000,6
hits,32,7200000,6
hits,32,7300000,6
hits,32,7400000,6
hits,32,7500000,6
hits,32,7600000,6
hits,32,7700000,6
hits,32,7800000,6
hits,32,7900000,6
hits,32,8000000,6
hits,32,8100000,6
hits,32,8200000,6
hits,32,8300000,6
hits,32,8400000,6
hits,32,8500000,6
hits,32,8600000,6
hits,32,8700000,6
hits,32,8800000,6
hits,32,8900000,6
hits,32,9000000,6
hits,32,9100000,6
hits,32,9200000,6
hits,32,9300000,6
hits,32,9400000,6
hits,32,9500000,6
hits,32,9600000,6
hits,32,9700000,6
hits,32,9800000,6
hits,32,9900000,6
hits,32,10000000,6
hits,32,10100000,6
hits,32,10200000,6
hits,32,10300000,6
hits,32,10400000,6
hits,32,10500000,6
hits,32,10600000,6
hits,32,10700000,6
hits,32,10800000,6
hits,32,10900000,6
hits,32,11000000,6
hits,32,11100000,6
hits,32,11200000,6
hits,32,11300000,6
hits,32,11400000,6
hits,32,11500000,6
hits,32,11600000,6
hits,32,11700000,6
hits,32,11800000,6
hits,32,11900000,6
hits,32,12000000,6
hits,32,12100000,6
hits,32,12200000,6
hits,32,12300000,6
hits,32,12400000,6
hits,32,12500000,6
hits,32,12600000,6
hits,32,12700000,6
hits,32,12800000,6
hits,32,12900000,6
hits,32,13000000,6
hits,32,13100000,6
hits,32,13200000,6
hits,32,13300000,6
hits,32,13400000,6
hits,32,13500000,6
hits,32,13600000,6
hits,32,13700000,6
hits,32,13800000,6
hits,32,13900000,6
hits,32,14000000,6
hits,32,14100000,6
hits,32,14200000,6
hits,32,14300000,6
hits,32,14400000,6
hits,32,14500000,6
hits,32,14600000,6
hits,32,14700000,6
hits,32,14800000,6
hits,32,14900000,6
hits,32,15000000,6
hits,32,15100000,6
hits,32,15200000,6
hits,32,15300000,6
hits,32,15400000,6
hits,32,15500000,6
hits,32,15600000,6
hits,32,15700000,6
hits,32,15800000,6
hits,32,15900000,6
hits,32,16000000,6
hits,32,16100000,6
hits,32,16200000,6
hits,32,16300000,6
hits,32,16400000,6
hits,32,16500000,6
hits,32,16600000,6
hits,32,16700000,6
hits,32,16800000,6
hits,32,16900000,6
hits,32,17000000,6
hits,32,17100000,6
hits,32,17200000,6
hits,32,17300000,6
hits,32,17400000,6
hits,32,17500000,6
hits,32,17600000,6
hits,32,17700000,6
hits,32,17800000,6
hits,32,17900000,6
hits,32,18000000,6
hits,32,18100000,6
hits,32,18200000,6
hits,32,18300000,6
hits,32,18400000,6
hits,32,18500000,6
hits,32,18600000,6
hits,32,18700000,6
hits,32,18800000,6
hits,32,18900000,6
hits,32,19000000,6
hits,32,19100000,6
hits,32,19200000,6
hits,32,19300000,6
hits,32,19400000,6
hits,32,19500000,6
hits,32,19600000,6
hits,32,19700000,6
hits,32,19800000,6
hits,32,19900000,6
hits,32,20000000,6
hits,32,20100000,6
hits,32,20200000,6
hits,32,20300000,6
hits,32,20400000,6
hits,32,20500000,6
hits,32,20600000,6
hits,32,20700000,6
hits,32,20800000,6
hits,32,20900000,6
hits,32,21000000,6
hits,32,21100000,6
hits,32,21200000,6
hits,32,21300000,6
hits,32,21400000,6
hits,32,21500000,6
hits,32,21600000,6
hits,32,21700000,6
hits,32,21800000,6
hits,32,21900000,6
hits,32,22000000,6
hits,32,22100000,6
hits,32,22200000,6
hits,32,22300000,6
hits,32,22400000,6
hits,32,22500000,6
hits,32,22600000,6
hits,32,22700000,6
hits,32,22800000,6
hits,32,22900000,6
hits,32,23000000,6
hits,32,23100000,6
hits,32,23200000,6
hits,32,23300000,6
hits,32,23400000,6
hits,32,23500000,6
hits,32,23600000,6
hits,32,23700000,6
hits,32,23800000,6
hits,32,23900000,6
hits,32,24000000,6
hits,32,24100000,6
hits,32,24200000,6
hits,32,24300000,6
hits,32,24400000,6
hits,32,24500000,6
hits,32,24600000,6
hits,32,24700000,6
hits,32,24800000,6
hits,32,24900000,6
hits,32,25000000,6
hits,32,25100000,6
hits,32,25200000,6
hits,32,25300000,6
hits,32,25400000,6
hits,32,25500000,6
hits,32,25600000,6
hits,32,25700000,6
hits,32,25800000,6
hits,32,25900000,6
hits,32,26000000,6
hits,32,26100000,6
hits,32,26200000,6
hits,32,26300000,6
hits,32,26400000,6
hits,32,26500000,6
hits,32,26600000,6
hits,32,26700000,6
hits,32,26800000,6
hits,32,26900000,6
hits,32,27000000,6
hits,32,27100000,6
hits,32,27200000,6
hits,32,27300000,6
hits,32,27400000,6
hits,32,27500000,6
hits,32,27600000,6
hits,32,27700000,6
hits,32,27800000,6
hits,32,27900000,6
hits,32,28000000,6
hits,32,28100000,6
hits,32,28200000,6
hits,32,28300000,6
hits,32,28400000,6
hits,32,28500000,6
hits,32,28600000,6
hits,32,28700000,6
hits,32,28800000,6
hits,32,28900000,6
hits,32,29000000,6
hits,32,29100000,6
hits,32,29200000,6
hits,32,29300000,6
hits,32,29400000,6
hits,32,29500000,6
hits,32,29600000,6
hits,32,29700000,6
hits,32,29800000,6
hits,32,29900000,6
hits,32,30000000,6
hits,32,30100000,6
hits,32,30200000,6
hits,32,30300000,6
hits,32,30400000,6
hits,32,30500000,6
hits,32,30600000,6
hits,32,30700000,6
hits,32,30800000,6
hits,32,30900000,6
hits,32,31000000,6
hits,32,31100000,6
hits,32,31200000,6
hits,32,31300000,6
hits,32,31400000,6
hits,32,31500000,6
hits,32,31600000,6
hits,32,31700000,6
hits,32,31800000,6
hits,32,31900000,6
hits,32,32000000,6
hits,32,32100000,6
hits,32,32200000,6
hits,32,32300000,6
hits,32,32400000,6
hits,32,32500000,6
hits,32,32600000,6
hits,32,32700000,6
hits,32,32800000,6
hits,32,32900000,6
hits,32,33000000,6
hits,32,33100000,6
hits,32,33200000,6
hits,32,33300000,6
hits,32,33400000,6
hits,32,33500000,6
hits,32,33600000,6
hits,32,33700000,6
hits,32,33800000,6
hits,32,33900000,6
hits,32,34000000,6
hits,32,34100000,6
hits,32,34200000,6
hits,32,34300000,6
hits,32,34400000,6
hits,32,34500000,6
hits,32,34600000,6
hits,32,34700000,6
hits,32,34800000,6
hits,32,34900000,6
hits,32,35000000,6
hits,32,35100000,6
hits,32,35200000,6
hits,32,35300000,6
hits,32,35400000,6
hits,32,35500000,6
hits,32,35600000,6
hits,32,35700000,6
hits,32,35800000,6
hits,32,35900000,6
hits,32,36000000,6
hits,32,36100000,6
hits,32,36200000,6
hits,32,36300000,6
hits,32,36400000,6
hits,32,36500000,6
hits,32,36600000,6
hits,32,36700000,6
hits,32,36800000,6
hits,32,36900000,6
hits,32,37000000,6
hits,32,37100000,6
hits,32,37200000,6
hits,32,37300000,6
hits,32,37400000,6
hits,32,37500000,6
hits,32,37600000,6
hits,32,37700000,6
hits,32,37800000,6
hits,32,37900000,6
hits,32,38000000,6
hits,32,38100000,6
hits,32,38200000,6
hits,32,38300000,6
hits,32,38400000,6
hits,32,38500000,6
hits,32,38600000,6
hits,32,38700000,6
hits,32,38800000,6
hits,32,38900000,6
hits,32,39000000,6
hits,32,39100000,6
hits,32,39200000,6
hits,32,39300000,6
hits,32,39400000,6
hits,32,39500000,6
hits,32,39600000,6
hits,32,39700000,6
hits,32,39800000,6
hits,32,39900000,6
hits,32,40000000,6
hits,32,40100000,6
hits,32,40200000,6
hits,32,40300000,6
hits,32,40400000,6
hits,32,40500000,6
hits,32,40600000,6
hits,32,40700000,6
hits,32,40800000,6
hits,32,40900000,6
hits,32,41000000,6
hits,32,41100000,6
hits,32,41200000,6
hits,32,41300000,6
hits,32,41400000,6
hits,32,41500000,6
hits,32,41600000,6
hits,32,41700000,6
hits,32,41800000,6
hits,32,41900000,6
hits,32,42000000,6
hits,32,42100000,6
hits,32,42200000,6
hits,32,42300000,6
hits,32,42400000,6
hits,32,42500000,6
hits,32,42600000,6
hits,32,42700000,6
hits,32,42800000,6
hits,32,42900000,6
hits,32,43000000,6
hits,32,43100000,6
hits,32,43200000,6
hits,32,43300000,6
hits,32,43400000,6
hits,32,43500000,6
hits,32,43600000,6
hits,32,43700000,6
hits,32,43800000,6
hits,32,43900000,6
hits,32,44000000,6
hits,32,44100000,6
hits,32,44200000,6
hits,32,44300000,6
hits,32,44400000,6
hits,32,44500000,6
hits,32,44600000,6
hits,32,44700000,6
hits,32,44800000,6
hits,32,44900000,6
hits,32,45000000,6
hits,32,45100000,6
hits,32,45200000,6
hits,32,45300000,6
hits,32,45400000,6
hits,32,45500000,6
hits,32,45600000,6
hits,32,45700000,6
hits,32,45800000,6
hits,32,45900000,6
hits,32,46000000,6
hits,32,46100000,6
hits,32,46200000,6
hits,32,46300000,6
hits,32,46400000,6
hits,32,46500000,6
hits,32,46600000,6
hits,32,46700000,6
hits,32,46800000,6
hits,32,46900000,6
hits,32,47000000,6
hits,32,47100000,6
hits,32,47200000,6
hits,32,47300000,6
hits,32,47400000,6
hits,32,47500000,6
hits,32,47600000,6
hits,32,47700000,6
hits,32,47800000,6
hits,32,47900000,6
hits,32,48000000,6
hits,32,48100000,6
hits,32,48200000,6
hits,32,48300000,6
hits,32,48400000,6
hits,32,48500000,6
hits,32,48600000,6
hits,32,48700000,6
hits,32,48800000,6
hits,32,48900000,6
hits,32,49000000,6
hits,32,49100000,6
hits,32,49200000,6
hits,32,49300000,6
hits,32,49400000,6
hits,32,49500000,6
hits,32,49600000,6
hits,32,49700000,6
hits,32,49800000,6
hits,32,49900000,6
hits,32,50000000,6
hits,32,50100000,6
hits,32,50200000,6
hits,32,50300000,6
hits,32,50400000,6
hits,32,50500000,6
hits,32,50600000,6
hits,32,50700000,6
hits,32,50800000,6
hits,32,50900000,6
hits,32,51000000,6
hits,32,51100000,6
hits,32,51200000,6
hits,32,51300000,6
hits,32,51400000,6
hits,32,51500000,6
hits,32,51600000,6
hits,32,51700000,6
hits,32,51800000,6
hits,32,51900000,6
hits,32,52000000,6
hits,32,52100000,6
hits,32,52200000,6
hits,32,52300000,6
hits,32,52400000,6
hits,32,52500000,6
hits,32,52600000,6
hits,32,52700000,6
hits,32,52800000,6
hits,32,52900000,6
hits,32,53000000,6
hits,32,53100000,6
hits,32,53200000,6
hits,32,53300000,6
hits,32,53400000,6
hits,32,53500000,6
hits,32,53600000,6
hits,32,53700000,6
hits,32,53800000,6
hits,32,53900000,6
hits,32,54000000,6
hits,32,54100000,6
hits,32,54200000,6
hits,32,54300000,6
hits,32,54400000,6
hits,32,54500000,6
hits,32,54600000,6
hits,32,54700000,6
hits,32,54800000,6
hits,32,54900000,6
hits,32,55000000,6
hits,32,55100000,6
hits,32,55200000,6
hits,32,55300000,6
hits,32,55400000,6
hits,32,55500000,6
hits,32,55600000,6
hits,32,55700000,6
hits,32,55800000,6
hits,32,55900000,6
hits,32,56000000,6
hits,32,56100000,6
hits,32,56200000,6
hits,32,56300000,6
hits,32,56400000,6
hits,32,56500000,6
hits,32,56600000,6
hits,32,56700000,6
hits,32,56800000,6
hits,32,56900000,6
hits,32,57000000,6
hits,32,57100000,6
hits,32,57200000,6
hits,32,57300000,6
hits,32,57400000,6
hits,32,57500000,6
hits,32,57600000,6
hits,32,57700000,6
hits,32,57800000,6
hits,32,57900000,6
hits,32,58000000,6
hits,32,58100000,6
hits,32,58200000,6
hits,32,58300000,6
hits,32,58400000,6
hits,32,58500000,6
hits,32,58600000,6
hits,32,58700000,6
hits,32,58800000,6
hits,32,58900000,6
hits,32,59000000,6
hits,32,59100000,6
hits,32,59200000,6
hits,32,59300000,6
hits,32,59400000,6
hits,32,59500000,6
hits,32,59600000,6
hits,32,59700000,6
hits,32,59800000,6
hits,32,59900000,6
hits,32,60000000,6
hits,32,60100000,6
hits,32,60200000,6
hits,32,60300000,6
hits,32,60400000,6
hits,32,60500000,6
hits,32,60600000,6
hits,32,60700000,6
hits,32,60800000,6
hits,32,60900000,6
hits,32,61000000,6
hits,32,61100000,6
hits,32,61200000,6
hits,32,61300000,6
hits,32,61400000,6
hits,32,61500000,6
hits,32,61600000,6
hits,32,61700000,6
hits,32,61800000,6
hits,32,61900000,6
hits,32,62000000,6
hits,32,62100000,6
hits,32,62200000,6
hits,32,62300000,6
hits,32,62400000,6
hits,32,62500000,6
hits,32,62600000,6
hits,32,62700000,6
hits,32,62800000,6
hits,32,62900000,6
hits,32,63000000,6
hits,32,63100000,6
hits,32,63200000,6
hits,32,63300000,6
hits,32,63400000,6
hits,32,63500000,6
hits,32,63600000,6
hits,32,63700000,6
hits,32,63800000,6
hits,32,63900000,6
hits,32,64000000,6
hits,32,64100000,6
hits,32,64200000,6
hits,32,64300000,6
hits,32,64400000,6
hits,32,64500000,6
hits,32,64600000,6
hits,32,64700000,6
hits,32,64800000,6
hits,32,64900000,6
hits,32,65000000,6
hits,32,65100000,6
hits,32,65200000,6
hits,32,65300000,6
hits,32,65400000,6
hits,32,65500000,6
hits,32,65600000,6
hits,32,65700000,6
hits,32,65800000,6
hits,32,65900000,6
hits,32,66000000,6
hits,32,66100000,6
hits,32,66200000,6
hits,32,66300000,6
hits,32,66400000,6
hits,32,66500000,6
hits,32,66600000,6
hits,32,66700000,6
hits,32,66800000,6
hits,32,66900000,6
hits,32,67000000,6
hits,32,67100000,6
hits,32,67200000,6
hits,32,67300000,6
hits,32,67400000,6
hits,32,67500000,6
hits,32,67600000,6
hits,32,67700000,6
hits,32,67800000,6
hits,32,67900000,6
hits,32,68000000,6
hits,32,68100000,6
hits,32,68200000,6
hits,32,68300000,6
hits,32,68400000,6
hits,32,68500000,6
hits,32,68600000,6
hits,32,68700000,6
hits,32,68800000,6
hits,32,68900000,6
hits,32,69000000,6
hits,32,69100000,6
hits,32,69200000,6
hits,32,69300000,6
hits,32,69400000,6
hits,32,69500000,6
hits,32,69600000,6
hits,32,69700000,6
hits,32,69800000,6
hits,32,69900000,6
hits,32,70000000,6
hits,32,70100000,6
hits,32,70200000,6
hits,32,70300000,6
hits,32,70400000,6
hits,32,70500000,6
hits,32,70600000,6
hits,32,70700000,6
hits,32,70800000,6
hits,32,70900000,6
hits,32,71000000,6
hits,32,71100000,6
hits,32,71200000,6
hits,32,71300000,6
hits,32,71400000,6
hits,32,71500000,6
hits,32,71600000,6
hits,32,71700000,6
hits,32,71800000,6
hits,32,71900000,6
hits,32,72000000,6
hits,32,72100000,6
hits,32,72200000,6
hits,32,72300000,6
hits,32,72400000,6
hits,32,72500000,6
hits,32,72600000,6
hits,32,72700000,6
hits,32,72800000,6
hits,32,72900000,6
hits,32,73000000,6
hits,32,73100000,6
hits,32,73200000,6
hits,32,73300000,6
hits,32,73400000,6
hits,32,73500000,6
hits,32,73600000,6
hits,32,73700000,6
hits,32,73800000,6
hits,32,73900000,6
hits,32,74000000,6
hits,32,74100000,6
hits,32,74200000,6
hits,32,74300000,6
hits,32,74400000,6
hits,32,74500000,6
hits,32,74600000,6
hits,32,74700000,6
hits,32,74800000,6
hits,32,74900000,6
hits,32,75000000,6
hits,32,75100000,6
hits,32,75200000,6
hits,32,75300000,6
hits,32,75400000,6
hits,32,75500000,6
hits,32,75600000,6
hits,32,75700000,6
hits,32,75800000,6
hits,32,75900000,6
hits,32,76000000,6
hits,32,76100000,6
hits,32,76200000,6
hits,32,76300000,6
hits,32,76400000,6
hits,32,76500000,6
hits,32,76600000,6
hits,32,76700000,6
hits,32,76800000,6
hits,32,76900000,6
hits,32,77000000,6
hits,32,77100000,6
hits,32,77200000,6
hits,32,77300000,6
hits,32,77400000,6
hits,32,77500000,6
hits,32,77600000,6
hits,32,77700000,6
hits,32,77800000,6
hits,32,77900000,6
hits,32,78000000,6
hits,32,78100000,6
hits,32,78200000,6
hits,32,78300000,6
hits,32,78400000,6
hits,32,78500000,6
hits,32,78600000,6
hits,32,78700000,6
hits,32,78800000,6
hits,32,78900000,6
hits,32,79000000,6
hits,32,79100000,6
hits,32,79200000,6
hits,32,79300000,6
hits,32,79400000,6
hits,32,79500000,6
hits,32,79600000,6
hits,32,79700000,6
hits,32,79800000,6
hits,32,79900000,6
disabled,256,100000,116
disabled,256,200000,107
disabled,256,300000,101
disabled,256,400000,98
disabled,256,500000,95
disabled,256,600000,92
disabled,256,700000,89
disabled,256,800000,89
disabled,256,900000,89
disabled,256,1000000,89
disabled,256,1100000,89
disabled,256,1200000,88
disabled,256,1300000,88
disabled,256,1400000,88
disabled,256,1500000,87
disabled,256,1600000,87
disabled,256,1700000,87
disabled,256,1800000,86
disabled,256,1900000,86
disabled,256,2000000,85
disabled,256,2100000,86
disabled,256,2200000,85
disabled,256,2300000,84
disabled,256,2400000,85
disabled,256,2500000,85
disabled,256,2600000,84
disabled,256,2700000,84
disabled,256,2800000,84
disabled,256,2900000,85
disabled,256,3000000,85
disabled,256,3100000,85
disabled,256,3200000,85
disabled,256,3300000,85
disabled,256,3400000,85
disabled,256,3500000,85
disabled,256,3600000,85
disabled,256,3700000,85
disabled,256,3800000,85
disabled,256,3900000,85
disabled,256,4000000,85
disabled,256,4100000,85
disabled,256,4200000,85
disabled,256,4300000,85
disabled,256,4400000,85
disabled,256,4500000,85
disabled,256,4600000,85
disabled,256,4700000,85
disabled,256,4800000,85
disabled,256,4900000,85
disabled,256,5000000,85
disabled,256,5100000,85
disabled,256,5200000,85
disabled,256,5300000,85
disabled,256,5400000,85
disabled,256,5500000,85
disabled,256,5600000,85
disabled,256,5700000,85
disabled,256,5800000,85
disabled,256,5900000,85
disabled,256,6000000,85
disabled,256,6100000,85
disabled,256,6200000,85
disabled,256,6300000,85
disabled,256,6400000,85
disabled,256,6500000,85
disabled,256,6600000,85
disabled,256,6700000,85
disabled,256,6800000,85
disabled,256,6900000,85
disabled,256,7000000,85
disabled,256,7100000,85
disabled,256,7200000,85
disabled,256,7300000,85
disabled,256,7400000,85
disabled,256,7500000,85
disabled,256,7600000,85
disabled,256,7700000,85
disabled,256,7800000,85
disabled,256,7900000,85
disabled,256,8000000,85
disabled,256,8100000,85
disabled,256,8200000,85
disabled,256,8300000,85
disabled,256,8400000,85
disabled,256,8500000,85
disabled,256,8600000,85
disabled,256,8700000,85
disabled,256,8800000,85
disabled,256,8900000,85
disabled,256,9000000,85
disabled,256,9100000,85
disabled,256,9200000,85
disabled,256,9300000,85
disabled,256,9400000,85
disabled,256,9500000,85
disabled,256,9600000,85
disabled,256,9700000,85
disabled,256,9800000,85
disabled,256,9900000,85
disabled,256,10000000,85
disabled,256,10100000,85
disabled,256,10200000,85
disabled,256,10300000,85
disabled,256,10400000,85
disabled,256,10500000,85
disabled,256,10600000,85
disabled,256,10700000,85
disabled,256,10800000,85
disabled,256,10900000,85
disabled,256,11000000,85
disabled,256,11100000,85
disabled,256,11200000,85
disabled,256,11300000,85
disabled,256,11400000,85
disabled,256,11500000,85
disabled,256,11600000,85
disabled,256,11700000,85
disabled,256,11800000,85
disabled,256,11900000,85
disabled,256,12000000,85
disabled,256,12100000,85
disabled,256,12200000,85
disabled,256,12300000,85
disabled,256,12400000,85
disabled,256,12500000,85
disabled,256,12600000,85
disabled,256,12700000,85
disabled,256,12800000,85
disabled,256,12900000,85
disabled,256,13000000,85
disabled,256,13100000,85
disabled,256,13200000,85
disabled,256,13300000,85
disabled,256,13400000,85
disabled,256,13500000,85
disabled,256,13600000,85
disabled,256,13700000,85
disabled,256,13800000,85
disabled,256,13900000,85
disabled,256,14000000,85
disabled,256,14100000,85
disabled,256,14200000,85
disabled,256,14300000,85
disabled,256,14400000,85
disabled,256,14500000,85
disabled,256,14600000,85
disabled,256,14700000,85
disabled,256,14800000,85
disabled,256,14900000,85
disabled,256,15000000,85
disabled,256,15100000,85
disabled,256,15200000,85
disabled,256,15300000,85
disabled,256,15400000,85
disabled,256,15500000,85
disabled,256,15600000,85
disabled,256,15700000,85
disabled,256,15800000,85
disabled,256,15900000,85
disabled,256,16000000,85
disabled,256,16100000,85
disabled,256,16200000,85
disabled,256,16300000,85
disabled,256,16400000,85
disabled,256,16500000,85
disabled,256,16600000,85
disabled,256,16700000,85
disabled,256,16800000,85
disabled,256,16900000,85
disabled,256,17000000,85
disabled,256,17100000,85
disabled,256,17200000,85
disabled,256,17300000,85
disabled,256,17400000,85
disabled,256,17500000,85
disabled,256,17600000,85
disabled,256,17700000,85
disabled,256,17800000,85
disabled,256,17900000,85
disabled,256,18000000,85
disabled,256,18100000,85
disabled,256,18200000,85
disabled,256,18300000,85
disabled,256,18400000,85
disabled,256,18500000,85
disabled,256,18600000,85
disabled,256,18700000,85
disabled,256,18800000,85
disabled,256,18900000,85
disabled,256,19000000,85
disabled,256,19100000,85
disabled,256,19200000,85
disabled,256,19300000,85
disabled,256,19400000,85
disabled,256,19500000,85
disabled,256,19600000,85
disabled,256,19700000,85
disabled,256,19800000,85
disabled,256,19900000,85
disabled,256,20000000,85
disabled,256,20100000,85
disabled,256,20200000,85
disabled,256,20300000,85
disabled,256,20400000,85
disabled,256,20500000,85
disabled,256,20600000,85
disabled,256,20700000,85
disabled,256,20800000,85
disabled,256,20900000,85
disabled,256,21000000,85
disabled,256,21100000,85
disabled,256,21200000,85
disabled,256,21300000,85
disabled,256,21400000,85
disabled,256,21500000,85
disabled,256,21600000,85
disabled,256,21700000,85
disabled,256,21800000,85
disabled,256,21900000,85
disabled,256,22000000,85
disabled,256,22100000,85
disabled,256,22200000,85
disabled,256,22300000,85
disabled,256,22400000,85
disabled,256,22500000,85
disabled,256,22600000,85
disabled,256,22700000,85
disabled,256,22800000,85
disabled,256,22900000,85
disabled,256,23000000,85
disabled,256,23100000,85
disabled,256,23200000,85
disabled,256,23300000,85
disabled,256,23400000,85
disabled,256,23500000,85
disabled,256,23600000,85
disabled,256,23700000,85
disabled,256,23800000,85
disabled,256,23900000,85
disabled,256,24000000,85
disabled,256,24100000,85
disabled,256,24200000,85
disabled,256,24300000,85
disabled,256,24400000,85
disabled,256,24500000,85
disabled,256,24600000,85
disabled,256,24700000,85
disabled,256,24800000,85
disabled,256,24900000,85
disabled,256,25000000,85
disabled,256,25100000,85
disabled,256,25200000,85
disabled,256,25300000,85
disabled,256,25400000,85
disabled,256,25500000,85
disabled,256,25600000,85
disabled,256,25700000,85
disabled,256,25800000,85
disabled,256,25900000,85
disabled,256,26000000,85
disabled,256,26100000,85
disabled,256,26200000,85
disabled,256,26300000,85
disabled,256,26400000,85
disabled,256,26500000,85
disabled,256,26600000,85
disabled,256,26700000,85
disabled,256,26800000,85
disabled,256,26900000,85
disabled,256,27000000,85
disabled,256,27100000,85
disabled,256,27200000,85
disabled,256,27300000,85
disabled,256,27400000,85
disabled,256,27500000,85
disabled,256,27600000,85
disabled,256,27700000,85
disabled,256,27800000,85
disabled,256,27900000,85
disabled,256,28000000,85
disabled,256,28100000,85
disabled,256,28200000,85
disabled,256,28300000,85
disabled,256,28400000,85
disabled,256,28500000,85
disabled,256,28600000,85
disabled,256,28700000,85
disabled,256,28800000,85
disabled,256,28900000,85
disabled,256,29000000,85
disabled,256,29100000,85
disabled,256,29200000,85
disabled,256,29300000,85
disabled,256,29400000,85
disabled,256,29500000,85
disabled,256,29600000,85
disabled,256,29700000,85
disabled,256,29800000,85
disabled,256,29900000,85
disabled,256,30000000,85
disabled,256,30100000,85
disabled,256,30200000,85
disabled,256,30300000,85
disabled,256,30400000,85
disabled,256,30500000,85
disabled,256,30600000,85
disabled,256,30700000,85
disabled,256,30800000,85
disabled,256,30900000,85
disabled,256,31000000,85
disabled,256,31100000,85
disabled,256,31200000,85
disabled,256,31300000,85
disabled,256,31400000,85
disabled,256,31500000,85
disabled,256,31600000,85
disabled,256,31700000,85
disabled,256,31800000,85
disabled,256,31900000,85
disabled,256,32000000,85
disabled,256,32100000,85
disabled,256,32200000,85
disabled,256,32300000,85
disabled,256,32400000,85
disabled,256,32500000,85
disabled,256,32600000,85
disabled,256,32700000,85
disabled,256,32800000,85
disabled,256,32900000,85
disabled,256,33000000,85
disabled,256,33100000,85
disabled,256,33200000,85
disabled,256,33300000,85
disabled,256,33400000,85
disabled,256,33500000,85
disabled,256,33600000,85
disabled,256,33700000,85
disabled,256,33800000,85
disabled,256,33900000,85
disabled,256,34000000,85
disabled,256,34100000,85
disabled,256,34200000,85
disabled,256,34300000,85
disabled,256,34400000,85
disabled,256,34500000,85
disabled,256,34600000,85
disabled,256,34700000,85
disabled,256,34800000,85
disabled,256,34900000,85
disabled,256,35000000,85
disabled,256,35100000,85
disabled,256,35200000,85
disabled,256,35300000,85
disabled,256,35400000,85
disabled,256,35500000,85
disabled,256,35600000,85
disabled,256,35700000,85
disabled,256,35800000,85
disabled,256,35900000,85
disabled,256,36000000,85
disabled,256,36100000,85
disabled,256,36200000,85
disabled,256,36300000,85
disabled,256,36400000,85
disabled,256,36500000,85
disabled,256,36600000,85
disabled,256,36700000,85
disabled,256,36800000,85
disabled,256,36900000,85
disabled,256,37000000,85
disabled,256,37100000,85
disabled,256,37200000,85
disabled,256,37300000,85
disabled,256,37400000,85
disabled,256,37500000,85
disabled,256,37600000,85
disabled,256,37700000,85
disabled,256,37800000,85
disabled,256,37900000,85
disabled,256,38000000,85
disabled,256,38100000,85
disabled,256,38200000,85
disabled,256,38300000,85
disabled,256,38400000,85
disabled,256,38500000,85
disabled,256,38600000,85
disabled,256,38700000,85
disabled,256,38800000,85
disabled,256,38900000,85
disabled,256,39000000,85
disabled,256,39100000,85
disabled,256,39200000,85
disabled,256,39300000,85
disabled,256,39400000,85
disabled,256,39500000,85
disabled,256,39600000,85
disabled,256,39700000,85
disabled,256,39800000,85
disabled,256,39900000,85
disabled,256,40000000,85
disabled,256,40100000,85
disabled,256,40200000,85
disabled,256,40300000,85
disabled,256,40400000,85
disabled,256,40500000,85
disabled,256,40600000,85
disabled,256,40700000,85
disabled,256,40800000,85
disabled,256,40900000,85
disabled,256,41000000,85
disabled,256,41100000,85
disabled,256,41200000,85
disabled,256,41300000,85
disabled,256,41400000,85
disabled,256,41500000,85
disabled,256,41600000,85
disabled,256,41700000,85
disabled,256,41800000,85
disabled,256,41900000,85
disabled,256,42000000,85
disabled,256,42100000,85
disabled,256,42200000,85
disabled,256,42300000,85
disabled,256,42400000,85
disabled,256,42500000,85
disabled,256,42600000,85
disabled,256,42700000,85
disabled,256,42800000,85
disabled,256,42900000,85
disabled,256,43000000,85
disabled,256,43100000,85
disabled,256,43200000,85
disabled,256,43300000,85
disabled,256,43400000,85
disabled,256,43500000,85
disabled,256,43600000,85
disabled,256,43700000,85
disabled,256,43800000,85
disabled,256,43900000,85
disabled,256,44000000,85
disabled,256,44100000,85
disabled,256,44200000,85
disabled,256,44300000,85
disabled,256,44400000,85
disabled,256,44500000,85
disabled,256,44600000,85
disabled,256,44700000,85
disabled,256,44800000,85
disabled,256,44900000,85
disabled,256,45000000,85
disabled,256,45100000,85
disabled,256,45200000,85
disabled,256,45300000,85
disabled,256,45400000,85
disabled,256,45500000,85
disabled,256,45600000,85
disabled,256,45700000,85
disabled,256,45800000,85
disabled,256,45900000,85
disabled,256,46000000,85
disabled,256,46100000,85
disabled,256,46200000,85
disabled,256,46300000,85
disabled,256,46400000,85
disabled,256,46500000,85
disabled,256,46600000,85
disabled,256,46700000,85
disabled,256,46800000,85
disabled,256,46900000,85
disabled,256,47000000,85
disabled,256,47100000,85
disabled,256,47200000,85
disabled,256,47300000,85
disabled,256,47400000,85
disabled,256,47500000,85
disabled,256,47600000,85
disabled,256,47700000,85
disabled,256,47800000,85
disabled,256,47900000,85
disabled,256,48000000,85
disabled,256,48100000,85
disabled,256,48200000,85
disabled,256,48300000,85
disabled,256,48400000,85
disabled,256,48500000,85
disabled,256,48600000,85
disabled,256,48700000,85
disabled,256,48800000,85
disabled,256,48900000,85
disabled,256,49000000,85
disabled,256,49100000,85
disabled,256,49200000,85
disabled,256,49300000,85
disabled,256,49400000,85
disabled,256,49500000,85
disabled,256,49600000,85
disabled,256,49700000,85
disabled,256,49800000,85
disabled,256,49900000,85
disabled,256,50000000,85
disabled,256,50100000,85
disabled,256,50200000,85
disabled,256,50300000,85
disabled,256,50400000,85
disabled,256,50500000,85
disabled,256,50600000,85
disabled,256,50700000,85
disabled,256,50800000,85
disabled,256,50900000,85
disabled,256,51000000,85
disabled,256,51100000,85
disabled,256,51200000,85
disabled,256,51300000,85
disabled,256,51400000,85
disabled,256,51500000,85
disabled,256,51600000,85
disabled,256,51700000,85
disabled,256,51800000,85
disabled,256,51900000,85
disabled,256,52000000,85
disabled,256,52100000,85
disabled,256,52200000,85
disabled,256,52300000,85
disabled,256,52400000,85
disabled,256,52500000,85
disabled,256,52600000,85
disabled,256,52700000,85
disabled,256,52800000,85
disabled,256,52900000,85
disabled,256,53000000,85
disabled,256,53100000,85
disabled,256,53200000,85
disabled,256,53300000,85
disabled,256,53400000,85
disabled,256,53500000,85
disabled,256,53600000,85
disabled,256,53700000,85
disabled,256,53800000,85
disabled,256,53900000,85
disabled,256,54000000,85
disabled,256,54100000,85
disabled,256,54200000,85
disabled,256,54300000,85
disabled,256,54400000,85
disabled,256,54500000,85
disabled,256,54600000,85
disabled,256,54700000,85
disabled,256,54800000,85
disabled,256,54900000,85
disabled,256,55000000,85
disabled,256,55100000,85
disabled,256,55200000,85
disabled,256,55300000,85
disabled,256,55400000,85
disabled,256,55500000,85
disabled,256,55600000,85
disabled,256,55700000,85
disabled,256,55800000,85
disabled,256,55900000,85
disabled,256,56000000,85
disabled,256,56100000,85
disabled,256,56200000,85
disabled,256,56300000,85
disabled,256,56400000,85
disabled,256,56500000,85
disabled,256,56600000,85
disabled,256,56700000,85
disabled,256,56800000,85
disabled,256,56900000,85
disabled,256,57000000,85
disabled,256,57100000,85
disabled,256,57200000,85
disabled,256,57300000,85
disabled,256,57400000,85
disabled,256,57500000,85
disabled,256,57600000,85
disabled,256,57700000,85
disabled,256,57800000,85
disabled,256,57900000,85
disabled,256,58000000,85
disabled,256,58100000,85
disabled,256,58200000,85
disabled,256,58300000,85
disabled,256,58400000,85
disabled,256,58500000,85
disabled,256,58600000,85
disabled,256,58700000,85
disabled,256,58800000,85
disabled,256,58900000,85
disabled,256,59000000,85
disabled,256,59100000,85
disabled,256,59200000,85
disabled,256,59300000,85
disabled,256,59400000,85
disabled,256,59500000,85
disabled,256,59600000,85
disabled,256,59700000,85
disabled,256,59800000,85
disabled,256,59900000,85
disabled,256,60000000,85
disabled,256,60100000,85
disabled,256,60200000,85
disabled,256,60300000,85
disabled,256,60400000,85
disabled,256,60500000,85
disabled,256,60600000,85
disabled,256,60700000,85
disabled,256,60800000,85
disabled,256,60900000,85
disabled,256,61000000,85
disabled,256,61100000,85
disabled,256,61200000,85
disabled,256,61300000,85
disabled,256,61400000,85
disabled,256,61500000,85
disabled,256,61600000,85
disabled,256,61700000,85
disabled,256,61800000,85
disabled,256,61900000,85
disabled,256,62000000,85
disabled,256,62100000,85
disabled,256,62200000,85
disabled,256,62300000,85
disabled,256,62400000,85
disabled,256,62500000,85
disabled,256,62600000,85
disabled,256,62700000,85
disabled,256,62800000,85
disabled,256,62900000,85
disabled,256,63000000,85
disabled,256,63100000,85
disabled,256,63200000,85
disabled,256,63300000,85
disabled,256,63400000,85
disabled,256,63500000,85
disabled,256,63600000,85
disabled,256,63700000,85
disabled,256,63800000,85
disabled,256,63900000,85
disabled,256,64000000,85
disabled,256,64100000,85
disabled,256,64200000,85
disabled,256,64300000,85
disabled,256,64400000,85
disabled,256,64500000,85
disabled,256,64600000,85
disabled,256,64700000,85
disabled,256,64800000,85
disabled,256,64900000,85
disabled,256,65000000,85
disabled,256,65100000,85
disabled,256,65200000,85
disabled,256,65300000,85
disabled,256,65400000,85
disabled,256,65500000,85
disabled,256,65600000,85
disabled,256,65700000,85
disabled,256,65800000,85
disabled,256,65900000,85
disabled,256,66000000,85
disabled,256,66100000,85
disabled,256,66200000,85
disabled,256,66300000,85
disabled,256,66400000,85
disabled,256,66500000,85
disabled,256,66600000,85
disabled,256,66700000,85
disabled,256,66800000,85
disabled,256,66900000,85
disabled,256,67000000,85
disabled,256,67100000,85
disabled,256,67200000,85
disabled,256,67300000,85
disabled,256,67400000,85
disabled,256,67500000,85
disabled,256,67600000,85
disabled,256,67700000,85
disabled,256,67800000,85
disabled,256,67900000,85
disabled,256,68000000,85
disabled,256,68100000,85
disabled,256,68200000,85
disabled,256,68300000,85
disabled,256,68400000,85
disabled,256,68500000,85
disabled,256,68600000,85
disabled,256,68700000,85
disabled,256,68800000,85
disabled,256,68900000,85
disabled,256,69000000,85
disabled,256,69100000,85
disabled,256,69200000,85
disabled,256,69300000,85
disabled,256,69400000,85
disabled,256,69500000,85
disabled,256,69600000,85
disabled,256,69700000,85
disabled,256,69800000,85
disabled,256,69900000,85
disabled,256,70000000,85
disabled,256,70100000,85
disabled,256,70200000,85
disabled,256,70300000,85
disabled,256,70400000,85
disabled,256,70500000,85
disabled,256,70600000,85
disabled,256,70700000,85
disabled,256,70800000,85
disabled,256,70900000,85
disabled,256,71000000,85
disabled,256,71100000,85
disabled,256,71200000,85
disabled,256,71300000,85
disabled,256,71400000,85
disabled,256,71500000,85
disabled,256,71600000,85
disabled,256,71700000,85
disabled,256,71800000,85
disabled,256,71900000,85
disabled,256,72000000,85
disabled,256,72100000,85
disabled,256,72200000,85
disabled,256,72300000,85
disabled,256,72400000,85
disabled,256,72500000,85
disabled,256,72600000,85
disabled,256,72700000,85
disabled,256,72800000,85
disabled,256,72900000,85
disabled,256,73000000,85
disabled,256,73100000,85
disabled,256,73200000,85
disabled,256,73300000,85
disabled,256,73400000,85
disabled,256,73500000,85
disabled,256,73600000,85
disabled,256,73700000,85
disabled,256,73800000,85
disabled,256,73900000,85
disabled,256,74000000,85
disabled,256,74100000,85
disabled,256,74200000,85
disabled,256,74300000,85
disabled,256,74400000,85
disabled,256,74500000,85
disabled,256,74600000,85
disabled,256,74700000,85
disabled,256,74800000,85
disabled,256,74900000,85
disabled,256,75000000,85
disabled,256,75100000,85
disabled,256,75200000,85
disabled,256,75300000,85
disabled,256,75400000,85
disabled,256,75500000,85
disabled,256,75600000,85
disabled,256,75700000,85
disabled,256,75800000,85
disabled,256,75900000,85
disabled,256,76000000,85
disabled,256,76100000,85
disabled,256,76200000,85
disabled,256,76300000,85
disabled,256,76400000,85
disabled,256,76500000,85
disabled,256,76600000,85
disabled,256,76700000,85
disabled,256,76800000,85
disabled,256,76900000,85
disabled,256,77000000,85
disabled,256,77100000,85
disabled,256,77200000,85
disabled,256,77300000,85
disabled,256,77400000,85
disabled,256,77500000,85
disabled,256,77600000,85
disabled,256,77700000,85
disabled,256,77800000,85
disabled,256,77900000,85
disabled,256,78000000,85
disabled,256,78100000,85
disabled,256,78200000,85
disabled,256,78300000,85
disabled,256,78400000,85
disabled,256,78500000,85
disabled,256,78600000,85
disabled,256,78700000,85
disabled,256,78800000,85
disabled,256,78900000,85
disabled,256,79000000,85
disabled,256,79100000,85
disabled,256,79200000,85
disabled,256,79300000,85
disabled,256,79400000,85
disabled,256,79500000,85
disabled,256,79600000,85
disabled,256,79700000,85
disabled,256,79800000,85
disabled,256,79900000,85
disabled,32,100000,11
disabled,32,200000,12
disabled,32,300000,12
disabled,32,400000,12
disabled,32,500000,12
disabled,32,600000,12
disabled,32,700000,12
disabled,32,800000,12
disabled,32,900000,12
disabled,32,1000000,12
disabled,32,1100000,12
disabled,32,1200000,12
disabled,32,1300000,12
disabled,32,1400000,12
disabled,32,1500000,12
disabled,32,1600000,12
disabled,32,1700000,12
disabled,32,1800000,12
disabled,32,1900000,12
disabled,32,2000000,12
disabled,32,2100000,12
disabled,32,2200000,12
disabled,32,2300000,12
disabled,32,2400000,12
disabled,32,2500000,12
disabled,32,2600000,12
disabled,32,2700000,12
disabled,32,2800000,12
disabled,32,2900000,12
disabled,32,3000000,12
disabled,32,3100000,12
disabled,32,3200000,12
disabled,32,3300000,12
disabled,32,3400000,12
disabled,32,3500000,12
disabled,32,3600000,12
disabled,32,3700000,12
disabled,32,3800000,12
disabled,32,3900000,12
disabled,32,4000000,12
disabled,32,4100000,12
disabled,32,4200000,12
disabled,32,4300000,12
disabled,32,4400000,12
disabled,32,4500000,12
disabled,32,4600000,12
disabled,32,4700000,12
disabled,32,4800000,12
disabled,32,4900000,12
disabled,32,5000000,12
disabled,32,5100000,12
disabled,32,5200000,12
disabled,32,5300000,12
disabled,32,5400000,12
disabled,32,5500000,12
disabled,32,5600000,12
disabled,32,5700000,12
disabled,32,5800000,12
disabled,32,5900000,12
disabled,32,6000000,12
disabled,32,6100000,12
disabled,32,6200000,12
disabled,32,6300000,12
disabled,32,6400000,12
disabled,32,6500000,12
disabled,32,6600000,12
disabled,32,6700000,12
disabled,32,6800000,12
disabled,32,6900000,12
disabled,32,7000000,12
disabled,32,7100000,12
disabled,32,7200000,12
disabled,32,7300000,12
disabled,32,7400000,12
disabled,32,7500000,12
disabled,32,7600000,12
disabled,32,7700000,12
disabled,32,7800000,12
disabled,32,7900000,12
disabled,32,8000000,12
disabled,32,8100000,12
disabled,32,8200000,12
disabled,32,8300000,12
disabled,32,8400000,12
disabled,32,8500000,12
disabled,32,8600000,12
disabled,32,8700000,12
disabled,32,8800000,12
disabled,32,8900000,12
disabled,32,9000000,12
disabled,32,9100000,12
disabled,32,9200000,12
disabled,32,9300000,12
disabled,32,9400000,12
disabled,32,9500000,12
disabled,32,9600000,12
disabled,32,9700000,12
disabled,32,9800000,12
disabled,32,9900000,12
disabled,32,10000000,12
disabled,32,10100000,12
disabled,32,10200000,12
disabled,32,10300000,12
disabled,32,10400000,12
disabled,32,10500000,12
disabled,32,10600000,12
disabled,32,10700000,12
disabled,32,10800000,12
disabled,32,10900000,12
disabled,32,11000000,12
disabled,32,11100000,12
disabled,32,11200000,12
disabled,32,11300000,12
disabled,32,11400000,12
disabled,32,11500000,12
disabled,32,11600000,12
disabled,32,11700000,12
disabled,32,11800000,12
disabled,32,11900000,12
disabled,32,12000000,12
disabled,32,12100000,12
disabled,32,12200000,12
disabled,32,12300000,12
disabled,32,12400000,12
disabled,32,12500000,12
disabled,32,12600000,12
disabled,32,12700000,12
disabled,32,12800000,12
disabled,32,12900000,12
disabled,32,13000000,12
disabled,32,13100000,12
disabled,32,13200000,12
disabled,32,13300000,12
disabled,32,13400000,12
disabled,32,13500000,12
disabled,32,13600000,12
disabled,32,13700000,12
disabled,32,13800000,12
disabled,32,13900000,12
disabled,32,14000000,12
disabled,32,14100000,12
disabled,32,14200000,12
disabled,32,14300000,12
disabled,32,14400000,12
disabled,32,14500000,12
disabled,32,14600000,12
disabled,32,14700000,12
disabled,32,14800000,12
disabled,32,14900000,12
disabled,32,15000000,12
disabled,32,15100000,12
disabled,32,15200000,12
disabled,32,15300000,12
disabled,32,15400000,12
disabled,32,15500000,12
disabled,32,15600000,12
disabled,32,15700000,12
disabled,32,15800000,12
disabled,32,15900000,12
disabled,32,16000000,12
disabled,32,16100000,12
disabled,32,16200000,12
disabled,32,16300000,12
disabled,32,16400000,12
disabled,32,16500000,12
disabled,32,16600000,12
disabled,32,16700000,12
disabled,32,16800000,12
disabled,32,16900000,12
disabled,32,17000000,12
disabled,32,17100000,12
disabled,32,17200000,12
disabled,32,17300000,12
disabled,32,17400000,12
disabled,32,17500000,12
disabled,32,17600000,12
disabled,32,17700000,12
disabled,32,17800000,12
disabled,32,17900000,12
disabled,32,18000000,12
disabled,32,18100000,12
disabled,32,18200000,12
disabled,32,18300000,12
disabled,32,18400000,12
disabled,32,18500000,12
disabled,32,18600000,12
disabled,32,18700000,12
disabled,32,18800000,12
disabled,32,18900000,12
disabled,32,19000000,12
disabled,32,19100000,12
disabled,32,19200000,12
disabled,32,19300000,12
disabled,32,19400000,12
disabled,32,19500000,12
disabled,32,19600000,12
disabled,32,19700000,12
disabled,32,19800000,12
disabled,32,19900000,12
disabled,32,20000000,12
disabled,32,20100000,12
disabled,32,20200000,12
disabled,32,20300000,12
disabled,32,20400000,12
disabled,32,20500000,12
disabled,32,20600000,12
disabled,32,20700000,12
disabled,32,20800000,12
disabled,32,20900000,12
disabled,32,21000000,12
disabled,32,21100000,12
disabled,32,21200000,12
disabled,32,21300000,12
disabled,32,21400000,12
disabled,32,21500000,12
disabled,32,21600000,12
disabled,32,21700000,12
disabled,32,21800000,12
disabled,32,21900000,12
disabled,32,22000000,12
disabled,32,22100000,12
disabled,32,22200000,12
disabled,32,22300000,12
disabled,32,22400000,12
disabled,32,22500000,12
disabled,32,22600000,12
disabled,32,22700000,12
disabled,32,22800000,12
disabled,32,22900000,12
disabled,32,23000000,12
disabled,32,23100000,12
disabled,32,23200000,12
disabled,32,23300000,12
disabled,32,23400000,12
disabled,32,23500000,12
disabled,32,23600000,12
disabled,32,23700000,12
disabled,32,23800000,12
disabled,32,23900000,12
disabled,32,24000000,12
disabled,32,24100000,12
disabled,32,24200000,12
disabled,32,24300000,12
disabled,32,24400000,12
disabled,32,24500000,12
disabled,32,24600000,12
disabled,32,24700000,12
disabled,32,24800000,12
disabled,32,24900000,12
disabled,32,25000000,12
disabled,32,25100000,12
disabled,32,25200000,12
disabled,32,25300000,12
disabled,32,25400000,12
disabled,32,25500000,12
disabled,32,25600000,12
disabled,32,25700000,12
disabled,32,25800000,12
disabled,32,25900000,12
disabled,32,26000000,12
disabled,32,26100000,12
disabled,32,26200000,12
disabled,32,26300000,12
disabled,32,26400000,12
disabled,32,26500000,12
disabled,32,26600000,12
disabled,32,26700000,12
disabled,32,26800000,12
disabled,32,26900000,12
disabled,32,27000000,12
disabled,32,27100000,12
disabled,32,27200000,12
disabled,32,27300000,12
disabled,32,27400000,12
disabled,32,27500000,12
disabled,32,27600000,12
disabled,32,27700000,12
disabled,32,27800000,12
disabled,32,27900000,12
disabled,32,28000000,12
disabled,32,28100000,12
disabled,32,28200000,12
disabled,32,28300000,12
disabled,32,28400000,12
disabled,32,28500000,12
disabled,32,28600000,12
disabled,32,28700000,12
disabled,32,28800000,12
disabled,32,28900000,12
disabled,32,29000000,12
disabled,32,29100000,12
disabled,32,29200000,12
disabled,32,29300000,12
disabled,32,29400000,12
disabled,32,29500000,12
disabled,32,29600000,12
disabled,32,29700000,12
disabled,32,29800000,12
disabled,32,29900000,12
disabled,32,30000000,12
disabled,32,30100000,12
disabled,32,30200000,12
disabled,32,30300000,12
disabled,32,30400000,12
disabled,32,30500000,12
disabled,32,30600000,12
disabled,32,30700000,12
disabled,32,30800000,12
disabled,32,30900000,12
disabled,32,31000000,12
disabled,32,31100000,12
disabled,32,31200000,12
disabled,32,31300000,12
disabled,32,31400000,12
disabled,32,31500000,12
disabled,32,31600000,12
disabled,32,31700000,12
disabled,32,31800000,12
disabled,32,31900000,12
disabled,32,32000000,12
disabled,32,32100000,12
disabled,32,32200000,12
disabled,32,32300000,12
disabled,32,32400000,12
disabled,32,32500000,12
disabled,32,32600000,12
disabled,32,32700000,12
disabled,32,32800000,12
disabled,32,32900000,12
disabled,32,33000000,12
disabled,32,33100000,12
disabled,32,33200000,12
disabled,32,33300000,12
disabled,32,33400000,12
disabled,32,33500000,12
disabled,32,33600000,12
disabled,32,33700000,12
disabled,32,33800000,12
disabled,32,33900000,12
disabled,32,34000000,12
disabled,32,34100000,12
disabled,32,34200000,12
disabled,32,34300000,12
disabled,32,34400000,12
disabled,32,34500000,12
disabled,32,34600000,12
disabled,32,34700000,12
disabled,32,34800000,12
disabled,32,34900000,12
disabled,32,35000000,12
disabled,32,35100000,12
disabled,32,35200000,12
disabled,32,35300000,12
disabled,32,35400000,12
disabled,32,35500000,12
disabled,32,35600000,12
disabled,32,35700000,12
disabled,32,35800000,12
disabled,32,35900000,12
disabled,32,36000000,12
disabled,32,36100000,12
disabled,32,36200000,12
disabled,32,36300000,12
disabled,32,36400000,12
disabled,32,36500000,12
disabled,32,36600000,12
disabled,32,36700000,12
disabled,32,36800000,12
disabled,32,36900000,12
disabled,32,37000000,12
disabled,32,37100000,12
disabled,32,37200000,12
disabled,32,37300000,12
disabled,32,37400000,12
disabled,32,37500000,12
disabled,32,37600000,12
disabled,32,37700000,12
disabled,32,37800000,12
disabled,32,37900000,12
disabled,32,38000000,12
disabled,32,38100000,12
disabled,32,38200000,12
disabled,32,38300000,12
disabled,32,38400000,12
disabled,32,38500000,12
disabled,32,38600000,12
disabled,32,38700000,12
disabled,32,38800000,12
disabled,32,38900000,12
disabled,32,39000000,12
disabled,32,39100000,12
disabled,32,39200000,12
disabled,32,39300000,12
disabled,32,39400000,12
disabled,32,39500000,12
disabled,32,39600000,12
disabled,32,39700000,12
disabled,32,39800000,12
disabled,32,39900000,12
disabled,32,40000000,12
disabled,32,40100000,12
disabled,32,40200000,12
disabled,32,40300000,12
disabled,32,40400000,12
disabled,32,40500000,12
disabled,32,40600000,12
disabled,32,40700000,12
disabled,32,40800000,12
disabled,32,40900000,12
disabled,32,41000000,12
disabled,32,41100000,12
disabled,32,41200000,12
disabled,32,41300000,12
disabled,32,41400000,12
disabled,32,41500000,12
disabled,32,41600000,12
disabled,32,41700000,12
disabled,32,41800000,12
disabled,32,41900000,12
disabled,32,42000000,12
disabled,32,42100000,12
disabled,32,42200000,12
disabled,32,42300000,12
disabled,32,42400000,12
disabled,32,42500000,12
disabled,32,42600000,12
disabled,32,42700000,12
disabled,32,42800000,12
disabled,32,42900000,12
disabled,32,43000000,12
disabled,32,43100000,12
disabled,32,43200000,12
disabled,32,43300000,12
disabled,32,43400000,12
disabled,32,43500000,12
disabled,32,43600000,12
disabled,32,43700000,12
disabled,32,43800000,12
disabled,32,43900000,12
disabled,32,44000000,12
disabled,32,44100000,12
disabled,32,44200000,12
disabled,32,44300000,12
disabled,32,44400000,12
disabled,32,44500000,12
disabled,32,44600000,12
disabled,32,44700000,12
disabled,32,44800000,12
disabled,32,44900000,12
disabled,32,45000000,12
disabled,32,45100000,12
disabled,32,45200000,12
disabled,32,45300000,12
disabled,32,45400000,12
disabled,32,45500000,12
disabled,32,45600000,12
disabled,32,45700000,12
disabled,32,45800000,12
disabled,32,45900000,12
disabled,32,46000000,12
disabled,32,46100000,12
disabled,32,46200000,12
disabled,32,46300000,12
disabled,32,46400000,12
disabled,32,46500000,12
disabled,32,46600000,12
disabled,32,46700000,12
disabled,32,46800000,12
disabled,32,46900000,12
disabled,32,47000000,12
disabled,32,47100000,12
disabled,32,47200000,12
disabled,32,47300000,12
disabled,32,47400000,12
disabled,32,47500000,12
disabled,32,47600000,12
disabled,32,47700000,12
disabled,32,47800000,12
disabled,32,47900000,12
disabled,32,48000000,12
disabled,32,48100000,12
disabled,32,48200000,12
disabled,32,48300000,12
disabled,32,48400000,12
disabled,32,48500000,12
disabled,32,48600000,12
disabled,32,48700000,12
disabled,32,48800000,12
disabled,32,48900000,12
disabled,32,49000000,12
disabled,32,49100000,12
disabled,32,49200000,12
disabled,32,49300000,12
disabled,32,49400000,12
disabled,32,49500000,12
disabled,32,49600000,12
disabled,32,49700000,12
disabled,32,49800000,12
disabled,32,49900000,12
disabled,32,50000000,12
disabled,32,50100000,12
disabled,32,50200000,12
disabled,32,50300000,12
disabled,32,50400000,12
disabled,32,50500000,12
disabled,32,50600000,12
disabled,32,50700000,12
disabled,32,50800000,12
disabled,32,50900000,12
disabled,32,51000000,12
disabled,32,51100000,12
disabled,32,51200000,12
disabled,32,51300000,12
disabled,32,51400000,12
disabled,32,51500000,12
disabled,32,51600000,12
disabled,32,51700000,12
disabled,32,51800000,12
disabled,32,51900000,12
disabled,32,52000000,12
disabled,32,52100000,12
disabled,32,52200000,12
disabled,32,52300000,12
disabled,32,52400000,12
disabled,32,52500000,12
disabled,32,52600000,12
disabled,32,52700000,12
disabled,32,52800000,12
disabled,32,52900000,12
disabled,32,53000000,12
disabled,32,53100000,12
disabled,32,53200000,12
disabled,32,53300000,12
disabled,32,53400000,12
disabled,32,53500000,12
disabled,32,53600000,12
disabled,32,53700000,12
disabled,32,53800000,12
disabled,32,53900000,12
disabled,32,54000000,12
disabled,32,54100000,12
disabled,32,54200000,12
disabled,32,54300000,12
disabled,32,54400000,12
disabled,32,54500000,12
disabled,32,54600000,12
disabled,32,54700000,12
disabled,32,54800000,12
disabled,32,54900000,12
disabled,32,55000000,12
disabled,32,55100000,12
disabled,32,55200000,12
disabled,32,55300000,12
disabled,32,55400000,12
disabled,32,55500000,12
disabled,32,55600000,12
disabled,32,55700000,12
disabled,32,55800000,12
disabled,32,55900000,12
disabled,32,56000000,12
disabled,32,56100000,12
disabled,32,56200000,12
disabled,32,56300000,12
disabled,32,56400000,12
disabled,32,56500000,12
disabled,32,56600000,12
disabled,32,56700000,12
disabled,32,56800000,12
disabled,32,56900000,12
disabled,32,57000000,12
disabled,32,57100000,12
disabled,32,57200000,12
disabled,32,57300000,12
disabled,32,57400000,12
disabled,32,57500000,12
disabled,32,57600000,12
disabled,32,57700000,12
disabled,32,57800000,12
disabled,32,57900000,12
disabled,32,58000000,12
disabled,32,58100000,12
disabled,32,58200000,12
disabled,32,58300000,12
disabled,32,58400000,12
disabled,32,58500000,12
disabled,32,58600000,12
disabled,32,58700000,12
disabled,32,58800000,12
disabled,32,58900000,12
disabled,32,59000000,12
disabled,32,59100000,12
disabled,32,59200000,12
disabled,32,59300000,12
disabled,32,59400000,12
disabled,32,59500000,12
disabled,32,59600000,12
disabled,32,59700000,12
disabled,32,59800000,12
disabled,32,59900000,12
disabled,32,60000000,12
disabled,32,60100000,12
disabled,32,60200000,12
disabled,32,60300000,12
disabled,32,60400000,12
disabled,32,60500000,12
disabled,32,60600000,12
disabled,32,60700000,12
disabled,32,60800000,12
disabled,32,60900000,12
disabled,32,61000000,12
disabled,32,61100000,12
disabled,32,61200000,12
disabled,32,61300000,12
disabled,32,61400000,12
disabled,32,61500000,12
disabled,32,61600000,12
disabled,32,61700000,12
disabled,32,61800000,12
disabled,32,61900000,12
disabled,32,62000000,12
disabled,32,62100000,12
disabled,32,62200000,12
disabled,32,62300000,12
disabled,32,62400000,12
disabled,32,62500000,12
disabled,32,62600000,12
disabled,32,62700000,12
disabled,32,62800000,12
disabled,32,62900000,12
disabled,32,63000000,12
disabled,32,63100000,12
disabled,32,63200000,12
disabled,32,63300000,12
disabled,32,63400000,12
disabled,32,63500000,12
disabled,32,63600000,12
disabled,32,63700000,12
disabled,32,63800000,12
disabled,32,63900000,12
disabled,32,64000000,12
disabled,32,64100000,12
disabled,32,64200000,12
disabled,32,64300000,12
disabled,32,64400000,12
disabled,32,64500000,12
disabled,32,64600000,12
disabled,32,64700000,12
disabled,32,64800000,12
disabled,32,64900000,12
disabled,32,65000000,12
disabled,32,65100000,12
disabled,32,65200000,12
disabled,32,65300000,12
disabled,32,65400000,12
disabled,32,65500000,12
disabled,32,65600000,12
disabled,32,65700000,12
disabled,32,65800000,12
disabled,32,65900000,12
disabled,32,66000000,12
disabled,32,66100000,12
disabled,32,66200000,12
disabled,32,66300000,12
disabled,32,66400000,12
disabled,32,66500000,12
disabled,32,66600000,12
disabled,32,66700000,12
disabled,32,66800000,12
disabled,32,66900000,12
disabled,32,67000000,12
disabled,32,67100000,12
disabled,32,67200000,12
disabled,32,67300000,12
disabled,32,67400000,12
disabled,32,67500000,12
disabled,32,67600000,12
disabled,32,67700000,12
disabled,32,67800000,12
disabled,32,67900000,12
disabled,32,68000000,12
disabled,32,68100000,12
disabled,32,68200000,12
disabled,32,68300000,12
disabled,32,68400000,12
disabled,32,68500000,12
disabled,32,68600000,12
disabled,32,68700000,12
disabled,32,68800000,12
disabled,32,68900000,12
disabled,32,69000000,12
disabled,32,69100000,12
disabled,32,69200000,12
disabled,32,69300000,12
disabled,32,69400000,12
disabled,32,69500000,12
disabled,32,69600000,12
disabled,32,69700000,12
disabled,32,69800000,12
disabled,32,69900000,12
disabled,32,70000000,12
disabled,32,70100000,12
disabled,32,70200000,12
disabled,32,70300000,12
disabled,32,70400000,12
disabled,32,70500000,12
disabled,32,70600000,12
disabled,32,70700000,12
disabled,32,70800000,12
disabled,32,70900000,12
disabled,32,71000000,12
disabled,32,71100000,12
disabled,32,71200000,12
disabled,32,71300000,12
disabled,32,71400000,12
disabled,32,71500000,12
disabled,32,71600000,12
disabled,32,71700000,12
disabled,32,71800000,12
disabled,32,71900000,12
disabled,32,72000000,12
disabled,32,72100000,12
disabled,32,72200000,12
disabled,32,72300000,12
disabled,32,72400000,12
disabled,32,72500000,12
disabled,32,72600000,12
disabled,32,72700000,12
disabled,32,72800000,12
disabled,32,72900000,12
disabled,32,73000000,12
disabled,32,73100000,12
disabled,32,73200000,12
disabled,32,73300000,12
disabled,32,73400000,12
disabled,32,73500000,12
disabled,32,73600000,12
disabled,32,73700000,12
disabled,32,73800000,12
disabled,32,73900000,12
disabled,32,74000000,12
disabled,32,74100000,12
disabled,32,74200000,12
disabled,32,74300000,12
disabled,32,74400000,12
disabled,32,74500000,12
disabled,32,74600000,12
disabled,32,74700000,12
disabled,32,74800000,12
disabled,32,74900000,12
disabled,32,75000000,12
disabled,32,75100000,12
disabled,32,75200000,12
disabled,32,75300000,12
disabled,32,75400000,12
disabled,32,75500000,12
disabled,32,75600000,12
disabled,32,75700000,12
disabled,32,75800000,12
disabled,32,75900000,12
disabled,32,76000000,12
disabled,32,76100000,12
disabled,32,76200000,12
disabled,32,76300000,12
disabled,32,76400000,12
disabled,32,76500000,12
disabled,32,76600000,12
disabled,32,76700000,12
disabled,32,76800000,12
disabled,32,76900000,12
disabled,32,77000000,12
disabled,32,77100000,12
disabled,32,77200000,12
disabled,32,77300000,12
disabled,32,77400000,12
disabled,32,77500000,12
disabled,32,77600000,12
disabled,32,77700000,12
disabled,32,77800000,12
disabled,32,77900000,12
disabled,32,78000000,12
disabled,32,78100000,12
disabled,32,78200000,12
disabled,32,78300000,12
disabled,32,78400000,12
disabled,32,78500000,12
disabled,32,78600000,12
disabled,32,78700000,12
disabled,32,78800000,12
disabled,32,78900000,12
disabled,32,79000000,12
disabled,32,79100000,12
disabled,32,79200000,12
disabled,32,79300000,12
disabled,32,79400000,12
disabled,32,79500000,12
disabled,32,79600000,12
disabled,32,79700000,12
disabled,32,79800000,12
disabled,32,79900000,12
free-mem,64,100000,20
free-mem,64,200000,14
free-mem,64,300000,11
free-mem,64,400000,13
free-mem,64,500000,13
free-mem,64,600000,13
free-mem,64,700000,13
free-mem,64,800000,13
free-mem,64,900000,13
free-mem,64,1000000,13
free-mem,64,1100000,13
free-mem,64,1200000,13
free-mem,64,1300000,13
free-mem,64,1400000,13
free-mem,64,1500000,13
free-mem,64,1600000,13
free-mem,64,1700000,13
free-mem,64,1800000,13
free-mem,64,1900000,13
free-mem,64,2000000,13
free-mem,64,2100000,13
free-mem,64,2200000,13
free-mem,64,2300000,13
free-mem,64,2400000,13
free-mem,64,2500000,13
free-mem,64,2600000,13
free-mem,64,2700000,13
free-mem,64,2800000,13
free-mem,64,2900000,13
free-mem,64,3000000,13
free-mem,64,3100000,13
free-mem,64,3200000,13
free-mem,64,3300000,13
free-mem,64,3400000,13
free-mem,64,3500000,13
free-mem,64,3600000,13
free-mem,64,3700000,13
free-mem,64,3800000,13
free-mem,64,3900000,13
free-mem,64,4000000,13
free-mem,64,4100000,13
free-mem,64,4200000,13
free-mem,64,4300000,13
free-mem,64,4400000,13
free-mem,64,4500000,13
free-mem,64,4600000,13
free-mem,64,4700000,13
free-mem,64,4800000,13
free-mem,64,4900000,13
free-mem,64,5000000,13
free-mem,64,5100000,13
free-mem,64,5200000,13
free-mem,64,5300000,13
free-mem,64,5400000,13
free-mem,64,5500000,13
free-mem,64,5600000,13
free-mem,64,5700000,13
free-mem,64,5800000,13
free-mem,64,5900000,13
free-mem,64,6000000,13
free-mem,64,6100000,13
free-mem,64,6200000,13
free-mem,64,6300000,13
free-mem,64,6400000,13
free-mem,64,6500000,13
free-mem,64,6600000,13
free-mem,64,6700000,13
free-mem,64,6800000,13
free-mem,64,6900000,13
free-mem,64,7000000,13
free-mem,64,7100000,13
free-mem,64,7200000,13
free-mem,64,7300000,13
free-mem,64,7400000,13
free-mem,64,7500000,13
free-mem,64,7600000,13
free-mem,64,7700000,13
free-mem,64,7800000,13
free-mem,64,7900000,13
free-mem,64,8000000,13
free-mem,64,8100000,13
free-mem,64,8200000,13
free-mem,64,8300000,13
free-mem,64,8400000,13
free-mem,64,8500000,13
free-mem,64,8600000,13
free-mem,64,8700000,13
free-mem,64,8800000,13
free-mem,64,8900000,13
free-mem,64,9000000,13
free-mem,64,9100000,13
free-mem,64,9200000,13
free-mem,64,9300000,13
free-mem,64,9400000,13
free-mem,64,9500000,13
free-mem,64,9600000,13
free-mem,64,9700000,13
free-mem,64,9800000,13
free-mem,64,9900000,13
free-mem,64,10000000,13
free-mem,64,10100000,13
free-mem,64,10200000,13
free-mem,64,10300000,13
free-mem,64,10400000,13
free-mem,64,10500000,13
free-mem,64,10600000,13
free-mem,64,10700000,13
free-mem,64,10800000,13
free-mem,64,10900000,13
free-mem,64,11000000,13
free-mem,64,11100000,13
free-mem,64,11200000,13
free-mem,64,11300000,13
free-mem,64,11400000,13
free-mem,64,11500000,13
free-mem,64,11600000,13
free-mem,64,11700000,13
free-mem,64,11800000,13
free-mem,64,11900000,13
free-mem,64,12000000,13
free-mem,64,12100000,13
free-mem,64,12200000,13
free-mem,64,12300000,13
free-mem,64,12400000,13
free-mem,64,12500000,13
free-mem,64,12600000,13
free-mem,64,12700000,13
free-mem,64,12800000,13
free-mem,64,12900000,13
free-mem,64,13000000,13
free-mem,64,13100000,13
free-mem,64,13200000,13
free-mem,64,13300000,13
free-mem,64,13400000,13
free-mem,64,13500000,13
free-mem,64,13600000,13
free-mem,64,13700000,13
free-mem,64,13800000,13
free-mem,64,13900000,13
free-mem,64,14000000,13
free-mem,64,14100000,13
free-mem,64,14200000,13
free-mem,64,14300000,13
free-mem,64,14400000,13
free-mem,64,14500000,13
free-mem,64,14600000,13
free-mem,64,14700000,13
free-mem,64,14800000,13
free-mem,64,14900000,13
free-mem,64,15000000,13
free-mem,64,15100000,13
free-mem,64,15200000,13
free-mem,64,15300000,13
free-mem,64,15400000,13
free-mem,64,15500000,13
free-mem,64,15600000,13
free-mem,64,15700000,13
free-mem,64,15800000,13
free-mem,64,15900000,13
free-mem,64,16000000,13
free-mem,64,16100000,13
free-mem,64,16200000,13
free-mem,64,16300000,13
free-mem,64,16400000,13
free-mem,64,16500000,13
free-mem,64,16600000,13
free-mem,64,16700000,13
free-mem,64,16800000,13
free-mem,64,16900000,13
free-mem,64,17000000,13
free-mem,64,17100000,13
free-mem,64,17200000,13
free-mem,64,17300000,13
free-mem,64,17400000,13
free-mem,64,17500000,13
free-mem,64,17600000,13
free-mem,64,17700000,13
free-mem,64,17800000,13
free-mem,64,17900000,13
free-mem,64,18000000,13
free-mem,64,18100000,13
free-mem,64,18200000,13
free-mem,64,18300000,13
free-mem,64,18400000,13
free-mem,64,18500000,13
free-mem,64,18600000,13
free-mem,64,18700000,13
free-mem,64,18800000,13
free-mem,64,18900000,13
free-mem,64,19000000,13
free-mem,64,19100000,13
free-mem,64,19200000,13
free-mem,64,19300000,13
free-mem,64,19400000,13
free-mem,64,19500000,13
free-mem,64,19600000,13
free-mem,64,19700000,13
free-mem,64,19800000,13
free-mem,64,19900000,13
free-mem,64,20000000,13
free-mem,64,20100000,13
free-mem,64,20200000,13
free-mem,64,20300000,13
free-mem,64,20400000,13
free-mem,64,20500000,13
free-mem,64,20600000,13
free-mem,64,20700000,13
free-mem,64,20800000,13
free-mem,64,20900000,13
free-mem,64,21000000,13
free-mem,64,21100000,13
free-mem,64,21200000,13
free-mem,64,21300000,13
free-mem,64,21400000,13
free-mem,64,21500000,13
free-mem,64,21600000,13
free-mem,64,21700000,13
free-mem,64,21800000,13
free-mem,64,21900000,13
free-mem,64,22000000,13
free-mem,64,22100000,13
free-mem,64,22200000,13
free-mem,64,22300000,13
free-mem,64,22400000,13
free-mem,64,22500000,13
free-mem,64,22600000,13
free-mem,64,22700000,13
free-mem,64,22800000,13
free-mem,64,22900000,13
free-mem,64,23000000,13
free-mem,64,23100000,13
free-mem,64,23200000,13
free-mem,64,23300000,13
free-mem,64,23400000,13
free-mem,64,23500000,13
free-mem,64,23600000,13
free-mem,64,23700000,13
free-mem,64,23800000,13
free-mem,64,23900000,13
free-mem,64,24000000,13
free-mem,64,24100000,13
free-mem,64,24200000,13
free-mem,64,24300000,13
free-mem,64,24400000,13
free-mem,64,24500000,13
free-mem,64,24600000,13
free-mem,64,24700000,13
free-mem,64,24800000,13
free-mem,64,24900000,13
free-mem,64,25000000,13
free-mem,64,25100000,13
free-mem,64,25200000,13
free-mem,64,25300000,13
free-mem,64,25400000,13
free-mem,64,25500000,13
free-mem,64,25600000,13
free-mem,64,25700000,13
free-mem,64,25800000,13
free-mem,64,25900000,13
free-mem,64,26000000,13
free-mem,64,26100000,13
free-mem,64,26200000,13
free-mem,64,26300000,13
free-mem,64,26400000,13
free-mem,64,26500000,13
free-mem,64,26600000,13
free-mem,64,26700000,13
free-mem,64,26800000,13
free-mem,64,26900000,13
free-mem,64,27000000,13
free-mem,64,27100000,13
free-mem,64,27200000,13
free-mem,64,27300000,13
free-mem,64,27400000,13
free-mem,64,27500000,13
free-mem,64,27600000,13
free-mem,64,27700000,13
free-mem,64,27800000,13
free-mem,64,27900000,13
free-mem,64,28000000,13
free-mem,64,28100000,13
free-mem,64,28200000,13
free-mem,64,28300000,13
free-mem,64,28400000,13
free-mem,64,28500000,13
free-mem,64,28600000,13
free-mem,64,28700000,13
free-mem,64,28800000,13
free-mem,64,28900000,13
free-mem,64,29000000,13
free-mem,64,29100000,13
free-mem,64,29200000,13
free-mem,64,29300000,13
free-mem,64,29400000,13
free-mem,64,29500000,13
free-mem,64,29600000,13
free-mem,64,29700000,13
free-mem,64,29800000,13
free-mem,64,29900000,13
free-mem,64,30000000,13
free-mem,64,30100000,13
free-mem,64,30200000,13
free-mem,64,30300000,13
free-mem,64,30400000,13
free-mem,64,30500000,13
free-mem,64,30600000,13
free-mem,64,30700000,13
free-mem,64,30800000,13
free-mem,64,30900000,13
free-mem,64,31000000,13
free-mem,64,31100000,13
free-mem,64,31200000,13
free-mem,64,31300000,13
free-mem,64,31400000,13
free-mem,64,31500000,13
free-mem,64,31600000,13
free-mem,64,31700000,13
free-mem,64,31800000,13
free-mem,64,31900000,13
free-mem,64,32000000,13
free-mem,64,32100000,13
free-mem,64,32200000,13
free-mem,64,32300000,13
free-mem,64,32400000,13
free-mem,64,32500000,13
free-mem,64,32600000,13
free-mem,64,32700000,13
free-mem,64,32800000,13
free-mem,64,32900000,13
free-mem,64,33000000,13
free-mem,64,33100000,13
free-mem,64,33200000,13
free-mem,64,33300000,13
free-mem,64,33400000,13
free-mem,64,33500000,13
free-mem,64,33600000,13
free-mem,64,33700000,13
free-mem,64,33800000,13
free-mem,64,33900000,13
free-mem,64,34000000,13
free-mem,64,34100000,13
free-mem,64,34200000,13
free-mem,64,34300000,13
free-mem,64,34400000,13
free-mem,64,34500000,13
free-mem,64,34600000,13
free-mem,64,34700000,13
free-mem,64,34800000,13
free-mem,64,34900000,13
free-mem,64,35000000,13
free-mem,64,35100000,13
free-mem,64,35200000,13
free-mem,64,35300000,13
free-mem,64,35400000,13
free-mem,64,35500000,13
free-mem,64,35600000,13
free-mem,64,35700000,13
free-mem,64,35800000,13
free-mem,64,35900000,13
free-mem,64,36000000,13
free-mem,64,36100000,13
free-mem,64,36200000,13
free-mem,64,36300000,13
free-mem,64,36400000,13
free-mem,64,36500000,13
free-mem,64,36600000,13
free-mem,64,36700000,13
free-mem,64,36800000,13
free-mem,64,36900000,13
free-mem,64,37000000,13
free-mem,64,37100000,13
free-mem,64,37200000,13
free-mem,64,37300000,13
free-mem,64,37400000,13
free-mem,64,37500000,13
free-mem,64,37600000,13
free-mem,64,37700000,13
free-mem,64,37800000,13
free-mem,64,37900000,13
free-mem,64,38000000,13
free-mem,64,38100000,13
free-mem,64,38200000,13
free-mem,64,38300000,13
free-mem,64,38400000,13
free-mem,64,38500000,13
free-mem,64,38600000,13
free-mem,64,38700000,13
free-mem,64,38800000,13
free-mem,64,38900000,13
free-mem,64,39000000,13
free-mem,64,39100000,13
free-mem,64,39200000,13
free-mem,64,39300000,13
free-mem,64,39400000,13
free-mem,64,39500000,13
free-mem,64,39600000,13
free-mem,64,39700000,13
free-mem,64,39800000,13
free-mem,64,39900000,13
free-mem,64,40000000,13
free-mem,64,40100000,13
free-mem,64,40200000,13
free-mem,64,40300000,13
free-mem,64,40400000,13
free-mem,64,40500000,13
free-mem,64,40600000,13
free-mem,64,40700000,13
free-mem,64,40800000,13
free-mem,64,40900000,13
free-mem,64,41000000,13
free-mem,64,41100000,13
free-mem,64,41200000,13
free-mem,64,41300000,13
free-mem,64,41400000,13
free-mem,64,41500000,13
free-mem,64,41600000,13
free-mem,64,41700000,13
free-mem,64,41800000,13
free-mem,64,41900000,13
free-mem,64,42000000,13
free-mem,64,42100000,13
free-mem,64,42200000,13
free-mem,64,42300000,13
free-mem,64,42400000,13
free-mem,64,42500000,13
free-mem,64,42600000,13
free-mem,64,42700000,13
free-mem,64,42800000,13
free-mem,64,42900000,13
free-mem,64,43000000,13
free-mem,64,43100000,13
free-mem,64,43200000,13
free-mem,64,43300000,13
free-mem,64,43400000,13
free-mem,64,43500000,13
free-mem,64,43600000,13
free-mem,64,43700000,13
free-mem,64,43800000,13
free-mem,64,43900000,13
free-mem,64,44000000,13
free-mem,64,44100000,13
free-mem,64,44200000,13
free-mem,64,44300000,13
free-mem,64,44400000,13
free-mem,64,44500000,13
free-mem,64,44600000,13
free-mem,64,44700000,13
free-mem,64,44800000,13
free-mem,64,44900000,13
free-mem,64,45000000,13
free-mem,64,45100000,13
free-mem,64,45200000,13
free-mem,64,45300000,13
free-mem,64,45400000,13
free-mem,64,45500000,13
free-mem,64,45600000,13
free-mem,64,45700000,13
free-mem,64,45800000,13
free-mem,64,45900000,13
free-mem,64,46000000,13
free-mem,64,46100000,13
free-mem,64,46200000,13
free-mem,64,46300000,13
free-mem,64,46400000,13
free-mem,64,46500000,13
free-mem,64,46600000,13
free-mem,64,46700000,13
free-mem,64,46800000,13
free-mem,64,46900000,13
free-mem,64,47000000,13
free-mem,64,47100000,13
free-mem,64,47200000,13
free-mem,64,47300000,13
free-mem,64,47400000,13
free-mem,64,47500000,13
free-mem,64,47600000,13
free-mem,64,47700000,13
free-mem,64,47800000,13
free-mem,64,47900000,13
free-mem,64,48000000,13
free-mem,64,48100000,13
free-mem,64,48200000,13
free-mem,64,48300000,13
free-mem,64,48400000,13
free-mem,64,48500000,13
free-mem,64,48600000,13
free-mem,64,48700000,13
free-mem,64,48800000,13
free-mem,64,48900000,13
free-mem,64,49000000,13
free-mem,64,49100000,13
free-mem,64,49200000,13
free-mem,64,49300000,13
free-mem,64,49400000,13
free-mem,64,49500000,13
free-mem,64,49600000,13
free-mem,64,49700000,13
free-mem,64,49800000,13
free-mem,64,49900000,13
free-mem,64,50000000,13
free-mem,64,50100000,13
free-mem,64,50200000,13
free-mem,64,50300000,13
free-mem,64,50400000,13
free-mem,64,50500000,13
free-mem,64,50600000,13
free-mem,64,50700000,13
free-mem,64,50800000,13
free-mem,64,50900000,13
free-mem,64,51000000,13
free-mem,64,51100000,13
free-mem,64,51200000,13
free-mem,64,51300000,13
free-mem,64,51400000,13
free-mem,64,51500000,13
free-mem,64,51600000,13
free-mem,64,51700000,13
free-mem,64,51800000,13
free-mem,64,51900000,13
free-mem,64,52000000,13
free-mem,64,52100000,13
free-mem,64,52200000,13
free-mem,64,52300000,13
free-mem,64,52400000,13
free-mem,64,52500000,13
free-mem,64,52600000,13
free-mem,64,52700000,13
free-mem,64,52800000,13
free-mem,64,52900000,13
free-mem,64,53000000,13
free-mem,64,53100000,13
free-mem,64,53200000,13
free-mem,64,53300000,13
free-mem,64,53400000,13
free-mem,64,53500000,13
free-mem,64,53600000,13
free-mem,64,53700000,13
free-mem,64,53800000,13
free-mem,64,53900000,13
free-mem,64,54000000,13
free-mem,64,54100000,13
free-mem,64,54200000,13
free-mem,64,54300000,13
free-mem,64,54400000,13
free-mem,64,54500000,13
free-mem,64,54600000,13
free-mem,64,54700000,13
free-mem,64,54800000,13
free-mem,64,54900000,13
free-mem,64,55000000,13
free-mem,64,55100000,13
free-mem,64,55200000,13
free-mem,64,55300000,13
free-mem,64,55400000,13
free-mem,64,55500000,13
free-mem,64,55600000,13
free-mem,64,55700000,13
free-mem,64,55800000,13
free-mem,64,55900000,13
free-mem,64,56000000,13
free-mem,64,56100000,13
free-mem,64,56200000,13
free-mem,64,56300000,13
free-mem,64,56400000,13
free-mem,64,56500000,13
free-mem,64,56600000,13
free-mem,64,56700000,13
free-mem,64,56800000,13
free-mem,64,56900000,13
free-mem,64,57000000,13
free-mem,64,57100000,13
free-mem,64,57200000,13
free-mem,64,57300000,13
free-mem,64,57400000,13
free-mem,64,57500000,13
free-mem,64,57600000,13
free-mem,64,57700000,13
free-mem,64,57800000,13
free-mem,64,57900000,13
free-mem,64,58000000,13
free-mem,64,58100000,13
free-mem,64,58200000,13
free-mem,64,58300000,13
free-mem,64,58400000,13
free-mem,64,58500000,13
free-mem,64,58600000,13
free-mem,64,58700000,13
free-mem,64,58800000,13
free-mem,64,58900000,13
free-mem,64,59000000,13
free-mem,64,59100000,13
free-mem,64,59200000,13
free-mem,64,59300000,13
free-mem,64,59400000,13
free-mem,64,59500000,13
free-mem,64,59600000,13
free-mem,64,59700000,13
free-mem,64,59800000,13
free-mem,64,59900000,13
free-mem,64,60000000,13
free-mem,64,60100000,13
free-mem,64,60200000,13
free-mem,64,60300000,13
free-mem,64,60400000,13
free-mem,64,60500000,13
free-mem,64,60600000,13
free-mem,64,60700000,13
free-mem,64,60800000,13
free-mem,64,60900000,13
free-mem,64,61000000,13
free-mem,64,61100000,13
free-mem,64,61200000,13
free-mem,64,61300000,13
free-mem,64,61400000,13
free-mem,64,61500000,13
free-mem,64,61600000,13
free-mem,64,61700000,13
free-mem,64,61800000,13
free-mem,64,61900000,13
free-mem,64,62000000,13
free-mem,64,62100000,13
free-mem,64,62200000,13
free-mem,64,62300000,13
free-mem,64,62400000,13
free-mem,64,62500000,13
free-mem,64,62600000,13
free-mem,64,62700000,13
free-mem,64,62800000,13
free-mem,64,62900000,13
free-mem,64,63000000,13
free-mem,64,63100000,13
free-mem,64,63200000,13
free-mem,64,63300000,13
free-mem,64,63400000,13
free-mem,64,63500000,13
free-mem,64,63600000,13
free-mem,64,63700000,13
free-mem,64,63800000,13
free-mem,64,63900000,13
free-mem,64,64000000,13
free-mem,64,64100000,13
free-mem,64,64200000,13
free-mem,64,64300000,13
free-mem,64,64400000,13
free-mem,64,64500000,13
free-mem,64,64600000,13
free-mem,64,64700000,13
free-mem,64,64800000,13
free-mem,64,64900000,13
free-mem,64,65000000,13
free-mem,64,65100000,13
free-mem,64,65200000,13
free-mem,64,65300000,13
free-mem,64,65400000,13
free-mem,64,65500000,13
free-mem,64,65600000,13
free-mem,64,65700000,13
free-mem,64,65800000,13
free-mem,64,65900000,13
free-mem,64,66000000,13
free-mem,64,66100000,13
free-mem,64,66200000,13
free-mem,64,66300000,13
free-mem,64,66400000,13
free-mem,64,66500000,13
free-mem,64,66600000,13
free-mem,64,66700000,13
free-mem,64,66800000,13
free-mem,64,66900000,13
free-mem,64,67000000,13
free-mem,64,67100000,13
free-mem,64,67200000,13
free-mem,64,67300000,13
free-mem,64,67400000,13
free-mem,64,67500000,13
free-mem,64,67600000,13
free-mem,64,67700000,13
free-mem,64,67800000,13
free-mem,64,67900000,13
free-mem,64,68000000,13
free-mem,64,68100000,13
free-mem,64,68200000,13
free-mem,64,68300000,13
free-mem,64,68400000,13
free-mem,64,68500000,13
free-mem,64,68600000,13
free-mem,64,68700000,13
free-mem,64,68800000,13
free-mem,64,68900000,13
free-mem,64,69000000,13
free-mem,64,69100000,13
free-mem,64,69200000,13
free-mem,64,69300000,13
free-mem,64,69400000,13
free-mem,64,69500000,13
free-mem,64,69600000,13
free-mem,64,69700000,13
free-mem,64,69800000,13
free-mem,64,69900000,13
free-mem,64,70000000,13
free-mem,64,70100000,13
free-mem,64,70200000,13
free-mem,64,70300000,13
free-mem,64,70400000,13
free-mem,64,70500000,13
free-mem,64,70600000,13
free-mem,64,70700000,13
free-mem,64,70800000,13
free-mem,64,70900000,13
free-mem,64,71000000,13
free-mem,64,71100000,13
free-mem,64,71200000,13
free-mem,64,71300000,13
free-mem,64,71400000,13
free-mem,64,71500000,13
free-mem,64,71600000,13
free-mem,64,71700000,13
free-mem,64,71800000,13
free-mem,64,71900000,13
free-mem,64,72000000,13
free-mem,64,72100000,13
free-mem,64,72200000,13
free-mem,64,72300000,13
free-mem,64,72400000,13
free-mem,64,72500000,13
free-mem,64,72600000,13
free-mem,64,72700000,13
free-mem,64,72800000,13
free-mem,64,72900000,13
free-mem,64,73000000,13
free-mem,64,73100000,13
free-mem,64,73200000,13
free-mem,64,73300000,13
free-mem,64,73400000,13
free-mem,64,73500000,13
free-mem,64,73600000,13
free-mem,64,73700000,13
free-mem,64,73800000,13
free-mem,64,73900000,13
free-mem,64,74000000,13
free-mem,64,74100000,13
free-mem,64,74200000,13
free-mem,64,74300000,13
free-mem,64,74400000,13
free-mem,64,74500000,13
free-mem,64,74600000,13
free-mem,64,74700000,13
free-mem,64,74800000,13
free-mem,64,74900000,13
free-mem,64,75000000,13
free-mem,64,75100000,13
free-mem,64,75200000,13
free-mem,64,75300000,13
free-mem,64,75400000,13
free-mem,64,75500000,13
free-mem,64,75600000,13
free-mem,64,75700000,13
free-mem,64,75800000,13
free-mem,64,75900000,13
free-mem,64,76000000,13
free-mem,64,76100000,13
free-mem,64,76200000,13
free-mem,64,76300000,13
free-mem,64,76400000,13
free-mem,64,76500000,13
free-mem,64,76600000,13
free-mem,64,76700000,13
free-mem,64,76800000,13
free-mem,64,76900000,13
free-mem,64,77000000,13
free-mem,64,77100000,13
free-mem,64,77200000,13
free-mem,64,77300000,13
free-mem,64,77400000,13
free-mem,64,77500000,13
free-mem,64,77600000,13
free-mem,64,77700000,13
free-mem,64,77800000,13
free-mem,64,77900000,13
free-mem,64,78000000,13
free-mem,64,78100000,13
free-mem,64,78200000,13
free-mem,64,78300000,13
free-mem,64,78400000,13
free-mem,64,78500000,13
free-mem,64,78600000,13
free-mem,64,78700000,13
free-mem,64,78800000,13
free-mem,64,78900000,13
free-mem,64,79000000,13
free-mem,64,79100000,13
free-mem,64,79200000,13
free-mem,64,79300000,13
free-mem,64,79400000,13
free-mem,64,79500000,13
free-mem,64,79600000,13
free-mem,64,79700000,13
free-mem,64,79800000,13
free-mem,64,79900000,13
marginal-hits,64,100000,20
marginal-hits,64,200000,14
marginal-hits,64,300000,11
marginal-hits,64,400000,13
marginal-hits,64,500000,13
marginal-hits,64,600000,12
marginal-hits,64,700000,11
marginal-hits,64,800000,10
marginal-hits,64,900000,9
marginal-hits,64,1000000,8
marginal-hits,64,1100000,7
marginal-hits,64,1200000,6
marginal-hits,64,1300000,5
marginal-hits,64,1400000,4
marginal-hits,64,1500000,3
marginal-hits,64,1600000,4
marginal-hits,64,1700000,3
marginal-hits,64,1800000,3
marginal-hits,64,1900000,3
marginal-hits,64,2000000,2
marginal-hits,64,2100000,3
marginal-hits,64,2200000,3
marginal-hits,64,2300000,4
marginal-hits,64,2400000,4
marginal-hits,64,2500000,4
marginal-hits,64,2600000,3
marginal-hits,64,2700000,2
marginal-hits,64,2800000,2
marginal-hits,64,2900000,2
marginal-hits,64,3000000,2
marginal-hits,64,3100000,1
marginal-hits,64,3200000,2
marginal-hits,64,3300000,1
marginal-hits,64,3400000,2
marginal-hits,64,3500000,3
marginal-hits,64,3600000,4
marginal-hits,64,3700000,3
marginal-hits,64,3800000,2
marginal-hits,64,3900000,1
marginal-hits,64,4000000,1
marginal-hits,64,4100000,2
marginal-hits,64,4200000,2
marginal-hits,64,4300000,3
marginal-hits,64,4400000,3
marginal-hits,64,4500000,3
marginal-hits,64,4600000,2
marginal-hits,64,4700000,1
marginal-hits,64,4800000,2
marginal-hits,64,4900000,2
marginal-hits,64,5000000,1
marginal-hits,64,5100000,2
marginal-hits,64,5200000,3
marginal-hits,64,5300000,4
marginal-hits,64,5400000,4
marginal-hits,64,5500000,4
marginal-hits,64,5600000,4
marginal-hits,64,5700000,4
marginal-hits,64,5800000,3
marginal-hits,64,5900000,3
marginal-hits,64,6000000,4
marginal-hits,64,6100000,4
marginal-hits,64,6200000,5
marginal-hits,64,6300000,5
marginal-hits,64,6400000,4
marginal-hits,64,6500000,3
marginal-hits,64,6600000,2
marginal-hits,64,6700000,2
marginal-hits,64,6800000,2
marginal-hits,64,6900000,2
marginal-hits,64,7000000,3
marginal-hits,64,7100000,3
marginal-hits,64,7200000,2
marginal-hits,64,7300000,3
marginal-hits,64,7400000,3
marginal-hits,64,7500000,4
marginal-hits,64,7600000,5
marginal-hits,64,7700000,5
marginal-hits,64,7800000,5
marginal-hits,64,7900000,5
marginal-hits,64,8000000,5
marginal-hits,64,8100000,6
marginal-hits,64,8200000,7
marginal-hits,64,8300000,7
marginal-hits,64,8400000,7
marginal-hits,64,8500000,7
marginal-hits,64,8600000,8
marginal-hits,64,8700000,7
marginal-hits,64,8800000,8
marginal-hits,64,8900000,8
marginal-hits,64,9000000,7
marginal-hits,64,9100000,7
marginal-hits,64,9200000,7
marginal-hits,64,9300000,6
marginal-hits,64,9400000,5
marginal-hits,64,9500000,4
marginal-hits,64,9600000,5
marginal-hits,64,9700000,5
marginal-hits,64,9800000,6
marginal-hits,64,9900000,5
marginal-hits,64,10000000,4
marginal-hits,64,10100000,3
marginal-hits,64,10200000,3
marginal-hits,64,10300000,2
marginal-hits,64,10400000,3
marginal-hits,64,10500000,4
marginal-hits,64,10600000,4
marginal-hits,64,10700000,3
marginal-hits,64,10800000,2
marginal-hits,64,10900000,1
marginal-hits,64,11000000,0
marginal-hits,64,11100000,1
marginal-hits,64,11200000,0
marginal-hits,64,11300000,1
marginal-hits,64,11400000,2
marginal-hits,64,11500000,1
marginal-hits,64,11600000,0
marginal-hits,64,11700000,1
marginal-hits,64,11800000,2
marginal-hits,64,11900000,3
marginal-hits,64,12000000,2
marginal-hits,64,12100000,2
marginal-hits,64,12200000,2
marginal-hits,64,12300000,3
marginal-hits,64,12400000,3
marginal-hits,64,12500000,2
marginal-hits,64,12600000,2
marginal-hits,64,12700000,3
marginal-hits,64,12800000,2
marginal-hits,64,12900000,2
marginal-hits,64,13000000,2
marginal-hits,64,13100000,1
marginal-hits,64,13200000,0
marginal-hits,64,13300000,1
marginal-hits,64,13400000,2
marginal-hits,64,13500000,3
marginal-hits,64,13600000,2
marginal-hits,64,13700000,2
marginal-hits,64,13800000,3
marginal-hits,64,13900000,2
marginal-hits,64,14000000,3
marginal-hits,64,14100000,3
marginal-hits,64,14200000,2
marginal-hits,64,14300000,3
marginal-hits,64,14400000,3
marginal-hits,64,14500000,3
marginal-hits,64,14600000,2
marginal-hits,64,14700000,3
marginal-hits,64,14800000,4
marginal-hits,64,14900000,4
marginal-hits,64,15000000,4
marginal-hits,64,15100000,4
marginal-hits,64,15200000,5
marginal-hits,64,15300000,5
marginal-hits,64,15400000,4
marginal-hits,64,15500000,5
marginal-hits,64,15600000,4
marginal-hits,64,15700000,3
marginal-hits,64,15800000,3
marginal-hits,64,15900000,4
marginal-hits,64,16000000,5
marginal-hits,64,16100000,5
marginal-hits,64,16200000,4
marginal-hits,64,16300000,4
marginal-hits,64,16400000,3
marginal-hits,64,16500000,4
marginal-hits,64,16600000,5
marginal-hits,64,16700000,5
marginal-hits,64,16800000,5
marginal-hits,64,16900000,5
marginal-hits,64,17000000,5
marginal-hits,64,17100000,4
marginal-hits,64,17200000,3
marginal-hits,64,17300000,3
marginal-hits,64,17400000,3
marginal-hits,64,17500000,4
marginal-hits,64,17600000,4
marginal-hits,64,17700000,3
marginal-hits,64,17800000,4
marginal-hits,64,17900000,5
marginal-hits,64,18000000,6
marginal-hits,64,18100000,5
marginal-hits,64,18200000,5
marginal-hits,64,18300000,5
marginal-hits,64,18400000,4
marginal-hits,64,18500000,4
marginal-hits,64,18600000,3
marginal-hits,64,18700000,3
marginal-hits,64,18800000,4
marginal-hits,64,18900000,3
marginal-hits,64,19000000,3
marginal-hits,64,19100000,4
marginal-hits,64,19200000,3
marginal-hits,64,19300000,2
marginal-hits,64,19400000,3
marginal-hits,64,19500000,3
marginal-hits,64,19600000,4
marginal-hits,64,19700000,4
marginal-hits,64,19800000,4
marginal-hits,64,19900000,4
marginal-hits,64,20000000,4
marginal-hits,64,20100000,4
marginal-hits,64,20200000,5
marginal-hits,64,20300000,4
marginal-hits,64,20400000,4
marginal-hits,64,20500000,3
marginal-hits,64,20600000,4
marginal-hits,64,20700000,4
marginal-hits,64,20800000,5
marginal-hits,64,20900000,5
marginal-hits,64,21000000,5
marginal-hits,64,21100000,5
marginal-hits,64,21200000,4
marginal-hits,64,21300000,3
marginal-hits,64,21400000,3
marginal-hits,64,21500000,4
marginal-hits,64,21600000,4
marginal-hits,64,21700000,4
marginal-hits,64,21800000,3
marginal-hits,64,21900000,3
marginal-hits,64,22000000,2
marginal-hits,64,22100000,1
marginal-hits,64,22200000,2
marginal-hits,64,22300000,1
marginal-hits,64,22400000,2
marginal-hits,64,22500000,2
marginal-hits,64,22600000,2
marginal-hits,64,22700000,2
marginal-hits,64,22800000,3
marginal-hits,64,22900000,3
marginal-hits,64,23000000,2
marginal-hits,64,23100000,2
marginal-hits,64,23200000,3
marginal-hits,64,23300000,3
marginal-hits,64,23400000,4
marginal-hits,64,23500000,4
marginal-hits,64,23600000,3
marginal-hits,64,23700000,3
marginal-hits,64,23800000,2
marginal-hits,64,23900000,2
marginal-hits,64,24000000,2
marginal-hits,64,24100000,3
marginal-hits,64,24200000,3
marginal-hits,64,24300000,3
marginal-hits,64,24400000,2
marginal-hits,64,24500000,2
marginal-hits,64,24600000,2
marginal-hits,64,24700000,2
marginal-hits,64,24800000,2
marginal-hits,64,24900000,3
marginal-hits,64,25000000,3
marginal-hits,64,25100000,4
marginal-hits,64,25200000,3
marginal-hits,64,25300000,3
marginal-hits,64,25400000,3
marginal-hits,64,25500000,3
marginal-hits,64,25600000,2
marginal-hits,64,25700000,2
marginal-hits,64,25800000,3
marginal-hits,64,25900000,3
marginal-hits,64,26000000,3
marginal-hits,64,26100000,3
marginal-hits,64,26200000,3
marginal-hits,64,26300000,2
marginal-hits,64,26400000,2
marginal-hits,64,26500000,2
marginal-hits,64,26600000,2
marginal-hits,64,26700000,2
marginal-hits,64,26800000,1
marginal-hits,64,26900000,0
marginal-hits,64,27000000,1
marginal-hits,64,27100000,2
marginal-hits,64,27200000,1
marginal-hits,64,27300000,2
marginal-hits,64,27400000,3
marginal-hits,64,27500000,4
marginal-hits,64,27600000,5
marginal-hits,64,27700000,4
marginal-hits,64,27800000,4
marginal-hits,64,27900000,3
marginal-hits,64,28000000,4
marginal-hits,64,28100000,3
marginal-hits,64,28200000,4
marginal-hits,64,28300000,3
marginal-hits,64,28400000,3
marginal-hits,64,28500000,4
marginal-hits,64,28600000,5
marginal-hits,64,28700000,4
marginal-hits,64,28800000,3
marginal-hits,64,28900000,2
marginal-hits,64,29000000,1
marginal-hits,64,29100000,1
marginal-hits,64,29200000,1
marginal-hits,64,29300000,1
marginal-hits,64,29400000,2
marginal-hits,64,29500000,2
marginal-hits,64,29600000,3
marginal-hits,64,29700000,2
marginal-hits,64,29800000,2
marginal-hits,64,29900000,3
marginal-hits,64,30000000,3
marginal-hits,64,30100000,3
marginal-hits,64,30200000,2
marginal-hits,64,30300000,2
marginal-hits,64,30400000,2
marginal-hits,64,30500000,3
marginal-hits,64,30600000,3
marginal-hits,64,30700000,3
marginal-hits,64,30800000,3
marginal-hits,64,30900000,3
marginal-hits,64,31000000,2
marginal-hits,64,31100000,3
marginal-hits,64,31200000,2
marginal-hits,64,31300000,3
marginal-hits,64,31400000,4
marginal-hits,64,31500000,4
marginal-hits,64,31600000,4
marginal-hits,64,31700000,3
marginal-hits,64,31800000,3
marginal-hits,64,31900000,3
marginal-hits,64,32000000,3
marginal-hits,64,32100000,2
marginal-hits,64,32200000,2
marginal-hits,64,32300000,2
marginal-hits,64,32400000,3
marginal-hits,64,32500000,3
marginal-hits,64,32600000,2
marginal-hits,64,32700000,2
marginal-hits,64,32800000,1
marginal-hits,64,32900000,1
marginal-hits,64,33000000,1
marginal-hits,64,33100000,2
marginal-hits,64,33200000,2
marginal-hits,64,33300000,1
marginal-hits,64,33400000,1
marginal-hits,64,33500000,1
marginal-hits,64,33600000,2
marginal-hits,64,33700000,3
marginal-hits,64,33800000,4
marginal-hits,64,33900000,3
marginal-hits,64,34000000,2
marginal-hits,64,34100000,2
marginal-hits,64,34200000,2
marginal-hits,64,34300000,2
marginal-hits,64,34400000,3
marginal-hits,64,34500000,3
marginal-hits,64,34600000,4
marginal-hits,64,34700000,3
marginal-hits,64,34800000,3
marginal-hits,64,34900000,2
marginal-hits,64,35000000,2
marginal-hits,64,35100000,1
marginal-hits,64,35200000,2
marginal-hits,64,35300000,2
marginal-hits,64,35400000,3
marginal-hits,64,35500000,4
marginal-hits,64,35600000,3
marginal-hits,64,35700000,3
marginal-hits,64,35800000,2
marginal-hits,64,35900000,1
marginal-hits,64,36000000,2
marginal-hits,64,36100000,2
marginal-hits,64,36200000,1
marginal-hits,64,36300000,2
marginal-hits,64,36400000,2
marginal-hits,64,36500000,3
marginal-hits,64,36600000,4
marginal-hits,64,36700000,3
marginal-hits,64,36800000,4
marginal-hits,64,36900000,3
marginal-hits,64,37000000,3
marginal-hits,64,37100000,2
marginal-hits,64,37200000,1
marginal-hits,64,37300000,2
marginal-hits,64,37400000,2
marginal-hits,64,37500000,2
marginal-hits,64,37600000,3
marginal-hits,64,37700000,3
marginal-hits,64,37800000,2
marginal-hits,64,37900000,2
marginal-hits,64,38000000,2
marginal-hits,64,38100000,3
marginal-hits,64,38200000,2
marginal-hits,64,38300000,2
marginal-hits,64,38400000,3
marginal-hits,64,38500000,3
marginal-hits,64,38600000,3
marginal-hits,64,38700000,2
marginal-hits,64,38800000,2
marginal-hits,64,38900000,2
marginal-hits,64,39000000,2
marginal-hits,64,39100000,2
marginal-hits,64,39200000,3
marginal-hits,64,39300000,3
marginal-hits,64,39400000,3
marginal-hits,64,39500000,2
marginal-hits,64,39600000,2
marginal-hits,64,39700000,2
marginal-hits,64,39800000,3
marginal-hits,64,39900000,3
marginal-hits,64,40000000,3
marginal-hits,64,40100000,3
marginal-hits,64,40200000,4
marginal-hits,64,40300000,3
marginal-hits,64,40400000,2
marginal-hits,64,40500000,2
marginal-hits,64,40600000,3
marginal-hits,64,40700000,2
marginal-hits,64,40800000,2
marginal-hits,64,40900000,2
marginal-hits,64,41000000,1
marginal-hits,64,41100000,1
marginal-hits,64,41200000,1
marginal-hits,64,41300000,2
marginal-hits,64,41400000,3
marginal-hits,64,41500000,4
marginal-hits,64,41600000,3
marginal-hits,64,41700000,3
marginal-hits,64,41800000,4
marginal-hits,64,41900000,3
marginal-hits,64,42000000,2
marginal-hits,64,42100000,3
marginal-hits,64,42200000,4
marginal-hits,64,42300000,3
marginal-hits,64,42400000,2
marginal-hits,64,42500000,2
marginal-hits,64,42600000,3
marginal-hits,64,42700000,2
marginal-hits,64,42800000,3
marginal-hits,64,42900000,2
marginal-hits,64,43000000,2
marginal-hits,64,43100000,1
marginal-hits,64,43200000,1
marginal-hits,64,43300000,2
marginal-hits,64,43400000,1
marginal-hits,64,43500000,2
marginal-hits,64,43600000,2
marginal-hits,64,43700000,2
marginal-hits,64,43800000,2
marginal-hits,64,43900000,1
marginal-hits,64,44000000,2
marginal-hits,64,44100000,1
marginal-hits,64,44200000,0
marginal-hits,64,44300000,1
marginal-hits,64,44400000,2
marginal-hits,64,44500000,3
marginal-hits,64,44600000,3
marginal-hits,64,44700000,2
marginal-hits,64,44800000,1
marginal-hits,64,44900000,1
marginal-hits,64,45000000,2
marginal-hits,64,45100000,2
marginal-hits,64,45200000,2
marginal-hits,64,45300000,2
marginal-hits,64,45400000,2
marginal-hits,64,45500000,3
marginal-hits,64,45600000,2
marginal-hits,64,45700000,2
marginal-hits,64,45800000,1
marginal-hits,64,45900000,2
marginal-hits,64,46000000,3
marginal-hits,64,46100000,3
marginal-hits,64,46200000,4
marginal-hits,64,46300000,3
marginal-hits,64,46400000,4
marginal-hits,64,46500000,4
marginal-hits,64,46600000,4
marginal-hits,64,46700000,5
marginal-hits,64,46800000,6
marginal-hits,64,46900000,6
marginal-hits,64,47000000,6
marginal-hits,64,47100000,5
marginal-hits,64,47200000,5
marginal-hits,64,47300000,5
marginal-hits,64,47400000,5
marginal-hits,64,47500000,5
marginal-hits,64,47600000,6
marginal-hits,64,47700000,5
marginal-hits,64,47800000,4
marginal-hits,64,47900000,4
marginal-hits,64,48000000,3
marginal-hits,64,48100000,3
marginal-hits,64,48200000,4
marginal-hits,64,48300000,4
marginal-hits,64,48400000,5
marginal-hits,64,48500000,4
marginal-hits,64,48600000,4
marginal-hits,64,48700000,5
marginal-hits,64,48800000,6
marginal-hits,64,48900000,5
marginal-hits,64,49000000,4
marginal-hits,64,49100000,3
marginal-hits,64,49200000,2
marginal-hits,64,49300000,1
marginal-hits,64,49400000,1
marginal-hits,64,49500000,1
marginal-hits,64,49600000,1
marginal-hits,64,49700000,2
marginal-hits,64,49800000,1
marginal-hits,64,49900000,2
marginal-hits,64,50000000,2
marginal-hits,64,50100000,3
marginal-hits,64,50200000,4
marginal-hits,64,50300000,5
marginal-hits,64,50400000,6
marginal-hits,64,50500000,5
marginal-hits,64,50600000,4
marginal-hits,64,50700000,3
marginal-hits,64,50800000,2
marginal-hits,64,50900000,2
marginal-hits,64,51000000,3
marginal-hits,64,51100000,2
marginal-hits,64,51200000,2
marginal-hits,64,51300000,2
marginal-hits,64,51400000,3
marginal-hits,64,51500000,2
marginal-hits,64,51600000,1
marginal-hits,64,51700000,2
marginal-hits,64,51800000,2
marginal-hits,64,51900000,2
marginal-hits,64,52000000,1
marginal-hits,64,52100000,1
marginal-hits,64,52200000,1
marginal-hits,64,52300000,2
marginal-hits,64,52400000,1
marginal-hits,64,52500000,1
marginal-hits,64,52600000,1
marginal-hits,64,52700000,1
marginal-hits,64,52800000,1
marginal-hits,64,52900000,1
marginal-hits,64,53000000,1
marginal-hits,64,53100000,2
marginal-hits,64,53200000,1
marginal-hits,64,53300000,1
marginal-hits,64,53400000,1
marginal-hits,64,53500000,1
marginal-hits,64,53600000,1
marginal-hits,64,53700000,1
marginal-hits,64,53800000,2
marginal-hits,64,53900000,2
marginal-hits,64,54000000,2
marginal-hits,64,54100000,2
marginal-hits,64,54200000,3
marginal-hits,64,54300000,4
marginal-hits,64,54400000,3
marginal-hits,64,54500000,3
marginal-hits,64,54600000,2
marginal-hits,64,54700000,1
marginal-hits,64,54800000,0
marginal-hits,64,54900000,1
marginal-hits,64,55000000,2
marginal-hits,64,55100000,2
marginal-hits,64,55200000,2
marginal-hits,64,55300000,2
marginal-hits,64,55400000,1
marginal-hits,64,55500000,1
marginal-hits,64,55600000,1
marginal-hits,64,55700000,2
marginal-hits,64,55800000,1
marginal-hits,64,55900000,2
marginal-hits,64,56000000,2
marginal-hits,64,56100000,2
marginal-hits,64,56200000,3
marginal-hits,64,56300000,4
marginal-hits,64,56400000,5
marginal-hits,64,56500000,5
marginal-hits,64,56600000,5
marginal-hits,64,56700000,5
marginal-hits,64,56800000,5
marginal-hits,64,56900000,4
marginal-hits,64,57000000,3
marginal-hits,64,57100000,3
marginal-hits,64,57200000,3
marginal-hits,64,57300000,4
marginal-hits,64,57400000,4
marginal-hits,64,57500000,4
marginal-hits,64,57600000,4
marginal-hits,64,57700000,3
marginal-hits,64,57800000,4
marginal-hits,64,57900000,5
marginal-hits,64,58000000,6
marginal-hits,64,58100000,6
marginal-hits,64,58200000,5
marginal-hits,64,58300000,5
marginal-hits,64,58400000,4
marginal-hits,64,58500000,5
marginal-hits,64,58600000,6
marginal-hits,64,58700000,7
marginal-hits,64,58800000,6
marginal-hits,64,58900000,5
marginal-hits,64,59000000,6
marginal-hits,64,59100000,5
marginal-hits,64,59200000,5
marginal-hits,64,59300000,4
marginal-hits,64,59400000,4
marginal-hits,64,59500000,5
marginal-hits,64,59600000,5
marginal-hits,64,59700000,6
marginal-hits,64,59800000,5
marginal-hits,64,59900000,4
marginal-hits,64,60000000,4
marginal-hits,64,60100000,5
marginal-hits,64,60200000,5
marginal-hits,64,60300000,4
marginal-hits,64,60400000,3
marginal-hits,64,60500000,3
marginal-hits,64,60600000,4
marginal-hits,64,60700000,5
marginal-hits,64,60800000,5
marginal-hits,64,60900000,4
marginal-hits,64,61000000,4
marginal-hits,64,61100000,5
marginal-hits,64,61200000,5
marginal-hits,64,61300000,5
marginal-hits,64,61400000,5
marginal-hits,64,61500000,6
marginal-hits,64,61600000,7
marginal-hits,64,61700000,7
marginal-hits,64,61800000,7
marginal-hits,64,61900000,7
marginal-hits,64,62000000,6
marginal-hits,64,62100000,5
marginal-hits,64,62200000,4
marginal-hits,64,62300000,4
marginal-hits,64,62400000,4
marginal-hits,64,62500000,5
marginal-hits,64,62600000,5
marginal-hits,64,62700000,4
marginal-hits,64,62800000,5
marginal-hits,64,62900000,5
marginal-hits,64,63000000,4
marginal-hits,64,63100000,5
marginal-hits,64,63200000,4
marginal-hits,64,63300000,3
marginal-hits,64,63400000,3
marginal-hits,64,63500000,4
marginal-hits,64,63600000,5
marginal-hits,64,63700000,4
marginal-hits,64,63800000,4
marginal-hits,64,63900000,4
marginal-hits,64,64000000,4
marginal-hits,64,64100000,3
marginal-hits,64,64200000,3
marginal-hits,64,64300000,2
marginal-hits,64,64400000,2
marginal-hits,64,64500000,3
marginal-hits,64,64600000,2
marginal-hits,64,64700000,1
marginal-hits,64,64800000,1
marginal-hits,64,64900000,0
marginal-hits,64,65000000,1
marginal-hits,64,65100000,1
marginal-hits,64,65200000,2
marginal-hits,64,65300000,3
marginal-hits,64,65400000,2
marginal-hits,64,65500000,1
marginal-hits,64,65600000,2
marginal-hits,64,65700000,3
marginal-hits,64,65800000,4
marginal-hits,64,65900000,4
marginal-hits,64,66000000,5
marginal-hits,64,66100000,6
marginal-hits,64,66200000,7
marginal-hits,64,66300000,6
marginal-hits,64,66400000,6
marginal-hits,64,66500000,6
marginal-hits,64,66600000,5
marginal-hits,64,66700000,4
marginal-hits,64,66800000,4
marginal-hits,64,66900000,3
marginal-hits,64,67000000,4
marginal-hits,64,67100000,4
marginal-hits,64,67200000,4
marginal-hits,64,67300000,5
marginal-hits,64,67400000,4
marginal-hits,64,67500000,4
marginal-hits,64,67600000,4
marginal-hits,64,67700000,3
marginal-hits,64,67800000,2
marginal-hits,64,67900000,2
marginal-hits,64,68000000,2
marginal-hits,64,68100000,3
marginal-hits,64,68200000,2
marginal-hits,64,68300000,2
marginal-hits,64,68400000,3
marginal-hits,64,68500000,2
marginal-hits,64,68600000,3
marginal-hits,64,68700000,4
marginal-hits,64,68800000,4
marginal-hits,64,68900000,3
marginal-hits,64,69000000,3
marginal-hits,64,69100000,2
marginal-hits,64,69200000,3
marginal-hits,64,69300000,3
marginal-hits,64,69400000,3
marginal-hits,64,69500000,3
marginal-hits,64,69600000,4
marginal-hits,64,69700000,4
marginal-hits,64,69800000,5
marginal-hits,64,69900000,4
marginal-hits,64,70000000,3
marginal-hits,64,70100000,2
marginal-hits,64,70200000,3
marginal-hits,64,70300000,2
marginal-hits,64,70400000,1
marginal-hits,64,70500000,2
marginal-hits,64,70600000,3
marginal-hits,64,70700000,2
marginal-hits,64,70800000,1
marginal-hits,64,70900000,1
marginal-hits,64,71000000,2
marginal-hits,64,71100000,1
marginal-hits,64,71200000,2
marginal-hits,64,71300000,2
marginal-hits,64,71400000,2
marginal-hits,64,71500000,2
marginal-hits,64,71600000,2
marginal-hits,64,71700000,3
marginal-hits,64,71800000,2
marginal-hits,64,71900000,2
marginal-hits,64,72000000,3
marginal-hits,64,72100000,2
marginal-hits,64,72200000,2
marginal-hits,64,72300000,2
marginal-hits,64,72400000,3
marginal-hits,64,72500000,2
marginal-hits,64,72600000,2
marginal-hits,64,72700000,2
marginal-hits,64,72800000,3
marginal-hits,64,72900000,4
marginal-hits,64,73000000,4
marginal-hits,64,73100000,4
marginal-hits,64,73200000,3
marginal-hits,64,73300000,2
marginal-hits,64,73400000,3
marginal-hits,64,73500000,3
marginal-hits,64,73600000,3
marginal-hits,64,73700000,3
marginal-hits,64,73800000,3
marginal-hits,64,73900000,3
marginal-hits,64,74000000,3
marginal-hits,64,74100000,2
marginal-hits,64,74200000,3
marginal-hits,64,74300000,4
marginal-hits,64,74400000,3
marginal-hits,64,74500000,3
marginal-hits,64,74600000,3
marginal-hits,64,74700000,3
marginal-hits,64,74800000,3
marginal-hits,64,74900000,3
marginal-hits,64,75000000,4
marginal-hits,64,75100000,3
marginal-hits,64,75200000,4
marginal-hits,64,75300000,3
marginal-hits,64,75400000,3
marginal-hits,64,75500000,2
marginal-hits,64,75600000,1
marginal-hits,64,75700000,2
marginal-hits,64,75800000,3
marginal-hits,64,75900000,3
marginal-hits,64,76000000,3
marginal-hits,64,76100000,2
marginal-hits,64,76200000,3
marginal-hits,64,76300000,3
marginal-hits,64,76400000,4
marginal-hits,64,76500000,4
marginal-hits,64,76600000,4
marginal-hits,64,76700000,3
marginal-hits,64,76800000,2
marginal-hits,64,76900000,3
marginal-hits,64,77000000,2
marginal-hits,64,77100000,1
marginal-hits,64,77200000,1
marginal-hits,64,77300000,2
marginal-hits,64,77400000,3
marginal-hits,64,77500000,4
marginal-hits,64,77600000,4
marginal-hits,64,77700000,3
marginal-hits,64,77800000,3
marginal-hits,64,77900000,3
marginal-hits,64,78000000,3
marginal-hits,64,78100000,2
marginal-hits,64,78200000,3
marginal-hits,64,78300000,2
marginal-hits,64,78400000,2
marginal-hits,64,78500000,3
marginal-hits,64,78600000,3
marginal-hits,64,78700000,3
marginal-hits,64,78800000,4
marginal-hits,64,78900000,3
marginal-hits,64,79000000,3
marginal-hits,64,79100000,3
marginal-hits,64,79200000,3
marginal-hits,64,79300000,2
marginal-hits,64,79400000,3
marginal-hits,64,79500000,2
marginal-hits,64,79600000,3
marginal-hits,64,79700000,3
marginal-hits,64,79800000,4
marginal-hits,64,79900000,4
hits,128,100000,52
hits,128,200000,45
hits,128,300000,42
hits,128,400000,41
hits,128,500000,41
hits,128,600000,41
hits,128,700000,41
hits,128,800000,41
hits,128,900000,41
hits,128,1000000,41
hits,128,1100000,41
hits,128,1200000,41
hits,128,1300000,42
hits,128,1400000,42
hits,128,1500000,43
hits,128,1600000,43
hits,128,1700000,44
hits,128,1800000,44
hits,128,1900000,45
hits,128,2000000,46
hits,128,2100000,47
hits,128,2200000,48
hits,128,2300000,49
hits,128,2400000,50
hits,128,2500000,51
hits,128,2600000,52
hits,128,2700000,53
hits,128,2800000,54
hits,128,2900000,55
hits,128,3000000,56
hits,128,3100000,57
hits,128,3200000,58
hits,128,3300000,59
hits,128,3400000,60
hits,128,3500000,61
hits,128,3600000,62
hits,128,3700000,63
hits,128,3800000,64
hits,128,3900000,65
hits,128,4000000,66
hits,128,4100000,67
hits,128,4200000,68
hits,128,4300000,69
hits,128,4400000,70
hits,128,4500000,71
hits,128,4600000,72
hits,128,4700000,73
hits,128,4800000,74
hits,128,4900000,75
hits,128,5000000,76
hits,128,5100000,77
hits,128,5200000,78
hits,128,5300000,78
hits,128,5400000,79
hits,128,5500000,79
hits,128,5600000,80
hits,128,5700000,80
hits,128,5800000,80
hits,128,5900000,80
hits,128,6000000,80
hits,128,6100000,80
hits,128,6200000,80
hits,128,6300000,80
hits,128,6400000,80
hits,128,6500000,80
hits,128,6600000,80
hits,128,6700000,80
hits,128,6800000,80
hits,128,6900000,80
hits,128,7000000,80
hits,128,7100000,80
hits,128,7200000,80
hits,128,7300000,80
hits,128,7400000,80
hits,128,7500000,80
hits,128,7600000,80
hits,128,7700000,80
hits,128,7800000,80
hits,128,7900000,80
hits,128,8000000,80
hits,128,8100000,80
hits,128,8200000,80
hits,128,8300000,80
hits,128,8400000,80
hits,128,8500000,80
hits,128,8600000,80
hits,128,8700000,80
hits,128,8800000,80
hits,128,8900000,80
hits,128,9000000,80
hits,128,9100000,80
hits,128,9200000,80
hits,128,9300000,80
hits,128,9400000,80
hits,128,9500000,80
hits,128,9600000,80
hits,128,9700000,80
hits,128,9800000,80
hits,128,9900000,80
hits,128,10000000,80
hits,128,10100000,80
hits,128,10200000,80
hits,128,10300000,80
hits,128,10400000,80
hits,128,10500000,80
hits,128,10600000,80
hits,128,10700000,80
hits,128,10800000,80
hits,128,10900000,80
hits,128,11000000,80
hits,128,11100000,80
hits,128,11200000,80
hits,128,11300000,80
hits,128,11400000,80
hits,128,11500000,80
hits,128,11600000,80
hits,128,11700000,80
hits,128,11800000,80
hits,128,11900000,80
hits,128,12000000,80
hits,128,12100000,80
hits,128,12200000,80
hits,128,12300000,80
hits,128,12400000,80
hits,128,12500000,80
hits,128,12600000,80
hits,128,12700000,80
hits,128,12800000,80
hits,128,12900000,80
hits,128,13000000,80
hits,128,13100000,80
hits,128,13200000,80
hits,128,13300000,80
hits,128,13400000,80
hits,128,13500000,80
hits,128,13600000,80
hits,128,13700000,80
hits,128,13800000,80
hits,128,13900000,80
hits,128,14000000,80
hits,128,14100000,80
hits,128,14200000,80
hits,128,14300000,80
hits,128,14400000,80
hits,128,14500000,80
hits,128,14600000,80
hits,128,14700000,80
hits,128,14800000,80
hits,128,14900000,80
hits,128,15000000,80
hits,128,15100000,80
hits,128,15200000,80
hits,128,15300000,80
hits,128,15400000,80
hits,128,15500000,80
hits,128,15600000,80
hits,128,15700000,80
hits,128,15800000,80
hits,128,15900000,80
hits,128,16000000,80
hits,128,16100000,80
hits,128,16200000,80
hits,128,16300000,80
hits,128,16400000,80
hits,128,16500000,80
hits,128,16600000,80
hits,128,16700000,80
hits,128,16800000,80
hits,128,16900000,80
hits,128,17000000,80
hits,128,17100000,80
hits,128,17200000,80
hits,128,17300000,80
hits,128,17400000,80
hits,128,17500000,80
hits,128,17600000,80
hits,128,17700000,80
hits,128,17800000,80
hits,128,17900000,80
hits,128,18000000,80
hits,128,18100000,80
hits,128,18200000,80
hits,128,18300000,80
hits,128,18400000,80
hits,128,18500000,80
hits,128,18600000,80
hits,128,18700000,80
hits,128,18800000,80
hits,128,18900000,80
hits,128,19000000,80
hits,128,19100000,80
hits,128,19200000,80
hits,128,19300000,80
hits,128,19400000,80
hits,128,19500000,80
hits,128,19600000,80
hits,128,19700000,80
hits,128,19800000,80
hits,128,19900000,80
hits,128,20000000,80
hits,128,20100000,80
hits,128,20200000,80
hits,128,20300000,80
hits,128,20400000,80
hits,128,20500000,80
hits,128,20600000,80
hits,128,20700000,80
hits,128,20800000,80
hits,128,20900000,80
hits,128,21000000,80
hits,128,21100000,80
hits,128,21200000,80
hits,128,21300000,80
hits,128,21400000,80
hits,128,21500000,80
hits,128,21600000,80
hits,128,21700000,80
hits,128,21800000,80
hits,128,21900000,80
hits,128,22000000,80
hits,128,22100000,80
hits,128,22200000,80
hits,128,22300000,80
hits,128,22400000,80
hits,128,22500000,80
hits,128,22600000,80
hits,128,22700000,80
hits,128,22800000,80
hits,128,22900000,80
hits,128,23000000,80
hits,128,23100000,80
hits,128,23200000,80
hits,128,23300000,80
hits,128,23400000,80
hits,128,23500000,80
hits,128,23600000,80
hits,128,23700000,80
hits,128,23800000,80
hits,128,23900000,80
hits,128,24000000,80
hits,128,24100000,80
hits,128,24200000,80
hits,128,24300000,80
hits,128,24400000,80
hits,128,24500000,80
hits,128,24600000,80
hits,128,24700000,80
hits,128,24800000,80
hits,128,24900000,80
hits,128,25000000,80
hits,128,25100000,80
hits,128,25200000,80
hits,128,25300000,80
hits,128,25400000,80
hits,128,25500000,80
hits,128,25600000,80
hits,128,25700000,80
hits,128,25800000,80
hits,128,25900000,80
hits,128,26000000,80
hits,128,26100000,80
hits,128,26200000,80
hits,128,26300000,80
hits,128,26400000,80
hits,128,26500000,80
hits,128,26600000,80
hits,128,26700000,80
hits,128,26800000,80
hits,128,26900000,80
hits,128,27000000,80
hits,128,27100000,80
hits,128,27200000,80
hits,128,27300000,80
hits,128,27400000,80
hits,128,27500000,80
hits,128,27600000,80
hits,128,27700000,80
hits,128,27800000,80
hits,128,27900000,80
hits,128,28000000,80
hits,128,28100000,80
hits,128,28200000,80
hits,128,28300000,80
hits,128,28400000,80
hits,128,28500000,80
hits,128,28600000,80
hits,128,28700000,80
hits,128,28800000,80
hits,128,28900000,80
hits,128,29000000,80
hits,128,29100000,80
hits,128,29200000,80
hits,128,29300000,80
hits,128,29400000,80
hits,128,29500000,80
hits,128,29600000,80
hits,128,29700000,80
hits,128,29800000,80
hits,128,29900000,80
hits,128,30000000,80
hits,128,30100000,80
hits,128,30200000,80
hits,128,30300000,80
hits,128,30400000,80
hits,128,30500000,80
hits,128,30600000,80
hits,128,30700000,80
hits,128,30800000,80
hits,128,30900000,80
hits,128,31000000,80
hits,128,31100000,80
hits,128,31200000,80
hits,128,31300000,80
hits,128,31400000,80
hits,128,31500000,80
hits,128,31600000,80
hits,128,31700000,80
hits,128,31800000,80
hits,128,31900000,80
hits,128,32000000,80
hits,128,32100000,80
hits,128,32200000,80
hits,128,32300000,80
hits,128,32400000,80
hits,128,32500000,80
hits,128,32600000,80
hits,128,32700000,80
hits,128,32800000,80
hits,128,32900000,80
hits,128,33000000,80
hits,128,33100000,80
hits,128,33200000,80
hits,128,33300000,80
hits,128,33400000,80
hits,128,33500000,80
hits,128,33600000,80
hits,128,33700000,80
hits,128,33800000,80
hits,128,33900000,80
hits,128,34000000,80
hits,128,34100000,80
hits,128,34200000,80
hits,128,34300000,80
hits,128,34400000,80
hits,128,34500000,80
hits,128,34600000,80
hits,128,34700000,80
hits,128,34800000,80
hits,128,34900000,80
hits,128,35000000,80
hits,128,35100000,80
hits,128,35200000,80
hits,128,35300000,80
hits,128,35400000,80
hits,128,35500000,80
hits,128,35600000,80
hits,128,35700000,80
hits,128,35800000,80
hits,128,35900000,80
hits,128,36000000,80
hits,128,36100000,80
hits,128,36200000,80
hits,128,36300000,80
hits,128,36400000,80
hits,128,36500000,80
hits,128,36600000,80
hits,128,36700000,80
hits,128,36800000,80
hits,128,36900000,80
hits,128,37000000,80
hits,128,37100000,80
hits,128,37200000,80
hits,128,37300000,80
hits,128,37400000,80
hits,128,37500000,80
hits,128,37600000,80
hits,128,37700000,80
hits,128,37800000,80
hits,128,37900000,80
hits,128,38000000,80
hits,128,38100000,80
hits,128,38200000,80
hits,128,38300000,80
hits,128,38400000,80
hits,128,38500000,80
hits,128,38600000,80
hits,128,38700000,80
hits,128,38800000,80
hits,128,38900000,80
hits,128,39000000,80
hits,128,39100000,80
hits,128,39200000,80
hits,128,39300000,80
hits,128,39400000,80
hits,128,39500000,80
hits,128,39600000,80
hits,128,39700000,80
hits,128,39800000,80
hits,128,39900000,80
hits,128,40000000,80
hits,128,40100000,80
hits,128,40200000,80
hits,128,40300000,80
hits,128,40400000,80
hits,128,40500000,80
hits,128,40600000,80
hits,128,40700000,80
hits,128,40800000,80
hits,128,40900000,80
hits,128,41000000,80
hits,128,41100000,80
hits,128,41200000,80
hits,128,41300000,80
hits,128,41400000,80
hits,128,41500000,80
hits,128,41600000,80
hits,128,41700000,80
hits,128,41800000,80
hits,128,41900000,80
hits,128,42000000,80
hits,128,42100000,80
hits,128,42200000,80
hits,128,42300000,80
hits,128,42400000,80
hits,128,42500000,80
hits,128,42600000,80
hits,128,42700000,80
hits,128,42800000,80
hits,128,42900000,80
hits,128,43000000,80
hits,128,43100000,80
hits,128,43200000,80
hits,128,43300000,80
hits,128,43400000,80
hits,128,43500000,80
hits,128,43600000,80
hits,128,43700000,80
hits,128,43800000,80
hits,128,43900000,80
hits,128,44000000,80
hits,128,44100000,80
hits,128,44200000,80
hits,128,44300000,80
hits,128,44400000,80
hits,128,44500000,80
hits,128,44600000,80
hits,128,44700000,80
hits,128,44800000,80
hits,128,44900000,80
hits,128,45000000,80
hits,128,45100000,80
hits,128,45200000,80
hits,128,45300000,80
hits,128,45400000,80
hits,128,45500000,80
hits,128,45600000,80
hits,128,45700000,80
hits,128,45800000,80
hits,128,45900000,80
hits,128,46000000,80
hits,128,46100000,80
hits,128,46200000,80
hits,128,46300000,80
hits,128,46400000,80
hits,128,46500000,80
hits,128,46600000,80
hits,128,46700000,80
hits,128,46800000,80
hits,128,46900000,80
hits,128,47000000,80
hits,128,47100000,80
hits,128,47200000,80
hits,128,47300000,80
hits,128,47400000,80
hits,128,47500000,80
hits,128,47600000,80
hits,128,47700000,80
hits,128,47800000,80
hits,128,47900000,80
hits,128,48000000,80
hits,128,48100000,80
hits,128,48200000,80
hits,128,48300000,80
hits,128,48400000,80
hits,128,48500000,80
hits,128,48600000,80
hits,128,48700000,80
hits,128,48800000,80
hits,128,48900000,80
hits,128,49000000,80
hits,128,49100000,80
hits,128,49200000,80
hits,128,49300000,80
hits,128,49400000,80
hits,128,49500000,80
hits,128,49600000,80
hits,128,49700000,80
hits,128,49800000,80
hits,128,49900000,80
hits,128,50000000,80
hits,128,50100000,80
hits,128,50200000,80
hits,128,50300000,80
hits,128,50400000,80
hits,128,50500000,80
hits,128,50600000,80
hits,128,50700000,80
hits,128,50800000,80
hits,128,50900000,80
hits,128,51000000,80
hits,128,51100000,80
hits,128,51200000,80
hits,128,51300000,80
hits,128,51400000,80
hits,128,51500000,80
hits,128,51600000,80
hits,128,51700000,80
hits,128,51800000,80
hits,128,51900000,80
hits,128,52000000,80
hits,128,52100000,80
hits,128,52200000,80
hits,128,52300000,80
hits,128,52400000,80
hits,128,52500000,80
hits,128,52600000,80
hits,128,52700000,80
hits,128,52800000,80
hits,128,52900000,80
hits,128,53000000,80
hits,128,53100000,80
hits,128,53200000,80
hits,128,53300000,80
hits,128,53400000,80
hits,128,53500000,80
hits,128,53600000,80
hits,128,53700000,80
hits,128,53800000,80
hits,128,53900000,80
hits,128,54000000,80
hits,128,54100000,80
hits,128,54200000,80
hits,128,54300000,80
hits,128,54400000,80
hits,128,54500000,80
hits,128,54600000,80
hits,128,54700000,80
hits,128,54800000,80
hits,128,54900000,80
hits,128,55000000,80
hits,128,55100000,80
hits,128,55200000,80
hits,128,55300000,80
hits,128,55400000,80
hits,128,55500000,80
hits,128,55600000,80
hits,128,55700000,80
hits,128,55800000,80
hits,128,55900000,80
hits,128,56000000,80
hits,128,56100000,80
hits,128,56200000,80
hits,128,56300000,80
hits,128,56400000,80
hits,128,56500000,80
hits,128,56600000,80
hits,128,56700000,80
hits,128,56800000,80
hits,128,56900000,80
hits,128,57000000,80
hits,128,57100000,80
hits,128,57200000,80
hits,128,57300000,80
hits,128,57400000,80
hits,128,57500000,80
hits,128,57600000,80
hits,128,57700000,80
hits,128,57800000,80
hits,128,57900000,80
hits,128,58000000,80
hits,128,58100000,80
hits,128,58200000,80
hits,128,58300000,80
hits,128,58400000,80
hits,128,58500000,80
hits,128,58600000,80
hits,128,58700000,80
hits,128,58800000,80
hits,128,58900000,80
hits,128,59000000,80
hits,128,59100000,80
hits,128,59200000,80
hits,128,59300000,80
hits,128,59400000,80
hits,128,59500000,80
hits,128,59600000,80
hits,128,59700000,80
hits,128,59800000,80
hits,128,59900000,80
hits,128,60000000,80
hits,128,60100000,80
hits,128,60200000,80
hits,128,60300000,80
hits,128,60400000,80
hits,128,60500000,80
hits,128,60600000,80
hits,128,60700000,80
hits,128,60800000,80
hits,128,60900000,80
hits,128,61000000,80
hits,128,61100000,80
hits,128,61200000,80
hits,128,61300000,80
hits,128,61400000,80
hits,128,61500000,80
hits,128,61600000,80
hits,128,61700000,80
hits,128,61800000,80
hits,128,61900000,80
hits,128,62000000,80
hits,128,62100000,80
hits,128,62200000,80
hits,128,62300000,80
hits,128,62400000,80
hits,128,62500000,80
hits,128,62600000,80
hits,128,62700000,80
hits,128,62800000,80
hits,128,62900000,80
hits,128,63000000,80
hits,128,63100000,80
hits,128,63200000,80
hits,128,63300000,80
hits,128,63400000,80
hits,128,63500000,80
hits,128,63600000,80
hits,128,63700000,80
hits,128,63800000,80
hits,128,63900000,80
hits,128,64000000,80
hits,128,64100000,80
hits,128,64200000,80
hits,128,64300000,80
hits,128,64400000,80
hits,128,64500000,80
hits,128,64600000,80
hits,128,64700000,80
hits,128,64800000,80
hits,128,64900000,80
hits,128,65000000,80
hits,128,65100000,80
hits,128,65200000,80
hits,128,65300000,80
hits,128,65400000,80
hits,128,65500000,80
hits,128,65600000,80
hits,128,65700000,80
hits,128,65800000,80
hits,128,65900000,80
hits,128,66000000,80
hits,128,66100000,80
hits,128,66200000,80
hits,128,66300000,80
hits,128,66400000,80
hits,128,66500000,80
hits,128,66600000,80
hits,128,66700000,80
hits,128,66800000,80
hits,128,66900000,80
hits,128,67000000,80
hits,128,67100000,80
hits,128,67200000,80
hits,128,67300000,80
hits,128,67400000,80
hits,128,67500000,80
hits,128,67600000,80
hits,128,67700000,80
hits,128,67800000,80
hits,128,67900000,80
hits,128,68000000,80
hits,128,68100000,80
hits,128,68200000,80
hits,128,68300000,80
hits,128,68400000,80
hits,128,68500000,80
hits,128,68600000,80
hits,128,68700000,80
hits,128,68800000,80
hits,128,68900000,80
hits,128,69000000,80
hits,128,69100000,80
hits,128,69200000,80
hits,128,69300000,80
hits,128,69400000,80
hits,128,69500000,80
hits,128,69600000,80
hits,128,69700000,80
hits,128,69800000,80
hits,128,69900000,80
hits,128,70000000,80
hits,128,70100000,80
hits,128,70200000,80
hits,128,70300000,80
hits,128,70400000,80
hits,128,70500000,80
hits,128,70600000,80
hits,128,70700000,80
hits,128,70800000,80
hits,128,70900000,80
hits,128,71000000,80
hits,128,71100000,80
hits,128,71200000,80
hits,128,71300000,80
hits,128,71400000,80
hits,128,71500000,80
hits,128,71600000,80
hits,128,71700000,80
hits,128,71800000,80
hits,128,71900000,80
hits,128,72000000,80
hits,128,72100000,80
hits,128,72200000,80
hits,128,72300000,80
hits,128,72400000,80
hits,128,72500000,80
hits,128,72600000,80
hits,128,72700000,80
hits,128,72800000,80
hits,128,72900000,80
hits,128,73000000,80
hits,128,73100000,80
hits,128,73200000,80
hits,128,73300000,80
hits,128,73400000,80
hits,128,73500000,80
hits,128,73600000,80
hits,128,73700000,80
hits,128,73800000,80
hits,128,73900000,80
hits,128,74000000,80
hits,128,74100000,80
hits,128,74200000,80
hits,128,74300000,80
hits,128,74400000,80
hits,128,74500000,80
hits,128,74600000,80
hits,128,74700000,80
hits,128,74800000,80
hits,128,74900000,80
hits,128,75000000,80
hits,128,75100000,80
hits,128,75200000,80
hits,128,75300000,80
hits,128,75400000,80
hits,128,75500000,80
hits,128,75600000,80
hits,128,75700000,80
hits,128,75800000,80
hits,128,75900000,80
hits,128,76000000,80
hits,128,76100000,80
hits,128,76200000,80
hits,128,76300000,80
hits,128,76400000,80
hits,128,76500000,80
hits,128,76600000,80
hits,128,76700000,80
hits,128,76800000,80
hits,128,76900000,80
hits,128,77000000,80
hits,128,77100000,80
hits,128,77200000,80
hits,128,77300000,80
hits,128,77400000,80
hits,128,77500000,80
hits,128,77600000,80
hits,128,77700000,80
hits,128,77800000,80
hits,128,77900000,80
hits,128,78000000,80
hits,128,78100000,80
hits,128,78200000,80
hits,128,78300000,80
hits,128,78400000,80
hits,128,78500000,80
hits,128,78600000,80
hits,128,78700000,80
hits,128,78800000,80
hits,128,78900000,80
hits,128,79000000,80
hits,128,79100000,80
hits,128,79200000,80
hits,128,79300000,80
hits,128,79400000,80
hits,128,79500000,80
hits,128,79600000,80
hits,128,79700000,80
hits,128,79800000,80
hits,128,79900000,80
hits,256,100000,116
hits,256,200000,107
hits,256,300000,101
hits,256,400000,98
hits,256,500000,95
hits,256,600000,92
hits,256,700000,89
hits,256,800000,89
hits,256,900000,89
hits,256,1000000,89
hits,256,1100000,89
hits,256,1200000,88
hits,256,1300000,88
hits,256,1400000,88
hits,256,1500000,87
hits,256,1600000,87
hits,256,1700000,87
hits,256,1800000,86
hits,256,1900000,86
hits,256,2000000,85
hits,256,2100000,86
hits,256,2200000,85
hits,256,2300000,84
hits,256,2400000,85
hits,256,2500000,85
hits,256,2600000,84
hits,256,2700000,84
hits,256,2800000,84
hits,256,2900000,85
hits,256,3000000,85
hits,256,3100000,86
hits,256,3200000,86
hits,256,3300000,87
hits,256,3400000,87
hits,256,3500000,88
hits,256,3600000,88
hits,256,3700000,89
hits,256,3800000,89
hits,256,3900000,90
hits,256,4000000,90
hits,256,4100000,91
hits,256,4200000,91
hits,256,4300000,92
hits,256,4400000,92
hits,256,4500000,93
hits,256,4600000,93
hits,256,4700000,94
hits,256,4800000,94
hits,256,4900000,95
hits,256,5000000,95
hits,256,5100000,96
hits,256,5200000,96
hits,256,5300000,97
hits,256,5400000,97
hits,256,5500000,98
hits,256,5600000,99
hits,256,5700000,99
hits,256,5800000,100
hits,256,5900000,101
hits,256,6000000,101
hits,256,6100000,102
hits,256,6200000,103
hits,256,6300000,103
hits,256,6400000,104
hits,256,6500000,105
hits,256,6600000,105
hits,256,6700000,106
hits,256,6800000,107
hits,256,6900000,107
hits,256,7000000,108
hits,256,7100000,109
hits,256,7200000,109
hits,256,7300000,110
hits,256,7400000,111
hits,256,7500000,111
hits,256,7600000,112
hits,256,7700000,113
hits,256,7800000,113
hits,256,7900000,114
hits,256,8000000,115
hits,256,8100000,115
hits,256,8200000,116
hits,256,8300000,117
hits,256,8400000,117
hits,256,8500000,118
hits,256,8600000,119
hits,256,8700000,119
hits,256,8800000,119
hits,256,8900000,120
hits,256,9000000,120
hits,256,9100000,120
hits,256,9200000,121
hits,256,9300000,121
hits,256,9400000,121
hits,256,9500000,122
hits,256,9600000,122
hits,256,9700000,122
hits,256,9800000,123
hits,256,9900000,123
hits,256,10000000,123
hits,256,10100000,124
hits,256,10200000,124
hits,256,10300000,125
hits,256,10400000,125
hits,256,10500000,125
hits,256,10600000,126
hits,256,10700000,126
hits,256,10800000,127
hits,256,10900000,127
hits,256,11000000,127
hits,256,11100000,128
hits,256,11200000,128
hits,256,11300000,129
hits,256,11400000,129
hits,256,11500000,129
hits,256,11600000,130
hits,256,11700000,130
hits,256,11800000,131
hits,256,11900000,131
hits,256,12000000,131
hits,256,12100000,132
hits,256,12200000,132
hits,256,12300000,133
hits,256,12400000,133
hits,256,12500000,133
hits,256,12600000,134
hits,256,12700000,134
hits,256,12800000,135
hits,256,12900000,135
hits,256,13000000,135
hits,256,13100000,136
hits,256,13200000,136
hits,256,13300000,137
hits,256,13400000,137
hits,256,13500000,137
hits,256,13600000,137
hits,256,13700000,138
hits,256,13800000,138
hits,256,13900000,138
hits,256,14000000,138
hits,256,14100000,139
hits,256,14200000,139
hits,256,14300000,140
hits,256,14400000,140
hits,256,14500000,140
hits,256,14600000,140
hits,256,14700000,141
hits,256,14800000,141
hits,256,14900000,142
hits,256,15000000,142
hits,256,15100000,142
hits,256,15200000,142
hits,256,15300000,143
hits,256,15400000,143
hits,256,15500000,143
hits,256,15600000,144
hits,256,15700000,144
hits,256,15800000,144
hits,256,15900000,144
hits,256,16000000,145
hits,256,16100000,145
hits,256,16200000,145
hits,256,16300000,146
hits,256,16400000,146
hits,256,16500000,146
hits,256,16600000,146
hits,256,16700000,146
hits,256,16800000,147
hits,256,16900000,147
hits,256,17000000,147
hits,256,17100000,147
hits,256,17200000,147
hits,256,17300000,148
hits,256,17400000,148
hits,256,17500000,148
hits,256,17600000,148
hits,256,17700000,148
hits,256,17800000,148
hits,256,17900000,149
hits,256,18000000,149
hits,256,18100000,149
hits,256,18200000,149
hits,256,18300000,149
hits,256,18400000,149
hits,256,18500000,150
hits,256,18600000,150
hits,256,18700000,150
hits,256,18800000,150
hits,256,18900000,150
hits,256,19000000,150
hits,256,19100000,151
hits,256,19200000,151
hits,256,19300000,151
hits,256,19400000,151
hits,256,19500000,151
hits,256,19600000,151
hits,256,19700000,151
hits,256,19800000,151
hits,256,19900000,151
hits,256,20000000,151
hits,256,20100000,151
hits,256,20200000,151
hits,256,20300000,151
hits,256,20400000,151
hits,256,20500000,151
hits,256,20600000,151
hits,256,20700000,151
hits,256,20800000,151
hits,256,20900000,151
hits,256,21000000,151
hits,256,21100000,151
hits,256,21200000,151
hits,256,21300000,151
hits,256,21400000,151
hits,256,21500000,151
hits,256,21600000,151
hits,256,21700000,151
hits,256,21800000,151
hits,256,21900000,151
hits,256,22000000,151
hits,256,22100000,151
hits,256,22200000,151
hits,256,22300000,151
hits,256,22400000,151
hits,256,22500000,151
hits,256,22600000,151
hits,256,22700000,151
hits,256,22800000,151
hits,256,22900000,151
hits,256,23000000,151
hits,256,23100000,151
hits,256,23200000,151
hits,256,23300000,151
hits,256,23400000,151
hits,256,23500000,151
hits,256,23600000,151
hits,256,23700000,151
hits,256,23800000,151
hits,256,23900000,151
hits,256,24000000,151
hits,256,24100000,151
hits,256,24200000,151
hits,256,24300000,151
hits,256,24400000,151
hits,256,24500000,151
hits,256,24600000,151
hits,256,24700000,151
hits,256,24800000,151
hits,256,24900000,151
hits,256,25000000,151
hits,256,25100000,151
hits,256,25200000,151
hits,256,25300000,151
hits,256,25400000,151
hits,256,25500000,151
hits,256,25600000,151
hits,256,25700000,151
hits,256,25800000,151
hits,256,25900000,151
hits,256,26000000,151
hits,256,26100000,151
hits,256,26200000,151
hits,256,26300000,151
hits,256,26400000,151
hits,256,26500000,151
hits,256,26600000,151
hits,256,26700000,151
hits,256,26800000,151
hits,256,26900000,151
hits,256,27000000,151
hits,256,27100000,151
hits,256,27200000,151
hits,256,27300000,151
hits,256,27400000,151
hits,256,27500000,151
hits,256,27600000,151
hits,256,27700000,151
hits,256,27800000,151
hits,256,27900000,151
hits,256,28000000,151
hits,256,28100000,151
hits,256,28200000,151
hits,256,28300000,151
hits,256,28400000,151
hits,256,28500000,151
hits,256,28600000,151
hits,256,28700000,151
hits,256,28800000,151
hits,256,28900000,151
hits,256,29000000,151
hits,256,29100000,151
hits,256,29200000,151
hits,256,29300000,151
hits,256,29400000,151
hits,256,29500000,151
hits,256,29600000,151
hits,256,29700000,151
hits,256,29800000,151
hits,256,29900000,151
hits,256,30000000,151
hits,256,30100000,151
hits,256,30200000,151
hits,256,30300000,151
hits,256,30400000,151
hits,256,30500000,151
hits,256,30600000,151
hits,256,30700000,151
hits,256,30800000,151
hits,256,30900000,151
hits,256,31000000,151
hits,256,31100000,151
hits,256,31200000,151
hits,256,31300000,151
hits,256,31400000,151
hits,256,31500000,151
hits,256,31600000,151
hits,256,31700000,151
hits,256,31800000,151
hits,256,31900000,151
hits,256,32000000,151
hits,256,32100000,151
hits,256,32200000,151
hits,256,32300000,151
hits,256,32400000,151
hits,256,32500000,151
hits,256,32600000,151
hits,256,32700000,151
hits,256,32800000,151
hits,256,32900000,151
hits,256,33000000,151
hits,256,33100000,151
hits,256,33200000,151
hits,256,33300000,151
hits,256,33400000,151
hits,256,33500000,151
hits,256,33600000,151
hits,256,33700000,151
hits,256,33800000,151
hits,256,33900000,151
hits,256,34000000,151
hits,256,34100000,151
hits,256,34200000,151
hits,256,34300000,151
hits,256,34400000,151
hits,256,34500000,151
hits,256,34600000,151
hits,256,34700000,151
hits,256,34800000,151
hits,256,34900000,151
hits,256,35000000,151
hits,256,35100000,151
hits,256,35200000,151
hits,256,35300000,151
hits,256,35400000,151
hits,256,35500000,151
hits,256,35600000,151
hits,256,35700000,151
hits,256,35800000,151
hits,256,35900000,151
hits,256,36000000,151
hits,256,36100000,151
hits,256,36200000,151
hits,256,36300000,151
hits,256,36400000,151
hits,256,36500000,151
hits,256,36600000,151
hits,256,36700000,151
hits,256,36800000,151
hits,256,36900000,151
hits,256,37000000,151
hits,256,37100000,151
hits,256,37200000,151
hits,256,37300000,151
hits,256,37400000,151
hits,256,37500000,151
hits,256,37600000,151
hits,256,37700000,151
hits,256,37800000,151
hits,256,37900000,151
hits,256,38000000,151
hits,256,38100000,151
hits,256,38200000,151
hits,256,38300000,151
hits,256,38400000,151
hits,256,38500000,151
hits,256,38600000,151
hits,256,38700000,151
hits,256,38800000,151
hits,256,38900000,151
hits,256,39000000,151
hits,256,39100000,151
hits,256,39200000,151
hits,256,39300000,151
hits,256,39400000,151
hits,256,39500000,151
hits,256,39600000,151
hits,256,39700000,151
hits,256,39800000,151
hits,256,39900000,151
hits,256,40000000,151
hits,256,40100000,151
hits,256,40200000,151
hits,256,40300000,151
hits,256,40400000,151
hits,256,40500000,151
hits,256,40600000,151
hits,256,40700000,151
hits,256,40800000,151
hits,256,40900000,151
hits,256,41000000,151
hits,256,41100000,151
hits,256,41200000,151
hits,256,41300000,151
hits,256,41400000,151
hits,256,41500000,151
hits,256,41600000,151
hits,256,41700000,151
hits,256,41800000,151
hits,256,41900000,151
hits,256,42000000,151
hits,256,42100000,151
hits,256,42200000,151
hits,256,42300000,151
hits,256,42400000,151
hits,256,42500000,151
hits,256,42600000,151
hits,256,42700000,151
hits,256,42800000,151
hits,256,42900000,151
hits,256,43000000,151
hits,256,43100000,151
hits,256,43200000,151
hits,256,43300000,151
hits,256,43400000,151
hits,256,43500000,151
hits,256,43600000,151
hits,256,43700000,151
hits,256,43800000,151
hits,256,43900000,151
hits,256,44000000,151
hits,256,44100000,151
hits,256,44200000,151
hits,256,44300000,151
hits,256,44400000,151
hits,256,44500000,151
hits,256,44600000,151
hits,256,44700000,151
hits,256,44800000,151
hits,256,44900000,151
hits,256,45000000,151
hits,256,45100000,151
hits,256,45200000,151
hits,256,45300000,151
hits,256,45400000,151
hits,256,45500000,151
hits,256,45600000,151
hits,256,45700000,151
hits,256,45800000,151
hits,256,45900000,151
hits,256,46000000,151
hits,256,46100000,151
hits,256,46200000,151
hits,256,46300000,151
hits,256,46400000,151
hits,256,46500000,151
hits,256,46600000,151
hits,256,46700000,151
hits,256,46800000,151
hits,256,46900000,151
hits,256,47000000,151
hits,256,47100000,151
hits,256,47200000,151
hits,256,47300000,151
hits,256,47400000,151
hits,256,47500000,151
hits,256,47600000,151
hits,256,47700000,151
hits,256,47800000,151
hits,256,47900000,151
hits,256,48000000,151
hits,256,48100000,151
hits,256,48200000,151
hits,256,48300000,151
hits,256,48400000,151
hits,256,48500000,151
hits,256,48600000,151
hits,256,48700000,151
hits,256,48800000,151
hits,256,48900000,151
hits,256,49000000,151
hits,256,49100000,151
hits,256,49200000,151
hits,256,49300000,151
hits,256,49400000,151
hits,256,49500000,151
hits,256,49600000,151
hits,256,49700000,151
hits,256,49800000,151
hits,256,49900000,151
hits,256,50000000,151
hits,256,50100000,151
hits,256,50200000,151
hits,256,50300000,151
hits,256,50400000,151
hits,256,50500000,151
hits,256,50600000,151
hits,256,50700000,151
hits,256,50800000,151
hits,256,50900000,151
hits,256,51000000,151
hits,256,51100000,151
hits,256,51200000,151
hits,256,51300000,151
hits,256,51400000,151
hits,256,51500000,151
hits,256,51600000,151
hits,256,51700000,151
hits,256,51800000,151
hits,256,51900000,151
hits,256,52000000,151
hits,256,52100000,151
hits,256,52200000,151
hits,256,52300000,151
hits,256,52400000,151
hits,256,52500000,151
hits,256,52600000,151
hits,256,52700000,151
hits,256,52800000,151
hits,256,52900000,151
hits,256,53000000,151
hits,256,53100000,151
hits,256,53200000,151
hits,256,53300000,151
hits,256,53400000,151
hits,256,53500000,151
hits,256,53600000,151
hits,256,53700000,151
hits,256,53800000,151
hits,256,53900000,151
hits,256,54000000,151
hits,256,54100000,151
hits,256,54200000,151
hits,256,54300000,151
hits,256,54400000,151
hits,256,54500000,151
hits,256,54600000,151
hits,256,54700000,151
hits,256,54800000,151
hits,256,54900000,151
hits,256,55000000,151
hits,256,55100000,151
hits,256,55200000,151
hits,256,55300000,151
hits,256,55400000,151
hits,256,55500000,151
hits,256,55600000,151
hits,256,55700000,151
hits,256,55800000,151
hits,256,55900000,151
hits,256,56000000,151
hits,256,56100000,151
hits,256,56200000,151
hits,256,56300000,151
hits,256,56400000,151
hits,256,56500000,151
hits,256,56600000,151
hits,256,56700000,151
hits,256,56800000,151
hits,256,56900000,151
hits,256,57000000,151
hits,256,57100000,151
hits,256,57200000,151
hits,256,57300000,151
hits,256,57400000,151
hits,256,57500000,151
hits,256,57600000,151
hits,256,57700000,151
hits,256,57800000,151
hits,256,57900000,151
hits,256,58000000,151
hits,256,58100000,151
hits,256,58200000,151
hits,256,58300000,151
hits,256,58400000,151
hits,256,58500000,151
hits,256,58600000,151
hits,256,58700000,151
hits,256,58800000,151
hits,256,58900000,151
hits,256,59000000,151
hits,256,59100000,151
hits,256,59200000,151
hits,256,59300000,151
hits,256,59400000,151
hits,256,59500000,151
hits,256,59600000,151
hits,256,59700000,151
hits,256,59800000,151
hits,256,59900000,151
hits,256,60000000,151
hits,256,60100000,151
hits,256,60200000,151
hits,256,60300000,151
hits,256,60400000,151
hits,256,60500000,151
hits,256,60600000,151
hits,256,60700000,151
hits,256,60800000,151
hits,256,60900000,151
hits,256,61000000,151
hits,256,61100000,151
hits,256,61200000,151
hits,256,61300000,151
hits,256,61400000,151
hits,256,61500000,151
hits,256,61600000,151
hits,256,61700000,151
hits,256,61800000,151
hits,256,61900000,151
hits,256,62000000,151
hits,256,62100000,151
hits,256,62200000,151
hits,256,62300000,151
hits,256,62400000,151
hits,256,62500000,151
hits,256,62600000,151
hits,256,62700000,151
hits,256,62800000,151
hits,256,62900000,151
hits,256,63000000,151
hits,256,63100000,151
hits,256,63200000,151
hits,256,63300000,151
hits,256,63400000,151
hits,256,63500000,151
hits,256,63600000,151
hits,256,63700000,151
hits,256,63800000,151
hits,256,63900000,151
hits,256,64000000,151
hits,256,64100000,151
hits,256,64200000,151
hits,256,64300000,151
hits,256,64400000,151
hits,256,64500000,151
hits,256,64600000,151
hits,256,64700000,151
hits,256,64800000,151
hits,256,64900000,151
hits,256,65000000,151
hits,256,65100000,151
hits,256,65200000,151
hits,256,65300000,151
hits,256,65400000,151
hits,256,65500000,151
hits,256,65600000,151
hits,256,65700000,151
hits,256,65800000,151
hits,256,65900000,151
hits,256,66000000,151
hits,256,66100000,151
hits,256,66200000,151
hits,256,66300000,151
hits,256,66400000,151
hits,256,66500000,151
hits,256,66600000,151
hits,256,66700000,151
hits,256,66800000,151
hits,256,66900000,151
hits,256,67000000,151
hits,256,67100000,151
hits,256,67200000,151
hits,256,67300000,151
hits,256,67400000,151
hits,256,67500000,151
hits,256,67600000,151
hits,256,67700000,151
hits,256,67800000,151
hits,256,67900000,151
hits,256,68000000,151
hits,256,68100000,151
hits,256,68200000,151
hits,256,68300000,151
hits,256,68400000,151
hits,256,68500000,151
hits,256,68600000,151
hits,256,68700000,151
hits,256,68800000,151
hits,256,68900000,151
hits,256,69000000,151
hits,256,69100000,151
hits,256,69200000,151
hits,256,69300000,151
hits,256,69400000,151
hits,256,69500000,151
hits,256,69600000,151
hits,256,69700000,151
hits,256,69800000,151
hits,256,69900000,151
hits,256,70000000,151
hits,256,70100000,151
hits,256,70200000,151
hits,256,70300000,151
hits,256,70400000,151
hits,256,70500000,151
hits,256,70600000,151
hits,256,70700000,151
hits,256,70800000,151
hits,256,70900000,151
hits,256,71000000,151
hits,256,71100000,151
hits,256,71200000,151
hits,256,71300000,151
hits,256,71400000,151
hits,256,71500000,151
hits,256,71600000,151
hits,256,71700000,151
hits,256,71800000,151
hits,256,71900000,151
hits,256,72000000,151
hits,256,72100000,151
hits,256,72200000,151
hits,256,72300000,151
hits,256,72400000,151
hits,256,72500000,151
hits,256,72600000,151
hits,256,72700000,151
hits,256,72800000,151
hits,256,72900000,151
hits,256,73000000,151
hits,256,73100000,151
hits,256,73200000,151
hits,256,73300000,151
hits,256,73400000,151
hits,256,73500000,151
hits,256,73600000,151
hits,256,73700000,151
hits,256,73800000,151
hits,256,73900000,151
hits,256,74000000,151
hits,256,74100000,151
hits,256,74200000,151
hits,256,74300000,151
hits,256,74400000,151
hits,256,74500000,151
hits,256,74600000,151
hits,256,74700000,151
hits,256,74800000,151
hits,256,74900000,151
hits,256,75000000,151
hits,256,75100000,151
hits,256,75200000,151
hits,256,75300000,151
hits,256,75400000,151
hits,256,75500000,151
hits,256,75600000,151
hits,256,75700000,151
hits,256,75800000,151
hits,256,75900000,151
hits,256,76000000,151
hits,256,76100000,151
hits,256,76200000,151
hits,256,76300000,151
hits,256,76400000,151
hits,256,76500000,151
hits,256,76600000,151
hits,256,76700000,151
hits,256,76800000,151
hits,256,76900000,151
hits,256,77000000,151
hits,256,77100000,151
hits,256,77200000,151
hits,256,77300000,151
hits,256,77400000,151
hits,256,77500000,151
hits,256,77600000,151
hits,256,77700000,151
hits,256,77800000,151
hits,256,77900000,151
hits,256,78000000,151
hits,256,78100000,151
hits,256,78200000,151
hits,256,78300000,151
hits,256,78400000,151
hits,256,78500000,151
hits,256,78600000,151
hits,256,78700000,151
hits,256,78800000,151
hits,256,78900000,151
hits,256,79000000,151
hits,256,79100000,151
hits,256,79200000,151
hits,256,79300000,151
hits,256,79400000,151
hits,256,79500000,151
hits,256,79600000,151
hits,256,79700000,151
hits,256,79800000,151
hits,256,79900000,151
tail-age,256,100000,116
tail-age,256,200000,107
tail-age,256,300000,101
tail-age,256,400000,98
tail-age,256,500000,95
tail-age,256,600000,92
tail-age,256,700000,89
tail-age,256,800000,89
tail-age,256,900000,89
tail-age,256,1000000,89
tail-age,256,1100000,89
tail-age,256,1200000,88
tail-age,256,1300000,88
tail-age,256,1400000,88
tail-age,256,1500000,87
tail-age,256,1600000,87
tail-age,256,1700000,87
tail-age,256,1800000,86
tail-age,256,1900000,86
tail-age,256,2000000,85
tail-age,256,2100000,86
tail-age,256,2200000,85
tail-age,256,2300000,84
tail-age,256,2400000,85
tail-age,256,2500000,85
tail-age,256,2600000,84
tail-age,256,2700000,84
tail-age,256,2800000,84
tail-age,256,2900000,85
tail-age,256,3000000,85
tail-age,256,3100000,85
tail-age,256,3200000,85
tail-age,256,3300000,85
tail-age,256,3400000,85
tail-age,256,3500000,85
tail-age,256,3600000,85
tail-age,256,3700000,85
tail-age,256,3800000,85
tail-age,256,3900000,85
tail-age,256,4000000,85
tail-age,256,4100000,85
tail-age,256,4200000,85
tail-age,256,4300000,85
tail-age,256,4400000,85
tail-age,256,4500000,85
tail-age,256,4600000,85
tail-age,256,4700000,85
tail-age,256,4800000,85
tail-age,256,4900000,85
tail-age,256,5000000,85
tail-age,256,5100000,85
tail-age,256,5200000,85
tail-age,256,5300000,85
tail-age,256,5400000,85
tail-age,256,5500000,85
tail-age,256,5600000,85
tail-age,256,5700000,85
tail-age,256,5800000,85
tail-age,256,5900000,85
tail-age,256,6000000,85
tail-age,256,6100000,85
tail-age,256,6200000,85
tail-age,256,6300000,85
tail-age,256,6400000,85
tail-age,256,6500000,85
tail-age,256,6600000,85
tail-age,256,6700000,85
tail-age,256,6800000,85
tail-age,256,6900000,85
tail-age,256,7000000,85
tail-age,256,7100000,85
tail-age,256,7200000,85
tail-age,256,7300000,85
tail-age,256,7400000,85
tail-age,256,7500000,85
tail-age,256,7600000,85
tail-age,256,7700000,85
tail-age,256,7800000,85
tail-age,256,7900000,85
tail-age,256,8000000,85
tail-age,256,8100000,85
tail-age,256,8200000,85
tail-age,256,8300000,85
tail-age,256,8400000,85
tail-age,256,8500000,85
tail-age,256,8600000,85
tail-age,256,8700000,85
tail-age,256,8800000,85
tail-age,256,8900000,85
tail-age,256,9000000,85
tail-age,256,9100000,85
tail-age,256,9200000,85
tail-age,256,9300000,85
tail-age,256,9400000,85
tail-age,256,9500000,85
tail-age,256,9600000,85
tail-age,256,9700000,85
tail-age,256,9800000,85
tail-age,256,9900000,85
tail-age,256,10000000,85
tail-age,256,10100000,85
tail-age,256,10200000,85
tail-age,256,10300000,85
tail-age,256,10400000,85
tail-age,256,10500000,85
tail-age,256,10600000,85
tail-age,256,10700000,85
tail-age,256,10800000,85
tail-age,256,10900000,85
tail-age,256,11000000,85
tail-age,256,11100000,85
tail-age,256,11200000,85
tail-age,256,11300000,85
tail-age,256,11400000,85
tail-age,256,11500000,85
tail-age,256,11600000,85
tail-age,256,11700000,85
tail-age,256,11800000,85
tail-age,256,11900000,85
tail-age,256,12000000,85
tail-age,256,12100000,85
tail-age,256,12200000,85
tail-age,256,12300000,85
tail-age,256,12400000,85
tail-age,256,12500000,85
tail-age,256,12600000,85
tail-age,256,12700000,85
tail-age,256,12800000,85
tail-age,256,12900000,85
tail-age,256,13000000,85
tail-age,256,13100000,85
tail-age,256,13200000,85
tail-age,256,13300000,85
tail-age,256,13400000,85
tail-age,256,13500000,85
tail-age,256,13600000,85
tail-age,256,13700000,85
tail-age,256,13800000,85
tail-age,256,13900000,85
tail-age,256,14000000,85
tail-age,256,14100000,85
tail-age,256,14200000,85
tail-age,256,14300000,85
tail-age,256,14400000,85
tail-age,256,14500000,85
tail-age,256,14600000,85
tail-age,256,14700000,85
tail-age,256,14800000,85
tail-age,256,14900000,85
tail-age,256,15000000,85
tail-age,256,15100000,85
tail-age,256,15200000,85
tail-age,256,15300000,85
tail-age,256,15400000,85
tail-age,256,15500000,85
tail-age,256,15600000,85
tail-age,256,15700000,85
tail-age,256,15800000,85
tail-age,256,15900000,85
tail-age,256,16000000,85
tail-age,256,16100000,85
tail-age,256,16200000,85
tail-age,256,16300000,85
tail-age,256,16400000,85
tail-age,256,16500000,85
tail-age,256,16600000,85
tail-age,256,16700000,85
tail-age,256,16800000,85
tail-age,256,16900000,85
tail-age,256,17000000,85
tail-age,256,17100000,85
tail-age,256,17200000,85
tail-age,256,17300000,85
tail-age,256,17400000,85
tail-age,256,17500000,85
tail-age,256,17600000,85
tail-age,256,17700000,85
tail-age,256,17800000,85
tail-age,256,17900000,85
tail-age,256,18000000,85
tail-age,256,18100000,85
tail-age,256,18200000,85
tail-age,256,18300000,85
tail-age,256,18400000,85
tail-age,256,18500000,85
tail-age,256,18600000,85
tail-age,256,18700000,85
tail-age,256,18800000,85
tail-age,256,18900000,85
tail-age,256,19000000,85
tail-age,256,19100000,85
tail-age,256,19200000,85
tail-age,256,19300000,85
tail-age,256,19400000,85
tail-age,256,19500000,85
tail-age,256,19600000,85
tail-age,256,19700000,85
tail-age,256,19800000,85
tail-age,256,19900000,85
tail-age,256,20000000,85
tail-age,256,20100000,85
tail-age,256,20200000,85
tail-age,256,20300000,85
tail-age,256,20400000,85
tail-age,256,20500000,85
tail-age,256,20600000,85
tail-age,256,20700000,85
tail-age,256,20800000,85
tail-age,256,20900000,85
tail-age,256,21000000,85
tail-age,256,21100000,85
tail-age,256,21200000,85
tail-age,256,21300000,85
tail-age,256,21400000,85
tail-age,256,21500000,85
tail-age,256,21600000,85
tail-age,256,21700000,85
tail-age,256,21800000,85
tail-age,256,21900000,85
tail-age,256,22000000,85
tail-age,256,22100000,85
tail-age,256,22200000,85
tail-age,256,22300000,85
tail-age,256,22400000,85
tail-age,256,22500000,85
tail-age,256,22600000,85
tail-age,256,22700000,85
tail-age,256,22800000,85
tail-age,256,22900000,85
tail-age,256,23000000,85
tail-age,256,23100000,85
tail-age,256,23200000,85
tail-age,256,23300000,85
tail-age,256,23400000,85
tail-age,256,23500000,85
tail-age,256,23600000,85
tail-age,256,23700000,85
tail-age,256,23800000,85
tail-age,256,23900000,85
tail-age,256,24000000,85
tail-age,256,24100000,85
tail-age,256,24200000,85
tail-age,256,24300000,85
tail-age,256,24400000,85
tail-age,256,24500000,85
tail-age,256,24600000,85
tail-age,256,24700000,85
tail-age,256,24800000,85
tail-age,256,24900000,85
tail-age,256,25000000,85
tail-age,256,25100000,85
tail-age,256,25200000,85
tail-age,256,25300000,85
tail-age,256,25400000,85
tail-age,256,25500000,85
tail-age,256,25600000,85
tail-age,256,25700000,85
tail-age,256,25800000,85
tail-age,256,25900000,85
tail-age,256,26000000,85
tail-age,256,26100000,85
tail-age,256,26200000,85
tail-age,256,26300000,85
tail-age,256,26400000,85
tail-age,256,26500000,85
tail-age,256,26600000,85
tail-age,256,26700000,85
tail-age,256,26800000,85
tail-age,256,26900000,85
tail-age,256,27000000,85
tail-age,256,27100000,85
tail-age,256,27200000,85
tail-age,256,27300000,85
tail-age,256,27400000,85
tail-age,256,27500000,85
tail-age,256,27600000,85
tail-age,256,27700000,85
tail-age,256,27800000,85
tail-age,256,27900000,85
tail-age,256,28000000,85
tail-age,256,28100000,85
tail-age,256,28200000,85
tail-age,256,28300000,85
tail-age,256,28400000,85
tail-age,256,28500000,85
tail-age,256,28600000,85
tail-age,256,28700000,85
tail-age,256,28800000,85
tail-age,256,28900000,85
tail-age,256,29000000,85
tail-age,256,29100000,85
tail-age,256,29200000,85
tail-age,256,29300000,85
tail-age,256,29400000,85
tail-age,256,29500000,85
tail-age,256,29600000,85
tail-age,256,29700000,85
tail-age,256,29800000,85
tail-age,256,29900000,85
tail-age,256,30000000,85
tail-age,256,30100000,85
tail-age,256,30200000,85
tail-age,256,30300000,85
tail-age,256,30400000,85
tail-age,256,30500000,85
tail-age,256,30600000,85
tail-age,256,30700000,85
tail-age,256,30800000,85
tail-age,256,30900000,85
tail-age,256,31000000,85
tail-age,256,31100000,85
tail-age,256,31200000,85
tail-age,256,31300000,85
tail-age,256,31400000,85
tail-age,256,31500000,85
tail-age,256,31600000,85
tail-age,256,31700000,85
tail-age,256,31800000,85
tail-age,256,31900000,85
tail-age,256,32000000,85
tail-age,256,32100000,85
tail-age,256,32200000,85
tail-age,256,32300000,85
tail-age,256,32400000,85
tail-age,256,32500000,85
tail-age,256,32600000,85
tail-age,256,32700000,85
tail-age,256,32800000,85
tail-age,256,32900000,85
tail-age,256,33000000,85
tail-age,256,33100000,85
tail-age,256,33200000,85
tail-age,256,33300000,85
tail-age,256,33400000,85
tail-age,256,33500000,85
tail-age,256,33600000,85
tail-age,256,33700000,85
tail-age,256,33800000,85
tail-age,256,33900000,85
tail-age,256,34000000,85
tail-age,256,34100000,85
tail-age,256,34200000,85
tail-age,256,34300000,85
tail-age,256,34400000,85
tail-age,256,34500000,85
tail-age,256,34600000,85
tail-age,256,34700000,85
tail-age,256,34800000,85
tail-age,256,34900000,85
tail-age,256,35000000,85
tail-age,256,35100000,85
tail-age,256,35200000,85
tail-age,256,35300000,85
tail-age,256,35400000,85
tail-age,256,35500000,85
tail-age,256,35600000,85
tail-age,256,35700000,85
tail-age,256,35800000,85
tail-age,256,35900000,85
tail-age,256,36000000,85
tail-age,256,36100000,85
tail-age,256,36200000,85
tail-age,256,36300000,85
tail-age,256,36400000,85
tail-age,256,36500000,85
tail-age,256,36600000,85
tail-age,256,36700000,85
tail-age,256,36800000,85
tail-age,256,36900000,85
tail-age,256,37000000,85
tail-age,256,37100000,85
tail-age,256,37200000,85
tail-age,256,37300000,85
tail-age,256,37400000,85
tail-age,256,37500000,85
tail-age,256,37600000,85
tail-age,256,37700000,85
tail-age,256,37800000,85
tail-age,256,37900000,85
tail-age,256,38000000,85
tail-age,256,38100000,85
tail-age,256,38200000,85
tail-age,256,38300000,85
tail-age,256,38400000,85
tail-age,256,38500000,85
tail-age,256,38600000,85
tail-age,256,38700000,85
tail-age,256,38800000,85
tail-age,256,38900000,85
tail-age,256,39000000,85
tail-age,256,39100000,85
tail-age,256,39200000,85
tail-age,256,39300000,85
tail-age,256,39400000,85
tail-age,256,39500000,85
tail-age,256,39600000,85
tail-age,256,39700000,85
tail-age,256,39800000,85
tail-age,256,39900000,85
tail-age,256,40000000,85
tail-age,256,40100000,85
tail-age,256,40200000,85
tail-age,256,40300000,85
tail-age,256,40400000,85
tail-age,256,40500000,85
tail-age,256,40600000,85
tail-age,256,40700000,85
tail-age,256,40800000,85
tail-age,256,40900000,85
tail-age,256,41000000,85
tail-age,256,41100000,85
tail-age,256,41200000,85
tail-age,256,41300000,85
tail-age,256,41400000,85
tail-age,256,41500000,85
tail-age,256,41600000,85
tail-age,256,41700000,85
tail-age,256,41800000,85
tail-age,256,41900000,85
tail-age,256,42000000,85
tail-age,256,42100000,85
tail-age,256,42200000,85
tail-age,256,42300000,85
tail-age,256,42400000,85
tail-age,256,42500000,85
tail-age,256,42600000,85
tail-age,256,42700000,85
tail-age,256,42800000,85
tail-age,256,42900000,85
tail-age,256,43000000,85
tail-age,256,43100000,85
tail-age,256,43200000,85
tail-age,256,43300000,85
tail-age,256,43400000,85
tail-age,256,43500000,85
tail-age,256,43600000,85
tail-age,256,43700000,85
tail-age,256,43800000,85
tail-age,256,43900000,85
tail-age,256,44000000,85
tail-age,256,44100000,85
tail-age,256,44200000,85
tail-age,256,44300000,85
tail-age,256,44400000,85
tail-age,256,44500000,85
tail-age,256,44600000,85
tail-age,256,44700000,85
tail-age,256,44800000,85
tail-age,256,44900000,85
tail-age,256,45000000,85
tail-age,256,45100000,85
tail-age,256,45200000,85
tail-age,256,45300000,85
tail-age,256,45400000,85
tail-age,256,45500000,85
tail-age,256,45600000,85
tail-age,256,45700000,85
tail-age,256,45800000,85
tail-age,256,45900000,85
tail-age,256,46000000,85
tail-age,256,46100000,85
tail-age,256,46200000,85
tail-age,256,46300000,85
tail-age,256,46400000,85
tail-age,256,46500000,85
tail-age,256,46600000,85
tail-age,256,46700000,85
tail-age,256,46800000,85
tail-age,256,46900000,85
tail-age,256,47000000,85
tail-age,256,47100000,85
tail-age,256,47200000,85
tail-age,256,47300000,85
tail-age,256,47400000,85
tail-age,256,47500000,85
tail-age,256,47600000,85
tail-age,256,47700000,85
tail-age,256,47800000,85
tail-age,256,47900000,85
tail-age,256,48000000,85
tail-age,256,48100000,85
tail-age,256,48200000,85
tail-age,256,48300000,85
tail-age,256,48400000,85
tail-age,256,48500000,85
tail-age,256,48600000,85
tail-age,256,48700000,85
tail-age,256,48800000,85
tail-age,256,48900000,85
tail-age,256,49000000,85
tail-age,256,49100000,85
tail-age,256,49200000,85
tail-age,256,49300000,85
tail-age,256,49400000,85
tail-age,256,49500000,85
tail-age,256,49600000,85
tail-age,256,49700000,85
tail-age,256,49800000,85
tail-age,256,49900000,85
tail-age,256,50000000,85
tail-age,256,50100000,85
tail-age,256,50200000,85
tail-age,256,50300000,85
tail-age,256,50400000,85
tail-age,256,50500000,85
tail-age,256,50600000,85
tail-age,256,50700000,85
tail-age,256,50800000,85
tail-age,256,50900000,85
tail-age,256,51000000,85
tail-age,256,51100000,85
tail-age,256,51200000,85
tail-age,256,51300000,85
tail-age,256,51400000,85
tail-age,256,51500000,85
tail-age,256,51600000,85
tail-age,256,51700000,85
tail-age,256,51800000,85
tail-age,256,51900000,85
tail-age,256,52000000,85
tail-age,256,52100000,85
tail-age,256,52200000,85
tail-age,256,52300000,85
tail-age,256,52400000,85
tail-age,256,52500000,85
tail-age,256,52600000,85
tail-age,256,52700000,85
tail-age,256,52800000,85
tail-age,256,52900000,85
tail-age,256,53000000,85
tail-age,256,53100000,85
tail-age,256,53200000,85
tail-age,256,53300000,85
tail-age,256,53400000,85
tail-age,256,53500000,85
tail-age,256,53600000,85
tail-age,256,53700000,85
tail-age,256,53800000,85
tail-age,256,53900000,85
tail-age,256,54000000,85
tail-age,256,54100000,85
tail-age,256,54200000,85
tail-age,256,54300000,85
tail-age,256,54400000,85
tail-age,256,54500000,85
tail-age,256,54600000,85
tail-age,256,54700000,85
tail-age,256,54800000,85
tail-age,256,54900000,85
tail-age,256,55000000,85
tail-age,256,55100000,85
tail-age,256,55200000,85
tail-age,256,55300000,85
tail-age,256,55400000,85
tail-age,256,55500000,85
tail-age,256,55600000,85
tail-age,256,55700000,85
tail-age,256,55800000,85
tail-age,256,55900000,85
tail-age,256,56000000,85
tail-age,256,56100000,85
tail-age,256,56200000,85
tail-age,256,56300000,85
tail-age,256,56400000,85
tail-age,256,56500000,85
tail-age,256,56600000,85
tail-age,256,56700000,85
tail-age,256,56800000,85
tail-age,256,56900000,85
tail-age,256,57000000,85
tail-age,256,57100000,85
tail-age,256,57200000,85
tail-age,256,57300000,85
tail-age,256,57400000,85
tail-age,256,57500000,85
tail-age,256,57600000,85
tail-age,256,57700000,85
tail-age,256,57800000,85
tail-age,256,57900000,85
tail-age,256,58000000,85
tail-age,256,58100000,85
tail-age,256,58200000,85
tail-age,256,58300000,85
tail-age,256,58400000,85
tail-age,256,58500000,85
tail-age,256,58600000,85
tail-age,256,58700000,85
tail-age,256,58800000,85
tail-age,256,58900000,85
tail-age,256,59000000,85
tail-age,256,59100000,85
tail-age,256,59200000,85
tail-age,256,59300000,85
tail-age,256,59400000,85
tail-age,256,59500000,85
tail-age,256,59600000,85
tail-age,256,59700000,85
tail-age,256,59800000,85
tail-age,256,59900000,85
tail-age,256,60000000,85
tail-age,256,60100000,85
tail-age,256,60200000,85
tail-age,256,60300000,85
tail-age,256,60400000,85
tail-age,256,60500000,85
tail-age,256,60600000,85
tail-age,256,60700000,85
tail-age,256,60800000,85
tail-age,256,60900000,85
tail-age,256,61000000,85
tail-age,256,61100000,85
tail-age,256,61200000,85
tail-age,256,61300000,85
tail-age,256,61400000,85
tail-age,256,61500000,85
tail-age,256,61600000,85
tail-age,256,61700000,85
tail-age,256,61800000,85
tail-age,256,61900000,85
tail-age,256,62000000,85
tail-age,256,62100000,85
tail-age,256,62200000,85
tail-age,256,62300000,85
tail-age,256,62400000,85
tail-age,256,62500000,85
tail-age,256,62600000,85
tail-age,256,62700000,85
tail-age,256,62800000,85
tail-age,256,62900000,85
tail-age,256,63000000,85
tail-age,256,63100000,85
tail-age,256,63200000,85
tail-age,256,63300000,85
tail-age,256,63400000,85
tail-age,256,63500000,85
tail-age,256,63600000,85
tail-age,256,63700000,85
tail-age,256,63800000,85
tail-age,256,63900000,85
tail-age,256,64000000,85
tail-age,256,64100000,85
tail-age,256,64200000,85
tail-age,256,64300000,85
tail-age,256,64400000,85
tail-age,256,64500000,85
tail-age,256,64600000,85
tail-age,256,64700000,85
tail-age,256,64800000,85
tail-age,256,64900000,85
tail-age,256,65000000,85
tail-age,256,65100000,85
tail-age,256,65200000,85
tail-age,256,65300000,85
tail-age,256,65400000,85
tail-age,256,65500000,85
tail-age,256,65600000,85
tail-age,256,65700000,85
tail-age,256,65800000,85
tail-age,256,65900000,85
tail-age,256,66000000,85
tail-age,256,66100000,85
tail-age,256,66200000,85
tail-age,256,66300000,85
tail-age,256,66400000,85
tail-age,256,66500000,85
tail-age,256,66600000,85
tail-age,256,66700000,85
tail-age,256,66800000,85
tail-age,256,66900000,85
tail-age,256,67000000,85
tail-age,256,67100000,85
tail-age,256,67200000,85
tail-age,256,67300000,85
tail-age,256,67400000,85
tail-age,256,67500000,85
tail-age,256,67600000,85
tail-age,256,67700000,85
tail-age,256,67800000,85
tail-age,256,67900000,85
tail-age,256,68000000,85
tail-age,256,68100000,85
tail-age,256,68200000,85
tail-age,256,68300000,85
tail-age,256,68400000,85
tail-age,256,68500000,85
tail-age,256,68600000,85
tail-age,256,68700000,85
tail-age,256,68800000,85
tail-age,256,68900000,85
tail-age,256,69000000,85
tail-age,256,69100000,85
tail-age,256,69200000,85
tail-age,256,69300000,85
tail-age,256,69400000,85
tail-age,256,69500000,85
tail-age,256,69600000,85
tail-age,256,69700000,85
tail-age,256,69800000,85
tail-age,256,69900000,85
tail-age,256,70000000,85
tail-age,256,70100000,85
tail-age,256,70200000,85
tail-age,256,70300000,85
tail-age,256,70400000,85
tail-age,256,70500000,85
tail-age,256,70600000,85
tail-age,256,70700000,85
tail-age,256,70800000,85
tail-age,256,70900000,85
tail-age,256,71000000,85
tail-age,256,71100000,85
tail-age,256,71200000,85
tail-age,256,71300000,85
tail-age,256,71400000,85
tail-age,256,71500000,85
tail-age,256,71600000,85
tail-age,256,71700000,85
tail-age,256,71800000,85
tail-age,256,71900000,85
tail-age,256,72000000,85
tail-age,256,72100000,85
tail-age,256,72200000,85
tail-age,256,72300000,85
tail-age,256,72400000,85
tail-age,256,72500000,85
tail-age,256,72600000,85
tail-age,256,72700000,85
tail-age,256,72800000,85
tail-age,256,72900000,85
tail-age,256,73000000,85
tail-age,256,73100000,85
tail-age,256,73200000,85
tail-age,256,73300000,85
tail-age,256,73400000,85
tail-age,256,73500000,85
tail-age,256,73600000,85
tail-age,256,73700000,85
tail-age,256,73800000,85
tail-age,256,73900000,85
tail-age,256,74000000,85
tail-age,256,74100000,85
tail-age,256,74200000,85
tail-age,256,74300000,85
tail-age,256,74400000,85
tail-age,256,74500000,85
tail-age,256,74600000,85
tail-age,256,74700000,85
tail-age,256,74800000,85
tail-age,256,74900000,85
tail-age,256,75000000,85
tail-age,256,75100000,85
tail-age,256,75200000,85
tail-age,256,75300000,85
tail-age,256,75400000,85
tail-age,256,75500000,85
tail-age,256,75600000,85
tail-age,256,75700000,85
tail-age,256,75800000,85
tail-age,256,75900000,85
tail-age,256,76000000,85
tail-age,256,76100000,85
tail-age,256,76200000,85
tail-age,256,76300000,85
tail-age,256,76400000,85
tail-age,256,76500000,85
tail-age,256,76600000,85
tail-age,256,76700000,85
tail-age,256,76800000,85
tail-age,256,76900000,85
tail-age,256,77000000,85
tail-age,256,77100000,85
tail-age,256,77200000,85
tail-age,256,77300000,85
tail-age,256,77400000,85
tail-age,256,77500000,85
tail-age,256,77600000,85
tail-age,256,77700000,85
tail-age,256,77800000,85
tail-age,256,77900000,85
tail-age,256,78000000,85
tail-age,256,78100000,85
tail-age,256,78200000,85
tail-age,256,78300000,85
tail-age,256,78400000,85
tail-age,256,78500000,85
tail-age,256,78600000,85
tail-age,256,78700000,85
tail-age,256,78800000,85
tail-age,256,78900000,85
tail-age,256,79000000,85
tail-age,256,79100000,85
tail-age,256,79200000,85
tail-age,256,79300000,85
tail-age,256,79400000,85
tail-age,256,79500000,85
tail-age,256,79600000,85
tail-age,256,79700000,85
tail-age,256,79800000,85
tail-age,256,79900000,85
tail-age,64,100000,20
tail-age,64,200000,14
tail-age,64,300000,11
tail-age,64,400000,13
tail-age,64,500000,13
tail-age,64,600000,13
tail-age,64,700000,13
tail-age,64,800000,13
tail-age,64,900000,13
tail-age,64,1000000,13
tail-age,64,1100000,13
tail-age,64,1200000,13
tail-age,64,1300000,13
tail-age,64,1400000,13
tail-age,64,1500000,13
tail-age,64,1600000,13
tail-age,64,1700000,13
tail-age,64,1800000,13
tail-age,64,1900000,13
tail-age,64,2000000,13
tail-age,64,2100000,13
tail-age,64,2200000,13
tail-age,64,2300000,13
tail-age,64,2400000,13
tail-age,64,2500000,13
tail-age,64,2600000,13
tail-age,64,2700000,13
tail-age,64,2800000,13
tail-age,64,2900000,13
tail-age,64,3000000,13
tail-age,64,3100000,13
tail-age,64,3200000,13
tail-age,64,3300000,13
tail-age,64,3400000,13
tail-age,64,3500000,13
tail-age,64,3600000,13
tail-age,64,3700000,13
tail-age,64,3800000,13
tail-age,64,3900000,13
tail-age,64,4000000,13
tail-age,64,4100000,13
tail-age,64,4200000,13
tail-age,64,4300000,13
tail-age,64,4400000,13
tail-age,64,4500000,13
tail-age,64,4600000,13
tail-age,64,4700000,13
tail-age,64,4800000,13
tail-age,64,4900000,13
tail-age,64,5000000,13
tail-age,64,5100000,13
tail-age,64,5200000,13
tail-age,64,5300000,13
tail-age,64,5400000,13
tail-age,64,5500000,13
tail-age,64,5600000,13
tail-age,64,5700000,13
tail-age,64,5800000,13
tail-age,64,5900000,13
tail-age,64,6000000,13
tail-age,64,6100000,13
tail-age,64,6200000,13
tail-age,64,6300000,13
tail-age,64,6400000,13
tail-age,64,6500000,13
tail-age,64,6600000,13
tail-age,64,6700000,13
tail-age,64,6800000,13
tail-age,64,6900000,13
tail-age,64,7000000,13
tail-age,64,7100000,13
tail-age,64,7200000,13
tail-age,64,7300000,13
tail-age,64,7400000,13
tail-age,64,7500000,13
tail-age,64,7600000,13
tail-age,64,7700000,13
tail-age,64,7800000,13
tail-age,64,7900000,13
tail-age,64,8000000,13
tail-age,64,8100000,13
tail-age,64,8200000,13
tail-age,64,8300000,13
tail-age,64,8400000,13
tail-age,64,8500000,13
tail-age,64,8600000,13
tail-age,64,8700000,13
tail-age,64,8800000,13
tail-age,64,8900000,13
tail-age,64,9000000,13
tail-age,64,9100000,13
tail-age,64,9200000,13
tail-age,64,9300000,13
tail-age,64,9400000,13
tail-age,64,9500000,13
tail-age,64,9600000,13
tail-age,64,9700000,13
tail-age,64,9800000,13
tail-age,64,9900000,13
tail-age,64,10000000,13
tail-age,64,10100000,13
tail-age,64,10200000,13
tail-age,64,10300000,13
tail-age,64,10400000,13
tail-age,64,10500000,13
tail-age,64,10600000,13
tail-age,64,10700000,13
tail-age,64,10800000,13
tail-age,64,10900000,13
tail-age,64,11000000,13
tail-age,64,11100000,13
tail-age,64,11200000,13
tail-age,64,11300000,13
tail-age,64,11400000,13
tail-age,64,11500000,13
tail-age,64,11600000,13
tail-age,64,11700000,13
tail-age,64,11800000,13
tail-age,64,11900000,13
tail-age,64,12000000,13
tail-age,64,12100000,13
tail-age,64,12200000,13
tail-age,64,12300000,13
tail-age,64,12400000,13
tail-age,64,12500000,13
tail-age,64,12600000,13
tail-age,64,12700000,13
tail-age,64,12800000,13
tail-age,64,12900000,13
tail-age,64,13000000,13
tail-age,64,13100000,13
tail-age,64,13200000,13
tail-age,64,13300000,13
tail-age,64,13400000,13
tail-age,64,13500000,13
tail-age,64,13600000,13
tail-age,64,13700000,13
tail-age,64,13800000,13
tail-age,64,13900000,13
tail-age,64,14000000,13
tail-age,64,14100000,13
tail-age,64,14200000,13
tail-age,64,14300000,13
tail-age,64,14400000,13
tail-age,64,14500000,13
tail-age,64,14600000,13
tail-age,64,14700000,13
tail-age,64,14800000,13
tail-age,64,14900000,13
tail-age,64,15000000,13
tail-age,64,15100000,13
tail-age,64,15200000,13
tail-age,64,15300000,13
tail-age,64,15400000,13
tail-age,64,15500000,13
tail-age,64,15600000,13
tail-age,64,15700000,13
tail-age,64,15800000,13
tail-age,64,15900000,13
tail-age,64,16000000,13
tail-age,64,16100000,13
tail-age,64,16200000,13
tail-age,64,16300000,13
tail-age,64,16400000,13
tail-age,64,16500000,13
tail-age,64,16600000,13
tail-age,64,16700000,13
tail-age,64,16800000,13
tail-age,64,16900000,13
tail-age,64,17000000,13
tail-age,64,17100000,13
tail-age,64,17200000,13
tail-age,64,17300000,13
tail-age,64,17400000,13
tail-age,64,17500000,13
tail-age,64,17600000,13
tail-age,64,17700000,13
tail-age,64,17800000,13
tail-age,64,17900000,13
tail-age,64,18000000,13
tail-age,64,18100000,13
tail-age,64,18200000,13
tail-age,64,18300000,13
tail-age,64,18400000,13
tail-age,64,18500000,13
tail-age,64,18600000,13
tail-age,64,18700000,13
tail-age,64,18800000,13
tail-age,64,18900000,13
tail-age,64,19000000,13
tail-age,64,19100000,13
tail-age,64,19200000,13
tail-age,64,19300000,13
tail-age,64,19400000,13
tail-age,64,19500000,13
tail-age,64,19600000,13
tail-age,64,19700000,13
tail-age,64,19800000,13
tail-age,64,19900000,13
tail-age,64,20000000,13
tail-age,64,20100000,13
tail-age,64,20200000,13
tail-age,64,20300000,13
tail-age,64,20400000,13
tail-age,64,20500000,13
tail-age,64,20600000,13
tail-age,64,20700000,13
tail-age,64,20800000,13
tail-age,64,20900000,13
tail-age,64,21000000,13
tail-age,64,21100000,13
tail-age,64,21200000,13
tail-age,64,21300000,13
tail-age,64,21400000,13
tail-age,64,21500000,13
tail-age,64,21600000,13
tail-age,64,21700000,13
tail-age,64,21800000,13
tail-age,64,21900000,13
tail-age,64,22000000,13
tail-age,64,22100000,13
tail-age,64,22200000,13
tail-age,64,22300000,13
tail-age,64,22400000,13
tail-age,64,22500000,13
tail-age,64,22600000,13
tail-age,64,22700000,13
tail-age,64,22800000,13
tail-age,64,22900000,13
tail-age,64,23000000,13
tail-age,64,23100000,13
tail-age,64,23200000,13
tail-age,64,23300000,13
tail-age,64,23400000,13
tail-age,64,23500000,13
tail-age,64,23600000,13
tail-age,64,23700000,13
tail-age,64,23800000,13
tail-age,64,23900000,13
tail-age,64,24000000,13
tail-age,64,24100000,13
tail-age,64,24200000,13
tail-age,64,24300000,13
tail-age,64,24400000,13
tail-age,64,24500000,13
tail-age,64,24600000,13
tail-age,64,24700000,13
tail-age,64,24800000,13
tail-age,64,24900000,13
tail-age,64,25000000,13
tail-age,64,25100000,13
tail-age,64,25200000,13
tail-age,64,25300000,13
tail-age,64,25400000,13
tail-age,64,25500000,13
tail-age,64,25600000,13
tail-age,64,25700000,13
tail-age,64,25800000,13
tail-age,64,25900000,13
tail-age,64,26000000,13
tail-age,64,26100000,13
tail-age,64,26200000,13
tail-age,64,26300000,13
tail-age,64,26400000,13
tail-age,64,26500000,13
tail-age,64,26600000,13
tail-age,64,26700000,13
tail-age,64,26800000,13
tail-age,64,26900000,13
tail-age,64,27000000,13
tail-age,64,27100000,13
tail-age,64,27200000,13
tail-age,64,27300000,13
tail-age,64,27400000,13
tail-age,64,27500000,13
tail-age,64,27600000,13
tail-age,64,27700000,13
tail-age,64,27800000,13
tail-age,64,27900000,13
tail-age,64,28000000,13
tail-age,64,28100000,13
tail-age,64,28200000,13
tail-age,64,28300000,13
tail-age,64,28400000,13
tail-age,64,28500000,13
tail-age,64,28600000,13
tail-age,64,28700000,13
tail-age,64,28800000,13
tail-age,64,28900000,13
tail-age,64,29000000,13
tail-age,64,29100000,13
tail-age,64,29200000,13
tail-age,64,29300000,13
tail-age,64,29400000,13
tail-age,64,29500000,13
tail-age,64,29600000,13
tail-age,64,29700000,13
tail-age,64,29800000,13
tail-age,64,29900000,13
tail-age,64,30000000,13
tail-age,64,30100000,13
tail-age,64,30200000,13
tail-age,64,30300000,13
tail-age,64,30400000,13
tail-age,64,30500000,13
tail-age,64,30600000,13
tail-age,64,30700000,13
tail-age,64,30800000,13
tail-age,64,30900000,13
tail-age,64,31000000,13
tail-age,64,31100000,13
tail-age,64,31200000,13
tail-age,64,31300000,13
tail-age,64,31400000,13
tail-age,64,31500000,13
tail-age,64,31600000,13
tail-age,64,31700000,13
tail-age,64,31800000,13
tail-age,64,31900000,13
tail-age,64,32000000,13
tail-age,64,32100000,13
tail-age,64,32200000,13
tail-age,64,32300000,13
tail-age,64,32400000,13
tail-age,64,32500000,13
tail-age,64,32600000,13
tail-age,64,32700000,13
tail-age,64,32800000,13
tail-age,64,32900000,13
tail-age,64,33000000,13
tail-age,64,33100000,13
tail-age,64,33200000,13
tail-age,64,33300000,13
tail-age,64,33400000,13
tail-age,64,33500000,13
tail-age,64,33600000,13
tail-age,64,33700000,13
tail-age,64,33800000,13
tail-age,64,33900000,13
tail-age,64,34000000,13
tail-age,64,34100000,13
tail-age,64,34200000,13
tail-age,64,34300000,13
tail-age,64,34400000,13
tail-age,64,34500000,13
tail-age,64,34600000,13
tail-age,64,34700000,13
tail-age,64,34800000,13
tail-age,64,34900000,13
tail-age,64,35000000,13
tail-age,64,35100000,13
tail-age,64,35200000,13
tail-age,64,35300000,13
tail-age,64,35400000,13
tail-age,64,35500000,13
tail-age,64,35600000,13
tail-age,64,35700000,13
tail-age,64,35800000,13
tail-age,64,35900000,13
tail-age,64,36000000,13
tail-age,64,36100000,13
tail-age,64,36200000,13
tail-age,64,36300000,13
tail-age,64,36400000,13
tail-age,64,36500000,13
tail-age,64,36600000,13
tail-age,64,36700000,13
tail-age,64,36800000,13
tail-age,64,36900000,13
tail-age,64,37000000,13
tail-age,64,37100000,13
tail-age,64,37200000,13
tail-age,64,37300000,13
tail-age,64,37400000,13
tail-age,64,37500000,13
tail-age,64,37600000,13
tail-age,64,37700000,13
tail-age,64,37800000,13
tail-age,64,37900000,13
tail-age,64,38000000,13
tail-age,64,38100000,13
tail-age,64,38200000,13
tail-age,64,38300000,13
tail-age,64,38400000,13
tail-age,64,38500000,13
tail-age,64,38600000,13
tail-age,64,38700000,13
tail-age,64,38800000,13
tail-age,64,38900000,13
tail-age,64,39000000,13
tail-age,64,39100000,13
tail-age,64,39200000,13
tail-age,64,39300000,13
tail-age,64,39400000,13
tail-age,64,39500000,13
tail-age,64,39600000,13
tail-age,64,39700000,13
tail-age,64,39800000,13
tail-age,64,39900000,13
tail-age,64,40000000,13
tail-age,64,40100000,13
tail-age,64,40200000,13
tail-age,64,40300000,13
tail-age,64,40400000,13
tail-age,64,40500000,13
tail-age,64,40600000,13
tail-age,64,40700000,13
tail-age,64,40800000,13
tail-age,64,40900000,13
tail-age,64,41000000,13
tail-age,64,41100000,13
tail-age,64,41200000,13
tail-age,64,41300000,13
tail-age,64,41400000,13
tail-age,64,41500000,13
tail-age,64,41600000,13
tail-age,64,41700000,13
tail-age,64,41800000,13
tail-age,64,41900000,13
tail-age,64,42000000,13
tail-age,64,42100000,13
tail-age,64,42200000,13
tail-age,64,42300000,13
tail-age,64,42400000,13
tail-age,64,42500000,13
tail-age,64,42600000,13
tail-age,64,42700000,13
tail-age,64,42800000,13
tail-age,64,42900000,13
tail-age,64,43000000,13
tail-age,64,43100000,13
tail-age,64,43200000,13
tail-age,64,43300000,13
tail-age,64,43400000,13
tail-age,64,43500000,13
tail-age,64,43600000,13
tail-age,64,43700000,13
tail-age,64,43800000,13
tail-age,64,43900000,13
tail-age,64,44000000,13
tail-age,64,44100000,13
tail-age,64,44200000,13
tail-age,64,44300000,13
tail-age,64,44400000,13
tail-age,64,44500000,13
tail-age,64,44600000,13
tail-age,64,44700000,13
tail-age,64,44800000,13
tail-age,64,44900000,13
tail-age,64,45000000,13
tail-age,64,45100000,13
tail-age,64,45200000,13
tail-age,64,45300000,13
tail-age,64,45400000,13
tail-age,64,45500000,13
tail-age,64,45600000,13
tail-age,64,45700000,13
tail-age,64,45800000,13
tail-age,64,45900000,13
tail-age,64,46000000,13
tail-age,64,46100000,13
tail-age,64,46200000,13
tail-age,64,46300000,13
tail-age,64,46400000,13
tail-age,64,46500000,13
tail-age,64,46600000,13
tail-age,64,46700000,13
tail-age,64,46800000,13
tail-age,64,46900000,13
tail-age,64,47000000,13
tail-age,64,47100000,13
tail-age,64,47200000,13
tail-age,64,47300000,13
tail-age,64,47400000,13
tail-age,64,47500000,13
tail-age,64,47600000,13
tail-age,64,47700000,13
tail-age,64,47800000,13
tail-age,64,47900000,13
tail-age,64,48000000,13
tail-age,64,48100000,13
tail-age,64,48200000,13
tail-age,64,48300000,13
tail-age,64,48400000,13
tail-age,64,48500000,13
tail-age,64,48600000,13
tail-age,64,48700000,13
tail-age,64,48800000,13
tail-age,64,48900000,13
tail-age,64,49000000,13
tail-age,64,49100000,13
tail-age,64,49200000,13
tail-age,64,49300000,13
tail-age,64,49400000,13
tail-age,64,49500000,13
tail-age,64,49600000,13
tail-age,64,49700000,13
tail-age,64,49800000,13
tail-age,64,49900000,13
tail-age,64,50000000,13
tail-age,64,50100000,13
tail-age,64,50200000,13
tail-age,64,50300000,13
tail-age,64,50400000,13
tail-age,64,50500000,13
tail-age,64,50600000,13
tail-age,64,50700000,13
tail-age,64,50800000,13
tail-age,64,50900000,13
tail-age,64,51000000,13
tail-age,64,51100000,13
tail-age,64,51200000,13
tail-age,64,51300000,13
tail-age,64,51400000,13
tail-age,64,51500000,13
tail-age,64,51600000,13
tail-age,64,51700000,13
tail-age,64,51800000,13
tail-age,64,51900000,13
tail-age,64,52000000,13
tail-age,64,52100000,13
tail-age,64,52200000,13
tail-age,64,52300000,13
tail-age,64,52400000,13
tail-age,64,52500000,13
tail-age,64,52600000,13
tail-age,64,52700000,13
tail-age,64,52800000,13
tail-age,64,52900000,13
tail-age,64,53000000,13
tail-age,64,53100000,13
tail-age,64,53200000,13
tail-age,64,53300000,13
tail-age,64,53400000,13
tail-age,64,53500000,13
tail-age,64,53600000,13
tail-age,64,53700000,13
tail-age,64,53800000,13
tail-age,64,53900000,13
tail-age,64,54000000,13
tail-age,64,54100000,13
tail-age,64,54200000,13
tail-age,64,54300000,13
tail-age,64,54400000,13
tail-age,64,54500000,13
tail-age,64,54600000,13
tail-age,64,54700000,13
tail-age,64,54800000,13
tail-age,64,54900000,13
tail-age,64,55000000,13
tail-age,64,55100000,13
tail-age,64,55200000,13
tail-age,64,55300000,13
tail-age,64,55400000,13
tail-age,64,55500000,13
tail-age,64,55600000,13
tail-age,64,55700000,13
tail-age,64,55800000,13
tail-age,64,55900000,13
tail-age,64,56000000,13
tail-age,64,56100000,13
tail-age,64,56200000,13
tail-age,64,56300000,13
tail-age,64,56400000,13
tail-age,64,56500000,13
tail-age,64,56600000,13
tail-age,64,56700000,13
tail-age,64,56800000,13
tail-age,64,56900000,13
tail-age,64,57000000,13
tail-age,64,57100000,13
tail-age,64,57200000,13
tail-age,64,57300000,13
tail-age,64,57400000,13
tail-age,64,57500000,13
tail-age,64,57600000,13
tail-age,64,57700000,13
tail-age,64,57800000,13
tail-age,64,57900000,13
tail-age,64,58000000,13
tail-age,64,58100000,13
tail-age,64,58200000,13
tail-age,64,58300000,13
tail-age,64,58400000,13
tail-age,64,58500000,13
tail-age,64,58600000,13
tail-age,64,58700000,13
tail-age,64,58800000,13
tail-age,64,58900000,13
tail-age,64,59000000,13
tail-age,64,59100000,13
tail-age,64,59200000,13
tail-age,64,59300000,13
tail-age,64,59400000,13
tail-age,64,59500000,13
tail-age,64,59600000,13
tail-age,64,59700000,13
tail-age,64,59800000,13
tail-age,64,59900000,13
tail-age,64,60000000,13
tail-age,64,60100000,13
tail-age,64,60200000,13
tail-age,64,60300000,13
tail-age,64,60400000,13
tail-age,64,60500000,13
tail-age,64,60600000,13
tail-age,64,60700000,13
tail-age,64,60800000,13
tail-age,64,60900000,13
tail-age,64,61000000,13
tail-age,64,61100000,13
tail-age,64,61200000,13
tail-age,64,61300000,13
tail-age,64,61400000,13
tail-age,64,61500000,13
tail-age,64,61600000,13
tail-age,64,61700000,13
tail-age,64,61800000,13
tail-age,64,61900000,13
tail-age,64,62000000,13
tail-age,64,62100000,13
tail-age,64,62200000,13
tail-age,64,62300000,13
tail-age,64,62400000,13
tail-age,64,62500000,13
tail-age,64,62600000,13
tail-age,64,62700000,13
tail-age,64,62800000,13
tail-age,64,62900000,13
tail-age,64,63000000,13
tail-age,64,63100000,13
tail-age,64,63200000,13
tail-age,64,63300000,13
tail-age,64,63400000,13
tail-age,64,63500000,13
tail-age,64,63600000,13
tail-age,64,63700000,13
tail-age,64,63800000,13
tail-age,64,63900000,13
tail-age,64,64000000,13
tail-age,64,64100000,13
tail-age,64,64200000,13
tail-age,64,64300000,13
tail-age,64,64400000,13
tail-age,64,64500000,13
tail-age,64,64600000,13
tail-age,64,64700000,13
tail-age,64,64800000,13
tail-age,64,64900000,13
tail-age,64,65000000,13
tail-age,64,65100000,13
tail-age,64,65200000,13
tail-age,64,65300000,13
tail-age,64,65400000,13
tail-age,64,65500000,13
tail-age,64,65600000,13
tail-age,64,65700000,13
tail-age,64,65800000,13
tail-age,64,65900000,13
tail-age,64,66000000,13
tail-age,64,66100000,13
tail-age,64,66200000,13
tail-age,64,66300000,13
tail-age,64,66400000,13
tail-age,64,66500000,13
tail-age,64,66600000,13
tail-age,64,66700000,13
tail-age,64,66800000,13
tail-age,64,66900000,13
tail-age,64,67000000,13
tail-age,64,67100000,13
tail-age,64,67200000,13
tail-age,64,67300000,13
tail-age,64,67400000,13
tail-age,64,67500000,13
tail-age,64,67600000,13
tail-age,64,67700000,13
tail-age,64,67800000,13
tail-age,64,67900000,13
tail-age,64,68000000,13
tail-age,64,68100000,13
tail-age,64,68200000,13
tail-age,64,68300000,13
tail-age,64,68400000,13
tail-age,64,68500000,13
tail-age,64,68600000,13
tail-age,64,68700000,13
tail-age,64,68800000,13
tail-age,64,68900000,13
tail-age,64,69000000,13
tail-age,64,69100000,13
tail-age,64,69200000,13
tail-age,64,69300000,13
tail-age,64,69400000,13
tail-age,64,69500000,13
tail-age,64,69600000,13
tail-age,64,69700000,13
tail-age,64,69800000,13
tail-age,64,69900000,13
tail-age,64,70000000,13
tail-age,64,70100000,13
tail-age,64,70200000,13
tail-age,64,70300000,13
tail-age,64,70400000,13
tail-age,64,70500000,13
tail-age,64,70600000,13
tail-age,64,70700000,13
tail-age,64,70800000,13
tail-age,64,70900000,13
tail-age,64,71000000,13
tail-age,64,71100000,13
tail-age,64,71200000,13
tail-age,64,71300000,13
tail-age,64,71400000,13
tail-age,64,71500000,13
tail-age,64,71600000,13
tail-age,64,71700000,13
tail-age,64,71800000,13
tail-age,64,71900000,13
tail-age,64,72000000,13
tail-age,64,72100000,13
tail-age,64,72200000,13
tail-age,64,72300000,13
tail-age,64,72400000,13
tail-age,64,72500000,13
tail-age,64,72600000,13
tail-age,64,72700000,13
tail-age,64,72800000,13
tail-age,64,72900000,13
tail-age,64,73000000,13
tail-age,64,73100000,13
tail-age,64,73200000,13
tail-age,64,73300000,13
tail-age,64,73400000,13
tail-age,64,73500000,13
tail-age,64,73600000,13
tail-age,64,73700000,13
tail-age,64,73800000,13
tail-age,64,73900000,13
tail-age,64,74000000,13
tail-age,64,74100000,13
tail-age,64,74200000,13
tail-age,64,74300000,13
tail-age,64,74400000,13
tail-age,64,74500000,13
tail-age,64,74600000,13
tail-age,64,74700000,13
tail-age,64,74800000,13
tail-age,64,74900000,13
tail-age,64,75000000,13
tail-age,64,75100000,13
tail-age,64,75200000,13
tail-age,64,75300000,13
tail-age,64,75400000,13
tail-age,64,75500000,13
tail-age,64,75600000,13
tail-age,64,75700000,13
tail-age,64,75800000,13
tail-age,64,75900000,13
tail-age,64,76000000,13
tail-age,64,76100000,13
tail-age,64,76200000,13
tail-age,64,76300000,13
tail-age,64,76400000,13
tail-age,64,76500000,13
tail-age,64,76600000,13
tail-age,64,76700000,13
tail-age,64,76800000,13
tail-age,64,76900000,13
tail-age,64,77000000,13
tail-age,64,77100000,13
tail-age,64,77200000,13
tail-age,64,77300000,13
tail-age,64,77400000,13
tail-age,64,77500000,13
tail-age,64,77600000,13
tail-age,64,77700000,13
tail-age,64,77800000,13
tail-age,64,77900000,13
tail-age,64,78000000,13
tail-age,64,78100000,13
tail-age,64,78200000,13
tail-age,64,78300000,13
tail-age,64,78400000,13
tail-age,64,78500000,13
tail-age,64,78600000,13
tail-age,64,78700000,13
tail-age,64,78800000,13
tail-age,64,78900000,13
tail-age,64,79000000,13
tail-age,64,79100000,13
tail-age,64,79200000,13
tail-age,64,79300000,13
tail-age,64,79400000,13
tail-age,64,79500000,13
tail-age,64,79600000,13
tail-age,64,79700000,13
tail-age,64,79800000,13
tail-age,64,79900000,13
tail-age,32,100000,11
tail-age,32,200000,12
tail-age,32,300000,12
tail-age,32,400000,12
tail-age,32,500000,12
tail-age,32,600000,12
tail-age,32,700000,12
tail-age,32,800000,12
tail-age,32,900000,12
tail-age,32,1000000,12
tail-age,32,1100000,12
tail-age,32,1200000,12
tail-age,32,1300000,12
tail-age,32,1400000,12
tail-age,32,1500000,12
tail-age,32,1600000,12
tail-age,32,1700000,12
tail-age,32,1800000,12
tail-age,32,1900000,12
tail-age,32,2000000,12
tail-age,32,2100000,12
tail-age,32,2200000,12
tail-age,32,2300000,12
tail-age,32,2400000,12
tail-age,32,2500000,12
tail-age,32,2600000,12
tail-age,32,2700000,12
tail-age,32,2800000,12
tail-age,32,2900000,12
tail-age,32,3000000,12
tail-age,32,3100000,12
tail-age,32,3200000,12
tail-age,32,3300000,12
tail-age,32,3400000,12
tail-age,32,3500000,12
tail-age,32,3600000,12
tail-age,32,3700000,12
tail-age,32,3800000,12
tail-age,32,3900000,12
tail-age,32,4000000,12
tail-age,32,4100000,12
tail-age,32,4200000,12
tail-age,32,4300000,12
tail-age,32,4400000,12
tail-age,32,4500000,12
tail-age,32,4600000,12
tail-age,32,4700000,12
tail-age,32,4800000,12
tail-age,32,4900000,12
tail-age,32,5000000,12
tail-age,32,5100000,12
tail-age,32,5200000,12
tail-age,32,5300000,12
tail-age,32,5400000,12
tail-age,32,5500000,12
tail-age,32,5600000,12
tail-age,32,5700000,12
tail-age,32,5800000,12
tail-age,32,5900000,12
tail-age,32,6000000,12
tail-age,32,6100000,12
tail-age,32,6200000,12
tail-age,32,6300000,12
tail-age,32,6400000,12
tail-age,32,6500000,12
tail-age,32,6600000,12
tail-age,32,6700000,12
tail-age,32,6800000,12
tail-age,32,6900000,12
tail-age,32,7000000,12
tail-age,32,7100000,12
tail-age,32,7200000,12
tail-age,32,7300000,12
tail-age,32,7400000,12
tail-age,32,7500000,12
tail-age,32,7600000,12
tail-age,32,7700000,12
tail-age,32,7800000,12
tail-age,32,7900000,12
tail-age,32,8000000,12
tail-age,32,8100000,12
tail-age,32,8200000,12
tail-age,32,8300000,12
tail-age,32,8400000,12
tail-age,32,8500000,12
tail-age,32,8600000,12
tail-age,32,8700000,12
tail-age,32,8800000,12
tail-age,32,8900000,12
tail-age,32,9000000,12
tail-age,32,9100000,12
tail-age,32,9200000,12
tail-age,32,9300000,12
tail-age,32,9400000,12
tail-age,32,9500000,12
tail-age,32,9600000,12
tail-age,32,9700000,12
tail-age,32,9800000,12
tail-age,32,9900000,12
tail-age,32,10000000,12
tail-age,32,10100000,12
tail-age,32,10200000,12
tail-age,32,10300000,12
tail-age,32,10400000,12
tail-age,32,10500000,12
tail-age,32,10600000,12
tail-age,32,10700000,12
tail-age,32,10800000,12
tail-age,32,10900000,12
tail-age,32,11000000,12
tail-age,32,11100000,12
tail-age,32,11200000,12
tail-age,32,11300000,12
tail-age,32,11400000,12
tail-age,32,11500000,12
tail-age,32,11600000,12
tail-age,32,11700000,12
tail-age,32,11800000,12
tail-age,32,11900000,12
tail-age,32,12000000,12
tail-age,32,12100000,12
tail-age,32,12200000,12
tail-age,32,12300000,12
tail-age,32,12400000,12
tail-age,32,12500000,12
tail-age,32,12600000,12
tail-age,32,12700000,12
tail-age,32,12800000,12
tail-age,32,12900000,12
tail-age,32,13000000,12
tail-age,32,13100000,12
tail-age,32,13200000,12
tail-age,32,13300000,12
tail-age,32,13400000,12
tail-age,32,13500000,12
tail-age,32,13600000,12
tail-age,32,13700000,12
tail-age,32,13800000,12
tail-age,32,13900000,12
tail-age,32,14000000,12
tail-age,32,14100000,12
tail-age,32,14200000,12
tail-age,32,14300000,12
tail-age,32,14400000,12
tail-age,32,14500000,12
tail-age,32,14600000,12
tail-age,32,14700000,12
tail-age,32,14800000,12
tail-age,32,14900000,12
tail-age,32,15000000,12
tail-age,32,15100000,12
tail-age,32,15200000,12
tail-age,32,15300000,12
tail-age,32,15400000,12
tail-age,32,15500000,12
tail-age,32,15600000,12
tail-age,32,15700000,12
tail-age,32,15800000,12
tail-age,32,15900000,12
tail-age,32,16000000,12
tail-age,32,16100000,12
tail-age,32,16200000,12
tail-age,32,16300000,12
tail-age,32,16400000,12
tail-age,32,16500000,12
tail-age,32,16600000,12
tail-age,32,16700000,12
tail-age,32,16800000,12
tail-age,32,16900000,12
tail-age,32,17000000,12
tail-age,32,17100000,12
tail-age,32,17200000,12
tail-age,32,17300000,12
tail-age,32,17400000,12
tail-age,32,17500000,12
tail-age,32,17600000,12
tail-age,32,17700000,12
tail-age,32,17800000,12
tail-age,32,17900000,12
tail-age,32,18000000,12
tail-age,32,18100000,12
tail-age,32,18200000,12
tail-age,32,18300000,12
tail-age,32,18400000,12
tail-age,32,18500000,12
tail-age,32,18600000,12
tail-age,32,18700000,12
tail-age,32,18800000,12
tail-age,32,18900000,12
tail-age,32,19000000,12
tail-age,32,19100000,12
tail-age,32,19200000,12
tail-age,32,19300000,12
tail-age,32,19400000,12
tail-age,32,19500000,12
tail-age,32,19600000,12
tail-age,32,19700000,12
tail-age,32,19800000,12
tail-age,32,19900000,12
tail-age,32,20000000,12
tail-age,32,20100000,12
tail-age,32,20200000,12
tail-age,32,20300000,12
tail-age,32,20400000,12
tail-age,32,20500000,12
tail-age,32,20600000,12
tail-age,32,20700000,12
tail-age,32,20800000,12
tail-age,32,20900000,12
tail-age,32,21000000,12
tail-age,32,21100000,12
tail-age,32,21200000,12
tail-age,32,21300000,12
tail-age,32,21400000,12
tail-age,32,21500000,12
tail-age,32,21600000,12
tail-age,32,21700000,12
tail-age,32,21800000,12
tail-age,32,21900000,12
tail-age,32,22000000,12
tail-age,32,22100000,12
tail-age,32,22200000,12
tail-age,32,22300000,12
tail-age,32,22400000,12
tail-age,32,22500000,12
tail-age,32,22600000,12
tail-age,32,22700000,12
tail-age,32,22800000,12
tail-age,32,22900000,12
tail-age,32,23000000,12
tail-age,32,23100000,12
tail-age,32,23200000,12
tail-age,32,23300000,12
tail-age,32,23400000,12
tail-age,32,23500000,12
tail-age,32,23600000,12
tail-age,32,23700000,12
tail-age,32,23800000,12
tail-age,32,23900000,12
tail-age,32,24000000,12
tail-age,32,24100000,12
tail-age,32,24200000,12
tail-age,32,24300000,12
tail-age,32,24400000,12
tail-age,32,24500000,12
tail-age,32,24600000,12
tail-age,32,24700000,12
tail-age,32,24800000,12
tail-age,32,24900000,12
tail-age,32,25000000,12
tail-age,32,25100000,12
tail-age,32,25200000,12
tail-age,32,25300000,12
tail-age,32,25400000,12
tail-age,32,25500000,12
tail-age,32,25600000,12
tail-age,32,25700000,12
tail-age,32,25800000,12
tail-age,32,25900000,12
tail-age,32,26000000,12
tail-age,32,26100000,12
tail-age,32,26200000,12
tail-age,32,26300000,12
tail-age,32,26400000,12
tail-age,32,26500000,12
tail-age,32,26600000,12
tail-age,32,26700000,12
tail-age,32,26800000,12
tail-age,32,26900000,12
tail-age,32,27000000,12
tail-age,32,27100000,12
tail-age,32,27200000,12
tail-age,32,27300000,12
tail-age,32,27400000,12
tail-age,32,27500000,12
tail-age,32,27600000,12
tail-age,32,27700000,12
tail-age,32,27800000,12
tail-age,32,27900000,12
tail-age,32,28000000,12
tail-age,32,28100000,12
tail-age,32,28200000,12
tail-age,32,28300000,12
tail-age,32,28400000,12
tail-age,32,28500000,12
tail-age,32,28600000,12
tail-age,32,28700000,12
tail-age,32,28800000,12
tail-age,32,28900000,12
tail-age,32,29000000,12
tail-age,32,29100000,12
tail-age,32,29200000,12
tail-age,32,29300000,12
tail-age,32,29400000,12
tail-age,32,29500000,12
tail-age,32,29600000,12
tail-age,32,29700000,12
tail-age,32,29800000,12
tail-age,32,29900000,12
tail-age,32,30000000,12
tail-age,32,30100000,12
tail-age,32,30200000,12
tail-age,32,30300000,12
tail-age,32,30400000,12
tail-age,32,30500000,12
tail-age,32,30600000,12
tail-age,32,30700000,12
tail-age,32,30800000,12
tail-age,32,30900000,12
tail-age,32,31000000,12
tail-age,32,31100000,12
tail-age,32,31200000,12
tail-age,32,31300000,12
tail-age,32,31400000,12
tail-age,32,31500000,12
tail-age,32,31600000,12
tail-age,32,31700000,12
tail-age,32,31800000,12
tail-age,32,31900000,12
tail-age,32,32000000,12
tail-age,32,32100000,12
tail-age,32,32200000,12
tail-age,32,32300000,12
tail-age,32,32400000,12
tail-age,32,32500000,12
tail-age,32,32600000,12
tail-age,32,32700000,12
tail-age,32,32800000,12
tail-age,32,32900000,12
tail-age,32,33000000,12
tail-age,32,33100000,12
tail-age,32,33200000,12
tail-age,32,33300000,12
tail-age,32,33400000,12
tail-age,32,33500000,12
tail-age,32,33600000,12
tail-age,32,33700000,12
tail-age,32,33800000,12
tail-age,32,33900000,12
tail-age,32,34000000,12
tail-age,32,34100000,12
tail-age,32,34200000,12
tail-age,32,34300000,12
tail-age,32,34400000,12
tail-age,32,34500000,12
tail-age,32,34600000,12
tail-age,32,34700000,12
tail-age,32,34800000,12
tail-age,32,34900000,12
tail-age,32,35000000,12
tail-age,32,35100000,12
tail-age,32,35200000,12
tail-age,32,35300000,12
tail-age,32,35400000,12
tail-age,32,35500000,12
tail-age,32,35600000,12
tail-age,32,35700000,12
tail-age,32,35800000,12
tail-age,32,35900000,12
tail-age,32,36000000,12
tail-age,32,36100000,12
tail-age,32,36200000,12
tail-age,32,36300000,12
tail-age,32,36400000,12
tail-age,32,36500000,12
tail-age,32,36600000,12
tail-age,32,36700000,12
tail-age,32,36800000,12
tail-age,32,36900000,12
tail-age,32,37000000,12
tail-age,32,37100000,12
tail-age,32,37200000,12
tail-age,32,37300000,12
tail-age,32,37400000,12
tail-age,32,37500000,12
tail-age,32,37600000,12
tail-age,32,37700000,12
tail-age,32,37800000,12
tail-age,32,37900000,12
tail-age,32,38000000,12
tail-age,32,38100000,12
tail-age,32,38200000,12
tail-age,32,38300000,12
tail-age,32,38400000,12
tail-age,32,38500000,12
tail-age,32,38600000,12
tail-age,32,38700000,12
tail-age,32,38800000,12
tail-age,32,38900000,12
tail-age,32,39000000,12
tail-age,32,39100000,12
tail-age,32,39200000,12
tail-age,32,39300000,12
tail-age,32,39400000,12
tail-age,32,39500000,12
tail-age,32,39600000,12
tail-age,32,39700000,12
tail-age,32,39800000,12
tail-age,32,39900000,12
tail-age,32,40000000,12
tail-age,32,40100000,12
tail-age,32,40200000,12
tail-age,32,40300000,12
tail-age,32,40400000,12
tail-age,32,40500000,12
tail-age,32,40600000,12
tail-age,32,40700000,12
tail-age,32,40800000,12
tail-age,32,40900000,12
tail-age,32,41000000,12
tail-age,32,41100000,12
tail-age,32,41200000,12
tail-age,32,41300000,12
tail-age,32,41400000,12
tail-age,32,41500000,12
tail-age,32,41600000,12
tail-age,32,41700000,12
tail-age,32,41800000,12
tail-age,32,41900000,12
tail-age,32,42000000,12
tail-age,32,42100000,12
tail-age,32,42200000,12
tail-age,32,42300000,12
tail-age,32,42400000,12
tail-age,32,42500000,12
tail-age,32,42600000,12
tail-age,32,42700000,12
tail-age,32,42800000,12
tail-age,32,42900000,12
tail-age,32,43000000,12
tail-age,32,43100000,12
tail-age,32,43200000,12
tail-age,32,43300000,12
tail-age,32,43400000,12
tail-age,32,43500000,12
tail-age,32,43600000,12
tail-age,32,43700000,12
tail-age,32,43800000,12
tail-age,32,43900000,12
tail-age,32,44000000,12
tail-age,32,44100000,12
tail-age,32,44200000,12
tail-age,32,44300000,12
tail-age,32,44400000,12
tail-age,32,44500000,12
tail-age,32,44600000,12
tail-age,32,44700000,12
tail-age,32,44800000,12
tail-age,32,44900000,12
tail-age,32,45000000,12
tail-age,32,45100000,12
tail-age,32,45200000,12
tail-age,32,45300000,12
tail-age,32,45400000,12
tail-age,32,45500000,12
tail-age,32,45600000,12
tail-age,32,45700000,12
tail-age,32,45800000,12
tail-age,32,45900000,12
tail-age,32,46000000,12
tail-age,32,46100000,12
tail-age,32,46200000,12
tail-age,32,46300000,12
tail-age,32,46400000,12
tail-age,32,46500000,12
tail-age,32,46600000,12
tail-age,32,46700000,12
tail-age,32,46800000,12
tail-age,32,46900000,12
tail-age,32,47000000,12
tail-age,32,47100000,12
tail-age,32,47200000,12
tail-age,32,47300000,12
tail-age,32,47400000,12
tail-age,32,47500000,12
tail-age,32,47600000,12
tail-age,32,47700000,12
tail-age,32,47800000,12
tail-age,32,47900000,12
tail-age,32,48000000,12
tail-age,32,48100000,12
tail-age,32,48200000,12
tail-age,32,48300000,12
tail-age,32,48400000,12
tail-age,32,48500000,12
tail-age,32,48600000,12
tail-age,32,48700000,12
tail-age,32,48800000,12
tail-age,32,48900000,12
tail-age,32,49000000,12
tail-age,32,49100000,12
tail-age,32,49200000,12
tail-age,32,49300000,12
tail-age,32,49400000,12
tail-age,32,49500000,12
tail-age,32,49600000,12
tail-age,32,49700000,12
tail-age,32,49800000,12
tail-age,32,49900000,12
tail-age,32,50000000,12
tail-age,32,50100000,12
tail-age,32,50200000,12
tail-age,32,50300000,12
tail-age,32,50400000,12
tail-age,32,50500000,12
tail-age,32,50600000,12
tail-age,32,50700000,12
tail-age,32,50800000,12
tail-age,32,50900000,12
tail-age,32,51000000,12
tail-age,32,51100000,12
tail-age,32,51200000,12
tail-age,32,51300000,12
tail-age,32,51400000,12
tail-age,32,51500000,12
tail-age,32,51600000,12
tail-age,32,51700000,12
tail-age,32,51800000,12
tail-age,32,51900000,12
tail-age,32,52000000,12
tail-age,32,52100000,12
tail-age,32,52200000,12
tail-age,32,52300000,12
tail-age,32,52400000,12
tail-age,32,52500000,12
tail-age,32,52600000,12
tail-age,32,52700000,12
tail-age,32,52800000,12
tail-age,32,52900000,12
tail-age,32,53000000,12
tail-age,32,53100000,12
tail-age,32,53200000,12
tail-age,32,53300000,12
tail-age,32,53400000,12
tail-age,32,53500000,12
tail-age,32,53600000,12
tail-age,32,53700000,12
tail-age,32,53800000,12
tail-age,32,53900000,12
tail-age,32,54000000,12
tail-age,32,54100000,12
tail-age,32,54200000,12
tail-age,32,54300000,12
tail-age,32,54400000,12
tail-age,32,54500000,12
tail-age,32,54600000,12
tail-age,32,54700000,12
tail-age,32,54800000,12
tail-age,32,54900000,12
tail-age,32,55000000,12
tail-age,32,55100000,12
tail-age,32,55200000,12
tail-age,32,55300000,12
tail-age,32,55400000,12
tail-age,32,55500000,12
tail-age,32,55600000,12
tail-age,32,55700000,12
tail-age,32,55800000,12
tail-age,32,55900000,12
tail-age,32,56000000,12
tail-age,32,56100000,12
tail-age,32,56200000,12
tail-age,32,56300000,12
tail-age,32,56400000,12
tail-age,32,56500000,12
tail-age,32,56600000,12
tail-age,32,56700000,12
tail-age,32,56800000,12
tail-age,32,56900000,12
tail-age,32,57000000,12
tail-age,32,57100000,12
tail-age,32,57200000,12
tail-age,32,57300000,12
tail-age,32,57400000,12
tail-age,32,57500000,12
tail-age,32,57600000,12
tail-age,32,57700000,12
tail-age,32,57800000,12
tail-age,32,57900000,12
tail-age,32,58000000,12
tail-age,32,58100000,12
tail-age,32,58200000,12
tail-age,32,58300000,12
tail-age,32,58400000,12
tail-age,32,58500000,12
tail-age,32,58600000,12
tail-age,32,58700000,12
tail-age,32,58800000,12
tail-age,32,58900000,12
tail-age,32,59000000,12
tail-age,32,59100000,12
tail-age,32,59200000,12
tail-age,32,59300000,12
tail-age,32,59400000,12
tail-age,32,59500000,12
tail-age,32,59600000,12
tail-age,32,59700000,12
tail-age,32,59800000,12
tail-age,32,59900000,12
tail-age,32,60000000,12
tail-age,32,60100000,12
tail-age,32,60200000,12
tail-age,32,60300000,12
tail-age,32,60400000,12
tail-age,32,60500000,12
tail-age,32,60600000,12
tail-age,32,60700000,12
tail-age,32,60800000,12
tail-age,32,60900000,12
tail-age,32,61000000,12
tail-age,32,61100000,12
tail-age,32,61200000,12
tail-age,32,61300000,12
tail-age,32,61400000,12
tail-age,32,61500000,12
tail-age,32,61600000,12
tail-age,32,61700000,12
tail-age,32,61800000,12
tail-age,32,61900000,12
tail-age,32,62000000,12
tail-age,32,62100000,12
tail-age,32,62200000,12
tail-age,32,62300000,12
tail-age,32,62400000,12
tail-age,32,62500000,12
tail-age,32,62600000,12
tail-age,32,62700000,12
tail-age,32,62800000,12
tail-age,32,62900000,12
tail-age,32,63000000,12
tail-age,32,63100000,12
tail-age,32,63200000,12
tail-age,32,63300000,12
tail-age,32,63400000,12
tail-age,32,63500000,12
tail-age,32,63600000,12
tail-age,32,63700000,12
tail-age,32,63800000,12
tail-age,32,63900000,12
tail-age,32,64000000,12
tail-age,32,64100000,12
tail-age,32,64200000,12
tail-age,32,64300000,12
tail-age,32,64400000,12
tail-age,32,64500000,12
tail-age,32,64600000,12
tail-age,32,64700000,12
tail-age,32,64800000,12
tail-age,32,64900000,12
tail-age,32,65000000,12
tail-age,32,65100000,12
tail-age,32,65200000,12
tail-age,32,65300000,12
tail-age,32,65400000,12
tail-age,32,65500000,12
tail-age,32,65600000,12
tail-age,32,65700000,12
tail-age,32,65800000,12
tail-age,32,65900000,12
tail-age,32,66000000,12
tail-age,32,66100000,12
tail-age,32,66200000,12
tail-age,32,66300000,12
tail-age,32,66400000,12
tail-age,32,66500000,12
tail-age,32,66600000,12
tail-age,32,66700000,12
tail-age,32,66800000,12
tail-age,32,66900000,12
tail-age,32,67000000,12
tail-age,32,67100000,12
tail-age,32,67200000,12
tail-age,32,67300000,12
tail-age,32,67400000,12
tail-age,32,67500000,12
tail-age,32,67600000,12
tail-age,32,67700000,12
tail-age,32,67800000,12
tail-age,32,67900000,12
tail-age,32,68000000,12
tail-age,32,68100000,12
tail-age,32,68200000,12
tail-age,32,68300000,12
tail-age,32,68400000,12
tail-age,32,68500000,12
tail-age,32,68600000,12
tail-age,32,68700000,12
tail-age,32,68800000,12
tail-age,32,68900000,12
tail-age,32,69000000,12
tail-age,32,69100000,12
tail-age,32,69200000,12
tail-age,32,69300000,12
tail-age,32,69400000,12
tail-age,32,69500000,12
tail-age,32,69600000,12
tail-age,32,69700000,12
tail-age,32,69800000,12
tail-age,32,69900000,12
tail-age,32,70000000,12
tail-age,32,70100000,12
tail-age,32,70200000,12
tail-age,32,70300000,12
tail-age,32,70400000,12
tail-age,32,70500000,12
tail-age,32,70600000,12
tail-age,32,70700000,12
tail-age,32,70800000,12
tail-age,32,70900000,12
tail-age,32,71000000,12
tail-age,32,71100000,12
tail-age,32,71200000,12
tail-age,32,71300000,12
tail-age,32,71400000,12
tail-age,32,71500000,12
tail-age,32,71600000,12
tail-age,32,71700000,12
tail-age,32,71800000,12
tail-age,32,71900000,12
tail-age,32,72000000,12
tail-age,32,72100000,12
tail-age,32,72200000,12
tail-age,32,72300000,12
tail-age,32,72400000,12
tail-age,32,72500000,12
tail-age,32,72600000,12
tail-age,32,72700000,12
tail-age,32,72800000,12
tail-age,32,72900000,12
tail-age,32,73000000,12
tail-age,32,73100000,12
tail-age,32,73200000,12
tail-age,32,73300000,12
tail-age,32,73400000,12
tail-age,32,73500000,12
tail-age,32,73600000,12
tail-age,32,73700000,12
tail-age,32,73800000,12
tail-age,32,73900000,12
tail-age,32,74000000,12
tail-age,32,74100000,12
tail-age,32,74200000,12
tail-age,32,74300000,12
tail-age,32,74400000,12
tail-age,32,74500000,12
tail-age,32,74600000,12
tail-age,32,74700000,12
tail-age,32,74800000,12
tail-age,32,74900000,12
tail-age,32,75000000,12
tail-age,32,75100000,12
tail-age,32,75200000,12
tail-age,32,75300000,12
tail-age,32,75400000,12
tail-age,32,75500000,12
tail-age,32,75600000,12
tail-age,32,75700000,12
tail-age,32,75800000,12
tail-age,32,75900000,12
tail-age,32,76000000,12
tail-age,32,76100000,12
tail-age,32,76200000,12
tail-age,32,76300000,12
tail-age,32,76400000,12
tail-age,32,76500000,12
tail-age,32,76600000,12
tail-age,32,76700000,12
tail-age,32,76800000,12
tail-age,32,76900000,12
tail-age,32,77000000,12
tail-age,32,77100000,12
tail-age,32,77200000,12
tail-age,32,77300000,12
tail-age,32,77400000,12
tail-age,32,77500000,12
tail-age,32,77600000,12
tail-age,32,77700000,12
tail-age,32,77800000,12
tail-age,32,77900000,12
tail-age,32,78000000,12
tail-age,32,78100000,12
tail-age,32,78200000,12
tail-age,32,78300000,12
tail-age,32,78400000,12
tail-age,32,78500000,12
tail-age,32,78600000,12
tail-age,32,78700000,12
tail-age,32,78800000,12
tail-age,32,78900000,12
tail-age,32,79000000,12
tail-age,32,79100000,12
tail-age,32,79200000,12
tail-age,32,79300000,12
tail-age,32,79400000,12
tail-age,32,79500000,12
tail-age,32,79600000,12
tail-age,32,79700000,12
tail-age,32,79800000,12
tail-age,32,79900000,12
disabled,128,100000,52
disabled,128,200000,45
disabled,128,300000,42
disabled,128,400000,41
disabled,128,500000,41
disabled,128,600000,41
disabled,128,700000,41
disabled,128,800000,41
disabled,128,900000,41
disabled,128,1000000,41
disabled,128,1100000,41
disabled,128,1200000,41
disabled,128,1300000,41
disabled,128,1400000,41
disabled,128,1500000,41
disabled,128,1600000,41
disabled,128,1700000,41
disabled,128,1800000,41
disabled,128,1900000,41
disabled,128,2000000,41
disabled,128,2100000,41
disabled,128,2200000,41
disabled,128,2300000,41
disabled,128,2400000,41
disabled,128,2500000,41
disabled,128,2600000,41
disabled,128,2700000,41
disabled,128,2800000,41
disabled,128,2900000,41
disabled,128,3000000,41
disabled,128,3100000,41
disabled,128,3200000,41
disabled,128,3300000,41
disabled,128,3400000,41
disabled,128,3500000,41
disabled,128,3600000,41
disabled,128,3700000,41
disabled,128,3800000,41
disabled,128,3900000,41
disabled,128,4000000,41
disabled,128,4100000,41
disabled,128,4200000,41
disabled,128,4300000,41
disabled,128,4400000,41
disabled,128,4500000,41
disabled,128,4600000,41
disabled,128,4700000,41
disabled,128,4800000,41
disabled,128,4900000,41
disabled,128,5000000,41
disabled,128,5100000,41
disabled,128,5200000,41
disabled,128,5300000,41
disabled,128,5400000,41
disabled,128,5500000,41
disabled,128,5600000,41
disabled,128,5700000,41
disabled,128,5800000,41
disabled,128,5900000,41
disabled,128,6000000,41
disabled,128,6100000,41
disabled,128,6200000,41
disabled,128,6300000,41
disabled,128,6400000,41
disabled,128,6500000,41
disabled,128,6600000,41
disabled,128,6700000,41
disabled,128,6800000,41
disabled,128,6900000,41
disabled,128,7000000,41
disabled,128,7100000,41
disabled,128,7200000,41
disabled,128,7300000,41
disabled,128,7400000,41
disabled,128,7500000,41
disabled,128,7600000,41
disabled,128,7700000,41
disabled,128,7800000,41
disabled,128,7900000,41
disabled,128,8000000,41
disabled,128,8100000,41
disabled,128,8200000,41
disabled,128,8300000,41
disabled,128,8400000,41
disabled,128,8500000,41
disabled,128,8600000,41
disabled,128,8700000,41
disabled,128,8800000,41
disabled,128,8900000,41
disabled,128,9000000,41
disabled,128,9100000,41
disabled,128,9200000,41
disabled,128,9300000,41
disabled,128,9400000,41
disabled,128,9500000,41
disabled,128,9600000,41
disabled,128,9700000,41
disabled,128,9800000,41
disabled,128,9900000,41
disabled,128,10000000,41
disabled,128,10100000,41
disabled,128,10200000,41
disabled,128,10300000,41
disabled,128,10400000,41
disabled,128,10500000,41
disabled,128,10600000,41
disabled,128,10700000,41
disabled,128,10800000,41
disabled,128,10900000,41
disabled,128,11000000,41
disabled,128,11100000,41
disabled,128,11200000,41
disabled,128,11300000,41
disabled,128,11400000,41
disabled,128,11500000,41
disabled,128,11600000,41
disabled,128,11700000,41
disabled,128,11800000,41
disabled,128,11900000,41
disabled,128,12000000,41
disabled,128,12100000,41
disabled,128,12200000,41
disabled,128,12300000,41
disabled,128,12400000,41
disabled,128,12500000,41
disabled,128,12600000,41
disabled,128,12700000,41
disabled,128,12800000,41
disabled,128,12900000,41
disabled,128,13000000,41
disabled,128,13100000,41
disabled,128,13200000,41
disabled,128,13300000,41
disabled,128,13400000,41
disabled,128,13500000,41
disabled,128,13600000,41
disabled,128,13700000,41
disabled,128,13800000,41
disabled,128,13900000,41
disabled,128,14000000,41
disabled,128,14100000,41
disabled,128,14200000,41
disabled,128,14300000,41
disabled,128,14400000,41
disabled,128,14500000,41
disabled,128,14600000,41
disabled,128,14700000,41
disabled,128,14800000,41
disabled,128,14900000,41
disabled,128,15000000,41
disabled,128,15100000,41
disabled,128,15200000,41
disabled,128,15300000,41
disabled,128,15400000,41
disabled,128,15500000,41
disabled,128,15600000,41
disabled,128,15700000,41
disabled,128,15800000,41
disabled,128,15900000,41
disabled,128,16000000,41
disabled,128,16100000,41
disabled,128,16200000,41
disabled,128,16300000,41
disabled,128,16400000,41
disabled,128,16500000,41
disabled,128,16600000,41
disabled,128,16700000,41
disabled,128,16800000,41
disabled,128,16900000,41
disabled,128,17000000,41
disabled,128,17100000,41
disabled,128,17200000,41
disabled,128,17300000,41
disabled,128,17400000,41
disabled,128,17500000,41
disabled,128,17600000,41
disabled,128,17700000,41
disabled,128,17800000,41
disabled,128,17900000,41
disabled,128,18000000,41
disabled,128,18100000,41
disabled,128,18200000,41
disabled,128,18300000,41
disabled,128,18400000,41
disabled,128,18500000,41
disabled,128,18600000,41
disabled,128,18700000,41
disabled,128,18800000,41
disabled,128,18900000,41
disabled,128,19000000,41
disabled,128,19100000,41
disabled,128,19200000,41
disabled,128,19300000,41
disabled,128,19400000,41
disabled,128,19500000,41
disabled,128,19600000,41
disabled,128,19700000,41
disabled,128,19800000,41
disabled,128,19900000,41
disabled,128,20000000,41
disabled,128,20100000,41
disabled,128,20200000,41
disabled,128,20300000,41
disabled,128,20400000,41
disabled,128,20500000,41
disabled,128,20600000,41
disabled,128,20700000,41
disabled,128,20800000,41
disabled,128,20900000,41
disabled,128,21000000,41
disabled,128,21100000,41
disabled,128,21200000,41
disabled,128,21300000,41
disabled,128,21400000,41
disabled,128,21500000,41
disabled,128,21600000,41
disabled,128,21700000,41
disabled,128,21800000,41
disabled,128,21900000,41
disabled,128,22000000,41
disabled,128,22100000,41
disabled,128,22200000,41
disabled,128,22300000,41
disabled,128,22400000,41
disabled,128,22500000,41
disabled,128,22600000,41
disabled,128,22700000,41
disabled,128,22800000,41
disabled,128,22900000,41
disabled,128,23000000,41
disabled,128,23100000,41
disabled,128,23200000,41
disabled,128,23300000,41
disabled,128,23400000,41
disabled,128,23500000,41
disabled,128,23600000,41
disabled,128,23700000,41
disabled,128,23800000,41
disabled,128,23900000,41
disabled,128,24000000,41
disabled,128,24100000,41
disabled,128,24200000,41
disabled,128,24300000,41
disabled,128,24400000,41
disabled,128,24500000,41
disabled,128,24600000,41
disabled,128,24700000,41
disabled,128,24800000,41
disabled,128,24900000,41
disabled,128,25000000,41
disabled,128,25100000,41
disabled,128,25200000,41
disabled,128,25300000,41
disabled,128,25400000,41
disabled,128,25500000,41
disabled,128,25600000,41
disabled,128,25700000,41
disabled,128,25800000,41
disabled,128,25900000,41
disabled,128,26000000,41
disabled,128,26100000,41
disabled,128,26200000,41
disabled,128,26300000,41
disabled,128,26400000,41
disabled,128,26500000,41
disabled,128,26600000,41
disabled,128,26700000,41
disabled,128,26800000,41
disabled,128,26900000,41
disabled,128,27000000,41
disabled,128,27100000,41
disabled,128,27200000,41
disabled,128,27300000,41
disabled,128,27400000,41
disabled,128,27500000,41
disabled,128,27600000,41
disabled,128,27700000,41
disabled,128,27800000,41
disabled,128,27900000,41
disabled,128,28000000,41
disabled,128,28100000,41
disabled,128,28200000,41
disabled,128,28300000,41
disabled,128,28400000,41
disabled,128,28500000,41
disabled,128,28600000,41
disabled,128,28700000,41
disabled,128,28800000,41
disabled,128,28900000,41
disabled,128,29000000,41
disabled,128,29100000,41
disabled,128,29200000,41
disabled,128,29300000,41
disabled,128,29400000,41
disabled,128,29500000,41
disabled,128,29600000,41
disabled,128,29700000,41
disabled,128,29800000,41
disabled,128,29900000,41
disabled,128,30000000,41
disabled,128,30100000,41
disabled,128,30200000,41
disabled,128,30300000,41
disabled,128,30400000,41
disabled,128,30500000,41
disabled,128,30600000,41
disabled,128,30700000,41
disabled,128,30800000,41
disabled,128,30900000,41
disabled,128,31000000,41
disabled,128,31100000,41
disabled,128,31200000,41
disabled,128,31300000,41
disabled,128,31400000,41
disabled,128,31500000,41
disabled,128,31600000,41
disabled,128,31700000,41
disabled,128,31800000,41
disabled,128,31900000,41
disabled,128,32000000,41
disabled,128,32100000,41
disabled,128,32200000,41
disabled,128,32300000,41
disabled,128,32400000,41
disabled,128,32500000,41
disabled,128,32600000,41
disabled,128,32700000,41
disabled,128,32800000,41
disabled,128,32900000,41
disabled,128,33000000,41
disabled,128,33100000,41
disabled,128,33200000,41
disabled,128,33300000,41
disabled,128,33400000,41
disabled,128,33500000,41
disabled,128,33600000,41
disabled,128,33700000,41
disabled,128,33800000,41
disabled,128,33900000,41
disabled,128,34000000,41
disabled,128,34100000,41
disabled,128,34200000,41
disabled,128,34300000,41
disabled,128,34400000,41
disabled,128,34500000,41
disabled,128,34600000,41
disabled,128,34700000,41
disabled,128,34800000,41
disabled,128,34900000,41
disabled,128,35000000,41
disabled,128,35100000,41
disabled,128,35200000,41
disabled,128,35300000,41
disabled,128,35400000,41
disabled,128,35500000,41
disabled,128,35600000,41
disabled,128,35700000,41
disabled,128,35800000,41
disabled,128,35900000,41
disabled,128,36000000,41
disabled,128,36100000,41
disabled,128,36200000,41
disabled,128,36300000,41
disabled,128,36400000,41
disabled,128,36500000,41
disabled,128,36600000,41
disabled,128,36700000,41
disabled,128,36800000,41
disabled,128,36900000,41
disabled,128,37000000,41
disabled,128,37100000,41
disabled,128,37200000,41
disabled,128,37300000,41
disabled,128,37400000,41
disabled,128,37500000,41
disabled,128,37600000,41
disabled,128,37700000,41
disabled,128,37800000,41
disabled,128,37900000,41
disabled,128,38000000,41
disabled,128,38100000,41
disabled,128,38200000,41
disabled,128,38300000,41
disabled,128,38400000,41
disabled,128,38500000,41
disabled,128,38600000,41
disabled,128,38700000,41
disabled,128,38800000,41
disabled,128,38900000,41
disabled,128,39000000,41
disabled,128,39100000,41
disabled,128,39200000,41
disabled,128,39300000,41
disabled,128,39400000,41
disabled,128,39500000,41
disabled,128,39600000,41
disabled,128,39700000,41
disabled,128,39800000,41
disabled,128,39900000,41
disabled,128,40000000,41
disabled,128,40100000,41
disabled,128,40200000,41
disabled,128,40300000,41
disabled,128,40400000,41
disabled,128,40500000,41
disabled,128,40600000,41
disabled,128,40700000,41
disabled,128,40800000,41
disabled,128,40900000,41
disabled,128,41000000,41
disabled,128,41100000,41
disabled,128,41200000,41
disabled,128,41300000,41
disabled,128,41400000,41
disabled,128,41500000,41
disabled,128,41600000,41
disabled,128,41700000,41
disabled,128,41800000,41
disabled,128,41900000,41
disabled,128,42000000,41
disabled,128,42100000,41
disabled,128,42200000,41
disabled,128,42300000,41
disabled,128,42400000,41
disabled,128,42500000,41
disabled,128,42600000,41
disabled,128,42700000,41
disabled,128,42800000,41
disabled,128,42900000,41
disabled,128,43000000,41
disabled,128,43100000,41
disabled,128,43200000,41
disabled,128,43300000,41
disabled,128,43400000,41
disabled,128,43500000,41
disabled,128,43600000,41
disabled,128,43700000,41
disabled,128,43800000,41
disabled,128,43900000,41
disabled,128,44000000,41
disabled,128,44100000,41
disabled,128,44200000,41
disabled,128,44300000,41
disabled,128,44400000,41
disabled,128,44500000,41
disabled,128,44600000,41
disabled,128,44700000,41
disabled,128,44800000,41
disabled,128,44900000,41
disabled,128,45000000,41
disabled,128,45100000,41
disabled,128,45200000,41
disabled,128,45300000,41
disabled,128,45400000,41
disabled,128,45500000,41
disabled,128,45600000,41
disabled,128,45700000,41
disabled,128,45800000,41
disabled,128,45900000,41
disabled,128,46000000,41
disabled,128,46100000,41
disabled,128,46200000,41
disabled,128,46300000,41
disabled,128,46400000,41
disabled,128,46500000,41
disabled,128,46600000,41
disabled,128,46700000,41
disabled,128,46800000,41
disabled,128,46900000,41
disabled,128,47000000,41
disabled,128,47100000,41
disabled,128,47200000,41
disabled,128,47300000,41
disabled,128,47400000,41
disabled,128,47500000,41
disabled,128,47600000,41
disabled,128,47700000,41
disabled,128,47800000,41
disabled,128,47900000,41
disabled,128,48000000,41
disabled,128,48100000,41
disabled,128,48200000,41
disabled,128,48300000,41
disabled,128,48400000,41
disabled,128,48500000,41
disabled,128,48600000,41
disabled,128,48700000,41
disabled,128,48800000,41
disabled,128,48900000,41
disabled,128,49000000,41
disabled,128,49100000,41
disabled,128,49200000,41
disabled,128,49300000,41
disabled,128,49400000,41
disabled,128,49500000,41
disabled,128,49600000,41
disabled,128,49700000,41
disabled,128,49800000,41
disabled,128,49900000,41
disabled,128,50000000,41
disabled,128,50100000,41
disabled,128,50200000,41
disabled,128,50300000,41
disabled,128,50400000,41
disabled,128,50500000,41
disabled,128,50600000,41
disabled,128,50700000,41
disabled,128,50800000,41
disabled,128,50900000,41
disabled,128,51000000,41
disabled,128,51100000,41
disabled,128,51200000,41
disabled,128,51300000,41
disabled,128,51400000,41
disabled,128,51500000,41
disabled,128,51600000,41
disabled,128,51700000,41
disabled,128,51800000,41
disabled,128,51900000,41
disabled,128,52000000,41
disabled,128,52100000,41
disabled,128,52200000,41
disabled,128,52300000,41
disabled,128,52400000,41
disabled,128,52500000,41
disabled,128,52600000,41
disabled,128,52700000,41
disabled,128,52800000,41
disabled,128,52900000,41
disabled,128,53000000,41
disabled,128,53100000,41
disabled,128,53200000,41
disabled,128,53300000,41
disabled,128,53400000,41
disabled,128,53500000,41
disabled,128,53600000,41
disabled,128,53700000,41
disabled,128,53800000,41
disabled,128,53900000,41
disabled,128,54000000,41
disabled,128,54100000,41
disabled,128,54200000,41
disabled,128,54300000,41
disabled,128,54400000,41
disabled,128,54500000,41
disabled,128,54600000,41
disabled,128,54700000,41
disabled,128,54800000,41
disabled,128,54900000,41
disabled,128,55000000,41
disabled,128,55100000,41
disabled,128,55200000,41
disabled,128,55300000,41
disabled,128,55400000,41
disabled,128,55500000,41
disabled,128,55600000,41
disabled,128,55700000,41
disabled,128,55800000,41
disabled,128,55900000,41
disabled,128,56000000,41
disabled,128,56100000,41
disabled,128,56200000,41
disabled,128,56300000,41
disabled,128,56400000,41
disabled,128,56500000,41
disabled,128,56600000,41
disabled,128,56700000,41
disabled,128,56800000,41
disabled,128,56900000,41
disabled,128,57000000,41
disabled,128,57100000,41
disabled,128,57200000,41
disabled,128,57300000,41
disabled,128,57400000,41
disabled,128,57500000,41
disabled,128,57600000,41
disabled,128,57700000,41
disabled,128,57800000,41
disabled,128,57900000,41
disabled,128,58000000,41
disabled,128,58100000,41
disabled,128,58200000,41
disabled,128,58300000,41
disabled,128,58400000,41
disabled,128,58500000,41
disabled,128,58600000,41
disabled,128,58700000,41
disabled,128,58800000,41
disabled,128,58900000,41
disabled,128,59000000,41
disabled,128,59100000,41
disabled,128,59200000,41
disabled,128,59300000,41
disabled,128,59400000,41
disabled,128,59500000,41
disabled,128,59600000,41
disabled,128,59700000,41
disabled,128,59800000,41
disabled,128,59900000,41
disabled,128,60000000,41
disabled,128,60100000,41
disabled,128,60200000,41
disabled,128,60300000,41
disabled,128,60400000,41
disabled,128,60500000,41
disabled,128,60600000,41
disabled,128,60700000,41
disabled,128,60800000,41
disabled,128,60900000,41
disabled,128,61000000,41
disabled,128,61100000,41
disabled,128,61200000,41
disabled,128,61300000,41
disabled,128,61400000,41
disabled,128,61500000,41
disabled,128,61600000,41
disabled,128,61700000,41
disabled,128,61800000,41
disabled,128,61900000,41
disabled,128,62000000,41
disabled,128,62100000,41
disabled,128,62200000,41
disabled,128,62300000,41
disabled,128,62400000,41
disabled,128,62500000,41
disabled,128,62600000,41
disabled,128,62700000,41
disabled,128,62800000,41
disabled,128,62900000,41
disabled,128,63000000,41
disabled,128,63100000,41
disabled,128,63200000,41
disabled,128,63300000,41
disabled,128,63400000,41
disabled,128,63500000,41
disabled,128,63600000,41
disabled,128,63700000,41
disabled,128,63800000,41
disabled,128,63900000,41
disabled,128,64000000,41
disabled,128,64100000,41
disabled,128,64200000,41
disabled,128,64300000,41
disabled,128,64400000,41
disabled,128,64500000,41
disabled,128,64600000,41
disabled,128,64700000,41
disabled,128,64800000,41
disabled,128,64900000,41
disabled,128,65000000,41
disabled,128,65100000,41
disabled,128,65200000,41
disabled,128,65300000,41
disabled,128,65400000,41
disabled,128,65500000,41
disabled,128,65600000,41
disabled,128,65700000,41
disabled,128,65800000,41
disabled,128,65900000,41
disabled,128,66000000,41
disabled,128,66100000,41
disabled,128,66200000,41
disabled,128,66300000,41
disabled,128,66400000,41
disabled,128,66500000,41
disabled,128,66600000,41
disabled,128,66700000,41
disabled,128,66800000,41
disabled,128,66900000,41
disabled,128,67000000,41
disabled,128,67100000,41
disabled,128,67200000,41
disabled,128,67300000,41
disabled,128,67400000,41
disabled,128,67500000,41
disabled,128,67600000,41
disabled,128,67700000,41
disabled,128,67800000,41
disabled,128,67900000,41
disabled,128,68000000,41
disabled,128,68100000,41
disabled,128,68200000,41
disabled,128,68300000,41
disabled,128,68400000,41
disabled,128,68500000,41
disabled,128,68600000,41
disabled,128,68700000,41
disabled,128,68800000,41
disabled,128,68900000,41
disabled,128,69000000,41
disabled,128,69100000,41
disabled,128,69200000,41
disabled,128,69300000,41
disabled,128,69400000,41
disabled,128,69500000,41
disabled,128,69600000,41
disabled,128,69700000,41
disabled,128,69800000,41
disabled,128,69900000,41
disabled,128,70000000,41
disabled,128,70100000,41
disabled,128,70200000,41
disabled,128,70300000,41
disabled,128,70400000,41
disabled,128,70500000,41
disabled,128,70600000,41
disabled,128,70700000,41
disabled,128,70800000,41
disabled,128,70900000,41
disabled,128,71000000,41
disabled,128,71100000,41
disabled,128,71200000,41
disabled,128,71300000,41
disabled,128,71400000,41
disabled,128,71500000,41
disabled,128,71600000,41
disabled,128,71700000,41
disabled,128,71800000,41
disabled,128,71900000,41
disabled,128,72000000,41
disabled,128,72100000,41
disabled,128,72200000,41
disabled,128,72300000,41
disabled,128,72400000,41
disabled,128,72500000,41
disabled,128,72600000,41
disabled,128,72700000,41
disabled,128,72800000,41
disabled,128,72900000,41
disabled,128,73000000,41
disabled,128,73100000,41
disabled,128,73200000,41
disabled,128,73300000,41
disabled,128,73400000,41
disabled,128,73500000,41
disabled,128,73600000,41
disabled,128,73700000,41
disabled,128,73800000,41
disabled,128,73900000,41
disabled,128,74000000,41
disabled,128,74100000,41
disabled,128,74200000,41
disabled,128,74300000,41
disabled,128,74400000,41
disabled,128,74500000,41
disabled,128,74600000,41
disabled,128,74700000,41
disabled,128,74800000,41
disabled,128,74900000,41
disabled,128,75000000,41
disabled,128,75100000,41
disabled,128,75200000,41
disabled,128,75300000,41
disabled,128,75400000,41
disabled,128,75500000,41
disabled,128,75600000,41
disabled,128,75700000,41
disabled,128,75800000,41
disabled,128,75900000,41
disabled,128,76000000,41
disabled,128,76100000,41
disabled,128,76200000,41
disabled,128,76300000,41
disabled,128,76400000,41
disabled,128,76500000,41
disabled,128,76600000,41
disabled,128,76700000,41
disabled,128,76800000,41
disabled,128,76900000,41
disabled,128,77000000,41
disabled,128,77100000,41
disabled,128,77200000,41
disabled,128,77300000,41
disabled,128,77400000,41
disabled,128,77500000,41
disabled,128,77600000,41
disabled,128,77700000,41
disabled,128,77800000,41
disabled,128,77900000,41
disabled,128,78000000,41
disabled,128,78100000,41
disabled,128,78200000,41
disabled,128,78300000,41
disabled,128,78400000,41
disabled,128,78500000,41
disabled,128,78600000,41
disabled,128,78700000,41
disabled,128,78800000,41
disabled,128,78900000,41
disabled,128,79000000,41
disabled,128,79100000,41
disabled,128,79200000,41
disabled,128,79300000,41
disabled,128,79400000,41
disabled,128,79500000,41
disabled,128,79600000,41
disabled,128,79700000,41
disabled,128,79800000,41
disabled,128,79900000,41
tail-age,128,100000,52
tail-age,128,200000,45
tail-age,128,300000,42
tail-age,128,400000,41
tail-age,128,500000,41
tail-age,128,600000,41
tail-age,128,700000,41
tail-age,128,800000,41
tail-age,128,900000,41
tail-age,128,1000000,41
tail-age,128,1100000,41
tail-age,128,1200000,41
tail-age,128,1300000,41
tail-age,128,1400000,41
tail-age,128,1500000,41
tail-age,128,1600000,41
tail-age,128,1700000,41
tail-age,128,1800000,41
tail-age,128,1900000,41
tail-age,128,2000000,41
tail-age,128,2100000,41
tail-age,128,2200000,41
tail-age,128,2300000,41
tail-age,128,2400000,41
tail-age,128,2500000,41
tail-age,128,2600000,41
tail-age,128,2700000,41
tail-age,128,2800000,41
tail-age,128,2900000,41
tail-age,128,3000000,41
tail-age,128,3100000,41
tail-age,128,3200000,41
tail-age,128,3300000,41
tail-age,128,3400000,41
tail-age,128,3500000,41
tail-age,128,3600000,41
tail-age,128,3700000,41
tail-age,128,3800000,41
tail-age,128,3900000,41
tail-age,128,4000000,41
tail-age,128,4100000,41
tail-age,128,4200000,41
tail-age,128,4300000,41
tail-age,128,4400000,41
tail-age,128,4500000,41
tail-age,128,4600000,41
tail-age,128,4700000,41
tail-age,128,4800000,41
tail-age,128,4900000,41
tail-age,128,5000000,41
tail-age,128,5100000,41
tail-age,128,5200000,41
tail-age,128,5300000,41
tail-age,128,5400000,41
tail-age,128,5500000,41
tail-age,128,5600000,41
tail-age,128,5700000,41
tail-age,128,5800000,41
tail-age,128,5900000,41
tail-age,128,6000000,41
tail-age,128,6100000,41
tail-age,128,6200000,41
tail-age,128,6300000,41
tail-age,128,6400000,41
tail-age,128,6500000,41
tail-age,128,6600000,41
tail-age,128,6700000,41
tail-age,128,6800000,41
tail-age,128,6900000,41
tail-age,128,7000000,41
tail-age,128,7100000,41
tail-age,128,7200000,41
tail-age,128,7300000,41
tail-age,128,7400000,41
tail-age,128,7500000,41
tail-age,128,7600000,41
tail-age,128,7700000,41
tail-age,128,7800000,41
tail-age,128,7900000,41
tail-age,128,8000000,41
tail-age,128,8100000,41
tail-age,128,8200000,41
tail-age,128,8300000,41
tail-age,128,8400000,41
tail-age,128,8500000,41
tail-age,128,8600000,41
tail-age,128,8700000,41
tail-age,128,8800000,41
tail-age,128,8900000,41
tail-age,128,9000000,41
tail-age,128,9100000,41
tail-age,128,9200000,41
tail-age,128,9300000,41
tail-age,128,9400000,41
tail-age,128,9500000,41
tail-age,128,9600000,41
tail-age,128,9700000,41
tail-age,128,9800000,41
tail-age,128,9900000,41
tail-age,128,10000000,41
tail-age,128,10100000,41
tail-age,128,10200000,41
tail-age,128,10300000,41
tail-age,128,10400000,41
tail-age,128,10500000,41
tail-age,128,10600000,41
tail-age,128,10700000,41
tail-age,128,10800000,41
tail-age,128,10900000,41
tail-age,128,11000000,41
tail-age,128,11100000,41
tail-age,128,11200000,41
tail-age,128,11300000,41
tail-age,128,11400000,41
tail-age,128,11500000,41
tail-age,128,11600000,41
tail-age,128,11700000,41
tail-age,128,11800000,41
tail-age,128,11900000,41
tail-age,128,12000000,41
tail-age,128,12100000,41
tail-age,128,12200000,41
tail-age,128,12300000,41
tail-age,128,12400000,41
tail-age,128,12500000,41
tail-age,128,12600000,41
tail-age,128,12700000,41
tail-age,128,12800000,41
tail-age,128,12900000,41
tail-age,128,13000000,41
tail-age,128,13100000,41
tail-age,128,13200000,41
tail-age,128,13300000,41
tail-age,128,13400000,41
tail-age,128,13500000,41
tail-age,128,13600000,41
tail-age,128,13700000,41
tail-age,128,13800000,41
tail-age,128,13900000,41
tail-age,128,14000000,41
tail-age,128,14100000,41
tail-age,128,14200000,41
tail-age,128,14300000,41
tail-age,128,14400000,41
tail-age,128,14500000,41
tail-age,128,14600000,41
tail-age,128,14700000,41
tail-age,128,14800000,41
tail-age,128,14900000,41
tail-age,128,15000000,41
tail-age,128,15100000,41
tail-age,128,15200000,41
tail-age,128,15300000,41
tail-age,128,15400000,41
tail-age,128,15500000,41
tail-age,128,15600000,41
tail-age,128,15700000,41
tail-age,128,15800000,41
tail-age,128,15900000,41
tail-age,128,16000000,41
tail-age,128,16100000,41
tail-age,128,16200000,41
tail-age,128,16300000,41
tail-age,128,16400000,41
tail-age,128,16500000,41
tail-age,128,16600000,41
tail-age,128,16700000,41
tail-age,128,16800000,41
tail-age,128,16900000,41
tail-age,128,17000000,41
tail-age,128,17100000,41
tail-age,128,17200000,41
tail-age,128,17300000,41
tail-age,128,17400000,41
tail-age,128,17500000,41
tail-age,128,17600000,41
tail-age,128,17700000,41
tail-age,128,17800000,41
tail-age,128,17900000,41
tail-age,128,18000000,41
tail-age,128,18100000,41
tail-age,128,18200000,41
tail-age,128,18300000,41
tail-age,128,18400000,41
tail-age,128,18500000,41
tail-age,128,18600000,41
tail-age,128,18700000,41
tail-age,128,18800000,41
tail-age,128,18900000,41
tail-age,128,19000000,41
tail-age,128,19100000,41
tail-age,128,19200000,41
tail-age,128,19300000,41
tail-age,128,19400000,41
tail-age,128,19500000,41
tail-age,128,19600000,41
tail-age,128,19700000,41
tail-age,128,19800000,41
tail-age,128,19900000,41
tail-age,128,20000000,41
tail-age,128,20100000,41
tail-age,128,20200000,41
tail-age,128,20300000,41
tail-age,128,20400000,41
tail-age,128,20500000,41
tail-age,128,20600000,41
tail-age,128,20700000,41
tail-age,128,20800000,41
tail-age,128,20900000,41
tail-age,128,21000000,41
tail-age,128,21100000,41
tail-age,128,21200000,41
tail-age,128,21300000,41
tail-age,128,21400000,41
tail-age,128,21500000,41
tail-age,128,21600000,41
tail-age,128,21700000,41
tail-age,128,21800000,41
tail-age,128,21900000,41
tail-age,128,22000000,41
tail-age,128,22100000,41
tail-age,128,22200000,41
tail-age,128,22300000,41
tail-age,128,22400000,41
tail-age,128,22500000,41
tail-age,128,22600000,41
tail-age,128,22700000,41
tail-age,128,22800000,41
tail-age,128,22900000,41
tail-age,128,23000000,41
tail-age,128,23100000,41
tail-age,128,23200000,41
tail-age,128,23300000,41
tail-age,128,23400000,41
tail-age,128,23500000,41
tail-age,128,23600000,41
tail-age,128,23700000,41
tail-age,128,23800000,41
tail-age,128,23900000,41
tail-age,128,24000000,41
tail-age,128,24100000,41
tail-age,128,24200000,41
tail-age,128,24300000,41
tail-age,128,24400000,41
tail-age,128,24500000,41
tail-age,128,24600000,41
tail-age,128,24700000,41
tail-age,128,24800000,41
tail-age,128,24900000,41
tail-age,128,25000000,41
tail-age,128,25100000,41
tail-age,128,25200000,41
tail-age,128,25300000,41
tail-age,128,25400000,41
tail-age,128,25500000,41
tail-age,128,25600000,41
tail-age,128,25700000,41
tail-age,128,25800000,41
tail-age,128,25900000,41
tail-age,128,26000000,41
tail-age,128,26100000,41
tail-age,128,26200000,41
tail-age,128,26300000,41
tail-age,128,26400000,41
tail-age,128,26500000,41
tail-age,128,26600000,41
tail-age,128,26700000,41
tail-age,128,26800000,41
tail-age,128,26900000,41
tail-age,128,27000000,41
tail-age,128,27100000,41
tail-age,128,27200000,41
tail-age,128,27300000,41
tail-age,128,27400000,41
tail-age,128,27500000,41
tail-age,128,27600000,41
tail-age,128,27700000,41
tail-age,128,27800000,41
tail-age,128,27900000,41
tail-age,128,28000000,41
tail-age,128,28100000,41
tail-age,128,28200000,41
tail-age,128,28300000,41
tail-age,128,28400000,41
tail-age,128,28500000,41
tail-age,128,28600000,41
tail-age,128,28700000,41
tail-age,128,28800000,41
tail-age,128,28900000,41
tail-age,128,29000000,41
tail-age,128,29100000,41
tail-age,128,29200000,41
tail-age,128,29300000,41
tail-age,128,29400000,41
tail-age,128,29500000,41
tail-age,128,29600000,41
tail-age,128,29700000,41
tail-age,128,29800000,41
tail-age,128,29900000,41
tail-age,128,30000000,41
tail-age,128,30100000,41
tail-age,128,30200000,41
tail-age,128,30300000,41
tail-age,128,30400000,41
tail-age,128,30500000,41
tail-age,128,30600000,41
tail-age,128,30700000,41
tail-age,128,30800000,41
tail-age,128,30900000,41
tail-age,128,31000000,41
tail-age,128,31100000,41
tail-age,128,31200000,41
tail-age,128,31300000,41
tail-age,128,31400000,41
tail-age,128,31500000,41
tail-age,128,31600000,41
tail-age,128,31700000,41
tail-age,128,31800000,41
tail-age,128,31900000,41
tail-age,128,32000000,41
tail-age,128,32100000,41
tail-age,128,32200000,41
tail-age,128,32300000,41
tail-age,128,32400000,41
tail-age,128,32500000,41
tail-age,128,32600000,41
tail-age,128,32700000,41
tail-age,128,32800000,41
tail-age,128,32900000,41
tail-age,128,33000000,41
tail-age,128,33100000,41
tail-age,128,33200000,41
tail-age,128,33300000,41
tail-age,128,33400000,41
tail-age,128,33500000,41
tail-age,128,33600000,41
tail-age,128,33700000,41
tail-age,128,33800000,41
tail-age,128,33900000,41
tail-age,128,34000000,41
tail-age,128,34100000,41
tail-age,128,34200000,41
tail-age,128,34300000,41
tail-age,128,34400000,41
tail-age,128,34500000,41
tail-age,128,34600000,41
tail-age,128,34700000,41
tail-age,128,34800000,41
tail-age,128,34900000,41
tail-age,128,35000000,41
tail-age,128,35100000,41
tail-age,128,35200000,41
tail-age,128,35300000,41
tail-age,128,35400000,41
tail-age,128,35500000,41
tail-age,128,35600000,41
tail-age,128,35700000,41
tail-age,128,35800000,41
tail-age,128,35900000,41
tail-age,128,36000000,41
tail-age,128,36100000,41
tail-age,128,36200000,41
tail-age,128,36300000,41
tail-age,128,36400000,41
tail-age,128,36500000,41
tail-age,128,36600000,41
tail-age,128,36700000,41
tail-age,128,36800000,41
tail-age,128,36900000,41
tail-age,128,37000000,41
tail-age,128,37100000,41
tail-age,128,37200000,41
tail-age,128,37300000,41
tail-age,128,37400000,41
tail-age,128,37500000,41
tail-age,128,37600000,41
tail-age,128,37700000,41
tail-age,128,37800000,41
tail-age,128,37900000,41
tail-age,128,38000000,41
tail-age,128,38100000,41
tail-age,128,38200000,41
tail-age,128,38300000,41
tail-age,128,38400000,41
tail-age,128,38500000,41
tail-age,128,38600000,41
tail-age,128,38700000,41
tail-age,128,38800000,41
tail-age,128,38900000,41
tail-age,128,39000000,41
tail-age,128,39100000,41
tail-age,128,39200000,41
tail-age,128,39300000,41
tail-age,128,39400000,41
tail-age,128,39500000,41
tail-age,128,39600000,41
tail-age,128,39700000,41
tail-age,128,39800000,41
tail-age,128,39900000,41
tail-age,128,40000000,41
tail-age,128,40100000,41
tail-age,128,40200000,41
tail-age,128,40300000,41
tail-age,128,40400000,41
tail-age,128,40500000,41
tail-age,128,40600000,41
tail-age,128,40700000,41
tail-age,128,40800000,41
tail-age,128,40900000,41
tail-age,128,41000000,41
tail-age,128,41100000,41
tail-age,128,41200000,41
tail-age,128,41300000,41
tail-age,128,41400000,41
tail-age,128,41500000,41
tail-age,128,41600000,41
tail-age,128,41700000,41
tail-age,128,41800000,41
tail-age,128,41900000,41
tail-age,128,42000000,41
tail-age,128,42100000,41
tail-age,128,42200000,41
tail-age,128,42300000,41
tail-age,128,42400000,41
tail-age,128,42500000,41
tail-age,128,42600000,41
tail-age,128,42700000,41
tail-age,128,42800000,41
tail-age,128,42900000,41
tail-age,128,43000000,41
tail-age,128,43100000,41
tail-age,128,43200000,41
tail-age,128,43300000,41
tail-age,128,43400000,41
tail-age,128,43500000,41
tail-age,128,43600000,41
tail-age,128,43700000,41
tail-age,128,43800000,41
tail-age,128,43900000,41
tail-age,128,44000000,41
tail-age,128,44100000,41
tail-age,128,44200000,41
tail-age,128,44300000,41
tail-age,128,44400000,41
tail-age,128,44500000,41
tail-age,128,44600000,41
tail-age,128,44700000,41
tail-age,128,44800000,41
tail-age,128,44900000,41
tail-age,128,45000000,41
tail-age,128,45100000,41
tail-age,128,45200000,41
tail-age,128,45300000,41
tail-age,128,45400000,41
tail-age,128,45500000,41
tail-age,128,45600000,41
tail-age,128,45700000,41
tail-age,128,45800000,41
tail-age,128,45900000,41
tail-age,128,46000000,41
tail-age,128,46100000,41
tail-age,128,46200000,41
tail-age,128,46300000,41
tail-age,128,46400000,41
tail-age,128,46500000,41
tail-age,128,46600000,41
tail-age,128,46700000,41
tail-age,128,46800000,41
tail-age,128,46900000,41
tail-age,128,47000000,41
tail-age,128,47100000,41
tail-age,128,47200000,41
tail-age,128,47300000,41
tail-age,128,47400000,41
tail-age,128,47500000,41
tail-age,128,47600000,41
tail-age,128,47700000,41
tail-age,128,47800000,41
tail-age,128,47900000,41
tail-age,128,48000000,41
tail-age,128,48100000,41
tail-age,128,48200000,41
tail-age,128,48300000,41
tail-age,128,48400000,41
tail-age,128,48500000,41
tail-age,128,48600000,41
tail-age,128,48700000,41
tail-age,128,48800000,41
tail-age,128,48900000,41
tail-age,128,49000000,41
tail-age,128,49100000,41
tail-age,128,49200000,41
tail-age,128,49300000,41
tail-age,128,49400000,41
tail-age,128,49500000,41
tail-age,128,49600000,41
tail-age,128,49700000,41
tail-age,128,49800000,41
tail-age,128,49900000,41
tail-age,128,50000000,41
tail-age,128,50100000,41
tail-age,128,50200000,41
tail-age,128,50300000,41
tail-age,128,50400000,41
tail-age,128,50500000,41
tail-age,128,50600000,41
tail-age,128,50700000,41
tail-age,128,50800000,41
tail-age,128,50900000,41
tail-age,128,51000000,41
tail-age,128,51100000,41
tail-age,128,51200000,41
tail-age,128,51300000,41
tail-age,128,51400000,41
tail-age,128,51500000,41
tail-age,128,51600000,41
tail-age,128,51700000,41
tail-age,128,51800000,41
tail-age,128,51900000,41
tail-age,128,52000000,41
tail-age,128,52100000,41
tail-age,128,52200000,41
tail-age,128,52300000,41
tail-age,128,52400000,41
tail-age,128,52500000,41
tail-age,128,52600000,41
tail-age,128,52700000,41
tail-age,128,52800000,41
tail-age,128,52900000,41
tail-age,128,53000000,41
tail-age,128,53100000,41
tail-age,128,53200000,41
tail-age,128,53300000,41
tail-age,128,53400000,41
tail-age,128,53500000,41
tail-age,128,53600000,41
tail-age,128,53700000,41
tail-age,128,53800000,41
tail-age,128,53900000,41
tail-age,128,54000000,41
tail-age,128,54100000,41
tail-age,128,54200000,41
tail-age,128,54300000,41
tail-age,128,54400000,41
tail-age,128,54500000,41
tail-age,128,54600000,41
tail-age,128,54700000,41
tail-age,128,54800000,41
tail-age,128,54900000,41
tail-age,128,55000000,41
tail-age,128,55100000,41
tail-age,128,55200000,41
tail-age,128,55300000,41
tail-age,128,55400000,41
tail-age,128,55500000,41
tail-age,128,55600000,41
tail-age,128,55700000,41
tail-age,128,55800000,41
tail-age,128,55900000,41
tail-age,128,56000000,41
tail-age,128,56100000,41
tail-age,128,56200000,41
tail-age,128,56300000,41
tail-age,128,56400000,41
tail-age,128,56500000,41
tail-age,128,56600000,41
tail-age,128,56700000,41
tail-age,128,56800000,41
tail-age,128,56900000,41
tail-age,128,57000000,41
tail-age,128,57100000,41
tail-age,128,57200000,41
tail-age,128,57300000,41
tail-age,128,57400000,41
tail-age,128,57500000,41
tail-age,128,57600000,41
tail-age,128,57700000,41
tail-age,128,57800000,41
tail-age,128,57900000,41
tail-age,128,58000000,41
tail-age,128,58100000,41
tail-age,128,58200000,41
tail-age,128,58300000,41
tail-age,128,58400000,41
tail-age,128,58500000,41
tail-age,128,58600000,41
tail-age,128,58700000,41
tail-age,128,58800000,41
tail-age,128,58900000,41
tail-age,128,59000000,41
tail-age,128,59100000,41
tail-age,128,59200000,41
tail-age,128,59300000,41
tail-age,128,59400000,41
tail-age,128,59500000,41
tail-age,128,59600000,41
tail-age,128,59700000,41
tail-age,128,59800000,41
tail-age,128,59900000,41
tail-age,128,60000000,41
tail-age,128,60100000,41
tail-age,128,60200000,41
tail-age,128,60300000,41
tail-age,128,60400000,41
tail-age,128,60500000,41
tail-age,128,60600000,41
tail-age,128,60700000,41
tail-age,128,60800000,41
tail-age,128,60900000,41
tail-age,128,61000000,41
tail-age,128,61100000,41
tail-age,128,61200000,41
tail-age,128,61300000,41
tail-age,128,61400000,41
tail-age,128,61500000,41
tail-age,128,61600000,41
tail-age,128,61700000,41
tail-age,128,61800000,41
tail-age,128,61900000,41
tail-age,128,62000000,41
tail-age,128,62100000,41
tail-age,128,62200000,41
tail-age,128,62300000,41
tail-age,128,62400000,41
tail-age,128,62500000,41
tail-age,128,62600000,41
tail-age,128,62700000,41
tail-age,128,62800000,41
tail-age,128,62900000,41
tail-age,128,63000000,41
tail-age,128,63100000,41
tail-age,128,63200000,41
tail-age,128,63300000,41
tail-age,128,63400000,41
tail-age,128,63500000,41
tail-age,128,63600000,41
tail-age,128,63700000,41
tail-age,128,63800000,41
tail-age,128,63900000,41
tail-age,128,64000000,41
tail-age,128,64100000,41
tail-age,128,64200000,41
tail-age,128,64300000,41
tail-age,128,64400000,41
tail-age,128,64500000,41
tail-age,128,64600000,41
tail-age,128,64700000,41
tail-age,128,64800000,41
tail-age,128,64900000,41
tail-age,128,65000000,41
tail-age,128,65100000,41
tail-age,128,65200000,41
tail-age,128,65300000,41
tail-age,128,65400000,41
tail-age,128,65500000,41
tail-age,128,65600000,41
tail-age,128,65700000,41
tail-age,128,65800000,41
tail-age,128,65900000,41
tail-age,128,66000000,41
tail-age,128,66100000,41
tail-age,128,66200000,41
tail-age,128,66300000,41
tail-age,128,66400000,41
tail-age,128,66500000,41
tail-age,128,66600000,41
tail-age,128,66700000,41
tail-age,128,66800000,41
tail-age,128,66900000,41
tail-age,128,67000000,41
tail-age,128,67100000,41
tail-age,128,67200000,41
tail-age,128,67300000,41
tail-age,128,67400000,41
tail-age,128,67500000,41
tail-age,128,67600000,41
tail-age,128,67700000,41
tail-age,128,67800000,41
tail-age,128,67900000,41
tail-age,128,68000000,41
tail-age,128,68100000,41
tail-age,128,68200000,41
tail-age,128,68300000,41
tail-age,128,68400000,41
tail-age,128,68500000,41
tail-age,128,68600000,41
tail-age,128,68700000,41
tail-age,128,68800000,41
tail-age,128,68900000,41
tail-age,128,69000000,41
tail-age,128,69100000,41
tail-age,128,69200000,41
tail-age,128,69300000,41
tail-age,128,69400000,41
tail-age,128,69500000,41
tail-age,128,69600000,41
tail-age,128,69700000,41
tail-age,128,69800000,41
tail-age,128,69900000,41
tail-age,128,70000000,41
tail-age,128,70100000,41
tail-age,128,70200000,41
tail-age,128,70300000,41
tail-age,128,70400000,41
tail-age,128,70500000,41
tail-age,128,70600000,41
tail-age,128,70700000,41
tail-age,128,70800000,41
tail-age,128,70900000,41
tail-age,128,71000000,41
tail-age,128,71100000,41
tail-age,128,71200000,41
tail-age,128,71300000,41
tail-age,128,71400000,41
tail-age,128,71500000,41
tail-age,128,71600000,41
tail-age,128,71700000,41
tail-age,128,71800000,41
tail-age,128,71900000,41
tail-age,128,72000000,41
tail-age,128,72100000,41
tail-age,128,72200000,41
tail-age,128,72300000,41
tail-age,128,72400000,41
tail-age,128,72500000,41
tail-age,128,72600000,41
tail-age,128,72700000,41
tail-age,128,72800000,41
tail-age,128,72900000,41
tail-age,128,73000000,41
tail-age,128,73100000,41
tail-age,128,73200000,41
tail-age,128,73300000,41
tail-age,128,73400000,41
tail-age,128,73500000,41
tail-age,128,73600000,41
tail-age,128,73700000,41
tail-age,128,73800000,41
tail-age,128,73900000,41
tail-age,128,74000000,41
tail-age,128,74100000,41
tail-age,128,74200000,41
tail-age,128,74300000,41
tail-age,128,74400000,41
tail-age,128,74500000,41
tail-age,128,74600000,41
tail-age,128,74700000,41
tail-age,128,74800000,41
tail-age,128,74900000,41
tail-age,128,75000000,41
tail-age,128,75100000,41
tail-age,128,75200000,41
tail-age,128,75300000,41
tail-age,128,75400000,41
tail-age,128,75500000,41
tail-age,128,75600000,41
tail-age,128,75700000,41
tail-age,128,75800000,41
tail-age,128,75900000,41
tail-age,128,76000000,41
tail-age,128,76100000,41
tail-age,128,76200000,41
tail-age,128,76300000,41
tail-age,128,76400000,41
tail-age,128,76500000,41
tail-age,128,76600000,41
tail-age,128,76700000,41
tail-age,128,76800000,41
tail-age,128,76900000,41
tail-age,128,77000000,41
tail-age,128,77100000,41
tail-age,128,77200000,41
tail-age,128,77300000,41
tail-age,128,77400000,41
tail-age,128,77500000,41
tail-age,128,77600000,41
tail-age,128,77700000,41
tail-age,128,77800000,41
tail-age,128,77900000,41
tail-age,128,78000000,41
tail-age,128,78100000,41
tail-age,128,78200000,41
tail-age,128,78300000,41
tail-age,128,78400000,41
tail-age,128,78500000,41
tail-age,128,78600000,41
tail-age,128,78700000,41
tail-age,128,78800000,41
tail-age,128,78900000,41
tail-age,128,79000000,41
tail-age,128,79100000,41
tail-age,128,79200000,41
tail-age,128,79300000,41
tail-age,128,79400000,41
tail-age,128,79500000,41
tail-age,128,79600000,41
tail-age,128,79700000,41
tail-age,128,79800000,41
tail-age,128,79900000,41
hits,64,100000,20
hits,64,200000,14
hits,64,300000,11
hits,64,400000,13
hits,64,500000,13
hits,64,600000,12
hits,64,700000,12
hits,64,800000,12
hits,64,900000,12
hits,64,1000000,12
hits,64,1100000,12
hits,64,1200000,12
hits,64,1300000,13
hits,64,1400000,13
hits,64,1500000,14
hits,64,1600000,15
hits,64,1700000,16
hits,64,1800000,17
hits,64,1900000,18
hits,64,2000000,19
hits,64,2100000,20
hits,64,2200000,21
hits,64,2300000,22
hits,64,2400000,23
hits,64,2500000,23
hits,64,2600000,23
hits,64,2700000,23
hits,64,2800000,23
hits,64,2900000,23
hits,64,3000000,23
hits,64,3100000,23
hits,64,3200000,23
hits,64,3300000,23
hits,64,3400000,23
hits,64,3500000,23
hits,64,3600000,23
hits,64,3700000,23
hits,64,3800000,23
hits,64,3900000,23
hits,64,4000000,23
hits,64,4100000,23
hits,64,4200000,23
hits,64,4300000,23
hits,64,4400000,23
hits,64,4500000,23
hits,64,4600000,23
hits,64,4700000,23
hits,64,4800000,23
hits,64,4900000,23
hits,64,5000000,23
hits,64,5100000,23
hits,64,5200000,23
hits,64,5300000,23
hits,64,5400000,23
hits,64,5500000,23
hits,64,5600000,23
hits,64,5700000,23
hits,64,5800000,23
hits,64,5900000,23
hits,64,6000000,23
hits,64,6100000,23
hits,64,6200000,23
hits,64,6300000,23
hits,64,6400000,23
hits,64,6500000,23
hits,64,6600000,23
hits,64,6700000,23
hits,64,6800000,23
hits,64,6900000,23
hits,64,7000000,23
hits,64,7100000,23
hits,64,7200000,23
hits,64,7300000,23
hits,64,7400000,23
hits,64,7500000,23
hits,64,7600000,23
hits,64,7700000,23
hits,64,7800000,23
hits,64,7900000,23
hits,64,8000000,23
hits,64,8100000,23
hits,64,8200000,23
hits,64,8300000,23
hits,64,8400000,23
hits,64,8500000,23
hits,64,8600000,23
hits,64,8700000,23
hits,64,8800000,23
hits,64,8900000,23
hits,64,9000000,23
hits,64,9100000,23
hits,64,9200000,23
hits,64,9300000,23
hits,64,9400000,23
hits,64,9500000,23
hits,64,9600000,23
hits,64,9700000,23
hits,64,9800000,23
hits,64,9900000,23
hits,64,10000000,23
hits,64,10100000,23
hits,64,10200000,23
hits,64,10300000,23
hits,64,10400000,23
hits,64,10500000,23
hits,64,10600000,23
hits,64,10700000,23
hits,64,10800000,23
hits,64,10900000,23
hits,64,11000000,23
hits,64,11100000,23
hits,64,11200000,23
hits,64,11300000,23
hits,64,11400000,23
hits,64,11500000,23
hits,64,11600000,23
hits,64,11700000,23
hits,64,11800000,23
hits,64,11900000,23
hits,64,12000000,23
hits,64,12100000,23
hits,64,12200000,23
hits,64,12300000,23
hits,64,12400000,23
hits,64,12500000,23
hits,64,12600000,23
hits,64,12700000,23
hits,64,12800000,23
hits,64,12900000,23
hits,64,13000000,23
hits,64,13100000,23
hits,64,13200000,23
hits,64,13300000,23
hits,64,13400000,23
hits,64,13500000,23
hits,64,13600000,23
hits,64,13700000,23
hits,64,13800000,23
hits,64,13900000,23
hits,64,14000000,23
hits,64,14100000,23
hits,64,14200000,23
hits,64,14300000,23
hits,64,14400000,23
hits,64,14500000,23
hits,64,14600000,23
hits,64,14700000,23
hits,64,14800000,23
hits,64,14900000,23
hits,64,15000000,23
hits,64,15100000,23
hits,64,15200000,23
hits,64,15300000,23
hits,64,15400000,23
hits,64,15500000,23
hits,64,15600000,23
hits,64,15700000,23
hits,64,15800000,23
hits,64,15900000,23
hits,64,16000000,23
hits,64,16100000,23
hits,64,16200000,23
hits,64,16300000,23
hits,64,16400000,23
hits,64,16500000,23
hits,64,16600000,23
hits,64,16700000,23
hits,64,16800000,23
hits,64,16900000,23
hits,64,17000000,23
hits,64,17100000,23
hits,64,17200000,23
hits,64,17300000,23
hits,64,17400000,23
hits,64,17500000,23
hits,64,17600000,23
hits,64,17700000,23
hits,64,17800000,23
hits,64,17900000,23
hits,64,18000000,23
hits,64,18100000,23
hits,64,18200000,23
hits,64,18300000,23
hits,64,18400000,23
hits,64,18500000,23
hits,64,18600000,23
hits,64,18700000,23
hits,64,18800000,23
hits,64,18900000,23
hits,64,19000000,23
hits,64,19100000,23
hits,64,19200000,23
hits,64,19300000,23
hits,64,19400000,23
hits,64,19500000,23
hits,64,19600000,23
hits,64,19700000,23
hits,64,19800000,23
hits,64,19900000,23
hits,64,20000000,23
hits,64,20100000,23
hits,64,20200000,23
hits,64,20300000,23
hits,64,20400000,23
hits,64,20500000,23
hits,64,20600000,23
hits,64,20700000,23
hits,64,20800000,23
hits,64,20900000,23
hits,64,21000000,23
hits,64,21100000,23
hits,64,21200000,23
hits,64,21300000,23
hits,64,21400000,23
hits,64,21500000,23
hits,64,21600000,23
hits,64,21700000,23
hits,64,21800000,23
hits,64,21900000,23
hits,64,22000000,23
hits,64,22100000,23
hits,64,22200000,23
hits,64,22300000,23
hits,64,22400000,23
hits,64,22500000,23
hits,64,22600000,23
hits,64,22700000,23
hits,64,22800000,23
hits,64,22900000,23
hits,64,23000000,23
hits,64,23100000,23
hits,64,23200000,23
hits,64,23300000,23
hits,64,23400000,23
hits,64,23500000,23
hits,64,23600000,23
hits,64,23700000,23
hits,64,23800000,23
hits,64,23900000,23
hits,64,24000000,23
hits,64,24100000,23
hits,64,24200000,23
hits,64,24300000,23
hits,64,24400000,23
hits,64,24500000,23
hits,64,24600000,23
hits,64,24700000,23
hits,64,24800000,23
hits,64,24900000,23
hits,64,25000000,23
hits,64,25100000,23
hits,64,25200000,23
hits,64,25300000,23
hits,64,25400000,23
hits,64,25500000,23
hits,64,25600000,23
hits,64,25700000,23
hits,64,25800000,23
hits,64,25900000,23
hits,64,26000000,23
hits,64,26100000,23
hits,64,26200000,23
hits,64,26300000,23
hits,64,26400000,23
hits,64,26500000,23
hits,64,26600000,23
hits,64,26700000,23
hits,64,26800000,23
hits,64,26900000,23
hits,64,27000000,23
hits,64,27100000,23
hits,64,27200000,23
hits,64,27300000,23
hits,64,27400000,23
hits,64,27500000,23
hits,64,27600000,23
hits,64,27700000,23
hits,64,27800000,23
hits,64,27900000,23
hits,64,28000000,23
hits,64,28100000,23
hits,64,28200000,23
hits,64,28300000,23
hits,64,28400000,23
hits,64,28500000,23
hits,64,28600000,23
hits,64,28700000,23
hits,64,28800000,23
hits,64,28900000,23
hits,64,29000000,23
hits,64,29100000,23
hits,64,29200000,23
hits,64,29300000,23
hits,64,29400000,23
hits,64,29500000,23
hits,64,29600000,23
hits,64,29700000,23
hits,64,29800000,23
hits,64,29900000,23
hits,64,30000000,23
hits,64,30100000,23
hits,64,30200000,23
hits,64,30300000,23
hits,64,30400000,23
hits,64,30500000,23
hits,64,30600000,23
hits,64,30700000,23
hits,64,30800000,23
hits,64,30900000,23
hits,64,31000000,23
hits,64,31100000,23
hits,64,31200000,23
hits,64,31300000,23
hits,64,31400000,23
hits,64,31500000,23
hits,64,31600000,23
hits,64,31700000,23
hits,64,31800000,23
hits,64,31900000,23
hits,64,32000000,23
hits,64,32100000,23
hits,64,32200000,23
hits,64,32300000,23
hits,64,32400000,23
hits,64,32500000,23
hits,64,32600000,23
hits,64,32700000,23
hits,64,32800000,23
hits,64,32900000,23
hits,64,33000000,23
hits,64,33100000,23
hits,64,33200000,23
hits,64,33300000,23
hits,64,33400000,23
hits,64,33500000,23
hits,64,33600000,23
hits,64,33700000,23
hits,64,33800000,23
hits,64,33900000,23
hits,64,34000000,23
hits,64,34100000,23
hits,64,34200000,23
hits,64,34300000,23
hits,64,34400000,23
hits,64,34500000,23
hits,64,34600000,23
hits,64,34700000,23
hits,64,34800000,23
hits,64,34900000,23
hits,64,35000000,23
hits,64,35100000,23
hits,64,35200000,23
hits,64,35300000,23
hits,64,35400000,23
hits,64,35500000,23
hits,64,35600000,23
hits,64,35700000,23
hits,64,35800000,23
hits,64,35900000,23
hits,64,36000000,23
hits,64,36100000,23
hits,64,36200000,23
hits,64,36300000,23
hits,64,36400000,23
hits,64,36500000,23
hits,64,36600000,23
hits,64,36700000,23
hits,64,36800000,23
hits,64,36900000,23
hits,64,37000000,23
hits,64,37100000,23
hits,64,37200000,23
hits,64,37300000,23
hits,64,37400000,23
hits,64,37500000,23
hits,64,37600000,23
hits,64,37700000,23
hits,64,37800000,23
hits,64,37900000,23
hits,64,38000000,23
hits,64,38100000,23
hits,64,38200000,23
hits,64,38300000,23
hits,64,38400000,23
hits,64,38500000,23
hits,64,38600000,23
hits,64,38700000,23
hits,64,38800000,23
hits,64,38900000,23
hits,64,39000000,23
hits,64,39100000,23
hits,64,39200000,23
hits,64,39300000,23
hits,64,39400000,23
hits,64,39500000,23
hits,64,39600000,23
hits,64,39700000,23
hits,64,39800000,23
hits,64,39900000,23
hits,64,40000000,23
hits,64,40100000,23
hits,64,40200000,23
hits,64,40300000,23
hits,64,40400000,23
hits,64,40500000,23
hits,64,40600000,23
hits,64,40700000,23
hits,64,40800000,23
hits,64,40900000,23
hits,64,41000000,23
hits,64,41100000,23
hits,64,41200000,23
hits,64,41300000,23
hits,64,41400000,23
hits,64,41500000,23
hits,64,41600000,23
hits,64,41700000,23
hits,64,41800000,23
hits,64,41900000,23
hits,64,42000000,23
hits,64,42100000,23
hits,64,42200000,23
hits,64,42300000,23
hits,64,42400000,23
hits,64,42500000,23
hits,64,42600000,23
hits,64,42700000,23
hits,64,42800000,23
hits,64,42900000,23
hits,64,43000000,23
hits,64,43100000,23
hits,64,43200000,23
hits,64,43300000,23
hits,64,43400000,23
hits,64,43500000,23
hits,64,43600000,23
hits,64,43700000,23
hits,64,43800000,23
hits,64,43900000,23
hits,64,44000000,23
hits,64,44100000,23
hits,64,44200000,23
hits,64,44300000,23
hits,64,44400000,23
hits,64,44500000,23
hits,64,44600000,23
hits,64,44700000,23
hits,64,44800000,23
hits,64,44900000,23
hits,64,45000000,23
hits,64,45100000,23
hits,64,45200000,23
hits,64,45300000,23
hits,64,45400000,23
hits,64,45500000,23
hits,64,45600000,23
hits,64,45700000,23
hits,64,45800000,23
hits,64,45900000,23
hits,64,46000000,23
hits,64,46100000,23
hits,64,46200000,23
hits,64,46300000,23
hits,64,46400000,23
hits,64,46500000,23
hits,64,46600000,23
hits,64,46700000,23
hits,64,46800000,23
hits,64,46900000,23
hits,64,47000000,23
hits,64,47100000,23
hits,64,47200000,23
hits,64,47300000,23
hits,64,47400000,23
hits,64,47500000,23
hits,64,47600000,23
hits,64,47700000,23
hits,64,47800000,23
hits,64,47900000,23
hits,64,48000000,23
hits,64,48100000,23
hits,64,48200000,23
hits,64,48300000,23
hits,64,48400000,23
hits,64,48500000,23
hits,64,48600000,23
hits,64,48700000,23
hits,64,48800000,23
hits,64,48900000,23
hits,64,49000000,23
hits,64,49100000,23
hits,64,49200000,23
hits,64,49300000,23
hits,64,49400000,23
hits,64,49500000,23
hits,64,49600000,23
hits,64,49700000,23
hits,64,49800000,23
hits,64,49900000,23
hits,64,50000000,23
hits,64,50100000,23
hits,64,50200000,23
hits,64,50300000,23
hits,64,50400000,23
hits,64,50500000,23
hits,64,50600000,23
hits,64,50700000,23
hits,64,50800000,23
hits,64,50900000,23
hits,64,51000000,23
hits,64,51100000,23
hits,64,51200000,23
hits,64,51300000,23
hits,64,51400000,23
hits,64,51500000,23
hits,64,51600000,23
hits,64,51700000,23
hits,64,51800000,23
hits,64,51900000,23
hits,64,52000000,23
hits,64,52100000,23
hits,64,52200000,23
hits,64,52300000,23
hits,64,52400000,23
hits,64,52500000,23
hits,64,52600000,23
hits,64,52700000,23
hits,64,52800000,23
hits,64,52900000,23
hits,64,53000000,23
hits,64,53100000,23
hits,64,53200000,23
hits,64,53300000,23
hits,64,53400000,23
hits,64,53500000,23
hits,64,53600000,23
hits,64,53700000,23
hits,64,53800000,23
hits,64,53900000,23
hits,64,54000000,23
hits,64,54100000,23
hits,64,54200000,23
hits,64,54300000,23
hits,64,54400000,23
hits,64,54500000,23
hits,64,54600000,23
hits,64,54700000,23
hits,64,54800000,23
hits,64,54900000,23
hits,64,55000000,23
hits,64,55100000,23
hits,64,55200000,23
hits,64,55300000,23
hits,64,55400000,23
hits,64,55500000,23
hits,64,55600000,23
hits,64,55700000,23
hits,64,55800000,23
hits,64,55900000,23
hits,64,56000000,23
hits,64,56100000,23
hits,64,56200000,23
hits,64,56300000,23
hits,64,56400000,23
hits,64,56500000,23
hits,64,56600000,23
hits,64,56700000,23
hits,64,56800000,23
hits,64,56900000,23
hits,64,57000000,23
hits,64,57100000,23
hits,64,57200000,23
hits,64,57300000,23
hits,64,57400000,23
hits,64,57500000,23
hits,64,57600000,23
hits,64,57700000,23
hits,64,57800000,23
hits,64,57900000,23
hits,64,58000000,23
hits,64,58100000,23
hits,64,58200000,23
hits,64,58300000,23
hits,64,58400000,23
hits,64,58500000,23
hits,64,58600000,23
hits,64,58700000,23
hits,64,58800000,23
hits,64,58900000,23
hits,64,59000000,23
hits,64,59100000,23
hits,64,59200000,23
hits,64,59300000,23
hits,64,59400000,23
hits,64,59500000,23
hits,64,59600000,23
hits,64,59700000,23
hits,64,59800000,23
hits,64,59900000,23
hits,64,60000000,23
hits,64,60100000,23
hits,64,60200000,23
hits,64,60300000,23
hits,64,60400000,23
hits,64,60500000,23
hits,64,60600000,23
hits,64,60700000,23
hits,64,60800000,23
hits,64,60900000,23
hits,64,61000000,23
hits,64,61100000,23
hits,64,61200000,23
hits,64,61300000,23
hits,64,61400000,23
hits,64,61500000,23
hits,64,61600000,23
hits,64,61700000,23
hits,64,61800000,23
hits,64,61900000,23
hits,64,62000000,23
hits,64,62100000,23
hits,64,62200000,23
hits,64,62300000,23
hits,64,62400000,23
hits,64,62500000,23
hits,64,62600000,23
hits,64,62700000,23
hits,64,62800000,23
hits,64,62900000,23
hits,64,63000000,23
hits,64,63100000,23
hits,64,63200000,23
hits,64,63300000,23
hits,64,63400000,23
hits,64,63500000,23
hits,64,63600000,23
hits,64,63700000,23
hits,64,63800000,23
hits,64,63900000,23
hits,64,64000000,23
hits,64,64100000,23
hits,64,64200000,23
hits,64,64300000,23
hits,64,64400000,23
hits,64,64500000,23
hits,64,64600000,23
hits,64,64700000,23
hits,64,64800000,23
hits,64,64900000,23
hits,64,65000000,23
hits,64,65100000,23
hits,64,65200000,23
hits,64,65300000,23
hits,64,65400000,23
hits,64,65500000,23
hits,64,65600000,23
hits,64,65700000,23
hits,64,65800000,23
hits,64,65900000,23
hits,64,66000000,23
hits,64,66100000,23
hits,64,66200000,23
hits,64,66300000,23
hits,64,66400000,23
hits,64,66500000,23
hits,64,66600000,23
hits,64,66700000,23
hits,64,66800000,23
hits,64,66900000,23
hits,64,67000000,23
hits,64,67100000,23
hits,64,67200000,23
hits,64,67300000,23
hits,64,67400000,23
hits,64,67500000,23
hits,64,67600000,23
hits,64,67700000,23
hits,64,67800000,23
hits,64,67900000,23
hits,64,68000000,23
hits,64,68100000,23
hits,64,68200000,23
hits,64,68300000,23
hits,64,68400000,23
hits,64,68500000,23
hits,64,68600000,23
hits,64,68700000,23
hits,64,68800000,23
hits,64,68900000,23
hits,64,69000000,23
hits,64,69100000,23
hits,64,69200000,23
hits,64,69300000,23
hits,64,69400000,23
hits,64,69500000,23
hits,64,69600000,23
hits,64,69700000,23
hits,64,69800000,23
hits,64,69900000,23
hits,64,70000000,23
hits,64,70100000,23
hits,64,70200000,23
hits,64,70300000,23
hits,64,70400000,23
hits,64,70500000,23
hits,64,70600000,23
hits,64,70700000,23
hits,64,70800000,23
hits,64,70900000,23
hits,64,71000000,23
hits,64,71100000,23
hits,64,71200000,23
hits,64,71300000,23
hits,64,71400000,23
hits,64,71500000,23
hits,64,71600000,23
hits,64,71700000,23
hits,64,71800000,23
hits,64,71900000,23
hits,64,72000000,23
hits,64,72100000,23
hits,64,72200000,23
hits,64,72300000,23
hits,64,72400000,23
hits,64,72500000,23
hits,64,72600000,23
hits,64,72700000,23
hits,64,72800000,23
hits,64,72900000,23
hits,64,73000000,23
hits,64,73100000,23
hits,64,73200000,23
hits,64,73300000,23
hits,64,73400000,23
hits,64,73500000,23
hits,64,73600000,23
hits,64,73700000,23
hits,64,73800000,23
hits,64,73900000,23
hits,64,74000000,23
hits,64,74100000,23
hits,64,74200000,23
hits,64,74300000,23
hits,64,74400000,23
hits,64,74500000,23
hits,64,74600000,23
hits,64,74700000,23
hits,64,74800000,23
hits,64,74900000,23
hits,64,75000000,23
hits,64,75100000,23
hits,64,75200000,23
hits,64,75300000,23
hits,64,75400000,23
hits,64,75500000,23
hits,64,75600000,23
hits,64,75700000,23
hits,64,75800000,23
hits,64,75900000,23
hits,64,76000000,23
hits,64,76100000,23
hits,64,76200000,23
hits,64,76300000,23
hits,64,76400000,23
hits,64,76500000,23
hits,64,76600000,23
hits,64,76700000,23
hits,64,76800000,23
hits,64,76900000,23
hits,64,77000000,23
hits,64,77100000,23
hits,64,77200000,23
hits,64,77300000,23
hits,64,77400000,23
hits,64,77500000,23
hits,64,77600000,23
hits,64,77700000,23
hits,64,77800000,23
hits,64,77900000,23
hits,64,78000000,23
hits,64,78100000,23
hits,64,78200000,23
hits,64,78300000,23
hits,64,78400000,23
hits,64,78500000,23
hits,64,78600000,23
hits,64,78700000,23
hits,64,78800000,23
hits,64,78900000,23
hits,64,79000000,23
hits,64,79100000,23
hits,64,79200000,23
hits,64,79300000,23
hits,64,79400000,23
hits,64,79500000,23
hits,64,79600000,23
hits,64,79700000,23
hits,64,79800000,23
hits,64,79900000,23
