rebalance_strategy,slab_count,rebalance_interval,request_id,miss_ratio
disabled,256,5000,51300000,0.26994
disabled,256,5000,46200000,0.2691
disabled,256,5000,40500000,0.26887
disabled,256,5000,33300000,0.26949
disabled,256,5000,31400000,0.26776
disabled,256,5000,3800000,0.26718
disabled,256,5000,37000000,0.26918
disabled,256,5000,0,0.0
disabled,256,5000,400000,0.57264
disabled,256,5000,3500000,0.26974
disabled,256,5000,4900000,0.26581
disabled,256,5000,54600000,0.26941
disabled,256,5000,73100000,0.26744
disabled,256,5000,75300000,0.26835
disabled,256,5000,36600000,0.26818
disabled,256,5000,30400000,0.26852
disabled,256,5000,30200000,0.26921
disabled,256,5000,29000000,0.2695
disabled,256,5000,24700000,0.26989
disabled,256,5000,54500000,0.26709
disabled,256,5000,43800000,0.26831
disabled,256,5000,33900000,0.26898
disabled,256,5000,71000000,0.26854
disabled,256,5000,79400000,0.26915
disabled,256,5000,36900000,0.26672
disabled,256,5000,26400000,0.27011
disabled,256,5000,11500000,0.26922
disabled,256,5000,9500000,0.26837
disabled,256,5000,22900000,0.26752
disabled,256,5000,23800000,0.26813
disabled,256,5000,62300000,0.26916
disabled,256,5000,65000000,0.26872
disabled,256,5000,49600000,0.27002
disabled,256,5000,42700000,0.26637
disabled,256,5000,28600000,0.26745
disabled,256,5000,9200000,0.27024
disabled,256,5000,1000000,0.45002
disabled,256,5000,65500000,0.26886
disabled,256,5000,43300000,0.26633
disabled,256,5000,40400000,0.26756
disabled,256,5000,32300000,0.26635
disabled,256,5000,7800000,0.26948
disabled,256,5000,23000000,0.26638
disabled,256,5000,55600000,0.26834
disabled,256,5000,60200000,0.26877
disabled,256,5000,1100000,0.43577
disabled,256,5000,5400000,0.2683
disabled,256,5000,22300000,0.26923
disabled,256,5000,55800000,0.26792
disabled,256,5000,77900000,0.26568
disabled,256,5000,49900000,0.26995
disabled,256,5000,43600000,0.27015
disabled,256,5000,2300000,0.30849
disabled,256,5000,54700000,0.26695
disabled,256,5000,56700000,0.26886
disabled,256,5000,72500000,0.26893
disabled,256,5000,74000000,0.26769
disabled,256,5000,53100000,0.26802
disabled,256,5000,41700000,0.26987
disabled,256,5000,34200000,0.26751
disabled,256,5000,27000000,0.26706
disabled,256,5000,12500000,0.26796
disabled,256,5000,8700000,0.26692
disabled,256,5000,60100000,0.26693
disabled,256,5000,69200000,0.26795
disabled,256,5000,73500000,0.26902
disabled,256,5000,46800000,0.26685
disabled,256,5000,31900000,0.26866
disabled,256,5000,28200000,0.26695
disabled,256,5000,1800000,0.35501
disabled,256,5000,69800000,0.26748
disabled,256,5000,72300000,0.26847
disabled,256,5000,79100000,0.26713
disabled,256,5000,79600000,0.2691
disabled,256,5000,48300000,0.26947
disabled,256,5000,39400000,0.27013
disabled,256,5000,7600000,0.26868
disabled,256,5000,2200000,0.3158
disabled,256,5000,300000,0.60595
disabled,256,5000,14800000,0.26837
disabled,256,5000,16700000,0.26759
disabled,256,5000,22100000,0.26746
disabled,256,5000,79800000,0.26639
disabled,256,5000,47900000,0.26781
disabled,256,5000,47700000,0.2666
disabled,256,5000,40900000,0.26719
disabled,256,5000,20100000,0.26834
disabled,256,5000,20300000,0.26879
disabled,256,5000,57500000,0.26718
disabled,256,5000,63000000,0.2654
disabled,256,5000,71500000,0.26848
disabled,256,5000,8100000,0.26804
disabled,256,5000,2900000,0.26872
disabled,256,5000,14000000,0.26814
disabled,256,5000,22200000,0.26862
disabled,256,5000,55300000,0.26671
disabled,256,5000,57400000,0.26787
disabled,256,5000,67200000,0.27042
disabled,256,5000,70200000,0.26824
disabled,256,5000,72100000,0.26753
disabled,256,5000,78400000,0.26752
disabled,256,5000,26800000,0.26916
disabled,256,5000,65800000,0.26903
disabled,256,5000,67100000,0.26759
disabled,256,5000,37200000,0.268
disabled,256,5000,10900000,0.26686
disabled,256,5000,16300000,0.26805
disabled,256,5000,22400000,0.27049
disabled,256,5000,71800000,0.26982
disabled,256,5000,72400000,0.2671
disabled,256,5000,50800000,0.26777
disabled,256,5000,38500000,0.26972
disabled,256,5000,29600000,0.26853
disabled,256,5000,28500000,0.26777
disabled,256,5000,26700000,0.2669
disabled,256,5000,75800000,0.26856
disabled,256,5000,23900000,0.26776
disabled,256,5000,59200000,0.26926
disabled,256,5000,47500000,0.26696
disabled,256,5000,42600000,0.26682
disabled,256,5000,35300000,0.26585
disabled,256,5000,30700000,0.26878
disabled,256,5000,72900000,0.27003
disabled,256,5000,73800000,0.2677
disabled,256,5000,52100000,0.26871
disabled,256,5000,38300000,0.26691
disabled,256,5000,42800000,0.2691
disabled,256,5000,12300000,0.26797
disabled,256,5000,6300000,0.26763
disabled,256,5000,64300000,0.26845
disabled,256,5000,75400000,0.26876
disabled,256,5000,75700000,0.26804
disabled,256,5000,45200000,0.26752
disabled,256,5000,41900000,0.26961
disabled,256,5000,37700000,0.26742
disabled,256,5000,30300000,0.26771
disabled,256,5000,54200000,0.26665
disabled,256,5000,55100000,0.26824
disabled,256,5000,57900000,0.26768
disabled,256,5000,59400000,0.26596
disabled,256,5000,70400000,0.26795
disabled,256,5000,47000000,0.26897
disabled,256,5000,43100000,0.26952
disabled,256,5000,35800000,0.2704
disabled,256,5000,2000000,0.33305
disabled,256,5000,1700000,0.36041
disabled,256,5000,1200000,0.41948
disabled,256,5000,5600000,0.26724
disabled,256,5000,15500000,0.26837
disabled,256,5000,20000000,0.26952
disabled,256,5000,78100000,0.26873
disabled,256,5000,12400000,0.26643
disabled,256,5000,8900000,0.26894
disabled,256,5000,24200000,0.26949
disabled,256,5000,54300000,0.26745
disabled,256,5000,58700000,0.26856
disabled,256,5000,60000000,0.26899
disabled,256,5000,64500000,0.26891
disabled,256,5000,48900000,0.26844
disabled,256,5000,42200000,0.26719
disabled,256,5000,11800000,0.26839
disabled,256,5000,17300000,0.26921
disabled,256,5000,20900000,0.26846
disabled,256,5000,57600000,0.26879
disabled,256,5000,63500000,0.2692
disabled,256,5000,66900000,0.26919
disabled,256,5000,77100000,0.26729
disabled,256,5000,31300000,0.26832
disabled,256,5000,44900000,0.26793
disabled,256,5000,41800000,0.26838
disabled,256,5000,39100000,0.26713
disabled,256,5000,11300000,0.2685
disabled,256,5000,10200000,0.26639
disabled,256,5000,1400000,0.39672
disabled,256,5000,23300000,0.26954
disabled,256,5000,46400000,0.26729
disabled,256,5000,31700000,0.26477
disabled,256,5000,31000000,0.26712
disabled,256,5000,73700000,0.2684
disabled,256,5000,61100000,0.27035
disabled,256,5000,11100000,0.26985
disabled,256,5000,19400000,0.26877
disabled,256,5000,57000000,0.26724
disabled,256,5000,70700000,0.26884
disabled,256,5000,48100000,0.27004
disabled,256,5000,69700000,0.26874
disabled,256,5000,36100000,0.26949
disabled,256,5000,32400000,0.26857
disabled,256,5000,18700000,0.26824
disabled,256,5000,64200000,0.26843
disabled,256,5000,64400000,0.26627
disabled,256,5000,73000000,0.26948
disabled,256,5000,79000000,0.2699
disabled,256,5000,40700000,0.26768
disabled,256,5000,6700000,0.26615
disabled,256,5000,4200000,0.26805
disabled,256,5000,16900000,0.26685
disabled,256,5000,50400000,0.26841
disabled,256,5000,41600000,0.26693
disabled,256,5000,38900000,0.26646
disabled,256,5000,37800000,0.2688
disabled,256,5000,29200000,0.26721
disabled,256,5000,29100000,0.26926
disabled,256,5000,10300000,0.26682
disabled,256,5000,5700000,0.269
disabled,256,5000,54100000,0.26766
disabled,256,5000,45100000,0.2661
disabled,256,5000,43900000,0.26767
disabled,256,5000,33100000,0.26921
disabled,256,5000,63100000,0.26905
disabled,256,5000,53900000,0.2674
disabled,256,5000,50700000,0.26798
disabled,256,5000,900000,0.46561
disabled,256,5000,18900000,0.26686
disabled,256,5000,21200000,0.26718
disabled,256,5000,21300000,0.27075
disabled,256,5000,57100000,0.26877
disabled,256,5000,55900000,0.26696
disabled,256,5000,56900000,0.26765
disabled,256,5000,70100000,0.26705
disabled,256,5000,79900000,0.26502
disabled,256,5000,37300000,0.26804
disabled,256,5000,53800000,0.26653
disabled,256,5000,51200000,0.26973
disabled,256,5000,45700000,0.2689
disabled,256,5000,27800000,0.26696
disabled,256,5000,26000000,0.26651
disabled,256,5000,19100000,0.27067
disabled,256,5000,21800000,0.26902
disabled,256,5000,61700000,0.26751
disabled,256,5000,51500000,0.26704
disabled,256,5000,38000000,0.26657
disabled,256,5000,29800000,0.2681
disabled,256,5000,4000000,0.27104
disabled,256,5000,4300000,0.26888
disabled,256,5000,20200000,0.26841
disabled,256,5000,22700000,0.26734
disabled,256,5000,65400000,0.26932
disabled,256,5000,10700000,0.26869
disabled,256,5000,2700000,0.28268
disabled,256,5000,15100000,0.26988
disabled,256,5000,15400000,0.26834
disabled,256,5000,19000000,0.26748
disabled,256,5000,73200000,0.26648
disabled,256,5000,76700000,0.26922
disabled,256,5000,78700000,0.26827
disabled,256,5000,79700000,0.26918
disabled,256,5000,31600000,0.26763
disabled,256,5000,49100000,0.26768
disabled,256,5000,42100000,0.26729
disabled,256,5000,47300000,0.26945
disabled,256,5000,27200000,0.26702
disabled,256,5000,11900000,0.26917
disabled,256,5000,25600000,0.27003
disabled,256,5000,32600000,0.26784
disabled,256,5000,6400000,0.26634
disabled,256,5000,23400000,0.26776
disabled,256,5000,59000000,0.26625
disabled,256,5000,62100000,0.26731
disabled,256,5000,68900000,0.26937
disabled,256,5000,13900000,0.26673
disabled,256,5000,17800000,0.2679
disabled,256,5000,52900000,0.26791
disabled,256,5000,43500000,0.26741
disabled,256,5000,3000000,0.2693
disabled,256,5000,19200000,0.26894
disabled,256,5000,45500000,0.26766
disabled,256,5000,4800000,0.26902
disabled,256,5000,19600000,0.26903
disabled,256,5000,72000000,0.26735
disabled,256,5000,75200000,0.26718
disabled,256,5000,48400000,0.26809
disabled,256,5000,44500000,0.26914
disabled,256,5000,34500000,0.26614
disabled,256,5000,65100000,0.26662
disabled,256,5000,73300000,0.26691
disabled,256,5000,79500000,0.26933
disabled,256,5000,61200000,0.26623
disabled,256,5000,50000000,0.2673
disabled,256,5000,36300000,0.26725
disabled,256,5000,7900000,0.2688
disabled,256,5000,5100000,0.26635
disabled,256,5000,74200000,0.26937
disabled,256,5000,49300000,0.26527
disabled,256,5000,46900000,0.26888
disabled,256,5000,6500000,0.26924
disabled,256,5000,2600000,0.28756
disabled,256,5000,64600000,0.26705
disabled,256,5000,53500000,0.26854
disabled,256,5000,52800000,0.26722
disabled,256,5000,52400000,0.26834
disabled,256,5000,51900000,0.26837
disabled,256,5000,41500000,0.2706
disabled,256,5000,38200000,0.26956
disabled,256,5000,31800000,0.26643
disabled,256,5000,29300000,0.26798
disabled,256,5000,26900000,0.2663
disabled,256,5000,69600000,0.2682
disabled,256,5000,62800000,0.26846
disabled,256,5000,51400000,0.26782
disabled,256,5000,7000000,0.26786
disabled,256,5000,3600000,0.26827
disabled,256,5000,14200000,0.26672
disabled,256,5000,55000000,0.26779
disabled,256,5000,74500000,0.26881
disabled,256,5000,50600000,0.26696
disabled,256,5000,30100000,0.26906
disabled,256,5000,56300000,0.26948
disabled,256,5000,37900000,0.26725
disabled,256,5000,12000000,0.26902
disabled,256,5000,6900000,0.26857
disabled,256,5000,58100000,0.26892
disabled,256,5000,58600000,0.26795
disabled,256,5000,60300000,0.26964
disabled,256,5000,43200000,0.26871
disabled,256,5000,10000000,0.26646
disabled,256,5000,3900000,0.26835
disabled,256,5000,25200000,0.26728
disabled,256,5000,56600000,0.26761
disabled,256,5000,59700000,0.2714
disabled,256,5000,39600000,0.26786
disabled,256,5000,5200000,0.26933
disabled,256,5000,59100000,0.26745
disabled,256,5000,59300000,0.27131
disabled,256,5000,66200000,0.26876
disabled,256,5000,68400000,0.26992
disabled,256,5000,71700000,0.27005
disabled,256,5000,72700000,0.26828
disabled,256,5000,74100000,0.26758
disabled,256,5000,62700000,0.27101
disabled,256,5000,17900000,0.26749
disabled,256,5000,35100000,0.26989
disabled,256,5000,43000000,0.26788
disabled,256,5000,22500000,0.268
disabled,256,5000,60500000,0.27046
disabled,256,5000,70900000,0.26922
disabled,256,5000,76400000,0.26889
disabled,256,5000,36200000,0.26799
disabled,256,5000,32500000,0.268
disabled,256,5000,26200000,0.26899
disabled,256,5000,61300000,0.26969
disabled,256,5000,76300000,0.26869
disabled,256,5000,46700000,0.26873
disabled,256,5000,36800000,0.26608
disabled,256,5000,33400000,0.26793
disabled,256,5000,13400000,0.26964
disabled,256,5000,17600000,0.26599
disabled,256,5000,69400000,0.2671
disabled,256,5000,47100000,0.26869
disabled,256,5000,42000000,0.26964
disabled,256,5000,37400000,0.27109
disabled,256,5000,28700000,0.26782
disabled,256,5000,12100000,0.26932
disabled,256,5000,9900000,0.26892
disabled,256,5000,13300000,0.2682
disabled,256,5000,21700000,0.26539
disabled,256,5000,78200000,0.26608
disabled,256,5000,53200000,0.26714
disabled,256,5000,52600000,0.26626
disabled,256,5000,32100000,0.26805
disabled,256,5000,31500000,0.26785
disabled,256,5000,14700000,0.26809
disabled,256,5000,15900000,0.2671
disabled,256,5000,66500000,0.26865
disabled,256,5000,37600000,0.26586
disabled,256,5000,61400000,0.26497
disabled,256,5000,61900000,0.26895
disabled,256,5000,65900000,0.26733
disabled,256,5000,3100000,0.26751
disabled,256,5000,17000000,0.2674
disabled,256,5000,18000000,0.26862
disabled,256,5000,58900000,0.27049
disabled,256,5000,70500000,0.26987
disabled,256,5000,70800000,0.26706
disabled,256,5000,16000000,0.26888
disabled,256,5000,13700000,0.2681
disabled,256,5000,44700000,0.26702
disabled,256,5000,39500000,0.26526
disabled,256,5000,40000000,0.26888
disabled,256,5000,38800000,0.26795
disabled,256,5000,35500000,0.27014
disabled,256,5000,27300000,0.26845
disabled,256,5000,3700000,0.26737
disabled,256,5000,12800000,0.26937
disabled,256,5000,14600000,0.26768
disabled,256,5000,74400000,0.27027
disabled,256,5000,72200000,0.26704
disabled,256,5000,46600000,0.26658
disabled,256,5000,46500000,0.26541
disabled,256,5000,36700000,0.26664
disabled,256,5000,32000000,0.26865
disabled,256,5000,63200000,0.26753
disabled,256,5000,68800000,0.26678
disabled,256,5000,9400000,0.26824
disabled,256,5000,1900000,0.34461
disabled,256,5000,800000,0.48278
disabled,256,5000,4400000,0.26899
disabled,256,5000,16400000,0.26516
disabled,256,5000,68300000,0.26484
disabled,256,5000,73600000,0.26795
disabled,256,5000,75000000,0.26816
disabled,256,5000,76500000,0.26819
disabled,256,5000,34000000,0.26934
disabled,256,5000,49200000,0.27048
disabled,256,5000,31200000,0.26846
disabled,256,5000,25000000,0.26805
disabled,256,5000,25100000,0.26681
disabled,256,5000,28400000,0.26711
disabled,256,5000,2800000,0.27633
disabled,256,5000,700000,0.50235
disabled,256,5000,13800000,0.26865
disabled,256,5000,22600000,0.26711
disabled,256,5000,23500000,0.26717
disabled,256,5000,42300000,0.26799
disabled,256,5000,40200000,0.2688
disabled,256,5000,500000,0.54456
disabled,256,5000,17500000,0.26872
disabled,256,5000,23100000,0.2682
disabled,256,5000,55700000,0.26912
disabled,256,5000,65200000,0.26955
disabled,256,5000,77600000,0.26998
disabled,256,5000,12200000,0.26978
disabled,256,5000,41100000,0.26698
disabled,256,5000,44200000,0.26823
disabled,256,5000,33200000,0.26846
disabled,256,5000,30500000,0.26716
disabled,256,5000,2100000,0.32603
disabled,256,5000,56800000,0.26843
disabled,256,5000,59600000,0.26528
disabled,256,5000,67700000,0.27013
disabled,256,5000,73400000,0.26874
disabled,256,5000,41400000,0.2671
disabled,256,5000,39800000,0.26773
disabled,256,5000,34800000,0.2687
disabled,256,5000,25900000,0.26759
disabled,256,5000,18100000,0.26927
disabled,256,5000,64700000,0.26734
disabled,256,5000,48200000,0.26911
disabled,256,5000,12900000,0.26921
disabled,256,5000,30800000,0.2697
disabled,256,5000,8500000,0.26808
disabled,256,5000,8000000,0.26771
disabled,256,5000,50300000,0.26841
disabled,256,5000,45900000,0.26753
disabled,256,5000,17700000,0.26711
disabled,256,5000,24100000,0.27029
disabled,256,5000,66700000,0.26957
disabled,256,5000,35700000,0.269
disabled,256,5000,6600000,0.26618
disabled,256,5000,16600000,0.26844
disabled,256,5000,34600000,0.26887
disabled,256,5000,28800000,0.26835
disabled,256,5000,20500000,0.2692
disabled,256,5000,20800000,0.26972
disabled,256,5000,24000000,0.26891
disabled,256,5000,56000000,0.26723
disabled,256,5000,66600000,0.26713
disabled,256,5000,72600000,0.26984
disabled,256,5000,40300000,0.26658
disabled,256,5000,7700000,0.26939
disabled,256,5000,7500000,0.26729
disabled,256,5000,21600000,0.26777
disabled,256,5000,74700000,0.26727
disabled,256,5000,28000000,0.2712
disabled,256,5000,8600000,0.26949
disabled,256,5000,24500000,0.26735
disabled,256,5000,77500000,0.27053
disabled,256,5000,50900000,0.26914
disabled,256,5000,45300000,0.26763
disabled,256,5000,56500000,0.26719
disabled,256,5000,58500000,0.2675
disabled,256,5000,75500000,0.26867
disabled,256,5000,78500000,0.26744
disabled,256,5000,23700000,0.26803
disabled,256,5000,24400000,0.26707
disabled,256,5000,54000000,0.26739
disabled,256,5000,40100000,0.26912
disabled,256,5000,7200000,0.26901
disabled,256,5000,16200000,0.26901
disabled,256,5000,63300000,0.26625
disabled,256,5000,75600000,0.26675
disabled,256,5000,47600000,0.26891
disabled,256,5000,26600000,0.26675
disabled,256,5000,7300000,0.26768
disabled,256,5000,15300000,0.26769
disabled,256,5000,21400000,0.26941
disabled,256,5000,57800000,0.26828
disabled,256,5000,33500000,0.26982
disabled,256,5000,56400000,0.27006
disabled,256,5000,66000000,0.26928
disabled,256,5000,71300000,0.26654
disabled,256,5000,13200000,0.26745
disabled,256,5000,30900000,0.26906
disabled,256,5000,10500000,0.26895
disabled,256,5000,7400000,0.2691
disabled,256,5000,22000000,0.26865
disabled,256,5000,55200000,0.26959
disabled,256,5000,50200000,0.26766
disabled,256,5000,42500000,0.26802
disabled,256,5000,600000,0.52124
disabled,256,5000,3300000,0.26796
disabled,256,5000,4600000,0.26753
disabled,256,5000,21000000,0.26735
disabled,256,5000,54400000,0.26629
disabled,256,5000,58200000,0.26691
disabled,256,5000,49500000,0.26646
disabled,256,5000,10100000,0.2679
disabled,256,5000,9800000,0.26839
disabled,256,5000,9700000,0.26753
disabled,256,5000,16800000,0.26971
disabled,256,5000,19500000,0.26814
disabled,256,5000,64800000,0.26822
disabled,256,5000,77800000,0.2678
disabled,256,5000,78800000,0.26871
disabled,256,5000,53300000,0.26695
disabled,256,5000,47400000,0.26787
disabled,256,5000,9600000,0.26938
disabled,256,5000,4700000,0.26765
disabled,256,5000,17200000,0.26734
disabled,256,5000,20400000,0.26631
disabled,256,5000,25400000,0.26958
disabled,256,5000,71400000,0.26649
disabled,256,5000,70600000,0.26894
disabled,256,5000,51600000,0.26748
disabled,256,5000,36400000,0.26727
disabled,256,5000,9000000,0.26839
disabled,256,5000,6200000,0.26893
disabled,256,5000,22800000,0.26788
disabled,256,5000,55400000,0.26983
disabled,256,5000,51000000,0.26903
disabled,256,5000,37500000,0.26676
disabled,256,5000,29900000,0.26699
disabled,256,5000,32900000,0.26693
disabled,256,5000,11400000,0.26705
disabled,256,5000,10800000,0.26623
disabled,256,5000,23200000,0.26782
disabled,256,5000,61600000,0.26911
disabled,256,5000,76000000,0.26858
disabled,256,5000,76800000,0.26906
disabled,256,5000,77700000,0.26686
disabled,256,5000,17100000,0.27163
disabled,256,5000,16100000,0.26931
disabled,256,5000,51800000,0.26648
disabled,256,5000,45600000,0.27019
disabled,256,5000,32700000,0.27038
disabled,256,5000,31100000,0.26761
disabled,256,5000,11700000,0.26664
disabled,256,5000,25300000,0.26728
disabled,256,5000,38700000,0.26762
disabled,256,5000,13100000,0.26779
disabled,256,5000,65700000,0.26908
disabled,256,5000,39900000,0.26783
disabled,256,5000,34100000,0.2688
disabled,256,5000,32200000,0.26795
disabled,256,5000,29700000,0.26695
disabled,256,5000,62000000,0.267
disabled,256,5000,78000000,0.26759
disabled,256,5000,44400000,0.26851
disabled,256,5000,27900000,0.26642
disabled,256,5000,5500000,0.26749
disabled,256,5000,13000000,0.26703
disabled,256,5000,21900000,0.26993
disabled,256,5000,64000000,0.26855
disabled,256,5000,69300000,0.26658
disabled,256,5000,75100000,0.26809
disabled,256,5000,49000000,0.26751
disabled,256,5000,52300000,0.26664
disabled,256,5000,34700000,0.26901
disabled,256,5000,26300000,0.26681
disabled,256,5000,8800000,0.26748
disabled,256,5000,3400000,0.26828
disabled,256,5000,19900000,0.26883
disabled,256,5000,25500000,0.26619
disabled,256,5000,77200000,0.2685
disabled,256,5000,44000000,0.26942
disabled,256,5000,62400000,0.26819
disabled,256,5000,67800000,0.26736
disabled,256,5000,72800000,0.26652
disabled,256,5000,76900000,0.26959
disabled,256,5000,43700000,0.26868
disabled,256,5000,38400000,0.26906
disabled,256,5000,6800000,0.26909
disabled,256,5000,54800000,0.26794
disabled,256,5000,65600000,0.26845
disabled,256,5000,67400000,0.26473
disabled,256,5000,68100000,0.26576
disabled,256,5000,77400000,0.26645
disabled,256,5000,69500000,0.2671
disabled,256,5000,42400000,0.26628
disabled,256,5000,41200000,0.26953
disabled,256,5000,39700000,0.26852
disabled,256,5000,11600000,0.2674
disabled,256,5000,7100000,0.26772
disabled,256,5000,69900000,0.27045
disabled,256,5000,52500000,0.26732
disabled,256,5000,51100000,0.26798
disabled,256,5000,8400000,0.26701
disabled,256,5000,56100000,0.26891
disabled,256,5000,63900000,0.26858
disabled,256,5000,40600000,0.26606
disabled,256,5000,14900000,0.26752
disabled,256,5000,77000000,0.26727
disabled,256,5000,61500000,0.27022
disabled,256,5000,52200000,0.26677
disabled,256,5000,2500000,0.29508
disabled,256,5000,18500000,0.26829
disabled,256,5000,68700000,0.26874
disabled,256,5000,75900000,0.26848
disabled,256,5000,43400000,0.26658
disabled,256,5000,37100000,0.26661
disabled,256,5000,36000000,0.26855
disabled,256,5000,34400000,0.26881
disabled,256,5000,62600000,0.27016
disabled,256,5000,51700000,0.26969
disabled,256,5000,39000000,0.2685
disabled,256,5000,33700000,0.2681
disabled,256,5000,29500000,0.27014
disabled,256,5000,8200000,0.26935
disabled,256,5000,100000,0.73732
disabled,256,5000,24600000,0.26783
disabled,256,5000,59900000,0.26964
disabled,256,5000,65300000,0.26891
disabled,256,5000,48600000,0.26752
disabled,256,5000,48500000,0.26813
disabled,256,5000,5300000,0.26683
disabled,256,5000,63400000,0.2676
disabled,256,5000,66400000,0.27062
disabled,256,5000,35600000,0.26945
disabled,256,5000,32800000,0.26743
disabled,256,5000,27400000,0.26666
disabled,256,5000,1300000,0.4075
disabled,256,5000,24900000,0.26789
disabled,256,5000,58300000,0.26838
disabled,256,5000,66100000,0.26746
disabled,256,5000,70000000,0.26906
disabled,256,5000,71600000,0.26904
disabled,256,5000,77300000,0.269
disabled,256,5000,60900000,0.26927
disabled,256,5000,35200000,0.26969
disabled,256,5000,28300000,0.26813
disabled,256,5000,15700000,0.26877
disabled,256,5000,79300000,0.26641
disabled,256,5000,41300000,0.26825
disabled,256,5000,35400000,0.26925
disabled,256,5000,11200000,0.26642
disabled,256,5000,15800000,0.2704
disabled,256,5000,56200000,0.26792
disabled,256,5000,69000000,0.26854
disabled,256,5000,25800000,0.26841
disabled,256,5000,5000000,0.26969
disabled,256,5000,19800000,0.26769
disabled,256,5000,57700000,0.26691
disabled,256,5000,74300000,0.2677
disabled,256,5000,79200000,0.26935
disabled,256,5000,35000000,0.26911
disabled,256,5000,34300000,0.26811
disabled,256,5000,30000000,0.26905
disabled,256,5000,11000000,0.26712
disabled,256,5000,18200000,0.26964
disabled,256,5000,21100000,0.26731
disabled,256,5000,24800000,0.2698
disabled,256,5000,57200000,0.26857
disabled,256,5000,68200000,0.26899
disabled,256,5000,2400000,0.30113
disabled,256,5000,20700000,0.26986
disabled,256,5000,44300000,0.26748
disabled,256,5000,36500000,0.26702
disabled,256,5000,15600000,0.26751
disabled,256,5000,18400000,0.26824
disabled,256,5000,23600000,0.26922
disabled,256,5000,67300000,0.26871
disabled,256,5000,68500000,0.26843
disabled,256,5000,52000000,0.26877
disabled,256,5000,46100000,0.26894
disabled,256,5000,27700000,0.27003
disabled,256,5000,25700000,0.26744
disabled,256,5000,5900000,0.26715
disabled,256,5000,20600000,0.26861
disabled,256,5000,66300000,0.26753
disabled,256,5000,71100000,0.27037
disabled,256,5000,33000000,0.26651
disabled,256,5000,60400000,0.27041
disabled,256,5000,73900000,0.2677
disabled,256,5000,67600000,0.26905
disabled,256,5000,50500000,0.26917
disabled,256,5000,49800000,0.26901
disabled,256,5000,44600000,0.26966
disabled,256,5000,3200000,0.26801
disabled,256,5000,13500000,0.27055
disabled,256,5000,18300000,0.26718
disabled,256,5000,18600000,0.26683
disabled,256,5000,13600000,0.26565
disabled,256,5000,16500000,0.26941
disabled,256,5000,57300000,0.26795
disabled,256,5000,53000000,0.26827
disabled,256,5000,48700000,0.26701
disabled,256,5000,39200000,0.26851
disabled,256,5000,10400000,0.26774
disabled,256,5000,14500000,0.26795
disabled,256,5000,64100000,0.26712
disabled,256,5000,60800000,0.26674
disabled,256,5000,44800000,0.26648
disabled,256,5000,27100000,0.26808
disabled,256,5000,19700000,0.26793
disabled,256,5000,67000000,0.26937
disabled,256,5000,74800000,0.26929
disabled,256,5000,78900000,0.26812
disabled,256,5000,45800000,0.2687
disabled,256,5000,8300000,0.26833
disabled,256,5000,14400000,0.26831
disabled,256,5000,21500000,0.26743
disabled,256,5000,58800000,0.26738
disabled,256,5000,62500000,0.26706
disabled,256,5000,52700000,0.26734
disabled,256,5000,39300000,0.26786
disabled,256,5000,38100000,0.26662
disabled,256,5000,19300000,0.26918
disabled,256,5000,50100000,0.26765
disabled,256,5000,40800000,0.26835
disabled,256,5000,54900000,0.26666
disabled,256,5000,58400000,0.26669
disabled,256,5000,74900000,0.26783
disabled,256,5000,1600000,0.37185
disabled,256,5000,5800000,0.26866
disabled,256,5000,59800000,0.27149
disabled,256,5000,76600000,0.27001
disabled,256,5000,34900000,0.26856
disabled,256,5000,4100000,0.269
disabled,256,5000,58000000,0.26849
disabled,256,5000,59500000,0.26868
disabled,256,5000,49400000,0.26775
disabled,256,5000,46000000,0.26933
disabled,256,5000,45400000,0.26831
disabled,256,5000,44100000,0.2673
disabled,256,5000,4500000,0.26744
disabled,256,5000,69100000,0.26896
disabled,256,5000,74600000,0.26962
disabled,256,5000,53700000,0.26815
disabled,256,5000,41000000,0.26606
disabled,256,5000,38600000,0.26739
disabled,256,5000,28100000,0.26736
disabled,256,5000,60700000,0.26935
disabled,256,5000,63600000,0.26823
disabled,256,5000,68600000,0.2694
disabled,256,5000,78600000,0.26885
disabled,256,5000,71900000,0.26754
disabled,256,5000,48800000,0.26784
disabled,256,5000,10600000,0.26723
disabled,256,5000,14100000,0.26859
disabled,256,5000,55500000,0.2675
disabled,256,5000,68000000,0.26706
disabled,256,5000,48000000,0.26822
disabled,256,5000,26500000,0.26875
disabled,256,5000,12600000,0.26804
disabled,256,5000,70300000,0.26857
disabled,256,5000,53600000,0.27168
disabled,256,5000,47200000,0.26981
disabled,256,5000,33800000,0.26809
disabled,256,5000,18800000,0.26712
disabled,256,5000,67500000,0.26589
disabled,256,5000,78300000,0.26807
disabled,256,5000,53400000,0.26773
disabled,256,5000,27500000,0.26911
disabled,256,5000,1500000,0.3841
disabled,256,5000,15200000,0.26599
disabled,256,5000,24300000,0.26777
disabled,256,5000,64900000,0.26941
disabled,256,5000,61800000,0.2697
disabled,256,5000,49700000,0.26953
disabled,256,5000,29400000,0.26858
disabled,256,5000,9300000,0.26814
disabled,256,5000,9100000,0.26833
disabled,256,5000,6000000,0.26674
disabled,256,5000,17400000,0.27136
disabled,256,5000,76100000,0.26941
disabled,256,5000,71200000,0.26664
disabled,256,5000,45000000,0.26888
disabled,256,5000,60600000,0.26841
disabled,256,5000,76200000,0.2673
disabled,256,5000,200000,0.64834
disabled,256,5000,12700000,0.26694
disabled,256,5000,62200000,0.2674
disabled,256,5000,63800000,0.26817
disabled,256,5000,67900000,0.26781
disabled,256,5000,33600000,0.26645
disabled,256,5000,27600000,0.26618
disabled,256,5000,30600000,0.26797
disabled,256,5000,28900000,0.26709
disabled,256,5000,26100000,0.26927
disabled,256,5000,15000000,0.26908
disabled,256,5000,61000000,0.26761
disabled,256,5000,66800000,0.26706
disabled,256,5000,35900000,0.26906
disabled,256,5000,6100000,0.26712
disabled,256,5000,14300000,0.26593
disabled,256,5000,62900000,0.27092
disabled,256,5000,63700000,0.26923
disabled,256,5000,47800000,0.26933
disabled,256,5000,42900000,0.26602
disabled,256,5000,46300000,0.26899
marginal-hits-interval-1000k,256,1000000,51300000,0.2001
marginal-hits-interval-1000k,256,1000000,46200000,0.20791
marginal-hits-interval-1000k,256,1000000,40500000,0.21164
marginal-hits-interval-1000k,256,1000000,33300000,0.22177
marginal-hits-interval-1000k,256,1000000,31400000,0.22362
marginal-hits-interval-1000k,256,1000000,3800000,0.26718
marginal-hits-interval-1000k,256,1000000,37000000,0.21968
marginal-hits-interval-1000k,256,1000000,0,0.0
marginal-hits-interval-1000k,256,1000000,400000,0.57264
marginal-hits-interval-1000k,256,1000000,3500000,0.26974
marginal-hits-interval-1000k,256,1000000,4900000,0.26387
marginal-hits-interval-1000k,256,1000000,54600000,0.19961
marginal-hits-interval-1000k,256,1000000,73100000,0.18138
marginal-hits-interval-1000k,256,1000000,75300000,0.17969
marginal-hits-interval-1000k,256,1000000,36600000,0.21709
marginal-hits-interval-1000k,256,1000000,30400000,0.22603
marginal-hits-interval-1000k,256,1000000,30200000,0.22697
marginal-hits-interval-1000k,256,1000000,29000000,0.22982
marginal-hits-interval-1000k,256,1000000,24700000,0.23575
marginal-hits-interval-1000k,256,1000000,54500000,0.1966
marginal-hits-interval-1000k,256,1000000,43800000,0.20971
marginal-hits-interval-1000k,256,1000000,33900000,0.22167
marginal-hits-interval-1000k,256,1000000,71000000,0.18157
marginal-hits-interval-1000k,256,1000000,79400000,0.17685
marginal-hits-interval-1000k,256,1000000,36900000,0.21623
marginal-hits-interval-1000k,256,1000000,26400000,0.23285
marginal-hits-interval-1000k,256,1000000,11500000,0.25533
marginal-hits-interval-1000k,256,1000000,9500000,0.25831
marginal-hits-interval-1000k,256,1000000,22900000,0.2376
marginal-hits-interval-1000k,256,1000000,23800000,0.23538
marginal-hits-interval-1000k,256,1000000,62300000,0.19066
marginal-hits-interval-1000k,256,1000000,65000000,0.18801
marginal-hits-interval-1000k,256,1000000,49600000,0.20399
marginal-hits-interval-1000k,256,1000000,42700000,0.20921
marginal-hits-interval-1000k,256,1000000,28600000,0.22676
marginal-hits-interval-1000k,256,1000000,9200000,0.26081
marginal-hits-interval-1000k,256,1000000,1000000,0.45002
marginal-hits-interval-1000k,256,1000000,65500000,0.18779
marginal-hits-interval-1000k,256,1000000,43300000,0.20777
marginal-hits-interval-1000k,256,1000000,40400000,0.2111
marginal-hits-interval-1000k,256,1000000,32300000,0.22167
marginal-hits-interval-1000k,256,1000000,7800000,0.26204
marginal-hits-interval-1000k,256,1000000,23000000,0.23397
marginal-hits-interval-1000k,256,1000000,55600000,0.19691
marginal-hits-interval-1000k,256,1000000,60200000,0.19254
marginal-hits-interval-1000k,256,1000000,1100000,0.43577
marginal-hits-interval-1000k,256,1000000,5400000,0.26478
marginal-hits-interval-1000k,256,1000000,22300000,0.23826
marginal-hits-interval-1000k,256,1000000,55800000,0.19537
marginal-hits-interval-1000k,256,1000000,77900000,0.17475
marginal-hits-interval-1000k,256,1000000,49900000,0.20367
marginal-hits-interval-1000k,256,1000000,43600000,0.21014
marginal-hits-interval-1000k,256,1000000,2300000,0.30849
marginal-hits-interval-1000k,256,1000000,54700000,0.19608
marginal-hits-interval-1000k,256,1000000,56700000,0.19509
marginal-hits-interval-1000k,256,1000000,72500000,0.18016
marginal-hits-interval-1000k,256,1000000,74000000,0.18047
marginal-hits-interval-1000k,256,1000000,53100000,0.2001
marginal-hits-interval-1000k,256,1000000,41700000,0.21337
marginal-hits-interval-1000k,256,1000000,34200000,0.22006
marginal-hits-interval-1000k,256,1000000,27000000,0.22924
marginal-hits-interval-1000k,256,1000000,12500000,0.25256
marginal-hits-interval-1000k,256,1000000,8700000,0.2587
marginal-hits-interval-1000k,256,1000000,60100000,0.19113
marginal-hits-interval-1000k,256,1000000,69200000,0.18288
marginal-hits-interval-1000k,256,1000000,73500000,0.18027
marginal-hits-interval-1000k,256,1000000,46800000,0.20532
marginal-hits-interval-1000k,256,1000000,31900000,0.22492
marginal-hits-interval-1000k,256,1000000,28200000,0.22844
marginal-hits-interval-1000k,256,1000000,1800000,0.35501
marginal-hits-interval-1000k,256,1000000,69800000,0.18241
marginal-hits-interval-1000k,256,1000000,72300000,0.17966
marginal-hits-interval-1000k,256,1000000,79100000,0.17938
marginal-hits-interval-1000k,256,1000000,79600000,0.17684
marginal-hits-interval-1000k,256,1000000,48300000,0.20392
marginal-hits-interval-1000k,256,1000000,39400000,0.21512
marginal-hits-interval-1000k,256,1000000,7600000,0.26076
marginal-hits-interval-1000k,256,1000000,2200000,0.3158
marginal-hits-interval-1000k,256,1000000,300000,0.60595
marginal-hits-interval-1000k,256,1000000,14800000,0.24974
marginal-hits-interval-1000k,256,1000000,16700000,0.24619
marginal-hits-interval-1000k,256,1000000,22100000,0.23832
marginal-hits-interval-1000k,256,1000000,79800000,0.17458
marginal-hits-interval-1000k,256,1000000,47900000,0.20164
marginal-hits-interval-1000k,256,1000000,47700000,0.20325
marginal-hits-interval-1000k,256,1000000,40900000,0.21108
marginal-hits-interval-1000k,256,1000000,20100000,0.24161
marginal-hits-interval-1000k,256,1000000,20300000,0.24084
marginal-hits-interval-1000k,256,1000000,57500000,0.19151
marginal-hits-interval-1000k,256,1000000,63000000,0.18724
marginal-hits-interval-1000k,256,1000000,71500000,0.18346
marginal-hits-interval-1000k,256,1000000,8100000,0.26264
marginal-hits-interval-1000k,256,1000000,2900000,0.26872
marginal-hits-interval-1000k,256,1000000,14000000,0.25119
marginal-hits-interval-1000k,256,1000000,22200000,0.23661
marginal-hits-interval-1000k,256,1000000,55300000,0.19546
marginal-hits-interval-1000k,256,1000000,57400000,0.19307
marginal-hits-interval-1000k,256,1000000,67200000,0.18622
marginal-hits-interval-1000k,256,1000000,70200000,0.18364
marginal-hits-interval-1000k,256,1000000,72100000,0.18239
marginal-hits-interval-1000k,256,1000000,78400000,0.1753
marginal-hits-interval-1000k,256,1000000,26800000,0.23262
marginal-hits-interval-1000k,256,1000000,65800000,0.1865
marginal-hits-interval-1000k,256,1000000,67100000,0.1865
marginal-hits-interval-1000k,256,1000000,37200000,0.21618
marginal-hits-interval-1000k,256,1000000,10900000,0.2543
marginal-hits-interval-1000k,256,1000000,16300000,0.24607
marginal-hits-interval-1000k,256,1000000,22400000,0.23972
marginal-hits-interval-1000k,256,1000000,71800000,0.18241
marginal-hits-interval-1000k,256,1000000,72400000,0.17975
marginal-hits-interval-1000k,256,1000000,50800000,0.19936
marginal-hits-interval-1000k,256,1000000,38500000,0.21546
marginal-hits-interval-1000k,256,1000000,29600000,0.22796
marginal-hits-interval-1000k,256,1000000,28500000,0.22791
marginal-hits-interval-1000k,256,1000000,26700000,0.23046
marginal-hits-interval-1000k,256,1000000,75800000,0.17761
marginal-hits-interval-1000k,256,1000000,23900000,0.23571
marginal-hits-interval-1000k,256,1000000,59200000,0.19414
marginal-hits-interval-1000k,256,1000000,47500000,0.20178
marginal-hits-interval-1000k,256,1000000,42600000,0.2091
marginal-hits-interval-1000k,256,1000000,35300000,0.2167
marginal-hits-interval-1000k,256,1000000,30700000,0.22645
marginal-hits-interval-1000k,256,1000000,72900000,0.18243
marginal-hits-interval-1000k,256,1000000,73800000,0.17954
marginal-hits-interval-1000k,256,1000000,52100000,0.20207
marginal-hits-interval-1000k,256,1000000,38300000,0.21286
marginal-hits-interval-1000k,256,1000000,42800000,0.21019
marginal-hits-interval-1000k,256,1000000,12300000,0.25245
marginal-hits-interval-1000k,256,1000000,6300000,0.26288
marginal-hits-interval-1000k,256,1000000,64300000,0.18795
marginal-hits-interval-1000k,256,1000000,75400000,0.18004
marginal-hits-interval-1000k,256,1000000,75700000,0.17807
marginal-hits-interval-1000k,256,1000000,45200000,0.20761
marginal-hits-interval-1000k,256,1000000,41900000,0.21416
marginal-hits-interval-1000k,256,1000000,37700000,0.21537
marginal-hits-interval-1000k,256,1000000,30300000,0.22455
marginal-hits-interval-1000k,256,1000000,54200000,0.19679
marginal-hits-interval-1000k,256,1000000,55100000,0.19746
marginal-hits-interval-1000k,256,1000000,57900000,0.19417
marginal-hits-interval-1000k,256,1000000,59400000,0.18889
marginal-hits-interval-1000k,256,1000000,70400000,0.18276
marginal-hits-interval-1000k,256,1000000,47000000,0.20727
marginal-hits-interval-1000k,256,1000000,43100000,0.21162
marginal-hits-interval-1000k,256,1000000,35800000,0.22017
marginal-hits-interval-1000k,256,1000000,2000000,0.33305
marginal-hits-interval-1000k,256,1000000,1700000,0.36041
marginal-hits-interval-1000k,256,1000000,1200000,0.41948
marginal-hits-interval-1000k,256,1000000,5600000,0.26367
marginal-hits-interval-1000k,256,1000000,15500000,0.24809
marginal-hits-interval-1000k,256,1000000,20000000,0.24266
marginal-hits-interval-1000k,256,1000000,78100000,0.18069
marginal-hits-interval-1000k,256,1000000,12400000,0.25163
marginal-hits-interval-1000k,256,1000000,8900000,0.26053
marginal-hits-interval-1000k,256,1000000,24200000,0.23607
marginal-hits-interval-1000k,256,1000000,54300000,0.19707
marginal-hits-interval-1000k,256,1000000,58700000,0.19291
marginal-hits-interval-1000k,256,1000000,60000000,0.19031
marginal-hits-interval-1000k,256,1000000,64500000,0.18771
marginal-hits-interval-1000k,256,1000000,48900000,0.20248
marginal-hits-interval-1000k,256,1000000,42200000,0.2111
marginal-hits-interval-1000k,256,1000000,11800000,0.254
marginal-hits-interval-1000k,256,1000000,17300000,0.24609
marginal-hits-interval-1000k,256,1000000,20900000,0.24084
marginal-hits-interval-1000k,256,1000000,57600000,0.19399
marginal-hits-interval-1000k,256,1000000,63500000,0.19089
marginal-hits-interval-1000k,256,1000000,66900000,0.18452
marginal-hits-interval-1000k,256,1000000,77100000,0.17739
marginal-hits-interval-1000k,256,1000000,31300000,0.22387
marginal-hits-interval-1000k,256,1000000,44900000,0.20735
marginal-hits-interval-1000k,256,1000000,41800000,0.21174
marginal-hits-interval-1000k,256,1000000,39100000,0.21678
marginal-hits-interval-1000k,256,1000000,11300000,0.25443
marginal-hits-interval-1000k,256,1000000,10200000,0.25518
marginal-hits-interval-1000k,256,1000000,1400000,0.39672
marginal-hits-interval-1000k,256,1000000,23300000,0.2366
marginal-hits-interval-1000k,256,1000000,46400000,0.20555
marginal-hits-interval-1000k,256,1000000,31700000,0.22064
marginal-hits-interval-1000k,256,1000000,31000000,0.22391
marginal-hits-interval-1000k,256,1000000,73700000,0.17829
marginal-hits-interval-1000k,256,1000000,61100000,0.19215
marginal-hits-interval-1000k,256,1000000,11100000,0.25814
marginal-hits-interval-1000k,256,1000000,19400000,0.24248
marginal-hits-interval-1000k,256,1000000,57000000,0.19399
marginal-hits-interval-1000k,256,1000000,70700000,0.18345
marginal-hits-interval-1000k,256,1000000,48100000,0.20642
marginal-hits-interval-1000k,256,1000000,69700000,0.18209
marginal-hits-interval-1000k,256,1000000,36100000,0.22031
marginal-hits-interval-1000k,256,1000000,32400000,0.22275
marginal-hits-interval-1000k,256,1000000,18700000,0.24338
marginal-hits-interval-1000k,256,1000000,64200000,0.18798
marginal-hits-interval-1000k,256,1000000,64400000,0.18571
marginal-hits-interval-1000k,256,1000000,73000000,0.18167
marginal-hits-interval-1000k,256,1000000,79000000,0.17426
marginal-hits-interval-1000k,256,1000000,40700000,0.21082
marginal-hits-interval-1000k,256,1000000,6700000,0.26097
marginal-hits-interval-1000k,256,1000000,4200000,0.26637
marginal-hits-interval-1000k,256,1000000,16900000,0.24512
marginal-hits-interval-1000k,256,1000000,50400000,0.20131
marginal-hits-interval-1000k,256,1000000,41600000,0.21099
marginal-hits-interval-1000k,256,1000000,38900000,0.21325
marginal-hits-interval-1000k,256,1000000,37800000,0.21685
marginal-hits-interval-1000k,256,1000000,29200000,0.22545
marginal-hits-interval-1000k,256,1000000,29100000,0.23071
marginal-hits-interval-1000k,256,1000000,10300000,0.25508
marginal-hits-interval-1000k,256,1000000,5700000,0.26563
marginal-hits-interval-1000k,256,1000000,54100000,0.19801
marginal-hits-interval-1000k,256,1000000,45100000,0.20785
marginal-hits-interval-1000k,256,1000000,43900000,0.20734
marginal-hits-interval-1000k,256,1000000,33100000,0.22429
marginal-hits-interval-1000k,256,1000000,63100000,0.19157
marginal-hits-interval-1000k,256,1000000,53900000,0.19829
marginal-hits-interval-1000k,256,1000000,50700000,0.20157
marginal-hits-interval-1000k,256,1000000,900000,0.46561
marginal-hits-interval-1000k,256,1000000,18900000,0.2423
marginal-hits-interval-1000k,256,1000000,21200000,0.23714
marginal-hits-interval-1000k,256,1000000,21300000,0.24157
marginal-hits-interval-1000k,256,1000000,57100000,0.19669
marginal-hits-interval-1000k,256,1000000,55900000,0.19418
marginal-hits-interval-1000k,256,1000000,56900000,0.19271
marginal-hits-interval-1000k,256,1000000,70100000,0.18738
marginal-hits-interval-1000k,256,1000000,79900000,0.17338
marginal-hits-interval-1000k,256,1000000,37300000,0.2152
marginal-hits-interval-1000k,256,1000000,53800000,0.19669
marginal-hits-interval-1000k,256,1000000,51200000,0.2016
marginal-hits-interval-1000k,256,1000000,45700000,0.2068
marginal-hits-interval-1000k,256,1000000,27800000,0.22856
marginal-hits-interval-1000k,256,1000000,26000000,0.23138
marginal-hits-interval-1000k,256,1000000,19100000,0.24679
marginal-hits-interval-1000k,256,1000000,21800000,0.23979
marginal-hits-interval-1000k,256,1000000,61700000,0.18899
marginal-hits-interval-1000k,256,1000000,51500000,0.19831
marginal-hits-interval-1000k,256,1000000,38000000,0.21481
marginal-hits-interval-1000k,256,1000000,29800000,0.22724
marginal-hits-interval-1000k,256,1000000,4000000,0.27104
marginal-hits-interval-1000k,256,1000000,4300000,0.26692
marginal-hits-interval-1000k,256,1000000,20200000,0.24052
marginal-hits-interval-1000k,256,1000000,22700000,0.23671
marginal-hits-interval-1000k,256,1000000,65400000,0.18808
marginal-hits-interval-1000k,256,1000000,10700000,0.25705
marginal-hits-interval-1000k,256,1000000,2700000,0.28268
marginal-hits-interval-1000k,256,1000000,15100000,0.2503
marginal-hits-interval-1000k,256,1000000,15400000,0.24823
marginal-hits-interval-1000k,256,1000000,19000000,0.24159
marginal-hits-interval-1000k,256,1000000,73200000,0.18113
marginal-hits-interval-1000k,256,1000000,76700000,0.1784
marginal-hits-interval-1000k,256,1000000,78700000,0.17709
marginal-hits-interval-1000k,256,1000000,79700000,0.17569
marginal-hits-interval-1000k,256,1000000,31600000,0.22276
marginal-hits-interval-1000k,256,1000000,49100000,0.20173
marginal-hits-interval-1000k,256,1000000,42100000,0.21166
marginal-hits-interval-1000k,256,1000000,47300000,0.20514
marginal-hits-interval-1000k,256,1000000,27200000,0.22953
marginal-hits-interval-1000k,256,1000000,11900000,0.25546
marginal-hits-interval-1000k,256,1000000,25600000,0.23484
marginal-hits-interval-1000k,256,1000000,32600000,0.22093
marginal-hits-interval-1000k,256,1000000,6400000,0.261
marginal-hits-interval-1000k,256,1000000,23400000,0.23519
marginal-hits-interval-1000k,256,1000000,59000000,0.18996
marginal-hits-interval-1000k,256,1000000,62100000,0.1902
marginal-hits-interval-1000k,256,1000000,68900000,0.18532
marginal-hits-interval-1000k,256,1000000,13900000,0.24966
marginal-hits-interval-1000k,256,1000000,17800000,0.24501
marginal-hits-interval-1000k,256,1000000,52900000,0.19992
marginal-hits-interval-1000k,256,1000000,43500000,0.20889
marginal-hits-interval-1000k,256,1000000,3000000,0.2693
marginal-hits-interval-1000k,256,1000000,19200000,0.24291
marginal-hits-interval-1000k,256,1000000,45500000,0.20697
marginal-hits-interval-1000k,256,1000000,4800000,0.26719
marginal-hits-interval-1000k,256,1000000,19600000,0.24213
marginal-hits-interval-1000k,256,1000000,72000000,0.18198
marginal-hits-interval-1000k,256,1000000,75200000,0.18027
marginal-hits-interval-1000k,256,1000000,48400000,0.20331
marginal-hits-interval-1000k,256,1000000,44500000,0.20836
marginal-hits-interval-1000k,256,1000000,34500000,0.21915
marginal-hits-interval-1000k,256,1000000,65100000,0.18767
marginal-hits-interval-1000k,256,1000000,73300000,0.17931
marginal-hits-interval-1000k,256,1000000,79500000,0.17789
marginal-hits-interval-1000k,256,1000000,61200000,0.18892
marginal-hits-interval-1000k,256,1000000,50000000,0.20169
marginal-hits-interval-1000k,256,1000000,36300000,0.21677
marginal-hits-interval-1000k,256,1000000,7900000,0.26169
marginal-hits-interval-1000k,256,1000000,5100000,0.26408
marginal-hits-interval-1000k,256,1000000,74200000,0.18158
marginal-hits-interval-1000k,256,1000000,49300000,0.20041
marginal-hits-interval-1000k,256,1000000,46900000,0.20548
marginal-hits-interval-1000k,256,1000000,6500000,0.26419
marginal-hits-interval-1000k,256,1000000,2600000,0.28756
marginal-hits-interval-1000k,256,1000000,64600000,0.18753
marginal-hits-interval-1000k,256,1000000,53500000,0.19809
marginal-hits-interval-1000k,256,1000000,52800000,0.19969
marginal-hits-interval-1000k,256,1000000,52400000,0.19952
marginal-hits-interval-1000k,256,1000000,51900000,0.20063
marginal-hits-interval-1000k,256,1000000,41500000,0.21225
marginal-hits-interval-1000k,256,1000000,38200000,0.21677
marginal-hits-interval-1000k,256,1000000,31800000,0.22318
marginal-hits-interval-1000k,256,1000000,29300000,0.22697
marginal-hits-interval-1000k,256,1000000,26900000,0.22997
marginal-hits-interval-1000k,256,1000000,69600000,0.18274
marginal-hits-interval-1000k,256,1000000,62800000,0.18798
marginal-hits-interval-1000k,256,1000000,51400000,0.19885
marginal-hits-interval-1000k,256,1000000,7000000,0.26258
marginal-hits-interval-1000k,256,1000000,3600000,0.26827
marginal-hits-interval-1000k,256,1000000,14200000,0.2482
marginal-hits-interval-1000k,256,1000000,55000000,0.19573
marginal-hits-interval-1000k,256,1000000,74500000,0.17985
marginal-hits-interval-1000k,256,1000000,50600000,0.2005
marginal-hits-interval-1000k,256,1000000,30100000,0.22908
marginal-hits-interval-1000k,256,1000000,56300000,0.19726
marginal-hits-interval-1000k,256,1000000,37900000,0.21472
marginal-hits-interval-1000k,256,1000000,12000000,0.25535
marginal-hits-interval-1000k,256,1000000,6900000,0.26364
marginal-hits-interval-1000k,256,1000000,58100000,0.19421
marginal-hits-interval-1000k,256,1000000,58600000,0.19275
marginal-hits-interval-1000k,256,1000000,60300000,0.19126
marginal-hits-interval-1000k,256,1000000,43200000,0.21049
marginal-hits-interval-1000k,256,1000000,10000000,0.25584
marginal-hits-interval-1000k,256,1000000,3900000,0.26835
marginal-hits-interval-1000k,256,1000000,25200000,0.2309
marginal-hits-interval-1000k,256,1000000,56600000,0.19359
marginal-hits-interval-1000k,256,1000000,59700000,0.19398
marginal-hits-interval-1000k,256,1000000,39600000,0.21418
marginal-hits-interval-1000k,256,1000000,5200000,0.26558
marginal-hits-interval-1000k,256,1000000,59100000,0.19286
marginal-hits-interval-1000k,256,1000000,59300000,0.19494
marginal-hits-interval-1000k,256,1000000,66200000,0.18699
marginal-hits-interval-1000k,256,1000000,68400000,0.18511
marginal-hits-interval-1000k,256,1000000,71700000,0.18195
marginal-hits-interval-1000k,256,1000000,72700000,0.17891
marginal-hits-interval-1000k,256,1000000,74100000,0.18017
marginal-hits-interval-1000k,256,1000000,62700000,0.18745
marginal-hits-interval-1000k,256,1000000,17900000,0.2441
marginal-hits-interval-1000k,256,1000000,35100000,0.22242
marginal-hits-interval-1000k,256,1000000,43000000,0.20873
marginal-hits-interval-1000k,256,1000000,22500000,0.23705
marginal-hits-interval-1000k,256,1000000,60500000,0.19269
marginal-hits-interval-1000k,256,1000000,70900000,0.18128
marginal-hits-interval-1000k,256,1000000,76400000,0.17685
marginal-hits-interval-1000k,256,1000000,36200000,0.2193
marginal-hits-interval-1000k,256,1000000,32500000,0.22251
marginal-hits-interval-1000k,256,1000000,26200000,0.23311
marginal-hits-interval-1000k,256,1000000,61300000,0.18975
marginal-hits-interval-1000k,256,1000000,76300000,0.17738
marginal-hits-interval-1000k,256,1000000,46700000,0.20489
marginal-hits-interval-1000k,256,1000000,36800000,0.21576
marginal-hits-interval-1000k,256,1000000,33400000,0.22016
marginal-hits-interval-1000k,256,1000000,13400000,0.25234
marginal-hits-interval-1000k,256,1000000,17600000,0.24303
marginal-hits-interval-1000k,256,1000000,69400000,0.18234
marginal-hits-interval-1000k,256,1000000,47100000,0.20564
marginal-hits-interval-1000k,256,1000000,42000000,0.21198
marginal-hits-interval-1000k,256,1000000,37400000,0.21845
marginal-hits-interval-1000k,256,1000000,28700000,0.22749
marginal-hits-interval-1000k,256,1000000,12100000,0.25514
marginal-hits-interval-1000k,256,1000000,9900000,0.25866
marginal-hits-interval-1000k,256,1000000,13300000,0.25207
marginal-hits-interval-1000k,256,1000000,21700000,0.2364
marginal-hits-interval-1000k,256,1000000,78200000,0.1752
marginal-hits-interval-1000k,256,1000000,53200000,0.19865
marginal-hits-interval-1000k,256,1000000,52600000,0.19687
marginal-hits-interval-1000k,256,1000000,32100000,0.22571
marginal-hits-interval-1000k,256,1000000,31500000,0.22444
marginal-hits-interval-1000k,256,1000000,14700000,0.24892
marginal-hits-interval-1000k,256,1000000,15900000,0.24585
marginal-hits-interval-1000k,256,1000000,66500000,0.18365
marginal-hits-interval-1000k,256,1000000,37600000,0.21397
marginal-hits-interval-1000k,256,1000000,61400000,0.18919
marginal-hits-interval-1000k,256,1000000,61900000,0.18891
marginal-hits-interval-1000k,256,1000000,65900000,0.18447
marginal-hits-interval-1000k,256,1000000,3100000,0.26751
marginal-hits-interval-1000k,256,1000000,17000000,0.24561
marginal-hits-interval-1000k,256,1000000,18000000,0.24471
marginal-hits-interval-1000k,256,1000000,58900000,0.19511
marginal-hits-interval-1000k,256,1000000,70500000,0.18224
marginal-hits-interval-1000k,256,1000000,70800000,0.18123
marginal-hits-interval-1000k,256,1000000,16000000,0.24867
marginal-hits-interval-1000k,256,1000000,13700000,0.25027
marginal-hits-interval-1000k,256,1000000,44700000,0.20752
marginal-hits-interval-1000k,256,1000000,39500000,0.21178
marginal-hits-interval-1000k,256,1000000,40000000,0.21501
marginal-hits-interval-1000k,256,1000000,38800000,0.21262
marginal-hits-interval-1000k,256,1000000,35500000,0.22012
marginal-hits-interval-1000k,256,1000000,27300000,0.2299
marginal-hits-interval-1000k,256,1000000,3700000,0.26737
marginal-hits-interval-1000k,256,1000000,12800000,0.25414
marginal-hits-interval-1000k,256,1000000,14600000,0.24933
marginal-hits-interval-1000k,256,1000000,74400000,0.17994
marginal-hits-interval-1000k,256,1000000,72200000,0.18042
marginal-hits-interval-1000k,256,1000000,46600000,0.20349
marginal-hits-interval-1000k,256,1000000,46500000,0.20256
marginal-hits-interval-1000k,256,1000000,36700000,0.21638
marginal-hits-interval-1000k,256,1000000,32000000,0.22399
marginal-hits-interval-1000k,256,1000000,63200000,0.1888
marginal-hits-interval-1000k,256,1000000,68800000,0.18362
marginal-hits-interval-1000k,256,1000000,9400000,0.25778
marginal-hits-interval-1000k,256,1000000,1900000,0.34461
marginal-hits-interval-1000k,256,1000000,800000,0.48278
marginal-hits-interval-1000k,256,1000000,4400000,0.26674
marginal-hits-interval-1000k,256,1000000,16400000,0.24331
marginal-hits-interval-1000k,256,1000000,68300000,0.18145
marginal-hits-interval-1000k,256,1000000,73600000,0.18012
marginal-hits-interval-1000k,256,1000000,75000000,0.17922
marginal-hits-interval-1000k,256,1000000,76500000,0.17798
marginal-hits-interval-1000k,256,1000000,34000000,0.22294
marginal-hits-interval-1000k,256,1000000,49200000,0.20245
marginal-hits-interval-1000k,256,1000000,31200000,0.22669
marginal-hits-interval-1000k,256,1000000,25000000,0.2352
marginal-hits-interval-1000k,256,1000000,25100000,0.2334
marginal-hits-interval-1000k,256,1000000,28400000,0.22747
marginal-hits-interval-1000k,256,1000000,2800000,0.27633
marginal-hits-interval-1000k,256,1000000,700000,0.50235
marginal-hits-interval-1000k,256,1000000,13800000,0.2515
marginal-hits-interval-1000k,256,1000000,22600000,0.23484
marginal-hits-interval-1000k,256,1000000,23500000,0.23419
marginal-hits-interval-1000k,256,1000000,42300000,0.21085
marginal-hits-interval-1000k,256,1000000,40200000,0.21339
marginal-hits-interval-1000k,256,1000000,500000,0.54456
marginal-hits-interval-1000k,256,1000000,17500000,0.24523
marginal-hits-interval-1000k,256,1000000,23100000,0.2387
marginal-hits-interval-1000k,256,1000000,55700000,0.19614
marginal-hits-interval-1000k,256,1000000,65200000,0.18692
marginal-hits-interval-1000k,256,1000000,77600000,0.17813
marginal-hits-interval-1000k,256,1000000,12200000,0.25521
marginal-hits-interval-1000k,256,1000000,41100000,0.2127
marginal-hits-interval-1000k,256,1000000,44200000,0.20825
marginal-hits-interval-1000k,256,1000000,33200000,0.22172
marginal-hits-interval-1000k,256,1000000,30500000,0.22374
marginal-hits-interval-1000k,256,1000000,2100000,0.32603
marginal-hits-interval-1000k,256,1000000,56800000,0.19531
marginal-hits-interval-1000k,256,1000000,59600000,0.18896
marginal-hits-interval-1000k,256,1000000,67700000,0.18574
marginal-hits-interval-1000k,256,1000000,73400000,0.18064
marginal-hits-interval-1000k,256,1000000,41400000,0.21066
marginal-hits-interval-1000k,256,1000000,39800000,0.21391
marginal-hits-interval-1000k,256,1000000,34800000,0.22093
marginal-hits-interval-1000k,256,1000000,25900000,0.23193
marginal-hits-interval-1000k,256,1000000,18100000,0.24684
marginal-hits-interval-1000k,256,1000000,64700000,0.18799
marginal-hits-interval-1000k,256,1000000,48200000,0.20422
marginal-hits-interval-1000k,256,1000000,12900000,0.25431
marginal-hits-interval-1000k,256,1000000,30800000,0.22733
marginal-hits-interval-1000k,256,1000000,8500000,0.25904
marginal-hits-interval-1000k,256,1000000,8000000,0.26061
marginal-hits-interval-1000k,256,1000000,50300000,0.20331
marginal-hits-interval-1000k,256,1000000,45900000,0.20506
marginal-hits-interval-1000k,256,1000000,17700000,0.24443
marginal-hits-interval-1000k,256,1000000,24100000,0.23707
marginal-hits-interval-1000k,256,1000000,66700000,0.18837
marginal-hits-interval-1000k,256,1000000,35700000,0.21886
marginal-hits-interval-1000k,256,1000000,6600000,0.26115
marginal-hits-interval-1000k,256,1000000,16600000,0.24606
marginal-hits-interval-1000k,256,1000000,34600000,0.2206
marginal-hits-interval-1000k,256,1000000,28800000,0.22735
marginal-hits-interval-1000k,256,1000000,20500000,0.24081
marginal-hits-interval-1000k,256,1000000,20800000,0.24169
marginal-hits-interval-1000k,256,1000000,24000000,0.2354
marginal-hits-interval-1000k,256,1000000,56000000,0.19589
marginal-hits-interval-1000k,256,1000000,66600000,0.1838
marginal-hits-interval-1000k,256,1000000,72600000,0.17842
marginal-hits-interval-1000k,256,1000000,40300000,0.21095
marginal-hits-interval-1000k,256,1000000,7700000,0.26298
marginal-hits-interval-1000k,256,1000000,7500000,0.26032
marginal-hits-interval-1000k,256,1000000,21600000,0.23842
marginal-hits-interval-1000k,256,1000000,74700000,0.17921
marginal-hits-interval-1000k,256,1000000,28000000,0.23154
marginal-hits-interval-1000k,256,1000000,8600000,0.2617
marginal-hits-interval-1000k,256,1000000,24500000,0.23312
marginal-hits-interval-1000k,256,1000000,77500000,0.17712
marginal-hits-interval-1000k,256,1000000,50900000,0.20215
marginal-hits-interval-1000k,256,1000000,45300000,0.20868
marginal-hits-interval-1000k,256,1000000,56500000,0.19498
marginal-hits-interval-1000k,256,1000000,58500000,0.19193
marginal-hits-interval-1000k,256,1000000,75500000,0.17841
marginal-hits-interval-1000k,256,1000000,78500000,0.1754
marginal-hits-interval-1000k,256,1000000,23700000,0.23497
marginal-hits-interval-1000k,256,1000000,24400000,0.2331
marginal-hits-interval-1000k,256,1000000,54000000,0.1986
marginal-hits-interval-1000k,256,1000000,40100000,0.21445
marginal-hits-interval-1000k,256,1000000,7200000,0.26327
marginal-hits-interval-1000k,256,1000000,16200000,0.24687
marginal-hits-interval-1000k,256,1000000,63300000,0.18795
marginal-hits-interval-1000k,256,1000000,75600000,0.17771
marginal-hits-interval-1000k,256,1000000,47600000,0.20409
marginal-hits-interval-1000k,256,1000000,26600000,0.22892
marginal-hits-interval-1000k,256,1000000,7300000,0.26117
marginal-hits-interval-1000k,256,1000000,15300000,0.24744
marginal-hits-interval-1000k,256,1000000,21400000,0.23982
marginal-hits-interval-1000k,256,1000000,57800000,0.19422
marginal-hits-interval-1000k,256,1000000,33500000,0.2221
marginal-hits-interval-1000k,256,1000000,56400000,0.19615
marginal-hits-interval-1000k,256,1000000,66000000,0.18623
marginal-hits-interval-1000k,256,1000000,71300000,0.18102
marginal-hits-interval-1000k,256,1000000,13200000,0.25067
marginal-hits-interval-1000k,256,1000000,30900000,0.22579
marginal-hits-interval-1000k,256,1000000,10500000,0.25719
marginal-hits-interval-1000k,256,1000000,7400000,0.26285
marginal-hits-interval-1000k,256,1000000,22000000,0.23884
marginal-hits-interval-1000k,256,1000000,55200000,0.19712
marginal-hits-interval-1000k,256,1000000,50200000,0.20117
marginal-hits-interval-1000k,256,1000000,42500000,0.21065
marginal-hits-interval-1000k,256,1000000,600000,0.52124
marginal-hits-interval-1000k,256,1000000,3300000,0.26796
marginal-hits-interval-1000k,256,1000000,4600000,0.26572
marginal-hits-interval-1000k,256,1000000,21000000,0.23917
marginal-hits-interval-1000k,256,1000000,54400000,0.1958
marginal-hits-interval-1000k,256,1000000,58200000,0.19297
marginal-hits-interval-1000k,256,1000000,49500000,0.20129
marginal-hits-interval-1000k,256,1000000,10100000,0.25733
marginal-hits-interval-1000k,256,1000000,9800000,0.25787
marginal-hits-interval-1000k,256,1000000,9700000,0.25815
marginal-hits-interval-1000k,256,1000000,16800000,0.24761
marginal-hits-interval-1000k,256,1000000,19500000,0.24053
marginal-hits-interval-1000k,256,1000000,64800000,0.18539
marginal-hits-interval-1000k,256,1000000,77800000,0.1753
marginal-hits-interval-1000k,256,1000000,78800000,0.17682
marginal-hits-interval-1000k,256,1000000,53300000,0.19567
marginal-hits-interval-1000k,256,1000000,47400000,0.20385
marginal-hits-interval-1000k,256,1000000,9600000,0.25989
marginal-hits-interval-1000k,256,1000000,4700000,0.26588
marginal-hits-interval-1000k,256,1000000,17200000,0.244
marginal-hits-interval-1000k,256,1000000,20400000,0.23858
marginal-hits-interval-1000k,256,1000000,25400000,0.23388
marginal-hits-interval-1000k,256,1000000,71400000,0.18014
marginal-hits-interval-1000k,256,1000000,70600000,0.18368
marginal-hits-interval-1000k,256,1000000,51600000,0.20006
marginal-hits-interval-1000k,256,1000000,36400000,0.2171
marginal-hits-interval-1000k,256,1000000,9000000,0.26038
marginal-hits-interval-1000k,256,1000000,6200000,0.26373
marginal-hits-interval-1000k,256,1000000,22800000,0.23661
marginal-hits-interval-1000k,256,1000000,55400000,0.19687
marginal-hits-interval-1000k,256,1000000,51000000,0.20176
marginal-hits-interval-1000k,256,1000000,37500000,0.21447
marginal-hits-interval-1000k,256,1000000,29900000,0.22545
marginal-hits-interval-1000k,256,1000000,32900000,0.22078
marginal-hits-interval-1000k,256,1000000,11400000,0.25277
marginal-hits-interval-1000k,256,1000000,10800000,0.25484
marginal-hits-interval-1000k,256,1000000,23200000,0.2354
marginal-hits-interval-1000k,256,1000000,61600000,0.18915
marginal-hits-interval-1000k,256,1000000,76000000,0.17685
marginal-hits-interval-1000k,256,1000000,76800000,0.1772
marginal-hits-interval-1000k,256,1000000,77700000,0.17537
marginal-hits-interval-1000k,256,1000000,17100000,0.25028
marginal-hits-interval-1000k,256,1000000,16100000,0.24836
marginal-hits-interval-1000k,256,1000000,51800000,0.19891
marginal-hits-interval-1000k,256,1000000,45600000,0.20803
marginal-hits-interval-1000k,256,1000000,32700000,0.22447
marginal-hits-interval-1000k,256,1000000,31100000,0.22723
marginal-hits-interval-1000k,256,1000000,11700000,0.25294
marginal-hits-interval-1000k,256,1000000,25300000,0.2313
marginal-hits-interval-1000k,256,1000000,38700000,0.21395
marginal-hits-interval-1000k,256,1000000,13100000,0.2524
marginal-hits-interval-1000k,256,1000000,65700000,0.18609
marginal-hits-interval-1000k,256,1000000,39900000,0.21395
marginal-hits-interval-1000k,256,1000000,34100000,0.22142
marginal-hits-interval-1000k,256,1000000,32200000,0.22309
marginal-hits-interval-1000k,256,1000000,29700000,0.22654
marginal-hits-interval-1000k,256,1000000,62000000,0.18792
marginal-hits-interval-1000k,256,1000000,78000000,0.17549
marginal-hits-interval-1000k,256,1000000,44400000,0.20674
marginal-hits-interval-1000k,256,1000000,27900000,0.22937
marginal-hits-interval-1000k,256,1000000,5500000,0.26398
marginal-hits-interval-1000k,256,1000000,13000000,0.25209
marginal-hits-interval-1000k,256,1000000,21900000,0.23986
marginal-hits-interval-1000k,256,1000000,64000000,0.18953
marginal-hits-interval-1000k,256,1000000,69300000,0.18164
marginal-hits-interval-1000k,256,1000000,75100000,0.18305
marginal-hits-interval-1000k,256,1000000,49000000,0.20062
marginal-hits-interval-1000k,256,1000000,52300000,0.19643
marginal-hits-interval-1000k,256,1000000,34700000,0.22111
marginal-hits-interval-1000k,256,1000000,26300000,0.22974
marginal-hits-interval-1000k,256,1000000,8800000,0.25915
marginal-hits-interval-1000k,256,1000000,3400000,0.26828
marginal-hits-interval-1000k,256,1000000,19900000,0.24145
marginal-hits-interval-1000k,256,1000000,25500000,0.22966
marginal-hits-interval-1000k,256,1000000,77200000,0.17822
marginal-hits-interval-1000k,256,1000000,44000000,0.21094
marginal-hits-interval-1000k,256,1000000,62400000,0.18818
marginal-hits-interval-1000k,256,1000000,67800000,0.18165
marginal-hits-interval-1000k,256,1000000,72800000,0.179
marginal-hits-interval-1000k,256,1000000,76900000,0.17915
marginal-hits-interval-1000k,256,1000000,43700000,0.2104
marginal-hits-interval-1000k,256,1000000,38400000,0.21401
marginal-hits-interval-1000k,256,1000000,6800000,0.2641
marginal-hits-interval-1000k,256,1000000,54800000,0.19705
marginal-hits-interval-1000k,256,1000000,65600000,0.18643
marginal-hits-interval-1000k,256,1000000,67400000,0.18341
marginal-hits-interval-1000k,256,1000000,68100000,0.18404
marginal-hits-interval-1000k,256,1000000,77400000,0.17533
marginal-hits-interval-1000k,256,1000000,69500000,0.18111
marginal-hits-interval-1000k,256,1000000,42400000,0.20914
marginal-hits-interval-1000k,256,1000000,41200000,0.21342
marginal-hits-interval-1000k,256,1000000,39700000,0.21423
marginal-hits-interval-1000k,256,1000000,11600000,0.25422
marginal-hits-interval-1000k,256,1000000,7100000,0.26382
marginal-hits-interval-1000k,256,1000000,69900000,0.18247
marginal-hits-interval-1000k,256,1000000,52500000,0.19735
marginal-hits-interval-1000k,256,1000000,51100000,0.20114
marginal-hits-interval-1000k,256,1000000,8400000,0.25882
marginal-hits-interval-1000k,256,1000000,56100000,0.19778
marginal-hits-interval-1000k,256,1000000,63900000,0.18782
marginal-hits-interval-1000k,256,1000000,40600000,0.21058
marginal-hits-interval-1000k,256,1000000,14900000,0.24783
marginal-hits-interval-1000k,256,1000000,77000000,0.17636
marginal-hits-interval-1000k,256,1000000,61500000,0.18856
marginal-hits-interval-1000k,256,1000000,52200000,0.19739
marginal-hits-interval-1000k,256,1000000,2500000,0.29508
marginal-hits-interval-1000k,256,1000000,18500000,0.24295
marginal-hits-interval-1000k,256,1000000,68700000,0.18415
marginal-hits-interval-1000k,256,1000000,75900000,0.1776
marginal-hits-interval-1000k,256,1000000,43400000,0.20868
marginal-hits-interval-1000k,256,1000000,37100000,0.21851
marginal-hits-interval-1000k,256,1000000,36000000,0.21922
marginal-hits-interval-1000k,256,1000000,34400000,0.22096
marginal-hits-interval-1000k,256,1000000,62600000,0.19014
marginal-hits-interval-1000k,256,1000000,51700000,0.20009
marginal-hits-interval-1000k,256,1000000,39000000,0.21427
marginal-hits-interval-1000k,256,1000000,33700000,0.22079
marginal-hits-interval-1000k,256,1000000,29500000,0.22781
marginal-hits-interval-1000k,256,1000000,8200000,0.26143
marginal-hits-interval-1000k,256,1000000,100000,0.73732
marginal-hits-interval-1000k,256,1000000,24600000,0.23365
marginal-hits-interval-1000k,256,1000000,59900000,0.19121
marginal-hits-interval-1000k,256,1000000,65300000,0.18721
marginal-hits-interval-1000k,256,1000000,48600000,0.20183
marginal-hits-interval-1000k,256,1000000,48500000,0.20391
marginal-hits-interval-1000k,256,1000000,5300000,0.26319
marginal-hits-interval-1000k,256,1000000,63400000,0.18835
marginal-hits-interval-1000k,256,1000000,66400000,0.18808
marginal-hits-interval-1000k,256,1000000,35600000,0.21948
marginal-hits-interval-1000k,256,1000000,32800000,0.22096
marginal-hits-interval-1000k,256,1000000,27400000,0.22802
marginal-hits-interval-1000k,256,1000000,1300000,0.4075
marginal-hits-interval-1000k,256,1000000,24900000,0.23402
marginal-hits-interval-1000k,256,1000000,58300000,0.19314
marginal-hits-interval-1000k,256,1000000,66100000,0.1875
marginal-hits-interval-1000k,256,1000000,70000000,0.18341
marginal-hits-interval-1000k,256,1000000,71600000,0.18255
marginal-hits-interval-1000k,256,1000000,77300000,0.17869
marginal-hits-interval-1000k,256,1000000,60900000,0.1901
marginal-hits-interval-1000k,256,1000000,35200000,0.22114
marginal-hits-interval-1000k,256,1000000,28300000,0.2279
marginal-hits-interval-1000k,256,1000000,15700000,0.24913
marginal-hits-interval-1000k,256,1000000,79300000,0.17405
marginal-hits-interval-1000k,256,1000000,41300000,0.21308
marginal-hits-interval-1000k,256,1000000,35400000,0.21874
marginal-hits-interval-1000k,256,1000000,11200000,0.25321
marginal-hits-interval-1000k,256,1000000,15800000,0.25003
marginal-hits-interval-1000k,256,1000000,56200000,0.19555
marginal-hits-interval-1000k,256,1000000,69000000,0.18324
marginal-hits-interval-1000k,256,1000000,25800000,0.23271
marginal-hits-interval-1000k,256,1000000,5000000,0.26775
marginal-hits-interval-1000k,256,1000000,19800000,0.24113
marginal-hits-interval-1000k,256,1000000,57700000,0.19434
marginal-hits-interval-1000k,256,1000000,74300000,0.17882
marginal-hits-interval-1000k,256,1000000,79200000,0.17794
marginal-hits-interval-1000k,256,1000000,35000000,0.22044
marginal-hits-interval-1000k,256,1000000,34300000,0.22114
marginal-hits-interval-1000k,256,1000000,30000000,0.22729
marginal-hits-interval-1000k,256,1000000,11000000,0.25502
marginal-hits-interval-1000k,256,1000000,18200000,0.24548
marginal-hits-interval-1000k,256,1000000,21100000,0.23949
marginal-hits-interval-1000k,256,1000000,24800000,0.23606
marginal-hits-interval-1000k,256,1000000,57200000,0.19803
marginal-hits-interval-1000k,256,1000000,68200000,0.18548
marginal-hits-interval-1000k,256,1000000,2400000,0.30113
marginal-hits-interval-1000k,256,1000000,20700000,0.24119
marginal-hits-interval-1000k,256,1000000,44300000,0.20559
marginal-hits-interval-1000k,256,1000000,36500000,0.21689
marginal-hits-interval-1000k,256,1000000,15600000,0.2477
marginal-hits-interval-1000k,256,1000000,18400000,0.24212
marginal-hits-interval-1000k,256,1000000,23600000,0.23673
marginal-hits-interval-1000k,256,1000000,67300000,0.18446
marginal-hits-interval-1000k,256,1000000,68500000,0.18378
marginal-hits-interval-1000k,256,1000000,52000000,0.19918
marginal-hits-interval-1000k,256,1000000,46100000,0.20938
marginal-hits-interval-1000k,256,1000000,27700000,0.22972
marginal-hits-interval-1000k,256,1000000,25700000,0.23177
marginal-hits-interval-1000k,256,1000000,5900000,0.26428
marginal-hits-interval-1000k,256,1000000,20600000,0.23988
marginal-hits-interval-1000k,256,1000000,66300000,0.18477
marginal-hits-interval-1000k,256,1000000,71100000,0.18662
marginal-hits-interval-1000k,256,1000000,33000000,0.22046
marginal-hits-interval-1000k,256,1000000,60400000,0.19239
marginal-hits-interval-1000k,256,1000000,73900000,0.1785
marginal-hits-interval-1000k,256,1000000,67600000,0.18642
marginal-hits-interval-1000k,256,1000000,50500000,0.20191
marginal-hits-interval-1000k,256,1000000,49800000,0.2009
marginal-hits-interval-1000k,256,1000000,44600000,0.20824
marginal-hits-interval-1000k,256,1000000,3200000,0.26801
marginal-hits-interval-1000k,256,1000000,13500000,0.25308
marginal-hits-interval-1000k,256,1000000,18300000,0.2414
marginal-hits-interval-1000k,256,1000000,18600000,0.24127
marginal-hits-interval-1000k,256,1000000,13600000,0.24952
marginal-hits-interval-1000k,256,1000000,16500000,0.24757
marginal-hits-interval-1000k,256,1000000,57300000,0.19561
marginal-hits-interval-1000k,256,1000000,53000000,0.19741
marginal-hits-interval-1000k,256,1000000,48700000,0.20203
marginal-hits-interval-1000k,256,1000000,39200000,0.21531
marginal-hits-interval-1000k,256,1000000,10400000,0.25557
marginal-hits-interval-1000k,256,1000000,14500000,0.2489
marginal-hits-interval-1000k,256,1000000,64100000,0.19065
marginal-hits-interval-1000k,256,1000000,60800000,0.19019
marginal-hits-interval-1000k,256,1000000,44800000,0.20566
marginal-hits-interval-1000k,256,1000000,27100000,0.23386
marginal-hits-interval-1000k,256,1000000,19700000,0.24086
marginal-hits-interval-1000k,256,1000000,67000000,0.1854
marginal-hits-interval-1000k,256,1000000,74800000,0.18014
marginal-hits-interval-1000k,256,1000000,78900000,0.17737
marginal-hits-interval-1000k,256,1000000,45800000,0.20594
marginal-hits-interval-1000k,256,1000000,8300000,0.26026
marginal-hits-interval-1000k,256,1000000,14400000,0.24989
marginal-hits-interval-1000k,256,1000000,21500000,0.23833
marginal-hits-interval-1000k,256,1000000,58800000,0.1927
marginal-hits-interval-1000k,256,1000000,62500000,0.18667
marginal-hits-interval-1000k,256,1000000,52700000,0.19846
marginal-hits-interval-1000k,256,1000000,39300000,0.21372
marginal-hits-interval-1000k,256,1000000,38100000,0.21657
marginal-hits-interval-1000k,256,1000000,19300000,0.2442
marginal-hits-interval-1000k,256,1000000,50100000,0.20304
marginal-hits-interval-1000k,256,1000000,40800000,0.21286
marginal-hits-interval-1000k,256,1000000,54900000,0.19599
marginal-hits-interval-1000k,256,1000000,58400000,0.19203
marginal-hits-interval-1000k,256,1000000,74900000,0.17971
marginal-hits-interval-1000k,256,1000000,1600000,0.37185
marginal-hits-interval-1000k,256,1000000,5800000,0.26512
marginal-hits-interval-1000k,256,1000000,59800000,0.19366
marginal-hits-interval-1000k,256,1000000,76600000,0.18022
marginal-hits-interval-1000k,256,1000000,34900000,0.22082
marginal-hits-interval-1000k,256,1000000,4100000,0.26842
marginal-hits-interval-1000k,256,1000000,58000000,0.19373
marginal-hits-interval-1000k,256,1000000,59500000,0.19217
marginal-hits-interval-1000k,256,1000000,49400000,0.20247
marginal-hits-interval-1000k,256,1000000,46000000,0.20612
marginal-hits-interval-1000k,256,1000000,45400000,0.20677
marginal-hits-interval-1000k,256,1000000,44100000,0.20996
marginal-hits-interval-1000k,256,1000000,4500000,0.26558
marginal-hits-interval-1000k,256,1000000,69100000,0.18511
marginal-hits-interval-1000k,256,1000000,74600000,0.18024
marginal-hits-interval-1000k,256,1000000,53700000,0.1965
marginal-hits-interval-1000k,256,1000000,41000000,0.20915
marginal-hits-interval-1000k,256,1000000,38600000,0.2129
marginal-hits-interval-1000k,256,1000000,28100000,0.23267
marginal-hits-interval-1000k,256,1000000,60700000,0.19317
marginal-hits-interval-1000k,256,1000000,63600000,0.18636
marginal-hits-interval-1000k,256,1000000,68600000,0.18387
marginal-hits-interval-1000k,256,1000000,78600000,0.17626
marginal-hits-interval-1000k,256,1000000,71900000,0.18037
marginal-hits-interval-1000k,256,1000000,48800000,0.20434
marginal-hits-interval-1000k,256,1000000,10600000,0.25595
marginal-hits-interval-1000k,256,1000000,14100000,0.25154
marginal-hits-interval-1000k,256,1000000,55500000,0.19602
marginal-hits-interval-1000k,256,1000000,68000000,0.18177
marginal-hits-interval-1000k,256,1000000,48000000,0.20547
marginal-hits-interval-1000k,256,1000000,26500000,0.23218
marginal-hits-interval-1000k,256,1000000,12600000,0.25256
marginal-hits-interval-1000k,256,1000000,70300000,0.18259
marginal-hits-interval-1000k,256,1000000,53600000,0.20154
marginal-hits-interval-1000k,256,1000000,47200000,0.20701
marginal-hits-interval-1000k,256,1000000,33800000,0.22225
marginal-hits-interval-1000k,256,1000000,18800000,0.24321
marginal-hits-interval-1000k,256,1000000,67500000,0.18242
marginal-hits-interval-1000k,256,1000000,78300000,0.1789
marginal-hits-interval-1000k,256,1000000,53400000,0.19727
marginal-hits-interval-1000k,256,1000000,27500000,0.22962
marginal-hits-interval-1000k,256,1000000,1500000,0.3841
marginal-hits-interval-1000k,256,1000000,15200000,0.24653
marginal-hits-interval-1000k,256,1000000,24300000,0.23262
marginal-hits-interval-1000k,256,1000000,64900000,0.18679
marginal-hits-interval-1000k,256,1000000,61800000,0.19027
marginal-hits-interval-1000k,256,1000000,49700000,0.20243
marginal-hits-interval-1000k,256,1000000,29400000,0.22729
marginal-hits-interval-1000k,256,1000000,9300000,0.2578
marginal-hits-interval-1000k,256,1000000,9100000,0.26203
marginal-hits-interval-1000k,256,1000000,6000000,0.26337
marginal-hits-interval-1000k,256,1000000,17400000,0.2474
marginal-hits-interval-1000k,256,1000000,76100000,0.17971
marginal-hits-interval-1000k,256,1000000,71200000,0.18373
marginal-hits-interval-1000k,256,1000000,45000000,0.20783
marginal-hits-interval-1000k,256,1000000,60600000,0.18952
marginal-hits-interval-1000k,256,1000000,76200000,0.17707
marginal-hits-interval-1000k,256,1000000,200000,0.64834
marginal-hits-interval-1000k,256,1000000,12700000,0.25172
marginal-hits-interval-1000k,256,1000000,62200000,0.18842
marginal-hits-interval-1000k,256,1000000,63800000,0.18722
marginal-hits-interval-1000k,256,1000000,67900000,0.18224
marginal-hits-interval-1000k,256,1000000,33600000,0.21973
marginal-hits-interval-1000k,256,1000000,27600000,0.22775
marginal-hits-interval-1000k,256,1000000,30600000,0.22409
marginal-hits-interval-1000k,256,1000000,28900000,0.22701
marginal-hits-interval-1000k,256,1000000,26100000,0.23288
marginal-hits-interval-1000k,256,1000000,15000000,0.2503
marginal-hits-interval-1000k,256,1000000,61000000,0.1901
marginal-hits-interval-1000k,256,1000000,66800000,0.18483
marginal-hits-interval-1000k,256,1000000,35900000,0.21909
marginal-hits-interval-1000k,256,1000000,6100000,0.26387
marginal-hits-interval-1000k,256,1000000,14300000,0.24698
marginal-hits-interval-1000k,256,1000000,62900000,0.19029
marginal-hits-interval-1000k,256,1000000,63700000,0.18889
marginal-hits-interval-1000k,256,1000000,47800000,0.20517
marginal-hits-interval-1000k,256,1000000,42900000,0.20731
marginal-hits-interval-1000k,256,1000000,46300000,0.20638
disabled,256,5000,51300000,0.26994
disabled,256,5000,46200000,0.2691
disabled,256,5000,40500000,0.26887
disabled,256,5000,33300000,0.26949
disabled,256,5000,31400000,0.26776
disabled,256,5000,3800000,0.26718
disabled,256,5000,37000000,0.26918
disabled,256,5000,0,0.0
disabled,256,5000,400000,0.57264
disabled,256,5000,3500000,0.26974
disabled,256,5000,4900000,0.26581
disabled,256,5000,54600000,0.26941
disabled,256,5000,73100000,0.26744
disabled,256,5000,75300000,0.26835
disabled,256,5000,36600000,0.26818
disabled,256,5000,30400000,0.26852
disabled,256,5000,30200000,0.26921
disabled,256,5000,29000000,0.2695
disabled,256,5000,24700000,0.26989
disabled,256,5000,54500000,0.26709
disabled,256,5000,43800000,0.26831
disabled,256,5000,33900000,0.26898
disabled,256,5000,71000000,0.26854
disabled,256,5000,79400000,0.26915
disabled,256,5000,36900000,0.26672
disabled,256,5000,26400000,0.27011
disabled,256,5000,11500000,0.26922
disabled,256,5000,9500000,0.26837
disabled,256,5000,22900000,0.26752
disabled,256,5000,23800000,0.26813
disabled,256,5000,62300000,0.26916
disabled,256,5000,65000000,0.26872
disabled,256,5000,49600000,0.27002
disabled,256,5000,42700000,0.26637
disabled,256,5000,28600000,0.26745
disabled,256,5000,9200000,0.27024
disabled,256,5000,1000000,0.45002
disabled,256,5000,65500000,0.26886
disabled,256,5000,43300000,0.26633
disabled,256,5000,40400000,0.26756
disabled,256,5000,32300000,0.26635
disabled,256,5000,7800000,0.26948
disabled,256,5000,23000000,0.26638
disabled,256,5000,55600000,0.26834
disabled,256,5000,60200000,0.26877
disabled,256,5000,1100000,0.43577
disabled,256,5000,5400000,0.2683
disabled,256,5000,22300000,0.26923
disabled,256,5000,55800000,0.26792
disabled,256,5000,77900000,0.26568
disabled,256,5000,49900000,0.26995
disabled,256,5000,43600000,0.27015
disabled,256,5000,2300000,0.30849
disabled,256,5000,54700000,0.26695
disabled,256,5000,56700000,0.26886
disabled,256,5000,72500000,0.26893
disabled,256,5000,74000000,0.26769
disabled,256,5000,53100000,0.26802
disabled,256,5000,41700000,0.26987
disabled,256,5000,34200000,0.26751
disabled,256,5000,27000000,0.26706
disabled,256,5000,12500000,0.26796
disabled,256,5000,8700000,0.26692
disabled,256,5000,60100000,0.26693
disabled,256,5000,69200000,0.26795
disabled,256,5000,73500000,0.26902
disabled,256,5000,46800000,0.26685
disabled,256,5000,31900000,0.26866
disabled,256,5000,28200000,0.26695
disabled,256,5000,1800000,0.35501
disabled,256,5000,69800000,0.26748
disabled,256,5000,72300000,0.26847
disabled,256,5000,79100000,0.26713
disabled,256,5000,79600000,0.2691
disabled,256,5000,48300000,0.26947
disabled,256,5000,39400000,0.27013
disabled,256,5000,7600000,0.26868
disabled,256,5000,2200000,0.3158
disabled,256,5000,300000,0.60595
disabled,256,5000,14800000,0.26837
disabled,256,5000,16700000,0.26759
disabled,256,5000,22100000,0.26746
disabled,256,5000,79800000,0.26639
disabled,256,5000,47900000,0.26781
disabled,256,5000,47700000,0.2666
disabled,256,5000,40900000,0.26719
disabled,256,5000,20100000,0.26834
disabled,256,5000,20300000,0.26879
disabled,256,5000,57500000,0.26718
disabled,256,5000,63000000,0.2654
disabled,256,5000,71500000,0.26848
disabled,256,5000,8100000,0.26804
disabled,256,5000,2900000,0.26872
disabled,256,5000,14000000,0.26814
disabled,256,5000,22200000,0.26862
disabled,256,5000,55300000,0.26671
disabled,256,5000,57400000,0.26787
disabled,256,5000,67200000,0.27042
disabled,256,5000,70200000,0.26824
disabled,256,5000,72100000,0.26753
disabled,256,5000,78400000,0.26752
disabled,256,5000,26800000,0.26916
disabled,256,5000,65800000,0.26903
disabled,256,5000,67100000,0.26759
disabled,256,5000,37200000,0.268
disabled,256,5000,10900000,0.26686
disabled,256,5000,16300000,0.26805
disabled,256,5000,22400000,0.27049
disabled,256,5000,71800000,0.26982
disabled,256,5000,72400000,0.2671
disabled,256,5000,50800000,0.26777
disabled,256,5000,38500000,0.26972
disabled,256,5000,29600000,0.26853
disabled,256,5000,28500000,0.26777
disabled,256,5000,26700000,0.2669
disabled,256,5000,75800000,0.26856
disabled,256,5000,23900000,0.26776
disabled,256,5000,59200000,0.26926
disabled,256,5000,47500000,0.26696
disabled,256,5000,42600000,0.26682
disabled,256,5000,35300000,0.26585
disabled,256,5000,30700000,0.26878
disabled,256,5000,72900000,0.27003
disabled,256,5000,73800000,0.2677
disabled,256,5000,52100000,0.26871
disabled,256,5000,38300000,0.26691
disabled,256,5000,42800000,0.2691
disabled,256,5000,12300000,0.26797
disabled,256,5000,6300000,0.26763
disabled,256,5000,64300000,0.26845
disabled,256,5000,75400000,0.26876
disabled,256,5000,75700000,0.26804
disabled,256,5000,45200000,0.26752
disabled,256,5000,41900000,0.26961
disabled,256,5000,37700000,0.26742
disabled,256,5000,30300000,0.26771
disabled,256,5000,54200000,0.26665
disabled,256,5000,55100000,0.26824
disabled,256,5000,57900000,0.26768
disabled,256,5000,59400000,0.26596
disabled,256,5000,70400000,0.26795
disabled,256,5000,47000000,0.26897
disabled,256,5000,43100000,0.26952
disabled,256,5000,35800000,0.2704
disabled,256,5000,2000000,0.33305
disabled,256,5000,1700000,0.36041
disabled,256,5000,1200000,0.41948
disabled,256,5000,5600000,0.26724
disabled,256,5000,15500000,0.26837
disabled,256,5000,20000000,0.26952
disabled,256,5000,78100000,0.26873
disabled,256,5000,12400000,0.26643
disabled,256,5000,8900000,0.26894
disabled,256,5000,24200000,0.26949
disabled,256,5000,54300000,0.26745
disabled,256,5000,58700000,0.26856
disabled,256,5000,60000000,0.26899
disabled,256,5000,64500000,0.26891
disabled,256,5000,48900000,0.26844
disabled,256,5000,42200000,0.26719
disabled,256,5000,11800000,0.26839
disabled,256,5000,17300000,0.26921
disabled,256,5000,20900000,0.26846
disabled,256,5000,57600000,0.26879
disabled,256,5000,63500000,0.2692
disabled,256,5000,66900000,0.26919
disabled,256,5000,77100000,0.26729
disabled,256,5000,31300000,0.26832
disabled,256,5000,44900000,0.26793
disabled,256,5000,41800000,0.26838
disabled,256,5000,39100000,0.26713
disabled,256,5000,11300000,0.2685
disabled,256,5000,10200000,0.26639
disabled,256,5000,1400000,0.39672
disabled,256,5000,23300000,0.26954
disabled,256,5000,46400000,0.26729
disabled,256,5000,31700000,0.26477
disabled,256,5000,31000000,0.26712
disabled,256,5000,73700000,0.2684
disabled,256,5000,61100000,0.27035
disabled,256,5000,11100000,0.26985
disabled,256,5000,19400000,0.26877
disabled,256,5000,57000000,0.26724
disabled,256,5000,70700000,0.26884
disabled,256,5000,48100000,0.27004
disabled,256,5000,69700000,0.26874
disabled,256,5000,36100000,0.26949
disabled,256,5000,32400000,0.26857
disabled,256,5000,18700000,0.26824
disabled,256,5000,64200000,0.26843
disabled,256,5000,64400000,0.26627
disabled,256,5000,73000000,0.26948
disabled,256,5000,79000000,0.2699
disabled,256,5000,40700000,0.26768
disabled,256,5000,6700000,0.26615
disabled,256,5000,4200000,0.26805
disabled,256,5000,16900000,0.26685
disabled,256,5000,50400000,0.26841
disabled,256,5000,41600000,0.26693
disabled,256,5000,38900000,0.26646
disabled,256,5000,37800000,0.2688
disabled,256,5000,29200000,0.26721
disabled,256,5000,29100000,0.26926
disabled,256,5000,10300000,0.26682
disabled,256,5000,5700000,0.269
disabled,256,5000,54100000,0.26766
disabled,256,5000,45100000,0.2661
disabled,256,5000,43900000,0.26767
disabled,256,5000,33100000,0.26921
disabled,256,5000,63100000,0.26905
disabled,256,5000,53900000,0.2674
disabled,256,5000,50700000,0.26798
disabled,256,5000,900000,0.46561
disabled,256,5000,18900000,0.26686
disabled,256,5000,21200000,0.26718
disabled,256,5000,21300000,0.27075
disabled,256,5000,57100000,0.26877
disabled,256,5000,55900000,0.26696
disabled,256,5000,56900000,0.26765
disabled,256,5000,70100000,0.26705
disabled,256,5000,79900000,0.26502
disabled,256,5000,37300000,0.26804
disabled,256,5000,53800000,0.26653
disabled,256,5000,51200000,0.26973
disabled,256,5000,45700000,0.2689
disabled,256,5000,27800000,0.26696
disabled,256,5000,26000000,0.26651
disabled,256,5000,19100000,0.27067
disabled,256,5000,21800000,0.26902
disabled,256,5000,61700000,0.26751
disabled,256,5000,51500000,0.26704
disabled,256,5000,38000000,0.26657
disabled,256,5000,29800000,0.2681
disabled,256,5000,4000000,0.27104
disabled,256,5000,4300000,0.26888
disabled,256,5000,20200000,0.26841
disabled,256,5000,22700000,0.26734
disabled,256,5000,65400000,0.26932
disabled,256,5000,10700000,0.26869
disabled,256,5000,2700000,0.28268
disabled,256,5000,15100000,0.26988
disabled,256,5000,15400000,0.26834
disabled,256,5000,19000000,0.26748
disabled,256,5000,73200000,0.26648
disabled,256,5000,76700000,0.26922
disabled,256,5000,78700000,0.26827
disabled,256,5000,79700000,0.26918
disabled,256,5000,31600000,0.26763
disabled,256,5000,49100000,0.26768
disabled,256,5000,42100000,0.26729
disabled,256,5000,47300000,0.26945
disabled,256,5000,27200000,0.26702
disabled,256,5000,11900000,0.26917
disabled,256,5000,25600000,0.27003
disabled,256,5000,32600000,0.26784
disabled,256,5000,6400000,0.26634
disabled,256,5000,23400000,0.26776
disabled,256,5000,59000000,0.26625
disabled,256,5000,62100000,0.26731
disabled,256,5000,68900000,0.26937
disabled,256,5000,13900000,0.26673
disabled,256,5000,17800000,0.2679
disabled,256,5000,52900000,0.26791
disabled,256,5000,43500000,0.26741
disabled,256,5000,3000000,0.2693
disabled,256,5000,19200000,0.26894
disabled,256,5000,45500000,0.26766
disabled,256,5000,4800000,0.26902
disabled,256,5000,19600000,0.26903
disabled,256,5000,72000000,0.26735
disabled,256,5000,75200000,0.26718
disabled,256,5000,48400000,0.26809
disabled,256,5000,44500000,0.26914
disabled,256,5000,34500000,0.26614
disabled,256,5000,65100000,0.26662
disabled,256,5000,73300000,0.26691
disabled,256,5000,79500000,0.26933
disabled,256,5000,61200000,0.26623
disabled,256,5000,50000000,0.2673
disabled,256,5000,36300000,0.26725
disabled,256,5000,7900000,0.2688
disabled,256,5000,5100000,0.26635
disabled,256,5000,74200000,0.26937
disabled,256,5000,49300000,0.26527
disabled,256,5000,46900000,0.26888
disabled,256,5000,6500000,0.26924
disabled,256,5000,2600000,0.28756
disabled,256,5000,64600000,0.26705
disabled,256,5000,53500000,0.26854
disabled,256,5000,52800000,0.26722
disabled,256,5000,52400000,0.26834
disabled,256,5000,51900000,0.26837
disabled,256,5000,41500000,0.2706
disabled,256,5000,38200000,0.26956
disabled,256,5000,31800000,0.26643
disabled,256,5000,29300000,0.26798
disabled,256,5000,26900000,0.2663
disabled,256,5000,69600000,0.2682
disabled,256,5000,62800000,0.26846
disabled,256,5000,51400000,0.26782
disabled,256,5000,7000000,0.26786
disabled,256,5000,3600000,0.26827
disabled,256,5000,14200000,0.26672
disabled,256,5000,55000000,0.26779
disabled,256,5000,74500000,0.26881
disabled,256,5000,50600000,0.26696
disabled,256,5000,30100000,0.26906
disabled,256,5000,56300000,0.26948
disabled,256,5000,37900000,0.26725
disabled,256,5000,12000000,0.26902
disabled,256,5000,6900000,0.26857
disabled,256,5000,58100000,0.26892
disabled,256,5000,58600000,0.26795
disabled,256,5000,60300000,0.26964
disabled,256,5000,43200000,0.26871
disabled,256,5000,10000000,0.26646
disabled,256,5000,3900000,0.26835
disabled,256,5000,25200000,0.26728
disabled,256,5000,56600000,0.26761
disabled,256,5000,59700000,0.2714
disabled,256,5000,39600000,0.26786
disabled,256,5000,5200000,0.26933
disabled,256,5000,59100000,0.26745
disabled,256,5000,59300000,0.27131
disabled,256,5000,66200000,0.26876
disabled,256,5000,68400000,0.26992
disabled,256,5000,71700000,0.27005
disabled,256,5000,72700000,0.26828
disabled,256,5000,74100000,0.26758
disabled,256,5000,62700000,0.27101
disabled,256,5000,17900000,0.26749
disabled,256,5000,35100000,0.26989
disabled,256,5000,43000000,0.26788
disabled,256,5000,22500000,0.268
disabled,256,5000,60500000,0.27046
disabled,256,5000,70900000,0.26922
disabled,256,5000,76400000,0.26889
disabled,256,5000,36200000,0.26799
disabled,256,5000,32500000,0.268
disabled,256,5000,26200000,0.26899
disabled,256,5000,61300000,0.26969
disabled,256,5000,76300000,0.26869
disabled,256,5000,46700000,0.26873
disabled,256,5000,36800000,0.26608
disabled,256,5000,33400000,0.26793
disabled,256,5000,13400000,0.26964
disabled,256,5000,17600000,0.26599
disabled,256,5000,69400000,0.2671
disabled,256,5000,47100000,0.26869
disabled,256,5000,42000000,0.26964
disabled,256,5000,37400000,0.27109
disabled,256,5000,28700000,0.26782
disabled,256,5000,12100000,0.26932
disabled,256,5000,9900000,0.26892
disabled,256,5000,13300000,0.2682
disabled,256,5000,21700000,0.26539
disabled,256,5000,78200000,0.26608
disabled,256,5000,53200000,0.26714
disabled,256,5000,52600000,0.26626
disabled,256,5000,32100000,0.26805
disabled,256,5000,31500000,0.26785
disabled,256,5000,14700000,0.26809
disabled,256,5000,15900000,0.2671
disabled,256,5000,66500000,0.26865
disabled,256,5000,37600000,0.26586
disabled,256,5000,61400000,0.26497
disabled,256,5000,61900000,0.26895
disabled,256,5000,65900000,0.26733
disabled,256,5000,3100000,0.26751
disabled,256,5000,17000000,0.2674
disabled,256,5000,18000000,0.26862
disabled,256,5000,58900000,0.27049
disabled,256,5000,70500000,0.26987
disabled,256,5000,70800000,0.26706
disabled,256,5000,16000000,0.26888
disabled,256,5000,13700000,0.2681
disabled,256,5000,44700000,0.26702
disabled,256,5000,39500000,0.26526
disabled,256,5000,40000000,0.26888
disabled,256,5000,38800000,0.26795
disabled,256,5000,35500000,0.27014
disabled,256,5000,27300000,0.26845
disabled,256,5000,3700000,0.26737
disabled,256,5000,12800000,0.26937
disabled,256,5000,14600000,0.26768
disabled,256,5000,74400000,0.27027
disabled,256,5000,72200000,0.26704
disabled,256,5000,46600000,0.26658
disabled,256,5000,46500000,0.26541
disabled,256,5000,36700000,0.26664
disabled,256,5000,32000000,0.26865
disabled,256,5000,63200000,0.26753
disabled,256,5000,68800000,0.26678
disabled,256,5000,9400000,0.26824
disabled,256,5000,1900000,0.34461
disabled,256,5000,800000,0.48278
disabled,256,5000,4400000,0.26899
disabled,256,5000,16400000,0.26516
disabled,256,5000,68300000,0.26484
disabled,256,5000,73600000,0.26795
disabled,256,5000,75000000,0.26816
disabled,256,5000,76500000,0.26819
disabled,256,5000,34000000,0.26934
disabled,256,5000,49200000,0.27048
disabled,256,5000,31200000,0.26846
disabled,256,5000,25000000,0.26805
disabled,256,5000,25100000,0.26681
disabled,256,5000,28400000,0.26711
disabled,256,5000,2800000,0.27633
disabled,256,5000,700000,0.50235
disabled,256,5000,13800000,0.26865
disabled,256,5000,22600000,0.26711
disabled,256,5000,23500000,0.26717
disabled,256,5000,42300000,0.26799
disabled,256,5000,40200000,0.2688
disabled,256,5000,500000,0.54456
disabled,256,5000,17500000,0.26872
disabled,256,5000,23100000,0.2682
disabled,256,5000,55700000,0.26912
disabled,256,5000,65200000,0.26955
disabled,256,5000,77600000,0.26998
disabled,256,5000,12200000,0.26978
disabled,256,5000,41100000,0.26698
disabled,256,5000,44200000,0.26823
disabled,256,5000,33200000,0.26846
disabled,256,5000,30500000,0.26716
disabled,256,5000,2100000,0.32603
disabled,256,5000,56800000,0.26843
disabled,256,5000,59600000,0.26528
disabled,256,5000,67700000,0.27013
disabled,256,5000,73400000,0.26874
disabled,256,5000,41400000,0.2671
disabled,256,5000,39800000,0.26773
disabled,256,5000,34800000,0.2687
disabled,256,5000,25900000,0.26759
disabled,256,5000,18100000,0.26927
disabled,256,5000,64700000,0.26734
disabled,256,5000,48200000,0.26911
disabled,256,5000,12900000,0.26921
disabled,256,5000,30800000,0.2697
disabled,256,5000,8500000,0.26808
disabled,256,5000,8000000,0.26771
disabled,256,5000,50300000,0.26841
disabled,256,5000,45900000,0.26753
disabled,256,5000,17700000,0.26711
disabled,256,5000,24100000,0.27029
disabled,256,5000,66700000,0.26957
disabled,256,5000,35700000,0.269
disabled,256,5000,6600000,0.26618
disabled,256,5000,16600000,0.26844
disabled,256,5000,34600000,0.26887
disabled,256,5000,28800000,0.26835
disabled,256,5000,20500000,0.2692
disabled,256,5000,20800000,0.26972
disabled,256,5000,24000000,0.26891
disabled,256,5000,56000000,0.26723
disabled,256,5000,66600000,0.26713
disabled,256,5000,72600000,0.26984
disabled,256,5000,40300000,0.26658
disabled,256,5000,7700000,0.26939
disabled,256,5000,7500000,0.26729
disabled,256,5000,21600000,0.26777
disabled,256,5000,74700000,0.26727
disabled,256,5000,28000000,0.2712
disabled,256,5000,8600000,0.26949
disabled,256,5000,24500000,0.26735
disabled,256,5000,77500000,0.27053
disabled,256,5000,50900000,0.26914
disabled,256,5000,45300000,0.26763
disabled,256,5000,56500000,0.26719
disabled,256,5000,58500000,0.2675
disabled,256,5000,75500000,0.26867
disabled,256,5000,78500000,0.26744
disabled,256,5000,23700000,0.26803
disabled,256,5000,24400000,0.26707
disabled,256,5000,54000000,0.26739
disabled,256,5000,40100000,0.26912
disabled,256,5000,7200000,0.26901
disabled,256,5000,16200000,0.26901
disabled,256,5000,63300000,0.26625
disabled,256,5000,75600000,0.26675
disabled,256,5000,47600000,0.26891
disabled,256,5000,26600000,0.26675
disabled,256,5000,7300000,0.26768
disabled,256,5000,15300000,0.26769
disabled,256,5000,21400000,0.26941
disabled,256,5000,57800000,0.26828
disabled,256,5000,33500000,0.26982
disabled,256,5000,56400000,0.27006
disabled,256,5000,66000000,0.26928
disabled,256,5000,71300000,0.26654
disabled,256,5000,13200000,0.26745
disabled,256,5000,30900000,0.26906
disabled,256,5000,10500000,0.26895
disabled,256,5000,7400000,0.2691
disabled,256,5000,22000000,0.26865
disabled,256,5000,55200000,0.26959
disabled,256,5000,50200000,0.26766
disabled,256,5000,42500000,0.26802
disabled,256,5000,600000,0.52124
disabled,256,5000,3300000,0.26796
disabled,256,5000,4600000,0.26753
disabled,256,5000,21000000,0.26735
disabled,256,5000,54400000,0.26629
disabled,256,5000,58200000,0.26691
disabled,256,5000,49500000,0.26646
disabled,256,5000,10100000,0.2679
disabled,256,5000,9800000,0.26839
disabled,256,5000,9700000,0.26753
disabled,256,5000,16800000,0.26971
disabled,256,5000,19500000,0.26814
disabled,256,5000,64800000,0.26822
disabled,256,5000,77800000,0.2678
disabled,256,5000,78800000,0.26871
disabled,256,5000,53300000,0.26695
disabled,256,5000,47400000,0.26787
disabled,256,5000,9600000,0.26938
disabled,256,5000,4700000,0.26765
disabled,256,5000,17200000,0.26734
disabled,256,5000,20400000,0.26631
disabled,256,5000,25400000,0.26958
disabled,256,5000,71400000,0.26649
disabled,256,5000,70600000,0.26894
disabled,256,5000,51600000,0.26748
disabled,256,5000,36400000,0.26727
disabled,256,5000,9000000,0.26839
disabled,256,5000,6200000,0.26893
disabled,256,5000,22800000,0.26788
disabled,256,5000,55400000,0.26983
disabled,256,5000,51000000,0.26903
disabled,256,5000,37500000,0.26676
disabled,256,5000,29900000,0.26699
disabled,256,5000,32900000,0.26693
disabled,256,5000,11400000,0.26705
disabled,256,5000,10800000,0.26623
disabled,256,5000,23200000,0.26782
disabled,256,5000,61600000,0.26911
disabled,256,5000,76000000,0.26858
disabled,256,5000,76800000,0.26906
disabled,256,5000,77700000,0.26686
disabled,256,5000,17100000,0.27163
disabled,256,5000,16100000,0.26931
disabled,256,5000,51800000,0.26648
disabled,256,5000,45600000,0.27019
disabled,256,5000,32700000,0.27038
disabled,256,5000,31100000,0.26761
disabled,256,5000,11700000,0.26664
disabled,256,5000,25300000,0.26728
disabled,256,5000,38700000,0.26762
disabled,256,5000,13100000,0.26779
disabled,256,5000,65700000,0.26908
disabled,256,5000,39900000,0.26783
disabled,256,5000,34100000,0.2688
disabled,256,5000,32200000,0.26795
disabled,256,5000,29700000,0.26695
disabled,256,5000,62000000,0.267
disabled,256,5000,78000000,0.26759
disabled,256,5000,44400000,0.26851
disabled,256,5000,27900000,0.26642
disabled,256,5000,5500000,0.26749
disabled,256,5000,13000000,0.26703
disabled,256,5000,21900000,0.26993
disabled,256,5000,64000000,0.26855
disabled,256,5000,69300000,0.26658
disabled,256,5000,75100000,0.26809
disabled,256,5000,49000000,0.26751
disabled,256,5000,52300000,0.26664
disabled,256,5000,34700000,0.26901
disabled,256,5000,26300000,0.26681
disabled,256,5000,8800000,0.26748
disabled,256,5000,3400000,0.26828
disabled,256,5000,19900000,0.26883
disabled,256,5000,25500000,0.26619
disabled,256,5000,77200000,0.2685
disabled,256,5000,44000000,0.26942
disabled,256,5000,62400000,0.26819
disabled,256,5000,67800000,0.26736
disabled,256,5000,72800000,0.26652
disabled,256,5000,76900000,0.26959
disabled,256,5000,43700000,0.26868
disabled,256,5000,38400000,0.26906
disabled,256,5000,6800000,0.26909
disabled,256,5000,54800000,0.26794
disabled,256,5000,65600000,0.26845
disabled,256,5000,67400000,0.26473
disabled,256,5000,68100000,0.26576
disabled,256,5000,77400000,0.26645
disabled,256,5000,69500000,0.2671
disabled,256,5000,42400000,0.26628
disabled,256,5000,41200000,0.26953
disabled,256,5000,39700000,0.26852
disabled,256,5000,11600000,0.2674
disabled,256,5000,7100000,0.26772
disabled,256,5000,69900000,0.27045
disabled,256,5000,52500000,0.26732
disabled,256,5000,51100000,0.26798
disabled,256,5000,8400000,0.26701
disabled,256,5000,56100000,0.26891
disabled,256,5000,63900000,0.26858
disabled,256,5000,40600000,0.26606
disabled,256,5000,14900000,0.26752
disabled,256,5000,77000000,0.26727
disabled,256,5000,61500000,0.27022
disabled,256,5000,52200000,0.26677
disabled,256,5000,2500000,0.29508
disabled,256,5000,18500000,0.26829
disabled,256,5000,68700000,0.26874
disabled,256,5000,75900000,0.26848
disabled,256,5000,43400000,0.26658
disabled,256,5000,37100000,0.26661
disabled,256,5000,36000000,0.26855
disabled,256,5000,34400000,0.26881
disabled,256,5000,62600000,0.27016
disabled,256,5000,51700000,0.26969
disabled,256,5000,39000000,0.2685
disabled,256,5000,33700000,0.2681
disabled,256,5000,29500000,0.27014
disabled,256,5000,8200000,0.26935
disabled,256,5000,100000,0.73732
disabled,256,5000,24600000,0.26783
disabled,256,5000,59900000,0.26964
disabled,256,5000,65300000,0.26891
disabled,256,5000,48600000,0.26752
disabled,256,5000,48500000,0.26813
disabled,256,5000,5300000,0.26683
disabled,256,5000,63400000,0.2676
disabled,256,5000,66400000,0.27062
disabled,256,5000,35600000,0.26945
disabled,256,5000,32800000,0.26743
disabled,256,5000,27400000,0.26666
disabled,256,5000,1300000,0.4075
disabled,256,5000,24900000,0.26789
disabled,256,5000,58300000,0.26838
disabled,256,5000,66100000,0.26746
disabled,256,5000,70000000,0.26906
disabled,256,5000,71600000,0.26904
disabled,256,5000,77300000,0.269
disabled,256,5000,60900000,0.26927
disabled,256,5000,35200000,0.26969
disabled,256,5000,28300000,0.26813
disabled,256,5000,15700000,0.26877
disabled,256,5000,79300000,0.26641
disabled,256,5000,41300000,0.26825
disabled,256,5000,35400000,0.26925
disabled,256,5000,11200000,0.26642
disabled,256,5000,15800000,0.2704
disabled,256,5000,56200000,0.26792
disabled,256,5000,69000000,0.26854
disabled,256,5000,25800000,0.26841
disabled,256,5000,5000000,0.26969
disabled,256,5000,19800000,0.26769
disabled,256,5000,57700000,0.26691
disabled,256,5000,74300000,0.2677
disabled,256,5000,79200000,0.26935
disabled,256,5000,35000000,0.26911
disabled,256,5000,34300000,0.26811
disabled,256,5000,30000000,0.26905
disabled,256,5000,11000000,0.26712
disabled,256,5000,18200000,0.26964
disabled,256,5000,21100000,0.26731
disabled,256,5000,24800000,0.2698
disabled,256,5000,57200000,0.26857
disabled,256,5000,68200000,0.26899
disabled,256,5000,2400000,0.30113
disabled,256,5000,20700000,0.26986
disabled,256,5000,44300000,0.26748
disabled,256,5000,36500000,0.26702
disabled,256,5000,15600000,0.26751
disabled,256,5000,18400000,0.26824
disabled,256,5000,23600000,0.26922
disabled,256,5000,67300000,0.26871
disabled,256,5000,68500000,0.26843
disabled,256,5000,52000000,0.26877
disabled,256,5000,46100000,0.26894
disabled,256,5000,27700000,0.27003
disabled,256,5000,25700000,0.26744
disabled,256,5000,5900000,0.26715
disabled,256,5000,20600000,0.26861
disabled,256,5000,66300000,0.26753
disabled,256,5000,71100000,0.27037
disabled,256,5000,33000000,0.26651
disabled,256,5000,60400000,0.27041
disabled,256,5000,73900000,0.2677
disabled,256,5000,67600000,0.26905
disabled,256,5000,50500000,0.26917
disabled,256,5000,49800000,0.26901
disabled,256,5000,44600000,0.26966
disabled,256,5000,3200000,0.26801
disabled,256,5000,13500000,0.27055
disabled,256,5000,18300000,0.26718
disabled,256,5000,18600000,0.26683
disabled,256,5000,13600000,0.26565
disabled,256,5000,16500000,0.26941
disabled,256,5000,57300000,0.26795
disabled,256,5000,53000000,0.26827
disabled,256,5000,48700000,0.26701
disabled,256,5000,39200000,0.26851
disabled,256,5000,10400000,0.26774
disabled,256,5000,14500000,0.26795
disabled,256,5000,64100000,0.26712
disabled,256,5000,60800000,0.26674
disabled,256,5000,44800000,0.26648
disabled,256,5000,27100000,0.26808
disabled,256,5000,19700000,0.26793
disabled,256,5000,67000000,0.26937
disabled,256,5000,74800000,0.26929
disabled,256,5000,78900000,0.26812
disabled,256,5000,45800000,0.2687
disabled,256,5000,8300000,0.26833
disabled,256,5000,14400000,0.26831
disabled,256,5000,21500000,0.26743
disabled,256,5000,58800000,0.26738
disabled,256,5000,62500000,0.26706
disabled,256,5000,52700000,0.26734
disabled,256,5000,39300000,0.26786
disabled,256,5000,38100000,0.26662
disabled,256,5000,19300000,0.26918
disabled,256,5000,50100000,0.26765
disabled,256,5000,40800000,0.26835
disabled,256,5000,54900000,0.26666
disabled,256,5000,58400000,0.26669
disabled,256,5000,74900000,0.26783
disabled,256,5000,1600000,0.37185
disabled,256,5000,5800000,0.26866
disabled,256,5000,59800000,0.27149
disabled,256,5000,76600000,0.27001
disabled,256,5000,34900000,0.26856
disabled,256,5000,4100000,0.269
disabled,256,5000,58000000,0.26849
disabled,256,5000,59500000,0.26868
disabled,256,5000,49400000,0.26775
disabled,256,5000,46000000,0.26933
disabled,256,5000,45400000,0.26831
disabled,256,5000,44100000,0.2673
disabled,256,5000,4500000,0.26744
disabled,256,5000,69100000,0.26896
disabled,256,5000,74600000,0.26962
disabled,256,5000,53700000,0.26815
disabled,256,5000,41000000,0.26606
disabled,256,5000,38600000,0.26739
disabled,256,5000,28100000,0.26736
disabled,256,5000,60700000,0.26935
disabled,256,5000,63600000,0.26823
disabled,256,5000,68600000,0.2694
disabled,256,5000,78600000,0.26885
disabled,256,5000,71900000,0.26754
disabled,256,5000,48800000,0.26784
disabled,256,5000,10600000,0.26723
disabled,256,5000,14100000,0.26859
disabled,256,5000,55500000,0.2675
disabled,256,5000,68000000,0.26706
disabled,256,5000,48000000,0.26822
disabled,256,5000,26500000,0.26875
disabled,256,5000,12600000,0.26804
disabled,256,5000,70300000,0.26857
disabled,256,5000,53600000,0.27168
disabled,256,5000,47200000,0.26981
disabled,256,5000,33800000,0.26809
disabled,256,5000,18800000,0.26712
disabled,256,5000,67500000,0.26589
disabled,256,5000,78300000,0.26807
disabled,256,5000,53400000,0.26773
disabled,256,5000,27500000,0.26911
disabled,256,5000,1500000,0.3841
disabled,256,5000,15200000,0.26599
disabled,256,5000,24300000,0.26777
disabled,256,5000,64900000,0.26941
disabled,256,5000,61800000,0.2697
disabled,256,5000,49700000,0.26953
disabled,256,5000,29400000,0.26858
disabled,256,5000,9300000,0.26814
disabled,256,5000,9100000,0.26833
disabled,256,5000,6000000,0.26674
disabled,256,5000,17400000,0.27136
disabled,256,5000,76100000,0.26941
disabled,256,5000,71200000,0.26664
disabled,256,5000,45000000,0.26888
disabled,256,5000,60600000,0.26841
disabled,256,5000,76200000,0.2673
disabled,256,5000,200000,0.64834
disabled,256,5000,12700000,0.26694
disabled,256,5000,62200000,0.2674
disabled,256,5000,63800000,0.26817
disabled,256,5000,67900000,0.26781
disabled,256,5000,33600000,0.26645
disabled,256,5000,27600000,0.26618
disabled,256,5000,30600000,0.26797
disabled,256,5000,28900000,0.26709
disabled,256,5000,26100000,0.26927
disabled,256,5000,15000000,0.26908
disabled,256,5000,61000000,0.26761
disabled,256,5000,66800000,0.26706
disabled,256,5000,35900000,0.26906
disabled,256,5000,6100000,0.26712
disabled,256,5000,14300000,0.26593
disabled,256,5000,62900000,0.27092
disabled,256,5000,63700000,0.26923
disabled,256,5000,47800000,0.26933
disabled,256,5000,42900000,0.26602
disabled,256,5000,46300000,0.26899
marginal-hits-interval-100k,256,100000,51300000,0.17749
marginal-hits-interval-100k,256,100000,46200000,0.18101
marginal-hits-interval-100k,256,100000,40500000,0.17968
marginal-hits-interval-100k,256,100000,33300000,0.17686
marginal-hits-interval-100k,256,100000,31400000,0.17355
marginal-hits-interval-100k,256,100000,3800000,0.25623
marginal-hits-interval-100k,256,100000,37000000,0.17682
marginal-hits-interval-100k,256,100000,0,0.0
marginal-hits-interval-100k,256,100000,400000,0.57264
marginal-hits-interval-100k,256,100000,3500000,0.26587
marginal-hits-interval-100k,256,100000,4900000,0.23794
marginal-hits-interval-100k,256,100000,54600000,0.17781
marginal-hits-interval-100k,256,100000,73100000,0.1759
marginal-hits-interval-100k,256,100000,75300000,0.18102
marginal-hits-interval-100k,256,100000,36600000,0.17395
marginal-hits-interval-100k,256,100000,30400000,0.17888
marginal-hits-interval-100k,256,100000,30200000,0.18003
marginal-hits-interval-100k,256,100000,29000000,0.17913
marginal-hits-interval-100k,256,100000,24700000,0.17745
marginal-hits-interval-100k,256,100000,54500000,0.1753
marginal-hits-interval-100k,256,100000,43800000,0.17886
marginal-hits-interval-100k,256,100000,33900000,0.17786
marginal-hits-interval-100k,256,100000,71000000,0.1768
marginal-hits-interval-100k,256,100000,79400000,0.1753
marginal-hits-interval-100k,256,100000,36900000,0.17456
marginal-hits-interval-100k,256,100000,26400000,0.18066
marginal-hits-interval-100k,256,100000,11500000,0.19453
marginal-hits-interval-100k,256,100000,9500000,0.19693
marginal-hits-interval-100k,256,100000,22900000,0.17539
marginal-hits-interval-100k,256,100000,23800000,0.17597
marginal-hits-interval-100k,256,100000,62300000,0.17391
marginal-hits-interval-100k,256,100000,65000000,0.17779
marginal-hits-interval-100k,256,100000,49600000,0.17505
marginal-hits-interval-100k,256,100000,42700000,0.17174
marginal-hits-interval-100k,256,100000,28600000,0.17603
marginal-hits-interval-100k,256,100000,9200000,0.199
marginal-hits-interval-100k,256,100000,1000000,0.45002
marginal-hits-interval-100k,256,100000,65500000,0.17753
marginal-hits-interval-100k,256,100000,43300000,0.17576
marginal-hits-interval-100k,256,100000,40400000,0.17569
marginal-hits-interval-100k,256,100000,32300000,0.17585
marginal-hits-interval-100k,256,100000,7800000,0.20865
marginal-hits-interval-100k,256,100000,23000000,0.17578
marginal-hits-interval-100k,256,100000,55600000,0.17675
marginal-hits-interval-100k,256,100000,60200000,0.17678
marginal-hits-interval-100k,256,100000,1100000,0.43577
marginal-hits-interval-100k,256,100000,5400000,0.23823
marginal-hits-interval-100k,256,100000,22300000,0.17916
marginal-hits-interval-100k,256,100000,55800000,0.17584
marginal-hits-interval-100k,256,100000,77900000,0.17655
marginal-hits-interval-100k,256,100000,49900000,0.17379
marginal-hits-interval-100k,256,100000,43600000,0.17868
marginal-hits-interval-100k,256,100000,2300000,0.30849
marginal-hits-interval-100k,256,100000,54700000,0.17768
marginal-hits-interval-100k,256,100000,56700000,0.17897
marginal-hits-interval-100k,256,100000,72500000,0.17502
marginal-hits-interval-100k,256,100000,74000000,0.17686
marginal-hits-interval-100k,256,100000,53100000,0.17838
marginal-hits-interval-100k,256,100000,41700000,0.17614
marginal-hits-interval-100k,256,100000,34200000,0.17683
marginal-hits-interval-100k,256,100000,27000000,0.17694
marginal-hits-interval-100k,256,100000,12500000,0.19019
marginal-hits-interval-100k,256,100000,8700000,0.19985
marginal-hits-interval-100k,256,100000,60100000,0.17634
marginal-hits-interval-100k,256,100000,69200000,0.17624
marginal-hits-interval-100k,256,100000,73500000,0.17825
marginal-hits-interval-100k,256,100000,46800000,0.17863
marginal-hits-interval-100k,256,100000,31900000,0.17465
marginal-hits-interval-100k,256,100000,28200000,0.17313
marginal-hits-interval-100k,256,100000,1800000,0.35501
marginal-hits-interval-100k,256,100000,69800000,0.17251
marginal-hits-interval-100k,256,100000,72300000,0.17578
marginal-hits-interval-100k,256,100000,79100000,0.18
marginal-hits-interval-100k,256,100000,79600000,0.17713
marginal-hits-interval-100k,256,100000,48300000,0.17372
marginal-hits-interval-100k,256,100000,39400000,0.17405
marginal-hits-interval-100k,256,100000,7600000,0.21081
marginal-hits-interval-100k,256,100000,2200000,0.3158
marginal-hits-interval-100k,256,100000,300000,0.60595
marginal-hits-interval-100k,256,100000,14800000,0.18559
marginal-hits-interval-100k,256,100000,16700000,0.18175
marginal-hits-interval-100k,256,100000,22100000,0.17737
marginal-hits-interval-100k,256,100000,79800000,0.17479
marginal-hits-interval-100k,256,100000,47900000,0.17033
marginal-hits-interval-100k,256,100000,47700000,0.17251
marginal-hits-interval-100k,256,100000,40900000,0.17802
marginal-hits-interval-100k,256,100000,20100000,0.17522
marginal-hits-interval-100k,256,100000,20300000,0.17827
marginal-hits-interval-100k,256,100000,57500000,0.17528
marginal-hits-interval-100k,256,100000,63000000,0.17022
marginal-hits-interval-100k,256,100000,71500000,0.17484
marginal-hits-interval-100k,256,100000,8100000,0.20483
marginal-hits-interval-100k,256,100000,2900000,0.26872
marginal-hits-interval-100k,256,100000,14000000,0.18534
marginal-hits-interval-100k,256,100000,22200000,0.17806
marginal-hits-interval-100k,256,100000,55300000,0.17927
marginal-hits-interval-100k,256,100000,57400000,0.17591
marginal-hits-interval-100k,256,100000,67200000,0.17657
marginal-hits-interval-100k,256,100000,70200000,0.17432
marginal-hits-interval-100k,256,100000,72100000,0.17396
marginal-hits-interval-100k,256,100000,78400000,0.174
marginal-hits-interval-100k,256,100000,26800000,0.17728
marginal-hits-interval-100k,256,100000,65800000,0.17665
marginal-hits-interval-100k,256,100000,67100000,0.17525
marginal-hits-interval-100k,256,100000,37200000,0.17677
marginal-hits-interval-100k,256,100000,10900000,0.19079
marginal-hits-interval-100k,256,100000,16300000,0.18138
marginal-hits-interval-100k,256,100000,22400000,0.17871
marginal-hits-interval-100k,256,100000,71800000,0.17694
marginal-hits-interval-100k,256,100000,72400000,0.17597
marginal-hits-interval-100k,256,100000,50800000,0.17188
marginal-hits-interval-100k,256,100000,38500000,0.17977
marginal-hits-interval-100k,256,100000,29600000,0.17603
marginal-hits-interval-100k,256,100000,28500000,0.17955
marginal-hits-interval-100k,256,100000,26700000,0.17882
marginal-hits-interval-100k,256,100000,75800000,0.17526
marginal-hits-interval-100k,256,100000,23900000,0.17781
marginal-hits-interval-100k,256,100000,59200000,0.17811
marginal-hits-interval-100k,256,100000,47500000,0.17581
marginal-hits-interval-100k,256,100000,42600000,0.17235
marginal-hits-interval-100k,256,100000,35300000,0.1756
marginal-hits-interval-100k,256,100000,30700000,0.17853
marginal-hits-interval-100k,256,100000,72900000,0.17433
marginal-hits-interval-100k,256,100000,73800000,0.17477
marginal-hits-interval-100k,256,100000,52100000,0.17572
marginal-hits-interval-100k,256,100000,38300000,0.17798
marginal-hits-interval-100k,256,100000,42800000,0.17284
marginal-hits-interval-100k,256,100000,12300000,0.18818
marginal-hits-interval-100k,256,100000,6300000,0.22312
marginal-hits-interval-100k,256,100000,64300000,0.17351
marginal-hits-interval-100k,256,100000,75400000,0.1797
marginal-hits-interval-100k,256,100000,75700000,0.17765
marginal-hits-interval-100k,256,100000,45200000,0.17552
marginal-hits-interval-100k,256,100000,41900000,0.18033
marginal-hits-interval-100k,256,100000,37700000,0.17682
marginal-hits-interval-100k,256,100000,30300000,0.17895
marginal-hits-interval-100k,256,100000,54200000,0.17423
marginal-hits-interval-100k,256,100000,55100000,0.17894
marginal-hits-interval-100k,256,100000,57900000,0.17759
marginal-hits-interval-100k,256,100000,59400000,0.17786
marginal-hits-interval-100k,256,100000,70400000,0.17614
marginal-hits-interval-100k,256,100000,47000000,0.17925
marginal-hits-interval-100k,256,100000,43100000,0.17513
marginal-hits-interval-100k,256,100000,35800000,0.18179
marginal-hits-interval-100k,256,100000,2000000,0.33305
marginal-hits-interval-100k,256,100000,1700000,0.36041
marginal-hits-interval-100k,256,100000,1200000,0.41948
marginal-hits-interval-100k,256,100000,5600000,0.23137
marginal-hits-interval-100k,256,100000,15500000,0.18204
marginal-hits-interval-100k,256,100000,20000000,0.1791
marginal-hits-interval-100k,256,100000,78100000,0.17963
marginal-hits-interval-100k,256,100000,12400000,0.18899
marginal-hits-interval-100k,256,100000,8900000,0.19982
marginal-hits-interval-100k,256,100000,24200000,0.17475
marginal-hits-interval-100k,256,100000,54300000,0.17649
marginal-hits-interval-100k,256,100000,58700000,0.17501
marginal-hits-interval-100k,256,100000,60000000,0.17576
marginal-hits-interval-100k,256,100000,64500000,0.17795
marginal-hits-interval-100k,256,100000,48900000,0.17417
marginal-hits-interval-100k,256,100000,42200000,0.17406
marginal-hits-interval-100k,256,100000,11800000,0.19029
marginal-hits-interval-100k,256,100000,17300000,0.18361
marginal-hits-interval-100k,256,100000,20900000,0.1775
marginal-hits-interval-100k,256,100000,57600000,0.17501
marginal-hits-interval-100k,256,100000,63500000,0.17532
marginal-hits-interval-100k,256,100000,66900000,0.17665
marginal-hits-interval-100k,256,100000,77100000,0.17698
marginal-hits-interval-100k,256,100000,31300000,0.1773
marginal-hits-interval-100k,256,100000,44900000,0.17523
marginal-hits-interval-100k,256,100000,41800000,0.17628
marginal-hits-interval-100k,256,100000,39100000,0.17303
marginal-hits-interval-100k,256,100000,11300000,0.18942
marginal-hits-interval-100k,256,100000,10200000,0.19149
marginal-hits-interval-100k,256,100000,1400000,0.39672
marginal-hits-interval-100k,256,100000,23300000,0.17892
marginal-hits-interval-100k,256,100000,46400000,0.17761
marginal-hits-interval-100k,256,100000,31700000,0.17307
marginal-hits-interval-100k,256,100000,31000000,0.17627
marginal-hits-interval-100k,256,100000,73700000,0.17609
marginal-hits-interval-100k,256,100000,61100000,0.17671
marginal-hits-interval-100k,256,100000,11100000,0.19028
marginal-hits-interval-100k,256,100000,19400000,0.17988
marginal-hits-interval-100k,256,100000,57000000,0.175
marginal-hits-interval-100k,256,100000,70700000,0.17649
marginal-hits-interval-100k,256,100000,48100000,0.17656
marginal-hits-interval-100k,256,100000,69700000,0.1723
marginal-hits-interval-100k,256,100000,36100000,0.1775
marginal-hits-interval-100k,256,100000,32400000,0.17842
marginal-hits-interval-100k,256,100000,18700000,0.17952
marginal-hits-interval-100k,256,100000,64200000,0.17233
marginal-hits-interval-100k,256,100000,64400000,0.17516
marginal-hits-interval-100k,256,100000,73000000,0.1757
marginal-hits-interval-100k,256,100000,79000000,0.17714
marginal-hits-interval-100k,256,100000,40700000,0.17848
marginal-hits-interval-100k,256,100000,6700000,0.21557
marginal-hits-interval-100k,256,100000,4200000,0.25119
marginal-hits-interval-100k,256,100000,16900000,0.18017
marginal-hits-interval-100k,256,100000,50400000,0.17518
marginal-hits-interval-100k,256,100000,41600000,0.17294
marginal-hits-interval-100k,256,100000,38900000,0.1745
marginal-hits-interval-100k,256,100000,37800000,0.17576
marginal-hits-interval-100k,256,100000,29200000,0.18084
marginal-hits-interval-100k,256,100000,29100000,0.17888
marginal-hits-interval-100k,256,100000,10300000,0.1916
marginal-hits-interval-100k,256,100000,5700000,0.23434
marginal-hits-interval-100k,256,100000,54100000,0.17289
marginal-hits-interval-100k,256,100000,45100000,0.17276
marginal-hits-interval-100k,256,100000,43900000,0.18008
marginal-hits-interval-100k,256,100000,33100000,0.17602
marginal-hits-interval-100k,256,100000,63100000,0.17175
marginal-hits-interval-100k,256,100000,53900000,0.17916
marginal-hits-interval-100k,256,100000,50700000,0.17443
marginal-hits-interval-100k,256,100000,900000,0.46561
marginal-hits-interval-100k,256,100000,18900000,0.17873
marginal-hits-interval-100k,256,100000,21200000,0.17635
marginal-hits-interval-100k,256,100000,21300000,0.17995
marginal-hits-interval-100k,256,100000,57100000,0.17158
marginal-hits-interval-100k,256,100000,55900000,0.17789
marginal-hits-interval-100k,256,100000,56900000,0.17476
marginal-hits-interval-100k,256,100000,70100000,0.17682
marginal-hits-interval-100k,256,100000,79900000,0.17515
marginal-hits-interval-100k,256,100000,37300000,0.17603
marginal-hits-interval-100k,256,100000,53800000,0.17552
marginal-hits-interval-100k,256,100000,51200000,0.17805
marginal-hits-interval-100k,256,100000,45700000,0.17232
marginal-hits-interval-100k,256,100000,27800000,0.17675
marginal-hits-interval-100k,256,100000,26000000,0.17837
marginal-hits-interval-100k,256,100000,19100000,0.18028
marginal-hits-interval-100k,256,100000,21800000,0.17774
marginal-hits-interval-100k,256,100000,61700000,0.17343
marginal-hits-interval-100k,256,100000,51500000,0.17454
marginal-hits-interval-100k,256,100000,38000000,0.17446
marginal-hits-interval-100k,256,100000,29800000,0.1738
marginal-hits-interval-100k,256,100000,4000000,0.25713
marginal-hits-interval-100k,256,100000,4300000,0.25009
marginal-hits-interval-100k,256,100000,20200000,0.17752
marginal-hits-interval-100k,256,100000,22700000,0.17622
marginal-hits-interval-100k,256,100000,65400000,0.17694
marginal-hits-interval-100k,256,100000,10700000,0.19285
marginal-hits-interval-100k,256,100000,2700000,0.28268
marginal-hits-interval-100k,256,100000,15100000,0.18547
marginal-hits-interval-100k,256,100000,15400000,0.18216
marginal-hits-interval-100k,256,100000,19000000,0.17707
marginal-hits-interval-100k,256,100000,73200000,0.17616
marginal-hits-interval-100k,256,100000,76700000,0.1788
marginal-hits-interval-100k,256,100000,78700000,0.17472
marginal-hits-interval-100k,256,100000,79700000,0.17675
marginal-hits-interval-100k,256,100000,31600000,0.17622
marginal-hits-interval-100k,256,100000,49100000,0.17445
marginal-hits-interval-100k,256,100000,42100000,0.17658
marginal-hits-interval-100k,256,100000,47300000,0.17771
marginal-hits-interval-100k,256,100000,27200000,0.17495
marginal-hits-interval-100k,256,100000,11900000,0.19491
marginal-hits-interval-100k,256,100000,25600000,0.18121
marginal-hits-interval-100k,256,100000,32600000,0.17219
marginal-hits-interval-100k,256,100000,6400000,0.22065
marginal-hits-interval-100k,256,100000,23400000,0.17862
marginal-hits-interval-100k,256,100000,59000000,0.17519
marginal-hits-interval-100k,256,100000,62100000,0.17265
marginal-hits-interval-100k,256,100000,68900000,0.17545
marginal-hits-interval-100k,256,100000,13900000,0.18166
marginal-hits-interval-100k,256,100000,17800000,0.18412
marginal-hits-interval-100k,256,100000,52900000,0.17969
marginal-hits-interval-100k,256,100000,43500000,0.17678
marginal-hits-interval-100k,256,100000,3000000,0.2693
marginal-hits-interval-100k,256,100000,19200000,0.17869
marginal-hits-interval-100k,256,100000,45500000,0.17413
marginal-hits-interval-100k,256,100000,4800000,0.24292
marginal-hits-interval-100k,256,100000,19600000,0.17587
marginal-hits-interval-100k,256,100000,72000000,0.17228
marginal-hits-interval-100k,256,100000,75200000,0.17545
marginal-hits-interval-100k,256,100000,48400000,0.17234
marginal-hits-interval-100k,256,100000,44500000,0.17692
marginal-hits-interval-100k,256,100000,34500000,0.1752
marginal-hits-interval-100k,256,100000,65100000,0.17562
marginal-hits-interval-100k,256,100000,73300000,0.17628
marginal-hits-interval-100k,256,100000,79500000,0.17654
marginal-hits-interval-100k,256,100000,61200000,0.17425
marginal-hits-interval-100k,256,100000,50000000,0.17466
marginal-hits-interval-100k,256,100000,36300000,0.17228
marginal-hits-interval-100k,256,100000,7900000,0.20694
marginal-hits-interval-100k,256,100000,5100000,0.23738
marginal-hits-interval-100k,256,100000,74200000,0.17571
marginal-hits-interval-100k,256,100000,49300000,0.17329
marginal-hits-interval-100k,256,100000,46900000,0.17818
marginal-hits-interval-100k,256,100000,6500000,0.22069
marginal-hits-interval-100k,256,100000,2600000,0.28756
marginal-hits-interval-100k,256,100000,64600000,0.17416
marginal-hits-interval-100k,256,100000,53500000,0.17908
marginal-hits-interval-100k,256,100000,52800000,0.17637
marginal-hits-interval-100k,256,100000,52400000,0.17476
marginal-hits-interval-100k,256,100000,51900000,0.17323
marginal-hits-interval-100k,256,100000,41500000,0.17237
marginal-hits-interval-100k,256,100000,38200000,0.18181
marginal-hits-interval-100k,256,100000,31800000,0.17492
marginal-hits-interval-100k,256,100000,29300000,0.17802
marginal-hits-interval-100k,256,100000,26900000,0.17778
marginal-hits-interval-100k,256,100000,69600000,0.17238
marginal-hits-interval-100k,256,100000,62800000,0.17172
marginal-hits-interval-100k,256,100000,51400000,0.1769
marginal-hits-interval-100k,256,100000,7000000,0.21515
marginal-hits-interval-100k,256,100000,3600000,0.26475
marginal-hits-interval-100k,256,100000,14200000,0.18296
marginal-hits-interval-100k,256,100000,55000000,0.17557
marginal-hits-interval-100k,256,100000,74500000,0.17475
marginal-hits-interval-100k,256,100000,50600000,0.17483
marginal-hits-interval-100k,256,100000,30100000,0.17724
marginal-hits-interval-100k,256,100000,56300000,0.1783
marginal-hits-interval-100k,256,100000,37900000,0.17447
marginal-hits-interval-100k,256,100000,12000000,0.19227
marginal-hits-interval-100k,256,100000,6900000,0.21652
marginal-hits-interval-100k,256,100000,58100000,0.17847
marginal-hits-interval-100k,256,100000,58600000,0.17406
marginal-hits-interval-100k,256,100000,60300000,0.17703
marginal-hits-interval-100k,256,100000,43200000,0.17575
marginal-hits-interval-100k,256,100000,10000000,0.19903
marginal-hits-interval-100k,256,100000,3900000,0.25562
marginal-hits-interval-100k,256,100000,25200000,0.17569
marginal-hits-interval-100k,256,100000,56600000,0.17683
marginal-hits-interval-100k,256,100000,59700000,0.17846
marginal-hits-interval-100k,256,100000,39600000,0.17282
marginal-hits-interval-100k,256,100000,5200000,0.23803
marginal-hits-interval-100k,256,100000,59100000,0.17426
marginal-hits-interval-100k,256,100000,59300000,0.18097
marginal-hits-interval-100k,256,100000,66200000,0.17433
marginal-hits-interval-100k,256,100000,68400000,0.17537
marginal-hits-interval-100k,256,100000,71700000,0.17548
marginal-hits-interval-100k,256,100000,72700000,0.17818
marginal-hits-interval-100k,256,100000,74100000,0.1755
marginal-hits-interval-100k,256,100000,62700000,0.17022
marginal-hits-interval-100k,256,100000,17900000,0.18516
marginal-hits-interval-100k,256,100000,35100000,0.17783
marginal-hits-interval-100k,256,100000,43000000,0.17384
marginal-hits-interval-100k,256,100000,22500000,0.17546
marginal-hits-interval-100k,256,100000,60500000,0.17737
marginal-hits-interval-100k,256,100000,70900000,0.1757
marginal-hits-interval-100k,256,100000,76400000,0.17731
marginal-hits-interval-100k,256,100000,36200000,0.17445
marginal-hits-interval-100k,256,100000,32500000,0.17624
marginal-hits-interval-100k,256,100000,26200000,0.17682
marginal-hits-interval-100k,256,100000,61300000,0.1757
marginal-hits-interval-100k,256,100000,76300000,0.17904
marginal-hits-interval-100k,256,100000,46700000,0.17825
marginal-hits-interval-100k,256,100000,36800000,0.17531
marginal-hits-interval-100k,256,100000,33400000,0.17681
marginal-hits-interval-100k,256,100000,13400000,0.18515
marginal-hits-interval-100k,256,100000,17600000,0.18025
marginal-hits-interval-100k,256,100000,69400000,0.17653
marginal-hits-interval-100k,256,100000,47100000,0.17572
marginal-hits-interval-100k,256,100000,42000000,0.1774
marginal-hits-interval-100k,256,100000,37400000,0.1756
marginal-hits-interval-100k,256,100000,28700000,0.17816
marginal-hits-interval-100k,256,100000,12100000,0.19288
marginal-hits-interval-100k,256,100000,9900000,0.19719
marginal-hits-interval-100k,256,100000,13300000,0.18583
marginal-hits-interval-100k,256,100000,21700000,0.17678
marginal-hits-interval-100k,256,100000,78200000,0.17384
marginal-hits-interval-100k,256,100000,53200000,0.17709
marginal-hits-interval-100k,256,100000,52600000,0.17276
marginal-hits-interval-100k,256,100000,32100000,0.17468
marginal-hits-interval-100k,256,100000,31500000,0.1749
marginal-hits-interval-100k,256,100000,14700000,0.18499
marginal-hits-interval-100k,256,100000,15900000,0.17955
marginal-hits-interval-100k,256,100000,66500000,0.17544
marginal-hits-interval-100k,256,100000,37600000,0.17461
marginal-hits-interval-100k,256,100000,61400000,0.17656
marginal-hits-interval-100k,256,100000,61900000,0.17374
marginal-hits-interval-100k,256,100000,65900000,0.17797
marginal-hits-interval-100k,256,100000,3100000,0.26709
marginal-hits-interval-100k,256,100000,17000000,0.1769
marginal-hits-interval-100k,256,100000,18000000,0.18316
marginal-hits-interval-100k,256,100000,58900000,0.17658
marginal-hits-interval-100k,256,100000,70500000,0.178
marginal-hits-interval-100k,256,100000,70800000,0.17272
marginal-hits-interval-100k,256,100000,16000000,0.18017
marginal-hits-interval-100k,256,100000,13700000,0.18319
marginal-hits-interval-100k,256,100000,44700000,0.17544
marginal-hits-interval-100k,256,100000,39500000,0.17201
marginal-hits-interval-100k,256,100000,40000000,0.18042
marginal-hits-interval-100k,256,100000,38800000,0.1757
marginal-hits-interval-100k,256,100000,35500000,0.17958
marginal-hits-interval-100k,256,100000,27300000,0.17672
marginal-hits-interval-100k,256,100000,3700000,0.25809
marginal-hits-interval-100k,256,100000,12800000,0.18709
marginal-hits-interval-100k,256,100000,14600000,0.18613
marginal-hits-interval-100k,256,100000,74400000,0.17466
marginal-hits-interval-100k,256,100000,72200000,0.17406
marginal-hits-interval-100k,256,100000,46600000,0.17696
marginal-hits-interval-100k,256,100000,46500000,0.17783
marginal-hits-interval-100k,256,100000,36700000,0.17583
marginal-hits-interval-100k,256,100000,32000000,0.17547
marginal-hits-interval-100k,256,100000,63200000,0.1707
marginal-hits-interval-100k,256,100000,68800000,0.17633
marginal-hits-interval-100k,256,100000,9400000,0.19603
marginal-hits-interval-100k,256,100000,1900000,0.34461
marginal-hits-interval-100k,256,100000,800000,0.48278
marginal-hits-interval-100k,256,100000,4400000,0.24911
marginal-hits-interval-100k,256,100000,16400000,0.17825
marginal-hits-interval-100k,256,100000,68300000,0.17212
marginal-hits-interval-100k,256,100000,73600000,0.17759
marginal-hits-interval-100k,256,100000,75000000,0.17652
marginal-hits-interval-100k,256,100000,76500000,0.17915
marginal-hits-interval-100k,256,100000,34000000,0.17772
marginal-hits-interval-100k,256,100000,49200000,0.17166
marginal-hits-interval-100k,256,100000,31200000,0.17768
marginal-hits-interval-100k,256,100000,25000000,0.17574
marginal-hits-interval-100k,256,100000,25100000,0.17708
marginal-hits-interval-100k,256,100000,28400000,0.17637
marginal-hits-interval-100k,256,100000,2800000,0.27633
marginal-hits-interval-100k,256,100000,700000,0.50235
marginal-hits-interval-100k,256,100000,13800000,0.18489
marginal-hits-interval-100k,256,100000,22600000,0.17709
marginal-hits-interval-100k,256,100000,23500000,0.17748
marginal-hits-interval-100k,256,100000,42300000,0.17226
marginal-hits-interval-100k,256,100000,40200000,0.17498
marginal-hits-interval-100k,256,100000,500000,0.54456
marginal-hits-interval-100k,256,100000,17500000,0.1821
marginal-hits-interval-100k,256,100000,23100000,0.17621
marginal-hits-interval-100k,256,100000,55700000,0.1798
marginal-hits-interval-100k,256,100000,65200000,0.17829
marginal-hits-interval-100k,256,100000,77600000,0.17749
marginal-hits-interval-100k,256,100000,12200000,0.19105
marginal-hits-interval-100k,256,100000,41100000,0.17392
marginal-hits-interval-100k,256,100000,44200000,0.17816
marginal-hits-interval-100k,256,100000,33200000,0.17865
marginal-hits-interval-100k,256,100000,30500000,0.17636
marginal-hits-interval-100k,256,100000,2100000,0.32603
marginal-hits-interval-100k,256,100000,56800000,0.17541
marginal-hits-interval-100k,256,100000,59600000,0.17757
marginal-hits-interval-100k,256,100000,67700000,0.17608
marginal-hits-interval-100k,256,100000,73400000,0.17647
marginal-hits-interval-100k,256,100000,41400000,0.17599
marginal-hits-interval-100k,256,100000,39800000,0.17831
marginal-hits-interval-100k,256,100000,34800000,0.17639
marginal-hits-interval-100k,256,100000,25900000,0.17996
marginal-hits-interval-100k,256,100000,18100000,0.18508
marginal-hits-interval-100k,256,100000,64700000,0.17388
marginal-hits-interval-100k,256,100000,48200000,0.17637
marginal-hits-interval-100k,256,100000,12900000,0.1883
marginal-hits-interval-100k,256,100000,30800000,0.17937
marginal-hits-interval-100k,256,100000,8500000,0.20219
marginal-hits-interval-100k,256,100000,8000000,0.20481
marginal-hits-interval-100k,256,100000,50300000,0.1748
marginal-hits-interval-100k,256,100000,45900000,0.17794
marginal-hits-interval-100k,256,100000,17700000,0.18612
marginal-hits-interval-100k,256,100000,24100000,0.17505
marginal-hits-interval-100k,256,100000,66700000,0.17709
marginal-hits-interval-100k,256,100000,35700000,0.1764
marginal-hits-interval-100k,256,100000,6600000,0.21804
marginal-hits-interval-100k,256,100000,16600000,0.18145
marginal-hits-interval-100k,256,100000,34600000,0.1749
marginal-hits-interval-100k,256,100000,28800000,0.17905
marginal-hits-interval-100k,256,100000,20500000,0.18176
marginal-hits-interval-100k,256,100000,20800000,0.17552
marginal-hits-interval-100k,256,100000,24000000,0.17597
marginal-hits-interval-100k,256,100000,56000000,0.1765
marginal-hits-interval-100k,256,100000,66600000,0.17354
marginal-hits-interval-100k,256,100000,72600000,0.17768
marginal-hits-interval-100k,256,100000,40300000,0.17639
marginal-hits-interval-100k,256,100000,7700000,0.21126
marginal-hits-interval-100k,256,100000,7500000,0.21141
marginal-hits-interval-100k,256,100000,21600000,0.1763
marginal-hits-interval-100k,256,100000,74700000,0.17672
marginal-hits-interval-100k,256,100000,28000000,0.17966
marginal-hits-interval-100k,256,100000,8600000,0.20233
marginal-hits-interval-100k,256,100000,24500000,0.17663
marginal-hits-interval-100k,256,100000,77500000,0.17872
marginal-hits-interval-100k,256,100000,50900000,0.18159
marginal-hits-interval-100k,256,100000,45300000,0.17562
marginal-hits-interval-100k,256,100000,56500000,0.1756
marginal-hits-interval-100k,256,100000,58500000,0.17276
marginal-hits-interval-100k,256,100000,75500000,0.17776
marginal-hits-interval-100k,256,100000,78500000,0.176
marginal-hits-interval-100k,256,100000,23700000,0.17608
marginal-hits-interval-100k,256,100000,24400000,0.17229
marginal-hits-interval-100k,256,100000,54000000,0.17648
marginal-hits-interval-100k,256,100000,40100000,0.17649
marginal-hits-interval-100k,256,100000,7200000,0.21551
marginal-hits-interval-100k,256,100000,16200000,0.18211
marginal-hits-interval-100k,256,100000,63300000,0.17456
marginal-hits-interval-100k,256,100000,75600000,0.17719
marginal-hits-interval-100k,256,100000,47600000,0.17474
marginal-hits-interval-100k,256,100000,26600000,0.17542
marginal-hits-interval-100k,256,100000,7300000,0.21577
marginal-hits-interval-100k,256,100000,15300000,0.18185
marginal-hits-interval-100k,256,100000,21400000,0.1805
marginal-hits-interval-100k,256,100000,57800000,0.1768
marginal-hits-interval-100k,256,100000,33500000,0.17715
marginal-hits-interval-100k,256,100000,56400000,0.17609
marginal-hits-interval-100k,256,100000,66000000,0.17582
marginal-hits-interval-100k,256,100000,71300000,0.17426
marginal-hits-interval-100k,256,100000,13200000,0.1831
marginal-hits-interval-100k,256,100000,30900000,0.17868
marginal-hits-interval-100k,256,100000,10500000,0.19433
marginal-hits-interval-100k,256,100000,7400000,0.21605
marginal-hits-interval-100k,256,100000,22000000,0.18132
marginal-hits-interval-100k,256,100000,55200000,0.18365
marginal-hits-interval-100k,256,100000,50200000,0.17363
marginal-hits-interval-100k,256,100000,42500000,0.17124
marginal-hits-interval-100k,256,100000,600000,0.52124
marginal-hits-interval-100k,256,100000,3300000,0.26517
marginal-hits-interval-100k,256,100000,4600000,0.2442
marginal-hits-interval-100k,256,100000,21000000,0.17811
marginal-hits-interval-100k,256,100000,54400000,0.17672
marginal-hits-interval-100k,256,100000,58200000,0.17094
marginal-hits-interval-100k,256,100000,49500000,0.17635
marginal-hits-interval-100k,256,100000,10100000,0.19344
marginal-hits-interval-100k,256,100000,9800000,0.1939
marginal-hits-interval-100k,256,100000,9700000,0.19356
marginal-hits-interval-100k,256,100000,16800000,0.18144
marginal-hits-interval-100k,256,100000,19500000,0.17782
marginal-hits-interval-100k,256,100000,64800000,0.17276
marginal-hits-interval-100k,256,100000,77800000,0.17649
marginal-hits-interval-100k,256,100000,78800000,0.17372
marginal-hits-interval-100k,256,100000,53300000,0.17589
marginal-hits-interval-100k,256,100000,47400000,0.17532
marginal-hits-interval-100k,256,100000,9600000,0.19635
marginal-hits-interval-100k,256,100000,4700000,0.2429
marginal-hits-interval-100k,256,100000,17200000,0.19083
marginal-hits-interval-100k,256,100000,20400000,0.1786
marginal-hits-interval-100k,256,100000,25400000,0.17692
marginal-hits-interval-100k,256,100000,71400000,0.17304
marginal-hits-interval-100k,256,100000,70600000,0.17848
marginal-hits-interval-100k,256,100000,51600000,0.17514
marginal-hits-interval-100k,256,100000,36400000,0.18072
marginal-hits-interval-100k,256,100000,9000000,0.20003
marginal-hits-interval-100k,256,100000,6200000,0.22467
marginal-hits-interval-100k,256,100000,22800000,0.17708
marginal-hits-interval-100k,256,100000,55400000,0.18008
marginal-hits-interval-100k,256,100000,51000000,0.17652
marginal-hits-interval-100k,256,100000,37500000,0.17647
marginal-hits-interval-100k,256,100000,29900000,0.17394
marginal-hits-interval-100k,256,100000,32900000,0.17447
marginal-hits-interval-100k,256,100000,11400000,0.19171
marginal-hits-interval-100k,256,100000,10800000,0.19144
marginal-hits-interval-100k,256,100000,23200000,0.17576
marginal-hits-interval-100k,256,100000,61600000,0.16994
marginal-hits-interval-100k,256,100000,76000000,0.17987
marginal-hits-interval-100k,256,100000,76800000,0.17608
marginal-hits-interval-100k,256,100000,77700000,0.17886
marginal-hits-interval-100k,256,100000,17100000,0.18119
marginal-hits-interval-100k,256,100000,16100000,0.1807
marginal-hits-interval-100k,256,100000,51800000,0.17432
marginal-hits-interval-100k,256,100000,45600000,0.17347
marginal-hits-interval-100k,256,100000,32700000,0.17568
marginal-hits-interval-100k,256,100000,31100000,0.17799
marginal-hits-interval-100k,256,100000,11700000,0.19412
marginal-hits-interval-100k,256,100000,25300000,0.17609
marginal-hits-interval-100k,256,100000,38700000,0.17596
marginal-hits-interval-100k,256,100000,13100000,0.18422
marginal-hits-interval-100k,256,100000,65700000,0.17498
marginal-hits-interval-100k,256,100000,39900000,0.17979
marginal-hits-interval-100k,256,100000,34100000,0.17662
marginal-hits-interval-100k,256,100000,32200000,0.1751
marginal-hits-interval-100k,256,100000,29700000,0.17615
marginal-hits-interval-100k,256,100000,62000000,0.17339
marginal-hits-interval-100k,256,100000,78000000,0.17606
marginal-hits-interval-100k,256,100000,44400000,0.17715
marginal-hits-interval-100k,256,100000,27900000,0.17571
marginal-hits-interval-100k,256,100000,5500000,0.23676
marginal-hits-interval-100k,256,100000,13000000,0.18704
marginal-hits-interval-100k,256,100000,21900000,0.1786
marginal-hits-interval-100k,256,100000,64000000,0.17626
marginal-hits-interval-100k,256,100000,69300000,0.17311
marginal-hits-interval-100k,256,100000,75100000,0.17527
marginal-hits-interval-100k,256,100000,49000000,0.17384
marginal-hits-interval-100k,256,100000,52300000,0.17129
marginal-hits-interval-100k,256,100000,34700000,0.17816
marginal-hits-interval-100k,256,100000,26300000,0.17675
marginal-hits-interval-100k,256,100000,8800000,0.19961
marginal-hits-interval-100k,256,100000,3400000,0.26596
marginal-hits-interval-100k,256,100000,19900000,0.17593
marginal-hits-interval-100k,256,100000,25500000,0.17695
marginal-hits-interval-100k,256,100000,77200000,0.17658
marginal-hits-interval-100k,256,100000,44000000,0.17925
marginal-hits-interval-100k,256,100000,62400000,0.17257
marginal-hits-interval-100k,256,100000,67800000,0.17495
marginal-hits-interval-100k,256,100000,72800000,0.17681
marginal-hits-interval-100k,256,100000,76900000,0.17627
marginal-hits-interval-100k,256,100000,43700000,0.17677
marginal-hits-interval-100k,256,100000,38400000,0.17771
marginal-hits-interval-100k,256,100000,6800000,0.21646
marginal-hits-interval-100k,256,100000,54800000,0.17651
marginal-hits-interval-100k,256,100000,65600000,0.17678
marginal-hits-interval-100k,256,100000,67400000,0.17191
marginal-hits-interval-100k,256,100000,68100000,0.17244
marginal-hits-interval-100k,256,100000,77400000,0.17326
marginal-hits-interval-100k,256,100000,69500000,0.1737
marginal-hits-interval-100k,256,100000,42400000,0.1733
marginal-hits-interval-100k,256,100000,41200000,0.17418
marginal-hits-interval-100k,256,100000,39700000,0.17574
marginal-hits-interval-100k,256,100000,11600000,0.19662
marginal-hits-interval-100k,256,100000,7100000,0.21476
marginal-hits-interval-100k,256,100000,69900000,0.17132
marginal-hits-interval-100k,256,100000,52500000,0.17373
marginal-hits-interval-100k,256,100000,51100000,0.17744
marginal-hits-interval-100k,256,100000,8400000,0.20149
marginal-hits-interval-100k,256,100000,56100000,0.17511
marginal-hits-interval-100k,256,100000,63900000,0.17571
marginal-hits-interval-100k,256,100000,40600000,0.17603
marginal-hits-interval-100k,256,100000,14900000,0.18508
marginal-hits-interval-100k,256,100000,77000000,0.1728
marginal-hits-interval-100k,256,100000,61500000,0.17572
marginal-hits-interval-100k,256,100000,52200000,0.17301
marginal-hits-interval-100k,256,100000,2500000,0.29508
marginal-hits-interval-100k,256,100000,18500000,0.18096
marginal-hits-interval-100k,256,100000,68700000,0.17434
marginal-hits-interval-100k,256,100000,75900000,0.18084
marginal-hits-interval-100k,256,100000,43400000,0.17622
marginal-hits-interval-100k,256,100000,37100000,0.17487
marginal-hits-interval-100k,256,100000,36000000,0.17541
marginal-hits-interval-100k,256,100000,34400000,0.17465
marginal-hits-interval-100k,256,100000,62600000,0.17302
marginal-hits-interval-100k,256,100000,51700000,0.17229
marginal-hits-interval-100k,256,100000,39000000,0.17618
marginal-hits-interval-100k,256,100000,33700000,0.17504
marginal-hits-interval-100k,256,100000,29500000,0.17705
marginal-hits-interval-100k,256,100000,8200000,0.20523
marginal-hits-interval-100k,256,100000,100000,0.73732
marginal-hits-interval-100k,256,100000,24600000,0.17354
marginal-hits-interval-100k,256,100000,59900000,0.17769
marginal-hits-interval-100k,256,100000,65300000,0.18023
marginal-hits-interval-100k,256,100000,48600000,0.1758
marginal-hits-interval-100k,256,100000,48500000,0.17672
marginal-hits-interval-100k,256,100000,5300000,0.23334
marginal-hits-interval-100k,256,100000,63400000,0.17387
marginal-hits-interval-100k,256,100000,66400000,0.17824
marginal-hits-interval-100k,256,100000,35600000,0.1786
marginal-hits-interval-100k,256,100000,32800000,0.17554
marginal-hits-interval-100k,256,100000,27400000,0.17347
marginal-hits-interval-100k,256,100000,1300000,0.4075
marginal-hits-interval-100k,256,100000,24900000,0.17874
marginal-hits-interval-100k,256,100000,58300000,0.17236
marginal-hits-interval-100k,256,100000,66100000,0.17505
marginal-hits-interval-100k,256,100000,70000000,0.17558
marginal-hits-interval-100k,256,100000,71600000,0.17605
marginal-hits-interval-100k,256,100000,77300000,0.17382
marginal-hits-interval-100k,256,100000,60900000,0.17476
marginal-hits-interval-100k,256,100000,35200000,0.17806
marginal-hits-interval-100k,256,100000,28300000,0.17567
marginal-hits-interval-100k,256,100000,15700000,0.18145
marginal-hits-interval-100k,256,100000,79300000,0.17649
marginal-hits-interval-100k,256,100000,41300000,0.17565
marginal-hits-interval-100k,256,100000,35400000,0.17772
marginal-hits-interval-100k,256,100000,11200000,0.18698
marginal-hits-interval-100k,256,100000,15800000,0.18255
marginal-hits-interval-100k,256,100000,56200000,0.17489
marginal-hits-interval-100k,256,100000,69000000,0.17534
marginal-hits-interval-100k,256,100000,25800000,0.17783
marginal-hits-interval-100k,256,100000,5000000,0.24134
marginal-hits-interval-100k,256,100000,19800000,0.17623
marginal-hits-interval-100k,256,100000,57700000,0.17579
marginal-hits-interval-100k,256,100000,74300000,0.17464
marginal-hits-interval-100k,256,100000,79200000,0.18311
marginal-hits-interval-100k,256,100000,35000000,0.17793
marginal-hits-interval-100k,256,100000,34300000,0.17491
marginal-hits-interval-100k,256,100000,30000000,0.17714
marginal-hits-interval-100k,256,100000,11000000,0.18769
marginal-hits-interval-100k,256,100000,18200000,0.18357
marginal-hits-interval-100k,256,100000,21100000,0.17799
marginal-hits-interval-100k,256,100000,24800000,0.17635
marginal-hits-interval-100k,256,100000,57200000,0.17665
marginal-hits-interval-100k,256,100000,68200000,0.17537
marginal-hits-interval-100k,256,100000,2400000,0.30113
marginal-hits-interval-100k,256,100000,20700000,0.17747
marginal-hits-interval-100k,256,100000,44300000,0.1745
marginal-hits-interval-100k,256,100000,36500000,0.17851
marginal-hits-interval-100k,256,100000,15600000,0.18137
marginal-hits-interval-100k,256,100000,18400000,0.18102
marginal-hits-interval-100k,256,100000,23600000,0.18185
marginal-hits-interval-100k,256,100000,67300000,0.17253
marginal-hits-interval-100k,256,100000,68500000,0.17372
marginal-hits-interval-100k,256,100000,52000000,0.17371
marginal-hits-interval-100k,256,100000,46100000,0.18344
marginal-hits-interval-100k,256,100000,27700000,0.17926
marginal-hits-interval-100k,256,100000,25700000,0.17849
marginal-hits-interval-100k,256,100000,5900000,0.22724
marginal-hits-interval-100k,256,100000,20600000,0.17849
marginal-hits-interval-100k,256,100000,66300000,0.17498
marginal-hits-interval-100k,256,100000,71100000,0.17309
marginal-hits-interval-100k,256,100000,33000000,0.17357
marginal-hits-interval-100k,256,100000,60400000,0.17565
marginal-hits-interval-100k,256,100000,73900000,0.17571
marginal-hits-interval-100k,256,100000,67600000,0.17587
marginal-hits-interval-100k,256,100000,50500000,0.17512
marginal-hits-interval-100k,256,100000,49800000,0.17531
marginal-hits-interval-100k,256,100000,44600000,0.17767
marginal-hits-interval-100k,256,100000,3200000,0.26615
marginal-hits-interval-100k,256,100000,13500000,0.18657
marginal-hits-interval-100k,256,100000,18300000,0.18168
marginal-hits-interval-100k,256,100000,18600000,0.17989
marginal-hits-interval-100k,256,100000,13600000,0.18427
marginal-hits-interval-100k,256,100000,16500000,0.17946
marginal-hits-interval-100k,256,100000,57300000,0.17575
marginal-hits-interval-100k,256,100000,53000000,0.17849
marginal-hits-interval-100k,256,100000,48700000,0.17494
marginal-hits-interval-100k,256,100000,39200000,0.1747
marginal-hits-interval-100k,256,100000,10400000,0.19328
marginal-hits-interval-100k,256,100000,14500000,0.18427
marginal-hits-interval-100k,256,100000,64100000,0.17221
marginal-hits-interval-100k,256,100000,60800000,0.17343
marginal-hits-interval-100k,256,100000,44800000,0.17513
marginal-hits-interval-100k,256,100000,27100000,0.17869
marginal-hits-interval-100k,256,100000,19700000,0.17826
marginal-hits-interval-100k,256,100000,67000000,0.1755
marginal-hits-interval-100k,256,100000,74800000,0.17577
marginal-hits-interval-100k,256,100000,78900000,0.17817
marginal-hits-interval-100k,256,100000,45800000,0.175
marginal-hits-interval-100k,256,100000,8300000,0.20547
marginal-hits-interval-100k,256,100000,14400000,0.18531
marginal-hits-interval-100k,256,100000,21500000,0.17546
marginal-hits-interval-100k,256,100000,58800000,0.17348
marginal-hits-interval-100k,256,100000,62500000,0.17216
marginal-hits-interval-100k,256,100000,52700000,0.17355
marginal-hits-interval-100k,256,100000,39300000,0.17334
marginal-hits-interval-100k,256,100000,38100000,0.17892
marginal-hits-interval-100k,256,100000,19300000,0.18015
marginal-hits-interval-100k,256,100000,50100000,0.17808
marginal-hits-interval-100k,256,100000,40800000,0.17583
marginal-hits-interval-100k,256,100000,54900000,0.1724
marginal-hits-interval-100k,256,100000,58400000,0.17106
marginal-hits-interval-100k,256,100000,74900000,0.17583
marginal-hits-interval-100k,256,100000,1600000,0.37185
marginal-hits-interval-100k,256,100000,5800000,0.22973
marginal-hits-interval-100k,256,100000,59800000,0.18023
marginal-hits-interval-100k,256,100000,76600000,0.17833
marginal-hits-interval-100k,256,100000,34900000,0.17859
marginal-hits-interval-100k,256,100000,4100000,0.25474
marginal-hits-interval-100k,256,100000,58000000,0.17522
marginal-hits-interval-100k,256,100000,59500000,0.17781
marginal-hits-interval-100k,256,100000,49400000,0.17365
marginal-hits-interval-100k,256,100000,46000000,0.18301
marginal-hits-interval-100k,256,100000,45400000,0.17531
marginal-hits-interval-100k,256,100000,44100000,0.18008
marginal-hits-interval-100k,256,100000,4500000,0.24687
marginal-hits-interval-100k,256,100000,69100000,0.17647
marginal-hits-interval-100k,256,100000,74600000,0.17855
marginal-hits-interval-100k,256,100000,53700000,0.17434
marginal-hits-interval-100k,256,100000,41000000,0.17479
marginal-hits-interval-100k,256,100000,38600000,0.17741
marginal-hits-interval-100k,256,100000,28100000,0.1766
marginal-hits-interval-100k,256,100000,60700000,0.17779
marginal-hits-interval-100k,256,100000,63600000,0.17351
marginal-hits-interval-100k,256,100000,68600000,0.17343
marginal-hits-interval-100k,256,100000,78600000,0.17486
marginal-hits-interval-100k,256,100000,71900000,0.17263
marginal-hits-interval-100k,256,100000,48800000,0.17487
marginal-hits-interval-100k,256,100000,10600000,0.19287
marginal-hits-interval-100k,256,100000,14100000,0.18599
marginal-hits-interval-100k,256,100000,55500000,0.17881
marginal-hits-interval-100k,256,100000,68000000,0.17167
marginal-hits-interval-100k,256,100000,48000000,0.175
marginal-hits-interval-100k,256,100000,26500000,0.18014
marginal-hits-interval-100k,256,100000,12600000,0.18842
marginal-hits-interval-100k,256,100000,70300000,0.17679
marginal-hits-interval-100k,256,100000,53600000,0.18045
marginal-hits-interval-100k,256,100000,47200000,0.17687
marginal-hits-interval-100k,256,100000,33800000,0.17534
marginal-hits-interval-100k,256,100000,18800000,0.17753
marginal-hits-interval-100k,256,100000,67500000,0.17277
marginal-hits-interval-100k,256,100000,78300000,0.17746
marginal-hits-interval-100k,256,100000,53400000,0.18084
marginal-hits-interval-100k,256,100000,27500000,0.17608
marginal-hits-interval-100k,256,100000,1500000,0.3841
marginal-hits-interval-100k,256,100000,15200000,0.18205
marginal-hits-interval-100k,256,100000,24300000,0.17676
marginal-hits-interval-100k,256,100000,64900000,0.17498
marginal-hits-interval-100k,256,100000,61800000,0.17068
marginal-hits-interval-100k,256,100000,49700000,0.17732
marginal-hits-interval-100k,256,100000,29400000,0.17915
marginal-hits-interval-100k,256,100000,9300000,0.19601
marginal-hits-interval-100k,256,100000,9100000,0.19958
marginal-hits-interval-100k,256,100000,6000000,0.22579
marginal-hits-interval-100k,256,100000,17400000,0.18418
marginal-hits-interval-100k,256,100000,76100000,0.18463
marginal-hits-interval-100k,256,100000,71200000,0.17694
marginal-hits-interval-100k,256,100000,45000000,0.17443
marginal-hits-interval-100k,256,100000,60600000,0.17513
marginal-hits-interval-100k,256,100000,76200000,0.18238
marginal-hits-interval-100k,256,100000,200000,0.64834
marginal-hits-interval-100k,256,100000,12700000,0.18646
marginal-hits-interval-100k,256,100000,62200000,0.17167
marginal-hits-interval-100k,256,100000,63800000,0.17814
marginal-hits-interval-100k,256,100000,67900000,0.17168
marginal-hits-interval-100k,256,100000,33600000,0.17607
marginal-hits-interval-100k,256,100000,27600000,0.18159
marginal-hits-interval-100k,256,100000,30600000,0.17728
marginal-hits-interval-100k,256,100000,28900000,0.17818
marginal-hits-interval-100k,256,100000,26100000,0.17641
marginal-hits-interval-100k,256,100000,15000000,0.18401
marginal-hits-interval-100k,256,100000,61000000,0.17272
marginal-hits-interval-100k,256,100000,66800000,0.1779
marginal-hits-interval-100k,256,100000,35900000,0.18158
marginal-hits-interval-100k,256,100000,6100000,0.22566
marginal-hits-interval-100k,256,100000,14300000,0.18425
marginal-hits-interval-100k,256,100000,62900000,0.17245
marginal-hits-interval-100k,256,100000,63700000,0.17665
marginal-hits-interval-100k,256,100000,47800000,0.17493
marginal-hits-interval-100k,256,100000,42900000,0.17252
marginal-hits-interval-100k,256,100000,46300000,0.17593
marginal-hits-interval-10k,256,10000,51300000,0.19256
marginal-hits-interval-10k,256,10000,46200000,0.18981
marginal-hits-interval-10k,256,10000,40500000,0.20395
marginal-hits-interval-10k,256,10000,33300000,0.19631
marginal-hits-interval-10k,256,10000,31400000,0.18717
marginal-hits-interval-10k,256,10000,3800000,0.25101
marginal-hits-interval-10k,256,10000,37000000,0.19026
marginal-hits-interval-10k,256,10000,0,0.0
marginal-hits-interval-10k,256,10000,400000,0.57264
marginal-hits-interval-10k,256,10000,3500000,0.25932
marginal-hits-interval-10k,256,10000,4900000,0.23174
marginal-hits-interval-10k,256,10000,54600000,0.1921
marginal-hits-interval-10k,256,10000,73100000,0.19315
marginal-hits-interval-10k,256,10000,75300000,0.19659
marginal-hits-interval-10k,256,10000,36600000,0.19155
marginal-hits-interval-10k,256,10000,30400000,0.19397
marginal-hits-interval-10k,256,10000,30200000,0.1943
marginal-hits-interval-10k,256,10000,29000000,0.19882
marginal-hits-interval-10k,256,10000,24700000,0.19123
marginal-hits-interval-10k,256,10000,54500000,0.18608
marginal-hits-interval-10k,256,10000,43800000,0.1978
marginal-hits-interval-10k,256,10000,33900000,0.19275
marginal-hits-interval-10k,256,10000,71000000,0.19403
marginal-hits-interval-10k,256,10000,79400000,0.19397
marginal-hits-interval-10k,256,10000,36900000,0.18854
marginal-hits-interval-10k,256,10000,26400000,0.20179
marginal-hits-interval-10k,256,10000,11500000,0.20688
marginal-hits-interval-10k,256,10000,9500000,0.2157
marginal-hits-interval-10k,256,10000,22900000,0.19534
marginal-hits-interval-10k,256,10000,23800000,0.191
marginal-hits-interval-10k,256,10000,62300000,0.19752
marginal-hits-interval-10k,256,10000,65000000,0.19719
marginal-hits-interval-10k,256,10000,49600000,0.20182
marginal-hits-interval-10k,256,10000,42700000,0.19359
marginal-hits-interval-10k,256,10000,28600000,0.19081
marginal-hits-interval-10k,256,10000,9200000,0.21851
marginal-hits-interval-10k,256,10000,1000000,0.45002
marginal-hits-interval-10k,256,10000,65500000,0.19756
marginal-hits-interval-10k,256,10000,43300000,0.18826
marginal-hits-interval-10k,256,10000,40400000,0.20836
marginal-hits-interval-10k,256,10000,32300000,0.20784
marginal-hits-interval-10k,256,10000,7800000,0.21029
marginal-hits-interval-10k,256,10000,23000000,0.19482
marginal-hits-interval-10k,256,10000,55600000,0.20748
marginal-hits-interval-10k,256,10000,60200000,0.1918
marginal-hits-interval-10k,256,10000,1100000,0.43577
marginal-hits-interval-10k,256,10000,5400000,0.23033
marginal-hits-interval-10k,256,10000,22300000,0.19811
marginal-hits-interval-10k,256,10000,55800000,0.20246
marginal-hits-interval-10k,256,10000,77900000,0.19584
marginal-hits-interval-10k,256,10000,49900000,0.20342
marginal-hits-interval-10k,256,10000,43600000,0.19739
marginal-hits-interval-10k,256,10000,2300000,0.30849
marginal-hits-interval-10k,256,10000,54700000,0.18813
marginal-hits-interval-10k,256,10000,56700000,0.19597
marginal-hits-interval-10k,256,10000,72500000,0.19179
marginal-hits-interval-10k,256,10000,74000000,0.19538
marginal-hits-interval-10k,256,10000,53100000,0.20115
marginal-hits-interval-10k,256,10000,41700000,0.19544
marginal-hits-interval-10k,256,10000,34200000,0.19063
marginal-hits-interval-10k,256,10000,27000000,0.19439
marginal-hits-interval-10k,256,10000,12500000,0.20184
marginal-hits-interval-10k,256,10000,8700000,0.21601
marginal-hits-interval-10k,256,10000,60100000,0.19173
marginal-hits-interval-10k,256,10000,69200000,0.19001
marginal-hits-interval-10k,256,10000,73500000,0.2038
marginal-hits-interval-10k,256,10000,46800000,0.20849
marginal-hits-interval-10k,256,10000,31900000,0.20028
marginal-hits-interval-10k,256,10000,28200000,0.19555
marginal-hits-interval-10k,256,10000,1800000,0.35501
marginal-hits-interval-10k,256,10000,69800000,0.19964
marginal-hits-interval-10k,256,10000,72300000,0.19438
marginal-hits-interval-10k,256,10000,79100000,0.19186
marginal-hits-interval-10k,256,10000,79600000,0.19996
marginal-hits-interval-10k,256,10000,48300000,0.19141
marginal-hits-interval-10k,256,10000,39400000,0.19697
marginal-hits-interval-10k,256,10000,7600000,0.21732
marginal-hits-interval-10k,256,10000,2200000,0.3158
marginal-hits-interval-10k,256,10000,300000,0.60595
marginal-hits-interval-10k,256,10000,14800000,0.19768
marginal-hits-interval-10k,256,10000,16700000,0.20082
marginal-hits-interval-10k,256,10000,22100000,0.19913
marginal-hits-interval-10k,256,10000,79800000,0.1979
marginal-hits-interval-10k,256,10000,47900000,0.18827
marginal-hits-interval-10k,256,10000,47700000,0.18974
marginal-hits-interval-10k,256,10000,40900000,0.20186
marginal-hits-interval-10k,256,10000,20100000,0.19794
marginal-hits-interval-10k,256,10000,20300000,0.20013
marginal-hits-interval-10k,256,10000,57500000,0.19846
marginal-hits-interval-10k,256,10000,63000000,0.19461
marginal-hits-interval-10k,256,10000,71500000,0.19252
marginal-hits-interval-10k,256,10000,8100000,0.22787
marginal-hits-interval-10k,256,10000,2900000,0.27248
marginal-hits-interval-10k,256,10000,14000000,0.20068
marginal-hits-interval-10k,256,10000,22200000,0.19718
marginal-hits-interval-10k,256,10000,55300000,0.20893
marginal-hits-interval-10k,256,10000,57400000,0.20197
marginal-hits-interval-10k,256,10000,67200000,0.20009
marginal-hits-interval-10k,256,10000,70200000,0.18878
marginal-hits-interval-10k,256,10000,72100000,0.1889
marginal-hits-interval-10k,256,10000,78400000,0.18853
marginal-hits-interval-10k,256,10000,26800000,0.19135
marginal-hits-interval-10k,256,10000,65800000,0.19269
marginal-hits-interval-10k,256,10000,67100000,0.19949
marginal-hits-interval-10k,256,10000,37200000,0.18883
marginal-hits-interval-10k,256,10000,10900000,0.2116
marginal-hits-interval-10k,256,10000,16300000,0.19584
marginal-hits-interval-10k,256,10000,22400000,0.2001
marginal-hits-interval-10k,256,10000,71800000,0.19601
marginal-hits-interval-10k,256,10000,72400000,0.19124
marginal-hits-interval-10k,256,10000,50800000,0.19176
marginal-hits-interval-10k,256,10000,38500000,0.1944
marginal-hits-interval-10k,256,10000,29600000,0.19
marginal-hits-interval-10k,256,10000,28500000,0.19286
marginal-hits-interval-10k,256,10000,26700000,0.19057
marginal-hits-interval-10k,256,10000,75800000,0.19156
marginal-hits-interval-10k,256,10000,23900000,0.18961
marginal-hits-interval-10k,256,10000,59200000,0.19296
marginal-hits-interval-10k,256,10000,47500000,0.19446
marginal-hits-interval-10k,256,10000,42600000,0.19236
marginal-hits-interval-10k,256,10000,35300000,0.19582
marginal-hits-interval-10k,256,10000,30700000,0.19803
marginal-hits-interval-10k,256,10000,72900000,0.19962
marginal-hits-interval-10k,256,10000,73800000,0.19621
marginal-hits-interval-10k,256,10000,52100000,0.19756
marginal-hits-interval-10k,256,10000,38300000,0.18925
marginal-hits-interval-10k,256,10000,42800000,0.19184
marginal-hits-interval-10k,256,10000,12300000,0.20559
marginal-hits-interval-10k,256,10000,6300000,0.21998
marginal-hits-interval-10k,256,10000,64300000,0.2003
marginal-hits-interval-10k,256,10000,75400000,0.19477
marginal-hits-interval-10k,256,10000,75700000,0.19347
marginal-hits-interval-10k,256,10000,45200000,0.1906
marginal-hits-interval-10k,256,10000,41900000,0.20094
marginal-hits-interval-10k,256,10000,37700000,0.19143
marginal-hits-interval-10k,256,10000,30300000,0.19149
marginal-hits-interval-10k,256,10000,54200000,0.1903
marginal-hits-interval-10k,256,10000,55100000,0.19819
marginal-hits-interval-10k,256,10000,57900000,0.19737
marginal-hits-interval-10k,256,10000,59400000,0.19444
marginal-hits-interval-10k,256,10000,70400000,0.18991
marginal-hits-interval-10k,256,10000,47000000,0.21657
marginal-hits-interval-10k,256,10000,43100000,0.19012
marginal-hits-interval-10k,256,10000,35800000,0.19586
marginal-hits-interval-10k,256,10000,2000000,0.33305
marginal-hits-interval-10k,256,10000,1700000,0.36041
marginal-hits-interval-10k,256,10000,1200000,0.41948
marginal-hits-interval-10k,256,10000,5600000,0.22605
marginal-hits-interval-10k,256,10000,15500000,0.20489
marginal-hits-interval-10k,256,10000,20000000,0.19689
marginal-hits-interval-10k,256,10000,78100000,0.19304
marginal-hits-interval-10k,256,10000,12400000,0.20463
marginal-hits-interval-10k,256,10000,8900000,0.21565
marginal-hits-interval-10k,256,10000,24200000,0.18931
marginal-hits-interval-10k,256,10000,54300000,0.18899
marginal-hits-interval-10k,256,10000,58700000,0.19522
marginal-hits-interval-10k,256,10000,60000000,0.19377
marginal-hits-interval-10k,256,10000,64500000,0.20059
marginal-hits-interval-10k,256,10000,48900000,0.19445
marginal-hits-interval-10k,256,10000,42200000,0.19151
marginal-hits-interval-10k,256,10000,11800000,0.20517
marginal-hits-interval-10k,256,10000,17300000,0.20203
marginal-hits-interval-10k,256,10000,20900000,0.19431
marginal-hits-interval-10k,256,10000,57600000,0.19772
marginal-hits-interval-10k,256,10000,63500000,0.19979
marginal-hits-interval-10k,256,10000,66900000,0.19689
marginal-hits-interval-10k,256,10000,77100000,0.20124
marginal-hits-interval-10k,256,10000,31300000,0.18614
marginal-hits-interval-10k,256,10000,44900000,0.19296
marginal-hits-interval-10k,256,10000,41800000,0.1967
marginal-hits-interval-10k,256,10000,39100000,0.19721
marginal-hits-interval-10k,256,10000,11300000,0.20778
marginal-hits-interval-10k,256,10000,10200000,0.21457
marginal-hits-interval-10k,256,10000,1400000,0.39672
marginal-hits-interval-10k,256,10000,23300000,0.19801
marginal-hits-interval-10k,256,10000,46400000,0.19318
marginal-hits-interval-10k,256,10000,31700000,0.19074
marginal-hits-interval-10k,256,10000,31000000,0.18726
marginal-hits-interval-10k,256,10000,73700000,0.19751
marginal-hits-interval-10k,256,10000,61100000,0.20036
marginal-hits-interval-10k,256,10000,11100000,0.20997
marginal-hits-interval-10k,256,10000,19400000,0.20263
marginal-hits-interval-10k,256,10000,57000000,0.19178
marginal-hits-interval-10k,256,10000,70700000,0.20098
marginal-hits-interval-10k,256,10000,48100000,0.1922
marginal-hits-interval-10k,256,10000,69700000,0.19579
marginal-hits-interval-10k,256,10000,36100000,0.20233
marginal-hits-interval-10k,256,10000,32400000,0.20458
marginal-hits-interval-10k,256,10000,18700000,0.19534
marginal-hits-interval-10k,256,10000,64200000,0.19917
marginal-hits-interval-10k,256,10000,64400000,0.20131
marginal-hits-interval-10k,256,10000,73000000,0.1978
marginal-hits-interval-10k,256,10000,79000000,0.19212
marginal-hits-interval-10k,256,10000,40700000,0.20701
marginal-hits-interval-10k,256,10000,6700000,0.22353
marginal-hits-interval-10k,256,10000,4200000,0.24336
marginal-hits-interval-10k,256,10000,16900000,0.20003
marginal-hits-interval-10k,256,10000,50400000,0.20202
marginal-hits-interval-10k,256,10000,41600000,0.19285
marginal-hits-interval-10k,256,10000,38900000,0.19525
marginal-hits-interval-10k,256,10000,37800000,0.19151
marginal-hits-interval-10k,256,10000,29200000,0.19479
marginal-hits-interval-10k,256,10000,29100000,0.1987
marginal-hits-interval-10k,256,10000,10300000,0.21207
marginal-hits-interval-10k,256,10000,5700000,0.22706
marginal-hits-interval-10k,256,10000,54100000,0.18422
marginal-hits-interval-10k,256,10000,45100000,0.18483
marginal-hits-interval-10k,256,10000,43900000,0.19877
marginal-hits-interval-10k,256,10000,33100000,0.19909
marginal-hits-interval-10k,256,10000,63100000,0.19719
marginal-hits-interval-10k,256,10000,53900000,0.19292
marginal-hits-interval-10k,256,10000,50700000,0.19768
marginal-hits-interval-10k,256,10000,900000,0.46561
marginal-hits-interval-10k,256,10000,18900000,0.19787
marginal-hits-interval-10k,256,10000,21200000,0.19494
marginal-hits-interval-10k,256,10000,21300000,0.1984
marginal-hits-interval-10k,256,10000,57100000,0.19014
marginal-hits-interval-10k,256,10000,55900000,0.19866
marginal-hits-interval-10k,256,10000,56900000,0.1948
marginal-hits-interval-10k,256,10000,70100000,0.19702
marginal-hits-interval-10k,256,10000,79900000,0.19993
marginal-hits-interval-10k,256,10000,37300000,0.18704
marginal-hits-interval-10k,256,10000,53800000,0.18914
marginal-hits-interval-10k,256,10000,51200000,0.19507
marginal-hits-interval-10k,256,10000,45700000,0.19386
marginal-hits-interval-10k,256,10000,27800000,0.20379
marginal-hits-interval-10k,256,10000,26000000,0.19557
marginal-hits-interval-10k,256,10000,19100000,0.20354
marginal-hits-interval-10k,256,10000,21800000,0.19707
marginal-hits-interval-10k,256,10000,61700000,0.19742
marginal-hits-interval-10k,256,10000,51500000,0.19915
marginal-hits-interval-10k,256,10000,38000000,0.19597
marginal-hits-interval-10k,256,10000,29800000,0.19393
marginal-hits-interval-10k,256,10000,4000000,0.24889
marginal-hits-interval-10k,256,10000,4300000,0.24247
marginal-hits-interval-10k,256,10000,20200000,0.20273
marginal-hits-interval-10k,256,10000,22700000,0.20039
marginal-hits-interval-10k,256,10000,65400000,0.19103
marginal-hits-interval-10k,256,10000,10700000,0.21463
marginal-hits-interval-10k,256,10000,2700000,0.28268
marginal-hits-interval-10k,256,10000,15100000,0.20258
marginal-hits-interval-10k,256,10000,15400000,0.20249
marginal-hits-interval-10k,256,10000,19000000,0.20338
marginal-hits-interval-10k,256,10000,73200000,0.1977
marginal-hits-interval-10k,256,10000,76700000,0.20623
marginal-hits-interval-10k,256,10000,78700000,0.18832
marginal-hits-interval-10k,256,10000,79700000,0.1944
marginal-hits-interval-10k,256,10000,31600000,0.19585
marginal-hits-interval-10k,256,10000,49100000,0.19153
marginal-hits-interval-10k,256,10000,42100000,0.19619
marginal-hits-interval-10k,256,10000,47300000,0.19787
marginal-hits-interval-10k,256,10000,27200000,0.19737
marginal-hits-interval-10k,256,10000,11900000,0.20686
marginal-hits-interval-10k,256,10000,25600000,0.19136
marginal-hits-interval-10k,256,10000,32600000,0.20102
marginal-hits-interval-10k,256,10000,6400000,0.22233
marginal-hits-interval-10k,256,10000,23400000,0.19292
marginal-hits-interval-10k,256,10000,59000000,0.19119
marginal-hits-interval-10k,256,10000,62100000,0.18905
marginal-hits-interval-10k,256,10000,68900000,0.19028
marginal-hits-interval-10k,256,10000,13900000,0.19535
marginal-hits-interval-10k,256,10000,17800000,0.19729
marginal-hits-interval-10k,256,10000,52900000,0.19525
marginal-hits-interval-10k,256,10000,43500000,0.19291
marginal-hits-interval-10k,256,10000,3000000,0.27892
marginal-hits-interval-10k,256,10000,19200000,0.20724
marginal-hits-interval-10k,256,10000,45500000,0.18929
marginal-hits-interval-10k,256,10000,4800000,0.23493
marginal-hits-interval-10k,256,10000,19600000,0.19438
marginal-hits-interval-10k,256,10000,72000000,0.19185
marginal-hits-interval-10k,256,10000,75200000,0.19121
marginal-hits-interval-10k,256,10000,48400000,0.1885
marginal-hits-interval-10k,256,10000,44500000,0.2024
marginal-hits-interval-10k,256,10000,34500000,0.1935
marginal-hits-interval-10k,256,10000,65100000,0.19252
marginal-hits-interval-10k,256,10000,73300000,0.20103
marginal-hits-interval-10k,256,10000,79500000,0.2001
marginal-hits-interval-10k,256,10000,61200000,0.19386
marginal-hits-interval-10k,256,10000,50000000,0.20508
marginal-hits-interval-10k,256,10000,36300000,0.18923
marginal-hits-interval-10k,256,10000,7900000,0.2104
marginal-hits-interval-10k,256,10000,5100000,0.23231
marginal-hits-interval-10k,256,10000,74200000,0.19634
marginal-hits-interval-10k,256,10000,49300000,0.19411
marginal-hits-interval-10k,256,10000,46900000,0.21326
marginal-hits-interval-10k,256,10000,6500000,0.22516
marginal-hits-interval-10k,256,10000,2600000,0.28756
marginal-hits-interval-10k,256,10000,64600000,0.19347
marginal-hits-interval-10k,256,10000,53500000,0.19186
marginal-hits-interval-10k,256,10000,52800000,0.19482
marginal-hits-interval-10k,256,10000,52400000,0.19555
marginal-hits-interval-10k,256,10000,51900000,0.1995
marginal-hits-interval-10k,256,10000,41500000,0.1911
marginal-hits-interval-10k,256,10000,38200000,0.19359
marginal-hits-interval-10k,256,10000,31800000,0.19765
marginal-hits-interval-10k,256,10000,29300000,0.19312
marginal-hits-interval-10k,256,10000,26900000,0.196
marginal-hits-interval-10k,256,10000,69600000,0.19036
marginal-hits-interval-10k,256,10000,62800000,0.19334
marginal-hits-interval-10k,256,10000,51400000,0.19663
marginal-hits-interval-10k,256,10000,7000000,0.22614
marginal-hits-interval-10k,256,10000,3600000,0.26405
marginal-hits-interval-10k,256,10000,14200000,0.19241
marginal-hits-interval-10k,256,10000,55000000,0.1916
marginal-hits-interval-10k,256,10000,74500000,0.19439
marginal-hits-interval-10k,256,10000,50600000,0.198
marginal-hits-interval-10k,256,10000,30100000,0.19736
marginal-hits-interval-10k,256,10000,56300000,0.19693
marginal-hits-interval-10k,256,10000,37900000,0.1943
marginal-hits-interval-10k,256,10000,12000000,0.20708
marginal-hits-interval-10k,256,10000,6900000,0.22453
marginal-hits-interval-10k,256,10000,58100000,0.19939
marginal-hits-interval-10k,256,10000,58600000,0.1888
marginal-hits-interval-10k,256,10000,60300000,0.19285
marginal-hits-interval-10k,256,10000,43200000,0.19328
marginal-hits-interval-10k,256,10000,10000000,0.21815
marginal-hits-interval-10k,256,10000,3900000,0.25124
marginal-hits-interval-10k,256,10000,25200000,0.1906
marginal-hits-interval-10k,256,10000,56600000,0.19165
marginal-hits-interval-10k,256,10000,59700000,0.19512
marginal-hits-interval-10k,256,10000,39600000,0.19435
marginal-hits-interval-10k,256,10000,5200000,0.23123
marginal-hits-interval-10k,256,10000,59100000,0.19194
marginal-hits-interval-10k,256,10000,59300000,0.19648
marginal-hits-interval-10k,256,10000,66200000,0.1933
marginal-hits-interval-10k,256,10000,68400000,0.20181
marginal-hits-interval-10k,256,10000,71700000,0.19692
marginal-hits-interval-10k,256,10000,72700000,0.19192
marginal-hits-interval-10k,256,10000,74100000,0.19101
marginal-hits-interval-10k,256,10000,62700000,0.19494
marginal-hits-interval-10k,256,10000,17900000,0.19979
marginal-hits-interval-10k,256,10000,35100000,0.19551
marginal-hits-interval-10k,256,10000,43000000,0.19335
marginal-hits-interval-10k,256,10000,22500000,0.19488
marginal-hits-interval-10k,256,10000,60500000,0.19763
marginal-hits-interval-10k,256,10000,70900000,0.19109
marginal-hits-interval-10k,256,10000,76400000,0.19879
marginal-hits-interval-10k,256,10000,36200000,0.19285
marginal-hits-interval-10k,256,10000,32500000,0.20268
marginal-hits-interval-10k,256,10000,26200000,0.1949
marginal-hits-interval-10k,256,10000,61300000,0.19228
marginal-hits-interval-10k,256,10000,76300000,0.19572
marginal-hits-interval-10k,256,10000,46700000,0.19634
marginal-hits-interval-10k,256,10000,36800000,0.19247
marginal-hits-interval-10k,256,10000,33400000,0.19199
marginal-hits-interval-10k,256,10000,13400000,0.19881
marginal-hits-interval-10k,256,10000,17600000,0.19925
marginal-hits-interval-10k,256,10000,69400000,0.18941
marginal-hits-interval-10k,256,10000,47100000,0.20755
marginal-hits-interval-10k,256,10000,42000000,0.19999
marginal-hits-interval-10k,256,10000,37400000,0.18726
marginal-hits-interval-10k,256,10000,28700000,0.1991
marginal-hits-interval-10k,256,10000,12100000,0.20788
marginal-hits-interval-10k,256,10000,9900000,0.21234
marginal-hits-interval-10k,256,10000,13300000,0.19828
marginal-hits-interval-10k,256,10000,21700000,0.1942
marginal-hits-interval-10k,256,10000,78200000,0.18601
marginal-hits-interval-10k,256,10000,53200000,0.1908
marginal-hits-interval-10k,256,10000,52600000,0.1914
marginal-hits-interval-10k,256,10000,32100000,0.19779
marginal-hits-interval-10k,256,10000,31500000,0.19377
marginal-hits-interval-10k,256,10000,14700000,0.1993
marginal-hits-interval-10k,256,10000,15900000,0.19918
marginal-hits-interval-10k,256,10000,66500000,0.19326
marginal-hits-interval-10k,256,10000,37600000,0.18525
marginal-hits-interval-10k,256,10000,61400000,0.19215
marginal-hits-interval-10k,256,10000,61900000,0.19454
marginal-hits-interval-10k,256,10000,65900000,0.19275
marginal-hits-interval-10k,256,10000,3100000,0.27495
marginal-hits-interval-10k,256,10000,17000000,0.19804
marginal-hits-interval-10k,256,10000,18000000,0.19613
marginal-hits-interval-10k,256,10000,58900000,0.19399
marginal-hits-interval-10k,256,10000,70500000,0.19003
marginal-hits-interval-10k,256,10000,70800000,0.19181
marginal-hits-interval-10k,256,10000,16000000,0.19986
marginal-hits-interval-10k,256,10000,13700000,0.19559
marginal-hits-interval-10k,256,10000,44700000,0.19378
marginal-hits-interval-10k,256,10000,39500000,0.19587
marginal-hits-interval-10k,256,10000,40000000,0.20129
marginal-hits-interval-10k,256,10000,38800000,0.19491
marginal-hits-interval-10k,256,10000,35500000,0.20273
marginal-hits-interval-10k,256,10000,27300000,0.20491
marginal-hits-interval-10k,256,10000,3700000,0.25506
marginal-hits-interval-10k,256,10000,12800000,0.19856
marginal-hits-interval-10k,256,10000,14600000,0.19797
marginal-hits-interval-10k,256,10000,74400000,0.19609
marginal-hits-interval-10k,256,10000,72200000,0.19595
marginal-hits-interval-10k,256,10000,46600000,0.19577
marginal-hits-interval-10k,256,10000,46500000,0.18636
marginal-hits-interval-10k,256,10000,36700000,0.19318
marginal-hits-interval-10k,256,10000,32000000,0.20273
marginal-hits-interval-10k,256,10000,63200000,0.19606
marginal-hits-interval-10k,256,10000,68800000,0.1902
marginal-hits-interval-10k,256,10000,9400000,0.21674
marginal-hits-interval-10k,256,10000,1900000,0.34461
marginal-hits-interval-10k,256,10000,800000,0.48278
marginal-hits-interval-10k,256,10000,4400000,0.24923
marginal-hits-interval-10k,256,10000,16400000,0.19831
marginal-hits-interval-10k,256,10000,68300000,0.20018
marginal-hits-interval-10k,256,10000,73600000,0.20378
marginal-hits-interval-10k,256,10000,75000000,0.1958
marginal-hits-interval-10k,256,10000,76500000,0.19963
marginal-hits-interval-10k,256,10000,34000000,0.19807
marginal-hits-interval-10k,256,10000,49200000,0.19568
marginal-hits-interval-10k,256,10000,31200000,0.1888
marginal-hits-interval-10k,256,10000,25000000,0.1862
marginal-hits-interval-10k,256,10000,25100000,0.18967
marginal-hits-interval-10k,256,10000,28400000,0.19216
marginal-hits-interval-10k,256,10000,2800000,0.27633
marginal-hits-interval-10k,256,10000,700000,0.50235
marginal-hits-interval-10k,256,10000,13800000,0.19868
marginal-hits-interval-10k,256,10000,22600000,0.19769
marginal-hits-interval-10k,256,10000,23500000,0.18904
marginal-hits-interval-10k,256,10000,42300000,0.19026
marginal-hits-interval-10k,256,10000,40200000,0.19808
marginal-hits-interval-10k,256,10000,500000,0.54456
marginal-hits-interval-10k,256,10000,17500000,0.20275
marginal-hits-interval-10k,256,10000,23100000,0.19666
marginal-hits-interval-10k,256,10000,55700000,0.20361
marginal-hits-interval-10k,256,10000,65200000,0.19797
marginal-hits-interval-10k,256,10000,77600000,0.19754
marginal-hits-interval-10k,256,10000,12200000,0.2094
marginal-hits-interval-10k,256,10000,41100000,0.19967
marginal-hits-interval-10k,256,10000,44200000,0.20045
marginal-hits-interval-10k,256,10000,33200000,0.19852
marginal-hits-interval-10k,256,10000,30500000,0.19445
marginal-hits-interval-10k,256,10000,2100000,0.32603
marginal-hits-interval-10k,256,10000,56800000,0.19898
marginal-hits-interval-10k,256,10000,59600000,0.19299
marginal-hits-interval-10k,256,10000,67700000,0.20073
marginal-hits-interval-10k,256,10000,73400000,0.2011
marginal-hits-interval-10k,256,10000,41400000,0.19367
marginal-hits-interval-10k,256,10000,39800000,0.19825
marginal-hits-interval-10k,256,10000,34800000,0.19291
marginal-hits-interval-10k,256,10000,25900000,0.19286
marginal-hits-interval-10k,256,10000,18100000,0.20125
marginal-hits-interval-10k,256,10000,64700000,0.1923
marginal-hits-interval-10k,256,10000,48200000,0.19414
marginal-hits-interval-10k,256,10000,12900000,0.20062
marginal-hits-interval-10k,256,10000,30800000,0.19386
marginal-hits-interval-10k,256,10000,8500000,0.21787
marginal-hits-interval-10k,256,10000,8000000,0.22761
marginal-hits-interval-10k,256,10000,50300000,0.19366
marginal-hits-interval-10k,256,10000,45900000,0.19458
marginal-hits-interval-10k,256,10000,17700000,0.20031
marginal-hits-interval-10k,256,10000,24100000,0.19043
marginal-hits-interval-10k,256,10000,66700000,0.1991
marginal-hits-interval-10k,256,10000,35700000,0.19236
marginal-hits-interval-10k,256,10000,6600000,0.22851
marginal-hits-interval-10k,256,10000,16600000,0.19543
marginal-hits-interval-10k,256,10000,34600000,0.19395
marginal-hits-interval-10k,256,10000,28800000,0.19661
marginal-hits-interval-10k,256,10000,20500000,0.203
marginal-hits-interval-10k,256,10000,20800000,0.19568
marginal-hits-interval-10k,256,10000,24000000,0.19273
marginal-hits-interval-10k,256,10000,56000000,0.1934
marginal-hits-interval-10k,256,10000,66600000,0.19648
marginal-hits-interval-10k,256,10000,72600000,0.19688
marginal-hits-interval-10k,256,10000,40300000,0.20758
marginal-hits-interval-10k,256,10000,7700000,0.21376
marginal-hits-interval-10k,256,10000,7500000,0.2169
marginal-hits-interval-10k,256,10000,21600000,0.1959
marginal-hits-interval-10k,256,10000,74700000,0.19243
marginal-hits-interval-10k,256,10000,28000000,0.20107
marginal-hits-interval-10k,256,10000,8600000,0.21841
marginal-hits-interval-10k,256,10000,24500000,0.18973
marginal-hits-interval-10k,256,10000,77500000,0.19421
marginal-hits-interval-10k,256,10000,50900000,0.19704
marginal-hits-interval-10k,256,10000,45300000,0.18697
marginal-hits-interval-10k,256,10000,56500000,0.19174
marginal-hits-interval-10k,256,10000,58500000,0.19136
marginal-hits-interval-10k,256,10000,75500000,0.19048
marginal-hits-interval-10k,256,10000,78500000,0.18933
marginal-hits-interval-10k,256,10000,23700000,0.19144
marginal-hits-interval-10k,256,10000,24400000,0.1906
marginal-hits-interval-10k,256,10000,54000000,0.18702
marginal-hits-interval-10k,256,10000,40100000,0.19462
marginal-hits-interval-10k,256,10000,7200000,0.22202
marginal-hits-interval-10k,256,10000,16200000,0.19706
marginal-hits-interval-10k,256,10000,63300000,0.19682
marginal-hits-interval-10k,256,10000,75600000,0.19605
marginal-hits-interval-10k,256,10000,47600000,0.19471
marginal-hits-interval-10k,256,10000,26600000,0.19262
marginal-hits-interval-10k,256,10000,7300000,0.22148
marginal-hits-interval-10k,256,10000,15300000,0.19795
marginal-hits-interval-10k,256,10000,21400000,0.19775
marginal-hits-interval-10k,256,10000,57800000,0.19892
marginal-hits-interval-10k,256,10000,33500000,0.19281
marginal-hits-interval-10k,256,10000,56400000,0.19338
marginal-hits-interval-10k,256,10000,66000000,0.19064
marginal-hits-interval-10k,256,10000,71300000,0.18991
marginal-hits-interval-10k,256,10000,13200000,0.19819
marginal-hits-interval-10k,256,10000,30900000,0.19083
marginal-hits-interval-10k,256,10000,10500000,0.21992
marginal-hits-interval-10k,256,10000,7400000,0.22099
marginal-hits-interval-10k,256,10000,22000000,0.20459
marginal-hits-interval-10k,256,10000,55200000,0.20631
marginal-hits-interval-10k,256,10000,50200000,0.19375
marginal-hits-interval-10k,256,10000,42500000,0.19157
marginal-hits-interval-10k,256,10000,600000,0.52124
marginal-hits-interval-10k,256,10000,3300000,0.26496
marginal-hits-interval-10k,256,10000,4600000,0.24199
marginal-hits-interval-10k,256,10000,21000000,0.19539
marginal-hits-interval-10k,256,10000,54400000,0.18259
marginal-hits-interval-10k,256,10000,58200000,0.19327
marginal-hits-interval-10k,256,10000,49500000,0.19832
marginal-hits-interval-10k,256,10000,10100000,0.21923
marginal-hits-interval-10k,256,10000,9800000,0.21496
marginal-hits-interval-10k,256,10000,9700000,0.21538
marginal-hits-interval-10k,256,10000,16800000,0.19988
marginal-hits-interval-10k,256,10000,19500000,0.19988
marginal-hits-interval-10k,256,10000,64800000,0.18893
marginal-hits-interval-10k,256,10000,77800000,0.19386
marginal-hits-interval-10k,256,10000,78800000,0.19608
marginal-hits-interval-10k,256,10000,53300000,0.18924
marginal-hits-interval-10k,256,10000,47400000,0.19554
marginal-hits-interval-10k,256,10000,9600000,0.21782
marginal-hits-interval-10k,256,10000,4700000,0.23775
marginal-hits-interval-10k,256,10000,17200000,0.19757
marginal-hits-interval-10k,256,10000,20400000,0.19899
marginal-hits-interval-10k,256,10000,25400000,0.19143
marginal-hits-interval-10k,256,10000,71400000,0.18977
marginal-hits-interval-10k,256,10000,70600000,0.19341
marginal-hits-interval-10k,256,10000,51600000,0.19624
marginal-hits-interval-10k,256,10000,36400000,0.19303
marginal-hits-interval-10k,256,10000,9000000,0.21283
marginal-hits-interval-10k,256,10000,6200000,0.21904
marginal-hits-interval-10k,256,10000,22800000,0.19716
marginal-hits-interval-10k,256,10000,55400000,0.20695
marginal-hits-interval-10k,256,10000,51000000,0.19688
marginal-hits-interval-10k,256,10000,37500000,0.19031
marginal-hits-interval-10k,256,10000,29900000,0.1939
marginal-hits-interval-10k,256,10000,32900000,0.20366
marginal-hits-interval-10k,256,10000,11400000,0.20811
marginal-hits-interval-10k,256,10000,10800000,0.21455
marginal-hits-interval-10k,256,10000,23200000,0.1929
marginal-hits-interval-10k,256,10000,61600000,0.19083
marginal-hits-interval-10k,256,10000,76000000,0.19214
marginal-hits-interval-10k,256,10000,76800000,0.20238
marginal-hits-interval-10k,256,10000,77700000,0.19422
marginal-hits-interval-10k,256,10000,17100000,0.20201
marginal-hits-interval-10k,256,10000,16100000,0.19736
marginal-hits-interval-10k,256,10000,51800000,0.19563
marginal-hits-interval-10k,256,10000,45600000,0.18935
marginal-hits-interval-10k,256,10000,32700000,0.20633
marginal-hits-interval-10k,256,10000,31100000,0.18541
marginal-hits-interval-10k,256,10000,11700000,0.20431
marginal-hits-interval-10k,256,10000,25300000,0.19218
marginal-hits-interval-10k,256,10000,38700000,0.19578
marginal-hits-interval-10k,256,10000,13100000,0.20058
marginal-hits-interval-10k,256,10000,65700000,0.20079
marginal-hits-interval-10k,256,10000,39900000,0.1975
marginal-hits-interval-10k,256,10000,34100000,0.19408
marginal-hits-interval-10k,256,10000,32200000,0.19984
marginal-hits-interval-10k,256,10000,29700000,0.19496
marginal-hits-interval-10k,256,10000,62000000,0.19075
marginal-hits-interval-10k,256,10000,78000000,0.19589
marginal-hits-interval-10k,256,10000,44400000,0.20184
marginal-hits-interval-10k,256,10000,27900000,0.19556
marginal-hits-interval-10k,256,10000,5500000,0.2268
marginal-hits-interval-10k,256,10000,13000000,0.20154
marginal-hits-interval-10k,256,10000,21900000,0.19767
marginal-hits-interval-10k,256,10000,64000000,0.19799
marginal-hits-interval-10k,256,10000,69300000,0.18824
marginal-hits-interval-10k,256,10000,75100000,0.19325
marginal-hits-interval-10k,256,10000,49000000,0.19744
marginal-hits-interval-10k,256,10000,52300000,0.19647
marginal-hits-interval-10k,256,10000,34700000,0.19693
marginal-hits-interval-10k,256,10000,26300000,0.19626
marginal-hits-interval-10k,256,10000,8800000,0.21472
marginal-hits-interval-10k,256,10000,3400000,0.26221
marginal-hits-interval-10k,256,10000,19900000,0.19395
marginal-hits-interval-10k,256,10000,25500000,0.1896
marginal-hits-interval-10k,256,10000,77200000,0.19943
marginal-hits-interval-10k,256,10000,44000000,0.1963
marginal-hits-interval-10k,256,10000,62400000,0.20365
marginal-hits-interval-10k,256,10000,67800000,0.19505
marginal-hits-interval-10k,256,10000,72800000,0.1906
marginal-hits-interval-10k,256,10000,76900000,0.2036
marginal-hits-interval-10k,256,10000,43700000,0.19263
marginal-hits-interval-10k,256,10000,38400000,0.19321
marginal-hits-interval-10k,256,10000,6800000,0.22402
marginal-hits-interval-10k,256,10000,54800000,0.18796
marginal-hits-interval-10k,256,10000,65600000,0.19978
marginal-hits-interval-10k,256,10000,67400000,0.20561
marginal-hits-interval-10k,256,10000,68100000,0.19946
marginal-hits-interval-10k,256,10000,77400000,0.1936
marginal-hits-interval-10k,256,10000,69500000,0.1887
marginal-hits-interval-10k,256,10000,42400000,0.19212
marginal-hits-interval-10k,256,10000,41200000,0.2045
marginal-hits-interval-10k,256,10000,39700000,0.19583
marginal-hits-interval-10k,256,10000,11600000,0.20323
marginal-hits-interval-10k,256,10000,7100000,0.22106
marginal-hits-interval-10k,256,10000,69900000,0.19753
marginal-hits-interval-10k,256,10000,52500000,0.19292
marginal-hits-interval-10k,256,10000,51100000,0.19588
marginal-hits-interval-10k,256,10000,8400000,0.22046
marginal-hits-interval-10k,256,10000,56100000,0.19792
marginal-hits-interval-10k,256,10000,63900000,0.19927
marginal-hits-interval-10k,256,10000,40600000,0.20031
marginal-hits-interval-10k,256,10000,14900000,0.20031
marginal-hits-interval-10k,256,10000,77000000,0.20516
marginal-hits-interval-10k,256,10000,61500000,0.19063
marginal-hits-interval-10k,256,10000,52200000,0.19846
marginal-hits-interval-10k,256,10000,2500000,0.29508
marginal-hits-interval-10k,256,10000,18500000,0.19979
marginal-hits-interval-10k,256,10000,68700000,0.19371
marginal-hits-interval-10k,256,10000,75900000,0.18893
marginal-hits-interval-10k,256,10000,43400000,0.19248
marginal-hits-interval-10k,256,10000,37100000,0.19026
marginal-hits-interval-10k,256,10000,36000000,0.20414
marginal-hits-interval-10k,256,10000,34400000,0.19323
marginal-hits-interval-10k,256,10000,62600000,0.19619
marginal-hits-interval-10k,256,10000,51700000,0.19457
marginal-hits-interval-10k,256,10000,39000000,0.19782
marginal-hits-interval-10k,256,10000,33700000,0.18618
marginal-hits-interval-10k,256,10000,29500000,0.19417
marginal-hits-interval-10k,256,10000,8200000,0.2226
marginal-hits-interval-10k,256,10000,100000,0.73732
marginal-hits-interval-10k,256,10000,24600000,0.18787
marginal-hits-interval-10k,256,10000,59900000,0.19475
marginal-hits-interval-10k,256,10000,65300000,0.19384
marginal-hits-interval-10k,256,10000,48600000,0.18806
marginal-hits-interval-10k,256,10000,48500000,0.18909
marginal-hits-interval-10k,256,10000,5300000,0.22704
marginal-hits-interval-10k,256,10000,63400000,0.19963
marginal-hits-interval-10k,256,10000,66400000,0.19131
marginal-hits-interval-10k,256,10000,35600000,0.19947
marginal-hits-interval-10k,256,10000,32800000,0.1973
marginal-hits-interval-10k,256,10000,27400000,0.19911
marginal-hits-interval-10k,256,10000,1300000,0.4075
marginal-hits-interval-10k,256,10000,24900000,0.18713
marginal-hits-interval-10k,256,10000,58300000,0.19209
marginal-hits-interval-10k,256,10000,66100000,0.18828
marginal-hits-interval-10k,256,10000,70000000,0.19409
marginal-hits-interval-10k,256,10000,71600000,0.19324
marginal-hits-interval-10k,256,10000,77300000,0.19983
marginal-hits-interval-10k,256,10000,60900000,0.20031
marginal-hits-interval-10k,256,10000,35200000,0.19841
marginal-hits-interval-10k,256,10000,28300000,0.19467
marginal-hits-interval-10k,256,10000,15700000,0.20742
marginal-hits-interval-10k,256,10000,79300000,0.19325
marginal-hits-interval-10k,256,10000,41300000,0.20019
marginal-hits-interval-10k,256,10000,35400000,0.20007
marginal-hits-interval-10k,256,10000,11200000,0.2047
marginal-hits-interval-10k,256,10000,15800000,0.20369
marginal-hits-interval-10k,256,10000,56200000,0.19403
marginal-hits-interval-10k,256,10000,69000000,0.19219
marginal-hits-interval-10k,256,10000,25800000,0.19506
marginal-hits-interval-10k,256,10000,5000000,0.23168
marginal-hits-interval-10k,256,10000,19800000,0.19666
marginal-hits-interval-10k,256,10000,57700000,0.19523
marginal-hits-interval-10k,256,10000,74300000,0.19547
marginal-hits-interval-10k,256,10000,79200000,0.20005
marginal-hits-interval-10k,256,10000,35000000,0.19394
marginal-hits-interval-10k,256,10000,34300000,0.19215
marginal-hits-interval-10k,256,10000,30000000,0.19981
marginal-hits-interval-10k,256,10000,11000000,0.20994
marginal-hits-interval-10k,256,10000,18200000,0.20561
marginal-hits-interval-10k,256,10000,21100000,0.19463
marginal-hits-interval-10k,256,10000,24800000,0.19004
marginal-hits-interval-10k,256,10000,57200000,0.19218
marginal-hits-interval-10k,256,10000,68200000,0.20323
marginal-hits-interval-10k,256,10000,2400000,0.30113
marginal-hits-interval-10k,256,10000,20700000,0.19752
marginal-hits-interval-10k,256,10000,44300000,0.20148
marginal-hits-interval-10k,256,10000,36500000,0.19843
marginal-hits-interval-10k,256,10000,15600000,0.20741
marginal-hits-interval-10k,256,10000,18400000,0.2004
marginal-hits-interval-10k,256,10000,23600000,0.19877
marginal-hits-interval-10k,256,10000,67300000,0.20003
marginal-hits-interval-10k,256,10000,68500000,0.19336
marginal-hits-interval-10k,256,10000,52000000,0.19754
marginal-hits-interval-10k,256,10000,46100000,0.19591
marginal-hits-interval-10k,256,10000,27700000,0.20135
marginal-hits-interval-10k,256,10000,25700000,0.19786
marginal-hits-interval-10k,256,10000,5900000,0.22193
marginal-hits-interval-10k,256,10000,20600000,0.19926
marginal-hits-interval-10k,256,10000,66300000,0.19502
marginal-hits-interval-10k,256,10000,71100000,0.19379
marginal-hits-interval-10k,256,10000,33000000,0.20081
marginal-hits-interval-10k,256,10000,60400000,0.19229
marginal-hits-interval-10k,256,10000,73900000,0.19549
marginal-hits-interval-10k,256,10000,67600000,0.20141
marginal-hits-interval-10k,256,10000,50500000,0.20214
marginal-hits-interval-10k,256,10000,49800000,0.19999
marginal-hits-interval-10k,256,10000,44600000,0.199
marginal-hits-interval-10k,256,10000,3200000,0.2687
marginal-hits-interval-10k,256,10000,13500000,0.19749
marginal-hits-interval-10k,256,10000,18300000,0.19854
marginal-hits-interval-10k,256,10000,18600000,0.19322
marginal-hits-interval-10k,256,10000,13600000,0.19585
marginal-hits-interval-10k,256,10000,16500000,0.19939
marginal-hits-interval-10k,256,10000,57300000,0.19522
marginal-hits-interval-10k,256,10000,53000000,0.19855
marginal-hits-interval-10k,256,10000,48700000,0.18542
marginal-hits-interval-10k,256,10000,39200000,0.1939
marginal-hits-interval-10k,256,10000,10400000,0.21514
marginal-hits-interval-10k,256,10000,14500000,0.19918
marginal-hits-interval-10k,256,10000,64100000,0.19808
marginal-hits-interval-10k,256,10000,60800000,0.19741
marginal-hits-interval-10k,256,10000,44800000,0.19292
marginal-hits-interval-10k,256,10000,27100000,0.20047
marginal-hits-interval-10k,256,10000,19700000,0.1962
marginal-hits-interval-10k,256,10000,67000000,0.193
marginal-hits-interval-10k,256,10000,74800000,0.1891
marginal-hits-interval-10k,256,10000,78900000,0.19815
marginal-hits-interval-10k,256,10000,45800000,0.19516
marginal-hits-interval-10k,256,10000,8300000,0.22416
marginal-hits-interval-10k,256,10000,14400000,0.20762
marginal-hits-interval-10k,256,10000,21500000,0.19753
marginal-hits-interval-10k,256,10000,58800000,0.19128
marginal-hits-interval-10k,256,10000,62500000,0.20097
marginal-hits-interval-10k,256,10000,52700000,0.19146
marginal-hits-interval-10k,256,10000,39300000,0.19394
marginal-hits-interval-10k,256,10000,38100000,0.1938
marginal-hits-interval-10k,256,10000,19300000,0.20746
marginal-hits-interval-10k,256,10000,50100000,0.19968
marginal-hits-interval-10k,256,10000,40800000,0.20908
marginal-hits-interval-10k,256,10000,54900000,0.18914
marginal-hits-interval-10k,256,10000,58400000,0.19004
marginal-hits-interval-10k,256,10000,74900000,0.19219
marginal-hits-interval-10k,256,10000,1600000,0.37185
marginal-hits-interval-10k,256,10000,5800000,0.22311
marginal-hits-interval-10k,256,10000,59800000,0.19248
marginal-hits-interval-10k,256,10000,76600000,0.19912
marginal-hits-interval-10k,256,10000,34900000,0.19367
marginal-hits-interval-10k,256,10000,4100000,0.24379
marginal-hits-interval-10k,256,10000,58000000,0.20064
marginal-hits-interval-10k,256,10000,59500000,0.19026
marginal-hits-interval-10k,256,10000,49400000,0.19313
marginal-hits-interval-10k,256,10000,46000000,0.1953
marginal-hits-interval-10k,256,10000,45400000,0.18705
marginal-hits-interval-10k,256,10000,44100000,0.1961
marginal-hits-interval-10k,256,10000,4500000,0.24554
marginal-hits-interval-10k,256,10000,69100000,0.19287
marginal-hits-interval-10k,256,10000,74600000,0.19491
marginal-hits-interval-10k,256,10000,53700000,0.1899
marginal-hits-interval-10k,256,10000,41000000,0.20035
marginal-hits-interval-10k,256,10000,38600000,0.19387
marginal-hits-interval-10k,256,10000,28100000,0.19754
marginal-hits-interval-10k,256,10000,60700000,0.20241
marginal-hits-interval-10k,256,10000,63600000,0.19272
marginal-hits-interval-10k,256,10000,68600000,0.19409
marginal-hits-interval-10k,256,10000,78600000,0.18853
marginal-hits-interval-10k,256,10000,71900000,0.19366
marginal-hits-interval-10k,256,10000,48800000,0.18744
marginal-hits-interval-10k,256,10000,10600000,0.21559
marginal-hits-interval-10k,256,10000,14100000,0.19997
marginal-hits-interval-10k,256,10000,55500000,0.20652
marginal-hits-interval-10k,256,10000,68000000,0.196
marginal-hits-interval-10k,256,10000,48000000,0.18788
marginal-hits-interval-10k,256,10000,26500000,0.19987
marginal-hits-interval-10k,256,10000,12600000,0.20383
marginal-hits-interval-10k,256,10000,70300000,0.19391
marginal-hits-interval-10k,256,10000,53600000,0.19177
marginal-hits-interval-10k,256,10000,47200000,0.20401
marginal-hits-interval-10k,256,10000,33800000,0.18984
marginal-hits-interval-10k,256,10000,18800000,0.19948
marginal-hits-interval-10k,256,10000,67500000,0.19374
marginal-hits-interval-10k,256,10000,78300000,0.18985
marginal-hits-interval-10k,256,10000,53400000,0.19513
marginal-hits-interval-10k,256,10000,27500000,0.20121
marginal-hits-interval-10k,256,10000,1500000,0.3841
marginal-hits-interval-10k,256,10000,15200000,0.19314
marginal-hits-interval-10k,256,10000,24300000,0.19011
marginal-hits-interval-10k,256,10000,64900000,0.1923
marginal-hits-interval-10k,256,10000,61800000,0.19384
marginal-hits-interval-10k,256,10000,49700000,0.20138
marginal-hits-interval-10k,256,10000,29400000,0.19688
marginal-hits-interval-10k,256,10000,9300000,0.21998
marginal-hits-interval-10k,256,10000,9100000,0.21507
marginal-hits-interval-10k,256,10000,6000000,0.22079
marginal-hits-interval-10k,256,10000,17400000,0.20279
marginal-hits-interval-10k,256,10000,76100000,0.19976
marginal-hits-interval-10k,256,10000,71200000,0.19371
marginal-hits-interval-10k,256,10000,45000000,0.18834
marginal-hits-interval-10k,256,10000,60600000,0.19616
marginal-hits-interval-10k,256,10000,76200000,0.19881
marginal-hits-interval-10k,256,10000,200000,0.64834
marginal-hits-interval-10k,256,10000,12700000,0.20127
marginal-hits-interval-10k,256,10000,62200000,0.18811
marginal-hits-interval-10k,256,10000,63800000,0.20519
marginal-hits-interval-10k,256,10000,67900000,0.19732
marginal-hits-interval-10k,256,10000,33600000,0.18627
marginal-hits-interval-10k,256,10000,27600000,0.1977
marginal-hits-interval-10k,256,10000,30600000,0.19644
marginal-hits-interval-10k,256,10000,28900000,0.20061
marginal-hits-interval-10k,256,10000,26100000,0.19153
marginal-hits-interval-10k,256,10000,15000000,0.20399
marginal-hits-interval-10k,256,10000,61000000,0.19695
marginal-hits-interval-10k,256,10000,66800000,0.20221
marginal-hits-interval-10k,256,10000,35900000,0.19747
marginal-hits-interval-10k,256,10000,6100000,0.22077
marginal-hits-interval-10k,256,10000,14300000,0.19577
marginal-hits-interval-10k,256,10000,62900000,0.199
marginal-hits-interval-10k,256,10000,63700000,0.19827
marginal-hits-interval-10k,256,10000,47800000,0.19657
marginal-hits-interval-10k,256,10000,42900000,0.19366
marginal-hits-interval-10k,256,10000,46300000,0.19306
marginal-hits-interval-500k,256,500000,51300000,0.17629
marginal-hits-interval-500k,256,500000,46200000,0.17476
marginal-hits-interval-500k,256,500000,40500000,0.17618
marginal-hits-interval-500k,256,500000,33300000,0.18722
marginal-hits-interval-500k,256,500000,31400000,0.19128
marginal-hits-interval-500k,256,500000,3800000,0.26541
marginal-hits-interval-500k,256,500000,37000000,0.18434
marginal-hits-interval-500k,256,500000,0,0.0
marginal-hits-interval-500k,256,500000,400000,0.57264
marginal-hits-interval-500k,256,500000,3500000,0.26974
marginal-hits-interval-500k,256,500000,4900000,0.2605
marginal-hits-interval-500k,256,500000,54600000,0.17527
marginal-hits-interval-500k,256,500000,73100000,0.17454
marginal-hits-interval-500k,256,500000,75300000,0.17093
marginal-hits-interval-500k,256,500000,36600000,0.18413
marginal-hits-interval-500k,256,500000,30400000,0.19523
marginal-hits-interval-500k,256,500000,30200000,0.19715
marginal-hits-interval-500k,256,500000,29000000,0.19801
marginal-hits-interval-500k,256,500000,24700000,0.20953
marginal-hits-interval-500k,256,500000,54500000,0.17146
marginal-hits-interval-500k,256,500000,43800000,0.17257
marginal-hits-interval-500k,256,500000,33900000,0.18912
marginal-hits-interval-500k,256,500000,71000000,0.17272
marginal-hits-interval-500k,256,500000,79400000,0.1726
marginal-hits-interval-500k,256,500000,36900000,0.1809
marginal-hits-interval-500k,256,500000,26400000,0.20442
marginal-hits-interval-500k,256,500000,11500000,0.24221
marginal-hits-interval-500k,256,500000,9500000,0.24834
marginal-hits-interval-500k,256,500000,22900000,0.211
marginal-hits-interval-500k,256,500000,23800000,0.20783
marginal-hits-interval-500k,256,500000,62300000,0.17208
marginal-hits-interval-500k,256,500000,65000000,0.17103
marginal-hits-interval-500k,256,500000,49600000,0.17433
marginal-hits-interval-500k,256,500000,42700000,0.17449
marginal-hits-interval-500k,256,500000,28600000,0.19646
marginal-hits-interval-500k,256,500000,9200000,0.25022
marginal-hits-interval-500k,256,500000,1000000,0.45002
marginal-hits-interval-500k,256,500000,65500000,0.17196
marginal-hits-interval-500k,256,500000,43300000,0.17457
marginal-hits-interval-500k,256,500000,40400000,0.17601
marginal-hits-interval-500k,256,500000,32300000,0.18947
marginal-hits-interval-500k,256,500000,7800000,0.25378
marginal-hits-interval-500k,256,500000,23000000,0.20864
marginal-hits-interval-500k,256,500000,55600000,0.17509
marginal-hits-interval-500k,256,500000,60200000,0.17311
marginal-hits-interval-500k,256,500000,1100000,0.43577
marginal-hits-interval-500k,256,500000,5400000,0.26167
marginal-hits-interval-500k,256,500000,22300000,0.21327
marginal-hits-interval-500k,256,500000,55800000,0.17193
marginal-hits-interval-500k,256,500000,77900000,0.17159
marginal-hits-interval-500k,256,500000,49900000,0.17111
marginal-hits-interval-500k,256,500000,43600000,0.17769
marginal-hits-interval-500k,256,500000,2300000,0.30849
marginal-hits-interval-500k,256,500000,54700000,0.17291
marginal-hits-interval-500k,256,500000,56700000,0.17448
marginal-hits-interval-500k,256,500000,72500000,0.17341
marginal-hits-interval-500k,256,500000,74000000,0.17323
marginal-hits-interval-500k,256,500000,53100000,0.17624
marginal-hits-interval-500k,256,500000,41700000,0.17729
marginal-hits-interval-500k,256,500000,34200000,0.18629
marginal-hits-interval-500k,256,500000,27000000,0.2004
marginal-hits-interval-500k,256,500000,12500000,0.23816
marginal-hits-interval-500k,256,500000,8700000,0.2488
marginal-hits-interval-500k,256,500000,60100000,0.17372
marginal-hits-interval-500k,256,500000,69200000,0.17442
marginal-hits-interval-500k,256,500000,73500000,0.17435
marginal-hits-interval-500k,256,500000,46800000,0.17539
marginal-hits-interval-500k,256,500000,31900000,0.19023
marginal-hits-interval-500k,256,500000,28200000,0.19823
marginal-hits-interval-500k,256,500000,1800000,0.35501
marginal-hits-interval-500k,256,500000,69800000,0.17382
marginal-hits-interval-500k,256,500000,72300000,0.17447
marginal-hits-interval-500k,256,500000,79100000,0.17373
marginal-hits-interval-500k,256,500000,79600000,0.17426
marginal-hits-interval-500k,256,500000,48300000,0.17606
marginal-hits-interval-500k,256,500000,39400000,0.17999
marginal-hits-interval-500k,256,500000,7600000,0.25445
marginal-hits-interval-500k,256,500000,2200000,0.3158
marginal-hits-interval-500k,256,500000,300000,0.60595
marginal-hits-interval-500k,256,500000,14800000,0.23126
marginal-hits-interval-500k,256,500000,16700000,0.22616
marginal-hits-interval-500k,256,500000,22100000,0.21374
marginal-hits-interval-500k,256,500000,79800000,0.17204
marginal-hits-interval-500k,256,500000,47900000,0.17239
marginal-hits-interval-500k,256,500000,47700000,0.17386
marginal-hits-interval-500k,256,500000,40900000,0.17663
marginal-hits-interval-500k,256,500000,20100000,0.21675
marginal-hits-interval-500k,256,500000,20300000,0.21713
marginal-hits-interval-500k,256,500000,57500000,0.17164
marginal-hits-interval-500k,256,500000,63000000,0.17134
marginal-hits-interval-500k,256,500000,71500000,0.17417
marginal-hits-interval-500k,256,500000,8100000,0.25363
marginal-hits-interval-500k,256,500000,2900000,0.26872
marginal-hits-interval-500k,256,500000,14000000,0.2342
marginal-hits-interval-500k,256,500000,22200000,0.21194
marginal-hits-interval-500k,256,500000,55300000,0.17397
marginal-hits-interval-500k,256,500000,57400000,0.17311
marginal-hits-interval-500k,256,500000,67200000,0.1733
marginal-hits-interval-500k,256,500000,70200000,0.17187
marginal-hits-interval-500k,256,500000,72100000,0.17462
marginal-hits-interval-500k,256,500000,78400000,0.17026
marginal-hits-interval-500k,256,500000,26800000,0.20211
marginal-hits-interval-500k,256,500000,65800000,0.16954
marginal-hits-interval-500k,256,500000,67100000,0.17387
marginal-hits-interval-500k,256,500000,37200000,0.18277
marginal-hits-interval-500k,256,500000,10900000,0.24151
marginal-hits-interval-500k,256,500000,16300000,0.22628
marginal-hits-interval-500k,256,500000,22400000,0.2146
marginal-hits-interval-500k,256,500000,71800000,0.17403
marginal-hits-interval-500k,256,500000,72400000,0.17356
marginal-hits-interval-500k,256,500000,50800000,0.17068
marginal-hits-interval-500k,256,500000,38500000,0.1817
marginal-hits-interval-500k,256,500000,29600000,0.19637
marginal-hits-interval-500k,256,500000,28500000,0.19843
marginal-hits-interval-500k,256,500000,26700000,0.20225
marginal-hits-interval-500k,256,500000,75800000,0.172
marginal-hits-interval-500k,256,500000,23900000,0.20656
marginal-hits-interval-500k,256,500000,59200000,0.17315
marginal-hits-interval-500k,256,500000,47500000,0.17264
marginal-hits-interval-500k,256,500000,42600000,0.17689
marginal-hits-interval-500k,256,500000,35300000,0.1836
marginal-hits-interval-500k,256,500000,30700000,0.19544
marginal-hits-interval-500k,256,500000,72900000,0.17473
marginal-hits-interval-500k,256,500000,73800000,0.17235
marginal-hits-interval-500k,256,500000,52100000,0.17471
marginal-hits-interval-500k,256,500000,38300000,0.17994
marginal-hits-interval-500k,256,500000,42800000,0.17354
marginal-hits-interval-500k,256,500000,12300000,0.23853
marginal-hits-interval-500k,256,500000,6300000,0.25773
marginal-hits-interval-500k,256,500000,64300000,0.17043
marginal-hits-interval-500k,256,500000,75400000,0.17213
marginal-hits-interval-500k,256,500000,75700000,0.17293
marginal-hits-interval-500k,256,500000,45200000,0.17162
marginal-hits-interval-500k,256,500000,41900000,0.17909
marginal-hits-interval-500k,256,500000,37700000,0.18209
marginal-hits-interval-500k,256,500000,30300000,0.19398
marginal-hits-interval-500k,256,500000,54200000,0.17406
marginal-hits-interval-500k,256,500000,55100000,0.17374
marginal-hits-interval-500k,256,500000,57900000,0.17337
marginal-hits-interval-500k,256,500000,59400000,0.16918
marginal-hits-interval-500k,256,500000,70400000,0.17346
marginal-hits-interval-500k,256,500000,47000000,0.17545
marginal-hits-interval-500k,256,500000,43100000,0.17676
marginal-hits-interval-500k,256,500000,35800000,0.18524
marginal-hits-interval-500k,256,500000,2000000,0.33305
marginal-hits-interval-500k,256,500000,1700000,0.36041
marginal-hits-interval-500k,256,500000,1200000,0.41948
marginal-hits-interval-500k,256,500000,5600000,0.26081
marginal-hits-interval-500k,256,500000,15500000,0.23028
marginal-hits-interval-500k,256,500000,20000000,0.21851
marginal-hits-interval-500k,256,500000,78100000,0.17467
marginal-hits-interval-500k,256,500000,12400000,0.23679
marginal-hits-interval-500k,256,500000,8900000,0.25016
marginal-hits-interval-500k,256,500000,24200000,0.20972
marginal-hits-interval-500k,256,500000,54300000,0.1736
marginal-hits-interval-500k,256,500000,58700000,0.17243
marginal-hits-interval-500k,256,500000,60000000,0.17205
marginal-hits-interval-500k,256,500000,64500000,0.17224
marginal-hits-interval-500k,256,500000,48900000,0.17389
marginal-hits-interval-500k,256,500000,42200000,0.17617
marginal-hits-interval-500k,256,500000,11800000,0.23923
marginal-hits-interval-500k,256,500000,17300000,0.22454
marginal-hits-interval-500k,256,500000,20900000,0.21632
marginal-hits-interval-500k,256,500000,57600000,0.17466
marginal-hits-interval-500k,256,500000,63500000,0.17359
marginal-hits-interval-500k,256,500000,66900000,0.17188
marginal-hits-interval-500k,256,500000,77100000,0.17271
marginal-hits-interval-500k,256,500000,31300000,0.1919
marginal-hits-interval-500k,256,500000,44900000,0.17149
marginal-hits-interval-500k,256,500000,41800000,0.17601
marginal-hits-interval-500k,256,500000,39100000,0.18199
marginal-hits-interval-500k,256,500000,11300000,0.24136
marginal-hits-interval-500k,256,500000,10200000,0.244
marginal-hits-interval-500k,256,500000,1400000,0.39672
marginal-hits-interval-500k,256,500000,23300000,0.21101
marginal-hits-interval-500k,256,500000,46400000,0.17354
marginal-hits-interval-500k,256,500000,31700000,0.18854
marginal-hits-interval-500k,256,500000,31000000,0.19094
marginal-hits-interval-500k,256,500000,73700000,0.17262
marginal-hits-interval-500k,256,500000,61100000,0.17533
marginal-hits-interval-500k,256,500000,11100000,0.24511
marginal-hits-interval-500k,256,500000,19400000,0.2194
marginal-hits-interval-500k,256,500000,57000000,0.17212
marginal-hits-interval-500k,256,500000,70700000,0.17381
marginal-hits-interval-500k,256,500000,48100000,0.17902
marginal-hits-interval-500k,256,500000,69700000,0.17313
marginal-hits-interval-500k,256,500000,36100000,0.18888
marginal-hits-interval-500k,256,500000,32400000,0.18991
marginal-hits-interval-500k,256,500000,18700000,0.21971
marginal-hits-interval-500k,256,500000,64200000,0.16982
marginal-hits-interval-500k,256,500000,64400000,0.17069
marginal-hits-interval-500k,256,500000,73000000,0.17466
marginal-hits-interval-500k,256,500000,79000000,0.17158
marginal-hits-interval-500k,256,500000,40700000,0.17794
marginal-hits-interval-500k,256,500000,6700000,0.25416
marginal-hits-interval-500k,256,500000,4200000,0.26466
marginal-hits-interval-500k,256,500000,16900000,0.22393
marginal-hits-interval-500k,256,500000,50400000,0.17363
marginal-hits-interval-500k,256,500000,41600000,0.17715
marginal-hits-interval-500k,256,500000,38900000,0.18009
marginal-hits-interval-500k,256,500000,37800000,0.18153
marginal-hits-interval-500k,256,500000,29200000,0.19531
marginal-hits-interval-500k,256,500000,29100000,0.19811
marginal-hits-interval-500k,256,500000,10300000,0.24419
marginal-hits-interval-500k,256,500000,5700000,0.26198
marginal-hits-interval-500k,256,500000,54100000,0.17117
marginal-hits-interval-500k,256,500000,45100000,0.1703
marginal-hits-interval-500k,256,500000,43900000,0.17233
marginal-hits-interval-500k,256,500000,33100000,0.19035
marginal-hits-interval-500k,256,500000,63100000,0.17423
marginal-hits-interval-500k,256,500000,53900000,0.17416
marginal-hits-interval-500k,256,500000,50700000,0.17409
marginal-hits-interval-500k,256,500000,900000,0.46561
marginal-hits-interval-500k,256,500000,18900000,0.21994
marginal-hits-interval-500k,256,500000,21200000,0.2128
marginal-hits-interval-500k,256,500000,21300000,0.21495
marginal-hits-interval-500k,256,500000,57100000,0.17365
marginal-hits-interval-500k,256,500000,55900000,0.17313
marginal-hits-interval-500k,256,500000,56900000,0.17256
marginal-hits-interval-500k,256,500000,70100000,0.1756
marginal-hits-interval-500k,256,500000,79900000,0.17125
marginal-hits-interval-500k,256,500000,37300000,0.18301
marginal-hits-interval-500k,256,500000,53800000,0.17176
marginal-hits-interval-500k,256,500000,51200000,0.17834
marginal-hits-interval-500k,256,500000,45700000,0.17437
marginal-hits-interval-500k,256,500000,27800000,0.19916
marginal-hits-interval-500k,256,500000,26000000,0.20269
marginal-hits-interval-500k,256,500000,19100000,0.22405
marginal-hits-interval-500k,256,500000,21800000,0.21416
marginal-hits-interval-500k,256,500000,61700000,0.17381
marginal-hits-interval-500k,256,500000,51500000,0.17195
marginal-hits-interval-500k,256,500000,38000000,0.18083
marginal-hits-interval-500k,256,500000,29800000,0.19436
marginal-hits-interval-500k,256,500000,4000000,0.26945
marginal-hits-interval-500k,256,500000,4300000,0.26521
marginal-hits-interval-500k,256,500000,20200000,0.21701
marginal-hits-interval-500k,256,500000,22700000,0.21187
marginal-hits-interval-500k,256,500000,65400000,0.17113
marginal-hits-interval-500k,256,500000,10700000,0.24422
marginal-hits-interval-500k,256,500000,2700000,0.28268
marginal-hits-interval-500k,256,500000,15100000,0.23532
marginal-hits-interval-500k,256,500000,15400000,0.23033
marginal-hits-interval-500k,256,500000,19000000,0.21833
marginal-hits-interval-500k,256,500000,73200000,0.17253
marginal-hits-interval-500k,256,500000,76700000,0.17393
marginal-hits-interval-500k,256,500000,78700000,0.17232
marginal-hits-interval-500k,256,500000,79700000,0.17224
marginal-hits-interval-500k,256,500000,31600000,0.19275
marginal-hits-interval-500k,256,500000,49100000,0.17458
marginal-hits-interval-500k,256,500000,42100000,0.17706
marginal-hits-interval-500k,256,500000,47300000,0.17545
marginal-hits-interval-500k,256,500000,27200000,0.20095
marginal-hits-interval-500k,256,500000,11900000,0.24089
marginal-hits-interval-500k,256,500000,25600000,0.20926
marginal-hits-interval-500k,256,500000,32600000,0.18946
marginal-hits-interval-500k,256,500000,6400000,0.25632
marginal-hits-interval-500k,256,500000,23400000,0.20981
marginal-hits-interval-500k,256,500000,59000000,0.17117
marginal-hits-interval-500k,256,500000,62100000,0.17159
marginal-hits-interval-500k,256,500000,68900000,0.1733
marginal-hits-interval-500k,256,500000,13900000,0.23193
marginal-hits-interval-500k,256,500000,17800000,0.22308
marginal-hits-interval-500k,256,500000,52900000,0.17442
marginal-hits-interval-500k,256,500000,43500000,0.17334
marginal-hits-interval-500k,256,500000,3000000,0.2693
marginal-hits-interval-500k,256,500000,19200000,0.22047
marginal-hits-interval-500k,256,500000,45500000,0.17268
marginal-hits-interval-500k,256,500000,4800000,0.26383
marginal-hits-interval-500k,256,500000,19600000,0.21863
marginal-hits-interval-500k,256,500000,72000000,0.17232
marginal-hits-interval-500k,256,500000,75200000,0.17233
marginal-hits-interval-500k,256,500000,48400000,0.17295
marginal-hits-interval-500k,256,500000,44500000,0.17349
marginal-hits-interval-500k,256,500000,34500000,0.18624
marginal-hits-interval-500k,256,500000,65100000,0.17197
marginal-hits-interval-500k,256,500000,73300000,0.17197
marginal-hits-interval-500k,256,500000,79500000,0.17467
marginal-hits-interval-500k,256,500000,61200000,0.17311
marginal-hits-interval-500k,256,500000,50000000,0.17161
marginal-hits-interval-500k,256,500000,36300000,0.18385
marginal-hits-interval-500k,256,500000,7900000,0.25277
marginal-hits-interval-500k,256,500000,5100000,0.26247
marginal-hits-interval-500k,256,500000,74200000,0.17342
marginal-hits-interval-500k,256,500000,49300000,0.17143
marginal-hits-interval-500k,256,500000,46900000,0.17439
marginal-hits-interval-500k,256,500000,6500000,0.2592
marginal-hits-interval-500k,256,500000,2600000,0.28756
marginal-hits-interval-500k,256,500000,64600000,0.17112
marginal-hits-interval-500k,256,500000,53500000,0.17154
marginal-hits-interval-500k,256,500000,52800000,0.17418
marginal-hits-interval-500k,256,500000,52400000,0.17316
marginal-hits-interval-500k,256,500000,51900000,0.17328
marginal-hits-interval-500k,256,500000,41500000,0.17433
marginal-hits-interval-500k,256,500000,38200000,0.18478
marginal-hits-interval-500k,256,500000,31800000,0.19181
marginal-hits-interval-500k,256,500000,29300000,0.19588
marginal-hits-interval-500k,256,500000,26900000,0.20042
marginal-hits-interval-500k,256,500000,69600000,0.17596
marginal-hits-interval-500k,256,500000,62800000,0.17329
marginal-hits-interval-500k,256,500000,51400000,0.17456
marginal-hits-interval-500k,256,500000,7000000,0.25578
marginal-hits-interval-500k,256,500000,3600000,0.26763
marginal-hits-interval-500k,256,500000,14200000,0.23115
marginal-hits-interval-500k,256,500000,55000000,0.1714
marginal-hits-interval-500k,256,500000,74500000,0.17241
marginal-hits-interval-500k,256,500000,50600000,0.17399
marginal-hits-interval-500k,256,500000,30100000,0.19694
marginal-hits-interval-500k,256,500000,56300000,0.17367
marginal-hits-interval-500k,256,500000,37900000,0.18033
marginal-hits-interval-500k,256,500000,12000000,0.2408
marginal-hits-interval-500k,256,500000,6900000,0.25628
marginal-hits-interval-500k,256,500000,58100000,0.17383
marginal-hits-interval-500k,256,500000,58600000,0.17334
marginal-hits-interval-500k,256,500000,60300000,0.17333
marginal-hits-interval-500k,256,500000,43200000,0.17643
marginal-hits-interval-500k,256,500000,10000000,0.24394
marginal-hits-interval-500k,256,500000,3900000,0.26647
marginal-hits-interval-500k,256,500000,25200000,0.2028
marginal-hits-interval-500k,256,500000,56600000,0.1741
marginal-hits-interval-500k,256,500000,59700000,0.17351
marginal-hits-interval-500k,256,500000,39600000,0.18028
marginal-hits-interval-500k,256,500000,5200000,0.26336
marginal-hits-interval-500k,256,500000,59100000,0.17296
marginal-hits-interval-500k,256,500000,59300000,0.17188
marginal-hits-interval-500k,256,500000,66200000,0.17122
marginal-hits-interval-500k,256,500000,68400000,0.17317
marginal-hits-interval-500k,256,500000,71700000,0.17445
marginal-hits-interval-500k,256,500000,72700000,0.17302
marginal-hits-interval-500k,256,500000,74100000,0.17286
marginal-hits-interval-500k,256,500000,62700000,0.17237
marginal-hits-interval-500k,256,500000,17900000,0.22258
marginal-hits-interval-500k,256,500000,35100000,0.18812
marginal-hits-interval-500k,256,500000,43000000,0.17415
marginal-hits-interval-500k,256,500000,22500000,0.2111
marginal-hits-interval-500k,256,500000,60500000,0.17346
marginal-hits-interval-500k,256,500000,70900000,0.17158
marginal-hits-interval-500k,256,500000,76400000,0.17114
marginal-hits-interval-500k,256,500000,36200000,0.18722
marginal-hits-interval-500k,256,500000,32500000,0.18932
marginal-hits-interval-500k,256,500000,26200000,0.20524
marginal-hits-interval-500k,256,500000,61300000,0.17222
marginal-hits-interval-500k,256,500000,76300000,0.1715
marginal-hits-interval-500k,256,500000,46700000,0.17374
marginal-hits-interval-500k,256,500000,36800000,0.18214
marginal-hits-interval-500k,256,500000,33400000,0.18765
marginal-hits-interval-500k,256,500000,13400000,0.23662
marginal-hits-interval-500k,256,500000,17600000,0.2225
marginal-hits-interval-500k,256,500000,69400000,0.17427
marginal-hits-interval-500k,256,500000,47100000,0.17465
marginal-hits-interval-500k,256,500000,42000000,0.17632
marginal-hits-interval-500k,256,500000,37400000,0.18271
marginal-hits-interval-500k,256,500000,28700000,0.19719
marginal-hits-interval-500k,256,500000,12100000,0.24193
marginal-hits-interval-500k,256,500000,9900000,0.2471
marginal-hits-interval-500k,256,500000,13300000,0.23579
marginal-hits-interval-500k,256,500000,21700000,0.21164
marginal-hits-interval-500k,256,500000,78200000,0.17007
marginal-hits-interval-500k,256,500000,53200000,0.17335
marginal-hits-interval-500k,256,500000,52600000,0.17464
marginal-hits-interval-500k,256,500000,32100000,0.19368
marginal-hits-interval-500k,256,500000,31500000,0.19257
marginal-hits-interval-500k,256,500000,14700000,0.23147
marginal-hits-interval-500k,256,500000,15900000,0.22686
marginal-hits-interval-500k,256,500000,66500000,0.17231
marginal-hits-interval-500k,256,500000,37600000,0.18041
marginal-hits-interval-500k,256,500000,61400000,0.17139
marginal-hits-interval-500k,256,500000,61900000,0.17225
marginal-hits-interval-500k,256,500000,65900000,0.16984
marginal-hits-interval-500k,256,500000,3100000,0.26751
marginal-hits-interval-500k,256,500000,17000000,0.22445
marginal-hits-interval-500k,256,500000,18000000,0.22176
marginal-hits-interval-500k,256,500000,58900000,0.17378
marginal-hits-interval-500k,256,500000,70500000,0.17253
marginal-hits-interval-500k,256,500000,70800000,0.17149
marginal-hits-interval-500k,256,500000,16000000,0.22827
marginal-hits-interval-500k,256,500000,13700000,0.23348
marginal-hits-interval-500k,256,500000,44700000,0.172
marginal-hits-interval-500k,256,500000,39500000,0.17739
marginal-hits-interval-500k,256,500000,40000000,0.17912
marginal-hits-interval-500k,256,500000,38800000,0.17976
marginal-hits-interval-500k,256,500000,35500000,0.18508
marginal-hits-interval-500k,256,500000,27300000,0.20122
marginal-hits-interval-500k,256,500000,3700000,0.26577
marginal-hits-interval-500k,256,500000,12800000,0.23941
marginal-hits-interval-500k,256,500000,14600000,0.23208
marginal-hits-interval-500k,256,500000,74400000,0.17245
marginal-hits-interval-500k,256,500000,72200000,0.17361
marginal-hits-interval-500k,256,500000,46600000,0.17273
marginal-hits-interval-500k,256,500000,46500000,0.17151
marginal-hits-interval-500k,256,500000,36700000,0.18365
marginal-hits-interval-500k,256,500000,32000000,0.1913
marginal-hits-interval-500k,256,500000,63200000,0.1709
marginal-hits-interval-500k,256,500000,68800000,0.1746
marginal-hits-interval-500k,256,500000,9400000,0.2471
marginal-hits-interval-500k,256,500000,1900000,0.34461
marginal-hits-interval-500k,256,500000,800000,0.48278
marginal-hits-interval-500k,256,500000,4400000,0.26502
marginal-hits-interval-500k,256,500000,16400000,0.22375
marginal-hits-interval-500k,256,500000,68300000,0.17118
marginal-hits-interval-500k,256,500000,73600000,0.17386
marginal-hits-interval-500k,256,500000,75000000,0.17384
marginal-hits-interval-500k,256,500000,76500000,0.17201
marginal-hits-interval-500k,256,500000,34000000,0.18919
marginal-hits-interval-500k,256,500000,49200000,0.17282
marginal-hits-interval-500k,256,500000,31200000,0.19229
marginal-hits-interval-500k,256,500000,25000000,0.20627
marginal-hits-interval-500k,256,500000,25100000,0.20599
marginal-hits-interval-500k,256,500000,28400000,0.19768
marginal-hits-interval-500k,256,500000,2800000,0.27633
marginal-hits-interval-500k,256,500000,700000,0.50235
marginal-hits-interval-500k,256,500000,13800000,0.2342
marginal-hits-interval-500k,256,500000,22600000,0.21341
marginal-hits-interval-500k,256,500000,23500000,0.20822
marginal-hits-interval-500k,256,500000,42300000,0.1755
marginal-hits-interval-500k,256,500000,40200000,0.17692
marginal-hits-interval-500k,256,500000,500000,0.54456
marginal-hits-interval-500k,256,500000,17500000,0.2244
marginal-hits-interval-500k,256,500000,23100000,0.21439
marginal-hits-interval-500k,256,500000,55700000,0.1742
marginal-hits-interval-500k,256,500000,65200000,0.17333
marginal-hits-interval-500k,256,500000,77600000,0.17289
marginal-hits-interval-500k,256,500000,12200000,0.24073
marginal-hits-interval-500k,256,500000,41100000,0.17707
marginal-hits-interval-500k,256,500000,44200000,0.17386
marginal-hits-interval-500k,256,500000,33200000,0.18948
marginal-hits-interval-500k,256,500000,30500000,0.19237
marginal-hits-interval-500k,256,500000,2100000,0.32603
marginal-hits-interval-500k,256,500000,56800000,0.17191
marginal-hits-interval-500k,256,500000,59600000,0.17078
marginal-hits-interval-500k,256,500000,67700000,0.17243
marginal-hits-interval-500k,256,500000,73400000,0.17354
marginal-hits-interval-500k,256,500000,41400000,0.17324
marginal-hits-interval-500k,256,500000,39800000,0.17881
marginal-hits-interval-500k,256,500000,34800000,0.18641
marginal-hits-interval-500k,256,500000,25900000,0.20458
marginal-hits-interval-500k,256,500000,18100000,0.2248
marginal-hits-interval-500k,256,500000,64700000,0.17214
marginal-hits-interval-500k,256,500000,48200000,0.17764
marginal-hits-interval-500k,256,500000,12900000,0.23828
marginal-hits-interval-500k,256,500000,30800000,0.19661
marginal-hits-interval-500k,256,500000,8500000,0.25056
marginal-hits-interval-500k,256,500000,8000000,0.25211
marginal-hits-interval-500k,256,500000,50300000,0.17166
marginal-hits-interval-500k,256,500000,45900000,0.17157
marginal-hits-interval-500k,256,500000,17700000,0.22236
marginal-hits-interval-500k,256,500000,24100000,0.20924
marginal-hits-interval-500k,256,500000,66700000,0.17404
marginal-hits-interval-500k,256,500000,35700000,0.18288
marginal-hits-interval-500k,256,500000,6600000,0.25642
marginal-hits-interval-500k,256,500000,16600000,0.2277
marginal-hits-interval-500k,256,500000,34600000,0.18771
marginal-hits-interval-500k,256,500000,28800000,0.19716
marginal-hits-interval-500k,256,500000,20500000,0.21721
marginal-hits-interval-500k,256,500000,20800000,0.21654
marginal-hits-interval-500k,256,500000,24000000,0.20824
marginal-hits-interval-500k,256,500000,56000000,0.17356
marginal-hits-interval-500k,256,500000,66600000,0.17333
marginal-hits-interval-500k,256,500000,72600000,0.17538
marginal-hits-interval-500k,256,500000,40300000,0.17657
marginal-hits-interval-500k,256,500000,7700000,0.25492
marginal-hits-interval-500k,256,500000,7500000,0.25344
marginal-hits-interval-500k,256,500000,21600000,0.21456
marginal-hits-interval-500k,256,500000,74700000,0.17338
marginal-hits-interval-500k,256,500000,28000000,0.20147
marginal-hits-interval-500k,256,500000,8600000,0.25347
marginal-hits-interval-500k,256,500000,24500000,0.20617
marginal-hits-interval-500k,256,500000,77500000,0.17237
marginal-hits-interval-500k,256,500000,50900000,0.17416
marginal-hits-interval-500k,256,500000,45300000,0.17123
marginal-hits-interval-500k,256,500000,56500000,0.17277
marginal-hits-interval-500k,256,500000,58500000,0.17096
marginal-hits-interval-500k,256,500000,75500000,0.17147
marginal-hits-interval-500k,256,500000,78500000,0.17225
marginal-hits-interval-500k,256,500000,23700000,0.20841
marginal-hits-interval-500k,256,500000,24400000,0.20606
marginal-hits-interval-500k,256,500000,54000000,0.17298
marginal-hits-interval-500k,256,500000,40100000,0.17872
marginal-hits-interval-500k,256,500000,7200000,0.25618
marginal-hits-interval-500k,256,500000,16200000,0.22784
marginal-hits-interval-500k,256,500000,63300000,0.17377
marginal-hits-interval-500k,256,500000,75600000,0.17449
marginal-hits-interval-500k,256,500000,47600000,0.17724
marginal-hits-interval-500k,256,500000,26600000,0.20172
marginal-hits-interval-500k,256,500000,7300000,0.2539
marginal-hits-interval-500k,256,500000,15300000,0.22924
marginal-hits-interval-500k,256,500000,21400000,0.21599
marginal-hits-interval-500k,256,500000,57800000,0.17274
marginal-hits-interval-500k,256,500000,33500000,0.18919
marginal-hits-interval-500k,256,500000,56400000,0.17466
marginal-hits-interval-500k,256,500000,66000000,0.17089
marginal-hits-interval-500k,256,500000,71300000,0.17217
marginal-hits-interval-500k,256,500000,13200000,0.23526
marginal-hits-interval-500k,256,500000,30900000,0.19462
marginal-hits-interval-500k,256,500000,10500000,0.24565
marginal-hits-interval-500k,256,500000,7400000,0.25591
marginal-hits-interval-500k,256,500000,22000000,0.21404
marginal-hits-interval-500k,256,500000,55200000,0.17525
marginal-hits-interval-500k,256,500000,50200000,0.17154
marginal-hits-interval-500k,256,500000,42500000,0.17633
marginal-hits-interval-500k,256,500000,600000,0.52124
marginal-hits-interval-500k,256,500000,3300000,0.26796
marginal-hits-interval-500k,256,500000,4600000,0.26401
marginal-hits-interval-500k,256,500000,21000000,0.21392
marginal-hits-interval-500k,256,500000,54400000,0.17426
marginal-hits-interval-500k,256,500000,58200000,0.171
marginal-hits-interval-500k,256,500000,49500000,0.17142
marginal-hits-interval-500k,256,500000,10100000,0.2472
marginal-hits-interval-500k,256,500000,9800000,0.24631
marginal-hits-interval-500k,256,500000,9700000,0.24686
marginal-hits-interval-500k,256,500000,16800000,0.22711
marginal-hits-interval-500k,256,500000,19500000,0.21783
marginal-hits-interval-500k,256,500000,64800000,0.16793
marginal-hits-interval-500k,256,500000,77800000,0.17033
marginal-hits-interval-500k,256,500000,78800000,0.17226
marginal-hits-interval-500k,256,500000,53300000,0.17175
marginal-hits-interval-500k,256,500000,47400000,0.17263
marginal-hits-interval-500k,256,500000,9600000,0.24927
marginal-hits-interval-500k,256,500000,4700000,0.26274
marginal-hits-interval-500k,256,500000,17200000,0.22313
marginal-hits-interval-500k,256,500000,20400000,0.21514
marginal-hits-interval-500k,256,500000,25400000,0.20598
marginal-hits-interval-500k,256,500000,71400000,0.17027
marginal-hits-interval-500k,256,500000,70600000,0.17557
marginal-hits-interval-500k,256,500000,51600000,0.17366
marginal-hits-interval-500k,256,500000,36400000,0.18358
marginal-hits-interval-500k,256,500000,9000000,0.25034
marginal-hits-interval-500k,256,500000,6200000,0.25969
marginal-hits-interval-500k,256,500000,22800000,0.21167
marginal-hits-interval-500k,256,500000,55400000,0.17514
marginal-hits-interval-500k,256,500000,51000000,0.17236
marginal-hits-interval-500k,256,500000,37500000,0.18146
marginal-hits-interval-500k,256,500000,29900000,0.1956
marginal-hits-interval-500k,256,500000,32900000,0.18784
marginal-hits-interval-500k,256,500000,11400000,0.24006
marginal-hits-interval-500k,256,500000,10800000,0.24145
marginal-hits-interval-500k,256,500000,23200000,0.20966
marginal-hits-interval-500k,256,500000,61600000,0.17341
marginal-hits-interval-500k,256,500000,76000000,0.17095
marginal-hits-interval-500k,256,500000,76800000,0.17208
marginal-hits-interval-500k,256,500000,77700000,0.17137
marginal-hits-interval-500k,256,500000,17100000,0.22925
marginal-hits-interval-500k,256,500000,16100000,0.22905
marginal-hits-interval-500k,256,500000,51800000,0.17278
marginal-hits-interval-500k,256,500000,45600000,0.17482
marginal-hits-interval-500k,256,500000,32700000,0.19182
marginal-hits-interval-500k,256,500000,31100000,0.19342
marginal-hits-interval-500k,256,500000,11700000,0.23936
marginal-hits-interval-500k,256,500000,25300000,0.205
marginal-hits-interval-500k,256,500000,38700000,0.18067
marginal-hits-interval-500k,256,500000,13100000,0.23806
marginal-hits-interval-500k,256,500000,65700000,0.17076
marginal-hits-interval-500k,256,500000,39900000,0.17777
marginal-hits-interval-500k,256,500000,34100000,0.1903
marginal-hits-interval-500k,256,500000,32200000,0.19015
marginal-hits-interval-500k,256,500000,29700000,0.1948
marginal-hits-interval-500k,256,500000,62000000,0.17035
marginal-hits-interval-500k,256,500000,78000000,0.17134
marginal-hits-interval-500k,256,500000,44400000,0.1723
marginal-hits-interval-500k,256,500000,27900000,0.199
marginal-hits-interval-500k,256,500000,5500000,0.26064
marginal-hits-interval-500k,256,500000,13000000,0.2369
marginal-hits-interval-500k,256,500000,21900000,0.21353
marginal-hits-interval-500k,256,500000,64000000,0.1743
marginal-hits-interval-500k,256,500000,69300000,0.17218
marginal-hits-interval-500k,256,500000,75100000,0.17431
marginal-hits-interval-500k,256,500000,49000000,0.17134
marginal-hits-interval-500k,256,500000,52300000,0.1721
marginal-hits-interval-500k,256,500000,34700000,0.18915
marginal-hits-interval-500k,256,500000,26300000,0.20262
marginal-hits-interval-500k,256,500000,8800000,0.24903
marginal-hits-interval-500k,256,500000,3400000,0.26828
marginal-hits-interval-500k,256,500000,19900000,0.21675
marginal-hits-interval-500k,256,500000,25500000,0.20081
marginal-hits-interval-500k,256,500000,77200000,0.17347
marginal-hits-interval-500k,256,500000,44000000,0.17396
marginal-hits-interval-500k,256,500000,62400000,0.17181
marginal-hits-interval-500k,256,500000,67800000,0.17095
marginal-hits-interval-500k,256,500000,72800000,0.17262
marginal-hits-interval-500k,256,500000,76900000,0.17391
marginal-hits-interval-500k,256,500000,43700000,0.17458
marginal-hits-interval-500k,256,500000,38400000,0.18017
marginal-hits-interval-500k,256,500000,6800000,0.25753
marginal-hits-interval-500k,256,500000,54800000,0.17235
marginal-hits-interval-500k,256,500000,65600000,0.17173
marginal-hits-interval-500k,256,500000,67400000,0.17212
marginal-hits-interval-500k,256,500000,68100000,0.17337
marginal-hits-interval-500k,256,500000,77400000,0.17001
marginal-hits-interval-500k,256,500000,69500000,0.17357
marginal-hits-interval-500k,256,500000,42400000,0.17505
marginal-hits-interval-500k,256,500000,41200000,0.17558
marginal-hits-interval-500k,256,500000,39700000,0.17951
marginal-hits-interval-500k,256,500000,11600000,0.24168
marginal-hits-interval-500k,256,500000,7100000,0.25475
marginal-hits-interval-500k,256,500000,69900000,0.17239
marginal-hits-interval-500k,256,500000,52500000,0.17328
marginal-hits-interval-500k,256,500000,51100000,0.18705
marginal-hits-interval-500k,256,500000,8400000,0.2498
marginal-hits-interval-500k,256,500000,56100000,0.17542
marginal-hits-interval-500k,256,500000,63900000,0.17288
marginal-hits-interval-500k,256,500000,40600000,0.17791
marginal-hits-interval-500k,256,500000,14900000,0.22989
marginal-hits-interval-500k,256,500000,77000000,0.16971
marginal-hits-interval-500k,256,500000,61500000,0.17229
marginal-hits-interval-500k,256,500000,52200000,0.17374
marginal-hits-interval-500k,256,500000,2500000,0.29508
marginal-hits-interval-500k,256,500000,18500000,0.22053
marginal-hits-interval-500k,256,500000,68700000,0.17459
marginal-hits-interval-500k,256,500000,75900000,0.17085
marginal-hits-interval-500k,256,500000,43400000,0.17316
marginal-hits-interval-500k,256,500000,37100000,0.18956
marginal-hits-interval-500k,256,500000,36000000,0.18381
marginal-hits-interval-500k,256,500000,34400000,0.18767
marginal-hits-interval-500k,256,500000,62600000,0.17452
marginal-hits-interval-500k,256,500000,51700000,0.17347
marginal-hits-interval-500k,256,500000,39000000,0.18023
marginal-hits-interval-500k,256,500000,33700000,0.18756
marginal-hits-interval-500k,256,500000,29500000,0.19647
marginal-hits-interval-500k,256,500000,8200000,0.25209
marginal-hits-interval-500k,256,500000,100000,0.73732
marginal-hits-interval-500k,256,500000,24600000,0.20818
marginal-hits-interval-500k,256,500000,59900000,0.1719
marginal-hits-interval-500k,256,500000,65300000,0.17196
marginal-hits-interval-500k,256,500000,48600000,0.17449
marginal-hits-interval-500k,256,500000,48500000,0.17571
marginal-hits-interval-500k,256,500000,5300000,0.26048
marginal-hits-interval-500k,256,500000,63400000,0.17327
marginal-hits-interval-500k,256,500000,66400000,0.17306
marginal-hits-interval-500k,256,500000,35600000,0.18655
marginal-hits-interval-500k,256,500000,32800000,0.18764
marginal-hits-interval-500k,256,500000,27400000,0.19868
marginal-hits-interval-500k,256,500000,1300000,0.4075
marginal-hits-interval-500k,256,500000,24900000,0.20537
marginal-hits-interval-500k,256,500000,58300000,0.17255
marginal-hits-interval-500k,256,500000,66100000,0.17228
marginal-hits-interval-500k,256,500000,70000000,0.17397
marginal-hits-interval-500k,256,500000,71600000,0.17562
marginal-hits-interval-500k,256,500000,77300000,0.17286
marginal-hits-interval-500k,256,500000,60900000,0.1723
marginal-hits-interval-500k,256,500000,35200000,0.18728
marginal-hits-interval-500k,256,500000,28300000,0.19844
marginal-hits-interval-500k,256,500000,15700000,0.23156
marginal-hits-interval-500k,256,500000,79300000,0.17105
marginal-hits-interval-500k,256,500000,41300000,0.17506
marginal-hits-interval-500k,256,500000,35400000,0.18566
marginal-hits-interval-500k,256,500000,11200000,0.24013
marginal-hits-interval-500k,256,500000,15800000,0.23075
marginal-hits-interval-500k,256,500000,56200000,0.17215
marginal-hits-interval-500k,256,500000,69000000,0.17347
marginal-hits-interval-500k,256,500000,25800000,0.20365
marginal-hits-interval-500k,256,500000,5000000,0.26431
marginal-hits-interval-500k,256,500000,19800000,0.2171
marginal-hits-interval-500k,256,500000,57700000,0.17313
marginal-hits-interval-500k,256,500000,74300000,0.17225
marginal-hits-interval-500k,256,500000,79200000,0.17363
marginal-hits-interval-500k,256,500000,35000000,0.18547
marginal-hits-interval-500k,256,500000,34300000,0.18847
marginal-hits-interval-500k,256,500000,30000000,0.19471
marginal-hits-interval-500k,256,500000,11000000,0.24176
marginal-hits-interval-500k,256,500000,18200000,0.22352
marginal-hits-interval-500k,256,500000,21100000,0.21404
marginal-hits-interval-500k,256,500000,24800000,0.20687
marginal-hits-interval-500k,256,500000,57200000,0.17499
marginal-hits-interval-500k,256,500000,68200000,0.17364
marginal-hits-interval-500k,256,500000,2400000,0.30113
marginal-hits-interval-500k,256,500000,20700000,0.21583
marginal-hits-interval-500k,256,500000,44300000,0.17145
marginal-hits-interval-500k,256,500000,36500000,0.18308
marginal-hits-interval-500k,256,500000,15600000,0.23324
marginal-hits-interval-500k,256,500000,18400000,0.21947
marginal-hits-interval-500k,256,500000,23600000,0.21164
marginal-hits-interval-500k,256,500000,67300000,0.17235
marginal-hits-interval-500k,256,500000,68500000,0.17271
marginal-hits-interval-500k,256,500000,52000000,0.17223
marginal-hits-interval-500k,256,500000,46100000,0.17734
marginal-hits-interval-500k,256,500000,27700000,0.20102
marginal-hits-interval-500k,256,500000,25700000,0.20391
marginal-hits-interval-500k,256,500000,5900000,0.25961
marginal-hits-interval-500k,256,500000,20600000,0.21585
marginal-hits-interval-500k,256,500000,66300000,0.17108
marginal-hits-interval-500k,256,500000,71100000,0.17305
marginal-hits-interval-500k,256,500000,33000000,0.18614
marginal-hits-interval-500k,256,500000,60400000,0.17214
marginal-hits-interval-500k,256,500000,73900000,0.17095
marginal-hits-interval-500k,256,500000,67600000,0.17526
marginal-hits-interval-500k,256,500000,50500000,0.17314
marginal-hits-interval-500k,256,500000,49800000,0.17191
marginal-hits-interval-500k,256,500000,44600000,0.17521
marginal-hits-interval-500k,256,500000,3200000,0.26801
marginal-hits-interval-500k,256,500000,13500000,0.23707
marginal-hits-interval-500k,256,500000,18300000,0.21964
marginal-hits-interval-500k,256,500000,18600000,0.21936
marginal-hits-interval-500k,256,500000,13600000,0.23358
marginal-hits-interval-500k,256,500000,16500000,0.22823
marginal-hits-interval-500k,256,500000,57300000,0.17305
marginal-hits-interval-500k,256,500000,53000000,0.17251
marginal-hits-interval-500k,256,500000,48700000,0.17316
marginal-hits-interval-500k,256,500000,39200000,0.18009
marginal-hits-interval-500k,256,500000,10400000,0.24412
marginal-hits-interval-500k,256,500000,14500000,0.23074
marginal-hits-interval-500k,256,500000,64100000,0.17155
marginal-hits-interval-500k,256,500000,60800000,0.17198
marginal-hits-interval-500k,256,500000,44800000,0.17171
marginal-hits-interval-500k,256,500000,27100000,0.20209
marginal-hits-interval-500k,256,500000,19700000,0.21708
marginal-hits-interval-500k,256,500000,67000000,0.17225
marginal-hits-interval-500k,256,500000,74800000,0.1734
marginal-hits-interval-500k,256,500000,78900000,0.17557
marginal-hits-interval-500k,256,500000,45800000,0.17496
marginal-hits-interval-500k,256,500000,8300000,0.25217
marginal-hits-interval-500k,256,500000,14400000,0.2329
marginal-hits-interval-500k,256,500000,21500000,0.21332
marginal-hits-interval-500k,256,500000,58800000,0.17122
marginal-hits-interval-500k,256,500000,62500000,0.17082
marginal-hits-interval-500k,256,500000,52700000,0.1736
marginal-hits-interval-500k,256,500000,39300000,0.1783
marginal-hits-interval-500k,256,500000,38100000,0.18488
marginal-hits-interval-500k,256,500000,19300000,0.22044
marginal-hits-interval-500k,256,500000,50100000,0.17472
marginal-hits-interval-500k,256,500000,40800000,0.1777
marginal-hits-interval-500k,256,500000,54900000,0.17104
marginal-hits-interval-500k,256,500000,58400000,0.16985
marginal-hits-interval-500k,256,500000,74900000,0.17284
marginal-hits-interval-500k,256,500000,1600000,0.37185
marginal-hits-interval-500k,256,500000,5800000,0.26054
marginal-hits-interval-500k,256,500000,59800000,0.17386
marginal-hits-interval-500k,256,500000,76600000,0.17627
marginal-hits-interval-500k,256,500000,34900000,0.18629
marginal-hits-interval-500k,256,500000,4100000,0.26675
marginal-hits-interval-500k,256,500000,58000000,0.17254
marginal-hits-interval-500k,256,500000,59500000,0.17092
marginal-hits-interval-500k,256,500000,49400000,0.17278
marginal-hits-interval-500k,256,500000,46000000,0.17376
marginal-hits-interval-500k,256,500000,45400000,0.17243
marginal-hits-interval-500k,256,500000,44100000,0.1755
marginal-hits-interval-500k,256,500000,4500000,0.26376
marginal-hits-interval-500k,256,500000,69100000,0.17558
marginal-hits-interval-500k,256,500000,74600000,0.17544
marginal-hits-interval-500k,256,500000,53700000,0.16975
marginal-hits-interval-500k,256,500000,41000000,0.17507
marginal-hits-interval-500k,256,500000,38600000,0.18142
marginal-hits-interval-500k,256,500000,28100000,0.19943
marginal-hits-interval-500k,256,500000,60700000,0.17496
marginal-hits-interval-500k,256,500000,63600000,0.17293
marginal-hits-interval-500k,256,500000,68600000,0.17597
marginal-hits-interval-500k,256,500000,78600000,0.17394
marginal-hits-interval-500k,256,500000,71900000,0.17152
marginal-hits-interval-500k,256,500000,48800000,0.17508
marginal-hits-interval-500k,256,500000,10600000,0.24512
marginal-hits-interval-500k,256,500000,14100000,0.23422
marginal-hits-interval-500k,256,500000,55500000,0.17393
marginal-hits-interval-500k,256,500000,68000000,0.17056
marginal-hits-interval-500k,256,500000,48000000,0.17392
marginal-hits-interval-500k,256,500000,26500000,0.20401
marginal-hits-interval-500k,256,500000,12600000,0.23838
marginal-hits-interval-500k,256,500000,70300000,0.17245
marginal-hits-interval-500k,256,500000,53600000,0.17523
marginal-hits-interval-500k,256,500000,47200000,0.1746
marginal-hits-interval-500k,256,500000,33800000,0.18773
marginal-hits-interval-500k,256,500000,18800000,0.21965
marginal-hits-interval-500k,256,500000,67500000,0.17096
marginal-hits-interval-500k,256,500000,78300000,0.17378
marginal-hits-interval-500k,256,500000,53400000,0.17223
marginal-hits-interval-500k,256,500000,27500000,0.20164
marginal-hits-interval-500k,256,500000,1500000,0.3841
marginal-hits-interval-500k,256,500000,15200000,0.22861
marginal-hits-interval-500k,256,500000,24300000,0.20614
marginal-hits-interval-500k,256,500000,64900000,0.16898
marginal-hits-interval-500k,256,500000,61800000,0.17068
marginal-hits-interval-500k,256,500000,49700000,0.17368
marginal-hits-interval-500k,256,500000,29400000,0.19717
marginal-hits-interval-500k,256,500000,9300000,0.24689
marginal-hits-interval-500k,256,500000,9100000,0.2495
marginal-hits-interval-500k,256,500000,6000000,0.25838
marginal-hits-interval-500k,256,500000,17400000,0.22537
marginal-hits-interval-500k,256,500000,76100000,0.17311
marginal-hits-interval-500k,256,500000,71200000,0.1739
marginal-hits-interval-500k,256,500000,45000000,0.1711
marginal-hits-interval-500k,256,500000,60600000,0.17188
marginal-hits-interval-500k,256,500000,76200000,0.17147
marginal-hits-interval-500k,256,500000,200000,0.64834
marginal-hits-interval-500k,256,500000,12700000,0.23622
marginal-hits-interval-500k,256,500000,62200000,0.17034
marginal-hits-interval-500k,256,500000,63800000,0.1732
marginal-hits-interval-500k,256,500000,67900000,0.17111
marginal-hits-interval-500k,256,500000,33600000,0.18868
marginal-hits-interval-500k,256,500000,27600000,0.20025
marginal-hits-interval-500k,256,500000,30600000,0.19564
marginal-hits-interval-500k,256,500000,28900000,0.19501
marginal-hits-interval-500k,256,500000,26100000,0.20521
marginal-hits-interval-500k,256,500000,15000000,0.2311
marginal-hits-interval-500k,256,500000,61000000,0.17146
marginal-hits-interval-500k,256,500000,66800000,0.17307
marginal-hits-interval-500k,256,500000,35900000,0.18478
marginal-hits-interval-500k,256,500000,6100000,0.26108
marginal-hits-interval-500k,256,500000,14300000,0.22989
marginal-hits-interval-500k,256,500000,62900000,0.17464
marginal-hits-interval-500k,256,500000,63700000,0.17358
marginal-hits-interval-500k,256,500000,47800000,0.17499
marginal-hits-interval-500k,256,500000,42900000,0.17262
marginal-hits-interval-500k,256,500000,46300000,0.17181
marginal-hits-interval-100k,256,100000,51300000,0.17749
marginal-hits-interval-100k,256,100000,46200000,0.18101
marginal-hits-interval-100k,256,100000,40500000,0.17968
marginal-hits-interval-100k,256,100000,33300000,0.17686
marginal-hits-interval-100k,256,100000,31400000,0.17355
marginal-hits-interval-100k,256,100000,3800000,0.25623
marginal-hits-interval-100k,256,100000,37000000,0.17682
marginal-hits-interval-100k,256,100000,0,0.0
marginal-hits-interval-100k,256,100000,400000,0.57264
marginal-hits-interval-100k,256,100000,3500000,0.26587
marginal-hits-interval-100k,256,100000,4900000,0.23794
marginal-hits-interval-100k,256,100000,54600000,0.17781
marginal-hits-interval-100k,256,100000,73100000,0.1759
marginal-hits-interval-100k,256,100000,75300000,0.18102
marginal-hits-interval-100k,256,100000,36600000,0.17395
marginal-hits-interval-100k,256,100000,30400000,0.17888
marginal-hits-interval-100k,256,100000,30200000,0.18003
marginal-hits-interval-100k,256,100000,29000000,0.17913
marginal-hits-interval-100k,256,100000,24700000,0.17745
marginal-hits-interval-100k,256,100000,54500000,0.1753
marginal-hits-interval-100k,256,100000,43800000,0.17886
marginal-hits-interval-100k,256,100000,33900000,0.17786
marginal-hits-interval-100k,256,100000,71000000,0.1768
marginal-hits-interval-100k,256,100000,79400000,0.1753
marginal-hits-interval-100k,256,100000,36900000,0.17456
marginal-hits-interval-100k,256,100000,26400000,0.18066
marginal-hits-interval-100k,256,100000,11500000,0.19453
marginal-hits-interval-100k,256,100000,9500000,0.19693
marginal-hits-interval-100k,256,100000,22900000,0.17539
marginal-hits-interval-100k,256,100000,23800000,0.17597
marginal-hits-interval-100k,256,100000,62300000,0.17391
marginal-hits-interval-100k,256,100000,65000000,0.17779
marginal-hits-interval-100k,256,100000,49600000,0.17505
marginal-hits-interval-100k,256,100000,42700000,0.17174
marginal-hits-interval-100k,256,100000,28600000,0.17603
marginal-hits-interval-100k,256,100000,9200000,0.199
marginal-hits-interval-100k,256,100000,1000000,0.45002
marginal-hits-interval-100k,256,100000,65500000,0.17753
marginal-hits-interval-100k,256,100000,43300000,0.17576
marginal-hits-interval-100k,256,100000,40400000,0.17569
marginal-hits-interval-100k,256,100000,32300000,0.17585
marginal-hits-interval-100k,256,100000,7800000,0.20865
marginal-hits-interval-100k,256,100000,23000000,0.17578
marginal-hits-interval-100k,256,100000,55600000,0.17675
marginal-hits-interval-100k,256,100000,60200000,0.17678
marginal-hits-interval-100k,256,100000,1100000,0.43577
marginal-hits-interval-100k,256,100000,5400000,0.23823
marginal-hits-interval-100k,256,100000,22300000,0.17916
marginal-hits-interval-100k,256,100000,55800000,0.17584
marginal-hits-interval-100k,256,100000,77900000,0.17655
marginal-hits-interval-100k,256,100000,49900000,0.17379
marginal-hits-interval-100k,256,100000,43600000,0.17868
marginal-hits-interval-100k,256,100000,2300000,0.30849
marginal-hits-interval-100k,256,100000,54700000,0.17768
marginal-hits-interval-100k,256,100000,56700000,0.17897
marginal-hits-interval-100k,256,100000,72500000,0.17502
marginal-hits-interval-100k,256,100000,74000000,0.17686
marginal-hits-interval-100k,256,100000,53100000,0.17838
marginal-hits-interval-100k,256,100000,41700000,0.17614
marginal-hits-interval-100k,256,100000,34200000,0.17683
marginal-hits-interval-100k,256,100000,27000000,0.17694
marginal-hits-interval-100k,256,100000,12500000,0.19019
marginal-hits-interval-100k,256,100000,8700000,0.19985
marginal-hits-interval-100k,256,100000,60100000,0.17634
marginal-hits-interval-100k,256,100000,69200000,0.17624
marginal-hits-interval-100k,256,100000,73500000,0.17825
marginal-hits-interval-100k,256,100000,46800000,0.17863
marginal-hits-interval-100k,256,100000,31900000,0.17465
marginal-hits-interval-100k,256,100000,28200000,0.17313
marginal-hits-interval-100k,256,100000,1800000,0.35501
marginal-hits-interval-100k,256,100000,69800000,0.17251
marginal-hits-interval-100k,256,100000,72300000,0.17578
marginal-hits-interval-100k,256,100000,79100000,0.18
marginal-hits-interval-100k,256,100000,79600000,0.17713
marginal-hits-interval-100k,256,100000,48300000,0.17372
marginal-hits-interval-100k,256,100000,39400000,0.17405
marginal-hits-interval-100k,256,100000,7600000,0.21081
marginal-hits-interval-100k,256,100000,2200000,0.3158
marginal-hits-interval-100k,256,100000,300000,0.60595
marginal-hits-interval-100k,256,100000,14800000,0.18559
marginal-hits-interval-100k,256,100000,16700000,0.18175
marginal-hits-interval-100k,256,100000,22100000,0.17737
marginal-hits-interval-100k,256,100000,79800000,0.17479
marginal-hits-interval-100k,256,100000,47900000,0.17033
marginal-hits-interval-100k,256,100000,47700000,0.17251
marginal-hits-interval-100k,256,100000,40900000,0.17802
marginal-hits-interval-100k,256,100000,20100000,0.17522
marginal-hits-interval-100k,256,100000,20300000,0.17827
marginal-hits-interval-100k,256,100000,57500000,0.17528
marginal-hits-interval-100k,256,100000,63000000,0.17022
marginal-hits-interval-100k,256,100000,71500000,0.17484
marginal-hits-interval-100k,256,100000,8100000,0.20483
marginal-hits-interval-100k,256,100000,2900000,0.26872
marginal-hits-interval-100k,256,100000,14000000,0.18534
marginal-hits-interval-100k,256,100000,22200000,0.17806
marginal-hits-interval-100k,256,100000,55300000,0.17927
marginal-hits-interval-100k,256,100000,57400000,0.17591
marginal-hits-interval-100k,256,100000,67200000,0.17657
marginal-hits-interval-100k,256,100000,70200000,0.17432
marginal-hits-interval-100k,256,100000,72100000,0.17396
marginal-hits-interval-100k,256,100000,78400000,0.174
marginal-hits-interval-100k,256,100000,26800000,0.17728
marginal-hits-interval-100k,256,100000,65800000,0.17665
marginal-hits-interval-100k,256,100000,67100000,0.17525
marginal-hits-interval-100k,256,100000,37200000,0.17677
marginal-hits-interval-100k,256,100000,10900000,0.19079
marginal-hits-interval-100k,256,100000,16300000,0.18138
marginal-hits-interval-100k,256,100000,22400000,0.17871
marginal-hits-interval-100k,256,100000,71800000,0.17694
marginal-hits-interval-100k,256,100000,72400000,0.17597
marginal-hits-interval-100k,256,100000,50800000,0.17188
marginal-hits-interval-100k,256,100000,38500000,0.17977
marginal-hits-interval-100k,256,100000,29600000,0.17603
marginal-hits-interval-100k,256,100000,28500000,0.17955
marginal-hits-interval-100k,256,100000,26700000,0.17882
marginal-hits-interval-100k,256,100000,75800000,0.17526
marginal-hits-interval-100k,256,100000,23900000,0.17781
marginal-hits-interval-100k,256,100000,59200000,0.17811
marginal-hits-interval-100k,256,100000,47500000,0.17581
marginal-hits-interval-100k,256,100000,42600000,0.17235
marginal-hits-interval-100k,256,100000,35300000,0.1756
marginal-hits-interval-100k,256,100000,30700000,0.17853
marginal-hits-interval-100k,256,100000,72900000,0.17433
marginal-hits-interval-100k,256,100000,73800000,0.17477
marginal-hits-interval-100k,256,100000,52100000,0.17572
marginal-hits-interval-100k,256,100000,38300000,0.17798
marginal-hits-interval-100k,256,100000,42800000,0.17284
marginal-hits-interval-100k,256,100000,12300000,0.18818
marginal-hits-interval-100k,256,100000,6300000,0.22312
marginal-hits-interval-100k,256,100000,64300000,0.17351
marginal-hits-interval-100k,256,100000,75400000,0.1797
marginal-hits-interval-100k,256,100000,75700000,0.17765
marginal-hits-interval-100k,256,100000,45200000,0.17552
marginal-hits-interval-100k,256,100000,41900000,0.18033
marginal-hits-interval-100k,256,100000,37700000,0.17682
marginal-hits-interval-100k,256,100000,30300000,0.17895
marginal-hits-interval-100k,256,100000,54200000,0.17423
marginal-hits-interval-100k,256,100000,55100000,0.17894
marginal-hits-interval-100k,256,100000,57900000,0.17759
marginal-hits-interval-100k,256,100000,59400000,0.17786
marginal-hits-interval-100k,256,100000,70400000,0.17614
marginal-hits-interval-100k,256,100000,47000000,0.17925
marginal-hits-interval-100k,256,100000,43100000,0.17513
marginal-hits-interval-100k,256,100000,35800000,0.18179
marginal-hits-interval-100k,256,100000,2000000,0.33305
marginal-hits-interval-100k,256,100000,1700000,0.36041
marginal-hits-interval-100k,256,100000,1200000,0.41948
marginal-hits-interval-100k,256,100000,5600000,0.23137
marginal-hits-interval-100k,256,100000,15500000,0.18204
marginal-hits-interval-100k,256,100000,20000000,0.1791
marginal-hits-interval-100k,256,100000,78100000,0.17963
marginal-hits-interval-100k,256,100000,12400000,0.18899
marginal-hits-interval-100k,256,100000,8900000,0.19982
marginal-hits-interval-100k,256,100000,24200000,0.17475
marginal-hits-interval-100k,256,100000,54300000,0.17649
marginal-hits-interval-100k,256,100000,58700000,0.17501
marginal-hits-interval-100k,256,100000,60000000,0.17576
marginal-hits-interval-100k,256,100000,64500000,0.17795
marginal-hits-interval-100k,256,100000,48900000,0.17417
marginal-hits-interval-100k,256,100000,42200000,0.17406
marginal-hits-interval-100k,256,100000,11800000,0.19029
marginal-hits-interval-100k,256,100000,17300000,0.18361
marginal-hits-interval-100k,256,100000,20900000,0.1775
marginal-hits-interval-100k,256,100000,57600000,0.17501
marginal-hits-interval-100k,256,100000,63500000,0.17532
marginal-hits-interval-100k,256,100000,66900000,0.17665
marginal-hits-interval-100k,256,100000,77100000,0.17698
marginal-hits-interval-100k,256,100000,31300000,0.1773
marginal-hits-interval-100k,256,100000,44900000,0.17523
marginal-hits-interval-100k,256,100000,41800000,0.17628
marginal-hits-interval-100k,256,100000,39100000,0.17303
marginal-hits-interval-100k,256,100000,11300000,0.18942
marginal-hits-interval-100k,256,100000,10200000,0.19149
marginal-hits-interval-100k,256,100000,1400000,0.39672
marginal-hits-interval-100k,256,100000,23300000,0.17892
marginal-hits-interval-100k,256,100000,46400000,0.17761
marginal-hits-interval-100k,256,100000,31700000,0.17307
marginal-hits-interval-100k,256,100000,31000000,0.17627
marginal-hits-interval-100k,256,100000,73700000,0.17609
marginal-hits-interval-100k,256,100000,61100000,0.17671
marginal-hits-interval-100k,256,100000,11100000,0.19028
marginal-hits-interval-100k,256,100000,19400000,0.17988
marginal-hits-interval-100k,256,100000,57000000,0.175
marginal-hits-interval-100k,256,100000,70700000,0.17649
marginal-hits-interval-100k,256,100000,48100000,0.17656
marginal-hits-interval-100k,256,100000,69700000,0.1723
marginal-hits-interval-100k,256,100000,36100000,0.1775
marginal-hits-interval-100k,256,100000,32400000,0.17842
marginal-hits-interval-100k,256,100000,18700000,0.17952
marginal-hits-interval-100k,256,100000,64200000,0.17233
marginal-hits-interval-100k,256,100000,64400000,0.17516
marginal-hits-interval-100k,256,100000,73000000,0.1757
marginal-hits-interval-100k,256,100000,79000000,0.17714
marginal-hits-interval-100k,256,100000,40700000,0.17848
marginal-hits-interval-100k,256,100000,6700000,0.21557
marginal-hits-interval-100k,256,100000,4200000,0.25119
marginal-hits-interval-100k,256,100000,16900000,0.18017
marginal-hits-interval-100k,256,100000,50400000,0.17518
marginal-hits-interval-100k,256,100000,41600000,0.17294
marginal-hits-interval-100k,256,100000,38900000,0.1745
marginal-hits-interval-100k,256,100000,37800000,0.17576
marginal-hits-interval-100k,256,100000,29200000,0.18084
marginal-hits-interval-100k,256,100000,29100000,0.17888
marginal-hits-interval-100k,256,100000,10300000,0.1916
marginal-hits-interval-100k,256,100000,5700000,0.23434
marginal-hits-interval-100k,256,100000,54100000,0.17289
marginal-hits-interval-100k,256,100000,45100000,0.17276
marginal-hits-interval-100k,256,100000,43900000,0.18008
marginal-hits-interval-100k,256,100000,33100000,0.17602
marginal-hits-interval-100k,256,100000,63100000,0.17175
marginal-hits-interval-100k,256,100000,53900000,0.17916
marginal-hits-interval-100k,256,100000,50700000,0.17443
marginal-hits-interval-100k,256,100000,900000,0.46561
marginal-hits-interval-100k,256,100000,18900000,0.17873
marginal-hits-interval-100k,256,100000,21200000,0.17635
marginal-hits-interval-100k,256,100000,21300000,0.17995
marginal-hits-interval-100k,256,100000,57100000,0.17158
marginal-hits-interval-100k,256,100000,55900000,0.17789
marginal-hits-interval-100k,256,100000,56900000,0.17476
marginal-hits-interval-100k,256,100000,70100000,0.17682
marginal-hits-interval-100k,256,100000,79900000,0.17515
marginal-hits-interval-100k,256,100000,37300000,0.17603
marginal-hits-interval-100k,256,100000,53800000,0.17552
marginal-hits-interval-100k,256,100000,51200000,0.17805
marginal-hits-interval-100k,256,100000,45700000,0.17232
marginal-hits-interval-100k,256,100000,27800000,0.17675
marginal-hits-interval-100k,256,100000,26000000,0.17837
marginal-hits-interval-100k,256,100000,19100000,0.18028
marginal-hits-interval-100k,256,100000,21800000,0.17774
marginal-hits-interval-100k,256,100000,61700000,0.17343
marginal-hits-interval-100k,256,100000,51500000,0.17454
marginal-hits-interval-100k,256,100000,38000000,0.17446
marginal-hits-interval-100k,256,100000,29800000,0.1738
marginal-hits-interval-100k,256,100000,4000000,0.25713
marginal-hits-interval-100k,256,100000,4300000,0.25009
marginal-hits-interval-100k,256,100000,20200000,0.17752
marginal-hits-interval-100k,256,100000,22700000,0.17622
marginal-hits-interval-100k,256,100000,65400000,0.17694
marginal-hits-interval-100k,256,100000,10700000,0.19285
marginal-hits-interval-100k,256,100000,2700000,0.28268
marginal-hits-interval-100k,256,100000,15100000,0.18547
marginal-hits-interval-100k,256,100000,15400000,0.18216
marginal-hits-interval-100k,256,100000,19000000,0.17707
marginal-hits-interval-100k,256,100000,73200000,0.17616
marginal-hits-interval-100k,256,100000,76700000,0.1788
marginal-hits-interval-100k,256,100000,78700000,0.17472
marginal-hits-interval-100k,256,100000,79700000,0.17675
marginal-hits-interval-100k,256,100000,31600000,0.17622
marginal-hits-interval-100k,256,100000,49100000,0.17445
marginal-hits-interval-100k,256,100000,42100000,0.17658
marginal-hits-interval-100k,256,100000,47300000,0.17771
marginal-hits-interval-100k,256,100000,27200000,0.17495
marginal-hits-interval-100k,256,100000,11900000,0.19491
marginal-hits-interval-100k,256,100000,25600000,0.18121
marginal-hits-interval-100k,256,100000,32600000,0.17219
marginal-hits-interval-100k,256,100000,6400000,0.22065
marginal-hits-interval-100k,256,100000,23400000,0.17862
marginal-hits-interval-100k,256,100000,59000000,0.17519
marginal-hits-interval-100k,256,100000,62100000,0.17265
marginal-hits-interval-100k,256,100000,68900000,0.17545
marginal-hits-interval-100k,256,100000,13900000,0.18166
marginal-hits-interval-100k,256,100000,17800000,0.18412
marginal-hits-interval-100k,256,100000,52900000,0.17969
marginal-hits-interval-100k,256,100000,43500000,0.17678
marginal-hits-interval-100k,256,100000,3000000,0.2693
marginal-hits-interval-100k,256,100000,19200000,0.17869
marginal-hits-interval-100k,256,100000,45500000,0.17413
marginal-hits-interval-100k,256,100000,4800000,0.24292
marginal-hits-interval-100k,256,100000,19600000,0.17587
marginal-hits-interval-100k,256,100000,72000000,0.17228
marginal-hits-interval-100k,256,100000,75200000,0.17545
marginal-hits-interval-100k,256,100000,48400000,0.17234
marginal-hits-interval-100k,256,100000,44500000,0.17692
marginal-hits-interval-100k,256,100000,34500000,0.1752
marginal-hits-interval-100k,256,100000,65100000,0.17562
marginal-hits-interval-100k,256,100000,73300000,0.17628
marginal-hits-interval-100k,256,100000,79500000,0.17654
marginal-hits-interval-100k,256,100000,61200000,0.17425
marginal-hits-interval-100k,256,100000,50000000,0.17466
marginal-hits-interval-100k,256,100000,36300000,0.17228
marginal-hits-interval-100k,256,100000,7900000,0.20694
marginal-hits-interval-100k,256,100000,5100000,0.23738
marginal-hits-interval-100k,256,100000,74200000,0.17571
marginal-hits-interval-100k,256,100000,49300000,0.17329
marginal-hits-interval-100k,256,100000,46900000,0.17818
marginal-hits-interval-100k,256,100000,6500000,0.22069
marginal-hits-interval-100k,256,100000,2600000,0.28756
marginal-hits-interval-100k,256,100000,64600000,0.17416
marginal-hits-interval-100k,256,100000,53500000,0.17908
marginal-hits-interval-100k,256,100000,52800000,0.17637
marginal-hits-interval-100k,256,100000,52400000,0.17476
marginal-hits-interval-100k,256,100000,51900000,0.17323
marginal-hits-interval-100k,256,100000,41500000,0.17237
marginal-hits-interval-100k,256,100000,38200000,0.18181
marginal-hits-interval-100k,256,100000,31800000,0.17492
marginal-hits-interval-100k,256,100000,29300000,0.17802
marginal-hits-interval-100k,256,100000,26900000,0.17778
marginal-hits-interval-100k,256,100000,69600000,0.17238
marginal-hits-interval-100k,256,100000,62800000,0.17172
marginal-hits-interval-100k,256,100000,51400000,0.1769
marginal-hits-interval-100k,256,100000,7000000,0.21515
marginal-hits-interval-100k,256,100000,3600000,0.26475
marginal-hits-interval-100k,256,100000,14200000,0.18296
marginal-hits-interval-100k,256,100000,55000000,0.17557
marginal-hits-interval-100k,256,100000,74500000,0.17475
marginal-hits-interval-100k,256,100000,50600000,0.17483
marginal-hits-interval-100k,256,100000,30100000,0.17724
marginal-hits-interval-100k,256,100000,56300000,0.1783
marginal-hits-interval-100k,256,100000,37900000,0.17447
marginal-hits-interval-100k,256,100000,12000000,0.19227
marginal-hits-interval-100k,256,100000,6900000,0.21652
marginal-hits-interval-100k,256,100000,58100000,0.17847
marginal-hits-interval-100k,256,100000,58600000,0.17406
marginal-hits-interval-100k,256,100000,60300000,0.17703
marginal-hits-interval-100k,256,100000,43200000,0.17575
marginal-hits-interval-100k,256,100000,10000000,0.19903
marginal-hits-interval-100k,256,100000,3900000,0.25562
marginal-hits-interval-100k,256,100000,25200000,0.17569
marginal-hits-interval-100k,256,100000,56600000,0.17683
marginal-hits-interval-100k,256,100000,59700000,0.17846
marginal-hits-interval-100k,256,100000,39600000,0.17282
marginal-hits-interval-100k,256,100000,5200000,0.23803
marginal-hits-interval-100k,256,100000,59100000,0.17426
marginal-hits-interval-100k,256,100000,59300000,0.18097
marginal-hits-interval-100k,256,100000,66200000,0.17433
marginal-hits-interval-100k,256,100000,68400000,0.17537
marginal-hits-interval-100k,256,100000,71700000,0.17548
marginal-hits-interval-100k,256,100000,72700000,0.17818
marginal-hits-interval-100k,256,100000,74100000,0.1755
marginal-hits-interval-100k,256,100000,62700000,0.17022
marginal-hits-interval-100k,256,100000,17900000,0.18516
marginal-hits-interval-100k,256,100000,35100000,0.17783
marginal-hits-interval-100k,256,100000,43000000,0.17384
marginal-hits-interval-100k,256,100000,22500000,0.17546
marginal-hits-interval-100k,256,100000,60500000,0.17737
marginal-hits-interval-100k,256,100000,70900000,0.1757
marginal-hits-interval-100k,256,100000,76400000,0.17731
marginal-hits-interval-100k,256,100000,36200000,0.17445
marginal-hits-interval-100k,256,100000,32500000,0.17624
marginal-hits-interval-100k,256,100000,26200000,0.17682
marginal-hits-interval-100k,256,100000,61300000,0.1757
marginal-hits-interval-100k,256,100000,76300000,0.17904
marginal-hits-interval-100k,256,100000,46700000,0.17825
marginal-hits-interval-100k,256,100000,36800000,0.17531
marginal-hits-interval-100k,256,100000,33400000,0.17681
marginal-hits-interval-100k,256,100000,13400000,0.18515
marginal-hits-interval-100k,256,100000,17600000,0.18025
marginal-hits-interval-100k,256,100000,69400000,0.17653
marginal-hits-interval-100k,256,100000,47100000,0.17572
marginal-hits-interval-100k,256,100000,42000000,0.1774
marginal-hits-interval-100k,256,100000,37400000,0.1756
marginal-hits-interval-100k,256,100000,28700000,0.17816
marginal-hits-interval-100k,256,100000,12100000,0.19288
marginal-hits-interval-100k,256,100000,9900000,0.19719
marginal-hits-interval-100k,256,100000,13300000,0.18583
marginal-hits-interval-100k,256,100000,21700000,0.17678
marginal-hits-interval-100k,256,100000,78200000,0.17384
marginal-hits-interval-100k,256,100000,53200000,0.17709
marginal-hits-interval-100k,256,100000,52600000,0.17276
marginal-hits-interval-100k,256,100000,32100000,0.17468
marginal-hits-interval-100k,256,100000,31500000,0.1749
marginal-hits-interval-100k,256,100000,14700000,0.18499
marginal-hits-interval-100k,256,100000,15900000,0.17955
marginal-hits-interval-100k,256,100000,66500000,0.17544
marginal-hits-interval-100k,256,100000,37600000,0.17461
marginal-hits-interval-100k,256,100000,61400000,0.17656
marginal-hits-interval-100k,256,100000,61900000,0.17374
marginal-hits-interval-100k,256,100000,65900000,0.17797
marginal-hits-interval-100k,256,100000,3100000,0.26709
marginal-hits-interval-100k,256,100000,17000000,0.1769
marginal-hits-interval-100k,256,100000,18000000,0.18316
marginal-hits-interval-100k,256,100000,58900000,0.17658
marginal-hits-interval-100k,256,100000,70500000,0.178
marginal-hits-interval-100k,256,100000,70800000,0.17272
marginal-hits-interval-100k,256,100000,16000000,0.18017
marginal-hits-interval-100k,256,100000,13700000,0.18319
marginal-hits-interval-100k,256,100000,44700000,0.17544
marginal-hits-interval-100k,256,100000,39500000,0.17201
marginal-hits-interval-100k,256,100000,40000000,0.18042
marginal-hits-interval-100k,256,100000,38800000,0.1757
marginal-hits-interval-100k,256,100000,35500000,0.17958
marginal-hits-interval-100k,256,100000,27300000,0.17672
marginal-hits-interval-100k,256,100000,3700000,0.25809
marginal-hits-interval-100k,256,100000,12800000,0.18709
marginal-hits-interval-100k,256,100000,14600000,0.18613
marginal-hits-interval-100k,256,100000,74400000,0.17466
marginal-hits-interval-100k,256,100000,72200000,0.17406
marginal-hits-interval-100k,256,100000,46600000,0.17696
marginal-hits-interval-100k,256,100000,46500000,0.17783
marginal-hits-interval-100k,256,100000,36700000,0.17583
marginal-hits-interval-100k,256,100000,32000000,0.17547
marginal-hits-interval-100k,256,100000,63200000,0.1707
marginal-hits-interval-100k,256,100000,68800000,0.17633
marginal-hits-interval-100k,256,100000,9400000,0.19603
marginal-hits-interval-100k,256,100000,1900000,0.34461
marginal-hits-interval-100k,256,100000,800000,0.48278
marginal-hits-interval-100k,256,100000,4400000,0.24911
marginal-hits-interval-100k,256,100000,16400000,0.17825
marginal-hits-interval-100k,256,100000,68300000,0.17212
marginal-hits-interval-100k,256,100000,73600000,0.17759
marginal-hits-interval-100k,256,100000,75000000,0.17652
marginal-hits-interval-100k,256,100000,76500000,0.17915
marginal-hits-interval-100k,256,100000,34000000,0.17772
marginal-hits-interval-100k,256,100000,49200000,0.17166
marginal-hits-interval-100k,256,100000,31200000,0.17768
marginal-hits-interval-100k,256,100000,25000000,0.17574
marginal-hits-interval-100k,256,100000,25100000,0.17708
marginal-hits-interval-100k,256,100000,28400000,0.17637
marginal-hits-interval-100k,256,100000,2800000,0.27633
marginal-hits-interval-100k,256,100000,700000,0.50235
marginal-hits-interval-100k,256,100000,13800000,0.18489
marginal-hits-interval-100k,256,100000,22600000,0.17709
marginal-hits-interval-100k,256,100000,23500000,0.17748
marginal-hits-interval-100k,256,100000,42300000,0.17226
marginal-hits-interval-100k,256,100000,40200000,0.17498
marginal-hits-interval-100k,256,100000,500000,0.54456
marginal-hits-interval-100k,256,100000,17500000,0.1821
marginal-hits-interval-100k,256,100000,23100000,0.17621
marginal-hits-interval-100k,256,100000,55700000,0.1798
marginal-hits-interval-100k,256,100000,65200000,0.17829
marginal-hits-interval-100k,256,100000,77600000,0.17749
marginal-hits-interval-100k,256,100000,12200000,0.19105
marginal-hits-interval-100k,256,100000,41100000,0.17392
marginal-hits-interval-100k,256,100000,44200000,0.17816
marginal-hits-interval-100k,256,100000,33200000,0.17865
marginal-hits-interval-100k,256,100000,30500000,0.17636
marginal-hits-interval-100k,256,100000,2100000,0.32603
marginal-hits-interval-100k,256,100000,56800000,0.17541
marginal-hits-interval-100k,256,100000,59600000,0.17757
marginal-hits-interval-100k,256,100000,67700000,0.17608
marginal-hits-interval-100k,256,100000,73400000,0.17647
marginal-hits-interval-100k,256,100000,41400000,0.17599
marginal-hits-interval-100k,256,100000,39800000,0.17831
marginal-hits-interval-100k,256,100000,34800000,0.17639
marginal-hits-interval-100k,256,100000,25900000,0.17996
marginal-hits-interval-100k,256,100000,18100000,0.18508
marginal-hits-interval-100k,256,100000,64700000,0.17388
marginal-hits-interval-100k,256,100000,48200000,0.17637
marginal-hits-interval-100k,256,100000,12900000,0.1883
marginal-hits-interval-100k,256,100000,30800000,0.17937
marginal-hits-interval-100k,256,100000,8500000,0.20219
marginal-hits-interval-100k,256,100000,8000000,0.20481
marginal-hits-interval-100k,256,100000,50300000,0.1748
marginal-hits-interval-100k,256,100000,45900000,0.17794
marginal-hits-interval-100k,256,100000,17700000,0.18612
marginal-hits-interval-100k,256,100000,24100000,0.17505
marginal-hits-interval-100k,256,100000,66700000,0.17709
marginal-hits-interval-100k,256,100000,35700000,0.1764
marginal-hits-interval-100k,256,100000,6600000,0.21804
marginal-hits-interval-100k,256,100000,16600000,0.18145
marginal-hits-interval-100k,256,100000,34600000,0.1749
marginal-hits-interval-100k,256,100000,28800000,0.17905
marginal-hits-interval-100k,256,100000,20500000,0.18176
marginal-hits-interval-100k,256,100000,20800000,0.17552
marginal-hits-interval-100k,256,100000,24000000,0.17597
marginal-hits-interval-100k,256,100000,56000000,0.1765
marginal-hits-interval-100k,256,100000,66600000,0.17354
marginal-hits-interval-100k,256,100000,72600000,0.17768
marginal-hits-interval-100k,256,100000,40300000,0.17639
marginal-hits-interval-100k,256,100000,7700000,0.21126
marginal-hits-interval-100k,256,100000,7500000,0.21141
marginal-hits-interval-100k,256,100000,21600000,0.1763
marginal-hits-interval-100k,256,100000,74700000,0.17672
marginal-hits-interval-100k,256,100000,28000000,0.17966
marginal-hits-interval-100k,256,100000,8600000,0.20233
marginal-hits-interval-100k,256,100000,24500000,0.17663
marginal-hits-interval-100k,256,100000,77500000,0.17872
marginal-hits-interval-100k,256,100000,50900000,0.18159
marginal-hits-interval-100k,256,100000,45300000,0.17562
marginal-hits-interval-100k,256,100000,56500000,0.1756
marginal-hits-interval-100k,256,100000,58500000,0.17276
marginal-hits-interval-100k,256,100000,75500000,0.17776
marginal-hits-interval-100k,256,100000,78500000,0.176
marginal-hits-interval-100k,256,100000,23700000,0.17608
marginal-hits-interval-100k,256,100000,24400000,0.17229
marginal-hits-interval-100k,256,100000,54000000,0.17648
marginal-hits-interval-100k,256,100000,40100000,0.17649
marginal-hits-interval-100k,256,100000,7200000,0.21551
marginal-hits-interval-100k,256,100000,16200000,0.18211
marginal-hits-interval-100k,256,100000,63300000,0.17456
marginal-hits-interval-100k,256,100000,75600000,0.17719
marginal-hits-interval-100k,256,100000,47600000,0.17474
marginal-hits-interval-100k,256,100000,26600000,0.17542
marginal-hits-interval-100k,256,100000,7300000,0.21577
marginal-hits-interval-100k,256,100000,15300000,0.18185
marginal-hits-interval-100k,256,100000,21400000,0.1805
marginal-hits-interval-100k,256,100000,57800000,0.1768
marginal-hits-interval-100k,256,100000,33500000,0.17715
marginal-hits-interval-100k,256,100000,56400000,0.17609
marginal-hits-interval-100k,256,100000,66000000,0.17582
marginal-hits-interval-100k,256,100000,71300000,0.17426
marginal-hits-interval-100k,256,100000,13200000,0.1831
marginal-hits-interval-100k,256,100000,30900000,0.17868
marginal-hits-interval-100k,256,100000,10500000,0.19433
marginal-hits-interval-100k,256,100000,7400000,0.21605
marginal-hits-interval-100k,256,100000,22000000,0.18132
marginal-hits-interval-100k,256,100000,55200000,0.18365
marginal-hits-interval-100k,256,100000,50200000,0.17363
marginal-hits-interval-100k,256,100000,42500000,0.17124
marginal-hits-interval-100k,256,100000,600000,0.52124
marginal-hits-interval-100k,256,100000,3300000,0.26517
marginal-hits-interval-100k,256,100000,4600000,0.2442
marginal-hits-interval-100k,256,100000,21000000,0.17811
marginal-hits-interval-100k,256,100000,54400000,0.17672
marginal-hits-interval-100k,256,100000,58200000,0.17094
marginal-hits-interval-100k,256,100000,49500000,0.17635
marginal-hits-interval-100k,256,100000,10100000,0.19344
marginal-hits-interval-100k,256,100000,9800000,0.1939
marginal-hits-interval-100k,256,100000,9700000,0.19356
marginal-hits-interval-100k,256,100000,16800000,0.18144
marginal-hits-interval-100k,256,100000,19500000,0.17782
marginal-hits-interval-100k,256,100000,64800000,0.17276
marginal-hits-interval-100k,256,100000,77800000,0.17649
marginal-hits-interval-100k,256,100000,78800000,0.17372
marginal-hits-interval-100k,256,100000,53300000,0.17589
marginal-hits-interval-100k,256,100000,47400000,0.17532
marginal-hits-interval-100k,256,100000,9600000,0.19635
marginal-hits-interval-100k,256,100000,4700000,0.2429
marginal-hits-interval-100k,256,100000,17200000,0.19083
marginal-hits-interval-100k,256,100000,20400000,0.1786
marginal-hits-interval-100k,256,100000,25400000,0.17692
marginal-hits-interval-100k,256,100000,71400000,0.17304
marginal-hits-interval-100k,256,100000,70600000,0.17848
marginal-hits-interval-100k,256,100000,51600000,0.17514
marginal-hits-interval-100k,256,100000,36400000,0.18072
marginal-hits-interval-100k,256,100000,9000000,0.20003
marginal-hits-interval-100k,256,100000,6200000,0.22467
marginal-hits-interval-100k,256,100000,22800000,0.17708
marginal-hits-interval-100k,256,100000,55400000,0.18008
marginal-hits-interval-100k,256,100000,51000000,0.17652
marginal-hits-interval-100k,256,100000,37500000,0.17647
marginal-hits-interval-100k,256,100000,29900000,0.17394
marginal-hits-interval-100k,256,100000,32900000,0.17447
marginal-hits-interval-100k,256,100000,11400000,0.19171
marginal-hits-interval-100k,256,100000,10800000,0.19144
marginal-hits-interval-100k,256,100000,23200000,0.17576
marginal-hits-interval-100k,256,100000,61600000,0.16994
marginal-hits-interval-100k,256,100000,76000000,0.17987
marginal-hits-interval-100k,256,100000,76800000,0.17608
marginal-hits-interval-100k,256,100000,77700000,0.17886
marginal-hits-interval-100k,256,100000,17100000,0.18119
marginal-hits-interval-100k,256,100000,16100000,0.1807
marginal-hits-interval-100k,256,100000,51800000,0.17432
marginal-hits-interval-100k,256,100000,45600000,0.17347
marginal-hits-interval-100k,256,100000,32700000,0.17568
marginal-hits-interval-100k,256,100000,31100000,0.17799
marginal-hits-interval-100k,256,100000,11700000,0.19412
marginal-hits-interval-100k,256,100000,25300000,0.17609
marginal-hits-interval-100k,256,100000,38700000,0.17596
marginal-hits-interval-100k,256,100000,13100000,0.18422
marginal-hits-interval-100k,256,100000,65700000,0.17498
marginal-hits-interval-100k,256,100000,39900000,0.17979
marginal-hits-interval-100k,256,100000,34100000,0.17662
marginal-hits-interval-100k,256,100000,32200000,0.1751
marginal-hits-interval-100k,256,100000,29700000,0.17615
marginal-hits-interval-100k,256,100000,62000000,0.17339
marginal-hits-interval-100k,256,100000,78000000,0.17606
marginal-hits-interval-100k,256,100000,44400000,0.17715
marginal-hits-interval-100k,256,100000,27900000,0.17571
marginal-hits-interval-100k,256,100000,5500000,0.23676
marginal-hits-interval-100k,256,100000,13000000,0.18704
marginal-hits-interval-100k,256,100000,21900000,0.1786
marginal-hits-interval-100k,256,100000,64000000,0.17626
marginal-hits-interval-100k,256,100000,69300000,0.17311
marginal-hits-interval-100k,256,100000,75100000,0.17527
marginal-hits-interval-100k,256,100000,49000000,0.17384
marginal-hits-interval-100k,256,100000,52300000,0.17129
marginal-hits-interval-100k,256,100000,34700000,0.17816
marginal-hits-interval-100k,256,100000,26300000,0.17675
marginal-hits-interval-100k,256,100000,8800000,0.19961
marginal-hits-interval-100k,256,100000,3400000,0.26596
marginal-hits-interval-100k,256,100000,19900000,0.17593
marginal-hits-interval-100k,256,100000,25500000,0.17695
marginal-hits-interval-100k,256,100000,77200000,0.17658
marginal-hits-interval-100k,256,100000,44000000,0.17925
marginal-hits-interval-100k,256,100000,62400000,0.17257
marginal-hits-interval-100k,256,100000,67800000,0.17495
marginal-hits-interval-100k,256,100000,72800000,0.17681
marginal-hits-interval-100k,256,100000,76900000,0.17627
marginal-hits-interval-100k,256,100000,43700000,0.17677
marginal-hits-interval-100k,256,100000,38400000,0.17771
marginal-hits-interval-100k,256,100000,6800000,0.21646
marginal-hits-interval-100k,256,100000,54800000,0.17651
marginal-hits-interval-100k,256,100000,65600000,0.17678
marginal-hits-interval-100k,256,100000,67400000,0.17191
marginal-hits-interval-100k,256,100000,68100000,0.17244
marginal-hits-interval-100k,256,100000,77400000,0.17326
marginal-hits-interval-100k,256,100000,69500000,0.1737
marginal-hits-interval-100k,256,100000,42400000,0.1733
marginal-hits-interval-100k,256,100000,41200000,0.17418
marginal-hits-interval-100k,256,100000,39700000,0.17574
marginal-hits-interval-100k,256,100000,11600000,0.19662
marginal-hits-interval-100k,256,100000,7100000,0.21476
marginal-hits-interval-100k,256,100000,69900000,0.17132
marginal-hits-interval-100k,256,100000,52500000,0.17373
marginal-hits-interval-100k,256,100000,51100000,0.17744
marginal-hits-interval-100k,256,100000,8400000,0.20149
marginal-hits-interval-100k,256,100000,56100000,0.17511
marginal-hits-interval-100k,256,100000,63900000,0.17571
marginal-hits-interval-100k,256,100000,40600000,0.17603
marginal-hits-interval-100k,256,100000,14900000,0.18508
marginal-hits-interval-100k,256,100000,77000000,0.1728
marginal-hits-interval-100k,256,100000,61500000,0.17572
marginal-hits-interval-100k,256,100000,52200000,0.17301
marginal-hits-interval-100k,256,100000,2500000,0.29508
marginal-hits-interval-100k,256,100000,18500000,0.18096
marginal-hits-interval-100k,256,100000,68700000,0.17434
marginal-hits-interval-100k,256,100000,75900000,0.18084
marginal-hits-interval-100k,256,100000,43400000,0.17622
marginal-hits-interval-100k,256,100000,37100000,0.17487
marginal-hits-interval-100k,256,100000,36000000,0.17541
marginal-hits-interval-100k,256,100000,34400000,0.17465
marginal-hits-interval-100k,256,100000,62600000,0.17302
marginal-hits-interval-100k,256,100000,51700000,0.17229
marginal-hits-interval-100k,256,100000,39000000,0.17618
marginal-hits-interval-100k,256,100000,33700000,0.17504
marginal-hits-interval-100k,256,100000,29500000,0.17705
marginal-hits-interval-100k,256,100000,8200000,0.20523
marginal-hits-interval-100k,256,100000,100000,0.73732
marginal-hits-interval-100k,256,100000,24600000,0.17354
marginal-hits-interval-100k,256,100000,59900000,0.17769
marginal-hits-interval-100k,256,100000,65300000,0.18023
marginal-hits-interval-100k,256,100000,48600000,0.1758
marginal-hits-interval-100k,256,100000,48500000,0.17672
marginal-hits-interval-100k,256,100000,5300000,0.23334
marginal-hits-interval-100k,256,100000,63400000,0.17387
marginal-hits-interval-100k,256,100000,66400000,0.17824
marginal-hits-interval-100k,256,100000,35600000,0.1786
marginal-hits-interval-100k,256,100000,32800000,0.17554
marginal-hits-interval-100k,256,100000,27400000,0.17347
marginal-hits-interval-100k,256,100000,1300000,0.4075
marginal-hits-interval-100k,256,100000,24900000,0.17874
marginal-hits-interval-100k,256,100000,58300000,0.17236
marginal-hits-interval-100k,256,100000,66100000,0.17505
marginal-hits-interval-100k,256,100000,70000000,0.17558
marginal-hits-interval-100k,256,100000,71600000,0.17605
marginal-hits-interval-100k,256,100000,77300000,0.17382
marginal-hits-interval-100k,256,100000,60900000,0.17476
marginal-hits-interval-100k,256,100000,35200000,0.17806
marginal-hits-interval-100k,256,100000,28300000,0.17567
marginal-hits-interval-100k,256,100000,15700000,0.18145
marginal-hits-interval-100k,256,100000,79300000,0.17649
marginal-hits-interval-100k,256,100000,41300000,0.17565
marginal-hits-interval-100k,256,100000,35400000,0.17772
marginal-hits-interval-100k,256,100000,11200000,0.18698
marginal-hits-interval-100k,256,100000,15800000,0.18255
marginal-hits-interval-100k,256,100000,56200000,0.17489
marginal-hits-interval-100k,256,100000,69000000,0.17534
marginal-hits-interval-100k,256,100000,25800000,0.17783
marginal-hits-interval-100k,256,100000,5000000,0.24134
marginal-hits-interval-100k,256,100000,19800000,0.17623
marginal-hits-interval-100k,256,100000,57700000,0.17579
marginal-hits-interval-100k,256,100000,74300000,0.17464
marginal-hits-interval-100k,256,100000,79200000,0.18311
marginal-hits-interval-100k,256,100000,35000000,0.17793
marginal-hits-interval-100k,256,100000,34300000,0.17491
marginal-hits-interval-100k,256,100000,30000000,0.17714
marginal-hits-interval-100k,256,100000,11000000,0.18769
marginal-hits-interval-100k,256,100000,18200000,0.18357
marginal-hits-interval-100k,256,100000,21100000,0.17799
marginal-hits-interval-100k,256,100000,24800000,0.17635
marginal-hits-interval-100k,256,100000,57200000,0.17665
marginal-hits-interval-100k,256,100000,68200000,0.17537
marginal-hits-interval-100k,256,100000,2400000,0.30113
marginal-hits-interval-100k,256,100000,20700000,0.17747
marginal-hits-interval-100k,256,100000,44300000,0.1745
marginal-hits-interval-100k,256,100000,36500000,0.17851
marginal-hits-interval-100k,256,100000,15600000,0.18137
marginal-hits-interval-100k,256,100000,18400000,0.18102
marginal-hits-interval-100k,256,100000,23600000,0.18185
marginal-hits-interval-100k,256,100000,67300000,0.17253
marginal-hits-interval-100k,256,100000,68500000,0.17372
marginal-hits-interval-100k,256,100000,52000000,0.17371
marginal-hits-interval-100k,256,100000,46100000,0.18344
marginal-hits-interval-100k,256,100000,27700000,0.17926
marginal-hits-interval-100k,256,100000,25700000,0.17849
marginal-hits-interval-100k,256,100000,5900000,0.22724
marginal-hits-interval-100k,256,100000,20600000,0.17849
marginal-hits-interval-100k,256,100000,66300000,0.17498
marginal-hits-interval-100k,256,100000,71100000,0.17309
marginal-hits-interval-100k,256,100000,33000000,0.17357
marginal-hits-interval-100k,256,100000,60400000,0.17565
marginal-hits-interval-100k,256,100000,73900000,0.17571
marginal-hits-interval-100k,256,100000,67600000,0.17587
marginal-hits-interval-100k,256,100000,50500000,0.17512
marginal-hits-interval-100k,256,100000,49800000,0.17531
marginal-hits-interval-100k,256,100000,44600000,0.17767
marginal-hits-interval-100k,256,100000,3200000,0.26615
marginal-hits-interval-100k,256,100000,13500000,0.18657
marginal-hits-interval-100k,256,100000,18300000,0.18168
marginal-hits-interval-100k,256,100000,18600000,0.17989
marginal-hits-interval-100k,256,100000,13600000,0.18427
marginal-hits-interval-100k,256,100000,16500000,0.17946
marginal-hits-interval-100k,256,100000,57300000,0.17575
marginal-hits-interval-100k,256,100000,53000000,0.17849
marginal-hits-interval-100k,256,100000,48700000,0.17494
marginal-hits-interval-100k,256,100000,39200000,0.1747
marginal-hits-interval-100k,256,100000,10400000,0.19328
marginal-hits-interval-100k,256,100000,14500000,0.18427
marginal-hits-interval-100k,256,100000,64100000,0.17221
marginal-hits-interval-100k,256,100000,60800000,0.17343
marginal-hits-interval-100k,256,100000,44800000,0.17513
marginal-hits-interval-100k,256,100000,27100000,0.17869
marginal-hits-interval-100k,256,100000,19700000,0.17826
marginal-hits-interval-100k,256,100000,67000000,0.1755
marginal-hits-interval-100k,256,100000,74800000,0.17577
marginal-hits-interval-100k,256,100000,78900000,0.17817
marginal-hits-interval-100k,256,100000,45800000,0.175
marginal-hits-interval-100k,256,100000,8300000,0.20547
marginal-hits-interval-100k,256,100000,14400000,0.18531
marginal-hits-interval-100k,256,100000,21500000,0.17546
marginal-hits-interval-100k,256,100000,58800000,0.17348
marginal-hits-interval-100k,256,100000,62500000,0.17216
marginal-hits-interval-100k,256,100000,52700000,0.17355
marginal-hits-interval-100k,256,100000,39300000,0.17334
marginal-hits-interval-100k,256,100000,38100000,0.17892
marginal-hits-interval-100k,256,100000,19300000,0.18015
marginal-hits-interval-100k,256,100000,50100000,0.17808
marginal-hits-interval-100k,256,100000,40800000,0.17583
marginal-hits-interval-100k,256,100000,54900000,0.1724
marginal-hits-interval-100k,256,100000,58400000,0.17106
marginal-hits-interval-100k,256,100000,74900000,0.17583
marginal-hits-interval-100k,256,100000,1600000,0.37185
marginal-hits-interval-100k,256,100000,5800000,0.22973
marginal-hits-interval-100k,256,100000,59800000,0.18023
marginal-hits-interval-100k,256,100000,76600000,0.17833
marginal-hits-interval-100k,256,100000,34900000,0.17859
marginal-hits-interval-100k,256,100000,4100000,0.25474
marginal-hits-interval-100k,256,100000,58000000,0.17522
marginal-hits-interval-100k,256,100000,59500000,0.17781
marginal-hits-interval-100k,256,100000,49400000,0.17365
marginal-hits-interval-100k,256,100000,46000000,0.18301
marginal-hits-interval-100k,256,100000,45400000,0.17531
marginal-hits-interval-100k,256,100000,44100000,0.18008
marginal-hits-interval-100k,256,100000,4500000,0.24687
marginal-hits-interval-100k,256,100000,69100000,0.17647
marginal-hits-interval-100k,256,100000,74600000,0.17855
marginal-hits-interval-100k,256,100000,53700000,0.17434
marginal-hits-interval-100k,256,100000,41000000,0.17479
marginal-hits-interval-100k,256,100000,38600000,0.17741
marginal-hits-interval-100k,256,100000,28100000,0.1766
marginal-hits-interval-100k,256,100000,60700000,0.17779
marginal-hits-interval-100k,256,100000,63600000,0.17351
marginal-hits-interval-100k,256,100000,68600000,0.17343
marginal-hits-interval-100k,256,100000,78600000,0.17486
marginal-hits-interval-100k,256,100000,71900000,0.17263
marginal-hits-interval-100k,256,100000,48800000,0.17487
marginal-hits-interval-100k,256,100000,10600000,0.19287
marginal-hits-interval-100k,256,100000,14100000,0.18599
marginal-hits-interval-100k,256,100000,55500000,0.17881
marginal-hits-interval-100k,256,100000,68000000,0.17167
marginal-hits-interval-100k,256,100000,48000000,0.175
marginal-hits-interval-100k,256,100000,26500000,0.18014
marginal-hits-interval-100k,256,100000,12600000,0.18842
marginal-hits-interval-100k,256,100000,70300000,0.17679
marginal-hits-interval-100k,256,100000,53600000,0.18045
marginal-hits-interval-100k,256,100000,47200000,0.17687
marginal-hits-interval-100k,256,100000,33800000,0.17534
marginal-hits-interval-100k,256,100000,18800000,0.17753
marginal-hits-interval-100k,256,100000,67500000,0.17277
marginal-hits-interval-100k,256,100000,78300000,0.17746
marginal-hits-interval-100k,256,100000,53400000,0.18084
marginal-hits-interval-100k,256,100000,27500000,0.17608
marginal-hits-interval-100k,256,100000,1500000,0.3841
marginal-hits-interval-100k,256,100000,15200000,0.18205
marginal-hits-interval-100k,256,100000,24300000,0.17676
marginal-hits-interval-100k,256,100000,64900000,0.17498
marginal-hits-interval-100k,256,100000,61800000,0.17068
marginal-hits-interval-100k,256,100000,49700000,0.17732
marginal-hits-interval-100k,256,100000,29400000,0.17915
marginal-hits-interval-100k,256,100000,9300000,0.19601
marginal-hits-interval-100k,256,100000,9100000,0.19958
marginal-hits-interval-100k,256,100000,6000000,0.22579
marginal-hits-interval-100k,256,100000,17400000,0.18418
marginal-hits-interval-100k,256,100000,76100000,0.18463
marginal-hits-interval-100k,256,100000,71200000,0.17694
marginal-hits-interval-100k,256,100000,45000000,0.17443
marginal-hits-interval-100k,256,100000,60600000,0.17513
marginal-hits-interval-100k,256,100000,76200000,0.18238
marginal-hits-interval-100k,256,100000,200000,0.64834
marginal-hits-interval-100k,256,100000,12700000,0.18646
marginal-hits-interval-100k,256,100000,62200000,0.17167
marginal-hits-interval-100k,256,100000,63800000,0.17814
marginal-hits-interval-100k,256,100000,67900000,0.17168
marginal-hits-interval-100k,256,100000,33600000,0.17607
marginal-hits-interval-100k,256,100000,27600000,0.18159
marginal-hits-interval-100k,256,100000,30600000,0.17728
marginal-hits-interval-100k,256,100000,28900000,0.17818
marginal-hits-interval-100k,256,100000,26100000,0.17641
marginal-hits-interval-100k,256,100000,15000000,0.18401
marginal-hits-interval-100k,256,100000,61000000,0.17272
marginal-hits-interval-100k,256,100000,66800000,0.1779
marginal-hits-interval-100k,256,100000,35900000,0.18158
marginal-hits-interval-100k,256,100000,6100000,0.22566
marginal-hits-interval-100k,256,100000,14300000,0.18425
marginal-hits-interval-100k,256,100000,62900000,0.17245
marginal-hits-interval-100k,256,100000,63700000,0.17665
marginal-hits-interval-100k,256,100000,47800000,0.17493
marginal-hits-interval-100k,256,100000,42900000,0.17252
marginal-hits-interval-100k,256,100000,46300000,0.17593
marginal-hits-interval-1k,256,1000,51300000,0.25669
marginal-hits-interval-1k,256,1000,46200000,0.27157
marginal-hits-interval-1k,256,1000,40500000,0.26275
marginal-hits-interval-1k,256,1000,33300000,0.27331
marginal-hits-interval-1k,256,1000,31400000,0.25925
marginal-hits-interval-1k,256,1000,3800000,0.29234
marginal-hits-interval-1k,256,1000,37000000,0.26304
marginal-hits-interval-1k,256,1000,0,0.0
marginal-hits-interval-1k,256,1000,400000,0.57264
marginal-hits-interval-1k,256,1000,3500000,0.28926
marginal-hits-interval-1k,256,1000,4900000,0.27949
marginal-hits-interval-1k,256,1000,54600000,0.27701
marginal-hits-interval-1k,256,1000,73100000,0.25843
marginal-hits-interval-1k,256,1000,75300000,0.27104
marginal-hits-interval-1k,256,1000,36600000,0.25899
marginal-hits-interval-1k,256,1000,30400000,0.26324
marginal-hits-interval-1k,256,1000,30200000,0.27018
marginal-hits-interval-1k,256,1000,29000000,0.26122
marginal-hits-interval-1k,256,1000,24700000,0.26476
marginal-hits-interval-1k,256,1000,54500000,0.27408
marginal-hits-interval-1k,256,1000,43800000,0.26407
marginal-hits-interval-1k,256,1000,33900000,0.27335
marginal-hits-interval-1k,256,1000,71000000,0.26445
marginal-hits-interval-1k,256,1000,79400000,0.2552
marginal-hits-interval-1k,256,1000,36900000,0.26199
marginal-hits-interval-1k,256,1000,26400000,0.26055
marginal-hits-interval-1k,256,1000,11500000,0.26522
marginal-hits-interval-1k,256,1000,9500000,0.26427
marginal-hits-interval-1k,256,1000,22900000,0.26935
marginal-hits-interval-1k,256,1000,23800000,0.26986
marginal-hits-interval-1k,256,1000,62300000,0.26961
marginal-hits-interval-1k,256,1000,65000000,0.27236
marginal-hits-interval-1k,256,1000,49600000,0.25674
marginal-hits-interval-1k,256,1000,42700000,0.26307
marginal-hits-interval-1k,256,1000,28600000,0.25734
marginal-hits-interval-1k,256,1000,9200000,0.26575
marginal-hits-interval-1k,256,1000,1000000,0.45002
marginal-hits-interval-1k,256,1000,65500000,0.27087
marginal-hits-interval-1k,256,1000,43300000,0.2671
marginal-hits-interval-1k,256,1000,40400000,0.26188
marginal-hits-interval-1k,256,1000,32300000,0.25568
marginal-hits-interval-1k,256,1000,7800000,0.27306
marginal-hits-interval-1k,256,1000,23000000,0.27141
marginal-hits-interval-1k,256,1000,55600000,0.25775
marginal-hits-interval-1k,256,1000,60200000,0.27601
marginal-hits-interval-1k,256,1000,1100000,0.43577
marginal-hits-interval-1k,256,1000,5400000,0.27342
marginal-hits-interval-1k,256,1000,22300000,0.2642
marginal-hits-interval-1k,256,1000,55800000,0.25834
marginal-hits-interval-1k,256,1000,77900000,0.25232
marginal-hits-interval-1k,256,1000,49900000,0.25406
marginal-hits-interval-1k,256,1000,43600000,0.2623
marginal-hits-interval-1k,256,1000,2300000,0.30849
marginal-hits-interval-1k,256,1000,54700000,0.27228
marginal-hits-interval-1k,256,1000,56700000,0.27025
marginal-hits-interval-1k,256,1000,72500000,0.26063
marginal-hits-interval-1k,256,1000,74000000,0.25283
marginal-hits-interval-1k,256,1000,53100000,0.26253
marginal-hits-interval-1k,256,1000,41700000,0.2592
marginal-hits-interval-1k,256,1000,34200000,0.26596
marginal-hits-interval-1k,256,1000,27000000,0.25902
marginal-hits-interval-1k,256,1000,12500000,0.26923
marginal-hits-interval-1k,256,1000,8700000,0.27354
marginal-hits-interval-1k,256,1000,60100000,0.27621
marginal-hits-interval-1k,256,1000,69200000,0.26882
marginal-hits-interval-1k,256,1000,73500000,0.25699
marginal-hits-interval-1k,256,1000,46800000,0.25919
marginal-hits-interval-1k,256,1000,31900000,0.25937
marginal-hits-interval-1k,256,1000,28200000,0.26016
marginal-hits-interval-1k,256,1000,1800000,0.35501
marginal-hits-interval-1k,256,1000,69800000,0.26073
marginal-hits-interval-1k,256,1000,72300000,0.25596
marginal-hits-interval-1k,256,1000,79100000,0.26293
marginal-hits-interval-1k,256,1000,79600000,0.25479
marginal-hits-interval-1k,256,1000,48300000,0.26265
marginal-hits-interval-1k,256,1000,39400000,0.26558
marginal-hits-interval-1k,256,1000,7600000,0.27322
marginal-hits-interval-1k,256,1000,2200000,0.3158
marginal-hits-interval-1k,256,1000,300000,0.60595
marginal-hits-interval-1k,256,1000,14800000,0.26212
marginal-hits-interval-1k,256,1000,16700000,0.26425
marginal-hits-interval-1k,256,1000,22100000,0.26001
marginal-hits-interval-1k,256,1000,79800000,0.25578
marginal-hits-interval-1k,256,1000,47900000,0.26298
marginal-hits-interval-1k,256,1000,47700000,0.26437
marginal-hits-interval-1k,256,1000,40900000,0.26356
marginal-hits-interval-1k,256,1000,20100000,0.2619
marginal-hits-interval-1k,256,1000,20300000,0.25849
marginal-hits-interval-1k,256,1000,57500000,0.27265
marginal-hits-interval-1k,256,1000,63000000,0.26063
marginal-hits-interval-1k,256,1000,71500000,0.25788
marginal-hits-interval-1k,256,1000,8100000,0.28143
marginal-hits-interval-1k,256,1000,2900000,0.29014
marginal-hits-interval-1k,256,1000,14000000,0.26688
marginal-hits-interval-1k,256,1000,22200000,0.26437
marginal-hits-interval-1k,256,1000,55300000,0.25928
marginal-hits-interval-1k,256,1000,57400000,0.27163
marginal-hits-interval-1k,256,1000,67200000,0.274
marginal-hits-interval-1k,256,1000,70200000,0.26751
marginal-hits-interval-1k,256,1000,72100000,0.25761
marginal-hits-interval-1k,256,1000,78400000,0.2611
marginal-hits-interval-1k,256,1000,26800000,0.25832
marginal-hits-interval-1k,256,1000,65800000,0.27236
marginal-hits-interval-1k,256,1000,67100000,0.27843
marginal-hits-interval-1k,256,1000,37200000,0.26309
marginal-hits-interval-1k,256,1000,10900000,0.26251
marginal-hits-interval-1k,256,1000,16300000,0.25622
marginal-hits-interval-1k,256,1000,22400000,0.26452
marginal-hits-interval-1k,256,1000,71800000,0.26228
marginal-hits-interval-1k,256,1000,72400000,0.25753
marginal-hits-interval-1k,256,1000,50800000,0.24487
marginal-hits-interval-1k,256,1000,38500000,0.27283
marginal-hits-interval-1k,256,1000,29600000,0.27422
marginal-hits-interval-1k,256,1000,28500000,0.25859
marginal-hits-interval-1k,256,1000,26700000,0.25816
marginal-hits-interval-1k,256,1000,75800000,0.27411
marginal-hits-interval-1k,256,1000,23900000,0.27163
marginal-hits-interval-1k,256,1000,59200000,0.28935
marginal-hits-interval-1k,256,1000,47500000,0.27401
marginal-hits-interval-1k,256,1000,42600000,0.25871
marginal-hits-interval-1k,256,1000,35300000,0.25882
marginal-hits-interval-1k,256,1000,30700000,0.26551
marginal-hits-interval-1k,256,1000,72900000,0.26209
marginal-hits-interval-1k,256,1000,73800000,0.25082
marginal-hits-interval-1k,256,1000,52100000,0.27082
marginal-hits-interval-1k,256,1000,38300000,0.26874
marginal-hits-interval-1k,256,1000,42800000,0.26083
marginal-hits-interval-1k,256,1000,12300000,0.26912
marginal-hits-interval-1k,256,1000,6300000,0.27646
marginal-hits-interval-1k,256,1000,64300000,0.27188
marginal-hits-interval-1k,256,1000,75400000,0.2685
marginal-hits-interval-1k,256,1000,75700000,0.26995
marginal-hits-interval-1k,256,1000,45200000,0.27323
marginal-hits-interval-1k,256,1000,41900000,0.2583
marginal-hits-interval-1k,256,1000,37700000,0.27163
marginal-hits-interval-1k,256,1000,30300000,0.26793
marginal-hits-interval-1k,256,1000,54200000,0.2684
marginal-hits-interval-1k,256,1000,55100000,0.26863
marginal-hits-interval-1k,256,1000,57900000,0.28222
marginal-hits-interval-1k,256,1000,59400000,0.27712
marginal-hits-interval-1k,256,1000,70400000,0.26009
marginal-hits-interval-1k,256,1000,47000000,0.26741
marginal-hits-interval-1k,256,1000,43100000,0.25986
marginal-hits-interval-1k,256,1000,35800000,0.26509
marginal-hits-interval-1k,256,1000,2000000,0.33305
marginal-hits-interval-1k,256,1000,1700000,0.36041
marginal-hits-interval-1k,256,1000,1200000,0.41948
marginal-hits-interval-1k,256,1000,5600000,0.27482
marginal-hits-interval-1k,256,1000,15500000,0.26145
marginal-hits-interval-1k,256,1000,20000000,0.25226
marginal-hits-interval-1k,256,1000,78100000,0.25788
marginal-hits-interval-1k,256,1000,12400000,0.26552
marginal-hits-interval-1k,256,1000,8900000,0.26984
marginal-hits-interval-1k,256,1000,24200000,0.2637
marginal-hits-interval-1k,256,1000,54300000,0.26673
marginal-hits-interval-1k,256,1000,58700000,0.28248
marginal-hits-interval-1k,256,1000,60000000,0.28045
marginal-hits-interval-1k,256,1000,64500000,0.26775
marginal-hits-interval-1k,256,1000,48900000,0.26394
marginal-hits-interval-1k,256,1000,42200000,0.2544
marginal-hits-interval-1k,256,1000,11800000,0.26278
marginal-hits-interval-1k,256,1000,17300000,0.26638
marginal-hits-interval-1k,256,1000,20900000,0.26376
marginal-hits-interval-1k,256,1000,57600000,0.27388
marginal-hits-interval-1k,256,1000,63500000,0.26432
marginal-hits-interval-1k,256,1000,66900000,0.27571
marginal-hits-interval-1k,256,1000,77100000,0.25344
marginal-hits-interval-1k,256,1000,31300000,0.25867
marginal-hits-interval-1k,256,1000,44900000,0.27397
marginal-hits-interval-1k,256,1000,41800000,0.2529
marginal-hits-interval-1k,256,1000,39100000,0.26983
marginal-hits-interval-1k,256,1000,11300000,0.26817
marginal-hits-interval-1k,256,1000,10200000,0.25638
marginal-hits-interval-1k,256,1000,1400000,0.39672
marginal-hits-interval-1k,256,1000,23300000,0.27496
marginal-hits-interval-1k,256,1000,46400000,0.26633
marginal-hits-interval-1k,256,1000,31700000,0.25641
marginal-hits-interval-1k,256,1000,31000000,0.26411
marginal-hits-interval-1k,256,1000,73700000,0.25026
marginal-hits-interval-1k,256,1000,61100000,0.27826
marginal-hits-interval-1k,256,1000,11100000,0.26229
marginal-hits-interval-1k,256,1000,19400000,0.25819
marginal-hits-interval-1k,256,1000,57000000,0.26543
marginal-hits-interval-1k,256,1000,70700000,0.26718
marginal-hits-interval-1k,256,1000,48100000,0.26789
marginal-hits-interval-1k,256,1000,69700000,0.25967
marginal-hits-interval-1k,256,1000,36100000,0.26061
marginal-hits-interval-1k,256,1000,32400000,0.26141
marginal-hits-interval-1k,256,1000,18700000,0.26947
marginal-hits-interval-1k,256,1000,64200000,0.27094
marginal-hits-interval-1k,256,1000,64400000,0.26976
marginal-hits-interval-1k,256,1000,73000000,0.25971
marginal-hits-interval-1k,256,1000,79000000,0.26045
marginal-hits-interval-1k,256,1000,40700000,0.26431
marginal-hits-interval-1k,256,1000,6700000,0.26722
marginal-hits-interval-1k,256,1000,4200000,0.28785
marginal-hits-interval-1k,256,1000,16900000,0.26368
marginal-hits-interval-1k,256,1000,50400000,0.24992
marginal-hits-interval-1k,256,1000,41600000,0.25855
marginal-hits-interval-1k,256,1000,38900000,0.26166
marginal-hits-interval-1k,256,1000,37800000,0.27354
marginal-hits-interval-1k,256,1000,29200000,0.26884
marginal-hits-interval-1k,256,1000,29100000,0.26169
marginal-hits-interval-1k,256,1000,10300000,0.25965
marginal-hits-interval-1k,256,1000,5700000,0.27591
marginal-hits-interval-1k,256,1000,54100000,0.26853
marginal-hits-interval-1k,256,1000,45100000,0.27185
marginal-hits-interval-1k,256,1000,43900000,0.26585
marginal-hits-interval-1k,256,1000,33100000,0.27101
marginal-hits-interval-1k,256,1000,63100000,0.2634
marginal-hits-interval-1k,256,1000,53900000,0.26896
marginal-hits-interval-1k,256,1000,50700000,0.24514
marginal-hits-interval-1k,256,1000,900000,0.46561
marginal-hits-interval-1k,256,1000,18900000,0.26219
marginal-hits-interval-1k,256,1000,21200000,0.26249
marginal-hits-interval-1k,256,1000,21300000,0.27436
marginal-hits-interval-1k,256,1000,57100000,0.26523
marginal-hits-interval-1k,256,1000,55900000,0.26394
marginal-hits-interval-1k,256,1000,56900000,0.26689
marginal-hits-interval-1k,256,1000,70100000,0.26674
marginal-hits-interval-1k,256,1000,79900000,0.25344
marginal-hits-interval-1k,256,1000,37300000,0.26143
marginal-hits-interval-1k,256,1000,53800000,0.2674
marginal-hits-interval-1k,256,1000,51200000,0.25957
marginal-hits-interval-1k,256,1000,45700000,0.27274
marginal-hits-interval-1k,256,1000,27800000,0.25908
marginal-hits-interval-1k,256,1000,26000000,0.26066
marginal-hits-interval-1k,256,1000,19100000,0.26158
marginal-hits-interval-1k,256,1000,21800000,0.26314
marginal-hits-interval-1k,256,1000,61700000,0.28697
marginal-hits-interval-1k,256,1000,51500000,0.2564
marginal-hits-interval-1k,256,1000,38000000,0.2722
marginal-hits-interval-1k,256,1000,29800000,0.25912
marginal-hits-interval-1k,256,1000,4000000,0.28771
marginal-hits-interval-1k,256,1000,4300000,0.28541
marginal-hits-interval-1k,256,1000,20200000,0.25835
marginal-hits-interval-1k,256,1000,22700000,0.26012
marginal-hits-interval-1k,256,1000,65400000,0.27082
marginal-hits-interval-1k,256,1000,10700000,0.25983
marginal-hits-interval-1k,256,1000,2700000,0.28268
marginal-hits-interval-1k,256,1000,15100000,0.26598
marginal-hits-interval-1k,256,1000,15400000,0.26304
marginal-hits-interval-1k,256,1000,19000000,0.26308
marginal-hits-interval-1k,256,1000,73200000,0.25384
marginal-hits-interval-1k,256,1000,76700000,0.25765
marginal-hits-interval-1k,256,1000,78700000,0.26496
marginal-hits-interval-1k,256,1000,79700000,0.25819
marginal-hits-interval-1k,256,1000,31600000,0.25684
marginal-hits-interval-1k,256,1000,49100000,0.25896
marginal-hits-interval-1k,256,1000,42100000,0.25363
marginal-hits-interval-1k,256,1000,47300000,0.26986
marginal-hits-interval-1k,256,1000,27200000,0.25667
marginal-hits-interval-1k,256,1000,11900000,0.26736
marginal-hits-interval-1k,256,1000,25600000,0.26787
marginal-hits-interval-1k,256,1000,32600000,0.26752
marginal-hits-interval-1k,256,1000,6400000,0.27743
marginal-hits-interval-1k,256,1000,23400000,0.27539
marginal-hits-interval-1k,256,1000,59000000,0.28146
marginal-hits-interval-1k,256,1000,62100000,0.27468
marginal-hits-interval-1k,256,1000,68900000,0.26128
marginal-hits-interval-1k,256,1000,13900000,0.26465
marginal-hits-interval-1k,256,1000,17800000,0.27218
marginal-hits-interval-1k,256,1000,52900000,0.26654
marginal-hits-interval-1k,256,1000,43500000,0.26012
marginal-hits-interval-1k,256,1000,3000000,0.29027
marginal-hits-interval-1k,256,1000,19200000,0.26183
marginal-hits-interval-1k,256,1000,45500000,0.26953
marginal-hits-interval-1k,256,1000,4800000,0.2855
marginal-hits-interval-1k,256,1000,19600000,0.25575
marginal-hits-interval-1k,256,1000,72000000,0.26513
marginal-hits-interval-1k,256,1000,75200000,0.26703
marginal-hits-interval-1k,256,1000,48400000,0.264
marginal-hits-interval-1k,256,1000,44500000,0.2711
marginal-hits-interval-1k,256,1000,34500000,0.2597
marginal-hits-interval-1k,256,1000,65100000,0.27145
marginal-hits-interval-1k,256,1000,73300000,0.25422
marginal-hits-interval-1k,256,1000,79500000,0.25453
marginal-hits-interval-1k,256,1000,61200000,0.27847
marginal-hits-interval-1k,256,1000,50000000,0.25541
marginal-hits-interval-1k,256,1000,36300000,0.25906
marginal-hits-interval-1k,256,1000,7900000,0.27466
marginal-hits-interval-1k,256,1000,5100000,0.27337
marginal-hits-interval-1k,256,1000,74200000,0.25258
marginal-hits-interval-1k,256,1000,49300000,0.25784
marginal-hits-interval-1k,256,1000,46900000,0.26116
marginal-hits-interval-1k,256,1000,6500000,0.27713
marginal-hits-interval-1k,256,1000,2600000,0.28756
marginal-hits-interval-1k,256,1000,64600000,0.26827
marginal-hits-interval-1k,256,1000,53500000,0.26958
marginal-hits-interval-1k,256,1000,52800000,0.26443
marginal-hits-interval-1k,256,1000,52400000,0.26493
marginal-hits-interval-1k,256,1000,51900000,0.26341
marginal-hits-interval-1k,256,1000,41500000,0.25986
marginal-hits-interval-1k,256,1000,38200000,0.2708
marginal-hits-interval-1k,256,1000,31800000,0.26023
marginal-hits-interval-1k,256,1000,29300000,0.26641
marginal-hits-interval-1k,256,1000,26900000,0.25439
marginal-hits-interval-1k,256,1000,69600000,0.26103
marginal-hits-interval-1k,256,1000,62800000,0.26237
marginal-hits-interval-1k,256,1000,51400000,0.25471
marginal-hits-interval-1k,256,1000,7000000,0.27402
marginal-hits-interval-1k,256,1000,3600000,0.28933
marginal-hits-interval-1k,256,1000,14200000,0.26305
marginal-hits-interval-1k,256,1000,55000000,0.27224
marginal-hits-interval-1k,256,1000,74500000,0.25816
marginal-hits-interval-1k,256,1000,50600000,0.24512
marginal-hits-interval-1k,256,1000,30100000,0.26553
marginal-hits-interval-1k,256,1000,56300000,0.26445
marginal-hits-interval-1k,256,1000,37900000,0.27692
marginal-hits-interval-1k,256,1000,12000000,0.26645
marginal-hits-interval-1k,256,1000,6900000,0.26988
marginal-hits-interval-1k,256,1000,58100000,0.27584
marginal-hits-interval-1k,256,1000,58600000,0.28222
marginal-hits-interval-1k,256,1000,60300000,0.28261
marginal-hits-interval-1k,256,1000,43200000,0.26622
marginal-hits-interval-1k,256,1000,10000000,0.25744
marginal-hits-interval-1k,256,1000,3900000,0.28912
marginal-hits-interval-1k,256,1000,25200000,0.27381
marginal-hits-interval-1k,256,1000,56600000,0.26681
marginal-hits-interval-1k,256,1000,59700000,0.27613
marginal-hits-interval-1k,256,1000,39600000,0.26818
marginal-hits-interval-1k,256,1000,5200000,0.27971
marginal-hits-interval-1k,256,1000,59100000,0.28475
marginal-hits-interval-1k,256,1000,59300000,0.2844
marginal-hits-interval-1k,256,1000,66200000,0.27949
marginal-hits-interval-1k,256,1000,68400000,0.26828
marginal-hits-interval-1k,256,1000,71700000,0.26002
marginal-hits-interval-1k,256,1000,72700000,0.26331
marginal-hits-interval-1k,256,1000,74100000,0.2522
marginal-hits-interval-1k,256,1000,62700000,0.26567
marginal-hits-interval-1k,256,1000,17900000,0.27068
marginal-hits-interval-1k,256,1000,35100000,0.25366
marginal-hits-interval-1k,256,1000,43000000,0.25986
marginal-hits-interval-1k,256,1000,22500000,0.26431
marginal-hits-interval-1k,256,1000,60500000,0.27625
marginal-hits-interval-1k,256,1000,70900000,0.26575
marginal-hits-interval-1k,256,1000,76400000,0.26051
marginal-hits-interval-1k,256,1000,36200000,0.26018
marginal-hits-interval-1k,256,1000,32500000,0.26198
marginal-hits-interval-1k,256,1000,26200000,0.25354
marginal-hits-interval-1k,256,1000,61300000,0.2889
marginal-hits-interval-1k,256,1000,76300000,0.26518
marginal-hits-interval-1k,256,1000,46700000,0.26154
marginal-hits-interval-1k,256,1000,36800000,0.26016
marginal-hits-interval-1k,256,1000,33400000,0.26888
marginal-hits-interval-1k,256,1000,13400000,0.27355
marginal-hits-interval-1k,256,1000,17600000,0.26864
marginal-hits-interval-1k,256,1000,69400000,0.26812
marginal-hits-interval-1k,256,1000,47100000,0.27044
marginal-hits-interval-1k,256,1000,42000000,0.2567
marginal-hits-interval-1k,256,1000,37400000,0.26841
marginal-hits-interval-1k,256,1000,28700000,0.26292
marginal-hits-interval-1k,256,1000,12100000,0.26608
marginal-hits-interval-1k,256,1000,9900000,0.25991
marginal-hits-interval-1k,256,1000,13300000,0.27213
marginal-hits-interval-1k,256,1000,21700000,0.26048
marginal-hits-interval-1k,256,1000,78200000,0.25589
marginal-hits-interval-1k,256,1000,53200000,0.25896
marginal-hits-interval-1k,256,1000,52600000,0.26359
marginal-hits-interval-1k,256,1000,32100000,0.26003
marginal-hits-interval-1k,256,1000,31500000,0.2565
marginal-hits-interval-1k,256,1000,14700000,0.26347
marginal-hits-interval-1k,256,1000,15900000,0.26108
marginal-hits-interval-1k,256,1000,66500000,0.27319
marginal-hits-interval-1k,256,1000,37600000,0.26214
marginal-hits-interval-1k,256,1000,61400000,0.2793
marginal-hits-interval-1k,256,1000,61900000,0.28637
marginal-hits-interval-1k,256,1000,65900000,0.2724
marginal-hits-interval-1k,256,1000,3100000,0.2858
marginal-hits-interval-1k,256,1000,17000000,0.26734
marginal-hits-interval-1k,256,1000,18000000,0.27104
marginal-hits-interval-1k,256,1000,58900000,0.28677
marginal-hits-interval-1k,256,1000,70500000,0.26403
marginal-hits-interval-1k,256,1000,70800000,0.27112
marginal-hits-interval-1k,256,1000,16000000,0.26055
marginal-hits-interval-1k,256,1000,13700000,0.26853
marginal-hits-interval-1k,256,1000,44700000,0.27396
marginal-hits-interval-1k,256,1000,39500000,0.26503
marginal-hits-interval-1k,256,1000,40000000,0.26124
marginal-hits-interval-1k,256,1000,38800000,0.26228
marginal-hits-interval-1k,256,1000,35500000,0.26735
marginal-hits-interval-1k,256,1000,27300000,0.25963
marginal-hits-interval-1k,256,1000,3700000,0.29207
marginal-hits-interval-1k,256,1000,12800000,0.27492
marginal-hits-interval-1k,256,1000,14600000,0.26122
marginal-hits-interval-1k,256,1000,74400000,0.25458
marginal-hits-interval-1k,256,1000,72200000,0.25651
marginal-hits-interval-1k,256,1000,46600000,0.26206
marginal-hits-interval-1k,256,1000,46500000,0.26689
marginal-hits-interval-1k,256,1000,36700000,0.25743
marginal-hits-interval-1k,256,1000,32000000,0.26234
marginal-hits-interval-1k,256,1000,63200000,0.25916
marginal-hits-interval-1k,256,1000,68800000,0.26221
marginal-hits-interval-1k,256,1000,9400000,0.26233
marginal-hits-interval-1k,256,1000,1900000,0.34461
marginal-hits-interval-1k,256,1000,800000,0.48278
marginal-hits-interval-1k,256,1000,4400000,0.29237
marginal-hits-interval-1k,256,1000,16400000,0.25494
marginal-hits-interval-1k,256,1000,68300000,0.26742
marginal-hits-interval-1k,256,1000,73600000,0.25227
marginal-hits-interval-1k,256,1000,75000000,0.26863
marginal-hits-interval-1k,256,1000,76500000,0.26647
marginal-hits-interval-1k,256,1000,34000000,0.27155
marginal-hits-interval-1k,256,1000,49200000,0.25945
marginal-hits-interval-1k,256,1000,31200000,0.26444
marginal-hits-interval-1k,256,1000,25000000,0.26017
marginal-hits-interval-1k,256,1000,25100000,0.27098
marginal-hits-interval-1k,256,1000,28400000,0.25651
marginal-hits-interval-1k,256,1000,2800000,0.27633
marginal-hits-interval-1k,256,1000,700000,0.50235
marginal-hits-interval-1k,256,1000,13800000,0.26737
marginal-hits-interval-1k,256,1000,22600000,0.26132
marginal-hits-interval-1k,256,1000,23500000,0.26676
marginal-hits-interval-1k,256,1000,42300000,0.25618
marginal-hits-interval-1k,256,1000,40200000,0.2616
marginal-hits-interval-1k,256,1000,500000,0.54456
marginal-hits-interval-1k,256,1000,17500000,0.2742
marginal-hits-interval-1k,256,1000,23100000,0.27766
marginal-hits-interval-1k,256,1000,55700000,0.25568
marginal-hits-interval-1k,256,1000,65200000,0.27311
marginal-hits-interval-1k,256,1000,77600000,0.26299
marginal-hits-interval-1k,256,1000,12200000,0.26916
marginal-hits-interval-1k,256,1000,41100000,0.26582
marginal-hits-interval-1k,256,1000,44200000,0.27074
marginal-hits-interval-1k,256,1000,33200000,0.2702
marginal-hits-interval-1k,256,1000,30500000,0.2607
marginal-hits-interval-1k,256,1000,2100000,0.32603
marginal-hits-interval-1k,256,1000,56800000,0.26915
marginal-hits-interval-1k,256,1000,59600000,0.27274
marginal-hits-interval-1k,256,1000,67700000,0.26748
marginal-hits-interval-1k,256,1000,73400000,0.25566
marginal-hits-interval-1k,256,1000,41400000,0.26238
marginal-hits-interval-1k,256,1000,39800000,0.26772
marginal-hits-interval-1k,256,1000,34800000,0.25709
marginal-hits-interval-1k,256,1000,25900000,0.26136
marginal-hits-interval-1k,256,1000,18100000,0.27262
marginal-hits-interval-1k,256,1000,64700000,0.26812
marginal-hits-interval-1k,256,1000,48200000,0.26502
marginal-hits-interval-1k,256,1000,12900000,0.27719
marginal-hits-interval-1k,256,1000,30800000,0.26486
marginal-hits-interval-1k,256,1000,8500000,0.28515
marginal-hits-interval-1k,256,1000,8000000,0.27557
marginal-hits-interval-1k,256,1000,50300000,0.25194
marginal-hits-interval-1k,256,1000,45900000,0.26216
marginal-hits-interval-1k,256,1000,17700000,0.27917
marginal-hits-interval-1k,256,1000,24100000,0.26556
marginal-hits-interval-1k,256,1000,66700000,0.26914
marginal-hits-interval-1k,256,1000,35700000,0.26313
marginal-hits-interval-1k,256,1000,6600000,0.27106
marginal-hits-interval-1k,256,1000,16600000,0.26355
marginal-hits-interval-1k,256,1000,34600000,0.2608
marginal-hits-interval-1k,256,1000,28800000,0.2603
marginal-hits-interval-1k,256,1000,20500000,0.26006
marginal-hits-interval-1k,256,1000,20800000,0.26184
marginal-hits-interval-1k,256,1000,24000000,0.26663
marginal-hits-interval-1k,256,1000,56000000,0.26617
marginal-hits-interval-1k,256,1000,66600000,0.27001
marginal-hits-interval-1k,256,1000,72600000,0.26872
marginal-hits-interval-1k,256,1000,40300000,0.2629
marginal-hits-interval-1k,256,1000,7700000,0.27628
marginal-hits-interval-1k,256,1000,7500000,0.27465
marginal-hits-interval-1k,256,1000,21600000,0.26508
marginal-hits-interval-1k,256,1000,74700000,0.25392
marginal-hits-interval-1k,256,1000,28000000,0.26331
marginal-hits-interval-1k,256,1000,8600000,0.28022
marginal-hits-interval-1k,256,1000,24500000,0.26315
marginal-hits-interval-1k,256,1000,77500000,0.25732
marginal-hits-interval-1k,256,1000,50900000,0.24963
marginal-hits-interval-1k,256,1000,45300000,0.27245
marginal-hits-interval-1k,256,1000,56500000,0.26341
marginal-hits-interval-1k,256,1000,58500000,0.27601
marginal-hits-interval-1k,256,1000,75500000,0.26297
marginal-hits-interval-1k,256,1000,78500000,0.26112
marginal-hits-interval-1k,256,1000,23700000,0.26587
marginal-hits-interval-1k,256,1000,24400000,0.26325
marginal-hits-interval-1k,256,1000,54000000,0.26774
marginal-hits-interval-1k,256,1000,40100000,0.26031
marginal-hits-interval-1k,256,1000,7200000,0.27412
marginal-hits-interval-1k,256,1000,16200000,0.25868
marginal-hits-interval-1k,256,1000,63300000,0.26113
marginal-hits-interval-1k,256,1000,75600000,0.26641
marginal-hits-interval-1k,256,1000,47600000,0.27388
marginal-hits-interval-1k,256,1000,26600000,0.25891
marginal-hits-interval-1k,256,1000,7300000,0.27085
marginal-hits-interval-1k,256,1000,15300000,0.26343
marginal-hits-interval-1k,256,1000,21400000,0.26923
marginal-hits-interval-1k,256,1000,57800000,0.27543
marginal-hits-interval-1k,256,1000,33500000,0.26564
marginal-hits-interval-1k,256,1000,56400000,0.26542
marginal-hits-interval-1k,256,1000,66000000,0.27512
marginal-hits-interval-1k,256,1000,71300000,0.26031
marginal-hits-interval-1k,256,1000,13200000,0.27322
marginal-hits-interval-1k,256,1000,30900000,0.2667
marginal-hits-interval-1k,256,1000,10500000,0.26452
marginal-hits-interval-1k,256,1000,7400000,0.27614
marginal-hits-interval-1k,256,1000,22000000,0.26125
marginal-hits-interval-1k,256,1000,55200000,0.26385
marginal-hits-interval-1k,256,1000,50200000,0.25056
marginal-hits-interval-1k,256,1000,42500000,0.25651
marginal-hits-interval-1k,256,1000,600000,0.52124
marginal-hits-interval-1k,256,1000,3300000,0.28746
marginal-hits-interval-1k,256,1000,4600000,0.28514
marginal-hits-interval-1k,256,1000,21000000,0.26536
marginal-hits-interval-1k,256,1000,54400000,0.2757
marginal-hits-interval-1k,256,1000,58200000,0.27855
marginal-hits-interval-1k,256,1000,49500000,0.25415
marginal-hits-interval-1k,256,1000,10100000,0.26007
marginal-hits-interval-1k,256,1000,9800000,0.25463
marginal-hits-interval-1k,256,1000,9700000,0.25671
marginal-hits-interval-1k,256,1000,16800000,0.2653
marginal-hits-interval-1k,256,1000,19500000,0.26145
marginal-hits-interval-1k,256,1000,64800000,0.27006
marginal-hits-interval-1k,256,1000,77800000,0.25578
marginal-hits-interval-1k,256,1000,78800000,0.2622
marginal-hits-interval-1k,256,1000,53300000,0.26487
marginal-hits-interval-1k,256,1000,47400000,0.26559
marginal-hits-interval-1k,256,1000,9600000,0.26088
marginal-hits-interval-1k,256,1000,4700000,0.28317
marginal-hits-interval-1k,256,1000,17200000,0.26511
marginal-hits-interval-1k,256,1000,20400000,0.26022
marginal-hits-interval-1k,256,1000,25400000,0.26547
marginal-hits-interval-1k,256,1000,71400000,0.25673
marginal-hits-interval-1k,256,1000,70600000,0.26942
marginal-hits-interval-1k,256,1000,51600000,0.25851
marginal-hits-interval-1k,256,1000,36400000,0.26529
marginal-hits-interval-1k,256,1000,9000000,0.26659
marginal-hits-interval-1k,256,1000,6200000,0.27652
marginal-hits-interval-1k,256,1000,22800000,0.26406
marginal-hits-interval-1k,256,1000,55400000,0.26266
marginal-hits-interval-1k,256,1000,51000000,0.24951
marginal-hits-interval-1k,256,1000,37500000,0.26673
marginal-hits-interval-1k,256,1000,29900000,0.25481
marginal-hits-interval-1k,256,1000,32900000,0.26198
marginal-hits-interval-1k,256,1000,11400000,0.26986
marginal-hits-interval-1k,256,1000,10800000,0.26083
marginal-hits-interval-1k,256,1000,23200000,0.27109
marginal-hits-interval-1k,256,1000,61600000,0.28139
marginal-hits-interval-1k,256,1000,76000000,0.28289
marginal-hits-interval-1k,256,1000,76800000,0.25678
marginal-hits-interval-1k,256,1000,77700000,0.25591
marginal-hits-interval-1k,256,1000,17100000,0.27027
marginal-hits-interval-1k,256,1000,16100000,0.25935
marginal-hits-interval-1k,256,1000,51800000,0.25985
marginal-hits-interval-1k,256,1000,45600000,0.2668
marginal-hits-interval-1k,256,1000,32700000,0.26587
marginal-hits-interval-1k,256,1000,31100000,0.26406
marginal-hits-interval-1k,256,1000,11700000,0.26355
marginal-hits-interval-1k,256,1000,25300000,0.26818
marginal-hits-interval-1k,256,1000,38700000,0.27029
marginal-hits-interval-1k,256,1000,13100000,0.27879
marginal-hits-interval-1k,256,1000,65700000,0.27731
marginal-hits-interval-1k,256,1000,39900000,0.26431
marginal-hits-interval-1k,256,1000,34100000,0.27086
marginal-hits-interval-1k,256,1000,32200000,0.25755
marginal-hits-interval-1k,256,1000,29700000,0.26502
marginal-hits-interval-1k,256,1000,62000000,0.27712
marginal-hits-interval-1k,256,1000,78000000,0.25178
marginal-hits-interval-1k,256,1000,44400000,0.26339
marginal-hits-interval-1k,256,1000,27900000,0.25838
marginal-hits-interval-1k,256,1000,5500000,0.27174
marginal-hits-interval-1k,256,1000,13000000,0.27859
marginal-hits-interval-1k,256,1000,21900000,0.26468
marginal-hits-interval-1k,256,1000,64000000,0.26345
marginal-hits-interval-1k,256,1000,69300000,0.26414
marginal-hits-interval-1k,256,1000,75100000,0.26776
marginal-hits-interval-1k,256,1000,49000000,0.26228
marginal-hits-interval-1k,256,1000,52300000,0.26695
marginal-hits-interval-1k,256,1000,34700000,0.26341
marginal-hits-interval-1k,256,1000,26300000,0.25257
marginal-hits-interval-1k,256,1000,8800000,0.27055
marginal-hits-interval-1k,256,1000,3400000,0.28867
marginal-hits-interval-1k,256,1000,19900000,0.25427
marginal-hits-interval-1k,256,1000,25500000,0.26437
marginal-hits-interval-1k,256,1000,77200000,0.25576
marginal-hits-interval-1k,256,1000,44000000,0.26424
marginal-hits-interval-1k,256,1000,62400000,0.26872
marginal-hits-interval-1k,256,1000,67800000,0.26366
marginal-hits-interval-1k,256,1000,72800000,0.25965
marginal-hits-interval-1k,256,1000,76900000,0.25425
marginal-hits-interval-1k,256,1000,43700000,0.26442
marginal-hits-interval-1k,256,1000,38400000,0.27155
marginal-hits-interval-1k,256,1000,6800000,0.27167
marginal-hits-interval-1k,256,1000,54800000,0.27124
marginal-hits-interval-1k,256,1000,65600000,0.28124
marginal-hits-interval-1k,256,1000,67400000,0.26481
marginal-hits-interval-1k,256,1000,68100000,0.26115
marginal-hits-interval-1k,256,1000,77400000,0.25083
marginal-hits-interval-1k,256,1000,69500000,0.26764
marginal-hits-interval-1k,256,1000,42400000,0.25594
marginal-hits-interval-1k,256,1000,41200000,0.26771
marginal-hits-interval-1k,256,1000,39700000,0.26747
marginal-hits-interval-1k,256,1000,11600000,0.26273
marginal-hits-interval-1k,256,1000,7100000,0.2725
marginal-hits-interval-1k,256,1000,69900000,0.26045
marginal-hits-interval-1k,256,1000,52500000,0.26656
marginal-hits-interval-1k,256,1000,51100000,0.25643
marginal-hits-interval-1k,256,1000,8400000,0.28251
marginal-hits-interval-1k,256,1000,56100000,0.26531
marginal-hits-interval-1k,256,1000,63900000,0.26016
marginal-hits-interval-1k,256,1000,40600000,0.26093
marginal-hits-interval-1k,256,1000,14900000,0.26229
marginal-hits-interval-1k,256,1000,77000000,0.25208
marginal-hits-interval-1k,256,1000,61500000,0.27534
marginal-hits-interval-1k,256,1000,52200000,0.27085
marginal-hits-interval-1k,256,1000,2500000,0.29508
marginal-hits-interval-1k,256,1000,18500000,0.27771
marginal-hits-interval-1k,256,1000,68700000,0.2656
marginal-hits-interval-1k,256,1000,75900000,0.27923
marginal-hits-interval-1k,256,1000,43400000,0.26027
marginal-hits-interval-1k,256,1000,37100000,0.26441
marginal-hits-interval-1k,256,1000,36000000,0.25564
marginal-hits-interval-1k,256,1000,34400000,0.26136
marginal-hits-interval-1k,256,1000,62600000,0.26663
marginal-hits-interval-1k,256,1000,51700000,0.25774
marginal-hits-interval-1k,256,1000,39000000,0.27031
marginal-hits-interval-1k,256,1000,33700000,0.26286
marginal-hits-interval-1k,256,1000,29500000,0.27183
marginal-hits-interval-1k,256,1000,8200000,0.28009
marginal-hits-interval-1k,256,1000,100000,0.73732
marginal-hits-interval-1k,256,1000,24600000,0.26448
marginal-hits-interval-1k,256,1000,59900000,0.27561
marginal-hits-interval-1k,256,1000,65300000,0.27237
marginal-hits-interval-1k,256,1000,48600000,0.26922
marginal-hits-interval-1k,256,1000,48500000,0.26906
marginal-hits-interval-1k,256,1000,5300000,0.27351
marginal-hits-interval-1k,256,1000,63400000,0.26059
marginal-hits-interval-1k,256,1000,66400000,0.28353
marginal-hits-interval-1k,256,1000,35600000,0.2614
marginal-hits-interval-1k,256,1000,32800000,0.26505
marginal-hits-interval-1k,256,1000,27400000,0.25386
marginal-hits-interval-1k,256,1000,1300000,0.4075
marginal-hits-interval-1k,256,1000,24900000,0.26052
marginal-hits-interval-1k,256,1000,58300000,0.28013
marginal-hits-interval-1k,256,1000,66100000,0.28133
marginal-hits-interval-1k,256,1000,70000000,0.2667
marginal-hits-interval-1k,256,1000,71600000,0.25639
marginal-hits-interval-1k,256,1000,77300000,0.25299
marginal-hits-interval-1k,256,1000,60900000,0.26957
marginal-hits-interval-1k,256,1000,35200000,0.25359
marginal-hits-interval-1k,256,1000,28300000,0.26086
marginal-hits-interval-1k,256,1000,15700000,0.26483
marginal-hits-interval-1k,256,1000,79300000,0.25926
marginal-hits-interval-1k,256,1000,41300000,0.26412
marginal-hits-interval-1k,256,1000,35400000,0.26252
marginal-hits-interval-1k,256,1000,11200000,0.25942
marginal-hits-interval-1k,256,1000,15800000,0.26458
marginal-hits-interval-1k,256,1000,56200000,0.26312
marginal-hits-interval-1k,256,1000,69000000,0.26763
marginal-hits-interval-1k,256,1000,25800000,0.2585
marginal-hits-interval-1k,256,1000,5000000,0.27904
marginal-hits-interval-1k,256,1000,19800000,0.2538
marginal-hits-interval-1k,256,1000,57700000,0.27134
marginal-hits-interval-1k,256,1000,74300000,0.25124
marginal-hits-interval-1k,256,1000,79200000,0.26188
marginal-hits-interval-1k,256,1000,35000000,0.25558
marginal-hits-interval-1k,256,1000,34300000,0.26419
marginal-hits-interval-1k,256,1000,30000000,0.26019
marginal-hits-interval-1k,256,1000,11000000,0.26214
marginal-hits-interval-1k,256,1000,18200000,0.28194
marginal-hits-interval-1k,256,1000,21100000,0.26406
marginal-hits-interval-1k,256,1000,24800000,0.26532
marginal-hits-interval-1k,256,1000,57200000,0.26847
marginal-hits-interval-1k,256,1000,68200000,0.26427
marginal-hits-interval-1k,256,1000,2400000,0.30113
marginal-hits-interval-1k,256,1000,20700000,0.25673
marginal-hits-interval-1k,256,1000,44300000,0.26336
marginal-hits-interval-1k,256,1000,36500000,0.26117
marginal-hits-interval-1k,256,1000,15600000,0.26282
marginal-hits-interval-1k,256,1000,18400000,0.27819
marginal-hits-interval-1k,256,1000,23600000,0.27108
marginal-hits-interval-1k,256,1000,67300000,0.26934
marginal-hits-interval-1k,256,1000,68500000,0.26697
marginal-hits-interval-1k,256,1000,52000000,0.26827
marginal-hits-interval-1k,256,1000,46100000,0.26836
marginal-hits-interval-1k,256,1000,27700000,0.25858
marginal-hits-interval-1k,256,1000,25700000,0.26111
marginal-hits-interval-1k,256,1000,5900000,0.27327
marginal-hits-interval-1k,256,1000,20600000,0.25804
marginal-hits-interval-1k,256,1000,66300000,0.27648
marginal-hits-interval-1k,256,1000,71100000,0.2621
marginal-hits-interval-1k,256,1000,33000000,0.26364
marginal-hits-interval-1k,256,1000,60400000,0.28107
marginal-hits-interval-1k,256,1000,73900000,0.24892
marginal-hits-interval-1k,256,1000,67600000,0.27031
marginal-hits-interval-1k,256,1000,50500000,0.24554
marginal-hits-interval-1k,256,1000,49800000,0.25777
marginal-hits-interval-1k,256,1000,44600000,0.27322
marginal-hits-interval-1k,256,1000,3200000,0.28865
marginal-hits-interval-1k,256,1000,13500000,0.273
marginal-hits-interval-1k,256,1000,18300000,0.27984
marginal-hits-interval-1k,256,1000,18600000,0.27176
marginal-hits-interval-1k,256,1000,13600000,0.27043
marginal-hits-interval-1k,256,1000,16500000,0.25673
marginal-hits-interval-1k,256,1000,57300000,0.2729
marginal-hits-interval-1k,256,1000,53000000,0.2679
marginal-hits-interval-1k,256,1000,48700000,0.26602
marginal-hits-interval-1k,256,1000,39200000,0.26752
marginal-hits-interval-1k,256,1000,10400000,0.26067
marginal-hits-interval-1k,256,1000,14500000,0.25714
marginal-hits-interval-1k,256,1000,64100000,0.26398
marginal-hits-interval-1k,256,1000,60800000,0.26927
marginal-hits-interval-1k,256,1000,44800000,0.27453
marginal-hits-interval-1k,256,1000,27100000,0.25558
marginal-hits-interval-1k,256,1000,19700000,0.25708
marginal-hits-interval-1k,256,1000,67000000,0.28008
marginal-hits-interval-1k,256,1000,74800000,0.25939
marginal-hits-interval-1k,256,1000,78900000,0.26154
marginal-hits-interval-1k,256,1000,45800000,0.26969
marginal-hits-interval-1k,256,1000,8300000,0.281
marginal-hits-interval-1k,256,1000,14400000,0.25808
marginal-hits-interval-1k,256,1000,21500000,0.26592
marginal-hits-interval-1k,256,1000,58800000,0.28531
marginal-hits-interval-1k,256,1000,62500000,0.26759
marginal-hits-interval-1k,256,1000,52700000,0.26171
marginal-hits-interval-1k,256,1000,39300000,0.26706
marginal-hits-interval-1k,256,1000,38100000,0.26963
marginal-hits-interval-1k,256,1000,19300000,0.25743
marginal-hits-interval-1k,256,1000,50100000,0.25664
marginal-hits-interval-1k,256,1000,40800000,0.26528
marginal-hits-interval-1k,256,1000,54900000,0.26989
marginal-hits-interval-1k,256,1000,58400000,0.27686
marginal-hits-interval-1k,256,1000,74900000,0.27077
marginal-hits-interval-1k,256,1000,1600000,0.37185
marginal-hits-interval-1k,256,1000,5800000,0.27513
marginal-hits-interval-1k,256,1000,59800000,0.277
marginal-hits-interval-1k,256,1000,76600000,0.26364
marginal-hits-interval-1k,256,1000,34900000,0.25713
marginal-hits-interval-1k,256,1000,4100000,0.29239
marginal-hits-interval-1k,256,1000,58000000,0.27971
marginal-hits-interval-1k,256,1000,59500000,0.27856
marginal-hits-interval-1k,256,1000,49400000,0.25577
marginal-hits-interval-1k,256,1000,46000000,0.26692
marginal-hits-interval-1k,256,1000,45400000,0.27031
marginal-hits-interval-1k,256,1000,44100000,0.27184
marginal-hits-interval-1k,256,1000,4500000,0.28937
marginal-hits-interval-1k,256,1000,69100000,0.2722
marginal-hits-interval-1k,256,1000,74600000,0.26011
marginal-hits-interval-1k,256,1000,53700000,0.2727
marginal-hits-interval-1k,256,1000,41000000,0.2699
marginal-hits-interval-1k,256,1000,38600000,0.2711
marginal-hits-interval-1k,256,1000,28100000,0.2577
marginal-hits-interval-1k,256,1000,60700000,0.27091
marginal-hits-interval-1k,256,1000,63600000,0.26118
marginal-hits-interval-1k,256,1000,68600000,0.26461
marginal-hits-interval-1k,256,1000,78600000,0.26188
marginal-hits-interval-1k,256,1000,71900000,0.26805
marginal-hits-interval-1k,256,1000,48800000,0.26297
marginal-hits-interval-1k,256,1000,10600000,0.26218
marginal-hits-interval-1k,256,1000,14100000,0.26733
marginal-hits-interval-1k,256,1000,55500000,0.2572
marginal-hits-interval-1k,256,1000,68000000,0.2636
marginal-hits-interval-1k,256,1000,48000000,0.27007
marginal-hits-interval-1k,256,1000,26500000,0.2658
marginal-hits-interval-1k,256,1000,12600000,0.26986
marginal-hits-interval-1k,256,1000,70300000,0.26547
marginal-hits-interval-1k,256,1000,53600000,0.27196
marginal-hits-interval-1k,256,1000,47200000,0.2739
marginal-hits-interval-1k,256,1000,33800000,0.26624
marginal-hits-interval-1k,256,1000,18800000,0.26373
marginal-hits-interval-1k,256,1000,67500000,0.26889
marginal-hits-interval-1k,256,1000,78300000,0.26672
marginal-hits-interval-1k,256,1000,53400000,0.26706
marginal-hits-interval-1k,256,1000,27500000,0.26185
marginal-hits-interval-1k,256,1000,1500000,0.3841
marginal-hits-interval-1k,256,1000,15200000,0.26235
marginal-hits-interval-1k,256,1000,24300000,0.26736
marginal-hits-interval-1k,256,1000,64900000,0.27502
marginal-hits-interval-1k,256,1000,61800000,0.28427
marginal-hits-interval-1k,256,1000,49700000,0.25661
marginal-hits-interval-1k,256,1000,29400000,0.27102
marginal-hits-interval-1k,256,1000,9300000,0.26141
marginal-hits-interval-1k,256,1000,9100000,0.26382
marginal-hits-interval-1k,256,1000,6000000,0.28005
marginal-hits-interval-1k,256,1000,17400000,0.27049
marginal-hits-interval-1k,256,1000,76100000,0.27525
marginal-hits-interval-1k,256,1000,71200000,0.2621
marginal-hits-interval-1k,256,1000,45000000,0.27288
marginal-hits-interval-1k,256,1000,60600000,0.27118
marginal-hits-interval-1k,256,1000,76200000,0.27076
marginal-hits-interval-1k,256,1000,200000,0.64834
marginal-hits-interval-1k,256,1000,12700000,0.27607
marginal-hits-interval-1k,256,1000,62200000,0.27197
marginal-hits-interval-1k,256,1000,63800000,0.2608
marginal-hits-interval-1k,256,1000,67900000,0.26008
marginal-hits-interval-1k,256,1000,33600000,0.26267
marginal-hits-interval-1k,256,1000,27600000,0.2564
marginal-hits-interval-1k,256,1000,30600000,0.26418
marginal-hits-interval-1k,256,1000,28900000,0.26139
marginal-hits-interval-1k,256,1000,26100000,0.25515
marginal-hits-interval-1k,256,1000,15000000,0.26286
marginal-hits-interval-1k,256,1000,61000000,0.27037
marginal-hits-interval-1k,256,1000,66800000,0.27323
marginal-hits-interval-1k,256,1000,35900000,0.25931
marginal-hits-interval-1k,256,1000,6100000,0.28022
marginal-hits-interval-1k,256,1000,14300000,0.2611
marginal-hits-interval-1k,256,1000,62900000,0.2683
marginal-hits-interval-1k,256,1000,63700000,0.26274
marginal-hits-interval-1k,256,1000,47800000,0.26543
marginal-hits-interval-1k,256,1000,42900000,0.26044
marginal-hits-interval-1k,256,1000,46300000,0.26852
