rebalance_strategy,slab_count,miss_ratio,request_id,distance_to_optimal_allocation
disabled,256,0.26994,51300000,85
disabled,256,0.2691,46200000,85
disabled,256,0.26887,40500000,85
disabled,256,0.26949,33300000,85
disabled,256,0.26776,31400000,85
disabled,256,0.26718,3800000,85
disabled,256,0.26918,37000000,85
disabled,256,0.0,0,85
disabled,256,0.57264,400000,85
disabled,256,0.26974,3500000,85
disabled,256,0.26581,4900000,85
disabled,256,0.26941,54600000,85
disabled,256,0.26744,73100000,85
disabled,256,0.26835,75300000,85
disabled,256,0.26818,36600000,85
disabled,256,0.26852,30400000,85
disabled,256,0.26921,30200000,85
disabled,256,0.2695,29000000,85
disabled,256,0.26989,24700000,85
disabled,256,0.26709,54500000,85
disabled,256,0.26831,43800000,85
disabled,256,0.26898,33900000,85
disabled,256,0.26854,71000000,85
disabled,256,0.26915,79400000,85
disabled,256,0.26672,36900000,85
disabled,256,0.27011,26400000,85
disabled,256,0.26922,11500000,85
disabled,256,0.26837,9500000,85
disabled,256,0.26752,22900000,85
disabled,256,0.26813,23800000,85
disabled,256,0.26916,62300000,85
disabled,256,0.26872,65000000,85
disabled,256,0.27002,49600000,85
disabled,256,0.26637,42700000,85
disabled,256,0.26745,28600000,85
disabled,256,0.27024,9200000,85
disabled,256,0.45002,1000000,85
disabled,256,0.26886,65500000,85
disabled,256,0.26633,43300000,85
disabled,256,0.26756,40400000,85
disabled,256,0.26635,32300000,85
disabled,256,0.26948,7800000,85
disabled,256,0.26638,23000000,85
disabled,256,0.26834,55600000,85
disabled,256,0.26877,60200000,85
disabled,256,0.43577,1100000,85
disabled,256,0.2683,5400000,85
disabled,256,0.26923,22300000,85
disabled,256,0.26792,55800000,85
disabled,256,0.26568,77900000,85
disabled,256,0.26995,49900000,85
disabled,256,0.27015,43600000,85
disabled,256,0.30849,2300000,85
disabled,256,0.26695,54700000,85
disabled,256,0.26886,56700000,85
disabled,256,0.26893,72500000,85
disabled,256,0.26769,74000000,85
disabled,256,0.26802,53100000,85
disabled,256,0.26987,41700000,85
disabled,256,0.26751,34200000,85
disabled,256,0.26706,27000000,85
disabled,256,0.26796,12500000,85
disabled,256,0.26692,8700000,85
disabled,256,0.26693,60100000,85
disabled,256,0.26795,69200000,85
disabled,256,0.26902,73500000,85
disabled,256,0.26685,46800000,85
disabled,256,0.26866,31900000,85
disabled,256,0.26695,28200000,85
disabled,256,0.35501,1800000,85
disabled,256,0.26748,69800000,85
disabled,256,0.26847,72300000,85
disabled,256,0.26713,79100000,85
disabled,256,0.2691,79600000,85
disabled,256,0.26947,48300000,85
disabled,256,0.27013,39400000,85
disabled,256,0.26868,7600000,85
disabled,256,0.3158,2200000,85
disabled,256,0.60595,300000,85
disabled,256,0.26837,14800000,85
disabled,256,0.26759,16700000,85
disabled,256,0.26746,22100000,85
disabled,256,0.26639,79800000,85
disabled,256,0.26781,47900000,85
disabled,256,0.2666,47700000,85
disabled,256,0.26719,40900000,85
disabled,256,0.26834,20100000,85
disabled,256,0.26879,20300000,85
disabled,256,0.26718,57500000,85
disabled,256,0.2654,63000000,85
disabled,256,0.26848,71500000,85
disabled,256,0.26804,8100000,85
disabled,256,0.26872,2900000,85
disabled,256,0.26814,14000000,85
disabled,256,0.26862,22200000,85
disabled,256,0.26671,55300000,85
disabled,256,0.26787,57400000,85
disabled,256,0.27042,67200000,85
disabled,256,0.26824,70200000,85
disabled,256,0.26753,72100000,85
disabled,256,0.26752,78400000,85
disabled,256,0.26916,26800000,85
disabled,256,0.26903,65800000,85
disabled,256,0.26759,67100000,85
disabled,256,0.268,37200000,85
disabled,256,0.26686,10900000,85
disabled,256,0.26805,16300000,85
disabled,256,0.27049,22400000,85
disabled,256,0.26982,71800000,85
disabled,256,0.2671,72400000,85
disabled,256,0.26777,50800000,85
disabled,256,0.26972,38500000,85
disabled,256,0.26853,29600000,85
disabled,256,0.26777,28500000,85
disabled,256,0.2669,26700000,85
disabled,256,0.26856,75800000,85
disabled,256,0.26776,23900000,85
disabled,256,0.26926,59200000,85
disabled,256,0.26696,47500000,85
disabled,256,0.26682,42600000,85
disabled,256,0.26585,35300000,85
disabled,256,0.26878,30700000,85
disabled,256,0.27003,72900000,85
disabled,256,0.2677,73800000,85
disabled,256,0.26871,52100000,85
disabled,256,0.26691,38300000,85
disabled,256,0.2691,42800000,85
disabled,256,0.26797,12300000,85
disabled,256,0.26763,6300000,85
disabled,256,0.26845,64300000,85
disabled,256,0.26876,75400000,85
disabled,256,0.26804,75700000,85
disabled,256,0.26752,45200000,85
disabled,256,0.26961,41900000,85
disabled,256,0.26742,37700000,85
disabled,256,0.26771,30300000,85
disabled,256,0.26665,54200000,85
disabled,256,0.26824,55100000,85
disabled,256,0.26768,57900000,85
disabled,256,0.26596,59400000,85
disabled,256,0.26795,70400000,85
disabled,256,0.26897,47000000,85
disabled,256,0.26952,43100000,85
disabled,256,0.2704,35800000,85
disabled,256,0.33305,2000000,85
disabled,256,0.36041,1700000,85
disabled,256,0.41948,1200000,85
disabled,256,0.26724,5600000,85
disabled,256,0.26837,15500000,85
disabled,256,0.26952,20000000,85
disabled,256,0.26873,78100000,85
disabled,256,0.26643,12400000,85
disabled,256,0.26894,8900000,85
disabled,256,0.26949,24200000,85
disabled,256,0.26745,54300000,85
disabled,256,0.26856,58700000,85
disabled,256,0.26899,60000000,85
disabled,256,0.26891,64500000,85
disabled,256,0.26844,48900000,85
disabled,256,0.26719,42200000,85
disabled,256,0.26839,11800000,85
disabled,256,0.26921,17300000,85
disabled,256,0.26846,20900000,85
disabled,256,0.26879,57600000,85
disabled,256,0.2692,63500000,85
disabled,256,0.26919,66900000,85
disabled,256,0.26729,77100000,85
disabled,256,0.26832,31300000,85
disabled,256,0.26793,44900000,85
disabled,256,0.26838,41800000,85
disabled,256,0.26713,39100000,85
disabled,256,0.2685,11300000,85
disabled,256,0.26639,10200000,85
disabled,256,0.39672,1400000,85
disabled,256,0.26954,23300000,85
disabled,256,0.26729,46400000,85
disabled,256,0.26477,31700000,85
disabled,256,0.26712,31000000,85
disabled,256,0.2684,73700000,85
disabled,256,0.27035,61100000,85
disabled,256,0.26985,11100000,85
disabled,256,0.26877,19400000,85
disabled,256,0.26724,57000000,85
disabled,256,0.26884,70700000,85
disabled,256,0.27004,48100000,85
disabled,256,0.26874,69700000,85
disabled,256,0.26949,36100000,85
disabled,256,0.26857,32400000,85
disabled,256,0.26824,18700000,85
disabled,256,0.26843,64200000,85
disabled,256,0.26627,64400000,85
disabled,256,0.26948,73000000,85
disabled,256,0.2699,79000000,85
disabled,256,0.26768,40700000,85
disabled,256,0.26615,6700000,85
disabled,256,0.26805,4200000,85
disabled,256,0.26685,16900000,85
disabled,256,0.26841,50400000,85
disabled,256,0.26693,41600000,85
disabled,256,0.26646,38900000,85
disabled,256,0.2688,37800000,85
disabled,256,0.26721,29200000,85
disabled,256,0.26926,29100000,85
disabled,256,0.26682,10300000,85
disabled,256,0.269,5700000,85
disabled,256,0.26766,54100000,85
disabled,256,0.2661,45100000,85
disabled,256,0.26767,43900000,85
disabled,256,0.26921,33100000,85
disabled,256,0.26905,63100000,85
disabled,256,0.2674,53900000,85
disabled,256,0.26798,50700000,85
disabled,256,0.46561,900000,85
disabled,256,0.26686,18900000,85
disabled,256,0.26718,21200000,85
disabled,256,0.27075,21300000,85
disabled,256,0.26877,57100000,85
disabled,256,0.26696,55900000,85
disabled,256,0.26765,56900000,85
disabled,256,0.26705,70100000,85
disabled,256,0.26502,79900000,85
disabled,256,0.26804,37300000,85
disabled,256,0.26653,53800000,85
disabled,256,0.26973,51200000,85
disabled,256,0.2689,45700000,85
disabled,256,0.26696,27800000,85
disabled,256,0.26651,26000000,85
disabled,256,0.27067,19100000,85
disabled,256,0.26902,21800000,85
disabled,256,0.26751,61700000,85
disabled,256,0.26704,51500000,85
disabled,256,0.26657,38000000,85
disabled,256,0.2681,29800000,85
disabled,256,0.27104,4000000,85
disabled,256,0.26888,4300000,85
disabled,256,0.26841,20200000,85
disabled,256,0.26734,22700000,85
disabled,256,0.26932,65400000,85
disabled,256,0.26869,10700000,85
disabled,256,0.28268,2700000,85
disabled,256,0.26988,15100000,85
disabled,256,0.26834,15400000,85
disabled,256,0.26748,19000000,85
disabled,256,0.26648,73200000,85
disabled,256,0.26922,76700000,85
disabled,256,0.26827,78700000,85
disabled,256,0.26918,79700000,85
disabled,256,0.26763,31600000,85
disabled,256,0.26768,49100000,85
disabled,256,0.26729,42100000,85
disabled,256,0.26945,47300000,85
disabled,256,0.26702,27200000,85
disabled,256,0.26917,11900000,85
disabled,256,0.27003,25600000,85
disabled,256,0.26784,32600000,85
disabled,256,0.26634,6400000,85
disabled,256,0.26776,23400000,85
disabled,256,0.26625,59000000,85
disabled,256,0.26731,62100000,85
disabled,256,0.26937,68900000,85
disabled,256,0.26673,13900000,85
disabled,256,0.2679,17800000,85
disabled,256,0.26791,52900000,85
disabled,256,0.26741,43500000,85
disabled,256,0.2693,3000000,85
disabled,256,0.26894,19200000,85
disabled,256,0.26766,45500000,85
disabled,256,0.26902,4800000,85
disabled,256,0.26903,19600000,85
disabled,256,0.26735,72000000,85
disabled,256,0.26718,75200000,85
disabled,256,0.26809,48400000,85
disabled,256,0.26914,44500000,85
disabled,256,0.26614,34500000,85
disabled,256,0.26662,65100000,85
disabled,256,0.26691,73300000,85
disabled,256,0.26933,79500000,85
disabled,256,0.26623,61200000,85
disabled,256,0.2673,50000000,85
disabled,256,0.26725,36300000,85
disabled,256,0.2688,7900000,85
disabled,256,0.26635,5100000,85
disabled,256,0.26937,74200000,85
disabled,256,0.26527,49300000,85
disabled,256,0.26888,46900000,85
disabled,256,0.26924,6500000,85
disabled,256,0.28756,2600000,85
disabled,256,0.26705,64600000,85
disabled,256,0.26854,53500000,85
disabled,256,0.26722,52800000,85
disabled,256,0.26834,52400000,85
disabled,256,0.26837,51900000,85
disabled,256,0.2706,41500000,85
disabled,256,0.26956,38200000,85
disabled,256,0.26643,31800000,85
disabled,256,0.26798,29300000,85
disabled,256,0.2663,26900000,85
disabled,256,0.2682,69600000,85
disabled,256,0.26846,62800000,85
disabled,256,0.26782,51400000,85
disabled,256,0.26786,7000000,85
disabled,256,0.26827,3600000,85
disabled,256,0.26672,14200000,85
disabled,256,0.26779,55000000,85
disabled,256,0.26881,74500000,85
disabled,256,0.26696,50600000,85
disabled,256,0.26906,30100000,85
disabled,256,0.26948,56300000,85
disabled,256,0.26725,37900000,85
disabled,256,0.26902,12000000,85
disabled,256,0.26857,6900000,85
disabled,256,0.26892,58100000,85
disabled,256,0.26795,58600000,85
disabled,256,0.26964,60300000,85
disabled,256,0.26871,43200000,85
disabled,256,0.26646,10000000,85
disabled,256,0.26835,3900000,85
disabled,256,0.26728,25200000,85
disabled,256,0.26761,56600000,85
disabled,256,0.2714,59700000,85
disabled,256,0.26786,39600000,85
disabled,256,0.26933,5200000,85
disabled,256,0.26745,59100000,85
disabled,256,0.27131,59300000,85
disabled,256,0.26876,66200000,85
disabled,256,0.26992,68400000,85
disabled,256,0.27005,71700000,85
disabled,256,0.26828,72700000,85
disabled,256,0.26758,74100000,85
disabled,256,0.27101,62700000,85
disabled,256,0.26749,17900000,85
disabled,256,0.26989,35100000,85
disabled,256,0.26788,43000000,85
disabled,256,0.268,22500000,85
disabled,256,0.27046,60500000,85
disabled,256,0.26922,70900000,85
disabled,256,0.26889,76400000,85
disabled,256,0.26799,36200000,85
disabled,256,0.268,32500000,85
disabled,256,0.26899,26200000,85
disabled,256,0.26969,61300000,85
disabled,256,0.26869,76300000,85
disabled,256,0.26873,46700000,85
disabled,256,0.26608,36800000,85
disabled,256,0.26793,33400000,85
disabled,256,0.26964,13400000,85
disabled,256,0.26599,17600000,85
disabled,256,0.2671,69400000,85
disabled,256,0.26869,47100000,85
disabled,256,0.26964,42000000,85
disabled,256,0.27109,37400000,85
disabled,256,0.26782,28700000,85
disabled,256,0.26932,12100000,85
disabled,256,0.26892,9900000,85
disabled,256,0.2682,13300000,85
disabled,256,0.26539,21700000,85
disabled,256,0.26608,78200000,85
disabled,256,0.26714,53200000,85
disabled,256,0.26626,52600000,85
disabled,256,0.26805,32100000,85
disabled,256,0.26785,31500000,85
disabled,256,0.26809,14700000,85
disabled,256,0.2671,15900000,85
disabled,256,0.26865,66500000,85
disabled,256,0.26586,37600000,85
disabled,256,0.26497,61400000,85
disabled,256,0.26895,61900000,85
disabled,256,0.26733,65900000,85
disabled,256,0.26751,3100000,85
disabled,256,0.2674,17000000,85
disabled,256,0.26862,18000000,85
disabled,256,0.27049,58900000,85
disabled,256,0.26987,70500000,85
disabled,256,0.26706,70800000,85
disabled,256,0.26888,16000000,85
disabled,256,0.2681,13700000,85
disabled,256,0.26702,44700000,85
disabled,256,0.26526,39500000,85
disabled,256,0.26888,40000000,85
disabled,256,0.26795,38800000,85
disabled,256,0.27014,35500000,85
disabled,256,0.26845,27300000,85
disabled,256,0.26737,3700000,85
disabled,256,0.26937,12800000,85
disabled,256,0.26768,14600000,85
disabled,256,0.27027,74400000,85
disabled,256,0.26704,72200000,85
disabled,256,0.26658,46600000,85
disabled,256,0.26541,46500000,85
disabled,256,0.26664,36700000,85
disabled,256,0.26865,32000000,85
disabled,256,0.26753,63200000,85
disabled,256,0.26678,68800000,85
disabled,256,0.26824,9400000,85
disabled,256,0.34461,1900000,85
disabled,256,0.48278,800000,85
disabled,256,0.26899,4400000,85
disabled,256,0.26516,16400000,85
disabled,256,0.26484,68300000,85
disabled,256,0.26795,73600000,85
disabled,256,0.26816,75000000,85
disabled,256,0.26819,76500000,85
disabled,256,0.26934,34000000,85
disabled,256,0.27048,49200000,85
disabled,256,0.26846,31200000,85
disabled,256,0.26805,25000000,85
disabled,256,0.26681,25100000,85
disabled,256,0.26711,28400000,85
disabled,256,0.27633,2800000,85
disabled,256,0.50235,700000,85
disabled,256,0.26865,13800000,85
disabled,256,0.26711,22600000,85
disabled,256,0.26717,23500000,85
disabled,256,0.26799,42300000,85
disabled,256,0.2688,40200000,85
disabled,256,0.54456,500000,85
disabled,256,0.26872,17500000,85
disabled,256,0.2682,23100000,85
disabled,256,0.26912,55700000,85
disabled,256,0.26955,65200000,85
disabled,256,0.26998,77600000,85
disabled,256,0.26978,12200000,85
disabled,256,0.26698,41100000,85
disabled,256,0.26823,44200000,85
disabled,256,0.26846,33200000,85
disabled,256,0.26716,30500000,85
disabled,256,0.32603,2100000,85
disabled,256,0.26843,56800000,85
disabled,256,0.26528,59600000,85
disabled,256,0.27013,67700000,85
disabled,256,0.26874,73400000,85
disabled,256,0.2671,41400000,85
disabled,256,0.26773,39800000,85
disabled,256,0.2687,34800000,85
disabled,256,0.26759,25900000,85
disabled,256,0.26927,18100000,85
disabled,256,0.26734,64700000,85
disabled,256,0.26911,48200000,85
disabled,256,0.26921,12900000,85
disabled,256,0.2697,30800000,85
disabled,256,0.26808,8500000,85
disabled,256,0.26771,8000000,85
disabled,256,0.26841,50300000,85
disabled,256,0.26753,45900000,85
disabled,256,0.26711,17700000,85
disabled,256,0.27029,24100000,85
disabled,256,0.26957,66700000,85
disabled,256,0.269,35700000,85
disabled,256,0.26618,6600000,85
disabled,256,0.26844,16600000,85
disabled,256,0.26887,34600000,85
disabled,256,0.26835,28800000,85
disabled,256,0.2692,20500000,85
disabled,256,0.26972,20800000,85
disabled,256,0.26891,24000000,85
disabled,256,0.26723,56000000,85
disabled,256,0.26713,66600000,85
disabled,256,0.26984,72600000,85
disabled,256,0.26658,40300000,85
disabled,256,0.26939,7700000,85
disabled,256,0.26729,7500000,85
disabled,256,0.26777,21600000,85
disabled,256,0.26727,74700000,85
disabled,256,0.2712,28000000,85
disabled,256,0.26949,8600000,85
disabled,256,0.26735,24500000,85
disabled,256,0.27053,77500000,85
disabled,256,0.26914,50900000,85
disabled,256,0.26763,45300000,85
disabled,256,0.26719,56500000,85
disabled,256,0.2675,58500000,85
disabled,256,0.26867,75500000,85
disabled,256,0.26744,78500000,85
disabled,256,0.26803,23700000,85
disabled,256,0.26707,24400000,85
disabled,256,0.26739,54000000,85
disabled,256,0.26912,40100000,85
disabled,256,0.26901,7200000,85
disabled,256,0.26901,16200000,85
disabled,256,0.26625,63300000,85
disabled,256,0.26675,75600000,85
disabled,256,0.26891,47600000,85
disabled,256,0.26675,26600000,85
disabled,256,0.26768,7300000,85
disabled,256,0.26769,15300000,85
disabled,256,0.26941,21400000,85
disabled,256,0.26828,57800000,85
disabled,256,0.26982,33500000,85
disabled,256,0.27006,56400000,85
disabled,256,0.26928,66000000,85
disabled,256,0.26654,71300000,85
disabled,256,0.26745,13200000,85
disabled,256,0.26906,30900000,85
disabled,256,0.26895,10500000,85
disabled,256,0.2691,7400000,85
disabled,256,0.26865,22000000,85
disabled,256,0.26959,55200000,85
disabled,256,0.26766,50200000,85
disabled,256,0.26802,42500000,85
disabled,256,0.52124,600000,85
disabled,256,0.26796,3300000,85
disabled,256,0.26753,4600000,85
disabled,256,0.26735,21000000,85
disabled,256,0.26629,54400000,85
disabled,256,0.26691,58200000,85
disabled,256,0.26646,49500000,85
disabled,256,0.2679,10100000,85
disabled,256,0.26839,9800000,85
disabled,256,0.26753,9700000,85
disabled,256,0.26971,16800000,85
disabled,256,0.26814,19500000,85
disabled,256,0.26822,64800000,85
disabled,256,0.2678,77800000,85
disabled,256,0.26871,78800000,85
disabled,256,0.26695,53300000,85
disabled,256,0.26787,47400000,85
disabled,256,0.26938,9600000,85
disabled,256,0.26765,4700000,85
disabled,256,0.26734,17200000,85
disabled,256,0.26631,20400000,85
disabled,256,0.26958,25400000,85
disabled,256,0.26649,71400000,85
disabled,256,0.26894,70600000,85
disabled,256,0.26748,51600000,85
disabled,256,0.26727,36400000,85
disabled,256,0.26839,9000000,85
disabled,256,0.26893,6200000,85
disabled,256,0.26788,22800000,85
disabled,256,0.26983,55400000,85
disabled,256,0.26903,51000000,85
disabled,256,0.26676,37500000,85
disabled,256,0.26699,29900000,85
disabled,256,0.26693,32900000,85
disabled,256,0.26705,11400000,85
disabled,256,0.26623,10800000,85
disabled,256,0.26782,23200000,85
disabled,256,0.26911,61600000,85
disabled,256,0.26858,76000000,85
disabled,256,0.26906,76800000,85
disabled,256,0.26686,77700000,85
disabled,256,0.27163,17100000,85
disabled,256,0.26931,16100000,85
disabled,256,0.26648,51800000,85
disabled,256,0.27019,45600000,85
disabled,256,0.27038,32700000,85
disabled,256,0.26761,31100000,85
disabled,256,0.26664,11700000,85
disabled,256,0.26728,25300000,85
disabled,256,0.26762,38700000,85
disabled,256,0.26779,13100000,85
disabled,256,0.26908,65700000,85
disabled,256,0.26783,39900000,85
disabled,256,0.2688,34100000,85
disabled,256,0.26795,32200000,85
disabled,256,0.26695,29700000,85
disabled,256,0.267,62000000,85
disabled,256,0.26759,78000000,85
disabled,256,0.26851,44400000,85
disabled,256,0.26642,27900000,85
disabled,256,0.26749,5500000,85
disabled,256,0.26703,13000000,85
disabled,256,0.26993,21900000,85
disabled,256,0.26855,64000000,85
disabled,256,0.26658,69300000,85
disabled,256,0.26809,75100000,85
disabled,256,0.26751,49000000,85
disabled,256,0.26664,52300000,85
disabled,256,0.26901,34700000,85
disabled,256,0.26681,26300000,85
disabled,256,0.26748,8800000,85
disabled,256,0.26828,3400000,85
disabled,256,0.26883,19900000,85
disabled,256,0.26619,25500000,85
disabled,256,0.2685,77200000,85
disabled,256,0.26942,44000000,85
disabled,256,0.26819,62400000,85
disabled,256,0.26736,67800000,85
disabled,256,0.26652,72800000,85
disabled,256,0.26959,76900000,85
disabled,256,0.26868,43700000,85
disabled,256,0.26906,38400000,85
disabled,256,0.26909,6800000,85
disabled,256,0.26794,54800000,85
disabled,256,0.26845,65600000,85
disabled,256,0.26473,67400000,85
disabled,256,0.26576,68100000,85
disabled,256,0.26645,77400000,85
disabled,256,0.2671,69500000,85
disabled,256,0.26628,42400000,85
disabled,256,0.26953,41200000,85
disabled,256,0.26852,39700000,85
disabled,256,0.2674,11600000,85
disabled,256,0.26772,7100000,85
disabled,256,0.27045,69900000,85
disabled,256,0.26732,52500000,85
disabled,256,0.26798,51100000,85
disabled,256,0.26701,8400000,85
disabled,256,0.26891,56100000,85
disabled,256,0.26858,63900000,85
disabled,256,0.26606,40600000,85
disabled,256,0.26752,14900000,85
disabled,256,0.26727,77000000,85
disabled,256,0.27022,61500000,85
disabled,256,0.26677,52200000,85
disabled,256,0.29508,2500000,85
disabled,256,0.26829,18500000,85
disabled,256,0.26874,68700000,85
disabled,256,0.26848,75900000,85
disabled,256,0.26658,43400000,85
disabled,256,0.26661,37100000,85
disabled,256,0.26855,36000000,85
disabled,256,0.26881,34400000,85
disabled,256,0.27016,62600000,85
disabled,256,0.26969,51700000,85
disabled,256,0.2685,39000000,85
disabled,256,0.2681,33700000,85
disabled,256,0.27014,29500000,85
disabled,256,0.26935,8200000,85
disabled,256,0.73732,100000,85
disabled,256,0.26783,24600000,85
disabled,256,0.26964,59900000,85
disabled,256,0.26891,65300000,85
disabled,256,0.26752,48600000,85
disabled,256,0.26813,48500000,85
disabled,256,0.26683,5300000,85
disabled,256,0.2676,63400000,85
disabled,256,0.27062,66400000,85
disabled,256,0.26945,35600000,85
disabled,256,0.26743,32800000,85
disabled,256,0.26666,27400000,85
disabled,256,0.4075,1300000,85
disabled,256,0.26789,24900000,85
disabled,256,0.26838,58300000,85
disabled,256,0.26746,66100000,85
disabled,256,0.26906,70000000,85
disabled,256,0.26904,71600000,85
disabled,256,0.269,77300000,85
disabled,256,0.26927,60900000,85
disabled,256,0.26969,35200000,85
disabled,256,0.26813,28300000,85
disabled,256,0.26877,15700000,85
disabled,256,0.26641,79300000,85
disabled,256,0.26825,41300000,85
disabled,256,0.26925,35400000,85
disabled,256,0.26642,11200000,85
disabled,256,0.2704,15800000,85
disabled,256,0.26792,56200000,85
disabled,256,0.26854,69000000,85
disabled,256,0.26841,25800000,85
disabled,256,0.26969,5000000,85
disabled,256,0.26769,19800000,85
disabled,256,0.26691,57700000,85
disabled,256,0.2677,74300000,85
disabled,256,0.26935,79200000,85
disabled,256,0.26911,35000000,85
disabled,256,0.26811,34300000,85
disabled,256,0.26905,30000000,85
disabled,256,0.26712,11000000,85
disabled,256,0.26964,18200000,85
disabled,256,0.26731,21100000,85
disabled,256,0.2698,24800000,85
disabled,256,0.26857,57200000,85
disabled,256,0.26899,68200000,85
disabled,256,0.30113,2400000,85
disabled,256,0.26986,20700000,85
disabled,256,0.26748,44300000,85
disabled,256,0.26702,36500000,85
disabled,256,0.26751,15600000,85
disabled,256,0.26824,18400000,85
disabled,256,0.26922,23600000,85
disabled,256,0.26871,67300000,85
disabled,256,0.26843,68500000,85
disabled,256,0.26877,52000000,85
disabled,256,0.26894,46100000,85
disabled,256,0.27003,27700000,85
disabled,256,0.26744,25700000,85
disabled,256,0.26715,5900000,85
disabled,256,0.26861,20600000,85
disabled,256,0.26753,66300000,85
disabled,256,0.27037,71100000,85
disabled,256,0.26651,33000000,85
disabled,256,0.27041,60400000,85
disabled,256,0.2677,73900000,85
disabled,256,0.26905,67600000,85
disabled,256,0.26917,50500000,85
disabled,256,0.26901,49800000,85
disabled,256,0.26966,44600000,85
disabled,256,0.26801,3200000,85
disabled,256,0.27055,13500000,85
disabled,256,0.26718,18300000,85
disabled,256,0.26683,18600000,85
disabled,256,0.26565,13600000,85
disabled,256,0.26941,16500000,85
disabled,256,0.26795,57300000,85
disabled,256,0.26827,53000000,85
disabled,256,0.26701,48700000,85
disabled,256,0.26851,39200000,85
disabled,256,0.26774,10400000,85
disabled,256,0.26795,14500000,85
disabled,256,0.26712,64100000,85
disabled,256,0.26674,60800000,85
disabled,256,0.26648,44800000,85
disabled,256,0.26808,27100000,85
disabled,256,0.26793,19700000,85
disabled,256,0.26937,67000000,85
disabled,256,0.26929,74800000,85
disabled,256,0.26812,78900000,85
disabled,256,0.2687,45800000,85
disabled,256,0.26833,8300000,85
disabled,256,0.26831,14400000,85
disabled,256,0.26743,21500000,85
disabled,256,0.26738,58800000,85
disabled,256,0.26706,62500000,85
disabled,256,0.26734,52700000,85
disabled,256,0.26786,39300000,85
disabled,256,0.26662,38100000,85
disabled,256,0.26918,19300000,85
disabled,256,0.26765,50100000,85
disabled,256,0.26835,40800000,85
disabled,256,0.26666,54900000,85
disabled,256,0.26669,58400000,85
disabled,256,0.26783,74900000,85
disabled,256,0.37185,1600000,85
disabled,256,0.26866,5800000,85
disabled,256,0.27149,59800000,85
disabled,256,0.27001,76600000,85
disabled,256,0.26856,34900000,85
disabled,256,0.269,4100000,85
disabled,256,0.26849,58000000,85
disabled,256,0.26868,59500000,85
disabled,256,0.26775,49400000,85
disabled,256,0.26933,46000000,85
disabled,256,0.26831,45400000,85
disabled,256,0.2673,44100000,85
disabled,256,0.26744,4500000,85
disabled,256,0.26896,69100000,85
disabled,256,0.26962,74600000,85
disabled,256,0.26815,53700000,85
disabled,256,0.26606,41000000,85
disabled,256,0.26739,38600000,85
disabled,256,0.26736,28100000,85
disabled,256,0.26935,60700000,85
disabled,256,0.26823,63600000,85
disabled,256,0.2694,68600000,85
disabled,256,0.26885,78600000,85
disabled,256,0.26754,71900000,85
disabled,256,0.26784,48800000,85
disabled,256,0.26723,10600000,85
disabled,256,0.26859,14100000,85
disabled,256,0.2675,55500000,85
disabled,256,0.26706,68000000,85
disabled,256,0.26822,48000000,85
disabled,256,0.26875,26500000,85
disabled,256,0.26804,12600000,85
disabled,256,0.26857,70300000,85
disabled,256,0.27168,53600000,85
disabled,256,0.26981,47200000,85
disabled,256,0.26809,33800000,85
disabled,256,0.26712,18800000,85
disabled,256,0.26589,67500000,85
disabled,256,0.26807,78300000,85
disabled,256,0.26773,53400000,85
disabled,256,0.26911,27500000,85
disabled,256,0.3841,1500000,85
disabled,256,0.26599,15200000,85
disabled,256,0.26777,24300000,85
disabled,256,0.26941,64900000,85
disabled,256,0.2697,61800000,85
disabled,256,0.26953,49700000,85
disabled,256,0.26858,29400000,85
disabled,256,0.26814,9300000,85
disabled,256,0.26833,9100000,85
disabled,256,0.26674,6000000,85
disabled,256,0.27136,17400000,85
disabled,256,0.26941,76100000,85
disabled,256,0.26664,71200000,85
disabled,256,0.26888,45000000,85
disabled,256,0.26841,60600000,85
disabled,256,0.2673,76200000,85
disabled,256,0.64834,200000,85
disabled,256,0.26694,12700000,85
disabled,256,0.2674,62200000,85
disabled,256,0.26817,63800000,85
disabled,256,0.26781,67900000,85
disabled,256,0.26645,33600000,85
disabled,256,0.26618,27600000,85
disabled,256,0.26797,30600000,85
disabled,256,0.26709,28900000,85
disabled,256,0.26927,26100000,85
disabled,256,0.26908,15000000,85
disabled,256,0.26761,61000000,85
disabled,256,0.26706,66800000,85
disabled,256,0.26906,35900000,85
disabled,256,0.26712,6100000,85
disabled,256,0.26593,14300000,85
disabled,256,0.27092,62900000,85
disabled,256,0.26923,63700000,85
disabled,256,0.26933,47800000,85
disabled,256,0.26602,42900000,85
disabled,256,0.26899,46300000,85
marginal-hits,64,0.55197,51300000,3
marginal-hits,64,0.55344,46200000,3
marginal-hits,64,0.55253,40500000,3
marginal-hits,64,0.55269,33300000,3
marginal-hits,64,0.56047,31400000,3
marginal-hits,64,0.55336,3800000,3
marginal-hits,64,0.55681,37000000,3
marginal-hits,64,0.0,0,3
marginal-hits,64,0.57386,400000,3
marginal-hits,64,0.55515,3500000,3
marginal-hits,64,0.55223,4900000,3
marginal-hits,64,0.5559,54600000,3
marginal-hits,64,0.55234,73100000,3
marginal-hits,64,0.55594,75300000,3
marginal-hits,64,0.55447,36600000,3
marginal-hits,64,0.55825,30400000,3
marginal-hits,64,0.55186,30200000,3
marginal-hits,64,0.55332,29000000,3
marginal-hits,64,0.5549,24700000,3
marginal-hits,64,0.55221,54500000,3
marginal-hits,64,0.55552,43800000,3
marginal-hits,64,0.55801,33900000,3
marginal-hits,64,0.55303,71000000,3
marginal-hits,64,0.55355,79400000,3
marginal-hits,64,0.54971,36900000,3
marginal-hits,64,0.55425,26400000,3
marginal-hits,64,0.55505,11500000,3
marginal-hits,64,0.55415,9500000,3
marginal-hits,64,0.55242,22900000,3
marginal-hits,64,0.5519,23800000,3
marginal-hits,64,0.55149,62300000,3
marginal-hits,64,0.55449,65000000,3
marginal-hits,64,0.55296,49600000,3
marginal-hits,64,0.5508,42700000,3
marginal-hits,64,0.55485,28600000,3
marginal-hits,64,0.55575,9200000,3
marginal-hits,64,0.55601,1000000,3
marginal-hits,64,0.5573,65500000,3
marginal-hits,64,0.55157,43300000,3
marginal-hits,64,0.55171,40400000,3
marginal-hits,64,0.55622,32300000,3
marginal-hits,64,0.55896,7800000,3
marginal-hits,64,0.55061,23000000,3
marginal-hits,64,0.55231,55600000,3
marginal-hits,64,0.55435,60200000,3
marginal-hits,64,0.55974,1100000,3
marginal-hits,64,0.55563,5400000,3
marginal-hits,64,0.55376,22300000,3
marginal-hits,64,0.55224,55800000,3
marginal-hits,64,0.55157,77900000,3
marginal-hits,64,0.55082,49900000,3
marginal-hits,64,0.55653,43600000,3
marginal-hits,64,0.55101,2300000,3
marginal-hits,64,0.55306,54700000,3
marginal-hits,64,0.55924,56700000,3
marginal-hits,64,0.55382,72500000,3
marginal-hits,64,0.55563,74000000,3
marginal-hits,64,0.55231,53100000,3
marginal-hits,64,0.55914,41700000,3
marginal-hits,64,0.55707,34200000,3
marginal-hits,64,0.55395,27000000,3
marginal-hits,64,0.55602,12500000,3
marginal-hits,64,0.55252,8700000,3
marginal-hits,64,0.55329,60100000,3
marginal-hits,64,0.55239,69200000,3
marginal-hits,64,0.55546,73500000,3
marginal-hits,64,0.5567,46800000,3
marginal-hits,64,0.55446,31900000,3
marginal-hits,64,0.55067,28200000,3
marginal-hits,64,0.55357,1800000,3
marginal-hits,64,0.55284,69800000,3
marginal-hits,64,0.55575,72300000,3
marginal-hits,64,0.55593,79100000,3
marginal-hits,64,0.55378,79600000,3
marginal-hits,64,0.55078,48300000,3
marginal-hits,64,0.55584,39400000,3
marginal-hits,64,0.54981,7600000,3
marginal-hits,64,0.55181,2200000,3
marginal-hits,64,0.60595,300000,3
marginal-hits,64,0.55124,14800000,3
marginal-hits,64,0.55296,16700000,3
marginal-hits,64,0.55558,22100000,3
marginal-hits,64,0.54996,79800000,3
marginal-hits,64,0.55754,47900000,3
marginal-hits,64,0.55088,47700000,3
marginal-hits,64,0.55037,40900000,3
marginal-hits,64,0.55359,20100000,3
marginal-hits,64,0.55539,20300000,3
marginal-hits,64,0.55272,57500000,3
marginal-hits,64,0.55259,63000000,3
marginal-hits,64,0.55514,71500000,3
marginal-hits,64,0.55557,8100000,3
marginal-hits,64,0.55055,2900000,3
marginal-hits,64,0.55606,14000000,3
marginal-hits,64,0.55555,22200000,3
marginal-hits,64,0.5512,55300000,3
marginal-hits,64,0.55288,57400000,3
marginal-hits,64,0.55362,67200000,3
marginal-hits,64,0.55128,70200000,3
marginal-hits,64,0.55579,72100000,3
marginal-hits,64,0.55676,78400000,3
marginal-hits,64,0.54975,26800000,3
marginal-hits,64,0.55583,65800000,3
marginal-hits,64,0.55512,67100000,3
marginal-hits,64,0.5528,37200000,3
marginal-hits,64,0.55214,10900000,3
marginal-hits,64,0.55315,16300000,3
marginal-hits,64,0.55586,22400000,3
marginal-hits,64,0.55563,71800000,3
marginal-hits,64,0.55401,72400000,3
marginal-hits,64,0.54939,50800000,3
marginal-hits,64,0.55385,38500000,3
marginal-hits,64,0.55263,29600000,3
marginal-hits,64,0.55503,28500000,3
marginal-hits,64,0.55033,26700000,3
marginal-hits,64,0.5569,75800000,3
marginal-hits,64,0.55347,23900000,3
marginal-hits,64,0.55574,59200000,3
marginal-hits,64,0.55247,47500000,3
marginal-hits,64,0.5553,42600000,3
marginal-hits,64,0.55094,35300000,3
marginal-hits,64,0.55112,30700000,3
marginal-hits,64,0.55364,72900000,3
marginal-hits,64,0.5513,73800000,3
marginal-hits,64,0.55235,52100000,3
marginal-hits,64,0.55332,38300000,3
marginal-hits,64,0.5526,42800000,3
marginal-hits,64,0.56251,12300000,3
marginal-hits,64,0.55117,6300000,3
marginal-hits,64,0.55223,64300000,3
marginal-hits,64,0.55478,75400000,3
marginal-hits,64,0.55578,75700000,3
marginal-hits,64,0.55385,45200000,3
marginal-hits,64,0.55553,41900000,3
marginal-hits,64,0.55903,37700000,3
marginal-hits,64,0.55348,30300000,3
marginal-hits,64,0.55172,54200000,3
marginal-hits,64,0.55105,55100000,3
marginal-hits,64,0.5536,57900000,3
marginal-hits,64,0.55597,59400000,3
marginal-hits,64,0.55863,70400000,3
marginal-hits,64,0.55606,47000000,3
marginal-hits,64,0.55268,43100000,3
marginal-hits,64,0.55601,35800000,3
marginal-hits,64,0.55306,2000000,3
marginal-hits,64,0.55158,1700000,3
marginal-hits,64,0.55446,1200000,3
marginal-hits,64,0.5565,5600000,3
marginal-hits,64,0.55253,15500000,3
marginal-hits,64,0.55561,20000000,3
marginal-hits,64,0.55513,78100000,3
marginal-hits,64,0.55807,12400000,3
marginal-hits,64,0.55627,8900000,3
marginal-hits,64,0.55087,24200000,3
marginal-hits,64,0.55166,54300000,3
marginal-hits,64,0.55818,58700000,3
marginal-hits,64,0.5528,60000000,3
marginal-hits,64,0.5534,64500000,3
marginal-hits,64,0.55722,48900000,3
marginal-hits,64,0.55286,42200000,3
marginal-hits,64,0.55828,11800000,3
marginal-hits,64,0.55182,17300000,3
marginal-hits,64,0.5541,20900000,3
marginal-hits,64,0.55401,57600000,3
marginal-hits,64,0.55547,63500000,3
marginal-hits,64,0.55328,66900000,3
marginal-hits,64,0.55587,77100000,3
marginal-hits,64,0.55245,31300000,3
marginal-hits,64,0.55339,44900000,3
marginal-hits,64,0.55635,41800000,3
marginal-hits,64,0.55451,39100000,3
marginal-hits,64,0.55261,11300000,3
marginal-hits,64,0.54996,10200000,3
marginal-hits,64,0.55585,1400000,3
marginal-hits,64,0.5529,23300000,3
marginal-hits,64,0.55557,46400000,3
marginal-hits,64,0.55405,31700000,3
marginal-hits,64,0.54998,31000000,3
marginal-hits,64,0.554,73700000,3
marginal-hits,64,0.55506,61100000,3
marginal-hits,64,0.55406,11100000,3
marginal-hits,64,0.55453,19400000,3
marginal-hits,64,0.55357,57000000,3
marginal-hits,64,0.55787,70700000,3
marginal-hits,64,0.5574,48100000,3
marginal-hits,64,0.5518,69700000,3
marginal-hits,64,0.55566,36100000,3
marginal-hits,64,0.55419,32400000,3
marginal-hits,64,0.55291,18700000,3
marginal-hits,64,0.55149,64200000,3
marginal-hits,64,0.55255,64400000,3
marginal-hits,64,0.55406,73000000,3
marginal-hits,64,0.55373,79000000,3
marginal-hits,64,0.55183,40700000,3
marginal-hits,64,0.55081,6700000,3
marginal-hits,64,0.55044,4200000,3
marginal-hits,64,0.55233,16900000,3
marginal-hits,64,0.55579,50400000,3
marginal-hits,64,0.5527,41600000,3
marginal-hits,64,0.54977,38900000,3
marginal-hits,64,0.55642,37800000,3
marginal-hits,64,0.55335,29200000,3
marginal-hits,64,0.55031,29100000,3
marginal-hits,64,0.55037,10300000,3
marginal-hits,64,0.55358,5700000,3
marginal-hits,64,0.55056,54100000,3
marginal-hits,64,0.54896,45100000,3
marginal-hits,64,0.5536,43900000,3
marginal-hits,64,0.55391,33100000,3
marginal-hits,64,0.55422,63100000,3
marginal-hits,64,0.55382,53900000,3
marginal-hits,64,0.5522,50700000,3
marginal-hits,64,0.55873,900000,3
marginal-hits,64,0.55198,18900000,3
marginal-hits,64,0.55519,21200000,3
marginal-hits,64,0.55593,21300000,3
marginal-hits,64,0.55321,57100000,3
marginal-hits,64,0.55273,55900000,3
marginal-hits,64,0.55407,56900000,3
marginal-hits,64,0.55525,70100000,3
marginal-hits,64,0.55853,79900000,3
marginal-hits,64,0.55822,37300000,3
marginal-hits,64,0.55256,53800000,3
marginal-hits,64,0.55501,51200000,3
marginal-hits,64,0.55307,45700000,3
marginal-hits,64,0.55093,27800000,3
marginal-hits,64,0.54976,26000000,3
marginal-hits,64,0.55522,19100000,3
marginal-hits,64,0.55312,21800000,3
marginal-hits,64,0.55432,61700000,3
marginal-hits,64,0.54948,51500000,3
marginal-hits,64,0.55286,38000000,3
marginal-hits,64,0.55391,29800000,3
marginal-hits,64,0.55245,4000000,3
marginal-hits,64,0.55558,4300000,3
marginal-hits,64,0.55729,20200000,3
marginal-hits,64,0.55261,22700000,3
marginal-hits,64,0.55539,65400000,3
marginal-hits,64,0.55392,10700000,3
marginal-hits,64,0.55218,2700000,3
marginal-hits,64,0.55381,15100000,3
marginal-hits,64,0.55631,15400000,3
marginal-hits,64,0.55364,19000000,3
marginal-hits,64,0.552,73200000,3
marginal-hits,64,0.55533,76700000,3
marginal-hits,64,0.55909,78700000,3
marginal-hits,64,0.55379,79700000,3
marginal-hits,64,0.55932,31600000,3
marginal-hits,64,0.55682,49100000,3
marginal-hits,64,0.5502,42100000,3
marginal-hits,64,0.55427,47300000,3
marginal-hits,64,0.55204,27200000,3
marginal-hits,64,0.55794,11900000,3
marginal-hits,64,0.55313,25600000,3
marginal-hits,64,0.55039,32600000,3
marginal-hits,64,0.55453,6400000,3
marginal-hits,64,0.55163,23400000,3
marginal-hits,64,0.55238,59000000,3
marginal-hits,64,0.55352,62100000,3
marginal-hits,64,0.55423,68900000,3
marginal-hits,64,0.55316,13900000,3
marginal-hits,64,0.55113,17800000,3
marginal-hits,64,0.55404,52900000,3
marginal-hits,64,0.55252,43500000,3
marginal-hits,64,0.55018,3000000,3
marginal-hits,64,0.55251,19200000,3
marginal-hits,64,0.55501,45500000,3
marginal-hits,64,0.5536,4800000,3
marginal-hits,64,0.5526,19600000,3
marginal-hits,64,0.55162,72000000,3
marginal-hits,64,0.55194,75200000,3
marginal-hits,64,0.55217,48400000,3
marginal-hits,64,0.5573,44500000,3
marginal-hits,64,0.55656,34500000,3
marginal-hits,64,0.55344,65100000,3
marginal-hits,64,0.55091,73300000,3
marginal-hits,64,0.55439,79500000,3
marginal-hits,64,0.55451,61200000,3
marginal-hits,64,0.55166,50000000,3
marginal-hits,64,0.55057,36300000,3
marginal-hits,64,0.55605,7900000,3
marginal-hits,64,0.55445,5100000,3
marginal-hits,64,0.55302,74200000,3
marginal-hits,64,0.55281,49300000,3
marginal-hits,64,0.55528,46900000,3
marginal-hits,64,0.5549,6500000,3
marginal-hits,64,0.55002,2600000,3
marginal-hits,64,0.5522,64600000,3
marginal-hits,64,0.55728,53500000,3
marginal-hits,64,0.55173,52800000,3
marginal-hits,64,0.55141,52400000,3
marginal-hits,64,0.55169,51900000,3
marginal-hits,64,0.5516,41500000,3
marginal-hits,64,0.55665,38200000,3
marginal-hits,64,0.55485,31800000,3
marginal-hits,64,0.55254,29300000,3
marginal-hits,64,0.55834,26900000,3
marginal-hits,64,0.55478,69600000,3
marginal-hits,64,0.55392,62800000,3
marginal-hits,64,0.5549,51400000,3
marginal-hits,64,0.55207,7000000,3
marginal-hits,64,0.55412,3600000,3
marginal-hits,64,0.55053,14200000,3
marginal-hits,64,0.54884,55000000,3
marginal-hits,64,0.55291,74500000,3
marginal-hits,64,0.55314,50600000,3
marginal-hits,64,0.55465,30100000,3
marginal-hits,64,0.55479,56300000,3
marginal-hits,64,0.55614,37900000,3
marginal-hits,64,0.55585,12000000,3
marginal-hits,64,0.55304,6900000,3
marginal-hits,64,0.55318,58100000,3
marginal-hits,64,0.55562,58600000,3
marginal-hits,64,0.55246,60300000,3
marginal-hits,64,0.55364,43200000,3
marginal-hits,64,0.55328,10000000,3
marginal-hits,64,0.55289,3900000,3
marginal-hits,64,0.55135,25200000,3
marginal-hits,64,0.5551,56600000,3
marginal-hits,64,0.55426,59700000,3
marginal-hits,64,0.55635,39600000,3
marginal-hits,64,0.55798,5200000,3
marginal-hits,64,0.55252,59100000,3
marginal-hits,64,0.55603,59300000,3
marginal-hits,64,0.55697,66200000,3
marginal-hits,64,0.55206,68400000,3
marginal-hits,64,0.55666,71700000,3
marginal-hits,64,0.55249,72700000,3
marginal-hits,64,0.55187,74100000,3
marginal-hits,64,0.55181,62700000,3
marginal-hits,64,0.55218,17900000,3
marginal-hits,64,0.55428,35100000,3
marginal-hits,64,0.54981,43000000,3
marginal-hits,64,0.55069,22500000,3
marginal-hits,64,0.55188,60500000,3
marginal-hits,64,0.5513,70900000,3
marginal-hits,64,0.55526,76400000,3
marginal-hits,64,0.55238,36200000,3
marginal-hits,64,0.55253,32500000,3
marginal-hits,64,0.55068,26200000,3
marginal-hits,64,0.55312,61300000,3
marginal-hits,64,0.55551,76300000,3
marginal-hits,64,0.55689,46700000,3
marginal-hits,64,0.55519,36800000,3
marginal-hits,64,0.55513,33400000,3
marginal-hits,64,0.55132,13400000,3
marginal-hits,64,0.55147,17600000,3
marginal-hits,64,0.55732,69400000,3
marginal-hits,64,0.55556,47100000,3
marginal-hits,64,0.55348,42000000,3
marginal-hits,64,0.55564,37400000,3
marginal-hits,64,0.55392,28700000,3
marginal-hits,64,0.55711,12100000,3
marginal-hits,64,0.55433,9900000,3
marginal-hits,64,0.55235,13300000,3
marginal-hits,64,0.55165,21700000,3
marginal-hits,64,0.56026,78200000,3
marginal-hits,64,0.55015,53200000,3
marginal-hits,64,0.55083,52600000,3
marginal-hits,64,0.55649,32100000,3
marginal-hits,64,0.55789,31500000,3
marginal-hits,64,0.5511,14700000,3
marginal-hits,64,0.55764,15900000,3
marginal-hits,64,0.55182,66500000,3
marginal-hits,64,0.55868,37600000,3
marginal-hits,64,0.55242,61400000,3
marginal-hits,64,0.55368,61900000,3
marginal-hits,64,0.55288,65900000,3
marginal-hits,64,0.55641,3100000,3
marginal-hits,64,0.54967,17000000,3
marginal-hits,64,0.55307,18000000,3
marginal-hits,64,0.55685,58900000,3
marginal-hits,64,0.55636,70500000,3
marginal-hits,64,0.55172,70800000,3
marginal-hits,64,0.55689,16000000,3
marginal-hits,64,0.55411,13700000,3
marginal-hits,64,0.55439,44700000,3
marginal-hits,64,0.55202,39500000,3
marginal-hits,64,0.55363,40000000,3
marginal-hits,64,0.55218,38800000,3
marginal-hits,64,0.55601,35500000,3
marginal-hits,64,0.55378,27300000,3
marginal-hits,64,0.55419,3700000,3
marginal-hits,64,0.55488,12800000,3
marginal-hits,64,0.55234,14600000,3
marginal-hits,64,0.5511,74400000,3
marginal-hits,64,0.55764,72200000,3
marginal-hits,64,0.55526,46600000,3
marginal-hits,64,0.55491,46500000,3
marginal-hits,64,0.55428,36700000,3
marginal-hits,64,0.55101,32000000,3
marginal-hits,64,0.55339,63200000,3
marginal-hits,64,0.55812,68800000,3
marginal-hits,64,0.55376,9400000,3
marginal-hits,64,0.55325,1900000,3
marginal-hits,64,0.559,800000,3
marginal-hits,64,0.55585,4400000,3
marginal-hits,64,0.54907,16400000,3
marginal-hits,64,0.54955,68300000,3
marginal-hits,64,0.55371,73600000,3
marginal-hits,64,0.55408,75000000,3
marginal-hits,64,0.55461,76500000,3
marginal-hits,64,0.55702,34000000,3
marginal-hits,64,0.55978,49200000,3
marginal-hits,64,0.55275,31200000,3
marginal-hits,64,0.55299,25000000,3
marginal-hits,64,0.55383,25100000,3
marginal-hits,64,0.55126,28400000,3
marginal-hits,64,0.55221,2800000,3
marginal-hits,64,0.56048,700000,3
marginal-hits,64,0.55546,13800000,3
marginal-hits,64,0.55148,22600000,3
marginal-hits,64,0.55091,23500000,3
marginal-hits,64,0.55247,42300000,3
marginal-hits,64,0.5542,40200000,3
marginal-hits,64,0.56278,500000,3
marginal-hits,64,0.55161,17500000,3
marginal-hits,64,0.55222,23100000,3
marginal-hits,64,0.55115,55700000,3
marginal-hits,64,0.5552,65200000,3
marginal-hits,64,0.55388,77600000,3
marginal-hits,64,0.55817,12200000,3
marginal-hits,64,0.55228,41100000,3
marginal-hits,64,0.55693,44200000,3
marginal-hits,64,0.55378,33200000,3
marginal-hits,64,0.55433,30500000,3
marginal-hits,64,0.54987,2100000,3
marginal-hits,64,0.55655,56800000,3
marginal-hits,64,0.55143,59600000,3
marginal-hits,64,0.55122,67700000,3
marginal-hits,64,0.55307,73400000,3
marginal-hits,64,0.55452,41400000,3
marginal-hits,64,0.55471,39800000,3
marginal-hits,64,0.55759,34800000,3
marginal-hits,64,0.55269,25900000,3
marginal-hits,64,0.55744,18100000,3
marginal-hits,64,0.55354,64700000,3
marginal-hits,64,0.55437,48200000,3
marginal-hits,64,0.5556,12900000,3
marginal-hits,64,0.55494,30800000,3
marginal-hits,64,0.55493,8500000,3
marginal-hits,64,0.55459,8000000,3
marginal-hits,64,0.55825,50300000,3
marginal-hits,64,0.55352,45900000,3
marginal-hits,64,0.55104,17700000,3
marginal-hits,64,0.55338,24100000,3
marginal-hits,64,0.55463,66700000,3
marginal-hits,64,0.55382,35700000,3
marginal-hits,64,0.55364,6600000,3
marginal-hits,64,0.55178,16600000,3
marginal-hits,64,0.56319,34600000,3
marginal-hits,64,0.55616,28800000,3
marginal-hits,64,0.55368,20500000,3
marginal-hits,64,0.55375,20800000,3
marginal-hits,64,0.55168,24000000,3
marginal-hits,64,0.5532,56000000,3
marginal-hits,64,0.55315,66600000,3
marginal-hits,64,0.55704,72600000,3
marginal-hits,64,0.55147,40300000,3
marginal-hits,64,0.55726,7700000,3
marginal-hits,64,0.55237,7500000,3
marginal-hits,64,0.55402,21600000,3
marginal-hits,64,0.55228,74700000,3
marginal-hits,64,0.5558,28000000,3
marginal-hits,64,0.55294,8600000,3
marginal-hits,64,0.55207,24500000,3
marginal-hits,64,0.55266,77500000,3
marginal-hits,64,0.55233,50900000,3
marginal-hits,64,0.55893,45300000,3
marginal-hits,64,0.55738,56500000,3
marginal-hits,64,0.55389,58500000,3
marginal-hits,64,0.55249,75500000,3
marginal-hits,64,0.55799,78500000,3
marginal-hits,64,0.54888,23700000,3
marginal-hits,64,0.55216,24400000,3
marginal-hits,64,0.55206,54000000,3
marginal-hits,64,0.54945,40100000,3
marginal-hits,64,0.5513,7200000,3
marginal-hits,64,0.55263,16200000,3
marginal-hits,64,0.55245,63300000,3
marginal-hits,64,0.55688,75600000,3
marginal-hits,64,0.55231,47600000,3
marginal-hits,64,0.55148,26600000,3
marginal-hits,64,0.55059,7300000,3
marginal-hits,64,0.55408,15300000,3
marginal-hits,64,0.55648,21400000,3
marginal-hits,64,0.55747,57800000,3
marginal-hits,64,0.5506,33500000,3
marginal-hits,64,0.55776,56400000,3
marginal-hits,64,0.55417,66000000,3
marginal-hits,64,0.55328,71300000,3
marginal-hits,64,0.55139,13200000,3
marginal-hits,64,0.55278,30900000,3
marginal-hits,64,0.55292,10500000,3
marginal-hits,64,0.55308,7400000,3
marginal-hits,64,0.5573,22000000,3
marginal-hits,64,0.55279,55200000,3
marginal-hits,64,0.55267,50200000,3
marginal-hits,64,0.55383,42500000,3
marginal-hits,64,0.56168,600000,3
marginal-hits,64,0.55615,3300000,3
marginal-hits,64,0.56654,4600000,3
marginal-hits,64,0.55322,21000000,3
marginal-hits,64,0.5528,54400000,3
marginal-hits,64,0.54941,58200000,3
marginal-hits,64,0.5547,49500000,3
marginal-hits,64,0.55499,10100000,3
marginal-hits,64,0.55193,9800000,3
marginal-hits,64,0.55129,9700000,3
marginal-hits,64,0.55273,16800000,3
marginal-hits,64,0.55087,19500000,3
marginal-hits,64,0.55008,64800000,3
marginal-hits,64,0.55144,77800000,3
marginal-hits,64,0.55689,78800000,3
marginal-hits,64,0.54953,53300000,3
marginal-hits,64,0.55159,47400000,3
marginal-hits,64,0.55235,9600000,3
marginal-hits,64,0.55614,4700000,3
marginal-hits,64,0.55256,17200000,3
marginal-hits,64,0.55323,20400000,3
marginal-hits,64,0.55288,25400000,3
marginal-hits,64,0.55328,71400000,3
marginal-hits,64,0.55695,70600000,3
marginal-hits,64,0.55146,51600000,3
marginal-hits,64,0.55535,36400000,3
marginal-hits,64,0.55843,9000000,3
marginal-hits,64,0.55448,6200000,3
marginal-hits,64,0.55189,22800000,3
marginal-hits,64,0.55281,55400000,3
marginal-hits,64,0.55181,51000000,3
marginal-hits,64,0.55246,37500000,3
marginal-hits,64,0.55385,29900000,3
marginal-hits,64,0.5575,32900000,3
marginal-hits,64,0.55268,11400000,3
marginal-hits,64,0.55194,10800000,3
marginal-hits,64,0.55138,23200000,3
marginal-hits,64,0.55113,61600000,3
marginal-hits,64,0.55553,76000000,3
marginal-hits,64,0.55307,76800000,3
marginal-hits,64,0.55004,77700000,3
marginal-hits,64,0.55586,17100000,3
marginal-hits,64,0.55419,16100000,3
marginal-hits,64,0.55052,51800000,3
marginal-hits,64,0.5535,45600000,3
marginal-hits,64,0.55338,32700000,3
marginal-hits,64,0.55141,31100000,3
marginal-hits,64,0.55425,11700000,3
marginal-hits,64,0.55278,25300000,3
marginal-hits,64,0.55395,38700000,3
marginal-hits,64,0.55427,13100000,3
marginal-hits,64,0.55484,65700000,3
marginal-hits,64,0.55248,39900000,3
marginal-hits,64,0.55627,34100000,3
marginal-hits,64,0.55382,32200000,3
marginal-hits,64,0.5537,29700000,3
marginal-hits,64,0.55234,62000000,3
marginal-hits,64,0.55023,78000000,3
marginal-hits,64,0.55182,44400000,3
marginal-hits,64,0.55274,27900000,3
marginal-hits,64,0.55573,5500000,3
marginal-hits,64,0.55387,13000000,3
marginal-hits,64,0.55645,21900000,3
marginal-hits,64,0.55372,64000000,3
marginal-hits,64,0.55302,69300000,3
marginal-hits,64,0.55223,75100000,3
marginal-hits,64,0.55718,49000000,3
marginal-hits,64,0.55155,52300000,3
marginal-hits,64,0.5577,34700000,3
marginal-hits,64,0.54955,26300000,3
marginal-hits,64,0.55627,8800000,3
marginal-hits,64,0.55409,3400000,3
marginal-hits,64,0.549,19900000,3
marginal-hits,64,0.55149,25500000,3
marginal-hits,64,0.55587,77200000,3
marginal-hits,64,0.55182,44000000,3
marginal-hits,64,0.55239,62400000,3
marginal-hits,64,0.552,67800000,3
marginal-hits,64,0.55151,72800000,3
marginal-hits,64,0.55751,76900000,3
marginal-hits,64,0.55442,43700000,3
marginal-hits,64,0.55279,38400000,3
marginal-hits,64,0.55204,6800000,3
marginal-hits,64,0.55235,54800000,3
marginal-hits,64,0.5549,65600000,3
marginal-hits,64,0.55376,67400000,3
marginal-hits,64,0.55195,68100000,3
marginal-hits,64,0.55253,77400000,3
marginal-hits,64,0.55423,69500000,3
marginal-hits,64,0.55133,42400000,3
marginal-hits,64,0.55556,41200000,3
marginal-hits,64,0.55717,39700000,3
marginal-hits,64,0.55086,11600000,3
marginal-hits,64,0.54957,7100000,3
marginal-hits,64,0.55259,69900000,3
marginal-hits,64,0.55391,52500000,3
marginal-hits,64,0.5529,51100000,3
marginal-hits,64,0.55126,8400000,3
marginal-hits,64,0.55279,56100000,3
marginal-hits,64,0.55442,63900000,3
marginal-hits,64,0.55139,40600000,3
marginal-hits,64,0.55131,14900000,3
marginal-hits,64,0.55487,77000000,3
marginal-hits,64,0.55022,61500000,3
marginal-hits,64,0.54859,52200000,3
marginal-hits,64,0.55205,2500000,3
marginal-hits,64,0.55154,18500000,3
marginal-hits,64,0.55388,68700000,3
marginal-hits,64,0.55703,75900000,3
marginal-hits,64,0.55418,43400000,3
marginal-hits,64,0.55178,37100000,3
marginal-hits,64,0.55183,36000000,3
marginal-hits,64,0.55359,34400000,3
marginal-hits,64,0.55133,62600000,3
marginal-hits,64,0.55122,51700000,3
marginal-hits,64,0.55095,39000000,3
marginal-hits,64,0.55129,33700000,3
marginal-hits,64,0.55068,29500000,3
marginal-hits,64,0.55267,8200000,3
marginal-hits,64,0.73732,100000,3
marginal-hits,64,0.5525,24600000,3
marginal-hits,64,0.55442,59900000,3
marginal-hits,64,0.56007,65300000,3
marginal-hits,64,0.55122,48600000,3
marginal-hits,64,0.55548,48500000,3
marginal-hits,64,0.55249,5300000,3
marginal-hits,64,0.55291,63400000,3
marginal-hits,64,0.55499,66400000,3
marginal-hits,64,0.55423,35600000,3
marginal-hits,64,0.55013,32800000,3
marginal-hits,64,0.55041,27400000,3
marginal-hits,64,0.55164,1300000,3
marginal-hits,64,0.55266,24900000,3
marginal-hits,64,0.5515,58300000,3
marginal-hits,64,0.55845,66100000,3
marginal-hits,64,0.55291,70000000,3
marginal-hits,64,0.55407,71600000,3
marginal-hits,64,0.55454,77300000,3
marginal-hits,64,0.5572,60900000,3
marginal-hits,64,0.55442,35200000,3
marginal-hits,64,0.55288,28300000,3
marginal-hits,64,0.55593,15700000,3
marginal-hits,64,0.55229,79300000,3
marginal-hits,64,0.55165,41300000,3
marginal-hits,64,0.55359,35400000,3
marginal-hits,64,0.54995,11200000,3
marginal-hits,64,0.55674,15800000,3
marginal-hits,64,0.55275,56200000,3
marginal-hits,64,0.55526,69000000,3
marginal-hits,64,0.55264,25800000,3
marginal-hits,64,0.55569,5000000,3
marginal-hits,64,0.55259,19800000,3
marginal-hits,64,0.55274,57700000,3
marginal-hits,64,0.55168,74300000,3
marginal-hits,64,0.55315,79200000,3
marginal-hits,64,0.55389,35000000,3
marginal-hits,64,0.55682,34300000,3
marginal-hits,64,0.55583,30000000,3
marginal-hits,64,0.55174,11000000,3
marginal-hits,64,0.55483,18200000,3
marginal-hits,64,0.55349,21100000,3
marginal-hits,64,0.55477,24800000,3
marginal-hits,64,0.55687,57200000,3
marginal-hits,64,0.55275,68200000,3
marginal-hits,64,0.55056,2400000,3
marginal-hits,64,0.55526,20700000,3
marginal-hits,64,0.55336,44300000,3
marginal-hits,64,0.55384,36500000,3
marginal-hits,64,0.55283,15600000,3
marginal-hits,64,0.55078,18400000,3
marginal-hits,64,0.55442,23600000,3
marginal-hits,64,0.55885,67300000,3
marginal-hits,64,0.55461,68500000,3
marginal-hits,64,0.55152,52000000,3
marginal-hits,64,0.55703,46100000,3
marginal-hits,64,0.5533,27700000,3
marginal-hits,64,0.552,25700000,3
marginal-hits,64,0.55609,5900000,3
marginal-hits,64,0.55605,20600000,3
marginal-hits,64,0.55544,66300000,3
marginal-hits,64,0.55655,71100000,3
marginal-hits,64,0.55713,33000000,3
marginal-hits,64,0.55423,60400000,3
marginal-hits,64,0.55406,73900000,3
marginal-hits,64,0.5539,67600000,3
marginal-hits,64,0.55322,50500000,3
marginal-hits,64,0.55282,49800000,3
marginal-hits,64,0.55598,44600000,3
marginal-hits,64,0.55798,3200000,3
marginal-hits,64,0.55185,13500000,3
marginal-hits,64,0.55223,18300000,3
marginal-hits,64,0.55773,18600000,3
marginal-hits,64,0.55839,13600000,3
marginal-hits,64,0.55376,16500000,3
marginal-hits,64,0.55198,57300000,3
marginal-hits,64,0.55148,53000000,3
marginal-hits,64,0.55227,48700000,3
marginal-hits,64,0.55143,39200000,3
marginal-hits,64,0.55113,10400000,3
marginal-hits,64,0.55299,14500000,3
marginal-hits,64,0.55441,64100000,3
marginal-hits,64,0.55892,60800000,3
marginal-hits,64,0.55274,44800000,3
marginal-hits,64,0.55592,27100000,3
marginal-hits,64,0.55387,19700000,3
marginal-hits,64,0.55412,67000000,3
marginal-hits,64,0.55418,74800000,3
marginal-hits,64,0.55777,78900000,3
marginal-hits,64,0.55397,45800000,3
marginal-hits,64,0.55654,8300000,3
marginal-hits,64,0.55576,14400000,3
marginal-hits,64,0.55292,21500000,3
marginal-hits,64,0.55492,58800000,3
marginal-hits,64,0.55184,62500000,3
marginal-hits,64,0.55146,52700000,3
marginal-hits,64,0.551,39300000,3
marginal-hits,64,0.55082,38100000,3
marginal-hits,64,0.55184,19300000,3
marginal-hits,64,0.55198,50100000,3
marginal-hits,64,0.55149,40800000,3
marginal-hits,64,0.55117,54900000,3
marginal-hits,64,0.54827,58400000,3
marginal-hits,64,0.55248,74900000,3
marginal-hits,64,0.55216,1600000,3
marginal-hits,64,0.55728,5800000,3
marginal-hits,64,0.55286,59800000,3
marginal-hits,64,0.5548,76600000,3
marginal-hits,64,0.5532,34900000,3
marginal-hits,64,0.55687,4100000,3
marginal-hits,64,0.55405,58000000,3
marginal-hits,64,0.55354,59500000,3
marginal-hits,64,0.55431,49400000,3
marginal-hits,64,0.55231,46000000,3
marginal-hits,64,0.55625,45400000,3
marginal-hits,64,0.55492,44100000,3
marginal-hits,64,0.55713,4500000,3
marginal-hits,64,0.5553,69100000,3
marginal-hits,64,0.55449,74600000,3
marginal-hits,64,0.55035,53700000,3
marginal-hits,64,0.55035,41000000,3
marginal-hits,64,0.55145,38600000,3
marginal-hits,64,0.55217,28100000,3
marginal-hits,64,0.55277,60700000,3
marginal-hits,64,0.55293,63600000,3
marginal-hits,64,0.55451,68600000,3
marginal-hits,64,0.5602,78600000,3
marginal-hits,64,0.55145,71900000,3
marginal-hits,64,0.5513,48800000,3
marginal-hits,64,0.55042,10600000,3
marginal-hits,64,0.55659,14100000,3
marginal-hits,64,0.55232,55500000,3
marginal-hits,64,0.55192,68000000,3
marginal-hits,64,0.55624,48000000,3
marginal-hits,64,0.55364,26500000,3
marginal-hits,64,0.5551,12600000,3
marginal-hits,64,0.55453,70300000,3
marginal-hits,64,0.5577,53600000,3
marginal-hits,64,0.55596,47200000,3
marginal-hits,64,0.55522,33800000,3
marginal-hits,64,0.55256,18800000,3
marginal-hits,64,0.55483,67500000,3
marginal-hits,64,0.55722,78300000,3
marginal-hits,64,0.55083,53400000,3
marginal-hits,64,0.55233,27500000,3
marginal-hits,64,0.55267,1500000,3
marginal-hits,64,0.54959,15200000,3
marginal-hits,64,0.55115,24300000,3
marginal-hits,64,0.55202,64900000,3
marginal-hits,64,0.55098,61800000,3
marginal-hits,64,0.55329,49700000,3
marginal-hits,64,0.55315,29400000,3
marginal-hits,64,0.5526,9300000,3
marginal-hits,64,0.55497,9100000,3
marginal-hits,64,0.55362,6000000,3
marginal-hits,64,0.55505,17400000,3
marginal-hits,64,0.55737,76100000,3
marginal-hits,64,0.55654,71200000,3
marginal-hits,64,0.55484,45000000,3
marginal-hits,64,0.55046,60600000,3
marginal-hits,64,0.55804,76200000,3
marginal-hits,64,0.64834,200000,3
marginal-hits,64,0.55584,12700000,3
marginal-hits,64,0.5502,62200000,3
marginal-hits,64,0.55318,63800000,3
marginal-hits,64,0.55414,67900000,3
marginal-hits,64,0.55223,33600000,3
marginal-hits,64,0.54996,27600000,3
marginal-hits,64,0.55374,30600000,3
marginal-hits,64,0.55213,28900000,3
marginal-hits,64,0.5536,26100000,3
marginal-hits,64,0.5502,15000000,3
marginal-hits,64,0.55244,61000000,3
marginal-hits,64,0.55453,66800000,3
marginal-hits,64,0.55326,35900000,3
marginal-hits,64,0.55174,6100000,3
marginal-hits,64,0.54964,14300000,3
marginal-hits,64,0.55569,62900000,3
marginal-hits,64,0.55214,63700000,3
marginal-hits,64,0.55463,47800000,3
marginal-hits,64,0.55097,42900000,3
marginal-hits,64,0.5542,46300000,3
free-mem,32,0.64062,51300000,12
free-mem,32,0.64236,46200000,12
free-mem,32,0.64129,40500000,12
free-mem,32,0.64021,33300000,12
free-mem,32,0.6402,31400000,12
free-mem,32,0.64181,3800000,12
free-mem,32,0.64281,37000000,12
free-mem,32,0.0,0,12
free-mem,32,0.63948,400000,12
free-mem,32,0.64395,3500000,12
free-mem,32,0.64018,4900000,12
free-mem,32,0.64149,54600000,12
free-mem,32,0.64003,73100000,12
free-mem,32,0.64019,75300000,12
free-mem,32,0.63902,36600000,12
free-mem,32,0.64169,30400000,12
free-mem,32,0.64151,30200000,12
free-mem,32,0.63948,29000000,12
free-mem,32,0.64261,24700000,12
free-mem,32,0.63848,54500000,12
free-mem,32,0.63949,43800000,12
free-mem,32,0.64234,33900000,12
free-mem,32,0.63991,71000000,12
free-mem,32,0.63928,79400000,12
free-mem,32,0.63793,36900000,12
free-mem,32,0.64197,26400000,12
free-mem,32,0.64376,11500000,12
free-mem,32,0.64174,9500000,12
free-mem,32,0.63966,22900000,12
free-mem,32,0.63989,23800000,12
free-mem,32,0.6378,62300000,12
free-mem,32,0.64141,65000000,12
free-mem,32,0.63998,49600000,12
free-mem,32,0.63793,42700000,12
free-mem,32,0.64234,28600000,12
free-mem,32,0.64157,9200000,12
free-mem,32,0.64062,1000000,12
free-mem,32,0.64181,65500000,12
free-mem,32,0.64039,43300000,12
free-mem,32,0.64018,40400000,12
free-mem,32,0.64038,32300000,12
free-mem,32,0.63892,7800000,12
free-mem,32,0.63904,23000000,12
free-mem,32,0.63926,55600000,12
free-mem,32,0.64044,60200000,12
free-mem,32,0.64142,1100000,12
free-mem,32,0.6396,5400000,12
free-mem,32,0.64166,22300000,12
free-mem,32,0.64,55800000,12
free-mem,32,0.63823,77900000,12
free-mem,32,0.64028,49900000,12
free-mem,32,0.63881,43600000,12
free-mem,32,0.64071,2300000,12
free-mem,32,0.63986,54700000,12
free-mem,32,0.64176,56700000,12
free-mem,32,0.64133,72500000,12
free-mem,32,0.64246,74000000,12
free-mem,32,0.64094,53100000,12
free-mem,32,0.64112,41700000,12
free-mem,32,0.64114,34200000,12
free-mem,32,0.63901,27000000,12
free-mem,32,0.63929,12500000,12
free-mem,32,0.64144,8700000,12
free-mem,32,0.64085,60100000,12
free-mem,32,0.64116,69200000,12
free-mem,32,0.64177,73500000,12
free-mem,32,0.6414,46800000,12
free-mem,32,0.63916,31900000,12
free-mem,32,0.63948,28200000,12
free-mem,32,0.64419,1800000,12
free-mem,32,0.64062,69800000,12
free-mem,32,0.64063,72300000,12
free-mem,32,0.64169,79100000,12
free-mem,32,0.64147,79600000,12
free-mem,32,0.64053,48300000,12
free-mem,32,0.64043,39400000,12
free-mem,32,0.63936,7600000,12
free-mem,32,0.64075,2200000,12
free-mem,32,0.64028,300000,12
free-mem,32,0.64006,14800000,12
free-mem,32,0.64171,16700000,12
free-mem,32,0.64019,22100000,12
free-mem,32,0.64039,79800000,12
free-mem,32,0.63996,47900000,12
free-mem,32,0.63839,47700000,12
free-mem,32,0.63824,40900000,12
free-mem,32,0.63875,20100000,12
free-mem,32,0.63965,20300000,12
free-mem,32,0.63996,57500000,12
free-mem,32,0.64,63000000,12
free-mem,32,0.64075,71500000,12
free-mem,32,0.64227,8100000,12
free-mem,32,0.63867,2900000,12
free-mem,32,0.64218,14000000,12
free-mem,32,0.64187,22200000,12
free-mem,32,0.64026,55300000,12
free-mem,32,0.64143,57400000,12
free-mem,32,0.64152,67200000,12
free-mem,32,0.63872,70200000,12
free-mem,32,0.63894,72100000,12
free-mem,32,0.63958,78400000,12
free-mem,32,0.63903,26800000,12
free-mem,32,0.63892,65800000,12
free-mem,32,0.64109,67100000,12
free-mem,32,0.64168,37200000,12
free-mem,32,0.64016,10900000,12
free-mem,32,0.64015,16300000,12
free-mem,32,0.64215,22400000,12
free-mem,32,0.64142,71800000,12
free-mem,32,0.64038,72400000,12
free-mem,32,0.63887,50800000,12
free-mem,32,0.64214,38500000,12
free-mem,32,0.64123,29600000,12
free-mem,32,0.64273,28500000,12
free-mem,32,0.63981,26700000,12
free-mem,32,0.64119,75800000,12
free-mem,32,0.63957,23900000,12
free-mem,32,0.64138,59200000,12
free-mem,32,0.63987,47500000,12
free-mem,32,0.63891,42600000,12
free-mem,32,0.64049,35300000,12
free-mem,32,0.6403,30700000,12
free-mem,32,0.64182,72900000,12
free-mem,32,0.63939,73800000,12
free-mem,32,0.63899,52100000,12
free-mem,32,0.64094,38300000,12
free-mem,32,0.63988,42800000,12
free-mem,32,0.63895,12300000,12
free-mem,32,0.63886,6300000,12
free-mem,32,0.63992,64300000,12
free-mem,32,0.64026,75400000,12
free-mem,32,0.64142,75700000,12
free-mem,32,0.64273,45200000,12
free-mem,32,0.64272,41900000,12
free-mem,32,0.64159,37700000,12
free-mem,32,0.64125,30300000,12
free-mem,32,0.64004,54200000,12
free-mem,32,0.63955,55100000,12
free-mem,32,0.64093,57900000,12
free-mem,32,0.63851,59400000,12
free-mem,32,0.64075,70400000,12
free-mem,32,0.64311,47000000,12
free-mem,32,0.64054,43100000,12
free-mem,32,0.64203,35800000,12
free-mem,32,0.64167,2000000,12
free-mem,32,0.64003,1700000,12
free-mem,32,0.64017,1200000,12
free-mem,32,0.64069,5600000,12
free-mem,32,0.64164,15500000,12
free-mem,32,0.64132,20000000,12
free-mem,32,0.64229,78100000,12
free-mem,32,0.63856,12400000,12
free-mem,32,0.64134,8900000,12
free-mem,32,0.63991,24200000,12
free-mem,32,0.64019,54300000,12
free-mem,32,0.64089,58700000,12
free-mem,32,0.63819,60000000,12
free-mem,32,0.64142,64500000,12
free-mem,32,0.64137,48900000,12
free-mem,32,0.64125,42200000,12
free-mem,32,0.63874,11800000,12
free-mem,32,0.64147,17300000,12
free-mem,32,0.64115,20900000,12
free-mem,32,0.64122,57600000,12
free-mem,32,0.64254,63500000,12
free-mem,32,0.64196,66900000,12
free-mem,32,0.64141,77100000,12
free-mem,32,0.64128,31300000,12
free-mem,32,0.64004,44900000,12
free-mem,32,0.64157,41800000,12
free-mem,32,0.64064,39100000,12
free-mem,32,0.64002,11300000,12
free-mem,32,0.63923,10200000,12
free-mem,32,0.64158,1400000,12
free-mem,32,0.64179,23300000,12
free-mem,32,0.64031,46400000,12
free-mem,32,0.63929,31700000,12
free-mem,32,0.63868,31000000,12
free-mem,32,0.64132,73700000,12
free-mem,32,0.64344,61100000,12
free-mem,32,0.64043,11100000,12
free-mem,32,0.64058,19400000,12
free-mem,32,0.64009,57000000,12
free-mem,32,0.64248,70700000,12
free-mem,32,0.64316,48100000,12
free-mem,32,0.64111,69700000,12
free-mem,32,0.64231,36100000,12
free-mem,32,0.63877,32400000,12
free-mem,32,0.6395,18700000,12
free-mem,32,0.64013,64200000,12
free-mem,32,0.64126,64400000,12
free-mem,32,0.64308,73000000,12
free-mem,32,0.63943,79000000,12
free-mem,32,0.63938,40700000,12
free-mem,32,0.64054,6700000,12
free-mem,32,0.63952,4200000,12
free-mem,32,0.64141,16900000,12
free-mem,32,0.64333,50400000,12
free-mem,32,0.64146,41600000,12
free-mem,32,0.63808,38900000,12
free-mem,32,0.64108,37800000,12
free-mem,32,0.64211,29200000,12
free-mem,32,0.63874,29100000,12
free-mem,32,0.63938,10300000,12
free-mem,32,0.64091,5700000,12
free-mem,32,0.63774,54100000,12
free-mem,32,0.63791,45100000,12
free-mem,32,0.64025,43900000,12
free-mem,32,0.63981,33100000,12
free-mem,32,0.64156,63100000,12
free-mem,32,0.6423,53900000,12
free-mem,32,0.63991,50700000,12
free-mem,32,0.6401,900000,12
free-mem,32,0.63922,18900000,12
free-mem,32,0.63944,21200000,12
free-mem,32,0.64191,21300000,12
free-mem,32,0.63977,57100000,12
free-mem,32,0.64213,55900000,12
free-mem,32,0.63902,56900000,12
free-mem,32,0.64179,70100000,12
free-mem,32,0.63933,79900000,12
free-mem,32,0.64157,37300000,12
free-mem,32,0.64005,53800000,12
free-mem,32,0.64036,51200000,12
free-mem,32,0.64166,45700000,12
free-mem,32,0.63886,27800000,12
free-mem,32,0.64051,26000000,12
free-mem,32,0.64151,19100000,12
free-mem,32,0.64052,21800000,12
free-mem,32,0.64087,61700000,12
free-mem,32,0.63901,51500000,12
free-mem,32,0.64058,38000000,12
free-mem,32,0.64065,29800000,12
free-mem,32,0.64156,4000000,12
free-mem,32,0.63976,4300000,12
free-mem,32,0.63965,20200000,12
free-mem,32,0.63925,22700000,12
free-mem,32,0.64016,65400000,12
free-mem,32,0.64159,10700000,12
free-mem,32,0.64011,2700000,12
free-mem,32,0.64147,15100000,12
free-mem,32,0.64364,15400000,12
free-mem,32,0.64038,19000000,12
free-mem,32,0.63962,73200000,12
free-mem,32,0.64191,76700000,12
free-mem,32,0.63987,78700000,12
free-mem,32,0.64249,79700000,12
free-mem,32,0.64073,31600000,12
free-mem,32,0.63978,49100000,12
free-mem,32,0.64006,42100000,12
free-mem,32,0.64288,47300000,12
free-mem,32,0.63936,27200000,12
free-mem,32,0.64277,11900000,12
free-mem,32,0.64326,25600000,12
free-mem,32,0.63891,32600000,12
free-mem,32,0.63869,6400000,12
free-mem,32,0.64188,23400000,12
free-mem,32,0.63922,59000000,12
free-mem,32,0.6405,62100000,12
free-mem,32,0.63946,68900000,12
free-mem,32,0.63838,13900000,12
free-mem,32,0.63962,17800000,12
free-mem,32,0.64069,52900000,12
free-mem,32,0.63987,43500000,12
free-mem,32,0.63894,3000000,12
free-mem,32,0.64021,19200000,12
free-mem,32,0.64061,45500000,12
free-mem,32,0.6397,4800000,12
free-mem,32,0.63854,19600000,12
free-mem,32,0.63903,72000000,12
free-mem,32,0.63939,75200000,12
free-mem,32,0.63933,48400000,12
free-mem,32,0.64261,44500000,12
free-mem,32,0.63939,34500000,12
free-mem,32,0.64213,65100000,12
free-mem,32,0.63943,73300000,12
free-mem,32,0.64223,79500000,12
free-mem,32,0.64154,61200000,12
free-mem,32,0.639,50000000,12
free-mem,32,0.63866,36300000,12
free-mem,32,0.64155,7900000,12
free-mem,32,0.63948,5100000,12
free-mem,32,0.64141,74200000,12
free-mem,32,0.63813,49300000,12
free-mem,32,0.64247,46900000,12
free-mem,32,0.6401,6500000,12
free-mem,32,0.63928,2600000,12
free-mem,32,0.64092,64600000,12
free-mem,32,0.64048,53500000,12
free-mem,32,0.63996,52800000,12
free-mem,32,0.63965,52400000,12
free-mem,32,0.6395,51900000,12
free-mem,32,0.63931,41500000,12
free-mem,32,0.64446,38200000,12
free-mem,32,0.64113,31800000,12
free-mem,32,0.64088,29300000,12
free-mem,32,0.6399,26900000,12
free-mem,32,0.64211,69600000,12
free-mem,32,0.63996,62800000,12
free-mem,32,0.64037,51400000,12
free-mem,32,0.64227,7000000,12
free-mem,32,0.64066,3600000,12
free-mem,32,0.63883,14200000,12
free-mem,32,0.63897,55000000,12
free-mem,32,0.64042,74500000,12
free-mem,32,0.64057,50600000,12
free-mem,32,0.64194,30100000,12
free-mem,32,0.64105,56300000,12
free-mem,32,0.64031,37900000,12
free-mem,32,0.64197,12000000,12
free-mem,32,0.64262,6900000,12
free-mem,32,0.64161,58100000,12
free-mem,32,0.64141,58600000,12
free-mem,32,0.64133,60300000,12
free-mem,32,0.64139,43200000,12
free-mem,32,0.63964,10000000,12
free-mem,32,0.64048,3900000,12
free-mem,32,0.64009,25200000,12
free-mem,32,0.6391,56600000,12
free-mem,32,0.6406,59700000,12
free-mem,32,0.64042,39600000,12
free-mem,32,0.64312,5200000,12
free-mem,32,0.63991,59100000,12
free-mem,32,0.64094,59300000,12
free-mem,32,0.63911,66200000,12
free-mem,32,0.6386,68400000,12
free-mem,32,0.64285,71700000,12
free-mem,32,0.63868,72700000,12
free-mem,32,0.64083,74100000,12
free-mem,32,0.64084,62700000,12
free-mem,32,0.64171,17900000,12
free-mem,32,0.64083,35100000,12
free-mem,32,0.63814,43000000,12
free-mem,32,0.63952,22500000,12
free-mem,32,0.63906,60500000,12
free-mem,32,0.6385,70900000,12
free-mem,32,0.64021,76400000,12
free-mem,32,0.64025,36200000,12
free-mem,32,0.64019,32500000,12
free-mem,32,0.64062,26200000,12
free-mem,32,0.64115,61300000,12
free-mem,32,0.6406,76300000,12
free-mem,32,0.63967,46700000,12
free-mem,32,0.6424,36800000,12
free-mem,32,0.64125,33400000,12
free-mem,32,0.64055,13400000,12
free-mem,32,0.63986,17600000,12
free-mem,32,0.64132,69400000,12
free-mem,32,0.64076,47100000,12
free-mem,32,0.64164,42000000,12
free-mem,32,0.64114,37400000,12
free-mem,32,0.64187,28700000,12
free-mem,32,0.64342,12100000,12
free-mem,32,0.63968,9900000,12
free-mem,32,0.64178,13300000,12
free-mem,32,0.639,21700000,12
free-mem,32,0.64063,78200000,12
free-mem,32,0.63896,53200000,12
free-mem,32,0.63939,52600000,12
free-mem,32,0.64054,32100000,12
free-mem,32,0.64127,31500000,12
free-mem,32,0.63919,14700000,12
free-mem,32,0.63935,15900000,12
free-mem,32,0.6395,66500000,12
free-mem,32,0.64155,37600000,12
free-mem,32,0.64074,61400000,12
free-mem,32,0.63868,61900000,12
free-mem,32,0.63871,65900000,12
free-mem,32,0.64164,3100000,12
free-mem,32,0.63875,17000000,12
free-mem,32,0.63772,18000000,12
free-mem,32,0.64125,58900000,12
free-mem,32,0.63993,70500000,12
free-mem,32,0.63844,70800000,12
free-mem,32,0.64227,16000000,12
free-mem,32,0.64106,13700000,12
free-mem,32,0.64098,44700000,12
free-mem,32,0.64103,39500000,12
free-mem,32,0.64138,40000000,12
free-mem,32,0.64058,38800000,12
free-mem,32,0.64196,35500000,12
free-mem,32,0.63969,27300000,12
free-mem,32,0.64072,3700000,12
free-mem,32,0.63924,12800000,12
free-mem,32,0.63969,14600000,12
free-mem,32,0.63862,74400000,12
free-mem,32,0.64052,72200000,12
free-mem,32,0.63959,46600000,12
free-mem,32,0.6406,46500000,12
free-mem,32,0.63939,36700000,12
free-mem,32,0.63975,32000000,12
free-mem,32,0.6384,63200000,12
free-mem,32,0.64036,68800000,12
free-mem,32,0.63957,9400000,12
free-mem,32,0.64096,1900000,12
free-mem,32,0.64102,800000,12
free-mem,32,0.64237,4400000,12
free-mem,32,0.63777,16400000,12
free-mem,32,0.63905,68300000,12
free-mem,32,0.64131,73600000,12
free-mem,32,0.64229,75000000,12
free-mem,32,0.64005,76500000,12
free-mem,32,0.64307,34000000,12
free-mem,32,0.64215,49200000,12
free-mem,32,0.63932,31200000,12
free-mem,32,0.64046,25000000,12
free-mem,32,0.641,25100000,12
free-mem,32,0.63971,28400000,12
free-mem,32,0.64147,2800000,12
free-mem,32,0.64187,700000,12
free-mem,32,0.63975,13800000,12
free-mem,32,0.6378,22600000,12
free-mem,32,0.63974,23500000,12
free-mem,32,0.63835,42300000,12
free-mem,32,0.64134,40200000,12
free-mem,32,0.6396,500000,12
free-mem,32,0.64003,17500000,12
free-mem,32,0.63998,23100000,12
free-mem,32,0.6397,55700000,12
free-mem,32,0.64239,65200000,12
free-mem,32,0.64176,77600000,12
free-mem,32,0.64137,12200000,12
free-mem,32,0.63867,41100000,12
free-mem,32,0.64088,44200000,12
free-mem,32,0.6424,33200000,12
free-mem,32,0.64041,30500000,12
free-mem,32,0.64066,2100000,12
free-mem,32,0.6397,56800000,12
free-mem,32,0.63836,59600000,12
free-mem,32,0.64013,67700000,12
free-mem,32,0.64045,73400000,12
free-mem,32,0.63966,41400000,12
free-mem,32,0.63999,39800000,12
free-mem,32,0.64084,34800000,12
free-mem,32,0.64246,25900000,12
free-mem,32,0.64291,18100000,12
free-mem,32,0.64031,64700000,12
free-mem,32,0.64152,48200000,12
free-mem,32,0.64232,12900000,12
free-mem,32,0.64302,30800000,12
free-mem,32,0.64188,8500000,12
free-mem,32,0.64082,8000000,12
free-mem,32,0.63972,50300000,12
free-mem,32,0.64096,45900000,12
free-mem,32,0.64073,17700000,12
free-mem,32,0.64187,24100000,12
free-mem,32,0.64085,66700000,12
free-mem,32,0.63977,35700000,12
free-mem,32,0.64139,6600000,12
free-mem,32,0.64035,16600000,12
free-mem,32,0.64162,34600000,12
free-mem,32,0.64171,28800000,12
free-mem,32,0.64101,20500000,12
free-mem,32,0.63828,20800000,12
free-mem,32,0.63956,24000000,12
free-mem,32,0.64098,56000000,12
free-mem,32,0.63916,66600000,12
free-mem,32,0.64046,72600000,12
free-mem,32,0.63957,40300000,12
free-mem,32,0.64073,7700000,12
free-mem,32,0.63969,7500000,12
free-mem,32,0.64003,21600000,12
free-mem,32,0.63978,74700000,12
free-mem,32,0.64362,28000000,12
free-mem,32,0.63943,8600000,12
free-mem,32,0.64006,24500000,12
free-mem,32,0.64076,77500000,12
free-mem,32,0.64079,50900000,12
free-mem,32,0.64152,45300000,12
free-mem,32,0.64186,56500000,12
free-mem,32,0.64047,58500000,12
free-mem,32,0.64097,75500000,12
free-mem,32,0.64176,78500000,12
free-mem,32,0.63842,23700000,12
free-mem,32,0.63857,24400000,12
free-mem,32,0.64167,54000000,12
free-mem,32,0.63778,40100000,12
free-mem,32,0.63931,7200000,12
free-mem,32,0.64063,16200000,12
free-mem,32,0.64109,63300000,12
free-mem,32,0.63901,75600000,12
free-mem,32,0.64111,47600000,12
free-mem,32,0.6402,26600000,12
free-mem,32,0.63927,7300000,12
free-mem,32,0.6418,15300000,12
free-mem,32,0.64349,21400000,12
free-mem,32,0.64144,57800000,12
free-mem,32,0.64032,33500000,12
free-mem,32,0.63986,56400000,12
free-mem,32,0.64138,66000000,12
free-mem,32,0.64113,71300000,12
free-mem,32,0.63801,13200000,12
free-mem,32,0.6422,30900000,12
free-mem,32,0.63984,10500000,12
free-mem,32,0.64113,7400000,12
free-mem,32,0.64325,22000000,12
free-mem,32,0.64235,55200000,12
free-mem,32,0.6408,50200000,12
free-mem,32,0.64074,42500000,12
free-mem,32,0.63741,600000,12
free-mem,32,0.6392,3300000,12
free-mem,32,0.64056,4600000,12
free-mem,32,0.639,21000000,12
free-mem,32,0.64076,54400000,12
free-mem,32,0.63955,58200000,12
free-mem,32,0.63984,49500000,12
free-mem,32,0.64028,10100000,12
free-mem,32,0.64101,9800000,12
free-mem,32,0.64045,9700000,12
free-mem,32,0.64247,16800000,12
free-mem,32,0.63774,19500000,12
free-mem,32,0.63728,64800000,12
free-mem,32,0.6384,77800000,12
free-mem,32,0.6407,78800000,12
free-mem,32,0.63946,53300000,12
free-mem,32,0.64061,47400000,12
free-mem,32,0.63936,9600000,12
free-mem,32,0.64078,4700000,12
free-mem,32,0.6397,17200000,12
free-mem,32,0.64071,20400000,12
free-mem,32,0.64145,25400000,12
free-mem,32,0.63986,71400000,12
free-mem,32,0.64285,70600000,12
free-mem,32,0.64023,51600000,12
free-mem,32,0.6399,36400000,12
free-mem,32,0.64206,9000000,12
free-mem,32,0.64079,6200000,12
free-mem,32,0.63959,22800000,12
free-mem,32,0.64157,55400000,12
free-mem,32,0.64107,51000000,12
free-mem,32,0.64036,37500000,12
free-mem,32,0.64046,29900000,12
free-mem,32,0.63892,32900000,12
free-mem,32,0.6419,11400000,12
free-mem,32,0.63954,10800000,12
free-mem,32,0.6405,23200000,12
free-mem,32,0.63995,61600000,12
free-mem,32,0.63928,76000000,12
free-mem,32,0.64116,76800000,12
free-mem,32,0.63864,77700000,12
free-mem,32,0.64204,17100000,12
free-mem,32,0.64023,16100000,12
free-mem,32,0.63851,51800000,12
free-mem,32,0.64003,45600000,12
free-mem,32,0.64135,32700000,12
free-mem,32,0.63897,31100000,12
free-mem,32,0.64017,11700000,12
free-mem,32,0.64016,25300000,12
free-mem,32,0.63951,38700000,12
free-mem,32,0.64095,13100000,12
free-mem,32,0.64112,65700000,12
free-mem,32,0.63931,39900000,12
free-mem,32,0.64139,34100000,12
free-mem,32,0.64,32200000,12
free-mem,32,0.64125,29700000,12
free-mem,32,0.63923,62000000,12
free-mem,32,0.63898,78000000,12
free-mem,32,0.64019,44400000,12
free-mem,32,0.64013,27900000,12
free-mem,32,0.64042,5500000,12
free-mem,32,0.64329,13000000,12
free-mem,32,0.64036,21900000,12
free-mem,32,0.64058,64000000,12
free-mem,32,0.63878,69300000,12
free-mem,32,0.64136,75100000,12
free-mem,32,0.64023,49000000,12
free-mem,32,0.6398,52300000,12
free-mem,32,0.64309,34700000,12
free-mem,32,0.63912,26300000,12
free-mem,32,0.64014,8800000,12
free-mem,32,0.64159,3400000,12
free-mem,32,0.63734,19900000,12
free-mem,32,0.64045,25500000,12
free-mem,32,0.64054,77200000,12
free-mem,32,0.6405,44000000,12
free-mem,32,0.6394,62400000,12
free-mem,32,0.64054,67800000,12
free-mem,32,0.63857,72800000,12
free-mem,32,0.64166,76900000,12
free-mem,32,0.63975,43700000,12
free-mem,32,0.64074,38400000,12
free-mem,32,0.64033,6800000,12
free-mem,32,0.64007,54800000,12
free-mem,32,0.64091,65600000,12
free-mem,32,0.63969,67400000,12
free-mem,32,0.6407,68100000,12
free-mem,32,0.64089,77400000,12
free-mem,32,0.64131,69500000,12
free-mem,32,0.64008,42400000,12
free-mem,32,0.64299,41200000,12
free-mem,32,0.64262,39700000,12
free-mem,32,0.63804,11600000,12
free-mem,32,0.63964,7100000,12
free-mem,32,0.63996,69900000,12
free-mem,32,0.64196,52500000,12
free-mem,32,0.64091,51100000,12
free-mem,32,0.64066,8400000,12
free-mem,32,0.64197,56100000,12
free-mem,32,0.64063,63900000,12
free-mem,32,0.638,40600000,12
free-mem,32,0.64148,14900000,12
free-mem,32,0.63785,77000000,12
free-mem,32,0.63931,61500000,12
free-mem,32,0.63945,52200000,12
free-mem,32,0.64189,2500000,12
free-mem,32,0.64031,18500000,12
free-mem,32,0.64165,68700000,12
free-mem,32,0.64031,75900000,12
free-mem,32,0.63834,43400000,12
free-mem,32,0.63972,37100000,12
free-mem,32,0.63917,36000000,12
free-mem,32,0.63981,34400000,12
free-mem,32,0.6398,62600000,12
free-mem,32,0.63964,51700000,12
free-mem,32,0.64021,39000000,12
free-mem,32,0.63995,33700000,12
free-mem,32,0.64099,29500000,12
free-mem,32,0.6392,8200000,12
free-mem,32,0.73732,100000,12
free-mem,32,0.63887,24600000,12
free-mem,32,0.63793,59900000,12
free-mem,32,0.64397,65300000,12
free-mem,32,0.63889,48600000,12
free-mem,32,0.64244,48500000,12
free-mem,32,0.63887,5300000,12
free-mem,32,0.64006,63400000,12
free-mem,32,0.64201,66400000,12
free-mem,32,0.64064,35600000,12
free-mem,32,0.63938,32800000,12
free-mem,32,0.63821,27400000,12
free-mem,32,0.64058,1300000,12
free-mem,32,0.64114,24900000,12
free-mem,32,0.64062,58300000,12
free-mem,32,0.64004,66100000,12
free-mem,32,0.64105,70000000,12
free-mem,32,0.64092,71600000,12
free-mem,32,0.64107,77300000,12
free-mem,32,0.64092,60900000,12
free-mem,32,0.6424,35200000,12
free-mem,32,0.64223,28300000,12
free-mem,32,0.6426,15700000,12
free-mem,32,0.64127,79300000,12
free-mem,32,0.6404,41300000,12
free-mem,32,0.6409,35400000,12
free-mem,32,0.63871,11200000,12
free-mem,32,0.64342,15800000,12
free-mem,32,0.64062,56200000,12
free-mem,32,0.64036,69000000,12
free-mem,32,0.63945,25800000,12
free-mem,32,0.63985,5000000,12
free-mem,32,0.63907,19800000,12
free-mem,32,0.64003,57700000,12
free-mem,32,0.64159,74300000,12
free-mem,32,0.64156,79200000,12
free-mem,32,0.64045,35000000,12
free-mem,32,0.64154,34300000,12
free-mem,32,0.64281,30000000,12
free-mem,32,0.64158,11000000,12
free-mem,32,0.6415,18200000,12
free-mem,32,0.64113,21100000,12
free-mem,32,0.64156,24800000,12
free-mem,32,0.64396,57200000,12
free-mem,32,0.63942,68200000,12
free-mem,32,0.6406,2400000,12
free-mem,32,0.63935,20700000,12
free-mem,32,0.63936,44300000,12
free-mem,32,0.64176,36500000,12
free-mem,32,0.64183,15600000,12
free-mem,32,0.63845,18400000,12
free-mem,32,0.64195,23600000,12
free-mem,32,0.64087,67300000,12
free-mem,32,0.64127,68500000,12
free-mem,32,0.63938,52000000,12
free-mem,32,0.64217,46100000,12
free-mem,32,0.64185,27700000,12
free-mem,32,0.64172,25700000,12
free-mem,32,0.64011,5900000,12
free-mem,32,0.64112,20600000,12
free-mem,32,0.64038,66300000,12
free-mem,32,0.63956,71100000,12
free-mem,32,0.63716,33000000,12
free-mem,32,0.63995,60400000,12
free-mem,32,0.63957,73900000,12
free-mem,32,0.64147,67600000,12
free-mem,32,0.63899,50500000,12
free-mem,32,0.64097,49800000,12
free-mem,32,0.64143,44600000,12
free-mem,32,0.63912,3200000,12
free-mem,32,0.64211,13500000,12
free-mem,32,0.64028,18300000,12
free-mem,32,0.64032,18600000,12
free-mem,32,0.64123,13600000,12
free-mem,32,0.64173,16500000,12
free-mem,32,0.63963,57300000,12
free-mem,32,0.63961,53000000,12
free-mem,32,0.63993,48700000,12
free-mem,32,0.6398,39200000,12
free-mem,32,0.63997,10400000,12
free-mem,32,0.64192,14500000,12
free-mem,32,0.6406,64100000,12
free-mem,32,0.63861,60800000,12
free-mem,32,0.64051,44800000,12
free-mem,32,0.64239,27100000,12
free-mem,32,0.64175,19700000,12
free-mem,32,0.63969,67000000,12
free-mem,32,0.64387,74800000,12
free-mem,32,0.64316,78900000,12
free-mem,32,0.63985,45800000,12
free-mem,32,0.64289,8300000,12
free-mem,32,0.64116,14400000,12
free-mem,32,0.641,21500000,12
free-mem,32,0.64003,58800000,12
free-mem,32,0.64175,62500000,12
free-mem,32,0.64056,52700000,12
free-mem,32,0.63856,39300000,12
free-mem,32,0.64057,38100000,12
free-mem,32,0.64109,19300000,12
free-mem,32,0.64196,50100000,12
free-mem,32,0.64035,40800000,12
free-mem,32,0.64013,54900000,12
free-mem,32,0.63895,58400000,12
free-mem,32,0.63948,74900000,12
free-mem,32,0.6397,1600000,12
free-mem,32,0.64096,5800000,12
free-mem,32,0.64025,59800000,12
free-mem,32,0.64085,76600000,12
free-mem,32,0.64101,34900000,12
free-mem,32,0.64197,4100000,12
free-mem,32,0.64119,58000000,12
free-mem,32,0.63854,59500000,12
free-mem,32,0.63965,49400000,12
free-mem,32,0.64055,46000000,12
free-mem,32,0.64044,45400000,12
free-mem,32,0.64133,44100000,12
free-mem,32,0.64242,4500000,12
free-mem,32,0.64114,69100000,12
free-mem,32,0.64186,74600000,12
free-mem,32,0.63841,53700000,12
free-mem,32,0.64036,41000000,12
free-mem,32,0.6406,38600000,12
free-mem,32,0.64177,28100000,12
free-mem,32,0.6422,60700000,12
free-mem,32,0.63908,63600000,12
free-mem,32,0.64096,68600000,12
free-mem,32,0.64177,78600000,12
free-mem,32,0.64012,71900000,12
free-mem,32,0.64054,48800000,12
free-mem,32,0.64028,10600000,12
free-mem,32,0.64197,14100000,12
free-mem,32,0.6426,55500000,12
free-mem,32,0.63973,68000000,12
free-mem,32,0.64119,48000000,12
free-mem,32,0.6434,26500000,12
free-mem,32,0.64006,12600000,12
free-mem,32,0.63926,70300000,12
free-mem,32,0.6414,53600000,12
free-mem,32,0.64254,47200000,12
free-mem,32,0.64127,33800000,12
free-mem,32,0.63944,18800000,12
free-mem,32,0.63898,67500000,12
free-mem,32,0.64207,78300000,12
free-mem,32,0.64071,53400000,12
free-mem,32,0.63955,27500000,12
free-mem,32,0.64063,1500000,12
free-mem,32,0.63733,15200000,12
free-mem,32,0.64255,24300000,12
free-mem,32,0.64051,64900000,12
free-mem,32,0.63974,61800000,12
free-mem,32,0.64256,49700000,12
free-mem,32,0.64273,29400000,12
free-mem,32,0.64125,9300000,12
free-mem,32,0.64141,9100000,12
free-mem,32,0.64019,6000000,12
free-mem,32,0.64096,17400000,12
free-mem,32,0.6411,76100000,12
free-mem,32,0.64152,71200000,12
free-mem,32,0.64071,45000000,12
free-mem,32,0.6402,60600000,12
free-mem,32,0.64122,76200000,12
free-mem,32,0.65179,200000,12
free-mem,32,0.63964,12700000,12
free-mem,32,0.63916,62200000,12
free-mem,32,0.6416,63800000,12
free-mem,32,0.64004,67900000,12
free-mem,32,0.64103,33600000,12
free-mem,32,0.63901,27600000,12
free-mem,32,0.64107,30600000,12
free-mem,32,0.64049,28900000,12
free-mem,32,0.64261,26100000,12
free-mem,32,0.63778,15000000,12
free-mem,32,0.63968,61000000,12
free-mem,32,0.64138,66800000,12
free-mem,32,0.64182,35900000,12
free-mem,32,0.6394,6100000,12
free-mem,32,0.63927,14300000,12
free-mem,32,0.64212,62900000,12
free-mem,32,0.64086,63700000,12
free-mem,32,0.63975,47800000,12
free-mem,32,0.63854,42900000,12
free-mem,32,0.63843,46300000,12
hits,256,0.35501,51300000,151
hits,256,0.35415,46200000,151
hits,256,0.35488,40500000,151
hits,256,0.35561,33300000,151
hits,256,0.35422,31400000,151
hits,256,0.27071,3800000,151
hits,256,0.35653,37000000,151
hits,256,0.0,0,151
hits,256,0.57264,400000,151
hits,256,0.27317,3500000,151
hits,256,0.2748,4900000,151
hits,256,0.35662,54600000,151
hits,256,0.35399,73100000,151
hits,256,0.35703,75300000,151
hits,256,0.35479,36600000,151
hits,256,0.35541,30400000,151
hits,256,0.35518,30200000,151
hits,256,0.35589,29000000,151
hits,256,0.35711,24700000,151
hits,256,0.35349,54500000,151
hits,256,0.35544,43800000,151
hits,256,0.3551,33900000,151
hits,256,0.35547,71000000,151
hits,256,0.35293,79400000,151
hits,256,0.35414,36900000,151
hits,256,0.35587,26400000,151
hits,256,0.3217,11500000,151
hits,256,0.31112,9500000,151
hits,256,0.35405,22900000,151
hits,256,0.35505,23800000,151
hits,256,0.35414,62300000,151
hits,256,0.35473,65000000,151
hits,256,0.35604,49600000,151
hits,256,0.35307,42700000,151
hits,256,0.35396,28600000,151
hits,256,0.31282,9200000,151
hits,256,0.45002,1000000,151
hits,256,0.35462,65500000,151
hits,256,0.3533,43300000,151
hits,256,0.35395,40400000,151
hits,256,0.35449,32300000,151
hits,256,0.30023,7800000,151
hits,256,0.3542,23000000,151
hits,256,0.35453,55600000,151
hits,256,0.3557,60200000,151
hits,256,0.43577,1100000,151
hits,256,0.27896,5400000,151
hits,256,0.35474,22300000,151
hits,256,0.35479,55800000,151
hits,256,0.35381,77900000,151
hits,256,0.35515,49900000,151
hits,256,0.35576,43600000,151
hits,256,0.30849,2300000,151
hits,256,0.35474,54700000,151
hits,256,0.35533,56700000,151
hits,256,0.35456,72500000,151
hits,256,0.35493,74000000,151
hits,256,0.35472,53100000,151
hits,256,0.35406,41700000,151
hits,256,0.35387,34200000,151
hits,256,0.3543,27000000,151
hits,256,0.32717,12500000,151
hits,256,0.3062,8700000,151
hits,256,0.35473,60100000,151
hits,256,0.3549,69200000,151
hits,256,0.35615,73500000,151
hits,256,0.35515,46800000,151
hits,256,0.3534,31900000,151
hits,256,0.35372,28200000,151
hits,256,0.35501,1800000,151
hits,256,0.3552,69800000,151
hits,256,0.35386,72300000,151
hits,256,0.35477,79100000,151
hits,256,0.35746,79600000,151
hits,256,0.35323,48300000,151
hits,256,0.35553,39400000,151
hits,256,0.29989,7600000,151
hits,256,0.3158,2200000,151
hits,256,0.60595,300000,151
hits,256,0.34077,14800000,151
hits,256,0.34903,16700000,151
hits,256,0.35377,22100000,151
hits,256,0.35361,79800000,151
hits,256,0.35381,47900000,151
hits,256,0.35485,47700000,151
hits,256,0.35443,40900000,151
hits,256,0.35548,20100000,151
hits,256,0.35507,20300000,151
hits,256,0.35504,57500000,151
hits,256,0.35503,63000000,151
hits,256,0.35482,71500000,151
hits,256,0.30215,8100000,151
hits,256,0.26872,2900000,151
hits,256,0.33451,14000000,151
hits,256,0.3559,22200000,151
hits,256,0.35387,55300000,151
hits,256,0.35422,57400000,151
hits,256,0.35676,67200000,151
hits,256,0.35405,70200000,151
hits,256,0.35363,72100000,151
hits,256,0.35404,78400000,151
hits,256,0.35401,26800000,151
hits,256,0.35568,65800000,151
hits,256,0.35536,67100000,151
hits,256,0.35356,37200000,151
hits,256,0.31916,10900000,151
hits,256,0.34797,16300000,151
hits,256,0.3567,22400000,151
hits,256,0.3546,71800000,151
hits,256,0.35367,72400000,151
hits,256,0.35439,50800000,151
hits,256,0.35574,38500000,151
hits,256,0.35539,29600000,151
hits,256,0.35373,28500000,151
hits,256,0.35418,26700000,151
hits,256,0.35527,75800000,151
hits,256,0.35619,23900000,151
hits,256,0.354,59200000,151
hits,256,0.35464,47500000,151
hits,256,0.35476,42600000,151
hits,256,0.35485,35300000,151
hits,256,0.35361,30700000,151
hits,256,0.35542,72900000,151
hits,256,0.35383,73800000,151
hits,256,0.35492,52100000,151
hits,256,0.35423,38300000,151
hits,256,0.35518,42800000,151
hits,256,0.32838,12300000,151
hits,256,0.28518,6300000,151
hits,256,0.3563,64300000,151
hits,256,0.35627,75400000,151
hits,256,0.35392,75700000,151
hits,256,0.35443,45200000,151
hits,256,0.35566,41900000,151
hits,256,0.35406,37700000,151
hits,256,0.35597,30300000,151
hits,256,0.35409,54200000,151
hits,256,0.35546,55100000,151
hits,256,0.35423,57900000,151
hits,256,0.35424,59400000,151
hits,256,0.35297,70400000,151
hits,256,0.3545,47000000,151
hits,256,0.35498,43100000,151
hits,256,0.35731,35800000,151
hits,256,0.33305,2000000,151
hits,256,0.36041,1700000,151
hits,256,0.41948,1200000,151
hits,256,0.28145,5600000,151
hits,256,0.34187,15500000,151
hits,256,0.35687,20000000,151
hits,256,0.35357,78100000,151
hits,256,0.32709,12400000,151
hits,256,0.30859,8900000,151
hits,256,0.35481,24200000,151
hits,256,0.35455,54300000,151
hits,256,0.35721,58700000,151
hits,256,0.3558,60000000,151
hits,256,0.35569,64500000,151
hits,256,0.35408,48900000,151
hits,256,0.35513,42200000,151
hits,256,0.32493,11800000,151
hits,256,0.34976,17300000,151
hits,256,0.35572,20900000,151
hits,256,0.3551,57600000,151
hits,256,0.3556,63500000,151
hits,256,0.35622,66900000,151
hits,256,0.3548,77100000,151
hits,256,0.3554,31300000,151
hits,256,0.35533,44900000,151
hits,256,0.35508,41800000,151
hits,256,0.35491,39100000,151
hits,256,0.32302,11300000,151
hits,256,0.3121,10200000,151
hits,256,0.39672,1400000,151
hits,256,0.35582,23300000,151
hits,256,0.35405,46400000,151
hits,256,0.35475,31700000,151
hits,256,0.3546,31000000,151
hits,256,0.35587,73700000,151
hits,256,0.35568,61100000,151
hits,256,0.32242,11100000,151
hits,256,0.35456,19400000,151
hits,256,0.35494,57000000,151
hits,256,0.35568,70700000,151
hits,256,0.35627,48100000,151
hits,256,0.3544,69700000,151
hits,256,0.35723,36100000,151
hits,256,0.35375,32400000,151
hits,256,0.35474,18700000,151
hits,256,0.35439,64200000,151
hits,256,0.35461,64400000,151
hits,256,0.35593,73000000,151
hits,256,0.35497,79000000,151
hits,256,0.35463,40700000,151
hits,256,0.28816,6700000,151
hits,256,0.27358,4200000,151
hits,256,0.34947,16900000,151
hits,256,0.35429,50400000,151
hits,256,0.35488,41600000,151
hits,256,0.35298,38900000,151
hits,256,0.35546,37800000,151
hits,256,0.35549,29200000,151
hits,256,0.35549,29100000,151
hits,256,0.31504,10300000,151
hits,256,0.28161,5700000,151
hits,256,0.35464,54100000,151
hits,256,0.35433,45100000,151
hits,256,0.35393,43900000,151
hits,256,0.35512,33100000,151
hits,256,0.35576,63100000,151
hits,256,0.3534,53900000,151
hits,256,0.35469,50700000,151
hits,256,0.46561,900000,151
hits,256,0.35299,18900000,151
hits,256,0.35529,21200000,151
hits,256,0.35518,21300000,151
hits,256,0.35552,57100000,151
hits,256,0.35509,55900000,151
hits,256,0.35396,56900000,151
hits,256,0.35389,70100000,151
hits,256,0.35313,79900000,151
hits,256,0.35461,37300000,151
hits,256,0.35583,53800000,151
hits,256,0.35559,51200000,151
hits,256,0.3548,45700000,151
hits,256,0.35364,27800000,151
hits,256,0.35507,26000000,151
hits,256,0.35721,19100000,151
hits,256,0.35519,21800000,151
hits,256,0.35368,61700000,151
hits,256,0.3545,51500000,151
hits,256,0.35303,38000000,151
hits,256,0.35528,29800000,151
hits,256,0.27548,4000000,151
hits,256,0.27457,4300000,151
hits,256,0.35583,20200000,151
hits,256,0.35368,22700000,151
hits,256,0.35516,65400000,151
hits,256,0.31784,10700000,151
hits,256,0.28268,2700000,151
hits,256,0.34288,15100000,151
hits,256,0.34244,15400000,151
hits,256,0.35338,19000000,151
hits,256,0.35607,73200000,151
hits,256,0.35442,76700000,151
hits,256,0.35463,78700000,151
hits,256,0.35663,79700000,151
hits,256,0.35444,31600000,151
hits,256,0.35499,49100000,151
hits,256,0.35328,42100000,151
hits,256,0.35568,47300000,151
hits,256,0.35594,27200000,151
hits,256,0.32465,11900000,151
hits,256,0.35508,25600000,151
hits,256,0.35455,32600000,151
hits,256,0.28623,6400000,151
hits,256,0.35428,23400000,151
hits,256,0.3538,59000000,151
hits,256,0.35446,62100000,151
hits,256,0.35537,68900000,151
hits,256,0.33309,13900000,151
hits,256,0.34967,17800000,151
hits,256,0.35391,52900000,151
hits,256,0.35474,43500000,151
hits,256,0.2693,3000000,151
hits,256,0.35641,19200000,151
hits,256,0.35564,45500000,151
hits,256,0.2764,4800000,151
hits,256,0.35538,19600000,151
hits,256,0.35473,72000000,151
hits,256,0.35397,75200000,151
hits,256,0.35535,48400000,151
hits,256,0.35618,44500000,151
hits,256,0.35325,34500000,151
hits,256,0.35439,65100000,151
hits,256,0.35477,73300000,151
hits,256,0.35597,79500000,151
hits,256,0.3551,61200000,151
hits,256,0.35522,50000000,151
hits,256,0.35525,36300000,151
hits,256,0.30237,7900000,151
hits,256,0.27687,5100000,151
hits,256,0.3565,74200000,151
hits,256,0.35417,49300000,151
hits,256,0.3553,46900000,151
hits,256,0.29035,6500000,151
hits,256,0.28756,2600000,151
hits,256,0.35435,64600000,151
hits,256,0.35558,53500000,151
hits,256,0.35361,52800000,151
hits,256,0.35502,52400000,151
hits,256,0.35556,51900000,151
hits,256,0.35682,41500000,151
hits,256,0.35507,38200000,151
hits,256,0.3542,31800000,151
hits,256,0.35358,29300000,151
hits,256,0.35485,26900000,151
hits,256,0.3555,69600000,151
hits,256,0.35477,62800000,151
hits,256,0.35476,51400000,151
hits,256,0.2947,7000000,151
hits,256,0.27074,3600000,151
hits,256,0.3365,14200000,151
hits,256,0.35479,55000000,151
hits,256,0.35485,74500000,151
hits,256,0.35498,50600000,151
hits,256,0.35487,30100000,151
hits,256,0.35606,56300000,151
hits,256,0.35381,37900000,151
hits,256,0.32433,12000000,151
hits,256,0.29167,6900000,151
hits,256,0.35461,58100000,151
hits,256,0.35624,58600000,151
hits,256,0.35417,60300000,151
hits,256,0.35624,43200000,151
hits,256,0.31253,10000000,151
hits,256,0.27365,3900000,151
hits,256,0.35364,25200000,151
hits,256,0.35297,56600000,151
hits,256,0.35506,59700000,151
hits,256,0.35478,39600000,151
hits,256,0.27896,5200000,151
hits,256,0.35565,59100000,151
hits,256,0.35715,59300000,151
hits,256,0.35499,66200000,151
hits,256,0.35517,68400000,151
hits,256,0.35745,71700000,151
hits,256,0.3555,72700000,151
hits,256,0.35517,74100000,151
hits,256,0.35639,62700000,151
hits,256,0.35243,17900000,151
hits,256,0.35633,35100000,151
hits,256,0.35407,43000000,151
hits,256,0.35435,22500000,151
hits,256,0.35351,60500000,151
hits,256,0.3559,70900000,151
hits,256,0.35722,76400000,151
hits,256,0.35601,36200000,151
hits,256,0.35504,32500000,151
hits,256,0.35541,26200000,151
hits,256,0.35674,61300000,151
hits,256,0.35353,76300000,151
hits,256,0.35539,46700000,151
hits,256,0.35568,36800000,151
hits,256,0.35665,33400000,151
hits,256,0.33603,13400000,151
hits,256,0.34871,17600000,151
hits,256,0.35594,69400000,151
hits,256,0.35507,47100000,151
hits,256,0.35523,42000000,151
hits,256,0.35729,37400000,151
hits,256,0.35446,28700000,151
hits,256,0.32734,12100000,151
hits,256,0.31378,9900000,151
hits,256,0.33282,13300000,151
hits,256,0.35289,21700000,151
hits,256,0.35458,78200000,151
hits,256,0.35406,53200000,151
hits,256,0.35334,52600000,151
hits,256,0.35375,32100000,151
hits,256,0.35327,31500000,151
hits,256,0.34121,14700000,151
hits,256,0.34504,15900000,151
hits,256,0.35571,66500000,151
hits,256,0.35467,37600000,151
hits,256,0.35372,61400000,151
hits,256,0.35485,61900000,151
hits,256,0.35563,65900000,151
hits,256,0.26902,3100000,151
hits,256,0.34828,17000000,151
hits,256,0.35158,18000000,151
hits,256,0.35491,58900000,151
hits,256,0.35554,70500000,151
hits,256,0.35331,70800000,151
hits,256,0.3458,16000000,151
hits,256,0.33527,13700000,151
hits,256,0.35458,44700000,151
hits,256,0.35316,39500000,151
hits,256,0.35401,40000000,151
hits,256,0.35538,38800000,151
hits,256,0.35623,35500000,151
hits,256,0.35453,27300000,151
hits,256,0.27105,3700000,151
hits,256,0.333,12800000,151
hits,256,0.33692,14600000,151
hits,256,0.35401,74400000,151
hits,256,0.35595,72200000,151
hits,256,0.35409,46600000,151
hits,256,0.35336,46500000,151
hits,256,0.35571,36700000,151
hits,256,0.35412,32000000,151
hits,256,0.35676,63200000,151
hits,256,0.35529,68800000,151
hits,256,0.31015,9400000,151
hits,256,0.34461,1900000,151
hits,256,0.48278,800000,151
hits,256,0.27506,4400000,151
hits,256,0.34554,16400000,151
hits,256,0.35489,68300000,151
hits,256,0.35544,73600000,151
hits,256,0.35375,75000000,151
hits,256,0.35529,76500000,151
hits,256,0.35644,34000000,151
hits,256,0.35428,49200000,151
hits,256,0.35467,31200000,151
hits,256,0.35367,25000000,151
hits,256,0.35591,25100000,151
hits,256,0.35454,28400000,151
hits,256,0.27633,2800000,151
hits,256,0.50235,700000,151
hits,256,0.33527,13800000,151
hits,256,0.35465,22600000,151
hits,256,0.35359,23500000,151
hits,256,0.35494,42300000,151
hits,256,0.35555,40200000,151
hits,256,0.54456,500000,151
hits,256,0.3502,17500000,151
hits,256,0.35484,23100000,151
hits,256,0.35437,55700000,151
hits,256,0.35477,65200000,151
hits,256,0.35584,77600000,151
hits,256,0.32711,12200000,151
hits,256,0.35408,41100000,151
hits,256,0.35648,44200000,151
hits,256,0.35411,33200000,151
hits,256,0.35512,30500000,151
hits,256,0.32603,2100000,151
hits,256,0.35552,56800000,151
hits,256,0.35324,59600000,151
hits,256,0.35467,67700000,151
hits,256,0.35489,73400000,151
hits,256,0.35427,41400000,151
hits,256,0.35471,39800000,151
hits,256,0.35554,34800000,151
hits,256,0.35506,25900000,151
hits,256,0.35294,18100000,151
hits,256,0.35446,64700000,151
hits,256,0.35605,48200000,151
hits,256,0.33191,12900000,151
hits,256,0.35521,30800000,151
hits,256,0.30621,8500000,151
hits,256,0.30301,8000000,151
hits,256,0.35492,50300000,151
hits,256,0.35461,45900000,151
hits,256,0.34956,17700000,151
hits,256,0.35721,24100000,151
hits,256,0.35521,66700000,151
hits,256,0.35541,35700000,151
hits,256,0.28825,6600000,151
hits,256,0.34887,16600000,151
hits,256,0.35679,34600000,151
hits,256,0.35567,28800000,151
hits,256,0.35431,20500000,151
hits,256,0.3555,20800000,151
hits,256,0.35464,24000000,151
hits,256,0.35398,56000000,151
hits,256,0.35467,66600000,151
hits,256,0.35564,72600000,151
hits,256,0.3538,40300000,151
hits,256,0.3017,7700000,151
hits,256,0.29575,7500000,151
hits,256,0.35467,21600000,151
hits,256,0.35324,74700000,151
hits,256,0.35454,28000000,151
hits,256,0.30878,8600000,151
hits,256,0.35515,24500000,151
hits,256,0.35675,77500000,151
hits,256,0.35344,50900000,151
hits,256,0.35678,45300000,151
hits,256,0.35488,56500000,151
hits,256,0.35408,58500000,151
hits,256,0.35514,75500000,151
hits,256,0.35516,78500000,151
hits,256,0.3546,23700000,151
hits,256,0.35399,24400000,151
hits,256,0.35465,54000000,151
hits,256,0.35388,40100000,151
hits,256,0.29435,7200000,151
hits,256,0.3459,16200000,151
hits,256,0.35478,63300000,151
hits,256,0.35508,75600000,151
hits,256,0.35425,47600000,151
hits,256,0.35327,26600000,151
hits,256,0.297,7300000,151
hits,256,0.3439,15300000,151
hits,256,0.35587,21400000,151
hits,256,0.35574,57800000,151
hits,256,0.35478,33500000,151
hits,256,0.35465,56400000,151
hits,256,0.35678,66000000,151
hits,256,0.35412,71300000,151
hits,256,0.3304,13200000,151
hits,256,0.35503,30900000,151
hits,256,0.31579,10500000,151
hits,256,0.29775,7400000,151
hits,256,0.35333,22000000,151
hits,256,0.35629,55200000,151
hits,256,0.35494,50200000,151
hits,256,0.35524,42500000,151
hits,256,0.52124,600000,151
hits,256,0.2703,3300000,151
hits,256,0.27467,4600000,151
hits,256,0.35412,21000000,151
hits,256,0.35539,54400000,151
hits,256,0.35395,58200000,151
hits,256,0.35485,49500000,151
hits,256,0.31402,10100000,151
hits,256,0.31281,9800000,151
hits,256,0.31162,9700000,151
hits,256,0.34958,16800000,151
hits,256,0.35525,19500000,151
hits,256,0.35501,64800000,151
hits,256,0.3547,77800000,151
hits,256,0.3561,78800000,151
hits,256,0.35483,53300000,151
hits,256,0.35482,47400000,151
hits,256,0.31271,9600000,151
hits,256,0.27606,4700000,151
hits,256,0.34925,17200000,151
hits,256,0.35516,20400000,151
hits,256,0.35622,25400000,151
hits,256,0.35407,71400000,151
hits,256,0.35491,70600000,151
hits,256,0.35558,51600000,151
hits,256,0.35419,36400000,151
hits,256,0.30907,9000000,151
hits,256,0.28752,6200000,151
hits,256,0.35399,22800000,151
hits,256,0.35655,55400000,151
hits,256,0.35514,51000000,151
hits,256,0.35419,37500000,151
hits,256,0.35406,29900000,151
hits,256,0.35468,32900000,151
hits,256,0.32001,11400000,151
hits,256,0.31826,10800000,151
hits,256,0.35476,23200000,151
hits,256,0.35553,61600000,151
hits,256,0.35531,76000000,151
hits,256,0.35493,76800000,151
hits,256,0.35362,77700000,151
hits,256,0.35195,17100000,151
hits,256,0.34668,16100000,151
hits,256,0.35358,51800000,151
hits,256,0.35529,45600000,151
hits,256,0.35539,32700000,151
hits,256,0.35434,31100000,151
hits,256,0.32299,11700000,151
hits,256,0.35466,25300000,151
hits,256,0.35611,38700000,151
hits,256,0.33298,13100000,151
hits,256,0.35583,65700000,151
hits,256,0.35382,39900000,151
hits,256,0.3557,34100000,151
hits,256,0.35549,32200000,151
hits,256,0.35455,29700000,151
hits,256,0.35593,62000000,151
hits,256,0.35405,78000000,151
hits,256,0.35437,44400000,151
hits,256,0.35314,27900000,151
hits,256,0.27813,5500000,151
hits,256,0.33116,13000000,151
hits,256,0.35589,21900000,151
hits,256,0.35504,64000000,151
hits,256,0.35485,69300000,151
hits,256,0.35589,75100000,151
hits,256,0.35384,49000000,151
hits,256,0.3553,52300000,151
hits,256,0.35558,34700000,151
hits,256,0.35415,26300000,151
hits,256,0.30653,8800000,151
hits,256,0.2695,3400000,151
hits,256,0.35477,19900000,151
hits,256,0.35281,25500000,151
hits,256,0.35557,77200000,151
hits,256,0.3544,44000000,151
hits,256,0.35514,62400000,151
hits,256,0.35475,67800000,151
hits,256,0.35456,72800000,151
hits,256,0.35466,76900000,151
hits,256,0.3556,43700000,151
hits,256,0.35405,38400000,151
hits,256,0.29384,6800000,151
hits,256,0.35501,54800000,151
hits,256,0.35385,65600000,151
hits,256,0.35268,67400000,151
hits,256,0.35373,68100000,151
hits,256,0.35522,77400000,151
hits,256,0.35304,69500000,151
hits,256,0.35369,42400000,151
hits,256,0.3573,41200000,151
hits,256,0.35493,39700000,151
hits,256,0.32272,11600000,151
hits,256,0.29599,7100000,151
hits,256,0.35621,69900000,151
hits,256,0.35505,52500000,151
hits,256,0.35595,51100000,151
hits,256,0.30404,8400000,151
hits,256,0.35554,56100000,151
hits,256,0.35492,63900000,151
hits,256,0.35309,40600000,151
hits,256,0.34248,14900000,151
hits,256,0.35473,77000000,151
hits,256,0.35575,61500000,151
hits,256,0.35442,52200000,151
hits,256,0.29508,2500000,151
hits,256,0.35454,18500000,151
hits,256,0.35423,68700000,151
hits,256,0.35448,75900000,151
hits,256,0.35355,43400000,151
hits,256,0.35383,37100000,151
hits,256,0.35471,36000000,151
hits,256,0.35476,34400000,151
hits,256,0.35484,62600000,151
hits,256,0.35555,51700000,151
hits,256,0.35453,39000000,151
hits,256,0.35454,33700000,151
hits,256,0.35401,29500000,151
hits,256,0.306,8200000,151
hits,256,0.73732,100000,151
hits,256,0.35572,24600000,151
hits,256,0.35625,59900000,151
hits,256,0.35524,65300000,151
hits,256,0.35351,48600000,151
hits,256,0.35483,48500000,151
hits,256,0.27725,5300000,151
hits,256,0.35304,63400000,151
hits,256,0.35708,66400000,151
hits,256,0.35629,35600000,151
hits,256,0.35518,32800000,151
hits,256,0.35482,27400000,151
hits,256,0.4075,1300000,151
hits,256,0.35546,24900000,151
hits,256,0.35519,58300000,151
hits,256,0.35408,66100000,151
hits,256,0.35574,70000000,151
hits,256,0.35533,71600000,151
hits,256,0.35418,77300000,151
hits,256,0.35697,60900000,151
hits,256,0.35586,35200000,151
hits,256,0.35593,28300000,151
hits,256,0.34446,15700000,151
hits,256,0.35396,79300000,151
hits,256,0.35337,41300000,151
hits,256,0.35538,35400000,151
hits,256,0.31906,11200000,151
hits,256,0.34572,15800000,151
hits,256,0.35468,56200000,151
hits,256,0.35471,69000000,151
hits,256,0.35599,25800000,151
hits,256,0.27682,5000000,151
hits,256,0.35435,19800000,151
hits,256,0.35322,57700000,151
hits,256,0.35588,74300000,151
hits,256,0.35504,79200000,151
hits,256,0.35456,35000000,151
hits,256,0.35543,34300000,151
hits,256,0.35658,30000000,151
hits,256,0.31745,11000000,151
hits,256,0.35215,18200000,151
hits,256,0.35417,21100000,151
hits,256,0.35649,24800000,151
hits,256,0.35629,57200000,151
hits,256,0.35548,68200000,151
hits,256,0.30113,2400000,151
hits,256,0.3566,20700000,151
hits,256,0.35499,44300000,151
hits,256,0.354,36500000,151
hits,256,0.3443,15600000,151
hits,256,0.35071,18400000,151
hits,256,0.35558,23600000,151
hits,256,0.35504,67300000,151
hits,256,0.35508,68500000,151
hits,256,0.35581,52000000,151
hits,256,0.35649,46100000,151
hits,256,0.35655,27700000,151
hits,256,0.35539,25700000,151
hits,256,0.28234,5900000,151
hits,256,0.35565,20600000,151
hits,256,0.35395,66300000,151
hits,256,0.35666,71100000,151
hits,256,0.35414,33000000,151
hits,256,0.35731,60400000,151
hits,256,0.35561,73900000,151
hits,256,0.35587,67600000,151
hits,256,0.35506,50500000,151
hits,256,0.35439,49800000,151
hits,256,0.35537,44600000,151
hits,256,0.26885,3200000,151
hits,256,0.33516,13500000,151
hits,256,0.35161,18300000,151
hits,256,0.35356,18600000,151
hits,256,0.33265,13600000,151
hits,256,0.34913,16500000,151
hits,256,0.35405,57300000,151
hits,256,0.35563,53000000,151
hits,256,0.35406,48700000,151
hits,256,0.35707,39200000,151
hits,256,0.31481,10400000,151
hits,256,0.33825,14500000,151
hits,256,0.35442,64100000,151
hits,256,0.35362,60800000,151
hits,256,0.3535,44800000,151
hits,256,0.3559,27100000,151
hits,256,0.35484,19700000,151
hits,256,0.35675,67000000,151
hits,256,0.35651,74800000,151
hits,256,0.35565,78900000,151
hits,256,0.35496,45800000,151
hits,256,0.30522,8300000,151
hits,256,0.3398,14400000,151
hits,256,0.35503,21500000,151
hits,256,0.35452,58800000,151
hits,256,0.35458,62500000,151
hits,256,0.35505,52700000,151
hits,256,0.35469,39300000,151
hits,256,0.35337,38100000,151
hits,256,0.35513,19300000,151
hits,256,0.3547,50100000,151
hits,256,0.35523,40800000,151
hits,256,0.35467,54900000,151
hits,256,0.35471,58400000,151
hits,256,0.35428,74900000,151
hits,256,0.37185,1600000,151
hits,256,0.28311,5800000,151
hits,256,0.35534,59800000,151
hits,256,0.35646,76600000,151
hits,256,0.35661,34900000,151
hits,256,0.2745,4100000,151
hits,256,0.35455,58000000,151
hits,256,0.35564,59500000,151
hits,256,0.35398,49400000,151
hits,256,0.35525,46000000,151
hits,256,0.35474,45400000,151
hits,256,0.3555,44100000,151
hits,256,0.27485,4500000,151
hits,256,0.35473,69100000,151
hits,256,0.35533,74600000,151
hits,256,0.35551,53700000,151
hits,256,0.354,41000000,151
hits,256,0.35403,38600000,151
hits,256,0.35382,28100000,151
hits,256,0.35422,60700000,151
hits,256,0.35565,63600000,151
hits,256,0.35581,68600000,151
hits,256,0.35512,78600000,151
hits,256,0.35342,71900000,151
hits,256,0.35499,48800000,151
hits,256,0.31779,10600000,151
hits,256,0.33799,14100000,151
hits,256,0.35524,55500000,151
hits,256,0.35491,68000000,151
hits,256,0.35479,48000000,151
hits,256,0.35548,26500000,151
hits,256,0.33011,12600000,151
hits,256,0.35699,70300000,151
hits,256,0.35563,53600000,151
hits,256,0.3558,47200000,151
hits,256,0.35422,33800000,151
hits,256,0.35381,18800000,151
hits,256,0.35478,67500000,151
hits,256,0.35425,78300000,151
hits,256,0.3546,53400000,151
hits,256,0.35742,27500000,151
hits,256,0.3841,1500000,151
hits,256,0.33916,15200000,151
hits,256,0.35421,24300000,151
hits,256,0.35578,64900000,151
hits,256,0.35574,61800000,151
hits,256,0.35602,49700000,151
hits,256,0.35405,29400000,151
hits,256,0.30848,9300000,151
hits,256,0.30729,9100000,151
hits,256,0.28257,6000000,151
hits,256,0.35249,17400000,151
hits,256,0.35454,76100000,151
hits,256,0.35501,71200000,151
hits,256,0.35541,45000000,151
hits,256,0.3556,60600000,151
hits,256,0.35501,76200000,151
hits,256,0.64834,200000,151
hits,256,0.3289,12700000,151
hits,256,0.35424,62200000,151
hits,256,0.35381,63800000,151
hits,256,0.35551,67900000,151
hits,256,0.35447,33600000,151
hits,256,0.35516,27600000,151
hits,256,0.35427,30600000,151
hits,256,0.35449,28900000,151
hits,256,0.35658,26100000,151
hits,256,0.34152,15000000,151
hits,256,0.35444,61000000,151
hits,256,0.35523,66800000,151
hits,256,0.35641,35900000,151
hits,256,0.28502,6100000,151
hits,256,0.33797,14300000,151
hits,256,0.35628,62900000,151
hits,256,0.35448,63700000,151
hits,256,0.35519,47800000,151
hits,256,0.35414,42900000,151
hits,256,0.35463,46300000,151
hits,64,0.56616,51300000,23
hits,64,0.5667,46200000,23
hits,64,0.56561,40500000,23
hits,64,0.56432,33300000,23
hits,64,0.56469,31400000,23
hits,64,0.56492,3800000,23
hits,64,0.56709,37000000,23
hits,64,0.0,0,23
hits,64,0.57386,400000,23
hits,64,0.56767,3500000,23
hits,64,0.56505,4900000,23
hits,64,0.56665,54600000,23
hits,64,0.5651,73100000,23
hits,64,0.56421,75300000,23
hits,64,0.5648,36600000,23
hits,64,0.56716,30400000,23
hits,64,0.56705,30200000,23
hits,64,0.56533,29000000,23
hits,64,0.56666,24700000,23
hits,64,0.5651,54500000,23
hits,64,0.5646,43800000,23
hits,64,0.56836,33900000,23
hits,64,0.56493,71000000,23
hits,64,0.56557,79400000,23
hits,64,0.56308,36900000,23
hits,64,0.56822,26400000,23
hits,64,0.5674,11500000,23
hits,64,0.56621,9500000,23
hits,64,0.56484,22900000,23
hits,64,0.56353,23800000,23
hits,64,0.56501,62300000,23
hits,64,0.56697,65000000,23
hits,64,0.56582,49600000,23
hits,64,0.56366,42700000,23
hits,64,0.56557,28600000,23
hits,64,0.56577,9200000,23
hits,64,0.56016,1000000,23
hits,64,0.56688,65500000,23
hits,64,0.56463,43300000,23
hits,64,0.56439,40400000,23
hits,64,0.5656,32300000,23
hits,64,0.56506,7800000,23
hits,64,0.56499,23000000,23
hits,64,0.5657,55600000,23
hits,64,0.56487,60200000,23
hits,64,0.5607,1100000,23
hits,64,0.56535,5400000,23
hits,64,0.56632,22300000,23
hits,64,0.56491,55800000,23
hits,64,0.56463,77900000,23
hits,64,0.56451,49900000,23
hits,64,0.56667,43600000,23
hits,64,0.56614,2300000,23
hits,64,0.56525,54700000,23
hits,64,0.56657,56700000,23
hits,64,0.5654,72500000,23
hits,64,0.56621,74000000,23
hits,64,0.56577,53100000,23
hits,64,0.56625,41700000,23
hits,64,0.56524,34200000,23
hits,64,0.56414,27000000,23
hits,64,0.56583,12500000,23
hits,64,0.56582,8700000,23
hits,64,0.56403,60100000,23
hits,64,0.56593,69200000,23
hits,64,0.5669,73500000,23
hits,64,0.56668,46800000,23
hits,64,0.56532,31900000,23
hits,64,0.5642,28200000,23
hits,64,0.56462,1800000,23
hits,64,0.56568,69800000,23
hits,64,0.56639,72300000,23
hits,64,0.56605,79100000,23
hits,64,0.56581,79600000,23
hits,64,0.56479,48300000,23
hits,64,0.56641,39400000,23
hits,64,0.56418,7600000,23
hits,64,0.56601,2200000,23
hits,64,0.60595,300000,23
hits,64,0.56451,14800000,23
hits,64,0.56614,16700000,23
hits,64,0.566,22100000,23
hits,64,0.56537,79800000,23
hits,64,0.56477,47900000,23
hits,64,0.56373,47700000,23
hits,64,0.56436,40900000,23
hits,64,0.56396,20100000,23
hits,64,0.56474,20300000,23
hits,64,0.56483,57500000,23
hits,64,0.56383,63000000,23
hits,64,0.56784,71500000,23
hits,64,0.5667,8100000,23
hits,64,0.56268,2900000,23
hits,64,0.56494,14000000,23
hits,64,0.56691,22200000,23
hits,64,0.56618,55300000,23
hits,64,0.56599,57400000,23
hits,64,0.56697,67200000,23
hits,64,0.56407,70200000,23
hits,64,0.56545,72100000,23
hits,64,0.56351,78400000,23
hits,64,0.56459,26800000,23
hits,64,0.56391,65800000,23
hits,64,0.56577,67100000,23
hits,64,0.56606,37200000,23
hits,64,0.56546,10900000,23
hits,64,0.56567,16300000,23
hits,64,0.56716,22400000,23
hits,64,0.56687,71800000,23
hits,64,0.56568,72400000,23
hits,64,0.56243,50800000,23
hits,64,0.56642,38500000,23
hits,64,0.56454,29600000,23
hits,64,0.56574,28500000,23
hits,64,0.56527,26700000,23
hits,64,0.5651,75800000,23
hits,64,0.56516,23900000,23
hits,64,0.5662,59200000,23
hits,64,0.566,47500000,23
hits,64,0.56451,42600000,23
hits,64,0.56367,35300000,23
hits,64,0.56647,30700000,23
hits,64,0.56703,72900000,23
hits,64,0.56544,73800000,23
hits,64,0.56449,52100000,23
hits,64,0.5652,38300000,23
hits,64,0.56514,42800000,23
hits,64,0.56377,12300000,23
hits,64,0.56498,6300000,23
hits,64,0.56521,64300000,23
hits,64,0.56563,75400000,23
hits,64,0.56624,75700000,23
hits,64,0.5652,45200000,23
hits,64,0.56804,41900000,23
hits,64,0.56671,37700000,23
hits,64,0.56661,30300000,23
hits,64,0.56506,54200000,23
hits,64,0.5648,55100000,23
hits,64,0.56718,57900000,23
hits,64,0.56344,59400000,23
hits,64,0.56601,70400000,23
hits,64,0.56733,47000000,23
hits,64,0.56459,43100000,23
hits,64,0.56776,35800000,23
hits,64,0.56516,2000000,23
hits,64,0.56201,1700000,23
hits,64,0.55973,1200000,23
hits,64,0.56569,5600000,23
hits,64,0.56584,15500000,23
hits,64,0.56474,20000000,23
hits,64,0.56671,78100000,23
hits,64,0.56596,12400000,23
hits,64,0.56592,8900000,23
hits,64,0.56477,24200000,23
hits,64,0.56664,54300000,23
hits,64,0.56636,58700000,23
hits,64,0.56462,60000000,23
hits,64,0.56732,64500000,23
hits,64,0.56472,48900000,23
hits,64,0.56591,42200000,23
hits,64,0.56413,11800000,23
hits,64,0.56484,17300000,23
hits,64,0.56559,20900000,23
hits,64,0.56654,57600000,23
hits,64,0.56691,63500000,23
hits,64,0.56597,66900000,23
hits,64,0.56575,77100000,23
hits,64,0.56601,31300000,23
hits,64,0.56564,44900000,23
hits,64,0.56652,41800000,23
hits,64,0.56655,39100000,23
hits,64,0.56536,11300000,23
hits,64,0.56405,10200000,23
hits,64,0.56242,1400000,23
hits,64,0.5656,23300000,23
hits,64,0.56658,46400000,23
hits,64,0.56394,31700000,23
hits,64,0.56448,31000000,23
hits,64,0.56512,73700000,23
hits,64,0.56752,61100000,23
hits,64,0.56616,11100000,23
hits,64,0.56632,19400000,23
hits,64,0.56578,57000000,23
hits,64,0.56625,70700000,23
hits,64,0.56648,48100000,23
hits,64,0.56565,69700000,23
hits,64,0.56708,36100000,23
hits,64,0.56593,32400000,23
hits,64,0.56422,18700000,23
hits,64,0.56495,64200000,23
hits,64,0.56572,64400000,23
hits,64,0.56681,73000000,23
hits,64,0.56413,79000000,23
hits,64,0.56444,40700000,23
hits,64,0.56511,6700000,23
hits,64,0.56421,4200000,23
hits,64,0.56619,16900000,23
hits,64,0.56699,50400000,23
hits,64,0.56577,41600000,23
hits,64,0.56381,38900000,23
hits,64,0.56493,37800000,23
hits,64,0.56582,29200000,23
hits,64,0.56377,29100000,23
hits,64,0.56558,10300000,23
hits,64,0.56602,5700000,23
hits,64,0.56333,54100000,23
hits,64,0.56285,45100000,23
hits,64,0.56374,43900000,23
hits,64,0.56524,33100000,23
hits,64,0.56645,63100000,23
hits,64,0.5666,53900000,23
hits,64,0.56485,50700000,23
hits,64,0.56016,900000,23
hits,64,0.56436,18900000,23
hits,64,0.56427,21200000,23
hits,64,0.56771,21300000,23
hits,64,0.5652,57100000,23
hits,64,0.56537,55900000,23
hits,64,0.56551,56900000,23
hits,64,0.56742,70100000,23
hits,64,0.56391,79900000,23
hits,64,0.5649,37300000,23
hits,64,0.56448,53800000,23
hits,64,0.56679,51200000,23
hits,64,0.56497,45700000,23
hits,64,0.56619,27800000,23
hits,64,0.56379,26000000,23
hits,64,0.56619,19100000,23
hits,64,0.56406,21800000,23
hits,64,0.56632,61700000,23
hits,64,0.56391,51500000,23
hits,64,0.5657,38000000,23
hits,64,0.56532,29800000,23
hits,64,0.56637,4000000,23
hits,64,0.56532,4300000,23
hits,64,0.56488,20200000,23
hits,64,0.56506,22700000,23
hits,64,0.56559,65400000,23
hits,64,0.56683,10700000,23
hits,64,0.56598,2700000,23
hits,64,0.56651,15100000,23
hits,64,0.56737,15400000,23
hits,64,0.56258,19000000,23
hits,64,0.5648,73200000,23
hits,64,0.56743,76700000,23
hits,64,0.5646,78700000,23
hits,64,0.56593,79700000,23
hits,64,0.56621,31600000,23
hits,64,0.56512,49100000,23
hits,64,0.56373,42100000,23
hits,64,0.56734,47300000,23
hits,64,0.56382,27200000,23
hits,64,0.56605,11900000,23
hits,64,0.56803,25600000,23
hits,64,0.56352,32600000,23
hits,64,0.56415,6400000,23
hits,64,0.56501,23400000,23
hits,64,0.5643,59000000,23
hits,64,0.56484,62100000,23
hits,64,0.56596,68900000,23
hits,64,0.56404,13900000,23
hits,64,0.56493,17800000,23
hits,64,0.56576,52900000,23
hits,64,0.56453,43500000,23
hits,64,0.56591,3000000,23
hits,64,0.56464,19200000,23
hits,64,0.5657,45500000,23
hits,64,0.56559,4800000,23
hits,64,0.56402,19600000,23
hits,64,0.56537,72000000,23
hits,64,0.56492,75200000,23
hits,64,0.56407,48400000,23
hits,64,0.56689,44500000,23
hits,64,0.56451,34500000,23
hits,64,0.56596,65100000,23
hits,64,0.56435,73300000,23
hits,64,0.56767,79500000,23
hits,64,0.56536,61200000,23
hits,64,0.56592,50000000,23
hits,64,0.564,36300000,23
hits,64,0.56576,7900000,23
hits,64,0.56545,5100000,23
hits,64,0.56619,74200000,23
hits,64,0.56372,49300000,23
hits,64,0.56672,46900000,23
hits,64,0.56464,6500000,23
hits,64,0.56405,2600000,23
hits,64,0.56594,64600000,23
hits,64,0.56507,53500000,23
hits,64,0.56568,52800000,23
hits,64,0.56555,52400000,23
hits,64,0.56451,51900000,23
hits,64,0.56428,41500000,23
hits,64,0.56784,38200000,23
hits,64,0.56563,31800000,23
hits,64,0.56554,29300000,23
hits,64,0.56443,26900000,23
hits,64,0.56699,69600000,23
hits,64,0.56605,62800000,23
hits,64,0.56493,51400000,23
hits,64,0.56585,7000000,23
hits,64,0.56462,3600000,23
hits,64,0.56281,14200000,23
hits,64,0.56432,55000000,23
hits,64,0.56507,74500000,23
hits,64,0.56533,50600000,23
hits,64,0.56671,30100000,23
hits,64,0.56674,56300000,23
hits,64,0.56501,37900000,23
hits,64,0.56599,12000000,23
hits,64,0.56641,6900000,23
hits,64,0.56676,58100000,23
hits,64,0.56586,58600000,23
hits,64,0.56571,60300000,23
hits,64,0.56635,43200000,23
hits,64,0.56554,10000000,23
hits,64,0.56569,3900000,23
hits,64,0.56346,25200000,23
hits,64,0.56455,56600000,23
hits,64,0.56686,59700000,23
hits,64,0.56492,39600000,23
hits,64,0.56761,5200000,23
hits,64,0.56453,59100000,23
hits,64,0.56667,59300000,23
hits,64,0.56545,66200000,23
hits,64,0.5652,68400000,23
hits,64,0.567,71700000,23
hits,64,0.56455,72700000,23
hits,64,0.56533,74100000,23
hits,64,0.56464,62700000,23
hits,64,0.56615,17900000,23
hits,64,0.56489,35100000,23
hits,64,0.56459,43000000,23
hits,64,0.56481,22500000,23
hits,64,0.56576,60500000,23
hits,64,0.56482,70900000,23
hits,64,0.5649,76400000,23
hits,64,0.56644,36200000,23
hits,64,0.56552,32500000,23
hits,64,0.56505,26200000,23
hits,64,0.5661,61300000,23
hits,64,0.56553,76300000,23
hits,64,0.56486,46700000,23
hits,64,0.56561,36800000,23
hits,64,0.56512,33400000,23
hits,64,0.56429,13400000,23
hits,64,0.56434,17600000,23
hits,64,0.56625,69400000,23
hits,64,0.56547,47100000,23
hits,64,0.56591,42000000,23
hits,64,0.56519,37400000,23
hits,64,0.56536,28700000,23
hits,64,0.56612,12100000,23
hits,64,0.5652,9900000,23
hits,64,0.56581,13300000,23
hits,64,0.5644,21700000,23
hits,64,0.56344,78200000,23
hits,64,0.56453,53200000,23
hits,64,0.56486,52600000,23
hits,64,0.5654,32100000,23
hits,64,0.56665,31500000,23
hits,64,0.5646,14700000,23
hits,64,0.56499,15900000,23
hits,64,0.56578,66500000,23
hits,64,0.56334,37600000,23
hits,64,0.56519,61400000,23
hits,64,0.56494,61900000,23
hits,64,0.56383,65900000,23
hits,64,0.56634,3100000,23
hits,64,0.56276,17000000,23
hits,64,0.56464,18000000,23
hits,64,0.56763,58900000,23
hits,64,0.5642,70500000,23
hits,64,0.56438,70800000,23
hits,64,0.56592,16000000,23
hits,64,0.56417,13700000,23
hits,64,0.56526,44700000,23
hits,64,0.56563,39500000,23
hits,64,0.56667,40000000,23
hits,64,0.56513,38800000,23
hits,64,0.56669,35500000,23
hits,64,0.56603,27300000,23
hits,64,0.56671,3700000,23
hits,64,0.56521,12800000,23
hits,64,0.56471,14600000,23
hits,64,0.56552,74400000,23
hits,64,0.56614,72200000,23
hits,64,0.56461,46600000,23
hits,64,0.56454,46500000,23
hits,64,0.56671,36700000,23
hits,64,0.56547,32000000,23
hits,64,0.56432,63200000,23
hits,64,0.56575,68800000,23
hits,64,0.56434,9400000,23
hits,64,0.56392,1900000,23
hits,64,0.56061,800000,23
hits,64,0.56652,4400000,23
hits,64,0.56346,16400000,23
hits,64,0.56322,68300000,23
hits,64,0.56681,73600000,23
hits,64,0.5678,75000000,23
hits,64,0.56547,76500000,23
hits,64,0.56714,34000000,23
hits,64,0.56554,49200000,23
hits,64,0.5663,31200000,23
hits,64,0.56626,25000000,23
hits,64,0.56546,25100000,23
hits,64,0.56532,28400000,23
hits,64,0.56509,2800000,23
hits,64,0.56247,700000,23
hits,64,0.56549,13800000,23
hits,64,0.56483,22600000,23
hits,64,0.56451,23500000,23
hits,64,0.56529,42300000,23
hits,64,0.56532,40200000,23
hits,64,0.56278,500000,23
hits,64,0.56527,17500000,23
hits,64,0.56474,23100000,23
hits,64,0.56545,55700000,23
hits,64,0.56705,65200000,23
hits,64,0.56653,77600000,23
hits,64,0.56577,12200000,23
hits,64,0.56375,41100000,23
hits,64,0.56567,44200000,23
hits,64,0.56575,33200000,23
hits,64,0.56482,30500000,23
hits,64,0.56383,2100000,23
hits,64,0.5655,56800000,23
hits,64,0.56338,59600000,23
hits,64,0.5656,67700000,23
hits,64,0.56631,73400000,23
hits,64,0.56487,41400000,23
hits,64,0.56591,39800000,23
hits,64,0.56488,34800000,23
hits,64,0.56551,25900000,23
hits,64,0.56728,18100000,23
hits,64,0.56632,64700000,23
hits,64,0.5673,48200000,23
hits,64,0.56555,12900000,23
hits,64,0.56726,30800000,23
hits,64,0.56532,8500000,23
hits,64,0.56521,8000000,23
hits,64,0.56414,50300000,23
hits,64,0.5659,45900000,23
hits,64,0.56516,17700000,23
hits,64,0.56649,24100000,23
hits,64,0.56689,66700000,23
hits,64,0.56369,35700000,23
hits,64,0.56571,6600000,23
hits,64,0.56617,16600000,23
hits,64,0.56524,34600000,23
hits,64,0.56553,28800000,23
hits,64,0.56588,20500000,23
hits,64,0.56528,20800000,23
hits,64,0.56436,24000000,23
hits,64,0.56581,56000000,23
hits,64,0.56447,66600000,23
hits,64,0.56621,72600000,23
hits,64,0.56439,40300000,23
hits,64,0.56519,7700000,23
hits,64,0.56546,7500000,23
hits,64,0.56541,21600000,23
hits,64,0.56588,74700000,23
hits,64,0.56847,28000000,23
hits,64,0.56554,8600000,23
hits,64,0.56531,24500000,23
hits,64,0.56493,77500000,23
hits,64,0.56616,50900000,23
hits,64,0.56548,45300000,23
hits,64,0.56585,56500000,23
hits,64,0.56444,58500000,23
hits,64,0.56465,75500000,23
hits,64,0.56531,78500000,23
hits,64,0.56331,23700000,23
hits,64,0.56424,24400000,23
hits,64,0.56595,54000000,23
hits,64,0.56452,40100000,23
hits,64,0.56375,7200000,23
hits,64,0.56592,16200000,23
hits,64,0.56678,63300000,23
hits,64,0.56586,75600000,23
hits,64,0.56479,47600000,23
hits,64,0.56321,26600000,23
hits,64,0.56523,7300000,23
hits,64,0.56594,15300000,23
hits,64,0.5671,21400000,23
hits,64,0.56601,57800000,23
hits,64,0.56594,33500000,23
hits,64,0.56665,56400000,23
hits,64,0.56579,66000000,23
hits,64,0.56403,71300000,23
hits,64,0.56331,13200000,23
hits,64,0.56732,30900000,23
hits,64,0.56631,10500000,23
hits,64,0.56559,7400000,23
hits,64,0.56812,22000000,23
hits,64,0.56598,55200000,23
hits,64,0.56467,50200000,23
hits,64,0.56572,42500000,23
hits,64,0.56279,600000,23
hits,64,0.56517,3300000,23
hits,64,0.56564,4600000,23
hits,64,0.56508,21000000,23
hits,64,0.56557,54400000,23
hits,64,0.56446,58200000,23
hits,64,0.56499,49500000,23
hits,64,0.56597,10100000,23
hits,64,0.56586,9800000,23
hits,64,0.56512,9700000,23
hits,64,0.56696,16800000,23
hits,64,0.56421,19500000,23
hits,64,0.56205,64800000,23
hits,64,0.56377,77800000,23
hits,64,0.56554,78800000,23
hits,64,0.56468,53300000,23
hits,64,0.56658,47400000,23
hits,64,0.56441,9600000,23
hits,64,0.56585,4700000,23
hits,64,0.56471,17200000,23
hits,64,0.56516,20400000,23
hits,64,0.56576,25400000,23
hits,64,0.5638,71400000,23
hits,64,0.56745,70600000,23
hits,64,0.56408,51600000,23
hits,64,0.56636,36400000,23
hits,64,0.56745,9000000,23
hits,64,0.56619,6200000,23
hits,64,0.56552,22800000,23
hits,64,0.56765,55400000,23
hits,64,0.56516,51000000,23
hits,64,0.56546,37500000,23
hits,64,0.56541,29900000,23
hits,64,0.56471,32900000,23
hits,64,0.56697,11400000,23
hits,64,0.56522,10800000,23
hits,64,0.56474,23200000,23
hits,64,0.56399,61600000,23
hits,64,0.56422,76000000,23
hits,64,0.56524,76800000,23
hits,64,0.56422,77700000,23
hits,64,0.56896,17100000,23
hits,64,0.5654,16100000,23
hits,64,0.56465,51800000,23
hits,64,0.56592,45600000,23
hits,64,0.56672,32700000,23
hits,64,0.56491,31100000,23
hits,64,0.56467,11700000,23
hits,64,0.56598,25300000,23
hits,64,0.56495,38700000,23
hits,64,0.56585,13100000,23
hits,64,0.56495,65700000,23
hits,64,0.56411,39900000,23
hits,64,0.567,34100000,23
hits,64,0.56628,32200000,23
hits,64,0.56544,29700000,23
hits,64,0.5639,62000000,23
hits,64,0.56459,78000000,23
hits,64,0.56546,44400000,23
hits,64,0.56503,27900000,23
hits,64,0.56481,5500000,23
hits,64,0.56576,13000000,23
hits,64,0.56675,21900000,23
hits,64,0.56763,64000000,23
hits,64,0.56475,69300000,23
hits,64,0.5661,75100000,23
hits,64,0.56314,49000000,23
hits,64,0.56424,52300000,23
hits,64,0.56765,34700000,23
hits,64,0.56371,26300000,23
hits,64,0.56514,8800000,23
hits,64,0.56665,3400000,23
hits,64,0.56295,19900000,23
hits,64,0.56409,25500000,23
hits,64,0.56563,77200000,23
hits,64,0.56501,44000000,23
hits,64,0.56493,62400000,23
hits,64,0.56425,67800000,23
hits,64,0.56334,72800000,23
hits,64,0.56809,76900000,23
hits,64,0.56454,43700000,23
hits,64,0.56503,38400000,23
hits,64,0.56543,6800000,23
hits,64,0.56476,54800000,23
hits,64,0.56471,65600000,23
hits,64,0.56492,67400000,23
hits,64,0.56382,68100000,23
hits,64,0.56442,77400000,23
hits,64,0.56538,69500000,23
hits,64,0.56545,42400000,23
hits,64,0.56536,41200000,23
hits,64,0.56621,39700000,23
hits,64,0.56347,11600000,23
hits,64,0.56424,7100000,23
hits,64,0.5645,69900000,23
hits,64,0.56551,52500000,23
hits,64,0.56567,51100000,23
hits,64,0.56468,8400000,23
hits,64,0.56583,56100000,23
hits,64,0.56586,63900000,23
hits,64,0.56416,40600000,23
hits,64,0.56593,14900000,23
hits,64,0.56275,77000000,23
hits,64,0.56478,61500000,23
hits,64,0.56514,52200000,23
hits,64,0.56567,2500000,23
hits,64,0.56574,18500000,23
hits,64,0.56659,68700000,23
hits,64,0.56426,75900000,23
hits,64,0.56304,43400000,23
hits,64,0.56471,37100000,23
hits,64,0.56455,36000000,23
hits,64,0.56551,34400000,23
hits,64,0.56464,62600000,23
hits,64,0.56559,51700000,23
hits,64,0.56501,39000000,23
hits,64,0.56522,33700000,23
hits,64,0.56514,29500000,23
hits,64,0.56477,8200000,23
hits,64,0.73732,100000,23
hits,64,0.5638,24600000,23
hits,64,0.5645,59900000,23
hits,64,0.56683,65300000,23
hits,64,0.56302,48600000,23
hits,64,0.56678,48500000,23
hits,64,0.56388,5300000,23
hits,64,0.56626,63400000,23
hits,64,0.56713,66400000,23
hits,64,0.56647,35600000,23
hits,64,0.56426,32800000,23
hits,64,0.56399,27400000,23
hits,64,0.55909,1300000,23
hits,64,0.56525,24900000,23
hits,64,0.56652,58300000,23
hits,64,0.56501,66100000,23
hits,64,0.56613,70000000,23
hits,64,0.56664,71600000,23
hits,64,0.56676,77300000,23
hits,64,0.56566,60900000,23
hits,64,0.5665,35200000,23
hits,64,0.56651,28300000,23
hits,64,0.56654,15700000,23
hits,64,0.5649,79300000,23
hits,64,0.56621,41300000,23
hits,64,0.56703,35400000,23
hits,64,0.56341,11200000,23
hits,64,0.56729,15800000,23
hits,64,0.56352,56200000,23
hits,64,0.56549,69000000,23
hits,64,0.56525,25800000,23
hits,64,0.56602,5000000,23
hits,64,0.56613,19800000,23
hits,64,0.56565,57700000,23
hits,64,0.56573,74300000,23
hits,64,0.56692,79200000,23
hits,64,0.56614,35000000,23
hits,64,0.56539,34300000,23
hits,64,0.56723,30000000,23
hits,64,0.5652,11000000,23
hits,64,0.56604,18200000,23
hits,64,0.56578,21100000,23
hits,64,0.5656,24800000,23
hits,64,0.56769,57200000,23
hits,64,0.56568,68200000,23
hits,64,0.56557,2400000,23
hits,64,0.56427,20700000,23
hits,64,0.5642,44300000,23
hits,64,0.56649,36500000,23
hits,64,0.5648,15600000,23
hits,64,0.56422,18400000,23
hits,64,0.56675,23600000,23
hits,64,0.565,67300000,23
hits,64,0.56532,68500000,23
hits,64,0.56498,52000000,23
hits,64,0.56708,46100000,23
hits,64,0.56591,27700000,23
hits,64,0.56641,25700000,23
hits,64,0.5646,5900000,23
hits,64,0.56583,20600000,23
hits,64,0.56441,66300000,23
hits,64,0.56441,71100000,23
hits,64,0.56237,33000000,23
hits,64,0.56561,60400000,23
hits,64,0.56384,73900000,23
hits,64,0.56678,67600000,23
hits,64,0.56613,50500000,23
hits,64,0.56597,49800000,23
hits,64,0.56628,44600000,23
hits,64,0.56482,3200000,23
hits,64,0.56666,13500000,23
hits,64,0.56418,18300000,23
hits,64,0.56487,18600000,23
hits,64,0.56542,13600000,23
hits,64,0.567,16500000,23
hits,64,0.56591,57300000,23
hits,64,0.56471,53000000,23
hits,64,0.56362,48700000,23
hits,64,0.56413,39200000,23
hits,64,0.56502,10400000,23
hits,64,0.56652,14500000,23
hits,64,0.56556,64100000,23
hits,64,0.5644,60800000,23
hits,64,0.56521,44800000,23
hits,64,0.56654,27100000,23
hits,64,0.56624,19700000,23
hits,64,0.56554,67000000,23
hits,64,0.56718,74800000,23
hits,64,0.56878,78900000,23
hits,64,0.56648,45800000,23
hits,64,0.56686,8300000,23
hits,64,0.56675,14400000,23
hits,64,0.56512,21500000,23
hits,64,0.5661,58800000,23
hits,64,0.56438,62500000,23
hits,64,0.56495,52700000,23
hits,64,0.56462,39300000,23
hits,64,0.56471,38100000,23
hits,64,0.56526,19300000,23
hits,64,0.56611,50100000,23
hits,64,0.56506,40800000,23
hits,64,0.56574,54900000,23
hits,64,0.56338,58400000,23
hits,64,0.5651,74900000,23
hits,64,0.56103,1600000,23
hits,64,0.56553,5800000,23
hits,64,0.56592,59800000,23
hits,64,0.56725,76600000,23
hits,64,0.56554,34900000,23
hits,64,0.56611,4100000,23
hits,64,0.5655,58000000,23
hits,64,0.56452,59500000,23
hits,64,0.56471,49400000,23
hits,64,0.56643,46000000,23
hits,64,0.56417,45400000,23
hits,64,0.56633,44100000,23
hits,64,0.56666,4500000,23
hits,64,0.566,69100000,23
hits,64,0.56691,74600000,23
hits,64,0.56332,53700000,23
hits,64,0.56383,41000000,23
hits,64,0.56542,38600000,23
hits,64,0.567,28100000,23
hits,64,0.56636,60700000,23
hits,64,0.56368,63600000,23
hits,64,0.56644,68600000,23
hits,64,0.56606,78600000,23
hits,64,0.56483,71900000,23
hits,64,0.56587,48800000,23
hits,64,0.56537,10600000,23
hits,64,0.56668,14100000,23
hits,64,0.56591,55500000,23
hits,64,0.56499,68000000,23
hits,64,0.56645,48000000,23
hits,64,0.56785,26500000,23
hits,64,0.56576,12600000,23
hits,64,0.56525,70300000,23
hits,64,0.56765,53600000,23
hits,64,0.56769,47200000,23
hits,64,0.56488,33800000,23
hits,64,0.56415,18800000,23
hits,64,0.56319,67500000,23
hits,64,0.56693,78300000,23
hits,64,0.56534,53400000,23
hits,64,0.56611,27500000,23
hits,64,0.56143,1500000,23
hits,64,0.56446,15200000,23
hits,64,0.56647,24300000,23
hits,64,0.56454,64900000,23
hits,64,0.56338,61800000,23
hits,64,0.56628,49700000,23
hits,64,0.56715,29400000,23
hits,64,0.56452,9300000,23
hits,64,0.56576,9100000,23
hits,64,0.5654,6000000,23
hits,64,0.56706,17400000,23
hits,64,0.56553,76100000,23
hits,64,0.56626,71200000,23
hits,64,0.56407,45000000,23
hits,64,0.56463,60600000,23
hits,64,0.56474,76200000,23
hits,64,0.64834,200000,23
hits,64,0.5644,12700000,23
hits,64,0.56352,62200000,23
hits,64,0.56655,63800000,23
hits,64,0.56487,67900000,23
hits,64,0.56517,33600000,23
hits,64,0.56399,27600000,23
hits,64,0.56637,30600000,23
hits,64,0.56441,28900000,23
hits,64,0.56567,26100000,23
hits,64,0.56451,15000000,23
hits,64,0.56387,61000000,23
hits,64,0.56623,66800000,23
hits,64,0.56602,35900000,23
hits,64,0.56362,6100000,23
hits,64,0.56521,14300000,23
hits,64,0.56707,62900000,23
hits,64,0.56717,63700000,23
hits,64,0.56584,47800000,23
hits,64,0.5639,42900000,23
hits,64,0.56404,46300000,23
tail-age,64,0.56552,51300000,13
tail-age,64,0.5655,46200000,13
tail-age,64,0.56541,40500000,13
tail-age,64,0.56305,33300000,13
tail-age,64,0.56392,31400000,13
tail-age,64,0.5658,3800000,13
tail-age,64,0.56735,37000000,13
tail-age,64,0.0,0,13
tail-age,64,0.57386,400000,13
tail-age,64,0.56774,3500000,13
tail-age,64,0.56449,4900000,13
tail-age,64,0.56616,54600000,13
tail-age,64,0.56367,73100000,13
tail-age,64,0.56448,75300000,13
tail-age,64,0.56369,36600000,13
tail-age,64,0.56656,30400000,13
tail-age,64,0.56574,30200000,13
tail-age,64,0.56364,29000000,13
tail-age,64,0.56664,24700000,13
tail-age,64,0.56371,54500000,13
tail-age,64,0.56473,43800000,13
tail-age,64,0.56655,33900000,13
tail-age,64,0.5642,71000000,13
tail-age,64,0.5632,79400000,13
tail-age,64,0.56249,36900000,13
tail-age,64,0.5666,26400000,13
tail-age,64,0.56764,11500000,13
tail-age,64,0.56533,9500000,13
tail-age,64,0.56379,22900000,13
tail-age,64,0.56332,23800000,13
tail-age,64,0.56296,62300000,13
tail-age,64,0.56672,65000000,13
tail-age,64,0.56504,49600000,13
tail-age,64,0.5619,42700000,13
tail-age,64,0.56463,28600000,13
tail-age,64,0.56531,9200000,13
tail-age,64,0.56443,1000000,13
tail-age,64,0.56532,65500000,13
tail-age,64,0.56385,43300000,13
tail-age,64,0.56266,40400000,13
tail-age,64,0.56447,32300000,13
tail-age,64,0.56325,7800000,13
tail-age,64,0.5627,23000000,13
tail-age,64,0.56495,55600000,13
tail-age,64,0.56564,60200000,13
tail-age,64,0.56579,1100000,13
tail-age,64,0.56424,5400000,13
tail-age,64,0.56501,22300000,13
tail-age,64,0.56428,55800000,13
tail-age,64,0.56315,77900000,13
tail-age,64,0.56263,49900000,13
tail-age,64,0.56473,43600000,13
tail-age,64,0.56432,2300000,13
tail-age,64,0.56443,54700000,13
tail-age,64,0.56627,56700000,13
tail-age,64,0.56593,72500000,13
tail-age,64,0.56644,74000000,13
tail-age,64,0.56335,53100000,13
tail-age,64,0.56454,41700000,13
tail-age,64,0.56498,34200000,13
tail-age,64,0.56402,27000000,13
tail-age,64,0.56422,12500000,13
tail-age,64,0.56653,8700000,13
tail-age,64,0.56401,60100000,13
tail-age,64,0.56467,69200000,13
tail-age,64,0.56639,73500000,13
tail-age,64,0.56635,46800000,13
tail-age,64,0.56375,31900000,13
tail-age,64,0.56236,28200000,13
tail-age,64,0.56654,1800000,13
tail-age,64,0.56482,69800000,13
tail-age,64,0.56421,72300000,13
tail-age,64,0.56561,79100000,13
tail-age,64,0.56531,79600000,13
tail-age,64,0.56353,48300000,13
tail-age,64,0.56574,39400000,13
tail-age,64,0.5644,7600000,13
tail-age,64,0.56634,2200000,13
tail-age,64,0.60595,300000,13
tail-age,64,0.56369,14800000,13
tail-age,64,0.56688,16700000,13
tail-age,64,0.56432,22100000,13
tail-age,64,0.56347,79800000,13
tail-age,64,0.56549,47900000,13
tail-age,64,0.56303,47700000,13
tail-age,64,0.56171,40900000,13
tail-age,64,0.56272,20100000,13
tail-age,64,0.56511,20300000,13
tail-age,64,0.56374,57500000,13
tail-age,64,0.56501,63000000,13
tail-age,64,0.5663,71500000,13
tail-age,64,0.56655,8100000,13
tail-age,64,0.56251,2900000,13
tail-age,64,0.56543,14000000,13
tail-age,64,0.56598,22200000,13
tail-age,64,0.5636,55300000,13
tail-age,64,0.56456,57400000,13
tail-age,64,0.56582,67200000,13
tail-age,64,0.56269,70200000,13
tail-age,64,0.56242,72100000,13
tail-age,64,0.56143,78400000,13
tail-age,64,0.56286,26800000,13
tail-age,64,0.56206,65800000,13
tail-age,64,0.56447,67100000,13
tail-age,64,0.56488,37200000,13
tail-age,64,0.56362,10900000,13
tail-age,64,0.56375,16300000,13
tail-age,64,0.56565,22400000,13
tail-age,64,0.56472,71800000,13
tail-age,64,0.56481,72400000,13
tail-age,64,0.56256,50800000,13
tail-age,64,0.56595,38500000,13
tail-age,64,0.56441,29600000,13
tail-age,64,0.56537,28500000,13
tail-age,64,0.56439,26700000,13
tail-age,64,0.565,75800000,13
tail-age,64,0.56504,23900000,13
tail-age,64,0.56419,59200000,13
tail-age,64,0.5646,47500000,13
tail-age,64,0.56299,42600000,13
tail-age,64,0.56322,35300000,13
tail-age,64,0.5645,30700000,13
tail-age,64,0.56568,72900000,13
tail-age,64,0.56371,73800000,13
tail-age,64,0.56274,52100000,13
tail-age,64,0.56489,38300000,13
tail-age,64,0.56271,42800000,13
tail-age,64,0.5641,12300000,13
tail-age,64,0.56356,6300000,13
tail-age,64,0.56441,64300000,13
tail-age,64,0.56506,75400000,13
tail-age,64,0.56519,75700000,13
tail-age,64,0.56481,45200000,13
tail-age,64,0.56657,41900000,13
tail-age,64,0.56493,37700000,13
tail-age,64,0.56567,30300000,13
tail-age,64,0.56388,54200000,13
tail-age,64,0.56338,55100000,13
tail-age,64,0.56686,57900000,13
tail-age,64,0.56213,59400000,13
tail-age,64,0.56395,70400000,13
tail-age,64,0.5665,47000000,13
tail-age,64,0.56443,43100000,13
tail-age,64,0.56689,35800000,13
tail-age,64,0.56621,2000000,13
tail-age,64,0.56447,1700000,13
tail-age,64,0.5642,1200000,13
tail-age,64,0.56477,5600000,13
tail-age,64,0.56367,15500000,13
tail-age,64,0.56445,20000000,13
tail-age,64,0.56441,78100000,13
tail-age,64,0.56381,12400000,13
tail-age,64,0.56513,8900000,13
tail-age,64,0.56265,24200000,13
tail-age,64,0.56384,54300000,13
tail-age,64,0.56548,58700000,13
tail-age,64,0.56359,60000000,13
tail-age,64,0.56562,64500000,13
tail-age,64,0.56305,48900000,13
tail-age,64,0.56509,42200000,13
tail-age,64,0.56261,11800000,13
tail-age,64,0.56298,17300000,13
tail-age,64,0.5644,20900000,13
tail-age,64,0.56534,57600000,13
tail-age,64,0.5669,63500000,13
tail-age,64,0.56558,66900000,13
tail-age,64,0.56382,77100000,13
tail-age,64,0.56497,31300000,13
tail-age,64,0.5643,44900000,13
tail-age,64,0.56539,41800000,13
tail-age,64,0.56516,39100000,13
tail-age,64,0.56421,11300000,13
tail-age,64,0.56301,10200000,13
tail-age,64,0.56568,1400000,13
tail-age,64,0.56512,23300000,13
tail-age,64,0.5649,46400000,13
tail-age,64,0.56252,31700000,13
tail-age,64,0.56293,31000000,13
tail-age,64,0.56532,73700000,13
tail-age,64,0.56694,61100000,13
tail-age,64,0.56543,11100000,13
tail-age,64,0.56493,19400000,13
tail-age,64,0.56466,57000000,13
tail-age,64,0.56613,70700000,13
tail-age,64,0.56654,48100000,13
tail-age,64,0.56412,69700000,13
tail-age,64,0.56644,36100000,13
tail-age,64,0.56395,32400000,13
tail-age,64,0.56402,18700000,13
tail-age,64,0.5637,64200000,13
tail-age,64,0.56567,64400000,13
tail-age,64,0.56591,73000000,13
tail-age,64,0.56283,79000000,13
tail-age,64,0.56413,40700000,13
tail-age,64,0.56387,6700000,13
tail-age,64,0.56291,4200000,13
tail-age,64,0.56472,16900000,13
tail-age,64,0.56585,50400000,13
tail-age,64,0.56548,41600000,13
tail-age,64,0.56123,38900000,13
tail-age,64,0.56435,37800000,13
tail-age,64,0.566,29200000,13
tail-age,64,0.56311,29100000,13
tail-age,64,0.56328,10300000,13
tail-age,64,0.564,5700000,13
tail-age,64,0.56243,54100000,13
tail-age,64,0.56102,45100000,13
tail-age,64,0.56317,43900000,13
tail-age,64,0.56331,33100000,13
tail-age,64,0.56518,63100000,13
tail-age,64,0.56507,53900000,13
tail-age,64,0.56407,50700000,13
tail-age,64,0.564,900000,13
tail-age,64,0.56353,18900000,13
tail-age,64,0.56325,21200000,13
tail-age,64,0.567,21300000,13
tail-age,64,0.56452,57100000,13
tail-age,64,0.56539,55900000,13
tail-age,64,0.56384,56900000,13
tail-age,64,0.5658,70100000,13
tail-age,64,0.56221,79900000,13
tail-age,64,0.5641,37300000,13
tail-age,64,0.56429,53800000,13
tail-age,64,0.56531,51200000,13
tail-age,64,0.56409,45700000,13
tail-age,64,0.56425,27800000,13
tail-age,64,0.56266,26000000,13
tail-age,64,0.56554,19100000,13
tail-age,64,0.56236,21800000,13
tail-age,64,0.56504,61700000,13
tail-age,64,0.56369,51500000,13
tail-age,64,0.56342,38000000,13
tail-age,64,0.56471,29800000,13
tail-age,64,0.56552,4000000,13
tail-age,64,0.56405,4300000,13
tail-age,64,0.56376,20200000,13
tail-age,64,0.5632,22700000,13
tail-age,64,0.56284,65400000,13
tail-age,64,0.56606,10700000,13
tail-age,64,0.56461,2700000,13
tail-age,64,0.5637,15100000,13
tail-age,64,0.56734,15400000,13
tail-age,64,0.56311,19000000,13
tail-age,64,0.56503,73200000,13
tail-age,64,0.56553,76700000,13
tail-age,64,0.56481,78700000,13
tail-age,64,0.56736,79700000,13
tail-age,64,0.56425,31600000,13
tail-age,64,0.56337,49100000,13
tail-age,64,0.56342,42100000,13
tail-age,64,0.56669,47300000,13
tail-age,64,0.56348,27200000,13
tail-age,64,0.56595,11900000,13
tail-age,64,0.56648,25600000,13
tail-age,64,0.56292,32600000,13
tail-age,64,0.56322,6400000,13
tail-age,64,0.56576,23400000,13
tail-age,64,0.56278,59000000,13
tail-age,64,0.56285,62100000,13
tail-age,64,0.56448,68900000,13
tail-age,64,0.56342,13900000,13
tail-age,64,0.56388,17800000,13
tail-age,64,0.56476,52900000,13
tail-age,64,0.56385,43500000,13
tail-age,64,0.56286,3000000,13
tail-age,64,0.56495,19200000,13
tail-age,64,0.56452,45500000,13
tail-age,64,0.56346,4800000,13
tail-age,64,0.56313,19600000,13
tail-age,64,0.56468,72000000,13
tail-age,64,0.56229,75200000,13
tail-age,64,0.56393,48400000,13
tail-age,64,0.56641,44500000,13
tail-age,64,0.56384,34500000,13
tail-age,64,0.56414,65100000,13
tail-age,64,0.56362,73300000,13
tail-age,64,0.56581,79500000,13
tail-age,64,0.56641,61200000,13
tail-age,64,0.56352,50000000,13
tail-age,64,0.56278,36300000,13
tail-age,64,0.56477,7900000,13
tail-age,64,0.56386,5100000,13
tail-age,64,0.56511,74200000,13
tail-age,64,0.56167,49300000,13
tail-age,64,0.56647,46900000,13
tail-age,64,0.56412,6500000,13
tail-age,64,0.56275,2600000,13
tail-age,64,0.56357,64600000,13
tail-age,64,0.56359,53500000,13
tail-age,64,0.56318,52800000,13
tail-age,64,0.56419,52400000,13
tail-age,64,0.56336,51900000,13
tail-age,64,0.56381,41500000,13
tail-age,64,0.56684,38200000,13
tail-age,64,0.56597,31800000,13
tail-age,64,0.56525,29300000,13
tail-age,64,0.5628,26900000,13
tail-age,64,0.56579,69600000,13
tail-age,64,0.56301,62800000,13
tail-age,64,0.56396,51400000,13
tail-age,64,0.56602,7000000,13
tail-age,64,0.5642,3600000,13
tail-age,64,0.56243,14200000,13
tail-age,64,0.56313,55000000,13
tail-age,64,0.56492,74500000,13
tail-age,64,0.56423,50600000,13
tail-age,64,0.56599,30100000,13
tail-age,64,0.56542,56300000,13
tail-age,64,0.56393,37900000,13
tail-age,64,0.56459,12000000,13
tail-age,64,0.56656,6900000,13
tail-age,64,0.56579,58100000,13
tail-age,64,0.56527,58600000,13
tail-age,64,0.5638,60300000,13
tail-age,64,0.56495,43200000,13
tail-age,64,0.56451,10000000,13
tail-age,64,0.56357,3900000,13
tail-age,64,0.5619,25200000,13
tail-age,64,0.56276,56600000,13
tail-age,64,0.56486,59700000,13
tail-age,64,0.56438,39600000,13
tail-age,64,0.56643,5200000,13
tail-age,64,0.5644,59100000,13
tail-age,64,0.56582,59300000,13
tail-age,64,0.56356,66200000,13
tail-age,64,0.56334,68400000,13
tail-age,64,0.56591,71700000,13
tail-age,64,0.56325,72700000,13
tail-age,64,0.56422,74100000,13
tail-age,64,0.56489,62700000,13
tail-age,64,0.56489,17900000,13
tail-age,64,0.56597,35100000,13
tail-age,64,0.56158,43000000,13
tail-age,64,0.56166,22500000,13
tail-age,64,0.56292,60500000,13
tail-age,64,0.56334,70900000,13
tail-age,64,0.56485,76400000,13
tail-age,64,0.56497,36200000,13
tail-age,64,0.56435,32500000,13
tail-age,64,0.56389,26200000,13
tail-age,64,0.56574,61300000,13
tail-age,64,0.56386,76300000,13
tail-age,64,0.56308,46700000,13
tail-age,64,0.5655,36800000,13
tail-age,64,0.56592,33400000,13
tail-age,64,0.56545,13400000,13
tail-age,64,0.56271,17600000,13
tail-age,64,0.56577,69400000,13
tail-age,64,0.56515,47100000,13
tail-age,64,0.56506,42000000,13
tail-age,64,0.56637,37400000,13
tail-age,64,0.56411,28700000,13
tail-age,64,0.56638,12100000,13
tail-age,64,0.5627,9900000,13
tail-age,64,0.565,13300000,13
tail-age,64,0.56315,21700000,13
tail-age,64,0.56291,78200000,13
tail-age,64,0.56256,53200000,13
tail-age,64,0.56433,52600000,13
tail-age,64,0.56421,32100000,13
tail-age,64,0.56514,31500000,13
tail-age,64,0.56383,14700000,13
tail-age,64,0.56365,15900000,13
tail-age,64,0.56467,66500000,13
tail-age,64,0.56387,37600000,13
tail-age,64,0.56359,61400000,13
tail-age,64,0.56344,61900000,13
tail-age,64,0.56283,65900000,13
tail-age,64,0.5649,3100000,13
tail-age,64,0.5624,17000000,13
tail-age,64,0.56237,18000000,13
tail-age,64,0.56575,58900000,13
tail-age,64,0.56475,70500000,13
tail-age,64,0.56185,70800000,13
tail-age,64,0.56508,16000000,13
tail-age,64,0.56446,13700000,13
tail-age,64,0.5641,44700000,13
tail-age,64,0.56349,39500000,13
tail-age,64,0.566,40000000,13
tail-age,64,0.56542,38800000,13
tail-age,64,0.56627,35500000,13
tail-age,64,0.56396,27300000,13
tail-age,64,0.56566,3700000,13
tail-age,64,0.56401,12800000,13
tail-age,64,0.56382,14600000,13
tail-age,64,0.56346,74400000,13
tail-age,64,0.56502,72200000,13
tail-age,64,0.56354,46600000,13
tail-age,64,0.5648,46500000,13
tail-age,64,0.56393,36700000,13
tail-age,64,0.56374,32000000,13
tail-age,64,0.56337,63200000,13
tail-age,64,0.56489,68800000,13
tail-age,64,0.56436,9400000,13
tail-age,64,0.56579,1900000,13
tail-age,64,0.56347,800000,13
tail-age,64,0.56636,4400000,13
tail-age,64,0.56176,16400000,13
tail-age,64,0.56272,68300000,13
tail-age,64,0.56499,73600000,13
tail-age,64,0.56499,75000000,13
tail-age,64,0.5654,76500000,13
tail-age,64,0.56738,34000000,13
tail-age,64,0.5658,49200000,13
tail-age,64,0.56377,31200000,13
tail-age,64,0.56455,25000000,13
tail-age,64,0.56586,25100000,13
tail-age,64,0.56446,28400000,13
tail-age,64,0.5647,2800000,13
tail-age,64,0.56462,700000,13
tail-age,64,0.56349,13800000,13
tail-age,64,0.56263,22600000,13
tail-age,64,0.56358,23500000,13
tail-age,64,0.56335,42300000,13
tail-age,64,0.56501,40200000,13
tail-age,64,0.56278,500000,13
tail-age,64,0.56431,17500000,13
tail-age,64,0.56427,23100000,13
tail-age,64,0.56371,55700000,13
tail-age,64,0.56596,65200000,13
tail-age,64,0.56528,77600000,13
tail-age,64,0.56584,12200000,13
tail-age,64,0.56204,41100000,13
tail-age,64,0.56492,44200000,13
tail-age,64,0.56488,33200000,13
tail-age,64,0.56528,30500000,13
tail-age,64,0.56368,2100000,13
tail-age,64,0.56423,56800000,13
tail-age,64,0.56231,59600000,13
tail-age,64,0.56305,67700000,13
tail-age,64,0.56458,73400000,13
tail-age,64,0.56411,41400000,13
tail-age,64,0.5641,39800000,13
tail-age,64,0.56493,34800000,13
tail-age,64,0.5654,25900000,13
tail-age,64,0.56549,18100000,13
tail-age,64,0.56424,64700000,13
tail-age,64,0.56567,48200000,13
tail-age,64,0.56407,12900000,13
tail-age,64,0.56627,30800000,13
tail-age,64,0.56463,8500000,13
tail-age,64,0.56462,8000000,13
tail-age,64,0.56429,50300000,13
tail-age,64,0.56559,45900000,13
tail-age,64,0.56488,17700000,13
tail-age,64,0.56702,24100000,13
tail-age,64,0.56528,66700000,13
tail-age,64,0.56372,35700000,13
tail-age,64,0.56578,6600000,13
tail-age,64,0.56475,16600000,13
tail-age,64,0.5642,34600000,13
tail-age,64,0.56476,28800000,13
tail-age,64,0.56473,20500000,13
tail-age,64,0.56379,20800000,13
tail-age,64,0.56285,24000000,13
tail-age,64,0.56575,56000000,13
tail-age,64,0.56286,66600000,13
tail-age,64,0.56525,72600000,13
tail-age,64,0.56323,40300000,13
tail-age,64,0.56488,7700000,13
tail-age,64,0.56388,7500000,13
tail-age,64,0.56428,21600000,13
tail-age,64,0.56337,74700000,13
tail-age,64,0.56761,28000000,13
tail-age,64,0.56408,8600000,13
tail-age,64,0.56316,24500000,13
tail-age,64,0.56477,77500000,13
tail-age,64,0.56471,50900000,13
tail-age,64,0.56547,45300000,13
tail-age,64,0.56565,56500000,13
tail-age,64,0.56301,58500000,13
tail-age,64,0.56457,75500000,13
tail-age,64,0.56496,78500000,13
tail-age,64,0.56167,23700000,13
tail-age,64,0.56447,24400000,13
tail-age,64,0.56564,54000000,13
tail-age,64,0.56232,40100000,13
tail-age,64,0.56205,7200000,13
tail-age,64,0.56505,16200000,13
tail-age,64,0.56504,63300000,13
tail-age,64,0.56404,75600000,13
tail-age,64,0.56502,47600000,13
tail-age,64,0.56267,26600000,13
tail-age,64,0.56417,7300000,13
tail-age,64,0.56685,15300000,13
tail-age,64,0.56769,21400000,13
tail-age,64,0.56617,57800000,13
tail-age,64,0.56459,33500000,13
tail-age,64,0.56469,56400000,13
tail-age,64,0.56603,66000000,13
tail-age,64,0.56422,71300000,13
tail-age,64,0.56237,13200000,13
tail-age,64,0.56541,30900000,13
tail-age,64,0.56408,10500000,13
tail-age,64,0.56457,7400000,13
tail-age,64,0.56686,22000000,13
tail-age,64,0.5658,55200000,13
tail-age,64,0.56386,50200000,13
tail-age,64,0.56481,42500000,13
tail-age,64,0.56304,600000,13
tail-age,64,0.56435,3300000,13
tail-age,64,0.56537,4600000,13
tail-age,64,0.56407,21000000,13
tail-age,64,0.56493,54400000,13
tail-age,64,0.56233,58200000,13
tail-age,64,0.5648,49500000,13
tail-age,64,0.5653,10100000,13
tail-age,64,0.56493,9800000,13
tail-age,64,0.56377,9700000,13
tail-age,64,0.5658,16800000,13
tail-age,64,0.5643,19500000,13
tail-age,64,0.56129,64800000,13
tail-age,64,0.56322,77800000,13
tail-age,64,0.56519,78800000,13
tail-age,64,0.56364,53300000,13
tail-age,64,0.56464,47400000,13
tail-age,64,0.56368,9600000,13
tail-age,64,0.56495,4700000,13
tail-age,64,0.56426,17200000,13
tail-age,64,0.56459,20400000,13
tail-age,64,0.56524,25400000,13
tail-age,64,0.56342,71400000,13
tail-age,64,0.56813,70600000,13
tail-age,64,0.56458,51600000,13
tail-age,64,0.56504,36400000,13
tail-age,64,0.56639,9000000,13
tail-age,64,0.56448,6200000,13
tail-age,64,0.56302,22800000,13
tail-age,64,0.56559,55400000,13
tail-age,64,0.56398,51000000,13
tail-age,64,0.56565,37500000,13
tail-age,64,0.5637,29900000,13
tail-age,64,0.56296,32900000,13
tail-age,64,0.5658,11400000,13
tail-age,64,0.56301,10800000,13
tail-age,64,0.56455,23200000,13
tail-age,64,0.56359,61600000,13
tail-age,64,0.56262,76000000,13
tail-age,64,0.56522,76800000,13
tail-age,64,0.56205,77700000,13
tail-age,64,0.5675,17100000,13
tail-age,64,0.5645,16100000,13
tail-age,64,0.56292,51800000,13
tail-age,64,0.56355,45600000,13
tail-age,64,0.56582,32700000,13
tail-age,64,0.56334,31100000,13
tail-age,64,0.56344,11700000,13
tail-age,64,0.56448,25300000,13
tail-age,64,0.56451,38700000,13
tail-age,64,0.56451,13100000,13
tail-age,64,0.56491,65700000,13
tail-age,64,0.56248,39900000,13
tail-age,64,0.56489,34100000,13
tail-age,64,0.56615,32200000,13
tail-age,64,0.56404,29700000,13
tail-age,64,0.56329,62000000,13
tail-age,64,0.56224,78000000,13
tail-age,64,0.56498,44400000,13
tail-age,64,0.56416,27900000,13
tail-age,64,0.56447,5500000,13
tail-age,64,0.56596,13000000,13
tail-age,64,0.56559,21900000,13
tail-age,64,0.56551,64000000,13
tail-age,64,0.56445,69300000,13
tail-age,64,0.56473,75100000,13
tail-age,64,0.56171,49000000,13
tail-age,64,0.56418,52300000,13
tail-age,64,0.56682,34700000,13
tail-age,64,0.56104,26300000,13
tail-age,64,0.56364,8800000,13
tail-age,64,0.56407,3400000,13
tail-age,64,0.5624,19900000,13
tail-age,64,0.56326,25500000,13
tail-age,64,0.56399,77200000,13
tail-age,64,0.56416,44000000,13
tail-age,64,0.56379,62400000,13
tail-age,64,0.56342,67800000,13
tail-age,64,0.56267,72800000,13
tail-age,64,0.56606,76900000,13
tail-age,64,0.56394,43700000,13
tail-age,64,0.56481,38400000,13
tail-age,64,0.5654,6800000,13
tail-age,64,0.56404,54800000,13
tail-age,64,0.56485,65600000,13
tail-age,64,0.56307,67400000,13
tail-age,64,0.56369,68100000,13
tail-age,64,0.56441,77400000,13
tail-age,64,0.5647,69500000,13
tail-age,64,0.56427,42400000,13
tail-age,64,0.56631,41200000,13
tail-age,64,0.56564,39700000,13
tail-age,64,0.56272,11600000,13
tail-age,64,0.5641,7100000,13
tail-age,64,0.56383,69900000,13
tail-age,64,0.56481,52500000,13
tail-age,64,0.56494,51100000,13
tail-age,64,0.56523,8400000,13
tail-age,64,0.56436,56100000,13
tail-age,64,0.56479,63900000,13
tail-age,64,0.56206,40600000,13
tail-age,64,0.56533,14900000,13
tail-age,64,0.5613,77000000,13
tail-age,64,0.56294,61500000,13
tail-age,64,0.56272,52200000,13
tail-age,64,0.56581,2500000,13
tail-age,64,0.56369,18500000,13
tail-age,64,0.56476,68700000,13
tail-age,64,0.56311,75900000,13
tail-age,64,0.56135,43400000,13
tail-age,64,0.56251,37100000,13
tail-age,64,0.56387,36000000,13
tail-age,64,0.56395,34400000,13
tail-age,64,0.56356,62600000,13
tail-age,64,0.56325,51700000,13
tail-age,64,0.56444,39000000,13
tail-age,64,0.56377,33700000,13
tail-age,64,0.56356,29500000,13
tail-age,64,0.56489,8200000,13
tail-age,64,0.73732,100000,13
tail-age,64,0.56272,24600000,13
tail-age,64,0.56368,59900000,13
tail-age,64,0.56735,65300000,13
tail-age,64,0.56177,48600000,13
tail-age,64,0.56542,48500000,13
tail-age,64,0.5641,5300000,13
tail-age,64,0.56464,63400000,13
tail-age,64,0.56719,66400000,13
tail-age,64,0.56529,35600000,13
tail-age,64,0.56201,32800000,13
tail-age,64,0.5617,27400000,13
tail-age,64,0.56285,1300000,13
tail-age,64,0.56394,24900000,13
tail-age,64,0.56559,58300000,13
tail-age,64,0.56407,66100000,13
tail-age,64,0.56427,70000000,13
tail-age,64,0.56496,71600000,13
tail-age,64,0.56484,77300000,13
tail-age,64,0.56619,60900000,13
tail-age,64,0.5658,35200000,13
tail-age,64,0.5666,28300000,13
tail-age,64,0.56476,15700000,13
tail-age,64,0.56462,79300000,13
tail-age,64,0.5639,41300000,13
tail-age,64,0.56494,35400000,13
tail-age,64,0.56308,11200000,13
tail-age,64,0.56587,15800000,13
tail-age,64,0.56327,56200000,13
tail-age,64,0.56514,69000000,13
tail-age,64,0.56362,25800000,13
tail-age,64,0.56411,5000000,13
tail-age,64,0.56349,19800000,13
tail-age,64,0.56315,57700000,13
tail-age,64,0.56566,74300000,13
tail-age,64,0.56548,79200000,13
tail-age,64,0.56548,35000000,13
tail-age,64,0.56484,34300000,13
tail-age,64,0.56639,30000000,13
tail-age,64,0.5635,11000000,13
tail-age,64,0.56526,18200000,13
tail-age,64,0.56511,21100000,13
tail-age,64,0.56444,24800000,13
tail-age,64,0.56788,57200000,13
tail-age,64,0.56335,68200000,13
tail-age,64,0.56215,2400000,13
tail-age,64,0.56478,20700000,13
tail-age,64,0.5643,44300000,13
tail-age,64,0.56557,36500000,13
tail-age,64,0.56511,15600000,13
tail-age,64,0.56295,18400000,13
tail-age,64,0.56578,23600000,13
tail-age,64,0.56474,67300000,13
tail-age,64,0.56506,68500000,13
tail-age,64,0.56327,52000000,13
tail-age,64,0.56743,46100000,13
tail-age,64,0.56621,27700000,13
tail-age,64,0.56488,25700000,13
tail-age,64,0.56435,5900000,13
tail-age,64,0.56568,20600000,13
tail-age,64,0.56419,66300000,13
tail-age,64,0.5644,71100000,13
tail-age,64,0.56278,33000000,13
tail-age,64,0.56404,60400000,13
tail-age,64,0.56376,73900000,13
tail-age,64,0.56478,67600000,13
tail-age,64,0.56461,50500000,13
tail-age,64,0.56481,49800000,13
tail-age,64,0.56617,44600000,13
tail-age,64,0.56303,3200000,13
tail-age,64,0.56558,13500000,13
tail-age,64,0.56327,18300000,13
tail-age,64,0.56399,18600000,13
tail-age,64,0.56403,13600000,13
tail-age,64,0.56745,16500000,13
tail-age,64,0.56472,57300000,13
tail-age,64,0.56349,53000000,13
tail-age,64,0.5633,48700000,13
tail-age,64,0.56457,39200000,13
tail-age,64,0.56383,10400000,13
tail-age,64,0.56477,14500000,13
tail-age,64,0.56429,64100000,13
tail-age,64,0.56253,60800000,13
tail-age,64,0.56374,44800000,13
tail-age,64,0.56625,27100000,13
tail-age,64,0.56603,19700000,13
tail-age,64,0.56461,67000000,13
tail-age,64,0.56836,74800000,13
tail-age,64,0.56686,78900000,13
tail-age,64,0.56435,45800000,13
tail-age,64,0.5668,8300000,13
tail-age,64,0.56562,14400000,13
tail-age,64,0.56429,21500000,13
tail-age,64,0.56384,58800000,13
tail-age,64,0.56509,62500000,13
tail-age,64,0.56401,52700000,13
tail-age,64,0.56319,39300000,13
tail-age,64,0.56355,38100000,13
tail-age,64,0.56491,19300000,13
tail-age,64,0.56432,50100000,13
tail-age,64,0.56379,40800000,13
tail-age,64,0.56274,54900000,13
tail-age,64,0.56334,58400000,13
tail-age,64,0.56385,74900000,13
tail-age,64,0.56344,1600000,13
tail-age,64,0.56463,5800000,13
tail-age,64,0.5637,59800000,13
tail-age,64,0.56569,76600000,13
tail-age,64,0.56517,34900000,13
tail-age,64,0.56565,4100000,13
tail-age,64,0.56466,58000000,13
tail-age,64,0.56341,59500000,13
tail-age,64,0.56283,49400000,13
tail-age,64,0.56404,46000000,13
tail-age,64,0.56361,45400000,13
tail-age,64,0.5663,44100000,13
tail-age,64,0.56635,4500000,13
tail-age,64,0.56506,69100000,13
tail-age,64,0.56649,74600000,13
tail-age,64,0.56217,53700000,13
tail-age,64,0.56348,41000000,13
tail-age,64,0.56506,38600000,13
tail-age,64,0.5663,28100000,13
tail-age,64,0.56562,60700000,13
tail-age,64,0.56286,63600000,13
tail-age,64,0.56664,68600000,13
tail-age,64,0.56586,78600000,13
tail-age,64,0.56329,71900000,13
tail-age,64,0.56429,48800000,13
tail-age,64,0.56431,10600000,13
tail-age,64,0.56675,14100000,13
tail-age,64,0.56619,55500000,13
tail-age,64,0.56349,68000000,13
tail-age,64,0.56508,48000000,13
tail-age,64,0.56817,26500000,13
tail-age,64,0.56438,12600000,13
tail-age,64,0.56435,70300000,13
tail-age,64,0.5657,53600000,13
tail-age,64,0.56667,47200000,13
tail-age,64,0.56453,33800000,13
tail-age,64,0.56323,18800000,13
tail-age,64,0.56312,67500000,13
tail-age,64,0.56561,78300000,13
tail-age,64,0.56365,53400000,13
tail-age,64,0.56505,27500000,13
tail-age,64,0.56446,1500000,13
tail-age,64,0.56044,15200000,13
tail-age,64,0.56499,24300000,13
tail-age,64,0.56431,64900000,13
tail-age,64,0.56361,61800000,13
tail-age,64,0.56609,49700000,13
tail-age,64,0.56703,29400000,13
tail-age,64,0.56305,9300000,13
tail-age,64,0.56385,9100000,13
tail-age,64,0.56465,6000000,13
tail-age,64,0.56725,17400000,13
tail-age,64,0.56499,76100000,13
tail-age,64,0.56531,71200000,13
tail-age,64,0.56219,45000000,13
tail-age,64,0.56293,60600000,13
tail-age,64,0.56358,76200000,13
tail-age,64,0.64834,200000,13
tail-age,64,0.56212,12700000,13
tail-age,64,0.56107,62200000,13
tail-age,64,0.56546,63800000,13
tail-age,64,0.56368,67900000,13
tail-age,64,0.56415,33600000,13
tail-age,64,0.5638,27600000,13
tail-age,64,0.56497,30600000,13
tail-age,64,0.56345,28900000,13
tail-age,64,0.56638,26100000,13
tail-age,64,0.56219,15000000,13
tail-age,64,0.56286,61000000,13
tail-age,64,0.56668,66800000,13
tail-age,64,0.56488,35900000,13
tail-age,64,0.56269,6100000,13
tail-age,64,0.56323,14300000,13
tail-age,64,0.56613,62900000,13
tail-age,64,0.56551,63700000,13
tail-age,64,0.56451,47800000,13
tail-age,64,0.56276,42900000,13
tail-age,64,0.56342,46300000,13
free-mem,128,0.45261,51300000,41
free-mem,128,0.45143,46200000,41
free-mem,128,0.45149,40500000,41
free-mem,128,0.45074,33300000,41
free-mem,128,0.45034,31400000,41
free-mem,128,0.45007,3800000,41
free-mem,128,0.45458,37000000,41
free-mem,128,0.0,0,41
free-mem,128,0.57264,400000,41
free-mem,128,0.4529,3500000,41
free-mem,128,0.44929,4900000,41
free-mem,128,0.45248,54600000,41
free-mem,128,0.45095,73100000,41
free-mem,128,0.4523,75300000,41
free-mem,128,0.45027,36600000,41
free-mem,128,0.45212,30400000,41
free-mem,128,0.45154,30200000,41
free-mem,128,0.45086,29000000,41
free-mem,128,0.4535,24700000,41
free-mem,128,0.44984,54500000,41
free-mem,128,0.45286,43800000,41
free-mem,128,0.45365,33900000,41
free-mem,128,0.45198,71000000,41
free-mem,128,0.44983,79400000,41
free-mem,128,0.4473,36900000,41
free-mem,128,0.45285,26400000,41
free-mem,128,0.45315,11500000,41
free-mem,128,0.45125,9500000,41
free-mem,128,0.45104,22900000,41
free-mem,128,0.44972,23800000,41
free-mem,128,0.44959,62300000,41
free-mem,128,0.45358,65000000,41
free-mem,128,0.45417,49600000,41
free-mem,128,0.4485,42700000,41
free-mem,128,0.45016,28600000,41
free-mem,128,0.45337,9200000,41
free-mem,128,0.45302,1000000,41
free-mem,128,0.4517,65500000,41
free-mem,128,0.44971,43300000,41
free-mem,128,0.44998,40400000,41
free-mem,128,0.45071,32300000,41
free-mem,128,0.45061,7800000,41
free-mem,128,0.44991,23000000,41
free-mem,128,0.45174,55600000,41
free-mem,128,0.45163,60200000,41
free-mem,128,0.45135,1100000,41
free-mem,128,0.45119,5400000,41
free-mem,128,0.45057,22300000,41
free-mem,128,0.45007,55800000,41
free-mem,128,0.44835,77900000,41
free-mem,128,0.44925,49900000,41
free-mem,128,0.45166,43600000,41
free-mem,128,0.44964,2300000,41
free-mem,128,0.45046,54700000,41
free-mem,128,0.4515,56700000,41
free-mem,128,0.45216,72500000,41
free-mem,128,0.45086,74000000,41
free-mem,128,0.45018,53100000,41
free-mem,128,0.45325,41700000,41
free-mem,128,0.44986,34200000,41
free-mem,128,0.44926,27000000,41
free-mem,128,0.45065,12500000,41
free-mem,128,0.45117,8700000,41
free-mem,128,0.45005,60100000,41
free-mem,128,0.45011,69200000,41
free-mem,128,0.45205,73500000,41
free-mem,128,0.45221,46800000,41
free-mem,128,0.45129,31900000,41
free-mem,128,0.4495,28200000,41
free-mem,128,0.45418,1800000,41
free-mem,128,0.45047,69800000,41
free-mem,128,0.45153,72300000,41
free-mem,128,0.45197,79100000,41
free-mem,128,0.45199,79600000,41
free-mem,128,0.44824,48300000,41
free-mem,128,0.45015,39400000,41
free-mem,128,0.45071,7600000,41
free-mem,128,0.45052,2200000,41
free-mem,128,0.60595,300000,41
free-mem,128,0.44983,14800000,41
free-mem,128,0.45171,16700000,41
free-mem,128,0.45037,22100000,41
free-mem,128,0.44951,79800000,41
free-mem,128,0.45106,47900000,41
free-mem,128,0.44916,47700000,41
free-mem,128,0.44821,40900000,41
free-mem,128,0.45086,20100000,41
free-mem,128,0.45222,20300000,41
free-mem,128,0.44917,57500000,41
free-mem,128,0.4499,63000000,41
free-mem,128,0.45173,71500000,41
free-mem,128,0.45254,8100000,41
free-mem,128,0.44915,2900000,41
free-mem,128,0.45004,14000000,41
free-mem,128,0.45173,22200000,41
free-mem,128,0.44949,55300000,41
free-mem,128,0.45036,57400000,41
free-mem,128,0.45229,67200000,41
free-mem,128,0.45013,70200000,41
free-mem,128,0.44967,72100000,41
free-mem,128,0.44911,78400000,41
free-mem,128,0.44978,26800000,41
free-mem,128,0.44906,65800000,41
free-mem,128,0.452,67100000,41
free-mem,128,0.45004,37200000,41
free-mem,128,0.45121,10900000,41
free-mem,128,0.45276,16300000,41
free-mem,128,0.45288,22400000,41
free-mem,128,0.45138,71800000,41
free-mem,128,0.44993,72400000,41
free-mem,128,0.44877,50800000,41
free-mem,128,0.4509,38500000,41
free-mem,128,0.45207,29600000,41
free-mem,128,0.45048,28500000,41
free-mem,128,0.45038,26700000,41
free-mem,128,0.45128,75800000,41
free-mem,128,0.45132,23900000,41
free-mem,128,0.45079,59200000,41
free-mem,128,0.4487,47500000,41
free-mem,128,0.44865,42600000,41
free-mem,128,0.4488,35300000,41
free-mem,128,0.45194,30700000,41
free-mem,128,0.45189,72900000,41
free-mem,128,0.45029,73800000,41
free-mem,128,0.44982,52100000,41
free-mem,128,0.44997,38300000,41
free-mem,128,0.45032,42800000,41
free-mem,128,0.45006,12300000,41
free-mem,128,0.45054,6300000,41
free-mem,128,0.45076,64300000,41
free-mem,128,0.45264,75400000,41
free-mem,128,0.45074,75700000,41
free-mem,128,0.45046,45200000,41
free-mem,128,0.45313,41900000,41
free-mem,128,0.45209,37700000,41
free-mem,128,0.45259,30300000,41
free-mem,128,0.44839,54200000,41
free-mem,128,0.45105,55100000,41
free-mem,128,0.45196,57900000,41
free-mem,128,0.448,59400000,41
free-mem,128,0.4509,70400000,41
free-mem,128,0.45372,47000000,41
free-mem,128,0.45141,43100000,41
free-mem,128,0.45192,35800000,41
free-mem,128,0.45205,2000000,41
free-mem,128,0.44893,1700000,41
free-mem,128,0.45005,1200000,41
free-mem,128,0.45077,5600000,41
free-mem,128,0.44999,15500000,41
free-mem,128,0.45082,20000000,41
free-mem,128,0.45119,78100000,41
free-mem,128,0.44964,12400000,41
free-mem,128,0.45145,8900000,41
free-mem,128,0.45052,24200000,41
free-mem,128,0.45018,54300000,41
free-mem,128,0.45392,58700000,41
free-mem,128,0.4503,60000000,41
free-mem,128,0.45017,64500000,41
free-mem,128,0.44836,48900000,41
free-mem,128,0.45141,42200000,41
free-mem,128,0.4503,11800000,41
free-mem,128,0.45073,17300000,41
free-mem,128,0.45344,20900000,41
free-mem,128,0.45166,57600000,41
free-mem,128,0.45281,63500000,41
free-mem,128,0.451,66900000,41
free-mem,128,0.44998,77100000,41
free-mem,128,0.44936,31300000,41
free-mem,128,0.45155,44900000,41
free-mem,128,0.45072,41800000,41
free-mem,128,0.45152,39100000,41
free-mem,128,0.45131,11300000,41
free-mem,128,0.44998,10200000,41
free-mem,128,0.45248,1400000,41
free-mem,128,0.45177,23300000,41
free-mem,128,0.44968,46400000,41
free-mem,128,0.44794,31700000,41
free-mem,128,0.45118,31000000,41
free-mem,128,0.45117,73700000,41
free-mem,128,0.45317,61100000,41
free-mem,128,0.4541,11100000,41
free-mem,128,0.45213,19400000,41
free-mem,128,0.45115,57000000,41
free-mem,128,0.45074,70700000,41
free-mem,128,0.45263,48100000,41
free-mem,128,0.44961,69700000,41
free-mem,128,0.4526,36100000,41
free-mem,128,0.4511,32400000,41
free-mem,128,0.44969,18700000,41
free-mem,128,0.45073,64200000,41
free-mem,128,0.45082,64400000,41
free-mem,128,0.45325,73000000,41
free-mem,128,0.45021,79000000,41
free-mem,128,0.4503,40700000,41
free-mem,128,0.45064,6700000,41
free-mem,128,0.44927,4200000,41
free-mem,128,0.45157,16900000,41
free-mem,128,0.45169,50400000,41
free-mem,128,0.45143,41600000,41
free-mem,128,0.44892,38900000,41
free-mem,128,0.45151,37800000,41
free-mem,128,0.45113,29200000,41
free-mem,128,0.4495,29100000,41
free-mem,128,0.45056,10300000,41
free-mem,128,0.45044,5700000,41
free-mem,128,0.4487,54100000,41
free-mem,128,0.44689,45100000,41
free-mem,128,0.4478,43900000,41
free-mem,128,0.45049,33100000,41
free-mem,128,0.452,63100000,41
free-mem,128,0.45058,53900000,41
free-mem,128,0.45097,50700000,41
free-mem,128,0.46561,900000,41
free-mem,128,0.44979,18900000,41
free-mem,128,0.44961,21200000,41
free-mem,128,0.45407,21300000,41
free-mem,128,0.45251,57100000,41
free-mem,128,0.45082,55900000,41
free-mem,128,0.45016,56900000,41
free-mem,128,0.4511,70100000,41
free-mem,128,0.44928,79900000,41
free-mem,128,0.44999,37300000,41
free-mem,128,0.45024,53800000,41
free-mem,128,0.45108,51200000,41
free-mem,128,0.45178,45700000,41
free-mem,128,0.44982,27800000,41
free-mem,128,0.44823,26000000,41
free-mem,128,0.45376,19100000,41
free-mem,128,0.45122,21800000,41
free-mem,128,0.45057,61700000,41
free-mem,128,0.45068,51500000,41
free-mem,128,0.44913,38000000,41
free-mem,128,0.44976,29800000,41
free-mem,128,0.452,4000000,41
free-mem,128,0.44901,4300000,41
free-mem,128,0.45062,20200000,41
free-mem,128,0.45069,22700000,41
free-mem,128,0.45157,65400000,41
free-mem,128,0.45228,10700000,41
free-mem,128,0.45228,2700000,41
free-mem,128,0.45181,15100000,41
free-mem,128,0.45158,15400000,41
free-mem,128,0.44937,19000000,41
free-mem,128,0.45052,73200000,41
free-mem,128,0.45233,76700000,41
free-mem,128,0.45042,78700000,41
free-mem,128,0.45198,79700000,41
free-mem,128,0.44989,31600000,41
free-mem,128,0.44946,49100000,41
free-mem,128,0.44916,42100000,41
free-mem,128,0.45274,47300000,41
free-mem,128,0.45075,27200000,41
free-mem,128,0.45193,11900000,41
free-mem,128,0.45259,25600000,41
free-mem,128,0.44806,32600000,41
free-mem,128,0.44782,6400000,41
free-mem,128,0.44959,23400000,41
free-mem,128,0.45055,59000000,41
free-mem,128,0.4498,62100000,41
free-mem,128,0.45146,68900000,41
free-mem,128,0.44909,13900000,41
free-mem,128,0.44989,17800000,41
free-mem,128,0.45127,52900000,41
free-mem,128,0.45038,43500000,41
free-mem,128,0.451,3000000,41
free-mem,128,0.44939,19200000,41
free-mem,128,0.45034,45500000,41
free-mem,128,0.45089,4800000,41
free-mem,128,0.45084,19600000,41
free-mem,128,0.45033,72000000,41
free-mem,128,0.45042,75200000,41
free-mem,128,0.4503,48400000,41
free-mem,128,0.4514,44500000,41
free-mem,128,0.44979,34500000,41
free-mem,128,0.44922,65100000,41
free-mem,128,0.44997,73300000,41
free-mem,128,0.45488,79500000,41
free-mem,128,0.45105,61200000,41
free-mem,128,0.45149,50000000,41
free-mem,128,0.4493,36300000,41
free-mem,128,0.45153,7900000,41
free-mem,128,0.44974,5100000,41
free-mem,128,0.45165,74200000,41
free-mem,128,0.44789,49300000,41
free-mem,128,0.45186,46900000,41
free-mem,128,0.45028,6500000,41
free-mem,128,0.44724,2600000,41
free-mem,128,0.45011,64600000,41
free-mem,128,0.45086,53500000,41
free-mem,128,0.45037,52800000,41
free-mem,128,0.45117,52400000,41
free-mem,128,0.45129,51900000,41
free-mem,128,0.45072,41500000,41
free-mem,128,0.45185,38200000,41
free-mem,128,0.45148,31800000,41
free-mem,128,0.45057,29300000,41
free-mem,128,0.45128,26900000,41
free-mem,128,0.45226,69600000,41
free-mem,128,0.45027,62800000,41
free-mem,128,0.4501,51400000,41
free-mem,128,0.45094,7000000,41
free-mem,128,0.45113,3600000,41
free-mem,128,0.44756,14200000,41
free-mem,128,0.44816,55000000,41
free-mem,128,0.45109,74500000,41
free-mem,128,0.45123,50600000,41
free-mem,128,0.45244,30100000,41
free-mem,128,0.45203,56300000,41
free-mem,128,0.45083,37900000,41
free-mem,128,0.45158,12000000,41
free-mem,128,0.45249,6900000,41
free-mem,128,0.45203,58100000,41
free-mem,128,0.45094,58600000,41
free-mem,128,0.44963,60300000,41
free-mem,128,0.45234,43200000,41
free-mem,128,0.45099,10000000,41
free-mem,128,0.45044,3900000,41
free-mem,128,0.45048,25200000,41
free-mem,128,0.44967,56600000,41
free-mem,128,0.45302,59700000,41
free-mem,128,0.45086,39600000,41
free-mem,128,0.45262,5200000,41
free-mem,128,0.45049,59100000,41
free-mem,128,0.45314,59300000,41
free-mem,128,0.45188,66200000,41
free-mem,128,0.45069,68400000,41
free-mem,128,0.45294,71700000,41
free-mem,128,0.449,72700000,41
free-mem,128,0.45015,74100000,41
free-mem,128,0.45198,62700000,41
free-mem,128,0.45033,17900000,41
free-mem,128,0.44991,35100000,41
free-mem,128,0.44922,43000000,41
free-mem,128,0.44873,22500000,41
free-mem,128,0.45082,60500000,41
free-mem,128,0.44934,70900000,41
free-mem,128,0.45058,76400000,41
free-mem,128,0.45225,36200000,41
free-mem,128,0.44955,32500000,41
free-mem,128,0.44974,26200000,41
free-mem,128,0.45186,61300000,41
free-mem,128,0.44983,76300000,41
free-mem,128,0.44944,46700000,41
free-mem,128,0.45106,36800000,41
free-mem,128,0.45187,33400000,41
free-mem,128,0.45192,13400000,41
free-mem,128,0.448,17600000,41
free-mem,128,0.45068,69400000,41
free-mem,128,0.45063,47100000,41
free-mem,128,0.45097,42000000,41
free-mem,128,0.45293,37400000,41
free-mem,128,0.44943,28700000,41
free-mem,128,0.45271,12100000,41
free-mem,128,0.45127,9900000,41
free-mem,128,0.45072,13300000,41
free-mem,128,0.4492,21700000,41
free-mem,128,0.44945,78200000,41
free-mem,128,0.45048,53200000,41
free-mem,128,0.44916,52600000,41
free-mem,128,0.45006,32100000,41
free-mem,128,0.4506,31500000,41
free-mem,128,0.45053,14700000,41
free-mem,128,0.44923,15900000,41
free-mem,128,0.45045,66500000,41
free-mem,128,0.44945,37600000,41
free-mem,128,0.45,61400000,41
free-mem,128,0.45068,61900000,41
free-mem,128,0.44936,65900000,41
free-mem,128,0.45103,3100000,41
free-mem,128,0.44786,17000000,41
free-mem,128,0.45133,18000000,41
free-mem,128,0.45327,58900000,41
free-mem,128,0.45187,70500000,41
free-mem,128,0.4494,70800000,41
free-mem,128,0.45189,16000000,41
free-mem,128,0.45033,13700000,41
free-mem,128,0.44983,44700000,41
free-mem,128,0.4487,39500000,41
free-mem,128,0.45169,40000000,41
free-mem,128,0.451,38800000,41
free-mem,128,0.45249,35500000,41
free-mem,128,0.45081,27300000,41
free-mem,128,0.45295,3700000,41
free-mem,128,0.452,12800000,41
free-mem,128,0.45015,14600000,41
free-mem,128,0.45111,74400000,41
free-mem,128,0.45112,72200000,41
free-mem,128,0.45023,46600000,41
free-mem,128,0.44866,46500000,41
free-mem,128,0.45258,36700000,41
free-mem,128,0.45054,32000000,41
free-mem,128,0.44928,63200000,41
free-mem,128,0.45051,68800000,41
free-mem,128,0.45054,9400000,41
free-mem,128,0.45262,1900000,41
free-mem,128,0.48278,800000,41
free-mem,128,0.45123,4400000,41
free-mem,128,0.44832,16400000,41
free-mem,128,0.44916,68300000,41
free-mem,128,0.45231,73600000,41
free-mem,128,0.4512,75000000,41
free-mem,128,0.45182,76500000,41
free-mem,128,0.4535,34000000,41
free-mem,128,0.45206,49200000,41
free-mem,128,0.45088,31200000,41
free-mem,128,0.45125,25000000,41
free-mem,128,0.45238,25100000,41
free-mem,128,0.45104,28400000,41
free-mem,128,0.45175,2800000,41
free-mem,128,0.50235,700000,41
free-mem,128,0.45041,13800000,41
free-mem,128,0.44888,22600000,41
free-mem,128,0.44979,23500000,41
free-mem,128,0.44993,42300000,41
free-mem,128,0.4508,40200000,41
free-mem,128,0.54456,500000,41
free-mem,128,0.45034,17500000,41
free-mem,128,0.45162,23100000,41
free-mem,128,0.45166,55700000,41
free-mem,128,0.45332,65200000,41
free-mem,128,0.45354,77600000,41
free-mem,128,0.45265,12200000,41
free-mem,128,0.44904,41100000,41
free-mem,128,0.45098,44200000,41
free-mem,128,0.45057,33200000,41
free-mem,128,0.45026,30500000,41
free-mem,128,0.45049,2100000,41
free-mem,128,0.45204,56800000,41
free-mem,128,0.44902,59600000,41
free-mem,128,0.45042,67700000,41
free-mem,128,0.45073,73400000,41
free-mem,128,0.44967,41400000,41
free-mem,128,0.45174,39800000,41
free-mem,128,0.45027,34800000,41
free-mem,128,0.45066,25900000,41
free-mem,128,0.45283,18100000,41
free-mem,128,0.45136,64700000,41
free-mem,128,0.45281,48200000,41
free-mem,128,0.45055,12900000,41
free-mem,128,0.45342,30800000,41
free-mem,128,0.45002,8500000,41
free-mem,128,0.44999,8000000,41
free-mem,128,0.45095,50300000,41
free-mem,128,0.45068,45900000,41
free-mem,128,0.45043,17700000,41
free-mem,128,0.45243,24100000,41
free-mem,128,0.45307,66700000,41
free-mem,128,0.45148,35700000,41
free-mem,128,0.45006,6600000,41
free-mem,128,0.44995,16600000,41
free-mem,128,0.45147,34600000,41
free-mem,128,0.45056,28800000,41
free-mem,128,0.45197,20500000,41
free-mem,128,0.45189,20800000,41
free-mem,128,0.4497,24000000,41
free-mem,128,0.45158,56000000,41
free-mem,128,0.45109,66600000,41
free-mem,128,0.45221,72600000,41
free-mem,128,0.44937,40300000,41
free-mem,128,0.45194,7700000,41
free-mem,128,0.44957,7500000,41
free-mem,128,0.45173,21600000,41
free-mem,128,0.45098,74700000,41
free-mem,128,0.45364,28000000,41
free-mem,128,0.4497,8600000,41
free-mem,128,0.44986,24500000,41
free-mem,128,0.44951,77500000,41
free-mem,128,0.45247,50900000,41
free-mem,128,0.45142,45300000,41
free-mem,128,0.45207,56500000,41
free-mem,128,0.44987,58500000,41
free-mem,128,0.45089,75500000,41
free-mem,128,0.44988,78500000,41
free-mem,128,0.4494,23700000,41
free-mem,128,0.44988,24400000,41
free-mem,128,0.45089,54000000,41
free-mem,128,0.44968,40100000,41
free-mem,128,0.44918,7200000,41
free-mem,128,0.4506,16200000,41
free-mem,128,0.45089,63300000,41
free-mem,128,0.44999,75600000,41
free-mem,128,0.45154,47600000,41
free-mem,128,0.44873,26600000,41
free-mem,128,0.45173,7300000,41
free-mem,128,0.45247,15300000,41
free-mem,128,0.45356,21400000,41
free-mem,128,0.45235,57800000,41
free-mem,128,0.45245,33500000,41
free-mem,128,0.4515,56400000,41
free-mem,128,0.45044,66000000,41
free-mem,128,0.44926,71300000,41
free-mem,128,0.44763,13200000,41
free-mem,128,0.45155,30900000,41
free-mem,128,0.45233,10500000,41
free-mem,128,0.45034,7400000,41
free-mem,128,0.45214,22000000,41
free-mem,128,0.45206,55200000,41
free-mem,128,0.44856,50200000,41
free-mem,128,0.45005,42500000,41
free-mem,128,0.52124,600000,41
free-mem,128,0.44983,3300000,41
free-mem,128,0.45024,4600000,41
free-mem,128,0.45047,21000000,41
free-mem,128,0.45081,54400000,41
free-mem,128,0.44923,58200000,41
free-mem,128,0.45074,49500000,41
free-mem,128,0.45211,10100000,41
free-mem,128,0.45065,9800000,41
free-mem,128,0.45125,9700000,41
free-mem,128,0.45186,16800000,41
free-mem,128,0.45024,19500000,41
free-mem,128,0.44885,64800000,41
free-mem,128,0.45154,77800000,41
free-mem,128,0.45212,78800000,41
free-mem,128,0.45006,53300000,41
free-mem,128,0.45025,47400000,41
free-mem,128,0.45033,9600000,41
free-mem,128,0.45127,4700000,41
free-mem,128,0.45177,17200000,41
free-mem,128,0.45142,20400000,41
free-mem,128,0.45209,25400000,41
free-mem,128,0.4499,71400000,41
free-mem,128,0.45386,70600000,41
free-mem,128,0.44963,51600000,41
free-mem,128,0.45107,36400000,41
free-mem,128,0.4523,9000000,41
free-mem,128,0.45274,6200000,41
free-mem,128,0.44962,22800000,41
free-mem,128,0.45202,55400000,41
free-mem,128,0.45038,51000000,41
free-mem,128,0.45199,37500000,41
free-mem,128,0.45005,29900000,41
free-mem,128,0.45077,32900000,41
free-mem,128,0.45132,11400000,41
free-mem,128,0.44935,10800000,41
free-mem,128,0.44948,23200000,41
free-mem,128,0.44999,61600000,41
free-mem,128,0.45104,76000000,41
free-mem,128,0.45024,76800000,41
free-mem,128,0.44816,77700000,41
free-mem,128,0.45502,17100000,41
free-mem,128,0.45175,16100000,41
free-mem,128,0.44841,51800000,41
free-mem,128,0.45098,45600000,41
free-mem,128,0.45409,32700000,41
free-mem,128,0.44947,31100000,41
free-mem,128,0.45062,11700000,41
free-mem,128,0.44963,25300000,41
free-mem,128,0.45185,38700000,41
free-mem,128,0.45139,13100000,41
free-mem,128,0.45129,65700000,41
free-mem,128,0.45101,39900000,41
free-mem,128,0.45184,34100000,41
free-mem,128,0.45256,32200000,41
free-mem,128,0.44986,29700000,41
free-mem,128,0.44957,62000000,41
free-mem,128,0.44856,78000000,41
free-mem,128,0.45172,44400000,41
free-mem,128,0.44958,27900000,41
free-mem,128,0.44893,5500000,41
free-mem,128,0.45315,13000000,41
free-mem,128,0.45001,21900000,41
free-mem,128,0.45159,64000000,41
free-mem,128,0.45095,69300000,41
free-mem,128,0.45061,75100000,41
free-mem,128,0.44883,49000000,41
free-mem,128,0.45113,52300000,41
free-mem,128,0.45236,34700000,41
free-mem,128,0.4493,26300000,41
free-mem,128,0.45155,8800000,41
free-mem,128,0.45198,3400000,41
free-mem,128,0.44976,19900000,41
free-mem,128,0.44931,25500000,41
free-mem,128,0.45045,77200000,41
free-mem,128,0.45104,44000000,41
free-mem,128,0.4513,62400000,41
free-mem,128,0.45034,67800000,41
free-mem,128,0.44772,72800000,41
free-mem,128,0.45315,76900000,41
free-mem,128,0.44953,43700000,41
free-mem,128,0.4485,38400000,41
free-mem,128,0.45278,6800000,41
free-mem,128,0.4509,54800000,41
free-mem,128,0.45206,65600000,41
free-mem,128,0.44888,67400000,41
free-mem,128,0.44959,68100000,41
free-mem,128,0.45075,77400000,41
free-mem,128,0.45121,69500000,41
free-mem,128,0.44873,42400000,41
free-mem,128,0.45284,41200000,41
free-mem,128,0.45174,39700000,41
free-mem,128,0.44938,11600000,41
free-mem,128,0.44922,7100000,41
free-mem,128,0.4528,69900000,41
free-mem,128,0.45008,52500000,41
free-mem,128,0.45107,51100000,41
free-mem,128,0.45057,8400000,41
free-mem,128,0.45135,56100000,41
free-mem,128,0.45104,63900000,41
free-mem,128,0.44914,40600000,41
free-mem,128,0.45217,14900000,41
free-mem,128,0.44869,77000000,41
free-mem,128,0.45074,61500000,41
free-mem,128,0.45069,52200000,41
free-mem,128,0.45073,2500000,41
free-mem,128,0.45092,18500000,41
free-mem,128,0.45138,68700000,41
free-mem,128,0.44927,75900000,41
free-mem,128,0.45054,43400000,41
free-mem,128,0.44864,37100000,41
free-mem,128,0.4504,36000000,41
free-mem,128,0.44943,34400000,41
free-mem,128,0.45071,62600000,41
free-mem,128,0.44995,51700000,41
free-mem,128,0.45125,39000000,41
free-mem,128,0.4501,33700000,41
free-mem,128,0.44993,29500000,41
free-mem,128,0.45205,8200000,41
free-mem,128,0.73732,100000,41
free-mem,128,0.44884,24600000,41
free-mem,128,0.45014,59900000,41
free-mem,128,0.45208,65300000,41
free-mem,128,0.44805,48600000,41
free-mem,128,0.45171,48500000,41
free-mem,128,0.44952,5300000,41
free-mem,128,0.44939,63400000,41
free-mem,128,0.45357,66400000,41
free-mem,128,0.4506,35600000,41
free-mem,128,0.44914,32800000,41
free-mem,128,0.44904,27400000,41
free-mem,128,0.44934,1300000,41
free-mem,128,0.45149,24900000,41
free-mem,128,0.45185,58300000,41
free-mem,128,0.45173,66100000,41
free-mem,128,0.45133,70000000,41
free-mem,128,0.45101,71600000,41
free-mem,128,0.45115,77300000,41
free-mem,128,0.45306,60900000,41
free-mem,128,0.45192,35200000,41
free-mem,128,0.45045,28300000,41
free-mem,128,0.45158,15700000,41
free-mem,128,0.45031,79300000,41
free-mem,128,0.4513,41300000,41
free-mem,128,0.45238,35400000,41
free-mem,128,0.45,11200000,41
free-mem,128,0.45171,15800000,41
free-mem,128,0.44926,56200000,41
free-mem,128,0.45176,69000000,41
free-mem,128,0.44975,25800000,41
free-mem,128,0.45196,5000000,41
free-mem,128,0.44919,19800000,41
free-mem,128,0.44863,57700000,41
free-mem,128,0.45158,74300000,41
free-mem,128,0.45121,79200000,41
free-mem,128,0.45239,35000000,41
free-mem,128,0.45172,34300000,41
free-mem,128,0.45151,30000000,41
free-mem,128,0.44981,11000000,41
free-mem,128,0.4525,18200000,41
free-mem,128,0.45079,21100000,41
free-mem,128,0.45205,24800000,41
free-mem,128,0.45446,57200000,41
free-mem,128,0.45051,68200000,41
free-mem,128,0.44929,2400000,41
free-mem,128,0.45188,20700000,41
free-mem,128,0.45103,44300000,41
free-mem,128,0.4496,36500000,41
free-mem,128,0.45037,15600000,41
free-mem,128,0.45083,18400000,41
free-mem,128,0.45214,23600000,41
free-mem,128,0.45205,67300000,41
free-mem,128,0.45268,68500000,41
free-mem,128,0.45112,52000000,41
free-mem,128,0.45322,46100000,41
free-mem,128,0.45325,27700000,41
free-mem,128,0.45202,25700000,41
free-mem,128,0.45219,5900000,41
free-mem,128,0.45291,20600000,41
free-mem,128,0.44977,66300000,41
free-mem,128,0.45242,71100000,41
free-mem,128,0.45111,33000000,41
free-mem,128,0.45259,60400000,41
free-mem,128,0.44964,73900000,41
free-mem,128,0.45292,67600000,41
free-mem,128,0.45119,50500000,41
free-mem,128,0.45154,49800000,41
free-mem,128,0.45186,44600000,41
free-mem,128,0.44861,3200000,41
free-mem,128,0.45152,13500000,41
free-mem,128,0.44932,18300000,41
free-mem,128,0.44984,18600000,41
free-mem,128,0.44856,13600000,41
free-mem,128,0.45396,16500000,41
free-mem,128,0.45114,57300000,41
free-mem,128,0.45162,53000000,41
free-mem,128,0.44976,48700000,41
free-mem,128,0.45048,39200000,41
free-mem,128,0.44991,10400000,41
free-mem,128,0.4499,14500000,41
free-mem,128,0.45187,64100000,41
free-mem,128,0.44804,60800000,41
free-mem,128,0.45036,44800000,41
free-mem,128,0.45225,27100000,41
free-mem,128,0.45024,19700000,41
free-mem,128,0.45155,67000000,41
free-mem,128,0.45277,74800000,41
free-mem,128,0.45362,78900000,41
free-mem,128,0.45196,45800000,41
free-mem,128,0.45221,8300000,41
free-mem,128,0.45399,14400000,41
free-mem,128,0.44905,21500000,41
free-mem,128,0.45089,58800000,41
free-mem,128,0.44949,62500000,41
free-mem,128,0.44936,52700000,41
free-mem,128,0.45041,39300000,41
free-mem,128,0.4498,38100000,41
free-mem,128,0.45132,19300000,41
free-mem,128,0.45076,50100000,41
free-mem,128,0.45084,40800000,41
free-mem,128,0.44917,54900000,41
free-mem,128,0.44821,58400000,41
free-mem,128,0.45102,74900000,41
free-mem,128,0.4486,1600000,41
free-mem,128,0.45091,5800000,41
free-mem,128,0.45093,59800000,41
free-mem,128,0.45265,76600000,41
free-mem,128,0.45018,34900000,41
free-mem,128,0.45061,4100000,41
free-mem,128,0.45237,58000000,41
free-mem,128,0.4512,59500000,41
free-mem,128,0.44903,49400000,41
free-mem,128,0.45089,46000000,41
free-mem,128,0.45036,45400000,41
free-mem,128,0.4517,44100000,41
free-mem,128,0.45149,4500000,41
free-mem,128,0.45188,69100000,41
free-mem,128,0.45221,74600000,41
free-mem,128,0.44754,53700000,41
free-mem,128,0.44887,41000000,41
free-mem,128,0.45003,38600000,41
free-mem,128,0.45107,28100000,41
free-mem,128,0.45046,60700000,41
free-mem,128,0.44877,63600000,41
free-mem,128,0.45224,68600000,41
free-mem,128,0.4519,78600000,41
free-mem,128,0.44821,71900000,41
free-mem,128,0.45113,48800000,41
free-mem,128,0.4506,10600000,41
free-mem,128,0.45211,14100000,41
free-mem,128,0.45041,55500000,41
free-mem,128,0.45018,68000000,41
free-mem,128,0.45072,48000000,41
free-mem,128,0.45266,26500000,41
free-mem,128,0.45127,12600000,41
free-mem,128,0.45184,70300000,41
free-mem,128,0.45395,53600000,41
free-mem,128,0.45265,47200000,41
free-mem,128,0.45,33800000,41
free-mem,128,0.44996,18800000,41
free-mem,128,0.4488,67500000,41
free-mem,128,0.45171,78300000,41
free-mem,128,0.44957,53400000,41
free-mem,128,0.45191,27500000,41
free-mem,128,0.45126,1500000,41
free-mem,128,0.44774,15200000,41
free-mem,128,0.45057,24300000,41
free-mem,128,0.44995,64900000,41
free-mem,128,0.4496,61800000,41
free-mem,128,0.45193,49700000,41
free-mem,128,0.45133,29400000,41
free-mem,128,0.44925,9300000,41
free-mem,128,0.45091,9100000,41
free-mem,128,0.44973,6000000,41
free-mem,128,0.45375,17400000,41
free-mem,128,0.45142,76100000,41
free-mem,128,0.45234,71200000,41
free-mem,128,0.44888,45000000,41
free-mem,128,0.45123,60600000,41
free-mem,128,0.45007,76200000,41
free-mem,128,0.64834,200000,41
free-mem,128,0.44914,12700000,41
free-mem,128,0.4478,62200000,41
free-mem,128,0.45033,63800000,41
free-mem,128,0.44985,67900000,41
free-mem,128,0.44926,33600000,41
free-mem,128,0.44921,27600000,41
free-mem,128,0.45089,30600000,41
free-mem,128,0.45004,28900000,41
free-mem,128,0.4517,26100000,41
free-mem,128,0.45018,15000000,41
free-mem,128,0.44969,61000000,41
free-mem,128,0.451,66800000,41
free-mem,128,0.45145,35900000,41
free-mem,128,0.45091,6100000,41
free-mem,128,0.44829,14300000,41
free-mem,128,0.45322,62900000,41
free-mem,128,0.45194,63700000,41
free-mem,128,0.45232,47800000,41
free-mem,128,0.44922,42900000,41
free-mem,128,0.44825,46300000,41
marginal-hits,256,0.17749,51300000,11
marginal-hits,256,0.18101,46200000,11
marginal-hits,256,0.17968,40500000,11
marginal-hits,256,0.17686,33300000,11
marginal-hits,256,0.17355,31400000,11
marginal-hits,256,0.25623,3800000,11
marginal-hits,256,0.17682,37000000,11
marginal-hits,256,0.0,0,11
marginal-hits,256,0.57264,400000,11
marginal-hits,256,0.26587,3500000,11
marginal-hits,256,0.23794,4900000,11
marginal-hits,256,0.17781,54600000,11
marginal-hits,256,0.1759,73100000,11
marginal-hits,256,0.18102,75300000,11
marginal-hits,256,0.17395,36600000,11
marginal-hits,256,0.17888,30400000,11
marginal-hits,256,0.18003,30200000,11
marginal-hits,256,0.17913,29000000,11
marginal-hits,256,0.17745,24700000,11
marginal-hits,256,0.1753,54500000,11
marginal-hits,256,0.17886,43800000,11
marginal-hits,256,0.17786,33900000,11
marginal-hits,256,0.1768,71000000,11
marginal-hits,256,0.1753,79400000,11
marginal-hits,256,0.17456,36900000,11
marginal-hits,256,0.18066,26400000,11
marginal-hits,256,0.19453,11500000,11
marginal-hits,256,0.19693,9500000,11
marginal-hits,256,0.17539,22900000,11
marginal-hits,256,0.17597,23800000,11
marginal-hits,256,0.17391,62300000,11
marginal-hits,256,0.17779,65000000,11
marginal-hits,256,0.17505,49600000,11
marginal-hits,256,0.17174,42700000,11
marginal-hits,256,0.17603,28600000,11
marginal-hits,256,0.199,9200000,11
marginal-hits,256,0.45002,1000000,11
marginal-hits,256,0.17753,65500000,11
marginal-hits,256,0.17576,43300000,11
marginal-hits,256,0.17569,40400000,11
marginal-hits,256,0.17585,32300000,11
marginal-hits,256,0.20865,7800000,11
marginal-hits,256,0.17578,23000000,11
marginal-hits,256,0.17675,55600000,11
marginal-hits,256,0.17678,60200000,11
marginal-hits,256,0.43577,1100000,11
marginal-hits,256,0.23823,5400000,11
marginal-hits,256,0.17916,22300000,11
marginal-hits,256,0.17584,55800000,11
marginal-hits,256,0.17655,77900000,11
marginal-hits,256,0.17379,49900000,11
marginal-hits,256,0.17868,43600000,11
marginal-hits,256,0.30849,2300000,11
marginal-hits,256,0.17768,54700000,11
marginal-hits,256,0.17897,56700000,11
marginal-hits,256,0.17502,72500000,11
marginal-hits,256,0.17686,74000000,11
marginal-hits,256,0.17838,53100000,11
marginal-hits,256,0.17614,41700000,11
marginal-hits,256,0.17683,34200000,11
marginal-hits,256,0.17694,27000000,11
marginal-hits,256,0.19019,12500000,11
marginal-hits,256,0.19985,8700000,11
marginal-hits,256,0.17634,60100000,11
marginal-hits,256,0.17624,69200000,11
marginal-hits,256,0.17825,73500000,11
marginal-hits,256,0.17863,46800000,11
marginal-hits,256,0.17465,31900000,11
marginal-hits,256,0.17313,28200000,11
marginal-hits,256,0.35501,1800000,11
marginal-hits,256,0.17251,69800000,11
marginal-hits,256,0.17578,72300000,11
marginal-hits,256,0.18,79100000,11
marginal-hits,256,0.17713,79600000,11
marginal-hits,256,0.17372,48300000,11
marginal-hits,256,0.17405,39400000,11
marginal-hits,256,0.21081,7600000,11
marginal-hits,256,0.3158,2200000,11
marginal-hits,256,0.60595,300000,11
marginal-hits,256,0.18559,14800000,11
marginal-hits,256,0.18175,16700000,11
marginal-hits,256,0.17737,22100000,11
marginal-hits,256,0.17479,79800000,11
marginal-hits,256,0.17033,47900000,11
marginal-hits,256,0.17251,47700000,11
marginal-hits,256,0.17802,40900000,11
marginal-hits,256,0.17522,20100000,11
marginal-hits,256,0.17827,20300000,11
marginal-hits,256,0.17528,57500000,11
marginal-hits,256,0.17022,63000000,11
marginal-hits,256,0.17484,71500000,11
marginal-hits,256,0.20483,8100000,11
marginal-hits,256,0.26872,2900000,11
marginal-hits,256,0.18534,14000000,11
marginal-hits,256,0.17806,22200000,11
marginal-hits,256,0.17927,55300000,11
marginal-hits,256,0.17591,57400000,11
marginal-hits,256,0.17657,67200000,11
marginal-hits,256,0.17432,70200000,11
marginal-hits,256,0.17396,72100000,11
marginal-hits,256,0.174,78400000,11
marginal-hits,256,0.17728,26800000,11
marginal-hits,256,0.17665,65800000,11
marginal-hits,256,0.17525,67100000,11
marginal-hits,256,0.17677,37200000,11
marginal-hits,256,0.19079,10900000,11
marginal-hits,256,0.18138,16300000,11
marginal-hits,256,0.17871,22400000,11
marginal-hits,256,0.17694,71800000,11
marginal-hits,256,0.17597,72400000,11
marginal-hits,256,0.17188,50800000,11
marginal-hits,256,0.17977,38500000,11
marginal-hits,256,0.17603,29600000,11
marginal-hits,256,0.17955,28500000,11
marginal-hits,256,0.17882,26700000,11
marginal-hits,256,0.17526,75800000,11
marginal-hits,256,0.17781,23900000,11
marginal-hits,256,0.17811,59200000,11
marginal-hits,256,0.17581,47500000,11
marginal-hits,256,0.17235,42600000,11
marginal-hits,256,0.1756,35300000,11
marginal-hits,256,0.17853,30700000,11
marginal-hits,256,0.17433,72900000,11
marginal-hits,256,0.17477,73800000,11
marginal-hits,256,0.17572,52100000,11
marginal-hits,256,0.17798,38300000,11
marginal-hits,256,0.17284,42800000,11
marginal-hits,256,0.18818,12300000,11
marginal-hits,256,0.22312,6300000,11
marginal-hits,256,0.17351,64300000,11
marginal-hits,256,0.1797,75400000,11
marginal-hits,256,0.17765,75700000,11
marginal-hits,256,0.17552,45200000,11
marginal-hits,256,0.18033,41900000,11
marginal-hits,256,0.17682,37700000,11
marginal-hits,256,0.17895,30300000,11
marginal-hits,256,0.17423,54200000,11
marginal-hits,256,0.17894,55100000,11
marginal-hits,256,0.17759,57900000,11
marginal-hits,256,0.17786,59400000,11
marginal-hits,256,0.17614,70400000,11
marginal-hits,256,0.17925,47000000,11
marginal-hits,256,0.17513,43100000,11
marginal-hits,256,0.18179,35800000,11
marginal-hits,256,0.33305,2000000,11
marginal-hits,256,0.36041,1700000,11
marginal-hits,256,0.41948,1200000,11
marginal-hits,256,0.23137,5600000,11
marginal-hits,256,0.18204,15500000,11
marginal-hits,256,0.1791,20000000,11
marginal-hits,256,0.17963,78100000,11
marginal-hits,256,0.18899,12400000,11
marginal-hits,256,0.19982,8900000,11
marginal-hits,256,0.17475,24200000,11
marginal-hits,256,0.17649,54300000,11
marginal-hits,256,0.17501,58700000,11
marginal-hits,256,0.17576,60000000,11
marginal-hits,256,0.17795,64500000,11
marginal-hits,256,0.17417,48900000,11
marginal-hits,256,0.17406,42200000,11
marginal-hits,256,0.19029,11800000,11
marginal-hits,256,0.18361,17300000,11
marginal-hits,256,0.1775,20900000,11
marginal-hits,256,0.17501,57600000,11
marginal-hits,256,0.17532,63500000,11
marginal-hits,256,0.17665,66900000,11
marginal-hits,256,0.17698,77100000,11
marginal-hits,256,0.1773,31300000,11
marginal-hits,256,0.17523,44900000,11
marginal-hits,256,0.17628,41800000,11
marginal-hits,256,0.17303,39100000,11
marginal-hits,256,0.18942,11300000,11
marginal-hits,256,0.19149,10200000,11
marginal-hits,256,0.39672,1400000,11
marginal-hits,256,0.17892,23300000,11
marginal-hits,256,0.17761,46400000,11
marginal-hits,256,0.17307,31700000,11
marginal-hits,256,0.17627,31000000,11
marginal-hits,256,0.17609,73700000,11
marginal-hits,256,0.17671,61100000,11
marginal-hits,256,0.19028,11100000,11
marginal-hits,256,0.17988,19400000,11
marginal-hits,256,0.175,57000000,11
marginal-hits,256,0.17649,70700000,11
marginal-hits,256,0.17656,48100000,11
marginal-hits,256,0.1723,69700000,11
marginal-hits,256,0.1775,36100000,11
marginal-hits,256,0.17842,32400000,11
marginal-hits,256,0.17952,18700000,11
marginal-hits,256,0.17233,64200000,11
marginal-hits,256,0.17516,64400000,11
marginal-hits,256,0.1757,73000000,11
marginal-hits,256,0.17714,79000000,11
marginal-hits,256,0.17848,40700000,11
marginal-hits,256,0.21557,6700000,11
marginal-hits,256,0.25119,4200000,11
marginal-hits,256,0.18017,16900000,11
marginal-hits,256,0.17518,50400000,11
marginal-hits,256,0.17294,41600000,11
marginal-hits,256,0.1745,38900000,11
marginal-hits,256,0.17576,37800000,11
marginal-hits,256,0.18084,29200000,11
marginal-hits,256,0.17888,29100000,11
marginal-hits,256,0.1916,10300000,11
marginal-hits,256,0.23434,5700000,11
marginal-hits,256,0.17289,54100000,11
marginal-hits,256,0.17276,45100000,11
marginal-hits,256,0.18008,43900000,11
marginal-hits,256,0.17602,33100000,11
marginal-hits,256,0.17175,63100000,11
marginal-hits,256,0.17916,53900000,11
marginal-hits,256,0.17443,50700000,11
marginal-hits,256,0.46561,900000,11
marginal-hits,256,0.17873,18900000,11
marginal-hits,256,0.17635,21200000,11
marginal-hits,256,0.17995,21300000,11
marginal-hits,256,0.17158,57100000,11
marginal-hits,256,0.17789,55900000,11
marginal-hits,256,0.17476,56900000,11
marginal-hits,256,0.17682,70100000,11
marginal-hits,256,0.17515,79900000,11
marginal-hits,256,0.17603,37300000,11
marginal-hits,256,0.17552,53800000,11
marginal-hits,256,0.17805,51200000,11
marginal-hits,256,0.17232,45700000,11
marginal-hits,256,0.17675,27800000,11
marginal-hits,256,0.17837,26000000,11
marginal-hits,256,0.18028,19100000,11
marginal-hits,256,0.17774,21800000,11
marginal-hits,256,0.17343,61700000,11
marginal-hits,256,0.17454,51500000,11
marginal-hits,256,0.17446,38000000,11
marginal-hits,256,0.1738,29800000,11
marginal-hits,256,0.25713,4000000,11
marginal-hits,256,0.25009,4300000,11
marginal-hits,256,0.17752,20200000,11
marginal-hits,256,0.17622,22700000,11
marginal-hits,256,0.17694,65400000,11
marginal-hits,256,0.19285,10700000,11
marginal-hits,256,0.28268,2700000,11
marginal-hits,256,0.18547,15100000,11
marginal-hits,256,0.18216,15400000,11
marginal-hits,256,0.17707,19000000,11
marginal-hits,256,0.17616,73200000,11
marginal-hits,256,0.1788,76700000,11
marginal-hits,256,0.17472,78700000,11
marginal-hits,256,0.17675,79700000,11
marginal-hits,256,0.17622,31600000,11
marginal-hits,256,0.17445,49100000,11
marginal-hits,256,0.17658,42100000,11
marginal-hits,256,0.17771,47300000,11
marginal-hits,256,0.17495,27200000,11
marginal-hits,256,0.19491,11900000,11
marginal-hits,256,0.18121,25600000,11
marginal-hits,256,0.17219,32600000,11
marginal-hits,256,0.22065,6400000,11
marginal-hits,256,0.17862,23400000,11
marginal-hits,256,0.17519,59000000,11
marginal-hits,256,0.17265,62100000,11
marginal-hits,256,0.17545,68900000,11
marginal-hits,256,0.18166,13900000,11
marginal-hits,256,0.18412,17800000,11
marginal-hits,256,0.17969,52900000,11
marginal-hits,256,0.17678,43500000,11
marginal-hits,256,0.2693,3000000,11
marginal-hits,256,0.17869,19200000,11
marginal-hits,256,0.17413,45500000,11
marginal-hits,256,0.24292,4800000,11
marginal-hits,256,0.17587,19600000,11
marginal-hits,256,0.17228,72000000,11
marginal-hits,256,0.17545,75200000,11
marginal-hits,256,0.17234,48400000,11
marginal-hits,256,0.17692,44500000,11
marginal-hits,256,0.1752,34500000,11
marginal-hits,256,0.17562,65100000,11
marginal-hits,256,0.17628,73300000,11
marginal-hits,256,0.17654,79500000,11
marginal-hits,256,0.17425,61200000,11
marginal-hits,256,0.17466,50000000,11
marginal-hits,256,0.17228,36300000,11
marginal-hits,256,0.20694,7900000,11
marginal-hits,256,0.23738,5100000,11
marginal-hits,256,0.17571,74200000,11
marginal-hits,256,0.17329,49300000,11
marginal-hits,256,0.17818,46900000,11
marginal-hits,256,0.22069,6500000,11
marginal-hits,256,0.28756,2600000,11
marginal-hits,256,0.17416,64600000,11
marginal-hits,256,0.17908,53500000,11
marginal-hits,256,0.17637,52800000,11
marginal-hits,256,0.17476,52400000,11
marginal-hits,256,0.17323,51900000,11
marginal-hits,256,0.17237,41500000,11
marginal-hits,256,0.18181,38200000,11
marginal-hits,256,0.17492,31800000,11
marginal-hits,256,0.17802,29300000,11
marginal-hits,256,0.17778,26900000,11
marginal-hits,256,0.17238,69600000,11
marginal-hits,256,0.17172,62800000,11
marginal-hits,256,0.1769,51400000,11
marginal-hits,256,0.21515,7000000,11
marginal-hits,256,0.26475,3600000,11
marginal-hits,256,0.18296,14200000,11
marginal-hits,256,0.17557,55000000,11
marginal-hits,256,0.17475,74500000,11
marginal-hits,256,0.17483,50600000,11
marginal-hits,256,0.17724,30100000,11
marginal-hits,256,0.1783,56300000,11
marginal-hits,256,0.17447,37900000,11
marginal-hits,256,0.19227,12000000,11
marginal-hits,256,0.21652,6900000,11
marginal-hits,256,0.17847,58100000,11
marginal-hits,256,0.17406,58600000,11
marginal-hits,256,0.17703,60300000,11
marginal-hits,256,0.17575,43200000,11
marginal-hits,256,0.19903,10000000,11
marginal-hits,256,0.25562,3900000,11
marginal-hits,256,0.17569,25200000,11
marginal-hits,256,0.17683,56600000,11
marginal-hits,256,0.17846,59700000,11
marginal-hits,256,0.17282,39600000,11
marginal-hits,256,0.23803,5200000,11
marginal-hits,256,0.17426,59100000,11
marginal-hits,256,0.18097,59300000,11
marginal-hits,256,0.17433,66200000,11
marginal-hits,256,0.17537,68400000,11
marginal-hits,256,0.17548,71700000,11
marginal-hits,256,0.17818,72700000,11
marginal-hits,256,0.1755,74100000,11
marginal-hits,256,0.17022,62700000,11
marginal-hits,256,0.18516,17900000,11
marginal-hits,256,0.17783,35100000,11
marginal-hits,256,0.17384,43000000,11
marginal-hits,256,0.17546,22500000,11
marginal-hits,256,0.17737,60500000,11
marginal-hits,256,0.1757,70900000,11
marginal-hits,256,0.17731,76400000,11
marginal-hits,256,0.17445,36200000,11
marginal-hits,256,0.17624,32500000,11
marginal-hits,256,0.17682,26200000,11
marginal-hits,256,0.1757,61300000,11
marginal-hits,256,0.17904,76300000,11
marginal-hits,256,0.17825,46700000,11
marginal-hits,256,0.17531,36800000,11
marginal-hits,256,0.17681,33400000,11
marginal-hits,256,0.18515,13400000,11
marginal-hits,256,0.18025,17600000,11
marginal-hits,256,0.17653,69400000,11
marginal-hits,256,0.17572,47100000,11
marginal-hits,256,0.1774,42000000,11
marginal-hits,256,0.1756,37400000,11
marginal-hits,256,0.17816,28700000,11
marginal-hits,256,0.19288,12100000,11
marginal-hits,256,0.19719,9900000,11
marginal-hits,256,0.18583,13300000,11
marginal-hits,256,0.17678,21700000,11
marginal-hits,256,0.17384,78200000,11
marginal-hits,256,0.17709,53200000,11
marginal-hits,256,0.17276,52600000,11
marginal-hits,256,0.17468,32100000,11
marginal-hits,256,0.1749,31500000,11
marginal-hits,256,0.18499,14700000,11
marginal-hits,256,0.17955,15900000,11
marginal-hits,256,0.17544,66500000,11
marginal-hits,256,0.17461,37600000,11
marginal-hits,256,0.17656,61400000,11
marginal-hits,256,0.17374,61900000,11
marginal-hits,256,0.17797,65900000,11
marginal-hits,256,0.26709,3100000,11
marginal-hits,256,0.1769,17000000,11
marginal-hits,256,0.18316,18000000,11
marginal-hits,256,0.17658,58900000,11
marginal-hits,256,0.178,70500000,11
marginal-hits,256,0.17272,70800000,11
marginal-hits,256,0.18017,16000000,11
marginal-hits,256,0.18319,13700000,11
marginal-hits,256,0.17544,44700000,11
marginal-hits,256,0.17201,39500000,11
marginal-hits,256,0.18042,40000000,11
marginal-hits,256,0.1757,38800000,11
marginal-hits,256,0.17958,35500000,11
marginal-hits,256,0.17672,27300000,11
marginal-hits,256,0.25809,3700000,11
marginal-hits,256,0.18709,12800000,11
marginal-hits,256,0.18613,14600000,11
marginal-hits,256,0.17466,74400000,11
marginal-hits,256,0.17406,72200000,11
marginal-hits,256,0.17696,46600000,11
marginal-hits,256,0.17783,46500000,11
marginal-hits,256,0.17583,36700000,11
marginal-hits,256,0.17547,32000000,11
marginal-hits,256,0.1707,63200000,11
marginal-hits,256,0.17633,68800000,11
marginal-hits,256,0.19603,9400000,11
marginal-hits,256,0.34461,1900000,11
marginal-hits,256,0.48278,800000,11
marginal-hits,256,0.24911,4400000,11
marginal-hits,256,0.17825,16400000,11
marginal-hits,256,0.17212,68300000,11
marginal-hits,256,0.17759,73600000,11
marginal-hits,256,0.17652,75000000,11
marginal-hits,256,0.17915,76500000,11
marginal-hits,256,0.17772,34000000,11
marginal-hits,256,0.17166,49200000,11
marginal-hits,256,0.17768,31200000,11
marginal-hits,256,0.17574,25000000,11
marginal-hits,256,0.17708,25100000,11
marginal-hits,256,0.17637,28400000,11
marginal-hits,256,0.27633,2800000,11
marginal-hits,256,0.50235,700000,11
marginal-hits,256,0.18489,13800000,11
marginal-hits,256,0.17709,22600000,11
marginal-hits,256,0.17748,23500000,11
marginal-hits,256,0.17226,42300000,11
marginal-hits,256,0.17498,40200000,11
marginal-hits,256,0.54456,500000,11
marginal-hits,256,0.1821,17500000,11
marginal-hits,256,0.17621,23100000,11
marginal-hits,256,0.1798,55700000,11
marginal-hits,256,0.17829,65200000,11
marginal-hits,256,0.17749,77600000,11
marginal-hits,256,0.19105,12200000,11
marginal-hits,256,0.17392,41100000,11
marginal-hits,256,0.17816,44200000,11
marginal-hits,256,0.17865,33200000,11
marginal-hits,256,0.17636,30500000,11
marginal-hits,256,0.32603,2100000,11
marginal-hits,256,0.17541,56800000,11
marginal-hits,256,0.17757,59600000,11
marginal-hits,256,0.17608,67700000,11
marginal-hits,256,0.17647,73400000,11
marginal-hits,256,0.17599,41400000,11
marginal-hits,256,0.17831,39800000,11
marginal-hits,256,0.17639,34800000,11
marginal-hits,256,0.17996,25900000,11
marginal-hits,256,0.18508,18100000,11
marginal-hits,256,0.17388,64700000,11
marginal-hits,256,0.17637,48200000,11
marginal-hits,256,0.1883,12900000,11
marginal-hits,256,0.17937,30800000,11
marginal-hits,256,0.20219,8500000,11
marginal-hits,256,0.20481,8000000,11
marginal-hits,256,0.1748,50300000,11
marginal-hits,256,0.17794,45900000,11
marginal-hits,256,0.18612,17700000,11
marginal-hits,256,0.17505,24100000,11
marginal-hits,256,0.17709,66700000,11
marginal-hits,256,0.1764,35700000,11
marginal-hits,256,0.21804,6600000,11
marginal-hits,256,0.18145,16600000,11
marginal-hits,256,0.1749,34600000,11
marginal-hits,256,0.17905,28800000,11
marginal-hits,256,0.18176,20500000,11
marginal-hits,256,0.17552,20800000,11
marginal-hits,256,0.17597,24000000,11
marginal-hits,256,0.1765,56000000,11
marginal-hits,256,0.17354,66600000,11
marginal-hits,256,0.17768,72600000,11
marginal-hits,256,0.17639,40300000,11
marginal-hits,256,0.21126,7700000,11
marginal-hits,256,0.21141,7500000,11
marginal-hits,256,0.1763,21600000,11
marginal-hits,256,0.17672,74700000,11
marginal-hits,256,0.17966,28000000,11
marginal-hits,256,0.20233,8600000,11
marginal-hits,256,0.17663,24500000,11
marginal-hits,256,0.17872,77500000,11
marginal-hits,256,0.18159,50900000,11
marginal-hits,256,0.17562,45300000,11
marginal-hits,256,0.1756,56500000,11
marginal-hits,256,0.17276,58500000,11
marginal-hits,256,0.17776,75500000,11
marginal-hits,256,0.176,78500000,11
marginal-hits,256,0.17608,23700000,11
marginal-hits,256,0.17229,24400000,11
marginal-hits,256,0.17648,54000000,11
marginal-hits,256,0.17649,40100000,11
marginal-hits,256,0.21551,7200000,11
marginal-hits,256,0.18211,16200000,11
marginal-hits,256,0.17456,63300000,11
marginal-hits,256,0.17719,75600000,11
marginal-hits,256,0.17474,47600000,11
marginal-hits,256,0.17542,26600000,11
marginal-hits,256,0.21577,7300000,11
marginal-hits,256,0.18185,15300000,11
marginal-hits,256,0.1805,21400000,11
marginal-hits,256,0.1768,57800000,11
marginal-hits,256,0.17715,33500000,11
marginal-hits,256,0.17609,56400000,11
marginal-hits,256,0.17582,66000000,11
marginal-hits,256,0.17426,71300000,11
marginal-hits,256,0.1831,13200000,11
marginal-hits,256,0.17868,30900000,11
marginal-hits,256,0.19433,10500000,11
marginal-hits,256,0.21605,7400000,11
marginal-hits,256,0.18132,22000000,11
marginal-hits,256,0.18365,55200000,11
marginal-hits,256,0.17363,50200000,11
marginal-hits,256,0.17124,42500000,11
marginal-hits,256,0.52124,600000,11
marginal-hits,256,0.26517,3300000,11
marginal-hits,256,0.2442,4600000,11
marginal-hits,256,0.17811,21000000,11
marginal-hits,256,0.17672,54400000,11
marginal-hits,256,0.17094,58200000,11
marginal-hits,256,0.17635,49500000,11
marginal-hits,256,0.19344,10100000,11
marginal-hits,256,0.1939,9800000,11
marginal-hits,256,0.19356,9700000,11
marginal-hits,256,0.18144,16800000,11
marginal-hits,256,0.17782,19500000,11
marginal-hits,256,0.17276,64800000,11
marginal-hits,256,0.17649,77800000,11
marginal-hits,256,0.17372,78800000,11
marginal-hits,256,0.17589,53300000,11
marginal-hits,256,0.17532,47400000,11
marginal-hits,256,0.19635,9600000,11
marginal-hits,256,0.2429,4700000,11
marginal-hits,256,0.19083,17200000,11
marginal-hits,256,0.1786,20400000,11
marginal-hits,256,0.17692,25400000,11
marginal-hits,256,0.17304,71400000,11
marginal-hits,256,0.17848,70600000,11
marginal-hits,256,0.17514,51600000,11
marginal-hits,256,0.18072,36400000,11
marginal-hits,256,0.20003,9000000,11
marginal-hits,256,0.22467,6200000,11
marginal-hits,256,0.17708,22800000,11
marginal-hits,256,0.18008,55400000,11
marginal-hits,256,0.17652,51000000,11
marginal-hits,256,0.17647,37500000,11
marginal-hits,256,0.17394,29900000,11
marginal-hits,256,0.17447,32900000,11
marginal-hits,256,0.19171,11400000,11
marginal-hits,256,0.19144,10800000,11
marginal-hits,256,0.17576,23200000,11
marginal-hits,256,0.16994,61600000,11
marginal-hits,256,0.17987,76000000,11
marginal-hits,256,0.17608,76800000,11
marginal-hits,256,0.17886,77700000,11
marginal-hits,256,0.18119,17100000,11
marginal-hits,256,0.1807,16100000,11
marginal-hits,256,0.17432,51800000,11
marginal-hits,256,0.17347,45600000,11
marginal-hits,256,0.17568,32700000,11
marginal-hits,256,0.17799,31100000,11
marginal-hits,256,0.19412,11700000,11
marginal-hits,256,0.17609,25300000,11
marginal-hits,256,0.17596,38700000,11
marginal-hits,256,0.18422,13100000,11
marginal-hits,256,0.17498,65700000,11
marginal-hits,256,0.17979,39900000,11
marginal-hits,256,0.17662,34100000,11
marginal-hits,256,0.1751,32200000,11
marginal-hits,256,0.17615,29700000,11
marginal-hits,256,0.17339,62000000,11
marginal-hits,256,0.17606,78000000,11
marginal-hits,256,0.17715,44400000,11
marginal-hits,256,0.17571,27900000,11
marginal-hits,256,0.23676,5500000,11
marginal-hits,256,0.18704,13000000,11
marginal-hits,256,0.1786,21900000,11
marginal-hits,256,0.17626,64000000,11
marginal-hits,256,0.17311,69300000,11
marginal-hits,256,0.17527,75100000,11
marginal-hits,256,0.17384,49000000,11
marginal-hits,256,0.17129,52300000,11
marginal-hits,256,0.17816,34700000,11
marginal-hits,256,0.17675,26300000,11
marginal-hits,256,0.19961,8800000,11
marginal-hits,256,0.26596,3400000,11
marginal-hits,256,0.17593,19900000,11
marginal-hits,256,0.17695,25500000,11
marginal-hits,256,0.17658,77200000,11
marginal-hits,256,0.17925,44000000,11
marginal-hits,256,0.17257,62400000,11
marginal-hits,256,0.17495,67800000,11
marginal-hits,256,0.17681,72800000,11
marginal-hits,256,0.17627,76900000,11
marginal-hits,256,0.17677,43700000,11
marginal-hits,256,0.17771,38400000,11
marginal-hits,256,0.21646,6800000,11
marginal-hits,256,0.17651,54800000,11
marginal-hits,256,0.17678,65600000,11
marginal-hits,256,0.17191,67400000,11
marginal-hits,256,0.17244,68100000,11
marginal-hits,256,0.17326,77400000,11
marginal-hits,256,0.1737,69500000,11
marginal-hits,256,0.1733,42400000,11
marginal-hits,256,0.17418,41200000,11
marginal-hits,256,0.17574,39700000,11
marginal-hits,256,0.19662,11600000,11
marginal-hits,256,0.21476,7100000,11
marginal-hits,256,0.17132,69900000,11
marginal-hits,256,0.17373,52500000,11
marginal-hits,256,0.17744,51100000,11
marginal-hits,256,0.20149,8400000,11
marginal-hits,256,0.17511,56100000,11
marginal-hits,256,0.17571,63900000,11
marginal-hits,256,0.17603,40600000,11
marginal-hits,256,0.18508,14900000,11
marginal-hits,256,0.1728,77000000,11
marginal-hits,256,0.17572,61500000,11
marginal-hits,256,0.17301,52200000,11
marginal-hits,256,0.29508,2500000,11
marginal-hits,256,0.18096,18500000,11
marginal-hits,256,0.17434,68700000,11
marginal-hits,256,0.18084,75900000,11
marginal-hits,256,0.17622,43400000,11
marginal-hits,256,0.17487,37100000,11
marginal-hits,256,0.17541,36000000,11
marginal-hits,256,0.17465,34400000,11
marginal-hits,256,0.17302,62600000,11
marginal-hits,256,0.17229,51700000,11
marginal-hits,256,0.17618,39000000,11
marginal-hits,256,0.17504,33700000,11
marginal-hits,256,0.17705,29500000,11
marginal-hits,256,0.20523,8200000,11
marginal-hits,256,0.73732,100000,11
marginal-hits,256,0.17354,24600000,11
marginal-hits,256,0.17769,59900000,11
marginal-hits,256,0.18023,65300000,11
marginal-hits,256,0.1758,48600000,11
marginal-hits,256,0.17672,48500000,11
marginal-hits,256,0.23334,5300000,11
marginal-hits,256,0.17387,63400000,11
marginal-hits,256,0.17824,66400000,11
marginal-hits,256,0.1786,35600000,11
marginal-hits,256,0.17554,32800000,11
marginal-hits,256,0.17347,27400000,11
marginal-hits,256,0.4075,1300000,11
marginal-hits,256,0.17874,24900000,11
marginal-hits,256,0.17236,58300000,11
marginal-hits,256,0.17505,66100000,11
marginal-hits,256,0.17558,70000000,11
marginal-hits,256,0.17605,71600000,11
marginal-hits,256,0.17382,77300000,11
marginal-hits,256,0.17476,60900000,11
marginal-hits,256,0.17806,35200000,11
marginal-hits,256,0.17567,28300000,11
marginal-hits,256,0.18145,15700000,11
marginal-hits,256,0.17649,79300000,11
marginal-hits,256,0.17565,41300000,11
marginal-hits,256,0.17772,35400000,11
marginal-hits,256,0.18698,11200000,11
marginal-hits,256,0.18255,15800000,11
marginal-hits,256,0.17489,56200000,11
marginal-hits,256,0.17534,69000000,11
marginal-hits,256,0.17783,25800000,11
marginal-hits,256,0.24134,5000000,11
marginal-hits,256,0.17623,19800000,11
marginal-hits,256,0.17579,57700000,11
marginal-hits,256,0.17464,74300000,11
marginal-hits,256,0.18311,79200000,11
marginal-hits,256,0.17793,35000000,11
marginal-hits,256,0.17491,34300000,11
marginal-hits,256,0.17714,30000000,11
marginal-hits,256,0.18769,11000000,11
marginal-hits,256,0.18357,18200000,11
marginal-hits,256,0.17799,21100000,11
marginal-hits,256,0.17635,24800000,11
marginal-hits,256,0.17665,57200000,11
marginal-hits,256,0.17537,68200000,11
marginal-hits,256,0.30113,2400000,11
marginal-hits,256,0.17747,20700000,11
marginal-hits,256,0.1745,44300000,11
marginal-hits,256,0.17851,36500000,11
marginal-hits,256,0.18137,15600000,11
marginal-hits,256,0.18102,18400000,11
marginal-hits,256,0.18185,23600000,11
marginal-hits,256,0.17253,67300000,11
marginal-hits,256,0.17372,68500000,11
marginal-hits,256,0.17371,52000000,11
marginal-hits,256,0.18344,46100000,11
marginal-hits,256,0.17926,27700000,11
marginal-hits,256,0.17849,25700000,11
marginal-hits,256,0.22724,5900000,11
marginal-hits,256,0.17849,20600000,11
marginal-hits,256,0.17498,66300000,11
marginal-hits,256,0.17309,71100000,11
marginal-hits,256,0.17357,33000000,11
marginal-hits,256,0.17565,60400000,11
marginal-hits,256,0.17571,73900000,11
marginal-hits,256,0.17587,67600000,11
marginal-hits,256,0.17512,50500000,11
marginal-hits,256,0.17531,49800000,11
marginal-hits,256,0.17767,44600000,11
marginal-hits,256,0.26615,3200000,11
marginal-hits,256,0.18657,13500000,11
marginal-hits,256,0.18168,18300000,11
marginal-hits,256,0.17989,18600000,11
marginal-hits,256,0.18427,13600000,11
marginal-hits,256,0.17946,16500000,11
marginal-hits,256,0.17575,57300000,11
marginal-hits,256,0.17849,53000000,11
marginal-hits,256,0.17494,48700000,11
marginal-hits,256,0.1747,39200000,11
marginal-hits,256,0.19328,10400000,11
marginal-hits,256,0.18427,14500000,11
marginal-hits,256,0.17221,64100000,11
marginal-hits,256,0.17343,60800000,11
marginal-hits,256,0.17513,44800000,11
marginal-hits,256,0.17869,27100000,11
marginal-hits,256,0.17826,19700000,11
marginal-hits,256,0.1755,67000000,11
marginal-hits,256,0.17577,74800000,11
marginal-hits,256,0.17817,78900000,11
marginal-hits,256,0.175,45800000,11
marginal-hits,256,0.20547,8300000,11
marginal-hits,256,0.18531,14400000,11
marginal-hits,256,0.17546,21500000,11
marginal-hits,256,0.17348,58800000,11
marginal-hits,256,0.17216,62500000,11
marginal-hits,256,0.17355,52700000,11
marginal-hits,256,0.17334,39300000,11
marginal-hits,256,0.17892,38100000,11
marginal-hits,256,0.18015,19300000,11
marginal-hits,256,0.17808,50100000,11
marginal-hits,256,0.17583,40800000,11
marginal-hits,256,0.1724,54900000,11
marginal-hits,256,0.17106,58400000,11
marginal-hits,256,0.17583,74900000,11
marginal-hits,256,0.37185,1600000,11
marginal-hits,256,0.22973,5800000,11
marginal-hits,256,0.18023,59800000,11
marginal-hits,256,0.17833,76600000,11
marginal-hits,256,0.17859,34900000,11
marginal-hits,256,0.25474,4100000,11
marginal-hits,256,0.17522,58000000,11
marginal-hits,256,0.17781,59500000,11
marginal-hits,256,0.17365,49400000,11
marginal-hits,256,0.18301,46000000,11
marginal-hits,256,0.17531,45400000,11
marginal-hits,256,0.18008,44100000,11
marginal-hits,256,0.24687,4500000,11
marginal-hits,256,0.17647,69100000,11
marginal-hits,256,0.17855,74600000,11
marginal-hits,256,0.17434,53700000,11
marginal-hits,256,0.17479,41000000,11
marginal-hits,256,0.17741,38600000,11
marginal-hits,256,0.1766,28100000,11
marginal-hits,256,0.17779,60700000,11
marginal-hits,256,0.17351,63600000,11
marginal-hits,256,0.17343,68600000,11
marginal-hits,256,0.17486,78600000,11
marginal-hits,256,0.17263,71900000,11
marginal-hits,256,0.17487,48800000,11
marginal-hits,256,0.19287,10600000,11
marginal-hits,256,0.18599,14100000,11
marginal-hits,256,0.17881,55500000,11
marginal-hits,256,0.17167,68000000,11
marginal-hits,256,0.175,48000000,11
marginal-hits,256,0.18014,26500000,11
marginal-hits,256,0.18842,12600000,11
marginal-hits,256,0.17679,70300000,11
marginal-hits,256,0.18045,53600000,11
marginal-hits,256,0.17687,47200000,11
marginal-hits,256,0.17534,33800000,11
marginal-hits,256,0.17753,18800000,11
marginal-hits,256,0.17277,67500000,11
marginal-hits,256,0.17746,78300000,11
marginal-hits,256,0.18084,53400000,11
marginal-hits,256,0.17608,27500000,11
marginal-hits,256,0.3841,1500000,11
marginal-hits,256,0.18205,15200000,11
marginal-hits,256,0.17676,24300000,11
marginal-hits,256,0.17498,64900000,11
marginal-hits,256,0.17068,61800000,11
marginal-hits,256,0.17732,49700000,11
marginal-hits,256,0.17915,29400000,11
marginal-hits,256,0.19601,9300000,11
marginal-hits,256,0.19958,9100000,11
marginal-hits,256,0.22579,6000000,11
marginal-hits,256,0.18418,17400000,11
marginal-hits,256,0.18463,76100000,11
marginal-hits,256,0.17694,71200000,11
marginal-hits,256,0.17443,45000000,11
marginal-hits,256,0.17513,60600000,11
marginal-hits,256,0.18238,76200000,11
marginal-hits,256,0.64834,200000,11
marginal-hits,256,0.18646,12700000,11
marginal-hits,256,0.17167,62200000,11
marginal-hits,256,0.17814,63800000,11
marginal-hits,256,0.17168,67900000,11
marginal-hits,256,0.17607,33600000,11
marginal-hits,256,0.18159,27600000,11
marginal-hits,256,0.17728,30600000,11
marginal-hits,256,0.17818,28900000,11
marginal-hits,256,0.17641,26100000,11
marginal-hits,256,0.18401,15000000,11
marginal-hits,256,0.17272,61000000,11
marginal-hits,256,0.1779,66800000,11
marginal-hits,256,0.18158,35900000,11
marginal-hits,256,0.22566,6100000,11
marginal-hits,256,0.18425,14300000,11
marginal-hits,256,0.17245,62900000,11
marginal-hits,256,0.17665,63700000,11
marginal-hits,256,0.17493,47800000,11
marginal-hits,256,0.17252,42900000,11
marginal-hits,256,0.17593,46300000,11
disabled,32,0.64062,51300000,12
disabled,32,0.64236,46200000,12
disabled,32,0.64129,40500000,12
disabled,32,0.64021,33300000,12
disabled,32,0.6402,31400000,12
disabled,32,0.64181,3800000,12
disabled,32,0.64281,37000000,12
disabled,32,0.0,0,12
disabled,32,0.63948,400000,12
disabled,32,0.64395,3500000,12
disabled,32,0.64018,4900000,12
disabled,32,0.64149,54600000,12
disabled,32,0.64003,73100000,12
disabled,32,0.64019,75300000,12
disabled,32,0.63902,36600000,12
disabled,32,0.64169,30400000,12
disabled,32,0.64151,30200000,12
disabled,32,0.63948,29000000,12
disabled,32,0.64261,24700000,12
disabled,32,0.63848,54500000,12
disabled,32,0.63949,43800000,12
disabled,32,0.64234,33900000,12
disabled,32,0.63991,71000000,12
disabled,32,0.63928,79400000,12
disabled,32,0.63793,36900000,12
disabled,32,0.64197,26400000,12
disabled,32,0.64376,11500000,12
disabled,32,0.64174,9500000,12
disabled,32,0.63966,22900000,12
disabled,32,0.63989,23800000,12
disabled,32,0.6378,62300000,12
disabled,32,0.64141,65000000,12
disabled,32,0.63998,49600000,12
disabled,32,0.63793,42700000,12
disabled,32,0.64234,28600000,12
disabled,32,0.64157,9200000,12
disabled,32,0.64062,1000000,12
disabled,32,0.64181,65500000,12
disabled,32,0.64039,43300000,12
disabled,32,0.64018,40400000,12
disabled,32,0.64038,32300000,12
disabled,32,0.63892,7800000,12
disabled,32,0.63904,23000000,12
disabled,32,0.63926,55600000,12
disabled,32,0.64044,60200000,12
disabled,32,0.64142,1100000,12
disabled,32,0.6396,5400000,12
disabled,32,0.64166,22300000,12
disabled,32,0.64,55800000,12
disabled,32,0.63823,77900000,12
disabled,32,0.64028,49900000,12
disabled,32,0.63881,43600000,12
disabled,32,0.64071,2300000,12
disabled,32,0.63986,54700000,12
disabled,32,0.64176,56700000,12
disabled,32,0.64133,72500000,12
disabled,32,0.64246,74000000,12
disabled,32,0.64094,53100000,12
disabled,32,0.64112,41700000,12
disabled,32,0.64114,34200000,12
disabled,32,0.63901,27000000,12
disabled,32,0.63929,12500000,12
disabled,32,0.64144,8700000,12
disabled,32,0.64085,60100000,12
disabled,32,0.64116,69200000,12
disabled,32,0.64177,73500000,12
disabled,32,0.6414,46800000,12
disabled,32,0.63916,31900000,12
disabled,32,0.63948,28200000,12
disabled,32,0.64419,1800000,12
disabled,32,0.64062,69800000,12
disabled,32,0.64063,72300000,12
disabled,32,0.64169,79100000,12
disabled,32,0.64147,79600000,12
disabled,32,0.64053,48300000,12
disabled,32,0.64043,39400000,12
disabled,32,0.63936,7600000,12
disabled,32,0.64075,2200000,12
disabled,32,0.64028,300000,12
disabled,32,0.64006,14800000,12
disabled,32,0.64171,16700000,12
disabled,32,0.64019,22100000,12
disabled,32,0.64039,79800000,12
disabled,32,0.63996,47900000,12
disabled,32,0.63839,47700000,12
disabled,32,0.63824,40900000,12
disabled,32,0.63875,20100000,12
disabled,32,0.63965,20300000,12
disabled,32,0.63996,57500000,12
disabled,32,0.64,63000000,12
disabled,32,0.64075,71500000,12
disabled,32,0.64227,8100000,12
disabled,32,0.63867,2900000,12
disabled,32,0.64218,14000000,12
disabled,32,0.64187,22200000,12
disabled,32,0.64026,55300000,12
disabled,32,0.64143,57400000,12
disabled,32,0.64152,67200000,12
disabled,32,0.63872,70200000,12
disabled,32,0.63894,72100000,12
disabled,32,0.63958,78400000,12
disabled,32,0.63903,26800000,12
disabled,32,0.63892,65800000,12
disabled,32,0.64109,67100000,12
disabled,32,0.64168,37200000,12
disabled,32,0.64016,10900000,12
disabled,32,0.64015,16300000,12
disabled,32,0.64215,22400000,12
disabled,32,0.64142,71800000,12
disabled,32,0.64038,72400000,12
disabled,32,0.63887,50800000,12
disabled,32,0.64214,38500000,12
disabled,32,0.64123,29600000,12
disabled,32,0.64273,28500000,12
disabled,32,0.63981,26700000,12
disabled,32,0.64119,75800000,12
disabled,32,0.63957,23900000,12
disabled,32,0.64138,59200000,12
disabled,32,0.63987,47500000,12
disabled,32,0.63891,42600000,12
disabled,32,0.64049,35300000,12
disabled,32,0.6403,30700000,12
disabled,32,0.64182,72900000,12
disabled,32,0.63939,73800000,12
disabled,32,0.63899,52100000,12
disabled,32,0.64094,38300000,12
disabled,32,0.63988,42800000,12
disabled,32,0.63895,12300000,12
disabled,32,0.63886,6300000,12
disabled,32,0.63992,64300000,12
disabled,32,0.64026,75400000,12
disabled,32,0.64142,75700000,12
disabled,32,0.64273,45200000,12
disabled,32,0.64272,41900000,12
disabled,32,0.64159,37700000,12
disabled,32,0.64125,30300000,12
disabled,32,0.64004,54200000,12
disabled,32,0.63955,55100000,12
disabled,32,0.64093,57900000,12
disabled,32,0.63851,59400000,12
disabled,32,0.64075,70400000,12
disabled,32,0.64311,47000000,12
disabled,32,0.64054,43100000,12
disabled,32,0.64203,35800000,12
disabled,32,0.64167,2000000,12
disabled,32,0.64003,1700000,12
disabled,32,0.64017,1200000,12
disabled,32,0.64069,5600000,12
disabled,32,0.64164,15500000,12
disabled,32,0.64132,20000000,12
disabled,32,0.64229,78100000,12
disabled,32,0.63856,12400000,12
disabled,32,0.64134,8900000,12
disabled,32,0.63991,24200000,12
disabled,32,0.64019,54300000,12
disabled,32,0.64089,58700000,12
disabled,32,0.63819,60000000,12
disabled,32,0.64142,64500000,12
disabled,32,0.64137,48900000,12
disabled,32,0.64125,42200000,12
disabled,32,0.63874,11800000,12
disabled,32,0.64147,17300000,12
disabled,32,0.64115,20900000,12
disabled,32,0.64122,57600000,12
disabled,32,0.64254,63500000,12
disabled,32,0.64196,66900000,12
disabled,32,0.64141,77100000,12
disabled,32,0.64128,31300000,12
disabled,32,0.64004,44900000,12
disabled,32,0.64157,41800000,12
disabled,32,0.64064,39100000,12
disabled,32,0.64002,11300000,12
disabled,32,0.63923,10200000,12
disabled,32,0.64158,1400000,12
disabled,32,0.64179,23300000,12
disabled,32,0.64031,46400000,12
disabled,32,0.63929,31700000,12
disabled,32,0.63868,31000000,12
disabled,32,0.64132,73700000,12
disabled,32,0.64344,61100000,12
disabled,32,0.64043,11100000,12
disabled,32,0.64058,19400000,12
disabled,32,0.64009,57000000,12
disabled,32,0.64248,70700000,12
disabled,32,0.64316,48100000,12
disabled,32,0.64111,69700000,12
disabled,32,0.64231,36100000,12
disabled,32,0.63877,32400000,12
disabled,32,0.6395,18700000,12
disabled,32,0.64013,64200000,12
disabled,32,0.64126,64400000,12
disabled,32,0.64308,73000000,12
disabled,32,0.63943,79000000,12
disabled,32,0.63938,40700000,12
disabled,32,0.64054,6700000,12
disabled,32,0.63952,4200000,12
disabled,32,0.64141,16900000,12
disabled,32,0.64333,50400000,12
disabled,32,0.64146,41600000,12
disabled,32,0.63808,38900000,12
disabled,32,0.64108,37800000,12
disabled,32,0.64211,29200000,12
disabled,32,0.63874,29100000,12
disabled,32,0.63938,10300000,12
disabled,32,0.64091,5700000,12
disabled,32,0.63774,54100000,12
disabled,32,0.63791,45100000,12
disabled,32,0.64025,43900000,12
disabled,32,0.63981,33100000,12
disabled,32,0.64156,63100000,12
disabled,32,0.6423,53900000,12
disabled,32,0.63991,50700000,12
disabled,32,0.6401,900000,12
disabled,32,0.63922,18900000,12
disabled,32,0.63944,21200000,12
disabled,32,0.64191,21300000,12
disabled,32,0.63977,57100000,12
disabled,32,0.64213,55900000,12
disabled,32,0.63902,56900000,12
disabled,32,0.64179,70100000,12
disabled,32,0.63933,79900000,12
disabled,32,0.64157,37300000,12
disabled,32,0.64005,53800000,12
disabled,32,0.64036,51200000,12
disabled,32,0.64166,45700000,12
disabled,32,0.63886,27800000,12
disabled,32,0.64051,26000000,12
disabled,32,0.64151,19100000,12
disabled,32,0.64052,21800000,12
disabled,32,0.64087,61700000,12
disabled,32,0.63901,51500000,12
disabled,32,0.64058,38000000,12
disabled,32,0.64065,29800000,12
disabled,32,0.64156,4000000,12
disabled,32,0.63976,4300000,12
disabled,32,0.63965,20200000,12
disabled,32,0.63925,22700000,12
disabled,32,0.64016,65400000,12
disabled,32,0.64159,10700000,12
disabled,32,0.64011,2700000,12
disabled,32,0.64147,15100000,12
disabled,32,0.64364,15400000,12
disabled,32,0.64038,19000000,12
disabled,32,0.63962,73200000,12
disabled,32,0.64191,76700000,12
disabled,32,0.63987,78700000,12
disabled,32,0.64249,79700000,12
disabled,32,0.64073,31600000,12
disabled,32,0.63978,49100000,12
disabled,32,0.64006,42100000,12
disabled,32,0.64288,47300000,12
disabled,32,0.63936,27200000,12
disabled,32,0.64277,11900000,12
disabled,32,0.64326,25600000,12
disabled,32,0.63891,32600000,12
disabled,32,0.63869,6400000,12
disabled,32,0.64188,23400000,12
disabled,32,0.63922,59000000,12
disabled,32,0.6405,62100000,12
disabled,32,0.63946,68900000,12
disabled,32,0.63838,13900000,12
disabled,32,0.63962,17800000,12
disabled,32,0.64069,52900000,12
disabled,32,0.63987,43500000,12
disabled,32,0.63894,3000000,12
disabled,32,0.64021,19200000,12
disabled,32,0.64061,45500000,12
disabled,32,0.6397,4800000,12
disabled,32,0.63854,19600000,12
disabled,32,0.63903,72000000,12
disabled,32,0.63939,75200000,12
disabled,32,0.63933,48400000,12
disabled,32,0.64261,44500000,12
disabled,32,0.63939,34500000,12
disabled,32,0.64213,65100000,12
disabled,32,0.63943,73300000,12
disabled,32,0.64223,79500000,12
disabled,32,0.64154,61200000,12
disabled,32,0.639,50000000,12
disabled,32,0.63866,36300000,12
disabled,32,0.64155,7900000,12
disabled,32,0.63948,5100000,12
disabled,32,0.64141,74200000,12
disabled,32,0.63813,49300000,12
disabled,32,0.64247,46900000,12
disabled,32,0.6401,6500000,12
disabled,32,0.63928,2600000,12
disabled,32,0.64092,64600000,12
disabled,32,0.64048,53500000,12
disabled,32,0.63996,52800000,12
disabled,32,0.63965,52400000,12
disabled,32,0.6395,51900000,12
disabled,32,0.63931,41500000,12
disabled,32,0.64446,38200000,12
disabled,32,0.64113,31800000,12
disabled,32,0.64088,29300000,12
disabled,32,0.6399,26900000,12
disabled,32,0.64211,69600000,12
disabled,32,0.63996,62800000,12
disabled,32,0.64037,51400000,12
disabled,32,0.64227,7000000,12
disabled,32,0.64066,3600000,12
disabled,32,0.63883,14200000,12
disabled,32,0.63897,55000000,12
disabled,32,0.64042,74500000,12
disabled,32,0.64057,50600000,12
disabled,32,0.64194,30100000,12
disabled,32,0.64105,56300000,12
disabled,32,0.64031,37900000,12
disabled,32,0.64197,12000000,12
disabled,32,0.64262,6900000,12
disabled,32,0.64161,58100000,12
disabled,32,0.64141,58600000,12
disabled,32,0.64133,60300000,12
disabled,32,0.64139,43200000,12
disabled,32,0.63964,10000000,12
disabled,32,0.64048,3900000,12
disabled,32,0.64009,25200000,12
disabled,32,0.6391,56600000,12
disabled,32,0.6406,59700000,12
disabled,32,0.64042,39600000,12
disabled,32,0.64312,5200000,12
disabled,32,0.63991,59100000,12
disabled,32,0.64094,59300000,12
disabled,32,0.63911,66200000,12
disabled,32,0.6386,68400000,12
disabled,32,0.64285,71700000,12
disabled,32,0.63868,72700000,12
disabled,32,0.64083,74100000,12
disabled,32,0.64084,62700000,12
disabled,32,0.64171,17900000,12
disabled,32,0.64083,35100000,12
disabled,32,0.63814,43000000,12
disabled,32,0.63952,22500000,12
disabled,32,0.63906,60500000,12
disabled,32,0.6385,70900000,12
disabled,32,0.64021,76400000,12
disabled,32,0.64025,36200000,12
disabled,32,0.64019,32500000,12
disabled,32,0.64062,26200000,12
disabled,32,0.64115,61300000,12
disabled,32,0.6406,76300000,12
disabled,32,0.63967,46700000,12
disabled,32,0.6424,36800000,12
disabled,32,0.64125,33400000,12
disabled,32,0.64055,13400000,12
disabled,32,0.63986,17600000,12
disabled,32,0.64132,69400000,12
disabled,32,0.64076,47100000,12
disabled,32,0.64164,42000000,12
disabled,32,0.64114,37400000,12
disabled,32,0.64187,28700000,12
disabled,32,0.64342,12100000,12
disabled,32,0.63968,9900000,12
disabled,32,0.64178,13300000,12
disabled,32,0.639,21700000,12
disabled,32,0.64063,78200000,12
disabled,32,0.63896,53200000,12
disabled,32,0.63939,52600000,12
disabled,32,0.64054,32100000,12
disabled,32,0.64127,31500000,12
disabled,32,0.63919,14700000,12
disabled,32,0.63935,15900000,12
disabled,32,0.6395,66500000,12
disabled,32,0.64155,37600000,12
disabled,32,0.64074,61400000,12
disabled,32,0.63868,61900000,12
disabled,32,0.63871,65900000,12
disabled,32,0.64164,3100000,12
disabled,32,0.63875,17000000,12
disabled,32,0.63772,18000000,12
disabled,32,0.64125,58900000,12
disabled,32,0.63993,70500000,12
disabled,32,0.63844,70800000,12
disabled,32,0.64227,16000000,12
disabled,32,0.64106,13700000,12
disabled,32,0.64098,44700000,12
disabled,32,0.64103,39500000,12
disabled,32,0.64138,40000000,12
disabled,32,0.64058,38800000,12
disabled,32,0.64196,35500000,12
disabled,32,0.63969,27300000,12
disabled,32,0.64072,3700000,12
disabled,32,0.63924,12800000,12
disabled,32,0.63969,14600000,12
disabled,32,0.63862,74400000,12
disabled,32,0.64052,72200000,12
disabled,32,0.63959,46600000,12
disabled,32,0.6406,46500000,12
disabled,32,0.63939,36700000,12
disabled,32,0.63975,32000000,12
disabled,32,0.6384,63200000,12
disabled,32,0.64036,68800000,12
disabled,32,0.63957,9400000,12
disabled,32,0.64096,1900000,12
disabled,32,0.64102,800000,12
disabled,32,0.64237,4400000,12
disabled,32,0.63777,16400000,12
disabled,32,0.63905,68300000,12
disabled,32,0.64131,73600000,12
disabled,32,0.64229,75000000,12
disabled,32,0.64005,76500000,12
disabled,32,0.64307,34000000,12
disabled,32,0.64215,49200000,12
disabled,32,0.63932,31200000,12
disabled,32,0.64046,25000000,12
disabled,32,0.641,25100000,12
disabled,32,0.63971,28400000,12
disabled,32,0.64147,2800000,12
disabled,32,0.64187,700000,12
disabled,32,0.63975,13800000,12
disabled,32,0.6378,22600000,12
disabled,32,0.63974,23500000,12
disabled,32,0.63835,42300000,12
disabled,32,0.64134,40200000,12
disabled,32,0.6396,500000,12
disabled,32,0.64003,17500000,12
disabled,32,0.63998,23100000,12
disabled,32,0.6397,55700000,12
disabled,32,0.64239,65200000,12
disabled,32,0.64176,77600000,12
disabled,32,0.64137,12200000,12
disabled,32,0.63867,41100000,12
disabled,32,0.64088,44200000,12
disabled,32,0.6424,33200000,12
disabled,32,0.64041,30500000,12
disabled,32,0.64066,2100000,12
disabled,32,0.6397,56800000,12
disabled,32,0.63836,59600000,12
disabled,32,0.64013,67700000,12
disabled,32,0.64045,73400000,12
disabled,32,0.63966,41400000,12
disabled,32,0.63999,39800000,12
disabled,32,0.64084,34800000,12
disabled,32,0.64246,25900000,12
disabled,32,0.64291,18100000,12
disabled,32,0.64031,64700000,12
disabled,32,0.64152,48200000,12
disabled,32,0.64232,12900000,12
disabled,32,0.64302,30800000,12
disabled,32,0.64188,8500000,12
disabled,32,0.64082,8000000,12
disabled,32,0.63972,50300000,12
disabled,32,0.64096,45900000,12
disabled,32,0.64073,17700000,12
disabled,32,0.64187,24100000,12
disabled,32,0.64085,66700000,12
disabled,32,0.63977,35700000,12
disabled,32,0.64139,6600000,12
disabled,32,0.64035,16600000,12
disabled,32,0.64162,34600000,12
disabled,32,0.64171,28800000,12
disabled,32,0.64101,20500000,12
disabled,32,0.63828,20800000,12
disabled,32,0.63956,24000000,12
disabled,32,0.64098,56000000,12
disabled,32,0.63916,66600000,12
disabled,32,0.64046,72600000,12
disabled,32,0.63957,40300000,12
disabled,32,0.64073,7700000,12
disabled,32,0.63969,7500000,12
disabled,32,0.64003,21600000,12
disabled,32,0.63978,74700000,12
disabled,32,0.64362,28000000,12
disabled,32,0.63943,8600000,12
disabled,32,0.64006,24500000,12
disabled,32,0.64076,77500000,12
disabled,32,0.64079,50900000,12
disabled,32,0.64152,45300000,12
disabled,32,0.64186,56500000,12
disabled,32,0.64047,58500000,12
disabled,32,0.64097,75500000,12
disabled,32,0.64176,78500000,12
disabled,32,0.63842,23700000,12
disabled,32,0.63857,24400000,12
disabled,32,0.64167,54000000,12
disabled,32,0.63778,40100000,12
disabled,32,0.63931,7200000,12
disabled,32,0.64063,16200000,12
disabled,32,0.64109,63300000,12
disabled,32,0.63901,75600000,12
disabled,32,0.64111,47600000,12
disabled,32,0.6402,26600000,12
disabled,32,0.63927,7300000,12
disabled,32,0.6418,15300000,12
disabled,32,0.64349,21400000,12
disabled,32,0.64144,57800000,12
disabled,32,0.64032,33500000,12
disabled,32,0.63986,56400000,12
disabled,32,0.64138,66000000,12
disabled,32,0.64113,71300000,12
disabled,32,0.63801,13200000,12
disabled,32,0.6422,30900000,12
disabled,32,0.63984,10500000,12
disabled,32,0.64113,7400000,12
disabled,32,0.64325,22000000,12
disabled,32,0.64235,55200000,12
disabled,32,0.6408,50200000,12
disabled,32,0.64074,42500000,12
disabled,32,0.63741,600000,12
disabled,32,0.6392,3300000,12
disabled,32,0.64056,4600000,12
disabled,32,0.639,21000000,12
disabled,32,0.64076,54400000,12
disabled,32,0.63955,58200000,12
disabled,32,0.63984,49500000,12
disabled,32,0.64028,10100000,12
disabled,32,0.64101,9800000,12
disabled,32,0.64045,9700000,12
disabled,32,0.64247,16800000,12
disabled,32,0.63774,19500000,12
disabled,32,0.63728,64800000,12
disabled,32,0.6384,77800000,12
disabled,32,0.6407,78800000,12
disabled,32,0.63946,53300000,12
disabled,32,0.64061,47400000,12
disabled,32,0.63936,9600000,12
disabled,32,0.64078,4700000,12
disabled,32,0.6397,17200000,12
disabled,32,0.64071,20400000,12
disabled,32,0.64145,25400000,12
disabled,32,0.63986,71400000,12
disabled,32,0.64285,70600000,12
disabled,32,0.64023,51600000,12
disabled,32,0.6399,36400000,12
disabled,32,0.64206,9000000,12
disabled,32,0.64079,6200000,12
disabled,32,0.63959,22800000,12
disabled,32,0.64157,55400000,12
disabled,32,0.64107,51000000,12
disabled,32,0.64036,37500000,12
disabled,32,0.64046,29900000,12
disabled,32,0.63892,32900000,12
disabled,32,0.6419,11400000,12
disabled,32,0.63954,10800000,12
disabled,32,0.6405,23200000,12
disabled,32,0.63995,61600000,12
disabled,32,0.63928,76000000,12
disabled,32,0.64116,76800000,12
disabled,32,0.63864,77700000,12
disabled,32,0.64204,17100000,12
disabled,32,0.64023,16100000,12
disabled,32,0.63851,51800000,12
disabled,32,0.64003,45600000,12
disabled,32,0.64135,32700000,12
disabled,32,0.63897,31100000,12
disabled,32,0.64017,11700000,12
disabled,32,0.64016,25300000,12
disabled,32,0.63951,38700000,12
disabled,32,0.64095,13100000,12
disabled,32,0.64112,65700000,12
disabled,32,0.63931,39900000,12
disabled,32,0.64139,34100000,12
disabled,32,0.64,32200000,12
disabled,32,0.64125,29700000,12
disabled,32,0.63923,62000000,12
disabled,32,0.63898,78000000,12
disabled,32,0.64019,44400000,12
disabled,32,0.64013,27900000,12
disabled,32,0.64042,5500000,12
disabled,32,0.64329,13000000,12
disabled,32,0.64036,21900000,12
disabled,32,0.64058,64000000,12
disabled,32,0.63878,69300000,12
disabled,32,0.64136,75100000,12
disabled,32,0.64023,49000000,12
disabled,32,0.6398,52300000,12
disabled,32,0.64309,34700000,12
disabled,32,0.63912,26300000,12
disabled,32,0.64014,8800000,12
disabled,32,0.64159,3400000,12
disabled,32,0.63734,19900000,12
disabled,32,0.64045,25500000,12
disabled,32,0.64054,77200000,12
disabled,32,0.6405,44000000,12
disabled,32,0.6394,62400000,12
disabled,32,0.64054,67800000,12
disabled,32,0.63857,72800000,12
disabled,32,0.64166,76900000,12
disabled,32,0.63975,43700000,12
disabled,32,0.64074,38400000,12
disabled,32,0.64033,6800000,12
disabled,32,0.64007,54800000,12
disabled,32,0.64091,65600000,12
disabled,32,0.63969,67400000,12
disabled,32,0.6407,68100000,12
disabled,32,0.64089,77400000,12
disabled,32,0.64131,69500000,12
disabled,32,0.64008,42400000,12
disabled,32,0.64299,41200000,12
disabled,32,0.64262,39700000,12
disabled,32,0.63804,11600000,12
disabled,32,0.63964,7100000,12
disabled,32,0.63996,69900000,12
disabled,32,0.64196,52500000,12
disabled,32,0.64091,51100000,12
disabled,32,0.64066,8400000,12
disabled,32,0.64197,56100000,12
disabled,32,0.64063,63900000,12
disabled,32,0.638,40600000,12
disabled,32,0.64148,14900000,12
disabled,32,0.63785,77000000,12
disabled,32,0.63931,61500000,12
disabled,32,0.63945,52200000,12
disabled,32,0.64189,2500000,12
disabled,32,0.64031,18500000,12
disabled,32,0.64165,68700000,12
disabled,32,0.64031,75900000,12
disabled,32,0.63834,43400000,12
disabled,32,0.63972,37100000,12
disabled,32,0.63917,36000000,12
disabled,32,0.63981,34400000,12
disabled,32,0.6398,62600000,12
disabled,32,0.63964,51700000,12
disabled,32,0.64021,39000000,12
disabled,32,0.63995,33700000,12
disabled,32,0.64099,29500000,12
disabled,32,0.6392,8200000,12
disabled,32,0.73732,100000,12
disabled,32,0.63887,24600000,12
disabled,32,0.63793,59900000,12
disabled,32,0.64397,65300000,12
disabled,32,0.63889,48600000,12
disabled,32,0.64244,48500000,12
disabled,32,0.63887,5300000,12
disabled,32,0.64006,63400000,12
disabled,32,0.64201,66400000,12
disabled,32,0.64064,35600000,12
disabled,32,0.63938,32800000,12
disabled,32,0.63821,27400000,12
disabled,32,0.64058,1300000,12
disabled,32,0.64114,24900000,12
disabled,32,0.64062,58300000,12
disabled,32,0.64004,66100000,12
disabled,32,0.64105,70000000,12
disabled,32,0.64092,71600000,12
disabled,32,0.64107,77300000,12
disabled,32,0.64092,60900000,12
disabled,32,0.6424,35200000,12
disabled,32,0.64223,28300000,12
disabled,32,0.6426,15700000,12
disabled,32,0.64127,79300000,12
disabled,32,0.6404,41300000,12
disabled,32,0.6409,35400000,12
disabled,32,0.63871,11200000,12
disabled,32,0.64342,15800000,12
disabled,32,0.64062,56200000,12
disabled,32,0.64036,69000000,12
disabled,32,0.63945,25800000,12
disabled,32,0.63985,5000000,12
disabled,32,0.63907,19800000,12
disabled,32,0.64003,57700000,12
disabled,32,0.64159,74300000,12
disabled,32,0.64156,79200000,12
disabled,32,0.64045,35000000,12
disabled,32,0.64154,34300000,12
disabled,32,0.64281,30000000,12
disabled,32,0.64158,11000000,12
disabled,32,0.6415,18200000,12
disabled,32,0.64113,21100000,12
disabled,32,0.64156,24800000,12
disabled,32,0.64396,57200000,12
disabled,32,0.63942,68200000,12
disabled,32,0.6406,2400000,12
disabled,32,0.63935,20700000,12
disabled,32,0.63936,44300000,12
disabled,32,0.64176,36500000,12
disabled,32,0.64183,15600000,12
disabled,32,0.63845,18400000,12
disabled,32,0.64195,23600000,12
disabled,32,0.64087,67300000,12
disabled,32,0.64127,68500000,12
disabled,32,0.63938,52000000,12
disabled,32,0.64217,46100000,12
disabled,32,0.64185,27700000,12
disabled,32,0.64172,25700000,12
disabled,32,0.64011,5900000,12
disabled,32,0.64112,20600000,12
disabled,32,0.64038,66300000,12
disabled,32,0.63956,71100000,12
disabled,32,0.63716,33000000,12
disabled,32,0.63995,60400000,12
disabled,32,0.63957,73900000,12
disabled,32,0.64147,67600000,12
disabled,32,0.63899,50500000,12
disabled,32,0.64097,49800000,12
disabled,32,0.64143,44600000,12
disabled,32,0.63912,3200000,12
disabled,32,0.64211,13500000,12
disabled,32,0.64028,18300000,12
disabled,32,0.64032,18600000,12
disabled,32,0.64123,13600000,12
disabled,32,0.64173,16500000,12
disabled,32,0.63963,57300000,12
disabled,32,0.63961,53000000,12
disabled,32,0.63993,48700000,12
disabled,32,0.6398,39200000,12
disabled,32,0.63997,10400000,12
disabled,32,0.64192,14500000,12
disabled,32,0.6406,64100000,12
disabled,32,0.63861,60800000,12
disabled,32,0.64051,44800000,12
disabled,32,0.64239,27100000,12
disabled,32,0.64175,19700000,12
disabled,32,0.63969,67000000,12
disabled,32,0.64387,74800000,12
disabled,32,0.64316,78900000,12
disabled,32,0.63985,45800000,12
disabled,32,0.64289,8300000,12
disabled,32,0.64116,14400000,12
disabled,32,0.641,21500000,12
disabled,32,0.64003,58800000,12
disabled,32,0.64175,62500000,12
disabled,32,0.64056,52700000,12
disabled,32,0.63856,39300000,12
disabled,32,0.64057,38100000,12
disabled,32,0.64109,19300000,12
disabled,32,0.64196,50100000,12
disabled,32,0.64035,40800000,12
disabled,32,0.64013,54900000,12
disabled,32,0.63895,58400000,12
disabled,32,0.63948,74900000,12
disabled,32,0.6397,1600000,12
disabled,32,0.64096,5800000,12
disabled,32,0.64025,59800000,12
disabled,32,0.64085,76600000,12
disabled,32,0.64101,34900000,12
disabled,32,0.64197,4100000,12
disabled,32,0.64119,58000000,12
disabled,32,0.63854,59500000,12
disabled,32,0.63965,49400000,12
disabled,32,0.64055,46000000,12
disabled,32,0.64044,45400000,12
disabled,32,0.64133,44100000,12
disabled,32,0.64242,4500000,12
disabled,32,0.64114,69100000,12
disabled,32,0.64186,74600000,12
disabled,32,0.63841,53700000,12
disabled,32,0.64036,41000000,12
disabled,32,0.6406,38600000,12
disabled,32,0.64177,28100000,12
disabled,32,0.6422,60700000,12
disabled,32,0.63908,63600000,12
disabled,32,0.64096,68600000,12
disabled,32,0.64177,78600000,12
disabled,32,0.64012,71900000,12
disabled,32,0.64054,48800000,12
disabled,32,0.64028,10600000,12
disabled,32,0.64197,14100000,12
disabled,32,0.6426,55500000,12
disabled,32,0.63973,68000000,12
disabled,32,0.64119,48000000,12
disabled,32,0.6434,26500000,12
disabled,32,0.64006,12600000,12
disabled,32,0.63926,70300000,12
disabled,32,0.6414,53600000,12
disabled,32,0.64254,47200000,12
disabled,32,0.64127,33800000,12
disabled,32,0.63944,18800000,12
disabled,32,0.63898,67500000,12
disabled,32,0.64207,78300000,12
disabled,32,0.64071,53400000,12
disabled,32,0.63955,27500000,12
disabled,32,0.64063,1500000,12
disabled,32,0.63733,15200000,12
disabled,32,0.64255,24300000,12
disabled,32,0.64051,64900000,12
disabled,32,0.63974,61800000,12
disabled,32,0.64256,49700000,12
disabled,32,0.64273,29400000,12
disabled,32,0.64125,9300000,12
disabled,32,0.64141,9100000,12
disabled,32,0.64019,6000000,12
disabled,32,0.64096,17400000,12
disabled,32,0.6411,76100000,12
disabled,32,0.64152,71200000,12
disabled,32,0.64071,45000000,12
disabled,32,0.6402,60600000,12
disabled,32,0.64122,76200000,12
disabled,32,0.65179,200000,12
disabled,32,0.63964,12700000,12
disabled,32,0.63916,62200000,12
disabled,32,0.6416,63800000,12
disabled,32,0.64004,67900000,12
disabled,32,0.64103,33600000,12
disabled,32,0.63901,27600000,12
disabled,32,0.64107,30600000,12
disabled,32,0.64049,28900000,12
disabled,32,0.64261,26100000,12
disabled,32,0.63778,15000000,12
disabled,32,0.63968,61000000,12
disabled,32,0.64138,66800000,12
disabled,32,0.64182,35900000,12
disabled,32,0.6394,6100000,12
disabled,32,0.63927,14300000,12
disabled,32,0.64212,62900000,12
disabled,32,0.64086,63700000,12
disabled,32,0.63975,47800000,12
disabled,32,0.63854,42900000,12
disabled,32,0.63843,46300000,12
marginal-hits,128,0.42365,51300000,7
marginal-hits,128,0.41703,46200000,7
marginal-hits,128,0.41695,40500000,7
marginal-hits,128,0.41598,33300000,7
marginal-hits,128,0.416,31400000,7
marginal-hits,128,0.42318,3800000,7
marginal-hits,128,0.42056,37000000,7
marginal-hits,128,0.0,0,7
marginal-hits,128,0.57264,400000,7
marginal-hits,128,0.4284,3500000,7
marginal-hits,128,0.41344,4900000,7
marginal-hits,128,0.41775,54600000,7
marginal-hits,128,0.41983,73100000,7
marginal-hits,128,0.41653,75300000,7
marginal-hits,128,0.41523,36600000,7
marginal-hits,128,0.41691,30400000,7
marginal-hits,128,0.4156,30200000,7
marginal-hits,128,0.41682,29000000,7
marginal-hits,128,0.41838,24700000,7
marginal-hits,128,0.41442,54500000,7
marginal-hits,128,0.41792,43800000,7
marginal-hits,128,0.41935,33900000,7
marginal-hits,128,0.4202,71000000,7
marginal-hits,128,0.41611,79400000,7
marginal-hits,128,0.41344,36900000,7
marginal-hits,128,0.4202,26400000,7
marginal-hits,128,0.41855,11500000,7
marginal-hits,128,0.41502,9500000,7
marginal-hits,128,0.41456,22900000,7
marginal-hits,128,0.41436,23800000,7
marginal-hits,128,0.4156,62300000,7
marginal-hits,128,0.41973,65000000,7
marginal-hits,128,0.41938,49600000,7
marginal-hits,128,0.41248,42700000,7
marginal-hits,128,0.41663,28600000,7
marginal-hits,128,0.41784,9200000,7
marginal-hits,128,0.45302,1000000,7
marginal-hits,128,0.41757,65500000,7
marginal-hits,128,0.41471,43300000,7
marginal-hits,128,0.41408,40400000,7
marginal-hits,128,0.41683,32300000,7
marginal-hits,128,0.41569,7800000,7
marginal-hits,128,0.4148,23000000,7
marginal-hits,128,0.41646,55600000,7
marginal-hits,128,0.41897,60200000,7
marginal-hits,128,0.45135,1100000,7
marginal-hits,128,0.42083,5400000,7
marginal-hits,128,0.4181,22300000,7
marginal-hits,128,0.41291,55800000,7
marginal-hits,128,0.41827,77900000,7
marginal-hits,128,0.41694,49900000,7
marginal-hits,128,0.41924,43600000,7
marginal-hits,128,0.4339,2300000,7
marginal-hits,128,0.41616,54700000,7
marginal-hits,128,0.41589,56700000,7
marginal-hits,128,0.41949,72500000,7
marginal-hits,128,0.41587,74000000,7
marginal-hits,128,0.42052,53100000,7
marginal-hits,128,0.41991,41700000,7
marginal-hits,128,0.41624,34200000,7
marginal-hits,128,0.41194,27000000,7
marginal-hits,128,0.41506,12500000,7
marginal-hits,128,0.41364,8700000,7
marginal-hits,128,0.41282,60100000,7
marginal-hits,128,0.41605,69200000,7
marginal-hits,128,0.41548,73500000,7
marginal-hits,128,0.41788,46800000,7
marginal-hits,128,0.41897,31900000,7
marginal-hits,128,0.41644,28200000,7
marginal-hits,128,0.44622,1800000,7
marginal-hits,128,0.41664,69800000,7
marginal-hits,128,0.41648,72300000,7
marginal-hits,128,0.41718,79100000,7
marginal-hits,128,0.41529,79600000,7
marginal-hits,128,0.41455,48300000,7
marginal-hits,128,0.42158,39400000,7
marginal-hits,128,0.41556,7600000,7
marginal-hits,128,0.43708,2200000,7
marginal-hits,128,0.60595,300000,7
marginal-hits,128,0.41726,14800000,7
marginal-hits,128,0.41553,16700000,7
marginal-hits,128,0.41833,22100000,7
marginal-hits,128,0.41562,79800000,7
marginal-hits,128,0.41758,47900000,7
marginal-hits,128,0.41323,47700000,7
marginal-hits,128,0.41498,40900000,7
marginal-hits,128,0.41742,20100000,7
marginal-hits,128,0.41782,20300000,7
marginal-hits,128,0.41662,57500000,7
marginal-hits,128,0.41329,63000000,7
marginal-hits,128,0.41559,71500000,7
marginal-hits,128,0.41899,8100000,7
marginal-hits,128,0.42943,2900000,7
marginal-hits,128,0.4166,14000000,7
marginal-hits,128,0.41667,22200000,7
marginal-hits,128,0.41856,55300000,7
marginal-hits,128,0.4165,57400000,7
marginal-hits,128,0.41655,67200000,7
marginal-hits,128,0.41486,70200000,7
marginal-hits,128,0.41561,72100000,7
marginal-hits,128,0.41392,78400000,7
marginal-hits,128,0.41464,26800000,7
marginal-hits,128,0.42079,65800000,7
marginal-hits,128,0.41684,67100000,7
marginal-hits,128,0.41986,37200000,7
marginal-hits,128,0.41551,10900000,7
marginal-hits,128,0.41749,16300000,7
marginal-hits,128,0.41924,22400000,7
marginal-hits,128,0.41677,71800000,7
marginal-hits,128,0.41465,72400000,7
marginal-hits,128,0.41449,50800000,7
marginal-hits,128,0.4176,38500000,7
marginal-hits,128,0.41747,29600000,7
marginal-hits,128,0.41565,28500000,7
marginal-hits,128,0.41413,26700000,7
marginal-hits,128,0.41805,75800000,7
marginal-hits,128,0.4159,23900000,7
marginal-hits,128,0.41704,59200000,7
marginal-hits,128,0.41522,47500000,7
marginal-hits,128,0.41476,42600000,7
marginal-hits,128,0.41437,35300000,7
marginal-hits,128,0.41339,30700000,7
marginal-hits,128,0.42512,72900000,7
marginal-hits,128,0.41886,73800000,7
marginal-hits,128,0.41642,52100000,7
marginal-hits,128,0.41512,38300000,7
marginal-hits,128,0.41625,42800000,7
marginal-hits,128,0.41611,12300000,7
marginal-hits,128,0.41482,6300000,7
marginal-hits,128,0.4186,64300000,7
marginal-hits,128,0.42499,75400000,7
marginal-hits,128,0.42129,75700000,7
marginal-hits,128,0.41919,45200000,7
marginal-hits,128,0.42639,41900000,7
marginal-hits,128,0.42247,37700000,7
marginal-hits,128,0.41625,30300000,7
marginal-hits,128,0.41622,54200000,7
marginal-hits,128,0.41854,55100000,7
marginal-hits,128,0.41618,57900000,7
marginal-hits,128,0.41241,59400000,7
marginal-hits,128,0.41765,70400000,7
marginal-hits,128,0.42022,47000000,7
marginal-hits,128,0.41924,43100000,7
marginal-hits,128,0.41801,35800000,7
marginal-hits,128,0.4409,2000000,7
marginal-hits,128,0.44499,1700000,7
marginal-hits,128,0.44964,1200000,7
marginal-hits,128,0.41773,5600000,7
marginal-hits,128,0.41747,15500000,7
marginal-hits,128,0.42025,20000000,7
marginal-hits,128,0.4185,78100000,7
marginal-hits,128,0.41478,12400000,7
marginal-hits,128,0.41534,8900000,7
marginal-hits,128,0.41571,24200000,7
marginal-hits,128,0.41455,54300000,7
marginal-hits,128,0.41795,58700000,7
marginal-hits,128,0.41304,60000000,7
marginal-hits,128,0.41587,64500000,7
marginal-hits,128,0.41415,48900000,7
marginal-hits,128,0.42159,42200000,7
marginal-hits,128,0.41447,11800000,7
marginal-hits,128,0.41734,17300000,7
marginal-hits,128,0.41841,20900000,7
marginal-hits,128,0.41696,57600000,7
marginal-hits,128,0.41571,63500000,7
marginal-hits,128,0.418,66900000,7
marginal-hits,128,0.4155,77100000,7
marginal-hits,128,0.41624,31300000,7
marginal-hits,128,0.41505,44900000,7
marginal-hits,128,0.42372,41800000,7
marginal-hits,128,0.42141,39100000,7
marginal-hits,128,0.41915,11300000,7
marginal-hits,128,0.41562,10200000,7
marginal-hits,128,0.44938,1400000,7
marginal-hits,128,0.41793,23300000,7
marginal-hits,128,0.4168,46400000,7
marginal-hits,128,0.41295,31700000,7
marginal-hits,128,0.41387,31000000,7
marginal-hits,128,0.42034,73700000,7
marginal-hits,128,0.41828,61100000,7
marginal-hits,128,0.41867,11100000,7
marginal-hits,128,0.41496,19400000,7
marginal-hits,128,0.41991,57000000,7
marginal-hits,128,0.42545,70700000,7
marginal-hits,128,0.41985,48100000,7
marginal-hits,128,0.41448,69700000,7
marginal-hits,128,0.41565,36100000,7
marginal-hits,128,0.41746,32400000,7
marginal-hits,128,0.41354,18700000,7
marginal-hits,128,0.41863,64200000,7
marginal-hits,128,0.41653,64400000,7
marginal-hits,128,0.42274,73000000,7
marginal-hits,128,0.41614,79000000,7
marginal-hits,128,0.41295,40700000,7
marginal-hits,128,0.41397,6700000,7
marginal-hits,128,0.42051,4200000,7
marginal-hits,128,0.41483,16900000,7
marginal-hits,128,0.41716,50400000,7
marginal-hits,128,0.42002,41600000,7
marginal-hits,128,0.41411,38900000,7
marginal-hits,128,0.42132,37800000,7
marginal-hits,128,0.41494,29200000,7
marginal-hits,128,0.41398,29100000,7
marginal-hits,128,0.41482,10300000,7
marginal-hits,128,0.41686,5700000,7
marginal-hits,128,0.41762,54100000,7
marginal-hits,128,0.41633,45100000,7
marginal-hits,128,0.41399,43900000,7
marginal-hits,128,0.41842,33100000,7
marginal-hits,128,0.41685,63100000,7
marginal-hits,128,0.4167,53900000,7
marginal-hits,128,0.4134,50700000,7
marginal-hits,128,0.46561,900000,7
marginal-hits,128,0.41187,18900000,7
marginal-hits,128,0.41329,21200000,7
marginal-hits,128,0.42272,21300000,7
marginal-hits,128,0.41987,57100000,7
marginal-hits,128,0.4148,55900000,7
marginal-hits,128,0.41432,56900000,7
marginal-hits,128,0.41696,70100000,7
marginal-hits,128,0.4123,79900000,7
marginal-hits,128,0.42061,37300000,7
marginal-hits,128,0.41775,53800000,7
marginal-hits,128,0.41953,51200000,7
marginal-hits,128,0.41556,45700000,7
marginal-hits,128,0.414,27800000,7
marginal-hits,128,0.41603,26000000,7
marginal-hits,128,0.41758,19100000,7
marginal-hits,128,0.42253,21800000,7
marginal-hits,128,0.41783,61700000,7
marginal-hits,128,0.41653,51500000,7
marginal-hits,128,0.41856,38000000,7
marginal-hits,128,0.41613,29800000,7
marginal-hits,128,0.42356,4000000,7
marginal-hits,128,0.42015,4300000,7
marginal-hits,128,0.41852,20200000,7
marginal-hits,128,0.41592,22700000,7
marginal-hits,128,0.41889,65400000,7
marginal-hits,128,0.41634,10700000,7
marginal-hits,128,0.43276,2700000,7
marginal-hits,128,0.41909,15100000,7
marginal-hits,128,0.42023,15400000,7
marginal-hits,128,0.41242,19000000,7
marginal-hits,128,0.41756,73200000,7
marginal-hits,128,0.41777,76700000,7
marginal-hits,128,0.41323,78700000,7
marginal-hits,128,0.41824,79700000,7
marginal-hits,128,0.41676,31600000,7
marginal-hits,128,0.41388,49100000,7
marginal-hits,128,0.41825,42100000,7
marginal-hits,128,0.41872,47300000,7
marginal-hits,128,0.41386,27200000,7
marginal-hits,128,0.418,11900000,7
marginal-hits,128,0.41978,25600000,7
marginal-hits,128,0.41552,32600000,7
marginal-hits,128,0.41434,6400000,7
marginal-hits,128,0.41552,23400000,7
marginal-hits,128,0.41398,59000000,7
marginal-hits,128,0.41367,62100000,7
marginal-hits,128,0.41807,68900000,7
marginal-hits,128,0.41483,13900000,7
marginal-hits,128,0.4148,17800000,7
marginal-hits,128,0.41773,52900000,7
marginal-hits,128,0.41608,43500000,7
marginal-hits,128,0.42857,3000000,7
marginal-hits,128,0.41446,19200000,7
marginal-hits,128,0.41814,45500000,7
marginal-hits,128,0.42055,4800000,7
marginal-hits,128,0.41537,19600000,7
marginal-hits,128,0.41485,72000000,7
marginal-hits,128,0.41547,75200000,7
marginal-hits,128,0.4156,48400000,7
marginal-hits,128,0.41692,44500000,7
marginal-hits,128,0.41559,34500000,7
marginal-hits,128,0.41612,65100000,7
marginal-hits,128,0.41607,73300000,7
marginal-hits,128,0.41898,79500000,7
marginal-hits,128,0.42175,61200000,7
marginal-hits,128,0.41622,50000000,7
marginal-hits,128,0.41822,36300000,7
marginal-hits,128,0.41932,7900000,7
marginal-hits,128,0.41615,5100000,7
marginal-hits,128,0.41906,74200000,7
marginal-hits,128,0.41316,49300000,7
marginal-hits,128,0.41764,46900000,7
marginal-hits,128,0.41811,6500000,7
marginal-hits,128,0.43015,2600000,7
marginal-hits,128,0.41453,64600000,7
marginal-hits,128,0.41966,53500000,7
marginal-hits,128,0.41929,52800000,7
marginal-hits,128,0.41505,52400000,7
marginal-hits,128,0.41508,51900000,7
marginal-hits,128,0.42112,41500000,7
marginal-hits,128,0.41871,38200000,7
marginal-hits,128,0.41602,31800000,7
marginal-hits,128,0.416,29300000,7
marginal-hits,128,0.41506,26900000,7
marginal-hits,128,0.41721,69600000,7
marginal-hits,128,0.41496,62800000,7
marginal-hits,128,0.42137,51400000,7
marginal-hits,128,0.41513,7000000,7
marginal-hits,128,0.42586,3600000,7
marginal-hits,128,0.41683,14200000,7
marginal-hits,128,0.41289,55000000,7
marginal-hits,128,0.41776,74500000,7
marginal-hits,128,0.41409,50600000,7
marginal-hits,128,0.41658,30100000,7
marginal-hits,128,0.41725,56300000,7
marginal-hits,128,0.41851,37900000,7
marginal-hits,128,0.41796,12000000,7
marginal-hits,128,0.41794,6900000,7
marginal-hits,128,0.4158,58100000,7
marginal-hits,128,0.41672,58600000,7
marginal-hits,128,0.41693,60300000,7
marginal-hits,128,0.41875,43200000,7
marginal-hits,128,0.41404,10000000,7
marginal-hits,128,0.42378,3900000,7
marginal-hits,128,0.41404,25200000,7
marginal-hits,128,0.41193,56600000,7
marginal-hits,128,0.4159,59700000,7
marginal-hits,128,0.41793,39600000,7
marginal-hits,128,0.41993,5200000,7
marginal-hits,128,0.4162,59100000,7
marginal-hits,128,0.41752,59300000,7
marginal-hits,128,0.41558,66200000,7
marginal-hits,128,0.42189,68400000,7
marginal-hits,128,0.41852,71700000,7
marginal-hits,128,0.41979,72700000,7
marginal-hits,128,0.41705,74100000,7
marginal-hits,128,0.41803,62700000,7
marginal-hits,128,0.41536,17900000,7
marginal-hits,128,0.41642,35100000,7
marginal-hits,128,0.41594,43000000,7
marginal-hits,128,0.41424,22500000,7
marginal-hits,128,0.42096,60500000,7
marginal-hits,128,0.42146,70900000,7
marginal-hits,128,0.41483,76400000,7
marginal-hits,128,0.42201,36200000,7
marginal-hits,128,0.41779,32500000,7
marginal-hits,128,0.4162,26200000,7
marginal-hits,128,0.4213,61300000,7
marginal-hits,128,0.41647,76300000,7
marginal-hits,128,0.41572,46700000,7
marginal-hits,128,0.41717,36800000,7
marginal-hits,128,0.41612,33400000,7
marginal-hits,128,0.41599,13400000,7
marginal-hits,128,0.41457,17600000,7
marginal-hits,128,0.41694,69400000,7
marginal-hits,128,0.41578,47100000,7
marginal-hits,128,0.42012,42000000,7
marginal-hits,128,0.42008,37400000,7
marginal-hits,128,0.41755,28700000,7
marginal-hits,128,0.41851,12100000,7
marginal-hits,128,0.42081,9900000,7
marginal-hits,128,0.41563,13300000,7
marginal-hits,128,0.42166,21700000,7
marginal-hits,128,0.41579,78200000,7
marginal-hits,128,0.42095,53200000,7
marginal-hits,128,0.41263,52600000,7
marginal-hits,128,0.41649,32100000,7
marginal-hits,128,0.41642,31500000,7
marginal-hits,128,0.41748,14700000,7
marginal-hits,128,0.41533,15900000,7
marginal-hits,128,0.41589,66500000,7
marginal-hits,128,0.41903,37600000,7
marginal-hits,128,0.41881,61400000,7
marginal-hits,128,0.41619,61900000,7
marginal-hits,128,0.42145,65900000,7
marginal-hits,128,0.42641,3100000,7
marginal-hits,128,0.41336,17000000,7
marginal-hits,128,0.41596,18000000,7
marginal-hits,128,0.41972,58900000,7
marginal-hits,128,0.41874,70500000,7
marginal-hits,128,0.41741,70800000,7
marginal-hits,128,0.41642,16000000,7
marginal-hits,128,0.41324,13700000,7
marginal-hits,128,0.41746,44700000,7
marginal-hits,128,0.41735,39500000,7
marginal-hits,128,0.42087,40000000,7
marginal-hits,128,0.41579,38800000,7
marginal-hits,128,0.41896,35500000,7
marginal-hits,128,0.41515,27300000,7
marginal-hits,128,0.42827,3700000,7
marginal-hits,128,0.41798,12800000,7
marginal-hits,128,0.41986,14600000,7
marginal-hits,128,0.41573,74400000,7
marginal-hits,128,0.41424,72200000,7
marginal-hits,128,0.41395,46600000,7
marginal-hits,128,0.4163,46500000,7
marginal-hits,128,0.41562,36700000,7
marginal-hits,128,0.41644,32000000,7
marginal-hits,128,0.41317,63200000,7
marginal-hits,128,0.41588,68800000,7
marginal-hits,128,0.41509,9400000,7
marginal-hits,128,0.44386,1900000,7
marginal-hits,128,0.48278,800000,7
marginal-hits,128,0.42132,4400000,7
marginal-hits,128,0.41329,16400000,7
marginal-hits,128,0.41587,68300000,7
marginal-hits,128,0.41744,73600000,7
marginal-hits,128,0.41596,75000000,7
marginal-hits,128,0.41696,76500000,7
marginal-hits,128,0.4185,34000000,7
marginal-hits,128,0.41984,49200000,7
marginal-hits,128,0.41876,31200000,7
marginal-hits,128,0.41784,25000000,7
marginal-hits,128,0.41388,25100000,7
marginal-hits,128,0.41381,28400000,7
marginal-hits,128,0.43115,2800000,7
marginal-hits,128,0.50235,700000,7
marginal-hits,128,0.41591,13800000,7
marginal-hits,128,0.41186,22600000,7
marginal-hits,128,0.4137,23500000,7
marginal-hits,128,0.41865,42300000,7
marginal-hits,128,0.41715,40200000,7
marginal-hits,128,0.54456,500000,7
marginal-hits,128,0.41654,17500000,7
marginal-hits,128,0.4168,23100000,7
marginal-hits,128,0.41487,55700000,7
marginal-hits,128,0.41728,65200000,7
marginal-hits,128,0.42168,77600000,7
marginal-hits,128,0.41705,12200000,7
marginal-hits,128,0.41295,41100000,7
marginal-hits,128,0.41556,44200000,7
marginal-hits,128,0.41815,33200000,7
marginal-hits,128,0.41583,30500000,7
marginal-hits,128,0.43857,2100000,7
marginal-hits,128,0.41617,56800000,7
marginal-hits,128,0.41049,59600000,7
marginal-hits,128,0.41507,67700000,7
marginal-hits,128,0.41658,73400000,7
marginal-hits,128,0.41677,41400000,7
marginal-hits,128,0.42173,39800000,7
marginal-hits,128,0.41603,34800000,7
marginal-hits,128,0.42011,25900000,7
marginal-hits,128,0.42,18100000,7
marginal-hits,128,0.41575,64700000,7
marginal-hits,128,0.4168,48200000,7
marginal-hits,128,0.41806,12900000,7
marginal-hits,128,0.41975,30800000,7
marginal-hits,128,0.41682,8500000,7
marginal-hits,128,0.4165,8000000,7
marginal-hits,128,0.41734,50300000,7
marginal-hits,128,0.41537,45900000,7
marginal-hits,128,0.41358,17700000,7
marginal-hits,128,0.41753,24100000,7
marginal-hits,128,0.41536,66700000,7
marginal-hits,128,0.41668,35700000,7
marginal-hits,128,0.41836,6600000,7
marginal-hits,128,0.4164,16600000,7
marginal-hits,128,0.41731,34600000,7
marginal-hits,128,0.41722,28800000,7
marginal-hits,128,0.42035,20500000,7
marginal-hits,128,0.41586,20800000,7
marginal-hits,128,0.4129,24000000,7
marginal-hits,128,0.41542,56000000,7
marginal-hits,128,0.41555,66600000,7
marginal-hits,128,0.42389,72600000,7
marginal-hits,128,0.41273,40300000,7
marginal-hits,128,0.41662,7700000,7
marginal-hits,128,0.41496,7500000,7
marginal-hits,128,0.42242,21600000,7
marginal-hits,128,0.41498,74700000,7
marginal-hits,128,0.42131,28000000,7
marginal-hits,128,0.41598,8600000,7
marginal-hits,128,0.41784,24500000,7
marginal-hits,128,0.41526,77500000,7
marginal-hits,128,0.41852,50900000,7
marginal-hits,128,0.4188,45300000,7
marginal-hits,128,0.41529,56500000,7
marginal-hits,128,0.41446,58500000,7
marginal-hits,128,0.4199,75500000,7
marginal-hits,128,0.41672,78500000,7
marginal-hits,128,0.41239,23700000,7
marginal-hits,128,0.41688,24400000,7
marginal-hits,128,0.42447,54000000,7
marginal-hits,128,0.41598,40100000,7
marginal-hits,128,0.415,7200000,7
marginal-hits,128,0.41483,16200000,7
marginal-hits,128,0.41429,63300000,7
marginal-hits,128,0.42,75600000,7
marginal-hits,128,0.41552,47600000,7
marginal-hits,128,0.41349,26600000,7
marginal-hits,128,0.41435,7300000,7
marginal-hits,128,0.42182,15300000,7
marginal-hits,128,0.42104,21400000,7
marginal-hits,128,0.4175,57800000,7
marginal-hits,128,0.4153,33500000,7
marginal-hits,128,0.41538,56400000,7
marginal-hits,128,0.42087,66000000,7
marginal-hits,128,0.41421,71300000,7
marginal-hits,128,0.413,13200000,7
marginal-hits,128,0.41564,30900000,7
marginal-hits,128,0.41849,10500000,7
marginal-hits,128,0.4172,7400000,7
marginal-hits,128,0.42174,22000000,7
marginal-hits,128,0.41688,55200000,7
marginal-hits,128,0.4134,50200000,7
marginal-hits,128,0.41877,42500000,7
marginal-hits,128,0.52124,600000,7
marginal-hits,128,0.42681,3300000,7
marginal-hits,128,0.41809,4600000,7
marginal-hits,128,0.41478,21000000,7
marginal-hits,128,0.41426,54400000,7
marginal-hits,128,0.41282,58200000,7
marginal-hits,128,0.41572,49500000,7
marginal-hits,128,0.41808,10100000,7
marginal-hits,128,0.41788,9800000,7
marginal-hits,128,0.41657,9700000,7
marginal-hits,128,0.41728,16800000,7
marginal-hits,128,0.41326,19500000,7
marginal-hits,128,0.4137,64800000,7
marginal-hits,128,0.42113,77800000,7
marginal-hits,128,0.41904,78800000,7
marginal-hits,128,0.41629,53300000,7
marginal-hits,128,0.41607,47400000,7
marginal-hits,128,0.41855,9600000,7
marginal-hits,128,0.41708,4700000,7
marginal-hits,128,0.41539,17200000,7
marginal-hits,128,0.41575,20400000,7
marginal-hits,128,0.42141,25400000,7
marginal-hits,128,0.41669,71400000,7
marginal-hits,128,0.42436,70600000,7
marginal-hits,128,0.42093,51600000,7
marginal-hits,128,0.417,36400000,7
marginal-hits,128,0.41754,9000000,7
marginal-hits,128,0.41613,6200000,7
marginal-hits,128,0.41464,22800000,7
marginal-hits,128,0.42055,55400000,7
marginal-hits,128,0.41638,51000000,7
marginal-hits,128,0.42109,37500000,7
marginal-hits,128,0.4157,29900000,7
marginal-hits,128,0.4141,32900000,7
marginal-hits,128,0.41702,11400000,7
marginal-hits,128,0.41422,10800000,7
marginal-hits,128,0.41354,23200000,7
marginal-hits,128,0.41924,61600000,7
marginal-hits,128,0.41665,76000000,7
marginal-hits,128,0.41801,76800000,7
marginal-hits,128,0.41573,77700000,7
marginal-hits,128,0.42041,17100000,7
marginal-hits,128,0.41445,16100000,7
marginal-hits,128,0.415,51800000,7
marginal-hits,128,0.41601,45600000,7
marginal-hits,128,0.41776,32700000,7
marginal-hits,128,0.4169,31100000,7
marginal-hits,128,0.41388,11700000,7
marginal-hits,128,0.41721,25300000,7
marginal-hits,128,0.4171,38700000,7
marginal-hits,128,0.41571,13100000,7
marginal-hits,128,0.41954,65700000,7
marginal-hits,128,0.41941,39900000,7
marginal-hits,128,0.4192,34100000,7
marginal-hits,128,0.41894,32200000,7
marginal-hits,128,0.41546,29700000,7
marginal-hits,128,0.41248,62000000,7
marginal-hits,128,0.41596,78000000,7
marginal-hits,128,0.41568,44400000,7
marginal-hits,128,0.41742,27900000,7
marginal-hits,128,0.41753,5500000,7
marginal-hits,128,0.41718,13000000,7
marginal-hits,128,0.42141,21900000,7
marginal-hits,128,0.41878,64000000,7
marginal-hits,128,0.41344,69300000,7
marginal-hits,128,0.41656,75100000,7
marginal-hits,128,0.41497,49000000,7
marginal-hits,128,0.4164,52300000,7
marginal-hits,128,0.41848,34700000,7
marginal-hits,128,0.4133,26300000,7
marginal-hits,128,0.41384,8800000,7
marginal-hits,128,0.42617,3400000,7
marginal-hits,128,0.41207,19900000,7
marginal-hits,128,0.41574,25500000,7
marginal-hits,128,0.41855,77200000,7
marginal-hits,128,0.41505,44000000,7
marginal-hits,128,0.41547,62400000,7
marginal-hits,128,0.41462,67800000,7
marginal-hits,128,0.41884,72800000,7
marginal-hits,128,0.42074,76900000,7
marginal-hits,128,0.41823,43700000,7
marginal-hits,128,0.41683,38400000,7
marginal-hits,128,0.41867,6800000,7
marginal-hits,128,0.41668,54800000,7
marginal-hits,128,0.41938,65600000,7
marginal-hits,128,0.41385,67400000,7
marginal-hits,128,0.41548,68100000,7
marginal-hits,128,0.41493,77400000,7
marginal-hits,128,0.41558,69500000,7
marginal-hits,128,0.41571,42400000,7
marginal-hits,128,0.42021,41200000,7
marginal-hits,128,0.41982,39700000,7
marginal-hits,128,0.41251,11600000,7
marginal-hits,128,0.41338,7100000,7
marginal-hits,128,0.41786,69900000,7
marginal-hits,128,0.4132,52500000,7
marginal-hits,128,0.41691,51100000,7
marginal-hits,128,0.41597,8400000,7
marginal-hits,128,0.41641,56100000,7
marginal-hits,128,0.41934,63900000,7
marginal-hits,128,0.41264,40600000,7
marginal-hits,128,0.41798,14900000,7
marginal-hits,128,0.41407,77000000,7
marginal-hits,128,0.41619,61500000,7
marginal-hits,128,0.41427,52200000,7
marginal-hits,128,0.43314,2500000,7
marginal-hits,128,0.41234,18500000,7
marginal-hits,128,0.41856,68700000,7
marginal-hits,128,0.41461,75900000,7
marginal-hits,128,0.41348,43400000,7
marginal-hits,128,0.4182,37100000,7
marginal-hits,128,0.41495,36000000,7
marginal-hits,128,0.41772,34400000,7
marginal-hits,128,0.41787,62600000,7
marginal-hits,128,0.41966,51700000,7
marginal-hits,128,0.41678,39000000,7
marginal-hits,128,0.41288,33700000,7
marginal-hits,128,0.4154,29500000,7
marginal-hits,128,0.41377,8200000,7
marginal-hits,128,0.73732,100000,7
marginal-hits,128,0.4167,24600000,7
marginal-hits,128,0.416,59900000,7
marginal-hits,128,0.41911,65300000,7
marginal-hits,128,0.41223,48600000,7
marginal-hits,128,0.41981,48500000,7
marginal-hits,128,0.41983,5300000,7
marginal-hits,128,0.41688,63400000,7
marginal-hits,128,0.41894,66400000,7
marginal-hits,128,0.41544,35600000,7
marginal-hits,128,0.41617,32800000,7
marginal-hits,128,0.4145,27400000,7
marginal-hits,128,0.44696,1300000,7
marginal-hits,128,0.41503,24900000,7
marginal-hits,128,0.41498,58300000,7
marginal-hits,128,0.41655,66100000,7
marginal-hits,128,0.41662,70000000,7
marginal-hits,128,0.41546,71600000,7
marginal-hits,128,0.41817,77300000,7
marginal-hits,128,0.42116,60900000,7
marginal-hits,128,0.4182,35200000,7
marginal-hits,128,0.41482,28300000,7
marginal-hits,128,0.41778,15700000,7
marginal-hits,128,0.4135,79300000,7
marginal-hits,128,0.41976,41300000,7
marginal-hits,128,0.41716,35400000,7
marginal-hits,128,0.41653,11200000,7
marginal-hits,128,0.41693,15800000,7
marginal-hits,128,0.41278,56200000,7
marginal-hits,128,0.41868,69000000,7
marginal-hits,128,0.41743,25800000,7
marginal-hits,128,0.41503,5000000,7
marginal-hits,128,0.41507,19800000,7
marginal-hits,128,0.41635,57700000,7
marginal-hits,128,0.41638,74300000,7
marginal-hits,128,0.41641,79200000,7
marginal-hits,128,0.41911,35000000,7
marginal-hits,128,0.41796,34300000,7
marginal-hits,128,0.41644,30000000,7
marginal-hits,128,0.41648,11000000,7
marginal-hits,128,0.41556,18200000,7
marginal-hits,128,0.4158,21100000,7
marginal-hits,128,0.41998,24800000,7
marginal-hits,128,0.41939,57200000,7
marginal-hits,128,0.41947,68200000,7
marginal-hits,128,0.43302,2400000,7
marginal-hits,128,0.41694,20700000,7
marginal-hits,128,0.41452,44300000,7
marginal-hits,128,0.4174,36500000,7
marginal-hits,128,0.41771,15600000,7
marginal-hits,128,0.41425,18400000,7
marginal-hits,128,0.41755,23600000,7
marginal-hits,128,0.41442,67300000,7
marginal-hits,128,0.42253,68500000,7
marginal-hits,128,0.41515,52000000,7
marginal-hits,128,0.42113,46100000,7
marginal-hits,128,0.41842,27700000,7
marginal-hits,128,0.41688,25700000,7
marginal-hits,128,0.42788,5900000,7
marginal-hits,128,0.41791,20600000,7
marginal-hits,128,0.41578,66300000,7
marginal-hits,128,0.4189,71100000,7
marginal-hits,128,0.41325,33000000,7
marginal-hits,128,0.41986,60400000,7
marginal-hits,128,0.41535,73900000,7
marginal-hits,128,0.41757,67600000,7
marginal-hits,128,0.41456,50500000,7
marginal-hits,128,0.41391,49800000,7
marginal-hits,128,0.41688,44600000,7
marginal-hits,128,0.42493,3200000,7
marginal-hits,128,0.41398,13500000,7
marginal-hits,128,0.41334,18300000,7
marginal-hits,128,0.41459,18600000,7
marginal-hits,128,0.41463,13600000,7
marginal-hits,128,0.41883,16500000,7
marginal-hits,128,0.41717,57300000,7
marginal-hits,128,0.41898,53000000,7
marginal-hits,128,0.41328,48700000,7
marginal-hits,128,0.42003,39200000,7
marginal-hits,128,0.41461,10400000,7
marginal-hits,128,0.42407,14500000,7
marginal-hits,128,0.41893,64100000,7
marginal-hits,128,0.41977,60800000,7
marginal-hits,128,0.41313,44800000,7
marginal-hits,128,0.41645,27100000,7
marginal-hits,128,0.41579,19700000,7
marginal-hits,128,0.41814,67000000,7
marginal-hits,128,0.4171,74800000,7
marginal-hits,128,0.41798,78900000,7
marginal-hits,128,0.4157,45800000,7
marginal-hits,128,0.41676,8300000,7
marginal-hits,128,0.42384,14400000,7
marginal-hits,128,0.41556,21500000,7
marginal-hits,128,0.41692,58800000,7
marginal-hits,128,0.41811,62500000,7
marginal-hits,128,0.41674,52700000,7
marginal-hits,128,0.42628,39300000,7
marginal-hits,128,0.41798,38100000,7
marginal-hits,128,0.41688,19300000,7
marginal-hits,128,0.41449,50100000,7
marginal-hits,128,0.41581,40800000,7
marginal-hits,128,0.41557,54900000,7
marginal-hits,128,0.41172,58400000,7
marginal-hits,128,0.41416,74900000,7
marginal-hits,128,0.44406,1600000,7
marginal-hits,128,0.41727,5800000,7
marginal-hits,128,0.4159,59800000,7
marginal-hits,128,0.41839,76600000,7
marginal-hits,128,0.41346,34900000,7
marginal-hits,128,0.42189,4100000,7
marginal-hits,128,0.41762,58000000,7
marginal-hits,128,0.41533,59500000,7
marginal-hits,128,0.41584,49400000,7
marginal-hits,128,0.41612,46000000,7
marginal-hits,128,0.41534,45400000,7
marginal-hits,128,0.42027,44100000,7
marginal-hits,128,0.42163,4500000,7
marginal-hits,128,0.41613,69100000,7
marginal-hits,128,0.41733,74600000,7
marginal-hits,128,0.41595,53700000,7
marginal-hits,128,0.41199,41000000,7
marginal-hits,128,0.41454,38600000,7
marginal-hits,128,0.41737,28100000,7
marginal-hits,128,0.41955,60700000,7
marginal-hits,128,0.41759,63600000,7
marginal-hits,128,0.42081,68600000,7
marginal-hits,128,0.41589,78600000,7
marginal-hits,128,0.41277,71900000,7
marginal-hits,128,0.41614,48800000,7
marginal-hits,128,0.41649,10600000,7
marginal-hits,128,0.41766,14100000,7
marginal-hits,128,0.41699,55500000,7
marginal-hits,128,0.41506,68000000,7
marginal-hits,128,0.41967,48000000,7
marginal-hits,128,0.41853,26500000,7
marginal-hits,128,0.4145,12600000,7
marginal-hits,128,0.41832,70300000,7
marginal-hits,128,0.42245,53600000,7
marginal-hits,128,0.41712,47200000,7
marginal-hits,128,0.41865,33800000,7
marginal-hits,128,0.41139,18800000,7
marginal-hits,128,0.41541,67500000,7
marginal-hits,128,0.41935,78300000,7
marginal-hits,128,0.41788,53400000,7
marginal-hits,128,0.41419,27500000,7
marginal-hits,128,0.44837,1500000,7
marginal-hits,128,0.41324,15200000,7
marginal-hits,128,0.41936,24300000,7
marginal-hits,128,0.4141,64900000,7
marginal-hits,128,0.41765,61800000,7
marginal-hits,128,0.41813,49700000,7
marginal-hits,128,0.41852,29400000,7
marginal-hits,128,0.41357,9300000,7
marginal-hits,128,0.41461,9100000,7
marginal-hits,128,0.42124,6000000,7
marginal-hits,128,0.41855,17400000,7
marginal-hits,128,0.41745,76100000,7
marginal-hits,128,0.41859,71200000,7
marginal-hits,128,0.42051,45000000,7
marginal-hits,128,0.41968,60600000,7
marginal-hits,128,0.41442,76200000,7
marginal-hits,128,0.64834,200000,7
marginal-hits,128,0.41493,12700000,7
marginal-hits,128,0.41108,62200000,7
marginal-hits,128,0.42352,63800000,7
marginal-hits,128,0.4138,67900000,7
marginal-hits,128,0.41275,33600000,7
marginal-hits,128,0.41291,27600000,7
marginal-hits,128,0.41403,30600000,7
marginal-hits,128,0.41886,28900000,7
marginal-hits,128,0.4171,26100000,7
marginal-hits,128,0.41495,15000000,7
marginal-hits,128,0.41879,61000000,7
marginal-hits,128,0.41977,66800000,7
marginal-hits,128,0.41605,35900000,7
marginal-hits,128,0.41632,6100000,7
marginal-hits,128,0.42558,14300000,7
marginal-hits,128,0.42134,62900000,7
marginal-hits,128,0.42113,63700000,7
marginal-hits,128,0.41827,47800000,7
marginal-hits,128,0.41675,42900000,7
marginal-hits,128,0.41543,46300000,7
tail-age,128,0.45261,51300000,41
tail-age,128,0.45143,46200000,41
tail-age,128,0.45149,40500000,41
tail-age,128,0.45074,33300000,41
tail-age,128,0.45034,31400000,41
tail-age,128,0.45007,3800000,41
tail-age,128,0.45458,37000000,41
tail-age,128,0.0,0,41
tail-age,128,0.57264,400000,41
tail-age,128,0.4529,3500000,41
tail-age,128,0.44929,4900000,41
tail-age,128,0.45248,54600000,41
tail-age,128,0.45095,73100000,41
tail-age,128,0.4523,75300000,41
tail-age,128,0.45027,36600000,41
tail-age,128,0.45212,30400000,41
tail-age,128,0.45154,30200000,41
tail-age,128,0.45086,29000000,41
tail-age,128,0.4535,24700000,41
tail-age,128,0.44984,54500000,41
tail-age,128,0.45286,43800000,41
tail-age,128,0.45365,33900000,41
tail-age,128,0.45198,71000000,41
tail-age,128,0.44983,79400000,41
tail-age,128,0.4473,36900000,41
tail-age,128,0.45285,26400000,41
tail-age,128,0.45315,11500000,41
tail-age,128,0.45125,9500000,41
tail-age,128,0.45104,22900000,41
tail-age,128,0.44972,23800000,41
tail-age,128,0.44959,62300000,41
tail-age,128,0.45358,65000000,41
tail-age,128,0.45417,49600000,41
tail-age,128,0.4485,42700000,41
tail-age,128,0.45016,28600000,41
tail-age,128,0.45337,9200000,41
tail-age,128,0.45302,1000000,41
tail-age,128,0.4517,65500000,41
tail-age,128,0.44971,43300000,41
tail-age,128,0.44998,40400000,41
tail-age,128,0.45071,32300000,41
tail-age,128,0.45061,7800000,41
tail-age,128,0.44991,23000000,41
tail-age,128,0.45174,55600000,41
tail-age,128,0.45163,60200000,41
tail-age,128,0.45135,1100000,41
tail-age,128,0.45119,5400000,41
tail-age,128,0.45057,22300000,41
tail-age,128,0.45007,55800000,41
tail-age,128,0.44835,77900000,41
tail-age,128,0.44925,49900000,41
tail-age,128,0.45166,43600000,41
tail-age,128,0.44964,2300000,41
tail-age,128,0.45046,54700000,41
tail-age,128,0.4515,56700000,41
tail-age,128,0.45216,72500000,41
tail-age,128,0.45086,74000000,41
tail-age,128,0.45018,53100000,41
tail-age,128,0.45325,41700000,41
tail-age,128,0.44986,34200000,41
tail-age,128,0.44926,27000000,41
tail-age,128,0.45065,12500000,41
tail-age,128,0.45117,8700000,41
tail-age,128,0.45005,60100000,41
tail-age,128,0.45011,69200000,41
tail-age,128,0.45205,73500000,41
tail-age,128,0.45221,46800000,41
tail-age,128,0.45129,31900000,41
tail-age,128,0.4495,28200000,41
tail-age,128,0.45418,1800000,41
tail-age,128,0.45047,69800000,41
tail-age,128,0.45153,72300000,41
tail-age,128,0.45197,79100000,41
tail-age,128,0.45199,79600000,41
tail-age,128,0.44824,48300000,41
tail-age,128,0.45015,39400000,41
tail-age,128,0.45071,7600000,41
tail-age,128,0.45052,2200000,41
tail-age,128,0.60595,300000,41
tail-age,128,0.44983,14800000,41
tail-age,128,0.45171,16700000,41
tail-age,128,0.45037,22100000,41
tail-age,128,0.44951,79800000,41
tail-age,128,0.45106,47900000,41
tail-age,128,0.44916,47700000,41
tail-age,128,0.44821,40900000,41
tail-age,128,0.45086,20100000,41
tail-age,128,0.45222,20300000,41
tail-age,128,0.44917,57500000,41
tail-age,128,0.4499,63000000,41
tail-age,128,0.45173,71500000,41
tail-age,128,0.45254,8100000,41
tail-age,128,0.44915,2900000,41
tail-age,128,0.45004,14000000,41
tail-age,128,0.45173,22200000,41
tail-age,128,0.44949,55300000,41
tail-age,128,0.45036,57400000,41
tail-age,128,0.45229,67200000,41
tail-age,128,0.45013,70200000,41
tail-age,128,0.44967,72100000,41
tail-age,128,0.44911,78400000,41
tail-age,128,0.44978,26800000,41
tail-age,128,0.44906,65800000,41
tail-age,128,0.452,67100000,41
tail-age,128,0.45004,37200000,41
tail-age,128,0.45121,10900000,41
tail-age,128,0.45276,16300000,41
tail-age,128,0.45288,22400000,41
tail-age,128,0.45138,71800000,41
tail-age,128,0.44993,72400000,41
tail-age,128,0.44877,50800000,41
tail-age,128,0.4509,38500000,41
tail-age,128,0.45207,29600000,41
tail-age,128,0.45048,28500000,41
tail-age,128,0.45038,26700000,41
tail-age,128,0.45128,75800000,41
tail-age,128,0.45132,23900000,41
tail-age,128,0.45079,59200000,41
tail-age,128,0.4487,47500000,41
tail-age,128,0.44865,42600000,41
tail-age,128,0.4488,35300000,41
tail-age,128,0.45194,30700000,41
tail-age,128,0.45189,72900000,41
tail-age,128,0.45029,73800000,41
tail-age,128,0.44982,52100000,41
tail-age,128,0.44997,38300000,41
tail-age,128,0.45032,42800000,41
tail-age,128,0.45006,12300000,41
tail-age,128,0.45054,6300000,41
tail-age,128,0.45076,64300000,41
tail-age,128,0.45264,75400000,41
tail-age,128,0.45074,75700000,41
tail-age,128,0.45046,45200000,41
tail-age,128,0.45313,41900000,41
tail-age,128,0.45209,37700000,41
tail-age,128,0.45259,30300000,41
tail-age,128,0.44839,54200000,41
tail-age,128,0.45105,55100000,41
tail-age,128,0.45196,57900000,41
tail-age,128,0.448,59400000,41
tail-age,128,0.4509,70400000,41
tail-age,128,0.45372,47000000,41
tail-age,128,0.45141,43100000,41
tail-age,128,0.45192,35800000,41
tail-age,128,0.45205,2000000,41
tail-age,128,0.44893,1700000,41
tail-age,128,0.45005,1200000,41
tail-age,128,0.45077,5600000,41
tail-age,128,0.44999,15500000,41
tail-age,128,0.45082,20000000,41
tail-age,128,0.45119,78100000,41
tail-age,128,0.44964,12400000,41
tail-age,128,0.45145,8900000,41
tail-age,128,0.45052,24200000,41
tail-age,128,0.45018,54300000,41
tail-age,128,0.45392,58700000,41
tail-age,128,0.4503,60000000,41
tail-age,128,0.45017,64500000,41
tail-age,128,0.44836,48900000,41
tail-age,128,0.45141,42200000,41
tail-age,128,0.4503,11800000,41
tail-age,128,0.45073,17300000,41
tail-age,128,0.45344,20900000,41
tail-age,128,0.45166,57600000,41
tail-age,128,0.45281,63500000,41
tail-age,128,0.451,66900000,41
tail-age,128,0.44998,77100000,41
tail-age,128,0.44936,31300000,41
tail-age,128,0.45155,44900000,41
tail-age,128,0.45072,41800000,41
tail-age,128,0.45152,39100000,41
tail-age,128,0.45131,11300000,41
tail-age,128,0.44998,10200000,41
tail-age,128,0.45248,1400000,41
tail-age,128,0.45177,23300000,41
tail-age,128,0.44968,46400000,41
tail-age,128,0.44794,31700000,41
tail-age,128,0.45118,31000000,41
tail-age,128,0.45117,73700000,41
tail-age,128,0.45317,61100000,41
tail-age,128,0.4541,11100000,41
tail-age,128,0.45213,19400000,41
tail-age,128,0.45115,57000000,41
tail-age,128,0.45074,70700000,41
tail-age,128,0.45263,48100000,41
tail-age,128,0.44961,69700000,41
tail-age,128,0.4526,36100000,41
tail-age,128,0.4511,32400000,41
tail-age,128,0.44969,18700000,41
tail-age,128,0.45073,64200000,41
tail-age,128,0.45082,64400000,41
tail-age,128,0.45325,73000000,41
tail-age,128,0.45021,79000000,41
tail-age,128,0.4503,40700000,41
tail-age,128,0.45064,6700000,41
tail-age,128,0.44927,4200000,41
tail-age,128,0.45157,16900000,41
tail-age,128,0.45169,50400000,41
tail-age,128,0.45143,41600000,41
tail-age,128,0.44892,38900000,41
tail-age,128,0.45151,37800000,41
tail-age,128,0.45113,29200000,41
tail-age,128,0.4495,29100000,41
tail-age,128,0.45056,10300000,41
tail-age,128,0.45044,5700000,41
tail-age,128,0.4487,54100000,41
tail-age,128,0.44689,45100000,41
tail-age,128,0.4478,43900000,41
tail-age,128,0.45049,33100000,41
tail-age,128,0.452,63100000,41
tail-age,128,0.45058,53900000,41
tail-age,128,0.45097,50700000,41
tail-age,128,0.46561,900000,41
tail-age,128,0.44979,18900000,41
tail-age,128,0.44961,21200000,41
tail-age,128,0.45407,21300000,41
tail-age,128,0.45251,57100000,41
tail-age,128,0.45082,55900000,41
tail-age,128,0.45016,56900000,41
tail-age,128,0.4511,70100000,41
tail-age,128,0.44928,79900000,41
tail-age,128,0.44999,37300000,41
tail-age,128,0.45024,53800000,41
tail-age,128,0.45108,51200000,41
tail-age,128,0.45178,45700000,41
tail-age,128,0.44982,27800000,41
tail-age,128,0.44823,26000000,41
tail-age,128,0.45376,19100000,41
tail-age,128,0.45122,21800000,41
tail-age,128,0.45057,61700000,41
tail-age,128,0.45068,51500000,41
tail-age,128,0.44913,38000000,41
tail-age,128,0.44976,29800000,41
tail-age,128,0.452,4000000,41
tail-age,128,0.44901,4300000,41
tail-age,128,0.45062,20200000,41
tail-age,128,0.45069,22700000,41
tail-age,128,0.45157,65400000,41
tail-age,128,0.45228,10700000,41
tail-age,128,0.45228,2700000,41
tail-age,128,0.45181,15100000,41
tail-age,128,0.45158,15400000,41
tail-age,128,0.44937,19000000,41
tail-age,128,0.45052,73200000,41
tail-age,128,0.45233,76700000,41
tail-age,128,0.45042,78700000,41
tail-age,128,0.45198,79700000,41
tail-age,128,0.44989,31600000,41
tail-age,128,0.44946,49100000,41
tail-age,128,0.44916,42100000,41
tail-age,128,0.45274,47300000,41
tail-age,128,0.45075,27200000,41
tail-age,128,0.45193,11900000,41
tail-age,128,0.45259,25600000,41
tail-age,128,0.44806,32600000,41
tail-age,128,0.44782,6400000,41
tail-age,128,0.44959,23400000,41
tail-age,128,0.45055,59000000,41
tail-age,128,0.4498,62100000,41
tail-age,128,0.45146,68900000,41
tail-age,128,0.44909,13900000,41
tail-age,128,0.44989,17800000,41
tail-age,128,0.45127,52900000,41
tail-age,128,0.45038,43500000,41
tail-age,128,0.451,3000000,41
tail-age,128,0.44939,19200000,41
tail-age,128,0.45034,45500000,41
tail-age,128,0.45089,4800000,41
tail-age,128,0.45084,19600000,41
tail-age,128,0.45033,72000000,41
tail-age,128,0.45042,75200000,41
tail-age,128,0.4503,48400000,41
tail-age,128,0.4514,44500000,41
tail-age,128,0.44979,34500000,41
tail-age,128,0.44922,65100000,41
tail-age,128,0.44997,73300000,41
tail-age,128,0.45488,79500000,41
tail-age,128,0.45105,61200000,41
tail-age,128,0.45149,50000000,41
tail-age,128,0.4493,36300000,41
tail-age,128,0.45153,7900000,41
tail-age,128,0.44974,5100000,41
tail-age,128,0.45165,74200000,41
tail-age,128,0.44789,49300000,41
tail-age,128,0.45186,46900000,41
tail-age,128,0.45028,6500000,41
tail-age,128,0.44724,2600000,41
tail-age,128,0.45011,64600000,41
tail-age,128,0.45086,53500000,41
tail-age,128,0.45037,52800000,41
tail-age,128,0.45117,52400000,41
tail-age,128,0.45129,51900000,41
tail-age,128,0.45072,41500000,41
tail-age,128,0.45185,38200000,41
tail-age,128,0.45148,31800000,41
tail-age,128,0.45057,29300000,41
tail-age,128,0.45128,26900000,41
tail-age,128,0.45226,69600000,41
tail-age,128,0.45027,62800000,41
tail-age,128,0.4501,51400000,41
tail-age,128,0.45094,7000000,41
tail-age,128,0.45113,3600000,41
tail-age,128,0.44756,14200000,41
tail-age,128,0.44816,55000000,41
tail-age,128,0.45109,74500000,41
tail-age,128,0.45123,50600000,41
tail-age,128,0.45244,30100000,41
tail-age,128,0.45203,56300000,41
tail-age,128,0.45083,37900000,41
tail-age,128,0.45158,12000000,41
tail-age,128,0.45249,6900000,41
tail-age,128,0.45203,58100000,41
tail-age,128,0.45094,58600000,41
tail-age,128,0.44963,60300000,41
tail-age,128,0.45234,43200000,41
tail-age,128,0.45099,10000000,41
tail-age,128,0.45044,3900000,41
tail-age,128,0.45048,25200000,41
tail-age,128,0.44967,56600000,41
tail-age,128,0.45302,59700000,41
tail-age,128,0.45086,39600000,41
tail-age,128,0.45262,5200000,41
tail-age,128,0.45049,59100000,41
tail-age,128,0.45314,59300000,41
tail-age,128,0.45188,66200000,41
tail-age,128,0.45069,68400000,41
tail-age,128,0.45294,71700000,41
tail-age,128,0.449,72700000,41
tail-age,128,0.45015,74100000,41
tail-age,128,0.45198,62700000,41
tail-age,128,0.45033,17900000,41
tail-age,128,0.44991,35100000,41
tail-age,128,0.44922,43000000,41
tail-age,128,0.44873,22500000,41
tail-age,128,0.45082,60500000,41
tail-age,128,0.44934,70900000,41
tail-age,128,0.45058,76400000,41
tail-age,128,0.45225,36200000,41
tail-age,128,0.44955,32500000,41
tail-age,128,0.44974,26200000,41
tail-age,128,0.45186,61300000,41
tail-age,128,0.44983,76300000,41
tail-age,128,0.44944,46700000,41
tail-age,128,0.45106,36800000,41
tail-age,128,0.45187,33400000,41
tail-age,128,0.45192,13400000,41
tail-age,128,0.448,17600000,41
tail-age,128,0.45068,69400000,41
tail-age,128,0.45063,47100000,41
tail-age,128,0.45097,42000000,41
tail-age,128,0.45293,37400000,41
tail-age,128,0.44943,28700000,41
tail-age,128,0.45271,12100000,41
tail-age,128,0.45127,9900000,41
tail-age,128,0.45072,13300000,41
tail-age,128,0.4492,21700000,41
tail-age,128,0.44945,78200000,41
tail-age,128,0.45048,53200000,41
tail-age,128,0.44916,52600000,41
tail-age,128,0.45006,32100000,41
tail-age,128,0.4506,31500000,41
tail-age,128,0.45053,14700000,41
tail-age,128,0.44923,15900000,41
tail-age,128,0.45045,66500000,41
tail-age,128,0.44945,37600000,41
tail-age,128,0.45,61400000,41
tail-age,128,0.45068,61900000,41
tail-age,128,0.44936,65900000,41
tail-age,128,0.45103,3100000,41
tail-age,128,0.44786,17000000,41
tail-age,128,0.45133,18000000,41
tail-age,128,0.45327,58900000,41
tail-age,128,0.45187,70500000,41
tail-age,128,0.4494,70800000,41
tail-age,128,0.45189,16000000,41
tail-age,128,0.45033,13700000,41
tail-age,128,0.44983,44700000,41
tail-age,128,0.4487,39500000,41
tail-age,128,0.45169,40000000,41
tail-age,128,0.451,38800000,41
tail-age,128,0.45249,35500000,41
tail-age,128,0.45081,27300000,41
tail-age,128,0.45295,3700000,41
tail-age,128,0.452,12800000,41
tail-age,128,0.45015,14600000,41
tail-age,128,0.45111,74400000,41
tail-age,128,0.45112,72200000,41
tail-age,128,0.45023,46600000,41
tail-age,128,0.44866,46500000,41
tail-age,128,0.45258,36700000,41
tail-age,128,0.45054,32000000,41
tail-age,128,0.44928,63200000,41
tail-age,128,0.45051,68800000,41
tail-age,128,0.45054,9400000,41
tail-age,128,0.45262,1900000,41
tail-age,128,0.48278,800000,41
tail-age,128,0.45123,4400000,41
tail-age,128,0.44832,16400000,41
tail-age,128,0.44916,68300000,41
tail-age,128,0.45231,73600000,41
tail-age,128,0.4512,75000000,41
tail-age,128,0.45182,76500000,41
tail-age,128,0.4535,34000000,41
tail-age,128,0.45206,49200000,41
tail-age,128,0.45088,31200000,41
tail-age,128,0.45125,25000000,41
tail-age,128,0.45238,25100000,41
tail-age,128,0.45104,28400000,41
tail-age,128,0.45175,2800000,41
tail-age,128,0.50235,700000,41
tail-age,128,0.45041,13800000,41
tail-age,128,0.44888,22600000,41
tail-age,128,0.44979,23500000,41
tail-age,128,0.44993,42300000,41
tail-age,128,0.4508,40200000,41
tail-age,128,0.54456,500000,41
tail-age,128,0.45034,17500000,41
tail-age,128,0.45162,23100000,41
tail-age,128,0.45166,55700000,41
tail-age,128,0.45332,65200000,41
tail-age,128,0.45354,77600000,41
tail-age,128,0.45265,12200000,41
tail-age,128,0.44904,41100000,41
tail-age,128,0.45098,44200000,41
tail-age,128,0.45057,33200000,41
tail-age,128,0.45026,30500000,41
tail-age,128,0.45049,2100000,41
tail-age,128,0.45204,56800000,41
tail-age,128,0.44902,59600000,41
tail-age,128,0.45042,67700000,41
tail-age,128,0.45073,73400000,41
tail-age,128,0.44967,41400000,41
tail-age,128,0.45174,39800000,41
tail-age,128,0.45027,34800000,41
tail-age,128,0.45066,25900000,41
tail-age,128,0.45283,18100000,41
tail-age,128,0.45136,64700000,41
tail-age,128,0.45281,48200000,41
tail-age,128,0.45055,12900000,41
tail-age,128,0.45342,30800000,41
tail-age,128,0.45002,8500000,41
tail-age,128,0.44999,8000000,41
tail-age,128,0.45095,50300000,41
tail-age,128,0.45068,45900000,41
tail-age,128,0.45043,17700000,41
tail-age,128,0.45243,24100000,41
tail-age,128,0.45307,66700000,41
tail-age,128,0.45148,35700000,41
tail-age,128,0.45006,6600000,41
tail-age,128,0.44995,16600000,41
tail-age,128,0.45147,34600000,41
tail-age,128,0.45056,28800000,41
tail-age,128,0.45197,20500000,41
tail-age,128,0.45189,20800000,41
tail-age,128,0.4497,24000000,41
tail-age,128,0.45158,56000000,41
tail-age,128,0.45109,66600000,41
tail-age,128,0.45221,72600000,41
tail-age,128,0.44937,40300000,41
tail-age,128,0.45194,7700000,41
tail-age,128,0.44957,7500000,41
tail-age,128,0.45173,21600000,41
tail-age,128,0.45098,74700000,41
tail-age,128,0.45364,28000000,41
tail-age,128,0.4497,8600000,41
tail-age,128,0.44986,24500000,41
tail-age,128,0.44951,77500000,41
tail-age,128,0.45247,50900000,41
tail-age,128,0.45142,45300000,41
tail-age,128,0.45207,56500000,41
tail-age,128,0.44987,58500000,41
tail-age,128,0.45089,75500000,41
tail-age,128,0.44988,78500000,41
tail-age,128,0.4494,23700000,41
tail-age,128,0.44988,24400000,41
tail-age,128,0.45089,54000000,41
tail-age,128,0.44968,40100000,41
tail-age,128,0.44918,7200000,41
tail-age,128,0.4506,16200000,41
tail-age,128,0.45089,63300000,41
tail-age,128,0.44999,75600000,41
tail-age,128,0.45154,47600000,41
tail-age,128,0.44873,26600000,41
tail-age,128,0.45173,7300000,41
tail-age,128,0.45247,15300000,41
tail-age,128,0.45356,21400000,41
tail-age,128,0.45235,57800000,41
tail-age,128,0.45245,33500000,41
tail-age,128,0.4515,56400000,41
tail-age,128,0.45044,66000000,41
tail-age,128,0.44926,71300000,41
tail-age,128,0.44763,13200000,41
tail-age,128,0.45155,30900000,41
tail-age,128,0.45233,10500000,41
tail-age,128,0.45034,7400000,41
tail-age,128,0.45214,22000000,41
tail-age,128,0.45206,55200000,41
tail-age,128,0.44856,50200000,41
tail-age,128,0.45005,42500000,41
tail-age,128,0.52124,600000,41
tail-age,128,0.44983,3300000,41
tail-age,128,0.45024,4600000,41
tail-age,128,0.45047,21000000,41
tail-age,128,0.45081,54400000,41
tail-age,128,0.44923,58200000,41
tail-age,128,0.45074,49500000,41
tail-age,128,0.45211,10100000,41
tail-age,128,0.45065,9800000,41
tail-age,128,0.45125,9700000,41
tail-age,128,0.45186,16800000,41
tail-age,128,0.45024,19500000,41
tail-age,128,0.44885,64800000,41
tail-age,128,0.45154,77800000,41
tail-age,128,0.45212,78800000,41
tail-age,128,0.45006,53300000,41
tail-age,128,0.45025,47400000,41
tail-age,128,0.45033,9600000,41
tail-age,128,0.45127,4700000,41
tail-age,128,0.45177,17200000,41
tail-age,128,0.45142,20400000,41
tail-age,128,0.45209,25400000,41
tail-age,128,0.4499,71400000,41
tail-age,128,0.45386,70600000,41
tail-age,128,0.44963,51600000,41
tail-age,128,0.45107,36400000,41
tail-age,128,0.4523,9000000,41
tail-age,128,0.45274,6200000,41
tail-age,128,0.44962,22800000,41
tail-age,128,0.45202,55400000,41
tail-age,128,0.45038,51000000,41
tail-age,128,0.45199,37500000,41
tail-age,128,0.45005,29900000,41
tail-age,128,0.45077,32900000,41
tail-age,128,0.45132,11400000,41
tail-age,128,0.44935,10800000,41
tail-age,128,0.44948,23200000,41
tail-age,128,0.44999,61600000,41
tail-age,128,0.45104,76000000,41
tail-age,128,0.45024,76800000,41
tail-age,128,0.44816,77700000,41
tail-age,128,0.45502,17100000,41
tail-age,128,0.45175,16100000,41
tail-age,128,0.44841,51800000,41
tail-age,128,0.45098,45600000,41
tail-age,128,0.45409,32700000,41
tail-age,128,0.44947,31100000,41
tail-age,128,0.45062,11700000,41
tail-age,128,0.44963,25300000,41
tail-age,128,0.45185,38700000,41
tail-age,128,0.45139,13100000,41
tail-age,128,0.45129,65700000,41
tail-age,128,0.45101,39900000,41
tail-age,128,0.45184,34100000,41
tail-age,128,0.45256,32200000,41
tail-age,128,0.44986,29700000,41
tail-age,128,0.44957,62000000,41
tail-age,128,0.44856,78000000,41
tail-age,128,0.45172,44400000,41
tail-age,128,0.44958,27900000,41
tail-age,128,0.44893,5500000,41
tail-age,128,0.45315,13000000,41
tail-age,128,0.45001,21900000,41
tail-age,128,0.45159,64000000,41
tail-age,128,0.45095,69300000,41
tail-age,128,0.45061,75100000,41
tail-age,128,0.44883,49000000,41
tail-age,128,0.45113,52300000,41
tail-age,128,0.45236,34700000,41
tail-age,128,0.4493,26300000,41
tail-age,128,0.45155,8800000,41
tail-age,128,0.45198,3400000,41
tail-age,128,0.44976,19900000,41
tail-age,128,0.44931,25500000,41
tail-age,128,0.45045,77200000,41
tail-age,128,0.45104,44000000,41
tail-age,128,0.4513,62400000,41
tail-age,128,0.45034,67800000,41
tail-age,128,0.44772,72800000,41
tail-age,128,0.45315,76900000,41
tail-age,128,0.44953,43700000,41
tail-age,128,0.4485,38400000,41
tail-age,128,0.45278,6800000,41
tail-age,128,0.4509,54800000,41
tail-age,128,0.45206,65600000,41
tail-age,128,0.44888,67400000,41
tail-age,128,0.44959,68100000,41
tail-age,128,0.45075,77400000,41
tail-age,128,0.45121,69500000,41
tail-age,128,0.44873,42400000,41
tail-age,128,0.45284,41200000,41
tail-age,128,0.45174,39700000,41
tail-age,128,0.44938,11600000,41
tail-age,128,0.44922,7100000,41
tail-age,128,0.4528,69900000,41
tail-age,128,0.45008,52500000,41
tail-age,128,0.45107,51100000,41
tail-age,128,0.45057,8400000,41
tail-age,128,0.45135,56100000,41
tail-age,128,0.45104,63900000,41
tail-age,128,0.44914,40600000,41
tail-age,128,0.45217,14900000,41
tail-age,128,0.44869,77000000,41
tail-age,128,0.45074,61500000,41
tail-age,128,0.45069,52200000,41
tail-age,128,0.45073,2500000,41
tail-age,128,0.45092,18500000,41
tail-age,128,0.45138,68700000,41
tail-age,128,0.44927,75900000,41
tail-age,128,0.45054,43400000,41
tail-age,128,0.44864,37100000,41
tail-age,128,0.4504,36000000,41
tail-age,128,0.44943,34400000,41
tail-age,128,0.45071,62600000,41
tail-age,128,0.44995,51700000,41
tail-age,128,0.45125,39000000,41
tail-age,128,0.4501,33700000,41
tail-age,128,0.44993,29500000,41
tail-age,128,0.45205,8200000,41
tail-age,128,0.73732,100000,41
tail-age,128,0.44884,24600000,41
tail-age,128,0.45014,59900000,41
tail-age,128,0.45208,65300000,41
tail-age,128,0.44805,48600000,41
tail-age,128,0.45171,48500000,41
tail-age,128,0.44952,5300000,41
tail-age,128,0.44939,63400000,41
tail-age,128,0.45357,66400000,41
tail-age,128,0.4506,35600000,41
tail-age,128,0.44914,32800000,41
tail-age,128,0.44904,27400000,41
tail-age,128,0.44934,1300000,41
tail-age,128,0.45149,24900000,41
tail-age,128,0.45185,58300000,41
tail-age,128,0.45173,66100000,41
tail-age,128,0.45133,70000000,41
tail-age,128,0.45101,71600000,41
tail-age,128,0.45115,77300000,41
tail-age,128,0.45306,60900000,41
tail-age,128,0.45192,35200000,41
tail-age,128,0.45045,28300000,41
tail-age,128,0.45158,15700000,41
tail-age,128,0.45031,79300000,41
tail-age,128,0.4513,41300000,41
tail-age,128,0.45238,35400000,41
tail-age,128,0.45,11200000,41
tail-age,128,0.45171,15800000,41
tail-age,128,0.44926,56200000,41
tail-age,128,0.45176,69000000,41
tail-age,128,0.44975,25800000,41
tail-age,128,0.45196,5000000,41
tail-age,128,0.44919,19800000,41
tail-age,128,0.44863,57700000,41
tail-age,128,0.45158,74300000,41
tail-age,128,0.45121,79200000,41
tail-age,128,0.45239,35000000,41
tail-age,128,0.45172,34300000,41
tail-age,128,0.45151,30000000,41
tail-age,128,0.44981,11000000,41
tail-age,128,0.4525,18200000,41
tail-age,128,0.45079,21100000,41
tail-age,128,0.45205,24800000,41
tail-age,128,0.45446,57200000,41
tail-age,128,0.45051,68200000,41
tail-age,128,0.44929,2400000,41
tail-age,128,0.45188,20700000,41
tail-age,128,0.45103,44300000,41
tail-age,128,0.4496,36500000,41
tail-age,128,0.45037,15600000,41
tail-age,128,0.45083,18400000,41
tail-age,128,0.45214,23600000,41
tail-age,128,0.45205,67300000,41
tail-age,128,0.45268,68500000,41
tail-age,128,0.45112,52000000,41
tail-age,128,0.45322,46100000,41
tail-age,128,0.45325,27700000,41
tail-age,128,0.45202,25700000,41
tail-age,128,0.45219,5900000,41
tail-age,128,0.45291,20600000,41
tail-age,128,0.44977,66300000,41
tail-age,128,0.45242,71100000,41
tail-age,128,0.45111,33000000,41
tail-age,128,0.45259,60400000,41
tail-age,128,0.44964,73900000,41
tail-age,128,0.45292,67600000,41
tail-age,128,0.45119,50500000,41
tail-age,128,0.45154,49800000,41
tail-age,128,0.45186,44600000,41
tail-age,128,0.44861,3200000,41
tail-age,128,0.45152,13500000,41
tail-age,128,0.44932,18300000,41
tail-age,128,0.44984,18600000,41
tail-age,128,0.44856,13600000,41
tail-age,128,0.45396,16500000,41
tail-age,128,0.45114,57300000,41
tail-age,128,0.45162,53000000,41
tail-age,128,0.44976,48700000,41
tail-age,128,0.45048,39200000,41
tail-age,128,0.44991,10400000,41
tail-age,128,0.4499,14500000,41
tail-age,128,0.45187,64100000,41
tail-age,128,0.44804,60800000,41
tail-age,128,0.45036,44800000,41
tail-age,128,0.45225,27100000,41
tail-age,128,0.45024,19700000,41
tail-age,128,0.45155,67000000,41
tail-age,128,0.45277,74800000,41
tail-age,128,0.45362,78900000,41
tail-age,128,0.45196,45800000,41
tail-age,128,0.45221,8300000,41
tail-age,128,0.45399,14400000,41
tail-age,128,0.44905,21500000,41
tail-age,128,0.45089,58800000,41
tail-age,128,0.44949,62500000,41
tail-age,128,0.44936,52700000,41
tail-age,128,0.45041,39300000,41
tail-age,128,0.4498,38100000,41
tail-age,128,0.45132,19300000,41
tail-age,128,0.45076,50100000,41
tail-age,128,0.45084,40800000,41
tail-age,128,0.44917,54900000,41
tail-age,128,0.44821,58400000,41
tail-age,128,0.45102,74900000,41
tail-age,128,0.4486,1600000,41
tail-age,128,0.45091,5800000,41
tail-age,128,0.45093,59800000,41
tail-age,128,0.45265,76600000,41
tail-age,128,0.45018,34900000,41
tail-age,128,0.45061,4100000,41
tail-age,128,0.45237,58000000,41
tail-age,128,0.4512,59500000,41
tail-age,128,0.44903,49400000,41
tail-age,128,0.45089,46000000,41
tail-age,128,0.45036,45400000,41
tail-age,128,0.4517,44100000,41
tail-age,128,0.45149,4500000,41
tail-age,128,0.45188,69100000,41
tail-age,128,0.45221,74600000,41
tail-age,128,0.44754,53700000,41
tail-age,128,0.44887,41000000,41
tail-age,128,0.45003,38600000,41
tail-age,128,0.45107,28100000,41
tail-age,128,0.45046,60700000,41
tail-age,128,0.44877,63600000,41
tail-age,128,0.45224,68600000,41
tail-age,128,0.4519,78600000,41
tail-age,128,0.44821,71900000,41
tail-age,128,0.45113,48800000,41
tail-age,128,0.4506,10600000,41
tail-age,128,0.45211,14100000,41
tail-age,128,0.45041,55500000,41
tail-age,128,0.45018,68000000,41
tail-age,128,0.45072,48000000,41
tail-age,128,0.45266,26500000,41
tail-age,128,0.45127,12600000,41
tail-age,128,0.45184,70300000,41
tail-age,128,0.45395,53600000,41
tail-age,128,0.45265,47200000,41
tail-age,128,0.45,33800000,41
tail-age,128,0.44996,18800000,41
tail-age,128,0.4488,67500000,41
tail-age,128,0.45171,78300000,41
tail-age,128,0.44957,53400000,41
tail-age,128,0.45191,27500000,41
tail-age,128,0.45126,1500000,41
tail-age,128,0.44774,15200000,41
tail-age,128,0.45057,24300000,41
tail-age,128,0.44995,64900000,41
tail-age,128,0.4496,61800000,41
tail-age,128,0.45193,49700000,41
tail-age,128,0.45133,29400000,41
tail-age,128,0.44925,9300000,41
tail-age,128,0.45091,9100000,41
tail-age,128,0.44973,6000000,41
tail-age,128,0.45375,17400000,41
tail-age,128,0.45142,76100000,41
tail-age,128,0.45234,71200000,41
tail-age,128,0.44888,45000000,41
tail-age,128,0.45123,60600000,41
tail-age,128,0.45007,76200000,41
tail-age,128,0.64834,200000,41
tail-age,128,0.44914,12700000,41
tail-age,128,0.4478,62200000,41
tail-age,128,0.45033,63800000,41
tail-age,128,0.44985,67900000,41
tail-age,128,0.44926,33600000,41
tail-age,128,0.44921,27600000,41
tail-age,128,0.45089,30600000,41
tail-age,128,0.45004,28900000,41
tail-age,128,0.4517,26100000,41
tail-age,128,0.45018,15000000,41
tail-age,128,0.44969,61000000,41
tail-age,128,0.451,66800000,41
tail-age,128,0.45145,35900000,41
tail-age,128,0.45091,6100000,41
tail-age,128,0.44829,14300000,41
tail-age,128,0.45322,62900000,41
tail-age,128,0.45194,63700000,41
tail-age,128,0.45232,47800000,41
tail-age,128,0.44922,42900000,41
tail-age,128,0.44825,46300000,41
disabled,64,0.56552,51300000,13
disabled,64,0.5655,46200000,13
disabled,64,0.56541,40500000,13
disabled,64,0.56305,33300000,13
disabled,64,0.56392,31400000,13
disabled,64,0.5658,3800000,13
disabled,64,0.56735,37000000,13
disabled,64,0.0,0,13
disabled,64,0.57386,400000,13
disabled,64,0.56774,3500000,13
disabled,64,0.56449,4900000,13
disabled,64,0.56616,54600000,13
disabled,64,0.56367,73100000,13
disabled,64,0.56448,75300000,13
disabled,64,0.56369,36600000,13
disabled,64,0.56656,30400000,13
disabled,64,0.56574,30200000,13
disabled,64,0.56364,29000000,13
disabled,64,0.56664,24700000,13
disabled,64,0.56371,54500000,13
disabled,64,0.56473,43800000,13
disabled,64,0.56655,33900000,13
disabled,64,0.5642,71000000,13
disabled,64,0.5632,79400000,13
disabled,64,0.56249,36900000,13
disabled,64,0.5666,26400000,13
disabled,64,0.56764,11500000,13
disabled,64,0.56533,9500000,13
disabled,64,0.56379,22900000,13
disabled,64,0.56332,23800000,13
disabled,64,0.56296,62300000,13
disabled,64,0.56672,65000000,13
disabled,64,0.56504,49600000,13
disabled,64,0.5619,42700000,13
disabled,64,0.56463,28600000,13
disabled,64,0.56531,9200000,13
disabled,64,0.56443,1000000,13
disabled,64,0.56532,65500000,13
disabled,64,0.56385,43300000,13
disabled,64,0.56266,40400000,13
disabled,64,0.56447,32300000,13
disabled,64,0.56325,7800000,13
disabled,64,0.5627,23000000,13
disabled,64,0.56495,55600000,13
disabled,64,0.56564,60200000,13
disabled,64,0.56579,1100000,13
disabled,64,0.56424,5400000,13
disabled,64,0.56501,22300000,13
disabled,64,0.56428,55800000,13
disabled,64,0.56315,77900000,13
disabled,64,0.56263,49900000,13
disabled,64,0.56473,43600000,13
disabled,64,0.56432,2300000,13
disabled,64,0.56443,54700000,13
disabled,64,0.56627,56700000,13
disabled,64,0.56593,72500000,13
disabled,64,0.56644,74000000,13
disabled,64,0.56335,53100000,13
disabled,64,0.56454,41700000,13
disabled,64,0.56498,34200000,13
disabled,64,0.56402,27000000,13
disabled,64,0.56422,12500000,13
disabled,64,0.56653,8700000,13
disabled,64,0.56401,60100000,13
disabled,64,0.56467,69200000,13
disabled,64,0.56639,73500000,13
disabled,64,0.56635,46800000,13
disabled,64,0.56375,31900000,13
disabled,64,0.56236,28200000,13
disabled,64,0.56654,1800000,13
disabled,64,0.56482,69800000,13
disabled,64,0.56421,72300000,13
disabled,64,0.56561,79100000,13
disabled,64,0.56531,79600000,13
disabled,64,0.56353,48300000,13
disabled,64,0.56574,39400000,13
disabled,64,0.5644,7600000,13
disabled,64,0.56634,2200000,13
disabled,64,0.60595,300000,13
disabled,64,0.56369,14800000,13
disabled,64,0.56688,16700000,13
disabled,64,0.56432,22100000,13
disabled,64,0.56347,79800000,13
disabled,64,0.56549,47900000,13
disabled,64,0.56303,47700000,13
disabled,64,0.56171,40900000,13
disabled,64,0.56272,20100000,13
disabled,64,0.56511,20300000,13
disabled,64,0.56374,57500000,13
disabled,64,0.56501,63000000,13
disabled,64,0.5663,71500000,13
disabled,64,0.56655,8100000,13
disabled,64,0.56251,2900000,13
disabled,64,0.56543,14000000,13
disabled,64,0.56598,22200000,13
disabled,64,0.5636,55300000,13
disabled,64,0.56456,57400000,13
disabled,64,0.56582,67200000,13
disabled,64,0.56269,70200000,13
disabled,64,0.56242,72100000,13
disabled,64,0.56143,78400000,13
disabled,64,0.56286,26800000,13
disabled,64,0.56206,65800000,13
disabled,64,0.56447,67100000,13
disabled,64,0.56488,37200000,13
disabled,64,0.56362,10900000,13
disabled,64,0.56375,16300000,13
disabled,64,0.56565,22400000,13
disabled,64,0.56472,71800000,13
disabled,64,0.56481,72400000,13
disabled,64,0.56256,50800000,13
disabled,64,0.56595,38500000,13
disabled,64,0.56441,29600000,13
disabled,64,0.56537,28500000,13
disabled,64,0.56439,26700000,13
disabled,64,0.565,75800000,13
disabled,64,0.56504,23900000,13
disabled,64,0.56419,59200000,13
disabled,64,0.5646,47500000,13
disabled,64,0.56299,42600000,13
disabled,64,0.56322,35300000,13
disabled,64,0.5645,30700000,13
disabled,64,0.56568,72900000,13
disabled,64,0.56371,73800000,13
disabled,64,0.56274,52100000,13
disabled,64,0.56489,38300000,13
disabled,64,0.56271,42800000,13
disabled,64,0.5641,12300000,13
disabled,64,0.56356,6300000,13
disabled,64,0.56441,64300000,13
disabled,64,0.56506,75400000,13
disabled,64,0.56519,75700000,13
disabled,64,0.56481,45200000,13
disabled,64,0.56657,41900000,13
disabled,64,0.56493,37700000,13
disabled,64,0.56567,30300000,13
disabled,64,0.56388,54200000,13
disabled,64,0.56338,55100000,13
disabled,64,0.56686,57900000,13
disabled,64,0.56213,59400000,13
disabled,64,0.56395,70400000,13
disabled,64,0.5665,47000000,13
disabled,64,0.56443,43100000,13
disabled,64,0.56689,35800000,13
disabled,64,0.56621,2000000,13
disabled,64,0.56447,1700000,13
disabled,64,0.5642,1200000,13
disabled,64,0.56477,5600000,13
disabled,64,0.56367,15500000,13
disabled,64,0.56445,20000000,13
disabled,64,0.56441,78100000,13
disabled,64,0.56381,12400000,13
disabled,64,0.56513,8900000,13
disabled,64,0.56265,24200000,13
disabled,64,0.56384,54300000,13
disabled,64,0.56548,58700000,13
disabled,64,0.56359,60000000,13
disabled,64,0.56562,64500000,13
disabled,64,0.56305,48900000,13
disabled,64,0.56509,42200000,13
disabled,64,0.56261,11800000,13
disabled,64,0.56298,17300000,13
disabled,64,0.5644,20900000,13
disabled,64,0.56534,57600000,13
disabled,64,0.5669,63500000,13
disabled,64,0.56558,66900000,13
disabled,64,0.56382,77100000,13
disabled,64,0.56497,31300000,13
disabled,64,0.5643,44900000,13
disabled,64,0.56539,41800000,13
disabled,64,0.56516,39100000,13
disabled,64,0.56421,11300000,13
disabled,64,0.56301,10200000,13
disabled,64,0.56568,1400000,13
disabled,64,0.56512,23300000,13
disabled,64,0.5649,46400000,13
disabled,64,0.56252,31700000,13
disabled,64,0.56293,31000000,13
disabled,64,0.56532,73700000,13
disabled,64,0.56694,61100000,13
disabled,64,0.56543,11100000,13
disabled,64,0.56493,19400000,13
disabled,64,0.56466,57000000,13
disabled,64,0.56613,70700000,13
disabled,64,0.56654,48100000,13
disabled,64,0.56412,69700000,13
disabled,64,0.56644,36100000,13
disabled,64,0.56395,32400000,13
disabled,64,0.56402,18700000,13
disabled,64,0.5637,64200000,13
disabled,64,0.56567,64400000,13
disabled,64,0.56591,73000000,13
disabled,64,0.56283,79000000,13
disabled,64,0.56413,40700000,13
disabled,64,0.56387,6700000,13
disabled,64,0.56291,4200000,13
disabled,64,0.56472,16900000,13
disabled,64,0.56585,50400000,13
disabled,64,0.56548,41600000,13
disabled,64,0.56123,38900000,13
disabled,64,0.56435,37800000,13
disabled,64,0.566,29200000,13
disabled,64,0.56311,29100000,13
disabled,64,0.56328,10300000,13
disabled,64,0.564,5700000,13
disabled,64,0.56243,54100000,13
disabled,64,0.56102,45100000,13
disabled,64,0.56317,43900000,13
disabled,64,0.56331,33100000,13
disabled,64,0.56518,63100000,13
disabled,64,0.56507,53900000,13
disabled,64,0.56407,50700000,13
disabled,64,0.564,900000,13
disabled,64,0.56353,18900000,13
disabled,64,0.56325,21200000,13
disabled,64,0.567,21300000,13
disabled,64,0.56452,57100000,13
disabled,64,0.56539,55900000,13
disabled,64,0.56384,56900000,13
disabled,64,0.5658,70100000,13
disabled,64,0.56221,79900000,13
disabled,64,0.5641,37300000,13
disabled,64,0.56429,53800000,13
disabled,64,0.56531,51200000,13
disabled,64,0.56409,45700000,13
disabled,64,0.56425,27800000,13
disabled,64,0.56266,26000000,13
disabled,64,0.56554,19100000,13
disabled,64,0.56236,21800000,13
disabled,64,0.56504,61700000,13
disabled,64,0.56369,51500000,13
disabled,64,0.56342,38000000,13
disabled,64,0.56471,29800000,13
disabled,64,0.56552,4000000,13
disabled,64,0.56405,4300000,13
disabled,64,0.56376,20200000,13
disabled,64,0.5632,22700000,13
disabled,64,0.56284,65400000,13
disabled,64,0.56606,10700000,13
disabled,64,0.56461,2700000,13
disabled,64,0.5637,15100000,13
disabled,64,0.56734,15400000,13
disabled,64,0.56311,19000000,13
disabled,64,0.56503,73200000,13
disabled,64,0.56553,76700000,13
disabled,64,0.56481,78700000,13
disabled,64,0.56736,79700000,13
disabled,64,0.56425,31600000,13
disabled,64,0.56337,49100000,13
disabled,64,0.56342,42100000,13
disabled,64,0.56669,47300000,13
disabled,64,0.56348,27200000,13
disabled,64,0.56595,11900000,13
disabled,64,0.56648,25600000,13
disabled,64,0.56292,32600000,13
disabled,64,0.56322,6400000,13
disabled,64,0.56576,23400000,13
disabled,64,0.56278,59000000,13
disabled,64,0.56285,62100000,13
disabled,64,0.56448,68900000,13
disabled,64,0.56342,13900000,13
disabled,64,0.56388,17800000,13
disabled,64,0.56476,52900000,13
disabled,64,0.56385,43500000,13
disabled,64,0.56286,3000000,13
disabled,64,0.56495,19200000,13
disabled,64,0.56452,45500000,13
disabled,64,0.56346,4800000,13
disabled,64,0.56313,19600000,13
disabled,64,0.56468,72000000,13
disabled,64,0.56229,75200000,13
disabled,64,0.56393,48400000,13
disabled,64,0.56641,44500000,13
disabled,64,0.56384,34500000,13
disabled,64,0.56414,65100000,13
disabled,64,0.56362,73300000,13
disabled,64,0.56581,79500000,13
disabled,64,0.56641,61200000,13
disabled,64,0.56352,50000000,13
disabled,64,0.56278,36300000,13
disabled,64,0.56477,7900000,13
disabled,64,0.56386,5100000,13
disabled,64,0.56511,74200000,13
disabled,64,0.56167,49300000,13
disabled,64,0.56647,46900000,13
disabled,64,0.56412,6500000,13
disabled,64,0.56275,2600000,13
disabled,64,0.56357,64600000,13
disabled,64,0.56359,53500000,13
disabled,64,0.56318,52800000,13
disabled,64,0.56419,52400000,13
disabled,64,0.56336,51900000,13
disabled,64,0.56381,41500000,13
disabled,64,0.56684,38200000,13
disabled,64,0.56597,31800000,13
disabled,64,0.56525,29300000,13
disabled,64,0.5628,26900000,13
disabled,64,0.56579,69600000,13
disabled,64,0.56301,62800000,13
disabled,64,0.56396,51400000,13
disabled,64,0.56602,7000000,13
disabled,64,0.5642,3600000,13
disabled,64,0.56243,14200000,13
disabled,64,0.56313,55000000,13
disabled,64,0.56492,74500000,13
disabled,64,0.56423,50600000,13
disabled,64,0.56599,30100000,13
disabled,64,0.56542,56300000,13
disabled,64,0.56393,37900000,13
disabled,64,0.56459,12000000,13
disabled,64,0.56656,6900000,13
disabled,64,0.56579,58100000,13
disabled,64,0.56527,58600000,13
disabled,64,0.5638,60300000,13
disabled,64,0.56495,43200000,13
disabled,64,0.56451,10000000,13
disabled,64,0.56357,3900000,13
disabled,64,0.5619,25200000,13
disabled,64,0.56276,56600000,13
disabled,64,0.56486,59700000,13
disabled,64,0.56438,39600000,13
disabled,64,0.56643,5200000,13
disabled,64,0.5644,59100000,13
disabled,64,0.56582,59300000,13
disabled,64,0.56356,66200000,13
disabled,64,0.56334,68400000,13
disabled,64,0.56591,71700000,13
disabled,64,0.56325,72700000,13
disabled,64,0.56422,74100000,13
disabled,64,0.56489,62700000,13
disabled,64,0.56489,17900000,13
disabled,64,0.56597,35100000,13
disabled,64,0.56158,43000000,13
disabled,64,0.56166,22500000,13
disabled,64,0.56292,60500000,13
disabled,64,0.56334,70900000,13
disabled,64,0.56485,76400000,13
disabled,64,0.56497,36200000,13
disabled,64,0.56435,32500000,13
disabled,64,0.56389,26200000,13
disabled,64,0.56574,61300000,13
disabled,64,0.56386,76300000,13
disabled,64,0.56308,46700000,13
disabled,64,0.5655,36800000,13
disabled,64,0.56592,33400000,13
disabled,64,0.56545,13400000,13
disabled,64,0.56271,17600000,13
disabled,64,0.56577,69400000,13
disabled,64,0.56515,47100000,13
disabled,64,0.56506,42000000,13
disabled,64,0.56637,37400000,13
disabled,64,0.56411,28700000,13
disabled,64,0.56638,12100000,13
disabled,64,0.5627,9900000,13
disabled,64,0.565,13300000,13
disabled,64,0.56315,21700000,13
disabled,64,0.56291,78200000,13
disabled,64,0.56256,53200000,13
disabled,64,0.56433,52600000,13
disabled,64,0.56421,32100000,13
disabled,64,0.56514,31500000,13
disabled,64,0.56383,14700000,13
disabled,64,0.56365,15900000,13
disabled,64,0.56467,66500000,13
disabled,64,0.56387,37600000,13
disabled,64,0.56359,61400000,13
disabled,64,0.56344,61900000,13
disabled,64,0.56283,65900000,13
disabled,64,0.5649,3100000,13
disabled,64,0.5624,17000000,13
disabled,64,0.56237,18000000,13
disabled,64,0.56575,58900000,13
disabled,64,0.56475,70500000,13
disabled,64,0.56185,70800000,13
disabled,64,0.56508,16000000,13
disabled,64,0.56446,13700000,13
disabled,64,0.5641,44700000,13
disabled,64,0.56349,39500000,13
disabled,64,0.566,40000000,13
disabled,64,0.56542,38800000,13
disabled,64,0.56627,35500000,13
disabled,64,0.56396,27300000,13
disabled,64,0.56566,3700000,13
disabled,64,0.56401,12800000,13
disabled,64,0.56382,14600000,13
disabled,64,0.56346,74400000,13
disabled,64,0.56502,72200000,13
disabled,64,0.56354,46600000,13
disabled,64,0.5648,46500000,13
disabled,64,0.56393,36700000,13
disabled,64,0.56374,32000000,13
disabled,64,0.56337,63200000,13
disabled,64,0.56489,68800000,13
disabled,64,0.56436,9400000,13
disabled,64,0.56579,1900000,13
disabled,64,0.56347,800000,13
disabled,64,0.56636,4400000,13
disabled,64,0.56176,16400000,13
disabled,64,0.56272,68300000,13
disabled,64,0.56499,73600000,13
disabled,64,0.56499,75000000,13
disabled,64,0.5654,76500000,13
disabled,64,0.56738,34000000,13
disabled,64,0.5658,49200000,13
disabled,64,0.56377,31200000,13
disabled,64,0.56455,25000000,13
disabled,64,0.56586,25100000,13
disabled,64,0.56446,28400000,13
disabled,64,0.5647,2800000,13
disabled,64,0.56462,700000,13
disabled,64,0.56349,13800000,13
disabled,64,0.56263,22600000,13
disabled,64,0.56358,23500000,13
disabled,64,0.56335,42300000,13
disabled,64,0.56501,40200000,13
disabled,64,0.56278,500000,13
disabled,64,0.56431,17500000,13
disabled,64,0.56427,23100000,13
disabled,64,0.56371,55700000,13
disabled,64,0.56596,65200000,13
disabled,64,0.56528,77600000,13
disabled,64,0.56584,12200000,13
disabled,64,0.56204,41100000,13
disabled,64,0.56492,44200000,13
disabled,64,0.56488,33200000,13
disabled,64,0.56528,30500000,13
disabled,64,0.56368,2100000,13
disabled,64,0.56423,56800000,13
disabled,64,0.56231,59600000,13
disabled,64,0.56305,67700000,13
disabled,64,0.56458,73400000,13
disabled,64,0.56411,41400000,13
disabled,64,0.5641,39800000,13
disabled,64,0.56493,34800000,13
disabled,64,0.5654,25900000,13
disabled,64,0.56549,18100000,13
disabled,64,0.56424,64700000,13
disabled,64,0.56567,48200000,13
disabled,64,0.56407,12900000,13
disabled,64,0.56627,30800000,13
disabled,64,0.56463,8500000,13
disabled,64,0.56462,8000000,13
disabled,64,0.56429,50300000,13
disabled,64,0.56559,45900000,13
disabled,64,0.56488,17700000,13
disabled,64,0.56702,24100000,13
disabled,64,0.56528,66700000,13
disabled,64,0.56372,35700000,13
disabled,64,0.56578,6600000,13
disabled,64,0.56475,16600000,13
disabled,64,0.5642,34600000,13
disabled,64,0.56476,28800000,13
disabled,64,0.56473,20500000,13
disabled,64,0.56379,20800000,13
disabled,64,0.56285,24000000,13
disabled,64,0.56575,56000000,13
disabled,64,0.56286,66600000,13
disabled,64,0.56525,72600000,13
disabled,64,0.56323,40300000,13
disabled,64,0.56488,7700000,13
disabled,64,0.56388,7500000,13
disabled,64,0.56428,21600000,13
disabled,64,0.56337,74700000,13
disabled,64,0.56761,28000000,13
disabled,64,0.56408,8600000,13
disabled,64,0.56316,24500000,13
disabled,64,0.56477,77500000,13
disabled,64,0.56471,50900000,13
disabled,64,0.56547,45300000,13
disabled,64,0.56565,56500000,13
disabled,64,0.56301,58500000,13
disabled,64,0.56457,75500000,13
disabled,64,0.56496,78500000,13
disabled,64,0.56167,23700000,13
disabled,64,0.56447,24400000,13
disabled,64,0.56564,54000000,13
disabled,64,0.56232,40100000,13
disabled,64,0.56205,7200000,13
disabled,64,0.56505,16200000,13
disabled,64,0.56504,63300000,13
disabled,64,0.56404,75600000,13
disabled,64,0.56502,47600000,13
disabled,64,0.56267,26600000,13
disabled,64,0.56417,7300000,13
disabled,64,0.56685,15300000,13
disabled,64,0.56769,21400000,13
disabled,64,0.56617,57800000,13
disabled,64,0.56459,33500000,13
disabled,64,0.56469,56400000,13
disabled,64,0.56603,66000000,13
disabled,64,0.56422,71300000,13
disabled,64,0.56237,13200000,13
disabled,64,0.56541,30900000,13
disabled,64,0.56408,10500000,13
disabled,64,0.56457,7400000,13
disabled,64,0.56686,22000000,13
disabled,64,0.5658,55200000,13
disabled,64,0.56386,50200000,13
disabled,64,0.56481,42500000,13
disabled,64,0.56304,600000,13
disabled,64,0.56435,3300000,13
disabled,64,0.56537,4600000,13
disabled,64,0.56407,21000000,13
disabled,64,0.56493,54400000,13
disabled,64,0.56233,58200000,13
disabled,64,0.5648,49500000,13
disabled,64,0.5653,10100000,13
disabled,64,0.56493,9800000,13
disabled,64,0.56377,9700000,13
disabled,64,0.5658,16800000,13
disabled,64,0.5643,19500000,13
disabled,64,0.56129,64800000,13
disabled,64,0.56322,77800000,13
disabled,64,0.56519,78800000,13
disabled,64,0.56364,53300000,13
disabled,64,0.56464,47400000,13
disabled,64,0.56368,9600000,13
disabled,64,0.56495,4700000,13
disabled,64,0.56426,17200000,13
disabled,64,0.56459,20400000,13
disabled,64,0.56524,25400000,13
disabled,64,0.56342,71400000,13
disabled,64,0.56813,70600000,13
disabled,64,0.56458,51600000,13
disabled,64,0.56504,36400000,13
disabled,64,0.56639,9000000,13
disabled,64,0.56448,6200000,13
disabled,64,0.56302,22800000,13
disabled,64,0.56559,55400000,13
disabled,64,0.56398,51000000,13
disabled,64,0.56565,37500000,13
disabled,64,0.5637,29900000,13
disabled,64,0.56296,32900000,13
disabled,64,0.5658,11400000,13
disabled,64,0.56301,10800000,13
disabled,64,0.56455,23200000,13
disabled,64,0.56359,61600000,13
disabled,64,0.56262,76000000,13
disabled,64,0.56522,76800000,13
disabled,64,0.56205,77700000,13
disabled,64,0.5675,17100000,13
disabled,64,0.5645,16100000,13
disabled,64,0.56292,51800000,13
disabled,64,0.56355,45600000,13
disabled,64,0.56582,32700000,13
disabled,64,0.56334,31100000,13
disabled,64,0.56344,11700000,13
disabled,64,0.56448,25300000,13
disabled,64,0.56451,38700000,13
disabled,64,0.56451,13100000,13
disabled,64,0.56491,65700000,13
disabled,64,0.56248,39900000,13
disabled,64,0.56489,34100000,13
disabled,64,0.56615,32200000,13
disabled,64,0.56404,29700000,13
disabled,64,0.56329,62000000,13
disabled,64,0.56224,78000000,13
disabled,64,0.56498,44400000,13
disabled,64,0.56416,27900000,13
disabled,64,0.56447,5500000,13
disabled,64,0.56596,13000000,13
disabled,64,0.56559,21900000,13
disabled,64,0.56551,64000000,13
disabled,64,0.56445,69300000,13
disabled,64,0.56473,75100000,13
disabled,64,0.56171,49000000,13
disabled,64,0.56418,52300000,13
disabled,64,0.56682,34700000,13
disabled,64,0.56104,26300000,13
disabled,64,0.56364,8800000,13
disabled,64,0.56407,3400000,13
disabled,64,0.5624,19900000,13
disabled,64,0.56326,25500000,13
disabled,64,0.56399,77200000,13
disabled,64,0.56416,44000000,13
disabled,64,0.56379,62400000,13
disabled,64,0.56342,67800000,13
disabled,64,0.56267,72800000,13
disabled,64,0.56606,76900000,13
disabled,64,0.56394,43700000,13
disabled,64,0.56481,38400000,13
disabled,64,0.5654,6800000,13
disabled,64,0.56404,54800000,13
disabled,64,0.56485,65600000,13
disabled,64,0.56307,67400000,13
disabled,64,0.56369,68100000,13
disabled,64,0.56441,77400000,13
disabled,64,0.5647,69500000,13
disabled,64,0.56427,42400000,13
disabled,64,0.56631,41200000,13
disabled,64,0.56564,39700000,13
disabled,64,0.56272,11600000,13
disabled,64,0.5641,7100000,13
disabled,64,0.56383,69900000,13
disabled,64,0.56481,52500000,13
disabled,64,0.56494,51100000,13
disabled,64,0.56523,8400000,13
disabled,64,0.56436,56100000,13
disabled,64,0.56479,63900000,13
disabled,64,0.56206,40600000,13
disabled,64,0.56533,14900000,13
disabled,64,0.5613,77000000,13
disabled,64,0.56294,61500000,13
disabled,64,0.56272,52200000,13
disabled,64,0.56581,2500000,13
disabled,64,0.56369,18500000,13
disabled,64,0.56476,68700000,13
disabled,64,0.56311,75900000,13
disabled,64,0.56135,43400000,13
disabled,64,0.56251,37100000,13
disabled,64,0.56387,36000000,13
disabled,64,0.56395,34400000,13
disabled,64,0.56356,62600000,13
disabled,64,0.56325,51700000,13
disabled,64,0.56444,39000000,13
disabled,64,0.56377,33700000,13
disabled,64,0.56356,29500000,13
disabled,64,0.56489,8200000,13
disabled,64,0.73732,100000,13
disabled,64,0.56272,24600000,13
disabled,64,0.56368,59900000,13
disabled,64,0.56735,65300000,13
disabled,64,0.56177,48600000,13
disabled,64,0.56542,48500000,13
disabled,64,0.5641,5300000,13
disabled,64,0.56464,63400000,13
disabled,64,0.56719,66400000,13
disabled,64,0.56529,35600000,13
disabled,64,0.56201,32800000,13
disabled,64,0.5617,27400000,13
disabled,64,0.56285,1300000,13
disabled,64,0.56394,24900000,13
disabled,64,0.56559,58300000,13
disabled,64,0.56407,66100000,13
disabled,64,0.56427,70000000,13
disabled,64,0.56496,71600000,13
disabled,64,0.56484,77300000,13
disabled,64,0.56619,60900000,13
disabled,64,0.5658,35200000,13
disabled,64,0.5666,28300000,13
disabled,64,0.56476,15700000,13
disabled,64,0.56462,79300000,13
disabled,64,0.5639,41300000,13
disabled,64,0.56494,35400000,13
disabled,64,0.56308,11200000,13
disabled,64,0.56587,15800000,13
disabled,64,0.56327,56200000,13
disabled,64,0.56514,69000000,13
disabled,64,0.56362,25800000,13
disabled,64,0.56411,5000000,13
disabled,64,0.56349,19800000,13
disabled,64,0.56315,57700000,13
disabled,64,0.56566,74300000,13
disabled,64,0.56548,79200000,13
disabled,64,0.56548,35000000,13
disabled,64,0.56484,34300000,13
disabled,64,0.56639,30000000,13
disabled,64,0.5635,11000000,13
disabled,64,0.56526,18200000,13
disabled,64,0.56511,21100000,13
disabled,64,0.56444,24800000,13
disabled,64,0.56788,57200000,13
disabled,64,0.56335,68200000,13
disabled,64,0.56215,2400000,13
disabled,64,0.56478,20700000,13
disabled,64,0.5643,44300000,13
disabled,64,0.56557,36500000,13
disabled,64,0.56511,15600000,13
disabled,64,0.56295,18400000,13
disabled,64,0.56578,23600000,13
disabled,64,0.56474,67300000,13
disabled,64,0.56506,68500000,13
disabled,64,0.56327,52000000,13
disabled,64,0.56743,46100000,13
disabled,64,0.56621,27700000,13
disabled,64,0.56488,25700000,13
disabled,64,0.56435,5900000,13
disabled,64,0.56568,20600000,13
disabled,64,0.56419,66300000,13
disabled,64,0.5644,71100000,13
disabled,64,0.56278,33000000,13
disabled,64,0.56404,60400000,13
disabled,64,0.56376,73900000,13
disabled,64,0.56478,67600000,13
disabled,64,0.56461,50500000,13
disabled,64,0.56481,49800000,13
disabled,64,0.56617,44600000,13
disabled,64,0.56303,3200000,13
disabled,64,0.56558,13500000,13
disabled,64,0.56327,18300000,13
disabled,64,0.56399,18600000,13
disabled,64,0.56403,13600000,13
disabled,64,0.56745,16500000,13
disabled,64,0.56472,57300000,13
disabled,64,0.56349,53000000,13
disabled,64,0.5633,48700000,13
disabled,64,0.56457,39200000,13
disabled,64,0.56383,10400000,13
disabled,64,0.56477,14500000,13
disabled,64,0.56429,64100000,13
disabled,64,0.56253,60800000,13
disabled,64,0.56374,44800000,13
disabled,64,0.56625,27100000,13
disabled,64,0.56603,19700000,13
disabled,64,0.56461,67000000,13
disabled,64,0.56836,74800000,13
disabled,64,0.56686,78900000,13
disabled,64,0.56435,45800000,13
disabled,64,0.5668,8300000,13
disabled,64,0.56562,14400000,13
disabled,64,0.56429,21500000,13
disabled,64,0.56384,58800000,13
disabled,64,0.56509,62500000,13
disabled,64,0.56401,52700000,13
disabled,64,0.56319,39300000,13
disabled,64,0.56355,38100000,13
disabled,64,0.56491,19300000,13
disabled,64,0.56432,50100000,13
disabled,64,0.56379,40800000,13
disabled,64,0.56274,54900000,13
disabled,64,0.56334,58400000,13
disabled,64,0.56385,74900000,13
disabled,64,0.56344,1600000,13
disabled,64,0.56463,5800000,13
disabled,64,0.5637,59800000,13
disabled,64,0.56569,76600000,13
disabled,64,0.56517,34900000,13
disabled,64,0.56565,4100000,13
disabled,64,0.56466,58000000,13
disabled,64,0.56341,59500000,13
disabled,64,0.56283,49400000,13
disabled,64,0.56404,46000000,13
disabled,64,0.56361,45400000,13
disabled,64,0.5663,44100000,13
disabled,64,0.56635,4500000,13
disabled,64,0.56506,69100000,13
disabled,64,0.56649,74600000,13
disabled,64,0.56217,53700000,13
disabled,64,0.56348,41000000,13
disabled,64,0.56506,38600000,13
disabled,64,0.5663,28100000,13
disabled,64,0.56562,60700000,13
disabled,64,0.56286,63600000,13
disabled,64,0.56664,68600000,13
disabled,64,0.56586,78600000,13
disabled,64,0.56329,71900000,13
disabled,64,0.56429,48800000,13
disabled,64,0.56431,10600000,13
disabled,64,0.56675,14100000,13
disabled,64,0.56619,55500000,13
disabled,64,0.56349,68000000,13
disabled,64,0.56508,48000000,13
disabled,64,0.56817,26500000,13
disabled,64,0.56438,12600000,13
disabled,64,0.56435,70300000,13
disabled,64,0.5657,53600000,13
disabled,64,0.56667,47200000,13
disabled,64,0.56453,33800000,13
disabled,64,0.56323,18800000,13
disabled,64,0.56312,67500000,13
disabled,64,0.56561,78300000,13
disabled,64,0.56365,53400000,13
disabled,64,0.56505,27500000,13
disabled,64,0.56446,1500000,13
disabled,64,0.56044,15200000,13
disabled,64,0.56499,24300000,13
disabled,64,0.56431,64900000,13
disabled,64,0.56361,61800000,13
disabled,64,0.56609,49700000,13
disabled,64,0.56703,29400000,13
disabled,64,0.56305,9300000,13
disabled,64,0.56385,9100000,13
disabled,64,0.56465,6000000,13
disabled,64,0.56725,17400000,13
disabled,64,0.56499,76100000,13
disabled,64,0.56531,71200000,13
disabled,64,0.56219,45000000,13
disabled,64,0.56293,60600000,13
disabled,64,0.56358,76200000,13
disabled,64,0.64834,200000,13
disabled,64,0.56212,12700000,13
disabled,64,0.56107,62200000,13
disabled,64,0.56546,63800000,13
disabled,64,0.56368,67900000,13
disabled,64,0.56415,33600000,13
disabled,64,0.5638,27600000,13
disabled,64,0.56497,30600000,13
disabled,64,0.56345,28900000,13
disabled,64,0.56638,26100000,13
disabled,64,0.56219,15000000,13
disabled,64,0.56286,61000000,13
disabled,64,0.56668,66800000,13
disabled,64,0.56488,35900000,13
disabled,64,0.56269,6100000,13
disabled,64,0.56323,14300000,13
disabled,64,0.56613,62900000,13
disabled,64,0.56551,63700000,13
disabled,64,0.56451,47800000,13
disabled,64,0.56276,42900000,13
disabled,64,0.56342,46300000,13
disabled,128,0.45261,51300000,41
disabled,128,0.45143,46200000,41
disabled,128,0.45149,40500000,41
disabled,128,0.45074,33300000,41
disabled,128,0.45034,31400000,41
disabled,128,0.45007,3800000,41
disabled,128,0.45458,37000000,41
disabled,128,0.0,0,41
disabled,128,0.57264,400000,41
disabled,128,0.4529,3500000,41
disabled,128,0.44929,4900000,41
disabled,128,0.45248,54600000,41
disabled,128,0.45095,73100000,41
disabled,128,0.4523,75300000,41
disabled,128,0.45027,36600000,41
disabled,128,0.45212,30400000,41
disabled,128,0.45154,30200000,41
disabled,128,0.45086,29000000,41
disabled,128,0.4535,24700000,41
disabled,128,0.44984,54500000,41
disabled,128,0.45286,43800000,41
disabled,128,0.45365,33900000,41
disabled,128,0.45198,71000000,41
disabled,128,0.44983,79400000,41
disabled,128,0.4473,36900000,41
disabled,128,0.45285,26400000,41
disabled,128,0.45315,11500000,41
disabled,128,0.45125,9500000,41
disabled,128,0.45104,22900000,41
disabled,128,0.44972,23800000,41
disabled,128,0.44959,62300000,41
disabled,128,0.45358,65000000,41
disabled,128,0.45417,49600000,41
disabled,128,0.4485,42700000,41
disabled,128,0.45016,28600000,41
disabled,128,0.45337,9200000,41
disabled,128,0.45302,1000000,41
disabled,128,0.4517,65500000,41
disabled,128,0.44971,43300000,41
disabled,128,0.44998,40400000,41
disabled,128,0.45071,32300000,41
disabled,128,0.45061,7800000,41
disabled,128,0.44991,23000000,41
disabled,128,0.45174,55600000,41
disabled,128,0.45163,60200000,41
disabled,128,0.45135,1100000,41
disabled,128,0.45119,5400000,41
disabled,128,0.45057,22300000,41
disabled,128,0.45007,55800000,41
disabled,128,0.44835,77900000,41
disabled,128,0.44925,49900000,41
disabled,128,0.45166,43600000,41
disabled,128,0.44964,2300000,41
disabled,128,0.45046,54700000,41
disabled,128,0.4515,56700000,41
disabled,128,0.45216,72500000,41
disabled,128,0.45086,74000000,41
disabled,128,0.45018,53100000,41
disabled,128,0.45325,41700000,41
disabled,128,0.44986,34200000,41
disabled,128,0.44926,27000000,41
disabled,128,0.45065,12500000,41
disabled,128,0.45117,8700000,41
disabled,128,0.45005,60100000,41
disabled,128,0.45011,69200000,41
disabled,128,0.45205,73500000,41
disabled,128,0.45221,46800000,41
disabled,128,0.45129,31900000,41
disabled,128,0.4495,28200000,41
disabled,128,0.45418,1800000,41
disabled,128,0.45047,69800000,41
disabled,128,0.45153,72300000,41
disabled,128,0.45197,79100000,41
disabled,128,0.45199,79600000,41
disabled,128,0.44824,48300000,41
disabled,128,0.45015,39400000,41
disabled,128,0.45071,7600000,41
disabled,128,0.45052,2200000,41
disabled,128,0.60595,300000,41
disabled,128,0.44983,14800000,41
disabled,128,0.45171,16700000,41
disabled,128,0.45037,22100000,41
disabled,128,0.44951,79800000,41
disabled,128,0.45106,47900000,41
disabled,128,0.44916,47700000,41
disabled,128,0.44821,40900000,41
disabled,128,0.45086,20100000,41
disabled,128,0.45222,20300000,41
disabled,128,0.44917,57500000,41
disabled,128,0.4499,63000000,41
disabled,128,0.45173,71500000,41
disabled,128,0.45254,8100000,41
disabled,128,0.44915,2900000,41
disabled,128,0.45004,14000000,41
disabled,128,0.45173,22200000,41
disabled,128,0.44949,55300000,41
disabled,128,0.45036,57400000,41
disabled,128,0.45229,67200000,41
disabled,128,0.45013,70200000,41
disabled,128,0.44967,72100000,41
disabled,128,0.44911,78400000,41
disabled,128,0.44978,26800000,41
disabled,128,0.44906,65800000,41
disabled,128,0.452,67100000,41
disabled,128,0.45004,37200000,41
disabled,128,0.45121,10900000,41
disabled,128,0.45276,16300000,41
disabled,128,0.45288,22400000,41
disabled,128,0.45138,71800000,41
disabled,128,0.44993,72400000,41
disabled,128,0.44877,50800000,41
disabled,128,0.4509,38500000,41
disabled,128,0.45207,29600000,41
disabled,128,0.45048,28500000,41
disabled,128,0.45038,26700000,41
disabled,128,0.45128,75800000,41
disabled,128,0.45132,23900000,41
disabled,128,0.45079,59200000,41
disabled,128,0.4487,47500000,41
disabled,128,0.44865,42600000,41
disabled,128,0.4488,35300000,41
disabled,128,0.45194,30700000,41
disabled,128,0.45189,72900000,41
disabled,128,0.45029,73800000,41
disabled,128,0.44982,52100000,41
disabled,128,0.44997,38300000,41
disabled,128,0.45032,42800000,41
disabled,128,0.45006,12300000,41
disabled,128,0.45054,6300000,41
disabled,128,0.45076,64300000,41
disabled,128,0.45264,75400000,41
disabled,128,0.45074,75700000,41
disabled,128,0.45046,45200000,41
disabled,128,0.45313,41900000,41
disabled,128,0.45209,37700000,41
disabled,128,0.45259,30300000,41
disabled,128,0.44839,54200000,41
disabled,128,0.45105,55100000,41
disabled,128,0.45196,57900000,41
disabled,128,0.448,59400000,41
disabled,128,0.4509,70400000,41
disabled,128,0.45372,47000000,41
disabled,128,0.45141,43100000,41
disabled,128,0.45192,35800000,41
disabled,128,0.45205,2000000,41
disabled,128,0.44893,1700000,41
disabled,128,0.45005,1200000,41
disabled,128,0.45077,5600000,41
disabled,128,0.44999,15500000,41
disabled,128,0.45082,20000000,41
disabled,128,0.45119,78100000,41
disabled,128,0.44964,12400000,41
disabled,128,0.45145,8900000,41
disabled,128,0.45052,24200000,41
disabled,128,0.45018,54300000,41
disabled,128,0.45392,58700000,41
disabled,128,0.4503,60000000,41
disabled,128,0.45017,64500000,41
disabled,128,0.44836,48900000,41
disabled,128,0.45141,42200000,41
disabled,128,0.4503,11800000,41
disabled,128,0.45073,17300000,41
disabled,128,0.45344,20900000,41
disabled,128,0.45166,57600000,41
disabled,128,0.45281,63500000,41
disabled,128,0.451,66900000,41
disabled,128,0.44998,77100000,41
disabled,128,0.44936,31300000,41
disabled,128,0.45155,44900000,41
disabled,128,0.45072,41800000,41
disabled,128,0.45152,39100000,41
disabled,128,0.45131,11300000,41
disabled,128,0.44998,10200000,41
disabled,128,0.45248,1400000,41
disabled,128,0.45177,23300000,41
disabled,128,0.44968,46400000,41
disabled,128,0.44794,31700000,41
disabled,128,0.45118,31000000,41
disabled,128,0.45117,73700000,41
disabled,128,0.45317,61100000,41
disabled,128,0.4541,11100000,41
disabled,128,0.45213,19400000,41
disabled,128,0.45115,57000000,41
disabled,128,0.45074,70700000,41
disabled,128,0.45263,48100000,41
disabled,128,0.44961,69700000,41
disabled,128,0.4526,36100000,41
disabled,128,0.4511,32400000,41
disabled,128,0.44969,18700000,41
disabled,128,0.45073,64200000,41
disabled,128,0.45082,64400000,41
disabled,128,0.45325,73000000,41
disabled,128,0.45021,79000000,41
disabled,128,0.4503,40700000,41
disabled,128,0.45064,6700000,41
disabled,128,0.44927,4200000,41
disabled,128,0.45157,16900000,41
disabled,128,0.45169,50400000,41
disabled,128,0.45143,41600000,41
disabled,128,0.44892,38900000,41
disabled,128,0.45151,37800000,41
disabled,128,0.45113,29200000,41
disabled,128,0.4495,29100000,41
disabled,128,0.45056,10300000,41
disabled,128,0.45044,5700000,41
disabled,128,0.4487,54100000,41
disabled,128,0.44689,45100000,41
disabled,128,0.4478,43900000,41
disabled,128,0.45049,33100000,41
disabled,128,0.452,63100000,41
disabled,128,0.45058,53900000,41
disabled,128,0.45097,50700000,41
disabled,128,0.46561,900000,41
disabled,128,0.44979,18900000,41
disabled,128,0.44961,21200000,41
disabled,128,0.45407,21300000,41
disabled,128,0.45251,57100000,41
disabled,128,0.45082,55900000,41
disabled,128,0.45016,56900000,41
disabled,128,0.4511,70100000,41
disabled,128,0.44928,79900000,41
disabled,128,0.44999,37300000,41
disabled,128,0.45024,53800000,41
disabled,128,0.45108,51200000,41
disabled,128,0.45178,45700000,41
disabled,128,0.44982,27800000,41
disabled,128,0.44823,26000000,41
disabled,128,0.45376,19100000,41
disabled,128,0.45122,21800000,41
disabled,128,0.45057,61700000,41
disabled,128,0.45068,51500000,41
disabled,128,0.44913,38000000,41
disabled,128,0.44976,29800000,41
disabled,128,0.452,4000000,41
disabled,128,0.44901,4300000,41
disabled,128,0.45062,20200000,41
disabled,128,0.45069,22700000,41
disabled,128,0.45157,65400000,41
disabled,128,0.45228,10700000,41
disabled,128,0.45228,2700000,41
disabled,128,0.45181,15100000,41
disabled,128,0.45158,15400000,41
disabled,128,0.44937,19000000,41
disabled,128,0.45052,73200000,41
disabled,128,0.45233,76700000,41
disabled,128,0.45042,78700000,41
disabled,128,0.45198,79700000,41
disabled,128,0.44989,31600000,41
disabled,128,0.44946,49100000,41
disabled,128,0.44916,42100000,41
disabled,128,0.45274,47300000,41
disabled,128,0.45075,27200000,41
disabled,128,0.45193,11900000,41
disabled,128,0.45259,25600000,41
disabled,128,0.44806,32600000,41
disabled,128,0.44782,6400000,41
disabled,128,0.44959,23400000,41
disabled,128,0.45055,59000000,41
disabled,128,0.4498,62100000,41
disabled,128,0.45146,68900000,41
disabled,128,0.44909,13900000,41
disabled,128,0.44989,17800000,41
disabled,128,0.45127,52900000,41
disabled,128,0.45038,43500000,41
disabled,128,0.451,3000000,41
disabled,128,0.44939,19200000,41
disabled,128,0.45034,45500000,41
disabled,128,0.45089,4800000,41
disabled,128,0.45084,19600000,41
disabled,128,0.45033,72000000,41
disabled,128,0.45042,75200000,41
disabled,128,0.4503,48400000,41
disabled,128,0.4514,44500000,41
disabled,128,0.44979,34500000,41
disabled,128,0.44922,65100000,41
disabled,128,0.44997,73300000,41
disabled,128,0.45488,79500000,41
disabled,128,0.45105,61200000,41
disabled,128,0.45149,50000000,41
disabled,128,0.4493,36300000,41
disabled,128,0.45153,7900000,41
disabled,128,0.44974,5100000,41
disabled,128,0.45165,74200000,41
disabled,128,0.44789,49300000,41
disabled,128,0.45186,46900000,41
disabled,128,0.45028,6500000,41
disabled,128,0.44724,2600000,41
disabled,128,0.45011,64600000,41
disabled,128,0.45086,53500000,41
disabled,128,0.45037,52800000,41
disabled,128,0.45117,52400000,41
disabled,128,0.45129,51900000,41
disabled,128,0.45072,41500000,41
disabled,128,0.45185,38200000,41
disabled,128,0.45148,31800000,41
disabled,128,0.45057,29300000,41
disabled,128,0.45128,26900000,41
disabled,128,0.45226,69600000,41
disabled,128,0.45027,62800000,41
disabled,128,0.4501,51400000,41
disabled,128,0.45094,7000000,41
disabled,128,0.45113,3600000,41
disabled,128,0.44756,14200000,41
disabled,128,0.44816,55000000,41
disabled,128,0.45109,74500000,41
disabled,128,0.45123,50600000,41
disabled,128,0.45244,30100000,41
disabled,128,0.45203,56300000,41
disabled,128,0.45083,37900000,41
disabled,128,0.45158,12000000,41
disabled,128,0.45249,6900000,41
disabled,128,0.45203,58100000,41
disabled,128,0.45094,58600000,41
disabled,128,0.44963,60300000,41
disabled,128,0.45234,43200000,41
disabled,128,0.45099,10000000,41
disabled,128,0.45044,3900000,41
disabled,128,0.45048,25200000,41
disabled,128,0.44967,56600000,41
disabled,128,0.45302,59700000,41
disabled,128,0.45086,39600000,41
disabled,128,0.45262,5200000,41
disabled,128,0.45049,59100000,41
disabled,128,0.45314,59300000,41
disabled,128,0.45188,66200000,41
disabled,128,0.45069,68400000,41
disabled,128,0.45294,71700000,41
disabled,128,0.449,72700000,41
disabled,128,0.45015,74100000,41
disabled,128,0.45198,62700000,41
disabled,128,0.45033,17900000,41
disabled,128,0.44991,35100000,41
disabled,128,0.44922,43000000,41
disabled,128,0.44873,22500000,41
disabled,128,0.45082,60500000,41
disabled,128,0.44934,70900000,41
disabled,128,0.45058,76400000,41
disabled,128,0.45225,36200000,41
disabled,128,0.44955,32500000,41
disabled,128,0.44974,26200000,41
disabled,128,0.45186,61300000,41
disabled,128,0.44983,76300000,41
disabled,128,0.44944,46700000,41
disabled,128,0.45106,36800000,41
disabled,128,0.45187,33400000,41
disabled,128,0.45192,13400000,41
disabled,128,0.448,17600000,41
disabled,128,0.45068,69400000,41
disabled,128,0.45063,47100000,41
disabled,128,0.45097,42000000,41
disabled,128,0.45293,37400000,41
disabled,128,0.44943,28700000,41
disabled,128,0.45271,12100000,41
disabled,128,0.45127,9900000,41
disabled,128,0.45072,13300000,41
disabled,128,0.4492,21700000,41
disabled,128,0.44945,78200000,41
disabled,128,0.45048,53200000,41
disabled,128,0.44916,52600000,41
disabled,128,0.45006,32100000,41
disabled,128,0.4506,31500000,41
disabled,128,0.45053,14700000,41
disabled,128,0.44923,15900000,41
disabled,128,0.45045,66500000,41
disabled,128,0.44945,37600000,41
disabled,128,0.45,61400000,41
disabled,128,0.45068,61900000,41
disabled,128,0.44936,65900000,41
disabled,128,0.45103,3100000,41
disabled,128,0.44786,17000000,41
disabled,128,0.45133,18000000,41
disabled,128,0.45327,58900000,41
disabled,128,0.45187,70500000,41
disabled,128,0.4494,70800000,41
disabled,128,0.45189,16000000,41
disabled,128,0.45033,13700000,41
disabled,128,0.44983,44700000,41
disabled,128,0.4487,39500000,41
disabled,128,0.45169,40000000,41
disabled,128,0.451,38800000,41
disabled,128,0.45249,35500000,41
disabled,128,0.45081,27300000,41
disabled,128,0.45295,3700000,41
disabled,128,0.452,12800000,41
disabled,128,0.45015,14600000,41
disabled,128,0.45111,74400000,41
disabled,128,0.45112,72200000,41
disabled,128,0.45023,46600000,41
disabled,128,0.44866,46500000,41
disabled,128,0.45258,36700000,41
disabled,128,0.45054,32000000,41
disabled,128,0.44928,63200000,41
disabled,128,0.45051,68800000,41
disabled,128,0.45054,9400000,41
disabled,128,0.45262,1900000,41
disabled,128,0.48278,800000,41
disabled,128,0.45123,4400000,41
disabled,128,0.44832,16400000,41
disabled,128,0.44916,68300000,41
disabled,128,0.45231,73600000,41
disabled,128,0.4512,75000000,41
disabled,128,0.45182,76500000,41
disabled,128,0.4535,34000000,41
disabled,128,0.45206,49200000,41
disabled,128,0.45088,31200000,41
disabled,128,0.45125,25000000,41
disabled,128,0.45238,25100000,41
disabled,128,0.45104,28400000,41
disabled,128,0.45175,2800000,41
disabled,128,0.50235,700000,41
disabled,128,0.45041,13800000,41
disabled,128,0.44888,22600000,41
disabled,128,0.44979,23500000,41
disabled,128,0.44993,42300000,41
disabled,128,0.4508,40200000,41
disabled,128,0.54456,500000,41
disabled,128,0.45034,17500000,41
disabled,128,0.45162,23100000,41
disabled,128,0.45166,55700000,41
disabled,128,0.45332,65200000,41
disabled,128,0.45354,77600000,41
disabled,128,0.45265,12200000,41
disabled,128,0.44904,41100000,41
disabled,128,0.45098,44200000,41
disabled,128,0.45057,33200000,41
disabled,128,0.45026,30500000,41
disabled,128,0.45049,2100000,41
disabled,128,0.45204,56800000,41
disabled,128,0.44902,59600000,41
disabled,128,0.45042,67700000,41
disabled,128,0.45073,73400000,41
disabled,128,0.44967,41400000,41
disabled,128,0.45174,39800000,41
disabled,128,0.45027,34800000,41
disabled,128,0.45066,25900000,41
disabled,128,0.45283,18100000,41
disabled,128,0.45136,64700000,41
disabled,128,0.45281,48200000,41
disabled,128,0.45055,12900000,41
disabled,128,0.45342,30800000,41
disabled,128,0.45002,8500000,41
disabled,128,0.44999,8000000,41
disabled,128,0.45095,50300000,41
disabled,128,0.45068,45900000,41
disabled,128,0.45043,17700000,41
disabled,128,0.45243,24100000,41
disabled,128,0.45307,66700000,41
disabled,128,0.45148,35700000,41
disabled,128,0.45006,6600000,41
disabled,128,0.44995,16600000,41
disabled,128,0.45147,34600000,41
disabled,128,0.45056,28800000,41
disabled,128,0.45197,20500000,41
disabled,128,0.45189,20800000,41
disabled,128,0.4497,24000000,41
disabled,128,0.45158,56000000,41
disabled,128,0.45109,66600000,41
disabled,128,0.45221,72600000,41
disabled,128,0.44937,40300000,41
disabled,128,0.45194,7700000,41
disabled,128,0.44957,7500000,41
disabled,128,0.45173,21600000,41
disabled,128,0.45098,74700000,41
disabled,128,0.45364,28000000,41
disabled,128,0.4497,8600000,41
disabled,128,0.44986,24500000,41
disabled,128,0.44951,77500000,41
disabled,128,0.45247,50900000,41
disabled,128,0.45142,45300000,41
disabled,128,0.45207,56500000,41
disabled,128,0.44987,58500000,41
disabled,128,0.45089,75500000,41
disabled,128,0.44988,78500000,41
disabled,128,0.4494,23700000,41
disabled,128,0.44988,24400000,41
disabled,128,0.45089,54000000,41
disabled,128,0.44968,40100000,41
disabled,128,0.44918,7200000,41
disabled,128,0.4506,16200000,41
disabled,128,0.45089,63300000,41
disabled,128,0.44999,75600000,41
disabled,128,0.45154,47600000,41
disabled,128,0.44873,26600000,41
disabled,128,0.45173,7300000,41
disabled,128,0.45247,15300000,41
disabled,128,0.45356,21400000,41
disabled,128,0.45235,57800000,41
disabled,128,0.45245,33500000,41
disabled,128,0.4515,56400000,41
disabled,128,0.45044,66000000,41
disabled,128,0.44926,71300000,41
disabled,128,0.44763,13200000,41
disabled,128,0.45155,30900000,41
disabled,128,0.45233,10500000,41
disabled,128,0.45034,7400000,41
disabled,128,0.45214,22000000,41
disabled,128,0.45206,55200000,41
disabled,128,0.44856,50200000,41
disabled,128,0.45005,42500000,41
disabled,128,0.52124,600000,41
disabled,128,0.44983,3300000,41
disabled,128,0.45024,4600000,41
disabled,128,0.45047,21000000,41
disabled,128,0.45081,54400000,41
disabled,128,0.44923,58200000,41
disabled,128,0.45074,49500000,41
disabled,128,0.45211,10100000,41
disabled,128,0.45065,9800000,41
disabled,128,0.45125,9700000,41
disabled,128,0.45186,16800000,41
disabled,128,0.45024,19500000,41
disabled,128,0.44885,64800000,41
disabled,128,0.45154,77800000,41
disabled,128,0.45212,78800000,41
disabled,128,0.45006,53300000,41
disabled,128,0.45025,47400000,41
disabled,128,0.45033,9600000,41
disabled,128,0.45127,4700000,41
disabled,128,0.45177,17200000,41
disabled,128,0.45142,20400000,41
disabled,128,0.45209,25400000,41
disabled,128,0.4499,71400000,41
disabled,128,0.45386,70600000,41
disabled,128,0.44963,51600000,41
disabled,128,0.45107,36400000,41
disabled,128,0.4523,9000000,41
disabled,128,0.45274,6200000,41
disabled,128,0.44962,22800000,41
disabled,128,0.45202,55400000,41
disabled,128,0.45038,51000000,41
disabled,128,0.45199,37500000,41
disabled,128,0.45005,29900000,41
disabled,128,0.45077,32900000,41
disabled,128,0.45132,11400000,41
disabled,128,0.44935,10800000,41
disabled,128,0.44948,23200000,41
disabled,128,0.44999,61600000,41
disabled,128,0.45104,76000000,41
disabled,128,0.45024,76800000,41
disabled,128,0.44816,77700000,41
disabled,128,0.45502,17100000,41
disabled,128,0.45175,16100000,41
disabled,128,0.44841,51800000,41
disabled,128,0.45098,45600000,41
disabled,128,0.45409,32700000,41
disabled,128,0.44947,31100000,41
disabled,128,0.45062,11700000,41
disabled,128,0.44963,25300000,41
disabled,128,0.45185,38700000,41
disabled,128,0.45139,13100000,41
disabled,128,0.45129,65700000,41
disabled,128,0.45101,39900000,41
disabled,128,0.45184,34100000,41
disabled,128,0.45256,32200000,41
disabled,128,0.44986,29700000,41
disabled,128,0.44957,62000000,41
disabled,128,0.44856,78000000,41
disabled,128,0.45172,44400000,41
disabled,128,0.44958,27900000,41
disabled,128,0.44893,5500000,41
disabled,128,0.45315,13000000,41
disabled,128,0.45001,21900000,41
disabled,128,0.45159,64000000,41
disabled,128,0.45095,69300000,41
disabled,128,0.45061,75100000,41
disabled,128,0.44883,49000000,41
disabled,128,0.45113,52300000,41
disabled,128,0.45236,34700000,41
disabled,128,0.4493,26300000,41
disabled,128,0.45155,8800000,41
disabled,128,0.45198,3400000,41
disabled,128,0.44976,19900000,41
disabled,128,0.44931,25500000,41
disabled,128,0.45045,77200000,41
disabled,128,0.45104,44000000,41
disabled,128,0.4513,62400000,41
disabled,128,0.45034,67800000,41
disabled,128,0.44772,72800000,41
disabled,128,0.45315,76900000,41
disabled,128,0.44953,43700000,41
disabled,128,0.4485,38400000,41
disabled,128,0.45278,6800000,41
disabled,128,0.4509,54800000,41
disabled,128,0.45206,65600000,41
disabled,128,0.44888,67400000,41
disabled,128,0.44959,68100000,41
disabled,128,0.45075,77400000,41
disabled,128,0.45121,69500000,41
disabled,128,0.44873,42400000,41
disabled,128,0.45284,41200000,41
disabled,128,0.45174,39700000,41
disabled,128,0.44938,11600000,41
disabled,128,0.44922,7100000,41
disabled,128,0.4528,69900000,41
disabled,128,0.45008,52500000,41
disabled,128,0.45107,51100000,41
disabled,128,0.45057,8400000,41
disabled,128,0.45135,56100000,41
disabled,128,0.45104,63900000,41
disabled,128,0.44914,40600000,41
disabled,128,0.45217,14900000,41
disabled,128,0.44869,77000000,41
disabled,128,0.45074,61500000,41
disabled,128,0.45069,52200000,41
disabled,128,0.45073,2500000,41
disabled,128,0.45092,18500000,41
disabled,128,0.45138,68700000,41
disabled,128,0.44927,75900000,41
disabled,128,0.45054,43400000,41
disabled,128,0.44864,37100000,41
disabled,128,0.4504,36000000,41
disabled,128,0.44943,34400000,41
disabled,128,0.45071,62600000,41
disabled,128,0.44995,51700000,41
disabled,128,0.45125,39000000,41
disabled,128,0.4501,33700000,41
disabled,128,0.44993,29500000,41
disabled,128,0.45205,8200000,41
disabled,128,0.73732,100000,41
disabled,128,0.44884,24600000,41
disabled,128,0.45014,59900000,41
disabled,128,0.45208,65300000,41
disabled,128,0.44805,48600000,41
disabled,128,0.45171,48500000,41
disabled,128,0.44952,5300000,41
disabled,128,0.44939,63400000,41
disabled,128,0.45357,66400000,41
disabled,128,0.4506,35600000,41
disabled,128,0.44914,32800000,41
disabled,128,0.44904,27400000,41
disabled,128,0.44934,1300000,41
disabled,128,0.45149,24900000,41
disabled,128,0.45185,58300000,41
disabled,128,0.45173,66100000,41
disabled,128,0.45133,70000000,41
disabled,128,0.45101,71600000,41
disabled,128,0.45115,77300000,41
disabled,128,0.45306,60900000,41
disabled,128,0.45192,35200000,41
disabled,128,0.45045,28300000,41
disabled,128,0.45158,15700000,41
disabled,128,0.45031,79300000,41
disabled,128,0.4513,41300000,41
disabled,128,0.45238,35400000,41
disabled,128,0.45,11200000,41
disabled,128,0.45171,15800000,41
disabled,128,0.44926,56200000,41
disabled,128,0.45176,69000000,41
disabled,128,0.44975,25800000,41
disabled,128,0.45196,5000000,41
disabled,128,0.44919,19800000,41
disabled,128,0.44863,57700000,41
disabled,128,0.45158,74300000,41
disabled,128,0.45121,79200000,41
disabled,128,0.45239,35000000,41
disabled,128,0.45172,34300000,41
disabled,128,0.45151,30000000,41
disabled,128,0.44981,11000000,41
disabled,128,0.4525,18200000,41
disabled,128,0.45079,21100000,41
disabled,128,0.45205,24800000,41
disabled,128,0.45446,57200000,41
disabled,128,0.45051,68200000,41
disabled,128,0.44929,2400000,41
disabled,128,0.45188,20700000,41
disabled,128,0.45103,44300000,41
disabled,128,0.4496,36500000,41
disabled,128,0.45037,15600000,41
disabled,128,0.45083,18400000,41
disabled,128,0.45214,23600000,41
disabled,128,0.45205,67300000,41
disabled,128,0.45268,68500000,41
disabled,128,0.45112,52000000,41
disabled,128,0.45322,46100000,41
disabled,128,0.45325,27700000,41
disabled,128,0.45202,25700000,41
disabled,128,0.45219,5900000,41
disabled,128,0.45291,20600000,41
disabled,128,0.44977,66300000,41
disabled,128,0.45242,71100000,41
disabled,128,0.45111,33000000,41
disabled,128,0.45259,60400000,41
disabled,128,0.44964,73900000,41
disabled,128,0.45292,67600000,41
disabled,128,0.45119,50500000,41
disabled,128,0.45154,49800000,41
disabled,128,0.45186,44600000,41
disabled,128,0.44861,3200000,41
disabled,128,0.45152,13500000,41
disabled,128,0.44932,18300000,41
disabled,128,0.44984,18600000,41
disabled,128,0.44856,13600000,41
disabled,128,0.45396,16500000,41
disabled,128,0.45114,57300000,41
disabled,128,0.45162,53000000,41
disabled,128,0.44976,48700000,41
disabled,128,0.45048,39200000,41
disabled,128,0.44991,10400000,41
disabled,128,0.4499,14500000,41
disabled,128,0.45187,64100000,41
disabled,128,0.44804,60800000,41
disabled,128,0.45036,44800000,41
disabled,128,0.45225,27100000,41
disabled,128,0.45024,19700000,41
disabled,128,0.45155,67000000,41
disabled,128,0.45277,74800000,41
disabled,128,0.45362,78900000,41
disabled,128,0.45196,45800000,41
disabled,128,0.45221,8300000,41
disabled,128,0.45399,14400000,41
disabled,128,0.44905,21500000,41
disabled,128,0.45089,58800000,41
disabled,128,0.44949,62500000,41
disabled,128,0.44936,52700000,41
disabled,128,0.45041,39300000,41
disabled,128,0.4498,38100000,41
disabled,128,0.45132,19300000,41
disabled,128,0.45076,50100000,41
disabled,128,0.45084,40800000,41
disabled,128,0.44917,54900000,41
disabled,128,0.44821,58400000,41
disabled,128,0.45102,74900000,41
disabled,128,0.4486,1600000,41
disabled,128,0.45091,5800000,41
disabled,128,0.45093,59800000,41
disabled,128,0.45265,76600000,41
disabled,128,0.45018,34900000,41
disabled,128,0.45061,4100000,41
disabled,128,0.45237,58000000,41
disabled,128,0.4512,59500000,41
disabled,128,0.44903,49400000,41
disabled,128,0.45089,46000000,41
disabled,128,0.45036,45400000,41
disabled,128,0.4517,44100000,41
disabled,128,0.45149,4500000,41
disabled,128,0.45188,69100000,41
disabled,128,0.45221,74600000,41
disabled,128,0.44754,53700000,41
disabled,128,0.44887,41000000,41
disabled,128,0.45003,38600000,41
disabled,128,0.45107,28100000,41
disabled,128,0.45046,60700000,41
disabled,128,0.44877,63600000,41
disabled,128,0.45224,68600000,41
disabled,128,0.4519,78600000,41
disabled,128,0.44821,71900000,41
disabled,128,0.45113,48800000,41
disabled,128,0.4506,10600000,41
disabled,128,0.45211,14100000,41
disabled,128,0.45041,55500000,41
disabled,128,0.45018,68000000,41
disabled,128,0.45072,48000000,41
disabled,128,0.45266,26500000,41
disabled,128,0.45127,12600000,41
disabled,128,0.45184,70300000,41
disabled,128,0.45395,53600000,41
disabled,128,0.45265,47200000,41
disabled,128,0.45,33800000,41
disabled,128,0.44996,18800000,41
disabled,128,0.4488,67500000,41
disabled,128,0.45171,78300000,41
disabled,128,0.44957,53400000,41
disabled,128,0.45191,27500000,41
disabled,128,0.45126,1500000,41
disabled,128,0.44774,15200000,41
disabled,128,0.45057,24300000,41
disabled,128,0.44995,64900000,41
disabled,128,0.4496,61800000,41
disabled,128,0.45193,49700000,41
disabled,128,0.45133,29400000,41
disabled,128,0.44925,9300000,41
disabled,128,0.45091,9100000,41
disabled,128,0.44973,6000000,41
disabled,128,0.45375,17400000,41
disabled,128,0.45142,76100000,41
disabled,128,0.45234,71200000,41
disabled,128,0.44888,45000000,41
disabled,128,0.45123,60600000,41
disabled,128,0.45007,76200000,41
disabled,128,0.64834,200000,41
disabled,128,0.44914,12700000,41
disabled,128,0.4478,62200000,41
disabled,128,0.45033,63800000,41
disabled,128,0.44985,67900000,41
disabled,128,0.44926,33600000,41
disabled,128,0.44921,27600000,41
disabled,128,0.45089,30600000,41
disabled,128,0.45004,28900000,41
disabled,128,0.4517,26100000,41
disabled,128,0.45018,15000000,41
disabled,128,0.44969,61000000,41
disabled,128,0.451,66800000,41
disabled,128,0.45145,35900000,41
disabled,128,0.45091,6100000,41
disabled,128,0.44829,14300000,41
disabled,128,0.45322,62900000,41
disabled,128,0.45194,63700000,41
disabled,128,0.45232,47800000,41
disabled,128,0.44922,42900000,41
disabled,128,0.44825,46300000,41
hits,32,0.62752,51300000,6
hits,32,0.62863,46200000,6
hits,32,0.62771,40500000,6
hits,32,0.6267,33300000,6
hits,32,0.62722,31400000,6
hits,32,0.62786,3800000,6
hits,32,0.62873,37000000,6
hits,32,0.0,0,6
hits,32,0.63742,400000,6
hits,32,0.63084,3500000,6
hits,32,0.62701,4900000,6
hits,32,0.62801,54600000,6
hits,32,0.62763,73100000,6
hits,32,0.62697,75300000,6
hits,32,0.62615,36600000,6
hits,32,0.62886,30400000,6
hits,32,0.62787,30200000,6
hits,32,0.6259,29000000,6
hits,32,0.62918,24700000,6
hits,32,0.62625,54500000,6
hits,32,0.62686,43800000,6
hits,32,0.62959,33900000,6
hits,32,0.62771,71000000,6
hits,32,0.62687,79400000,6
hits,32,0.62605,36900000,6
hits,32,0.62878,26400000,6
hits,32,0.63093,11500000,6
hits,32,0.62915,9500000,6
hits,32,0.62734,22900000,6
hits,32,0.62712,23800000,6
hits,32,0.6261,62300000,6
hits,32,0.62897,65000000,6
hits,32,0.62756,49600000,6
hits,32,0.62417,42700000,6
hits,32,0.62817,28600000,6
hits,32,0.62876,9200000,6
hits,32,0.62876,1000000,6
hits,32,0.62913,65500000,6
hits,32,0.62686,43300000,6
hits,32,0.62697,40400000,6
hits,32,0.62741,32300000,6
hits,32,0.62668,7800000,6
hits,32,0.62662,23000000,6
hits,32,0.62635,55600000,6
hits,32,0.62667,60200000,6
hits,32,0.62777,1100000,6
hits,32,0.62707,5400000,6
hits,32,0.6282,22300000,6
hits,32,0.62734,55800000,6
hits,32,0.62611,77900000,6
hits,32,0.62759,49900000,6
hits,32,0.62656,43600000,6
hits,32,0.62848,2300000,6
hits,32,0.62744,54700000,6
hits,32,0.6287,56700000,6
hits,32,0.62767,72500000,6
hits,32,0.62971,74000000,6
hits,32,0.62831,53100000,6
hits,32,0.62845,41700000,6
hits,32,0.62856,34200000,6
hits,32,0.62631,27000000,6
hits,32,0.62762,12500000,6
hits,32,0.62926,8700000,6
hits,32,0.62646,60100000,6
hits,32,0.62842,69200000,6
hits,32,0.62912,73500000,6
hits,32,0.62853,46800000,6
hits,32,0.6272,31900000,6
hits,32,0.62649,28200000,6
hits,32,0.62922,1800000,6
hits,32,0.62748,69800000,6
hits,32,0.628,72300000,6
hits,32,0.62887,79100000,6
hits,32,0.62831,79600000,6
hits,32,0.6269,48300000,6
hits,32,0.62784,39400000,6
hits,32,0.62678,7600000,6
hits,32,0.62807,2200000,6
hits,32,0.64028,300000,6
hits,32,0.62676,14800000,6
hits,32,0.62886,16700000,6
hits,32,0.62757,22100000,6
hits,32,0.62836,79800000,6
hits,32,0.62712,47900000,6
hits,32,0.62542,47700000,6
hits,32,0.62595,40900000,6
hits,32,0.62508,20100000,6
hits,32,0.62704,20300000,6
hits,32,0.62653,57500000,6
hits,32,0.62622,63000000,6
hits,32,0.62784,71500000,6
hits,32,0.62931,8100000,6
hits,32,0.62476,2900000,6
hits,32,0.62804,14000000,6
hits,32,0.62931,22200000,6
hits,32,0.6278,55300000,6
hits,32,0.6277,57400000,6
hits,32,0.62832,67200000,6
hits,32,0.62607,70200000,6
hits,32,0.62652,72100000,6
hits,32,0.6257,78400000,6
hits,32,0.62595,26800000,6
hits,32,0.62493,65800000,6
hits,32,0.62684,67100000,6
hits,32,0.62817,37200000,6
hits,32,0.62762,10900000,6
hits,32,0.62772,16300000,6
hits,32,0.62909,22400000,6
hits,32,0.62856,71800000,6
hits,32,0.62716,72400000,6
hits,32,0.62474,50800000,6
hits,32,0.6288,38500000,6
hits,32,0.62671,29600000,6
hits,32,0.62875,28500000,6
hits,32,0.62723,26700000,6
hits,32,0.62746,75800000,6
hits,32,0.62717,23900000,6
hits,32,0.62926,59200000,6
hits,32,0.62724,47500000,6
hits,32,0.62662,42600000,6
hits,32,0.62733,35300000,6
hits,32,0.6278,30700000,6
hits,32,0.62883,72900000,6
hits,32,0.62649,73800000,6
hits,32,0.62641,52100000,6
hits,32,0.62676,38300000,6
hits,32,0.62699,42800000,6
hits,32,0.62659,12300000,6
hits,32,0.62626,6300000,6
hits,32,0.62674,64300000,6
hits,32,0.62699,75400000,6
hits,32,0.62837,75700000,6
hits,32,0.62813,45200000,6
hits,32,0.62994,41900000,6
hits,32,0.6287,37700000,6
hits,32,0.62837,30300000,6
hits,32,0.62664,54200000,6
hits,32,0.62607,55100000,6
hits,32,0.62817,57900000,6
hits,32,0.62538,59400000,6
hits,32,0.62761,70400000,6
hits,32,0.62994,47000000,6
hits,32,0.62713,43100000,6
hits,32,0.62922,35800000,6
hits,32,0.62932,2000000,6
hits,32,0.62716,1700000,6
hits,32,0.62704,1200000,6
hits,32,0.6271,5600000,6
hits,32,0.62875,15500000,6
hits,32,0.62805,20000000,6
hits,32,0.6286,78100000,6
hits,32,0.62697,12400000,6
hits,32,0.62833,8900000,6
hits,32,0.62666,24200000,6
hits,32,0.627,54300000,6
hits,32,0.62796,58700000,6
hits,32,0.62491,60000000,6
hits,32,0.62857,64500000,6
hits,32,0.6287,48900000,6
hits,32,0.62811,42200000,6
hits,32,0.62561,11800000,6
hits,32,0.62758,17300000,6
hits,32,0.62763,20900000,6
hits,32,0.6288,57600000,6
hits,32,0.62856,63500000,6
hits,32,0.62855,66900000,6
hits,32,0.62785,77100000,6
hits,32,0.62683,31300000,6
hits,32,0.62664,44900000,6
hits,32,0.6293,41800000,6
hits,32,0.62881,39100000,6
hits,32,0.62641,11300000,6
hits,32,0.62632,10200000,6
hits,32,0.62908,1400000,6
hits,32,0.62801,23300000,6
hits,32,0.62774,46400000,6
hits,32,0.6255,31700000,6
hits,32,0.62548,31000000,6
hits,32,0.62748,73700000,6
hits,32,0.6309,61100000,6
hits,32,0.62767,11100000,6
hits,32,0.62788,19400000,6
hits,32,0.62772,57000000,6
hits,32,0.62917,70700000,6
hits,32,0.62996,48100000,6
hits,32,0.62747,69700000,6
hits,32,0.6289,36100000,6
hits,32,0.62696,32400000,6
hits,32,0.62581,18700000,6
hits,32,0.62789,64200000,6
hits,32,0.62799,64400000,6
hits,32,0.62968,73000000,6
hits,32,0.62688,79000000,6
hits,32,0.62614,40700000,6
hits,32,0.62724,6700000,6
hits,32,0.62569,4200000,6
hits,32,0.62847,16900000,6
hits,32,0.629,50400000,6
hits,32,0.62792,41600000,6
hits,32,0.62584,38900000,6
hits,32,0.62726,37800000,6
hits,32,0.62802,29200000,6
hits,32,0.6258,29100000,6
hits,32,0.62608,10300000,6
hits,32,0.62859,5700000,6
hits,32,0.62485,54100000,6
hits,32,0.62498,45100000,6
hits,32,0.62685,43900000,6
hits,32,0.62683,33100000,6
hits,32,0.6289,63100000,6
hits,32,0.62907,53900000,6
hits,32,0.6271,50700000,6
hits,32,0.62835,900000,6
hits,32,0.62721,18900000,6
hits,32,0.62593,21200000,6
hits,32,0.62939,21300000,6
hits,32,0.62644,57100000,6
hits,32,0.6288,55900000,6
hits,32,0.62662,56900000,6
hits,32,0.62866,70100000,6
hits,32,0.62584,79900000,6
hits,32,0.62804,37300000,6
hits,32,0.62712,53800000,6
hits,32,0.62775,51200000,6
hits,32,0.62751,45700000,6
hits,32,0.62729,27800000,6
hits,32,0.62691,26000000,6
hits,32,0.62799,19100000,6
hits,32,0.62635,21800000,6
hits,32,0.62843,61700000,6
hits,32,0.62634,51500000,6
hits,32,0.6278,38000000,6
hits,32,0.62841,29800000,6
hits,32,0.62815,4000000,6
hits,32,0.62698,4300000,6
hits,32,0.62674,20200000,6
hits,32,0.62694,22700000,6
hits,32,0.62722,65400000,6
hits,32,0.62855,10700000,6
hits,32,0.6276,2700000,6
hits,32,0.62805,15100000,6
hits,32,0.63052,15400000,6
hits,32,0.62624,19000000,6
hits,32,0.62715,73200000,6
hits,32,0.62896,76700000,6
hits,32,0.62766,78700000,6
hits,32,0.629,79700000,6
hits,32,0.62796,31600000,6
hits,32,0.6268,49100000,6
hits,32,0.62753,42100000,6
hits,32,0.62989,47300000,6
hits,32,0.62594,27200000,6
hits,32,0.63043,11900000,6
hits,32,0.63048,25600000,6
hits,32,0.62585,32600000,6
hits,32,0.62614,6400000,6
hits,32,0.62862,23400000,6
hits,32,0.62704,59000000,6
hits,32,0.62703,62100000,6
hits,32,0.62661,68900000,6
hits,32,0.62504,13900000,6
hits,32,0.62678,17800000,6
hits,32,0.6279,52900000,6
hits,32,0.62536,43500000,6
hits,32,0.62689,3000000,6
hits,32,0.6273,19200000,6
hits,32,0.62762,45500000,6
hits,32,0.6266,4800000,6
hits,32,0.62553,19600000,6
hits,32,0.62703,72000000,6
hits,32,0.62669,75200000,6
hits,32,0.62608,48400000,6
hits,32,0.62988,44500000,6
hits,32,0.62687,34500000,6
hits,32,0.62834,65100000,6
hits,32,0.62641,73300000,6
hits,32,0.62985,79500000,6
hits,32,0.62741,61200000,6
hits,32,0.62751,50000000,6
hits,32,0.62593,36300000,6
hits,32,0.62947,7900000,6
hits,32,0.627,5100000,6
hits,32,0.62846,74200000,6
hits,32,0.62542,49300000,6
hits,32,0.62899,46900000,6
hits,32,0.62666,6500000,6
hits,32,0.62611,2600000,6
hits,32,0.62783,64600000,6
hits,32,0.62714,53500000,6
hits,32,0.62768,52800000,6
hits,32,0.62708,52400000,6
hits,32,0.62604,51900000,6
hits,32,0.6262,41500000,6
hits,32,0.63136,38200000,6
hits,32,0.62764,31800000,6
hits,32,0.62766,29300000,6
hits,32,0.62727,26900000,6
hits,32,0.62891,69600000,6
hits,32,0.62709,62800000,6
hits,32,0.62818,51400000,6
hits,32,0.6278,7000000,6
hits,32,0.62755,3600000,6
hits,32,0.62494,14200000,6
hits,32,0.62654,55000000,6
hits,32,0.62725,74500000,6
hits,32,0.62709,50600000,6
hits,32,0.62896,30100000,6
hits,32,0.62748,56300000,6
hits,32,0.62887,37900000,6
hits,32,0.62822,12000000,6
hits,32,0.62963,6900000,6
hits,32,0.6293,58100000,6
hits,32,0.6282,58600000,6
hits,32,0.62822,60300000,6
hits,32,0.62857,43200000,6
hits,32,0.62629,10000000,6
hits,32,0.62796,3900000,6
hits,32,0.62723,25200000,6
hits,32,0.62611,56600000,6
hits,32,0.62672,59700000,6
hits,32,0.6276,39600000,6
hits,32,0.62978,5200000,6
hits,32,0.62663,59100000,6
hits,32,0.62856,59300000,6
hits,32,0.62597,66200000,6
hits,32,0.62675,68400000,6
hits,32,0.62885,71700000,6
hits,32,0.62567,72700000,6
hits,32,0.62712,74100000,6
hits,32,0.62627,62700000,6
hits,32,0.6274,17900000,6
hits,32,0.6271,35100000,6
hits,32,0.62579,43000000,6
hits,32,0.62608,22500000,6
hits,32,0.6264,60500000,6
hits,32,0.6271,70900000,6
hits,32,0.62741,76400000,6
hits,32,0.62767,36200000,6
hits,32,0.62782,32500000,6
hits,32,0.62757,26200000,6
hits,32,0.62775,61300000,6
hits,32,0.62834,76300000,6
hits,32,0.62707,46700000,6
hits,32,0.62879,36800000,6
hits,32,0.62796,33400000,6
hits,32,0.62641,13400000,6
hits,32,0.62724,17600000,6
hits,32,0.62842,69400000,6
hits,32,0.62775,47100000,6
hits,32,0.62792,42000000,6
hits,32,0.62776,37400000,6
hits,32,0.62824,28700000,6
hits,32,0.62975,12100000,6
hits,32,0.62641,9900000,6
hits,32,0.62747,13300000,6
hits,32,0.62664,21700000,6
hits,32,0.62639,78200000,6
hits,32,0.62658,53200000,6
hits,32,0.62654,52600000,6
hits,32,0.62725,32100000,6
hits,32,0.628,31500000,6
hits,32,0.626,14700000,6
hits,32,0.62682,15900000,6
hits,32,0.6265,66500000,6
hits,32,0.62766,37600000,6
hits,32,0.62702,61400000,6
hits,32,0.62679,61900000,6
hits,32,0.62512,65900000,6
hits,32,0.62861,3100000,6
hits,32,0.62565,17000000,6
hits,32,0.62617,18000000,6
hits,32,0.629,58900000,6
hits,32,0.62641,70500000,6
hits,32,0.62571,70800000,6
hits,32,0.62862,16000000,6
hits,32,0.62734,13700000,6
hits,32,0.62827,44700000,6
hits,32,0.62796,39500000,6
hits,32,0.62839,40000000,6
hits,32,0.62762,38800000,6
hits,32,0.62936,35500000,6
hits,32,0.62755,27300000,6
hits,32,0.62829,3700000,6
hits,32,0.62653,12800000,6
hits,32,0.62729,14600000,6
hits,32,0.62659,74400000,6
hits,32,0.62789,72200000,6
hits,32,0.62589,46600000,6
hits,32,0.6271,46500000,6
hits,32,0.62741,36700000,6
hits,32,0.62817,32000000,6
hits,32,0.62615,63200000,6
hits,32,0.62802,68800000,6
hits,32,0.62653,9400000,6
hits,32,0.62847,1900000,6
hits,32,0.62951,800000,6
hits,32,0.62859,4400000,6
hits,32,0.62542,16400000,6
hits,32,0.62557,68300000,6
hits,32,0.62994,73600000,6
hits,32,0.62969,75000000,6
hits,32,0.62708,76500000,6
hits,32,0.62902,34000000,6
hits,32,0.62905,49200000,6
hits,32,0.62675,31200000,6
hits,32,0.62776,25000000,6
hits,32,0.62806,25100000,6
hits,32,0.62728,28400000,6
hits,32,0.62751,2800000,6
hits,32,0.63108,700000,6
hits,32,0.62716,13800000,6
hits,32,0.62601,22600000,6
hits,32,0.62756,23500000,6
hits,32,0.62637,42300000,6
hits,32,0.62865,40200000,6
hits,32,0.63463,500000,6
hits,32,0.62715,17500000,6
hits,32,0.62692,23100000,6
hits,32,0.62779,55700000,6
hits,32,0.6291,65200000,6
hits,32,0.62844,77600000,6
hits,32,0.62825,12200000,6
hits,32,0.62507,41100000,6
hits,32,0.62841,44200000,6
hits,32,0.62871,33200000,6
hits,32,0.62816,30500000,6
hits,32,0.62779,2100000,6
hits,32,0.62746,56800000,6
hits,32,0.62565,59600000,6
hits,32,0.62793,67700000,6
hits,32,0.62768,73400000,6
hits,32,0.62697,41400000,6
hits,32,0.62768,39800000,6
hits,32,0.62787,34800000,6
hits,32,0.62885,25900000,6
hits,32,0.6294,18100000,6
hits,32,0.62733,64700000,6
hits,32,0.62858,48200000,6
hits,32,0.629,12900000,6
hits,32,0.62986,30800000,6
hits,32,0.62749,8500000,6
hits,32,0.62804,8000000,6
hits,32,0.62695,50300000,6
hits,32,0.62772,45900000,6
hits,32,0.62744,17700000,6
hits,32,0.62838,24100000,6
hits,32,0.62789,66700000,6
hits,32,0.62648,35700000,6
hits,32,0.62876,6600000,6
hits,32,0.62722,16600000,6
hits,32,0.62756,34600000,6
hits,32,0.62772,28800000,6
hits,32,0.62826,20500000,6
hits,32,0.6253,20800000,6
hits,32,0.62628,24000000,6
hits,32,0.62806,56000000,6
hits,32,0.62614,66600000,6
hits,32,0.62854,72600000,6
hits,32,0.62662,40300000,6
hits,32,0.62679,7700000,6
hits,32,0.62748,7500000,6
hits,32,0.6271,21600000,6
hits,32,0.62737,74700000,6
hits,32,0.63123,28000000,6
hits,32,0.62708,8600000,6
hits,32,0.62721,24500000,6
hits,32,0.62773,77500000,6
hits,32,0.62821,50900000,6
hits,32,0.62835,45300000,6
hits,32,0.62869,56500000,6
hits,32,0.62691,58500000,6
hits,32,0.62735,75500000,6
hits,32,0.62792,78500000,6
hits,32,0.62523,23700000,6
hits,32,0.62643,24400000,6
hits,32,0.6288,54000000,6
hits,32,0.62466,40100000,6
hits,32,0.62695,7200000,6
hits,32,0.6281,16200000,6
hits,32,0.62825,63300000,6
hits,32,0.62699,75600000,6
hits,32,0.62863,47600000,6
hits,32,0.62663,26600000,6
hits,32,0.62636,7300000,6
hits,32,0.62845,15300000,6
hits,32,0.63093,21400000,6
hits,32,0.62809,57800000,6
hits,32,0.62778,33500000,6
hits,32,0.62816,56400000,6
hits,32,0.62862,66000000,6
hits,32,0.62739,71300000,6
hits,32,0.62506,13200000,6
hits,32,0.62923,30900000,6
hits,32,0.62762,10500000,6
hits,32,0.62766,7400000,6
hits,32,0.63019,22000000,6
hits,32,0.62835,55200000,6
hits,32,0.62646,50200000,6
hits,32,0.62761,42500000,6
hits,32,0.63042,600000,6
hits,32,0.62629,3300000,6
hits,32,0.62803,4600000,6
hits,32,0.62702,21000000,6
hits,32,0.62793,54400000,6
hits,32,0.62681,58200000,6
hits,32,0.62697,49500000,6
hits,32,0.62877,10100000,6
hits,32,0.62815,9800000,6
hits,32,0.62693,9700000,6
hits,32,0.62891,16800000,6
hits,32,0.62572,19500000,6
hits,32,0.62363,64800000,6
hits,32,0.62557,77800000,6
hits,32,0.6277,78800000,6
hits,32,0.62584,53300000,6
hits,32,0.62836,47400000,6
hits,32,0.62696,9600000,6
hits,32,0.62766,4700000,6
hits,32,0.6268,17200000,6
hits,32,0.62674,20400000,6
hits,32,0.62797,25400000,6
hits,32,0.62635,71400000,6
hits,32,0.62937,70600000,6
hits,32,0.62653,51600000,6
hits,32,0.62823,36400000,6
hits,32,0.62899,9000000,6
hits,32,0.62859,6200000,6
hits,32,0.62708,22800000,6
hits,32,0.62918,55400000,6
hits,32,0.62763,51000000,6
hits,32,0.62726,37500000,6
hits,32,0.62725,29900000,6
hits,32,0.62549,32900000,6
hits,32,0.62883,11400000,6
hits,32,0.62588,10800000,6
hits,32,0.62707,23200000,6
hits,32,0.62591,61600000,6
hits,32,0.62625,76000000,6
hits,32,0.62779,76800000,6
hits,32,0.62473,77700000,6
hits,32,0.63066,17100000,6
hits,32,0.6268,16100000,6
hits,32,0.6257,51800000,6
hits,32,0.62712,45600000,6
hits,32,0.62815,32700000,6
hits,32,0.62623,31100000,6
hits,32,0.62656,11700000,6
hits,32,0.62751,25300000,6
hits,32,0.62745,38700000,6
hits,32,0.62825,13100000,6
hits,32,0.62775,65700000,6
hits,32,0.62645,39900000,6
hits,32,0.62889,34100000,6
hits,32,0.62794,32200000,6
hits,32,0.62838,29700000,6
hits,32,0.62562,62000000,6
hits,32,0.6261,78000000,6
hits,32,0.62755,44400000,6
hits,32,0.62708,27900000,6
hits,32,0.62854,5500000,6
hits,32,0.62958,13000000,6
hits,32,0.62828,21900000,6
hits,32,0.62799,64000000,6
hits,32,0.62585,69300000,6
hits,32,0.6271,75100000,6
hits,32,0.6265,49000000,6
hits,32,0.62651,52300000,6
hits,32,0.63061,34700000,6
hits,32,0.62583,26300000,6
hits,32,0.62742,8800000,6
hits,32,0.62912,3400000,6
hits,32,0.62526,19900000,6
hits,32,0.62713,25500000,6
hits,32,0.6285,77200000,6
hits,32,0.62693,44000000,6
hits,32,0.62659,62400000,6
hits,32,0.62727,67800000,6
hits,32,0.62503,72800000,6
hits,32,0.62983,76900000,6
hits,32,0.62653,43700000,6
hits,32,0.62782,38400000,6
hits,32,0.62752,6800000,6
hits,32,0.62699,54800000,6
hits,32,0.62769,65600000,6
hits,32,0.62594,67400000,6
hits,32,0.62609,68100000,6
hits,32,0.62678,77400000,6
hits,32,0.62832,69500000,6
hits,32,0.62728,42400000,6
hits,32,0.62849,41200000,6
hits,32,0.62909,39700000,6
hits,32,0.62428,11600000,6
hits,32,0.6269,7100000,6
hits,32,0.62611,69900000,6
hits,32,0.62761,52500000,6
hits,32,0.62796,51100000,6
hits,32,0.62687,8400000,6
hits,32,0.6289,56100000,6
hits,32,0.62823,63900000,6
hits,32,0.62549,40600000,6
hits,32,0.62819,14900000,6
hits,32,0.62383,77000000,6
hits,32,0.62722,61500000,6
hits,32,0.62589,52200000,6
hits,32,0.62874,2500000,6
hits,32,0.62752,18500000,6
hits,32,0.62876,68700000,6
hits,32,0.62634,75900000,6
hits,32,0.62545,43400000,6
hits,32,0.62653,37100000,6
hits,32,0.62597,36000000,6
hits,32,0.62779,34400000,6
hits,32,0.62676,62600000,6
hits,32,0.62683,51700000,6
hits,32,0.62703,39000000,6
hits,32,0.62735,33700000,6
hits,32,0.62757,29500000,6
hits,32,0.62571,8200000,6
hits,32,0.73732,100000,6
hits,32,0.62551,24600000,6
hits,32,0.62543,59900000,6
hits,32,0.62975,65300000,6
hits,32,0.62567,48600000,6
hits,32,0.62929,48500000,6
hits,32,0.62631,5300000,6
hits,32,0.62823,63400000,6
hits,32,0.62936,66400000,6
hits,32,0.62841,35600000,6
hits,32,0.62634,32800000,6
hits,32,0.62486,27400000,6
hits,32,0.62682,1300000,6
hits,32,0.62713,24900000,6
hits,32,0.6277,58300000,6
hits,32,0.6272,66100000,6
hits,32,0.62838,70000000,6
hits,32,0.6275,71600000,6
hits,32,0.62806,77300000,6
hits,32,0.6273,60900000,6
hits,32,0.62931,35200000,6
hits,32,0.62832,28300000,6
hits,32,0.62897,15700000,6
hits,32,0.62846,79300000,6
hits,32,0.62815,41300000,6
hits,32,0.62903,35400000,6
hits,32,0.62503,11200000,6
hits,32,0.62957,15800000,6
hits,32,0.6268,56200000,6
hits,32,0.62805,69000000,6
hits,32,0.627,25800000,6
hits,32,0.62678,5000000,6
hits,32,0.62756,19800000,6
hits,32,0.62692,57700000,6
hits,32,0.62787,74300000,6
hits,32,0.62854,79200000,6
hits,32,0.62798,35000000,6
hits,32,0.62724,34300000,6
hits,32,0.62949,30000000,6
hits,32,0.6279,11000000,6
hits,32,0.62819,18200000,6
hits,32,0.62846,21100000,6
hits,32,0.62832,24800000,6
hits,32,0.63027,57200000,6
hits,32,0.62712,68200000,6
hits,32,0.62697,2400000,6
hits,32,0.62679,20700000,6
hits,32,0.62714,44300000,6
hits,32,0.6287,36500000,6
hits,32,0.62861,15600000,6
hits,32,0.62584,18400000,6
hits,32,0.62979,23600000,6
hits,32,0.62751,67300000,6
hits,32,0.62769,68500000,6
hits,32,0.62586,52000000,6
hits,32,0.62947,46100000,6
hits,32,0.62935,27700000,6
hits,32,0.62796,25700000,6
hits,32,0.62696,5900000,6
hits,32,0.62786,20600000,6
hits,32,0.62662,66300000,6
hits,32,0.62607,71100000,6
hits,32,0.62549,33000000,6
hits,32,0.62754,60400000,6
hits,32,0.6258,73900000,6
hits,32,0.62807,67600000,6
hits,32,0.62689,50500000,6
hits,32,0.62773,49800000,6
hits,32,0.62848,44600000,6
hits,32,0.62731,3200000,6
hits,32,0.62829,13500000,6
hits,32,0.62747,18300000,6
hits,32,0.62639,18600000,6
hits,32,0.628,13600000,6
hits,32,0.62841,16500000,6
hits,32,0.62704,57300000,6
hits,32,0.62594,53000000,6
hits,32,0.62642,48700000,6
hits,32,0.62659,39200000,6
hits,32,0.62703,10400000,6
hits,32,0.62788,14500000,6
hits,32,0.62791,64100000,6
hits,32,0.62585,60800000,6
hits,32,0.62763,44800000,6
hits,32,0.62878,27100000,6
hits,32,0.62761,19700000,6
hits,32,0.62713,67000000,6
hits,32,0.63025,74800000,6
hits,32,0.62992,78900000,6
hits,32,0.6275,45800000,6
hits,32,0.62958,8300000,6
hits,32,0.62892,14400000,6
hits,32,0.6278,21500000,6
hits,32,0.62683,58800000,6
hits,32,0.62789,62500000,6
hits,32,0.62658,52700000,6
hits,32,0.62603,39300000,6
hits,32,0.62654,38100000,6
hits,32,0.62786,19300000,6
hits,32,0.62892,50100000,6
hits,32,0.62731,40800000,6
hits,32,0.62683,54900000,6
hits,32,0.6242,58400000,6
hits,32,0.62657,74900000,6
hits,32,0.62622,1600000,6
hits,32,0.62784,5800000,6
hits,32,0.62757,59800000,6
hits,32,0.62796,76600000,6
hits,32,0.62768,34900000,6
hits,32,0.63018,4100000,6
hits,32,0.62808,58000000,6
hits,32,0.62623,59500000,6
hits,32,0.62763,49400000,6
hits,32,0.62815,46000000,6
hits,32,0.6276,45400000,6
hits,32,0.62814,44100000,6
hits,32,0.63061,4500000,6
hits,32,0.62919,69100000,6
hits,32,0.62901,74600000,6
hits,32,0.62513,53700000,6
hits,32,0.62661,41000000,6
hits,32,0.62692,38600000,6
hits,32,0.62945,28100000,6
hits,32,0.62944,60700000,6
hits,32,0.62622,63600000,6
hits,32,0.62818,68600000,6
hits,32,0.62843,78600000,6
hits,32,0.62616,71900000,6
hits,32,0.62737,48800000,6
hits,32,0.6273,10600000,6
hits,32,0.62772,14100000,6
hits,32,0.62858,55500000,6
hits,32,0.62597,68000000,6
hits,32,0.62831,48000000,6
hits,32,0.63049,26500000,6
hits,32,0.62802,12600000,6
hits,32,0.62631,70300000,6
hits,32,0.62902,53600000,6
hits,32,0.6287,47200000,6
hits,32,0.62782,33800000,6
hits,32,0.62643,18800000,6
hits,32,0.62511,67500000,6
hits,32,0.62846,78300000,6
hits,32,0.62743,53400000,6
hits,32,0.62723,27500000,6
hits,32,0.62744,1500000,6
hits,32,0.62557,15200000,6
hits,32,0.62938,24300000,6
hits,32,0.62718,64900000,6
hits,32,0.62557,61800000,6
hits,32,0.62891,49700000,6
hits,32,0.62998,29400000,6
hits,32,0.62751,9300000,6
hits,32,0.62766,9100000,6
hits,32,0.62795,6000000,6
hits,32,0.62795,17400000,6
hits,32,0.62781,76100000,6
hits,32,0.62824,71200000,6
hits,32,0.62705,45000000,6
hits,32,0.62719,60600000,6
hits,32,0.62766,76200000,6
hits,32,0.65179,200000,6
hits,32,0.62708,12700000,6
hits,32,0.62608,62200000,6
hits,32,0.62805,63800000,6
hits,32,0.62645,67900000,6
hits,32,0.62718,33600000,6
hits,32,0.62578,27600000,6
hits,32,0.62873,30600000,6
hits,32,0.62819,28900000,6
hits,32,0.62869,26100000,6
hits,32,0.62478,15000000,6
hits,32,0.62696,61000000,6
hits,32,0.6282,66800000,6
hits,32,0.62803,35900000,6
hits,32,0.6261,6100000,6
hits,32,0.62678,14300000,6
hits,32,0.62933,62900000,6
hits,32,0.62853,63700000,6
hits,32,0.62773,47800000,6
hits,32,0.62558,42900000,6
hits,32,0.62553,46300000,6
hits,128,0.49196,51300000,80
hits,128,0.4935,46200000,80
hits,128,0.49182,40500000,80
hits,128,0.48991,33300000,80
hits,128,0.49048,31400000,80
hits,128,0.47387,3800000,80
hits,128,0.49359,37000000,80
hits,128,0.0,0,80
hits,128,0.57264,400000,80
hits,128,0.47096,3500000,80
hits,128,0.48555,4900000,80
hits,128,0.49312,54600000,80
hits,128,0.49089,73100000,80
hits,128,0.49204,75300000,80
hits,128,0.4908,36600000,80
hits,128,0.49225,30400000,80
hits,128,0.49289,30200000,80
hits,128,0.49153,29000000,80
hits,128,0.49386,24700000,80
hits,128,0.49126,54500000,80
hits,128,0.49109,43800000,80
hits,128,0.49292,33900000,80
hits,128,0.49288,71000000,80
hits,128,0.49212,79400000,80
hits,128,0.48963,36900000,80
hits,128,0.4942,26400000,80
hits,128,0.49328,11500000,80
hits,128,0.49268,9500000,80
hits,128,0.49164,22900000,80
hits,128,0.49087,23800000,80
hits,128,0.49288,62300000,80
hits,128,0.49336,65000000,80
hits,128,0.49286,49600000,80
hits,128,0.49079,42700000,80
hits,128,0.49144,28600000,80
hits,128,0.4929,9200000,80
hits,128,0.45302,1000000,80
hits,128,0.49177,65500000,80
hits,128,0.4919,43300000,80
hits,128,0.49135,40400000,80
hits,128,0.49125,32300000,80
hits,128,0.49202,7800000,80
hits,128,0.49193,23000000,80
hits,128,0.49191,55600000,80
hits,128,0.49166,60200000,80
hits,128,0.45135,1100000,80
hits,128,0.49352,5400000,80
hits,128,0.49319,22300000,80
hits,128,0.49278,55800000,80
hits,128,0.49089,77900000,80
hits,128,0.49103,49900000,80
hits,128,0.49226,43600000,80
hits,128,0.45856,2300000,80
hits,128,0.492,54700000,80
hits,128,0.49226,56700000,80
hits,128,0.49251,72500000,80
hits,128,0.49249,74000000,80
hits,128,0.4925,53100000,80
hits,128,0.49366,41700000,80
hits,128,0.49079,34200000,80
hits,128,0.491,27000000,80
hits,128,0.49302,12500000,80
hits,128,0.49169,8700000,80
hits,128,0.491,60100000,80
hits,128,0.4911,69200000,80
hits,128,0.49272,73500000,80
hits,128,0.49242,46800000,80
hits,128,0.49166,31900000,80
hits,128,0.4904,28200000,80
hits,128,0.45868,1800000,80
hits,128,0.49235,69800000,80
hits,128,0.49196,72300000,80
hits,128,0.49291,79100000,80
hits,128,0.4925,79600000,80
hits,128,0.49109,48300000,80
hits,128,0.49323,39400000,80
hits,128,0.49108,7600000,80
hits,128,0.45842,2200000,80
hits,128,0.60595,300000,80
hits,128,0.49142,14800000,80
hits,128,0.49233,16700000,80
hits,128,0.49301,22100000,80
hits,128,0.49155,79800000,80
hits,128,0.49053,47900000,80
hits,128,0.49074,47700000,80
hits,128,0.4908,40900000,80
hits,128,0.49014,20100000,80
hits,128,0.49144,20300000,80
hits,128,0.49076,57500000,80
hits,128,0.49048,63000000,80
hits,128,0.49262,71500000,80
hits,128,0.49286,8100000,80
hits,128,0.4636,2900000,80
hits,128,0.4919,14000000,80
hits,128,0.4924,22200000,80
hits,128,0.49192,55300000,80
hits,128,0.49133,57400000,80
hits,128,0.49322,67200000,80
hits,128,0.49093,70200000,80
hits,128,0.49183,72100000,80
hits,128,0.49104,78400000,80
hits,128,0.49231,26800000,80
hits,128,0.49139,65800000,80
hits,128,0.49386,67100000,80
hits,128,0.49203,37200000,80
hits,128,0.49412,10900000,80
hits,128,0.49285,16300000,80
hits,128,0.49357,22400000,80
hits,128,0.49262,71800000,80
hits,128,0.49102,72400000,80
hits,128,0.49014,50800000,80
hits,128,0.49292,38500000,80
hits,128,0.49168,29600000,80
hits,128,0.49195,28500000,80
hits,128,0.4922,26700000,80
hits,128,0.4931,75800000,80
hits,128,0.49215,23900000,80
hits,128,0.49231,59200000,80
hits,128,0.49139,47500000,80
hits,128,0.49168,42600000,80
hits,128,0.4903,35300000,80
hits,128,0.49293,30700000,80
hits,128,0.49369,72900000,80
hits,128,0.49115,73800000,80
hits,128,0.492,52100000,80
hits,128,0.4911,38300000,80
hits,128,0.49155,42800000,80
hits,128,0.48896,12300000,80
hits,128,0.4922,6300000,80
hits,128,0.49159,64300000,80
hits,128,0.49307,75400000,80
hits,128,0.49269,75700000,80
hits,128,0.4921,45200000,80
hits,128,0.4935,41900000,80
hits,128,0.49227,37700000,80
hits,128,0.49239,30300000,80
hits,128,0.49062,54200000,80
hits,128,0.49113,55100000,80
hits,128,0.49216,57900000,80
hits,128,0.49009,59400000,80
hits,128,0.49247,70400000,80
hits,128,0.49412,47000000,80
hits,128,0.49136,43100000,80
hits,128,0.49449,35800000,80
hits,128,0.45902,2000000,80
hits,128,0.45384,1700000,80
hits,128,0.45104,1200000,80
hits,128,0.49274,5600000,80
hits,128,0.49211,15500000,80
hits,128,0.49217,20000000,80
hits,128,0.49423,78100000,80
hits,128,0.49231,12400000,80
hits,128,0.49341,8900000,80
hits,128,0.49324,24200000,80
hits,128,0.49186,54300000,80
hits,128,0.4935,58700000,80
hits,128,0.49289,60000000,80
hits,128,0.49462,64500000,80
hits,128,0.4914,48900000,80
hits,128,0.49363,42200000,80
hits,128,0.49074,11800000,80
hits,128,0.4915,17300000,80
hits,128,0.49296,20900000,80
hits,128,0.49141,57600000,80
hits,128,0.49401,63500000,80
hits,128,0.49263,66900000,80
hits,128,0.49198,77100000,80
hits,128,0.49168,31300000,80
hits,128,0.49332,44900000,80
hits,128,0.49081,41800000,80
hits,128,0.49132,39100000,80
hits,128,0.49284,11300000,80
hits,128,0.49072,10200000,80
hits,128,0.45508,1400000,80
hits,128,0.49241,23300000,80
hits,128,0.4924,46400000,80
hits,128,0.49018,31700000,80
hits,128,0.49162,31000000,80
hits,128,0.49189,73700000,80
hits,128,0.49329,61100000,80
hits,128,0.49318,11100000,80
hits,128,0.49189,19400000,80
hits,128,0.49146,57000000,80
hits,128,0.49374,70700000,80
hits,128,0.4937,48100000,80
hits,128,0.49326,69700000,80
hits,128,0.49281,36100000,80
hits,128,0.49211,32400000,80
hits,128,0.49273,18700000,80
hits,128,0.49275,64200000,80
hits,128,0.49065,64400000,80
hits,128,0.49252,73000000,80
hits,128,0.49139,79000000,80
hits,128,0.4915,40700000,80
hits,128,0.49136,6700000,80
hits,128,0.47693,4200000,80
hits,128,0.49187,16900000,80
hits,128,0.49282,50400000,80
hits,128,0.49123,41600000,80
hits,128,0.49074,38900000,80
hits,128,0.49178,37800000,80
hits,128,0.49256,29200000,80
hits,128,0.49157,29100000,80
hits,128,0.49207,10300000,80
hits,128,0.49412,5700000,80
hits,128,0.49068,54100000,80
hits,128,0.48946,45100000,80
hits,128,0.49058,43900000,80
hits,128,0.49197,33100000,80
hits,128,0.49317,63100000,80
hits,128,0.49333,53900000,80
hits,128,0.49239,50700000,80
hits,128,0.46561,900000,80
hits,128,0.49074,18900000,80
hits,128,0.49134,21200000,80
hits,128,0.49307,21300000,80
hits,128,0.4911,57100000,80
hits,128,0.4925,55900000,80
hits,128,0.49222,56900000,80
hits,128,0.49216,70100000,80
hits,128,0.49165,79900000,80
hits,128,0.49119,37300000,80
hits,128,0.49102,53800000,80
hits,128,0.49317,51200000,80
hits,128,0.49197,45700000,80
hits,128,0.49256,27800000,80
hits,128,0.49039,26000000,80
hits,128,0.49397,19100000,80
hits,128,0.49169,21800000,80
hits,128,0.49281,61700000,80
hits,128,0.49059,51500000,80
hits,128,0.49074,38000000,80
hits,128,0.49127,29800000,80
hits,128,0.47774,4000000,80
hits,128,0.47942,4300000,80
hits,128,0.49098,20200000,80
hits,128,0.49207,22700000,80
hits,128,0.49282,65400000,80
hits,128,0.49253,10700000,80
hits,128,0.46315,2700000,80
hits,128,0.49239,15100000,80
hits,128,0.49153,15400000,80
hits,128,0.49088,19000000,80
hits,128,0.49146,73200000,80
hits,128,0.49309,76700000,80
hits,128,0.49193,78700000,80
hits,128,0.49162,79700000,80
hits,128,0.49218,31600000,80
hits,128,0.4918,49100000,80
hits,128,0.49119,42100000,80
hits,128,0.49408,47300000,80
hits,128,0.49183,27200000,80
hits,128,0.49325,11900000,80
hits,128,0.49344,25600000,80
hits,128,0.49028,32600000,80
hits,128,0.4903,6400000,80
hits,128,0.49187,23400000,80
hits,128,0.49153,59000000,80
hits,128,0.49114,62100000,80
hits,128,0.49374,68900000,80
hits,128,0.49064,13900000,80
hits,128,0.49132,17800000,80
hits,128,0.49225,52900000,80
hits,128,0.49171,43500000,80
hits,128,0.46614,3000000,80
hits,128,0.49187,19200000,80
hits,128,0.49131,45500000,80
hits,128,0.48648,4800000,80
hits,128,0.49126,19600000,80
hits,128,0.49227,72000000,80
hits,128,0.49181,75200000,80
hits,128,0.49157,48400000,80
hits,128,0.49275,44500000,80
hits,128,0.49208,34500000,80
hits,128,0.49091,65100000,80
hits,128,0.49128,73300000,80
hits,128,0.4943,79500000,80
hits,128,0.4906,61200000,80
hits,128,0.49283,50000000,80
hits,128,0.49121,36300000,80
hits,128,0.49147,7900000,80
hits,128,0.48799,5100000,80
hits,128,0.49344,74200000,80
hits,128,0.49126,49300000,80
hits,128,0.49256,46900000,80
hits,128,0.4918,6500000,80
hits,128,0.45986,2600000,80
hits,128,0.49254,64600000,80
hits,128,0.49187,53500000,80
hits,128,0.49091,52800000,80
hits,128,0.49324,52400000,80
hits,128,0.49175,51900000,80
hits,128,0.49234,41500000,80
hits,128,0.49377,38200000,80
hits,128,0.49249,31800000,80
hits,128,0.49145,29300000,80
hits,128,0.49207,26900000,80
hits,128,0.49231,69600000,80
hits,128,0.49181,62800000,80
hits,128,0.49146,51400000,80
hits,128,0.49185,7000000,80
hits,128,0.47144,3600000,80
hits,128,0.49054,14200000,80
hits,128,0.49174,55000000,80
hits,128,0.49305,74500000,80
hits,128,0.49099,50600000,80
hits,128,0.49435,30100000,80
hits,128,0.49179,56300000,80
hits,128,0.49235,37900000,80
hits,128,0.49326,12000000,80
hits,128,0.4918,6900000,80
hits,128,0.49258,58100000,80
hits,128,0.49198,58600000,80
hits,128,0.49118,60300000,80
hits,128,0.49201,43200000,80
hits,128,0.49259,10000000,80
hits,128,0.47464,3900000,80
hits,128,0.49076,25200000,80
hits,128,0.49064,56600000,80
hits,128,0.4914,59700000,80
hits,128,0.49143,39600000,80
hits,128,0.49327,5200000,80
hits,128,0.49102,59100000,80
hits,128,0.49297,59300000,80
hits,128,0.49296,66200000,80
hits,128,0.49201,68400000,80
hits,128,0.49285,71700000,80
hits,128,0.4912,72700000,80
hits,128,0.49266,74100000,80
hits,128,0.49233,62700000,80
hits,128,0.49298,17900000,80
hits,128,0.4929,35100000,80
hits,128,0.49237,43000000,80
hits,128,0.49238,22500000,80
hits,128,0.49242,60500000,80
hits,128,0.49158,70900000,80
hits,128,0.4921,76400000,80
hits,128,0.49297,36200000,80
hits,128,0.49036,32500000,80
hits,128,0.49219,26200000,80
hits,128,0.49231,61300000,80
hits,128,0.49189,76300000,80
hits,128,0.4924,46700000,80
hits,128,0.49168,36800000,80
hits,128,0.49202,33400000,80
hits,128,0.49225,13400000,80
hits,128,0.49089,17600000,80
hits,128,0.49303,69400000,80
hits,128,0.491,47100000,80
hits,128,0.49302,42000000,80
hits,128,0.49299,37400000,80
hits,128,0.4921,28700000,80
hits,128,0.4923,12100000,80
hits,128,0.49149,9900000,80
hits,128,0.49336,13300000,80
hits,128,0.49061,21700000,80
hits,128,0.49104,78200000,80
hits,128,0.49003,53200000,80
hits,128,0.49181,52600000,80
hits,128,0.491,32100000,80
hits,128,0.49238,31500000,80
hits,128,0.49158,14700000,80
hits,128,0.49149,15900000,80
hits,128,0.49181,66500000,80
hits,128,0.49053,37600000,80
hits,128,0.49129,61400000,80
hits,128,0.4918,61900000,80
hits,128,0.49093,65900000,80
hits,128,0.4666,3100000,80
hits,128,0.49032,17000000,80
hits,128,0.49156,18000000,80
hits,128,0.49346,58900000,80
hits,128,0.49076,70500000,80
hits,128,0.49111,70800000,80
hits,128,0.49361,16000000,80
hits,128,0.4915,13700000,80
hits,128,0.49119,44700000,80
hits,128,0.49147,39500000,80
hits,128,0.4918,40000000,80
hits,128,0.49198,38800000,80
hits,128,0.49249,35500000,80
hits,128,0.49198,27300000,80
hits,128,0.47297,3700000,80
hits,128,0.49147,12800000,80
hits,128,0.49107,14600000,80
hits,128,0.49362,74400000,80
hits,128,0.492,72200000,80
hits,128,0.49083,46600000,80
hits,128,0.491,46500000,80
hits,128,0.49262,36700000,80
hits,128,0.49216,32000000,80
hits,128,0.49201,63200000,80
hits,128,0.49197,68800000,80
hits,128,0.49026,9400000,80
hits,128,0.45836,1900000,80
hits,128,0.48278,800000,80
hits,128,0.48184,4400000,80
hits,128,0.49092,16400000,80
hits,128,0.49109,68300000,80
hits,128,0.49259,73600000,80
hits,128,0.49236,75000000,80
hits,128,0.49279,76500000,80
hits,128,0.49358,34000000,80
hits,128,0.49084,49200000,80
hits,128,0.49293,31200000,80
hits,128,0.49155,25000000,80
hits,128,0.49387,25100000,80
hits,128,0.49161,28400000,80
hits,128,0.4646,2800000,80
hits,128,0.50235,700000,80
hits,128,0.49124,13800000,80
hits,128,0.49143,22600000,80
hits,128,0.49018,23500000,80
hits,128,0.49349,42300000,80
hits,128,0.4918,40200000,80
hits,128,0.54456,500000,80
hits,128,0.49209,17500000,80
hits,128,0.49142,23100000,80
hits,128,0.4927,55700000,80
hits,128,0.49314,65200000,80
hits,128,0.49364,77600000,80
hits,128,0.49266,12200000,80
hits,128,0.48983,41100000,80
hits,128,0.49168,44200000,80
hits,128,0.49275,33200000,80
hits,128,0.49032,30500000,80
hits,128,0.45772,2100000,80
hits,128,0.49245,56800000,80
hits,128,0.49019,59600000,80
hits,128,0.49271,67700000,80
hits,128,0.49202,73400000,80
hits,128,0.49183,41400000,80
hits,128,0.49265,39800000,80
hits,128,0.49134,34800000,80
hits,128,0.49126,25900000,80
hits,128,0.49384,18100000,80
hits,128,0.49174,64700000,80
hits,128,0.49339,48200000,80
hits,128,0.49271,12900000,80
hits,128,0.49352,30800000,80
hits,128,0.49312,8500000,80
hits,128,0.49162,8000000,80
hits,128,0.49068,50300000,80
hits,128,0.49041,45900000,80
hits,128,0.49208,17700000,80
hits,128,0.49342,24100000,80
hits,128,0.49352,66700000,80
hits,128,0.4915,35700000,80
hits,128,0.49115,6600000,80
hits,128,0.49294,16600000,80
hits,128,0.49224,34600000,80
hits,128,0.49259,28800000,80
hits,128,0.49298,20500000,80
hits,128,0.49157,20800000,80
hits,128,0.49096,24000000,80
hits,128,0.49314,56000000,80
hits,128,0.49089,66600000,80
hits,128,0.49181,72600000,80
hits,128,0.4923,40300000,80
hits,128,0.49305,7700000,80
hits,128,0.49184,7500000,80
hits,128,0.49162,21600000,80
hits,128,0.49304,74700000,80
hits,128,0.49375,28000000,80
hits,128,0.49247,8600000,80
hits,128,0.49179,24500000,80
hits,128,0.49197,77500000,80
hits,128,0.49252,50900000,80
hits,128,0.49214,45300000,80
hits,128,0.49289,56500000,80
hits,128,0.4911,58500000,80
hits,128,0.49207,75500000,80
hits,128,0.49059,78500000,80
hits,128,0.49164,23700000,80
hits,128,0.49023,24400000,80
hits,128,0.49302,54000000,80
hits,128,0.49211,40100000,80
hits,128,0.49164,7200000,80
hits,128,0.493,16200000,80
hits,128,0.49323,63300000,80
hits,128,0.49245,75600000,80
hits,128,0.49178,47600000,80
hits,128,0.49062,26600000,80
hits,128,0.49226,7300000,80
hits,128,0.49255,15300000,80
hits,128,0.49398,21400000,80
hits,128,0.49267,57800000,80
hits,128,0.49225,33500000,80
hits,128,0.49367,56400000,80
hits,128,0.49378,66000000,80
hits,128,0.49169,71300000,80
hits,128,0.49028,13200000,80
hits,128,0.49307,30900000,80
hits,128,0.4921,10500000,80
hits,128,0.49171,7400000,80
hits,128,0.49324,22000000,80
hits,128,0.49321,55200000,80
hits,128,0.49079,50200000,80
hits,128,0.49339,42500000,80
hits,128,0.52124,600000,80
hits,128,0.4681,3300000,80
hits,128,0.48318,4600000,80
hits,128,0.49251,21000000,80
hits,128,0.49274,54400000,80
hits,128,0.49173,58200000,80
hits,128,0.49108,49500000,80
hits,128,0.49243,10100000,80
hits,128,0.49351,9800000,80
hits,128,0.49246,9700000,80
hits,128,0.49279,16800000,80
hits,128,0.49119,19500000,80
hits,128,0.49028,64800000,80
hits,128,0.49193,77800000,80
hits,128,0.49273,78800000,80
hits,128,0.49088,53300000,80
hits,128,0.4912,47400000,80
hits,128,0.49114,9600000,80
hits,128,0.48546,4700000,80
hits,128,0.49094,17200000,80
hits,128,0.49135,20400000,80
hits,128,0.49355,25400000,80
hits,128,0.4913,71400000,80
hits,128,0.49316,70600000,80
hits,128,0.49158,51600000,80
hits,128,0.49078,36400000,80
hits,128,0.49342,9000000,80
hits,128,0.4925,6200000,80
hits,128,0.49108,22800000,80
hits,128,0.49303,55400000,80
hits,128,0.4928,51000000,80
hits,128,0.49148,37500000,80
hits,128,0.49171,29900000,80
hits,128,0.49131,32900000,80
hits,128,0.49409,11400000,80
hits,128,0.49093,10800000,80
hits,128,0.49139,23200000,80
hits,128,0.49059,61600000,80
hits,128,0.49148,76000000,80
hits,128,0.49182,76800000,80
hits,128,0.49049,77700000,80
hits,128,0.49414,17100000,80
hits,128,0.49221,16100000,80
hits,128,0.49012,51800000,80
hits,128,0.49241,45600000,80
hits,128,0.49283,32700000,80
hits,128,0.49205,31100000,80
hits,128,0.49264,11700000,80
hits,128,0.49122,25300000,80
hits,128,0.49171,38700000,80
hits,128,0.49209,13100000,80
hits,128,0.4921,65700000,80
hits,128,0.49075,39900000,80
hits,128,0.49275,34100000,80
hits,128,0.49203,32200000,80
hits,128,0.49156,29700000,80
hits,128,0.49095,62000000,80
hits,128,0.49098,78000000,80
hits,128,0.49267,44400000,80
hits,128,0.49114,27900000,80
hits,128,0.49087,5500000,80
hits,128,0.49117,13000000,80
hits,128,0.49295,21900000,80
hits,128,0.4929,64000000,80
hits,128,0.49212,69300000,80
hits,128,0.49271,75100000,80
hits,128,0.49048,49000000,80
hits,128,0.49008,52300000,80
hits,128,0.49274,34700000,80
hits,128,0.49147,26300000,80
hits,128,0.49234,8800000,80
hits,128,0.46983,3400000,80
hits,128,0.49066,19900000,80
hits,128,0.48956,25500000,80
hits,128,0.49189,77200000,80
hits,128,0.49111,44000000,80
hits,128,0.49257,62400000,80
hits,128,0.49067,67800000,80
hits,128,0.49098,72800000,80
hits,128,0.49402,76900000,80
hits,128,0.49105,43700000,80
hits,128,0.49076,38400000,80
hits,128,0.49157,6800000,80
hits,128,0.49192,54800000,80
hits,128,0.49169,65600000,80
hits,128,0.49139,67400000,80
hits,128,0.49037,68100000,80
hits,128,0.49157,77400000,80
hits,128,0.49209,69500000,80
hits,128,0.49103,42400000,80
hits,128,0.49163,41200000,80
hits,128,0.49286,39700000,80
hits,128,0.49091,11600000,80
hits,128,0.49122,7100000,80
hits,128,0.49174,69900000,80
hits,128,0.4916,52500000,80
hits,128,0.49254,51100000,80
hits,128,0.4932,8400000,80
hits,128,0.49147,56100000,80
hits,128,0.49214,63900000,80
hits,128,0.49134,40600000,80
hits,128,0.49231,14900000,80
hits,128,0.49009,77000000,80
hits,128,0.49234,61500000,80
hits,128,0.49197,52200000,80
hits,128,0.4603,2500000,80
hits,128,0.49295,18500000,80
hits,128,0.49322,68700000,80
hits,128,0.49138,75900000,80
hits,128,0.49106,43400000,80
hits,128,0.49081,37100000,80
hits,128,0.49152,36000000,80
hits,128,0.4914,34400000,80
hits,128,0.49151,62600000,80
hits,128,0.49153,51700000,80
hits,128,0.49254,39000000,80
hits,128,0.49284,33700000,80
hits,128,0.49154,29500000,80
hits,128,0.49338,8200000,80
hits,128,0.73732,100000,80
hits,128,0.49179,24600000,80
hits,128,0.49092,59900000,80
hits,128,0.49295,65300000,80
hits,128,0.49155,48600000,80
hits,128,0.49303,48500000,80
hits,128,0.48858,5300000,80
hits,128,0.49227,63400000,80
hits,128,0.49366,66400000,80
hits,128,0.49328,35600000,80
hits,128,0.49133,32800000,80
hits,128,0.49137,27400000,80
hits,128,0.451,1300000,80
hits,128,0.49277,24900000,80
hits,128,0.49258,58300000,80
hits,128,0.49162,66100000,80
hits,128,0.4926,70000000,80
hits,128,0.49353,71600000,80
hits,128,0.49203,77300000,80
hits,128,0.49245,60900000,80
hits,128,0.49282,35200000,80
hits,128,0.49292,28300000,80
hits,128,0.49286,15700000,80
hits,128,0.49024,79300000,80
hits,128,0.49176,41300000,80
hits,128,0.49296,35400000,80
hits,128,0.49123,11200000,80
hits,128,0.49436,15800000,80
hits,128,0.49179,56200000,80
hits,128,0.49222,69000000,80
hits,128,0.49138,25800000,80
hits,128,0.49001,5000000,80
hits,128,0.49244,19800000,80
hits,128,0.49175,57700000,80
hits,128,0.49256,74300000,80
hits,128,0.49221,79200000,80
hits,128,0.49181,35000000,80
hits,128,0.4918,34300000,80
hits,128,0.49196,30000000,80
hits,128,0.49177,11000000,80
hits,128,0.49332,18200000,80
hits,128,0.49189,21100000,80
hits,128,0.49311,24800000,80
hits,128,0.49478,57200000,80
hits,128,0.49263,68200000,80
hits,128,0.45989,2400000,80
hits,128,0.49204,20700000,80
hits,128,0.49162,44300000,80
hits,128,0.49229,36500000,80
hits,128,0.49126,15600000,80
hits,128,0.49154,18400000,80
hits,128,0.49322,23600000,80
hits,128,0.49047,67300000,80
hits,128,0.49248,68500000,80
hits,128,0.49294,52000000,80
hits,128,0.49429,46100000,80
hits,128,0.49298,27700000,80
hits,128,0.49251,25700000,80
hits,128,0.49223,5900000,80
hits,128,0.4922,20600000,80
hits,128,0.49156,66300000,80
hits,128,0.49158,71100000,80
hits,128,0.49055,33000000,80
hits,128,0.49167,60400000,80
hits,128,0.49147,73900000,80
hits,128,0.49345,67600000,80
hits,128,0.49287,50500000,80
hits,128,0.49222,49800000,80
hits,128,0.49237,44600000,80
hits,128,0.46665,3200000,80
hits,128,0.49417,13500000,80
hits,128,0.49058,18300000,80
hits,128,0.49135,18600000,80
hits,128,0.49111,13600000,80
hits,128,0.49243,16500000,80
hits,128,0.49225,57300000,80
hits,128,0.49172,53000000,80
hits,128,0.4915,48700000,80
hits,128,0.49101,39200000,80
hits,128,0.49207,10400000,80
hits,128,0.49229,14500000,80
hits,128,0.49305,64100000,80
hits,128,0.4915,60800000,80
hits,128,0.49087,44800000,80
hits,128,0.49348,27100000,80
hits,128,0.49265,19700000,80
hits,128,0.4931,67000000,80
hits,128,0.493,74800000,80
hits,128,0.49337,78900000,80
hits,128,0.49212,45800000,80
hits,128,0.49372,8300000,80
hits,128,0.49374,14400000,80
hits,128,0.49213,21500000,80
hits,128,0.49156,58800000,80
hits,128,0.49051,62500000,80
hits,128,0.49201,52700000,80
hits,128,0.49173,39300000,80
hits,128,0.49158,38100000,80
hits,128,0.49268,19300000,80
hits,128,0.49146,50100000,80
hits,128,0.49179,40800000,80
hits,128,0.49087,54900000,80
hits,128,0.49068,58400000,80
hits,128,0.49193,74900000,80
hits,128,0.45257,1600000,80
hits,128,0.49315,5800000,80
hits,128,0.49356,59800000,80
hits,128,0.4935,76600000,80
hits,128,0.49317,34900000,80
hits,128,0.47744,4100000,80
hits,128,0.49207,58000000,80
hits,128,0.4926,59500000,80
hits,128,0.49141,49400000,80
hits,128,0.49271,46000000,80
hits,128,0.49154,45400000,80
hits,128,0.49321,44100000,80
hits,128,0.48197,4500000,80
hits,128,0.49292,69100000,80
hits,128,0.49392,74600000,80
hits,128,0.49064,53700000,80
hits,128,0.49077,41000000,80
hits,128,0.49134,38600000,80
hits,128,0.49217,28100000,80
hits,128,0.4923,60700000,80
hits,128,0.49112,63600000,80
hits,128,0.49111,68600000,80
hits,128,0.49315,78600000,80
hits,128,0.49207,71900000,80
hits,128,0.49242,48800000,80
hits,128,0.49231,10600000,80
hits,128,0.49289,14100000,80
hits,128,0.49248,55500000,80
hits,128,0.49307,68000000,80
hits,128,0.49149,48000000,80
hits,128,0.49297,26500000,80
hits,128,0.49184,12600000,80
hits,128,0.49272,70300000,80
hits,128,0.49476,53600000,80
hits,128,0.49326,47200000,80
hits,128,0.49158,33800000,80
hits,128,0.49138,18800000,80
hits,128,0.49084,67500000,80
hits,128,0.49259,78300000,80
hits,128,0.49332,53400000,80
hits,128,0.49275,27500000,80
hits,128,0.45354,1500000,80
hits,128,0.49093,15200000,80
hits,128,0.49213,24300000,80
hits,128,0.49153,64900000,80
hits,128,0.49149,61800000,80
hits,128,0.49262,49700000,80
hits,128,0.49212,29400000,80
hits,128,0.4916,9300000,80
hits,128,0.49277,9100000,80
hits,128,0.49111,6000000,80
hits,128,0.4937,17400000,80
hits,128,0.49171,76100000,80
hits,128,0.49265,71200000,80
hits,128,0.48983,45000000,80
hits,128,0.49293,60600000,80
hits,128,0.49148,76200000,80
hits,128,0.64834,200000,80
hits,128,0.49057,12700000,80
hits,128,0.49132,62200000,80
hits,128,0.49314,63800000,80
hits,128,0.4907,67900000,80
hits,128,0.49261,33600000,80
hits,128,0.49036,27600000,80
hits,128,0.49228,30600000,80
hits,128,0.49142,28900000,80
hits,128,0.49206,26100000,80
hits,128,0.49007,15000000,80
hits,128,0.49083,61000000,80
hits,128,0.49246,66800000,80
hits,128,0.49298,35900000,80
hits,128,0.49123,6100000,80
hits,128,0.49106,14300000,80
hits,128,0.49317,62900000,80
hits,128,0.49312,63700000,80
hits,128,0.49218,47800000,80
hits,128,0.49118,42900000,80
hits,128,0.49089,46300000,80
marginal-hits,32,0.62707,51300000,3
marginal-hits,32,0.62769,46200000,3
marginal-hits,32,0.628,40500000,3
marginal-hits,32,0.62685,33300000,3
marginal-hits,32,0.62946,31400000,3
marginal-hits,32,0.62604,3800000,3
marginal-hits,32,0.62755,37000000,3
marginal-hits,32,0.0,0,3
marginal-hits,32,0.63773,400000,3
marginal-hits,32,0.63043,3500000,3
marginal-hits,32,0.62486,4900000,3
marginal-hits,32,0.62954,54600000,3
marginal-hits,32,0.62805,73100000,3
marginal-hits,32,0.63062,75300000,3
marginal-hits,32,0.62644,36600000,3
marginal-hits,32,0.63086,30400000,3
marginal-hits,32,0.62871,30200000,3
marginal-hits,32,0.62663,29000000,3
marginal-hits,32,0.62826,24700000,3
marginal-hits,32,0.62498,54500000,3
marginal-hits,32,0.62626,43800000,3
marginal-hits,32,0.63137,33900000,3
marginal-hits,32,0.62866,71000000,3
marginal-hits,32,0.62665,79400000,3
marginal-hits,32,0.62602,36900000,3
marginal-hits,32,0.63586,26400000,3
marginal-hits,32,0.62851,11500000,3
marginal-hits,32,0.63105,9500000,3
marginal-hits,32,0.6263,22900000,3
marginal-hits,32,0.62669,23800000,3
marginal-hits,32,0.62672,62300000,3
marginal-hits,32,0.63403,65000000,3
marginal-hits,32,0.62831,49600000,3
marginal-hits,32,0.62367,42700000,3
marginal-hits,32,0.63106,28600000,3
marginal-hits,32,0.62926,9200000,3
marginal-hits,32,0.62782,1000000,3
marginal-hits,32,0.63637,65500000,3
marginal-hits,32,0.62378,43300000,3
marginal-hits,32,0.62871,40400000,3
marginal-hits,32,0.62767,32300000,3
marginal-hits,32,0.62313,7800000,3
marginal-hits,32,0.62532,23000000,3
marginal-hits,32,0.62799,55600000,3
marginal-hits,32,0.626,60200000,3
marginal-hits,32,0.62581,1100000,3
marginal-hits,32,0.62378,5400000,3
marginal-hits,32,0.62761,22300000,3
marginal-hits,32,0.62705,55800000,3
marginal-hits,32,0.62494,77900000,3
marginal-hits,32,0.6285,49900000,3
marginal-hits,32,0.62573,43600000,3
marginal-hits,32,0.62725,2300000,3
marginal-hits,32,0.62777,54700000,3
marginal-hits,32,0.62615,56700000,3
marginal-hits,32,0.62646,72500000,3
marginal-hits,32,0.62671,74000000,3
marginal-hits,32,0.6298,53100000,3
marginal-hits,32,0.62748,41700000,3
marginal-hits,32,0.63238,34200000,3
marginal-hits,32,0.62738,27000000,3
marginal-hits,32,0.62746,12500000,3
marginal-hits,32,0.62794,8700000,3
marginal-hits,32,0.62584,60100000,3
marginal-hits,32,0.63092,69200000,3
marginal-hits,32,0.62726,73500000,3
marginal-hits,32,0.62803,46800000,3
marginal-hits,32,0.62802,31900000,3
marginal-hits,32,0.62873,28200000,3
marginal-hits,32,0.62666,1800000,3
marginal-hits,32,0.62784,69800000,3
marginal-hits,32,0.62678,72300000,3
marginal-hits,32,0.62775,79100000,3
marginal-hits,32,0.62631,79600000,3
marginal-hits,32,0.62621,48300000,3
marginal-hits,32,0.63122,39400000,3
marginal-hits,32,0.62385,7600000,3
marginal-hits,32,0.62775,2200000,3
marginal-hits,32,0.64028,300000,3
marginal-hits,32,0.63241,14800000,3
marginal-hits,32,0.62905,16700000,3
marginal-hits,32,0.62633,22100000,3
marginal-hits,32,0.62807,79800000,3
marginal-hits,32,0.62534,47900000,3
marginal-hits,32,0.627,47700000,3
marginal-hits,32,0.62757,40900000,3
marginal-hits,32,0.62689,20100000,3
marginal-hits,32,0.62709,20300000,3
marginal-hits,32,0.62611,57500000,3
marginal-hits,32,0.6268,63000000,3
marginal-hits,32,0.62836,71500000,3
marginal-hits,32,0.62571,8100000,3
marginal-hits,32,0.63766,2900000,3
marginal-hits,32,0.62903,14000000,3
marginal-hits,32,0.62744,22200000,3
marginal-hits,32,0.6275,55300000,3
marginal-hits,32,0.6273,57400000,3
marginal-hits,32,0.62963,67200000,3
marginal-hits,32,0.62743,70200000,3
marginal-hits,32,0.62338,72100000,3
marginal-hits,32,0.62597,78400000,3
marginal-hits,32,0.63002,26800000,3
marginal-hits,32,0.62753,65800000,3
marginal-hits,32,0.62889,67100000,3
marginal-hits,32,0.62822,37200000,3
marginal-hits,32,0.62805,10900000,3
marginal-hits,32,0.62959,16300000,3
marginal-hits,32,0.62587,22400000,3
marginal-hits,32,0.62817,71800000,3
marginal-hits,32,0.62462,72400000,3
marginal-hits,32,0.62581,50800000,3
marginal-hits,32,0.63197,38500000,3
marginal-hits,32,0.62995,29600000,3
marginal-hits,32,0.62774,28500000,3
marginal-hits,32,0.62742,26700000,3
marginal-hits,32,0.6259,75800000,3
marginal-hits,32,0.62497,23900000,3
marginal-hits,32,0.62653,59200000,3
marginal-hits,32,0.62745,47500000,3
marginal-hits,32,0.6257,42600000,3
marginal-hits,32,0.62617,35300000,3
marginal-hits,32,0.62943,30700000,3
marginal-hits,32,0.63352,72900000,3
marginal-hits,32,0.62407,73800000,3
marginal-hits,32,0.62642,52100000,3
marginal-hits,32,0.62742,38300000,3
marginal-hits,32,0.62406,42800000,3
marginal-hits,32,0.62492,12300000,3
marginal-hits,32,0.62699,6300000,3
marginal-hits,32,0.6262,64300000,3
marginal-hits,32,0.62803,75400000,3
marginal-hits,32,0.62762,75700000,3
marginal-hits,32,0.63482,45200000,3
marginal-hits,32,0.62929,41900000,3
marginal-hits,32,0.62962,37700000,3
marginal-hits,32,0.63333,30300000,3
marginal-hits,32,0.62918,54200000,3
marginal-hits,32,0.62475,55100000,3
marginal-hits,32,0.63226,57900000,3
marginal-hits,32,0.62268,59400000,3
marginal-hits,32,0.62691,70400000,3
marginal-hits,32,0.63092,47000000,3
marginal-hits,32,0.6251,43100000,3
marginal-hits,32,0.62853,35800000,3
marginal-hits,32,0.62709,2000000,3
marginal-hits,32,0.62405,1700000,3
marginal-hits,32,0.6249,1200000,3
marginal-hits,32,0.62574,5600000,3
marginal-hits,32,0.62685,15500000,3
marginal-hits,32,0.62776,20000000,3
marginal-hits,32,0.62959,78100000,3
marginal-hits,32,0.62668,12400000,3
marginal-hits,32,0.62848,8900000,3
marginal-hits,32,0.62674,24200000,3
marginal-hits,32,0.6276,54300000,3
marginal-hits,32,0.62716,58700000,3
marginal-hits,32,0.6261,60000000,3
marginal-hits,32,0.6277,64500000,3
marginal-hits,32,0.62609,48900000,3
marginal-hits,32,0.62467,42200000,3
marginal-hits,32,0.62483,11800000,3
marginal-hits,32,0.62595,17300000,3
marginal-hits,32,0.62537,20900000,3
marginal-hits,32,0.62929,57600000,3
marginal-hits,32,0.62683,63500000,3
marginal-hits,32,0.6328,66900000,3
marginal-hits,32,0.63254,77100000,3
marginal-hits,32,0.6329,31300000,3
marginal-hits,32,0.62694,44900000,3
marginal-hits,32,0.62927,41800000,3
marginal-hits,32,0.62772,39100000,3
marginal-hits,32,0.62581,11300000,3
marginal-hits,32,0.62863,10200000,3
marginal-hits,32,0.62789,1400000,3
marginal-hits,32,0.62554,23300000,3
marginal-hits,32,0.62633,46400000,3
marginal-hits,32,0.62734,31700000,3
marginal-hits,32,0.62685,31000000,3
marginal-hits,32,0.62583,73700000,3
marginal-hits,32,0.63241,61100000,3
marginal-hits,32,0.63154,11100000,3
marginal-hits,32,0.62706,19400000,3
marginal-hits,32,0.6278,57000000,3
marginal-hits,32,0.63049,70700000,3
marginal-hits,32,0.62786,48100000,3
marginal-hits,32,0.62791,69700000,3
marginal-hits,32,0.62861,36100000,3
marginal-hits,32,0.62785,32400000,3
marginal-hits,32,0.62277,18700000,3
marginal-hits,32,0.62956,64200000,3
marginal-hits,32,0.62708,64400000,3
marginal-hits,32,0.63034,73000000,3
marginal-hits,32,0.6248,79000000,3
marginal-hits,32,0.62703,40700000,3
marginal-hits,32,0.62659,6700000,3
marginal-hits,32,0.62468,4200000,3
marginal-hits,32,0.62909,16900000,3
marginal-hits,32,0.62964,50400000,3
marginal-hits,32,0.62741,41600000,3
marginal-hits,32,0.62378,38900000,3
marginal-hits,32,0.62743,37800000,3
marginal-hits,32,0.62849,29200000,3
marginal-hits,32,0.62605,29100000,3
marginal-hits,32,0.62514,10300000,3
marginal-hits,32,0.62658,5700000,3
marginal-hits,32,0.62702,54100000,3
marginal-hits,32,0.62773,45100000,3
marginal-hits,32,0.62601,43900000,3
marginal-hits,32,0.6266,33100000,3
marginal-hits,32,0.63103,63100000,3
marginal-hits,32,0.62927,53900000,3
marginal-hits,32,0.62964,50700000,3
marginal-hits,32,0.6274,900000,3
marginal-hits,32,0.62562,18900000,3
marginal-hits,32,0.62595,21200000,3
marginal-hits,32,0.62765,21300000,3
marginal-hits,32,0.62713,57100000,3
marginal-hits,32,0.62931,55900000,3
marginal-hits,32,0.62588,56900000,3
marginal-hits,32,0.62969,70100000,3
marginal-hits,32,0.62965,79900000,3
marginal-hits,32,0.62817,37300000,3
marginal-hits,32,0.629,53800000,3
marginal-hits,32,0.62926,51200000,3
marginal-hits,32,0.62961,45700000,3
marginal-hits,32,0.62624,27800000,3
marginal-hits,32,0.62396,26000000,3
marginal-hits,32,0.63047,19100000,3
marginal-hits,32,0.62576,21800000,3
marginal-hits,32,0.62735,61700000,3
marginal-hits,32,0.62576,51500000,3
marginal-hits,32,0.63528,38000000,3
marginal-hits,32,0.62879,29800000,3
marginal-hits,32,0.62749,4000000,3
marginal-hits,32,0.62602,4300000,3
marginal-hits,32,0.62617,20200000,3
marginal-hits,32,0.63315,22700000,3
marginal-hits,32,0.62551,65400000,3
marginal-hits,32,0.62906,10700000,3
marginal-hits,32,0.6311,2700000,3
marginal-hits,32,0.62824,15100000,3
marginal-hits,32,0.63044,15400000,3
marginal-hits,32,0.62651,19000000,3
marginal-hits,32,0.62729,73200000,3
marginal-hits,32,0.62825,76700000,3
marginal-hits,32,0.62854,78700000,3
marginal-hits,32,0.62697,79700000,3
marginal-hits,32,0.62751,31600000,3
marginal-hits,32,0.62388,49100000,3
marginal-hits,32,0.62459,42100000,3
marginal-hits,32,0.63253,47300000,3
marginal-hits,32,0.62508,27200000,3
marginal-hits,32,0.62785,11900000,3
marginal-hits,32,0.63072,25600000,3
marginal-hits,32,0.62964,32600000,3
marginal-hits,32,0.62407,6400000,3
marginal-hits,32,0.62633,23400000,3
marginal-hits,32,0.62544,59000000,3
marginal-hits,32,0.62777,62100000,3
marginal-hits,32,0.62568,68900000,3
marginal-hits,32,0.62453,13900000,3
marginal-hits,32,0.62693,17800000,3
marginal-hits,32,0.62753,52900000,3
marginal-hits,32,0.62482,43500000,3
marginal-hits,32,0.63461,3000000,3
marginal-hits,32,0.62632,19200000,3
marginal-hits,32,0.62734,45500000,3
marginal-hits,32,0.62415,4800000,3
marginal-hits,32,0.6255,19600000,3
marginal-hits,32,0.62509,72000000,3
marginal-hits,32,0.62509,75200000,3
marginal-hits,32,0.625,48400000,3
marginal-hits,32,0.63065,44500000,3
marginal-hits,32,0.62663,34500000,3
marginal-hits,32,0.62996,65100000,3
marginal-hits,32,0.62479,73300000,3
marginal-hits,32,0.62829,79500000,3
marginal-hits,32,0.6296,61200000,3
marginal-hits,32,0.62841,50000000,3
marginal-hits,32,0.62683,36300000,3
marginal-hits,32,0.62791,7900000,3
marginal-hits,32,0.62567,5100000,3
marginal-hits,32,0.62635,74200000,3
marginal-hits,32,0.63098,49300000,3
marginal-hits,32,0.62771,46900000,3
marginal-hits,32,0.62894,6500000,3
marginal-hits,32,0.62554,2600000,3
marginal-hits,32,0.62674,64600000,3
marginal-hits,32,0.62774,53500000,3
marginal-hits,32,0.62785,52800000,3
marginal-hits,32,0.62605,52400000,3
marginal-hits,32,0.62681,51900000,3
marginal-hits,32,0.62362,41500000,3
marginal-hits,32,0.63176,38200000,3
marginal-hits,32,0.63038,31800000,3
marginal-hits,32,0.62687,29300000,3
marginal-hits,32,0.63123,26900000,3
marginal-hits,32,0.62848,69600000,3
marginal-hits,32,0.63024,62800000,3
marginal-hits,32,0.62813,51400000,3
marginal-hits,32,0.62934,7000000,3
marginal-hits,32,0.62991,3600000,3
marginal-hits,32,0.62729,14200000,3
marginal-hits,32,0.62788,55000000,3
marginal-hits,32,0.6266,74500000,3
marginal-hits,32,0.63121,50600000,3
marginal-hits,32,0.62953,30100000,3
marginal-hits,32,0.62878,56300000,3
marginal-hits,32,0.62791,37900000,3
marginal-hits,32,0.62719,12000000,3
marginal-hits,32,0.63051,6900000,3
marginal-hits,32,0.62994,58100000,3
marginal-hits,32,0.62823,58600000,3
marginal-hits,32,0.62661,60300000,3
marginal-hits,32,0.62785,43200000,3
marginal-hits,32,0.63107,10000000,3
marginal-hits,32,0.62835,3900000,3
marginal-hits,32,0.6269,25200000,3
marginal-hits,32,0.62426,56600000,3
marginal-hits,32,0.62917,59700000,3
marginal-hits,32,0.6278,39600000,3
marginal-hits,32,0.62884,5200000,3
marginal-hits,32,0.6238,59100000,3
marginal-hits,32,0.62805,59300000,3
marginal-hits,32,0.62842,66200000,3
marginal-hits,32,0.62597,68400000,3
marginal-hits,32,0.62737,71700000,3
marginal-hits,32,0.62363,72700000,3
marginal-hits,32,0.62517,74100000,3
marginal-hits,32,0.62893,62700000,3
marginal-hits,32,0.6268,17900000,3
marginal-hits,32,0.62607,35100000,3
marginal-hits,32,0.62459,43000000,3
marginal-hits,32,0.62405,22500000,3
marginal-hits,32,0.62825,60500000,3
marginal-hits,32,0.62813,70900000,3
marginal-hits,32,0.62468,76400000,3
marginal-hits,32,0.62778,36200000,3
marginal-hits,32,0.6262,32500000,3
marginal-hits,32,0.62621,26200000,3
marginal-hits,32,0.62906,61300000,3
marginal-hits,32,0.62694,76300000,3
marginal-hits,32,0.6255,46700000,3
marginal-hits,32,0.62731,36800000,3
marginal-hits,32,0.62549,33400000,3
marginal-hits,32,0.62461,13400000,3
marginal-hits,32,0.62522,17600000,3
marginal-hits,32,0.62687,69400000,3
marginal-hits,32,0.62598,47100000,3
marginal-hits,32,0.62664,42000000,3
marginal-hits,32,0.62837,37400000,3
marginal-hits,32,0.63035,28700000,3
marginal-hits,32,0.62808,12100000,3
marginal-hits,32,0.62948,9900000,3
marginal-hits,32,0.62544,13300000,3
marginal-hits,32,0.62531,21700000,3
marginal-hits,32,0.63009,78200000,3
marginal-hits,32,0.62848,53200000,3
marginal-hits,32,0.62773,52600000,3
marginal-hits,32,0.62772,32100000,3
marginal-hits,32,0.62948,31500000,3
marginal-hits,32,0.62732,14700000,3
marginal-hits,32,0.62615,15900000,3
marginal-hits,32,0.62688,66500000,3
marginal-hits,32,0.62801,37600000,3
marginal-hits,32,0.62613,61400000,3
marginal-hits,32,0.62503,61900000,3
marginal-hits,32,0.62709,65900000,3
marginal-hits,32,0.6324,3100000,3
marginal-hits,32,0.62489,17000000,3
marginal-hits,32,0.62571,18000000,3
marginal-hits,32,0.62826,58900000,3
marginal-hits,32,0.6266,70500000,3
marginal-hits,32,0.62561,70800000,3
marginal-hits,32,0.62637,16000000,3
marginal-hits,32,0.6265,13700000,3
marginal-hits,32,0.63069,44700000,3
marginal-hits,32,0.62877,39500000,3
marginal-hits,32,0.62756,40000000,3
marginal-hits,32,0.62532,38800000,3
marginal-hits,32,0.6286,35500000,3
marginal-hits,32,0.63202,27300000,3
marginal-hits,32,0.62999,3700000,3
marginal-hits,32,0.62446,12800000,3
marginal-hits,32,0.62568,14600000,3
marginal-hits,32,0.62684,74400000,3
marginal-hits,32,0.62589,72200000,3
marginal-hits,32,0.62675,46600000,3
marginal-hits,32,0.62415,46500000,3
marginal-hits,32,0.62716,36700000,3
marginal-hits,32,0.62742,32000000,3
marginal-hits,32,0.62612,63200000,3
marginal-hits,32,0.62654,68800000,3
marginal-hits,32,0.62827,9400000,3
marginal-hits,32,0.62886,1900000,3
marginal-hits,32,0.62935,800000,3
marginal-hits,32,0.63141,4400000,3
marginal-hits,32,0.62745,16400000,3
marginal-hits,32,0.6255,68300000,3
marginal-hits,32,0.62849,73600000,3
marginal-hits,32,0.62997,75000000,3
marginal-hits,32,0.6284,76500000,3
marginal-hits,32,0.62924,34000000,3
marginal-hits,32,0.62805,49200000,3
marginal-hits,32,0.63078,31200000,3
marginal-hits,32,0.62562,25000000,3
marginal-hits,32,0.62668,25100000,3
marginal-hits,32,0.62845,28400000,3
marginal-hits,32,0.63184,2800000,3
marginal-hits,32,0.63104,700000,3
marginal-hits,32,0.62518,13800000,3
marginal-hits,32,0.6235,22600000,3
marginal-hits,32,0.62604,23500000,3
marginal-hits,32,0.62468,42300000,3
marginal-hits,32,0.6339,40200000,3
marginal-hits,32,0.63418,500000,3
marginal-hits,32,0.62421,17500000,3
marginal-hits,32,0.62613,23100000,3
marginal-hits,32,0.62866,55700000,3
marginal-hits,32,0.62968,65200000,3
marginal-hits,32,0.62928,77600000,3
marginal-hits,32,0.62785,12200000,3
marginal-hits,32,0.62363,41100000,3
marginal-hits,32,0.63277,44200000,3
marginal-hits,32,0.62692,33200000,3
marginal-hits,32,0.62943,30500000,3
marginal-hits,32,0.62494,2100000,3
marginal-hits,32,0.62539,56800000,3
marginal-hits,32,0.62312,59600000,3
marginal-hits,32,0.62834,67700000,3
marginal-hits,32,0.62743,73400000,3
marginal-hits,32,0.62462,41400000,3
marginal-hits,32,0.62677,39800000,3
marginal-hits,32,0.62884,34800000,3
marginal-hits,32,0.62763,25900000,3
marginal-hits,32,0.62848,18100000,3
marginal-hits,32,0.62834,64700000,3
marginal-hits,32,0.62696,48200000,3
marginal-hits,32,0.62721,12900000,3
marginal-hits,32,0.63201,30800000,3
marginal-hits,32,0.62709,8500000,3
marginal-hits,32,0.62626,8000000,3
marginal-hits,32,0.62673,50300000,3
marginal-hits,32,0.62706,45900000,3
marginal-hits,32,0.62567,17700000,3
marginal-hits,32,0.62781,24100000,3
marginal-hits,32,0.62861,66700000,3
marginal-hits,32,0.62496,35700000,3
marginal-hits,32,0.62813,6600000,3
marginal-hits,32,0.63265,16600000,3
marginal-hits,32,0.6299,34600000,3
marginal-hits,32,0.6302,28800000,3
marginal-hits,32,0.6281,20500000,3
marginal-hits,32,0.62366,20800000,3
marginal-hits,32,0.62799,24000000,3
marginal-hits,32,0.62777,56000000,3
marginal-hits,32,0.62513,66600000,3
marginal-hits,32,0.62875,72600000,3
marginal-hits,32,0.62989,40300000,3
marginal-hits,32,0.62507,7700000,3
marginal-hits,32,0.62586,7500000,3
marginal-hits,32,0.62528,21600000,3
marginal-hits,32,0.62792,74700000,3
marginal-hits,32,0.63097,28000000,3
marginal-hits,32,0.62777,8600000,3
marginal-hits,32,0.62564,24500000,3
marginal-hits,32,0.62842,77500000,3
marginal-hits,32,0.63113,50900000,3
marginal-hits,32,0.63259,45300000,3
marginal-hits,32,0.62559,56500000,3
marginal-hits,32,0.62555,58500000,3
marginal-hits,32,0.62858,75500000,3
marginal-hits,32,0.62655,78500000,3
marginal-hits,32,0.62414,23700000,3
marginal-hits,32,0.62552,24400000,3
marginal-hits,32,0.62936,54000000,3
marginal-hits,32,0.63017,40100000,3
marginal-hits,32,0.62812,7200000,3
marginal-hits,32,0.62803,16200000,3
marginal-hits,32,0.62827,63300000,3
marginal-hits,32,0.62527,75600000,3
marginal-hits,32,0.62876,47600000,3
marginal-hits,32,0.62774,26600000,3
marginal-hits,32,0.62683,7300000,3
marginal-hits,32,0.63036,15300000,3
marginal-hits,32,0.62803,21400000,3
marginal-hits,32,0.6332,57800000,3
marginal-hits,32,0.63258,33500000,3
marginal-hits,32,0.62948,56400000,3
marginal-hits,32,0.63078,66000000,3
marginal-hits,32,0.62779,71300000,3
marginal-hits,32,0.62343,13200000,3
marginal-hits,32,0.63057,30900000,3
marginal-hits,32,0.62951,10500000,3
marginal-hits,32,0.62551,7400000,3
marginal-hits,32,0.63391,22000000,3
marginal-hits,32,0.62817,55200000,3
marginal-hits,32,0.62623,50200000,3
marginal-hits,32,0.62919,42500000,3
marginal-hits,32,0.6298,600000,3
marginal-hits,32,0.62805,3300000,3
marginal-hits,32,0.6274,4600000,3
marginal-hits,32,0.62468,21000000,3
marginal-hits,32,0.62794,54400000,3
marginal-hits,32,0.62638,58200000,3
marginal-hits,32,0.62806,49500000,3
marginal-hits,32,0.63071,10100000,3
marginal-hits,32,0.62953,9800000,3
marginal-hits,32,0.62754,9700000,3
marginal-hits,32,0.62843,16800000,3
marginal-hits,32,0.62426,19500000,3
marginal-hits,32,0.62509,64800000,3
marginal-hits,32,0.62255,77800000,3
marginal-hits,32,0.62685,78800000,3
marginal-hits,32,0.62739,53300000,3
marginal-hits,32,0.62879,47400000,3
marginal-hits,32,0.62717,9600000,3
marginal-hits,32,0.62485,4700000,3
marginal-hits,32,0.6264,17200000,3
marginal-hits,32,0.62799,20400000,3
marginal-hits,32,0.63056,25400000,3
marginal-hits,32,0.62665,71400000,3
marginal-hits,32,0.62917,70600000,3
marginal-hits,32,0.62522,51600000,3
marginal-hits,32,0.6274,36400000,3
marginal-hits,32,0.62815,9000000,3
marginal-hits,32,0.62821,6200000,3
marginal-hits,32,0.62886,22800000,3
marginal-hits,32,0.63052,55400000,3
marginal-hits,32,0.62881,51000000,3
marginal-hits,32,0.62877,37500000,3
marginal-hits,32,0.62704,29900000,3
marginal-hits,32,0.62768,32900000,3
marginal-hits,32,0.62762,11400000,3
marginal-hits,32,0.62463,10800000,3
marginal-hits,32,0.62418,23200000,3
marginal-hits,32,0.6244,61600000,3
marginal-hits,32,0.6238,76000000,3
marginal-hits,32,0.62613,76800000,3
marginal-hits,32,0.62377,77700000,3
marginal-hits,32,0.62804,17100000,3
marginal-hits,32,0.62591,16100000,3
marginal-hits,32,0.62413,51800000,3
marginal-hits,32,0.63017,45600000,3
marginal-hits,32,0.63006,32700000,3
marginal-hits,32,0.624,31100000,3
marginal-hits,32,0.6267,11700000,3
marginal-hits,32,0.62857,25300000,3
marginal-hits,32,0.62621,38700000,3
marginal-hits,32,0.62661,13100000,3
marginal-hits,32,0.62849,65700000,3
marginal-hits,32,0.62909,39900000,3
marginal-hits,32,0.63185,34100000,3
marginal-hits,32,0.62692,32200000,3
marginal-hits,32,0.62951,29700000,3
marginal-hits,32,0.62419,62000000,3
marginal-hits,32,0.62535,78000000,3
marginal-hits,32,0.62941,44400000,3
marginal-hits,32,0.627,27900000,3
marginal-hits,32,0.62571,5500000,3
marginal-hits,32,0.62817,13000000,3
marginal-hits,32,0.6302,21900000,3
marginal-hits,32,0.63031,64000000,3
marginal-hits,32,0.62515,69300000,3
marginal-hits,32,0.6274,75100000,3
marginal-hits,32,0.626,49000000,3
marginal-hits,32,0.62699,52300000,3
marginal-hits,32,0.63116,34700000,3
marginal-hits,32,0.6239,26300000,3
marginal-hits,32,0.62597,8800000,3
marginal-hits,32,0.62797,3400000,3
marginal-hits,32,0.6288,19900000,3
marginal-hits,32,0.62948,25500000,3
marginal-hits,32,0.63153,77200000,3
marginal-hits,32,0.62647,44000000,3
marginal-hits,32,0.62541,62400000,3
marginal-hits,32,0.6277,67800000,3
marginal-hits,32,0.62449,72800000,3
marginal-hits,32,0.62904,76900000,3
marginal-hits,32,0.62596,43700000,3
marginal-hits,32,0.62922,38400000,3
marginal-hits,32,0.62725,6800000,3
marginal-hits,32,0.62818,54800000,3
marginal-hits,32,0.62999,65600000,3
marginal-hits,32,0.62438,67400000,3
marginal-hits,32,0.62588,68100000,3
marginal-hits,32,0.62949,77400000,3
marginal-hits,32,0.62877,69500000,3
marginal-hits,32,0.62916,42400000,3
marginal-hits,32,0.62558,41200000,3
marginal-hits,32,0.62861,39700000,3
marginal-hits,32,0.6249,11600000,3
marginal-hits,32,0.6285,7100000,3
marginal-hits,32,0.62679,69900000,3
marginal-hits,32,0.6336,52500000,3
marginal-hits,32,0.62927,51100000,3
marginal-hits,32,0.62447,8400000,3
marginal-hits,32,0.62839,56100000,3
marginal-hits,32,0.63148,63900000,3
marginal-hits,32,0.62578,40600000,3
marginal-hits,32,0.6306,14900000,3
marginal-hits,32,0.62237,77000000,3
marginal-hits,32,0.625,61500000,3
marginal-hits,32,0.62426,52200000,3
marginal-hits,32,0.62792,2500000,3
marginal-hits,32,0.62677,18500000,3
marginal-hits,32,0.62826,68700000,3
marginal-hits,32,0.62674,75900000,3
marginal-hits,32,0.62526,43400000,3
marginal-hits,32,0.62894,37100000,3
marginal-hits,32,0.62498,36000000,3
marginal-hits,32,0.63017,34400000,3
marginal-hits,32,0.62905,62600000,3
marginal-hits,32,0.62405,51700000,3
marginal-hits,32,0.62655,39000000,3
marginal-hits,32,0.62933,33700000,3
marginal-hits,32,0.62753,29500000,3
marginal-hits,32,0.6243,8200000,3
marginal-hits,32,0.73732,100000,3
marginal-hits,32,0.62379,24600000,3
marginal-hits,32,0.62713,59900000,3
marginal-hits,32,0.62902,65300000,3
marginal-hits,32,0.62368,48600000,3
marginal-hits,32,0.62836,48500000,3
marginal-hits,32,0.62336,5300000,3
marginal-hits,32,0.62961,63400000,3
marginal-hits,32,0.62845,66400000,3
marginal-hits,32,0.62613,35600000,3
marginal-hits,32,0.62545,32800000,3
marginal-hits,32,0.62844,27400000,3
marginal-hits,32,0.62605,1300000,3
marginal-hits,32,0.62598,24900000,3
marginal-hits,32,0.62667,58300000,3
marginal-hits,32,0.63213,66100000,3
marginal-hits,32,0.62613,70000000,3
marginal-hits,32,0.62815,71600000,3
marginal-hits,32,0.63202,77300000,3
marginal-hits,32,0.62789,60900000,3
marginal-hits,32,0.62635,35200000,3
marginal-hits,32,0.63006,28300000,3
marginal-hits,32,0.62841,15700000,3
marginal-hits,32,0.62792,79300000,3
marginal-hits,32,0.62495,41300000,3
marginal-hits,32,0.62678,35400000,3
marginal-hits,32,0.62515,11200000,3
marginal-hits,32,0.62956,15800000,3
marginal-hits,32,0.62655,56200000,3
marginal-hits,32,0.62531,69000000,3
marginal-hits,32,0.62664,25800000,3
marginal-hits,32,0.62659,5000000,3
marginal-hits,32,0.62715,19800000,3
marginal-hits,32,0.63375,57700000,3
marginal-hits,32,0.62761,74300000,3
marginal-hits,32,0.62847,79200000,3
marginal-hits,32,0.62711,35000000,3
marginal-hits,32,0.63388,34300000,3
marginal-hits,32,0.62851,30000000,3
marginal-hits,32,0.63353,11000000,3
marginal-hits,32,0.62757,18200000,3
marginal-hits,32,0.62607,21100000,3
marginal-hits,32,0.62868,24800000,3
marginal-hits,32,0.62953,57200000,3
marginal-hits,32,0.62802,68200000,3
marginal-hits,32,0.62618,2400000,3
marginal-hits,32,0.62454,20700000,3
marginal-hits,32,0.63518,44300000,3
marginal-hits,32,0.62845,36500000,3
marginal-hits,32,0.6274,15600000,3
marginal-hits,32,0.62563,18400000,3
marginal-hits,32,0.62731,23600000,3
marginal-hits,32,0.62735,67300000,3
marginal-hits,32,0.62693,68500000,3
marginal-hits,32,0.62743,52000000,3
marginal-hits,32,0.62837,46100000,3
marginal-hits,32,0.6288,27700000,3
marginal-hits,32,0.62858,25700000,3
marginal-hits,32,0.62621,5900000,3
marginal-hits,32,0.62842,20600000,3
marginal-hits,32,0.62695,66300000,3
marginal-hits,32,0.62971,71100000,3
marginal-hits,32,0.62608,33000000,3
marginal-hits,32,0.62515,60400000,3
marginal-hits,32,0.62647,73900000,3
marginal-hits,32,0.63195,67600000,3
marginal-hits,32,0.63027,50500000,3
marginal-hits,32,0.62985,49800000,3
marginal-hits,32,0.62948,44600000,3
marginal-hits,32,0.6265,3200000,3
marginal-hits,32,0.62945,13500000,3
marginal-hits,32,0.62667,18300000,3
marginal-hits,32,0.625,18600000,3
marginal-hits,32,0.6283,13600000,3
marginal-hits,32,0.63394,16500000,3
marginal-hits,32,0.62555,57300000,3
marginal-hits,32,0.63165,53000000,3
marginal-hits,32,0.62453,48700000,3
marginal-hits,32,0.6302,39200000,3
marginal-hits,32,0.63388,10400000,3
marginal-hits,32,0.62672,14500000,3
marginal-hits,32,0.62847,64100000,3
marginal-hits,32,0.62467,60800000,3
marginal-hits,32,0.62658,44800000,3
marginal-hits,32,0.62984,27100000,3
marginal-hits,32,0.62714,19700000,3
marginal-hits,32,0.63308,67000000,3
marginal-hits,32,0.6307,74800000,3
marginal-hits,32,0.62919,78900000,3
marginal-hits,32,0.62767,45800000,3
marginal-hits,32,0.62646,8300000,3
marginal-hits,32,0.62837,14400000,3
marginal-hits,32,0.62624,21500000,3
marginal-hits,32,0.62539,58800000,3
marginal-hits,32,0.62938,62500000,3
marginal-hits,32,0.62694,52700000,3
marginal-hits,32,0.63372,39300000,3
marginal-hits,32,0.62882,38100000,3
marginal-hits,32,0.62941,19300000,3
marginal-hits,32,0.6286,50100000,3
marginal-hits,32,0.62645,40800000,3
marginal-hits,32,0.62802,54900000,3
marginal-hits,32,0.62439,58400000,3
marginal-hits,32,0.62671,74900000,3
marginal-hits,32,0.62271,1600000,3
marginal-hits,32,0.62606,5800000,3
marginal-hits,32,0.62611,59800000,3
marginal-hits,32,0.62702,76600000,3
marginal-hits,32,0.62763,34900000,3
marginal-hits,32,0.62821,4100000,3
marginal-hits,32,0.62989,58000000,3
marginal-hits,32,0.62469,59500000,3
marginal-hits,32,0.62882,49400000,3
marginal-hits,32,0.62823,46000000,3
marginal-hits,32,0.6293,45400000,3
marginal-hits,32,0.627,44100000,3
marginal-hits,32,0.6293,4500000,3
marginal-hits,32,0.62663,69100000,3
marginal-hits,32,0.62748,74600000,3
marginal-hits,32,0.62489,53700000,3
marginal-hits,32,0.62498,41000000,3
marginal-hits,32,0.62837,38600000,3
marginal-hits,32,0.63088,28100000,3
marginal-hits,32,0.62946,60700000,3
marginal-hits,32,0.62573,63600000,3
marginal-hits,32,0.62695,68600000,3
marginal-hits,32,0.62788,78600000,3
marginal-hits,32,0.62437,71900000,3
marginal-hits,32,0.62468,48800000,3
marginal-hits,32,0.62802,10600000,3
marginal-hits,32,0.62706,14100000,3
marginal-hits,32,0.63143,55500000,3
marginal-hits,32,0.62435,68000000,3
marginal-hits,32,0.62628,48000000,3
marginal-hits,32,0.63209,26500000,3
marginal-hits,32,0.62633,12600000,3
marginal-hits,32,0.62562,70300000,3
marginal-hits,32,0.63134,53600000,3
marginal-hits,32,0.63172,47200000,3
marginal-hits,32,0.62824,33800000,3
marginal-hits,32,0.62699,18800000,3
marginal-hits,32,0.62971,67500000,3
marginal-hits,32,0.63062,78300000,3
marginal-hits,32,0.62715,53400000,3
marginal-hits,32,0.62792,27500000,3
marginal-hits,32,0.62515,1500000,3
marginal-hits,32,0.62668,15200000,3
marginal-hits,32,0.6283,24300000,3
marginal-hits,32,0.62815,64900000,3
marginal-hits,32,0.62341,61800000,3
marginal-hits,32,0.63079,49700000,3
marginal-hits,32,0.629,29400000,3
marginal-hits,32,0.6325,9300000,3
marginal-hits,32,0.6264,9100000,3
marginal-hits,32,0.62784,6000000,3
marginal-hits,32,0.62633,17400000,3
marginal-hits,32,0.62563,76100000,3
marginal-hits,32,0.62937,71200000,3
marginal-hits,32,0.62628,45000000,3
marginal-hits,32,0.62614,60600000,3
marginal-hits,32,0.62481,76200000,3
marginal-hits,32,0.65179,200000,3
marginal-hits,32,0.62502,12700000,3
marginal-hits,32,0.6266,62200000,3
marginal-hits,32,0.63449,63800000,3
marginal-hits,32,0.62613,67900000,3
marginal-hits,32,0.629,33600000,3
marginal-hits,32,0.62514,27600000,3
marginal-hits,32,0.62816,30600000,3
marginal-hits,32,0.62899,28900000,3
marginal-hits,32,0.62731,26100000,3
marginal-hits,32,0.62819,15000000,3
marginal-hits,32,0.62743,61000000,3
marginal-hits,32,0.6322,66800000,3
marginal-hits,32,0.6252,35900000,3
marginal-hits,32,0.62693,6100000,3
marginal-hits,32,0.62785,14300000,3
marginal-hits,32,0.63184,62900000,3
marginal-hits,32,0.62754,63700000,3
marginal-hits,32,0.62746,47800000,3
marginal-hits,32,0.62322,42900000,3
marginal-hits,32,0.62524,46300000,3
tail-age,32,0.64062,51300000,12
tail-age,32,0.64236,46200000,12
tail-age,32,0.64129,40500000,12
tail-age,32,0.64021,33300000,12
tail-age,32,0.6402,31400000,12
tail-age,32,0.64181,3800000,12
tail-age,32,0.64281,37000000,12
tail-age,32,0.0,0,12
tail-age,32,0.63948,400000,12
tail-age,32,0.64395,3500000,12
tail-age,32,0.64018,4900000,12
tail-age,32,0.64149,54600000,12
tail-age,32,0.64003,73100000,12
tail-age,32,0.64019,75300000,12
tail-age,32,0.63902,36600000,12
tail-age,32,0.64169,30400000,12
tail-age,32,0.64151,30200000,12
tail-age,32,0.63948,29000000,12
tail-age,32,0.64261,24700000,12
tail-age,32,0.63848,54500000,12
tail-age,32,0.63949,43800000,12
tail-age,32,0.64234,33900000,12
tail-age,32,0.63991,71000000,12
tail-age,32,0.63928,79400000,12
tail-age,32,0.63793,36900000,12
tail-age,32,0.64197,26400000,12
tail-age,32,0.64376,11500000,12
tail-age,32,0.64174,9500000,12
tail-age,32,0.63966,22900000,12
tail-age,32,0.63989,23800000,12
tail-age,32,0.6378,62300000,12
tail-age,32,0.64141,65000000,12
tail-age,32,0.63998,49600000,12
tail-age,32,0.63793,42700000,12
tail-age,32,0.64234,28600000,12
tail-age,32,0.64157,9200000,12
tail-age,32,0.64062,1000000,12
tail-age,32,0.64181,65500000,12
tail-age,32,0.64039,43300000,12
tail-age,32,0.64018,40400000,12
tail-age,32,0.64038,32300000,12
tail-age,32,0.63892,7800000,12
tail-age,32,0.63904,23000000,12
tail-age,32,0.63926,55600000,12
tail-age,32,0.64044,60200000,12
tail-age,32,0.64142,1100000,12
tail-age,32,0.6396,5400000,12
tail-age,32,0.64166,22300000,12
tail-age,32,0.64,55800000,12
tail-age,32,0.63823,77900000,12
tail-age,32,0.64028,49900000,12
tail-age,32,0.63881,43600000,12
tail-age,32,0.64071,2300000,12
tail-age,32,0.63986,54700000,12
tail-age,32,0.64176,56700000,12
tail-age,32,0.64133,72500000,12
tail-age,32,0.64246,74000000,12
tail-age,32,0.64094,53100000,12
tail-age,32,0.64112,41700000,12
tail-age,32,0.64114,34200000,12
tail-age,32,0.63901,27000000,12
tail-age,32,0.63929,12500000,12
tail-age,32,0.64144,8700000,12
tail-age,32,0.64085,60100000,12
tail-age,32,0.64116,69200000,12
tail-age,32,0.64177,73500000,12
tail-age,32,0.6414,46800000,12
tail-age,32,0.63916,31900000,12
tail-age,32,0.63948,28200000,12
tail-age,32,0.64419,1800000,12
tail-age,32,0.64062,69800000,12
tail-age,32,0.64063,72300000,12
tail-age,32,0.64169,79100000,12
tail-age,32,0.64147,79600000,12
tail-age,32,0.64053,48300000,12
tail-age,32,0.64043,39400000,12
tail-age,32,0.63936,7600000,12
tail-age,32,0.64075,2200000,12
tail-age,32,0.64028,300000,12
tail-age,32,0.64006,14800000,12
tail-age,32,0.64171,16700000,12
tail-age,32,0.64019,22100000,12
tail-age,32,0.64039,79800000,12
tail-age,32,0.63996,47900000,12
tail-age,32,0.63839,47700000,12
tail-age,32,0.63824,40900000,12
tail-age,32,0.63875,20100000,12
tail-age,32,0.63965,20300000,12
tail-age,32,0.63996,57500000,12
tail-age,32,0.64,63000000,12
tail-age,32,0.64075,71500000,12
tail-age,32,0.64227,8100000,12
tail-age,32,0.63867,2900000,12
tail-age,32,0.64218,14000000,12
tail-age,32,0.64187,22200000,12
tail-age,32,0.64026,55300000,12
tail-age,32,0.64143,57400000,12
tail-age,32,0.64152,67200000,12
tail-age,32,0.63872,70200000,12
tail-age,32,0.63894,72100000,12
tail-age,32,0.63958,78400000,12
tail-age,32,0.63903,26800000,12
tail-age,32,0.63892,65800000,12
tail-age,32,0.64109,67100000,12
tail-age,32,0.64168,37200000,12
tail-age,32,0.64016,10900000,12
tail-age,32,0.64015,16300000,12
tail-age,32,0.64215,22400000,12
tail-age,32,0.64142,71800000,12
tail-age,32,0.64038,72400000,12
tail-age,32,0.63887,50800000,12
tail-age,32,0.64214,38500000,12
tail-age,32,0.64123,29600000,12
tail-age,32,0.64273,28500000,12
tail-age,32,0.63981,26700000,12
tail-age,32,0.64119,75800000,12
tail-age,32,0.63957,23900000,12
tail-age,32,0.64138,59200000,12
tail-age,32,0.63987,47500000,12
tail-age,32,0.63891,42600000,12
tail-age,32,0.64049,35300000,12
tail-age,32,0.6403,30700000,12
tail-age,32,0.64182,72900000,12
tail-age,32,0.63939,73800000,12
tail-age,32,0.63899,52100000,12
tail-age,32,0.64094,38300000,12
tail-age,32,0.63988,42800000,12
tail-age,32,0.63895,12300000,12
tail-age,32,0.63886,6300000,12
tail-age,32,0.63992,64300000,12
tail-age,32,0.64026,75400000,12
tail-age,32,0.64142,75700000,12
tail-age,32,0.64273,45200000,12
tail-age,32,0.64272,41900000,12
tail-age,32,0.64159,37700000,12
tail-age,32,0.64125,30300000,12
tail-age,32,0.64004,54200000,12
tail-age,32,0.63955,55100000,12
tail-age,32,0.64093,57900000,12
tail-age,32,0.63851,59400000,12
tail-age,32,0.64075,70400000,12
tail-age,32,0.64311,47000000,12
tail-age,32,0.64054,43100000,12
tail-age,32,0.64203,35800000,12
tail-age,32,0.64167,2000000,12
tail-age,32,0.64003,1700000,12
tail-age,32,0.64017,1200000,12
tail-age,32,0.64069,5600000,12
tail-age,32,0.64164,15500000,12
tail-age,32,0.64132,20000000,12
tail-age,32,0.64229,78100000,12
tail-age,32,0.63856,12400000,12
tail-age,32,0.64134,8900000,12
tail-age,32,0.63991,24200000,12
tail-age,32,0.64019,54300000,12
tail-age,32,0.64089,58700000,12
tail-age,32,0.63819,60000000,12
tail-age,32,0.64142,64500000,12
tail-age,32,0.64137,48900000,12
tail-age,32,0.64125,42200000,12
tail-age,32,0.63874,11800000,12
tail-age,32,0.64147,17300000,12
tail-age,32,0.64115,20900000,12
tail-age,32,0.64122,57600000,12
tail-age,32,0.64254,63500000,12
tail-age,32,0.64196,66900000,12
tail-age,32,0.64141,77100000,12
tail-age,32,0.64128,31300000,12
tail-age,32,0.64004,44900000,12
tail-age,32,0.64157,41800000,12
tail-age,32,0.64064,39100000,12
tail-age,32,0.64002,11300000,12
tail-age,32,0.63923,10200000,12
tail-age,32,0.64158,1400000,12
tail-age,32,0.64179,23300000,12
tail-age,32,0.64031,46400000,12
tail-age,32,0.63929,31700000,12
tail-age,32,0.63868,31000000,12
tail-age,32,0.64132,73700000,12
tail-age,32,0.64344,61100000,12
tail-age,32,0.64043,11100000,12
tail-age,32,0.64058,19400000,12
tail-age,32,0.64009,57000000,12
tail-age,32,0.64248,70700000,12
tail-age,32,0.64316,48100000,12
tail-age,32,0.64111,69700000,12
tail-age,32,0.64231,36100000,12
tail-age,32,0.63877,32400000,12
tail-age,32,0.6395,18700000,12
tail-age,32,0.64013,64200000,12
tail-age,32,0.64126,64400000,12
tail-age,32,0.64308,73000000,12
tail-age,32,0.63943,79000000,12
tail-age,32,0.63938,40700000,12
tail-age,32,0.64054,6700000,12
tail-age,32,0.63952,4200000,12
tail-age,32,0.64141,16900000,12
tail-age,32,0.64333,50400000,12
tail-age,32,0.64146,41600000,12
tail-age,32,0.63808,38900000,12
tail-age,32,0.64108,37800000,12
tail-age,32,0.64211,29200000,12
tail-age,32,0.63874,29100000,12
tail-age,32,0.63938,10300000,12
tail-age,32,0.64091,5700000,12
tail-age,32,0.63774,54100000,12
tail-age,32,0.63791,45100000,12
tail-age,32,0.64025,43900000,12
tail-age,32,0.63981,33100000,12
tail-age,32,0.64156,63100000,12
tail-age,32,0.6423,53900000,12
tail-age,32,0.63991,50700000,12
tail-age,32,0.6401,900000,12
tail-age,32,0.63922,18900000,12
tail-age,32,0.63944,21200000,12
tail-age,32,0.64191,21300000,12
tail-age,32,0.63977,57100000,12
tail-age,32,0.64213,55900000,12
tail-age,32,0.63902,56900000,12
tail-age,32,0.64179,70100000,12
tail-age,32,0.63933,79900000,12
tail-age,32,0.64157,37300000,12
tail-age,32,0.64005,53800000,12
tail-age,32,0.64036,51200000,12
tail-age,32,0.64166,45700000,12
tail-age,32,0.63886,27800000,12
tail-age,32,0.64051,26000000,12
tail-age,32,0.64151,19100000,12
tail-age,32,0.64052,21800000,12
tail-age,32,0.64087,61700000,12
tail-age,32,0.63901,51500000,12
tail-age,32,0.64058,38000000,12
tail-age,32,0.64065,29800000,12
tail-age,32,0.64156,4000000,12
tail-age,32,0.63976,4300000,12
tail-age,32,0.63965,20200000,12
tail-age,32,0.63925,22700000,12
tail-age,32,0.64016,65400000,12
tail-age,32,0.64159,10700000,12
tail-age,32,0.64011,2700000,12
tail-age,32,0.64147,15100000,12
tail-age,32,0.64364,15400000,12
tail-age,32,0.64038,19000000,12
tail-age,32,0.63962,73200000,12
tail-age,32,0.64191,76700000,12
tail-age,32,0.63987,78700000,12
tail-age,32,0.64249,79700000,12
tail-age,32,0.64073,31600000,12
tail-age,32,0.63978,49100000,12
tail-age,32,0.64006,42100000,12
tail-age,32,0.64288,47300000,12
tail-age,32,0.63936,27200000,12
tail-age,32,0.64277,11900000,12
tail-age,32,0.64326,25600000,12
tail-age,32,0.63891,32600000,12
tail-age,32,0.63869,6400000,12
tail-age,32,0.64188,23400000,12
tail-age,32,0.63922,59000000,12
tail-age,32,0.6405,62100000,12
tail-age,32,0.63946,68900000,12
tail-age,32,0.63838,13900000,12
tail-age,32,0.63962,17800000,12
tail-age,32,0.64069,52900000,12
tail-age,32,0.63987,43500000,12
tail-age,32,0.63894,3000000,12
tail-age,32,0.64021,19200000,12
tail-age,32,0.64061,45500000,12
tail-age,32,0.6397,4800000,12
tail-age,32,0.63854,19600000,12
tail-age,32,0.63903,72000000,12
tail-age,32,0.63939,75200000,12
tail-age,32,0.63933,48400000,12
tail-age,32,0.64261,44500000,12
tail-age,32,0.63939,34500000,12
tail-age,32,0.64213,65100000,12
tail-age,32,0.63943,73300000,12
tail-age,32,0.64223,79500000,12
tail-age,32,0.64154,61200000,12
tail-age,32,0.639,50000000,12
tail-age,32,0.63866,36300000,12
tail-age,32,0.64155,7900000,12
tail-age,32,0.63948,5100000,12
tail-age,32,0.64141,74200000,12
tail-age,32,0.63813,49300000,12
tail-age,32,0.64247,46900000,12
tail-age,32,0.6401,6500000,12
tail-age,32,0.63928,2600000,12
tail-age,32,0.64092,64600000,12
tail-age,32,0.64048,53500000,12
tail-age,32,0.63996,52800000,12
tail-age,32,0.63965,52400000,12
tail-age,32,0.6395,51900000,12
tail-age,32,0.63931,41500000,12
tail-age,32,0.64446,38200000,12
tail-age,32,0.64113,31800000,12
tail-age,32,0.64088,29300000,12
tail-age,32,0.6399,26900000,12
tail-age,32,0.64211,69600000,12
tail-age,32,0.63996,62800000,12
tail-age,32,0.64037,51400000,12
tail-age,32,0.64227,7000000,12
tail-age,32,0.64066,3600000,12
tail-age,32,0.63883,14200000,12
tail-age,32,0.63897,55000000,12
tail-age,32,0.64042,74500000,12
tail-age,32,0.64057,50600000,12
tail-age,32,0.64194,30100000,12
tail-age,32,0.64105,56300000,12
tail-age,32,0.64031,37900000,12
tail-age,32,0.64197,12000000,12
tail-age,32,0.64262,6900000,12
tail-age,32,0.64161,58100000,12
tail-age,32,0.64141,58600000,12
tail-age,32,0.64133,60300000,12
tail-age,32,0.64139,43200000,12
tail-age,32,0.63964,10000000,12
tail-age,32,0.64048,3900000,12
tail-age,32,0.64009,25200000,12
tail-age,32,0.6391,56600000,12
tail-age,32,0.6406,59700000,12
tail-age,32,0.64042,39600000,12
tail-age,32,0.64312,5200000,12
tail-age,32,0.63991,59100000,12
tail-age,32,0.64094,59300000,12
tail-age,32,0.63911,66200000,12
tail-age,32,0.6386,68400000,12
tail-age,32,0.64285,71700000,12
tail-age,32,0.63868,72700000,12
tail-age,32,0.64083,74100000,12
tail-age,32,0.64084,62700000,12
tail-age,32,0.64171,17900000,12
tail-age,32,0.64083,35100000,12
tail-age,32,0.63814,43000000,12
tail-age,32,0.63952,22500000,12
tail-age,32,0.63906,60500000,12
tail-age,32,0.6385,70900000,12
tail-age,32,0.64021,76400000,12
tail-age,32,0.64025,36200000,12
tail-age,32,0.64019,32500000,12
tail-age,32,0.64062,26200000,12
tail-age,32,0.64115,61300000,12
tail-age,32,0.6406,76300000,12
tail-age,32,0.63967,46700000,12
tail-age,32,0.6424,36800000,12
tail-age,32,0.64125,33400000,12
tail-age,32,0.64055,13400000,12
tail-age,32,0.63986,17600000,12
tail-age,32,0.64132,69400000,12
tail-age,32,0.64076,47100000,12
tail-age,32,0.64164,42000000,12
tail-age,32,0.64114,37400000,12
tail-age,32,0.64187,28700000,12
tail-age,32,0.64342,12100000,12
tail-age,32,0.63968,9900000,12
tail-age,32,0.64178,13300000,12
tail-age,32,0.639,21700000,12
tail-age,32,0.64063,78200000,12
tail-age,32,0.63896,53200000,12
tail-age,32,0.63939,52600000,12
tail-age,32,0.64054,32100000,12
tail-age,32,0.64127,31500000,12
tail-age,32,0.63919,14700000,12
tail-age,32,0.63935,15900000,12
tail-age,32,0.6395,66500000,12
tail-age,32,0.64155,37600000,12
tail-age,32,0.64074,61400000,12
tail-age,32,0.63868,61900000,12
tail-age,32,0.63871,65900000,12
tail-age,32,0.64164,3100000,12
tail-age,32,0.63875,17000000,12
tail-age,32,0.63772,18000000,12
tail-age,32,0.64125,58900000,12
tail-age,32,0.63993,70500000,12
tail-age,32,0.63844,70800000,12
tail-age,32,0.64227,16000000,12
tail-age,32,0.64106,13700000,12
tail-age,32,0.64098,44700000,12
tail-age,32,0.64103,39500000,12
tail-age,32,0.64138,40000000,12
tail-age,32,0.64058,38800000,12
tail-age,32,0.64196,35500000,12
tail-age,32,0.63969,27300000,12
tail-age,32,0.64072,3700000,12
tail-age,32,0.63924,12800000,12
tail-age,32,0.63969,14600000,12
tail-age,32,0.63862,74400000,12
tail-age,32,0.64052,72200000,12
tail-age,32,0.63959,46600000,12
tail-age,32,0.6406,46500000,12
tail-age,32,0.63939,36700000,12
tail-age,32,0.63975,32000000,12
tail-age,32,0.6384,63200000,12
tail-age,32,0.64036,68800000,12
tail-age,32,0.63957,9400000,12
tail-age,32,0.64096,1900000,12
tail-age,32,0.64102,800000,12
tail-age,32,0.64237,4400000,12
tail-age,32,0.63777,16400000,12
tail-age,32,0.63905,68300000,12
tail-age,32,0.64131,73600000,12
tail-age,32,0.64229,75000000,12
tail-age,32,0.64005,76500000,12
tail-age,32,0.64307,34000000,12
tail-age,32,0.64215,49200000,12
tail-age,32,0.63932,31200000,12
tail-age,32,0.64046,25000000,12
tail-age,32,0.641,25100000,12
tail-age,32,0.63971,28400000,12
tail-age,32,0.64147,2800000,12
tail-age,32,0.64187,700000,12
tail-age,32,0.63975,13800000,12
tail-age,32,0.6378,22600000,12
tail-age,32,0.63974,23500000,12
tail-age,32,0.63835,42300000,12
tail-age,32,0.64134,40200000,12
tail-age,32,0.6396,500000,12
tail-age,32,0.64003,17500000,12
tail-age,32,0.63998,23100000,12
tail-age,32,0.6397,55700000,12
tail-age,32,0.64239,65200000,12
tail-age,32,0.64176,77600000,12
tail-age,32,0.64137,12200000,12
tail-age,32,0.63867,41100000,12
tail-age,32,0.64088,44200000,12
tail-age,32,0.6424,33200000,12
tail-age,32,0.64041,30500000,12
tail-age,32,0.64066,2100000,12
tail-age,32,0.6397,56800000,12
tail-age,32,0.63836,59600000,12
tail-age,32,0.64013,67700000,12
tail-age,32,0.64045,73400000,12
tail-age,32,0.63966,41400000,12
tail-age,32,0.63999,39800000,12
tail-age,32,0.64084,34800000,12
tail-age,32,0.64246,25900000,12
tail-age,32,0.64291,18100000,12
tail-age,32,0.64031,64700000,12
tail-age,32,0.64152,48200000,12
tail-age,32,0.64232,12900000,12
tail-age,32,0.64302,30800000,12
tail-age,32,0.64188,8500000,12
tail-age,32,0.64082,8000000,12
tail-age,32,0.63972,50300000,12
tail-age,32,0.64096,45900000,12
tail-age,32,0.64073,17700000,12
tail-age,32,0.64187,24100000,12
tail-age,32,0.64085,66700000,12
tail-age,32,0.63977,35700000,12
tail-age,32,0.64139,6600000,12
tail-age,32,0.64035,16600000,12
tail-age,32,0.64162,34600000,12
tail-age,32,0.64171,28800000,12
tail-age,32,0.64101,20500000,12
tail-age,32,0.63828,20800000,12
tail-age,32,0.63956,24000000,12
tail-age,32,0.64098,56000000,12
tail-age,32,0.63916,66600000,12
tail-age,32,0.64046,72600000,12
tail-age,32,0.63957,40300000,12
tail-age,32,0.64073,7700000,12
tail-age,32,0.63969,7500000,12
tail-age,32,0.64003,21600000,12
tail-age,32,0.63978,74700000,12
tail-age,32,0.64362,28000000,12
tail-age,32,0.63943,8600000,12
tail-age,32,0.64006,24500000,12
tail-age,32,0.64076,77500000,12
tail-age,32,0.64079,50900000,12
tail-age,32,0.64152,45300000,12
tail-age,32,0.64186,56500000,12
tail-age,32,0.64047,58500000,12
tail-age,32,0.64097,75500000,12
tail-age,32,0.64176,78500000,12
tail-age,32,0.63842,23700000,12
tail-age,32,0.63857,24400000,12
tail-age,32,0.64167,54000000,12
tail-age,32,0.63778,40100000,12
tail-age,32,0.63931,7200000,12
tail-age,32,0.64063,16200000,12
tail-age,32,0.64109,63300000,12
tail-age,32,0.63901,75600000,12
tail-age,32,0.64111,47600000,12
tail-age,32,0.6402,26600000,12
tail-age,32,0.63927,7300000,12
tail-age,32,0.6418,15300000,12
tail-age,32,0.64349,21400000,12
tail-age,32,0.64144,57800000,12
tail-age,32,0.64032,33500000,12
tail-age,32,0.63986,56400000,12
tail-age,32,0.64138,66000000,12
tail-age,32,0.64113,71300000,12
tail-age,32,0.63801,13200000,12
tail-age,32,0.6422,30900000,12
tail-age,32,0.63984,10500000,12
tail-age,32,0.64113,7400000,12
tail-age,32,0.64325,22000000,12
tail-age,32,0.64235,55200000,12
tail-age,32,0.6408,50200000,12
tail-age,32,0.64074,42500000,12
tail-age,32,0.63741,600000,12
tail-age,32,0.6392,3300000,12
tail-age,32,0.64056,4600000,12
tail-age,32,0.639,21000000,12
tail-age,32,0.64076,54400000,12
tail-age,32,0.63955,58200000,12
tail-age,32,0.63984,49500000,12
tail-age,32,0.64028,10100000,12
tail-age,32,0.64101,9800000,12
tail-age,32,0.64045,9700000,12
tail-age,32,0.64247,16800000,12
tail-age,32,0.63774,19500000,12
tail-age,32,0.63728,64800000,12
tail-age,32,0.6384,77800000,12
tail-age,32,0.6407,78800000,12
tail-age,32,0.63946,53300000,12
tail-age,32,0.64061,47400000,12
tail-age,32,0.63936,9600000,12
tail-age,32,0.64078,4700000,12
tail-age,32,0.6397,17200000,12
tail-age,32,0.64071,20400000,12
tail-age,32,0.64145,25400000,12
tail-age,32,0.63986,71400000,12
tail-age,32,0.64285,70600000,12
tail-age,32,0.64023,51600000,12
tail-age,32,0.6399,36400000,12
tail-age,32,0.64206,9000000,12
tail-age,32,0.64079,6200000,12
tail-age,32,0.63959,22800000,12
tail-age,32,0.64157,55400000,12
tail-age,32,0.64107,51000000,12
tail-age,32,0.64036,37500000,12
tail-age,32,0.64046,29900000,12
tail-age,32,0.63892,32900000,12
tail-age,32,0.6419,11400000,12
tail-age,32,0.63954,10800000,12
tail-age,32,0.6405,23200000,12
tail-age,32,0.63995,61600000,12
tail-age,32,0.63928,76000000,12
tail-age,32,0.64116,76800000,12
tail-age,32,0.63864,77700000,12
tail-age,32,0.64204,17100000,12
tail-age,32,0.64023,16100000,12
tail-age,32,0.63851,51800000,12
tail-age,32,0.64003,45600000,12
tail-age,32,0.64135,32700000,12
tail-age,32,0.63897,31100000,12
tail-age,32,0.64017,11700000,12
tail-age,32,0.64016,25300000,12
tail-age,32,0.63951,38700000,12
tail-age,32,0.64095,13100000,12
tail-age,32,0.64112,65700000,12
tail-age,32,0.63931,39900000,12
tail-age,32,0.64139,34100000,12
tail-age,32,0.64,32200000,12
tail-age,32,0.64125,29700000,12
tail-age,32,0.63923,62000000,12
tail-age,32,0.63898,78000000,12
tail-age,32,0.64019,44400000,12
tail-age,32,0.64013,27900000,12
tail-age,32,0.64042,5500000,12
tail-age,32,0.64329,13000000,12
tail-age,32,0.64036,21900000,12
tail-age,32,0.64058,64000000,12
tail-age,32,0.63878,69300000,12
tail-age,32,0.64136,75100000,12
tail-age,32,0.64023,49000000,12
tail-age,32,0.6398,52300000,12
tail-age,32,0.64309,34700000,12
tail-age,32,0.63912,26300000,12
tail-age,32,0.64014,8800000,12
tail-age,32,0.64159,3400000,12
tail-age,32,0.63734,19900000,12
tail-age,32,0.64045,25500000,12
tail-age,32,0.64054,77200000,12
tail-age,32,0.6405,44000000,12
tail-age,32,0.6394,62400000,12
tail-age,32,0.64054,67800000,12
tail-age,32,0.63857,72800000,12
tail-age,32,0.64166,76900000,12
tail-age,32,0.63975,43700000,12
tail-age,32,0.64074,38400000,12
tail-age,32,0.64033,6800000,12
tail-age,32,0.64007,54800000,12
tail-age,32,0.64091,65600000,12
tail-age,32,0.63969,67400000,12
tail-age,32,0.6407,68100000,12
tail-age,32,0.64089,77400000,12
tail-age,32,0.64131,69500000,12
tail-age,32,0.64008,42400000,12
tail-age,32,0.64299,41200000,12
tail-age,32,0.64262,39700000,12
tail-age,32,0.63804,11600000,12
tail-age,32,0.63964,7100000,12
tail-age,32,0.63996,69900000,12
tail-age,32,0.64196,52500000,12
tail-age,32,0.64091,51100000,12
tail-age,32,0.64066,8400000,12
tail-age,32,0.64197,56100000,12
tail-age,32,0.64063,63900000,12
tail-age,32,0.638,40600000,12
tail-age,32,0.64148,14900000,12
tail-age,32,0.63785,77000000,12
tail-age,32,0.63931,61500000,12
tail-age,32,0.63945,52200000,12
tail-age,32,0.64189,2500000,12
tail-age,32,0.64031,18500000,12
tail-age,32,0.64165,68700000,12
tail-age,32,0.64031,75900000,12
tail-age,32,0.63834,43400000,12
tail-age,32,0.63972,37100000,12
tail-age,32,0.63917,36000000,12
tail-age,32,0.63981,34400000,12
tail-age,32,0.6398,62600000,12
tail-age,32,0.63964,51700000,12
tail-age,32,0.64021,39000000,12
tail-age,32,0.63995,33700000,12
tail-age,32,0.64099,29500000,12
tail-age,32,0.6392,8200000,12
tail-age,32,0.73732,100000,12
tail-age,32,0.63887,24600000,12
tail-age,32,0.63793,59900000,12
tail-age,32,0.64397,65300000,12
tail-age,32,0.63889,48600000,12
tail-age,32,0.64244,48500000,12
tail-age,32,0.63887,5300000,12
tail-age,32,0.64006,63400000,12
tail-age,32,0.64201,66400000,12
tail-age,32,0.64064,35600000,12
tail-age,32,0.63938,32800000,12
tail-age,32,0.63821,27400000,12
tail-age,32,0.64058,1300000,12
tail-age,32,0.64114,24900000,12
tail-age,32,0.64062,58300000,12
tail-age,32,0.64004,66100000,12
tail-age,32,0.64105,70000000,12
tail-age,32,0.64092,71600000,12
tail-age,32,0.64107,77300000,12
tail-age,32,0.64092,60900000,12
tail-age,32,0.6424,35200000,12
tail-age,32,0.64223,28300000,12
tail-age,32,0.6426,15700000,12
tail-age,32,0.64127,79300000,12
tail-age,32,0.6404,41300000,12
tail-age,32,0.6409,35400000,12
tail-age,32,0.63871,11200000,12
tail-age,32,0.64342,15800000,12
tail-age,32,0.64062,56200000,12
tail-age,32,0.64036,69000000,12
tail-age,32,0.63945,25800000,12
tail-age,32,0.63985,5000000,12
tail-age,32,0.63907,19800000,12
tail-age,32,0.64003,57700000,12
tail-age,32,0.64159,74300000,12
tail-age,32,0.64156,79200000,12
tail-age,32,0.64045,35000000,12
tail-age,32,0.64154,34300000,12
tail-age,32,0.64281,30000000,12
tail-age,32,0.64158,11000000,12
tail-age,32,0.6415,18200000,12
tail-age,32,0.64113,21100000,12
tail-age,32,0.64156,24800000,12
tail-age,32,0.64396,57200000,12
tail-age,32,0.63942,68200000,12
tail-age,32,0.6406,2400000,12
tail-age,32,0.63935,20700000,12
tail-age,32,0.63936,44300000,12
tail-age,32,0.64176,36500000,12
tail-age,32,0.64183,15600000,12
tail-age,32,0.63845,18400000,12
tail-age,32,0.64195,23600000,12
tail-age,32,0.64087,67300000,12
tail-age,32,0.64127,68500000,12
tail-age,32,0.63938,52000000,12
tail-age,32,0.64217,46100000,12
tail-age,32,0.64185,27700000,12
tail-age,32,0.64172,25700000,12
tail-age,32,0.64011,5900000,12
tail-age,32,0.64112,20600000,12
tail-age,32,0.64038,66300000,12
tail-age,32,0.63956,71100000,12
tail-age,32,0.63716,33000000,12
tail-age,32,0.63995,60400000,12
tail-age,32,0.63957,73900000,12
tail-age,32,0.64147,67600000,12
tail-age,32,0.63899,50500000,12
tail-age,32,0.64097,49800000,12
tail-age,32,0.64143,44600000,12
tail-age,32,0.63912,3200000,12
tail-age,32,0.64211,13500000,12
tail-age,32,0.64028,18300000,12
tail-age,32,0.64032,18600000,12
tail-age,32,0.64123,13600000,12
tail-age,32,0.64173,16500000,12
tail-age,32,0.63963,57300000,12
tail-age,32,0.63961,53000000,12
tail-age,32,0.63993,48700000,12
tail-age,32,0.6398,39200000,12
tail-age,32,0.63997,10400000,12
tail-age,32,0.64192,14500000,12
tail-age,32,0.6406,64100000,12
tail-age,32,0.63861,60800000,12
tail-age,32,0.64051,44800000,12
tail-age,32,0.64239,27100000,12
tail-age,32,0.64175,19700000,12
tail-age,32,0.63969,67000000,12
tail-age,32,0.64387,74800000,12
tail-age,32,0.64316,78900000,12
tail-age,32,0.63985,45800000,12
tail-age,32,0.64289,8300000,12
tail-age,32,0.64116,14400000,12
tail-age,32,0.641,21500000,12
tail-age,32,0.64003,58800000,12
tail-age,32,0.64175,62500000,12
tail-age,32,0.64056,52700000,12
tail-age,32,0.63856,39300000,12
tail-age,32,0.64057,38100000,12
tail-age,32,0.64109,19300000,12
tail-age,32,0.64196,50100000,12
tail-age,32,0.64035,40800000,12
tail-age,32,0.64013,54900000,12
tail-age,32,0.63895,58400000,12
tail-age,32,0.63948,74900000,12
tail-age,32,0.6397,1600000,12
tail-age,32,0.64096,5800000,12
tail-age,32,0.64025,59800000,12
tail-age,32,0.64085,76600000,12
tail-age,32,0.64101,34900000,12
tail-age,32,0.64197,4100000,12
tail-age,32,0.64119,58000000,12
tail-age,32,0.63854,59500000,12
tail-age,32,0.63965,49400000,12
tail-age,32,0.64055,46000000,12
tail-age,32,0.64044,45400000,12
tail-age,32,0.64133,44100000,12
tail-age,32,0.64242,4500000,12
tail-age,32,0.64114,69100000,12
tail-age,32,0.64186,74600000,12
tail-age,32,0.63841,53700000,12
tail-age,32,0.64036,41000000,12
tail-age,32,0.6406,38600000,12
tail-age,32,0.64177,28100000,12
tail-age,32,0.6422,60700000,12
tail-age,32,0.63908,63600000,12
tail-age,32,0.64096,68600000,12
tail-age,32,0.64177,78600000,12
tail-age,32,0.64012,71900000,12
tail-age,32,0.64054,48800000,12
tail-age,32,0.64028,10600000,12
tail-age,32,0.64197,14100000,12
tail-age,32,0.6426,55500000,12
tail-age,32,0.63973,68000000,12
tail-age,32,0.64119,48000000,12
tail-age,32,0.6434,26500000,12
tail-age,32,0.64006,12600000,12
tail-age,32,0.63926,70300000,12
tail-age,32,0.6414,53600000,12
tail-age,32,0.64254,47200000,12
tail-age,32,0.64127,33800000,12
tail-age,32,0.63944,18800000,12
tail-age,32,0.63898,67500000,12
tail-age,32,0.64207,78300000,12
tail-age,32,0.64071,53400000,12
tail-age,32,0.63955,27500000,12
tail-age,32,0.64063,1500000,12
tail-age,32,0.63733,15200000,12
tail-age,32,0.64255,24300000,12
tail-age,32,0.64051,64900000,12
tail-age,32,0.63974,61800000,12
tail-age,32,0.64256,49700000,12
tail-age,32,0.64273,29400000,12
tail-age,32,0.64125,9300000,12
tail-age,32,0.64141,9100000,12
tail-age,32,0.64019,6000000,12
tail-age,32,0.64096,17400000,12
tail-age,32,0.6411,76100000,12
tail-age,32,0.64152,71200000,12
tail-age,32,0.64071,45000000,12
tail-age,32,0.6402,60600000,12
tail-age,32,0.64122,76200000,12
tail-age,32,0.65179,200000,12
tail-age,32,0.63964,12700000,12
tail-age,32,0.63916,62200000,12
tail-age,32,0.6416,63800000,12
tail-age,32,0.64004,67900000,12
tail-age,32,0.64103,33600000,12
tail-age,32,0.63901,27600000,12
tail-age,32,0.64107,30600000,12
tail-age,32,0.64049,28900000,12
tail-age,32,0.64261,26100000,12
tail-age,32,0.63778,15000000,12
tail-age,32,0.63968,61000000,12
tail-age,32,0.64138,66800000,12
tail-age,32,0.64182,35900000,12
tail-age,32,0.6394,6100000,12
tail-age,32,0.63927,14300000,12
tail-age,32,0.64212,62900000,12
tail-age,32,0.64086,63700000,12
tail-age,32,0.63975,47800000,12
tail-age,32,0.63854,42900000,12
tail-age,32,0.63843,46300000,12
tail-age,256,0.26994,51300000,85
tail-age,256,0.2691,46200000,85
tail-age,256,0.26887,40500000,85
tail-age,256,0.26949,33300000,85
tail-age,256,0.26776,31400000,85
tail-age,256,0.26718,3800000,85
tail-age,256,0.26918,37000000,85
tail-age,256,0.0,0,85
tail-age,256,0.57264,400000,85
tail-age,256,0.26974,3500000,85
tail-age,256,0.26581,4900000,85
tail-age,256,0.26941,54600000,85
tail-age,256,0.26744,73100000,85
tail-age,256,0.26835,75300000,85
tail-age,256,0.26818,36600000,85
tail-age,256,0.26852,30400000,85
tail-age,256,0.26921,30200000,85
tail-age,256,0.2695,29000000,85
tail-age,256,0.26989,24700000,85
tail-age,256,0.26709,54500000,85
tail-age,256,0.26831,43800000,85
tail-age,256,0.26898,33900000,85
tail-age,256,0.26854,71000000,85
tail-age,256,0.26915,79400000,85
tail-age,256,0.26672,36900000,85
tail-age,256,0.27011,26400000,85
tail-age,256,0.26922,11500000,85
tail-age,256,0.26837,9500000,85
tail-age,256,0.26752,22900000,85
tail-age,256,0.26813,23800000,85
tail-age,256,0.26916,62300000,85
tail-age,256,0.26872,65000000,85
tail-age,256,0.27002,49600000,85
tail-age,256,0.26637,42700000,85
tail-age,256,0.26745,28600000,85
tail-age,256,0.27024,9200000,85
tail-age,256,0.45002,1000000,85
tail-age,256,0.26886,65500000,85
tail-age,256,0.26633,43300000,85
tail-age,256,0.26756,40400000,85
tail-age,256,0.26635,32300000,85
tail-age,256,0.26948,7800000,85
tail-age,256,0.26638,23000000,85
tail-age,256,0.26834,55600000,85
tail-age,256,0.26877,60200000,85
tail-age,256,0.43577,1100000,85
tail-age,256,0.2683,5400000,85
tail-age,256,0.26923,22300000,85
tail-age,256,0.26792,55800000,85
tail-age,256,0.26568,77900000,85
tail-age,256,0.26995,49900000,85
tail-age,256,0.27015,43600000,85
tail-age,256,0.30849,2300000,85
tail-age,256,0.26695,54700000,85
tail-age,256,0.26886,56700000,85
tail-age,256,0.26893,72500000,85
tail-age,256,0.26769,74000000,85
tail-age,256,0.26802,53100000,85
tail-age,256,0.26987,41700000,85
tail-age,256,0.26751,34200000,85
tail-age,256,0.26706,27000000,85
tail-age,256,0.26796,12500000,85
tail-age,256,0.26692,8700000,85
tail-age,256,0.26693,60100000,85
tail-age,256,0.26795,69200000,85
tail-age,256,0.26902,73500000,85
tail-age,256,0.26685,46800000,85
tail-age,256,0.26866,31900000,85
tail-age,256,0.26695,28200000,85
tail-age,256,0.35501,1800000,85
tail-age,256,0.26748,69800000,85
tail-age,256,0.26847,72300000,85
tail-age,256,0.26713,79100000,85
tail-age,256,0.2691,79600000,85
tail-age,256,0.26947,48300000,85
tail-age,256,0.27013,39400000,85
tail-age,256,0.26868,7600000,85
tail-age,256,0.3158,2200000,85
tail-age,256,0.60595,300000,85
tail-age,256,0.26837,14800000,85
tail-age,256,0.26759,16700000,85
tail-age,256,0.26746,22100000,85
tail-age,256,0.26639,79800000,85
tail-age,256,0.26781,47900000,85
tail-age,256,0.2666,47700000,85
tail-age,256,0.26719,40900000,85
tail-age,256,0.26834,20100000,85
tail-age,256,0.26879,20300000,85
tail-age,256,0.26718,57500000,85
tail-age,256,0.2654,63000000,85
tail-age,256,0.26848,71500000,85
tail-age,256,0.26804,8100000,85
tail-age,256,0.26872,2900000,85
tail-age,256,0.26814,14000000,85
tail-age,256,0.26862,22200000,85
tail-age,256,0.26671,55300000,85
tail-age,256,0.26787,57400000,85
tail-age,256,0.27042,67200000,85
tail-age,256,0.26824,70200000,85
tail-age,256,0.26753,72100000,85
tail-age,256,0.26752,78400000,85
tail-age,256,0.26916,26800000,85
tail-age,256,0.26903,65800000,85
tail-age,256,0.26759,67100000,85
tail-age,256,0.268,37200000,85
tail-age,256,0.26686,10900000,85
tail-age,256,0.26805,16300000,85
tail-age,256,0.27049,22400000,85
tail-age,256,0.26982,71800000,85
tail-age,256,0.2671,72400000,85
tail-age,256,0.26777,50800000,85
tail-age,256,0.26972,38500000,85
tail-age,256,0.26853,29600000,85
tail-age,256,0.26777,28500000,85
tail-age,256,0.2669,26700000,85
tail-age,256,0.26856,75800000,85
tail-age,256,0.26776,23900000,85
tail-age,256,0.26926,59200000,85
tail-age,256,0.26696,47500000,85
tail-age,256,0.26682,42600000,85
tail-age,256,0.26585,35300000,85
tail-age,256,0.26878,30700000,85
tail-age,256,0.27003,72900000,85
tail-age,256,0.2677,73800000,85
tail-age,256,0.26871,52100000,85
tail-age,256,0.26691,38300000,85
tail-age,256,0.2691,42800000,85
tail-age,256,0.26797,12300000,85
tail-age,256,0.26763,6300000,85
tail-age,256,0.26845,64300000,85
tail-age,256,0.26876,75400000,85
tail-age,256,0.26804,75700000,85
tail-age,256,0.26752,45200000,85
tail-age,256,0.26961,41900000,85
tail-age,256,0.26742,37700000,85
tail-age,256,0.26771,30300000,85
tail-age,256,0.26665,54200000,85
tail-age,256,0.26824,55100000,85
tail-age,256,0.26768,57900000,85
tail-age,256,0.26596,59400000,85
tail-age,256,0.26795,70400000,85
tail-age,256,0.26897,47000000,85
tail-age,256,0.26952,43100000,85
tail-age,256,0.2704,35800000,85
tail-age,256,0.33305,2000000,85
tail-age,256,0.36041,1700000,85
tail-age,256,0.41948,1200000,85
tail-age,256,0.26724,5600000,85
tail-age,256,0.26837,15500000,85
tail-age,256,0.26952,20000000,85
tail-age,256,0.26873,78100000,85
tail-age,256,0.26643,12400000,85
tail-age,256,0.26894,8900000,85
tail-age,256,0.26949,24200000,85
tail-age,256,0.26745,54300000,85
tail-age,256,0.26856,58700000,85
tail-age,256,0.26899,60000000,85
tail-age,256,0.26891,64500000,85
tail-age,256,0.26844,48900000,85
tail-age,256,0.26719,42200000,85
tail-age,256,0.26839,11800000,85
tail-age,256,0.26921,17300000,85
tail-age,256,0.26846,20900000,85
tail-age,256,0.26879,57600000,85
tail-age,256,0.2692,63500000,85
tail-age,256,0.26919,66900000,85
tail-age,256,0.26729,77100000,85
tail-age,256,0.26832,31300000,85
tail-age,256,0.26793,44900000,85
tail-age,256,0.26838,41800000,85
tail-age,256,0.26713,39100000,85
tail-age,256,0.2685,11300000,85
tail-age,256,0.26639,10200000,85
tail-age,256,0.39672,1400000,85
tail-age,256,0.26954,23300000,85
tail-age,256,0.26729,46400000,85
tail-age,256,0.26477,31700000,85
tail-age,256,0.26712,31000000,85
tail-age,256,0.2684,73700000,85
tail-age,256,0.27035,61100000,85
tail-age,256,0.26985,11100000,85
tail-age,256,0.26877,19400000,85
tail-age,256,0.26724,57000000,85
tail-age,256,0.26884,70700000,85
tail-age,256,0.27004,48100000,85
tail-age,256,0.26874,69700000,85
tail-age,256,0.26949,36100000,85
tail-age,256,0.26857,32400000,85
tail-age,256,0.26824,18700000,85
tail-age,256,0.26843,64200000,85
tail-age,256,0.26627,64400000,85
tail-age,256,0.26948,73000000,85
tail-age,256,0.2699,79000000,85
tail-age,256,0.26768,40700000,85
tail-age,256,0.26615,6700000,85
tail-age,256,0.26805,4200000,85
tail-age,256,0.26685,16900000,85
tail-age,256,0.26841,50400000,85
tail-age,256,0.26693,41600000,85
tail-age,256,0.26646,38900000,85
tail-age,256,0.2688,37800000,85
tail-age,256,0.26721,29200000,85
tail-age,256,0.26926,29100000,85
tail-age,256,0.26682,10300000,85
tail-age,256,0.269,5700000,85
tail-age,256,0.26766,54100000,85
tail-age,256,0.2661,45100000,85
tail-age,256,0.26767,43900000,85
tail-age,256,0.26921,33100000,85
tail-age,256,0.26905,63100000,85
tail-age,256,0.2674,53900000,85
tail-age,256,0.26798,50700000,85
tail-age,256,0.46561,900000,85
tail-age,256,0.26686,18900000,85
tail-age,256,0.26718,21200000,85
tail-age,256,0.27075,21300000,85
tail-age,256,0.26877,57100000,85
tail-age,256,0.26696,55900000,85
tail-age,256,0.26765,56900000,85
tail-age,256,0.26705,70100000,85
tail-age,256,0.26502,79900000,85
tail-age,256,0.26804,37300000,85
tail-age,256,0.26653,53800000,85
tail-age,256,0.26973,51200000,85
tail-age,256,0.2689,45700000,85
tail-age,256,0.26696,27800000,85
tail-age,256,0.26651,26000000,85
tail-age,256,0.27067,19100000,85
tail-age,256,0.26902,21800000,85
tail-age,256,0.26751,61700000,85
tail-age,256,0.26704,51500000,85
tail-age,256,0.26657,38000000,85
tail-age,256,0.2681,29800000,85
tail-age,256,0.27104,4000000,85
tail-age,256,0.26888,4300000,85
tail-age,256,0.26841,20200000,85
tail-age,256,0.26734,22700000,85
tail-age,256,0.26932,65400000,85
tail-age,256,0.26869,10700000,85
tail-age,256,0.28268,2700000,85
tail-age,256,0.26988,15100000,85
tail-age,256,0.26834,15400000,85
tail-age,256,0.26748,19000000,85
tail-age,256,0.26648,73200000,85
tail-age,256,0.26922,76700000,85
tail-age,256,0.26827,78700000,85
tail-age,256,0.26918,79700000,85
tail-age,256,0.26763,31600000,85
tail-age,256,0.26768,49100000,85
tail-age,256,0.26729,42100000,85
tail-age,256,0.26945,47300000,85
tail-age,256,0.26702,27200000,85
tail-age,256,0.26917,11900000,85
tail-age,256,0.27003,25600000,85
tail-age,256,0.26784,32600000,85
tail-age,256,0.26634,6400000,85
tail-age,256,0.26776,23400000,85
tail-age,256,0.26625,59000000,85
tail-age,256,0.26731,62100000,85
tail-age,256,0.26937,68900000,85
tail-age,256,0.26673,13900000,85
tail-age,256,0.2679,17800000,85
tail-age,256,0.26791,52900000,85
tail-age,256,0.26741,43500000,85
tail-age,256,0.2693,3000000,85
tail-age,256,0.26894,19200000,85
tail-age,256,0.26766,45500000,85
tail-age,256,0.26902,4800000,85
tail-age,256,0.26903,19600000,85
tail-age,256,0.26735,72000000,85
tail-age,256,0.26718,75200000,85
tail-age,256,0.26809,48400000,85
tail-age,256,0.26914,44500000,85
tail-age,256,0.26614,34500000,85
tail-age,256,0.26662,65100000,85
tail-age,256,0.26691,73300000,85
tail-age,256,0.26933,79500000,85
tail-age,256,0.26623,61200000,85
tail-age,256,0.2673,50000000,85
tail-age,256,0.26725,36300000,85
tail-age,256,0.2688,7900000,85
tail-age,256,0.26635,5100000,85
tail-age,256,0.26937,74200000,85
tail-age,256,0.26527,49300000,85
tail-age,256,0.26888,46900000,85
tail-age,256,0.26924,6500000,85
tail-age,256,0.28756,2600000,85
tail-age,256,0.26705,64600000,85
tail-age,256,0.26854,53500000,85
tail-age,256,0.26722,52800000,85
tail-age,256,0.26834,52400000,85
tail-age,256,0.26837,51900000,85
tail-age,256,0.2706,41500000,85
tail-age,256,0.26956,38200000,85
tail-age,256,0.26643,31800000,85
tail-age,256,0.26798,29300000,85
tail-age,256,0.2663,26900000,85
tail-age,256,0.2682,69600000,85
tail-age,256,0.26846,62800000,85
tail-age,256,0.26782,51400000,85
tail-age,256,0.26786,7000000,85
tail-age,256,0.26827,3600000,85
tail-age,256,0.26672,14200000,85
tail-age,256,0.26779,55000000,85
tail-age,256,0.26881,74500000,85
tail-age,256,0.26696,50600000,85
tail-age,256,0.26906,30100000,85
tail-age,256,0.26948,56300000,85
tail-age,256,0.26725,37900000,85
tail-age,256,0.26902,12000000,85
tail-age,256,0.26857,6900000,85
tail-age,256,0.26892,58100000,85
tail-age,256,0.26795,58600000,85
tail-age,256,0.26964,60300000,85
tail-age,256,0.26871,43200000,85
tail-age,256,0.26646,10000000,85
tail-age,256,0.26835,3900000,85
tail-age,256,0.26728,25200000,85
tail-age,256,0.26761,56600000,85
tail-age,256,0.2714,59700000,85
tail-age,256,0.26786,39600000,85
tail-age,256,0.26933,5200000,85
tail-age,256,0.26745,59100000,85
tail-age,256,0.27131,59300000,85
tail-age,256,0.26876,66200000,85
tail-age,256,0.26992,68400000,85
tail-age,256,0.27005,71700000,85
tail-age,256,0.26828,72700000,85
tail-age,256,0.26758,74100000,85
tail-age,256,0.27101,62700000,85
tail-age,256,0.26749,17900000,85
tail-age,256,0.26989,35100000,85
tail-age,256,0.26788,43000000,85
tail-age,256,0.268,22500000,85
tail-age,256,0.27046,60500000,85
tail-age,256,0.26922,70900000,85
tail-age,256,0.26889,76400000,85
tail-age,256,0.26799,36200000,85
tail-age,256,0.268,32500000,85
tail-age,256,0.26899,26200000,85
tail-age,256,0.26969,61300000,85
tail-age,256,0.26869,76300000,85
tail-age,256,0.26873,46700000,85
tail-age,256,0.26608,36800000,85
tail-age,256,0.26793,33400000,85
tail-age,256,0.26964,13400000,85
tail-age,256,0.26599,17600000,85
tail-age,256,0.2671,69400000,85
tail-age,256,0.26869,47100000,85
tail-age,256,0.26964,42000000,85
tail-age,256,0.27109,37400000,85
tail-age,256,0.26782,28700000,85
tail-age,256,0.26932,12100000,85
tail-age,256,0.26892,9900000,85
tail-age,256,0.2682,13300000,85
tail-age,256,0.26539,21700000,85
tail-age,256,0.26608,78200000,85
tail-age,256,0.26714,53200000,85
tail-age,256,0.26626,52600000,85
tail-age,256,0.26805,32100000,85
tail-age,256,0.26785,31500000,85
tail-age,256,0.26809,14700000,85
tail-age,256,0.2671,15900000,85
tail-age,256,0.26865,66500000,85
tail-age,256,0.26586,37600000,85
tail-age,256,0.26497,61400000,85
tail-age,256,0.26895,61900000,85
tail-age,256,0.26733,65900000,85
tail-age,256,0.26751,3100000,85
tail-age,256,0.2674,17000000,85
tail-age,256,0.26862,18000000,85
tail-age,256,0.27049,58900000,85
tail-age,256,0.26987,70500000,85
tail-age,256,0.26706,70800000,85
tail-age,256,0.26888,16000000,85
tail-age,256,0.2681,13700000,85
tail-age,256,0.26702,44700000,85
tail-age,256,0.26526,39500000,85
tail-age,256,0.26888,40000000,85
tail-age,256,0.26795,38800000,85
tail-age,256,0.27014,35500000,85
tail-age,256,0.26845,27300000,85
tail-age,256,0.26737,3700000,85
tail-age,256,0.26937,12800000,85
tail-age,256,0.26768,14600000,85
tail-age,256,0.27027,74400000,85
tail-age,256,0.26704,72200000,85
tail-age,256,0.26658,46600000,85
tail-age,256,0.26541,46500000,85
tail-age,256,0.26664,36700000,85
tail-age,256,0.26865,32000000,85
tail-age,256,0.26753,63200000,85
tail-age,256,0.26678,68800000,85
tail-age,256,0.26824,9400000,85
tail-age,256,0.34461,1900000,85
tail-age,256,0.48278,800000,85
tail-age,256,0.26899,4400000,85
tail-age,256,0.26516,16400000,85
tail-age,256,0.26484,68300000,85
tail-age,256,0.26795,73600000,85
tail-age,256,0.26816,75000000,85
tail-age,256,0.26819,76500000,85
tail-age,256,0.26934,34000000,85
tail-age,256,0.27048,49200000,85
tail-age,256,0.26846,31200000,85
tail-age,256,0.26805,25000000,85
tail-age,256,0.26681,25100000,85
tail-age,256,0.26711,28400000,85
tail-age,256,0.27633,2800000,85
tail-age,256,0.50235,700000,85
tail-age,256,0.26865,13800000,85
tail-age,256,0.26711,22600000,85
tail-age,256,0.26717,23500000,85
tail-age,256,0.26799,42300000,85
tail-age,256,0.2688,40200000,85
tail-age,256,0.54456,500000,85
tail-age,256,0.26872,17500000,85
tail-age,256,0.2682,23100000,85
tail-age,256,0.26912,55700000,85
tail-age,256,0.26955,65200000,85
tail-age,256,0.26998,77600000,85
tail-age,256,0.26978,12200000,85
tail-age,256,0.26698,41100000,85
tail-age,256,0.26823,44200000,85
tail-age,256,0.26846,33200000,85
tail-age,256,0.26716,30500000,85
tail-age,256,0.32603,2100000,85
tail-age,256,0.26843,56800000,85
tail-age,256,0.26528,59600000,85
tail-age,256,0.27013,67700000,85
tail-age,256,0.26874,73400000,85
tail-age,256,0.2671,41400000,85
tail-age,256,0.26773,39800000,85
tail-age,256,0.2687,34800000,85
tail-age,256,0.26759,25900000,85
tail-age,256,0.26927,18100000,85
tail-age,256,0.26734,64700000,85
tail-age,256,0.26911,48200000,85
tail-age,256,0.26921,12900000,85
tail-age,256,0.2697,30800000,85
tail-age,256,0.26808,8500000,85
tail-age,256,0.26771,8000000,85
tail-age,256,0.26841,50300000,85
tail-age,256,0.26753,45900000,85
tail-age,256,0.26711,17700000,85
tail-age,256,0.27029,24100000,85
tail-age,256,0.26957,66700000,85
tail-age,256,0.269,35700000,85
tail-age,256,0.26618,6600000,85
tail-age,256,0.26844,16600000,85
tail-age,256,0.26887,34600000,85
tail-age,256,0.26835,28800000,85
tail-age,256,0.2692,20500000,85
tail-age,256,0.26972,20800000,85
tail-age,256,0.26891,24000000,85
tail-age,256,0.26723,56000000,85
tail-age,256,0.26713,66600000,85
tail-age,256,0.26984,72600000,85
tail-age,256,0.26658,40300000,85
tail-age,256,0.26939,7700000,85
tail-age,256,0.26729,7500000,85
tail-age,256,0.26777,21600000,85
tail-age,256,0.26727,74700000,85
tail-age,256,0.2712,28000000,85
tail-age,256,0.26949,8600000,85
tail-age,256,0.26735,24500000,85
tail-age,256,0.27053,77500000,85
tail-age,256,0.26914,50900000,85
tail-age,256,0.26763,45300000,85
tail-age,256,0.26719,56500000,85
tail-age,256,0.2675,58500000,85
tail-age,256,0.26867,75500000,85
tail-age,256,0.26744,78500000,85
tail-age,256,0.26803,23700000,85
tail-age,256,0.26707,24400000,85
tail-age,256,0.26739,54000000,85
tail-age,256,0.26912,40100000,85
tail-age,256,0.26901,7200000,85
tail-age,256,0.26901,16200000,85
tail-age,256,0.26625,63300000,85
tail-age,256,0.26675,75600000,85
tail-age,256,0.26891,47600000,85
tail-age,256,0.26675,26600000,85
tail-age,256,0.26768,7300000,85
tail-age,256,0.26769,15300000,85
tail-age,256,0.26941,21400000,85
tail-age,256,0.26828,57800000,85
tail-age,256,0.26982,33500000,85
tail-age,256,0.27006,56400000,85
tail-age,256,0.26928,66000000,85
tail-age,256,0.26654,71300000,85
tail-age,256,0.26745,13200000,85
tail-age,256,0.26906,30900000,85
tail-age,256,0.26895,10500000,85
tail-age,256,0.2691,7400000,85
tail-age,256,0.26865,22000000,85
tail-age,256,0.26959,55200000,85
tail-age,256,0.26766,50200000,85
tail-age,256,0.26802,42500000,85
tail-age,256,0.52124,600000,85
tail-age,256,0.26796,3300000,85
tail-age,256,0.26753,4600000,85
tail-age,256,0.26735,21000000,85
tail-age,256,0.26629,54400000,85
tail-age,256,0.26691,58200000,85
tail-age,256,0.26646,49500000,85
tail-age,256,0.2679,10100000,85
tail-age,256,0.26839,9800000,85
tail-age,256,0.26753,9700000,85
tail-age,256,0.26971,16800000,85
tail-age,256,0.26814,19500000,85
tail-age,256,0.26822,64800000,85
tail-age,256,0.2678,77800000,85
tail-age,256,0.26871,78800000,85
tail-age,256,0.26695,53300000,85
tail-age,256,0.26787,47400000,85
tail-age,256,0.26938,9600000,85
tail-age,256,0.26765,4700000,85
tail-age,256,0.26734,17200000,85
tail-age,256,0.26631,20400000,85
tail-age,256,0.26958,25400000,85
tail-age,256,0.26649,71400000,85
tail-age,256,0.26894,70600000,85
tail-age,256,0.26748,51600000,85
tail-age,256,0.26727,36400000,85
tail-age,256,0.26839,9000000,85
tail-age,256,0.26893,6200000,85
tail-age,256,0.26788,22800000,85
tail-age,256,0.26983,55400000,85
tail-age,256,0.26903,51000000,85
tail-age,256,0.26676,37500000,85
tail-age,256,0.26699,29900000,85
tail-age,256,0.26693,32900000,85
tail-age,256,0.26705,11400000,85
tail-age,256,0.26623,10800000,85
tail-age,256,0.26782,23200000,85
tail-age,256,0.26911,61600000,85
tail-age,256,0.26858,76000000,85
tail-age,256,0.26906,76800000,85
tail-age,256,0.26686,77700000,85
tail-age,256,0.27163,17100000,85
tail-age,256,0.26931,16100000,85
tail-age,256,0.26648,51800000,85
tail-age,256,0.27019,45600000,85
tail-age,256,0.27038,32700000,85
tail-age,256,0.26761,31100000,85
tail-age,256,0.26664,11700000,85
tail-age,256,0.26728,25300000,85
tail-age,256,0.26762,38700000,85
tail-age,256,0.26779,13100000,85
tail-age,256,0.26908,65700000,85
tail-age,256,0.26783,39900000,85
tail-age,256,0.2688,34100000,85
tail-age,256,0.26795,32200000,85
tail-age,256,0.26695,29700000,85
tail-age,256,0.267,62000000,85
tail-age,256,0.26759,78000000,85
tail-age,256,0.26851,44400000,85
tail-age,256,0.26642,27900000,85
tail-age,256,0.26749,5500000,85
tail-age,256,0.26703,13000000,85
tail-age,256,0.26993,21900000,85
tail-age,256,0.26855,64000000,85
tail-age,256,0.26658,69300000,85
tail-age,256,0.26809,75100000,85
tail-age,256,0.26751,49000000,85
tail-age,256,0.26664,52300000,85
tail-age,256,0.26901,34700000,85
tail-age,256,0.26681,26300000,85
tail-age,256,0.26748,8800000,85
tail-age,256,0.26828,3400000,85
tail-age,256,0.26883,19900000,85
tail-age,256,0.26619,25500000,85
tail-age,256,0.2685,77200000,85
tail-age,256,0.26942,44000000,85
tail-age,256,0.26819,62400000,85
tail-age,256,0.26736,67800000,85
tail-age,256,0.26652,72800000,85
tail-age,256,0.26959,76900000,85
tail-age,256,0.26868,43700000,85
tail-age,256,0.26906,38400000,85
tail-age,256,0.26909,6800000,85
tail-age,256,0.26794,54800000,85
tail-age,256,0.26845,65600000,85
tail-age,256,0.26473,67400000,85
tail-age,256,0.26576,68100000,85
tail-age,256,0.26645,77400000,85
tail-age,256,0.2671,69500000,85
tail-age,256,0.26628,42400000,85
tail-age,256,0.26953,41200000,85
tail-age,256,0.26852,39700000,85
tail-age,256,0.2674,11600000,85
tail-age,256,0.26772,7100000,85
tail-age,256,0.27045,69900000,85
tail-age,256,0.26732,52500000,85
tail-age,256,0.26798,51100000,85
tail-age,256,0.26701,8400000,85
tail-age,256,0.26891,56100000,85
tail-age,256,0.26858,63900000,85
tail-age,256,0.26606,40600000,85
tail-age,256,0.26752,14900000,85
tail-age,256,0.26727,77000000,85
tail-age,256,0.27022,61500000,85
tail-age,256,0.26677,52200000,85
tail-age,256,0.29508,2500000,85
tail-age,256,0.26829,18500000,85
tail-age,256,0.26874,68700000,85
tail-age,256,0.26848,75900000,85
tail-age,256,0.26658,43400000,85
tail-age,256,0.26661,37100000,85
tail-age,256,0.26855,36000000,85
tail-age,256,0.26881,34400000,85
tail-age,256,0.27016,62600000,85
tail-age,256,0.26969,51700000,85
tail-age,256,0.2685,39000000,85
tail-age,256,0.2681,33700000,85
tail-age,256,0.27014,29500000,85
tail-age,256,0.26935,8200000,85
tail-age,256,0.73732,100000,85
tail-age,256,0.26783,24600000,85
tail-age,256,0.26964,59900000,85
tail-age,256,0.26891,65300000,85
tail-age,256,0.26752,48600000,85
tail-age,256,0.26813,48500000,85
tail-age,256,0.26683,5300000,85
tail-age,256,0.2676,63400000,85
tail-age,256,0.27062,66400000,85
tail-age,256,0.26945,35600000,85
tail-age,256,0.26743,32800000,85
tail-age,256,0.26666,27400000,85
tail-age,256,0.4075,1300000,85
tail-age,256,0.26789,24900000,85
tail-age,256,0.26838,58300000,85
tail-age,256,0.26746,66100000,85
tail-age,256,0.26906,70000000,85
tail-age,256,0.26904,71600000,85
tail-age,256,0.269,77300000,85
tail-age,256,0.26927,60900000,85
tail-age,256,0.26969,35200000,85
tail-age,256,0.26813,28300000,85
tail-age,256,0.26877,15700000,85
tail-age,256,0.26641,79300000,85
tail-age,256,0.26825,41300000,85
tail-age,256,0.26925,35400000,85
tail-age,256,0.26642,11200000,85
tail-age,256,0.2704,15800000,85
tail-age,256,0.26792,56200000,85
tail-age,256,0.26854,69000000,85
tail-age,256,0.26841,25800000,85
tail-age,256,0.26969,5000000,85
tail-age,256,0.26769,19800000,85
tail-age,256,0.26691,57700000,85
tail-age,256,0.2677,74300000,85
tail-age,256,0.26935,79200000,85
tail-age,256,0.26911,35000000,85
tail-age,256,0.26811,34300000,85
tail-age,256,0.26905,30000000,85
tail-age,256,0.26712,11000000,85
tail-age,256,0.26964,18200000,85
tail-age,256,0.26731,21100000,85
tail-age,256,0.2698,24800000,85
tail-age,256,0.26857,57200000,85
tail-age,256,0.26899,68200000,85
tail-age,256,0.30113,2400000,85
tail-age,256,0.26986,20700000,85
tail-age,256,0.26748,44300000,85
tail-age,256,0.26702,36500000,85
tail-age,256,0.26751,15600000,85
tail-age,256,0.26824,18400000,85
tail-age,256,0.26922,23600000,85
tail-age,256,0.26871,67300000,85
tail-age,256,0.26843,68500000,85
tail-age,256,0.26877,52000000,85
tail-age,256,0.26894,46100000,85
tail-age,256,0.27003,27700000,85
tail-age,256,0.26744,25700000,85
tail-age,256,0.26715,5900000,85
tail-age,256,0.26861,20600000,85
tail-age,256,0.26753,66300000,85
tail-age,256,0.27037,71100000,85
tail-age,256,0.26651,33000000,85
tail-age,256,0.27041,60400000,85
tail-age,256,0.2677,73900000,85
tail-age,256,0.26905,67600000,85
tail-age,256,0.26917,50500000,85
tail-age,256,0.26901,49800000,85
tail-age,256,0.26966,44600000,85
tail-age,256,0.26801,3200000,85
tail-age,256,0.27055,13500000,85
tail-age,256,0.26718,18300000,85
tail-age,256,0.26683,18600000,85
tail-age,256,0.26565,13600000,85
tail-age,256,0.26941,16500000,85
tail-age,256,0.26795,57300000,85
tail-age,256,0.26827,53000000,85
tail-age,256,0.26701,48700000,85
tail-age,256,0.26851,39200000,85
tail-age,256,0.26774,10400000,85
tail-age,256,0.26795,14500000,85
tail-age,256,0.26712,64100000,85
tail-age,256,0.26674,60800000,85
tail-age,256,0.26648,44800000,85
tail-age,256,0.26808,27100000,85
tail-age,256,0.26793,19700000,85
tail-age,256,0.26937,67000000,85
tail-age,256,0.26929,74800000,85
tail-age,256,0.26812,78900000,85
tail-age,256,0.2687,45800000,85
tail-age,256,0.26833,8300000,85
tail-age,256,0.26831,14400000,85
tail-age,256,0.26743,21500000,85
tail-age,256,0.26738,58800000,85
tail-age,256,0.26706,62500000,85
tail-age,256,0.26734,52700000,85
tail-age,256,0.26786,39300000,85
tail-age,256,0.26662,38100000,85
tail-age,256,0.26918,19300000,85
tail-age,256,0.26765,50100000,85
tail-age,256,0.26835,40800000,85
tail-age,256,0.26666,54900000,85
tail-age,256,0.26669,58400000,85
tail-age,256,0.26783,74900000,85
tail-age,256,0.37185,1600000,85
tail-age,256,0.26866,5800000,85
tail-age,256,0.27149,59800000,85
tail-age,256,0.27001,76600000,85
tail-age,256,0.26856,34900000,85
tail-age,256,0.269,4100000,85
tail-age,256,0.26849,58000000,85
tail-age,256,0.26868,59500000,85
tail-age,256,0.26775,49400000,85
tail-age,256,0.26933,46000000,85
tail-age,256,0.26831,45400000,85
tail-age,256,0.2673,44100000,85
tail-age,256,0.26744,4500000,85
tail-age,256,0.26896,69100000,85
tail-age,256,0.26962,74600000,85
tail-age,256,0.26815,53700000,85
tail-age,256,0.26606,41000000,85
tail-age,256,0.26739,38600000,85
tail-age,256,0.26736,28100000,85
tail-age,256,0.26935,60700000,85
tail-age,256,0.26823,63600000,85
tail-age,256,0.2694,68600000,85
tail-age,256,0.26885,78600000,85
tail-age,256,0.26754,71900000,85
tail-age,256,0.26784,48800000,85
tail-age,256,0.26723,10600000,85
tail-age,256,0.26859,14100000,85
tail-age,256,0.2675,55500000,85
tail-age,256,0.26706,68000000,85
tail-age,256,0.26822,48000000,85
tail-age,256,0.26875,26500000,85
tail-age,256,0.26804,12600000,85
tail-age,256,0.26857,70300000,85
tail-age,256,0.27168,53600000,85
tail-age,256,0.26981,47200000,85
tail-age,256,0.26809,33800000,85
tail-age,256,0.26712,18800000,85
tail-age,256,0.26589,67500000,85
tail-age,256,0.26807,78300000,85
tail-age,256,0.26773,53400000,85
tail-age,256,0.26911,27500000,85
tail-age,256,0.3841,1500000,85
tail-age,256,0.26599,15200000,85
tail-age,256,0.26777,24300000,85
tail-age,256,0.26941,64900000,85
tail-age,256,0.2697,61800000,85
tail-age,256,0.26953,49700000,85
tail-age,256,0.26858,29400000,85
tail-age,256,0.26814,9300000,85
tail-age,256,0.26833,9100000,85
tail-age,256,0.26674,6000000,85
tail-age,256,0.27136,17400000,85
tail-age,256,0.26941,76100000,85
tail-age,256,0.26664,71200000,85
tail-age,256,0.26888,45000000,85
tail-age,256,0.26841,60600000,85
tail-age,256,0.2673,76200000,85
tail-age,256,0.64834,200000,85
tail-age,256,0.26694,12700000,85
tail-age,256,0.2674,62200000,85
tail-age,256,0.26817,63800000,85
tail-age,256,0.26781,67900000,85
tail-age,256,0.26645,33600000,85
tail-age,256,0.26618,27600000,85
tail-age,256,0.26797,30600000,85
tail-age,256,0.26709,28900000,85
tail-age,256,0.26927,26100000,85
tail-age,256,0.26908,15000000,85
tail-age,256,0.26761,61000000,85
tail-age,256,0.26706,66800000,85
tail-age,256,0.26906,35900000,85
tail-age,256,0.26712,6100000,85
tail-age,256,0.26593,14300000,85
tail-age,256,0.27092,62900000,85
tail-age,256,0.26923,63700000,85
tail-age,256,0.26933,47800000,85
tail-age,256,0.26602,42900000,85
tail-age,256,0.26899,46300000,85
free-mem,64,0.56552,51300000,13
free-mem,64,0.5655,46200000,13
free-mem,64,0.56541,40500000,13
free-mem,64,0.56305,33300000,13
free-mem,64,0.56392,31400000,13
free-mem,64,0.5658,3800000,13
free-mem,64,0.56735,37000000,13
free-mem,64,0.0,0,13
free-mem,64,0.57386,400000,13
free-mem,64,0.56774,3500000,13
free-mem,64,0.56449,4900000,13
free-mem,64,0.56616,54600000,13
free-mem,64,0.56367,73100000,13
free-mem,64,0.56448,75300000,13
free-mem,64,0.56369,36600000,13
free-mem,64,0.56656,30400000,13
free-mem,64,0.56574,30200000,13
free-mem,64,0.56364,29000000,13
free-mem,64,0.56664,24700000,13
free-mem,64,0.56371,54500000,13
free-mem,64,0.56473,43800000,13
free-mem,64,0.56655,33900000,13
free-mem,64,0.5642,71000000,13
free-mem,64,0.5632,79400000,13
free-mem,64,0.56249,36900000,13
free-mem,64,0.5666,26400000,13
free-mem,64,0.56764,11500000,13
free-mem,64,0.56533,9500000,13
free-mem,64,0.56379,22900000,13
free-mem,64,0.56332,23800000,13
free-mem,64,0.56296,62300000,13
free-mem,64,0.56672,65000000,13
free-mem,64,0.56504,49600000,13
free-mem,64,0.5619,42700000,13
free-mem,64,0.56463,28600000,13
free-mem,64,0.56531,9200000,13
free-mem,64,0.56443,1000000,13
free-mem,64,0.56532,65500000,13
free-mem,64,0.56385,43300000,13
free-mem,64,0.56266,40400000,13
free-mem,64,0.56447,32300000,13
free-mem,64,0.56325,7800000,13
free-mem,64,0.5627,23000000,13
free-mem,64,0.56495,55600000,13
free-mem,64,0.56564,60200000,13
free-mem,64,0.56579,1100000,13
free-mem,64,0.56424,5400000,13
free-mem,64,0.56501,22300000,13
free-mem,64,0.56428,55800000,13
free-mem,64,0.56315,77900000,13
free-mem,64,0.56263,49900000,13
free-mem,64,0.56473,43600000,13
free-mem,64,0.56432,2300000,13
free-mem,64,0.56443,54700000,13
free-mem,64,0.56627,56700000,13
free-mem,64,0.56593,72500000,13
free-mem,64,0.56644,74000000,13
free-mem,64,0.56335,53100000,13
free-mem,64,0.56454,41700000,13
free-mem,64,0.56498,34200000,13
free-mem,64,0.56402,27000000,13
free-mem,64,0.56422,12500000,13
free-mem,64,0.56653,8700000,13
free-mem,64,0.56401,60100000,13
free-mem,64,0.56467,69200000,13
free-mem,64,0.56639,73500000,13
free-mem,64,0.56635,46800000,13
free-mem,64,0.56375,31900000,13
free-mem,64,0.56236,28200000,13
free-mem,64,0.56654,1800000,13
free-mem,64,0.56482,69800000,13
free-mem,64,0.56421,72300000,13
free-mem,64,0.56561,79100000,13
free-mem,64,0.56531,79600000,13
free-mem,64,0.56353,48300000,13
free-mem,64,0.56574,39400000,13
free-mem,64,0.5644,7600000,13
free-mem,64,0.56634,2200000,13
free-mem,64,0.60595,300000,13
free-mem,64,0.56369,14800000,13
free-mem,64,0.56688,16700000,13
free-mem,64,0.56432,22100000,13
free-mem,64,0.56347,79800000,13
free-mem,64,0.56549,47900000,13
free-mem,64,0.56303,47700000,13
free-mem,64,0.56171,40900000,13
free-mem,64,0.56272,20100000,13
free-mem,64,0.56511,20300000,13
free-mem,64,0.56374,57500000,13
free-mem,64,0.56501,63000000,13
free-mem,64,0.5663,71500000,13
free-mem,64,0.56655,8100000,13
free-mem,64,0.56251,2900000,13
free-mem,64,0.56543,14000000,13
free-mem,64,0.56598,22200000,13
free-mem,64,0.5636,55300000,13
free-mem,64,0.56456,57400000,13
free-mem,64,0.56582,67200000,13
free-mem,64,0.56269,70200000,13
free-mem,64,0.56242,72100000,13
free-mem,64,0.56143,78400000,13
free-mem,64,0.56286,26800000,13
free-mem,64,0.56206,65800000,13
free-mem,64,0.56447,67100000,13
free-mem,64,0.56488,37200000,13
free-mem,64,0.56362,10900000,13
free-mem,64,0.56375,16300000,13
free-mem,64,0.56565,22400000,13
free-mem,64,0.56472,71800000,13
free-mem,64,0.56481,72400000,13
free-mem,64,0.56256,50800000,13
free-mem,64,0.56595,38500000,13
free-mem,64,0.56441,29600000,13
free-mem,64,0.56537,28500000,13
free-mem,64,0.56439,26700000,13
free-mem,64,0.565,75800000,13
free-mem,64,0.56504,23900000,13
free-mem,64,0.56419,59200000,13
free-mem,64,0.5646,47500000,13
free-mem,64,0.56299,42600000,13
free-mem,64,0.56322,35300000,13
free-mem,64,0.5645,30700000,13
free-mem,64,0.56568,72900000,13
free-mem,64,0.56371,73800000,13
free-mem,64,0.56274,52100000,13
free-mem,64,0.56489,38300000,13
free-mem,64,0.56271,42800000,13
free-mem,64,0.5641,12300000,13
free-mem,64,0.56356,6300000,13
free-mem,64,0.56441,64300000,13
free-mem,64,0.56506,75400000,13
free-mem,64,0.56519,75700000,13
free-mem,64,0.56481,45200000,13
free-mem,64,0.56657,41900000,13
free-mem,64,0.56493,37700000,13
free-mem,64,0.56567,30300000,13
free-mem,64,0.56388,54200000,13
free-mem,64,0.56338,55100000,13
free-mem,64,0.56686,57900000,13
free-mem,64,0.56213,59400000,13
free-mem,64,0.56395,70400000,13
free-mem,64,0.5665,47000000,13
free-mem,64,0.56443,43100000,13
free-mem,64,0.56689,35800000,13
free-mem,64,0.56621,2000000,13
free-mem,64,0.56447,1700000,13
free-mem,64,0.5642,1200000,13
free-mem,64,0.56477,5600000,13
free-mem,64,0.56367,15500000,13
free-mem,64,0.56445,20000000,13
free-mem,64,0.56441,78100000,13
free-mem,64,0.56381,12400000,13
free-mem,64,0.56513,8900000,13
free-mem,64,0.56265,24200000,13
free-mem,64,0.56384,54300000,13
free-mem,64,0.56548,58700000,13
free-mem,64,0.56359,60000000,13
free-mem,64,0.56562,64500000,13
free-mem,64,0.56305,48900000,13
free-mem,64,0.56509,42200000,13
free-mem,64,0.56261,11800000,13
free-mem,64,0.56298,17300000,13
free-mem,64,0.5644,20900000,13
free-mem,64,0.56534,57600000,13
free-mem,64,0.5669,63500000,13
free-mem,64,0.56558,66900000,13
free-mem,64,0.56382,77100000,13
free-mem,64,0.56497,31300000,13
free-mem,64,0.5643,44900000,13
free-mem,64,0.56539,41800000,13
free-mem,64,0.56516,39100000,13
free-mem,64,0.56421,11300000,13
free-mem,64,0.56301,10200000,13
free-mem,64,0.56568,1400000,13
free-mem,64,0.56512,23300000,13
free-mem,64,0.5649,46400000,13
free-mem,64,0.56252,31700000,13
free-mem,64,0.56293,31000000,13
free-mem,64,0.56532,73700000,13
free-mem,64,0.56694,61100000,13
free-mem,64,0.56543,11100000,13
free-mem,64,0.56493,19400000,13
free-mem,64,0.56466,57000000,13
free-mem,64,0.56613,70700000,13
free-mem,64,0.56654,48100000,13
free-mem,64,0.56412,69700000,13
free-mem,64,0.56644,36100000,13
free-mem,64,0.56395,32400000,13
free-mem,64,0.56402,18700000,13
free-mem,64,0.5637,64200000,13
free-mem,64,0.56567,64400000,13
free-mem,64,0.56591,73000000,13
free-mem,64,0.56283,79000000,13
free-mem,64,0.56413,40700000,13
free-mem,64,0.56387,6700000,13
free-mem,64,0.56291,4200000,13
free-mem,64,0.56472,16900000,13
free-mem,64,0.56585,50400000,13
free-mem,64,0.56548,41600000,13
free-mem,64,0.56123,38900000,13
free-mem,64,0.56435,37800000,13
free-mem,64,0.566,29200000,13
free-mem,64,0.56311,29100000,13
free-mem,64,0.56328,10300000,13
free-mem,64,0.564,5700000,13
free-mem,64,0.56243,54100000,13
free-mem,64,0.56102,45100000,13
free-mem,64,0.56317,43900000,13
free-mem,64,0.56331,33100000,13
free-mem,64,0.56518,63100000,13
free-mem,64,0.56507,53900000,13
free-mem,64,0.56407,50700000,13
free-mem,64,0.564,900000,13
free-mem,64,0.56353,18900000,13
free-mem,64,0.56325,21200000,13
free-mem,64,0.567,21300000,13
free-mem,64,0.56452,57100000,13
free-mem,64,0.56539,55900000,13
free-mem,64,0.56384,56900000,13
free-mem,64,0.5658,70100000,13
free-mem,64,0.56221,79900000,13
free-mem,64,0.5641,37300000,13
free-mem,64,0.56429,53800000,13
free-mem,64,0.56531,51200000,13
free-mem,64,0.56409,45700000,13
free-mem,64,0.56425,27800000,13
free-mem,64,0.56266,26000000,13
free-mem,64,0.56554,19100000,13
free-mem,64,0.56236,21800000,13
free-mem,64,0.56504,61700000,13
free-mem,64,0.56369,51500000,13
free-mem,64,0.56342,38000000,13
free-mem,64,0.56471,29800000,13
free-mem,64,0.56552,4000000,13
free-mem,64,0.56405,4300000,13
free-mem,64,0.56376,20200000,13
free-mem,64,0.5632,22700000,13
free-mem,64,0.56284,65400000,13
free-mem,64,0.56606,10700000,13
free-mem,64,0.56461,2700000,13
free-mem,64,0.5637,15100000,13
free-mem,64,0.56734,15400000,13
free-mem,64,0.56311,19000000,13
free-mem,64,0.56503,73200000,13
free-mem,64,0.56553,76700000,13
free-mem,64,0.56481,78700000,13
free-mem,64,0.56736,79700000,13
free-mem,64,0.56425,31600000,13
free-mem,64,0.56337,49100000,13
free-mem,64,0.56342,42100000,13
free-mem,64,0.56669,47300000,13
free-mem,64,0.56348,27200000,13
free-mem,64,0.56595,11900000,13
free-mem,64,0.56648,25600000,13
free-mem,64,0.56292,32600000,13
free-mem,64,0.56322,6400000,13
free-mem,64,0.56576,23400000,13
free-mem,64,0.56278,59000000,13
free-mem,64,0.56285,62100000,13
free-mem,64,0.56448,68900000,13
free-mem,64,0.56342,13900000,13
free-mem,64,0.56388,17800000,13
free-mem,64,0.56476,52900000,13
free-mem,64,0.56385,43500000,13
free-mem,64,0.56286,3000000,13
free-mem,64,0.56495,19200000,13
free-mem,64,0.56452,45500000,13
free-mem,64,0.56346,4800000,13
free-mem,64,0.56313,19600000,13
free-mem,64,0.56468,72000000,13
free-mem,64,0.56229,75200000,13
free-mem,64,0.56393,48400000,13
free-mem,64,0.56641,44500000,13
free-mem,64,0.56384,34500000,13
free-mem,64,0.56414,65100000,13
free-mem,64,0.56362,73300000,13
free-mem,64,0.56581,79500000,13
free-mem,64,0.56641,61200000,13
free-mem,64,0.56352,50000000,13
free-mem,64,0.56278,36300000,13
free-mem,64,0.56477,7900000,13
free-mem,64,0.56386,5100000,13
free-mem,64,0.56511,74200000,13
free-mem,64,0.56167,49300000,13
free-mem,64,0.56647,46900000,13
free-mem,64,0.56412,6500000,13
free-mem,64,0.56275,2600000,13
free-mem,64,0.56357,64600000,13
free-mem,64,0.56359,53500000,13
free-mem,64,0.56318,52800000,13
free-mem,64,0.56419,52400000,13
free-mem,64,0.56336,51900000,13
free-mem,64,0.56381,41500000,13
free-mem,64,0.56684,38200000,13
free-mem,64,0.56597,31800000,13
free-mem,64,0.56525,29300000,13
free-mem,64,0.5628,26900000,13
free-mem,64,0.56579,69600000,13
free-mem,64,0.56301,62800000,13
free-mem,64,0.56396,51400000,13
free-mem,64,0.56602,7000000,13
free-mem,64,0.5642,3600000,13
free-mem,64,0.56243,14200000,13
free-mem,64,0.56313,55000000,13
free-mem,64,0.56492,74500000,13
free-mem,64,0.56423,50600000,13
free-mem,64,0.56599,30100000,13
free-mem,64,0.56542,56300000,13
free-mem,64,0.56393,37900000,13
free-mem,64,0.56459,12000000,13
free-mem,64,0.56656,6900000,13
free-mem,64,0.56579,58100000,13
free-mem,64,0.56527,58600000,13
free-mem,64,0.5638,60300000,13
free-mem,64,0.56495,43200000,13
free-mem,64,0.56451,10000000,13
free-mem,64,0.56357,3900000,13
free-mem,64,0.5619,25200000,13
free-mem,64,0.56276,56600000,13
free-mem,64,0.56486,59700000,13
free-mem,64,0.56438,39600000,13
free-mem,64,0.56643,5200000,13
free-mem,64,0.5644,59100000,13
free-mem,64,0.56582,59300000,13
free-mem,64,0.56356,66200000,13
free-mem,64,0.56334,68400000,13
free-mem,64,0.56591,71700000,13
free-mem,64,0.56325,72700000,13
free-mem,64,0.56422,74100000,13
free-mem,64,0.56489,62700000,13
free-mem,64,0.56489,17900000,13
free-mem,64,0.56597,35100000,13
free-mem,64,0.56158,43000000,13
free-mem,64,0.56166,22500000,13
free-mem,64,0.56292,60500000,13
free-mem,64,0.56334,70900000,13
free-mem,64,0.56485,76400000,13
free-mem,64,0.56497,36200000,13
free-mem,64,0.56435,32500000,13
free-mem,64,0.56389,26200000,13
free-mem,64,0.56574,61300000,13
free-mem,64,0.56386,76300000,13
free-mem,64,0.56308,46700000,13
free-mem,64,0.5655,36800000,13
free-mem,64,0.56592,33400000,13
free-mem,64,0.56545,13400000,13
free-mem,64,0.56271,17600000,13
free-mem,64,0.56577,69400000,13
free-mem,64,0.56515,47100000,13
free-mem,64,0.56506,42000000,13
free-mem,64,0.56637,37400000,13
free-mem,64,0.56411,28700000,13
free-mem,64,0.56638,12100000,13
free-mem,64,0.5627,9900000,13
free-mem,64,0.565,13300000,13
free-mem,64,0.56315,21700000,13
free-mem,64,0.56291,78200000,13
free-mem,64,0.56256,53200000,13
free-mem,64,0.56433,52600000,13
free-mem,64,0.56421,32100000,13
free-mem,64,0.56514,31500000,13
free-mem,64,0.56383,14700000,13
free-mem,64,0.56365,15900000,13
free-mem,64,0.56467,66500000,13
free-mem,64,0.56387,37600000,13
free-mem,64,0.56359,61400000,13
free-mem,64,0.56344,61900000,13
free-mem,64,0.56283,65900000,13
free-mem,64,0.5649,3100000,13
free-mem,64,0.5624,17000000,13
free-mem,64,0.56237,18000000,13
free-mem,64,0.56575,58900000,13
free-mem,64,0.56475,70500000,13
free-mem,64,0.56185,70800000,13
free-mem,64,0.56508,16000000,13
free-mem,64,0.56446,13700000,13
free-mem,64,0.5641,44700000,13
free-mem,64,0.56349,39500000,13
free-mem,64,0.566,40000000,13
free-mem,64,0.56542,38800000,13
free-mem,64,0.56627,35500000,13
free-mem,64,0.56396,27300000,13
free-mem,64,0.56566,3700000,13
free-mem,64,0.56401,12800000,13
free-mem,64,0.56382,14600000,13
free-mem,64,0.56346,74400000,13
free-mem,64,0.56502,72200000,13
free-mem,64,0.56354,46600000,13
free-mem,64,0.5648,46500000,13
free-mem,64,0.56393,36700000,13
free-mem,64,0.56374,32000000,13
free-mem,64,0.56337,63200000,13
free-mem,64,0.56489,68800000,13
free-mem,64,0.56436,9400000,13
free-mem,64,0.56579,1900000,13
free-mem,64,0.56347,800000,13
free-mem,64,0.56636,4400000,13
free-mem,64,0.56176,16400000,13
free-mem,64,0.56272,68300000,13
free-mem,64,0.56499,73600000,13
free-mem,64,0.56499,75000000,13
free-mem,64,0.5654,76500000,13
free-mem,64,0.56738,34000000,13
free-mem,64,0.5658,49200000,13
free-mem,64,0.56377,31200000,13
free-mem,64,0.56455,25000000,13
free-mem,64,0.56586,25100000,13
free-mem,64,0.56446,28400000,13
free-mem,64,0.5647,2800000,13
free-mem,64,0.56462,700000,13
free-mem,64,0.56349,13800000,13
free-mem,64,0.56263,22600000,13
free-mem,64,0.56358,23500000,13
free-mem,64,0.56335,42300000,13
free-mem,64,0.56501,40200000,13
free-mem,64,0.56278,500000,13
free-mem,64,0.56431,17500000,13
free-mem,64,0.56427,23100000,13
free-mem,64,0.56371,55700000,13
free-mem,64,0.56596,65200000,13
free-mem,64,0.56528,77600000,13
free-mem,64,0.56584,12200000,13
free-mem,64,0.56204,41100000,13
free-mem,64,0.56492,44200000,13
free-mem,64,0.56488,33200000,13
free-mem,64,0.56528,30500000,13
free-mem,64,0.56368,2100000,13
free-mem,64,0.56423,56800000,13
free-mem,64,0.56231,59600000,13
free-mem,64,0.56305,67700000,13
free-mem,64,0.56458,73400000,13
free-mem,64,0.56411,41400000,13
free-mem,64,0.5641,39800000,13
free-mem,64,0.56493,34800000,13
free-mem,64,0.5654,25900000,13
free-mem,64,0.56549,18100000,13
free-mem,64,0.56424,64700000,13
free-mem,64,0.56567,48200000,13
free-mem,64,0.56407,12900000,13
free-mem,64,0.56627,30800000,13
free-mem,64,0.56463,8500000,13
free-mem,64,0.56462,8000000,13
free-mem,64,0.56429,50300000,13
free-mem,64,0.56559,45900000,13
free-mem,64,0.56488,17700000,13
free-mem,64,0.56702,24100000,13
free-mem,64,0.56528,66700000,13
free-mem,64,0.56372,35700000,13
free-mem,64,0.56578,6600000,13
free-mem,64,0.56475,16600000,13
free-mem,64,0.5642,34600000,13
free-mem,64,0.56476,28800000,13
free-mem,64,0.56473,20500000,13
free-mem,64,0.56379,20800000,13
free-mem,64,0.56285,24000000,13
free-mem,64,0.56575,56000000,13
free-mem,64,0.56286,66600000,13
free-mem,64,0.56525,72600000,13
free-mem,64,0.56323,40300000,13
free-mem,64,0.56488,7700000,13
free-mem,64,0.56388,7500000,13
free-mem,64,0.56428,21600000,13
free-mem,64,0.56337,74700000,13
free-mem,64,0.56761,28000000,13
free-mem,64,0.56408,8600000,13
free-mem,64,0.56316,24500000,13
free-mem,64,0.56477,77500000,13
free-mem,64,0.56471,50900000,13
free-mem,64,0.56547,45300000,13
free-mem,64,0.56565,56500000,13
free-mem,64,0.56301,58500000,13
free-mem,64,0.56457,75500000,13
free-mem,64,0.56496,78500000,13
free-mem,64,0.56167,23700000,13
free-mem,64,0.56447,24400000,13
free-mem,64,0.56564,54000000,13
free-mem,64,0.56232,40100000,13
free-mem,64,0.56205,7200000,13
free-mem,64,0.56505,16200000,13
free-mem,64,0.56504,63300000,13
free-mem,64,0.56404,75600000,13
free-mem,64,0.56502,47600000,13
free-mem,64,0.56267,26600000,13
free-mem,64,0.56417,7300000,13
free-mem,64,0.56685,15300000,13
free-mem,64,0.56769,21400000,13
free-mem,64,0.56617,57800000,13
free-mem,64,0.56459,33500000,13
free-mem,64,0.56469,56400000,13
free-mem,64,0.56603,66000000,13
free-mem,64,0.56422,71300000,13
free-mem,64,0.56237,13200000,13
free-mem,64,0.56541,30900000,13
free-mem,64,0.56408,10500000,13
free-mem,64,0.56457,7400000,13
free-mem,64,0.56686,22000000,13
free-mem,64,0.5658,55200000,13
free-mem,64,0.56386,50200000,13
free-mem,64,0.56481,42500000,13
free-mem,64,0.56304,600000,13
free-mem,64,0.56435,3300000,13
free-mem,64,0.56537,4600000,13
free-mem,64,0.56407,21000000,13
free-mem,64,0.56493,54400000,13
free-mem,64,0.56233,58200000,13
free-mem,64,0.5648,49500000,13
free-mem,64,0.5653,10100000,13
free-mem,64,0.56493,9800000,13
free-mem,64,0.56377,9700000,13
free-mem,64,0.5658,16800000,13
free-mem,64,0.5643,19500000,13
free-mem,64,0.56129,64800000,13
free-mem,64,0.56322,77800000,13
free-mem,64,0.56519,78800000,13
free-mem,64,0.56364,53300000,13
free-mem,64,0.56464,47400000,13
free-mem,64,0.56368,9600000,13
free-mem,64,0.56495,4700000,13
free-mem,64,0.56426,17200000,13
free-mem,64,0.56459,20400000,13
free-mem,64,0.56524,25400000,13
free-mem,64,0.56342,71400000,13
free-mem,64,0.56813,70600000,13
free-mem,64,0.56458,51600000,13
free-mem,64,0.56504,36400000,13
free-mem,64,0.56639,9000000,13
free-mem,64,0.56448,6200000,13
free-mem,64,0.56302,22800000,13
free-mem,64,0.56559,55400000,13
free-mem,64,0.56398,51000000,13
free-mem,64,0.56565,37500000,13
free-mem,64,0.5637,29900000,13
free-mem,64,0.56296,32900000,13
free-mem,64,0.5658,11400000,13
free-mem,64,0.56301,10800000,13
free-mem,64,0.56455,23200000,13
free-mem,64,0.56359,61600000,13
free-mem,64,0.56262,76000000,13
free-mem,64,0.56522,76800000,13
free-mem,64,0.56205,77700000,13
free-mem,64,0.5675,17100000,13
free-mem,64,0.5645,16100000,13
free-mem,64,0.56292,51800000,13
free-mem,64,0.56355,45600000,13
free-mem,64,0.56582,32700000,13
free-mem,64,0.56334,31100000,13
free-mem,64,0.56344,11700000,13
free-mem,64,0.56448,25300000,13
free-mem,64,0.56451,38700000,13
free-mem,64,0.56451,13100000,13
free-mem,64,0.56491,65700000,13
free-mem,64,0.56248,39900000,13
free-mem,64,0.56489,34100000,13
free-mem,64,0.56615,32200000,13
free-mem,64,0.56404,29700000,13
free-mem,64,0.56329,62000000,13
free-mem,64,0.56224,78000000,13
free-mem,64,0.56498,44400000,13
free-mem,64,0.56416,27900000,13
free-mem,64,0.56447,5500000,13
free-mem,64,0.56596,13000000,13
free-mem,64,0.56559,21900000,13
free-mem,64,0.56551,64000000,13
free-mem,64,0.56445,69300000,13
free-mem,64,0.56473,75100000,13
free-mem,64,0.56171,49000000,13
free-mem,64,0.56418,52300000,13
free-mem,64,0.56682,34700000,13
free-mem,64,0.56104,26300000,13
free-mem,64,0.56364,8800000,13
free-mem,64,0.56407,3400000,13
free-mem,64,0.5624,19900000,13
free-mem,64,0.56326,25500000,13
free-mem,64,0.56399,77200000,13
free-mem,64,0.56416,44000000,13
free-mem,64,0.56379,62400000,13
free-mem,64,0.56342,67800000,13
free-mem,64,0.56267,72800000,13
free-mem,64,0.56606,76900000,13
free-mem,64,0.56394,43700000,13
free-mem,64,0.56481,38400000,13
free-mem,64,0.5654,6800000,13
free-mem,64,0.56404,54800000,13
free-mem,64,0.56485,65600000,13
free-mem,64,0.56307,67400000,13
free-mem,64,0.56369,68100000,13
free-mem,64,0.56441,77400000,13
free-mem,64,0.5647,69500000,13
free-mem,64,0.56427,42400000,13
free-mem,64,0.56631,41200000,13
free-mem,64,0.56564,39700000,13
free-mem,64,0.56272,11600000,13
free-mem,64,0.5641,7100000,13
free-mem,64,0.56383,69900000,13
free-mem,64,0.56481,52500000,13
free-mem,64,0.56494,51100000,13
free-mem,64,0.56523,8400000,13
free-mem,64,0.56436,56100000,13
free-mem,64,0.56479,63900000,13
free-mem,64,0.56206,40600000,13
free-mem,64,0.56533,14900000,13
free-mem,64,0.5613,77000000,13
free-mem,64,0.56294,61500000,13
free-mem,64,0.56272,52200000,13
free-mem,64,0.56581,2500000,13
free-mem,64,0.56369,18500000,13
free-mem,64,0.56476,68700000,13
free-mem,64,0.56311,75900000,13
free-mem,64,0.56135,43400000,13
free-mem,64,0.56251,37100000,13
free-mem,64,0.56387,36000000,13
free-mem,64,0.56395,34400000,13
free-mem,64,0.56356,62600000,13
free-mem,64,0.56325,51700000,13
free-mem,64,0.56444,39000000,13
free-mem,64,0.56377,33700000,13
free-mem,64,0.56356,29500000,13
free-mem,64,0.56489,8200000,13
free-mem,64,0.73732,100000,13
free-mem,64,0.56272,24600000,13
free-mem,64,0.56368,59900000,13
free-mem,64,0.56735,65300000,13
free-mem,64,0.56177,48600000,13
free-mem,64,0.56542,48500000,13
free-mem,64,0.5641,5300000,13
free-mem,64,0.56464,63400000,13
free-mem,64,0.56719,66400000,13
free-mem,64,0.56529,35600000,13
free-mem,64,0.56201,32800000,13
free-mem,64,0.5617,27400000,13
free-mem,64,0.56285,1300000,13
free-mem,64,0.56394,24900000,13
free-mem,64,0.56559,58300000,13
free-mem,64,0.56407,66100000,13
free-mem,64,0.56427,70000000,13
free-mem,64,0.56496,71600000,13
free-mem,64,0.56484,77300000,13
free-mem,64,0.56619,60900000,13
free-mem,64,0.5658,35200000,13
free-mem,64,0.5666,28300000,13
free-mem,64,0.56476,15700000,13
free-mem,64,0.56462,79300000,13
free-mem,64,0.5639,41300000,13
free-mem,64,0.56494,35400000,13
free-mem,64,0.56308,11200000,13
free-mem,64,0.56587,15800000,13
free-mem,64,0.56327,56200000,13
free-mem,64,0.56514,69000000,13
free-mem,64,0.56362,25800000,13
free-mem,64,0.56411,5000000,13
free-mem,64,0.56349,19800000,13
free-mem,64,0.56315,57700000,13
free-mem,64,0.56566,74300000,13
free-mem,64,0.56548,79200000,13
free-mem,64,0.56548,35000000,13
free-mem,64,0.56484,34300000,13
free-mem,64,0.56639,30000000,13
free-mem,64,0.5635,11000000,13
free-mem,64,0.56526,18200000,13
free-mem,64,0.56511,21100000,13
free-mem,64,0.56444,24800000,13
free-mem,64,0.56788,57200000,13
free-mem,64,0.56335,68200000,13
free-mem,64,0.56215,2400000,13
free-mem,64,0.56478,20700000,13
free-mem,64,0.5643,44300000,13
free-mem,64,0.56557,36500000,13
free-mem,64,0.56511,15600000,13
free-mem,64,0.56295,18400000,13
free-mem,64,0.56578,23600000,13
free-mem,64,0.56474,67300000,13
free-mem,64,0.56506,68500000,13
free-mem,64,0.56327,52000000,13
free-mem,64,0.56743,46100000,13
free-mem,64,0.56621,27700000,13
free-mem,64,0.56488,25700000,13
free-mem,64,0.56435,5900000,13
free-mem,64,0.56568,20600000,13
free-mem,64,0.56419,66300000,13
free-mem,64,0.5644,71100000,13
free-mem,64,0.56278,33000000,13
free-mem,64,0.56404,60400000,13
free-mem,64,0.56376,73900000,13
free-mem,64,0.56478,67600000,13
free-mem,64,0.56461,50500000,13
free-mem,64,0.56481,49800000,13
free-mem,64,0.56617,44600000,13
free-mem,64,0.56303,3200000,13
free-mem,64,0.56558,13500000,13
free-mem,64,0.56327,18300000,13
free-mem,64,0.56399,18600000,13
free-mem,64,0.56403,13600000,13
free-mem,64,0.56745,16500000,13
free-mem,64,0.56472,57300000,13
free-mem,64,0.56349,53000000,13
free-mem,64,0.5633,48700000,13
free-mem,64,0.56457,39200000,13
free-mem,64,0.56383,10400000,13
free-mem,64,0.56477,14500000,13
free-mem,64,0.56429,64100000,13
free-mem,64,0.56253,60800000,13
free-mem,64,0.56374,44800000,13
free-mem,64,0.56625,27100000,13
free-mem,64,0.56603,19700000,13
free-mem,64,0.56461,67000000,13
free-mem,64,0.56836,74800000,13
free-mem,64,0.56686,78900000,13
free-mem,64,0.56435,45800000,13
free-mem,64,0.5668,8300000,13
free-mem,64,0.56562,14400000,13
free-mem,64,0.56429,21500000,13
free-mem,64,0.56384,58800000,13
free-mem,64,0.56509,62500000,13
free-mem,64,0.56401,52700000,13
free-mem,64,0.56319,39300000,13
free-mem,64,0.56355,38100000,13
free-mem,64,0.56491,19300000,13
free-mem,64,0.56432,50100000,13
free-mem,64,0.56379,40800000,13
free-mem,64,0.56274,54900000,13
free-mem,64,0.56334,58400000,13
free-mem,64,0.56385,74900000,13
free-mem,64,0.56344,1600000,13
free-mem,64,0.56463,5800000,13
free-mem,64,0.5637,59800000,13
free-mem,64,0.56569,76600000,13
free-mem,64,0.56517,34900000,13
free-mem,64,0.56565,4100000,13
free-mem,64,0.56466,58000000,13
free-mem,64,0.56341,59500000,13
free-mem,64,0.56283,49400000,13
free-mem,64,0.56404,46000000,13
free-mem,64,0.56361,45400000,13
free-mem,64,0.5663,44100000,13
free-mem,64,0.56635,4500000,13
free-mem,64,0.56506,69100000,13
free-mem,64,0.56649,74600000,13
free-mem,64,0.56217,53700000,13
free-mem,64,0.56348,41000000,13
free-mem,64,0.56506,38600000,13
free-mem,64,0.5663,28100000,13
free-mem,64,0.56562,60700000,13
free-mem,64,0.56286,63600000,13
free-mem,64,0.56664,68600000,13
free-mem,64,0.56586,78600000,13
free-mem,64,0.56329,71900000,13
free-mem,64,0.56429,48800000,13
free-mem,64,0.56431,10600000,13
free-mem,64,0.56675,14100000,13
free-mem,64,0.56619,55500000,13
free-mem,64,0.56349,68000000,13
free-mem,64,0.56508,48000000,13
free-mem,64,0.56817,26500000,13
free-mem,64,0.56438,12600000,13
free-mem,64,0.56435,70300000,13
free-mem,64,0.5657,53600000,13
free-mem,64,0.56667,47200000,13
free-mem,64,0.56453,33800000,13
free-mem,64,0.56323,18800000,13
free-mem,64,0.56312,67500000,13
free-mem,64,0.56561,78300000,13
free-mem,64,0.56365,53400000,13
free-mem,64,0.56505,27500000,13
free-mem,64,0.56446,1500000,13
free-mem,64,0.56044,15200000,13
free-mem,64,0.56499,24300000,13
free-mem,64,0.56431,64900000,13
free-mem,64,0.56361,61800000,13
free-mem,64,0.56609,49700000,13
free-mem,64,0.56703,29400000,13
free-mem,64,0.56305,9300000,13
free-mem,64,0.56385,9100000,13
free-mem,64,0.56465,6000000,13
free-mem,64,0.56725,17400000,13
free-mem,64,0.56499,76100000,13
free-mem,64,0.56531,71200000,13
free-mem,64,0.56219,45000000,13
free-mem,64,0.56293,60600000,13
free-mem,64,0.56358,76200000,13
free-mem,64,0.64834,200000,13
free-mem,64,0.56212,12700000,13
free-mem,64,0.56107,62200000,13
free-mem,64,0.56546,63800000,13
free-mem,64,0.56368,67900000,13
free-mem,64,0.56415,33600000,13
free-mem,64,0.5638,27600000,13
free-mem,64,0.56497,30600000,13
free-mem,64,0.56345,28900000,13
free-mem,64,0.56638,26100000,13
free-mem,64,0.56219,15000000,13
free-mem,64,0.56286,61000000,13
free-mem,64,0.56668,66800000,13
free-mem,64,0.56488,35900000,13
free-mem,64,0.56269,6100000,13
free-mem,64,0.56323,14300000,13
free-mem,64,0.56613,62900000,13
free-mem,64,0.56551,63700000,13
free-mem,64,0.56451,47800000,13
free-mem,64,0.56276,42900000,13
free-mem,64,0.56342,46300000,13
free-mem,256,0.26994,51300000,85
free-mem,256,0.2691,46200000,85
free-mem,256,0.26887,40500000,85
free-mem,256,0.26949,33300000,85
free-mem,256,0.26776,31400000,85
free-mem,256,0.26718,3800000,85
free-mem,256,0.26918,37000000,85
free-mem,256,0.0,0,85
free-mem,256,0.57264,400000,85
free-mem,256,0.26974,3500000,85
free-mem,256,0.26581,4900000,85
free-mem,256,0.26941,54600000,85
free-mem,256,0.26744,73100000,85
free-mem,256,0.26835,75300000,85
free-mem,256,0.26818,36600000,85
free-mem,256,0.26852,30400000,85
free-mem,256,0.26921,30200000,85
free-mem,256,0.2695,29000000,85
free-mem,256,0.26989,24700000,85
free-mem,256,0.26709,54500000,85
free-mem,256,0.26831,43800000,85
free-mem,256,0.26898,33900000,85
free-mem,256,0.26854,71000000,85
free-mem,256,0.26915,79400000,85
free-mem,256,0.26672,36900000,85
free-mem,256,0.27011,26400000,85
free-mem,256,0.26922,11500000,85
free-mem,256,0.26837,9500000,85
free-mem,256,0.26752,22900000,85
free-mem,256,0.26813,23800000,85
free-mem,256,0.26916,62300000,85
free-mem,256,0.26872,65000000,85
free-mem,256,0.27002,49600000,85
free-mem,256,0.26637,42700000,85
free-mem,256,0.26745,28600000,85
free-mem,256,0.27024,9200000,85
free-mem,256,0.45002,1000000,85
free-mem,256,0.26886,65500000,85
free-mem,256,0.26633,43300000,85
free-mem,256,0.26756,40400000,85
free-mem,256,0.26635,32300000,85
free-mem,256,0.26948,7800000,85
free-mem,256,0.26638,23000000,85
free-mem,256,0.26834,55600000,85
free-mem,256,0.26877,60200000,85
free-mem,256,0.43577,1100000,85
free-mem,256,0.2683,5400000,85
free-mem,256,0.26923,22300000,85
free-mem,256,0.26792,55800000,85
free-mem,256,0.26568,77900000,85
free-mem,256,0.26995,49900000,85
free-mem,256,0.27015,43600000,85
free-mem,256,0.30849,2300000,85
free-mem,256,0.26695,54700000,85
free-mem,256,0.26886,56700000,85
free-mem,256,0.26893,72500000,85
free-mem,256,0.26769,74000000,85
free-mem,256,0.26802,53100000,85
free-mem,256,0.26987,41700000,85
free-mem,256,0.26751,34200000,85
free-mem,256,0.26706,27000000,85
free-mem,256,0.26796,12500000,85
free-mem,256,0.26692,8700000,85
free-mem,256,0.26693,60100000,85
free-mem,256,0.26795,69200000,85
free-mem,256,0.26902,73500000,85
free-mem,256,0.26685,46800000,85
free-mem,256,0.26866,31900000,85
free-mem,256,0.26695,28200000,85
free-mem,256,0.35501,1800000,85
free-mem,256,0.26748,69800000,85
free-mem,256,0.26847,72300000,85
free-mem,256,0.26713,79100000,85
free-mem,256,0.2691,79600000,85
free-mem,256,0.26947,48300000,85
free-mem,256,0.27013,39400000,85
free-mem,256,0.26868,7600000,85
free-mem,256,0.3158,2200000,85
free-mem,256,0.60595,300000,85
free-mem,256,0.26837,14800000,85
free-mem,256,0.26759,16700000,85
free-mem,256,0.26746,22100000,85
free-mem,256,0.26639,79800000,85
free-mem,256,0.26781,47900000,85
free-mem,256,0.2666,47700000,85
free-mem,256,0.26719,40900000,85
free-mem,256,0.26834,20100000,85
free-mem,256,0.26879,20300000,85
free-mem,256,0.26718,57500000,85
free-mem,256,0.2654,63000000,85
free-mem,256,0.26848,71500000,85
free-mem,256,0.26804,8100000,85
free-mem,256,0.26872,2900000,85
free-mem,256,0.26814,14000000,85
free-mem,256,0.26862,22200000,85
free-mem,256,0.26671,55300000,85
free-mem,256,0.26787,57400000,85
free-mem,256,0.27042,67200000,85
free-mem,256,0.26824,70200000,85
free-mem,256,0.26753,72100000,85
free-mem,256,0.26752,78400000,85
free-mem,256,0.26916,26800000,85
free-mem,256,0.26903,65800000,85
free-mem,256,0.26759,67100000,85
free-mem,256,0.268,37200000,85
free-mem,256,0.26686,10900000,85
free-mem,256,0.26805,16300000,85
free-mem,256,0.27049,22400000,85
free-mem,256,0.26982,71800000,85
free-mem,256,0.2671,72400000,85
free-mem,256,0.26777,50800000,85
free-mem,256,0.26972,38500000,85
free-mem,256,0.26853,29600000,85
free-mem,256,0.26777,28500000,85
free-mem,256,0.2669,26700000,85
free-mem,256,0.26856,75800000,85
free-mem,256,0.26776,23900000,85
free-mem,256,0.26926,59200000,85
free-mem,256,0.26696,47500000,85
free-mem,256,0.26682,42600000,85
free-mem,256,0.26585,35300000,85
free-mem,256,0.26878,30700000,85
free-mem,256,0.27003,72900000,85
free-mem,256,0.2677,73800000,85
free-mem,256,0.26871,52100000,85
free-mem,256,0.26691,38300000,85
free-mem,256,0.2691,42800000,85
free-mem,256,0.26797,12300000,85
free-mem,256,0.26763,6300000,85
free-mem,256,0.26845,64300000,85
free-mem,256,0.26876,75400000,85
free-mem,256,0.26804,75700000,85
free-mem,256,0.26752,45200000,85
free-mem,256,0.26961,41900000,85
free-mem,256,0.26742,37700000,85
free-mem,256,0.26771,30300000,85
free-mem,256,0.26665,54200000,85
free-mem,256,0.26824,55100000,85
free-mem,256,0.26768,57900000,85
free-mem,256,0.26596,59400000,85
free-mem,256,0.26795,70400000,85
free-mem,256,0.26897,47000000,85
free-mem,256,0.26952,43100000,85
free-mem,256,0.2704,35800000,85
free-mem,256,0.33305,2000000,85
free-mem,256,0.36041,1700000,85
free-mem,256,0.41948,1200000,85
free-mem,256,0.26724,5600000,85
free-mem,256,0.26837,15500000,85
free-mem,256,0.26952,20000000,85
free-mem,256,0.26873,78100000,85
free-mem,256,0.26643,12400000,85
free-mem,256,0.26894,8900000,85
free-mem,256,0.26949,24200000,85
free-mem,256,0.26745,54300000,85
free-mem,256,0.26856,58700000,85
free-mem,256,0.26899,60000000,85
free-mem,256,0.26891,64500000,85
free-mem,256,0.26844,48900000,85
free-mem,256,0.26719,42200000,85
free-mem,256,0.26839,11800000,85
free-mem,256,0.26921,17300000,85
free-mem,256,0.26846,20900000,85
free-mem,256,0.26879,57600000,85
free-mem,256,0.2692,63500000,85
free-mem,256,0.26919,66900000,85
free-mem,256,0.26729,77100000,85
free-mem,256,0.26832,31300000,85
free-mem,256,0.26793,44900000,85
free-mem,256,0.26838,41800000,85
free-mem,256,0.26713,39100000,85
free-mem,256,0.2685,11300000,85
free-mem,256,0.26639,10200000,85
free-mem,256,0.39672,1400000,85
free-mem,256,0.26954,23300000,85
free-mem,256,0.26729,46400000,85
free-mem,256,0.26477,31700000,85
free-mem,256,0.26712,31000000,85
free-mem,256,0.2684,73700000,85
free-mem,256,0.27035,61100000,85
free-mem,256,0.26985,11100000,85
free-mem,256,0.26877,19400000,85
free-mem,256,0.26724,57000000,85
free-mem,256,0.26884,70700000,85
free-mem,256,0.27004,48100000,85
free-mem,256,0.26874,69700000,85
free-mem,256,0.26949,36100000,85
free-mem,256,0.26857,32400000,85
free-mem,256,0.26824,18700000,85
free-mem,256,0.26843,64200000,85
free-mem,256,0.26627,64400000,85
free-mem,256,0.26948,73000000,85
free-mem,256,0.2699,79000000,85
free-mem,256,0.26768,40700000,85
free-mem,256,0.26615,6700000,85
free-mem,256,0.26805,4200000,85
free-mem,256,0.26685,16900000,85
free-mem,256,0.26841,50400000,85
free-mem,256,0.26693,41600000,85
free-mem,256,0.26646,38900000,85
free-mem,256,0.2688,37800000,85
free-mem,256,0.26721,29200000,85
free-mem,256,0.26926,29100000,85
free-mem,256,0.26682,10300000,85
free-mem,256,0.269,5700000,85
free-mem,256,0.26766,54100000,85
free-mem,256,0.2661,45100000,85
free-mem,256,0.26767,43900000,85
free-mem,256,0.26921,33100000,85
free-mem,256,0.26905,63100000,85
free-mem,256,0.2674,53900000,85
free-mem,256,0.26798,50700000,85
free-mem,256,0.46561,900000,85
free-mem,256,0.26686,18900000,85
free-mem,256,0.26718,21200000,85
free-mem,256,0.27075,21300000,85
free-mem,256,0.26877,57100000,85
free-mem,256,0.26696,55900000,85
free-mem,256,0.26765,56900000,85
free-mem,256,0.26705,70100000,85
free-mem,256,0.26502,79900000,85
free-mem,256,0.26804,37300000,85
free-mem,256,0.26653,53800000,85
free-mem,256,0.26973,51200000,85
free-mem,256,0.2689,45700000,85
free-mem,256,0.26696,27800000,85
free-mem,256,0.26651,26000000,85
free-mem,256,0.27067,19100000,85
free-mem,256,0.26902,21800000,85
free-mem,256,0.26751,61700000,85
free-mem,256,0.26704,51500000,85
free-mem,256,0.26657,38000000,85
free-mem,256,0.2681,29800000,85
free-mem,256,0.27104,4000000,85
free-mem,256,0.26888,4300000,85
free-mem,256,0.26841,20200000,85
free-mem,256,0.26734,22700000,85
free-mem,256,0.26932,65400000,85
free-mem,256,0.26869,10700000,85
free-mem,256,0.28268,2700000,85
free-mem,256,0.26988,15100000,85
free-mem,256,0.26834,15400000,85
free-mem,256,0.26748,19000000,85
free-mem,256,0.26648,73200000,85
free-mem,256,0.26922,76700000,85
free-mem,256,0.26827,78700000,85
free-mem,256,0.26918,79700000,85
free-mem,256,0.26763,31600000,85
free-mem,256,0.26768,49100000,85
free-mem,256,0.26729,42100000,85
free-mem,256,0.26945,47300000,85
free-mem,256,0.26702,27200000,85
free-mem,256,0.26917,11900000,85
free-mem,256,0.27003,25600000,85
free-mem,256,0.26784,32600000,85
free-mem,256,0.26634,6400000,85
free-mem,256,0.26776,23400000,85
free-mem,256,0.26625,59000000,85
free-mem,256,0.26731,62100000,85
free-mem,256,0.26937,68900000,85
free-mem,256,0.26673,13900000,85
free-mem,256,0.2679,17800000,85
free-mem,256,0.26791,52900000,85
free-mem,256,0.26741,43500000,85
free-mem,256,0.2693,3000000,85
free-mem,256,0.26894,19200000,85
free-mem,256,0.26766,45500000,85
free-mem,256,0.26902,4800000,85
free-mem,256,0.26903,19600000,85
free-mem,256,0.26735,72000000,85
free-mem,256,0.26718,75200000,85
free-mem,256,0.26809,48400000,85
free-mem,256,0.26914,44500000,85
free-mem,256,0.26614,34500000,85
free-mem,256,0.26662,65100000,85
free-mem,256,0.26691,73300000,85
free-mem,256,0.26933,79500000,85
free-mem,256,0.26623,61200000,85
free-mem,256,0.2673,50000000,85
free-mem,256,0.26725,36300000,85
free-mem,256,0.2688,7900000,85
free-mem,256,0.26635,5100000,85
free-mem,256,0.26937,74200000,85
free-mem,256,0.26527,49300000,85
free-mem,256,0.26888,46900000,85
free-mem,256,0.26924,6500000,85
free-mem,256,0.28756,2600000,85
free-mem,256,0.26705,64600000,85
free-mem,256,0.26854,53500000,85
free-mem,256,0.26722,52800000,85
free-mem,256,0.26834,52400000,85
free-mem,256,0.26837,51900000,85
free-mem,256,0.2706,41500000,85
free-mem,256,0.26956,38200000,85
free-mem,256,0.26643,31800000,85
free-mem,256,0.26798,29300000,85
free-mem,256,0.2663,26900000,85
free-mem,256,0.2682,69600000,85
free-mem,256,0.26846,62800000,85
free-mem,256,0.26782,51400000,85
free-mem,256,0.26786,7000000,85
free-mem,256,0.26827,3600000,85
free-mem,256,0.26672,14200000,85
free-mem,256,0.26779,55000000,85
free-mem,256,0.26881,74500000,85
free-mem,256,0.26696,50600000,85
free-mem,256,0.26906,30100000,85
free-mem,256,0.26948,56300000,85
free-mem,256,0.26725,37900000,85
free-mem,256,0.26902,12000000,85
free-mem,256,0.26857,6900000,85
free-mem,256,0.26892,58100000,85
free-mem,256,0.26795,58600000,85
free-mem,256,0.26964,60300000,85
free-mem,256,0.26871,43200000,85
free-mem,256,0.26646,10000000,85
free-mem,256,0.26835,3900000,85
free-mem,256,0.26728,25200000,85
free-mem,256,0.26761,56600000,85
free-mem,256,0.2714,59700000,85
free-mem,256,0.26786,39600000,85
free-mem,256,0.26933,5200000,85
free-mem,256,0.26745,59100000,85
free-mem,256,0.27131,59300000,85
free-mem,256,0.26876,66200000,85
free-mem,256,0.26992,68400000,85
free-mem,256,0.27005,71700000,85
free-mem,256,0.26828,72700000,85
free-mem,256,0.26758,74100000,85
free-mem,256,0.27101,62700000,85
free-mem,256,0.26749,17900000,85
free-mem,256,0.26989,35100000,85
free-mem,256,0.26788,43000000,85
free-mem,256,0.268,22500000,85
free-mem,256,0.27046,60500000,85
free-mem,256,0.26922,70900000,85
free-mem,256,0.26889,76400000,85
free-mem,256,0.26799,36200000,85
free-mem,256,0.268,32500000,85
free-mem,256,0.26899,26200000,85
free-mem,256,0.26969,61300000,85
free-mem,256,0.26869,76300000,85
free-mem,256,0.26873,46700000,85
free-mem,256,0.26608,36800000,85
free-mem,256,0.26793,33400000,85
free-mem,256,0.26964,13400000,85
free-mem,256,0.26599,17600000,85
free-mem,256,0.2671,69400000,85
free-mem,256,0.26869,47100000,85
free-mem,256,0.26964,42000000,85
free-mem,256,0.27109,37400000,85
free-mem,256,0.26782,28700000,85
free-mem,256,0.26932,12100000,85
free-mem,256,0.26892,9900000,85
free-mem,256,0.2682,13300000,85
free-mem,256,0.26539,21700000,85
free-mem,256,0.26608,78200000,85
free-mem,256,0.26714,53200000,85
free-mem,256,0.26626,52600000,85
free-mem,256,0.26805,32100000,85
free-mem,256,0.26785,31500000,85
free-mem,256,0.26809,14700000,85
free-mem,256,0.2671,15900000,85
free-mem,256,0.26865,66500000,85
free-mem,256,0.26586,37600000,85
free-mem,256,0.26497,61400000,85
free-mem,256,0.26895,61900000,85
free-mem,256,0.26733,65900000,85
free-mem,256,0.26751,3100000,85
free-mem,256,0.2674,17000000,85
free-mem,256,0.26862,18000000,85
free-mem,256,0.27049,58900000,85
free-mem,256,0.26987,70500000,85
free-mem,256,0.26706,70800000,85
free-mem,256,0.26888,16000000,85
free-mem,256,0.2681,13700000,85
free-mem,256,0.26702,44700000,85
free-mem,256,0.26526,39500000,85
free-mem,256,0.26888,40000000,85
free-mem,256,0.26795,38800000,85
free-mem,256,0.27014,35500000,85
free-mem,256,0.26845,27300000,85
free-mem,256,0.26737,3700000,85
free-mem,256,0.26937,12800000,85
free-mem,256,0.26768,14600000,85
free-mem,256,0.27027,74400000,85
free-mem,256,0.26704,72200000,85
free-mem,256,0.26658,46600000,85
free-mem,256,0.26541,46500000,85
free-mem,256,0.26664,36700000,85
free-mem,256,0.26865,32000000,85
free-mem,256,0.26753,63200000,85
free-mem,256,0.26678,68800000,85
free-mem,256,0.26824,9400000,85
free-mem,256,0.34461,1900000,85
free-mem,256,0.48278,800000,85
free-mem,256,0.26899,4400000,85
free-mem,256,0.26516,16400000,85
free-mem,256,0.26484,68300000,85
free-mem,256,0.26795,73600000,85
free-mem,256,0.26816,75000000,85
free-mem,256,0.26819,76500000,85
free-mem,256,0.26934,34000000,85
free-mem,256,0.27048,49200000,85
free-mem,256,0.26846,31200000,85
free-mem,256,0.26805,25000000,85
free-mem,256,0.26681,25100000,85
free-mem,256,0.26711,28400000,85
free-mem,256,0.27633,2800000,85
free-mem,256,0.50235,700000,85
free-mem,256,0.26865,13800000,85
free-mem,256,0.26711,22600000,85
free-mem,256,0.26717,23500000,85
free-mem,256,0.26799,42300000,85
free-mem,256,0.2688,40200000,85
free-mem,256,0.54456,500000,85
free-mem,256,0.26872,17500000,85
free-mem,256,0.2682,23100000,85
free-mem,256,0.26912,55700000,85
free-mem,256,0.26955,65200000,85
free-mem,256,0.26998,77600000,85
free-mem,256,0.26978,12200000,85
free-mem,256,0.26698,41100000,85
free-mem,256,0.26823,44200000,85
free-mem,256,0.26846,33200000,85
free-mem,256,0.26716,30500000,85
free-mem,256,0.32603,2100000,85
free-mem,256,0.26843,56800000,85
free-mem,256,0.26528,59600000,85
free-mem,256,0.27013,67700000,85
free-mem,256,0.26874,73400000,85
free-mem,256,0.2671,41400000,85
free-mem,256,0.26773,39800000,85
free-mem,256,0.2687,34800000,85
free-mem,256,0.26759,25900000,85
free-mem,256,0.26927,18100000,85
free-mem,256,0.26734,64700000,85
free-mem,256,0.26911,48200000,85
free-mem,256,0.26921,12900000,85
free-mem,256,0.2697,30800000,85
free-mem,256,0.26808,8500000,85
free-mem,256,0.26771,8000000,85
free-mem,256,0.26841,50300000,85
free-mem,256,0.26753,45900000,85
free-mem,256,0.26711,17700000,85
free-mem,256,0.27029,24100000,85
free-mem,256,0.26957,66700000,85
free-mem,256,0.269,35700000,85
free-mem,256,0.26618,6600000,85
free-mem,256,0.26844,16600000,85
free-mem,256,0.26887,34600000,85
free-mem,256,0.26835,28800000,85
free-mem,256,0.2692,20500000,85
free-mem,256,0.26972,20800000,85
free-mem,256,0.26891,24000000,85
free-mem,256,0.26723,56000000,85
free-mem,256,0.26713,66600000,85
free-mem,256,0.26984,72600000,85
free-mem,256,0.26658,40300000,85
free-mem,256,0.26939,7700000,85
free-mem,256,0.26729,7500000,85
free-mem,256,0.26777,21600000,85
free-mem,256,0.26727,74700000,85
free-mem,256,0.2712,28000000,85
free-mem,256,0.26949,8600000,85
free-mem,256,0.26735,24500000,85
free-mem,256,0.27053,77500000,85
free-mem,256,0.26914,50900000,85
free-mem,256,0.26763,45300000,85
free-mem,256,0.26719,56500000,85
free-mem,256,0.2675,58500000,85
free-mem,256,0.26867,75500000,85
free-mem,256,0.26744,78500000,85
free-mem,256,0.26803,23700000,85
free-mem,256,0.26707,24400000,85
free-mem,256,0.26739,54000000,85
free-mem,256,0.26912,40100000,85
free-mem,256,0.26901,7200000,85
free-mem,256,0.26901,16200000,85
free-mem,256,0.26625,63300000,85
free-mem,256,0.26675,75600000,85
free-mem,256,0.26891,47600000,85
free-mem,256,0.26675,26600000,85
free-mem,256,0.26768,7300000,85
free-mem,256,0.26769,15300000,85
free-mem,256,0.26941,21400000,85
free-mem,256,0.26828,57800000,85
free-mem,256,0.26982,33500000,85
free-mem,256,0.27006,56400000,85
free-mem,256,0.26928,66000000,85
free-mem,256,0.26654,71300000,85
free-mem,256,0.26745,13200000,85
free-mem,256,0.26906,30900000,85
free-mem,256,0.26895,10500000,85
free-mem,256,0.2691,7400000,85
free-mem,256,0.26865,22000000,85
free-mem,256,0.26959,55200000,85
free-mem,256,0.26766,50200000,85
free-mem,256,0.26802,42500000,85
free-mem,256,0.52124,600000,85
free-mem,256,0.26796,3300000,85
free-mem,256,0.26753,4600000,85
free-mem,256,0.26735,21000000,85
free-mem,256,0.26629,54400000,85
free-mem,256,0.26691,58200000,85
free-mem,256,0.26646,49500000,85
free-mem,256,0.2679,10100000,85
free-mem,256,0.26839,9800000,85
free-mem,256,0.26753,9700000,85
free-mem,256,0.26971,16800000,85
free-mem,256,0.26814,19500000,85
free-mem,256,0.26822,64800000,85
free-mem,256,0.2678,77800000,85
free-mem,256,0.26871,78800000,85
free-mem,256,0.26695,53300000,85
free-mem,256,0.26787,47400000,85
free-mem,256,0.26938,9600000,85
free-mem,256,0.26765,4700000,85
free-mem,256,0.26734,17200000,85
free-mem,256,0.26631,20400000,85
free-mem,256,0.26958,25400000,85
free-mem,256,0.26649,71400000,85
free-mem,256,0.26894,70600000,85
free-mem,256,0.26748,51600000,85
free-mem,256,0.26727,36400000,85
free-mem,256,0.26839,9000000,85
free-mem,256,0.26893,6200000,85
free-mem,256,0.26788,22800000,85
free-mem,256,0.26983,55400000,85
free-mem,256,0.26903,51000000,85
free-mem,256,0.26676,37500000,85
free-mem,256,0.26699,29900000,85
free-mem,256,0.26693,32900000,85
free-mem,256,0.26705,11400000,85
free-mem,256,0.26623,10800000,85
free-mem,256,0.26782,23200000,85
free-mem,256,0.26911,61600000,85
free-mem,256,0.26858,76000000,85
free-mem,256,0.26906,76800000,85
free-mem,256,0.26686,77700000,85
free-mem,256,0.27163,17100000,85
free-mem,256,0.26931,16100000,85
free-mem,256,0.26648,51800000,85
free-mem,256,0.27019,45600000,85
free-mem,256,0.27038,32700000,85
free-mem,256,0.26761,31100000,85
free-mem,256,0.26664,11700000,85
free-mem,256,0.26728,25300000,85
free-mem,256,0.26762,38700000,85
free-mem,256,0.26779,13100000,85
free-mem,256,0.26908,65700000,85
free-mem,256,0.26783,39900000,85
free-mem,256,0.2688,34100000,85
free-mem,256,0.26795,32200000,85
free-mem,256,0.26695,29700000,85
free-mem,256,0.267,62000000,85
free-mem,256,0.26759,78000000,85
free-mem,256,0.26851,44400000,85
free-mem,256,0.26642,27900000,85
free-mem,256,0.26749,5500000,85
free-mem,256,0.26703,13000000,85
free-mem,256,0.26993,21900000,85
free-mem,256,0.26855,64000000,85
free-mem,256,0.26658,69300000,85
free-mem,256,0.26809,75100000,85
free-mem,256,0.26751,49000000,85
free-mem,256,0.26664,52300000,85
free-mem,256,0.26901,34700000,85
free-mem,256,0.26681,26300000,85
free-mem,256,0.26748,8800000,85
free-mem,256,0.26828,3400000,85
free-mem,256,0.26883,19900000,85
free-mem,256,0.26619,25500000,85
free-mem,256,0.2685,77200000,85
free-mem,256,0.26942,44000000,85
free-mem,256,0.26819,62400000,85
free-mem,256,0.26736,67800000,85
free-mem,256,0.26652,72800000,85
free-mem,256,0.26959,76900000,85
free-mem,256,0.26868,43700000,85
free-mem,256,0.26906,38400000,85
free-mem,256,0.26909,6800000,85
free-mem,256,0.26794,54800000,85
free-mem,256,0.26845,65600000,85
free-mem,256,0.26473,67400000,85
free-mem,256,0.26576,68100000,85
free-mem,256,0.26645,77400000,85
free-mem,256,0.2671,69500000,85
free-mem,256,0.26628,42400000,85
free-mem,256,0.26953,41200000,85
free-mem,256,0.26852,39700000,85
free-mem,256,0.2674,11600000,85
free-mem,256,0.26772,7100000,85
free-mem,256,0.27045,69900000,85
free-mem,256,0.26732,52500000,85
free-mem,256,0.26798,51100000,85
free-mem,256,0.26701,8400000,85
free-mem,256,0.26891,56100000,85
free-mem,256,0.26858,63900000,85
free-mem,256,0.26606,40600000,85
free-mem,256,0.26752,14900000,85
free-mem,256,0.26727,77000000,85
free-mem,256,0.27022,61500000,85
free-mem,256,0.26677,52200000,85
free-mem,256,0.29508,2500000,85
free-mem,256,0.26829,18500000,85
free-mem,256,0.26874,68700000,85
free-mem,256,0.26848,75900000,85
free-mem,256,0.26658,43400000,85
free-mem,256,0.26661,37100000,85
free-mem,256,0.26855,36000000,85
free-mem,256,0.26881,34400000,85
free-mem,256,0.27016,62600000,85
free-mem,256,0.26969,51700000,85
free-mem,256,0.2685,39000000,85
free-mem,256,0.2681,33700000,85
free-mem,256,0.27014,29500000,85
free-mem,256,0.26935,8200000,85
free-mem,256,0.73732,100000,85
free-mem,256,0.26783,24600000,85
free-mem,256,0.26964,59900000,85
free-mem,256,0.26891,65300000,85
free-mem,256,0.26752,48600000,85
free-mem,256,0.26813,48500000,85
free-mem,256,0.26683,5300000,85
free-mem,256,0.2676,63400000,85
free-mem,256,0.27062,66400000,85
free-mem,256,0.26945,35600000,85
free-mem,256,0.26743,32800000,85
free-mem,256,0.26666,27400000,85
free-mem,256,0.4075,1300000,85
free-mem,256,0.26789,24900000,85
free-mem,256,0.26838,58300000,85
free-mem,256,0.26746,66100000,85
free-mem,256,0.26906,70000000,85
free-mem,256,0.26904,71600000,85
free-mem,256,0.269,77300000,85
free-mem,256,0.26927,60900000,85
free-mem,256,0.26969,35200000,85
free-mem,256,0.26813,28300000,85
free-mem,256,0.26877,15700000,85
free-mem,256,0.26641,79300000,85
free-mem,256,0.26825,41300000,85
free-mem,256,0.26925,35400000,85
free-mem,256,0.26642,11200000,85
free-mem,256,0.2704,15800000,85
free-mem,256,0.26792,56200000,85
free-mem,256,0.26854,69000000,85
free-mem,256,0.26841,25800000,85
free-mem,256,0.26969,5000000,85
free-mem,256,0.26769,19800000,85
free-mem,256,0.26691,57700000,85
free-mem,256,0.2677,74300000,85
free-mem,256,0.26935,79200000,85
free-mem,256,0.26911,35000000,85
free-mem,256,0.26811,34300000,85
free-mem,256,0.26905,30000000,85
free-mem,256,0.26712,11000000,85
free-mem,256,0.26964,18200000,85
free-mem,256,0.26731,21100000,85
free-mem,256,0.2698,24800000,85
free-mem,256,0.26857,57200000,85
free-mem,256,0.26899,68200000,85
free-mem,256,0.30113,2400000,85
free-mem,256,0.26986,20700000,85
free-mem,256,0.26748,44300000,85
free-mem,256,0.26702,36500000,85
free-mem,256,0.26751,15600000,85
free-mem,256,0.26824,18400000,85
free-mem,256,0.26922,23600000,85
free-mem,256,0.26871,67300000,85
free-mem,256,0.26843,68500000,85
free-mem,256,0.26877,52000000,85
free-mem,256,0.26894,46100000,85
free-mem,256,0.27003,27700000,85
free-mem,256,0.26744,25700000,85
free-mem,256,0.26715,5900000,85
free-mem,256,0.26861,20600000,85
free-mem,256,0.26753,66300000,85
free-mem,256,0.27037,71100000,85
free-mem,256,0.26651,33000000,85
free-mem,256,0.27041,60400000,85
free-mem,256,0.2677,73900000,85
free-mem,256,0.26905,67600000,85
free-mem,256,0.26917,50500000,85
free-mem,256,0.26901,49800000,85
free-mem,256,0.26966,44600000,85
free-mem,256,0.26801,3200000,85
free-mem,256,0.27055,13500000,85
free-mem,256,0.26718,18300000,85
free-mem,256,0.26683,18600000,85
free-mem,256,0.26565,13600000,85
free-mem,256,0.26941,16500000,85
free-mem,256,0.26795,57300000,85
free-mem,256,0.26827,53000000,85
free-mem,256,0.26701,48700000,85
free-mem,256,0.26851,39200000,85
free-mem,256,0.26774,10400000,85
free-mem,256,0.26795,14500000,85
free-mem,256,0.26712,64100000,85
free-mem,256,0.26674,60800000,85
free-mem,256,0.26648,44800000,85
free-mem,256,0.26808,27100000,85
free-mem,256,0.26793,19700000,85
free-mem,256,0.26937,67000000,85
free-mem,256,0.26929,74800000,85
free-mem,256,0.26812,78900000,85
free-mem,256,0.2687,45800000,85
free-mem,256,0.26833,8300000,85
free-mem,256,0.26831,14400000,85
free-mem,256,0.26743,21500000,85
free-mem,256,0.26738,58800000,85
free-mem,256,0.26706,62500000,85
free-mem,256,0.26734,52700000,85
free-mem,256,0.26786,39300000,85
free-mem,256,0.26662,38100000,85
free-mem,256,0.26918,19300000,85
free-mem,256,0.26765,50100000,85
free-mem,256,0.26835,40800000,85
free-mem,256,0.26666,54900000,85
free-mem,256,0.26669,58400000,85
free-mem,256,0.26783,74900000,85
free-mem,256,0.37185,1600000,85
free-mem,256,0.26866,5800000,85
free-mem,256,0.27149,59800000,85
free-mem,256,0.27001,76600000,85
free-mem,256,0.26856,34900000,85
free-mem,256,0.269,4100000,85
free-mem,256,0.26849,58000000,85
free-mem,256,0.26868,59500000,85
free-mem,256,0.26775,49400000,85
free-mem,256,0.26933,46000000,85
free-mem,256,0.26831,45400000,85
free-mem,256,0.2673,44100000,85
free-mem,256,0.26744,4500000,85
free-mem,256,0.26896,69100000,85
free-mem,256,0.26962,74600000,85
free-mem,256,0.26815,53700000,85
free-mem,256,0.26606,41000000,85
free-mem,256,0.26739,38600000,85
free-mem,256,0.26736,28100000,85
free-mem,256,0.26935,60700000,85
free-mem,256,0.26823,63600000,85
free-mem,256,0.2694,68600000,85
free-mem,256,0.26885,78600000,85
free-mem,256,0.26754,71900000,85
free-mem,256,0.26784,48800000,85
free-mem,256,0.26723,10600000,85
free-mem,256,0.26859,14100000,85
free-mem,256,0.2675,55500000,85
free-mem,256,0.26706,68000000,85
free-mem,256,0.26822,48000000,85
free-mem,256,0.26875,26500000,85
free-mem,256,0.26804,12600000,85
free-mem,256,0.26857,70300000,85
free-mem,256,0.27168,53600000,85
free-mem,256,0.26981,47200000,85
free-mem,256,0.26809,33800000,85
free-mem,256,0.26712,18800000,85
free-mem,256,0.26589,67500000,85
free-mem,256,0.26807,78300000,85
free-mem,256,0.26773,53400000,85
free-mem,256,0.26911,27500000,85
free-mem,256,0.3841,1500000,85
free-mem,256,0.26599,15200000,85
free-mem,256,0.26777,24300000,85
free-mem,256,0.26941,64900000,85
free-mem,256,0.2697,61800000,85
free-mem,256,0.26953,49700000,85
free-mem,256,0.26858,29400000,85
free-mem,256,0.26814,9300000,85
free-mem,256,0.26833,9100000,85
free-mem,256,0.26674,6000000,85
free-mem,256,0.27136,17400000,85
free-mem,256,0.26941,76100000,85
free-mem,256,0.26664,71200000,85
free-mem,256,0.26888,45000000,85
free-mem,256,0.26841,60600000,85
free-mem,256,0.2673,76200000,85
free-mem,256,0.64834,200000,85
free-mem,256,0.26694,12700000,85
free-mem,256,0.2674,62200000,85
free-mem,256,0.26817,63800000,85
free-mem,256,0.26781,67900000,85
free-mem,256,0.26645,33600000,85
free-mem,256,0.26618,27600000,85
free-mem,256,0.26797,30600000,85
free-mem,256,0.26709,28900000,85
free-mem,256,0.26927,26100000,85
free-mem,256,0.26908,15000000,85
free-mem,256,0.26761,61000000,85
free-mem,256,0.26706,66800000,85
free-mem,256,0.26906,35900000,85
free-mem,256,0.26712,6100000,85
free-mem,256,0.26593,14300000,85
free-mem,256,0.27092,62900000,85
free-mem,256,0.26923,63700000,85
free-mem,256,0.26933,47800000,85
free-mem,256,0.26602,42900000,85
free-mem,256,0.26899,46300000,85
