trace_name,number_of_requests,wsr,slab_size,slab_cnt,rebalance_strategy,allocator,tag,throughput,rebalanced_slabs,miss_ratio,n_rebalanced_slabs,monitor_interval,n_alloc_failures,uuid,rebalanceDiffRatio,slab_cnt,miss_ratio_reduction_from_disabled,miss_ratio_reduction_from_lru_disabled,tuned_improvement
synth_dynamic_400,80000000,0.01,4,8,tail-age,LRU,,521080.197424438,2.0,0.7181417,2,50000,0,synth_dynamic_400-11668f46e81c409d7c65ef017629cae2,0.25,8,0.0013882250000000207,0.0013882250000000207,
synth_dynamic_400,80000000,0.01,4,8,tail-age,LRU,,549112.2595164629,2.0,0.7181417,2,50000,0,synth_dynamic_400-378c3e0aefda179944e813066bd18e1f,0.02,8,0.0013882250000000207,0.0013882250000000207,
synth_dynamic_400,80000000,0.01,4,8,tail-age,LRU,,493562.1902213939,2.0,0.7181417,2,50000,0,synth_dynamic_400-5820711b5dadf59913b7f13d1c470367,0.1,8,0.0013882250000000207,0.0013882250000000207,
synth_dynamic_400,80000000,0.01,4,8,marginal-hits,LRU,,592453.4982517357,1598.0,0.7256837125,1598,50000,0,synth_dynamic_400-7a482e59a94c2b56541f4f9c3ccd7c71,,8,-0.006153787499999952,-0.006153787499999952,
synth_dynamic_400,80000000,0.01,4,8,free-mem,LRU,,618162.2684176618,,0.719529925,0,50000,0,synth_dynamic_400-38dc9eb7556bb7a692df3288589718c3,,8,0.0,0.0,
synth_dynamic_400,80000000,0.01,4,8,hits,LRU,,507587.6997860496,,0.719529925,0,50000,0,synth_dynamic_400-fcf2518c8d024f8776214a138135a001,0.1,8,0.0,0.0,
synth_dynamic_400,80000000,0.01,4,8,marginal-hits-tuned,LRU,,540891.0860926713,152.0,0.7195994,152,50000,0,synth_dynamic_400-7fe10e9be7258cd0fd077900084ede10,,8,-6.947499999998552e-05,-6.947499999998552e-05,0.0060843124999999665
synth_dynamic_400,80000000,0.01,4,8,disabled,LRU,,577569.1288747882,,0.719529925,0,50000,0,synth_dynamic_400-ea6861b0886cc926d2c84ebac3f010e6,,8,0.0,0.0,
synth_dynamic_400,80000000,0.01,4,8,tail-age,LRU,,548691.1329039389,2.0,0.7181417,2,50000,0,synth_dynamic_400-87c6694b36995a47d53833d56c6025dc,0.05,8,0.0013882250000000207,0.0013882250000000207,
synth_dynamic_400,80000000,0.01,4,8,tail-age,LRU2Q,,560585.8520051686,,0.6938540875,0,50000,0,synth_dynamic_400-f469089297208c96dd419b687c9493b2,0.1,8,0.0,0.02567583750000002,
synth_dynamic_400,80000000,0.01,4,8,tail-age,LRU2Q,,521899.1924582751,,0.6938540875,0,50000,0,synth_dynamic_400-002bed8ca24f6c467ecd9e4bb33587c6,0.05,8,0.0,0.02567583750000002,
synth_dynamic_400,80000000,0.01,4,8,marginal-hits,LRU2Q,warm-cold,589553.0961741745,579.0,0.69781125,579,50000,0,synth_dynamic_400-4e53207678c86e25f0f970b57358620b,,8,-0.0039571625,0.02171867500000002,
synth_dynamic_400,80000000,0.01,4,8,marginal-hits-tuned,LRU2Q,warm-cold,641547.2806726288,112.0,0.6932092,112,50000,0,synth_dynamic_400-163bb54d6775c2ee4e7215a9a5856815,,8,0.0006448875000000243,0.026320725000000045,0.004602050000000024
synth_dynamic_400,80000000,0.01,4,8,marginal-hits-tuned,LRU2Q,cold,565657.9719548482,6.0,0.6923154875,6,50000,0,synth_dynamic_400-4d9fad168a9c9db3c22d1608277b76b2,,8,0.0015385999999999456,0.027214437499999966,0.0014754750000000039
synth_dynamic_400,80000000,0.01,4,8,tail-age,LRU2Q,,523013.7996631808,,0.6938540875,0,50000,0,synth_dynamic_400-fd89ef674909d8641ac9f9b23e640691,0.02,8,0.0,0.02567583750000002,
synth_dynamic_400,80000000,0.01,4,8,tail-age,LRU2Q,,733188.7195721541,,0.6938540875,0,50000,0,synth_dynamic_400-99a34687db0f2680cc47acdec54ae3df,0.25,8,0.0,0.02567583750000002,
synth_dynamic_400,80000000,0.01,4,8,hits,LRU2Q,,489232.3927688618,,0.6938540875,0,50000,0,synth_dynamic_400-4b8594f056c9b12cf3772ff8a9f601d5,0.1,8,0.0,0.02567583750000002,
synth_dynamic_400,80000000,0.01,4,8,free-mem,LRU2Q,,543564.9076638074,,0.6938540875,0,50000,0,synth_dynamic_400-7bc9b52ee3b5bc054325aa2b44156c46,,8,0.0,0.02567583750000002,
synth_dynamic_400,80000000,0.01,4,8,disabled,LRU2Q,,625018.6103881224,,0.6938540875,0,50000,0,synth_dynamic_400-84afacc1e1f3ebce18636c82e6e92cf4,,8,0.0,0.02567583750000002,
synth_dynamic_400,80000000,0.01,4,8,marginal-hits,LRU2Q,cold,484514.00348683365,93.0,0.6937909625,93,50000,0,synth_dynamic_400-b06c7986c30a71cd3c01080bdda56e98,,8,6.31249999999417e-05,0.025738962499999962,
synth_dynamic_400,80000000,0.01,4,8,free-mem,TINYLFU,,501379.5183097688,,0.6930945375,0,50000,0,synth_dynamic_400-69e61153303e3f73ecf4230dc9837522,,8,0.0,0.026435387499999963,
synth_dynamic_400,80000000,0.01,4,8,marginal-hits-tuned,TINYLFU,,479122.3312305986,135.0,0.6865532875,135,50000,0,synth_dynamic_400-7bbd5dabb6bb852d9b05511b045447da,,8,0.006541250000000054,0.03297663750000002,0.015435949999999976
synth_dynamic_400,80000000,0.01,4,8,tail-age,TINYLFU,,467103.1716093702,506.0,0.68589095,506,50000,0,synth_dynamic_400-829495150c6779e3298214b469065490,0.05,8,0.007203587500000053,0.033638975000000015,
synth_dynamic_400,80000000,0.01,4,8,disabled,TINYLFU,,418940.8991597439,,0.6930945375,0,50000,0,synth_dynamic_400-e61429106e4e5c06419ba8dfb1493869,,8,0.0,0.026435387499999963,
synth_dynamic_400,80000000,0.01,4,8,hits,TINYLFU,,511226.9869502109,,0.6930945375,0,50000,0,synth_dynamic_400-082bdbd70dc6918a7e07a5642d65d1cd,0.1,8,0.0,0.026435387499999963,
synth_dynamic_400,80000000,0.01,4,8,tail-age,TINYLFU,,427845.5297586481,506.0,0.68589095,506,50000,0,synth_dynamic_400-6d132456093980b17c96cf78a775effc,0.25,8,0.007203587500000053,0.033638975000000015,
synth_dynamic_400,80000000,0.01,4,8,tail-age,TINYLFU,,449658.9216486393,506.0,0.68589095,506,50000,0,synth_dynamic_400-a1d87c9ad4613a253bf98d687aa55410,0.02,8,0.007203587500000053,0.033638975000000015,
synth_dynamic_400,80000000,0.01,4,8,tail-age,TINYLFU,,446240.0111256265,506.0,0.68589095,506,50000,0,synth_dynamic_400-7741bba51f1cbd6a1b360b85856ced87,0.1,8,0.007203587500000053,0.033638975000000015,
synth_dynamic_400,80000000,0.01,4,8,marginal-hits,TINYLFU,,467335.1181755664,1598.0,0.7019892375,1598,50000,0,synth_dynamic_400-5acdccf3dc747f4e7fda920a8595ddb8,,8,-0.008894699999999922,0.01754068750000004,
synth_dynamic_400,80000000,0.02,4,15,tail-age,LRU,,584150.846037392,5.0,0.672927075,5,50000,0,synth_dynamic_400-fd900c7ec29febe3ea693c827455f8b2,0.1,15,0.00879931249999999,0.00879931249999999,
synth_dynamic_400,80000000,0.02,4,15,marginal-hits-tuned,LRU,,546292.4571065524,37.0,0.6691438125,37,50000,0,synth_dynamic_400-41b9e7ae9bd500482eadd534b4ca1297,,15,0.01258257500000004,0.01258257500000004,0.004553099999999977
synth_dynamic_400,80000000,0.02,4,15,free-mem,LRU,,555407.1478112029,,0.6817263875,0,50000,0,synth_dynamic_400-b9fd4daadcc5bc6368e4d33ed3af4caf,,15,0.0,0.0,
synth_dynamic_400,80000000,0.02,4,15,marginal-hits,LRU,,540917.004214573,1598.0,0.6736969125,1598,50000,0,synth_dynamic_400-26d0edd244abb62f848768e9e692a68c,,15,0.008029475000000064,0.008029475000000064,
synth_dynamic_400,80000000,0.02,4,15,tail-age,LRU,,715837.5212000965,5.0,0.672927075,5,50000,0,synth_dynamic_400-469a7925d209e7249251bd367038eb83,0.02,15,0.00879931249999999,0.00879931249999999,
synth_dynamic_400,80000000,0.02,4,15,tail-age,LRU,,519342.13237556507,5.0,0.672927075,5,50000,0,synth_dynamic_400-c4c7960ecfadd65f50f7c2b0989964ac,0.05,15,0.00879931249999999,0.00879931249999999,
synth_dynamic_400,80000000,0.02,4,15,tail-age,LRU,,566267.0499379318,5.0,0.672927075,5,50000,0,synth_dynamic_400-48e1a9c3b5567d883fe593e2bb1fae4b,0.25,15,0.00879931249999999,0.00879931249999999,
synth_dynamic_400,80000000,0.02,4,15,disabled,LRU,,594930.814167549,,0.6817263875,0,50000,0,synth_dynamic_400-89fb00867eb56dc930d396d73c6c8b7b,,15,0.0,0.0,
synth_dynamic_400,80000000,0.02,4,15,hits,LRU,,688963.9068211035,5.0,0.675850925,5,50000,0,synth_dynamic_400-f8c110c11c1b52e528ea14c107aca8bf,0.1,15,0.005875462500000039,0.005875462500000039,
synth_dynamic_400,80000000,0.02,4,15,marginal-hits,LRU2Q,cold,547048.0718881986,783.0,0.659594375,783,50000,0,synth_dynamic_400-22d03bc1bec81b119ffad5045ca09862,,15,-0.0003664374999999831,0.022132012500000076,
synth_dynamic_400,80000000,0.02,4,15,tail-age,LRU2Q,,596423.8074364563,6.0,0.6581328,6,50000,0,synth_dynamic_400-68e5c9356e06e19a27b379f4f3bc576d,0.02,15,0.0010951375000000096,0.02359358750000007,
synth_dynamic_400,80000000,0.02,4,15,tail-age,LRU2Q,,575225.2039268869,6.0,0.658148425,6,50000,0,synth_dynamic_400-bba06047d9f24928366fbfb97affbcc0,0.25,15,0.001079512499999935,0.023577962499999994,
synth_dynamic_400,80000000,0.02,4,15,disabled,LRU2Q,,612412.3797547177,,0.6592279375,0,50000,0,synth_dynamic_400-4dd91d1c03160c33d0194ee961b2be75,,15,0.0,0.02249845000000006,
synth_dynamic_400,80000000,0.02,4,15,marginal-hits,LRU2Q,warm-cold,651502.7125500627,1562.0,0.670905975,1562,50000,0,synth_dynamic_400-4aaaae5ebcc9ba326cf15c5bc2dfe557,,15,-0.011678037500000071,0.010820412499999987,
synth_dynamic_400,80000000,0.02,4,15,tail-age,LRU2Q,,533230.9478900958,6.0,0.6581328,6,50000,0,synth_dynamic_400-d7a1a5bff17c477c1b7b0951d9411841,0.1,15,0.0010951375000000096,0.02359358750000007,
synth_dynamic_400,80000000,0.02,4,15,marginal-hits-tuned,LRU2Q,warm-cold,511275.2087479244,55.0,0.652655,55,50000,0,synth_dynamic_400-677e310ac154756e8d82b0b15db3d273,,15,0.006572937499999987,0.029071387500000045,0.018250975000000058
synth_dynamic_400,80000000,0.02,4,15,tail-age,LRU2Q,,561939.0709670993,6.0,0.6581328,6,50000,0,synth_dynamic_400-3219c75a74056dbc53fb1c9c5fc1d2bb,0.05,15,0.0010951375000000096,0.02359358750000007,
synth_dynamic_400,80000000,0.02,4,15,free-mem,LRU2Q,,598960.9262149057,,0.6592279375,0,50000,0,synth_dynamic_400-9955ea701d177570964c476cf65b5bae,,15,0.0,0.02249845000000006,
synth_dynamic_400,80000000,0.02,4,15,hits,LRU2Q,,503536.5065394641,5.0,0.6532018625,5,50000,0,synth_dynamic_400-a2d414881adf6c02b1eaf87d3b1a8762,0.1,15,0.006026074999999964,0.028524525000000023,
synth_dynamic_400,80000000,0.02,4,15,marginal-hits-tuned,LRU2Q,cold,548986.445287291,72.0,0.655052825,72,50000,0,synth_dynamic_400-06519c506f12147bd3b6873f4488a516,,15,0.004175112500000022,0.02667356250000008,0.004541550000000005
synth_dynamic_400,80000000,0.02,4,15,disabled,TINYLFU,,536987.4049751231,,0.65921355,0,50000,0,synth_dynamic_400-53891b84ae9d765469f7ed9052bf70ff,,15,0.0,0.022512837499999994,
synth_dynamic_400,80000000,0.02,4,15,tail-age,TINYLFU,,451681.44652349857,1079.0,0.6458457625,1079,50000,0,synth_dynamic_400-6af334fbbe40fb44d75f2f555cbfe953,0.02,15,0.013367787500000006,0.035880625,
synth_dynamic_400,80000000,0.02,4,15,marginal-hits-tuned,TINYLFU,,452008.9507035033,44.0,0.642693525,44,50000,0,synth_dynamic_400-e0e2cbb182a695df21b63cc40e29d4b9,,15,0.01652002500000005,0.03903286250000004,0.01350471249999996
synth_dynamic_400,80000000,0.02,4,15,tail-age,TINYLFU,,469190.0999435267,1079.0,0.6458457625,1079,50000,0,synth_dynamic_400-1cd9b0f683b813c954d7c8ee1964a9a9,0.1,15,0.013367787500000006,0.035880625,
synth_dynamic_400,80000000,0.02,4,15,hits,TINYLFU,,557150.3645886148,5.0,0.65268635,5,50000,0,synth_dynamic_400-38cf3dd4668325707b2a053ec89d5428,0.1,15,0.006527200000000066,0.02904003750000006,
synth_dynamic_400,80000000,0.02,4,15,tail-age,TINYLFU,,457949.5663215108,986.0,0.6450017875,986,50000,0,synth_dynamic_400-4d95c4f4425e34a51ad9fd981b8a8536,0.25,15,0.014211762500000003,0.036724599999999996,
synth_dynamic_400,80000000,0.02,4,15,marginal-hits,TINYLFU,,485457.4564482501,1598.0,0.6561982375,1598,50000,0,synth_dynamic_400-0bfed0d35593b64e863e650c1606017c,,15,0.003015312500000089,0.025528150000000083,
synth_dynamic_400,80000000,0.02,4,15,tail-age,TINYLFU,,454296.4502265325,1079.0,0.6458457625,1079,50000,0,synth_dynamic_400-1cef1a51af3b2da8b0802deba813a468,0.05,15,0.013367787500000006,0.035880625,
synth_dynamic_400,80000000,0.02,4,15,free-mem,TINYLFU,,452607.25901396654,,0.65921355,0,50000,0,synth_dynamic_400-fa04e632f11e926c450b7a9e560de01c,,15,0.0,0.022512837499999994,
synth_dynamic_400,80000000,0.04,4,30,tail-age,LRU,,605104.0056095939,11.0,0.60621075,11,50000,0,synth_dynamic_400-513259fe14c3ac86e5534ee83fc01627,0.25,30,0.024267687499999968,0.024267687499999968,
synth_dynamic_400,80000000,0.04,4,30,tail-age,LRU,,575081.7021084777,11.0,0.60621075,11,50000,0,synth_dynamic_400-ca38f7c71d740cdfd2b29f3e7826f981,0.1,30,0.024267687499999968,0.024267687499999968,
synth_dynamic_400,80000000,0.04,4,30,free-mem,LRU,,573676.8297285847,,0.6304784375,0,50000,0,synth_dynamic_400-4efe4e53b77499f820d18cd9c52d8314,,30,0.0,0.0,
synth_dynamic_400,80000000,0.04,4,30,hits,LRU,,605416.5696056926,15.0,0.6297929625,15,50000,0,synth_dynamic_400-a350470daa87a2598ada84f50fc94b2f,0.1,30,0.0006854749999999354,0.0006854749999999354,
synth_dynamic_400,80000000,0.04,4,30,tail-age,LRU,,614434.8693034896,11.0,0.60621075,11,50000,0,synth_dynamic_400-24c86df2a8046b26055c757be9a59390,0.05,30,0.024267687499999968,0.024267687499999968,
synth_dynamic_400,80000000,0.04,4,30,marginal-hits-tuned,LRU,,510654.3772161253,106.0,0.5956874625,106,50000,0,synth_dynamic_400-607f2d5cc8ef856afad92ece65af27a8,,30,0.034790974999999946,0.034790974999999946,0.005444137499999946
synth_dynamic_400,80000000,0.04,4,30,disabled,LRU,,586718.4055272763,,0.6304784375,0,50000,0,synth_dynamic_400-f9252e2cff4f73fb7551aadc22d8501e,,30,0.0,0.0,
synth_dynamic_400,80000000,0.04,4,30,tail-age,LRU,,564649.0003805655,11.0,0.60621075,11,50000,0,synth_dynamic_400-2d6eaef5a74f5b0f58260279658f09e3,0.02,30,0.024267687499999968,0.024267687499999968,
synth_dynamic_400,80000000,0.04,4,30,marginal-hits,LRU,,592922.2243389292,1596.0,0.6011316,1596,50000,0,synth_dynamic_400-0368829b6db92b8cd81a7b9ac9c25327,,30,0.0293468375,0.0293468375,
synth_dynamic_400,80000000,0.04,4,30,marginal-hits-tuned,LRU2Q,warm-cold,487105.4238893709,78.0,0.5834650875,78,50000,0,synth_dynamic_400-2d30940db8e2637417bc7068527b1597,,30,0.028739224999999924,0.047013349999999954,0.016673387499999914
synth_dynamic_400,80000000,0.04,4,30,marginal-hits,LRU2Q,cold,545194.7508156045,834.0,0.5845824125,834,50000,0,synth_dynamic_400-30ddff0d43232110858557bc45b404fa,,30,0.027621899999999977,0.04589602500000001,
synth_dynamic_400,80000000,0.04,4,30,tail-age,LRU2Q,,500454.5441047484,14.0,0.6152377625,14,50000,0,synth_dynamic_400-0a0abe86176a4a41144068cf08ad9ff4,0.25,30,-0.003033449999999993,0.015240675000000037,
synth_dynamic_400,80000000,0.04,4,30,tail-age,LRU2Q,,621001.9453025274,16.0,0.610541225,16,50000,0,synth_dynamic_400-6ac4ded75e8a0e62ecbea8b530f6f9d7,0.05,30,0.0016630874999999934,0.019937212500000023,
synth_dynamic_400,80000000,0.04,4,30,marginal-hits-tuned,LRU2Q,cold,612404.4281503982,80.0,0.5788887625,80,50000,0,synth_dynamic_400-ac3b8442ac2e273b5f282b029f086ed9,,30,0.03331554999999997,0.051589675,0.0056936499999999945
synth_dynamic_400,80000000,0.04,4,30,tail-age,LRU2Q,,577545.4749489063,14.0,0.610625,14,50000,0,synth_dynamic_400-6ca81da60cf999132b428eb7f95f7288,0.02,30,0.0015793124999999852,0.019853437500000015,
synth_dynamic_400,80000000,0.04,4,30,tail-age,LRU2Q,,462168.3830808942,15.0,0.6127521125,15,50000,0,synth_dynamic_400-b9a4281672e7ae47a1146f119d7065b3,0.1,30,-0.0005477999999999872,0.017726325000000043,
synth_dynamic_400,80000000,0.04,4,30,hits,LRU2Q,,566986.755142666,13.0,0.61195,13,50000,0,synth_dynamic_400-b6bf877bf7b162b97ffaf8a008019694,0.1,30,0.00025431249999996464,0.018528437499999995,
synth_dynamic_400,80000000,0.04,4,30,free-mem,LRU2Q,,502576.1209106313,,0.6122043125,0,50000,0,synth_dynamic_400-f8c3d8f8a2e3919c0b5d97cbdb384146,,30,0.0,0.01827412500000003,
synth_dynamic_400,80000000,0.04,4,30,disabled,LRU2Q,,588310.6814163334,,0.6122043125,0,50000,0,synth_dynamic_400-0b3cf6ab0e7fd31432a60616738ce180,,30,0.0,0.01827412500000003,
synth_dynamic_400,80000000,0.04,4,30,marginal-hits,LRU2Q,warm-cold,633707.8941518463,1596.0,0.600138475,1596,50000,0,synth_dynamic_400-67199b41f9746e13ebe7ee359c5d4ce0,,30,0.01206583750000001,0.03033996250000004,
synth_dynamic_400,80000000,0.04,4,30,hits,TINYLFU,,514862.75989920937,13.0,0.610535975,13,50000,0,synth_dynamic_400-a1f30624612e927ff827126ca73691e6,0.1,30,0.0010371500000000422,0.01994246249999998,
synth_dynamic_400,80000000,0.04,4,30,marginal-hits-tuned,TINYLFU,,420262.0146879279,94.0,0.5692133,94,50000,0,synth_dynamic_400-617177b1c57a831727a3aff302be5788,,30,0.04235982500000002,0.061265137499999955,0.013395112499999917
synth_dynamic_400,80000000,0.04,4,30,marginal-hits,TINYLFU,,490156.2825106456,1596.0,0.5826084125,1596,50000,0,synth_dynamic_400-517f4e6741dae7b35e8069728455a48e,,30,0.0289647125000001,0.04787002500000004,
synth_dynamic_400,80000000,0.04,4,30,disabled,TINYLFU,,468376.8662320807,,0.611573125,0,50000,0,synth_dynamic_400-11f71e9a5709a10f66d4775c7eb90d78,,30,0.0,0.018905312499999938,
synth_dynamic_400,80000000,0.04,4,30,tail-age,TINYLFU,,551052.8116296711,1096.0,0.58854615,1096,50000,0,synth_dynamic_400-f09db74bef9ce7e0077f908bfdb45dc1,0.25,30,0.02302697500000006,0.0419322875,
synth_dynamic_400,80000000,0.04,4,30,tail-age,TINYLFU,,442034.3770306527,1270.0,0.5889559,1270,50000,0,synth_dynamic_400-c7f2deca34a8ab0cb5c5f69291ca8002,0.05,30,0.022617225000000074,0.04152253750000001,
synth_dynamic_400,80000000,0.04,4,30,free-mem,TINYLFU,,467491.5224016187,,0.611573125,0,50000,0,synth_dynamic_400-dd86e7300661adee91038f8d9da77a33,,30,0.0,0.018905312499999938,
synth_dynamic_400,80000000,0.04,4,30,tail-age,TINYLFU,,493078.219706483,1259.0,0.58846555,1259,50000,0,synth_dynamic_400-bd0b796e8e11b733fc5591b56cec605d,0.1,30,0.023107575000000047,0.042012887499999985,
synth_dynamic_400,80000000,0.04,4,30,tail-age,TINYLFU,,452312.4157988221,1270.0,0.5889559,1270,50000,0,synth_dynamic_400-1a61db681b6586d7766dce71c1d5af3d,0.02,30,0.022617225000000074,0.04152253750000001,
synth_dynamic_400,80000000,0.1,4,75,marginal-hits,LRU,,595729.3381094054,1590.0,0.4448077375,1590,50000,0,synth_dynamic_400-98bc160017310cf2b1266b00b970283b,,75,0.09208490000000003,0.09208490000000003,
synth_dynamic_400,80000000,0.1,4,75,tail-age,LRU,,656358.178380806,28.0,0.477017325,28,50000,0,synth_dynamic_400-a8758582247d05b3fddc76a2eadd4857,0.05,75,0.059875312500000055,0.059875312500000055,
synth_dynamic_400,80000000,0.1,4,75,tail-age,LRU,,518053.6518291563,24.0,0.4797894125,24,50000,0,synth_dynamic_400-3964f31fc7e1c3ba906eda7f67b6e62b,0.25,75,0.057103225000000035,0.057103225000000035,
synth_dynamic_400,80000000,0.1,4,75,hits,LRU,,571838.911006154,56.0,0.5158171625,56,50000,0,synth_dynamic_400-d5b1bf369152e25cb8a1e07d890f0080,0.1,75,0.021075475000000066,0.021075475000000066,
synth_dynamic_400,80000000,0.1,4,75,disabled,LRU,,551565.2819641347,,0.5368926375,0,50000,0,synth_dynamic_400-959f9577045781bdae907396aafdd4e9,,75,0.0,0.0,
synth_dynamic_400,80000000,0.1,4,75,free-mem,LRU,,610170.253778545,,0.5368926375,0,50000,0,synth_dynamic_400-83076812315d2daf3db6eaa28575b5d8,,75,0.0,0.0,
synth_dynamic_400,80000000,0.1,4,75,tail-age,LRU,,565128.7618507274,28.0,0.477003425,28,50000,0,synth_dynamic_400-9d32814512fe2ff9225f0fccdcf68fdc,0.1,75,0.059889212500000066,0.059889212500000066,
synth_dynamic_400,80000000,0.1,4,75,marginal-hits-tuned,LRU,,572340.1556927566,214.0,0.4396088,214,50000,0,synth_dynamic_400-015f9eb9ac91a9c092ef31a325190dd1,,75,0.09728383750000003,0.09728383750000003,0.0051989375
synth_dynamic_400,80000000,0.1,4,75,tail-age,LRU,,601921.3806756508,28.0,0.477017325,28,50000,0,synth_dynamic_400-f0bc22c4e47f3cbafe1b24aa0296dd72,0.02,75,0.059875312500000055,0.059875312500000055,
synth_dynamic_400,80000000,0.1,4,75,marginal-hits,LRU2Q,cold,579510.8829575934,848.0,0.4327740375,848,50000,0,synth_dynamic_400-bfe2ffda4d452e7b00ce2e6a5f1b396f,,75,0.09117111249999998,0.10411860000000006,
synth_dynamic_400,80000000,0.1,4,75,marginal-hits-tuned,LRU2Q,cold,541631.8447181148,114.0,0.42838675,114,50000,0,synth_dynamic_400-d790d104112dea5887823b94a306f378,,75,0.09555839999999999,0.10850588750000006,0.004387287500000003
synth_dynamic_400,80000000,0.1,4,75,tail-age,LRU2Q,,649552.1489473524,64.0,0.47293875,64,50000,0,synth_dynamic_400-193ca1746464f8a991c469a95ab202ae,0.25,75,0.05100639999999995,0.06395388750000003,
synth_dynamic_400,80000000,0.1,4,75,hits,LRU2Q,,536022.0551177036,56.0,0.4973750875,56,50000,0,synth_dynamic_400-23ec6663a367006c9c09ceae7e9c50ff,0.1,75,0.02657006249999999,0.03951755000000007,
synth_dynamic_400,80000000,0.1,4,75,tail-age,LRU2Q,,574669.9854379934,73.0,0.4703242375,73,50000,0,synth_dynamic_400-b6a8c18b8a352fdbdef0b3fb37152dc2,0.05,75,0.05362091249999995,0.06656840000000003,
synth_dynamic_400,80000000,0.1,4,75,marginal-hits-tuned,LRU2Q,warm-cold,744770.1470415153,201.0,0.433203425,201,50000,0,synth_dynamic_400-ec44e4c08573efb18f784171eac131d3,,75,0.090741725,0.10368921250000007,0.012844149999999999
synth_dynamic_400,80000000,0.1,4,75,marginal-hits,LRU2Q,warm-cold,530084.7581309341,1590.0,0.446047575,1590,50000,0,synth_dynamic_400-d5857fa7dbb6e128472b7f17c489c00d,,75,0.077897575,0.09084506250000007,
synth_dynamic_400,80000000,0.1,4,75,tail-age,LRU2Q,,701336.3594049163,76.0,0.4660492,76,50000,0,synth_dynamic_400-0f7a01c9bc0ed44f80bb27e973da27f9,0.02,75,0.057895949999999974,0.07084343750000005,
synth_dynamic_400,80000000,0.1,4,75,tail-age,LRU2Q,,616554.8636347227,70.0,0.4698424875,70,50000,0,synth_dynamic_400-e83c2da51ff1220cc256228d43121934,0.1,75,0.054102662499999954,0.06705015000000003,
synth_dynamic_400,80000000,0.1,4,75,disabled,LRU2Q,,496391.5441376647,,0.52394515,0,50000,0,synth_dynamic_400-0725058be31f6b9a00bf610a27df52a1,,75,0.0,0.012947487500000077,
synth_dynamic_400,80000000,0.1,4,75,free-mem,LRU2Q,,622116.6581213758,,0.52394515,0,50000,0,synth_dynamic_400-332fdc8f6932674a78dd84b606fc905a,,75,0.0,0.012947487500000077,
synth_dynamic_400,80000000,0.1,4,75,free-mem,TINYLFU,,502749.1389626463,,0.5170578125,0,50000,0,synth_dynamic_400-4a7bc5663f6cd2ec5f2af7d78441b14a,,75,0.0,0.019834825,
synth_dynamic_400,80000000,0.1,4,75,tail-age,TINYLFU,,590701.226754701,1203.0,0.4630467625,1203,50000,0,synth_dynamic_400-d4d275627293986d6da9ef51dc3c22ee,0.05,75,0.05401105000000006,0.07384587500000006,
synth_dynamic_400,80000000,0.1,4,75,tail-age,TINYLFU,,487744.8163193639,1137.0,0.462144775,1137,50000,0,synth_dynamic_400-958d4fa25dce6b5b8d1ad0c7cf228892,0.1,75,0.05491303750000004,0.07474786250000004,
synth_dynamic_400,80000000,0.1,4,75,tail-age,TINYLFU,,490049.39645566745,1107.0,0.463461225,1107,50000,0,synth_dynamic_400-d0a06c52cbca80f40c31ad07ef960086,0.25,75,0.05359658750000007,0.07343141250000007,
synth_dynamic_400,80000000,0.1,4,75,disabled,TINYLFU,,512065.07580572553,,0.5170578125,0,50000,0,synth_dynamic_400-e15695d7f91dadf8b6a12a12d6361208,,75,0.0,0.019834825,
synth_dynamic_400,80000000,0.1,4,75,hits,TINYLFU,,519835.8864047659,57.0,0.4793716875,57,50000,0,synth_dynamic_400-0e6ef1d1febf7f7a4472e484ec440e42,0.1,75,0.03768612500000007,0.05752095000000007,
synth_dynamic_400,80000000,0.1,4,75,marginal-hits,TINYLFU,,426012.2188279415,1590.0,0.42931675,1590,50000,0,synth_dynamic_400-c30cf6cb9e8b08dd74fe8e9201a55275,,75,0.08774106250000002,0.10757588750000002,
synth_dynamic_400,80000000,0.1,4,75,tail-age,TINYLFU,,607461.8870291831,1251.0,0.462560025,1251,50000,0,synth_dynamic_400-a69d9b09d9085ba6835604fa4f3c2691,0.02,75,0.05449778750000006,0.07433261250000006,
synth_dynamic_400,80000000,0.1,4,75,marginal-hits-tuned,TINYLFU,,493847.0091501408,208.0,0.4139252125,208,50000,0,synth_dynamic_400-eb8cfa456f71ba4af022fe55c1e631b0,,75,0.10313260000000007,0.12296742500000007,0.015391537500000052
synth_dynamic_400,80000000,0.2,4,149,hits,LRU,,564487.0076186996,136.0,0.3108476625,136,50000,0,synth_dynamic_400-829320469b299a0dd6263565677ac005,0.1,149,0.10616487499999999,0.10616487499999999,
synth_dynamic_400,80000000,0.2,4,149,tail-age,LRU,,529369.2844314906,48.0,0.3250405625,48,50000,0,synth_dynamic_400-b44ed11040e0650407699afe940347bc,0.05,149,0.09197197499999998,0.09197197499999998,
synth_dynamic_400,80000000,0.2,4,149,tail-age,LRU,,535275.4286791161,47.0,0.324943125,47,50000,0,synth_dynamic_400-2943ba4f4fe8ad2b75c1705724a3e26c,0.1,149,0.0920694125,0.0920694125,
synth_dynamic_400,80000000,0.2,4,149,disabled,LRU,,594811.3433742806,,0.4170125375,0,50000,0,synth_dynamic_400-ef2a107a864aec3defebacf4581eb299,,149,0.0,0.0,
synth_dynamic_400,80000000,0.2,4,149,marginal-hits-tuned,LRU,,490133.84481565707,240.0,0.274604325,240,50000,0,synth_dynamic_400-eff5c275406200a339b9b401ca7cd391,,149,0.14240821250000002,0.14240821250000002,0.0048765375
synth_dynamic_400,80000000,0.2,4,149,tail-age,LRU,,576552.886934704,48.0,0.325047325,48,50000,0,synth_dynamic_400-67f4e73699ea76e6c1d5897778d48bc3,0.02,149,0.0919652125,0.0919652125,
synth_dynamic_400,80000000,0.2,4,149,free-mem,LRU,,599355.4209320113,,0.4170125375,0,50000,0,synth_dynamic_400-d2069cd411b656afbe5fb14ab5c6aeca,,149,0.0,0.0,
synth_dynamic_400,80000000,0.2,4,149,tail-age,LRU,,558576.2088184664,41.0,0.3229219375,41,50000,0,synth_dynamic_400-4d8ed6d7f79f2d9bb82188b8262e84e1,0.25,149,0.09409060000000002,0.09409060000000002,
synth_dynamic_400,80000000,0.2,4,149,marginal-hits,LRU,,529382.0928952385,1574.0,0.2794808625,1574,50000,0,synth_dynamic_400-d448c9a0a8779b9af3e338ad8370c18d,,149,0.13753167500000002,0.13753167500000002,
synth_dynamic_400,80000000,0.2,4,149,hits,LRU2Q,,621607.7566337296,137.0,0.30472,137,50000,0,synth_dynamic_400-b8d523f545281d693858ed85c9a93d1b,0.1,149,0.10520815,0.11229253750000001,
synth_dynamic_400,80000000,0.2,4,149,marginal-hits,LRU2Q,warm-cold,615772.5716105105,1574.0,0.2867297,1574,50000,0,synth_dynamic_400-78a84fddca1f1edf31a0ecad1eff536a,,149,0.12319845000000001,0.13028283750000003,
synth_dynamic_400,80000000,0.2,4,149,marginal-hits-tuned,LRU2Q,cold,479908.4490879742,229.0,0.268737225,229,50000,0,synth_dynamic_400-f736f1be3431834c084a9dcf9b3518de,,149,0.14119092499999997,0.14827531249999998,0.008647824999999998
synth_dynamic_400,80000000,0.2,4,149,free-mem,LRU2Q,,573906.4541690616,,0.40992815,0,50000,0,synth_dynamic_400-13de678afa38afaa11a43d6b8ba65240,,149,0.0,0.007084387500000011,
synth_dynamic_400,80000000,0.2,4,149,tail-age,LRU2Q,,511908.6846018226,177.0,0.30006295,177,50000,0,synth_dynamic_400-1ea9207abb111dd465ae07d6af993f77,0.05,149,0.1098652,0.11694958750000001,
synth_dynamic_400,80000000,0.2,4,149,tail-age,LRU2Q,,532324.5984971996,179.0,0.2991168375,179,50000,0,synth_dynamic_400-9f587987fce469c6686547ed9eb60837,0.02,149,0.11081131249999998,0.11789569999999999,
synth_dynamic_400,80000000,0.2,4,149,marginal-hits-tuned,LRU2Q,warm-cold,554903.4578245824,346.0,0.277551025,346,50000,0,synth_dynamic_400-c759a9413a4dc188df63eb31eb839c7d,,149,0.13237712499999998,0.1394615125,0.00917867499999997
synth_dynamic_400,80000000,0.2,4,149,tail-age,LRU2Q,,387732.9793437936,167.0,0.2989274125,167,50000,0,synth_dynamic_400-63d947d6690c73e8ca9e8a0fff8a3e44,0.1,149,0.1110007375,0.11808512500000001,
synth_dynamic_400,80000000,0.2,4,149,disabled,LRU2Q,,614523.6998774018,,0.40992815,0,50000,0,synth_dynamic_400-fb7763bec6c775d0e865571551ef82da,,149,0.0,0.007084387500000011,
synth_dynamic_400,80000000,0.2,4,149,tail-age,LRU2Q,,584616.2747707873,152.0,0.2978426125,152,50000,0,synth_dynamic_400-b37f83591f17a672784757ca9de6928e,0.25,149,0.1120855375,0.11916992500000001,
synth_dynamic_400,80000000,0.2,4,149,marginal-hits,LRU2Q,cold,758865.5664036071,1574.0,0.27738505,1574,50000,0,synth_dynamic_400-3e98cfc0ba6b089c26441b4700c688c1,,149,0.13254309999999997,0.13962748749999998,
synth_dynamic_400,80000000,0.2,4,149,tail-age,TINYLFU,,547825.8108438576,889.0,0.3195489875,889,50000,0,synth_dynamic_400-e2fa0447da5ae93e992bb354596d685b,0.1,149,0.08285328749999998,0.09746355000000001,
synth_dynamic_400,80000000,0.2,4,149,marginal-hits-tuned,TINYLFU,,467149.3381857402,804.0,0.2790845875,804,50000,0,synth_dynamic_400-af0a78e7afffc810886b3d85077aa4c6,,149,0.1233176875,0.13792795000000002,0.004573674999999999
synth_dynamic_400,80000000,0.2,4,149,tail-age,TINYLFU,,492276.4686017806,945.0,0.3209384625,945,50000,0,synth_dynamic_400-bf0ebb8aa4d76e828d3b9126d4ffef21,0.05,149,0.08146381249999995,0.09607407499999998,
synth_dynamic_400,80000000,0.2,4,149,hits,TINYLFU,,510467.10080904816,143.0,0.300460575,143,50000,0,synth_dynamic_400-40f4719011577a75db87ef9607247912,0.1,149,0.10194169999999997,0.1165519625,
synth_dynamic_400,80000000,0.2,4,149,disabled,TINYLFU,,567252.587798302,,0.402402275,0,50000,0,synth_dynamic_400-0d68c9ab57512f43347468ec2be3ca04,,149,0.0,0.014610262500000026,
synth_dynamic_400,80000000,0.2,4,149,marginal-hits,TINYLFU,,593179.0510128358,1574.0,0.2836582625,1574,50000,0,synth_dynamic_400-2f5f975033ecbbc15ecfdc53ff87cfc0,,149,0.1187440125,0.13335427500000002,
synth_dynamic_400,80000000,0.2,4,149,tail-age,TINYLFU,,561294.5235574585,991.0,0.321044825,991,50000,0,synth_dynamic_400-e3a79389d4523a6b022a3814c108ec1a,0.02,149,0.08135745,0.09596771250000002,
synth_dynamic_400,80000000,0.2,4,149,tail-age,TINYLFU,,509658.5608042015,893.0,0.3193881,893,50000,0,synth_dynamic_400-9b65955cb988f8c99b914522ecb8f658,0.25,149,0.08301417499999997,0.0976244375,
synth_dynamic_400,80000000,0.2,4,149,free-mem,TINYLFU,,493400.1293275675,,0.402402275,0,50000,0,synth_dynamic_400-2b37f2ecfdcdc9a16273bff89a386a22,,149,0.0,0.014610262500000026,
synth_dynamic_400,80000000,0.4,4,297,hits,LRU,,544875.6989328103,134.0,0.1856645375,134,50000,0,synth_dynamic_400-37cbd11e15acb1171c9140d4553825bb,0.1,297,0.017730012500000003,0.017730012500000003,
synth_dynamic_400,80000000,0.4,4,297,disabled,LRU,,619350.591724373,,0.20339455,0,50000,0,synth_dynamic_400-ee7fcbc8dbdb7fdf82f34d98628d3dcd,,297,0.0,0.0,
synth_dynamic_400,80000000,0.4,4,297,marginal-hits,LRU,,551932.5272584688,1478.0,0.1355107875,1478,50000,0,synth_dynamic_400-53d86a0cd15f2fc3e49b7fde39c1b244,,297,0.0678837625,0.0678837625,
synth_dynamic_400,80000000,0.4,4,297,tail-age,LRU,,595248.9777446628,106.0,0.1575781125,106,50000,0,synth_dynamic_400-4b3e8f60b104abb36e5f8344406d8318,0.02,297,0.0458164375,0.0458164375,
synth_dynamic_400,80000000,0.4,4,297,marginal-hits-tuned,LRU,,604113.8784919512,463.0,0.1321456375,463,50000,0,synth_dynamic_400-72bb2f939f87fc98778da20a5c16b0be,,297,0.07124891250000001,0.07124891250000001,0.003365150000000011
synth_dynamic_400,80000000,0.4,4,297,tail-age,LRU,,495294.6329397807,99.0,0.157066475,99,50000,0,synth_dynamic_400-45034bd75c944eb7815fa868ff27096f,0.05,297,0.046328074999999996,0.046328074999999996,
synth_dynamic_400,80000000,0.4,4,297,tail-age,LRU,,570802.7028345005,67.0,0.157216375,67,50000,0,synth_dynamic_400-8775bc5f8d24656c16bb03a778da13a1,0.25,297,0.046178175000000016,0.046178175000000016,
synth_dynamic_400,80000000,0.4,4,297,free-mem,LRU,,539424.1607334005,,0.20339455,0,50000,0,synth_dynamic_400-2a9e0a5ab1fdfddaaa526e7efb249a35,,297,0.0,0.0,
synth_dynamic_400,80000000,0.4,4,297,tail-age,LRU,,576251.6319485655,94.0,0.157163775,94,50000,0,synth_dynamic_400-ac0c97f539f38dd6151c7f89f1fcdaa1,0.1,297,0.046230775,0.046230775,
synth_dynamic_400,80000000,0.4,4,297,marginal-hits-tuned,LRU2Q,cold,492157.3741921945,543.0,0.1338669,543,50000,0,synth_dynamic_400-8632c6683b5b22ac9d4998010a8378ed,,297,0.07190292499999998,0.06952765,0.005069537499999999
synth_dynamic_400,80000000,0.4,4,297,hits,LRU2Q,,512694.4924649674,125.0,0.1880954,125,50000,0,synth_dynamic_400-ddcfa56ea91874595e53b03e12426db9,0.1,297,0.017674424999999994,0.015299150000000011,
synth_dynamic_400,80000000,0.4,4,297,tail-age,LRU2Q,,488251.2124808472,193.0,0.1882638375,193,50000,0,synth_dynamic_400-fb4819b5c6e620a1b28f9a0c7db137a7,0.02,297,0.017505987499999986,0.015130712500000004,
synth_dynamic_400,80000000,0.4,4,297,marginal-hits-tuned,LRU2Q,warm-cold,478344.4415245095,560.0,0.148603275,560,50000,0,synth_dynamic_400-104de1798d4cd97f44b4020c801f984e,,297,0.05716654999999998,0.054791275,0.0026465499999999975
synth_dynamic_400,80000000,0.4,4,297,marginal-hits,LRU2Q,cold,588022.3922571535,1495.0,0.1389364375,1495,50000,0,synth_dynamic_400-70f7e184892759a58e002733a4d1e463,,297,0.06683338749999998,0.0644581125,
synth_dynamic_400,80000000,0.4,4,297,tail-age,LRU2Q,,564853.6233228719,187.0,0.1890269125,187,50000,0,synth_dynamic_400-8d063a9c581ef6bec99f748b593e3824,0.05,297,0.016742912499999985,0.014367637500000002,
synth_dynamic_400,80000000,0.4,4,297,free-mem,LRU2Q,,561025.8824905838,,0.205769825,0,50000,0,synth_dynamic_400-148b9b486354fddc81853af6ce29fe93,,297,0.0,-0.0023752749999999823,
synth_dynamic_400,80000000,0.4,4,297,marginal-hits,LRU2Q,warm-cold,642767.417597196,1484.0,0.151249825,1484,50000,0,synth_dynamic_400-2c3be997713434cb2e3c2e7e354a68f4,,297,0.054519999999999985,0.052144725,
synth_dynamic_400,80000000,0.4,4,297,tail-age,LRU2Q,,567521.3113009603,175.0,0.18785195,175,50000,0,synth_dynamic_400-845860419a984f10391eae6de4550d03,0.1,297,0.017917875,0.015542600000000018,
synth_dynamic_400,80000000,0.4,4,297,disabled,LRU2Q,,529070.2892973382,,0.205769825,0,50000,0,synth_dynamic_400-e6285e3ebd8c30f872f2895737df4343,,297,0.0,-0.0023752749999999823,
synth_dynamic_400,80000000,0.4,4,297,tail-age,LRU2Q,,693692.8706235093,153.0,0.1861227875,153,50000,0,synth_dynamic_400-ccb07fe22dfd1409a6b24a9823516b94,0.25,297,0.019647037499999992,0.01727176250000001,
synth_dynamic_400,80000000,0.4,4,297,marginal-hits,TINYLFU,,617489.3336635559,1482.0,0.1475998375,1482,50000,0,synth_dynamic_400-292cec75e8e629613e0cf0d836c7d94c,,297,0.076696175,0.05579471250000001,
synth_dynamic_400,80000000,0.4,4,297,marginal-hits-tuned,TINYLFU,,583668.2609901992,625.0,0.1480991875,625,50000,0,synth_dynamic_400-7b83d5d8e3fb87f2d37bc56dd6eafb10,,297,0.076196825,0.0552953625,-0.0004993500000000095
synth_dynamic_400,80000000,0.4,4,297,tail-age,TINYLFU,,502829.0028083687,593.0,0.1774436875,593,50000,0,synth_dynamic_400-22bb0bee1a3921514c242815764c72ed,0.02,297,0.046852325,0.025950862500000005,
synth_dynamic_400,80000000,0.4,4,297,hits,TINYLFU,,484481.0205229764,139.0,0.2014394125,139,50000,0,synth_dynamic_400-74d9d11b46839ba485e0da778c1a51bf,0.1,297,0.022856600000000005,0.0019551375000000093,
synth_dynamic_400,80000000,0.4,4,297,tail-age,TINYLFU,,612748.3653077397,521.0,0.1704883125,521,50000,0,synth_dynamic_400-6f57e395d98a71ec20fa74c86ffa4962,0.05,297,0.053807700000000014,0.03290623750000002,
synth_dynamic_400,80000000,0.4,4,297,tail-age,TINYLFU,,601560.6804315054,502.0,0.17956325,502,50000,0,synth_dynamic_400-68f11a9224367d5d3079baeba27a0078,0.25,297,0.044732762499999995,0.0238313,
synth_dynamic_400,80000000,0.4,4,297,disabled,TINYLFU,,487276.8113252912,,0.2242960125,0,50000,0,synth_dynamic_400-bc35e46f6652db1554adfa5848f9ce3d,,297,0.0,-0.020901462499999995,
synth_dynamic_400,80000000,0.4,4,297,free-mem,TINYLFU,,544292.9953018503,,0.2242960125,0,50000,0,synth_dynamic_400-16598a804384f7c61caa3c85e755ed85,,297,0.0,-0.020901462499999995,
synth_dynamic_400,80000000,0.4,4,297,tail-age,TINYLFU,,460425.44594180526,538.0,0.1769382,538,50000,0,synth_dynamic_400-f49b8a988947cdd2c89aa685eb679896,0.1,297,0.04735781250000001,0.026456350000000017,
synth_dynamic_400,80000000,0.8,4,593,tail-age,LRU,,658987.8893372532,162.0,0.077896325,162,50000,0,synth_dynamic_400-50fec299457728f72f947ab7f34dcff9,0.1,593,-0.005683725000000001,-0.005683725000000001,
synth_dynamic_400,80000000,0.8,4,593,hits,LRU,,569479.7174198912,75.0,0.07465415,75,50000,0,synth_dynamic_400-c3cec4f2f7ae38550ff7ca1ada441991,0.1,593,-0.0024415500000000007,-0.0024415500000000007,
synth_dynamic_400,80000000,0.8,4,593,marginal-hits-tuned,LRU,,520694.345561201,,0.0722126,0,50000,0,synth_dynamic_400-1d459708504e096fc78000c8f13e8a38,,593,0.0,0.0,0.012549475000000004
synth_dynamic_400,80000000,0.8,4,593,disabled,LRU,,776247.5013439768,,0.0722126,0,50000,0,synth_dynamic_400-d220a0d2c815449feedc8fe2b7c626ef,,593,0.0,0.0,
synth_dynamic_400,80000000,0.8,4,593,tail-age,LRU,,585166.076340163,177.0,0.0781228625,177,50000,0,synth_dynamic_400-cab146518f12b037049ff25c421055d5,0.02,593,-0.005910262499999999,-0.005910262499999999,
synth_dynamic_400,80000000,0.8,4,593,tail-age,LRU,,542610.8284911419,169.0,0.07788595,169,50000,0,synth_dynamic_400-c346b0a8820ef78330f7b90fbf316060,0.05,593,-0.005673349999999994,-0.005673349999999994,
synth_dynamic_400,80000000,0.8,4,593,tail-age,LRU,,656209.4778310189,140.0,0.0785792375,140,50000,0,synth_dynamic_400-ae4cb92ed997d5169cde570d77fb0caa,0.25,593,-0.006366637499999994,-0.006366637499999994,
synth_dynamic_400,80000000,0.8,4,593,free-mem,LRU,,681929.8618688066,,0.0722126,0,50000,0,synth_dynamic_400-afbb3e59fa8d4edba1a0afb36f903ec8,,593,0.0,0.0,
synth_dynamic_400,80000000,0.8,4,593,marginal-hits,LRU,,622913.1646063058,286.0,0.084762075,286,50000,0,synth_dynamic_400-ddd423b2797a16cedd6405343049e04e,,593,-0.012549475000000004,-0.012549475000000004,
synth_dynamic_400,80000000,0.8,4,593,hits,LRU2Q,,621276.1999885029,70.0,0.0863314625,70,50000,0,synth_dynamic_400-91ba5a8c0501bfec0ac604f386e59fc6,0.1,593,-0.009206937499999998,-0.014118862499999996,
synth_dynamic_400,80000000,0.8,4,593,tail-age,LRU2Q,,564076.1206696271,198.0,0.1010363,198,50000,0,synth_dynamic_400-7b8cdaf070a10c8f3e8570b62b206a05,0.02,593,-0.023911774999999996,-0.028823699999999994,
synth_dynamic_400,80000000,0.8,4,593,tail-age,LRU2Q,,504443.8631440608,197.0,0.0988225375,197,50000,0,synth_dynamic_400-98f7cf9eda921d6552728a50584b6c70,0.05,593,-0.021698012500000002,-0.0266099375,
synth_dynamic_400,80000000,0.8,4,593,tail-age,LRU2Q,,548409.6333706531,193.0,0.0976164625,193,50000,0,synth_dynamic_400-c587f2c8b4c62768bd0dd0288804ffd5,0.1,593,-0.0204919375,-0.0254038625,
synth_dynamic_400,80000000,0.8,4,593,free-mem,LRU2Q,,672771.6175654016,,0.077124525,0,50000,0,synth_dynamic_400-9bd362560e1256b47cf96b10f879d94e,,593,0.0,-0.0049119249999999975,
synth_dynamic_400,80000000,0.8,4,593,marginal-hits-tuned,LRU2Q,cold,636338.7107579561,117.0,0.07710405,117,50000,0,synth_dynamic_400-df9ccd93424dd82d53228777ca689b22,,593,2.0475000000005905e-05,-0.004891449999999992,0.005856275000000008
synth_dynamic_400,80000000,0.8,4,593,marginal-hits-tuned,LRU2Q,warm-cold,669503.223049361,122.0,0.0759171875,122,50000,0,synth_dynamic_400-a46f4091002ea4dfded7a67998877d7e,,593,0.0012073375000000025,-0.003704587499999995,0.00564181250000001
synth_dynamic_400,80000000,0.8,4,593,tail-age,LRU2Q,,660744.9089759956,172.0,0.0956726625,172,50000,0,synth_dynamic_400-f21164d9e9935d7148cd8935bdefaecc,0.25,593,-0.018548137500000006,-0.023460062500000003,
synth_dynamic_400,80000000,0.8,4,593,disabled,LRU2Q,,699163.8193427689,,0.077124525,0,50000,0,synth_dynamic_400-e8e7b01798ce9b0f13c04b9890d0a9ac,,593,0.0,-0.0049119249999999975,
synth_dynamic_400,80000000,0.8,4,593,marginal-hits,LRU2Q,warm-cold,522373.6907698424,359.0,0.081559,359,50000,0,synth_dynamic_400-d3c3a57414b0673585df3c2dd8697186,,593,-0.004434475000000007,-0.009346400000000005,
synth_dynamic_400,80000000,0.8,4,593,marginal-hits,LRU2Q,cold,605007.8622948221,369.0,0.082960325,369,50000,0,synth_dynamic_400-2d125071771a5b0cb04d24d4dab4a90d,,593,-0.005835800000000002,-0.010747725,
synth_dynamic_400,80000000,0.8,4,593,marginal-hits-tuned,TINYLFU,,643140.4471216254,75.0,0.0878607125,75,50000,0,synth_dynamic_400-523afbe8b58a4ef47190009d8580cac7,,593,0.002445425000000001,-0.01564811249999999,-0.0011282999999999987
synth_dynamic_400,80000000,0.8,4,593,free-mem,TINYLFU,,548484.0239827215,,0.0903061375,0,50000,0,synth_dynamic_400-60b4ad0d6748bd640d143271fdd816df,,593,0.0,-0.018093537499999993,
synth_dynamic_400,80000000,0.8,4,593,hits,TINYLFU,,527733.1650773609,90.0,0.0996524625,90,50000,0,synth_dynamic_400-5f4cc0b9a9ad6e993c0545f73672e4b1,0.1,593,-0.009346325000000003,-0.027439862499999995,
synth_dynamic_400,80000000,0.8,4,593,tail-age,TINYLFU,,433079.1884047593,238.0,0.0861447875,238,50000,0,synth_dynamic_400-d52ee4fe244d72cda6ead30020bd8dfa,0.02,593,0.004161349999999994,-0.013932187499999998,
synth_dynamic_400,80000000,0.8,4,593,marginal-hits,TINYLFU,,566907.3919482809,298.0,0.0867324125,298,50000,0,synth_dynamic_400-10ca0d16596a5b4b83c9a9b22816889c,,593,0.003573725,-0.014519812499999993,
synth_dynamic_400,80000000,0.8,4,593,disabled,TINYLFU,,495998.5415649956,,0.0903061375,0,50000,0,synth_dynamic_400-1486772fa1ed21af93404eaba9963c29,,593,0.0,-0.018093537499999993,
synth_dynamic_400,80000000,0.8,4,593,tail-age,TINYLFU,,641237.1950003543,201.0,0.093007625,201,50000,0,synth_dynamic_400-4dd7d815bc8f97a59d037e81d9be020a,0.25,593,-0.002701487500000002,-0.020795024999999995,
synth_dynamic_400,80000000,0.8,4,593,tail-age,TINYLFU,,558817.7160912603,227.0,0.0875442625,227,50000,0,synth_dynamic_400-91217c7b3100a5ba90c37d8cc20c71f1,0.05,593,0.002761874999999997,-0.015331662499999996,
synth_dynamic_400,80000000,0.8,4,593,tail-age,TINYLFU,,654279.3135233688,215.0,0.0901744875,215,50000,0,synth_dynamic_400-4df6f9b74be32ac4749b381a1ea107fb,0.1,593,0.00013164999999999705,-0.017961887499999996,
synth_static_202,80000000,0.01,4,5,free-mem,LRU,,562137.7097773763,,0.7755512375,0,50000,0,synth_static_202-33e25b737ded9e548d9d5e4afe68542a,,5,0.0,0.0,
synth_static_202,80000000,0.01,4,5,tail-age,LRU,,589150.15850148,,0.7755512375,0,50000,0,synth_static_202-eb775cb91499c5bc00fec35bf734110e,0.25,5,0.0,0.0,
synth_static_202,80000000,0.01,4,5,tail-age,LRU,,455134.141087015,,0.7755512375,0,50000,0,synth_static_202-09cb4e7040e6604a4f52792025b4668d,0.1,5,0.0,0.0,
synth_static_202,80000000,0.01,4,5,tail-age,LRU,,466711.325294846,,0.7755512375,0,50000,0,synth_static_202-96f2277f4324125b675f09af4d56213f,0.05,5,0.0,0.0,
synth_static_202,80000000,0.01,4,5,hits,LRU,,566007.3131361901,,0.7755512375,0,50000,0,synth_static_202-eab807d202fa332099b993852537fc57,0.1,5,0.0,0.0,
synth_static_202,80000000,0.01,4,5,disabled,LRU,,485030.496601893,,0.7755512375,0,50000,0,synth_static_202-bfe11935e75697f1c20e960dc7378a67,,5,0.0,0.0,
synth_static_202,80000000,0.01,4,5,marginal-hits,LRU,,523715.02161009726,,0.7755512375,0,50000,0,synth_static_202-98999d2db4641fd33f0be2fa0961a0cf,,5,0.0,0.0,
synth_static_202,80000000,0.01,4,5,tail-age,LRU,,524581.9036888969,,0.7755512375,0,50000,0,synth_static_202-264e9984f1092189cd299fbd534beada,0.02,5,0.0,0.0,
synth_static_202,80000000,0.01,4,5,marginal-hits-tuned,LRU,,491133.17918044765,,0.7755512375,0,50000,0,synth_static_202-62cef8ebc496f5b018583974ac8a198e,,5,0.0,0.0,0.0
synth_static_202,80000000,0.01,4,5,tail-age,LRU2Q,,514101.48608390766,,0.7411098,0,50000,0,synth_static_202-3634e297ab1e69f6dec06dff3156032e,0.05,5,0.0,0.03444143749999995,
synth_static_202,80000000,0.01,4,5,marginal-hits-tuned,LRU2Q,warm-cold,542005.6058710547,,0.7411098,0,50000,0,synth_static_202-603e639c1488ee6999615a1a6517d476,,5,0.0,0.03444143749999995,0.0
synth_static_202,80000000,0.01,4,5,marginal-hits,LRU2Q,cold,488677.9122803298,,0.7411098,0,50000,0,synth_static_202-aa3a123699200d5f500032d4b9cb781d,,5,0.0,0.03444143749999995,
synth_static_202,80000000,0.01,4,5,hits,LRU2Q,,502525.4700892291,,0.7411098,0,50000,0,synth_static_202-8cf90a2f08c66d9b90cdcecbe7ed42a6,0.1,5,0.0,0.03444143749999995,
synth_static_202,80000000,0.01,4,5,marginal-hits-tuned,LRU2Q,cold,539360.8248082622,,0.7411098,0,50000,0,synth_static_202-c880297787519db84466612e5980488c,,5,0.0,0.03444143749999995,0.0
synth_static_202,80000000,0.01,4,5,disabled,LRU2Q,,493633.2217670102,,0.7411098,0,50000,0,synth_static_202-75b90646401e2496bf932da16e316a8f,,5,0.0,0.03444143749999995,
synth_static_202,80000000,0.01,4,5,tail-age,LRU2Q,,485661.17761236354,,0.7411098,0,50000,0,synth_static_202-15ab800b492a81c2417feae2ad7cd811,0.1,5,0.0,0.03444143749999995,
synth_static_202,80000000,0.01,4,5,tail-age,LRU2Q,,516688.9448198968,,0.7411098,0,50000,0,synth_static_202-8113dc45a29a6e291b05f41d0b2316e8,0.02,5,0.0,0.03444143749999995,
synth_static_202,80000000,0.01,4,5,tail-age,LRU2Q,,516690.3445407855,,0.7411098,0,50000,0,synth_static_202-9c32a6da3fa8672ff8d2e6ac09daea3b,0.25,5,0.0,0.03444143749999995,
synth_static_202,80000000,0.01,4,5,free-mem,LRU2Q,,583600.809309753,,0.7411098,0,50000,0,synth_static_202-e6cb4a8deb8847777e585131f7ecd1b2,,5,0.0,0.03444143749999995,
synth_static_202,80000000,0.01,4,5,marginal-hits,LRU2Q,warm-cold,572417.7346280257,,0.7411098,0,50000,0,synth_static_202-32e57ca9327cdca177672f1193287010,,5,0.0,0.03444143749999995,
synth_static_202,80000000,0.01,4,5,marginal-hits-tuned,TINYLFU,,450883.8974820156,,0.740522875,0,50000,0,synth_static_202-33698b7f3f2166e36cbee401e33a6e47,,5,0.0,0.035028362499999965,0.0
synth_static_202,80000000,0.01,4,5,tail-age,TINYLFU,,473857.1874491054,,0.740522875,0,50000,0,synth_static_202-0b6330e6ff28d7698021221a6e91edc4,0.02,5,0.0,0.035028362499999965,
synth_static_202,80000000,0.01,4,5,marginal-hits,TINYLFU,,520078.85282533336,,0.740522875,0,50000,0,synth_static_202-93e9c996b3a86b23e766f2f578d451e8,,5,0.0,0.035028362499999965,
synth_static_202,80000000,0.01,4,5,disabled,TINYLFU,,439465.653053693,,0.740522875,0,50000,0,synth_static_202-b4fe637b416c6598387d1fcb63f99d8d,,5,0.0,0.035028362499999965,
synth_static_202,80000000,0.01,4,5,free-mem,TINYLFU,,517942.5096903557,,0.740522875,0,50000,0,synth_static_202-626bb403f72387f352636f05fb05139a,,5,0.0,0.035028362499999965,
synth_static_202,80000000,0.01,4,5,tail-age,TINYLFU,,436669.0051710704,,0.740522875,0,50000,0,synth_static_202-d709e434808e09a52ca59913b053bd46,0.1,5,0.0,0.035028362499999965,
synth_static_202,80000000,0.01,4,5,hits,TINYLFU,,466869.394800226,,0.740522875,0,50000,0,synth_static_202-f68b6373e8b193b897e3b71ad7aaa2c0,0.1,5,0.0,0.035028362499999965,
synth_static_202,80000000,0.01,4,5,tail-age,TINYLFU,,544398.5358758884,,0.740522875,0,50000,0,synth_static_202-a903191c6bf9ba847d03575fe4348a07,0.05,5,0.0,0.035028362499999965,
synth_static_202,80000000,0.01,4,5,tail-age,TINYLFU,,470470.5662550282,,0.740522875,0,50000,0,synth_static_202-9be38ddf9933d187d6cb3a1402d7f58c,0.25,5,0.0,0.035028362499999965,
synth_static_202,80000000,0.02,4,10,marginal-hits,LRU,,488365.9868372385,1598.0,0.724849125,1598,50000,0,synth_static_202-9bdae353d93f072d50bf95a72d0fc7dd,,10,0.005082237500000031,0.005082237500000031,
synth_static_202,80000000,0.02,4,10,disabled,LRU,,509064.934542252,,0.7299313625,0,50000,0,synth_static_202-fbcd25d324b8a08efd8a0129ec689553,,10,0.0,0.0,
synth_static_202,80000000,0.02,4,10,tail-age,LRU,,601662.0645952497,,0.7299313625,0,50000,0,synth_static_202-64bd33f908cb06f197cb52cb880efd7c,0.25,10,0.0,0.0,
synth_static_202,80000000,0.02,4,10,tail-age,LRU,,598790.7368122006,,0.7299313625,0,50000,0,synth_static_202-b0be761dc3bc60a6509330df9b7e9c40,0.02,10,0.0,0.0,
synth_static_202,80000000,0.02,4,10,free-mem,LRU,,467703.5069093368,,0.7299313625,0,50000,0,synth_static_202-4709e461ed302118c9c09f34f24428b2,,10,0.0,0.0,
synth_static_202,80000000,0.02,4,10,hits,LRU,,530178.683412126,1.0,0.7195476125,1,50000,0,synth_static_202-96dcf4ccd7cf0e131ea4f32c3adfe0ef,0.1,10,0.010383750000000025,0.010383750000000025,
synth_static_202,80000000,0.02,4,10,tail-age,LRU,,550098.92653505,,0.7299313625,0,50000,0,synth_static_202-7ffa6aa49805d76fe7d5a55ac66a1aea,0.1,10,0.0,0.0,
synth_static_202,80000000,0.02,4,10,marginal-hits-tuned,LRU,,603698.6042131583,108.0,0.7198651125,108,50000,0,synth_static_202-814a08eef215f3d8b1146ea997a76491,,10,0.010066250000000054,0.010066250000000054,0.0049840125000000235
synth_static_202,80000000,0.02,4,10,tail-age,LRU,,546359.0044767567,,0.7299313625,0,50000,0,synth_static_202-cc0c96103dda27490d581b31879040de,0.05,10,0.0,0.0,
synth_static_202,80000000,0.02,4,10,marginal-hits,LRU2Q,warm-cold,529231.0947798679,1578.0,0.7143093375,1578,50000,0,synth_static_202-d5baf3a7534ddb071db3c15351cc31cd,,10,-0.014968274999999975,0.015622024999999984,
synth_static_202,80000000,0.02,4,10,tail-age,LRU2Q,,539800.8699112701,4.0,0.70943535,4,50000,0,synth_static_202-44c6580e31cf92ac77faa265aefe0309,0.05,10,-0.010094287499999965,0.020496012499999994,
synth_static_202,80000000,0.02,4,10,tail-age,LRU2Q,,470754.9073982723,4.0,0.70943535,4,50000,0,synth_static_202-91dc116c0975fa1268d87d6e6d723a91,0.25,10,-0.010094287499999965,0.020496012499999994,
synth_static_202,80000000,0.02,4,10,marginal-hits-tuned,LRU2Q,warm-cold,563829.4962758292,56.0,0.6916113125,56,50000,0,synth_static_202-d84f5d1de7b8632eb0a1b4dee48de4d3,,10,0.007729750000000091,0.03832005000000005,0.022698025000000066
synth_static_202,80000000,0.02,4,10,marginal-hits,LRU2Q,cold,503112.01482265774,1107.0,0.71536985,1107,50000,0,synth_static_202-1c559964aadb8ea73d8e1c527586b35c,,10,-0.01602878749999992,0.01456151250000004,
synth_static_202,80000000,0.02,4,10,hits,LRU2Q,,555692.8416794279,1.0,0.6902780625,1,50000,0,synth_static_202-675c095264b0a0d45ae9e304d9e8f17e,0.1,10,0.009063000000000043,0.0396533,
synth_static_202,80000000,0.02,4,10,marginal-hits-tuned,LRU2Q,cold,579572.7290314453,35.0,0.7076814875,35,50000,0,synth_static_202-ab5725b625b8c4b714448f0e9742f6ba,,10,-0.008340424999999985,0.022249874999999975,0.0076883624999999345
synth_static_202,80000000,0.02,4,10,tail-age,LRU2Q,,507687.8320859672,4.0,0.70943535,4,50000,0,synth_static_202-22066bd7004122ecbcd32ba5ee4e52ce,0.02,10,-0.010094287499999965,0.020496012499999994,
synth_static_202,80000000,0.02,4,10,tail-age,LRU2Q,,475617.7531347522,4.0,0.70943535,4,50000,0,synth_static_202-b839a59a1ce9a191674138d6fcf30083,0.1,10,-0.010094287499999965,0.020496012499999994,
synth_static_202,80000000,0.02,4,10,disabled,LRU2Q,,561836.3692430197,,0.6993410625,0,50000,0,synth_static_202-6df1007d3918cdc6e628738af03be59f,,10,0.0,0.03059029999999996,
synth_static_202,80000000,0.02,4,10,free-mem,LRU2Q,,460661.1057946271,,0.6993410625,0,50000,0,synth_static_202-4e1aac1c0f6798daa2d035c2e15e25d1,,10,0.0,0.03059029999999996,
synth_static_202,80000000,0.02,4,10,tail-age,TINYLFU,,446525.9834863984,1055.0,0.693061675,1055,50000,0,synth_static_202-9fdebb51c8d2f6c98071aca7cf5b37c7,0.1,10,0.011036712499999934,0.03686968749999997,
synth_static_202,80000000,0.02,4,10,marginal-hits,TINYLFU,,431234.463802942,1598.0,0.6982227625,1598,50000,0,synth_static_202-4104d32311df3816ecd00d84684bed77,,10,0.00587562499999994,0.031708599999999976,
synth_static_202,80000000,0.02,4,10,free-mem,TINYLFU,,551824.9645076424,,0.7040983875,0,50000,0,synth_static_202-2cc217faf5afddcff3d8e0e750095f01,,10,0.0,0.025832975000000036,
synth_static_202,80000000,0.02,4,10,disabled,TINYLFU,,464036.6792118842,,0.7040983875,0,50000,0,synth_static_202-0e43ff7bd890207240e3f633ecf0bf48,,10,0.0,0.025832975000000036,
synth_static_202,80000000,0.02,4,10,marginal-hits-tuned,TINYLFU,,450835.7358405434,20.0,0.680299725,20,50000,0,synth_static_202-e3a4bc820caeb6872c2ed0f1bd26f289,,10,0.023798662499999956,0.04963163749999999,0.017923037500000016
synth_static_202,80000000,0.02,4,10,tail-age,TINYLFU,,438435.72052461817,1055.0,0.693061675,1055,50000,0,synth_static_202-bd1bf3123d7b471769458779e06c5dfc,0.02,10,0.011036712499999934,0.03686968749999997,
synth_static_202,80000000,0.02,4,10,tail-age,TINYLFU,,387043.55862641614,915.0,0.692944,915,50000,0,synth_static_202-8c1f10f5ada0dab42a03c2100c02af41,0.25,10,0.011154387499999974,0.03698736250000001,
synth_static_202,80000000,0.02,4,10,tail-age,TINYLFU,,469343.66390127287,1055.0,0.693061675,1055,50000,0,synth_static_202-9ded9c34153351ae2da05e9418015a49,0.05,10,0.011036712499999934,0.03686968749999997,
synth_static_202,80000000,0.02,4,10,hits,TINYLFU,,487001.13753018336,1.0,0.6936462,1,50000,0,synth_static_202-3d78772a925d6ff6ad6543aa44c95eeb,0.1,10,0.010452187499999988,0.03628516250000002,
synth_static_202,80000000,0.04,4,20,tail-age,LRU,,493245.5906118817,,0.678711075,0,50000,0,synth_static_202-83ab2b177c1b71928b167d2e8909b37d,0.02,20,0.0,0.0,
synth_static_202,80000000,0.04,4,20,tail-age,LRU,,597105.7320944121,,0.678711075,0,50000,0,synth_static_202-b7f106cba800455c7c2b4115907bad49,0.25,20,0.0,0.0,
synth_static_202,80000000,0.04,4,20,marginal-hits-tuned,LRU,,516827.34486215736,59.0,0.6640033625,59,50000,0,synth_static_202-bbc1b4363cec4fb71610b646d43b5147,,20,0.014707712500000025,0.014707712500000025,0.0060507249999999235
synth_static_202,80000000,0.04,4,20,tail-age,LRU,,505648.66211300605,,0.678711075,0,50000,0,synth_static_202-b4c051770b9fada4b4f98eb2fa7d2723,0.1,20,0.0,0.0,
synth_static_202,80000000,0.04,4,20,marginal-hits,LRU,,655855.0758984053,1597.0,0.6700540875,1597,50000,0,synth_static_202-e92f5dbd016fe977b9c6f29cf0870c03,,20,0.008656987500000102,0.008656987500000102,
synth_static_202,80000000,0.04,4,20,hits,LRU,,653643.2923582708,4.0,0.6673935875,4,50000,0,synth_static_202-272fccf04dbaa9d93a829682b902a556,0.1,20,0.011317487500000056,0.011317487500000056,
synth_static_202,80000000,0.04,4,20,tail-age,LRU,,479245.58092687296,,0.678711075,0,50000,0,synth_static_202-02cb4accf00f81577b986202806a85de,0.05,20,0.0,0.0,
synth_static_202,80000000,0.04,4,20,free-mem,LRU,,546601.8877880229,,0.678711075,0,50000,0,synth_static_202-3d5d0b1b9fca738153c632cdfc3f8951,,20,0.0,0.0,
synth_static_202,80000000,0.04,4,20,disabled,LRU,,506502.0980949581,,0.678711075,0,50000,0,synth_static_202-b521910addf5061788dbf61059181a7b,,20,0.0,0.0,
synth_static_202,80000000,0.04,4,20,tail-age,LRU2Q,,517225.2536091773,4.0,0.6633787,4,50000,0,synth_static_202-e897721daa805444c72068ab5169c580,0.1,20,-0.010899587499999974,0.015332375000000065,
synth_static_202,80000000,0.04,4,20,disabled,LRU2Q,,495880.0049822961,,0.6524791125,0,50000,0,synth_static_202-9ead53e10ca70859d642d916822d3ccb,,20,0.0,0.02623196250000004,
synth_static_202,80000000,0.04,4,20,marginal-hits,LRU2Q,cold,518689.86915231525,1597.0,0.6566394375,1597,50000,0,synth_static_202-3d59a63b9280d1479e85599988434d59,,20,-0.004160324999999965,0.022071637500000074,
synth_static_202,80000000,0.04,4,20,marginal-hits,LRU2Q,warm-cold,474748.8592020656,1597.0,0.6576765375,1597,50000,0,synth_static_202-9b3297c59f4c4c6a0cccbcc57ffc1724,,20,-0.005197424999999978,0.02103453750000006,
synth_static_202,80000000,0.04,4,20,hits,LRU2Q,,455951.3552960223,4.0,0.643787975,4,50000,0,synth_static_202-a80fa5e4efab4295b8e6a894c41c3ce1,0.1,20,0.008691137500000057,0.034923100000000096,
synth_static_202,80000000,0.04,4,20,tail-age,LRU2Q,,494687.9268183819,4.0,0.6633787,4,50000,0,synth_static_202-17c397fe1e1f9f8516503e25105a0e02,0.05,20,-0.010899587499999974,0.015332375000000065,
synth_static_202,80000000,0.04,4,20,tail-age,LRU2Q,,742145.7705294108,4.0,0.6615273875,4,50000,0,synth_static_202-4d27ac35be6be0c295cc36e9aef648f4,0.25,20,-0.009048274999999939,0.0171836875000001,
synth_static_202,80000000,0.04,4,20,marginal-hits-tuned,LRU2Q,cold,723330.6884782272,44.0,0.640865,44,50000,0,synth_static_202-d5e29b7cd8f6048c9d9edd7570c6812b,,20,0.011614112499999996,0.037846075000000035,0.01577443749999996
synth_static_202,80000000,0.04,4,20,free-mem,LRU2Q,,567122.2301108653,,0.6524791125,0,50000,0,synth_static_202-20814c479b0be0a18cc600a673c2e28a,,20,0.0,0.02623196250000004,
synth_static_202,80000000,0.04,4,20,marginal-hits-tuned,LRU2Q,warm-cold,512575.4890110933,31.0,0.641005775,31,50000,0,synth_static_202-8d20cd76a65d54eac65e5ec374adc735,,20,0.011473337500000014,0.03770530000000005,0.01667076249999999
synth_static_202,80000000,0.04,4,20,tail-age,LRU2Q,,532636.432283401,4.0,0.6633787,4,50000,0,synth_static_202-d460067bcf7cc38172b29981fde83f07,0.02,20,-0.010899587499999974,0.015332375000000065,
synth_static_202,80000000,0.04,4,20,hits,TINYLFU,,481615.5729327766,4.0,0.641964525,4,50000,0,synth_static_202-f4ea105de5144cbcee1eaf99ba9c9769,0.1,20,0.009082237500000034,0.036746550000000044,
synth_static_202,80000000,0.04,4,20,marginal-hits-tuned,TINYLFU,,466193.1461394651,67.0,0.6274421125,67,50000,0,synth_static_202-f6bd31ee0245fb281b5a69909acd52f5,,20,0.023604650000000005,0.051268962500000015,0.0224194875
synth_static_202,80000000,0.04,4,20,tail-age,TINYLFU,,437708.4324605237,1234.0,0.654641125,1234,50000,0,synth_static_202-4976a912666f54cf21387495fec4fc75,0.25,20,-0.0035943625000000035,0.024069950000000007,
synth_static_202,80000000,0.04,4,20,marginal-hits,TINYLFU,,601897.9949460595,1597.0,0.6498616,1597,50000,0,synth_static_202-9781a98bbb10b2298cb9ff8730b747af,,20,0.0011851625000000032,0.028849475000000013,
synth_static_202,80000000,0.04,4,20,tail-age,TINYLFU,,448281.0284457933,1290.0,0.6558751,1290,50000,0,synth_static_202-f84f8516e85f89f8cac4da9e3317ba7f,0.02,20,-0.004828337500000002,0.02283597500000001,
synth_static_202,80000000,0.04,4,20,tail-age,TINYLFU,,463013.0117730248,1290.0,0.6558751,1290,50000,0,synth_static_202-7e0bc404a9ee059372759df84f321e04,0.05,20,-0.004828337500000002,0.02283597500000001,
synth_static_202,80000000,0.04,4,20,free-mem,TINYLFU,,393491.3436943536,,0.6510467625,0,50000,0,synth_static_202-3568faeb55dbea385bf10ac7e86439f6,,20,0.0,0.02766431250000001,
synth_static_202,80000000,0.04,4,20,disabled,TINYLFU,,476395.58422871085,,0.6510467625,0,50000,0,synth_static_202-0f69117743cef9404d781aaac7055074,,20,0.0,0.02766431250000001,
synth_static_202,80000000,0.04,4,20,tail-age,TINYLFU,,467017.5616503963,1292.0,0.655845175,1292,50000,0,synth_static_202-c37071d4853ac0cee4d0e9ec9a3db01f,0.1,20,-0.0047984124999999045,0.022865900000000106,
synth_static_202,80000000,0.1,4,49,tail-age,LRU,,584914.5988376758,,0.5954881625,0,50000,0,synth_static_202-23dbc258ab71e879fc32ebea9117abdf,0.05,49,0.0,0.0,
synth_static_202,80000000,0.1,4,49,tail-age,LRU,,503433.41794931976,,0.5954881625,0,50000,0,synth_static_202-92347e9a5fb861c1d76a83cf5f19b663,0.02,49,0.0,0.0,
synth_static_202,80000000,0.1,4,49,free-mem,LRU,,539375.882146255,,0.5954881625,0,50000,0,synth_static_202-b17d4529129c54acbaa374bb21a367fa,,49,0.0,0.0,
synth_static_202,80000000,0.1,4,49,marginal-hits-tuned,LRU,,559589.0904175794,56.0,0.5848421875,56,50000,0,synth_static_202-991afbc980a8678008a59ecbab5b017e,,49,0.010645974999999974,0.010645974999999974,0.005584074999999911
synth_static_202,80000000,0.1,4,49,disabled,LRU,,523995.860875659,,0.5954881625,0,50000,0,synth_static_202-9074f6e0ba7eb477106877e49d3c367e,,49,0.0,0.0,
synth_static_202,80000000,0.1,4,49,tail-age,LRU,,498086.5404699826,,0.5954881625,0,50000,0,synth_static_202-6a6a1fb027d68387b7e9e9d0883850fe,0.1,49,0.0,0.0,
synth_static_202,80000000,0.1,4,49,tail-age,LRU,,479331.6871466371,,0.5954881625,0,50000,0,synth_static_202-74fe6242699912c513534431e1cde427,0.25,49,0.0,0.0,
synth_static_202,80000000,0.1,4,49,marginal-hits,LRU,,569445.5273686923,1593.0,0.5904262625,1593,50000,0,synth_static_202-483fc7e1e211f2cbcea3cb7147576026,,49,0.005061900000000064,0.005061900000000064,
synth_static_202,80000000,0.1,4,49,hits,LRU,,774339.2302918278,15.0,0.5912036,15,50000,0,synth_static_202-b8d26ee9b75674782adfa1dc2370be5d,0.1,49,0.004284562499999978,0.004284562499999978,
synth_static_202,80000000,0.1,4,49,tail-age,LRU2Q,,500693.56831633934,10.0,0.585669875,10,50000,0,synth_static_202-f83205cf87fa91d9931f181d80891069,0.05,49,-0.01123173750000006,0.009818287500000022,
synth_static_202,80000000,0.1,4,49,marginal-hits,LRU2Q,warm-cold,512040.86755626777,1593.0,0.586117125,1593,50000,0,synth_static_202-29b7342a3d467af69022a2fb018f5425,,49,-0.011678987500000071,0.009371037500000012,
synth_static_202,80000000,0.1,4,49,tail-age,LRU2Q,,487106.6965023924,10.0,0.585671475,10,50000,0,synth_static_202-da3f1a8d2291749ed05622ac6c042d05,0.02,49,-0.011233337500000107,0.009816687499999976,
synth_static_202,80000000,0.1,4,49,tail-age,LRU2Q,,566542.2023723954,9.0,0.5841922125,9,50000,0,synth_static_202-68744316e2ef1e88452200bb13aa743f,0.25,49,-0.009754075000000029,0.011295950000000055,
synth_static_202,80000000,0.1,4,49,marginal-hits-tuned,LRU2Q,cold,520504.83266560046,75.0,0.5674357875,75,50000,0,synth_static_202-dbef11271808747f75f9f1b7f43e19eb,,49,0.007002349999999935,0.02805237500000002,0.011884050000000035
synth_static_202,80000000,0.1,4,49,marginal-hits,LRU2Q,cold,529646.7464760004,1593.0,0.5793198375,1593,50000,0,synth_static_202-81268733820a422c9a4197ad0fb2d72f,,49,-0.0048817000000001,0.016168324999999983,
synth_static_202,80000000,0.1,4,49,free-mem,LRU2Q,,511349.83533555776,,0.5744381375,0,50000,0,synth_static_202-e8b1008b2274d2454b9fcde8cac4c561,,49,0.0,0.021050025000000083,
synth_static_202,80000000,0.1,4,49,marginal-hits-tuned,LRU2Q,warm-cold,627865.6910832245,80.0,0.5730907375,80,50000,0,synth_static_202-3c82ac8b49b0791879c03bf39f037e22,,49,0.0013473999999999986,0.022397425000000082,0.01302638750000007
synth_static_202,80000000,0.1,4,49,disabled,LRU2Q,,510160.53998367314,,0.5744381375,0,50000,0,synth_static_202-8ef1fa429e72d5f837547f8e60942167,,49,0.0,0.021050025000000083,
synth_static_202,80000000,0.1,4,49,hits,LRU2Q,,660625.6971453283,15.0,0.5766693625,15,50000,0,synth_static_202-f1f2e4604bd5fb5ebc57fde6b6e1655b,0.1,49,-0.002231225000000059,0.018818800000000024,
synth_static_202,80000000,0.1,4,49,tail-age,LRU2Q,,458312.44400688447,10.0,0.585665725,10,50000,0,synth_static_202-08ebfed076139574a96cb0814ce11b58,0.1,49,-0.01122758750000008,0.009822437500000003,
synth_static_202,80000000,0.1,4,49,tail-age,TINYLFU,,452383.32233881886,1320.0,0.5774752,1320,50000,0,synth_static_202-3061eff3c220d56d2a8fab679e0f93ae,0.05,49,-0.010090137499999985,0.018012962500000063,
synth_static_202,80000000,0.1,4,49,marginal-hits-tuned,TINYLFU,,488657.38994581247,87.0,0.556734275,87,50000,0,synth_static_202-69e4d7addc6d8de67cc350fd5a4cdabc,,49,0.010650787500000036,0.038753887500000084,0.01592831250000004
synth_static_202,80000000,0.1,4,49,hits,TINYLFU,,450490.3604923469,16.0,0.5656184375,16,50000,0,synth_static_202-558b90429f9b6b3dec1da604e4ca13cc,0.1,49,0.0017666250000000217,0.02986972500000007,
synth_static_202,80000000,0.1,4,49,tail-age,TINYLFU,,473867.9957653851,1178.0,0.5774378125,1178,50000,0,synth_static_202-14fd8227168af638a4fc389b8e1d76e6,0.25,49,-0.010052750000000055,0.018050349999999993,
synth_static_202,80000000,0.1,4,49,tail-age,TINYLFU,,440859.61550749966,1332.0,0.57788715,1332,50000,0,synth_static_202-ef1b93921ce905f32393a19b3b8fb952,0.02,49,-0.010502087500000035,0.017601012500000013,
synth_static_202,80000000,0.1,4,49,disabled,TINYLFU,,500799.01482782746,,0.5673850625,0,50000,0,synth_static_202-9c8111a4b66b364daa13fef88c305dbd,,49,0.0,0.028103100000000047,
synth_static_202,80000000,0.1,4,49,tail-age,TINYLFU,,440617.8850077281,1279.0,0.57704855,1279,50000,0,synth_static_202-033f536212ef73fc0da584e34533a478,0.1,49,-0.009663487500000012,0.018439612500000035,
synth_static_202,80000000,0.1,4,49,free-mem,TINYLFU,,471928.9683371575,,0.5673850625,0,50000,0,synth_static_202-45c8acce060ebf985ffe18b5e31223ff,,49,0.0,0.028103100000000047,
synth_static_202,80000000,0.1,4,49,marginal-hits,TINYLFU,,443210.6096021565,1593.0,0.5726625875,1593,50000,0,synth_static_202-8c3da4382e76279bbf6f1af8f9409f94,,49,-0.005277525000000005,0.022825575000000042,
synth_static_202,80000000,0.2,4,98,marginal-hits,LRU,,581132.149559249,1586.0,0.4840755125,1586,50000,0,synth_static_202-de3c2d47c2e19ac97f138805fac0a51e,,98,0.01685123749999995,0.01685123749999995,
synth_static_202,80000000,0.2,4,98,disabled,LRU,,552557.8008436159,,0.50092675,0,50000,0,synth_static_202-ff822f8481933b548482f83245517dca,,98,0.0,0.0,
synth_static_202,80000000,0.2,4,98,hits,LRU,,484510.5111792025,37.0,0.5237981875,37,50000,0,synth_static_202-7233b8a36d37409bf7de3ef752a4ba93,0.1,98,-0.02287143749999998,-0.02287143749999998,
synth_static_202,80000000,0.2,4,98,marginal-hits-tuned,LRU,,488003.01402715134,149.0,0.478559675,149,50000,0,synth_static_202-5774a4ddddd3de59477e35392439e6a8,,98,0.02236707499999996,0.02236707499999996,0.005515837500000009
synth_static_202,80000000,0.2,4,98,tail-age,LRU,,660476.3874569986,,0.50092675,0,50000,0,synth_static_202-72d2c6ff8cdc12944c9befbc6296d8b0,0.02,98,0.0,0.0,
synth_static_202,80000000,0.2,4,98,tail-age,LRU,,693199.1190026961,,0.50092675,0,50000,0,synth_static_202-11307400e39f242265f133a2a6a9a6f3,0.05,98,0.0,0.0,
synth_static_202,80000000,0.2,4,98,free-mem,LRU,,527903.0193217951,,0.50092675,0,50000,0,synth_static_202-e5ae0f67dd97127c8360d5c56d33abe7,,98,0.0,0.0,
synth_static_202,80000000,0.2,4,98,tail-age,LRU,,473649.1363733812,,0.50092675,0,50000,0,synth_static_202-4ad584113b3272166afdaedf0eb730ff,0.1,98,0.0,0.0,
synth_static_202,80000000,0.2,4,98,tail-age,LRU,,497119.59326922445,,0.50092675,0,50000,0,synth_static_202-99f2b4cd33d5db262f134e335d1e6a50,0.25,98,0.0,0.0,
synth_static_202,80000000,0.2,4,98,marginal-hits,LRU2Q,cold,467478.49603606167,1586.0,0.4735311375,1586,50000,0,synth_static_202-492f82a26bc38291e07f50976c635915,,98,0.012126087500000049,0.0273956125,
synth_static_202,80000000,0.2,4,98,disabled,LRU2Q,,502919.7268713508,,0.485657225,0,50000,0,synth_static_202-5169940ff4285caf9cd630d2698aa6ef,,98,0.0,0.01526952499999995,
synth_static_202,80000000,0.2,4,98,free-mem,LRU2Q,,523432.1826737903,,0.485657225,0,50000,0,synth_static_202-7f06f950ed1f0f7e9a7dceeef88f32ef,,98,0.0,0.01526952499999995,
synth_static_202,80000000,0.2,4,98,marginal-hits-tuned,LRU2Q,warm-cold,580787.6065022345,139.0,0.4676953375,139,50000,0,synth_static_202-631098b5efc01010e17423c3418da1a9,,98,0.01796188750000005,0.0332314125,0.011852050000000003
synth_static_202,80000000,0.2,4,98,tail-age,LRU2Q,,466274.936543852,24.0,0.519045425,24,50000,0,synth_static_202-3b6552111de9db39d5dea7b4be98dc53,0.05,98,-0.033388199999999923,-0.018118674999999973,
synth_static_202,80000000,0.2,4,98,tail-age,LRU2Q,,472657.7525947816,23.0,0.517892775,23,50000,0,synth_static_202-8ae69a8b1f089a8aef6945c48c436692,0.1,98,-0.032235549999999946,-0.016966024999999996,
synth_static_202,80000000,0.2,4,98,hits,LRU2Q,,528849.5963643155,37.0,0.516892075,37,50000,0,synth_static_202-d0463613e5383a11319562413c82fa7a,0.1,98,-0.03123484999999998,-0.01596532500000003,
synth_static_202,80000000,0.2,4,98,tail-age,LRU2Q,,506096.5364119098,17.0,0.5106963,17,50000,0,synth_static_202-9076a1600f74880ead171ed80021e22b,0.25,98,-0.025039074999999966,-0.009769550000000016,
synth_static_202,80000000,0.2,4,98,tail-age,LRU2Q,,441234.6769455472,26.0,0.5202027375,26,50000,0,synth_static_202-fbc42ed0704611b69f17edc0876f3b50,0.02,98,-0.034545512499999986,-0.019275987500000036,
synth_static_202,80000000,0.2,4,98,marginal-hits,LRU2Q,warm-cold,505923.4455364923,1586.0,0.4795473875,1586,50000,0,synth_static_202-db9112be356203c5494645deeb08caac,,98,0.006109837500000048,0.0213793625,
synth_static_202,80000000,0.2,4,98,marginal-hits-tuned,LRU2Q,cold,544548.5437530935,89.0,0.461932325,89,50000,0,synth_static_202-c6658e3cd747eecdbacd0eea3a4aa102,,98,0.02372490000000005,0.038994425,0.0115988125
synth_static_202,80000000,0.2,4,98,hits,TINYLFU,,433532.461528382,36.0,0.50116255,36,50000,0,synth_static_202-5d85e6353224718505ce673d7ea24571,0.1,98,-0.028838387500000007,-0.00023580000000000823,
synth_static_202,80000000,0.2,4,98,free-mem,TINYLFU,,446734.35281153343,,0.4723241625,0,50000,0,synth_static_202-057c64c2c35b2c669c461d711d7842d5,,98,0.0,0.0286025875,
synth_static_202,80000000,0.2,4,98,tail-age,TINYLFU,,428704.424938101,1027.0,0.486172975,1027,50000,0,synth_static_202-c2f65e880949848e099aa0aa61f3d228,0.25,98,-0.01384881250000003,0.014753774999999969,
synth_static_202,80000000,0.2,4,98,marginal-hits,TINYLFU,,471255.84732498456,1586.0,0.460113875,1586,50000,0,synth_static_202-00830f138f4a831804a119ca9c8f7b9c,,98,0.012210287499999972,0.04081287499999997,
synth_static_202,80000000,0.2,4,98,tail-age,TINYLFU,,410864.8146198683,1177.0,0.4856901,1177,50000,0,synth_static_202-4abe2d98b6f3bfa596c7787101e8926b,0.05,98,-0.013365937500000036,0.015236649999999963,
synth_static_202,80000000,0.2,4,98,tail-age,TINYLFU,,413737.7409992773,1106.0,0.4854449,1106,50000,0,synth_static_202-c5eb55d9a8902b245921913d8060815b,0.1,98,-0.013120737500000035,0.015481849999999964,
synth_static_202,80000000,0.2,4,98,disabled,TINYLFU,,463346.689763719,,0.4723241625,0,50000,0,synth_static_202-bc642a762d5528a0489cd42189790fa0,,98,0.0,0.0286025875,
synth_static_202,80000000,0.2,4,98,marginal-hits-tuned,TINYLFU,,455486.43716958654,230.0,0.4441721875,230,50000,0,synth_static_202-f0e4b178ecb74b8a17ba129af795b5a4,,98,0.028151974999999996,0.056754562499999994,0.015941687500000024
synth_static_202,80000000,0.2,4,98,tail-age,TINYLFU,,442080.3040876878,1199.0,0.4859047875,1199,50000,0,synth_static_202-d1425717b8bb8eaca38b22d0827da47b,0.02,98,-0.013580625000000013,0.015021962499999986,
synth_static_202,80000000,0.4,4,196,marginal-hits,LRU,,539023.7186437999,1564.0,0.2919851875,1564,50000,0,synth_static_202-9267d383d71dd82c3bae70153e6026c6,,196,0.060630037499999956,0.060630037499999956,
synth_static_202,80000000,0.4,4,196,hits,LRU,,576083.5523854023,65.0,0.4293784125,65,50000,0,synth_static_202-1d1d9ca764080a1481b1c5d038158d7a,0.1,196,-0.0767631875,-0.0767631875,
synth_static_202,80000000,0.4,4,196,tail-age,LRU,,567377.2915884098,,0.352615225,0,50000,0,synth_static_202-e895d2f3da753b2261c9ca7ed1e3bd9f,0.1,196,0.0,0.0,
synth_static_202,80000000,0.4,4,196,marginal-hits-tuned,LRU,,458190.71903383895,167.0,0.2842805,167,50000,0,synth_static_202-dd6a667d3bffe3b26eb0f8af09871d2b,,196,0.06833472499999999,0.06833472499999999,0.007704687500000029
synth_static_202,80000000,0.4,4,196,tail-age,LRU,,502955.7280750615,,0.352615225,0,50000,0,synth_static_202-f9dbec86bcaa11cb36a4671072cf800a,0.02,196,0.0,0.0,
synth_static_202,80000000,0.4,4,196,disabled,LRU,,552265.522264741,,0.352615225,0,50000,0,synth_static_202-fa50986c6f0ee1226ad4e9c6969daf27,,196,0.0,0.0,
synth_static_202,80000000,0.4,4,196,tail-age,LRU,,541059.8090634313,,0.352615225,0,50000,0,synth_static_202-f67f485887b43ba44cb48c9f373414fe,0.25,196,0.0,0.0,
synth_static_202,80000000,0.4,4,196,tail-age,LRU,,553589.5649695175,,0.352615225,0,50000,0,synth_static_202-93a4ccfb9eed12d83600fb3384970ede,0.05,196,0.0,0.0,
synth_static_202,80000000,0.4,4,196,free-mem,LRU,,506506.01436491904,,0.352615225,0,50000,0,synth_static_202-36c1ff54695a30488f90fd0c5c45fe2a,,196,0.0,0.0,
synth_static_202,80000000,0.4,4,196,marginal-hits-tuned,LRU2Q,warm-cold,535069.0566128273,311.0,0.2786225625,311,50000,0,synth_static_202-fc9dd05325b319e3308b3d337b8b1732,,196,0.06643405000000002,0.07399266249999997,0.007325087499999994
synth_static_202,80000000,0.4,4,196,marginal-hits,LRU2Q,warm-cold,476318.1327814533,1564.0,0.28594765,1564,50000,0,synth_static_202-02ff56ac5bd2bd8c270bf8d0cd7ffb8f,,196,0.05910896250000003,0.06666757499999998,
synth_static_202,80000000,0.4,4,196,hits,LRU2Q,,526231.4853617672,61.0,0.4196438,61,50000,0,synth_static_202-7692454f0742d1b3ac350bb3ec1e21c4,0.1,196,-0.07458718749999999,-0.06702857500000003,
synth_static_202,80000000,0.4,4,196,disabled,LRU2Q,,543751.7030880228,,0.3450566125,0,50000,0,synth_static_202-efaf72c7dcca7d2df34853cfe1c70dc4,,196,0.0,0.0075586124999999504,
synth_static_202,80000000,0.4,4,196,tail-age,LRU2Q,,585376.1714218358,25.0,0.382763975,25,50000,0,synth_static_202-497eeff2ff4c6634412a72cc44ce7775,0.25,196,-0.03770736249999995,-0.030148750000000002,
synth_static_202,80000000,0.4,4,196,marginal-hits,LRU2Q,cold,587817.7198416617,1564.0,0.2844966375,1564,50000,0,synth_static_202-0c2ca8a6d075f72f8a9b7a92f29c4193,,196,0.060559975000000044,0.0681185875,
synth_static_202,80000000,0.4,4,196,free-mem,LRU2Q,,529658.6879202516,,0.3450566125,0,50000,0,synth_static_202-b414e4be0468a5f42338d6d6467d9199,,196,0.0,0.0075586124999999504,
synth_static_202,80000000,0.4,4,196,marginal-hits-tuned,LRU2Q,cold,606895.3696070588,162.0,0.2734949875,162,50000,0,synth_static_202-b779de9ef29e2e7443fb4d7704940848,,196,0.07156162500000002,0.07912023749999997,0.011001649999999974
synth_static_202,80000000,0.4,4,196,tail-age,LRU2Q,,513255.7663476539,40.0,0.4002945375,40,50000,0,synth_static_202-94281073e720a48f942c14608a49c360,0.02,196,-0.055237924999999966,-0.047679312500000015,
synth_static_202,80000000,0.4,4,196,tail-age,LRU2Q,,442138.5353183383,36.0,0.3955528125,36,50000,0,synth_static_202-ec12c6e3f888b9a9654e4da6386d28a9,0.05,196,-0.05049619999999999,-0.04293758750000004,
synth_static_202,80000000,0.4,4,196,tail-age,LRU2Q,,508169.80587121786,32.0,0.3911688375,32,50000,0,synth_static_202-c4a74d6431d16a10ca2b10e6c1857739,0.1,196,-0.04611222499999995,-0.0385536125,
synth_static_202,80000000,0.4,4,196,marginal-hits-tuned,TINYLFU,,497319.05221399,159.0,0.25638985,159,50000,0,synth_static_202-d945363e460110f8caba19479b0754df,,196,0.07697586250000005,0.096225375,0.017787587500000035
synth_static_202,80000000,0.4,4,196,hits,TINYLFU,,477065.1641993766,55.0,0.3975648,55,50000,0,synth_static_202-bfd5f72924f216604dafccbae0d596b4,0.1,196,-0.06419908749999997,-0.04494957500000002,
synth_static_202,80000000,0.4,4,196,tail-age,TINYLFU,,490518.9081969601,723.0,0.344525025,723,50000,0,synth_static_202-eda4aef9800969a20253211c97181646,0.1,196,-0.011159312499999963,0.008090199999999992,
synth_static_202,80000000,0.4,4,196,tail-age,TINYLFU,,451201.4963361987,781.0,0.3443963375,781,50000,0,synth_static_202-f9ae09311c0dd0f87003f7b00fb90283,0.05,196,-0.01103062499999996,0.008218887499999994,
synth_static_202,80000000,0.4,4,196,free-mem,TINYLFU,,467343.0665751562,,0.3333657125,0,50000,0,synth_static_202-ec48e0a72fc638295dfe0c2369d52dd0,,196,0.0,0.019249512499999955,
synth_static_202,80000000,0.4,4,196,disabled,TINYLFU,,481241.17133602686,,0.3333657125,0,50000,0,synth_static_202-9a7f03082b239e4e9e29169984c05176,,196,0.0,0.019249512499999955,
synth_static_202,80000000,0.4,4,196,tail-age,TINYLFU,,466509.2467080437,682.0,0.34649535,682,50000,0,synth_static_202-0727468df3f296139f52f86522aaf964,0.25,196,-0.013129637499999958,0.006119874999999997,
synth_static_202,80000000,0.4,4,196,tail-age,TINYLFU,,621349.1369102688,875.0,0.3447784625,875,50000,0,synth_static_202-deeeef805a01116d20be0ef462def3be,0.02,196,-0.011412749999999972,0.007836762499999983,
synth_static_202,80000000,0.4,4,196,marginal-hits,TINYLFU,,553816.966674691,1564.0,0.2741774375,1564,50000,0,synth_static_202-66c8b2074602f2b06cb48cd141b3167f,,196,0.05918827500000001,0.07843778749999997,
synth_static_202,80000000,0.8,4,391,tail-age,LRU,,668296.8893367581,,0.1193873875,0,50000,0,synth_static_202-41ca3dacae1128de28361b1a7482c754,0.02,391,0.0,0.0,
synth_static_202,80000000,0.8,4,391,disabled,LRU,,651643.594410177,,0.1193873875,0,50000,0,synth_static_202-0aef2cadd56566225c5227ce5793d398,,391,0.0,0.0,
synth_static_202,80000000,0.8,4,391,tail-age,LRU,,493870.4579217639,,0.1193873875,0,50000,0,synth_static_202-281067b4ff0e646554ce2af9c58f1043,0.25,391,0.0,0.0,
synth_static_202,80000000,0.8,4,391,free-mem,LRU,,563769.3093919186,,0.1193873875,0,50000,0,synth_static_202-a86bcafa2b12f8c5e6a69fa456f314b0,,391,0.0,0.0,
synth_static_202,80000000,0.8,4,391,hits,LRU,,577051.9480828049,29.0,0.1479471625,29,50000,0,synth_static_202-fdbbc04b8e8316d2f374db9eecaae30f,0.1,391,-0.02855977500000001,-0.02855977500000001,
synth_static_202,80000000,0.8,4,391,marginal-hits,LRU,,538767.8864188035,1319.0,0.078515325,1319,50000,0,synth_static_202-1cab3c8fc4eb7992ea5b24fcb14333dd,,391,0.0408720625,0.0408720625,
synth_static_202,80000000,0.8,4,391,marginal-hits-tuned,LRU,,519260.24057031545,122.0,0.0718634625,122,50000,0,synth_static_202-66dcec7777683765523f7e061027d13b,,391,0.047523924999999995,0.047523924999999995,0.006651862499999994
synth_static_202,80000000,0.8,4,391,tail-age,LRU,,512172.8824502731,,0.1193873875,0,50000,0,synth_static_202-976a43473ed41429242e946fa4e02310,0.1,391,0.0,0.0,
synth_static_202,80000000,0.8,4,391,tail-age,LRU,,529789.786706251,,0.1193873875,0,50000,0,synth_static_202-73ec6f508c1ae5c1fb9454bd7b462a3c,0.05,391,0.0,0.0,
synth_static_202,80000000,0.8,4,391,tail-age,LRU2Q,,475409.2240726435,27.0,0.144943125,27,50000,0,synth_static_202-1d628c4b909f91f2feb3b6cbd595fb96,0.05,391,-0.02623270000000001,-0.02555573750000001,
synth_static_202,80000000,0.8,4,391,marginal-hits,LRU2Q,warm-cold,691385.3663852088,1259.0,0.077608775,1259,50000,0,synth_static_202-2d6ec0a4a3ebfdea3f26ae3d153d8afd,,391,0.04110164999999999,0.04177861249999999,
synth_static_202,80000000,0.8,4,391,marginal-hits,LRU2Q,cold,579581.4863464955,1302.0,0.0776242875,1302,50000,0,synth_static_202-1182b791581d6c70f546c5ebed05c0a3,,391,0.041086137499999995,0.0417631,
synth_static_202,80000000,0.8,4,391,marginal-hits-tuned,LRU2Q,cold,625664.8433991079,116.0,0.07127855,116,50000,0,synth_static_202-c8bb0816f55b3b34892b43de4a93bd33,,391,0.047431875,0.0481088375,0.006345737500000004
synth_static_202,80000000,0.8,4,391,free-mem,LRU2Q,,700967.0485482125,,0.118710425,0,50000,0,synth_static_202-4d0385ef35895f7f52765e8b58551240,,391,0.0,0.0006769625000000029,
synth_static_202,80000000,0.8,4,391,hits,LRU2Q,,689846.2380202048,28.0,0.1465700125,28,50000,0,synth_static_202-9c7ad604e5a53de4c809a7db3413c468,0.1,391,-0.02785958750000002,-0.027182625000000016,
synth_static_202,80000000,0.8,4,391,tail-age,LRU2Q,,585862.5023007398,26.0,0.1435979875,26,50000,0,synth_static_202-8eea83c8c9fd62af2338e78b78962f14,0.25,391,-0.0248875625,-0.0242106,
synth_static_202,80000000,0.8,4,391,marginal-hits-tuned,LRU2Q,warm-cold,577996.2292154433,120.0,0.071534825,120,50000,0,synth_static_202-873a54dc806f9117a98d10b508794e2b,,391,0.0471756,0.0478525625,0.0060739500000000085
synth_static_202,80000000,0.8,4,391,tail-age,LRU2Q,,549106.3631030031,27.0,0.1449122625,27,50000,0,synth_static_202-2e7530b84e6f9515e0cf9110de3f10b7,0.1,391,-0.026201837500000005,-0.025524875000000002,
synth_static_202,80000000,0.8,4,391,tail-age,LRU2Q,,513590.14096387615,29.0,0.147098225,29,50000,0,synth_static_202-371fb21ec8410ceb45e53fb3b1b36200,0.02,391,-0.028387800000000005,-0.027710837500000002,
synth_static_202,80000000,0.8,4,391,disabled,LRU2Q,,496835.3345687194,,0.118710425,0,50000,0,synth_static_202-b2045245b70cbb72d53ca8dc9f7c562e,,391,0.0,0.0006769625000000029,
synth_static_202,80000000,0.8,4,391,free-mem,TINYLFU,,493550.413907879,,0.1151436,0,50000,0,synth_static_202-969e72f344a63b657cf161cca0a2b596,,391,0.0,0.004243787499999999,
synth_static_202,80000000,0.8,4,391,hits,TINYLFU,,547548.4937283562,27.0,0.1413113,27,50000,0,synth_static_202-e42a960b62d4069a7e2698c1821832b3,0.1,391,-0.026167700000000002,-0.021923912500000003,
synth_static_202,80000000,0.8,4,391,tail-age,TINYLFU,,516117.42335872265,199.0,0.124151575,199,50000,0,synth_static_202-6d1e3592613bdcbf150801154300bc7c,0.25,391,-0.009007975000000001,-0.004764187500000003,
synth_static_202,80000000,0.8,4,391,disabled,TINYLFU,,524017.2999409394,,0.1151436,0,50000,0,synth_static_202-1b56b6a400cf90c6e7beb0cee235041c,,391,0.0,0.004243787499999999,
synth_static_202,80000000,0.8,4,391,tail-age,TINYLFU,,546182.0103213107,216.0,0.1217160875,216,50000,0,synth_static_202-62d781cea91a6c42297e3704efc2fb73,0.1,391,-0.006572487500000002,-0.002328700000000003,
synth_static_202,80000000,0.8,4,391,marginal-hits,TINYLFU,,621073.3203478778,1327.0,0.0782397,1327,50000,0,synth_static_202-ba2d2fbf338416ea57a7921990b8408b,,391,0.0369039,0.0411476875,
synth_static_202,80000000,0.8,4,391,tail-age,TINYLFU,,580181.5023867228,238.0,0.1207919125,238,50000,0,synth_static_202-cba83a7ee14c998ad62240f0a53b02cc,0.02,391,-0.005648312500000002,-0.0014045250000000037,
synth_static_202,80000000,0.8,4,391,marginal-hits-tuned,TINYLFU,,612426.7205127092,110.0,0.0696138625,110,50000,0,synth_static_202-b3e36c85a89e91a283666742fc0b7318,,391,0.0455297375,0.049773525,0.008625837499999997
synth_static_202,80000000,0.8,4,391,tail-age,TINYLFU,,472471.2158522722,235.0,0.1205367375,235,50000,0,synth_static_202-60197ee5b4add9ff7aae4f713390122e,0.05,391,-0.005393137500000006,-0.0011493500000000073,
synth_static_204,80000000,0.01,4,5,marginal-hits-tuned,LRU,,583182.7129760002,,0.4434190375,0,50000,0,synth_static_204-d5235e4e26f1b6dd6af27246a75bb20e,,5,0.0,0.0,0.0
synth_static_204,80000000,0.01,4,5,tail-age,LRU,,575806.9011937954,,0.4434190375,0,50000,0,synth_static_204-3cdf4dc7a58af9a883ab58426636f93a,0.05,5,0.0,0.0,
synth_static_204,80000000,0.01,4,5,tail-age,LRU,,633193.2205058237,,0.4434190375,0,50000,0,synth_static_204-1f5fe270379bad6edb1cc6aa6a80d9d3,0.1,5,0.0,0.0,
synth_static_204,80000000,0.01,4,5,tail-age,LRU,,588056.2440193833,,0.4434190375,0,50000,0,synth_static_204-fbda0874743daa8eced7d74abae5eb4e,0.25,5,0.0,0.0,
synth_static_204,80000000,0.01,4,5,tail-age,LRU,,680226.464230649,,0.4434190375,0,50000,0,synth_static_204-0f3f598c3f16fda9bc1797e5c39f2073,0.02,5,0.0,0.0,
synth_static_204,80000000,0.01,4,5,disabled,LRU,,646439.7754008009,,0.4434190375,0,50000,0,synth_static_204-c17adc67d09dfd5aeda899f76b2cb428,,5,0.0,0.0,
synth_static_204,80000000,0.01,4,5,free-mem,LRU,,686798.7318579197,,0.4434190375,0,50000,0,synth_static_204-9139488409876c68f58bf7c9263b2a81,,5,0.0,0.0,
synth_static_204,80000000,0.01,4,5,marginal-hits,LRU,,602117.6834235651,,0.4434190375,0,50000,0,synth_static_204-cd58e8449b82e09f2e7566aec18e88bc,,5,0.0,0.0,
synth_static_204,80000000,0.01,4,5,hits,LRU,,755738.3173785243,,0.4434190375,0,50000,0,synth_static_204-0d5d3c0fad170e7a8ef1ecca6cece28c,0.1,5,0.0,0.0,
synth_static_204,80000000,0.01,4,5,free-mem,LRU2Q,,570758.0473532615,,0.4018940125,0,50000,0,synth_static_204-c485eb982ece2af2825127cef7a30f15,,5,0.0,0.04152502499999999,
synth_static_204,80000000,0.01,4,5,marginal-hits-tuned,LRU2Q,cold,574879.2503670626,,0.4018940125,0,50000,0,synth_static_204-429b1eaced113eac2bd3e43b38b641d4,,5,0.0,0.04152502499999999,0.0
synth_static_204,80000000,0.01,4,5,disabled,LRU2Q,,672527.5208494249,,0.4018940125,0,50000,0,synth_static_204-4a04cb09a7459b34e5f66b1790281e2f,,5,0.0,0.04152502499999999,
synth_static_204,80000000,0.01,4,5,tail-age,LRU2Q,,764566.6207211085,,0.4018940125,0,50000,0,synth_static_204-9a895c406a72ff36bbfb66b7eb8be404,0.05,5,0.0,0.04152502499999999,
synth_static_204,80000000,0.01,4,5,tail-age,LRU2Q,,556936.6068576731,,0.4018940125,0,50000,0,synth_static_204-bdbb5d0fdb462cd8af9e5b59dce8a579,0.02,5,0.0,0.04152502499999999,
synth_static_204,80000000,0.01,4,5,marginal-hits,LRU2Q,warm-cold,562787.5970166357,,0.4018940125,0,50000,0,synth_static_204-a497aa5fd93ef9146d2a1d4b4c8943df,,5,0.0,0.04152502499999999,
synth_static_204,80000000,0.01,4,5,tail-age,LRU2Q,,617276.697535118,,0.4018940125,0,50000,0,synth_static_204-250f19e978323761d277c32010ded053,0.1,5,0.0,0.04152502499999999,
synth_static_204,80000000,0.01,4,5,marginal-hits,LRU2Q,cold,755012.8158449484,,0.4018940125,0,50000,0,synth_static_204-b85ac7402acb09fbe543af351095b3d7,,5,0.0,0.04152502499999999,
synth_static_204,80000000,0.01,4,5,hits,LRU2Q,,571895.6577748656,,0.4018940125,0,50000,0,synth_static_204-58c1363325360dba38773dd5231fdf0d,0.1,5,0.0,0.04152502499999999,
synth_static_204,80000000,0.01,4,5,marginal-hits-tuned,LRU2Q,warm-cold,739280.3508586835,,0.4018940125,0,50000,0,synth_static_204-23bdc44ab1ad05322e0559c8c0b54b41,,5,0.0,0.04152502499999999,0.0
synth_static_204,80000000,0.01,4,5,tail-age,LRU2Q,,686949.4731005958,,0.4018940125,0,50000,0,synth_static_204-5e734a7a05aa277c4d0f45f32e265076,0.25,5,0.0,0.04152502499999999,
synth_static_204,80000000,0.01,4,5,marginal-hits-tuned,TINYLFU,,503552.2350563722,,0.4024782625,0,50000,0,synth_static_204-ce1dae313ea808156df212f654c12dd5,,5,0.0,0.040940774999999985,0.0
synth_static_204,80000000,0.01,4,5,hits,TINYLFU,,581198.4619490915,,0.4024782625,0,50000,0,synth_static_204-ad9e63933300b3e786fda31e594b3545,0.1,5,0.0,0.040940774999999985,
synth_static_204,80000000,0.01,4,5,marginal-hits,TINYLFU,,631654.0591395095,,0.4024782625,0,50000,0,synth_static_204-b87db9b5592d19fead5594c3a8c23f60,,5,0.0,0.040940774999999985,
synth_static_204,80000000,0.01,4,5,tail-age,TINYLFU,,608144.5634346358,,0.4024782625,0,50000,0,synth_static_204-6d056536d99869db3874c27d653706e4,0.25,5,0.0,0.040940774999999985,
synth_static_204,80000000,0.01,4,5,tail-age,TINYLFU,,564098.3754501031,,0.4024782625,0,50000,0,synth_static_204-4c2f0d86f3ac95d5553374a0d2a29899,0.1,5,0.0,0.040940774999999985,
synth_static_204,80000000,0.01,4,5,disabled,TINYLFU,,559603.3893088879,,0.4024782625,0,50000,0,synth_static_204-1e43d81083e64ea238d2f8c175820202,,5,0.0,0.040940774999999985,
synth_static_204,80000000,0.01,4,5,tail-age,TINYLFU,,556156.6740902865,,0.4024782625,0,50000,0,synth_static_204-2add49dcbfaee4dc978eaa5baed95077,0.05,5,0.0,0.040940774999999985,
synth_static_204,80000000,0.01,4,5,free-mem,TINYLFU,,560923.0946934766,,0.4024782625,0,50000,0,synth_static_204-b8782d786eaac1fbdb919337e2092bfb,,5,0.0,0.040940774999999985,
synth_static_204,80000000,0.01,4,5,tail-age,TINYLFU,,551035.8944295135,,0.4024782625,0,50000,0,synth_static_204-53f57de1b6083e7c7f780f2da36cbd33,0.02,5,0.0,0.040940774999999985,
synth_static_204,80000000,0.02,4,10,marginal-hits,LRU,,621072.7340115778,1598.0,0.4026267875,1598,50000,0,synth_static_204-acdb4f93d231fb26a5dc4df0eea83b2e,,10,-0.011425925000000003,-0.011425925000000003,
synth_static_204,80000000,0.02,4,10,hits,LRU,,613543.1412958851,2.0,0.3825636375,2,50000,0,synth_static_204-70c5f5bb3add4fa9e07d7455842ff6b9,0.1,10,0.008637225000000026,0.008637225000000026,
synth_static_204,80000000,0.02,4,10,free-mem,LRU,,672028.1820759963,,0.3912008625,0,50000,0,synth_static_204-99fea3a2ebc37b201287016f48c74bdc,,10,0.0,0.0,
synth_static_204,80000000,0.02,4,10,tail-age,LRU,,538019.0130918071,,0.3912008625,0,50000,0,synth_static_204-afbfcd8c1a8629ae40da8ffb5419f6d8,0.25,10,0.0,0.0,
synth_static_204,80000000,0.02,4,10,tail-age,LRU,,736176.8148402009,,0.3912008625,0,50000,0,synth_static_204-7acd69d95e60a7561dbabebe2805fc59,0.02,10,0.0,0.0,
synth_static_204,80000000,0.02,4,10,tail-age,LRU,,587639.1602789944,,0.3912008625,0,50000,0,synth_static_204-68ccab9adf9e0ceae301e1b59bf1b00d,0.05,10,0.0,0.0,
synth_static_204,80000000,0.02,4,10,tail-age,LRU,,636079.26382529,,0.3912008625,0,50000,0,synth_static_204-d98d5fe1acc22b14eedc286b99df7ef1,0.1,10,0.0,0.0,
synth_static_204,80000000,0.02,4,10,marginal-hits-tuned,LRU,,533934.6092135247,7.0,0.3826108875,7,50000,0,synth_static_204-45bc3971130613e1196240f8a57febfb,,10,0.008589975000000027,0.008589975000000027,0.02001590000000003
synth_static_204,80000000,0.02,4,10,disabled,LRU,,778766.6454515128,,0.3912008625,0,50000,0,synth_static_204-70e832d2299da354c94640dd133ca569,,10,0.0,0.0,
synth_static_204,80000000,0.02,4,10,marginal-hits-tuned,LRU2Q,cold,692207.9121059449,30.0,0.3645160875,30,50000,0,synth_static_204-e27576b114566f2f385a8e78e299b166,,10,-0.009148462499999954,0.02668477500000005,0.017606512500000004
synth_static_204,80000000,0.02,4,10,free-mem,LRU2Q,,563488.0329829111,,0.355367625,0,50000,0,synth_static_204-402b6d05bcc0e0c8ccf6dfdd38815e89,,10,0.0,0.035833237500000004,
synth_static_204,80000000,0.02,4,10,disabled,LRU2Q,,658291.8328487455,,0.355367625,0,50000,0,synth_static_204-d2458b36f4d070b462af2a9e1f18e177,,10,0.0,0.035833237500000004,
synth_static_204,80000000,0.02,4,10,marginal-hits-tuned,LRU2Q,warm-cold,545629.9158759803,106.0,0.35650975,106,50000,0,synth_static_204-098e94b60892240c1f73ac8394caaf66,,10,-0.0011421249999999938,0.03469111250000001,0.02152418749999996
synth_static_204,80000000,0.02,4,10,tail-age,LRU2Q,,593247.6970889003,2.0,0.36443255,2,50000,0,synth_static_204-234553ec8622963ec3e75aae2b10264e,0.1,10,-0.009064925000000001,0.026768312500000002,
synth_static_204,80000000,0.02,4,10,tail-age,LRU2Q,,537672.9269377871,1.0,0.362160875,1,50000,0,synth_static_204-e2a94db4368cad8db515feb1da9dddf6,0.25,10,-0.006793249999999973,0.02903998750000003,
synth_static_204,80000000,0.02,4,10,marginal-hits,LRU2Q,cold,592287.9861949524,1188.0,0.3821226,1188,50000,0,synth_static_204-0d295e29ab52cd03cf60ea0de87615e6,,10,-0.02675497499999996,0.009078262500000045,
synth_static_204,80000000,0.02,4,10,marginal-hits,LRU2Q,warm-cold,759494.8230661607,1498.0,0.3780339375,1498,50000,0,synth_static_204-7e7cdba11bb1211b72dda4186eb036ce,,10,-0.022666312499999952,0.013166925000000052,
synth_static_204,80000000,0.02,4,10,tail-age,LRU2Q,,668970.8236349069,2.0,0.36946505,2,50000,0,synth_static_204-e6c46635149ca0caed99d2c8796dc207,0.02,10,-0.014097424999999997,0.021735812500000007,
synth_static_204,80000000,0.02,4,10,tail-age,LRU2Q,,539441.4426521284,2.0,0.36946505,2,50000,0,synth_static_204-a46a56848210768fcb6b0e0b70501117,0.05,10,-0.014097424999999997,0.021735812500000007,
synth_static_204,80000000,0.02,4,10,hits,LRU2Q,,571438.1892965721,2.0,0.3476175,2,50000,0,synth_static_204-3941450758975444cd6c7aa27fc121da,0.1,10,0.007750124999999997,0.0435833625,
synth_static_204,80000000,0.02,4,10,tail-age,TINYLFU,,537532.4890176307,617.0,0.353414825,617,50000,0,synth_static_204-5b468da79efb103b93ff28384bfa2373,0.25,10,0.0025136000000000047,0.037786037500000036,
synth_static_204,80000000,0.02,4,10,hits,TINYLFU,,571537.0153068381,2.0,0.3423651375,2,50000,0,synth_static_204-f0dd2c65828318a83fc26c86a241826c,0.1,10,0.013563287499999965,0.048835724999999996,
synth_static_204,80000000,0.02,4,10,marginal-hits,TINYLFU,,570715.8148670242,1598.0,0.370908825,1598,50000,0,synth_static_204-2798b3b239eb8569f34491a5bd0e2049,,10,-0.014980400000000005,0.020292037500000026,
synth_static_204,80000000,0.02,4,10,tail-age,TINYLFU,,556590.358149135,758.0,0.3538240375,758,50000,0,synth_static_204-84d315491850b5f39316f346458533de,0.05,10,0.002104387499999971,0.037376825,
synth_static_204,80000000,0.02,4,10,tail-age,TINYLFU,,703956.2690488517,758.0,0.3538240375,758,50000,0,synth_static_204-ec9a30c20ab5f754da21c4f707f6c68c,0.1,10,0.002104387499999971,0.037376825,
synth_static_204,80000000,0.02,4,10,marginal-hits-tuned,TINYLFU,,524980.2928113801,6.0,0.3423965125,6,50000,0,synth_static_204-5d1b6f92fabba86f220511a53053e9cf,,10,0.013531912499999965,0.048804349999999996,0.02851231249999997
synth_static_204,80000000,0.02,4,10,tail-age,TINYLFU,,543757.0632756194,758.0,0.3538240375,758,50000,0,synth_static_204-9271dcea40f530803758364aacc0df4e,0.02,10,0.002104387499999971,0.037376825,
synth_static_204,80000000,0.02,4,10,free-mem,TINYLFU,,558089.0622589795,,0.355928425,0,50000,0,synth_static_204-1fa94e1a6ed25f31289f1a4f5884a1fd,,10,0.0,0.03527243750000003,
synth_static_204,80000000,0.02,4,10,disabled,TINYLFU,,638752.0767566522,,0.355928425,0,50000,0,synth_static_204-670d18d84e30ea920579ef12127b3191,,10,0.0,0.03527243750000003,
synth_static_204,80000000,0.04,4,19,marginal-hits-tuned,LRU,,610594.0989293422,58.0,0.32561515,58,50000,0,synth_static_204-0938580f2fefe5672ec73759e2dda8c9,,19,0.015273874999999992,0.015273874999999992,0.014910199999999985
synth_static_204,80000000,0.04,4,19,tail-age,LRU,,639121.1250554115,,0.340889025,0,50000,0,synth_static_204-c864fa83c30c51a51987f8cdb88b83f5,0.05,19,0.0,0.0,
synth_static_204,80000000,0.04,4,19,tail-age,LRU,,578308.448833755,,0.340889025,0,50000,0,synth_static_204-c9d5fad735fdc244674154015236ed3e,0.02,19,0.0,0.0,
synth_static_204,80000000,0.04,4,19,tail-age,LRU,,566406.6521165031,,0.340889025,0,50000,0,synth_static_204-33482095523a3c894f92a227ece8a7d3,0.1,19,0.0,0.0,
synth_static_204,80000000,0.04,4,19,free-mem,LRU,,613330.5927479704,,0.340889025,0,50000,0,synth_static_204-57afbe9322a11886b9f53cc135513f47,,19,0.0,0.0,
synth_static_204,80000000,0.04,4,19,hits,LRU,,590806.4725915359,5.0,0.3249981,5,50000,0,synth_static_204-5e0785490a14a3b20fce0918af13b3ac,0.1,19,0.015890925,0.015890925,
synth_static_204,80000000,0.04,4,19,disabled,LRU,,648646.3887891734,,0.340889025,0,50000,0,synth_static_204-5d228752f9d846b3746a2daf06f2d94c,,19,0.0,0.0,
synth_static_204,80000000,0.04,4,19,marginal-hits,LRU,,556590.4315777896,1597.0,0.34052535,1597,50000,0,synth_static_204-2184f2a2dee8afd6c388f1fd6a102ccf,,19,0.00036367500000000774,0.00036367500000000774,
synth_static_204,80000000,0.04,4,19,tail-age,LRU,,636790.5324351479,,0.340889025,0,50000,0,synth_static_204-0c50bfae208feb8d4d054293edb96a54,0.25,19,0.0,0.0,
synth_static_204,80000000,0.04,4,19,tail-age,LRU2Q,,550387.8900264286,6.0,0.332187425,6,50000,0,synth_static_204-b7d66492836ed21bb8c5bd5062e26126,0.05,19,-0.02137954999999997,0.008701600000000032,
synth_static_204,80000000,0.04,4,19,free-mem,LRU2Q,,768609.2083702785,,0.310807875,0,50000,0,synth_static_204-fd11d4cdfe1ec0b893551b4e30b28a15,,19,0.0,0.03008115,
synth_static_204,80000000,0.04,4,19,marginal-hits-tuned,LRU2Q,warm-cold,589568.2263826963,56.0,0.302438925,56,50000,0,synth_static_204-baa2e89b885daf815ee218598d3ee6d0,,19,0.008368949999999986,0.03845009999999999,0.029238862499999962
synth_static_204,80000000,0.04,4,19,marginal-hits-tuned,LRU2Q,cold,593169.7536480553,39.0,0.3068903,39,50000,0,synth_static_204-ff59b1c7c197416b380fd9ff3517e8ad,,19,0.0039175750000000065,0.03399872500000001,0.026253362499999988
synth_static_204,80000000,0.04,4,19,hits,LRU2Q,,663288.2420490588,5.0,0.296631675,5,50000,0,synth_static_204-eb70a458acd196b1b445deb0ed5bf106,0.1,19,0.014176200000000028,0.04425735000000003,
synth_static_204,80000000,0.04,4,19,marginal-hits,LRU2Q,warm-cold,553255.2558415134,1597.0,0.3316777875,1597,50000,0,synth_static_204-d757d42febc288c6baff38202ddc1cb2,,19,-0.020869912499999976,0.009211237500000025,
synth_static_204,80000000,0.04,4,19,tail-age,LRU2Q,,599044.1003435374,4.0,0.332175625,4,50000,0,synth_static_204-8712aba113f261371b9d8c5da74fb68a,0.1,19,-0.021367749999999963,0.008713400000000038,
synth_static_204,80000000,0.04,4,19,tail-age,LRU2Q,,644213.4933090482,6.0,0.332187425,6,50000,0,synth_static_204-27444488ebf8ddce2f1f54b0b224a3ed,0.02,19,-0.02137954999999997,0.008701600000000032,
synth_static_204,80000000,0.04,4,19,tail-age,LRU2Q,,644402.278962423,4.0,0.3321591875,4,50000,0,synth_static_204-3948860acc1752e3aedc512d87151d46,0.25,19,-0.021351312499999997,0.008729837500000004,
synth_static_204,80000000,0.04,4,19,marginal-hits,LRU2Q,cold,569880.0525139043,1597.0,0.3331436625,1597,50000,0,synth_static_204-35b62c9d8470076ed04a057365fc90b9,,19,-0.02233578749999998,0.007745362500000019,
synth_static_204,80000000,0.04,4,19,disabled,LRU2Q,,697079.0450984552,,0.310807875,0,50000,0,synth_static_204-bb42d85a5aca98a431f511d9def87d1d,,19,0.0,0.03008115,
synth_static_204,80000000,0.04,4,19,disabled,TINYLFU,,601946.3655056081,,0.3151352875,0,50000,0,synth_static_204-0d5098197675d525ee4cf290b0ba9987,,19,0.0,0.025753737499999985,
synth_static_204,80000000,0.04,4,19,tail-age,TINYLFU,,564106.8050857302,886.0,0.31531945,886,50000,0,synth_static_204-1d493ab0f17b83201bc02058ab745608,0.02,19,-0.00018416249999997358,0.02556957500000001,
synth_static_204,80000000,0.04,4,19,marginal-hits,TINYLFU,,620950.5977436817,1597.0,0.3172975375,1597,50000,0,synth_static_204-46ce13c811db460ada07875c31dfb551,,19,-0.0021622499999999767,0.023591487500000008,
synth_static_204,80000000,0.04,4,19,tail-age,TINYLFU,,670947.4687426013,886.0,0.31531945,886,50000,0,synth_static_204-ac4ae7c89d7ee9ef66bff999cdd7f01f,0.05,19,-0.00018416249999997358,0.02556957500000001,
synth_static_204,80000000,0.04,4,19,tail-age,TINYLFU,,625024.2005805874,885.0,0.3152241375,885,50000,0,synth_static_204-683547aebe22b1d850af97bd8a677e48,0.1,19,-8.884999999997367e-05,0.02566488750000001,
synth_static_204,80000000,0.04,4,19,tail-age,TINYLFU,,563301.6002898809,747.0,0.315559525,747,50000,0,synth_static_204-1096cbb561be6e5b0018c81452fb34a2,0.25,19,-0.00042423749999997984,0.025329500000000005,
synth_static_204,80000000,0.04,4,19,marginal-hits-tuned,TINYLFU,,541103.7523480476,26.0,0.2903365,26,50000,0,synth_static_204-0f5f8990aef1c5691ba7113fbabd697b,,19,0.02479878750000003,0.050552525000000015,0.026961037500000007
synth_static_204,80000000,0.04,4,19,hits,TINYLFU,,668575.3381007229,5.0,0.2937588,5,50000,0,synth_static_204-a8593a16d10ba62c3f81a73c3964a45c,0.1,19,0.02137648750000004,0.047130225000000026,
synth_static_204,80000000,0.04,4,19,free-mem,TINYLFU,,487623.1096157751,,0.3151352875,0,50000,0,synth_static_204-c76ca2625f55e4455e00ab3680d4a0d9,,19,0.0,0.025753737499999985,
synth_static_204,80000000,0.1,4,46,marginal-hits,LRU,,604717.4455067177,1591.0,0.256904725,1591,50000,0,synth_static_204-6ee77ab0a203fe30f0a5fd9550c97e59,,46,0.007854625000000004,0.007854625000000004,
synth_static_204,80000000,0.1,4,46,disabled,LRU,,745905.9919697731,,0.26475935,0,50000,0,synth_static_204-88363bf0615f6b240ff9388e1529b491,,46,0.0,0.0,
synth_static_204,80000000,0.1,4,46,hits,LRU,,585679.7988938008,18.0,0.2434932625,18,50000,0,synth_static_204-d6739fed2297b5979b001984c36b1439,0.1,46,0.021266087500000003,0.021266087500000003,
synth_static_204,80000000,0.1,4,46,free-mem,LRU,,786042.1002988132,,0.26475935,0,50000,0,synth_static_204-bcb20df17fc2ef1c5ce3af8ffced701c,,46,0.0,0.0,
synth_static_204,80000000,0.1,4,46,marginal-hits-tuned,LRU,,872302.0433871035,83.0,0.24372315,83,50000,0,synth_static_204-ac214388dd2c04820386f7e1ae6a9066,,46,0.021036200000000005,0.021036200000000005,0.013181575000000001
synth_static_204,80000000,0.1,4,46,tail-age,LRU,,840244.3589137228,,0.26475935,0,50000,0,synth_static_204-0348b3bbadaa9053e93e408a69e6497c,0.05,46,0.0,0.0,
synth_static_204,80000000,0.1,4,46,tail-age,LRU,,812637.2970324559,,0.26475935,0,50000,0,synth_static_204-e28c53933d920cd19bd1057b00969334,0.02,46,0.0,0.0,
synth_static_204,80000000,0.1,4,46,tail-age,LRU,,671432.684331204,,0.26475935,0,50000,0,synth_static_204-8015865920cd6b494345bdca171d39c3,0.1,46,0.0,0.0,
synth_static_204,80000000,0.1,4,46,tail-age,LRU,,557311.8767998643,,0.26475935,0,50000,0,synth_static_204-eb949142e1d37f1af438fe6401e0afa6,0.25,46,0.0,0.0,
synth_static_204,80000000,0.1,4,46,free-mem,LRU2Q,,619795.1234768424,,0.2436299875,0,50000,0,synth_static_204-0b3443a1084ee6887a6e70eb8a1baad5,,46,0.0,0.0211293625,
synth_static_204,80000000,0.1,4,46,tail-age,LRU2Q,,698015.5477735653,1.0,0.25238765,1,50000,0,synth_static_204-92f281ff18aa2f94ca1fd7071615b2cd,0.25,46,-0.008757662500000013,0.012371699999999985,
synth_static_204,80000000,0.1,4,46,marginal-hits-tuned,LRU2Q,cold,557730.2509244429,58.0,0.224938575,58,50000,0,synth_static_204-6aefc4a2a6ba6b4a78fd4e16b208ae86,,46,0.018691412500000004,0.039820775,0.022218937500000008
synth_static_204,80000000,0.1,4,46,disabled,LRU2Q,,892150.3769474295,,0.2436299875,0,50000,0,synth_static_204-0bd333e27311dc78beb8cf2658a83762,,46,0.0,0.0211293625,
synth_static_204,80000000,0.1,4,46,marginal-hits-tuned,LRU2Q,warm-cold,652377.5693090019,74.0,0.2255133375,74,50000,0,synth_static_204-6c21dff64c01e3c19a5f0cacebc105e0,,46,0.018116650000000012,0.03924601250000001,0.021730799999999995
synth_static_204,80000000,0.1,4,46,hits,LRU2Q,,647019.8345728033,17.0,0.2248569125,17,50000,0,synth_static_204-51833942e8826b28b8eab58dbac0312b,0.1,46,0.018773075,0.0399024375,
synth_static_204,80000000,0.1,4,46,marginal-hits,LRU2Q,cold,712678.848631298,1591.0,0.2471575125,1591,50000,0,synth_static_204-bbd40324dd85162317e2a1a44e545d90,,46,-0.0035275250000000036,0.017601837499999995,
synth_static_204,80000000,0.1,4,46,tail-age,LRU2Q,,554493.764740925,1.0,0.252390575,1,50000,0,synth_static_204-736eeaad4e2b81c71ee8ea409397682a,0.02,46,-0.0087605875,0.012368774999999999,
synth_static_204,80000000,0.1,4,46,tail-age,LRU2Q,,510327.29430602345,1.0,0.252390575,1,50000,0,synth_static_204-5bedaa60a5a3c81cf9b59bcc650bb568,0.1,46,-0.0087605875,0.012368774999999999,
synth_static_204,80000000,0.1,4,46,tail-age,LRU2Q,,609210.0399007805,1.0,0.252390575,1,50000,0,synth_static_204-50f8efdf39fa41a64253bbb1b43f2863,0.05,46,-0.0087605875,0.012368774999999999,
synth_static_204,80000000,0.1,4,46,marginal-hits,LRU2Q,warm-cold,606691.9257580332,1591.0,0.2472441375,1591,50000,0,synth_static_204-afd853f5fdb85e7862ab2fabd995361a,,46,-0.0036141499999999827,0.017515212500000016,
synth_static_204,80000000,0.1,4,46,free-mem,TINYLFU,,584343.9806600721,,0.245915975,0,50000,0,synth_static_204-8b3869fb93cbd96b2fdd35e45eeae64f,,46,0.0,0.018843374999999996,
synth_static_204,80000000,0.1,4,46,tail-age,TINYLFU,,567970.253276183,589.0,0.2507036875,589,50000,0,synth_static_204-2b284585bfe2abc620c8bf8246ef087d,0.25,46,-0.004787712499999985,0.01405566250000001,
synth_static_204,80000000,0.1,4,46,disabled,TINYLFU,,612590.2519927947,,0.245915975,0,50000,0,synth_static_204-c4cf88134cec1b057b733aa8c1eeb8f0,,46,0.0,0.018843374999999996,
synth_static_204,80000000,0.1,4,46,tail-age,TINYLFU,,507196.7846637393,710.0,0.2518233625,710,50000,0,synth_static_204-f63d38f9dabb3bc75cde4df805e2fdf8,0.05,46,-0.005907387499999972,0.012935987500000024,
synth_static_204,80000000,0.1,4,46,hits,TINYLFU,,587238.3949712609,17.0,0.2197527875,17,50000,0,synth_static_204-28f5337a5d10c8cc8346e2db93309152,0.1,46,0.026163187500000018,0.045006562500000014,
synth_static_204,80000000,0.1,4,46,marginal-hits,TINYLFU,,576733.8276955866,1591.0,0.244193725,1591,50000,0,synth_static_204-7712745d73f8c55b731deab3d1d25a55,,46,0.0017222500000000085,0.020565625000000004,
synth_static_204,80000000,0.1,4,46,tail-age,TINYLFU,,550211.245031456,703.0,0.2518245625,703,50000,0,synth_static_204-d63277a4324be872e6bdc136714df055,0.02,46,-0.0059085875000000065,0.012934787499999989,
synth_static_204,80000000,0.1,4,46,marginal-hits-tuned,TINYLFU,,532728.4049544084,342.0,0.2260864,342,50000,0,synth_static_204-b6e8f6d438aa822b7050fe54ef1ed66d,,46,0.019829575000000016,0.03867295000000001,0.018107325000000007
synth_static_204,80000000,0.1,4,46,tail-age,TINYLFU,,570438.73669597,675.0,0.2510212375,675,50000,0,synth_static_204-4f90a31cbcd115770663add2b898b936,0.1,46,-0.005105262499999985,0.01373811250000001,
synth_static_204,80000000,0.2,4,91,tail-age,LRU,,718148.9359892325,,0.19443205,0,50000,0,synth_static_204-48533f8988d7c0744e2ad5d115995400,0.25,91,0.0,0.0,
synth_static_204,80000000,0.2,4,91,tail-age,LRU,,597711.1618958768,,0.19443205,0,50000,0,synth_static_204-b289921cf4d7ab9a9d0466285d5e4b9d,0.05,91,0.0,0.0,
synth_static_204,80000000,0.2,4,91,marginal-hits,LRU,,658962.9695081541,1578.0,0.1915586875,1578,50000,0,synth_static_204-b9957c1c74b2862f906c43cff83c5723,,91,0.002873362500000004,0.002873362500000004,
synth_static_204,80000000,0.2,4,91,tail-age,LRU,,645816.7590213936,,0.19443205,0,50000,0,synth_static_204-9e85e79c890bacfb87a53b0398bf6081,0.1,91,0.0,0.0,
synth_static_204,80000000,0.2,4,91,tail-age,LRU,,771600.6781398284,,0.19443205,0,50000,0,synth_static_204-3c0b0b011e38983a49bb5d5b395136ee,0.02,91,0.0,0.0,
synth_static_204,80000000,0.2,4,91,disabled,LRU,,602928.3553159299,,0.19443205,0,50000,0,synth_static_204-39a9d9a24d724f3dc2f069536c428415,,91,0.0,0.0,
synth_static_204,80000000,0.2,4,91,hits,LRU,,620941.0564858118,31.0,0.17783905,31,50000,0,synth_static_204-4ee537d4a57d7c509e36526d6ce9198b,0.1,91,0.016592999999999997,0.016592999999999997,
synth_static_204,80000000,0.2,4,91,marginal-hits-tuned,LRU,,614503.0919238178,191.0,0.1789619875,191,50000,0,synth_static_204-6aa2bca6e826b4dce5cebb1cd9408027,,91,0.015470062499999993,0.015470062499999993,0.012596699999999988
synth_static_204,80000000,0.2,4,91,free-mem,LRU,,684311.1357833518,,0.19443205,0,50000,0,synth_static_204-b8c95ed4eb6d1828a841f3642ee84907,,91,0.0,0.0,
synth_static_204,80000000,0.2,4,91,tail-age,LRU2Q,,532559.8688184711,273.0,0.2053443625,273,50000,0,synth_static_204-5c061c8c229e3d594532f4eeb792e765,0.1,91,-0.023908212499999998,-0.010912312499999993,
synth_static_204,80000000,0.2,4,91,tail-age,LRU2Q,,799758.1720350598,328.0,0.2051314375,328,50000,0,synth_static_204-dcc2b616bc656d8048cd02220f806de8,0.05,91,-0.023695287500000023,-0.010699387500000018,
synth_static_204,80000000,0.2,4,91,tail-age,LRU2Q,,624384.1100991387,2.0,0.1834057625,2,50000,0,synth_static_204-9566b42deb4376e342d7c2153a31ab05,0.25,91,-0.001969612500000023,0.011026287499999982,
synth_static_204,80000000,0.2,4,91,marginal-hits,LRU2Q,cold,732872.4520554923,1578.0,0.186486175,1578,50000,0,synth_static_204-31d0a9ba4496be5a29cd1737c628ec8d,,91,-0.0050500250000000135,0.007945874999999991,
synth_static_204,80000000,0.2,4,91,marginal-hits-tuned,LRU2Q,warm-cold,639108.6316737507,199.0,0.169653,199,50000,0,synth_static_204-d5b058b93f9dddebae2d68b7416afbba,,91,0.011783149999999992,0.024779049999999997,0.016349599999999992
synth_static_204,80000000,0.2,4,91,marginal-hits,LRU2Q,warm-cold,602904.5007024767,1578.0,0.1860026,1578,50000,0,synth_static_204-095ee7fd0d54b8384af5e16ff80975db,,91,-0.00456645,0.008429450000000005,
synth_static_204,80000000,0.2,4,91,tail-age,LRU2Q,,598497.6965246178,364.0,0.20604495,364,50000,0,synth_static_204-e0cb1d6248c320a904edaeab182bb88b,0.02,91,-0.024608800000000014,-0.01161290000000001,
synth_static_204,80000000,0.2,4,91,marginal-hits-tuned,LRU2Q,cold,751447.3464110771,305.0,0.1702983375,305,50000,0,synth_static_204-c25fd9430c5aa0c3a0b26876d070de5b,,91,0.011137812499999983,0.024133712499999987,0.016187837499999996
synth_static_204,80000000,0.2,4,91,hits,LRU2Q,,660833.8688612056,31.0,0.1673025875,31,50000,0,synth_static_204-ca1b81f6f2b3499769954b5ba377d5c5,0.1,91,0.014133562500000002,0.027129462500000007,
synth_static_204,80000000,0.2,4,91,disabled,LRU2Q,,722342.094686667,,0.18143615,0,50000,0,synth_static_204-6de69005d8e3adddb9acde28b497ecf6,,91,0.0,0.012995900000000005,
synth_static_204,80000000,0.2,4,91,free-mem,LRU2Q,,498833.1822340812,,0.18143615,0,50000,0,synth_static_204-0e3325429d5a6656056b8109a809e542,,91,0.0,0.012995900000000005,
synth_static_204,80000000,0.2,4,91,tail-age,TINYLFU,,580448.004007447,503.0,0.1896826,503,50000,0,synth_static_204-5f99f21db80ec62c647511c35feadff8,0.02,91,-0.005579650000000019,0.004749449999999988,
synth_static_204,80000000,0.2,4,91,hits,TINYLFU,,603589.9429297369,31.0,0.162605875,31,50000,0,synth_static_204-7c1c2b845b0e9df5e9737a7e2c96b171,0.1,91,0.021497074999999977,0.031826174999999984,
synth_static_204,80000000,0.2,4,91,marginal-hits-tuned,TINYLFU,,587254.5173126954,165.0,0.1653946875,165,50000,0,synth_static_204-9947900c1a89a9cc56207bc5def20639,,91,0.01870826249999999,0.029037362499999997,0.02046743749999999
synth_static_204,80000000,0.2,4,91,tail-age,TINYLFU,,526419.7476697165,399.0,0.19022415,399,50000,0,synth_static_204-4006e78f24f4b987654ee7533f77b74d,0.25,91,-0.006121200000000021,0.004207899999999987,
synth_static_204,80000000,0.2,4,91,tail-age,TINYLFU,,524695.4157291586,439.0,0.1901090375,439,50000,0,synth_static_204-a7ef54d9a0113b2726792f5a7f739fe2,0.1,91,-0.006006087500000007,0.004323012500000001,
synth_static_204,80000000,0.2,4,91,marginal-hits,TINYLFU,,854501.0562315909,1578.0,0.185862125,1578,50000,0,synth_static_204-c225604a9ca2c9ea5c2ce844524ab5e6,,91,-0.0017591750000000017,0.008569925000000006,
synth_static_204,80000000,0.2,4,91,free-mem,TINYLFU,,699357.4050025098,,0.18410295,0,50000,0,synth_static_204-e13e40c0c750ed64940df97361254210,,91,0.0,0.010329100000000008,
synth_static_204,80000000,0.2,4,91,disabled,TINYLFU,,574162.4283066961,,0.18410295,0,50000,0,synth_static_204-63519cd8c0011468ac3419e1457d2843,,91,0.0,0.010329100000000008,
synth_static_204,80000000,0.2,4,91,tail-age,TINYLFU,,596971.1209509614,443.0,0.1889248,443,50000,0,synth_static_204-a5d72ef244f669892f3b36bbbf3b1497,0.05,91,-0.004821850000000016,0.005507249999999991,
synth_static_204,80000000,0.4,4,182,tail-age,LRU,,683267.8784035168,,0.120867125,0,50000,0,synth_static_204-50d4c3af8c8e7a6f6d2b8080a45fb765,0.25,182,0.0,0.0,
synth_static_204,80000000,0.4,4,182,hits,LRU,,553168.4635054952,49.0,0.1093107625,49,50000,0,synth_static_204-51c01d4980dea133d419d5a5e8ce8969,0.1,182,0.0115563625,0.0115563625,
synth_static_204,80000000,0.4,4,182,tail-age,LRU,,693710.1523445364,,0.120867125,0,50000,0,synth_static_204-72a33b99aa8edfed1d13d38ea3eeb4c9,0.1,182,0.0,0.0,
synth_static_204,80000000,0.4,4,182,tail-age,LRU,,788463.0536890852,,0.120867125,0,50000,0,synth_static_204-0db8ec123aa64685a35d6aa82c5e4e1d,0.05,182,0.0,0.0,
synth_static_204,80000000,0.4,4,182,marginal-hits,LRU,,693442.5794390456,1530.0,0.1227588375,1530,50000,0,synth_static_204-f2ca844f1d037487fcb98b1120fb1c40,,182,-0.0018917124999999896,-0.0018917124999999896,
synth_static_204,80000000,0.4,4,182,tail-age,LRU,,561857.953911989,,0.120867125,0,50000,0,synth_static_204-433c66ae8e0fe855c176d03da7ad9cee,0.02,182,0.0,0.0,
synth_static_204,80000000,0.4,4,182,disabled,LRU,,775405.5929436504,,0.120867125,0,50000,0,synth_static_204-1641355be53a21a25a5b387f414a210a,,182,0.0,0.0,
synth_static_204,80000000,0.4,4,182,free-mem,LRU,,559893.6941438328,,0.120867125,0,50000,0,synth_static_204-a2b65c1395b28eca393d31489d7175d4,,182,0.0,0.0,
synth_static_204,80000000,0.4,4,182,marginal-hits-tuned,LRU,,574454.8739322225,122.0,0.1099017125,122,50000,0,synth_static_204-68bfdbc2d71d43d5441e733a54fcb280,,182,0.010965412500000007,0.010965412500000007,0.012857124999999997
synth_static_204,80000000,0.4,4,182,free-mem,LRU2Q,,617828.4549099007,,0.1154752375,0,50000,0,synth_static_204-87c5045ba3cdf13e0a2c9f1244ade379,,182,0.0,0.005391887500000012,
synth_static_204,80000000,0.4,4,182,marginal-hits-tuned,LRU2Q,cold,678896.3022164241,185.0,0.107161175,185,50000,0,synth_static_204-1df37e707146b268b3b9ad8144107542,,182,0.008314062499999997,0.013705950000000008,0.014031737500000002
synth_static_204,80000000,0.4,4,182,tail-age,LRU2Q,,566059.8556966101,27.0,0.1307319,27,50000,0,synth_static_204-f2cb2352f34516798eed7c933dba568b,0.25,182,-0.015256662500000018,-0.009864775000000006,
synth_static_204,80000000,0.4,4,182,marginal-hits,LRU2Q,warm-cold,590301.9588936429,1531.0,0.1220969625,1531,50000,0,synth_static_204-15f1ed453f89d41b0d0c62b161ea6fcc,,182,-0.006621725000000009,-0.0012298374999999973,
synth_static_204,80000000,0.4,4,182,tail-age,LRU2Q,,587484.0582606122,38.0,0.1334481125,38,50000,0,synth_static_204-d7d4b8aa7329ceba20896241290bc901,0.1,182,-0.017972875,-0.012580987499999988,
synth_static_204,80000000,0.4,4,182,marginal-hits-tuned,LRU2Q,warm-cold,812147.1344014148,259.0,0.108972775,259,50000,0,synth_static_204-6c12db8feda36871dc81042fc7e88117,,182,0.0065024625,0.011894350000000012,0.013124187500000009
synth_static_204,80000000,0.4,4,182,tail-age,LRU2Q,,665558.1096073099,47.0,0.133978525,47,50000,0,synth_static_204-b23db6e233134a6641f8d1ceaff88a8c,0.02,182,-0.018503287499999993,-0.013111399999999981,
synth_static_204,80000000,0.4,4,182,disabled,LRU2Q,,634040.471024403,,0.1154752375,0,50000,0,synth_static_204-804d65c7dd54b5ed4bcd079cdb94b762,,182,0.0,0.005391887500000012,
synth_static_204,80000000,0.4,4,182,marginal-hits,LRU2Q,cold,682901.6112774651,1530.0,0.1211929125,1530,50000,0,synth_static_204-5a644ac9acdf42ce3b9e93118c4ea1a7,,182,-0.005717675000000005,-0.0003257874999999938,
synth_static_204,80000000,0.4,4,182,tail-age,LRU2Q,,567095.3179542972,46.0,0.13374265,46,50000,0,synth_static_204-3c85cb34666978539965628261d02c58,0.05,182,-0.018267412499999997,-0.012875524999999985,
synth_static_204,80000000,0.4,4,182,hits,LRU2Q,,557835.1248100554,49.0,0.105959775,49,50000,0,synth_static_204-e9a6bec6f87ae93086c9204e75ebf4a8,0.1,182,0.009515462499999988,0.01490735,
synth_static_204,80000000,0.4,4,182,free-mem,TINYLFU,,560466.5164289613,,0.11773635,0,50000,0,synth_static_204-35584f3d9e8f47aac5451a68db10bb71,,182,0.0,0.0031307750000000023,
synth_static_204,80000000,0.4,4,182,marginal-hits,TINYLFU,,675583.1399061091,1530.0,0.12218995,1530,50000,0,synth_static_204-204d783ef7fce928f9f1cc0f2ab9bdd2,,182,-0.004453600000000002,-0.0013228249999999997,
synth_static_204,80000000,0.4,4,182,disabled,TINYLFU,,630336.8049340718,,0.11773635,0,50000,0,synth_static_204-86e2bb62c16d8290a11847aad573908d,,182,0.0,0.0031307750000000023,
synth_static_204,80000000,0.4,4,182,tail-age,TINYLFU,,515561.90350039816,214.0,0.1228231875,214,50000,0,synth_static_204-c010cff0b8f46964afec00f5d0e31684,0.25,182,-0.005086837499999997,-0.0019560624999999943,
synth_static_204,80000000,0.4,4,182,tail-age,TINYLFU,,726271.5109973524,219.0,0.1204430375,219,50000,0,synth_static_204-1040e1e4dcc45c70f17b8f66891e7d53,0.02,182,-0.002706687499999999,0.0004240875000000033,
synth_static_204,80000000,0.4,4,182,marginal-hits-tuned,TINYLFU,,652900.0987707669,111.0,0.1044356625,111,50000,0,synth_static_204-0f648b8c94c653fc345d24d627b11c23,,182,0.013300687500000005,0.016431462500000008,0.017754287500000007
synth_static_204,80000000,0.4,4,182,hits,TINYLFU,,686946.1640741079,49.0,0.1049343625,49,50000,0,synth_static_204-352f53bf81fcf440ee7adc93adf4e323,0.1,182,0.0128019875,0.015932762500000003,
synth_static_204,80000000,0.4,4,182,tail-age,TINYLFU,,452837.9069408076,213.0,0.1218033625,213,50000,0,synth_static_204-bb2253ee80f9024726f02c0fd34bcd31,0.1,182,-0.004067012499999995,-0.0009362374999999923,
synth_static_204,80000000,0.4,4,182,tail-age,TINYLFU,,491514.1446116558,222.0,0.1211291875,222,50000,0,synth_static_204-61bb81f780714df9e9025d87250debc9,0.05,182,-0.0033928374999999955,-0.0002620624999999932,
synth_static_204,80000000,0.8,4,364,disabled,LRU,,664522.851649123,,0.046663675,0,50000,0,synth_static_204-70ab8ac2dacb5ca3c00ccfd1ab201f83,,364,0.0,0.0,
synth_static_204,80000000,0.8,4,364,marginal-hits-tuned,LRU,,1047732.8942192048,98.0,0.0453854125,98,50000,0,synth_static_204-93abb15526d47c9028493a2b9ea14254,,364,0.001278262500000002,0.001278262500000002,0.005357662499999999
synth_static_204,80000000,0.8,4,364,hits,LRU,,619208.2279929388,46.0,0.044597825,46,50000,0,synth_static_204-7f6f6d1682db6f3fd86b79084b7f77da,0.1,364,0.002065850000000001,0.002065850000000001,
synth_static_204,80000000,0.8,4,364,tail-age,LRU,,657780.7434554927,,0.046663675,0,50000,0,synth_static_204-60b52fd478dfd5275e686e95b36c95f8,0.25,364,0.0,0.0,
synth_static_204,80000000,0.8,4,364,tail-age,LRU,,661393.0633893796,,0.046663675,0,50000,0,synth_static_204-490135445dd2aa7c18e2a23f1927778d,0.05,364,0.0,0.0,
synth_static_204,80000000,0.8,4,364,tail-age,LRU,,631251.8139717717,,0.046663675,0,50000,0,synth_static_204-aeb91d6abefb9bfcfbf1281ca8e3e27a,0.02,364,0.0,0.0,
synth_static_204,80000000,0.8,4,364,marginal-hits,LRU,,756511.0871990867,1093.0,0.050743075,1093,50000,0,synth_static_204-91e36e96e6bde22cd608418a5aaaa851,,364,-0.004079399999999997,-0.004079399999999997,
synth_static_204,80000000,0.8,4,364,tail-age,LRU,,705310.6734358723,,0.046663675,0,50000,0,synth_static_204-b5653f0c83e1d94294c838a2915fde77,0.1,364,0.0,0.0,
synth_static_204,80000000,0.8,4,364,free-mem,LRU,,538025.0828283447,,0.046663675,0,50000,0,synth_static_204-9481dd909925cc9bdef4998ca3e17a2c,,364,0.0,0.0,
synth_static_204,80000000,0.8,4,364,marginal-hits-tuned,LRU2Q,warm-cold,820590.5627493402,76.0,0.0451603125,76,50000,0,synth_static_204-4babb679ccf69c7dd415145cf5b813c8,,364,0.0011802750000000015,0.0015033625000000009,0.005305224999999997
synth_static_204,80000000,0.8,4,364,hits,LRU2Q,,625273.0498775329,46.0,0.044752575,46,50000,0,synth_static_204-dde7aa39a807d76a3cf45e5d2984de68,0.1,364,0.0015880124999999995,0.001911099999999999,
synth_static_204,80000000,0.8,4,364,free-mem,LRU2Q,,489546.62105259177,,0.0463405875,0,50000,0,synth_static_204-8b5a839c92971df16c9d334353bf3281,,364,0.0,0.0003230874999999994,
synth_static_204,80000000,0.8,4,364,marginal-hits,LRU2Q,cold,597056.991371002,1096.0,0.0505534375,1096,50000,0,synth_static_204-27425db107d5a4290b3f96897509abd3,,364,-0.004212849999999997,-0.0038897624999999977,
synth_static_204,80000000,0.8,4,364,tail-age,LRU2Q,,475395.76987239055,28.0,0.0512832625,28,50000,0,synth_static_204-891f4de0f383bd233bf77090ee298e90,0.25,364,-0.0049426750000000005,-0.004619587500000001,
synth_static_204,80000000,0.8,4,364,marginal-hits-tuned,LRU2Q,cold,1163190.5783001094,97.0,0.0453157,97,50000,0,synth_static_204-8715915d9165fa1756504b6f8c934173,,364,0.0010248875000000018,0.0013479750000000013,0.005237737499999999
synth_static_204,80000000,0.8,4,364,tail-age,LRU2Q,,613673.4137651249,32.0,0.0515423625,32,50000,0,synth_static_204-2c91f9ce1ee6da7d0fa6598d489ba106,0.02,364,-0.005201774999999999,-0.004878687499999999,
synth_static_204,80000000,0.8,4,364,tail-age,LRU2Q,,564557.6253534239,31.0,0.0514814125,31,50000,0,synth_static_204-bbab4d47b5ead582506d92d7753e30fb,0.1,364,-0.005140824999999995,-0.004817737499999995,
synth_static_204,80000000,0.8,4,364,tail-age,LRU2Q,,622581.7922243857,32.0,0.0515400875,32,50000,0,synth_static_204-64f2bfb0a630a1788618b8fca7ca7436,0.05,364,-0.005199499999999996,-0.004876412499999996,
synth_static_204,80000000,0.8,4,364,disabled,LRU2Q,,694676.8011047028,,0.0463405875,0,50000,0,synth_static_204-b70217fe265676a6ae7e0cdffa601a98,,364,0.0,0.0003230874999999994,
synth_static_204,80000000,0.8,4,364,marginal-hits,LRU2Q,warm-cold,700095.1705559335,1060.0,0.0504655375,1060,50000,0,synth_static_204-29f932c4a5b3f90c0c8ab2207b4ec9bf,,364,-0.004124949999999995,-0.003801862499999996,
synth_static_204,80000000,0.8,4,364,tail-age,TINYLFU,,571630.9156946286,41.0,0.04751355,41,50000,0,synth_static_204-41a552dea2debe3d807a9d19253eab81,0.05,364,-0.001154750000000003,-0.0008498749999999999,
synth_static_204,80000000,0.8,4,364,tail-age,TINYLFU,,703495.4520920614,60.0,0.047801375,60,50000,0,synth_static_204-baeffdbdd19221f9beb7bf19e31c52de,0.02,364,-0.0014425750000000015,-0.0011376999999999984,
synth_static_204,80000000,0.8,4,364,tail-age,TINYLFU,,702157.5635691027,47.0,0.0485098,47,50000,0,synth_static_204-9a664c07ebbe23eefc667d90ba413b16,0.25,364,-0.002151,-0.001846124999999997,
synth_static_204,80000000,0.8,4,364,free-mem,TINYLFU,,664743.8112189539,,0.0463588,0,50000,0,synth_static_204-ad48427ac065faa611b384391ba5b6ba,,364,0.0,0.00030487500000000306,
synth_static_204,80000000,0.8,4,364,disabled,TINYLFU,,810347.6860179864,,0.0463588,0,50000,0,synth_static_204-0606befae2334ebbef3e22e669938671,,364,0.0,0.00030487500000000306,
synth_static_204,80000000,0.8,4,364,marginal-hits,TINYLFU,,694654.617897428,1089.0,0.0505778875,1089,50000,0,synth_static_204-f1f11ec5923eceda05659c6e78f74131,,364,-0.004219087500000003,-0.0039142125,
synth_static_204,80000000,0.8,4,364,tail-age,TINYLFU,,518270.1152451411,51.0,0.04792575,51,50000,0,synth_static_204-7b421e5dbd3a28386e4fe4414b56151c,0.1,364,-0.0015669500000000045,-0.0012620750000000014,
synth_static_204,80000000,0.8,4,364,marginal-hits-tuned,TINYLFU,,573094.3820689559,107.0,0.0453707875,107,50000,0,synth_static_204-2fd65e0d27e1d88650967839f042122e,,364,0.0009880124999999962,0.0012928874999999992,0.005207099999999999
synth_static_204,80000000,0.8,4,364,hits,TINYLFU,,671296.8673692795,46.0,0.044623375,46,50000,0,synth_static_204-11ff0fb6c017c7517980ea963b18bc6a,0.1,364,0.0017354249999999988,0.002040300000000002,
