trace_name,number_of_requests,wsr,slab_size,slab_cnt,rebalance_strategy,allocator,tag,throughput,rebalanced_slabs,miss_ratio,n_rebalanced_slabs,monitor_interval,n_alloc_failures,uuid,miss_ratio_reduction_from_disabled,miss_ratio_reduction_from_lru_disabled,tuned_improvement
meta_202210_kv,1482478166,0.005,4,110,tail-age,LRU,,519270.5120180246,1324.0,0.1197197220643585,1324,50000,0,meta_202210_kv_traces_all_sort-9b4c65032bcaf405b9d1d7c05ad0da94,0.003873449964861095,0.003873449964861095,
meta_202210_kv,1482478166,0.005,4,110,marginal-hits-tuned,LRU,,940876.1289342006,192.0,0.0749625630574042,192,50000,0,meta_202210_kv_traces_all_sort-2386fb3819c3c5d4cc4d5c508b59eba8,0.0486306089718154,0.0486306089718154,0.007538550149547393
meta_202210_kv,1482478166,0.005,4,110,free-mem,LRU,,970120.3639169834,,0.1235931720292196,0,50000,0,meta_202210_kv_traces_all_sort-b9968263cc7dadd25f69ed61da286861,0.0,0.0,
meta_202210_kv,1482478166,0.005,4,110,marginal-hits,LRU,,912318.1893006226,29614.0,0.0825011132069516,29614,50000,0,meta_202210_kv_traces_all_sort-d79f639bd2db3f008412648da39c50be,0.041092058822268004,0.041092058822268004,
meta_202210_kv,1482478166,0.005,4,110,hits,LRU,,839784.024786701,6473.0,0.0784528228930421,6473,50000,0,meta_202210_kv_traces_all_sort-392d22a226b2d6ec4e47c55450266d48,0.045140349136177496,0.045140349136177496,
meta_202210_kv,1482478166,0.005,4,110,disabled,LRU,,862579.7292363207,,0.1235931720292196,0,50000,0,meta_202210_kv_traces_all_sort-9149f93fb14014b0cd8aed1203e2177f,0.0,0.0,
meta_202210_kv,1482478166,0.005,4,110,lama,LRU,,11140.37153211536,1467.0,0.0796943521392813,1274,1000000,279824,meta_202210_kv-b2a60eebe41cb747eedc2e6f9bd507e5,0.043898819889938295,0.043898819889938295,
meta_202210_kv,1482478166,0.005,4,110,free-mem,LRU2Q,,871434.5313074492,,0.1153533616359514,0,50000,0,meta_202210_kv_traces_all_sort-3e8cf05a5d187682f8a1b10375aa4d50,0.0,0.008239810393268196,
meta_202210_kv,1482478166,0.005,4,110,hits,LRU2Q,,868429.9618300435,8590.0,0.080832695380149,8590,50000,0,meta_202210_kv_traces_all_sort-33ec95b8938ddf7b6ee21b4ef9e11606,0.0345206662558024,0.042760476649070595,
meta_202210_kv,1482478166,0.005,4,110,marginal-hits-tuned,LRU2Q,cold,925699.7454092916,258.0,0.0657130952982952,258,50000,0,meta_202210_kv_traces_all_sort-c171ebe91c18b3f55a67fc65c0afbec0,0.04964026633765621,0.05788007673092441,0.02362543665280531
meta_202210_kv,1482478166,0.005,4,110,tail-age,LRU2Q,,447902.14239722624,5923.0,0.1148458007036846,5923,50000,0,meta_202210_kv_traces_all_sort-b9e231763efb6fe2efc6ade71413e75d,0.0005075609322668095,0.008747371325535006,
meta_202210_kv,1482478166,0.005,4,110,disabled,LRU2Q,,922816.0544955694,,0.1153533616359514,0,50000,0,meta_202210_kv_traces_all_sort-7474d82f7bb7a15191f0fe40ed984523,0.0,0.008239810393268196,
meta_202210_kv,1482478166,0.005,4,110,marginal-hits,LRU2Q,cold,938734.8047041626,29137.0,0.0893385319511005,29137,50000,0,meta_202210_kv_traces_all_sort-6f2a94ef587317f13bc00dd49e365c6b,0.0260148296848509,0.0342546400781191,
meta_202210_kv,1482478166,0.005,4,110,tail-age,TINYLFU,,473856.5973970403,18329.0,0.1277507421987893,18329,50000,0,meta_202210_kv_traces_all_sort-febeb984acbe27a66293fec291bcf8d0,-0.004872736183016396,-0.004157570169569691,
meta_202210_kv,1482478166,0.005,4,110,free-mem,TINYLFU,,739021.3767389127,,0.1228780060157729,0,50000,0,meta_202210_kv_traces_all_sort-e63b0140236ee68687e3e54a1f4a35c8,0.0,0.0007151660134467053,
meta_202210_kv,1482478166,0.005,4,110,marginal-hits-tuned,TINYLFU,,741971.1915974069,210.0,0.0738486781868732,210,50000,0,meta_202210_kv_traces_all_sort-8e908a4dbbb3c6396ab4cdcfe110a25f,0.049029327828899696,0.0497444938423464,0.0083075064998967
meta_202210_kv,1482478166,0.005,4,110,hits,TINYLFU,,781886.4041241913,8326.0,0.0808936399539526,8326,50000,0,meta_202210_kv_traces_all_sort-6acae5bf3358e6aa5513258d12407a9d,0.041984366061820294,0.042699532075267,
meta_202210_kv,1482478166,0.005,4,110,marginal-hits,TINYLFU,,771740.1582170057,29614.0,0.0821561846867699,29614,50000,0,meta_202210_kv_traces_all_sort-ee0fe7a03b573d28e5671ea44279542f,0.040721821329003,0.0414369873424497,
meta_202210_kv,1482478166,0.005,4,110,disabled,TINYLFU,,726607.0562055012,,0.1228780060157729,0,50000,0,meta_202210_kv_traces_all_sort-fc2377295bf5bd4b20568422178aac0d,0.0,0.0007151660134467053,
meta_202210_kv,1482478166,0.01,4,220,marginal-hits,LRU,,140974.32258616315,29559.0,0.0649507474769783,29559,50000,0,meta_202210_kv_traces_all_sort-07d3209dfb129b017c3401c0f2d0ce8f,0.034999488822151106,0.034999488822151106,
meta_202210_kv,1482478166,0.01,4,220,marginal-hits-tuned,LRU,,119743.98664654569,351.0,0.0586760898035377,351,50000,0,meta_202210_kv_traces_all_sort-99fa3cec33d93219104cae58788f0e4b,0.0412741464955917,0.0412741464955917,0.006274657673440591
meta_202210_kv,1482478166,0.01,4,220,tail-age,LRU,,216958.11838715555,920.0,0.0959464248865031,920,50000,0,meta_202210_kv_traces_all_sort-359b03d2cfc3864533e3a8fd2d12c9fe,0.004003811412626304,0.004003811412626304,
meta_202210_kv,1482478166,0.01,4,220,disabled,LRU,,151496.90224490006,,0.0999502362991294,0,50000,0,meta_202210_kv_traces_all_sort-b706cf768ee0e0f95e702bdd7ab73575,0.0,0.0,
meta_202210_kv,1482478166,0.01,4,220,hits,LRU,,119752.93064748732,12139.0,0.0629873175481223,12139,50000,0,meta_202210_kv_traces_all_sort-05deabe2f5bca657d8a146e61b9ef4b8,0.0369629187510071,0.0369629187510071,
meta_202210_kv,1482478166,0.01,4,220,free-mem,LRU,,119777.4009493651,,0.0999502362991294,0,50000,0,meta_202210_kv_traces_all_sort-8e7dee31498af5ed541e27afd422ebd9,0.0,0.0,
meta_202210_kv,1482478166,0.01,4,220,lama,LRU,,15565.62639498026,441.0,0.0738335447430798,53,1000000,0,meta_202210_kv-9559b6e1093f32d5294b697078a0f776,0.026116691556049607,0.026116691556049607,
meta_202210_kv,1482478166,0.01,4,220,disabled,LRU2Q,,123288.58249475987,,0.0936944375880946,0,50000,0,meta_202210_kv_traces_all_sort-ff1e2b07b2b66cf7c2415f8b2528405c,0.0,0.0062557987110347935,
meta_202210_kv,1482478166,0.01,4,220,free-mem,LRU2Q,,152190.0764730133,,0.0936944375880946,0,50000,0,meta_202210_kv_traces_all_sort-faab47b38e75c38f1e59d6b074dd8dec,0.0,0.0062557987110347935,
meta_202210_kv,1482478166,0.01,4,220,tail-age,LRU2Q,,121492.40963920232,2674.0,0.0925136680900027,2674,50000,0,meta_202210_kv_traces_all_sort-45949264291e50978befe544aeb5a03b,0.0011807694980919131,0.007436568209126707,
meta_202210_kv,1482478166,0.01,4,220,marginal-hits,LRU2Q,cold,230556.8717936852,29546.0,0.066509173127343,29546,50000,0,meta_202210_kv_traces_all_sort-494ca9315b26e6b278f469a1de2e3ab1,0.027185264460751604,0.0334410631717864,
meta_202210_kv,1482478166,0.01,4,220,marginal-hits-tuned,LRU2Q,cold,131286.4200591529,448.0,0.0516000469716192,448,50000,0,meta_202210_kv_traces_all_sort-8f1d27bbabcf3add64a2b75c30468f21,0.04209439061647541,0.0483501893275102,0.014909126155723804
meta_202210_kv,1482478166,0.01,4,220,hits,LRU2Q,,210177.9346541847,11348.0,0.0627589560061014,11348,50000,0,meta_202210_kv_traces_all_sort-2c6559cb2aa4b92fcc2130023b79b052,0.030935481581993204,0.037191280293028,
meta_202210_kv,1482478166,0.01,4,220,disabled,TINYLFU,,152162.33245381556,,0.1000781430733058,0,50000,0,meta_202210_kv_traces_all_sort-ee17613eebf86b94baa214b29566ce70,0.0,-0.00012790677417640062,
meta_202210_kv,1482478166,0.01,4,220,free-mem,TINYLFU,,114971.58574214995,,0.1000781430733058,0,50000,0,meta_202210_kv_traces_all_sort-5ae2853f6b5c46d3393150ffefa32a43,0.0,-0.00012790677417640062,
meta_202210_kv,1482478166,0.01,4,220,tail-age,TINYLFU,,230865.19261042244,21636.0,0.1068142746596107,21636,50000,0,meta_202210_kv_traces_all_sort-3fee32fd806941c45b231d3c90e44ddf,-0.0067361315863049,-0.0068640383604813004,
meta_202210_kv,1482478166,0.01,4,220,marginal-hits,TINYLFU,,210645.6341368285,29559.0,0.0651856224370187,29559,50000,0,meta_202210_kv_traces_all_sort-c15babfa5d70ca974b18443300d2fb13,0.0348925206362871,0.0347646138621107,
meta_202210_kv,1482478166,0.01,4,220,marginal-hits-tuned,TINYLFU,,230489.1324440447,358.0,0.0585929054418195,358,50000,0,meta_202210_kv_traces_all_sort-534f0d2f69653fa8838790f0155d0896,0.0414852376314863,0.0413573308573099,0.006592716995199199
meta_202210_kv,1482478166,0.01,4,220,hits,TINYLFU,,230538.29554482023,11872.0,0.0629409465447736,11872,50000,0,meta_202210_kv_traces_all_sort-bfdab30475daf49fd5cfa8ad7624f9a1,0.0371371965285322,0.0370092897543558,
meta_202210_kv,1482478166,0.02,4,439,marginal-hits,LRU,,770901.1499984124,29425.0,0.0483835011166026,29425,50000,0,meta_202210_kv_traces_all_sort-1c7324e6db089ec64450d2e7e2c557a0,0.033004833475571,0.033004833475571,
meta_202210_kv,1482478166,0.02,4,439,free-mem,LRU,,834332.8673560211,,0.0813883345921736,0,50000,0,meta_202210_kv_traces_all_sort-77706b549bdc2e684e91e7c25e7b1215,0.0,0.0,
meta_202210_kv,1482478166,0.02,4,439,disabled,LRU,,763521.8130938106,,0.0813883345921736,0,50000,0,meta_202210_kv_traces_all_sort-142d8caaf8825433154d1a251dc3d3b9,0.0,0.0,
meta_202210_kv,1482478166,0.02,4,439,tail-age,LRU,,523145.2585590053,1336.0,0.0786765887518642,1336,50000,0,meta_202210_kv_traces_all_sort-c507a816e6370ed6de46823c72889da0,0.002711745840309393,0.002711745840309393,
meta_202210_kv,1482478166,0.02,4,439,hits,LRU,,699599.389929536,8766.0,0.0466710226071552,8766,50000,0,meta_202210_kv_traces_all_sort-7d08b42fa1162438add537a6d0e0f673,0.034717311985018394,0.034717311985018394,
meta_202210_kv,1482478166,0.02,4,439,marginal-hits-tuned,LRU,,641346.5670979472,606.0,0.0427390847657178,606,50000,0,meta_202210_kv_traces_all_sort-b552ca39b9fa5c5735f8450ff7df6369,0.038649249826455796,0.038649249826455796,0.0056444163508848
meta_202210_kv,1482478166,0.02,4,439,lama,LRU,,15842.198345154582,922.0,0.0708804678611367,27,1000000,0,meta_202210_kv-33fdb8d282fd324dba8f7a076de16707,0.010507866731036888,0.010507866731036888,
meta_202210_kv,1482478166,0.02,4,439,marginal-hits,LRU2Q,cold,751349.2771135122,29425.0,0.0535137392370876,29425,50000,0,meta_202210_kv_traces_all_sort-94ede715b78281524de8ef1139b5023a,0.02345969795551111,0.027874595355085997,
meta_202210_kv,1482478166,0.02,4,439,tail-age,LRU2Q,,294486.9717940845,494.0,0.0694610513407048,494,50000,0,meta_202210_kv_traces_all_sort-fa57fbd52bde7727ea8d47459486af4c,0.007512385851893913,0.011927283251468801,
meta_202210_kv,1482478166,0.02,4,439,disabled,LRU2Q,,933943.5932629585,,0.0769734371925987,0,50000,0,meta_202210_kv_traces_all_sort-624abebcd4885e651935080d1235c41f,0.0,0.004414897399574888,
meta_202210_kv,1482478166,0.02,4,439,free-mem,LRU2Q,,978750.4320100894,,0.0769734371925987,0,50000,0,meta_202210_kv_traces_all_sort-2b3e4e9173317cd94f41b6140a6aa558,0.0,0.004414897399574888,
meta_202210_kv,1482478166,0.02,4,439,marginal-hits-tuned,LRU2Q,cold,730275.3048383992,705.0,0.0398865031243907,705,50000,0,meta_202210_kv_traces_all_sort-53455503248fb39e4b3da553c1bce1aa,0.037086934068208004,0.04150183146778289,0.013627236112696894
meta_202210_kv,1482478166,0.02,4,439,hits,LRU2Q,,710818.7224304313,8804.0,0.046407675052396,8804,50000,0,meta_202210_kv_traces_all_sort-bc00a01ce46fad2ec170fe2214a7f542,0.030565762140202707,0.034980659539777595,
meta_202210_kv,1482478166,0.02,4,439,tail-age,TINYLFU,,502671.6868594391,20293.0,0.0884661764387833,20293,50000,0,meta_202210_kv_traces_all_sort-b2835c0ece9d38a6ab3b757263989754,-0.006877686453562196,-0.0070778418466097,
meta_202210_kv,1482478166,0.02,4,439,marginal-hits-tuned,TINYLFU,,600044.3983104837,595.0,0.0451121625490435,595,50000,0,meta_202210_kv_traces_all_sort-0664b0cfc356a629527eb2332f5a0f3a,0.0364763274361776,0.03627617204313009,0.0031890972214157
meta_202210_kv,1482478166,0.02,4,439,free-mem,TINYLFU,,730246.6300549828,,0.0815884899852211,0,50000,0,meta_202210_kv_traces_all_sort-05faa5de787d45c0492bf3b858c508c7,0.0,-0.00020015539304750474,
meta_202210_kv,1482478166,0.02,4,439,disabled,TINYLFU,,764325.232681823,,0.0815884899852211,0,50000,0,meta_202210_kv_traces_all_sort-c6013d66cad29e241bd7d8332c21351f,0.0,-0.00020015539304750474,
meta_202210_kv,1482478166,0.02,4,439,hits,TINYLFU,,664258.6584355028,8839.0,0.0466380892384758,8839,50000,0,meta_202210_kv_traces_all_sort-5d2ee12635ce862d0c320290ea8f28a8,0.0349504007467453,0.03475024535369779,
meta_202210_kv,1482478166,0.02,4,439,marginal-hits,TINYLFU,,538957.7960015676,29425.0,0.0483012597704592,29425,50000,0,meta_202210_kv_traces_all_sort-06a41470731d74f1903370f508a413f0,0.0332872302147619,0.03308707482171439,
meta_202210_kv,1482478166,0.05,4,1097,marginal-hits,LRU,,611197.2855110243,28909.0,0.0416092421559482,28909,50000,0,meta_202210_kv_traces_all_sort-b3f8c578ee2c943f1da95090ab0f8f2f,0.021199541228184196,0.021199541228184196,
meta_202210_kv,1482478166,0.05,4,1097,free-mem,LRU,,815257.8835257308,,0.0628087833841324,0,50000,0,meta_202210_kv_traces_all_sort-efa549d4077dfc2ba768bb50750d898c,0.0,0.0,
meta_202210_kv,1482478166,0.05,4,1097,disabled,LRU,,876307.2019308907,,0.0628087833841324,0,50000,0,meta_202210_kv_traces_all_sort-c5c213fcb227e419b421571839a27061,0.0,0.0,
meta_202210_kv,1482478166,0.05,4,1097,marginal-hits-tuned,LRU,,588836.5504115445,1021.0,0.0341899247911081,1021,50000,0,meta_202210_kv_traces_all_sort-7b24ffcbcdca6780a9a152e63d9a7e12,0.0286188585930243,0.0286188585930243,0.007419317364840104
meta_202210_kv,1482478166,0.05,4,1097,tail-age,LRU,,489782.0608049637,3676.0,0.0625194725464847,3676,50000,0,meta_202210_kv_traces_all_sort-de6acf439efda732bb0570f34f9bd438,0.00028931083764770216,0.00028931083764770216,
meta_202210_kv,1482478166,0.05,4,1097,hits,LRU,,591437.9471485597,2420.0,0.0345832661659584,2420,50000,0,meta_202210_kv_traces_all_sort-a6343791291fa067baa640ebf31987b2,0.028225517218174,0.028225517218174,
meta_202210_kv,1482478166,0.05,4,1097,lama,LRU,,15781.96885469664,,0.0628087833841324,0,1000000,0,meta_202210_kv-bc733591ec01876e836468df175144be,0.0,0.0,
meta_202210_kv,1482478166,0.05,4,1097,tail-age,LRU2Q,,287274.0541288026,1114.0,0.0556628143958782,1114,50000,0,meta_202210_kv_traces_all_sort-9632f3c06fc5ebc0925df46d23737fca,0.0035270725194612995,0.007145968988254196,
meta_202210_kv,1482478166,0.05,4,1097,marginal-hits,LRU2Q,cold,736064.1865617599,28909.0,0.0458560750229626,28909,50000,0,meta_202210_kv_traces_all_sort-f1e633a417603fdac588484c2c9b06f8,0.013333811892376903,0.0169527083611698,
meta_202210_kv,1482478166,0.05,4,1097,marginal-hits-tuned,LRU2Q,cold,642651.120952605,905.0,0.0339414772871602,905,50000,0,meta_202210_kv_traces_all_sort-5ced6bb26e334ab0734d6fdfb16d33bb,0.0252484096281793,0.028867306096972196,0.011914597735802397
meta_202210_kv,1482478166,0.05,4,1097,hits,LRU2Q,,614245.03455738,2354.0,0.0344651693170366,2354,50000,0,meta_202210_kv_traces_all_sort-ff05fb0899abeaca817e7ed06dd584fd,0.0247247175983029,0.028343614067095797,
meta_202210_kv,1482478166,0.05,4,1097,disabled,LRU2Q,,880822.5137135542,,0.0591898869153395,0,50000,0,meta_202210_kv_traces_all_sort-6036fd10212b0fa5870c9fab6b9a2d3a,0.0,0.0036188964687928968,
meta_202210_kv,1482478166,0.05,4,1097,free-mem,LRU2Q,,724864.0957906152,,0.0591898869153395,0,50000,0,meta_202210_kv_traces_all_sort-0c27800c046657719baeaab243b3051c,0.0,0.0036188964687928968,
meta_202210_kv,1482478166,0.05,4,1097,tail-age,TINYLFU,,512287.9538654707,17517.0,0.0700939510497991,17517,50000,0,meta_202210_kv_traces_all_sort-7a1e58da60fb6df830d72d62e6c18d0f,-0.007331131917662298,-0.0072851676656666975,
meta_202210_kv,1482478166,0.05,4,1097,free-mem,TINYLFU,,759891.1979732175,,0.0627628191321368,0,50000,0,meta_202210_kv_traces_all_sort-02e66427c3095c6ff9507a7d44234c56,0.0,4.59642519956005e-05,
meta_202210_kv,1482478166,0.05,4,1097,marginal-hits-tuned,TINYLFU,,515784.1432650738,1039.0,0.034222107389877,1039,50000,0,meta_202210_kv_traces_all_sort-4881fed96b4936ae35a2580f0fe2aaa8,0.0285407117422598,0.0285866759942554,0.007414700096163199
meta_202210_kv,1482478166,0.05,4,1097,marginal-hits,TINYLFU,,610061.5650320767,28909.0,0.0416368074860402,28909,50000,0,meta_202210_kv_traces_all_sort-1eb7918fd460286d06c3639ab611a365,0.0211260116460966,0.0211719758980922,
meta_202210_kv,1482478166,0.05,4,1097,hits,TINYLFU,,530628.0435286226,2392.0,0.0346300634824998,2392,50000,0,meta_202210_kv_traces_all_sort-a57b69dda29c1d37870e88dd5a7edd6f,0.028132755649637,0.0281787199016326,
meta_202210_kv,1482478166,0.05,4,1097,disabled,TINYLFU,,697964.403913536,,0.0627628191321368,0,50000,0,meta_202210_kv_traces_all_sort-99e4f9aca9733db43abd4ea48ddda9ae,0.0,4.59642519956005e-05,
meta_202210_kv,1482478166,0.1,4,2193,hits,LRU,,210323.32627569104,1774.0,0.0328960629022849,1774,50000,0,meta_202210_kv_traces_all_sort-c6efa2d473a19229f6318024e5884cdb,0.020215857937971093,0.020215857937971093,
meta_202210_kv,1482478166,0.1,4,2193,marginal-hits-tuned,LRU,,134626.0558069163,940.0,0.0332733116286584,940,50000,0,meta_202210_kv_traces_all_sort-5123d7559d49bddaaad8a2ac298ab9f2,0.019838609211597594,0.019838609211597594,0.0077422718683062
meta_202210_kv,1482478166,0.1,4,2193,free-mem,LRU,,218147.0514826728,,0.053111920840256,0,50000,0,meta_202210_kv_traces_all_sort-c5017e9551263f77441060a8e08e0d59,0.0,0.0,
meta_202210_kv,1482478166,0.1,4,2193,marginal-hits,LRU,,218198.0009836254,27941.0,0.0410155834969646,27941,50000,0,meta_202210_kv_traces_all_sort-51116b22f1559ea3492452029f278dd1,0.012096337343291394,0.012096337343291394,
meta_202210_kv,1482478166,0.1,4,2193,disabled,LRU,,151486.64352251642,,0.053111920840256,0,50000,0,meta_202210_kv_traces_all_sort-2d208cf20223cbc2ff8bb062f032a44f,0.0,0.0,
meta_202210_kv,1482478166,0.1,4,2193,tail-age,LRU,,211048.62043101416,7360.0,0.0535544123487617,7360,50000,0,meta_202210_kv_traces_all_sort-b9948ea896309aeef1cf3029edc106c6,-0.000442491508505706,-0.000442491508505706,
meta_202210_kv,1482478166,0.1,4,2193,lama,LRU,,16233.237399964735,,0.053111920840256,0,1000000,0,meta_202210_kv-25656eccfdac183fee9c022ccb13ddbc,0.0,0.0,
meta_202210_kv,1482478166,0.1,4,2193,free-mem,LRU2Q,,210325.5239354309,,0.0494358626526982,0,50000,0,meta_202210_kv_traces_all_sort-af019cf084a41c31f8b5f2c8511b123b,0.0,0.0036760581875577986,
meta_202210_kv,1482478166,0.1,4,2193,marginal-hits,LRU2Q,cold,230918.1413547333,27941.0,0.0424508538765217,27941,50000,0,meta_202210_kv_traces_all_sort-0379e96b1f8f9dcb174ee960012b7fd8,0.006985008776176499,0.010661066963734298,
meta_202210_kv,1482478166,0.1,4,2193,marginal-hits-tuned,LRU2Q,cold,217492.61756511428,866.0,0.033137003381674,866,50000,0,meta_202210_kv_traces_all_sort-ec72480d4e195b616f2a39ce93dfb161,0.016298859271024195,0.019974917458581994,0.009313850494847696
meta_202210_kv,1482478166,0.1,4,2193,disabled,LRU2Q,,151480.93373598368,,0.0494358626526982,0,50000,0,meta_202210_kv_traces_all_sort-a09c84f92e10ae2a63a1f453688aae99,0.0,0.0036760581875577986,
meta_202210_kv,1482478166,0.1,4,2193,hits,LRU2Q,,230874.33600826125,1765.0,0.0328066578755939,1765,50000,0,meta_202210_kv_traces_all_sort-54b9266ed5c319f25ed62e5488d4a0fd,0.0166292047771043,0.020305262964662098,
meta_202210_kv,1482478166,0.1,4,2193,tail-age,LRU2Q,,217530.6733971344,939.0,0.0459213218523718,939,50000,0,meta_202210_kv_traces_all_sort-776d0746270a8505c5503012842c4c41,0.003514540800326399,0.0071905989878841975,
meta_202210_kv,1482478166,0.1,4,2193,hits,TINYLFU,,114849.43662811768,1761.0,0.0328783479702189,1761,50000,0,meta_202210_kv_traces_all_sort-4b5846f924b55bfaecfdcbc25f55df0a,0.019896415121974896,0.020233572870037096,
meta_202210_kv,1482478166,0.1,4,2193,disabled,TINYLFU,,119799.4742902933,,0.0527747630921938,0,50000,0,meta_202210_kv_traces_all_sort-ee1dd211c1846e201f1e9c53cc47017d,0.0,0.0003371577480622001,
meta_202210_kv,1482478166,0.1,4,2193,free-mem,TINYLFU,,148227.08377020704,,0.0527747630921938,0,50000,0,meta_202210_kv_traces_all_sort-09eae95636b1c8be2df9a599e7670dd5,0.0,0.0003371577480622001,
meta_202210_kv,1482478166,0.1,4,2193,marginal-hits,TINYLFU,,152171.27487807104,27941.0,0.0422763636169465,27941,50000,0,meta_202210_kv_traces_all_sort-f08050212fdeda25638e3028a132cfde,0.010498399475247298,0.010835557223309498,
meta_202210_kv,1482478166,0.1,4,2193,marginal-hits-tuned,TINYLFU,,230414.37297928144,942.0,0.0332446940065085,942,50000,0,meta_202210_kv_traces_all_sort-adbec1784eacf0ccf65bb48d48858454,0.019530069085685296,0.019867226833747496,0.009031669610437998
meta_202210_kv,1482478166,0.1,4,2193,tail-age,TINYLFU,,217488.52674846424,15312.0,0.0580367785328988,15312,50000,0,meta_202210_kv_traces_all_sort-1d09c07446f7826c315a68c6d7956af4,-0.005262015440705002,-0.004924857692642802,
meta_202401_kv,1191241025,0.005,4,59,hits,LRU,,754132.0953464193,1071.0,0.1421844458387419,1071,50000,0,meta_202401_kv_traces_all_sort-78d409cd07106c6110d141751cc0f454,0.0466126911638223,0.0466126911638223,
meta_202401_kv,1191241025,0.005,4,59,tail-age,LRU,,544406.1841471998,1398.0,0.1887419080450155,1398,50000,0,meta_202401_kv_traces_all_sort-1e0879cf6411d24e2e1de1adc52faf46,5.52289575486975e-05,5.52289575486975e-05,
meta_202401_kv,1191241025,0.005,4,59,disabled,LRU,,710302.8109326032,,0.1887971370025642,0,50000,0,meta_202401_kv_traces_all_sort-899069cf2017bc71e33027061817b53b,0.0,0.0,
meta_202401_kv,1191241025,0.005,4,59,free-mem,LRU,,800432.9564868438,,0.1887971370025642,0,50000,0,meta_202401_kv_traces_all_sort-e5ebd3e38bd60efb7874f9068212217b,0.0,0.0,
meta_202401_kv,1191241025,0.005,4,59,marginal-hits,LRU,,783131.2436553463,23812.0,0.1753068997938515,23812,50000,0,meta_202401_kv_traces_all_sort-01ef657871ef6874a04594c7733a5a7e,0.013490237208712702,0.013490237208712702,
meta_202401_kv,1191241025,0.005,4,59,marginal-hits-tuned,LRU,,616015.8540705285,175.0,0.155841743277772,175,50000,0,meta_202401_kv_traces_all_sort-a4bd6ea59c0d9351db926aa99b60839a,0.0329553937247922,0.0329553937247922,0.019465156516079496
meta_202401_kv,1191241025,0.005,4,59,lama,LRU,,9058.343301920797,1235.0,0.1318342406818972,1180,1000000,2722378,meta_202401_kv-458fbba9de7431ef3379090ddc02ec0c,0.056962896320667006,0.056962896320667006,
meta_202401_kv,1191241025,0.005,4,59,disabled,LRU2Q,,813679.4363015494,,0.176443229866097,0,50000,0,meta_202401_kv_traces_all_sort-77815f5d2bfe25bfc708b4bd33e3dc50,0.0,0.012353907136467196,
meta_202401_kv,1191241025,0.005,4,59,hits,LRU2Q,,784201.8168674643,741.0,0.1336600156127094,741,50000,0,meta_202401_kv_traces_all_sort-22622cae7c20cea338d006f9e9f5087c,0.0427832142533876,0.0551371213898548,
meta_202401_kv,1191241025,0.005,4,59,marginal-hits,LRU2Q,cold,739912.0949623035,19483.0,0.1587089875451527,19483,50000,0,meta_202401_kv_traces_all_sort-bcdc98032b9b17c1163f566533350f1c,0.01773424232094431,0.030088149457411506,
meta_202401_kv,1191241025,0.005,4,59,tail-age,LRU2Q,,504472.7169638169,17081.0,0.1944498629066271,17081,50000,0,meta_202401_kv_traces_all_sort-bb2835fbf89091280200ed3358142cdb,-0.0180066330405301,-0.005652725904062905,
meta_202401_kv,1191241025,0.005,4,59,free-mem,LRU2Q,,766652.0160471584,,0.176443229866097,0,50000,0,meta_202401_kv_traces_all_sort-912e904c17dcb5918a8a9063aa666d8c,0.0,0.012353907136467196,
meta_202401_kv,1191241025,0.005,4,59,marginal-hits-tuned,LRU2Q,cold,770954.4936643108,92.0,0.1308175236829171,92,50000,0,meta_202401_kv_traces_all_sort-910b43b4ce3a49ae728c8a99312ba2e8,0.045625706183179904,0.0579796133196471,0.027891463862235594
meta_202401_kv,1191241025,0.005,4,59,free-mem,TINYLFU,,663681.6070189648,,0.1845791585292321,0,50000,0,meta_202401_kv_traces_all_sort-d293bc06e096cd45dfe159f42fc4cb85,0.0,0.004217978473332107,
meta_202401_kv,1191241025,0.005,4,59,marginal-hits-tuned,TINYLFU,,588542.1599795925,211.0,0.1512943511998338,211,50000,0,meta_202401_kv_traces_all_sort-89457e729406643e390c4db3a398aff9,0.033284807329398286,0.03750278580273039,0.019079445320479893
meta_202401_kv,1191241025,0.005,4,59,disabled,TINYLFU,,651411.5248531775,,0.1845791585292321,0,50000,0,meta_202401_kv_traces_all_sort-43353bc2c9114a1cbae0cb9322a45f99,0.0,0.004217978473332107,
meta_202401_kv,1191241025,0.005,4,59,marginal-hits,TINYLFU,,608170.1734331738,23812.0,0.1703737965203137,23812,50000,0,meta_202401_kv_traces_all_sort-7d8bb239e492545f2e6f40c50ca33b79,0.014205362008918393,0.0184233404822505,
meta_202401_kv,1191241025,0.005,4,59,tail-age,TINYLFU,,479321.3498530029,10992.0,0.1905924168452811,10992,50000,0,meta_202401_kv_traces_all_sort-39244663d178dbfc60d2b1a532a30974,-0.006013258316049014,-0.001795279842716907,
meta_202401_kv,1191241025,0.005,4,59,hits,TINYLFU,,584694.0849527781,557.0,0.1379975870122505,557,50000,0,meta_202401_kv_traces_all_sort-b342a796ac2873d4fb45f788c32de9ef,0.046581571516981585,0.05079954999031369,
meta_202401_kv,1191241025,0.01,4,117,disabled,LRU,,306777.62230657483,,0.1536888447910867,0,50000,0,meta_202401_kv_traces_all_sort-c3fe88222c7018e188b31ce1be72be6e,0.0,0.0,
meta_202401_kv,1191241025,0.01,4,117,hits,LRU,,435526.1006999972,16394.0,0.1206793276784603,16394,50000,0,meta_202401_kv_traces_all_sort-aa8f3de8136e44552da7dfc5e44b021f,0.03300951711262638,0.03300951711262638,
meta_202401_kv,1191241025,0.01,4,117,marginal-hits,LRU,,440755.5575065953,23786.0,0.1105857036782291,23786,50000,0,meta_202401_kv_traces_all_sort-7556c904316dfd8a16a8fea29172479d,0.04310314111285758,0.04310314111285758,
meta_202401_kv,1191241025,0.01,4,117,free-mem,LRU,,158144.77288470758,,0.1536888447910867,0,50000,0,meta_202401_kv_traces_all_sort-372c8f347a48eaf7ab41fa637bbbcab9,0.0,0.0,
meta_202401_kv,1191241025,0.01,4,117,marginal-hits-tuned,LRU,,272857.5637563104,203.0,0.1114892781668596,203,50000,0,meta_202401_kv_traces_all_sort-9dec49d038d5d6e4a06e360766bc3ca0,0.04219956662422708,0.04219956662422708,-0.0009035744886305014
meta_202401_kv,1191241025,0.01,4,117,tail-age,LRU,,411474.0065422625,978.0,0.1552706758063508,978,50000,0,meta_202401_kv_traces_all_sort-584fd267a09bfecc3a199736f66567a6,-0.0015818310152641013,-0.0015818310152641013,
meta_202401_kv,1191241025,0.01,4,117,lama,LRU,,9025.825738124213,1256.0,0.1113602178031099,1150,1000000,346034,meta_202401_kv-6e6e9a3be32035559f707be770abcad9,0.04232862698797679,0.04232862698797679,
meta_202401_kv,1191241025,0.01,4,117,marginal-hits-tuned,LRU2Q,cold,435151.0667683304,280.0,0.1002338766833521,280,50000,0,meta_202401_kv_traces_all_sort-e9f9e4dc5bfb6ff50ecaee56589f823d,0.04374175578783479,0.05345496810773459,0.025344682030238208
meta_202401_kv,1191241025,0.01,4,117,disabled,LRU2Q,,307066.56977447105,,0.1439756324711869,0,50000,0,meta_202401_kv_traces_all_sort-27778e83f420b46061e4583b6b1a4283,0.0,0.0097132123198998,
meta_202401_kv,1191241025,0.01,4,117,free-mem,LRU2Q,,443651.65631942527,,0.1439756324711869,0,50000,0,meta_202401_kv_traces_all_sort-a6cf48504c3dbde272c93391e58fdb2a,0.0,0.0097132123198998,
meta_202401_kv,1191241025,0.01,4,117,marginal-hits,LRU2Q,cold,272881.671032917,23355.0,0.1255785587135903,23355,50000,0,meta_202401_kv_traces_all_sort-e30cf88f16161385fec1858b69b3927b,0.018397073757596583,0.028110286077496383,
meta_202401_kv,1191241025,0.01,4,117,hits,LRU2Q,,440631.7799937078,16639.0,0.1204545914627142,16639,50000,0,meta_202401_kv_traces_all_sort-a14393d0f1247d72e04a915693a80974,0.023521041008472687,0.03323425332837249,
meta_202401_kv,1191241025,0.01,4,117,tail-age,LRU2Q,,309495.485255033,4264.0,0.1576679790724971,4264,50000,0,meta_202401_kv_traces_all_sort-8e2d4228217e715cdd14cec16c8203fb,-0.013692346601310218,-0.003979134281410418,
meta_202401_kv,1191241025,0.01,4,117,free-mem,TINYLFU,,439389.65013568674,,0.1502994249211657,0,50000,0,meta_202401_kv_traces_all_sort-b624ff2f1b74a2c316a21df2ff64ec01,0.0,0.003389419869921001,
meta_202401_kv,1191241025,0.01,4,117,tail-age,TINYLFU,,330908.004339567,16559.0,0.1612433235331196,16559,50000,0,meta_202401_kv_traces_all_sort-64178caead939343fd9c49d8ac3f82b7,-0.010943898611953912,-0.007554478742032911,
meta_202401_kv,1191241025,0.01,4,117,hits,TINYLFU,,417798.35863168695,16542.0,0.1204815222007653,16542,50000,0,meta_202401_kv_traces_all_sort-a56eea6b1e92dfe00615e4d4bb046634,0.029817902720400385,0.033207322590321386,
meta_202401_kv,1191241025,0.01,4,117,disabled,TINYLFU,,407661.9467307069,,0.1502994249211657,0,50000,0,meta_202401_kv_traces_all_sort-40462513f6774282aeab88691acd923d,0.0,0.003389419869921001,
meta_202401_kv,1191241025,0.01,4,117,marginal-hits,TINYLFU,,272751.03031134023,23786.0,0.1099205511327986,23786,50000,0,meta_202401_kv_traces_all_sort-58ab4fc7db7a569c66aee63d72bec5b1,0.04037887378836709,0.04376829365828809,
meta_202401_kv,1191241025,0.01,4,117,marginal-hits-tuned,TINYLFU,,280914.5781103412,237.0,0.1103887368217527,237,50000,0,meta_202401_kv_traces_all_sort-e060a2a327bfd589eb175559da09cdbf,0.03991068809941299,0.04330010796933399,-0.00046818568895409807
meta_202401_kv,1191241025,0.02,4,234,marginal-hits,LRU,,718607.6003098185,23716.0,0.0918643269526416,23716,50000,0,meta_202401_kv_traces_all_sort-735e2c71c919320f8fa43e11a289937a,0.033740725979446606,0.033740725979446606,
meta_202401_kv,1191241025,0.02,4,234,free-mem,LRU,,831568.8810887708,,0.1256050529320882,0,50000,0,meta_202401_kv_traces_all_sort-d7326d3ac02863a62290ef1556731ae5,0.0,0.0,
meta_202401_kv,1191241025,0.02,4,234,tail-age,LRU,,459073.0802254418,323.0,0.1257628908473833,323,50000,0,meta_202401_kv_traces_all_sort-4427a1db19550713ac3a12b32c4e7466,-0.00015783791529508373,-0.00015783791529508373,
meta_202401_kv,1191241025,0.02,4,234,marginal-hits-tuned,LRU,,648534.5625228046,280.0,0.090113023097068,280,50000,0,meta_202401_kv_traces_all_sort-41f12f9186c97dc59b0e57f5ab7cd0c9,0.0354920298350202,0.0354920298350202,0.0017513038555735938
meta_202401_kv,1191241025,0.02,4,234,disabled,LRU,,684189.7738170157,,0.1256050529320882,0,50000,0,meta_202401_kv_traces_all_sort-402290a2de6fd0916e6f417f76048964,0.0,0.0,
meta_202401_kv,1191241025,0.02,4,234,hits,LRU,,772968.3854703892,16546.0,0.093065307249639,16546,50000,0,meta_202401_kv_traces_all_sort-fb52cf92b817344d010bbf30872a7680,0.0325397456824492,0.0325397456824492,
meta_202401_kv,1191241025,0.02,4,234,lama,LRU,,12301.18384190961,356.0,0.099722379020652,90,1000000,0,meta_202401_kv-3bf733ef2ef5b4994426f7ed715209ba,0.025882673911436213,0.025882673911436213,
meta_202401_kv,1191241025,0.02,4,234,hits,LRU2Q,,721381.910932866,16615.0,0.0921680085690467,16615,50000,0,meta_202401_kv_traces_all_sort-39f4b9e543c4b5dd990ec93479cc531c,0.0263824946760879,0.03343704436304151,
meta_202401_kv,1191241025,0.02,4,234,tail-age,LRU2Q,,390968.6656298675,1740.0,0.132706507484495,1740,50000,0,meta_202401_kv_traces_all_sort-b20f2822243c7ba7d66bc08cca2c6503,-0.014156004239360406,-0.007101454552406794,
meta_202401_kv,1191241025,0.02,4,234,disabled,LRU2Q,,794057.126180002,,0.1185505032451346,0,50000,0,meta_202401_kv_traces_all_sort-7cef5cd2dced47eb9245a5792e1beef5,0.0,0.007054549686953612,
meta_202401_kv,1191241025,0.02,4,234,marginal-hits,LRU2Q,cold,693513.3891299566,23716.0,0.0957885529504828,23716,50000,0,meta_202401_kv_traces_all_sort-b3c62a0cef85592689d94e4ce423dfb9,0.022761950294651792,0.029816499981605404,
meta_202401_kv,1191241025,0.02,4,234,free-mem,LRU2Q,,673729.5858637218,,0.1185505032451346,0,50000,0,meta_202401_kv_traces_all_sort-34a2b7d8438c3c150350d6f8476724d9,0.0,0.007054549686953612,
meta_202401_kv,1191241025,0.02,4,234,marginal-hits-tuned,LRU2Q,cold,650405.8422893138,438.0,0.0774666251945109,438,50000,0,meta_202401_kv_traces_all_sort-e0d7457df88cf87c1ff427112b3a8637,0.04108387805062369,0.0481384277375773,0.018321927755971898
meta_202401_kv,1191241025,0.02,4,234,hits,TINYLFU,,652524.3176273789,16492.0,0.0930578973302233,16492,50000,0,meta_202401_kv_traces_all_sort-71b90b53575529da25f43d963a256dac,0.030987122862058902,0.03254715560186491,
meta_202401_kv,1191241025,0.02,4,234,tail-age,TINYLFU,,490167.7097491848,16427.0,0.133090270291858,16427,50000,0,meta_202401_kv_traces_all_sort-8b3fca40abd38b392a9505fc4812d911,-0.009045250099575797,-0.007485217359769786,
meta_202401_kv,1191241025,0.02,4,234,disabled,TINYLFU,,543845.8484390907,,0.1240450201922822,0,50000,0,meta_202401_kv_traces_all_sort-824e1d8a5f2922fdeb5cddf1185bc1a1,0.0,0.001560032739806011,
meta_202401_kv,1191241025,0.02,4,234,marginal-hits-tuned,TINYLFU,,609365.4352296762,325.0,0.0900334178803152,325,50000,0,meta_202401_kv_traces_all_sort-19327591de414939e7d4a18b65b7e5b9,0.034011602311966996,0.03557163505177301,0.0018969712699409003
meta_202401_kv,1191241025,0.02,4,234,free-mem,TINYLFU,,675048.575764253,,0.1240450201922822,0,50000,0,meta_202401_kv_traces_all_sort-c4f97f7f218d407d67ac67c0d7669e00,0.0,0.001560032739806011,
meta_202401_kv,1191241025,0.02,4,234,marginal-hits,TINYLFU,,580456.5339423986,23716.0,0.0919303891502561,23716,50000,0,meta_202401_kv_traces_all_sort-a9188c4bb06386ddc045623118690e83,0.032114631042026096,0.033674663781832107,
meta_202401_kv,1191241025,0.05,4,583,free-mem,LRU,,621282.5241893776,,0.0961150200481048,0,50000,0,meta_202401_kv_traces_all_sort-d8364b79aef16b575d03a31308a2c91b,0.0,0.0,
meta_202401_kv,1191241025,0.05,4,583,disabled,LRU,,684687.9778377136,,0.0961150200481048,0,50000,0,meta_202401_kv_traces_all_sort-6829dbf5997f80b9165f151bf3f56233,0.0,0.0,
meta_202401_kv,1191241025,0.05,4,583,marginal-hits-tuned,LRU,,663843.0981574367,536.0,0.066537330679994,536,50000,0,meta_202401_kv_traces_all_sort-efc386e012c63439c39c041a2cf214e6,0.029577689368110796,0.029577689368110796,0.0021349046470255095
meta_202401_kv,1191241025,0.05,4,583,hits,LRU,,526552.1117809927,9901.0,0.0644344287924435,9901,50000,0,meta_202401_kv_traces_all_sort-727d09b45d759f93106c3ef2cceabff5,0.03168059125566129,0.03168059125566129,
meta_202401_kv,1191241025,0.05,4,583,tail-age,LRU,,467230.4243466031,144.0,0.0951397656909944,144,50000,0,meta_202401_kv_traces_all_sort-61f0282d82b3413b2a0cd0220bf36738,0.0009752543571103917,0.0009752543571103917,
meta_202401_kv,1191241025,0.05,4,583,marginal-hits,LRU,,586054.5269504511,23434.0,0.0686722353270195,23434,50000,0,meta_202401_kv_traces_all_sort-ccace767420eff014a6290a8850b7a12,0.027442784721085287,0.027442784721085287,
meta_202401_kv,1191241025,0.05,4,583,lama,LRU,,12401.98581521134,88.0,0.0947614132077091,3,1000000,0,meta_202401_kv-d09bf82e4ce21c1e50e36561b78866de,0.0013536068403956908,0.0013536068403956908,
meta_202401_kv,1191241025,0.05,4,583,free-mem,LRU2Q,,768037.9852992002,,0.0923234834025297,0,50000,0,meta_202401_kv_traces_all_sort-f9fc6a3afba5132fcead6e5f1f9159fc,0.0,0.0037915366455750915,
meta_202401_kv,1191241025,0.05,4,583,marginal-hits,LRU2Q,cold,581691.5994698668,23434.0,0.0705133413282169,23434,50000,0,meta_202401_kv_traces_all_sort-16ca5717edc6787e02038099d752e058,0.021810142074312797,0.025601678719887888,
meta_202401_kv,1191241025,0.05,4,583,tail-age,LRU2Q,,308560.73473216064,220.0,0.096321618876415,220,50000,0,meta_202401_kv_traces_all_sort-b8047f8a17e6593006f1d1a28ccfdadc,-0.003998135473885292,-0.0002065988283102005,
meta_202401_kv,1191241025,0.05,4,583,disabled,LRU2Q,,777800.9426634848,,0.0923234834025297,0,50000,0,meta_202401_kv_traces_all_sort-bcc8926e31971e33737f1bd5cb10a4c3,0.0,0.0037915366455750915,
meta_202401_kv,1191241025,0.05,4,583,hits,LRU2Q,,625969.3249137894,9913.0,0.0636151873631115,9913,50000,0,meta_202401_kv_traces_all_sort-2b02831d0c87b2a96b89899ef4bf4ee6,0.0287082960394182,0.03249983268499329,
meta_202401_kv,1191241025,0.05,4,583,marginal-hits-tuned,LRU2Q,cold,529296.220181203,959.0,0.0590323775996549,959,50000,0,meta_202401_kv_traces_all_sort-c3b75a28a198526869082bf23dc3681d,0.0332911058028748,0.037082642448449894,0.011480963728562006
meta_202401_kv,1191241025,0.05,4,583,tail-age,TINYLFU,,516390.81266775104,13520.0,0.1025243938354121,13520,50000,0,meta_202401_kv_traces_all_sort-8ae3892043f4e030f0e7cc041c9193f7,-0.006232400365828603,-0.0064093737873073126,
meta_202401_kv,1191241025,0.05,4,583,marginal-hits-tuned,TINYLFU,,523577.4125965109,688.0,0.064005790096089,688,50000,0,meta_202401_kv_traces_all_sort-0c13443d4ab50b519e83c01cd1b528d3,0.0322862033734945,0.03210922995201579,0.005023603850446701
meta_202401_kv,1191241025,0.05,4,583,marginal-hits,TINYLFU,,552045.9928177979,23434.0,0.0690293939465357,23434,50000,0,meta_202401_kv_traces_all_sort-7cb94fc415844eca67bea962ac5dc0c7,0.027262599523047798,0.027085626101569088,
meta_202401_kv,1191241025,0.05,4,583,free-mem,TINYLFU,,621766.8607170832,,0.0962919934695835,0,50000,0,meta_202401_kv_traces_all_sort-012e64e4fda13c7c7b04beffac8f3cc7,0.0,-0.00017697342147870998,
meta_202401_kv,1191241025,0.05,4,583,hits,TINYLFU,,470204.49184018496,9811.0,0.0645812899198967,9811,50000,0,meta_202401_kv_traces_all_sort-514f0e9ad3cfae94789d8f075f42dd83,0.0317107035496868,0.03153373012820809,
meta_202401_kv,1191241025,0.05,4,583,disabled,TINYLFU,,655579.3767151848,,0.0962919934695835,0,50000,0,meta_202401_kv_traces_all_sort-f2360047e7ad8dd6aaa0ad9edae108cd,0.0,-0.00017697342147870998,
meta_202401_kv,1191241025,0.1,4,1166,marginal-hits,LRU,,272694.7023396346,22791.0,0.0585054976594682,22791,50000,0,meta_202401_kv_traces_all_sort-07d0128ec213e9d8ac73c9999bbd1ac0,0.018677440193096105,0.018677440193096105,
meta_202401_kv,1191241025,0.1,4,1166,tail-age,LRU,,319103.2637508921,161.0,0.0771095396080738,161,50000,0,meta_202401_kv_traces_all_sort-ce652d5d9a037978b68b093051138b19,7.339824449049959e-05,7.339824449049959e-05,
meta_202401_kv,1191241025,0.1,4,1166,marginal-hits-tuned,LRU,,274263.0271167151,1258.0,0.0511927063626775,1258,50000,0,meta_202401_kv_traces_all_sort-8389c45ad1575eb97e7e61b3c99f2d1b,0.025990231489886807,0.025990231489886807,0.007312791296790702
meta_202401_kv,1191241025,0.1,4,1166,disabled,LRU,,436051.2075527855,,0.0771829378525643,0,50000,0,meta_202401_kv_traces_all_sort-3d6281837ac5f523a3790d4cb2a5f5ed,0.0,0.0,
meta_202401_kv,1191241025,0.1,4,1166,free-mem,LRU,,343428.7432121895,,0.0771829378525643,0,50000,0,meta_202401_kv_traces_all_sort-4eade96230d9a85b9b3472b0e0c6515d,0.0,0.0,
meta_202401_kv,1191241025,0.1,4,1166,hits,LRU,,370554.4850467904,3922.0,0.0520648615170049,3922,50000,0,meta_202401_kv_traces_all_sort-4dce2571a81ddb3fdc4a25966c4f4f19,0.025118076335559403,0.025118076335559403,
meta_202401_kv,1191241025,0.1,4,1166,lama,LRU,,12628.917009419538,,0.0771829378525643,0,1000000,0,meta_202401_kv-8ae24a94d061f6750be588c34307946b,0.0,0.0,
meta_202401_kv,1191241025,0.1,4,1166,marginal-hits-tuned,LRU2Q,cold,375917.6242352941,1187.0,0.0507303851460287,1187,50000,0,meta_202401_kv_traces_all_sort-d80a66ca1850da911575bed5aa7d224f,0.022565773370674495,0.026452552706535605,0.0087310189808145
meta_202401_kv,1191241025,0.1,4,1166,marginal-hits,LRU2Q,cold,385332.5386571072,22791.0,0.0594614041268432,22791,50000,0,meta_202401_kv_traces_all_sort-2b27888fa5548d4bcf306144b999e6ed,0.013834754389859996,0.017721533725721106,
meta_202401_kv,1191241025,0.1,4,1166,tail-age,LRU2Q,,157175.6810727253,448.0,0.0730238735691628,448,50000,0,meta_202401_kv_traces_all_sort-0f322d6d88a7dde3997f51e30ed4f269,0.000272284947540391,0.004159064283401501,
meta_202401_kv,1191241025,0.1,4,1166,disabled,LRU2Q,,438892.38366519206,,0.0732961585167032,0,50000,0,meta_202401_kv_traces_all_sort-e14b29f6d2ab2247d6972e3030b4ea5a,0.0,0.0038867793358611097,
meta_202401_kv,1191241025,0.1,4,1166,hits,LRU2Q,,275689.2992246475,3906.0,0.0518135756783561,3906,50000,0,meta_202401_kv_traces_all_sort-37ac332f18ec5b15c1d1bdf8f41510a6,0.021482582838347093,0.025369362174208203,
meta_202401_kv,1191241025,0.1,4,1166,free-mem,LRU2Q,,307692.51597931323,,0.0732961585167032,0,50000,0,meta_202401_kv_traces_all_sort-8774a2f0da97488ff53d5dff434d5038,0.0,0.0038867793358611097,
meta_202401_kv,1191241025,0.1,4,1166,hits,TINYLFU,,339860.6648387322,3786.0,0.0521307264413597,3786,50000,0,meta_202401_kv_traces_all_sort-1ee44979a67c751d0463b91f34ba4356,0.0250426659038208,0.025052211411204603,
meta_202401_kv,1191241025,0.1,4,1166,disabled,TINYLFU,,406681.8739005372,,0.0771733923451805,0,50000,0,meta_202401_kv_traces_all_sort-7689a6e322744aea6eb59b5fef22c0b8,0.0,9.545507383801333e-06,
meta_202401_kv,1191241025,0.1,4,1166,tail-age,TINYLFU,,274320.92718674964,10078.0,0.0834740341485468,10078,50000,0,meta_202401_kv_traces_all_sort-7baac7891ac0e0fdae3f24a40ac7b1e9,-0.0063006418033663,-0.006291096295982498,
meta_202401_kv,1191241025,0.1,4,1166,marginal-hits-tuned,TINYLFU,,215637.347315808,1174.0,0.0513182267207427,1174,50000,0,meta_202401_kv_traces_all_sort-9f7ee101b8f48d141f9fe5a8e4249b56,0.0258551656244378,0.0258647111318216,0.007021149225447498
meta_202401_kv,1191241025,0.1,4,1166,marginal-hits,TINYLFU,,241200.3878900181,22791.0,0.0583393759461902,22791,50000,0,meta_202401_kv_traces_all_sort-9cca882d8f3d7e15bdb7fab0815398e0,0.0188340163989903,0.018843561906374102,
meta_202401_kv,1191241025,0.1,4,1166,free-mem,TINYLFU,,297236.3886803884,,0.0771733923451805,0,50000,0,meta_202401_kv_traces_all_sort-62028bafe0dff90eb232aab7d797a3cc,0.0,9.545507383801333e-06,
twitter_cluster17,9772999471,0.05,1,80,free-mem,LRU,,591587.8027428854,1.0,0.0280581785370691,1,50000,1,twitter_cluster17-254a66c3eb17fd5e347462f717203413,-0.0002413866906471017,-0.0002413866906471017,
twitter_cluster17,9772999471,0.05,1,80,marginal-hits,LRU,,816301.4054511612,192826.0,0.0368811359367769,192826,50000,1,twitter_cluster17-53f645f48924bf9e028f59bcc4545484,-0.009064344090354903,-0.009064344090354903,
twitter_cluster17,9772999471,0.05,1,80,marginal-hits-tuned,LRU,,753860.6366204415,146.0,0.0292524217205086,146,50000,1,twitter_cluster17-a6dd73a16eadd2ccc3aa3c1bd6d8b994,-0.0014356298740866025,-0.0014356298740866025,0.0076287142162683
twitter_cluster17,9772999471,0.05,1,80,hits,LRU,,817033.0600050461,57.0,0.028368862376663,57,50000,1,twitter_cluster17-16c222505d2befef6b05f81bfe493932,-0.0005520705302410021,-0.0005520705302410021,
twitter_cluster17,9772999471,0.05,1,80,tail-age,LRU,,638998.2547056997,5.0,0.028189672251339,5,50000,1,twitter_cluster17-3fc0366ca6414743f7c64717c580b279,-0.00037288040491700175,-0.00037288040491700175,
twitter_cluster17,9772999471,0.05,1,80,disabled,LRU,,816568.0527498483,,0.027816791846422,0,50000,4194,twitter_cluster17-83a3356270d1723f0d2f9595f2befbc5,0.0,0.0,
twitter_cluster17,9772999471,0.05,1,80,hits,LRU2Q,,757714.5729297004,44.0,0.0270893283874199,44,50000,1,twitter_cluster17-0a1990e8cca9ba0938edd28aa97a5bbc,-0.0005653638902157025,0.0007274634590020979,
twitter_cluster17,9772999471,0.05,1,80,marginal-hits,LRU2Q,cold,589424.1948851874,191773.0,0.0330802996520493,191773,50000,1,twitter_cluster17-d1cfa44d5d4cfded98c5b1357b07cdb1,-0.0065563351548450985,-0.005263507805627298,
twitter_cluster17,9772999471,0.05,1,80,disabled,LRU2Q,,816940.0803494661,,0.0265239644972042,0,50000,4194,twitter_cluster17-42070ebc303bb6ef61cddcca29892b86,0.0,0.0012928273492178004,
twitter_cluster17,9772999471,0.05,1,80,marginal-hits-tuned,LRU2Q,cold,814994.1766163816,142.0,0.0256536545145588,142,50000,1,twitter_cluster17-a1876a7681a54a6f454c50609b78bd61,0.0008703099826453987,0.002163137331863199,0.007426645137490497
twitter_cluster17,9772999471,0.05,1,80,tail-age,LRU2Q,,638556.8485232859,66.0,0.0291199555309993,66,50000,1,twitter_cluster17-eb8f7ee1150d39818ac89e23bae2f5a0,-0.002595991033795101,-0.0013031636845773006,
twitter_cluster17,9772999471,0.05,1,80,free-mem,LRU2Q,,590914.6352263925,1.0,0.026756369503133,1,50000,1,twitter_cluster17-c4549ab452ba43d135d057d2b20bc8c0,-0.00023240500592880062,0.0010604223432889998,
twitter_cluster17,9772999471,0.05,1,80,hits,TINYLFU,,639824.1127072526,156.0,0.02794370170697,156,50000,1,twitter_cluster17-4d18ec0486510a1a57f22c6d314eb7cd,-0.00019393257982100107,-0.00012690986054800235,
twitter_cluster17,9772999471,0.05,1,80,marginal-hits,TINYLFU,,583131.5307853345,193511.0,0.0365989799816699,193511,50000,1,twitter_cluster17-fb23964dd557793c86e6b4ff1ac320c3,-0.008849210854520902,-0.008782188135247903,
twitter_cluster17,9772999471,0.05,1,80,tail-age,TINYLFU,,543548.9004861928,2563.0,0.028377933696094,2563,50000,1,twitter_cluster17-1c5948c85f69287ec7d7ab27f257d59e,-0.0006281645689449993,-0.0005611418496720005,
twitter_cluster17,9772999471,0.05,1,80,disabled,TINYLFU,,591162.7643203782,,0.027749769127149,0,50000,4194,twitter_cluster17-433c001b2653e0224ae83cd29ce6ed33,0.0,6.702271927299872e-05,
twitter_cluster17,9772999471,0.05,1,80,marginal-hits-tuned,TINYLFU,,637413.0350459473,202.0,0.0296907360796479,202,50000,1,twitter_cluster17-5f577011a73130279fa2b2c2e8791a10,-0.0019409669524989015,-0.0018739442332259028,0.006908243902022
twitter_cluster17,9772999471,0.05,1,80,free-mem,TINYLFU,,816506.6989136738,1.0,0.0279913270037257,1,50000,1,twitter_cluster17-ea8eed7e5214f0ece003f5d67ffc73d5,-0.0002415578765767,-0.00017453515730370128,
twitter_cluster17,9772999471,0.1,1,160,hits,LRU,,369188.8989793386,248.0,0.0170671954393273,248,50000,0,twitter_cluster17-d1c3e498e5498d11ef897fbd8b928db9,-0.0006251892285608004,-0.0006251892285608004,
twitter_cluster17,9772999471,0.1,1,160,marginal-hits,LRU,,405794.6491415424,187642.0,0.0216304886362967,187642,50000,0,twitter_cluster17-d7a6e598712dd78037c131887a152603,-0.005188482425530199,-0.005188482425530199,
twitter_cluster17,9772999471,0.1,1,160,free-mem,LRU,,369113.2400592843,,0.0164420062107665,0,50000,0,twitter_cluster17-0a4956d39677a151f6116e4c67389198,0.0,0.0,
twitter_cluster17,9772999471,0.1,1,160,tail-age,LRU,,369239.08542282647,11.0,0.016854712362237,11,50000,0,twitter_cluster17-b78f16e7ab0d91779a509c13733a4478,-0.0004127061514705016,-0.0004127061514705016,
twitter_cluster17,9772999471,0.1,1,160,marginal-hits-tuned,LRU,,406059.460872097,133.0,0.0162830181739196,133,50000,0,twitter_cluster17-a28e392a3333a7673190b40a9aa62761,0.00015898803684689933,0.00015898803684689933,0.005347470462377098
twitter_cluster17,9772999471,0.1,1,160,disabled,LRU,,369079.2285135023,,0.0164420062107665,0,50000,0,twitter_cluster17-5dc533dfc7f5617512779b70a493ce6f,0.0,0.0,
twitter_cluster17,9772999471,0.1,1,160,marginal-hits-tuned,LRU2Q,cold,405911.11510294897,104.0,0.0148451747521843,104,50000,0,twitter_cluster17-ada823c23c45b4010bae19ca2bebc0fe,0.0008584204905458005,0.0015968314585822,0.005851330205193201
twitter_cluster17,9772999471,0.1,1,160,tail-age,LRU2Q,,332348.73693695536,250.0,0.0160991196681095,250,50000,0,twitter_cluster17-1988e26a1b252f3b816b5d2c4e68106b,-0.00039552442537939964,0.0003428865426569998,
twitter_cluster17,9772999471,0.1,1,160,marginal-hits,LRU2Q,cold,369143.0994496202,193829.0,0.0206965049573775,193829,50000,0,twitter_cluster17-4ff3f45f78169c17ea87f0f5f94bf370,-0.0049929097146474005,-0.004254498746611001,
twitter_cluster17,9772999471,0.1,1,160,free-mem,LRU2Q,,361491.4847427488,,0.0157035952427301,0,50000,0,twitter_cluster17-a22880b45616174db10e01c15e3597e0,0.0,0.0007384109680363994,
twitter_cluster17,9772999471,0.1,1,160,disabled,LRU2Q,,369243.7937451349,,0.0157035952427301,0,50000,0,twitter_cluster17-6d46f85d6f7e8d296d2d4a58c2942757,0.0,0.0007384109680363994,
twitter_cluster17,9772999471,0.1,1,160,hits,LRU2Q,,406010.16272195976,253.0,0.0161210700427756,253,50000,0,twitter_cluster17-2a03b6577eec41837cfe9fd072d0fbf1,-0.0004174748000454996,0.0003209361679908998,
twitter_cluster17,9772999471,0.1,1,160,free-mem,TINYLFU,,405569.8943049437,,0.0163962594570368,0,50000,0,twitter_cluster17-cffa4a26cfbf6553764ff06b132b9fc0,0.0,4.574675372969947e-05,
twitter_cluster17,9772999471,0.1,1,160,marginal-hits,TINYLFU,,368931.2858155916,187555.0,0.0216175291553947,187555,50000,0,twitter_cluster17-1d5b40f2355428498f0d935f8b827318,-0.0052212696983579,-0.0051755229446282,
twitter_cluster17,9772999471,0.1,1,160,hits,TINYLFU,,332256.05865010817,192.0,0.0168661928703792,192,50000,0,twitter_cluster17-49d9cb8b18387d54e953cefdc6354532,-0.00046993341334240074,-0.00042418665961270127,
twitter_cluster17,9772999471,0.1,1,160,marginal-hits-tuned,TINYLFU,,369250.64968302974,145.0,0.0161461441257863,145,50000,0,twitter_cluster17-eba136674b518e4ef47b847902dc7827,0.0002501153312505014,0.00029586208498020086,0.005471385029608401
twitter_cluster17,9772999471,0.1,1,160,disabled,TINYLFU,,405817.4111449641,,0.0163962594570368,0,50000,0,twitter_cluster17-c5e6c3f36b3435e6593800da52163459,0.0,4.574675372969947e-05,
twitter_cluster17,9772999471,0.1,1,160,tail-age,TINYLFU,,332459.0954859782,5000.0,0.017434607512832,5000,50000,0,twitter_cluster17-209d4633fedac5de684f009a0b3506ae,-0.0010383480557951998,-0.0009926013020655003,
twitter_cluster18,13062209198,0.05,1,43,free-mem,LRU,,726268.177087807,2.0,0.0795724610014012,2,50000,3,twitter_cluster18-ec932c51e745d446179c4abed2610668,-0.004336019285977391,-0.004336019285977391,
twitter_cluster18,13062209198,0.05,1,43,hits,LRU,,727300.501512246,5.0,0.0775812020492798,5,50000,3,twitter_cluster18-44f6e331df51a1b6b1e06066f268f601,-0.0023447603338559997,-0.0023447603338559997,
twitter_cluster18,13062209198,0.05,1,43,marginal-hits,LRU,,661608.4882339281,211383.0,0.1169075979302042,211383,50000,3,twitter_cluster18-4f0eaee6dd0aa118d7bd9d193f051157,-0.04167115621478039,-0.04167115621478039,
twitter_cluster18,13062209198,0.05,1,43,disabled,LRU,,695399.7661847217,,0.0752364417154238,0,50000,549684,twitter_cluster18-4697d5c06ad3b2c1c7aa72ca9961e780,0.0,0.0,
twitter_cluster18,13062209198,0.05,1,43,marginal-hits-tuned,LRU,,686900.4946006074,333.0,0.090667502644295,333,50000,3,twitter_cluster18-af03b5adca3b0a205b6e7bcffe8b6910,-0.015431060928871199,-0.015431060928871199,0.02624009528590919
twitter_cluster18,13062209198,0.05,1,43,tail-age,LRU,,603954.8154519371,2.0,0.0777832175705443,2,50000,3,twitter_cluster18-1e8114576a8014f5ca0916071385ace9,-0.0025467758551204894,-0.0025467758551204894,
twitter_cluster18,13062209198,0.05,1,43,tail-age,LRU2Q,,596336.3672252033,2.0,0.0732804503044217,2,50000,3,twitter_cluster18-4cdbf53c723caef6e40e7517d1a97898,-0.0028333026549342,0.0019559914110021115,
twitter_cluster18,13062209198,0.05,1,43,marginal-hits-tuned,LRU2Q,cold,723502.3477389831,205.0,0.0733974976565828,205,50000,3,twitter_cluster18-b65be1757fa3b88998e12c794faf1302,-0.002950350007095301,0.0018389440588410105,0.025321053811528507
twitter_cluster18,13062209198,0.05,1,43,marginal-hits,LRU2Q,cold,666085.1299846251,201804.0,0.0987185514681113,201804,50000,3,twitter_cluster18-1b88ccaf590850268564903675900384,-0.028271403818623808,-0.023482109752687497,
twitter_cluster18,13062209198,0.05,1,43,hits,LRU2Q,,692887.241820021,5.0,0.0726562629348573,5,50000,3,twitter_cluster18-62e7aa325d558eb584d6468bb4d32ce3,-0.0022091152853698087,0.0025801787805665027,
twitter_cluster18,13062209198,0.05,1,43,disabled,LRU2Q,,719027.4619267572,,0.0704471476494875,0,50000,549684,twitter_cluster18-4dfa3339472dc28e7827fea8984ccb3b,0.0,0.0047892940659363115,
twitter_cluster18,13062209198,0.05,1,43,free-mem,LRU2Q,,720968.453027913,2.0,0.074171820119704,2,50000,3,twitter_cluster18-28b34a6b353a26aa5093d1b1b57adf2d,-0.003724672470216503,0.0010646215957198085,
twitter_cluster18,13062209198,0.05,1,43,tail-age,TINYLFU,,588157.0398950945,15452.0,0.0806298206555488,15452,50000,3,twitter_cluster18-587a9e0ded12700e9a5e3d51d17a60be,-0.0052575735052931005,-0.005393378940124996,
twitter_cluster18,13062209198,0.05,1,43,free-mem,TINYLFU,,586760.2930200793,2.0,0.0791557561456228,2,50000,3,twitter_cluster18-0f9e815fcbe951a104083ccec6b964ba,-0.003783508995367099,-0.003919314430198995,
twitter_cluster18,13062209198,0.05,1,43,marginal-hits-tuned,TINYLFU,,586842.1670610101,310.0,0.0912664046279807,310,50000,3,twitter_cluster18-2f62d51f5ed5071933b119bb9929ba25,-0.015894157477725004,-0.0160299629125569,0.026095347259649695
twitter_cluster18,13062209198,0.05,1,43,marginal-hits,TINYLFU,,588622.1978278719,211632.0,0.1173617518876304,211632,50000,3,twitter_cluster18-36646945eac82dc91b646e96ff157239,-0.0419895047373747,-0.042125310172206595,
twitter_cluster18,13062209198,0.05,1,43,disabled,TINYLFU,,576042.9236516475,,0.0753722471502557,0,50000,549684,twitter_cluster18-c15f96ff3f06811c8670c1dc31ebfd8e,0.0,-0.00013580543483189544,
twitter_cluster18,13062209198,0.05,1,43,hits,TINYLFU,,593851.0185017474,5.0,0.0776554198929313,5,50000,3,twitter_cluster18-982775ff11c37e37aa0ff5b9ac026eca,-0.0022831727426756016,-0.002418978177507497,
twitter_cluster18,13062209198,0.1,1,86,tail-age,LRU,,407127.7216660048,12.0,0.0459887907852507,12,50000,1,twitter_cluster18-b1e8dc1b35a007a2a3b02d1dfc4dece2,-0.00011743595411369684,-0.00011743595411369684,
twitter_cluster18,13062209198,0.1,1,86,hits,LRU,,413456.9004144499,7.0,0.0461093145018852,7,50000,1,twitter_cluster18-050409448f88d988607ad692b292f687,-0.00023795967074819596,-0.00023795967074819596,
twitter_cluster18,13062209198,0.1,1,86,marginal-hits-tuned,LRU,,412316.9316150517,226.0,0.0511054980731904,226,50000,1,twitter_cluster18-6e674d8e1282de3acd631f1e3afa16ad,-0.005234143242053395,-0.005234143242053395,0.012265684278317299
twitter_cluster18,13062209198,0.1,1,86,disabled,LRU,,343490.6501293449,,0.045871354831137,0,50000,7170,twitter_cluster18-96677163b26ec57a4636cfcb6ce32790,0.0,0.0,
twitter_cluster18,13062209198,0.1,1,86,free-mem,LRU,,413786.1147760442,1.0,0.0462627492669865,1,50000,1,twitter_cluster18-0b72bf56fef15972e6103292d13cab03,-0.0003913944358494986,-0.0003913944358494986,
twitter_cluster18,13062209198,0.1,1,86,marginal-hits,LRU,,408149.6463961773,249020.0,0.0633711823515077,249020,50000,1,twitter_cluster18-65246e061231a7b1e8fbfdca82a8c47f,-0.017499827520370694,-0.017499827520370694,
twitter_cluster18,13062209198,0.1,1,86,tail-age,LRU2Q,,338592.9790472981,344.0,0.0443218543834563,344,50000,1,twitter_cluster18-87b9c7a66a646bcad12fbce5031078e1,-0.0012265657942803002,0.0015495004476807003,
twitter_cluster18,13062209198,0.1,1,86,disabled,LRU2Q,,346616.22810606734,,0.043095288589176,0,50000,7170,twitter_cluster18-930765dbfe8fefeba41b56872b370b76,0.0,0.0027760662419610005,
twitter_cluster18,13062209198,0.1,1,86,marginal-hits,LRU2Q,cold,413651.9169860882,204069.0,0.0585447695262061,204069,50000,1,twitter_cluster18-3089df4e3bb11ff0d9a4cd6938e98263,-0.015449480937030101,-0.0126734146950691,
twitter_cluster18,13062209198,0.1,1,86,hits,LRU2Q,,413299.8324882275,5.0,0.0433297500767832,5,50000,1,twitter_cluster18-1944c0c7b295c2c035db07710f28e1f0,-0.00023446148760719598,0.0025416047543538045,
twitter_cluster18,13062209198,0.1,1,86,marginal-hits-tuned,LRU2Q,cold,354383.3049238563,179.0,0.0431647913804909,179,50000,1,twitter_cluster18-c9efaea9115173d5803422238aa77cf5,-6.950279131489462e-05,0.002706563450646106,0.015379978145715206
twitter_cluster18,13062209198,0.1,1,86,free-mem,LRU2Q,,407635.795803662,1.0,0.0434640055440949,1,50000,1,twitter_cluster18-d3f4fb915837819812edd455b364f04f,-0.000368716954918899,0.0024073492870421015,
twitter_cluster18,13062209198,0.1,1,86,hits,TINYLFU,,368709.0587950338,5.0,0.0461918590380855,5,50000,1,twitter_cluster18-81a988b389ce13835ca51c23ade44f90,-0.00023756226477179843,-0.00032050420694849924,
twitter_cluster18,13062209198,0.1,1,86,tail-age,TINYLFU,,337363.87802329764,20954.0,0.049647242374536,20954,50000,1,twitter_cluster18-e9ef0233fc3db9feaf2b82cab2c394cd,-0.003692945601222297,-0.003775887543398998,
twitter_cluster18,13062209198,0.1,1,86,disabled,TINYLFU,,344633.1839429246,,0.0459542967733137,0,50000,7170,twitter_cluster18-96fabe1b4c5702b653413056efedb88b,0.0,-8.294194217670081e-05,
twitter_cluster18,13062209198,0.1,1,86,marginal-hits,TINYLFU,,367126.6007828393,249100.0,0.0633987705637724,249100,50000,1,twitter_cluster18-dc1ee83369f9eed956143cdf5fa3c8a7,-0.017444473790458694,-0.017527415732635394,
twitter_cluster18,13062209198,0.1,1,86,marginal-hits-tuned,TINYLFU,,367272.8717609184,276.0,0.0505500273338984,276,50000,1,twitter_cluster18-0fab6afdcfd03fd98a347cacc41e43fc,-0.004595730560584696,-0.004678672502761397,0.012848743229873998
twitter_cluster18,13062209198,0.1,1,86,free-mem,TINYLFU,,367218.4025958465,1.0,0.0463490609301141,1,50000,1,twitter_cluster18-94ac05555a22803c3727b27912eca934,-0.0003947641568003979,-0.0004777060989770987,
twitter_cluster24,3289457233,0.02,1,61,disabled,LRU,,689914.3406411333,,0.0951254145701793,0,50000,2449,twitter_cluster24-8e26a996e46d1c4643c1d10b3da1351f,0.0,0.0,
twitter_cluster24,3289457233,0.02,1,61,hits,LRU,,512951.6881088077,36.0,0.0882099505927821,36,50000,5,twitter_cluster24-caec5aa06f3afc0219464c841b728ac3,0.0069154639773972015,0.0069154639773972015,
twitter_cluster24,3289457233,0.02,1,61,free-mem,LRU,,498271.5411051955,3.0,0.0986808400314593,3,50000,5,twitter_cluster24-b1b8a694666b84081a9b5011a6c4b3f9,-0.0035554254612800013,-0.0035554254612800013,
twitter_cluster24,3289457233,0.02,1,61,tail-age,LRU,,482986.020621175,6.0,0.092131702446122,6,50000,5,twitter_cluster24-e85fee1d1a011b135e94920248d26365,0.0029937121240573017,0.0029937121240573017,
twitter_cluster24,3289457233,0.02,1,61,marginal-hits-tuned,LRU,,511576.4680088455,191.0,0.0959960706684767,191,50000,5,twitter_cluster24-0857012dbe1f73fd8819e04b8b85bed5,-0.0008706560982973954,-0.0008706560982973954,0.00732293758324111
twitter_cluster24,3289457233,0.02,1,61,marginal-hits,LRU,,457193.7028357499,65781.0,0.1033190082517178,65781,50000,5,twitter_cluster24-154bbd7145a1facc67cf31a77dac7dd1,-0.008193593681538505,-0.008193593681538505,
twitter_cluster24,3289457233,0.02,1,61,marginal-hits-tuned,LRU2Q,cold,870892.9879814984,169.0,0.0812787429846484,169,50000,5,twitter_cluster24-1fcad0f629589ba8ba8087ce1573f74b,0.008488366323746097,0.013846671585530893,0.006853812773069193
twitter_cluster24,3289457233,0.02,1,61,disabled,LRU2Q,,539406.5261351827,,0.0897671093083945,0,50000,2449,twitter_cluster24-1346deb4f6b7560e33c5f621dde4f77c,0.0,0.005358305261784796,
twitter_cluster24,3289457233,0.02,1,61,hits,LRU2Q,,512629.2118709069,27.0,0.083392374355274,27,50000,5,twitter_cluster24-6157862ab4b105e22782880a9e301179,0.006374734953120506,0.011733040214905302,
twitter_cluster24,3289457233,0.02,1,61,marginal-hits,LRU2Q,cold,816031.1043161596,65781.0,0.0881325557577176,65781,50000,5,twitter_cluster24-170ab2648b1649db3936293b3078e70a,0.0016345535506769038,0.0069928588124617,
twitter_cluster24,3289457233,0.02,1,61,tail-age,LRU2Q,,686037.0738880984,5.0,0.0890988221581782,5,50000,5,twitter_cluster24-0948f7d9670423fe12b7a0ff749e64a7,0.0006682871502163013,0.006026592412001097,
twitter_cluster24,3289457233,0.02,1,61,free-mem,LRU2Q,,855480.3721560583,3.0,0.0930984093447856,3,50000,5,twitter_cluster24-25142d6eeb698a140ad72437b943074d,-0.003331300036391094,0.002027005225393702,
twitter_cluster24,3289457233,0.02,1,61,free-mem,TINYLFU,,733319.5252441474,3.0,0.0958504305321059,3,50000,5,twitter_cluster24-41563215ce646eceb45a3de0f213a981,-0.0029376660997617043,-0.0007250159619266033,
twitter_cluster24,3289457233,0.02,1,61,disabled,TINYLFU,,687412.048002751,,0.0929127644323442,0,50000,2449,twitter_cluster24-f1766196a14fad2caaed07a77a71bdf0,0.0,0.002212650137835101,
twitter_cluster24,3289457233,0.02,1,61,marginal-hits-tuned,TINYLFU,,676919.062645917,281.0,0.0891089806729826,281,50000,5,twitter_cluster24-8a17ce2225ca6093ab261a5f9b73dceb,0.0038037837593615925,0.0060164338971966935,0.00757098488776739
twitter_cluster24,3289457233,0.02,1,61,marginal-hits,TINYLFU,,469638.5022456769,65781.0,0.09667996556075,65781,50000,5,twitter_cluster24-51a6c2051af01638b571a0321f98cfea,-0.0037672011284057977,-0.0015545509905706967,
twitter_cluster24,3289457233,0.02,1,61,hits,TINYLFU,,601259.1052267499,28.0,0.0826972830870058,28,50000,5,twitter_cluster24-3efb3813e87c2b0380aabd99276cdcf0,0.010215481345338395,0.012428131483173496,
twitter_cluster24,3289457233,0.02,1,61,tail-age,TINYLFU,,579879.4861299526,10491.0,0.087023206785677,10491,50000,5,twitter_cluster24-6e7ddd3414971f81bed2e981e72dc51f,0.005889557646667196,0.008102207784502297,
twitter_cluster24,3289457233,0.05,1,151,marginal-hits-tuned,LRU,,482384.5685777593,189.0,0.0454184670653841,189,50000,2,twitter_cluster24-3c941b185bfc18b6ff0fe476417726d2,0.005319691596671304,0.005319691596671304,0.004408581408056202
twitter_cluster24,3289457233,0.05,1,151,disabled,LRU,,872393.9890019897,,0.0507381586620554,0,50000,371,twitter_cluster24-f63173ccc405ff684f2a387734618d86,0.0,0.0,
twitter_cluster24,3289457233,0.05,1,151,marginal-hits,LRU,,688814.1306411896,65746.0,0.0498270484734403,65746,50000,2,twitter_cluster24-371528435cbb3edcdc3daa6e66e4a15b,0.0009111101886151024,0.0009111101886151024,
twitter_cluster24,3289457233,0.05,1,151,hits,LRU,,723272.8740316314,540.0,0.0460281998747603,540,50000,2,twitter_cluster24-e6d488581d6ff22f3a6c3343daf23e27,0.004709958787295104,0.004709958787295104,
twitter_cluster24,3289457233,0.05,1,151,tail-age,LRU,,513492.2476880982,24.0,0.0447882290494579,24,50000,2,twitter_cluster24-c18381c13ce2481d740a7e27e9541ef5,0.0059499296125975,0.0059499296125975,
twitter_cluster24,3289457233,0.05,1,151,free-mem,LRU,,503848.4969488459,1.0,0.0509949064900945,1,50000,2,twitter_cluster24-7cc404f051a1e548a0deda77850994ff,-0.00025674782803909724,-0.00025674782803909724,
twitter_cluster24,3289457233,0.05,1,151,tail-age,LRU2Q,,512621.38781226886,633.0,0.0426335334574632,633,50000,2,twitter_cluster24-dff3cccc06a566120dd202ebebf11f4c,0.005779316359332001,0.008104625204592202,
twitter_cluster24,3289457233,0.05,1,151,disabled,LRU2Q,,447016.2409690333,,0.0484128498167952,0,50000,371,twitter_cluster24-ada6afb3b5ee1749a581f6145f937bd0,0.0,0.0023253088452602003,
twitter_cluster24,3289457233,0.05,1,151,free-mem,LRU2Q,,486547.3181438389,1.0,0.0486540449270525,1,50000,2,twitter_cluster24-c2810a84100495320604c30074caad1a,-0.00024119511025729595,0.0020841137350029043,
twitter_cluster24,3289457233,0.05,1,151,marginal-hits,LRU2Q,cold,456925.03947779885,65746.0,0.0473068703976064,65746,50000,2,twitter_cluster24-f1f9ba4e8292a85ad8c0945d990b97cc,0.0011059794191888017,0.003431288264449002,
twitter_cluster24,3289457233,0.05,1,151,marginal-hits-tuned,LRU2Q,cold,516617.8001273203,166.0,0.0404421804501387,166,50000,2,twitter_cluster24-fd1643bdce3b606970e86727e4ebe781,0.007970669366656503,0.010295978211916704,0.006864689947467702
twitter_cluster24,3289457233,0.05,1,151,hits,LRU2Q,,596969.9062971099,556.0,0.0435342890502933,556,50000,2,twitter_cluster24-07707d458cb8969036b15cb67f174705,0.004878560766501901,0.007203869611762101,
twitter_cluster24,3289457233,0.05,1,151,marginal-hits-tuned,TINYLFU,,691112.8648851033,183.0,0.0434828747931619,183,50000,2,twitter_cluster24-17528ed27010fa29fa12209c5cb9879d,0.006823498045460098,0.0072552838688935,0.005917319369508296
twitter_cluster24,3289457233,0.05,1,151,hits,TINYLFU,,569209.3923860784,517.0,0.0432209163790639,517,50000,2,twitter_cluster24-6abaabab036767e6ac14914c45935a3f,0.007085456459558097,0.007517242282991499,
twitter_cluster24,3289457233,0.05,1,151,free-mem,TINYLFU,,516417.66182127845,1.0,0.0505530703763978,1,50000,2,twitter_cluster24-af92b568615afd874cd1b0558949b5b6,-0.00024669753777580017,0.00018508828565760166,
twitter_cluster24,3289457233,0.05,1,151,tail-age,TINYLFU,,539319.2317854792,13169.0,0.0453009522376727,13169,50000,2,twitter_cluster24-30da39d8b72efdaa96fafbc3dafb54e5,0.005005420600949301,0.005437206424382703,
twitter_cluster24,3289457233,0.05,1,151,marginal-hits,TINYLFU,,688163.0367754126,65746.0,0.0494001941626702,65746,50000,2,twitter_cluster24-744bf1f5705d5f3d6606191efcc45ede,0.000906178675951802,0.0013379644993852038,
twitter_cluster24,3289457233,0.05,1,151,disabled,TINYLFU,,515682.5467873862,,0.050306372838622,0,50000,371,twitter_cluster24-d902b6db2e1d88d9b44c94c5f4425b80,0.0,0.00043178582343340183,
twitter_cluster24,3289457233,0.1,1,301,hits,LRU,,393169.2809454126,1361.0,0.0288791959497106,1361,50000,2,twitter_cluster24-fd1eace7a291b130650e80b0457ee992,0.0012427196070494972,0.0012427196070494972,
twitter_cluster24,3289457233,0.1,1,301,disabled,LRU,,659719.2956822515,,0.0301219155567601,0,50000,371,twitter_cluster24-be4ef34655f2adfc36ef5c8997a01097,0.0,0.0,
twitter_cluster24,3289457233,0.1,1,301,free-mem,LRU,,800031.8718349845,1.0,0.0301961287119126,1,50000,2,twitter_cluster24-d41eba4be92d8381d92aa508adbd2978,-7.421315515250201e-05,-7.421315515250201e-05,
twitter_cluster24,3289457233,0.1,1,301,marginal-hits,LRU,,660624.6022245915,65638.0,0.030080470421486,65638,50000,2,twitter_cluster24-d311f1161ab527ade42ee946a41101c0,4.1445135274098543e-05,4.1445135274098543e-05,
twitter_cluster24,3289457233,0.1,1,301,marginal-hits-tuned,LRU,,800475.2858258139,184.0,0.0261557940735203,184,50000,2,twitter_cluster24-051c4f0f6e4a4df9286a1be161ba2ce7,0.003966121483239798,0.003966121483239798,0.0039246763479657
twitter_cluster24,3289457233,0.1,1,301,tail-age,LRU,,433861.2267690738,51.0,0.0268557095419151,51,50000,2,twitter_cluster24-1335ba792e3e2232dbc77f0356205ecf,0.0032662060148449974,0.0032662060148449974,
twitter_cluster24,3289457233,0.1,1,301,marginal-hits,LRU2Q,cold,799208.438143433,65638.0,0.0296968998471852,65638,50000,2,twitter_cluster24-a5749bf253db9af37de0e965b47ce0b8,-0.0007464091569176004,0.00042501570957489965,
twitter_cluster24,3289457233,0.1,1,301,free-mem,LRU2Q,,799925.0499721663,1.0,0.0290214102929484,1,50000,2,twitter_cluster24-61fb31e9dccc1e25874325f9b0f94d0a,-7.091960268080025e-05,0.0011005052638116998,
twitter_cluster24,3289457233,0.1,1,301,marginal-hits-tuned,LRU2Q,cold,661342.3702368512,201.0,0.0239589082385251,201,50000,2,twitter_cluster24-3bfa630d217d9c42630c6578ea734dda,0.004991582451742499,0.006163007318234999,0.005737991608660099
twitter_cluster24,3289457233,0.1,1,301,disabled,LRU2Q,,800719.3965336023,,0.0289504906902676,0,50000,371,twitter_cluster24-fd06277dd7fb1f78907592d3f45a3731,0.0,0.0011714248664925,
twitter_cluster24,3289457233,0.1,1,301,hits,LRU2Q,,799575.6958704342,1263.0,0.0273711295276171,1263,50000,2,twitter_cluster24-22012fd41bd81278bcb056857c4ab750,0.0015793611626504986,0.0027507860291429986,
twitter_cluster24,3289457233,0.1,1,301,tail-age,LRU2Q,,434422.1271360124,2090.0,0.026115950114254,2090,50000,2,twitter_cluster24-8548c69d3d9e2d4dc2389140cf9260d2,0.002834540576013598,0.004005965442506098,
twitter_cluster24,3289457233,0.1,1,301,marginal-hits-tuned,TINYLFU,,392698.6787842241,265.0,0.0255270751531913,265,50000,2,twitter_cluster24-b79bd043e5f4e6b02a3bacf2e1bbd325,0.004538988028241701,0.004594840403568799,0.004468148377960699
twitter_cluster24,3289457233,0.1,1,301,tail-age,TINYLFU,,214492.2268251408,8267.0,0.0276312526845367,8267,50000,2,twitter_cluster24-7513fe7aa0453e0e5b9f158d0479655e,0.002434810496896301,0.002490662872223399,
twitter_cluster24,3289457233,0.1,1,301,disabled,TINYLFU,,393075.87388230686,,0.030066063181433,0,50000,371,twitter_cluster24-37c3cb28cc75f2bd6ffb5a7b513c7313,0.0,5.585237532709786e-05,
twitter_cluster24,3289457233,0.1,1,301,marginal-hits,TINYLFU,,331191.03740199213,65638.0,0.029995223531152,65638,50000,2,twitter_cluster24-29155f259b0b3749eba6cd6afc67c395,7.083965028100228e-05,0.00012669202560810014,
twitter_cluster24,3289457233,0.1,1,301,hits,TINYLFU,,392935.3305370589,1332.0,0.0272111599755825,1332,50000,2,twitter_cluster24-b998e5bc7d2731eba66cd4d590a0678b,0.0028549032058505022,0.0029107555811776,
twitter_cluster24,3289457233,0.1,1,301,free-mem,TINYLFU,,613305.9457215837,1.0,0.0301408572834909,1,50000,2,twitter_cluster24-97c5b694209894a3e76d4fdff22ef6ec,-7.479410205789988e-05,-1.8941726730802022e-05,
twitter_cluster29,6920247859,0.002,1,158,disabled,LRU,,748008.2426246635,,0.2074921922243826,0,50000,1192,twitter_cluster29-036f253d3ad412a39ee822b421c1f087,0.0,0.0,
twitter_cluster29,6920247859,0.002,1,158,marginal-hits,LRU,,575014.2149516346,138385.0,0.1660524733237015,138385,50000,5,twitter_cluster29-334e8eb863f1506fa249e1d681281372,0.0414397189006811,0.0414397189006811,
twitter_cluster29,6920247859,0.002,1,158,free-mem,LRU,,740731.2586483301,5.0,0.2082176551127487,5,50000,5,twitter_cluster29-b99e4f28b960d90951cad84785ac8ea7,-0.0007254628883661129,-0.0007254628883661129,
twitter_cluster29,6920247859,0.002,1,158,hits,LRU,,652311.0087885978,877.0,0.1654920871816131,877,50000,5,twitter_cluster29-92a832fd9d861c6dcbfc7e77fe898545,0.04200010504276949,0.04200010504276949,
twitter_cluster29,6920247859,0.002,1,158,tail-age,LRU,,592883.9355936192,44.0,0.1909359907220051,44,50000,5,twitter_cluster29-9d1a6569d479e2c2a184bd524de579f3,0.016556201502377493,0.016556201502377493,
twitter_cluster29,6920247859,0.002,1,158,marginal-hits-tuned,LRU,,752667.9596226728,547.0,0.1597020986123613,547,50000,5,twitter_cluster29-7acdb02db131174671ed588c9b0ed7eb,0.0477900936120213,0.0477900936120213,0.006350374711340201
twitter_cluster29,6920247859,0.002,1,158,free-mem,LRU2Q,,743686.4190499287,5.0,0.1882451356573585,5,50000,5,twitter_cluster29-772036ff11c1e32cfa03206e57510a2b,-0.0005679712750299992,0.01924705656702408,
twitter_cluster29,6920247859,0.002,1,158,marginal-hits,LRU2Q,cold,694382.3731363276,138385.0,0.1595996021390481,138385,50000,5,twitter_cluster29-8962002d6593af7d5b261b888eb30cd7,0.028077562243280396,0.047892590085334474,
twitter_cluster29,6920247859,0.002,1,158,marginal-hits-tuned,LRU2Q,cold,644487.0243565697,553.0,0.1470838858287778,553,50000,5,twitter_cluster29-6dff19ed6577263a47adacfae6e3a222,0.040593278553550716,0.060408306395604794,0.01251571631027032
twitter_cluster29,6920247859,0.002,1,158,hits,LRU2Q,,623733.282272678,1302.0,0.1514188926972073,1302,50000,5,twitter_cluster29-63b2b950e44a74f5153f7e96fcb7c660,0.03625827168512122,0.056073299527175297,
twitter_cluster29,6920247859,0.002,1,158,disabled,LRU2Q,,622474.0849990542,,0.1876771643823285,0,50000,1192,twitter_cluster29-722b552d49d195ead17035fd57b153a5,0.0,0.019815027842054078,
twitter_cluster29,6920247859,0.002,1,158,tail-age,LRU2Q,,567783.8224507624,83.0,0.2023318059596686,83,50000,5,twitter_cluster29-c275468e1ad13d5d91a65f7cf18d337b,-0.014654641577340088,0.00516038626471399,
twitter_cluster29,6920247859,0.002,1,158,disabled,TINYLFU,,521824.5603987479,,0.2046387191404209,0,50000,1192,twitter_cluster29-ef67123d243f8658893c966a0c561469,0.0,0.002853473083961694,
twitter_cluster29,6920247859,0.002,1,158,free-mem,TINYLFU,,514961.0716733104,5.0,0.205009019605406,5,50000,5,twitter_cluster29-92b4ed423d5458e0e70dcdaef5fbc2aa,-0.00037030046498509606,0.002483172618976598,
twitter_cluster29,6920247859,0.002,1,158,tail-age,TINYLFU,,517299.1069194304,101075.0,0.1890020979955192,101075,50000,5,twitter_cluster29-8813019d4aa9c2603281d81bfe99ab81,0.01563662114490169,0.018490094228863385,
twitter_cluster29,6920247859,0.002,1,158,marginal-hits,TINYLFU,,548747.5001958075,138385.0,0.1618178258664015,138385,50000,5,twitter_cluster29-3d74fa9149a8819b2ec907b277344572,0.04282089327401939,0.04567436635798108,
twitter_cluster29,6920247859,0.002,1,158,hits,TINYLFU,,563999.1556084587,1134.0,0.1529542758534886,1134,50000,5,twitter_cluster29-520e86bccc880c4c9fcd627ec566db19,0.05168444328693228,0.054537916370893974,
twitter_cluster29,6920247859,0.002,1,158,marginal-hits-tuned,TINYLFU,,488901.1409756577,636.0,0.1522807696301618,636,50000,5,twitter_cluster29-be7f5b19fe6ddad17ea7af051fa2633e,0.0523579495102591,0.055211422594220794,0.00953705623623971
twitter_cluster29,6920247859,0.005,1,395,hits,LRU,,651275.0684802624,3491.0,0.1185709211170611,3491,50000,4,twitter_cluster29-930a4295f2618fc98a9bc4870cf24b28,0.01810076612170658,0.01810076612170658,
twitter_cluster29,6920247859,0.005,1,395,marginal-hits,LRU,,580440.506188338,138310.0,0.1160808892061968,138310,50000,4,twitter_cluster29-380ffca866206e2c75f4e83a22a1b210,0.020590798032570884,0.020590798032570884,
twitter_cluster29,6920247859,0.005,1,395,tail-age,LRU,,538926.7350915999,657.0,0.1264617876167316,657,50000,4,twitter_cluster29-83216581a441a8239df176c2002b299e,0.010209899622036084,0.010209899622036084,
twitter_cluster29,6920247859,0.005,1,395,marginal-hits-tuned,LRU,,580857.1787429962,684.0,0.1107179074523376,684,50000,4,twitter_cluster29-515afce5c736dd11c0e3e46d44f8d6c0,0.025953779786430084,0.025953779786430084,0.0053629817538592
twitter_cluster29,6920247859,0.005,1,395,disabled,LRU,,651959.8360359601,,0.1366716872387677,0,50000,1112,twitter_cluster29-449343edcab4dd2ff16e8d34a733af35,0.0,0.0,
twitter_cluster29,6920247859,0.005,1,395,free-mem,LRU,,730041.9365387267,4.0,0.1367614074355945,4,50000,4,twitter_cluster29-ce0a3b65268884257beb150a94466e93,-8.97201968268202e-05,-8.97201968268202e-05,
twitter_cluster29,6920247859,0.005,1,395,marginal-hits-tuned,LRU2Q,cold,578676.6336687445,715.0,0.1058188635610255,715,50000,4,twitter_cluster29-2ce5c73bd1c80ac70f227f8da32aee80,0.019999462999003,0.030852823677742183,0.008166905745506992
twitter_cluster29,6920247859,0.005,1,395,marginal-hits,LRU2Q,cold,580864.3141201839,138310.0,0.1139857693065325,138310,50000,4,twitter_cluster29-015759d470abd676e74b9e51244ee9c6,0.01183255725349601,0.02268591793223519,
twitter_cluster29,6920247859,0.005,1,395,disabled,LRU2Q,,583592.5358009449,,0.1258183265600285,0,50000,1112,twitter_cluster29-37cc0997c3dbea35899716428381260f,0.0,0.010853360678739182,
twitter_cluster29,6920247859,0.005,1,395,free-mem,LRU2Q,,727132.9474829627,4.0,0.1259062411856887,4,50000,4,twitter_cluster29-8cf3c9b0f066aa6fdec281794bac7da6,-8.791462566018482e-05,0.010765446053078997,
twitter_cluster29,6920247859,0.005,1,395,tail-age,LRU2Q,,509558.1692823568,2024.0,0.1350002814978653,2024,50000,4,twitter_cluster29-d87f8272ee39331153ea45ff91e591c1,-0.0091819549378368,0.001671405740902382,
twitter_cluster29,6920247859,0.005,1,395,hits,LRU2Q,,728215.3371042296,3634.0,0.1075121123056872,3634,50000,4,twitter_cluster29-4636a82a1768e731efea7bceb5584c30,0.0183062142543413,0.02915957493308048,
twitter_cluster29,6920247859,0.005,1,395,tail-age,TINYLFU,,467046.4916809423,77481.0,0.1319029888232793,77481,50000,4,twitter_cluster29-83c37bfe4a049624869b3a55ecb69e4a,0.003118755200643808,0.004768698415488382,
twitter_cluster29,6920247859,0.005,1,395,marginal-hits-tuned,TINYLFU,,538778.6798302159,613.0,0.1071775640283464,613,50000,4,twitter_cluster29-20e595e2bc9d64392598c5a4e2fb9576,0.027844179995576715,0.02949412321042129,0.006982695849131498
twitter_cluster29,6920247859,0.005,1,395,marginal-hits,TINYLFU,,605023.3257868444,138310.0,0.1141602598774779,138310,50000,4,twitter_cluster29-c5f2a3a66ea81f6d3bd54ab1453fe67d,0.020861484146445217,0.02251142736128979,
twitter_cluster29,6920247859,0.005,1,395,disabled,TINYLFU,,602353.374718916,,0.1350217440239231,0,50000,1112,twitter_cluster29-b4a1872828f3c78847520edc24f8389d,0.0,0.0016499432148445736,
twitter_cluster29,6920247859,0.005,1,395,hits,TINYLFU,,536981.1133843984,3558.0,0.1089174774310638,3558,50000,4,twitter_cluster29-66973de8fd7ef0fe8086d5b04dc0949a,0.026104266592859318,0.027754209807703892,
twitter_cluster29,6920247859,0.005,1,395,free-mem,TINYLFU,,565814.0755440484,4.0,0.1350843531975868,4,50000,4,twitter_cluster29-02d3d4d4662934e3f842acae2c4c709b,-6.260917366368579e-05,0.0015873340411808878,
twitter_cluster29,6920247859,0.01,1,790,tail-age,LRU,,367576.4485670988,623.0,0.0980012915459362,623,50000,4,twitter_cluster29-32d1b9ba99130991b81b3041d7f3e289,0.003665659166674093,0.003665659166674093,
twitter_cluster29,6920247859,0.01,1,790,marginal-hits-tuned,LRU,,320908.6510062478,827.0,0.0822061597490535,827,50000,4,twitter_cluster29-503b90e9d88feafed39ab884fafbaf65,0.019460790963556795,0.019460790963556795,0.005715096020522503
twitter_cluster29,6920247859,0.01,1,790,marginal-hits,LRU,,367602.195460706,138075.0,0.087921255769576,138075,50000,4,twitter_cluster29-58cdf1b1806b3e2ed8efbcb3265acb1c,0.013745694943034292,0.013745694943034292,
twitter_cluster29,6920247859,0.01,1,790,hits,LRU,,367805.2320881869,4074.0,0.0880275476271781,4074,50000,4,twitter_cluster29-5525fd0c8493e0b9cb234f03f0901771,0.013639403085432197,0.013639403085432197,
twitter_cluster29,6920247859,0.01,1,790,free-mem,LRU,,367687.97687059233,4.0,0.1023109285138106,4,50000,4,twitter_cluster29-ce3b8220113e43569fcd5402f15d5f4e,-0.0006439778012003045,-0.0006439778012003045,
twitter_cluster29,6920247859,0.01,1,790,disabled,LRU,,320318.30521867337,,0.1016669507126103,0,50000,1112,twitter_cluster29-15ff50fe03344feefe1c30e5b73fac76,0.0,0.0,
twitter_cluster29,6920247859,0.01,1,790,tail-age,LRU2Q,,253221.17213989564,2095.0,0.0993349563492853,2095,50000,4,twitter_cluster29-33771b57dc6a2ca62b2079a24cd101a6,-0.006475410695257297,0.002331994363324999,
twitter_cluster29,6920247859,0.01,1,790,free-mem,LRU2Q,,367879.501571016,4.0,0.0934914561128871,4,50000,4,twitter_cluster29-986a7bd1addaac5d87ea2562c641c875,-0.0006319104588591029,0.008175494599723193,
twitter_cluster29,6920247859,0.01,1,790,marginal-hits,LRU2Q,cold,320713.91920569626,138075.0,0.0888569345388818,138075,50000,3,twitter_cluster29-db1b6873cb40cc55603b1cbb97ba0405,0.004002611115146201,0.012810016173728497,
twitter_cluster29,6920247859,0.01,1,790,marginal-hits-tuned,LRU2Q,cold,320675.72731790703,1074.0,0.0772324604392468,1074,50000,4,twitter_cluster29-605cbf6ceb999ccdfa447bdfe6b9a936,0.015627085214781206,0.0244344902733635,0.011624474099635004
twitter_cluster29,6920247859,0.01,1,790,disabled,LRU2Q,,320785.8273449016,,0.092859545654028,0,50000,1112,twitter_cluster29-d83126863df2e19c6b96194a3b17f251,0.0,0.008807405058582296,
twitter_cluster29,6920247859,0.01,1,790,hits,LRU2Q,,368036.2356923932,4014.0,0.081009711129192,4014,50000,4,twitter_cluster29-3e17cd799727f185176828fa76faf324,0.011849834524835998,0.020657239583418294,
twitter_cluster29,6920247859,0.01,1,790,marginal-hits,TINYLFU,,241316.42485848317,138075.0,0.087260828846564,138075,50000,4,twitter_cluster29-14680cc22ec243e19e7adfa55413ba10,0.014434961584516806,0.014406121866046298,
twitter_cluster29,6920247859,0.01,1,790,hits,TINYLFU,,253342.44070701988,4124.0,0.0818930478426379,4124,50000,4,twitter_cluster29-bb71f020d8a82ecd815c1394242e3e0a,0.019802742588442904,0.019773902869972396,
twitter_cluster29,6920247859,0.01,1,790,tail-age,TINYLFU,,236903.98263522677,52339.0,0.1021077013998899,52339,50000,4,twitter_cluster29-b9455a483c2ed7fc2d9eca7bb454c1b3,-0.00041191096880908995,-0.000440750687279598,
twitter_cluster29,6920247859,0.01,1,790,marginal-hits-tuned,TINYLFU,,253555.73448757705,908.0,0.0797627935077693,908,50000,4,twitter_cluster29-81971f407e867bf89419517f043713f4,0.021932996923311507,0.021904157204841,0.007498035338794701
twitter_cluster29,6920247859,0.01,1,790,disabled,TINYLFU,,303940.74382017105,,0.1016957904310808,0,50000,1112,twitter_cluster29-bf99d14307d2706262b2e65d23ea75a4,0.0,-2.8839718470508036e-05,
twitter_cluster29,6920247859,0.01,1,790,free-mem,TINYLFU,,236787.7194783141,4.0,0.1023061736263166,4,50000,4,twitter_cluster29-959b14f47120e32c61e0561e5301a29c,-0.0006103831952357919,-0.0006392229137062999,
twitter_cluster29,6920247859,0.02,1,1579,marginal-hits-tuned,LRU,,540646.5591861714,882.0,0.0629247486321862,882,50000,2,twitter_cluster29-998ef2a1b20462101d1f578d45ae4cf2,0.01205175012503841,0.01205175012503841,0.014884286386656106
twitter_cluster29,6920247859,0.02,1,1579,marginal-hits,LRU,,650587.4416239344,137305.0,0.0778090350188423,137305,50000,1,twitter_cluster29-29e9b29800d3c863c6a7a5e64b18dfda,-0.0028325362616176963,-0.0028325362616176963,
twitter_cluster29,6920247859,0.02,1,1579,hits,LRU,,608293.698490036,4735.0,0.0661872163154264,4735,50000,2,twitter_cluster29-b1815e8a5238e134535890deb625d8c9,0.008789282441798205,0.008789282441798205,
twitter_cluster29,6920247859,0.02,1,1579,tail-age,LRU,,596514.795950095,883.0,0.074504739498522,883,50000,2,twitter_cluster29-37666db6843eae9faa06ac00c2a4c808,0.00047175925870260316,0.00047175925870260316,
twitter_cluster29,6920247859,0.02,1,1579,free-mem,LRU,,658784.9027771624,2.0,0.0750985873033597,2,50000,2,twitter_cluster29-6423dc2e99590d30389de5604dfbb1c1,-0.00012208854613510178,-0.00012208854613510178,
twitter_cluster29,6920247859,0.02,1,1579,disabled,LRU,,652859.5865492405,,0.0749764987572246,0,50000,92,twitter_cluster29-db410ce793244d54221955f3fad81f77,0.0,0.0,
twitter_cluster29,6920247859,0.02,1,1579,disabled,LRU2Q,,653245.121434455,,0.0690412356225982,0,50000,92,twitter_cluster29-b0b01ef0f03e4be67c58a6e3c80de2f1,0.0,0.005935263134626403,
twitter_cluster29,6920247859,0.02,1,1579,tail-age,LRU2Q,,385956.1062001118,1993.0,0.0702214634361696,1993,50000,2,twitter_cluster29-b2a86ab7a095a5aca9d8c893284e6851,-0.0011802278135713967,0.004755035321055007,
twitter_cluster29,6920247859,0.02,1,1579,hits,LRU2Q,,531229.5700787863,4779.0,0.0616002988166958,4779,50000,2,twitter_cluster29-fbc6f1b4474dc45b6f21720da02f4224,0.0074409368059024025,0.013376199940528806,
twitter_cluster29,6920247859,0.02,1,1579,marginal-hits,LRU2Q,cold,638769.0710804305,137305.0,0.0790012015666446,137305,50000,0,twitter_cluster29-b550181a4622e47baf6c616e7aba2ed8,-0.009959965944046398,-0.004024702809419994,
twitter_cluster29,6920247859,0.02,1,1579,marginal-hits-tuned,LRU2Q,cold,585819.0903243473,1082.0,0.0582174373243066,1082,50000,2,twitter_cluster29-b3b5686bd1afc0d59e52b4acf12d2129,0.010823798298291602,0.016759061432918006,0.020783764242338
twitter_cluster29,6920247859,0.02,1,1579,free-mem,LRU2Q,,654064.6200536946,2.0,0.0691408624010095,2,50000,2,twitter_cluster29-4f4f39168cacc673e89c0388ac692306,-9.962677841129919e-05,0.005835636356215104,
twitter_cluster29,6920247859,0.02,1,1579,free-mem,TINYLFU,,467675.7706009204,2.0,0.0749172823811136,2,50000,2,twitter_cluster29-97662fb75dacd6e74375d17da6389249,-0.00010878006327780243,5.9216376111004276e-05,
twitter_cluster29,6920247859,0.02,1,1579,marginal-hits-tuned,TINYLFU,,447443.1640100132,999.0,0.0621622097596605,999,50000,2,twitter_cluster29-8166ccdd40b4cadfac2a982f7386efd2,0.012646292558175301,0.012814288997564108,0.015239403002429402
twitter_cluster29,6920247859,0.02,1,1579,marginal-hits,TINYLFU,,451381.6613728319,137305.0,0.0774016127620899,137305,50000,1,twitter_cluster29-2bd773dd50d18e792245b8714359c30e,-0.0025931104442541014,-0.0024251140048652947,
twitter_cluster29,6920247859,0.02,1,1579,disabled,TINYLFU,,447162.95449184015,,0.0748085023178358,0,50000,92,twitter_cluster29-096ee9532e7a732831a3c478ce0f6241,0.0,0.0001679964393888067,
twitter_cluster29,6920247859,0.02,1,1579,tail-age,TINYLFU,,452892.6240884584,38297.0,0.0784600596774665,38297,50000,2,twitter_cluster29-0e6f3478d11402116045944908408e0c,-0.0036515573596307,-0.0034835609202418932,
twitter_cluster29,6920247859,0.02,1,1579,hits,TINYLFU,,440814.013150687,4571.0,0.0633786148901578,4571,50000,2,twitter_cluster29-e7352acb898e3e93c470528732f1e0d6,0.011429887427678004,0.01159788386706681,
twitter_cluster29,6920247859,0.05,1,3946,hits,LRU,,439073.25633262703,4742.0,0.0492802815662848,4742,50000,1,twitter_cluster29-5c3268ab4d987f0d519e637a191b8a20,0.0064269651761326985,0.0064269651761326985,
twitter_cluster29,6920247859,0.05,1,3946,disabled,LRU,,452644.2554931494,,0.0557072467424175,0,50000,36,twitter_cluster29-75513b3998677ddbb9ee0e6153d398ef,0.0,0.0,
twitter_cluster29,6920247859,0.05,1,3946,marginal-hits,LRU,,584290.5920379871,134364.0,0.0722944750236582,134364,50000,0,twitter_cluster29-816eab537281b3f4fe9dd67fee5282d2,-0.0165872282812407,-0.0165872282812407,
twitter_cluster29,6920247859,0.05,1,3946,marginal-hits-tuned,LRU,,376153.7235803382,1439.0,0.0493169649344491,1439,50000,1,twitter_cluster29-9c806ba39f6579f09fdd00c4777fc745,0.006390281807968398,0.006390281807968398,0.022977510089209098
twitter_cluster29,6920247859,0.05,1,3946,tail-age,LRU,,447306.12048777816,1416.0,0.0562333095474174,1416,50000,1,twitter_cluster29-af9414bd8d98cb0c69d9df85a081874f,-0.0005260628049999008,-0.0005260628049999008,
twitter_cluster29,6920247859,0.05,1,3946,free-mem,LRU,,467439.0729603991,1.0,0.0557186538482913,1,50000,1,twitter_cluster29-7ebcd2bd4ee74e2f48436943ac890445,-1.1407105873800782e-05,-1.1407105873800782e-05,
twitter_cluster29,6920247859,0.05,1,3946,disabled,LRU2Q,,448493.07630781503,,0.0517901656562616,0,50000,36,twitter_cluster29-47046f7ad043ba91845be413695da5b2,0.0,0.003917081086155898,
twitter_cluster29,6920247859,0.05,1,3946,hits,LRU2Q,,364174.6402005596,4714.0,0.0463919116108641,4714,50000,1,twitter_cluster29-4a5b8bc3e70a518fa16787076927fb6b,0.005398254045397496,0.009315335131553394,
twitter_cluster29,6920247859,0.05,1,3946,marginal-hits,LRU2Q,cold,541061.8458446071,134329.0,0.0738239283345299,134329,50000,0,twitter_cluster29-5bf3e1e0e3b517a163daa7b53bff8d53,-0.0220337626782683,-0.018116681592112403,
twitter_cluster29,6920247859,0.05,1,3946,marginal-hits-tuned,LRU2Q,cold,446647.9349880305,1350.0,0.0467531034425626,1350,50000,1,twitter_cluster29-0a99b035db5f9266a67d235f83ec5eee,0.005037062213698998,0.008954143299854896,0.0270708248919673
twitter_cluster29,6920247859,0.05,1,3946,tail-age,LRU2Q,,355642.3088906094,2190.0,0.0493824537737557,2190,50000,1,twitter_cluster29-4ad77faa699d5ba779dde617f7550ce9,0.0024077118825059016,0.006324792968661799,
twitter_cluster29,6920247859,0.05,1,3946,free-mem,LRU2Q,,466210.8718577895,1.0,0.0518012398260835,1,50000,1,twitter_cluster29-ada970d3fdf51888c2469ffd1b7e1cab,-1.1074169821899404e-05,0.0039060069163339983,
twitter_cluster29,6920247859,0.05,1,3946,tail-age,TINYLFU,,361050.4921942433,25608.0,0.0584763868643393,25608,50000,1,twitter_cluster29-c1b6bd542d81c64fadd8a3f55a38dfa2,-0.002607131762850899,-0.0027691401219218023,
twitter_cluster29,6920247859,0.05,1,3946,marginal-hits,TINYLFU,,361154.6666728675,134365.0,0.071772298640149,134365,50000,0,twitter_cluster29-f618f2a4c88f89c980675c735f2791a8,-0.0159030435386606,-0.016065051897731504,
twitter_cluster29,6920247859,0.05,1,3946,disabled,TINYLFU,,361980.9751294938,,0.0558692551014884,0,50000,36,twitter_cluster29-3ac3c70f19ad8121036380297054e9a9,0.0,-0.00016200835907090316,
twitter_cluster29,6920247859,0.05,1,3946,free-mem,TINYLFU,,439966.53410216497,1.0,0.0558808954360026,1,50000,1,twitter_cluster29-6043ee000d106beeff6a2c4971abe83d,-1.1640334514201323e-05,-0.00017364869358510449,
twitter_cluster29,6920247859,0.05,1,3946,marginal-hits-tuned,TINYLFU,,332859.42566967726,1358.0,0.0495345892205564,1358,50000,1,twitter_cluster29-36a4909f580c3d050e895e6527f52485,0.006334665880931997,0.006172657521861094,0.022237709419592598
twitter_cluster29,6920247859,0.05,1,3946,hits,TINYLFU,,318719.1773951791,4726.0,0.0484303091202329,4726,50000,1,twitter_cluster29-790acb5f9a975cfab667ff4a4af3acf2,0.007438945981255503,0.0072769376221846,
twitter_cluster29,6920247859,0.1,1,7891,marginal-hits-tuned,LRU,,216267.5423804964,1193.0,0.0454604842788767,1193,50000,1,twitter_cluster29-cb9b15291acc208a8dc39054f845f5aa,0.0020355279589704955,0.0020355279589704955,0.0222736961364089
twitter_cluster29,6920247859,0.1,1,7891,marginal-hits,LRU,,253182.17196250035,129154.0,0.0677341804152856,129154,50000,0,twitter_cluster29-0408cbeaff989c800fd9dc4f9b2a4fe9,-0.020238168177438405,-0.020238168177438405,
twitter_cluster29,6920247859,0.1,1,7891,hits,LRU,,188830.2830774513,5022.0,0.042169886967339,5022,50000,1,twitter_cluster29-4393ddc60eae7bb3362a633e474e1418,0.0053261252705082,0.0053261252705082,
twitter_cluster29,6920247859,0.1,1,7891,disabled,LRU,,203131.02673626613,,0.0474960122378472,0,50000,36,twitter_cluster29-b93ec0d0727d9cf673d8f3d924f0e302,0.0,0.0,
twitter_cluster29,6920247859,0.1,1,7891,tail-age,LRU,,189847.77866638455,1994.0,0.0477694004225694,1994,50000,1,twitter_cluster29-ccc730fce3d4a157c3963b9434849e69,-0.0002733881847222022,-0.0002733881847222022,
twitter_cluster29,6920247859,0.1,1,7891,free-mem,LRU,,216585.83922800905,1.0,0.047500757443607,1,50000,1,twitter_cluster29-6ff960f02e199ae11719efdf709e1e17,-4.745205759805471e-06,-4.745205759805471e-06,
twitter_cluster29,6920247859,0.1,1,7891,disabled,LRU2Q,,203246.04154485965,,0.0446492984493548,0,50000,36,twitter_cluster29-5e871092a35585d82dc4e73c48813e15,0.0,0.002846713788492397,
twitter_cluster29,6920247859,0.1,1,7891,free-mem,LRU2Q,,204256.1968075095,1.0,0.044653171865531,1,50000,1,twitter_cluster29-124f85061c4142f7b42ee833df7ad2aa,-3.873416176199129e-06,0.002842840372316198,
twitter_cluster29,6920247859,0.1,1,7891,tail-age,LRU2Q,,188851.98109750627,2857.0,0.0434106837097321,2857,50000,1,twitter_cluster29-e6b1ccee07575681a363180e9435f6d8,0.0012386147396227024,0.0040853285281150994,
twitter_cluster29,6920247859,0.1,1,7891,marginal-hits-tuned,LRU2Q,cold,203630.7937177724,523.0,0.0437665268890768,523,50000,1,twitter_cluster29-f1f3c987f00aaaf2587250a942edfff3,0.000882771560278002,0.003729485348770399,0.026921854360708097
twitter_cluster29,6920247859,0.1,1,7891,marginal-hits,LRU2Q,cold,236998.8027596528,129024.0,0.0706883812497849,129024,50000,0,twitter_cluster29-b4e6f8eb5eda885d9b4fe1aec1c5c63a,-0.026039082800430095,-0.023192369011937698,
twitter_cluster29,6920247859,0.1,1,7891,hits,LRU2Q,,198466.0035106887,5016.0,0.0408884649459489,5016,50000,1,twitter_cluster29-4e76fac5cc5932bbbf7d2aa2b2af58e7,0.0037608335034058984,0.0066075472918982955,
twitter_cluster29,6920247859,0.1,1,7891,hits,TINYLFU,,188791.30635065224,5014.0,0.0419372005039624,5014,50000,1,twitter_cluster29-cece37f8607e318133a29fff234a6d16,0.005686551378188201,0.005558811733884797,
twitter_cluster29,6920247859,0.1,1,7891,marginal-hits,TINYLFU,,216442.70280808615,129154.0,0.0669744875390885,129154,50000,0,twitter_cluster29-75b6a46390e4c9d41f76402503173f6d,-0.019350735656937894,-0.019478475301241298,
twitter_cluster29,6920247859,0.1,1,7891,marginal-hits-tuned,TINYLFU,,186580.3878421072,1100.0,0.0457091260956235,1100,50000,1,twitter_cluster29-c4eecc7e913b3f95cdfc8d2dab20759a,0.0019146257865271035,0.0017868861422236995,0.021265361443464997
twitter_cluster29,6920247859,0.1,1,7891,tail-age,TINYLFU,,199199.10977116667,21499.0,0.0493747828057382,21499,50000,1,twitter_cluster29-f685a8c903b79a12986ad87d1c19c892,-0.001751030923587596,-0.001878770567891,
twitter_cluster29,6920247859,0.1,1,7891,free-mem,TINYLFU,,178880.53291676153,1.0,0.0476285456410846,1,50000,1,twitter_cluster29-159e4e7972143b235e2fe3fb40b35eac,-4.793758934001913e-06,-0.00013253340323740592,
twitter_cluster29,6920247859,0.1,1,7891,disabled,TINYLFU,,182889.72716868183,,0.0476237518821506,0,50000,36,twitter_cluster29-e37b00c526881054b7ecc783efa47eff,0.0,-0.000127739644303404,
twitter_cluster44,5702089313,0.01,1,50,disabled,LRU,,642393.5108718869,,0.119905939466999,0,50000,0,twitter_cluster44-a35f2faaa76174030bfc82e3e218482f,0.0,0.0,
twitter_cluster44,5702089313,0.01,1,50,free-mem,LRU,,607305.942867811,,0.119905939466999,0,50000,0,twitter_cluster44-8c03f406a6b15d3c14db6d6cdbc3f396,0.0,0.0,
twitter_cluster44,5702089313,0.01,1,50,hits,LRU,,650267.038879789,15.0,0.1191297906280269,15,50000,0,twitter_cluster44-92e299c500589f50f7d0295c70e7e736,0.0007761488389721044,0.0007761488389721044,
twitter_cluster44,5702089313,0.01,1,50,marginal-hits,LRU,,312846.885050908,66025.0,0.131308171601766,66025,50000,0,twitter_cluster44-b8d851e1936a5219bc4b1f3601bbd143,-0.011402232134767001,-0.011402232134767001,
twitter_cluster44,5702089313,0.01,1,50,tail-age,LRU,,636447.7010670074,11.0,0.1153955672879163,11,50000,0,twitter_cluster44-f9834abafe683b602574c115c2dd1a05,0.004510372179082692,0.004510372179082692,
twitter_cluster44,5702089313,0.01,1,50,marginal-hits-tuned,LRU,,544935.6805672336,1763.0,0.1149137074205628,1763,50000,0,twitter_cluster44-47381ae81cae78311b92f3b8d2499a72,0.004992232046436201,0.004992232046436201,0.016394464181203203
twitter_cluster44,5702089313,0.01,1,50,hits,LRU2Q,,665287.3012987978,15.0,0.1104162254289123,15,50000,0,twitter_cluster44-6ec7b73c4fa3f745d9a3678cbb3fa79b,0.001060779771760098,0.009489714038086697,
twitter_cluster44,5702089313,0.01,1,50,disabled,LRU2Q,,651353.6741942012,,0.1114770052006724,0,50000,0,twitter_cluster44-34e25d7151e389326a13e74c2f8e55ee,0.0,0.008428934266326599,
twitter_cluster44,5702089313,0.01,1,50,free-mem,LRU2Q,,652324.1443781157,,0.1114770052006724,0,50000,0,twitter_cluster44-02218ede6481e98c8eadf2988b0061c4,0.0,0.008428934266326599,
twitter_cluster44,5702089313,0.01,1,50,marginal-hits-tuned,LRU2Q,cold,637496.0758684042,995.0,0.106641975356937,995,50000,0,twitter_cluster44-8bbe094b82e23cc8064e54f60fb93d96,0.0048350298437354056,0.013263964110062004,0.0241301892073678
twitter_cluster44,5702089313,0.01,1,50,tail-age,LRU2Q,,612742.5397461879,11.0,0.1067864208320582,11,50000,0,twitter_cluster44-d87b1a811a4c49bd6c41933dd0e8335f,0.004690584368614206,0.013119518634940805,
twitter_cluster44,5702089313,0.01,1,50,marginal-hits,LRU2Q,cold,601899.1157729109,74216.0,0.1307721645643048,74216,50000,0,twitter_cluster44-5a9ad8df9565c5f184d1a22139cb3638,-0.019295159363632394,-0.010866225097305796,
twitter_cluster44,5702089313,0.01,1,50,hits,TINYLFU,,577929.9313756017,15.0,0.1124978871406885,15,50000,0,twitter_cluster44-9a10b4e161392da722c3a416e48cbb56,0.0042026775949238065,0.007408052326310505,
twitter_cluster44,5702089313,0.01,1,50,marginal-hits-tuned,TINYLFU,,555637.1637365288,3917.0,0.1120144182140066,3917,50000,0,twitter_cluster44-dc510a209d8082f6bded1827035693a0,0.004686146521605705,0.007891521252992403,0.01856716866195471
twitter_cluster44,5702089313,0.01,1,50,free-mem,TINYLFU,,603518.2800125087,,0.1167005647356123,0,50000,0,twitter_cluster44-351fb75ee092875250b5e619a4e15031,0.0,0.003205374731386698,
twitter_cluster44,5702089313,0.01,1,50,tail-age,TINYLFU,,569808.8552561502,8385.0,0.1152728196490106,8385,50000,0,twitter_cluster44-872f1251793fd6d27550375ba564cdc8,0.001427745086601706,0.004633119817988404,
twitter_cluster44,5702089313,0.01,1,50,marginal-hits,TINYLFU,,565030.0624314969,65255.0,0.1305815868759613,65255,50000,0,twitter_cluster44-fa5e984c8c69eec20a93056b94b768c7,-0.013881022140349003,-0.010675647408962305,
twitter_cluster44,5702089313,0.01,1,50,disabled,TINYLFU,,576299.3919620825,,0.1167005647356123,0,50000,0,twitter_cluster44-8a29c1ae1640ffe8444c1147605e0b53,0.0,0.003205374731386698,
twitter_cluster44,5702089313,0.02,1,99,disabled,LRU,,794643.1694172298,,0.0839317691690459,0,50000,0,twitter_cluster44-4be0c556d6fed59b3c2807a05254d381,0.0,0.0,
twitter_cluster44,5702089313,0.02,1,99,free-mem,LRU,,760864.6747613093,,0.0839317691690459,0,50000,0,twitter_cluster44-b05cb2b07fd4ec44946182227b58baff,0.0,0.0,
twitter_cluster44,5702089313,0.02,1,99,marginal-hits-tuned,LRU,,770615.9407419903,3831.0,0.0825001028881639,3831,50000,0,twitter_cluster44-ede3e0dd9529c35e14a4305aaf14bde5,0.0014316662808820102,0.0014316662808820102,0.013884969465402006
twitter_cluster44,5702089313,0.02,1,99,hits,LRU,,785419.9087264687,41.0,0.0868363124146666,41,50000,0,twitter_cluster44-3ea562ba15d33d6ed7285dcf919b7994,-0.0029045432456207,-0.0029045432456207,
twitter_cluster44,5702089313,0.02,1,99,tail-age,LRU,,624718.4500548017,55.0,0.0815977429429646,55,50000,0,twitter_cluster44-b11fa5c5cb87173d6b54ad283ec6e04d,0.0023340262260813094,0.0023340262260813094,
twitter_cluster44,5702089313,0.02,1,99,marginal-hits,LRU,,629352.6527071984,65314.0,0.0963850723535659,65314,50000,0,twitter_cluster44-dbfed430b9e3ba944ae08417b7aec776,-0.012453303184519995,-0.012453303184519995,
twitter_cluster44,5702089313,0.02,1,99,hits,LRU2Q,,746421.7520673099,61.0,0.0805411951287687,61,50000,0,twitter_cluster44-d3640e1d147f90d0405abb0c68455b9d,-0.0020915978942682018,0.0033905740402772055,
twitter_cluster44,5702089313,0.02,1,99,disabled,LRU2Q,,742078.236224845,,0.0784495972345005,0,50000,0,twitter_cluster44-891c07e6c9deaceea4acbca3402da249,0.0,0.005482171934545407,
twitter_cluster44,5702089313,0.02,1,99,free-mem,LRU2Q,,790872.2556205854,,0.0784495972345005,0,50000,0,twitter_cluster44-f3ed4c6e7debe0f0d70db3fa2775e9c5,0.0,0.005482171934545407,
twitter_cluster44,5702089313,0.02,1,99,marginal-hits,LRU2Q,cold,685459.7854829422,71153.0,0.0970676404064946,71153,50000,0,twitter_cluster44-11dc6768a3bf57684811a8a4b3b481da,-0.0186180431719941,-0.013135871237448693,
twitter_cluster44,5702089313,0.02,1,99,marginal-hits-tuned,LRU2Q,cold,797322.5079281377,2003.0,0.0764384635306044,2003,50000,0,twitter_cluster44-efc3075f54c6f973fc5baf6678eec2a1,0.0020111337038960925,0.0074933056384415,0.020629176875890193
twitter_cluster44,5702089313,0.02,1,99,tail-age,LRU2Q,,663188.683442805,54.0,0.075984268259742,54,50000,0,twitter_cluster44-5b7b407c6138f66f801e7e4a198ceb81,0.002465328974758499,0.007947500909303906,
twitter_cluster44,5702089313,0.02,1,99,hits,TINYLFU,,639993.3492056883,40.0,0.0827222093706268,40,50000,0,twitter_cluster44-ba9242f050789c8eb95e86908aa8f91c,0.00025796807437700187,0.0012095597984191075,
twitter_cluster44,5702089313,0.02,1,99,disabled,TINYLFU,,572451.1272971184,,0.0829801774450038,0,50000,0,twitter_cluster44-fbe7db37f6b13e370bfb99f75f13bba3,0.0,0.0009515917240421057,
twitter_cluster44,5702089313,0.02,1,99,free-mem,TINYLFU,,582792.6019135345,,0.0829801774450038,0,50000,0,twitter_cluster44-50351560bbd7a6f7d19fbb731731b577,0.0,0.0009515917240421057,
twitter_cluster44,5702089313,0.02,1,99,marginal-hits-tuned,TINYLFU,,606988.9328689331,6329.0,0.0821728281126276,6329,50000,0,twitter_cluster44-7b27b03afa84b5bd1d6401a1138f86d7,0.0008073493323761949,0.0017589410564183006,0.014242157486879792
twitter_cluster44,5702089313,0.02,1,99,tail-age,TINYLFU,,601706.7726311258,6481.0,0.0828933359430878,6481,50000,0,twitter_cluster44-973ff3a42a43c6e7a59377aafb01c6fb,8.684150191599904e-05,0.0010384332259581047,
twitter_cluster44,5702089313,0.02,1,99,marginal-hits,TINYLFU,,548395.786237508,64632.0,0.0964149855995074,64632,50000,0,twitter_cluster44-dfcbf3be393f3de77f79f19ea09d2803,-0.013434808154503597,-0.012483216430461491,
twitter_cluster44,5702089313,0.05,1,246,marginal-hits,LRU,,768308.9486017275,66315.0,0.063726261735599,66315,50000,0,twitter_cluster44-59cb11d20162c498b61990b0a0d554dc,-0.013410285038094105,-0.013410285038094105,
twitter_cluster44,5702089313,0.05,1,246,marginal-hits-tuned,LRU,,760416.178917978,1443.0,0.0499818707417008,1443,50000,0,twitter_cluster44-232f07a246c4a79b2b8570aef90993c8,0.0003341059558040968,0.0003341059558040968,0.013744390993898202
twitter_cluster44,5702089313,0.05,1,246,hits,LRU,,740698.7951735985,80.0,0.0548169617910718,80,50000,0,twitter_cluster44-71a6604da4039ab3014a0bdb6ed87217,-0.004500985093566903,-0.004500985093566903,
twitter_cluster44,5702089313,0.05,1,246,free-mem,LRU,,628976.4406018417,,0.0503159766975049,0,50000,0,twitter_cluster44-acc8c019ad5c662d314bc401060b1a96,0.0,0.0,
twitter_cluster44,5702089313,0.05,1,246,disabled,LRU,,628248.743729476,,0.0503159766975049,0,50000,0,twitter_cluster44-2eb6da94c026b8bde9a3069e9b71e645,0.0,0.0,
twitter_cluster44,5702089313,0.05,1,246,tail-age,LRU,,735135.541721984,171.0,0.0495803456384759,171,50000,0,twitter_cluster44-025ade80db4458a55c5169db2a23e65e,0.0007356310590289974,0.0007356310590289974,
twitter_cluster44,5702089313,0.05,1,246,free-mem,LRU2Q,,761909.8641227963,,0.0473579486705595,0,50000,0,twitter_cluster44-1fcf2393bbda980f200a4c1823423951,0.0,0.0029580280269453987,
twitter_cluster44,5702089313,0.05,1,246,disabled,LRU2Q,,739480.7881838781,,0.0473579486705595,0,50000,0,twitter_cluster44-9b749ae0785df1562b213a71291386f2,0.0,0.0029580280269453987,
twitter_cluster44,5702089313,0.05,1,246,tail-age,LRU2Q,,644560.1710917441,232.0,0.0466998439313993,232,50000,0,twitter_cluster44-f999326b62655ea3396be1715c082416,0.000658104739160198,0.0036161327661055967,
twitter_cluster44,5702089313,0.05,1,246,marginal-hits,LRU2Q,cold,749986.4454879214,68939.0,0.0639028394678531,68939,50000,0,twitter_cluster44-ae290221be03abd96f9a4593b81037db,-0.016544890797293606,-0.013586862770348207,
twitter_cluster44,5702089313,0.05,1,246,hits,LRU2Q,,791715.4545194624,172.0,0.0509001331035447,172,50000,0,twitter_cluster44-2b20b4d53e15089825980df51d5478aa,-0.0035421844329852,-0.0005841564060398013,
twitter_cluster44,5702089313,0.05,1,246,marginal-hits-tuned,LRU2Q,cold,594534.7981991906,1096.0,0.0469350727968858,1096,50000,0,twitter_cluster44-5f642140465a0a9e66b13e2ce06726aa,0.000422875873673699,0.0033809039006190977,0.016967766670967305
twitter_cluster44,5702089313,0.05,1,246,marginal-hits-tuned,TINYLFU,,617727.883389955,1056.0,0.0490614852984152,1056,50000,0,twitter_cluster44-ecb23f35b05c02d68c18bda07ea858e5,0.0007089906485300002,0.0012544913990897022,0.014515665479194806
twitter_cluster44,5702089313,0.05,1,246,hits,TINYLFU,,595449.7419997697,246.0,0.0519171741707161,246,50000,0,twitter_cluster44-0b7bd965efc61b5f5631ef7e5b8d96fa,-0.0021466982237709,-0.001601197473211198,
twitter_cluster44,5702089313,0.05,1,246,marginal-hits,TINYLFU,,546071.9670860455,65384.0,0.06357715077761,65384,50000,0,twitter_cluster44-be27f684dff0871222144d2642fe8538,-0.013806674830664806,-0.013261174080105104,
twitter_cluster44,5702089313,0.05,1,246,tail-age,TINYLFU,,629498.3562706298,5725.0,0.0509627492746359,5725,50000,0,twitter_cluster44-4aa246f7855a9bfa6979b909e1dadee0,-0.0011922733276907016,-0.0006467725771309996,
twitter_cluster44,5702089313,0.05,1,246,free-mem,TINYLFU,,623535.0666340175,,0.0497704759469452,0,50000,0,twitter_cluster44-e6699c8ac54937b650857b5e16517bb3,0.0,0.000545500750559702,
twitter_cluster44,5702089313,0.05,1,246,disabled,TINYLFU,,651144.3251297909,,0.0497704759469452,0,50000,0,twitter_cluster44-dcfe9e103644cc20c7ecd9c1b1631ba7,0.0,0.000545500750559702,
twitter_cluster44,5702089313,0.1,1,491,free-mem,LRU,,601395.1319517021,,0.0333976206871805,0,50000,0,twitter_cluster44-fe9c6ce26b4ec1606417f79f65bfb43d,0.0,0.0,
twitter_cluster44,5702089313,0.1,1,491,marginal-hits,LRU,,588007.907800797,58221.0,0.0437398492568999,58221,50000,0,twitter_cluster44-f9514a0e992171259bbb8f62d2fbac75,-0.010342228569719399,-0.010342228569719399,
twitter_cluster44,5702089313,0.1,1,491,tail-age,LRU,,655199.9344086369,288.0,0.0332962785355094,288,50000,0,twitter_cluster44-fcf46bca05871a83163b07c544f746c6,0.00010134215167110355,0.00010134215167110355,
twitter_cluster44,5702089313,0.1,1,491,hits,LRU,,597259.0484395716,146.0,0.0373066766097495,146,50000,0,twitter_cluster44-bd38502e4872f3aa2a3720ceab2f8e18,-0.003909055922568995,-0.003909055922568995,
twitter_cluster44,5702089313,0.1,1,491,disabled,LRU,,605708.2469297363,,0.0333976206871805,0,50000,0,twitter_cluster44-f5a8b874e5c3e1a20ec26d584dca4f77,0.0,0.0,
twitter_cluster44,5702089313,0.1,1,491,marginal-hits-tuned,LRU,,612545.2540243566,718.0,0.0334168399582204,718,50000,0,twitter_cluster44-d475020d1fb340fce453823ea6a3e3ea,-1.9219271039899732e-05,-1.9219271039899732e-05,0.010323009298679499
twitter_cluster44,5702089313,0.1,1,491,marginal-hits-tuned,LRU2Q,cold,602377.8708068754,807.0,0.0318649207380452,807,50000,0,twitter_cluster44-40cfa5abd713f6bfaa7adce50c6289ab,-0.00010667528455109848,0.0015326999491353036,0.012059449304525502
twitter_cluster44,5702089313,0.1,1,491,hits,LRU2Q,,594873.7563257039,178.0,0.0355205746318691,178,50000,0,twitter_cluster44-fe59eb1336c1738c2fd5b562bed763a6,-0.003762329178374997,-0.002122953944688595,
twitter_cluster44,5702089313,0.1,1,491,marginal-hits,LRU2Q,cold,313814.0942516169,58669.0,0.0439243700425707,58669,50000,0,twitter_cluster44-31ed9292e6a5a3f7406b4002702d7e75,-0.0121661245890766,-0.010526749355390198,
twitter_cluster44,5702089313,0.1,1,491,tail-age,LRU2Q,,614906.0227147882,434.0,0.0317954439238016,434,50000,0,twitter_cluster44-f846b61d132cff764c58460e6e96a8d3,-3.719847030749651e-05,0.0016021767633789055,
twitter_cluster44,5702089313,0.1,1,491,free-mem,LRU2Q,,634960.036154277,,0.0317582454534941,0,50000,0,twitter_cluster44-6ae07d66aaf6d045e04522738be0bd4a,0.0,0.001639375233686402,
twitter_cluster44,5702089313,0.1,1,491,disabled,LRU2Q,,604627.8811026084,,0.0317582454534941,0,50000,0,twitter_cluster44-53d8787d9e6cce78c9ea9778bd9ff375,0.0,0.001639375233686402,
twitter_cluster44,5702089313,0.1,1,491,marginal-hits,TINYLFU,,625046.6666292977,59527.0,0.0436883305970062,59527,50000,0,twitter_cluster44-611da93e18c37b8fef57401ac09a1872,-0.010342278726773096,-0.010290709909825696,
twitter_cluster44,5702089313,0.1,1,491,disabled,TINYLFU,,582711.303317563,,0.0333460518702331,0,50000,0,twitter_cluster44-eaa54d422d8afbf5a70e1e31cea5ce60,0.0,5.156881694740045e-05,
twitter_cluster44,5702089313,0.1,1,491,free-mem,TINYLFU,,555069.8228952208,,0.0333460518702331,0,50000,0,twitter_cluster44-3337632a53c7a2134b810c1f6602aaf0,0.0,5.156881694740045e-05,
twitter_cluster44,5702089313,0.1,1,491,tail-age,TINYLFU,,528705.0367603893,3365.0,0.0344509770396155,3365,50000,0,twitter_cluster44-f6d0855cd0f867622bdb3af65fcbcf0c,-0.0011049251693823967,-0.0010533563524349962,
twitter_cluster44,5702089313,0.1,1,491,marginal-hits-tuned,TINYLFU,,579474.377773833,930.0,0.0334015902847714,930,50000,0,twitter_cluster44-3d139ec9aee48f2a0f51e462176a995d,-5.553841453830033e-05,-3.969597590899876e-06,0.010286740312234796
twitter_cluster44,5702089313,0.1,1,491,hits,TINYLFU,,312435.02647786256,375.0,0.0365264454075028,375,50000,0,twitter_cluster44-8b1ed2eaf69d6d6b3860c066c8368d46,-0.0031803935372696976,-0.003128824720322297,
twitter_cluster45,227773739,0.01,1,60,disabled,LRU,,306988.56963849417,,0.4463801685232905,0,50000,502,twitter_cluster45-c6b5a6408f2cf123e527710965095b6c,0.0,0.0,
twitter_cluster45,227773739,0.01,1,60,tail-age,LRU,,133444.04780833848,17.0,0.4491152775079132,17,50000,9,twitter_cluster45-9d65d7c75afec844158fb89e59c3ba48,-0.002735108984622703,-0.002735108984622703,
twitter_cluster45,227773739,0.01,1,60,marginal-hits-tuned,LRU,,88683.39613180676,480.0,0.4502775493359223,480,50000,9,twitter_cluster45-10973b59660ce5cfb8eb96b860a87ced,-0.003897380812631801,-0.003897380812631801,0.004601241585624638
twitter_cluster45,227773739,0.01,1,60,hits,LRU,,79577.28725752106,30.0,0.4487272608718075,30,50000,9,twitter_cluster45-40590ae41ce61333869774790c2b7447,-0.002347092348516988,-0.002347092348516988,
twitter_cluster45,227773739,0.01,1,60,marginal-hits,LRU,,180804.7533072288,4539.0,0.4548787909215469,4539,50000,9,twitter_cluster45-767539268e792235365ebe99025f6d33,-0.008498622398256439,-0.008498622398256439,
twitter_cluster45,227773739,0.01,1,60,free-mem,LRU,,230217.8018772489,7.0,0.4496710658993045,7,50000,9,twitter_cluster45-da59c4a2bef10852deab9ad1070b65ba,-0.0032908973760140126,-0.0032908973760140126,
twitter_cluster45,227773739,0.01,1,60,marginal-hits-tuned,LRU2Q,cold,180781.19973473973,472.0,0.4451637640281262,472,50000,9,twitter_cluster45-afa4e42e51ec76477ecb1e2800f29df3,-0.015153239417121767,0.0012164044951643027,0.005233531333478203
twitter_cluster45,227773739,0.01,1,60,free-mem,LRU2Q,,179977.44297733603,7.0,0.4326746157510283,7,50000,9,twitter_cluster45-a37e2e0c4118d0fcfd48bf1d59b20b7f,-0.002664091140023861,0.013705552772262208,
twitter_cluster45,227773739,0.01,1,60,marginal-hits,LRU2Q,cold,139957.76093833588,4539.0,0.4503972953616044,4539,50000,9,twitter_cluster45-b31e32da7f70255e45e597a79ff6662d,-0.02038677075059997,-0.0040171268383139,
twitter_cluster45,227773739,0.01,1,60,disabled,LRU2Q,,188373.85032249911,,0.4300105246110044,0,50000,502,twitter_cluster45-89176e62e46ebd73dd1dee5edcaccc15,0.0,0.01636964391228607,
twitter_cluster45,227773739,0.01,1,60,tail-age,LRU2Q,,104704.45661856204,38.0,0.4351323661592085,38,50000,9,twitter_cluster45-87cb5d9f0d7f248614e69c924f912366,-0.005121841548204054,0.011247802364082016,
twitter_cluster45,227773739,0.01,1,60,hits,LRU2Q,,139655.6529507897,29.0,0.4321738073588896,29,50000,9,twitter_cluster45-0e6a3c92474bf7f77d4d0ffc1ef9b4d7,-0.002163282747885187,0.014206361164400882,
twitter_cluster45,227773739,0.01,1,60,marginal-hits-tuned,TINYLFU,,88686.93443299881,583.0,0.4380199817503983,583,50000,9,twitter_cluster45-39adabb3f375410f4aaf4857175258d9,-0.0036287809280770023,0.008360186772892186,0.008864740109482072
twitter_cluster45,227773739,0.01,1,60,hits,TINYLFU,,236072.4929360784,68.0,0.4371161286508099,68,50000,9,twitter_cluster45-4b079a1e272eb86dcd98ac4e16b8646d,-0.002724927828488599,0.00926403987248059,
twitter_cluster45,227773739,0.01,1,60,marginal-hits,TINYLFU,,79541.34221251759,4539.0,0.4468847218598804,4539,50000,9,twitter_cluster45-b96da838ec10013e19840cae2826ee63,-0.012493521037559074,-0.0005045533365898858,
twitter_cluster45,227773739,0.01,1,60,free-mem,TINYLFU,,235838.16849212963,7.0,0.4365542991766931,7,50000,9,twitter_cluster45-b46152d2d57ec69f66bd4b2ad1f67dc6,-0.002163098354371784,0.009825869346597405,
twitter_cluster45,227773739,0.01,1,60,disabled,TINYLFU,,121456.0481242854,,0.4343912008223213,0,50000,502,twitter_cluster45-e74b784363ca032251079a61d91325db,0.0,0.011988967700969189,
twitter_cluster45,227773739,0.01,1,60,tail-age,TINYLFU,,180099.25990190182,2598.0,0.444964531227193,2598,50000,9,twitter_cluster45-c4bff712884c617ac4305cb227254675,-0.010573330404871684,0.001415637296097505,
twitter_cluster45,227773739,0.02,1,120,marginal-hits-tuned,LRU,,530241.3237836274,524.0,0.4225757254658756,524,50000,7,twitter_cluster45-48005737d481bf17b4ae3c0b68749edf,6.537189083000161e-06,6.537189083000161e-06,0.004896582919947601
twitter_cluster45,227773739,0.02,1,120,disabled,LRU,,590076.6249305666,,0.4225822626549586,0,50000,316,twitter_cluster45-95eded8bdf41182e1a7f7080c08cab9a,0.0,0.0,
twitter_cluster45,227773739,0.02,1,120,hits,LRU,,405718.74851134914,160.0,0.4242729755601895,160,50000,7,twitter_cluster45-1a58d1a2de2ddef03c1e4be7abd33a99,-0.0016907129052309289,-0.0016907129052309289,
twitter_cluster45,227773739,0.02,1,120,free-mem,LRU,,437422.8745543592,5.0,0.4232743880979185,5,50000,7,twitter_cluster45-4269952d27723c4fd0b193ebf8ec7158,-0.0006921254429599344,-0.0006921254429599344,
twitter_cluster45,227773739,0.02,1,120,marginal-hits,LRU,,478089.5081322908,4520.0,0.4274723083858232,4520,50000,7,twitter_cluster45-ca943b046013e9b50ebfc2a1a9477aab,-0.004890045730864601,-0.004890045730864601,
twitter_cluster45,227773739,0.02,1,120,tail-age,LRU,,438891.4660274717,24.0,0.4227878614224267,24,50000,7,twitter_cluster45-c0dabcbac9c9a0906d969a84db8685f7,-0.00020559876746811812,-0.00020559876746811812,
twitter_cluster45,227773739,0.02,1,120,hits,LRU2Q,,495774.4746600637,147.0,0.4119526263736663,147,50000,7,twitter_cluster45-27b21274cf25698384bbb6f16667c56a,-0.0030047844980057303,0.010629636281292265,
twitter_cluster45,227773739,0.02,1,120,marginal-hits,LRU2Q,cold,515193.9714392948,4520.0,0.4245088060832158,4520,50000,7,twitter_cluster45-01eaa4785ebb85775e6f4266fb2d31a3,-0.015560964207555206,-0.0019265434282572103,
twitter_cluster45,227773739,0.02,1,120,disabled,LRU2Q,,572115.3236663714,,0.4089478418756606,0,50000,316,twitter_cluster45-2a5a0929959841a20e35d2dcde87836e,0.0,0.013634420779297995,
twitter_cluster45,227773739,0.02,1,120,free-mem,LRU2Q,,490206.9207994559,5.0,0.4097589582089619,5,50000,7,twitter_cluster45-d9cf4d61ddf4ff02cd9d738a6c1713d1,-0.0008111163333013316,0.012823304445996664,
twitter_cluster45,227773739,0.02,1,120,tail-age,LRU2Q,,517034.3244822287,144.0,0.4147249169931745,144,50000,7,twitter_cluster45-5101597a3a8f6cdde7a815facd22a9df,-0.005777075117513908,0.007857345661784088,
twitter_cluster45,227773739,0.02,1,120,marginal-hits-tuned,LRU2Q,cold,482053.1208458978,534.0,0.4157371012818998,534,50000,7,twitter_cluster45-991833c98b998a57321e0b4ae80b655c,-0.006789259406239201,0.006845161373058795,0.008771704801316005
twitter_cluster45,227773739,0.02,1,120,free-mem,TINYLFU,,429259.6437072298,5.0,0.415787589982004,5,50000,7,twitter_cluster45-dcce7ad37fa47cdf3250228baf89e49a,-0.0006205895403946782,0.0067946726729545825,
twitter_cluster45,227773739,0.02,1,120,marginal-hits-tuned,TINYLFU,,434221.1223382918,566.0,0.4161458095044047,566,50000,7,twitter_cluster45-23138e404b8e6d05cff582c626e7c940,-0.000978809062795405,0.006436453150553856,0.008446500498461684
twitter_cluster45,227773739,0.02,1,120,tail-age,TINYLFU,,395142.1030632939,2356.0,0.4226548346734564,2356,50000,7,twitter_cluster45-63d207ea8a7bfcc521cf5bfd42f1942b,-0.007487834231847068,-7.257201849780737e-05,
twitter_cluster45,227773739,0.02,1,120,marginal-hits,TINYLFU,,440315.3035406588,4520.0,0.4245923100028664,4520,50000,7,twitter_cluster45-c890f0cbce55ef8db3962ae8ba885513,-0.00942530956125709,-0.0020100473479078285,
twitter_cluster45,227773739,0.02,1,120,disabled,TINYLFU,,433012.3935946424,,0.4151670004416093,0,50000,316,twitter_cluster45-201f6dd31080da076e6592e8131681b4,0.0,0.007415262213349261,
twitter_cluster45,227773739,0.02,1,120,hits,TINYLFU,,412574.2490385677,172.0,0.4170966961208816,172,50000,7,twitter_cluster45-19a1c92f86ad4f90131126f0a734fd15,-0.0019296956792723141,0.005485566534076947,
twitter_cluster45,227773739,0.05,1,299,tail-age,LRU,,373946.8723916527,66.0,0.3991152860690406,66,50000,6,twitter_cluster45-1275fe326a17c01958ad2bbd9ed6435d,-1.674907746934684e-05,-1.674907746934684e-05,
twitter_cluster45,227773739,0.05,1,299,marginal-hits,LRU,,558479.82241048,4453.0,0.4022167410616199,4453,50000,6,twitter_cluster45-6097a2e92fbed8d55d55d2161e52e6ae,-0.003118204070048647,-0.003118204070048647,
twitter_cluster45,227773739,0.05,1,299,disabled,LRU,,396689.3135478025,,0.3990985369915713,0,50000,32,twitter_cluster45-2f2342342f95cb7e960e72f3ebd2c5d2,0.0,0.0,
twitter_cluster45,227773739,0.05,1,299,free-mem,LRU,,510521.9849485842,4.0,0.3992807353441214,4,50000,6,twitter_cluster45-4399a2fd976ef0d60b18edd25024c1b2,-0.0001821983525501225,-0.0001821983525501225,
twitter_cluster45,227773739,0.05,1,299,hits,LRU,,520985.2550475123,411.0,0.3988459266588234,411,50000,6,twitter_cluster45-961af2bfef47137d7cbed66928a9fd55,0.00025261033274787126,0.00025261033274787126,
twitter_cluster45,227773739,0.05,1,299,marginal-hits-tuned,LRU,,499606.665646425,218.0,0.3982182028455879,218,50000,6,twitter_cluster45-3c46f25dbdbecb634945b106a94c838b,0.0008803341459833747,0.0008803341459833747,0.0039985382160320215
twitter_cluster45,227773739,0.05,1,299,free-mem,LRU2Q,,354499.13764253096,4.0,0.3861126281989865,4,50000,6,twitter_cluster45-16a4a310bb6f50bbb196d159c950cdc0,-0.00017262745113910682,0.012985908792584766,
twitter_cluster45,227773739,0.05,1,299,marginal-hits,LRU2Q,cold,546813.4681981078,4453.0,0.3993970217962659,4453,50000,6,twitter_cluster45-d49a8e151e780d85b43a3a2acb9747d5,-0.013457021048418505,-0.000298484804694632,
twitter_cluster45,227773739,0.05,1,299,disabled,LRU2Q,,554048.3005602203,,0.3859400007478474,0,50000,32,twitter_cluster45-6a9d6b583e4811081fa0f41157a226cd,0.0,0.013158536243723873,
twitter_cluster45,227773739,0.05,1,299,tail-age,LRU2Q,,413784.7485121531,92.0,0.3868761710058243,92,50000,6,twitter_cluster45-66a0e9d562e2a95aa5bcb6736cc156da,-0.000936170257976876,0.012222365985746997,
twitter_cluster45,227773739,0.05,1,299,marginal-hits-tuned,LRU2Q,cold,494430.28789214295,272.0,0.3864603636330525,272,50000,6,twitter_cluster45-7f906ea45500c60d100fd073f95e9c7d,-0.0005203628852050723,0.0126381733585188,0.012936658163213433
twitter_cluster45,227773739,0.05,1,299,hits,LRU2Q,,492901.5080776538,379.0,0.3888407960849253,379,50000,6,twitter_cluster45-3b43fab9800bee1a929587b1cbe105d8,-0.002900795337077877,0.010257740906645996,
twitter_cluster45,227773739,0.05,1,299,tail-age,TINYLFU,,325399.27918255614,2240.0,0.3984986917214367,2240,50000,6,twitter_cluster45-1ee681643108a059021b237860b1e4c8,-0.004760474165109885,0.0005998452701345691,
twitter_cluster45,227773739,0.05,1,299,marginal-hits-tuned,TINYLFU,,403558.08266171336,272.0,0.3932167878229368,272,50000,6,twitter_cluster45-ac77a3bed38dc6ec595368eef3962f78,0.0005214297333900331,0.005881749168634487,0.006728923214453619
twitter_cluster45,227773739,0.05,1,299,hits,TINYLFU,,390187.95564251655,270.0,0.3927858865239947,270,50000,6,twitter_cluster45-9d2a9c165c8df662f024badc0998c938,0.0009523310323321099,0.006312650467576564,
twitter_cluster45,227773739,0.05,1,299,disabled,TINYLFU,,405194.1379993461,,0.3937382175563268,0,50000,32,twitter_cluster45-af11c0ba54d95bfebb3c57c7c7d3a70b,0.0,0.005360319435244454,
twitter_cluster45,227773739,0.05,1,299,marginal-hits,TINYLFU,,387658.1617197112,4453.0,0.3999457110373904,4453,50000,6,twitter_cluster45-aa28169b9ecb226bbf0b96f6a98ee77c,-0.006207493481063586,-0.0008471740458191324,
twitter_cluster45,227773739,0.05,1,299,free-mem,TINYLFU,,366876.992526084,4.0,0.3939096596205939,4,50000,6,twitter_cluster45-aa78a7634640b3be6ea24a8f2b143408,-0.00017144206426705777,0.005188877370977396,
twitter_cluster45,227773739,0.1,1,597,free-mem,LRU,,139799.50449952678,4.0,0.3822985537415268,4,50000,6,twitter_cluster45-d0487c14f14709b370267de4d659f5e6,-0.00010240864509852843,-0.00010240864509852843,
twitter_cluster45,227773739,0.1,1,597,hits,LRU,,121466.63238689488,448.0,0.3811632209277646,448,50000,6,twitter_cluster45-df16729107ddd38dfebf3c007e835a6a,0.0010329241686636847,0.0010329241686636847,
twitter_cluster45,227773739,0.1,1,597,marginal-hits,LRU,,78577.82230254482,4331.0,0.3847139463254805,4331,50000,5,twitter_cluster45-4b2ba9b603e3ee35c53e846ef1c06a87,-0.002517801229052208,-0.002517801229052208,
twitter_cluster45,227773739,0.1,1,597,marginal-hits-tuned,LRU,,128253.90039225169,226.0,0.3810997193139987,226,50000,6,twitter_cluster45-2317d840b3a5d5caea69753ecc27e817,0.0010964257824295776,0.0010964257824295776,0.0036142270114817854
twitter_cluster45,227773739,0.1,1,597,tail-age,LRU,,227407.13921007857,169.0,0.3820987984923055,169,50000,6,twitter_cluster45-b60a175c7eb16269a4ad3f6c5f1d1c28,9.734660412280549e-05,9.734660412280549e-05,
twitter_cluster45,227773739,0.1,1,597,disabled,LRU,,88677.30942126249,,0.3821961450964283,0,50000,32,twitter_cluster45-ce4226cb5fdf4132c9ac1d8669c7722d,0.0,0.0,
twitter_cluster45,227773739,0.1,1,597,disabled,LRU2Q,,101821.30165849552,,0.3712301574853631,0,50000,32,twitter_cluster45-90978a2835d175a602cc89eb41cd4ed4,0.0,0.010965987611065209,
twitter_cluster45,227773739,0.1,1,597,hits,LRU2Q,,139557.83483873203,449.0,0.3722538356364251,449,50000,6,twitter_cluster45-2e3c56018f2aefbd3476e43a77c1e1ef,-0.001023678151062024,0.009942309460003185,
twitter_cluster45,227773739,0.1,1,597,tail-age,LRU2Q,,79616.68950411993,84.0,0.3714213647781406,84,50000,6,twitter_cluster45-cf55569e4f6f6ac4d1d675b6762e86d8,-0.00019120729277749549,0.010774780318287713,
twitter_cluster45,227773739,0.1,1,597,marginal-hits,LRU2Q,cold,180786.9422755185,4331.0,0.3817750956794892,4331,50000,4,twitter_cluster45-27b2032908090af8806eac1a0fa6d36f,-0.010544938194126108,0.00042104941693910103,
twitter_cluster45,227773739,0.1,1,597,free-mem,LRU2Q,,307283.218865176,4.0,0.3713261694316744,4,50000,6,twitter_cluster45-18b6ce802000eb87ef41c074839f7b71,-9.601194631131404e-05,0.010869975664753895,
twitter_cluster45,227773739,0.1,1,597,marginal-hits-tuned,LRU2Q,cold,180889.6825611576,181.0,0.3710151809906409,181,50000,6,twitter_cluster45-db1b5a223102b3786fc645c59ce4140d,0.0002149764947221855,0.011180964105787394,0.010759914688848293
twitter_cluster45,227773739,0.1,1,597,free-mem,TINYLFU,,230954.3402596798,4.0,0.3767045901634867,4,50000,6,twitter_cluster45-4629c248cb8f66d73191899ed3763b44,-9.479582718707746e-05,0.0054915549329416224,
twitter_cluster45,227773739,0.1,1,597,tail-age,TINYLFU,,88378.03464054379,1962.0,0.380995484295053,1962,50000,6,twitter_cluster45-a00b16d768526a63653624ea0a4681ff,-0.00438568995875338,0.0012006608013753195,
twitter_cluster45,227773739,0.1,1,597,marginal-hits-tuned,TINYLFU,,307672.8141372875,227.0,0.3761106630470688,227,50000,6,twitter_cluster45-4bd21ecf52545bb01a01d82caf040e98,0.000499131289230792,0.006085482049359492,0.00579795987807008
twitter_cluster45,227773739,0.1,1,597,disabled,TINYLFU,,166416.2271360694,,0.3766097943362996,0,50000,32,twitter_cluster45-54b5450c2b94612c156740fefccacee6,0.0,0.0055863507601287,
twitter_cluster45,227773739,0.1,1,597,marginal-hits,TINYLFU,,175602.16782278076,4331.0,0.3819086229251389,4331,50000,4,twitter_cluster45-706d16a495d4fd21382ed0c61260c498,-0.005298828588839288,0.0002875221712894116,
twitter_cluster45,227773739,0.1,1,597,hits,TINYLFU,,235362.91809199387,442.0,0.3754181468654733,442,50000,6,twitter_cluster45-4c2c7fec0fa6eb7ab6f004cda4238c6f,0.0011916474708262847,0.006777998230954985,
twitter_cluster49,799295267,0.005,1,27,lama,LRU,,8017.130323183606,855.0,0.5216767134941636,795,1000000,102355746,twitter_cluster49-dc7e1f2dd37314555933a4d179241e0b,,,
twitter_cluster49,799295267,0.01,1,54,free-mem,LRU,,222784.66635395025,,0.3868638546561042,0,50000,0,twitter_cluster49-2b6aba12854501ebb46627e4a57a360e,0.0,0.0,
twitter_cluster49,799295267,0.01,1,54,marginal-hits-tuned,LRU,,225279.74109059005,26.0,0.3862443264035992,26,50000,0,twitter_cluster49-e3f4e8f22baa1b771438bf45d20b662c,0.0006195282525049972,0.0006195282525049972,0.031593570039243124
twitter_cluster49,799295267,0.01,1,54,marginal-hits,LRU,,119332.33762842783,15984.0,0.4178378964428423,15984,50000,0,twitter_cluster49-eb0e53db2f7bac74113a85c8073a52a7,-0.030974041786738127,-0.030974041786738127,
twitter_cluster49,799295267,0.01,1,54,tail-age,LRU,,161261.9482952486,,0.3868638546561042,0,50000,0,twitter_cluster49-c9e7746a5d167f058e128fd22d9b13c2,0.0,0.0,
twitter_cluster49,799295267,0.01,1,54,hits,LRU,,210759.9879165408,37.0,0.4979017660065788,37,50000,0,twitter_cluster49-cc0fac143d4a90ba4944ab7aec350b88,-0.11103791135047464,-0.11103791135047464,
twitter_cluster49,799295267,0.01,1,54,disabled,LRU,,225477.20185155768,,0.3868638546561042,0,50000,0,twitter_cluster49-f0daf5073961527b3afadd89e6b5418d,0.0,0.0,
twitter_cluster49,799295267,0.01,1,54,lama,LRU,,7886.113048209759,1136.0,0.3761291032391413,795,1000000,15401503,twitter_cluster49-a06c7aa91724a5de755c758519d9fa16,0.010734751416962895,0.010734751416962895,
twitter_cluster49,799295267,0.01,1,54,free-mem,LRU2Q,,288287.8339438183,,0.3913668927054963,0,50000,0,twitter_cluster49-a7929044e31c01ba6e4cb004b9339b91,0.0,-0.004503038049392116,
twitter_cluster49,799295267,0.01,1,54,tail-age,LRU2Q,,305984.80648073467,,0.3913668927054963,0,50000,0,twitter_cluster49-ab52a60754cc462632805f6b163d4aec,0.0,-0.004503038049392116,
twitter_cluster49,799295267,0.01,1,54,disabled,LRU2Q,,226777.31370445935,,0.3913668927054963,0,50000,0,twitter_cluster49-2bdd502ebc72bb738f1c3af47b9e4488,0.0,-0.004503038049392116,
twitter_cluster49,799295267,0.01,1,54,marginal-hits-tuned,LRU2Q,cold,210748.7122557224,165.0,0.3964177345741745,165,50000,0,twitter_cluster49-c566cc490971bdbc52f47d2b30f111c6,-0.005050841868678213,-0.00955387991807033,0.027536021929177812
twitter_cluster49,799295267,0.01,1,54,marginal-hits,LRU2Q,cold,226576.7306865923,15984.0,0.4239537565033523,15984,50000,0,twitter_cluster49-3e4b867c609f77612f246404172c867e,-0.032586863797856025,-0.03708990184724814,
twitter_cluster49,799295267,0.01,1,54,hits,LRU2Q,,226849.8657014981,26.0,0.5033110023407658,26,50000,0,twitter_cluster49-cb5be0df29d88baa1cf60b09d831b0f8,-0.11194410963526946,-0.11644714768466158,
twitter_cluster49,799295267,0.01,1,54,free-mem,TINYLFU,,220835.40729894536,,0.4817352709283589,0,50000,0,twitter_cluster49-c60e9586ec9f34d32f70c2452b795f4d,0.0,-0.0948714162722547,
twitter_cluster49,799295267,0.01,1,54,tail-age,TINYLFU,,222811.2778536835,,0.4817352709283589,0,50000,0,twitter_cluster49-24bee0b11d35c10a7eb811dea1b832c0,0.0,-0.0948714162722547,
twitter_cluster49,799295267,0.01,1,54,marginal-hits-tuned,TINYLFU,,119982.12861233184,45.0,0.5070161024736808,45,50000,0,twitter_cluster49-862568f1380cb14c20f6027220346561,-0.025280831545321902,-0.12015224781757661,0.02401547061831899
twitter_cluster49,799295267,0.01,1,54,marginal-hits,TINYLFU,,222336.89136376348,15984.0,0.5310315730919998,15984,50000,0,twitter_cluster49-f12d6c4b1bae8019dd24fdb09e8752fe,-0.04929630216364089,-0.1441677184358956,
twitter_cluster49,799295267,0.01,1,54,hits,TINYLFU,,250916.4586559585,14318.0,0.5815399367302897,14318,50000,0,twitter_cluster49-00bee0ecebf60f0c386c9cc04e7e8a37,-0.09980466580193081,-0.19467608207418552,
twitter_cluster49,799295267,0.01,1,54,disabled,TINYLFU,,211702.5991178153,,0.4817352709283589,0,50000,0,twitter_cluster49-511a5f220d50f213b1fa264aaca93735,0.0,-0.0948714162722547,
twitter_cluster49,799295267,0.02,1,107,marginal-hits-tuned,LRU,,472149.15810957545,129.0,0.3042970927538346,129,50000,0,twitter_cluster49-a390a73eda757aaf3256abb7344db3bc,0.010406837552310977,0.010406837552310977,0.0024927609135961815
twitter_cluster49,799295267,0.02,1,107,free-mem,LRU,,463656.2012912376,,0.3147039303061456,0,50000,0,twitter_cluster49-f5d5e07ffa55ba2adca844f27945bcaf,0.0,0.0,
twitter_cluster49,799295267,0.02,1,107,marginal-hits,LRU,,472962.87783081393,15984.0,0.3067898536674308,15984,50000,0,twitter_cluster49-d330760009c61ff59334f3adb37500c8,0.007914076638714795,0.007914076638714795,
twitter_cluster49,799295267,0.02,1,107,hits,LRU,,461618.54265624256,89.0,0.3347066235036269,89,50000,0,twitter_cluster49-d2f8c8a2ca0d468d9d541f240034922b,-0.020002693197481325,-0.020002693197481325,
twitter_cluster49,799295267,0.02,1,107,disabled,LRU,,469878.4523507483,,0.3147039303061456,0,50000,0,twitter_cluster49-ea503f6e257efdc07e86c732edd1cfba,0.0,0.0,
twitter_cluster49,799295267,0.02,1,107,tail-age,LRU,,456784.0315200888,,0.3147039303061456,0,50000,0,twitter_cluster49-ae3ead1568a6a5368ebd3e0c25096e28,0.0,0.0,
twitter_cluster49,799295267,0.02,1,107,lama,LRU,,8174.845515842682,1362.0,0.2686096451012764,797,1000000,949222,twitter_cluster49-ac11ca0d74c5c0d180c2ea332df61da0,0.04609428520486919,0.04609428520486919,
twitter_cluster49,799295267,0.02,1,107,disabled,LRU2Q,,478750.7172425782,,0.30751502122932,0,50000,0,twitter_cluster49-70cc2292bdc6b32b3914d629590290bf,0.0,0.007188909076825567,
twitter_cluster49,799295267,0.02,1,107,marginal-hits-tuned,LRU2Q,cold,482345.4306831874,307.0,0.2749013850972797,307,50000,0,twitter_cluster49-4187bc75cbb3475fbf7249ced4439764,0.032613636132040325,0.03980254520886589,0.013849316337813333
twitter_cluster49,799295267,0.02,1,107,marginal-hits,LRU2Q,cold,450467.4208531574,15984.0,0.288750701435093,15984,50000,0,twitter_cluster49-72a37dc0e4cafda448565aa2058a47cb,0.01876431979422699,0.02595322887105256,
twitter_cluster49,799295267,0.02,1,107,tail-age,LRU2Q,,422045.4583392897,16.0,0.308109223421687,16,50000,0,twitter_cluster49-35675b42dfd758abbe2a1513ef422a61,-0.0005942021923669993,0.006594706884458568,
twitter_cluster49,799295267,0.02,1,107,free-mem,LRU2Q,,478293.0423803116,,0.30751502122932,0,50000,0,twitter_cluster49-1adc6d081af5b130d2a9bdfff665194c,0.0,0.007188909076825567,
twitter_cluster49,799295267,0.02,1,107,hits,LRU2Q,,369325.6456489106,98.0,0.3526520406632158,98,50000,0,twitter_cluster49-86df1a6d0e208df457d86d261f354a1d,-0.04513701943389581,-0.03794811035707024,
twitter_cluster49,799295267,0.02,1,107,free-mem,TINYLFU,,430003.2413835572,,0.4730452995413521,0,50000,0,twitter_cluster49-93966301cf54ab0f83c877521bf781a2,0.0,-0.15834136923520653,
twitter_cluster49,799295267,0.02,1,107,marginal-hits-tuned,TINYLFU,,365863.3403069136,259.0,0.448794801883895,259,50000,0,twitter_cluster49-a1b1c874cd78833f0e7c9106e1eeeb48,0.024250497657457126,-0.1340908715777494,0.013601473008597209
twitter_cluster49,799295267,0.02,1,107,hits,TINYLFU,,426411.0397132889,10017.0,0.5064853549295445,10017,50000,0,twitter_cluster49-f9ddd0603b5403797ec691aa074df280,-0.03344005538819239,-0.19178142462339892,
twitter_cluster49,799295267,0.02,1,107,disabled,TINYLFU,,416385.4267741814,,0.4730452995413521,0,50000,0,twitter_cluster49-b788d53a213429e6eb87f4e15eb8cb6a,0.0,-0.15834136923520653,
twitter_cluster49,799295267,0.02,1,107,tail-age,TINYLFU,,390467.1711997188,42.0,0.4804636344731414,42,50000,0,twitter_cluster49-d2ca477e011b82a901ea0ffafc5403d5,-0.007418334931789283,-0.1657597041669958,
twitter_cluster49,799295267,0.02,1,107,marginal-hits,TINYLFU,,346908.5593432096,15984.0,0.4623962748924922,15984,50000,0,twitter_cluster49-62e36d1af92bead48866aecf33b06d38,0.010649024648859917,-0.1476923445863466,
twitter_cluster49,799295267,0.05,1,267,hits,LRU,,454930.10995420633,176.0,0.173247448993089,176,50000,0,twitter_cluster49-3d47b9115931a86f87a53c3b1d321146,0.08135716509878951,0.08135716509878951,
twitter_cluster49,799295267,0.05,1,267,disabled,LRU,,551280.9242131774,,0.2546046140918785,0,50000,0,twitter_cluster49-80cea3b6b58933886fcbefd02c3e6d24,0.0,0.0,
twitter_cluster49,799295267,0.05,1,267,free-mem,LRU,,481324.8677832823,,0.2546046140918785,0,50000,0,twitter_cluster49-c65aeb78b1d64858ac08b7567b64c1f5,0.0,0.0,
twitter_cluster49,799295267,0.05,1,267,tail-age,LRU,,497285.9801063716,,0.2546046140918785,0,50000,0,twitter_cluster49-ee5a0f07b8c65b40b0f69ed86ba95db3,0.0,0.0,
twitter_cluster49,799295267,0.05,1,267,marginal-hits,LRU,,541667.2970828151,15984.0,0.176131439547233,15984,50000,0,twitter_cluster49-813644cfc89ffa38ae5347e6222fa8f8,0.0784731745446455,0.0784731745446455,
twitter_cluster49,799295267,0.05,1,267,marginal-hits-tuned,LRU,,492451.1900243785,209.0,0.1788111639099697,209,50000,0,twitter_cluster49-30b1a6bae7b23ce4f0bd7aeb9003689c,0.0757934501819088,0.0757934501819088,-0.0026797243627366962
twitter_cluster49,799295267,0.05,1,267,lama,LRU,,10777.778421843856,2312.0,0.164680492221656,785,1000000,167423,twitter_cluster49-98d132d34d8388b53db59f7e298fae9c,0.0899241218702225,0.0899241218702225,
twitter_cluster49,799295267,0.05,1,267,tail-age,LRU2Q,,473558.4577425476,13.0,0.2444015610566601,13,50000,0,twitter_cluster49-9593e3427a4fe7dc99bb9673c69165c6,-0.0023144175580361026,0.010203053035218401,
twitter_cluster49,799295267,0.05,1,267,disabled,LRU2Q,,523364.4059514884,,0.242087143498624,0,50000,0,twitter_cluster49-89fdbee38b97e93750f5d5d2634a5b5a,0.0,0.012517470593254504,
twitter_cluster49,799295267,0.05,1,267,free-mem,LRU2Q,,527708.1413672561,,0.242087143498624,0,50000,0,twitter_cluster49-f8d7c1ca5a16beb73b1c101bf2d8a690,0.0,0.012517470593254504,
twitter_cluster49,799295267,0.05,1,267,marginal-hits,LRU2Q,cold,501710.9071692025,15984.0,0.1697148383089324,15984,50000,0,twitter_cluster49-d14a64875bd1491d5b0d786ce9d32caf,0.07237230518969162,0.08488977578294613,
twitter_cluster49,799295267,0.05,1,267,hits,LRU2Q,,480948.3966810333,197.0,0.1744462162566515,197,50000,0,twitter_cluster49-b9a3a9e0f2df2ef18316f6851430b6f3,0.06764092724197251,0.08015839783522702,
twitter_cluster49,799295267,0.05,1,267,marginal-hits-tuned,LRU2Q,cold,452953.6104597984,350.0,0.1613141192289832,350,50000,0,twitter_cluster49-59fb1544fbcfd1da195f6f8c0f09e119,0.08077302426964081,0.09329049486289531,0.008400719079949187
twitter_cluster49,799295267,0.05,1,267,disabled,TINYLFU,,431368.01677856414,,0.3509631904275995,0,50000,0,twitter_cluster49-b7afb5daa8ab14cbc41ea99870dbbeeb,0.0,-0.09635857633572098,
twitter_cluster49,799295267,0.05,1,267,marginal-hits-tuned,TINYLFU,,450018.59519673657,281.0,0.2762728720123898,281,50000,0,twitter_cluster49-6019345d9a4a0f35a5157b015b2b230e,0.07469031841520968,-0.021668257920511302,0.009390811268246979
twitter_cluster49,799295267,0.05,1,267,free-mem,TINYLFU,,420365.7603941583,,0.3509631904275995,0,50000,0,twitter_cluster49-4bf92531f6a506a572c318346a3d469e,0.0,-0.09635857633572098,
twitter_cluster49,799295267,0.05,1,267,tail-age,TINYLFU,,440665.6811107864,5310.0,0.3620043705325731,5310,50000,0,twitter_cluster49-61329a6d9e65385a0416cd3a8c52c11e,-0.011041180104973625,-0.1073997564406946,
twitter_cluster49,799295267,0.05,1,267,hits,TINYLFU,,397146.0874524801,2319.0,0.3238630624845173,2319,50000,0,twitter_cluster49-b5369862ed48ca83c4dc1883552a2452,0.027100127943082197,-0.06925844839263878,
twitter_cluster49,799295267,0.05,1,267,marginal-hits,TINYLFU,,428175.41213897406,15984.0,0.2856636832806368,15984,50000,0,twitter_cluster49-2a468ee91e6db43683ac4bb5cd806d6f,0.0652995071469627,-0.03105906918875828,
twitter_cluster49,799295267,0.1,1,533,free-mem,LRU,,119382.11374186732,,0.1515150683358168,0,50000,0,twitter_cluster49-a8aa70e0d9a2f80e100c0f405704b0b4,0.0,0.0,
twitter_cluster49,799295267,0.1,1,533,hits,LRU,,210621.82778591043,511.0,0.1072633550324776,511,50000,0,twitter_cluster49-1526529d3dcb18a0517843c988a8adac,0.0442517133033392,0.0442517133033392,
twitter_cluster49,799295267,0.1,1,533,marginal-hits-tuned,LRU,,226789.5379709748,255.0,0.0955408660013997,255,50000,0,twitter_cluster49-cd112f00ab91388bb762171a3f1ce6c0,0.05597420233441709,0.05597420233441709,-0.004780645097952299
twitter_cluster49,799295267,0.1,1,533,disabled,LRU,,279569.7991834039,,0.1515150683358168,0,50000,0,twitter_cluster49-3edab2346e3f898e6aadb5f195293e5d,0.0,0.0,
twitter_cluster49,799295267,0.1,1,533,tail-age,LRU,,251118.4032433164,27.0,0.1466438484490613,27,50000,0,twitter_cluster49-42017e7a3f365c8697a98d8fae2241d3,0.0048712198867554846,0.0048712198867554846,
twitter_cluster49,799295267,0.1,1,533,marginal-hits,LRU,,222692.71401278317,15982.0,0.0907602209034474,15982,50000,0,twitter_cluster49-af6c38103786f811c406b966e48ebc44,0.06075484743236939,0.06075484743236939,
twitter_cluster49,799295267,0.1,1,533,lama,LRU,,11052.889813884192,2421.0,0.0941146696418508,485,1000000,0,twitter_cluster49-f624ca38b17b55148dca91b6b757b026,0.05740039869396599,0.05740039869396599,
twitter_cluster49,799295267,0.1,1,533,free-mem,LRU2Q,,305713.9373188833,,0.149030452096997,0,50000,0,twitter_cluster49-24c40dbd32f416f98c48afb1b8ffbd24,0.0,0.0024846162388197923,
twitter_cluster49,799295267,0.1,1,533,disabled,LRU2Q,,284025.80713608227,,0.149030452096997,0,50000,0,twitter_cluster49-3c93f4bdbcfa9193a2af8b4d5815bad9,0.0,0.0024846162388197923,
twitter_cluster49,799295267,0.1,1,533,hits,LRU2Q,,161526.9169221448,476.0,0.1027448633697464,476,50000,0,twitter_cluster49-b769fe2274eb731be68a8eb3c3b6d6b1,0.046285588727250596,0.04877020496607039,
twitter_cluster49,799295267,0.1,1,533,tail-age,LRU2Q,,280447.54281024664,91.0,0.152797716991861,91,50000,0,twitter_cluster49-83db864d4a5135036081e3024b76dc0a,-0.0037672648948640086,-0.0012826486560442163,
twitter_cluster49,799295267,0.1,1,533,marginal-hits,LRU2Q,cold,158931.37140149786,15982.0,0.0896813204825345,15982,50000,0,twitter_cluster49-14c3b59c97052a0b7a935b4e33b99e34,0.05934913161446251,0.0618337478532823,
twitter_cluster49,799295267,0.1,1,533,marginal-hits-tuned,LRU2Q,cold,288284.5437289574,297.0,0.0935696532780795,297,50000,0,twitter_cluster49-50876160daafca92a0d2c66e372e0da7,0.055460798818917495,0.05794541505773729,-0.003888332795545013
twitter_cluster49,799295267,0.1,1,533,hits,TINYLFU,,223009.72008115583,3908.0,0.2021993431871528,3908,50000,0,twitter_cluster49-69d15680b4dd9d7d08b3d5787e48e0d0,-0.019083722411182502,-0.050684274851336,
twitter_cluster49,799295267,0.1,1,533,marginal-hits-tuned,TINYLFU,,306203.8301499404,297.0,0.1389136600504854,297,50000,0,twitter_cluster49-d18e6b006e6c9517b23bea09869c0544,0.04420196072548491,0.012601408285331406,0.01801130895474201
twitter_cluster49,799295267,0.1,1,533,tail-age,TINYLFU,,117263.28369412592,14672.0,0.188583089658155,14672,50000,0,twitter_cluster49-be41a9b77649e6daa991473b89d1af5b,-0.005467468882184717,-0.03706802132233822,
twitter_cluster49,799295267,0.1,1,533,free-mem,TINYLFU,,288706.1464169488,,0.1831156207759703,0,50000,0,twitter_cluster49-731413084ee7bc124af054314313c38d,0.0,-0.0316005524401535,
twitter_cluster49,799295267,0.1,1,533,disabled,TINYLFU,,226819.78338061165,,0.1831156207759703,0,50000,0,twitter_cluster49-a09d03d072ee1d2f4aea9190cb9a68ac,0.0,-0.0316005524401535,
twitter_cluster49,799295267,0.1,1,533,marginal-hits,TINYLFU,,227033.1456681337,15982.0,0.1569249690052274,15982,50000,0,twitter_cluster49-f2737521cb1de7960a1a508afd38fa77,0.026190651770742895,-0.0054099006694106055,
twitter_cluster50,139655585,0.002,1,83,marginal-hits-tuned,LRU,,504751.20679806784,213.0,0.3541983444485947,213,50000,66,twitter_cluster50-f01208c4511401b1dd9d0a16fb2e7917,0.28065323703309114,0.28065323703309114,-0.006308934941628042
twitter_cluster50,139655585,0.002,1,83,disabled,LRU,,359804.83794399665,,0.6348515814816859,0,50000,65738,twitter_cluster50-deedda45c8135afc7f08fa558b9af60e,0.0,0.0,
twitter_cluster50,139655585,0.002,1,83,tail-age,LRU,,421637.1388517705,4.0,0.6345114733506719,4,50000,66,twitter_cluster50-4e49c960abb9ceac92426b7dcee963a8,0.00034010813101392756,0.00034010813101392756,
twitter_cluster50,139655585,0.002,1,83,free-mem,LRU,,284633.2361243145,4.0,0.6344967872212199,4,50000,66,twitter_cluster50-4f790f863cb2cef554e72115991942df,0.0003547942604659182,0.0003547942604659182,
twitter_cluster50,139655585,0.002,1,83,marginal-hits,LRU,,501492.8995884499,2792.0,0.3478894095069667,2792,50000,66,twitter_cluster50-683e722b8d76cc819325069852e890ff,0.2869621719747192,0.2869621719747192,
twitter_cluster50,139655585,0.002,1,83,hits,LRU,,448996.3962923596,66.0,0.3473381533577765,66,50000,66,twitter_cluster50-75eabb0cab29fe1f898eb3d84d0aa8ac,0.28751342812390934,0.28751342812390934,
twitter_cluster50,139655585,0.002,1,83,marginal-hits,LRU2Q,cold,434510.0692606603,2792.0,0.3482019569786629,2792,50000,66,twitter_cluster50-4ae6bc149ae3ac42b90b5860273a1c19,0.28715516819466974,0.28664962450302295,
twitter_cluster50,139655585,0.002,1,83,hits,LRU2Q,,350328.6657093597,65.0,0.3519709576956768,65,50000,66,twitter_cluster50-f9ced937afab8817ab6408797bf9f76d,0.2833861674776558,0.28288062378600903,
twitter_cluster50,139655585,0.002,1,83,tail-age,LRU2Q,,381696.1533464552,2063.0,0.4796059892627996,2063,50000,66,twitter_cluster50-4737d3df8ab8f2b11057b63f3e205716,0.15575113591053302,0.15524559221888623,
twitter_cluster50,139655585,0.002,1,83,marginal-hits-tuned,LRU2Q,cold,438942.3351970064,233.0,0.3503159361653886,233,50000,66,twitter_cluster50-6d0d132ccb32aa747eefeac547a58a6a,0.28504118900794406,0.28453564531629727,-0.0021139791867256785
twitter_cluster50,139655585,0.002,1,83,disabled,LRU2Q,,395314.8183933816,,0.6353571251733326,0,50000,65738,twitter_cluster50-1d44de3e22b44361de32f4526ea23daf,0.0,-0.0005055436916467926,
twitter_cluster50,139655585,0.002,1,83,free-mem,LRU2Q,,386012.2249648613,4.0,0.6350078587977702,4,50000,66,twitter_cluster50-12fdbf34649b67e60b7c86fec55e2c0c,0.00034926637556242923,-0.00015627731608436335,
twitter_cluster50,139655585,0.002,1,83,disabled,TINYLFU,,372219.2331191586,,0.651946429496536,0,50000,65738,twitter_cluster50-c3ba54b5037374193d65afd0bed81bf4,0.0,-0.017094848014850172,
twitter_cluster50,139655585,0.002,1,83,marginal-hits,TINYLFU,,410278.2555330253,2792.0,0.3463503231897242,2792,50000,66,twitter_cluster50-338b63b32411b435a63c0b5d5fcfa050,0.30559610630681183,0.28850125829196166,
twitter_cluster50,139655585,0.002,1,83,marginal-hits-tuned,TINYLFU,,397906.2413580972,230.0,0.3578845701015108,230,50000,66,twitter_cluster50-a2ec61ef9aa26c4e231eab47ffac64f3,0.2940618593950252,0.27696701138017504,-0.011534246911786616
twitter_cluster50,139655585,0.002,1,83,hits,TINYLFU,,418910.2844618192,67.0,0.3453260247343491,67,50000,66,twitter_cluster50-c70566f846196f5d2dd72a04d6afc494,0.30662040476218694,0.28952555674733677,
twitter_cluster50,139655585,0.002,1,83,free-mem,TINYLFU,,348976.2167128481,4.0,0.6522665169459567,4,50000,66,twitter_cluster50-d0f1845b4586f6129c12b28b4d3c0b68,-0.0003200874494206918,-0.017414935464270864,
twitter_cluster50,139655585,0.002,1,83,tail-age,TINYLFU,,336800.1246805065,394.0,0.6592346378413724,394,50000,66,twitter_cluster50-608505ee4ca357b618017efc50deb79d,-0.007288208344836344,-0.024383056359686517,
twitter_cluster50,139655585,0.005,1,208,tail-age,LRU,,301474.7586147688,5.0,0.6317502661995222,5,50000,24,twitter_cluster50-49aa9b97ae9a93c0ba99effe8fb8e9bb,-8.528839000609967e-05,-8.528839000609967e-05,
twitter_cluster50,139655585,0.005,1,208,marginal-hits-tuned,LRU,,334652.7604144708,234.0,0.3233099843447006,234,50000,24,twitter_cluster50-399c667d0e42517d93f12ba8f878fec3,0.30835499346481554,0.30835499346481554,-0.02009581643297692
twitter_cluster50,139655585,0.005,1,208,marginal-hits,LRU,,366248.05975351547,2792.0,0.3032141679117237,2792,50000,24,twitter_cluster50-1b98835cf8a0cd1fc065c943f1531708,0.32845080989779246,0.32845080989779246,
twitter_cluster50,139655585,0.005,1,208,hits,LRU,,301753.2319216226,269.0,0.3100027614362863,269,50000,24,twitter_cluster50-c35d2db8fbb9539f6e0582b3978596d4,0.32166221637322984,0.32166221637322984,
twitter_cluster50,139655585,0.005,1,208,disabled,LRU,,304450.6514433901,,0.6316649778095161,0,50000,44080,twitter_cluster50-916a987182fb14307db65a2a0427700f,0.0,0.0,
twitter_cluster50,139655585,0.005,1,208,free-mem,LRU,,310422.4812142976,3.0,0.6316165014095212,3,50000,24,twitter_cluster50-297893ea8371aee8c7dd72f157f5a72b,4.8476399994945574e-05,4.8476399994945574e-05,
twitter_cluster50,139655585,0.005,1,208,lama,LRU,,6243.2002498019465,494.0,0.3109463828460566,138,1000000,15044,twitter_cluster50-e247d799f4f9251cd75a8c855475ff9e,0.32071859496345956,0.32071859496345956,
twitter_cluster50,139655585,0.005,1,208,free-mem,LRU2Q,,307533.9603359206,3.0,0.6301486689558459,3,50000,24,twitter_cluster50-7fa671c8efc69299796840eec9406550,0.0001861293266575137,0.0015163088536702674,
twitter_cluster50,139655585,0.005,1,208,disabled,LRU2Q,,303155.187105001,,0.6303347982825034,0,50000,44080,twitter_cluster50-e3d1d6b390e02868a6c046c76b1c9df1,0.0,0.0013301795270127537,
twitter_cluster50,139655585,0.005,1,208,tail-age,LRU2Q,,337592.40624544345,2369.0,0.4958536817557278,2369,50000,24,twitter_cluster50-3a40bc798a3fdd3b38362c5ea354eb81,0.13448111652677558,0.13581129605378833,
twitter_cluster50,139655585,0.005,1,208,marginal-hits,LRU2Q,cold,417889.5087043424,2792.0,0.3047521515161746,2792,50000,24,twitter_cluster50-e11eef7d09862a8ed5cb07a3471083a3,0.3255826467663288,0.32691282629334156,
twitter_cluster50,139655585,0.005,1,208,hits,LRU2Q,,342919.12516709813,263.0,0.3061994190923334,263,50000,24,twitter_cluster50-2e9d0011b898e81c85d090ca74e75131,0.32413537919017,0.32546555871718275,
twitter_cluster50,139655585,0.005,1,208,marginal-hits-tuned,LRU2Q,cold,365158.6044989679,391.0,0.3035574194902409,391,50000,24,twitter_cluster50-2e03d66617e2dd597e58117bbd6c2c5e,0.3267773787922625,0.32810755831927524,0.0011947320259336758
twitter_cluster50,139655585,0.005,1,208,marginal-hits,TINYLFU,,320041.3200784782,2792.0,0.3098625378999343,2792,50000,24,twitter_cluster50-351a7b2bb104fefe1c29c8bd2dde3563,0.32818597265551536,0.32180243990958185,
twitter_cluster50,139655585,0.005,1,208,disabled,TINYLFU,,292928.340043195,,0.6380485105554496,0,50000,44080,twitter_cluster50-b79589c1eea2b348e4d180a9d3a960da,0.0,-0.006383532745933507,
twitter_cluster50,139655585,0.005,1,208,hits,TINYLFU,,319859.0128198031,877.0,0.3132666767319044,877,50000,24,twitter_cluster50-30d0cb3070ec2723b931c0beb0b1711a,0.32478183382354525,0.31839830107761175,
twitter_cluster50,139655585,0.005,1,208,free-mem,TINYLFU,,280236.7465733369,3.0,0.6379750441058265,3,50000,24,twitter_cluster50-cb110ac17449496220f504161ed8f0fe,7.346644962313853e-05,-0.006310066296310368,
twitter_cluster50,139655585,0.005,1,208,tail-age,TINYLFU,,273986.2489035997,2177.0,0.6348162373885727,2177,50000,24,twitter_cluster50-5a35f6bd12459310af2b1b05bd6d4474,0.003232273166876909,-0.003151259579056598,
twitter_cluster50,139655585,0.005,1,208,marginal-hits-tuned,TINYLFU,,332217.2528719966,168.0,0.3397887381303082,168,50000,24,twitter_cluster50-a68499d1d0abdcc5919a92b07327aa38,0.29825977242514146,0.29187623967920795,-0.0299262002303739
twitter_cluster50,139655585,0.01,1,415,tail-age,LRU,,190668.9071371174,65.0,0.6085208407526272,65,50000,24,twitter_cluster50-d0cec023e9fa41ace26f188d1a94edc4,0.007577999834378235,0.007577999834378235,
twitter_cluster50,139655585,0.01,1,415,marginal-hits,LRU,,180435.92285358816,2792.0,0.2885016234760679,2792,50000,24,twitter_cluster50-0a5ce8f3897b6c1535b68f16b97719e0,0.3275972171109376,0.3275972171109376,
twitter_cluster50,139655585,0.01,1,415,free-mem,LRU,,118823.96278465076,3.0,0.6159073552267889,3,50000,24,twitter_cluster50-889417ae5cc3a027ada47f2fe85b5962,0.00019148536021662554,0.00019148536021662554,
twitter_cluster50,139655585,0.01,1,415,marginal-hits-tuned,LRU,,347321.35103676096,182.0,0.3185532751876697,182,50000,24,twitter_cluster50-0aae05d8b5e5b5fe3093c10e90c33555,0.2975455653993358,0.2975455653993358,-0.03005165171160179
twitter_cluster50,139655585,0.01,1,415,hits,LRU,,163858.71655449798,375.0,0.2918346588143968,375,50000,24,twitter_cluster50-11c54bbf0e13866194212c14f84c5c24,0.3242641817726087,0.3242641817726087,
twitter_cluster50,139655585,0.01,1,415,disabled,LRU,,193183.42702550776,,0.6160988405870055,0,50000,44080,twitter_cluster50-162bab950538b581e0895a51d9863746,0.0,0.0,
twitter_cluster50,139655585,0.01,1,415,lama,LRU,,6197.96395140719,691.0,0.288102949839063,138,1000000,14413,twitter_cluster50-08a2fb472ddad7944b0cd862ae327719,0.3279958907479425,0.3279958907479425,
twitter_cluster50,139655585,0.01,1,415,marginal-hits,LRU2Q,cold,150655.47265821177,2792.0,0.2908836621177735,2792,50000,24,twitter_cluster50-d4c36567a4b20806ef285ad0e42b699a,0.3227228971902556,0.325215178469232,
twitter_cluster50,139655585,0.01,1,415,free-mem,LRU2Q,,284874.47053628095,3.0,0.6134201793648282,3,50000,24,twitter_cluster50-78eef7aca2cef3b98f154b9ea9692379,0.00018637994320092055,0.002678661222177303,
twitter_cluster50,139655585,0.01,1,415,marginal-hits-tuned,LRU2Q,cold,194330.00126856455,385.0,0.290996231908663,385,50000,24,twitter_cluster50-6c6d2ec160ece812851040bb5044edaf,0.3226103273993661,0.3251026086783425,-0.00011256979088947183
twitter_cluster50,139655585,0.01,1,415,disabled,LRU2Q,,180418.3553575436,,0.6136065593080291,0,50000,44080,twitter_cluster50-8ca4c52bc41a6e82dc3c3220452f5542,0.0,0.0024922812789763826,
twitter_cluster50,139655585,0.01,1,415,tail-age,LRU2Q,,216573.7007622033,1109.0,0.4578852682475964,1109,50000,24,twitter_cluster50-3b90ed4e359ce94d4e157a9afcc01a58,0.1557212910604327,0.15821357233940908,
twitter_cluster50,139655585,0.01,1,415,hits,LRU2Q,,213791.9454472655,362.0,0.286704423600388,362,50000,24,twitter_cluster50-a353185c6ad3e6f150d554b8a757b7a3,0.3269021357076411,0.3293944169866175,
twitter_cluster50,139655585,0.01,1,415,marginal-hits,TINYLFU,,180994.9299947424,2792.0,0.2803946079206212,2792,50000,24,twitter_cluster50-d90c5bd1f820a18c335613c06ba6192c,0.329997557920795,0.3357042326663843,
twitter_cluster50,139655585,0.01,1,415,tail-age,TINYLFU,,276523.2675521296,2743.0,0.5492636187804447,2743,50000,24,twitter_cluster50-212d5f7d0b4b087ef386e76b48f7224d,0.06112854706097148,0.06683522180656076,
twitter_cluster50,139655585,0.01,1,415,marginal-hits-tuned,TINYLFU,,129974.52302107192,620.0,0.2852999398484493,620,50000,24,twitter_cluster50-c790958a4614bd42afdb59fff4317edb,0.3250922259929669,0.33079890073855617,-0.004905331927828105
twitter_cluster50,139655585,0.01,1,415,disabled,TINYLFU,,195839.24844059383,,0.6103921658414162,0,50000,44080,twitter_cluster50-c7cd5a55ef3bbeb4c0fd3746e611c51e,0.0,0.00570667474558928,
twitter_cluster50,139655585,0.01,1,415,free-mem,TINYLFU,,230255.42434625063,3.0,0.610176420799784,3,50000,24,twitter_cluster50-45817c47ce4715b59cdce32161c851b3,0.00021574504163224262,0.005922419787221522,
twitter_cluster50,139655585,0.01,1,415,hits,TINYLFU,,284491.1654248173,478.0,0.2872000428769103,478,50000,24,twitter_cluster50-87f88993ed470a47c61899ea29cf23c2,0.3231921229645059,0.32889879771009517,
twitter_cluster50,139655585,0.02,1,830,marginal-hits,LRU,,301230.06784906605,2792.0,0.2525057841403192,2792,50000,2,twitter_cluster50-fbd442ec2b2c898c2ceb4570d55eacfc,0.3357572416455812,0.3357572416455812,
twitter_cluster50,139655585,0.02,1,830,tail-age,LRU,,331103.54133696656,439.0,0.5016556623925925,439,50000,2,twitter_cluster50-45537da5b11a4b010faca53a1075f50a,0.08660736339330788,0.08660736339330788,
twitter_cluster50,139655585,0.02,1,830,hits,LRU,,309794.2493351706,413.0,0.2605208878685374,413,50000,2,twitter_cluster50-8c36789711080c90e656e757b11f7b2f,0.327742137917363,0.327742137917363,
twitter_cluster50,139655585,0.02,1,830,free-mem,LRU,,309309.3558531967,2.0,0.5883670388119459,2,50000,2,twitter_cluster50-41d4302f294ff39b5d3060d0b144d3f4,-0.00010401302604545748,-0.00010401302604545748,
twitter_cluster50,139655585,0.02,1,830,marginal-hits-tuned,LRU,,336485.93732759217,950.0,0.2512373851715275,950,50000,2,twitter_cluster50-dc1abf3efafbd0c88b52d3a078edf1f9,0.3370256406143729,0.3370256406143729,0.0012683989687917174
twitter_cluster50,139655585,0.02,1,830,disabled,LRU,,339440.8171983513,,0.5882630257859004,0,50000,523,twitter_cluster50-861a175cbeb41e589fb848c19d8115c6,0.0,0.0,
twitter_cluster50,139655585,0.02,1,830,lama,LRU,,6122.60295970418,1549.0,0.2547942926879723,138,1000000,10511,twitter_cluster50-7c3c7da2b54e8ca2f50152758b087a00,0.33346873309792807,0.33346873309792807,
twitter_cluster50,139655585,0.02,1,830,tail-age,LRU2Q,,340524.6067554054,1444.0,0.4427222226737298,1444,50000,2,twitter_cluster50-b22a1dbd040ee391b0a3330bd14bfdf7,0.14267958563919952,0.1455408031121706,
twitter_cluster50,139655585,0.02,1,830,free-mem,LRU2Q,,325163.97553133755,2.0,0.5854922307618418,2,50000,2,twitter_cluster50-fe6e17565b3074e9a3946729b8e7b873,-9.042244891244167e-05,0.0027707950240586365,
twitter_cluster50,139655585,0.02,1,830,marginal-hits-tuned,LRU2Q,cold,333964.10462788504,593.0,0.2555364183967293,593,50000,2,twitter_cluster50-5dd4423a721c727495c9e1193807be51,0.3298653899162,0.3327266073891711,0.004040346828950714
twitter_cluster50,139655585,0.02,1,830,hits,LRU2Q,,342901.7711003634,407.0,0.2530565032540589,407,50000,2,twitter_cluster50-6675f5ccaa53b96f110569cf97fedc3c,0.33234530505887044,0.3352065225318415,
twitter_cluster50,139655585,0.02,1,830,disabled,LRU2Q,,293263.42185719445,,0.5854018083129293,0,50000,523,twitter_cluster50-c51846ef16da01de4b78718b591fafdd,0.0,0.002861217472971078,
twitter_cluster50,139655585,0.02,1,830,marginal-hits,LRU2Q,cold,322258.56934224075,2792.0,0.25957676522568,2792,50000,2,twitter_cluster50-e17425f7200ad3f972485f5268a75627,0.3258250430872493,0.3286862605602204,
twitter_cluster50,139655585,0.02,1,830,hits,TINYLFU,,320973.4669098288,396.0,0.2428039881111808,396,50000,2,twitter_cluster50-b53971e7a40ac27767de78df0f9738a8,0.33270162450001556,0.3454590376747196,
twitter_cluster50,139655585,0.02,1,830,marginal-hits-tuned,TINYLFU,,313231.8326022945,713.0,0.2375048659887107,713,50000,2,twitter_cluster50-910c07d0388fccb1f242fb1b494eeb52,0.3380007466224857,0.3507581597971897,0.0016658266835515023
twitter_cluster50,139655585,0.02,1,830,tail-age,TINYLFU,,304081.34373964404,2790.0,0.4822328802675525,2790,50000,2,twitter_cluster50-600bdc939c549117a13ea541cdbf9254,0.09327273234364386,0.10603014551834788,
twitter_cluster50,139655585,0.02,1,830,free-mem,TINYLFU,,292425.6009083001,2.0,0.5755774536335228,2,50000,2,twitter_cluster50-77ebbff41cacba95e20655fd789ec6d1,-7.18410223263799e-05,0.012685572152377644,
twitter_cluster50,139655585,0.02,1,830,marginal-hits,TINYLFU,,328139.23439782136,2792.0,0.2391706926722622,2792,50000,2,twitter_cluster50-24bf795f7427e83e426583314cd87d39,0.33633491993893416,0.3490923331136382,
twitter_cluster50,139655585,0.02,1,830,disabled,TINYLFU,,273661.2348160967,,0.5755056126111964,0,50000,523,twitter_cluster50-1a1cdd7694644cae708468de08153290,0.0,0.012757413174704024,
twitter_cluster50,139655585,0.05,1,2075,free-mem,LRU,,321244.9382793476,1.0,0.450756301654531,1,50000,1,twitter_cluster50-58764d40d49a1d38c28999392b858087,-1.0253796867532028e-05,-1.0253796867532028e-05,
twitter_cluster50,139655585,0.05,1,2075,disabled,LRU,,294200.4747402727,,0.4507460478576635,0,50000,112,twitter_cluster50-8a1de64ed789f69d1b0f2a6ecd9fa252,0.0,0.0,
twitter_cluster50,139655585,0.05,1,2075,marginal-hits-tuned,LRU,,354933.64390147995,905.0,0.171322758055111,905,50000,1,twitter_cluster50-f89dc83bd9f9db56eb6834d15e23da17,0.2794232898025525,0.2794232898025525,0.0011157162099890983
twitter_cluster50,139655585,0.05,1,2075,tail-age,LRU,,342303.1494476784,1048.0,0.3497830108262408,1048,50000,1,twitter_cluster50-481308106e239d986fb995e9e073f389,0.10096303703142268,0.10096303703142268,
twitter_cluster50,139655585,0.05,1,2075,hits,LRU,,342543.0382160915,395.0,0.1906498762652421,395,50000,1,twitter_cluster50-d4203e88be05303e0444da92f79553c8,0.2600961715924214,0.2600961715924214,
twitter_cluster50,139655585,0.05,1,2075,marginal-hits,LRU,,414800.5059572637,2791.0,0.1724384742651001,2791,50000,1,twitter_cluster50-a65f86265239d11ff579d29d56678056,0.2783075735925634,0.2783075735925634,
twitter_cluster50,139655585,0.05,1,2075,lama,LRU,,6261.893213495536,2329.0,0.1805925269655345,138,1000000,9381,twitter_cluster50-82189d74bc263f6bda32fe389aeb8ddd,0.27015352089212896,0.27015352089212896,
twitter_cluster50,139655585,0.05,1,2075,hits,LRU2Q,,336906.8400848751,402.0,0.1922051309297798,402,50000,1,twitter_cluster50-11e0e573d170470630acb39d4afdc537,0.2536118408726726,0.25854091692788367,
twitter_cluster50,139655585,0.05,1,2075,marginal-hits-tuned,LRU2Q,cold,430258.32109909534,1648.0,0.1760399700448786,1648,50000,1,twitter_cluster50-78d57434dd37406563d6e5069042386b,0.2697770017575738,0.2747060778127849,0.003704219920742907
twitter_cluster50,139655585,0.05,1,2075,tail-age,LRU2Q,,338154.9385785866,1840.0,0.3582803795494466,1840,50000,1,twitter_cluster50-52c40ca90b9f940b1bd4314c54bef5d1,0.08753659225300581,0.0924656683082169,
twitter_cluster50,139655585,0.05,1,2075,disabled,LRU2Q,,334742.2773435079,,0.4458169718024524,0,50000,112,twitter_cluster50-7636a884ec957cd211911a2ee01825d8,0.0,0.00492907605521109,
twitter_cluster50,139655585,0.05,1,2075,free-mem,LRU2Q,,316893.2894493489,1.0,0.4458272542412106,1,50000,1,twitter_cluster50-b858903046b4a7901237168c6f502d48,-1.0282438758224544e-05,0.004918793616452866,
twitter_cluster50,139655585,0.05,1,2075,marginal-hits,LRU2Q,cold,390613.0824213608,2791.0,0.1797441899656215,2791,50000,1,twitter_cluster50-819a873fe64c50f44fc168c61787ce7d,0.2660727818368309,0.271001857892042,
twitter_cluster50,139655585,0.05,1,2075,marginal-hits,TINYLFU,,403333.17395273823,2791.0,0.1694898560626845,2791,50000,1,twitter_cluster50-175a305e22ccc21f9382daf597f1e5cb,0.2652831535523624,0.28125619179497896,
twitter_cluster50,139655585,0.05,1,2075,tail-age,TINYLFU,,296516.430157725,2790.0,0.3604731668984094,2790,50000,1,twitter_cluster50-169eec55fe420e68fbb635c641044c16,0.07429984271663748,0.09027288095925406,
twitter_cluster50,139655585,0.05,1,2075,hits,TINYLFU,,328082.12654272903,394.0,0.1797852552764001,394,50000,1,twitter_cluster50-99bb1ab82ed7b098e03174ed84830345,0.2549877543386468,0.2709607925812634,
twitter_cluster50,139655585,0.05,1,2075,disabled,TINYLFU,,316985.6392514828,,0.4347730096150469,0,50000,112,twitter_cluster50-e994bbc05c384d488a0259ad14db8bd7,0.0,0.01597303824261659,
twitter_cluster50,139655585,0.05,1,2075,free-mem,TINYLFU,,339851.9077320308,1.0,0.4347807715674242,1,50000,1,twitter_cluster50-69179e53154effb44933d00d9e2874ff,-7.761952377283166e-06,0.015965276290239305,
twitter_cluster50,139655585,0.05,1,2075,marginal-hits-tuned,TINYLFU,,345210.09998492413,794.0,0.1687272442416105,794,50000,1,twitter_cluster50-e3600a8c694b4093f2ca681079438022,0.2660457653734364,0.28201880361605297,0.000762611821073983
twitter_cluster50,139655585,0.1,1,4149,disabled,LRU,,194549.3159964675,,0.2911187977194038,0,50000,0,twitter_cluster50-db00748def835f9a96bc81a67fdd154e,0.0,0.0,
twitter_cluster50,139655585,0.1,1,4149,tail-age,LRU,,365418.7509105804,1420.0,0.2313345005142472,1420,50000,0,twitter_cluster50-b289ffc4c305c06030acdd4028814590,0.0597842972051566,0.0597842972051566,
twitter_cluster50,139655585,0.1,1,4149,marginal-hits,LRU,,195615.76269518072,2787.0,0.1050854428772039,2787,50000,0,twitter_cluster50-f9deef73f2364d9c70785b8ae1fd2fc1,0.1860333548421999,0.1860333548421999,
twitter_cluster50,139655585,0.1,1,4149,hits,LRU,,198624.0637401329,341.0,0.1116961487791555,341,50000,0,twitter_cluster50-fe5bea19167efd0c4dc0981843bbb77d,0.17942264894024829,0.17942264894024829,
twitter_cluster50,139655585,0.1,1,4149,free-mem,LRU,,289204.72401941696,,0.2911187977194038,0,50000,0,twitter_cluster50-cf1ced2034da247086ea2c3d3291748d,0.0,0.0,
twitter_cluster50,139655585,0.1,1,4149,marginal-hits-tuned,LRU,,361133.9124165602,1031.0,0.1053452176653013,1031,50000,0,twitter_cluster50-4fa1523362e72a1b76e29fba7c82f0d4,0.1857735800541025,0.1857735800541025,-0.00025977478809741106
twitter_cluster50,139655585,0.1,1,4149,lama,LRU,,7640.554843409244,2202.0,0.1181808017201746,119,1000000,297,twitter_cluster50-a12376040d8ee5260e0990e902292bfb,0.1729379959992292,0.1729379959992292,
twitter_cluster50,139655585,0.1,1,4149,marginal-hits-tuned,LRU2Q,cold,199180.61023764216,1048.0,0.1033017404925123,1048,50000,0,twitter_cluster50-a5bd0034a086bd2f70dcfaa6db36248f,0.18106459544743592,0.18781705722689152,2.664411881560247e-05
twitter_cluster50,139655585,0.1,1,4149,free-mem,LRU2Q,,360042.7111456618,,0.2843663359399482,0,50000,0,twitter_cluster50-db743dc1fe3d04cd6512523d262cc6c4,0.0,0.0067524617794555986,
twitter_cluster50,139655585,0.1,1,4149,marginal-hits,LRU2Q,cold,231710.1239098188,2787.0,0.1033283846113279,2787,50000,0,twitter_cluster50-f5d232b5c9996ad2fb9186c772b98dac,0.1810379513286203,0.1877904131080759,
twitter_cluster50,139655585,0.1,1,4149,disabled,LRU2Q,,297088.078783649,,0.2843663359399482,0,50000,0,twitter_cluster50-a50d9cb0b189f734556ef0a2afb07528,0.0,0.0067524617794555986,
twitter_cluster50,139655585,0.1,1,4149,tail-age,LRU2Q,,194968.70470764287,1212.0,0.2389673853716627,1212,50000,0,twitter_cluster50-6651673fe5013b43055a356d0ecc1f9c,0.045398950568285495,0.052151412347741094,
twitter_cluster50,139655585,0.1,1,4149,hits,LRU2Q,,215379.8465090076,341.0,0.1100166885556349,341,50000,0,twitter_cluster50-505ab2f40579ab8b92f466b0f59439f7,0.1743496473843133,0.1811021091637689,
twitter_cluster50,139655585,0.1,1,4149,marginal-hits,TINYLFU,,196765.6558346329,2787.0,0.1190250286087735,2787,50000,0,twitter_cluster50-3c1eb6b25dc37d0da04cf1351059f0e6,0.19475668660154188,0.1720937691106303,
twitter_cluster50,139655585,0.1,1,4149,marginal-hits-tuned,TINYLFU,,286419.6566846747,1240.0,0.1186060407107957,1240,50000,0,twitter_cluster50-727061d7eeda88522d01fc12b7b09dbc,0.1951756744995197,0.1725127570086081,0.0004189878979777989
twitter_cluster50,139655585,0.1,1,4149,tail-age,TINYLFU,,213789.36260561997,2786.0,0.267040176015875,2786,50000,0,twitter_cluster50-0a4eac8b0664e38825bd653e479f8594,0.04674153919444041,0.024078621703528813,
twitter_cluster50,139655585,0.1,1,4149,hits,TINYLFU,,278540.64154424536,339.0,0.1247969567418302,339,50000,0,twitter_cluster50-cd8dcaa5e90947ece929db4648567729,0.1889847584684852,0.1663218409775736,
twitter_cluster50,139655585,0.1,1,4149,disabled,TINYLFU,,194672.6007501292,,0.3137817152103154,0,50000,0,twitter_cluster50-7906c7665615ccc40d7dcf6c40f56086,0.0,-0.022662917490911594,
twitter_cluster50,139655585,0.1,1,4149,free-mem,TINYLFU,,288018.9623814806,,0.3137817152103154,0,50000,0,twitter_cluster50-4fef3581ab8533d93a12c7e1bc0fc639,0.0,-0.022662917490911594,
twitter_cluster52,13426570607,0.002,1,72,hits,LRU,,733149.6275095324,71.0,0.1782747824490698,71,50000,1,twitter_cluster52-6b5705b5c0446d565cb604ee1b021715,0.028500377810585287,0.028500377810585287,
twitter_cluster52,13426570607,0.002,1,72,marginal-hits,LRU,,729034.3412821383,268516.0,0.184143276073117,268516,50000,1,twitter_cluster52-675d23b27aa980a96d009fc0c14d06ae,0.02263188418653808,0.02263188418653808,
twitter_cluster52,13426570607,0.002,1,72,marginal-hits-tuned,LRU,,725625.7431300553,185.0,0.1844274991343662,185,50000,1,twitter_cluster52-cfe328eff81f7f476e615e946371346e,0.02234766112528888,0.02234766112528888,-0.00028422306124920027
twitter_cluster52,13426570607,0.002,1,72,free-mem,LRU,,570424.8791437307,1.0,0.2098664459806985,1,50000,1,twitter_cluster52-7e7c5444cd1d985e411709d49a08d851,-0.0030912857210434186,-0.0030912857210434186,
twitter_cluster52,13426570607,0.002,1,72,tail-age,LRU,,601439.1836769172,1.0,0.2103935988335878,1,50000,1,twitter_cluster52-2ccf855556a7c91108d5794851b88551,-0.0036184385739327085,-0.0036184385739327085,
twitter_cluster52,13426570607,0.002,1,72,disabled,LRU,,581298.6717963149,,0.2067751602596551,0,50000,3251,twitter_cluster52-e53dcd2d7b0f20bc87fac34b95ce6887,0.0,0.0,
twitter_cluster52,13426570607,0.002,1,72,free-mem,LRU2Q,,698669.7888101994,1.0,0.1924779172317207,1,50000,1,twitter_cluster52-419901f0479929f1832b8549ba9ed291,-0.0027727465255044936,0.014297243027934392,
twitter_cluster52,13426570607,0.002,1,72,hits,LRU2Q,,582114.4551215942,126.0,0.1639504456821123,126,50000,1,twitter_cluster52-8224d77adfcbbfc4a1f70c87a5c7df11,0.02575472502410389,0.04282471457754278,
twitter_cluster52,13426570607,0.002,1,72,marginal-hits-tuned,LRU2Q,cold,732668.7384555273,210.0,0.1667138697973258,210,50000,1,twitter_cluster52-364b049d5129ed5365c8d453c4158fe0,0.0229913009088904,0.040061290462329285,0.01610902711726231
twitter_cluster52,13426570607,0.002,1,72,disabled,LRU2Q,,726433.1521089432,,0.1897051707062162,0,50000,3251,twitter_cluster52-bd170487a5ede73c5b8e2ccaa4bd386e,0.0,0.017069989553438886,
twitter_cluster52,13426570607,0.002,1,72,tail-age,LRU2Q,,561637.8582364264,7.0,0.2004231824913681,7,50000,1,twitter_cluster52-4b43011fb3c2b483715b0a310054cd6e,-0.010718011785151887,0.006351977768286998,
twitter_cluster52,13426570607,0.002,1,72,marginal-hits,LRU2Q,cold,698563.6951768373,268389.0,0.1828228969145881,268389,50000,1,twitter_cluster52-3475ed5949a5d718a0d20bece0e01d20,0.006882273791628091,0.023952263345066976,
twitter_cluster52,13426570607,0.002,1,72,hits,TINYLFU,,508052.82471428544,76.0,0.1749720142815318,76,50000,1,twitter_cluster52-fcbb8792d072e290cd0eca9b92bb642f,0.025767682539845793,0.03180314597812328,
twitter_cluster52,13426570607,0.002,1,72,tail-age,TINYLFU,,511464.6309179728,63194.0,0.1932874647564127,63194,50000,1,twitter_cluster52-1fed2fc2408ea3128f623dbfaff30256,0.007452232064964898,0.013487695503242386,
twitter_cluster52,13426570607,0.002,1,72,marginal-hits,TINYLFU,,558911.3559216761,268516.0,0.1814650819122601,268516,50000,1,twitter_cluster52-5efecd52149b7f7642eee30db17f81fe,0.0192746149091175,0.025310078347394988,
twitter_cluster52,13426570607,0.002,1,72,free-mem,TINYLFU,,565647.7917401091,1.0,0.2029211815695924,1,50000,1,twitter_cluster52-4994ea7616b89badbb6fb2b2c34161d8,-0.002181484748214807,0.0038539786900626816,
twitter_cluster52,13426570607,0.002,1,72,marginal-hits-tuned,TINYLFU,,501655.86040095554,216.0,0.1776823367506981,216,50000,1,twitter_cluster52-f66977950ea8d581b08a996e49eeb0b9,0.02305736007067949,0.029092823508956978,0.00378274516156199
twitter_cluster52,13426570607,0.002,1,72,disabled,TINYLFU,,564258.5482068341,,0.2007396968213776,0,50000,3251,twitter_cluster52-e26f7236e44e10c084ac06dc9f334071,0.0,0.0060354634382774885,
twitter_cluster52,13426570607,0.005,1,180,marginal-hits,LRU,,560290.5887578938,268473.0,0.1394458692991849,268473,50000,1,twitter_cluster52-5a3cce8ceae0969f291097995d9f0d0d,0.016053889359329193,0.016053889359329193,
twitter_cluster52,13426570607,0.005,1,180,tail-age,LRU,,596769.126684082,10.0,0.1532224647094502,10,50000,1,twitter_cluster52-9f0f58862ec6391f35e4a1c6be98dd22,0.0022772939490638966,0.0022772939490638966,
twitter_cluster52,13426570607,0.005,1,180,disabled,LRU,,558402.5903394062,,0.1554997586585141,0,50000,3251,twitter_cluster52-f772bc20db85f75f3dbb29798540fee3,0.0,0.0,
twitter_cluster52,13426570607,0.005,1,180,free-mem,LRU,,734260.3140473005,1.0,0.1563448278375407,1,50000,1,twitter_cluster52-60fe2b65b690b117e21825b607ed0e87,-0.0008450691790266029,-0.0008450691790266029,
twitter_cluster52,13426570607,0.005,1,180,marginal-hits-tuned,LRU,,734458.2722606711,350.0,0.1358427490821148,350,50000,1,twitter_cluster52-d6d6c10911905bb5c30e5f51f4b52377,0.019657009576399292,0.019657009576399292,0.0036031202170700993
twitter_cluster52,13426570607,0.005,1,180,hits,LRU,,580930.5691633875,695.0,0.1345175735387245,695,50000,1,twitter_cluster52-0efb6f99aac8abac8ece95d044e90e83,0.02098218511978958,0.02098218511978958,
twitter_cluster52,13426570607,0.005,1,180,free-mem,LRU2Q,,725851.1193011339,1.0,0.1442302595117169,1,50000,1,twitter_cluster52-4abba85de9cef44706f43d31946b305d,-0.0007822816642787944,0.011269499146797202,
twitter_cluster52,13426570607,0.005,1,180,marginal-hits-tuned,LRU2Q,cold,579034.5133957202,361.0,0.1280740041022449,361,50000,1,twitter_cluster52-8426f538db802f12e6498ccd5ca279b8,0.015373973745193198,0.027425754556269194,0.00963062607607229
twitter_cluster52,13426570607,0.005,1,180,marginal-hits,LRU2Q,cold,727412.6183875254,268473.0,0.1377046301783172,268473,50000,1,twitter_cluster52-e338b7d527694bc27c065f911e24d248,0.005743347669120907,0.017795128480196903,
twitter_cluster52,13426570607,0.005,1,180,tail-age,LRU2Q,,558428.2971066444,2614.0,0.1358535735140755,2614,50000,1,twitter_cluster52-ae44e0773c5f40da5d04fa885d7c8099,0.007594404333362587,0.019646185144438583,
twitter_cluster52,13426570607,0.005,1,180,disabled,LRU2Q,,610830.8841958796,,0.1434479778474381,0,50000,3251,twitter_cluster52-88db994c8a1ed3d85ee1b073fa0d2459,0.0,0.012051780811075996,
twitter_cluster52,13426570607,0.005,1,180,hits,LRU2Q,,584562.6658277716,790.0,0.1248236604905078,790,50000,1,twitter_cluster52-e0c7be44df010aab89a1c13ba81f0ca9,0.018624317356930292,0.03067609816800629,
twitter_cluster52,13426570607,0.005,1,180,marginal-hits,TINYLFU,,565316.9790322827,268473.0,0.1381779158881237,268473,50000,1,twitter_cluster52-6ba4148b9ef14e44939e6d5ae9022fcf,0.01586259404832399,0.017321842770390394,
twitter_cluster52,13426570607,0.005,1,180,tail-age,TINYLFU,,510370.72995344514,144530.0,0.1518158160161381,144530,50000,1,twitter_cluster52-c5fb078ca8a53c83b6690cb256e3ccb3,0.0022246939203095784,0.0036839426423759813,
twitter_cluster52,13426570607,0.005,1,180,free-mem,TINYLFU,,564021.3650158109,1.0,0.154785195030852,1,50000,1,twitter_cluster52-515726632306ebd26a68d7e7db40cd8d,-0.0007446850944043126,0.0007145636276620904,
twitter_cluster52,13426570607,0.005,1,180,hits,TINYLFU,,555715.6509319177,734.0,0.1292002779991785,734,50000,1,twitter_cluster52-d33380be2fb145f004f25b87a3f1881f,0.024840231937269197,0.0262994806593356,
twitter_cluster52,13426570607,0.005,1,180,disabled,TINYLFU,,563161.8941446067,,0.1540405099364477,0,50000,3251,twitter_cluster52-6b0cb15574b25b7f596a411631c9065c,0.0,0.001459248722066403,
twitter_cluster52,13426570607,0.005,1,180,marginal-hits-tuned,TINYLFU,,530028.5005226645,384.0,0.1320698698054372,384,50000,1,twitter_cluster52-9ce9039f56ce9cfff6fd757474e20c8c,0.021970640131010494,0.023429888853076897,0.006108046082686502
twitter_cluster52,13426570607,0.01,1,360,tail-age,LRU,,603587.6103137308,136.0,0.1234618532550498,136,50000,0,twitter_cluster52-b9f9bab182a0ee5d3299492676387a4b,0.003435950128318599,0.003435950128318599,
twitter_cluster52,13426570607,0.01,1,360,marginal-hits,LRU,,732906.7057430577,268384.0,0.1141641010848184,268384,50000,0,twitter_cluster52-6bc56fc7855964d6e865d81e96189cfb,0.01273370229854999,0.01273370229854999,
twitter_cluster52,13426570607,0.01,1,360,disabled,LRU,,605859.469997313,,0.1268978033833684,0,50000,0,twitter_cluster52-c8fbdeb8b6d69ed1583873d1ab627edc,0.0,0.0,
twitter_cluster52,13426570607,0.01,1,360,free-mem,LRU,,582156.9882274655,,0.1268978033833684,0,50000,0,twitter_cluster52-6feea904fed18d0405e96db06ab236bb,0.0,0.0,
twitter_cluster52,13426570607,0.01,1,360,marginal-hits-tuned,LRU,,587660.1202565599,430.0,0.1093833012157487,430,50000,0,twitter_cluster52-90f4b94a8635ca00bc3161edf4233e55,0.017514502167619697,0.017514502167619697,0.004780799869069707
twitter_cluster52,13426570607,0.01,1,360,hits,LRU,,731177.2791485204,2417.0,0.1088028444313531,2417,50000,0,twitter_cluster52-0d6d67e7c10a3a59d00de05a738bebc1,0.018094958952015294,0.018094958952015294,
twitter_cluster52,13426570607,0.01,1,360,free-mem,LRU2Q,,729245.4029429354,,0.1169958652122999,0,50000,0,twitter_cluster52-d6a1936f880fdacbcfb6d5c76296d251,0.0,0.009901938171068492,
twitter_cluster52,13426570607,0.01,1,360,marginal-hits,LRU2Q,cold,638587.7556150279,268384.0,0.1140418123002837,268384,50000,0,twitter_cluster52-f061d7ea62119e2c89345f69339ea9e2,0.0029540529120162112,0.012855991083084703,
twitter_cluster52,13426570607,0.01,1,360,disabled,LRU2Q,,582053.5227334541,,0.1169958652122999,0,50000,0,twitter_cluster52-6debfdcb11a4fad551eb1109023e997f,0.0,0.009901938171068492,
twitter_cluster52,13426570607,0.01,1,360,marginal-hits-tuned,LRU2Q,cold,633169.4797003828,701.0,0.1108162774062563,701,50000,0,twitter_cluster52-f76cd7e621e13aa0ac845a308773e3cc,0.006179587806043607,0.0160815259771121,0.003225534894027396
twitter_cluster52,13426570607,0.01,1,360,tail-age,LRU2Q,,455154.2571710824,707.0,0.1109223926639571,707,50000,0,twitter_cluster52-5745a38636c3401c1c384b53418e04ea,0.006073472548342798,0.01597541071941129,
twitter_cluster52,13426570607,0.01,1,360,hits,LRU2Q,,579120.1772105369,2277.0,0.1013969345448659,2277,50000,0,twitter_cluster52-84b2ebbbee8a74ebb02c7c327a5bfcb0,0.015598930667434008,0.0255008688385025,
twitter_cluster52,13426570607,0.01,1,360,disabled,TINYLFU,,553394.4070048096,,0.125558472401068,0,50000,0,twitter_cluster52-783cf6ff4fe4077cf34ccea9beb049f7,0.0,0.0013393309823004074,
twitter_cluster52,13426570607,0.01,1,360,marginal-hits-tuned,TINYLFU,,557089.7220803637,338.0,0.1089772471934984,338,50000,0,twitter_cluster52-9fc4d3d76dc757ffbeca4bc6e199b979,0.01658122520756959,0.01792055618987,0.0045461882849055085
twitter_cluster52,13426570607,0.01,1,360,marginal-hits,TINYLFU,,508307.4124457779,268384.0,0.1135234354784039,268384,50000,0,twitter_cluster52-9a15531109c8b52c7ec1c7a62dcfbdc2,0.012035036922664083,0.01337436790496449,
twitter_cluster52,13426570607,0.01,1,360,hits,TINYLFU,,556166.7820265114,2552.0,0.1044882415669554,2552,50000,0,twitter_cluster52-864959b80790019c9f36ca2a074a6579,0.021070230834112594,0.022409561816413,
twitter_cluster52,13426570607,0.01,1,360,free-mem,TINYLFU,,500948.3178240804,,0.125558472401068,0,50000,0,twitter_cluster52-b78e404c6b8f90c32e1b77b3c351773b,0.0,0.0013393309823004074,
twitter_cluster52,13426570607,0.01,1,360,tail-age,TINYLFU,,512338.90569265006,123569.0,0.1241204911350301,123569,50000,0,twitter_cluster52-d2c779da45ab759b5b15dae58cd31055,0.001437981266037891,0.0027773122483382984,
twitter_cluster52,13426570607,0.02,1,720,hits,LRU,,681553.9842344723,5058.0,0.0899940599403723,5058,50000,0,twitter_cluster52-dac057fef50686c88064ab25b57284c2,0.010880575559915201,0.010880575559915201,
twitter_cluster52,13426570607,0.02,1,720,tail-age,LRU,,579750.5067854308,253.0,0.0984318286987577,253,50000,0,twitter_cluster52-691a918392c9833cfee0e0ec5bf0c4df,0.0024428068015297927,0.0024428068015297927,
twitter_cluster52,13426570607,0.02,1,720,marginal-hits-tuned,LRU,,697555.8922466895,492.0,0.0890840021633232,492,50000,0,twitter_cluster52-63a1f56eb146825fcbb83825c2ca0dea,0.011790633336964298,0.011790633336964298,0.0058579326994336045
twitter_cluster52,13426570607,0.02,1,720,disabled,LRU,,592059.8938082063,,0.1008746355002875,0,50000,0,twitter_cluster52-983dc2f1165fc71dc69e53322ad440dd,0.0,0.0,
twitter_cluster52,13426570607,0.02,1,720,free-mem,LRU,,697538.2162303223,,0.1008746355002875,0,50000,0,twitter_cluster52-1995ab21775bf748f8d1318529d93330,0.0,0.0,
twitter_cluster52,13426570607,0.02,1,720,marginal-hits,LRU,,696010.4616622004,268165.0,0.0949419348627568,268165,50000,0,twitter_cluster52-201c250878adf5bbc39d8d47700df431,0.005932700637530694,0.005932700637530694,
twitter_cluster52,13426570607,0.02,1,720,disabled,LRU2Q,,680462.1179942783,,0.094658574791793,0,50000,0,twitter_cluster52-dc8def0e2d6fd506e0c10aeedba8812e,0.0,0.006216060708494495,
twitter_cluster52,13426570607,0.02,1,720,hits,LRU2Q,,639420.6756546481,5126.0,0.0841118712332408,5126,50000,0,twitter_cluster52-abebbadad37fe5c2a2b35bff594f89eb,0.010546703558552195,0.01676276426704669,
twitter_cluster52,13426570607,0.02,1,720,marginal-hits,LRU2Q,cold,567078.4876635135,268165.0,0.0958291343829224,268165,50000,0,twitter_cluster52-6663974a2519409dba8d8e028b17b646,-0.001170559591129397,0.005045501117365098,
twitter_cluster52,13426570607,0.02,1,720,marginal-hits-tuned,LRU2Q,cold,679162.5327691803,896.0,0.0836682379947655,896,50000,0,twitter_cluster52-90e21e2344058fd975bb5023a093e460,0.010990336797027503,0.017206397505521998,0.0121608963881569
twitter_cluster52,13426570607,0.02,1,720,free-mem,LRU2Q,,732286.9934459251,,0.094658574791793,0,50000,0,twitter_cluster52-73d747eaec609ad0f13672d34938c0ac,0.0,0.006216060708494495,
twitter_cluster52,13426570607,0.02,1,720,tail-age,LRU2Q,,491769.9147093183,1034.0,0.0889368883501377,1034,50000,0,twitter_cluster52-8cf0bbc7489c7e12554f424b256b9b79,0.005721686441655299,0.011937747150149794,
twitter_cluster52,13426570607,0.02,1,720,free-mem,TINYLFU,,552926.0418345932,,0.1005661854037423,0,50000,0,twitter_cluster52-afa1f797291ea763e676ee0b20b4feb9,0.0,0.0003084500965451903,
twitter_cluster52,13426570607,0.02,1,720,disabled,TINYLFU,,516534.82967859023,,0.1005661854037423,0,50000,0,twitter_cluster52-a7e98f07269f5afd085d1cf829a820a8,0.0,0.0003084500965451903,
twitter_cluster52,13426570607,0.02,1,720,marginal-hits,TINYLFU,,558027.415856962,268165.0,0.0943495634946092,268165,50000,0,twitter_cluster52-a3aa27ad615d3b9d62ea9baa7b3b9dd5,0.006216621909133108,0.006525072005678298,
twitter_cluster52,13426570607,0.02,1,720,hits,TINYLFU,,509713.8317854538,4961.0,0.0863505142851255,4961,50000,0,twitter_cluster52-88afe8d1f3a90d813242f461e065b668,0.01421567111861681,0.014524121215162,
twitter_cluster52,13426570607,0.02,1,720,tail-age,TINYLFU,,464800.4135747099,94291.0,0.0982917402834017,94291,50000,0,twitter_cluster52-13335446cca37709e6c6574302911705,0.0022744451203406124,0.0025828952168858027,
twitter_cluster52,13426570607,0.02,1,720,marginal-hits-tuned,TINYLFU,,515419.19907203846,463.0,0.0880709259729735,463,50000,0,twitter_cluster52-c8bba7da23c46e9edf5ceb48f5963ca6,0.012495259430768804,0.012803709527313994,0.0062786375216356966
twitter_cluster52,13426570607,0.05,1,1799,disabled,LRU,,522092.9726150233,,0.0766610162138776,0,50000,0,twitter_cluster52-494724469c07b015e32adfdf5515b31d,0.0,0.0,
twitter_cluster52,13426570607,0.05,1,1799,marginal-hits,LRU,,562884.9344065614,267311.0,0.0818232551823201,267311,50000,0,twitter_cluster52-ef786add3aa2079a5717fb553afcaf7e,-0.005162238968442506,-0.005162238968442506,
twitter_cluster52,13426570607,0.05,1,1799,tail-age,LRU,,494820.41453166,230.0,0.0758864882793521,230,50000,0,twitter_cluster52-37cd5336b958383593bec3ae01a7676d,0.0007745279345254957,0.0007745279345254957,
twitter_cluster52,13426570607,0.05,1,1799,marginal-hits-tuned,LRU,,551588.9788381468,770.0,0.069654043342417,770,50000,0,twitter_cluster52-fa8c20c8ebd9d21ba756532da4be6635,0.007006972871460598,0.007006972871460598,0.012169211839903105
twitter_cluster52,13426570607,0.05,1,1799,free-mem,LRU,,604002.3100789897,,0.0766610162138776,0,50000,0,twitter_cluster52-5caa08e9b22de471ce8086024c96d111,0.0,0.0,
twitter_cluster52,13426570607,0.05,1,1799,hits,LRU,,554602.22322593,8616.0,0.0663662663446938,8616,50000,0,twitter_cluster52-786e496a1bc8ebcdb6d5cf9d7f610762,0.0102947498691838,0.0102947498691838,
twitter_cluster52,13426570607,0.05,1,1799,hits,LRU2Q,,560244.1536939284,8378.0,0.0630612188162606,8378,50000,0,twitter_cluster52-e982cd2db8f2ebed1f23cd2d294f4ffb,0.008544287395337496,0.013599797397616992,
twitter_cluster52,13426570607,0.05,1,1799,free-mem,LRU2Q,,595156.172094172,,0.0716055062115981,0,50000,0,twitter_cluster52-58f746617b14b7a8f4ca0d0627fb6bd3,0.0,0.005055510002279495,
twitter_cluster52,13426570607,0.05,1,1799,marginal-hits-tuned,LRU2Q,cold,538011.4163283424,1870.0,0.0618576188447552,1870,50000,0,twitter_cluster52-0a3cfbf2ac8a9863af672800c944aff4,0.0097478873668429,0.014803397369122395,0.0223612088140714
twitter_cluster52,13426570607,0.05,1,1799,marginal-hits,LRU2Q,cold,594898.9059554563,267311.0,0.0842188276588266,267311,50000,0,twitter_cluster52-452c3b780ccc0e697ee608cdc9a72115,-0.012613321447228501,-0.007557811444949006,
twitter_cluster52,13426570607,0.05,1,1799,disabled,LRU2Q,,600862.3572716265,,0.0716055062115981,0,50000,0,twitter_cluster52-7e22af80565b11d20833d6e24ff92099,0.0,0.005055510002279495,
twitter_cluster52,13426570607,0.05,1,1799,tail-age,LRU2Q,,439229.12965030695,1649.0,0.0697469774978706,1649,50000,0,twitter_cluster52-5d30ebc2779436111401d18eef12260f,0.0018585287137275058,0.006914038716007001,
twitter_cluster52,13426570607,0.05,1,1799,free-mem,TINYLFU,,506087.6935440191,,0.0762468564732584,0,50000,0,twitter_cluster52-212fc176a9b503a3d6ac1aa768bf41b3,0.0,0.00041415974061918825,
twitter_cluster52,13426570607,0.05,1,1799,disabled,TINYLFU,,566285.6257289419,,0.0762468564732584,0,50000,0,twitter_cluster52-f707c5e7b800af4edb7edf66010fe58a,0.0,0.00041415974061918825,
twitter_cluster52,13426570607,0.05,1,1799,marginal-hits-tuned,TINYLFU,,464109.3103931293,411.0,0.0717024610512294,411,50000,0,twitter_cluster52-aba431aa81432691d4e9215909f1c2a3,0.004544395422029002,0.00495855516264819,0.008908485457756493
twitter_cluster52,13426570607,0.05,1,1799,tail-age,TINYLFU,,407617.0264040938,78466.0,0.0756983911789143,78466,50000,0,twitter_cluster52-ddf405ce0d6e8bfe72d94248f7af8fe3,0.0005484652943441026,0.0009626250349632909,
twitter_cluster52,13426570607,0.05,1,1799,marginal-hits,TINYLFU,,575439.4794751155,267311.0,0.0806109465089859,267311,50000,0,twitter_cluster52-9d080ab5c7a551f404992ea2e8780a84,-0.0043640900357274914,-0.003949930295108303,
twitter_cluster52,13426570607,0.05,1,1799,hits,TINYLFU,,460949.1409959249,8224.0,0.063684794503982,8224,50000,0,twitter_cluster52-93c41aa3a4ea8ba68f62e5da02fe9c9e,0.012562061969276409,0.012976221709895597,
twitter_cluster52,13426570607,0.1,1,3598,hits,LRU,,551319.7507376581,8469.0,0.0543884089522667,8469,50000,0,twitter_cluster52-519bb2d99f79f060316799e0f0a944a8,0.007219331044180696,0.007219331044180696,
twitter_cluster52,13426570607,0.1,1,3598,disabled,LRU,,498465.8826583232,,0.0616077399964474,0,50000,0,twitter_cluster52-4c6474db24cdc2a41c07022c44e920b0,0.0,0.0,
twitter_cluster52,13426570607,0.1,1,3598,free-mem,LRU,,494922.7314158239,,0.0616077399964474,0,50000,0,twitter_cluster52-acb04ea846e9f81b3cbb6b10be051532,0.0,0.0,
twitter_cluster52,13426570607,0.1,1,3598,marginal-hits,LRU,,512559.1806236024,265430.0,0.0763013466347013,265430,50000,0,twitter_cluster52-cf300fc96f8860195a62f9d683b67f06,-0.014693606638253899,-0.014693606638253899,
twitter_cluster52,13426570607,0.1,1,3598,tail-age,LRU,,437832.8035454647,380.0,0.0616888540822314,380,50000,0,twitter_cluster52-1e389b082f14e863201bf9dbbd24a835,-8.111408578399815e-05,-8.111408578399815e-05,
twitter_cluster52,13426570607,0.1,1,3598,marginal-hits-tuned,LRU,,492750.82408293965,1204.0,0.0544131188361016,1204,50000,0,twitter_cluster52-65a344774376772ff267894ea944a54e,0.007194621160345797,0.007194621160345797,0.021888227798599696
twitter_cluster52,13426570607,0.1,1,3598,hits,LRU2Q,,446235.2453653646,8407.0,0.0517226546768347,8407,50000,0,twitter_cluster52-959abcca41bddd06f5207a7a876d22cd,0.006184009635097104,0.0098850853196127,
twitter_cluster52,13426570607,0.1,1,3598,tail-age,LRU2Q,,389607.4694114288,1499.0,0.0534968585817082,1499,50000,0,twitter_cluster52-f91df0fe704f9bf97871092ec0cb0582,0.0044098057302236066,0.008110881414739202,
twitter_cluster52,13426570607,0.1,1,3598,free-mem,LRU2Q,,507298.6789767207,,0.0579066643119318,0,50000,0,twitter_cluster52-39b967170402141f28f00c4125314d1e,0.0,0.003701075684515595,
twitter_cluster52,13426570607,0.1,1,3598,marginal-hits-tuned,LRU2Q,cold,429671.87424483744,2796.0,0.0491687931582334,2796,50000,0,twitter_cluster52-725b87afda192b87fa54de2c3b3217a8,0.008737871153698402,0.012438946838213998,0.0308383602276021
twitter_cluster52,13426570607,0.1,1,3598,disabled,LRU2Q,,512883.55112231954,,0.0579066643119318,0,50000,0,twitter_cluster52-703f1ca2a7e9e4d96bdfb6f349b9cbbf,0.0,0.003701075684515595,
twitter_cluster52,13426570607,0.1,1,3598,marginal-hits,LRU2Q,cold,564479.5684308237,265378.0,0.0800071533858355,265378,50000,0,twitter_cluster52-6b32b7490bfa390144d8403b4cd7f102,-0.022100489073903697,-0.0183994133893881,
twitter_cluster52,13426570607,0.1,1,3598,hits,TINYLFU,,385393.4377678708,8399.0,0.0527978626672111,8399,50000,0,twitter_cluster52-308b4db5f526a60ec066d351ee3bc492,0.007564102999395202,0.008809877329236299,
twitter_cluster52,13426570607,0.1,1,3598,marginal-hits-tuned,TINYLFU,,398079.10910517705,1131.0,0.0523668907407697,1131,50000,0,twitter_cluster52-8ac34595082cb96b1713de07138a7c71,0.0079950749258366,0.009240849255677697,0.022543174266867395
twitter_cluster52,13426570607,0.1,1,3598,free-mem,TINYLFU,,403416.7174417296,,0.0603619656666063,0,50000,0,twitter_cluster52-4b24f0520361d8ae121347d3c5c30d39,0.0,0.001245774329841097,
twitter_cluster52,13426570607,0.1,1,3598,disabled,TINYLFU,,405623.7550272946,,0.0603619656666063,0,50000,0,twitter_cluster52-a14114633f9c77d942062e8720591863,0.0,0.001245774329841097,
twitter_cluster52,13426570607,0.1,1,3598,marginal-hits,TINYLFU,,456792.7092483494,265428.0,0.0749100650076371,265428,50000,0,twitter_cluster52-78dae41e442547ed978d0f34f8caecea,-0.014548099341030796,-0.013302325011189699,
twitter_cluster52,13426570607,0.1,1,3598,tail-age,TINYLFU,,372463.16915676935,60906.0,0.0602998256738694,60906,50000,0,twitter_cluster52-b0451841a988e67c8603b6a2aedd41bb,6.213999273690235e-05,0.0013079143225779993,
twitter_cluster53,246508262,0.005,1,54,free-mem,LRU,,511897.6481879788,1.0,0.3607053462573193,1,50000,4,twitter_cluster53-bc4decde99248d415bbcbb90c6cdb9e4,-0.0002549204618544909,-0.0002549204618544909,
twitter_cluster53,246508262,0.005,1,54,disabled,LRU,,461536.0629195112,,0.3604504257954648,0,50000,30334,twitter_cluster53-67474be08d2a47ee4926b8ea0d451c3d,0.0,0.0,
twitter_cluster53,246508262,0.005,1,54,marginal-hits-tuned,LRU,,567825.9295264062,111.0,0.298872266601758,111,50000,4,twitter_cluster53-e5fba1b23be0bdef8b33f530b3c58cf8,0.06157815919370685,0.06157815919370685,-0.017005283985167263
twitter_cluster53,246508262,0.005,1,54,marginal-hits,LRU,,484742.6305790519,4929.0,0.2818669826165907,4929,50000,4,twitter_cluster53-ee7a80bfdc3bff13532885436dd98eeb,0.07858344317887411,0.07858344317887411,
twitter_cluster53,246508262,0.005,1,54,tail-age,LRU,,494180.4923181013,1.0,0.3607053462573193,1,50000,4,twitter_cluster53-2669e1a2f35328995596cf0f50ff7bf9,-0.0002549204618544909,-0.0002549204618544909,
twitter_cluster53,246508262,0.005,1,54,hits,LRU,,640157.8640350081,41.0,0.2885305158656305,41,50000,4,twitter_cluster53-b9239302d9cf3fc47e1e074a402a6b71,0.07191990992983432,0.07191990992983432,
twitter_cluster53,246508262,0.005,1,54,lama,LRU,,6758.731304918543,300.0,0.2436291891912328,245,1000000,4861343,twitter_cluster53-df14ca28729e47bce8da6dad8eee51ff,0.11682123660423202,0.11682123660423202,
twitter_cluster53,246508262,0.005,1,54,marginal-hits-tuned,LRU2Q,cold,638253.0629594103,202.0,0.2446281780202563,202,50000,4,twitter_cluster53-ecca72a8da5956ef2e508cbaf2dc3f29,0.08670383632009868,0.11582224777520853,0.015990835228070405
twitter_cluster53,246508262,0.005,1,54,marginal-hits,LRU2Q,cold,540754.3176080562,4928.0,0.2606190132483267,4928,50000,4,twitter_cluster53-30d86a99391f0c2adaa5fd2b514f1050,0.07071300109202827,0.09983141254713812,
twitter_cluster53,246508262,0.005,1,54,free-mem,LRU2Q,,521858.6040964872,1.0,0.3318586538896615,1,50000,4,twitter_cluster53-9be224d294086f949054f4ac27116856,-0.0005266395493065401,0.02859177190580331,
twitter_cluster53,246508262,0.005,1,54,hits,LRU2Q,,536597.5648012176,41.0,0.2692576283710929,41,50000,4,twitter_cluster53-007fea1ee208f83d6eb14856ba45931e,0.06207438596926207,0.09119279742437192,
twitter_cluster53,246508262,0.005,1,54,disabled,LRU2Q,,525392.5496320145,,0.331332014340355,0,50000,30334,twitter_cluster53-4d78f7502b18b87719ad487c80eb0f8f,0.0,0.02911841145510985,
twitter_cluster53,246508262,0.005,1,54,tail-age,LRU2Q,,441961.5718529688,1.0,0.3326895063663221,1,50000,4,twitter_cluster53-55a57002e866ee7966bf4185accb19ee,-0.001357492025967133,0.027760919429142716,
twitter_cluster53,246508262,0.005,1,54,marginal-hits-tuned,TINYLFU,,504465.2734488893,105.0,0.2742492987922652,105,50000,4,twitter_cluster53-5d95cc9182a166be8825072962aa6df8,0.06605144131031193,0.08620112700319965,-0.01592315392658117
twitter_cluster53,246508262,0.005,1,54,disabled,TINYLFU,,444561.0416031136,,0.3403007401025771,0,50000,30334,twitter_cluster53-caef0366c7dd5911ae47a8ad763f2e85,0.0,0.02014968569288772,
twitter_cluster53,246508262,0.005,1,54,marginal-hits,TINYLFU,,467910.499148162,4929.0,0.258326144865684,4929,50000,4,twitter_cluster53-76fc2db4b41cef583c56432dcff03ec2,0.0819745952368931,0.10212428092978082,
twitter_cluster53,246508262,0.005,1,54,hits,TINYLFU,,551333.8559755487,46.0,0.2659435366105498,46,50000,4,twitter_cluster53-757d200e181d02fab4057cd5f8bb4daf,0.07435720349202729,0.09450688918491501,
twitter_cluster53,246508262,0.005,1,54,free-mem,TINYLFU,,524887.253544184,1.0,0.3410085500501399,1,50000,4,twitter_cluster53-a5c5379d506e08dd7205b473048b4ec7,-0.0007078099475628097,0.01944187574532491,
twitter_cluster53,246508262,0.005,1,54,tail-age,TINYLFU,,496425.1566811658,2.0,0.3395050669741852,2,50000,4,twitter_cluster53-f9a009ec80f59ae915efacd0210e82f0,0.000795673128391905,0.020945358821279625,
twitter_cluster53,246508262,0.01,1,107,marginal-hits-tuned,LRU,,590226.7516391601,177.0,0.1827185167530003,177,50000,4,twitter_cluster53-8597d35aa49f289f5f55eac60f1098b9,0.12874607423908582,0.12874607423908582,-0.0016516038720033044
twitter_cluster53,246508262,0.01,1,107,free-mem,LRU,,518668.31446535536,1.0,0.3116601300771006,1,50000,4,twitter_cluster53-4a77b093e7d35467084ad0fe8d1a36bf,-0.00019553908501446227,-0.00019553908501446227,
twitter_cluster53,246508262,0.01,1,107,hits,LRU,,558658.5224700284,123.0,0.2302662374861902,123,50000,4,twitter_cluster53-f0f2acb6b711f659ed3b3157604d5bb4,0.08119835350589591,0.08119835350589591,
twitter_cluster53,246508262,0.01,1,107,disabled,LRU,,549814.4757662042,,0.3114645909920861,0,50000,30334,twitter_cluster53-d6e6b03f2efd37fb3b00b8512835e6d5,0.0,0.0,
twitter_cluster53,246508262,0.01,1,107,marginal-hits,LRU,,616798.5653455488,4929.0,0.181066912880997,4929,50000,4,twitter_cluster53-a39e27c94229ec2c6ee94230d947cc17,0.13039767811108913,0.13039767811108913,
twitter_cluster53,246508262,0.01,1,107,tail-age,LRU,,521885.4940662481,1.0,0.3132743599482276,1,50000,4,twitter_cluster53-90dd11dd7ce61107ebb62185bd199c4a,-0.0018097689561414887,-0.0018097689561414887,
twitter_cluster53,246508262,0.01,1,107,lama,LRU,,9715.282095371567,341.0,0.1699931217721213,245,1000000,14441,twitter_cluster53-ebbb2ba6eeb99bd4220d4f545e62912e,0.1414714692199648,0.1414714692199648,
twitter_cluster53,246508262,0.01,1,107,free-mem,LRU2Q,,512310.2699955811,1.0,0.2796543103289576,1,50000,4,twitter_cluster53-c725d84893d48b235b23a42246ef91ca,-0.0001772192122306837,0.03181028066312852,
twitter_cluster53,246508262,0.01,1,107,hits,LRU2Q,,563748.1844395676,114.0,0.2140805041252532,114,50000,4,twitter_cluster53-5e548563b5974c4254607d11c39b622c,0.06539658699147372,0.09738408686683292,
twitter_cluster53,246508262,0.01,1,107,tail-age,LRU2Q,,504975.8001606848,1.0,0.2796543103289576,1,50000,4,twitter_cluster53-ec8eb5f11064b4390c3e2b9a2397da04,-0.0001772192122306837,0.03181028066312852,
twitter_cluster53,246508262,0.01,1,107,marginal-hits,LRU2Q,cold,478456.2127072481,4929.0,0.1696197387493649,4929,50000,4,twitter_cluster53-12184076ba3ac26a24c10344a1b31cc6,0.10985735236736202,0.14184485224272123,
twitter_cluster53,246508262,0.01,1,107,disabled,LRU2Q,,579160.99218941,,0.2794770911167269,0,50000,30334,twitter_cluster53-8681dfac9a62c54b3d66c2d146f97f46,0.0,0.031987499875359204,
twitter_cluster53,246508262,0.01,1,107,marginal-hits-tuned,LRU2Q,cold,630859.7012732878,179.0,0.1664840750854833,179,50000,4,twitter_cluster53-20ba5c584c4ca3c39e7b4979770bd512,0.11299301603124362,0.14498051590660282,0.0031356636638815993
twitter_cluster53,246508262,0.01,1,107,marginal-hits-tuned,TINYLFU,,558077.7226416959,151.0,0.182697783168014,151,50000,4,twitter_cluster53-f6558fe1957d516522d4a53dc91f0994,0.097809833246076,0.12876680782407213,-0.0052913155503079845
twitter_cluster53,246508262,0.01,1,107,disabled,TINYLFU,,486816.6030616438,,0.28050761641409,0,50000,30334,twitter_cluster53-313e97c49ea4f45a69cce0d42bb31b76,0.0,0.03095697457799612,
twitter_cluster53,246508262,0.01,1,107,tail-age,TINYLFU,,430123.6090401542,606.0,0.2490440137864426,606,50000,4,twitter_cluster53-5114fa601ba629b31d97ba4568504fa0,0.03146360262764741,0.062420577205643535,
twitter_cluster53,246508262,0.01,1,107,marginal-hits,TINYLFU,,556692.1178898825,4929.0,0.177406467617706,4929,50000,4,twitter_cluster53-291271661bed63bdd1516c7b8631db1d,0.10310114879638399,0.1340581233743801,
twitter_cluster53,246508262,0.01,1,107,free-mem,TINYLFU,,494429.8783928806,1.0,0.2806854197852403,1,50000,4,twitter_cluster53-5703b42ffb125692a6275ffc1a7e00b6,-0.00017780337115030909,0.030779171206845812,
twitter_cluster53,246508262,0.01,1,107,hits,TINYLFU,,573227.3011058675,127.0,0.2057930820996174,127,50000,4,twitter_cluster53-630bc72d089fc3d866aa14f38bc1763d,0.07471453431447259,0.10567150889246871,
twitter_cluster53,246508262,0.02,1,213,disabled,LRU,,684734.4662504833,,0.2326439184419709,0,50000,0,twitter_cluster53-3cd9a77bc441ce5b3a8994b9e90c2ff2,0.0,0.0,
twitter_cluster53,246508262,0.02,1,213,hits,LRU,,531574.3391665051,262.0,0.1576481440609889,262,50000,0,twitter_cluster53-5c32567dc4ca6e72f00ee3f3dae3b8cd,0.07499577438098201,0.07499577438098201,
twitter_cluster53,246508262,0.02,1,213,marginal-hits-tuned,LRU,,689325.3992684921,121.0,0.1351118973854109,121,50000,0,twitter_cluster53-c8567720788244c9cb7a289e98d96aad,0.09753202105656,0.09753202105656,-0.0044190243002890095
twitter_cluster53,246508262,0.02,1,213,tail-age,LRU,,589872.862584005,,0.2326439184419709,0,50000,0,twitter_cluster53-3bc14f6a652d41fd26059962aa98a537,0.0,0.0,
twitter_cluster53,246508262,0.02,1,213,marginal-hits,LRU,,589489.9592659408,4929.0,0.1306928730851219,4929,50000,0,twitter_cluster53-a0fe1866a9d066be40e3ab5baf209cd5,0.10195104535684901,0.10195104535684901,
twitter_cluster53,246508262,0.02,1,213,free-mem,LRU,,676814.8704546642,,0.2326439184419709,0,50000,0,twitter_cluster53-240d7c9eb77e70b70b34628b83175f61,0.0,0.0,
twitter_cluster53,246508262,0.02,1,213,lama,LRU,,9639.897773134053,400.0,0.122862368807744,244,1000000,14565,twitter_cluster53-dc965b6e785e0d724aa375d31038ca78,0.10978154963422691,0.10978154963422691,
twitter_cluster53,246508262,0.02,1,213,hits,LRU2Q,,582406.4751264604,263.0,0.1513822120899136,263,50000,0,twitter_cluster53-9718162ac089ef7acc5b7e87d9b83f3b,0.06676286979784882,0.08126170635205732,
twitter_cluster53,246508262,0.02,1,213,free-mem,LRU2Q,,609270.5213271988,,0.2181450818877624,0,50000,0,twitter_cluster53-6a4bea10144caecf6ef3f0b0ffa437c7,0.0,0.0144988365542085,
twitter_cluster53,246508262,0.02,1,213,disabled,LRU2Q,,672102.4933093453,,0.2181450818877624,0,50000,0,twitter_cluster53-ddddc911f6f6b0e43b694a78a785548d,0.0,0.0144988365542085,
twitter_cluster53,246508262,0.02,1,213,tail-age,LRU2Q,,497541.6360106408,16.0,0.2149928792244699,16,50000,0,twitter_cluster53-67f4d4a05da19e92d776b2c498f136ad,0.003152202663292497,0.017651039217500997,
twitter_cluster53,246508262,0.02,1,213,marginal-hits-tuned,LRU2Q,cold,703061.5543713091,181.0,0.1172969001744858,181,50000,0,twitter_cluster53-e96c683c267c4229fbe79ac043891d8d,0.10084818171327661,0.11534701826748511,0.006713474780005502
twitter_cluster53,246508262,0.02,1,213,marginal-hits,LRU2Q,cold,562290.7251206485,4929.0,0.1240103749544913,4929,50000,0,twitter_cluster53-20c9dea955bf489dec159092e3fd89d0,0.09413470693327111,0.10863354348747961,
twitter_cluster53,246508262,0.02,1,213,tail-age,TINYLFU,,456791.7639098584,3218.0,0.2011895082039887,3218,50000,0,twitter_cluster53-92e96a4e0374d1aff1d5d06b0aaf7368,0.024184958149597396,0.031454410237982205,
twitter_cluster53,246508262,0.02,1,213,marginal-hits,TINYLFU,,532889.1587791735,4929.0,0.1299709337936916,4929,50000,0,twitter_cluster53-a50e27509a94a9dffdac969ac861f818,0.0954035325598945,0.10267298464827931,
twitter_cluster53,246508262,0.02,1,213,free-mem,TINYLFU,,516925.7174004581,,0.2253744663535861,0,50000,0,twitter_cluster53-a60b0f3e87a6b6be85b5b5c9cd70c4a0,0.0,0.007269452088384809,
twitter_cluster53,246508262,0.02,1,213,disabled,TINYLFU,,517854.6159189057,,0.2253744663535861,0,50000,0,twitter_cluster53-cb6afd45b12ec72be8afd14b0f3d3533,0.0,0.007269452088384809,
twitter_cluster53,246508262,0.02,1,213,marginal-hits-tuned,TINYLFU,,509792.4524649509,112.0,0.13955930207321,112,50000,0,twitter_cluster53-426e293c5a424936356ab27c3cab96c4,0.08581516428037611,0.09308461636876092,-0.009588368279518394
twitter_cluster53,246508262,0.02,1,213,hits,TINYLFU,,476933.6558693599,286.0,0.1573199643912949,286,50000,0,twitter_cluster53-41eda21593f0aeedd95f2d86e13dc954,0.06805450196229121,0.07532395405067602,
twitter_cluster53,246508262,0.05,1,532,tail-age,LRU,,497099.07500688615,17.0,0.1495135404427134,17,50000,0,twitter_cluster53-af3e6c447831d26a8f643c77b2113f85,0.009570669075586596,0.009570669075586596,
twitter_cluster53,246508262,0.05,1,532,marginal-hits-tuned,LRU,,685664.7794973218,266.0,0.0838961576062712,266,50000,0,twitter_cluster53-0625f4022e6251a1ee32318f2ba14605,0.07518805191202879,0.07518805191202879,0.003385768871308606
twitter_cluster53,246508262,0.05,1,532,marginal-hits,LRU,,631586.0072856662,4926.0,0.0872819264775798,4926,50000,0,twitter_cluster53-03fff49710ff1adb84a2b93d4332440d,0.07180228304072019,0.07180228304072019,
twitter_cluster53,246508262,0.05,1,532,hits,LRU,,681947.8162051303,603.0,0.1120011466390526,603,50000,0,twitter_cluster53-e03857ca2ef3247d379d820f4cc01b8a,0.04708306287924739,0.04708306287924739,
twitter_cluster53,246508262,0.05,1,532,disabled,LRU,,693857.0920724346,,0.1590842095183,0,50000,0,twitter_cluster53-35c462e1f9a055d7f494ff857dda9dd9,0.0,0.0,
twitter_cluster53,246508262,0.05,1,532,free-mem,LRU,,630452.2126598442,,0.1590842095183,0,50000,0,twitter_cluster53-b7afb99e081b3fda64126a78b8b97727,0.0,0.0,
twitter_cluster53,246508262,0.05,1,532,lama,LRU,,9617.664655857028,386.0,0.0860788917492753,105,1000000,3056,twitter_cluster53-34ab41923ba13ab248c932a6dee7218c,0.07300531776902469,0.07300531776902469,
twitter_cluster53,246508262,0.05,1,532,marginal-hits-tuned,LRU2Q,cold,542388.1576504165,269.0,0.0801779982530565,269,50000,0,twitter_cluster53-55718d923af08f464f90f2acdaa6efb4,0.0684405904415487,0.07890621126524348,0.0042649158753144956
twitter_cluster53,246508262,0.05,1,532,hits,LRU2Q,,658820.0108753573,598.0,0.1037684976254467,598,50000,0,twitter_cluster53-ca717994df6daaa8b5a89e85b56b2e27,0.04485009106915851,0.055315711892853295,
twitter_cluster53,246508262,0.05,1,532,disabled,LRU2Q,,621883.5056713898,,0.1486185886946052,0,50000,0,twitter_cluster53-1636a4f3345a3ad5981657e4d7973bfb,0.0,0.010465620823694788,
twitter_cluster53,246508262,0.05,1,532,marginal-hits,LRU2Q,cold,786489.0345863,4926.0,0.084442914128371,4926,50000,0,twitter_cluster53-46445f601b1b846d99fc1afb7b5184d9,0.0641756745662342,0.07464129538992899,
twitter_cluster53,246508262,0.05,1,532,tail-age,LRU2Q,,634371.4762908003,832.0,0.1434481615873791,832,50000,0,twitter_cluster53-72afa51665daa432930b1da55f6842c1,0.005170427107226094,0.015636047930920882,
twitter_cluster53,246508262,0.05,1,532,free-mem,LRU2Q,,565940.3357421324,,0.1486185886946052,0,50000,0,twitter_cluster53-87e215ebe0b9c7b5a3feb5ea5fe535e0,0.0,0.010465620823694788,
twitter_cluster53,246508262,0.05,1,532,tail-age,TINYLFU,,512378.4831616068,4421.0,0.1463776414926003,4421,50000,0,twitter_cluster53-507f740eecf5f48c24a688e36c5439fa,0.008784606172753812,0.012706568025699694,
twitter_cluster53,246508262,0.05,1,532,marginal-hits-tuned,TINYLFU,,580478.6273162897,223.0,0.0867857889485261,223,50000,0,twitter_cluster53-b6c253b4bd3533c9e60109c3e6204ed8,0.06837645871682801,0.0722984205697739,0.0026733708422317093
twitter_cluster53,246508262,0.05,1,532,disabled,TINYLFU,,512306.2760827318,,0.1551622476653541,0,50000,0,twitter_cluster53-800e765c0351c3784f2249a3ecbc25f1,0.0,0.003921961852945882,
twitter_cluster53,246508262,0.05,1,532,hits,TINYLFU,,480274.77971083706,615.0,0.1100298658549627,615,50000,0,twitter_cluster53-ca40dfeaf4bd4bde5252357de3229070,0.045132381810391406,0.04905434366333729,
twitter_cluster53,246508262,0.05,1,532,marginal-hits,TINYLFU,,555678.1446918525,4926.0,0.0894591597907578,4926,50000,0,twitter_cluster53-1176230c8203ec612195c474bff58cd6,0.0657030878745963,0.06962504972754219,
twitter_cluster53,246508262,0.05,1,532,free-mem,TINYLFU,,480777.1900908441,,0.1551622476653541,0,50000,0,twitter_cluster53-b7403e05bc706769750363a412883da8,0.0,0.003921961852945882,
twitter_cluster53,246508262,0.1,1,1063,tail-age,LRU,,477509.0396286576,43.0,0.1107454037382325,43,50000,0,twitter_cluster53-f8b17bbd7790799089ad2730eb085de3,0.01086461353575241,0.01086461353575241,
twitter_cluster53,246508262,0.1,1,1063,free-mem,LRU,,634971.9904780919,,0.1216100172739849,0,50000,0,twitter_cluster53-add7fa9660c21931e7fad2e396e97aae,0.0,0.0,
twitter_cluster53,246508262,0.1,1,1063,marginal-hits,LRU,,681673.9556764506,4917.0,0.0675584171698066,4917,50000,0,twitter_cluster53-a3125274d6ff047210693ecfe469d78f,0.05405160010417831,0.05405160010417831,
twitter_cluster53,246508262,0.1,1,1063,disabled,LRU,,797420.6916175975,,0.1216100172739849,0,50000,0,twitter_cluster53-3ec17a9271e58b99f75ff03f4674dc88,0.0,0.0,
twitter_cluster53,246508262,0.1,1,1063,marginal-hits-tuned,LRU,,804107.1435023741,412.0,0.0640822740456463,412,50000,0,twitter_cluster53-a3e99498b81c76c5b1e7c72a17c56795,0.057527743228338604,0.057527743228338604,0.003476143124160294
twitter_cluster53,246508262,0.1,1,1063,hits,LRU,,603056.517827639,879.0,0.0710839541759456,879,50000,0,twitter_cluster53-486000e31af777f1d403a6e3b55a0afb,0.05052606309803931,0.05052606309803931,
twitter_cluster53,246508262,0.1,1,1063,lama,LRU,,9670.878535071051,701.0,0.0691130790577721,71,1000000,0,twitter_cluster53-cda05468f0f63bf52c817ae163cac5fe,0.052496938216212805,0.052496938216212805,
twitter_cluster53,246508262,0.1,1,1063,tail-age,LRU2Q,,519378.9831440732,870.0,0.1053617829653109,870,50000,0,twitter_cluster53-669aaf296ba70a8b66216f490efc278f,0.008328601172807704,0.016248234308674003,
twitter_cluster53,246508262,0.1,1,1063,marginal-hits-tuned,LRU2Q,cold,614913.6603674957,475.0,0.0617724082611072,475,50000,0,twitter_cluster53-f5b90799b034f093b439f5e372a1c172,0.051917975877011406,0.059837609012877706,0.004531194982827801
twitter_cluster53,246508262,0.1,1,1063,disabled,LRU2Q,,643684.2953873944,,0.1136903841381186,0,50000,0,twitter_cluster53-1ee83ecc5580bcb04d43e9fcfd8b176a,0.0,0.0079196331358663,
twitter_cluster53,246508262,0.1,1,1063,hits,LRU2Q,,474320.6469295627,878.0,0.0687885463246664,878,50000,0,twitter_cluster53-6c84bf327d7584ef88d1fa3e03723d9d,0.04490183781345221,0.05282147094931851,
twitter_cluster53,246508262,0.1,1,1063,free-mem,LRU2Q,,487362.5390823332,,0.1136903841381186,0,50000,0,twitter_cluster53-1c05a3d5d0a7a754a3438a13d44452fe,0.0,0.0079196331358663,
twitter_cluster53,246508262,0.1,1,1063,marginal-hits,LRU2Q,cold,666788.7658653756,4917.0,0.066303603243935,4917,50000,0,twitter_cluster53-cb4b4bcc5ba4d567ba7dd3f04d0cb1df,0.047386780894183606,0.055306414030049905,
twitter_cluster53,246508262,0.1,1,1063,free-mem,TINYLFU,,482801.25815358496,,0.1193560035728133,0,50000,0,twitter_cluster53-efc29d44c15d2b6ff53f1f23f80a7fc9,0.0,0.002254013701171606,
twitter_cluster53,246508262,0.1,1,1063,tail-age,TINYLFU,,455224.1130463694,3947.0,0.1112409571083666,3947,50000,0,twitter_cluster53-b66bfd17b7085e3e215ab5636533e8d1,0.008115046464446704,0.01036906016561831,
twitter_cluster53,246508262,0.1,1,1063,marginal-hits,TINYLFU,,486178.5084963403,4917.0,0.0683995979006983,4917,50000,0,twitter_cluster53-d9477b28046ab4466b031b05dd84fe47,0.050956405672115,0.053210419373286605,
twitter_cluster53,246508262,0.1,1,1063,marginal-hits-tuned,TINYLFU,,529640.9117442326,472.0,0.0650389154096587,472,50000,0,twitter_cluster53-10e7293d55870cdad67582eddbf9a11b,0.0543170881631546,0.056571101864326206,0.0033606824910396016
twitter_cluster53,246508262,0.1,1,1063,hits,TINYLFU,,515050.911466476,886.0,0.0750246212842959,886,50000,0,twitter_cluster53-40b30d34277329e3b9da3bf5d4ae96e2,0.04433138228851739,0.046585395989689,
twitter_cluster53,246508262,0.1,1,1063,disabled,TINYLFU,,581712.6498944936,,0.1193560035728133,0,50000,0,twitter_cluster53-d9c2232ca153932d90035fa915c1606c,0.0,0.002254013701171606,
