rebalance_strategy,slab_count,request_id,distance_to_optimal_allocation
marginal-hits,64,50000,25
marginal-hits,64,100000,20
marginal-hits,64,150000,16
marginal-hits,64,200000,14
marginal-hits,64,250000,13
marginal-hits,64,300000,11
marginal-hits,64,350000,12
marginal-hits,64,400000,13
marginal-hits,64,450000,13
marginal-hits,64,500000,12
marginal-hits,64,550000,11
marginal-hits,64,600000,10
marginal-hits,64,650000,9
marginal-hits,64,700000,8
marginal-hits,64,750000,7
marginal-hits,64,800000,6
marginal-hits,64,850000,6
marginal-hits,64,900000,5
marginal-hits,64,950000,4
marginal-hits,64,1000000,4
marginal-hits,64,1050000,3
marginal-hits,64,1100000,2
marginal-hits,64,1150000,3
marginal-hits,64,1200000,3
marginal-hits,64,1250000,3
marginal-hits,64,1300000,3
marginal-hits,64,1350000,2
marginal-hits,64,1400000,1
marginal-hits,64,1450000,1
marginal-hits,64,1500000,0
marginal-hits,64,1550000,1
marginal-hits,64,1600000,2
marginal-hits,64,1650000,3
marginal-hits,64,1700000,3
marginal-hits,64,1750000,3
marginal-hits,64,1800000,4
marginal-hits,64,1850000,3
marginal-hits,64,1900000,4
marginal-hits,64,1950000,3
marginal-hits,64,2000000,2
marginal-hits,64,2050000,1
marginal-hits,64,2100000,2
marginal-hits,64,2150000,2
marginal-hits,64,2200000,2
marginal-hits,64,2250000,2
marginal-hits,64,2300000,2
marginal-hits,64,2350000,3
marginal-hits,64,2400000,4
marginal-hits,64,2450000,4
marginal-hits,64,2500000,4
marginal-hits,64,2550000,4
marginal-hits,64,2600000,5
marginal-hits,64,2650000,5
marginal-hits,64,2700000,5
marginal-hits,64,2750000,4
marginal-hits,64,2800000,4
marginal-hits,64,2850000,4
marginal-hits,64,2900000,5
marginal-hits,64,2950000,6
marginal-hits,64,3000000,5
marginal-hits,64,3050000,5
marginal-hits,64,3100000,5
marginal-hits,64,3150000,5
marginal-hits,64,3200000,4
marginal-hits,64,3250000,4
marginal-hits,64,3300000,4
marginal-hits,64,3350000,4
marginal-hits,64,3400000,5
marginal-hits,64,3450000,4
marginal-hits,64,3500000,4
marginal-hits,64,3550000,5
marginal-hits,64,3600000,4
marginal-hits,64,3650000,5
marginal-hits,64,3700000,4
marginal-hits,64,3750000,5
marginal-hits,64,3800000,4
marginal-hits,64,3850000,5
marginal-hits,64,3900000,6
marginal-hits,64,3950000,6
marginal-hits,64,4000000,6
marginal-hits,64,4050000,6
marginal-hits,64,4100000,7
marginal-hits,64,4150000,7
marginal-hits,64,4200000,7
marginal-hits,64,4250000,8
marginal-hits,64,4300000,7
marginal-hits,64,4350000,6
marginal-hits,64,4400000,6
marginal-hits,64,4450000,5
marginal-hits,64,4500000,5
marginal-hits,64,4550000,6
marginal-hits,64,4600000,7
marginal-hits,64,4650000,7
marginal-hits,64,4700000,6
marginal-hits,64,4750000,5
marginal-hits,64,4800000,5
marginal-hits,64,4850000,4
marginal-hits,64,4900000,4
marginal-hits,64,4950000,4
marginal-hits,64,5000000,5
marginal-hits,64,5050000,4
marginal-hits,64,5100000,4
marginal-hits,64,5150000,3
marginal-hits,64,5200000,3
marginal-hits,64,5250000,3
marginal-hits,64,5300000,4
marginal-hits,64,5350000,3
marginal-hits,64,5400000,4
marginal-hits,64,5450000,4
marginal-hits,64,5500000,5
marginal-hits,64,5550000,6
marginal-hits,64,5600000,6
marginal-hits,64,5650000,7
marginal-hits,64,5700000,7
marginal-hits,64,5750000,7
marginal-hits,64,5800000,7
marginal-hits,64,5850000,7
marginal-hits,64,5900000,8
marginal-hits,64,5950000,8
marginal-hits,64,6000000,7
marginal-hits,64,6050000,8
marginal-hits,64,6100000,8
marginal-hits,64,6150000,8
marginal-hits,64,6200000,9
marginal-hits,64,6250000,10
marginal-hits,64,6300000,10
marginal-hits,64,6350000,9
marginal-hits,64,6400000,8
marginal-hits,64,6450000,8
marginal-hits,64,6500000,9
marginal-hits,64,6550000,8
marginal-hits,64,6600000,7
marginal-hits,64,6650000,8
marginal-hits,64,6700000,9
marginal-hits,64,6750000,10
marginal-hits,64,6800000,10
marginal-hits,64,6850000,9
marginal-hits,64,6900000,8
marginal-hits,64,6950000,7
marginal-hits,64,7000000,8
marginal-hits,64,7050000,8
marginal-hits,64,7100000,8
marginal-hits,64,7150000,7
marginal-hits,64,7200000,8
marginal-hits,64,7250000,7
marginal-hits,64,7300000,7
marginal-hits,64,7350000,7
marginal-hits,64,7400000,7
marginal-hits,64,7450000,7
marginal-hits,64,7500000,6
marginal-hits,64,7550000,5
marginal-hits,64,7600000,6
marginal-hits,64,7650000,6
marginal-hits,64,7700000,7
marginal-hits,64,7750000,8
marginal-hits,64,7800000,9
marginal-hits,64,7850000,10
marginal-hits,64,7900000,11
marginal-hits,64,7950000,11
marginal-hits,64,8000000,10
marginal-hits,64,8050000,10
marginal-hits,64,8100000,9
marginal-hits,64,8150000,10
marginal-hits,64,8200000,11
marginal-hits,64,8250000,10
marginal-hits,64,8300000,9
marginal-hits,64,8350000,9
marginal-hits,64,8400000,10
marginal-hits,64,8450000,11
marginal-hits,64,8500000,10
marginal-hits,64,8550000,10
marginal-hits,64,8600000,9
marginal-hits,64,8650000,9
marginal-hits,64,8700000,9
marginal-hits,64,8750000,9
marginal-hits,64,8800000,9
marginal-hits,64,8850000,10
marginal-hits,64,8900000,9
marginal-hits,64,8950000,10
marginal-hits,64,9000000,11
marginal-hits,64,9050000,11
marginal-hits,64,9100000,10
marginal-hits,64,9150000,9
marginal-hits,64,9200000,8
marginal-hits,64,9250000,7
marginal-hits,64,9300000,7
marginal-hits,64,9350000,8
marginal-hits,64,9400000,7
marginal-hits,64,9450000,7
marginal-hits,64,9500000,6
marginal-hits,64,9550000,5
marginal-hits,64,9600000,4
marginal-hits,64,9650000,4
marginal-hits,64,9700000,5
marginal-hits,64,9750000,6
marginal-hits,64,9800000,5
marginal-hits,64,9850000,4
marginal-hits,64,9900000,3
marginal-hits,64,9950000,3
marginal-hits,64,10000000,3
marginal-hits,64,10050000,4
marginal-hits,64,10100000,3
marginal-hits,64,10150000,3
marginal-hits,64,10200000,4
marginal-hits,64,10250000,4
marginal-hits,64,10300000,4
marginal-hits,64,10350000,4
marginal-hits,64,10400000,5
marginal-hits,64,10450000,4
marginal-hits,64,10500000,3
marginal-hits,64,10550000,3
marginal-hits,64,10600000,2
marginal-hits,64,10650000,1
marginal-hits,64,10700000,2
marginal-hits,64,10750000,3
marginal-hits,64,10800000,3
marginal-hits,64,10850000,3
marginal-hits,64,10900000,3
marginal-hits,64,10950000,4
marginal-hits,64,11000000,4
marginal-hits,64,11050000,3
marginal-hits,64,11100000,2
marginal-hits,64,11150000,2
marginal-hits,64,11200000,3
marginal-hits,64,11250000,2
marginal-hits,64,11300000,2
marginal-hits,64,11350000,3
marginal-hits,64,11400000,4
marginal-hits,64,11450000,3
marginal-hits,64,11500000,3
marginal-hits,64,11550000,2
marginal-hits,64,11600000,3
marginal-hits,64,11650000,3
marginal-hits,64,11700000,3
marginal-hits,64,11750000,3
marginal-hits,64,11800000,3
marginal-hits,64,11850000,3
marginal-hits,64,11900000,2
marginal-hits,64,11950000,2
marginal-hits,64,12000000,3
marginal-hits,64,12050000,2
marginal-hits,64,12100000,2
marginal-hits,64,12150000,3
marginal-hits,64,12200000,3
marginal-hits,64,12250000,2
marginal-hits,64,12300000,2
marginal-hits,64,12350000,3
marginal-hits,64,12400000,3
marginal-hits,64,12450000,4
marginal-hits,64,12500000,3
marginal-hits,64,12550000,2
marginal-hits,64,12600000,3
marginal-hits,64,12650000,2
marginal-hits,64,12700000,1
marginal-hits,64,12750000,2
marginal-hits,64,12800000,1
marginal-hits,64,12850000,2
marginal-hits,64,12900000,3
marginal-hits,64,12950000,3
marginal-hits,64,13000000,4
marginal-hits,64,13050000,3
marginal-hits,64,13100000,4
marginal-hits,64,13150000,4
marginal-hits,64,13200000,3
marginal-hits,64,13250000,2
marginal-hits,64,13300000,3
marginal-hits,64,13350000,4
marginal-hits,64,13400000,3
marginal-hits,64,13450000,3
marginal-hits,64,13500000,3
marginal-hits,64,13550000,3
marginal-hits,64,13600000,2
marginal-hits,64,13650000,2
marginal-hits,64,13700000,2
marginal-hits,64,13750000,3
marginal-hits,64,13800000,3
marginal-hits,64,13850000,4
marginal-hits,64,13900000,4
marginal-hits,64,13950000,5
marginal-hits,64,14000000,5
marginal-hits,64,14050000,4
marginal-hits,64,14100000,4
marginal-hits,64,14150000,5
marginal-hits,64,14200000,6
marginal-hits,64,14250000,6
marginal-hits,64,14300000,7
marginal-hits,64,14350000,7
marginal-hits,64,14400000,7
marginal-hits,64,14450000,7
marginal-hits,64,14500000,6
marginal-hits,64,14550000,6
marginal-hits,64,14600000,6
marginal-hits,64,14650000,6
marginal-hits,64,14700000,6
marginal-hits,64,14750000,5
marginal-hits,64,14800000,6
marginal-hits,64,14850000,7
marginal-hits,64,14900000,6
marginal-hits,64,14950000,6
marginal-hits,64,15000000,5
marginal-hits,64,15050000,5
marginal-hits,64,15100000,6
marginal-hits,64,15150000,5
marginal-hits,64,15200000,4
marginal-hits,64,15250000,3
marginal-hits,64,15300000,3
marginal-hits,64,15350000,3
marginal-hits,64,15400000,3
marginal-hits,64,15450000,4
marginal-hits,64,15500000,4
marginal-hits,64,15550000,5
marginal-hits,64,15600000,6
marginal-hits,64,15650000,5
marginal-hits,64,15700000,4
marginal-hits,64,15750000,4
marginal-hits,64,15800000,4
marginal-hits,64,15850000,5
marginal-hits,64,15900000,5
marginal-hits,64,15950000,5
marginal-hits,64,16000000,5
marginal-hits,64,16050000,4
marginal-hits,64,16100000,5
marginal-hits,64,16150000,4
marginal-hits,64,16200000,5
marginal-hits,64,16250000,6
marginal-hits,64,16300000,5
marginal-hits,64,16350000,5
marginal-hits,64,16400000,6
marginal-hits,64,16450000,6
marginal-hits,64,16500000,5
marginal-hits,64,16550000,5
marginal-hits,64,16600000,5
marginal-hits,64,16650000,6
marginal-hits,64,16700000,6
marginal-hits,64,16750000,6
marginal-hits,64,16800000,7
marginal-hits,64,16850000,8
marginal-hits,64,16900000,8
marginal-hits,64,16950000,7
marginal-hits,64,17000000,6
marginal-hits,64,17050000,5
marginal-hits,64,17100000,6
marginal-hits,64,17150000,6
marginal-hits,64,17200000,5
marginal-hits,64,17250000,4
marginal-hits,64,17300000,4
marginal-hits,64,17350000,4
marginal-hits,64,17400000,4
marginal-hits,64,17450000,4
marginal-hits,64,17500000,5
marginal-hits,64,17550000,4
marginal-hits,64,17600000,5
marginal-hits,64,17650000,4
marginal-hits,64,17700000,4
marginal-hits,64,17750000,4
marginal-hits,64,17800000,4
marginal-hits,64,17850000,3
marginal-hits,64,17900000,3
marginal-hits,64,17950000,4
marginal-hits,64,18000000,4
marginal-hits,64,18050000,5
marginal-hits,64,18100000,4
marginal-hits,64,18150000,4
marginal-hits,64,18200000,4
marginal-hits,64,18250000,4
marginal-hits,64,18300000,5
marginal-hits,64,18350000,4
marginal-hits,64,18400000,3
marginal-hits,64,18450000,3
marginal-hits,64,18500000,3
marginal-hits,64,18550000,2
marginal-hits,64,18600000,2
marginal-hits,64,18650000,2
marginal-hits,64,18700000,2
marginal-hits,64,18750000,3
marginal-hits,64,18800000,3
marginal-hits,64,18850000,3
marginal-hits,64,18900000,3
marginal-hits,64,18950000,4
marginal-hits,64,19000000,3
marginal-hits,64,19050000,3
marginal-hits,64,19100000,4
marginal-hits,64,19150000,4
marginal-hits,64,19200000,4
marginal-hits,64,19250000,4
marginal-hits,64,19300000,4
marginal-hits,64,19350000,3
marginal-hits,64,19400000,2
marginal-hits,64,19450000,2
marginal-hits,64,19500000,2
marginal-hits,64,19550000,3
marginal-hits,64,19600000,2
marginal-hits,64,19650000,2
marginal-hits,64,19700000,2
marginal-hits,64,19750000,3
marginal-hits,64,19800000,3
marginal-hits,64,19850000,4
marginal-hits,64,19900000,4
marginal-hits,64,19950000,5
marginal-hits,64,20000000,5
marginal-hits,64,20050000,4
marginal-hits,64,20100000,4
marginal-hits,64,20150000,5
marginal-hits,64,20200000,5
marginal-hits,64,20250000,5
marginal-hits,64,20300000,5
marginal-hits,64,20350000,4
marginal-hits,64,20400000,4
marginal-hits,64,20450000,4
marginal-hits,64,20500000,4
marginal-hits,64,20550000,4
marginal-hits,64,20600000,4
marginal-hits,64,20650000,3
marginal-hits,64,20700000,2
marginal-hits,64,20750000,3
marginal-hits,64,20800000,3
marginal-hits,64,20850000,2
marginal-hits,64,20900000,2
marginal-hits,64,20950000,2
marginal-hits,64,21000000,2
marginal-hits,64,21050000,3
marginal-hits,64,21100000,4
marginal-hits,64,21150000,4
marginal-hits,64,21200000,5
marginal-hits,64,21250000,4
marginal-hits,64,21300000,3
marginal-hits,64,21350000,3
marginal-hits,64,21400000,3
marginal-hits,64,21450000,2
marginal-hits,64,21500000,2
marginal-hits,64,21550000,1
marginal-hits,64,21600000,1
marginal-hits,64,21650000,1
marginal-hits,64,21700000,1
marginal-hits,64,21750000,1
marginal-hits,64,21800000,2
marginal-hits,64,21850000,2
marginal-hits,64,21900000,2
marginal-hits,64,21950000,3
marginal-hits,64,22000000,4
marginal-hits,64,22050000,3
marginal-hits,64,22100000,3
marginal-hits,64,22150000,2
marginal-hits,64,22200000,2
marginal-hits,64,22250000,1
marginal-hits,64,22300000,1
marginal-hits,64,22350000,1
marginal-hits,64,22400000,2
marginal-hits,64,22450000,1
marginal-hits,64,22500000,1
marginal-hits,64,22550000,2
marginal-hits,64,22600000,1
marginal-hits,64,22650000,2
marginal-hits,64,22700000,3
marginal-hits,64,22750000,3
marginal-hits,64,22800000,4
marginal-hits,64,22850000,4
marginal-hits,64,22900000,3
marginal-hits,64,22950000,2
marginal-hits,64,23000000,1
marginal-hits,64,23050000,1
marginal-hits,64,23100000,2
marginal-hits,64,23150000,3
marginal-hits,64,23200000,2
marginal-hits,64,23250000,3
marginal-hits,64,23300000,3
marginal-hits,64,23350000,4
marginal-hits,64,23400000,5
marginal-hits,64,23450000,5
marginal-hits,64,23500000,6
marginal-hits,64,23550000,5
marginal-hits,64,23600000,5
marginal-hits,64,23650000,5
marginal-hits,64,23700000,4
marginal-hits,64,23750000,3
marginal-hits,64,23800000,3
marginal-hits,64,23850000,2
marginal-hits,64,23900000,3
marginal-hits,64,23950000,2
marginal-hits,64,24000000,3
marginal-hits,64,24050000,3
marginal-hits,64,24100000,4
marginal-hits,64,24150000,5
marginal-hits,64,24200000,5
marginal-hits,64,24250000,4
marginal-hits,64,24300000,3
marginal-hits,64,24350000,3
marginal-hits,64,24400000,2
marginal-hits,64,24450000,2
marginal-hits,64,24500000,3
marginal-hits,64,24550000,3
marginal-hits,64,24600000,2
marginal-hits,64,24650000,1
marginal-hits,64,24700000,2
marginal-hits,64,24750000,1
marginal-hits,64,24800000,1
marginal-hits,64,24850000,1
marginal-hits,64,24900000,1
marginal-hits,64,24950000,2
marginal-hits,64,25000000,3
marginal-hits,64,25050000,4
marginal-hits,64,25100000,4
marginal-hits,64,25150000,4
marginal-hits,64,25200000,4
marginal-hits,64,25250000,4
marginal-hits,64,25300000,5
marginal-hits,64,25350000,4
marginal-hits,64,25400000,4
marginal-hits,64,25450000,4
marginal-hits,64,25500000,3
marginal-hits,64,25550000,3
marginal-hits,64,25600000,2
marginal-hits,64,25650000,1
marginal-hits,64,25700000,2
marginal-hits,64,25750000,3
marginal-hits,64,25800000,4
marginal-hits,64,25850000,5
marginal-hits,64,25900000,5
marginal-hits,64,25950000,5
marginal-hits,64,26000000,5
marginal-hits,64,26050000,4
marginal-hits,64,26100000,3
marginal-hits,64,26150000,3
marginal-hits,64,26200000,2
marginal-hits,64,26250000,1
marginal-hits,64,26300000,2
marginal-hits,64,26350000,2
marginal-hits,64,26400000,1
marginal-hits,64,26450000,2
marginal-hits,64,26500000,3
marginal-hits,64,26550000,3
marginal-hits,64,26600000,4
marginal-hits,64,26650000,5
marginal-hits,64,26700000,5
marginal-hits,64,26750000,6
marginal-hits,64,26800000,5
marginal-hits,64,26850000,4
marginal-hits,64,26900000,4
marginal-hits,64,26950000,4
marginal-hits,64,27000000,5
marginal-hits,64,27050000,4
marginal-hits,64,27100000,4
marginal-hits,64,27150000,4
marginal-hits,64,27200000,5
marginal-hits,64,27250000,5
marginal-hits,64,27300000,6
marginal-hits,64,27350000,5
marginal-hits,64,27400000,6
marginal-hits,64,27450000,7
marginal-hits,64,27500000,6
marginal-hits,64,27550000,7
marginal-hits,64,27600000,7
marginal-hits,64,27650000,8
marginal-hits,64,27700000,9
marginal-hits,64,27750000,9
marginal-hits,64,27800000,9
marginal-hits,64,27850000,9
marginal-hits,64,27900000,9
marginal-hits,64,27950000,9
marginal-hits,64,28000000,8
marginal-hits,64,28050000,8
marginal-hits,64,28100000,7
marginal-hits,64,28150000,6
marginal-hits,64,28200000,6
marginal-hits,64,28250000,5
marginal-hits,64,28300000,6
marginal-hits,64,28350000,5
marginal-hits,64,28400000,5
marginal-hits,64,28450000,5
marginal-hits,64,28500000,4
marginal-hits,64,28550000,4
marginal-hits,64,28600000,5
marginal-hits,64,28650000,5
marginal-hits,64,28700000,5
marginal-hits,64,28750000,6
marginal-hits,64,28800000,6
marginal-hits,64,28850000,6
marginal-hits,64,28900000,6
marginal-hits,64,28950000,5
marginal-hits,64,29000000,4
marginal-hits,64,29050000,3
marginal-hits,64,29100000,4
marginal-hits,64,29150000,4
marginal-hits,64,29200000,5
marginal-hits,64,29250000,5
marginal-hits,64,29300000,4
marginal-hits,64,29350000,4
marginal-hits,64,29400000,4
marginal-hits,64,29450000,3
marginal-hits,64,29500000,3
marginal-hits,64,29550000,2
marginal-hits,64,29600000,3
marginal-hits,64,29650000,4
marginal-hits,64,29700000,5
marginal-hits,64,29750000,6
marginal-hits,64,29800000,5
marginal-hits,64,29850000,5
marginal-hits,64,29900000,4
marginal-hits,64,29950000,4
marginal-hits,64,30000000,4
marginal-hits,64,30050000,3
marginal-hits,64,30100000,4
marginal-hits,64,30150000,5
marginal-hits,64,30200000,5
marginal-hits,64,30250000,5
marginal-hits,64,30300000,5
marginal-hits,64,30350000,4
marginal-hits,64,30400000,5
marginal-hits,64,30450000,4
marginal-hits,64,30500000,5
marginal-hits,64,30550000,6
marginal-hits,64,30600000,6
marginal-hits,64,30650000,5
marginal-hits,64,30700000,5
marginal-hits,64,30750000,6
marginal-hits,64,30800000,7
marginal-hits,64,30850000,6
marginal-hits,64,30900000,6
marginal-hits,64,30950000,7
marginal-hits,64,31000000,8
marginal-hits,64,31050000,9
marginal-hits,64,31100000,10
marginal-hits,64,31150000,9
marginal-hits,64,31200000,8
marginal-hits,64,31250000,7
marginal-hits,64,31300000,6
marginal-hits,64,31350000,5
marginal-hits,64,31400000,4
marginal-hits,64,31450000,3
marginal-hits,64,31500000,4
marginal-hits,64,31550000,3
marginal-hits,64,31600000,4
marginal-hits,64,31650000,4
marginal-hits,64,31700000,5
marginal-hits,64,31750000,5
marginal-hits,64,31800000,4
marginal-hits,64,31850000,5
marginal-hits,64,31900000,6
marginal-hits,64,31950000,5
marginal-hits,64,32000000,4
marginal-hits,64,32050000,4
marginal-hits,64,32100000,3
marginal-hits,64,32150000,3
marginal-hits,64,32200000,3
marginal-hits,64,32250000,3
marginal-hits,64,32300000,2
marginal-hits,64,32350000,3
marginal-hits,64,32400000,3
marginal-hits,64,32450000,3
marginal-hits,64,32500000,4
marginal-hits,64,32550000,4
marginal-hits,64,32600000,3
marginal-hits,64,32650000,4
marginal-hits,64,32700000,4
marginal-hits,64,32750000,3
marginal-hits,64,32800000,3
marginal-hits,64,32850000,3
marginal-hits,64,32900000,2
marginal-hits,64,32950000,3
marginal-hits,64,33000000,3
marginal-hits,64,33050000,4
marginal-hits,64,33100000,3
marginal-hits,64,33150000,2
marginal-hits,64,33200000,3
marginal-hits,64,33250000,4
marginal-hits,64,33300000,3
marginal-hits,64,33350000,4
marginal-hits,64,33400000,4
marginal-hits,64,33450000,3
marginal-hits,64,33500000,3
marginal-hits,64,33550000,3
marginal-hits,64,33600000,3
marginal-hits,64,33650000,3
marginal-hits,64,33700000,4
marginal-hits,64,33750000,4
marginal-hits,64,33800000,4
marginal-hits,64,33850000,4
marginal-hits,64,33900000,4
marginal-hits,64,33950000,4
marginal-hits,64,34000000,3
marginal-hits,64,34050000,4
marginal-hits,64,34100000,5
marginal-hits,64,34150000,6
marginal-hits,64,34200000,6
marginal-hits,64,34250000,5
marginal-hits,64,34300000,4
marginal-hits,64,34350000,4
marginal-hits,64,34400000,5
marginal-hits,64,34450000,6
marginal-hits,64,34500000,7
marginal-hits,64,34550000,6
marginal-hits,64,34600000,5
marginal-hits,64,34650000,4
marginal-hits,64,34700000,4
marginal-hits,64,34750000,4
marginal-hits,64,34800000,4
marginal-hits,64,34850000,4
marginal-hits,64,34900000,5
marginal-hits,64,34950000,4
marginal-hits,64,35000000,3
marginal-hits,64,35050000,3
marginal-hits,64,35100000,4
marginal-hits,64,35150000,4
marginal-hits,64,35200000,4
marginal-hits,64,35250000,4
marginal-hits,64,35300000,3
marginal-hits,64,35350000,4
marginal-hits,64,35400000,4
marginal-hits,64,35450000,4
marginal-hits,64,35500000,3
marginal-hits,64,35550000,3
marginal-hits,64,35600000,3
marginal-hits,64,35650000,4
marginal-hits,64,35700000,3
marginal-hits,64,35750000,3
marginal-hits,64,35800000,4
marginal-hits,64,35850000,4
marginal-hits,64,35900000,4
marginal-hits,64,35950000,4
marginal-hits,64,36000000,3
marginal-hits,64,36050000,2
marginal-hits,64,36100000,3
marginal-hits,64,36150000,4
marginal-hits,64,36200000,4
marginal-hits,64,36250000,4
marginal-hits,64,36300000,5
marginal-hits,64,36350000,4
marginal-hits,64,36400000,3
marginal-hits,64,36450000,2
marginal-hits,64,36500000,3
marginal-hits,64,36550000,4
marginal-hits,64,36600000,4
marginal-hits,64,36650000,5
marginal-hits,64,36700000,5
marginal-hits,64,36750000,4
marginal-hits,64,36800000,5
marginal-hits,64,36850000,5
marginal-hits,64,36900000,5
marginal-hits,64,36950000,6
marginal-hits,64,37000000,7
marginal-hits,64,37050000,7
marginal-hits,64,37100000,6
marginal-hits,64,37150000,5
marginal-hits,64,37200000,5
marginal-hits,64,37250000,4
marginal-hits,64,37300000,4
marginal-hits,64,37350000,4
marginal-hits,64,37400000,4
marginal-hits,64,37450000,5
marginal-hits,64,37500000,5
marginal-hits,64,37550000,5
marginal-hits,64,37600000,5
marginal-hits,64,37650000,5
marginal-hits,64,37700000,6
marginal-hits,64,37750000,7
marginal-hits,64,37800000,6
marginal-hits,64,37850000,5
marginal-hits,64,37900000,4
marginal-hits,64,37950000,4
marginal-hits,64,38000000,3
marginal-hits,64,38050000,2
marginal-hits,64,38100000,2
marginal-hits,64,38150000,2
marginal-hits,64,38200000,2
marginal-hits,64,38250000,1
marginal-hits,64,38300000,2
marginal-hits,64,38350000,2
marginal-hits,64,38400000,3
marginal-hits,64,38450000,2
marginal-hits,64,38500000,3
marginal-hits,64,38550000,3
marginal-hits,64,38600000,3
marginal-hits,64,38650000,4
marginal-hits,64,38700000,5
marginal-hits,64,38750000,4
marginal-hits,64,38800000,3
marginal-hits,64,38850000,3
marginal-hits,64,38900000,4
marginal-hits,64,38950000,4
marginal-hits,64,39000000,3
marginal-hits,64,39050000,3
marginal-hits,64,39100000,4
marginal-hits,64,39150000,5
marginal-hits,64,39200000,5
marginal-hits,64,39250000,6
marginal-hits,64,39300000,6
marginal-hits,64,39350000,5
marginal-hits,64,39400000,5
marginal-hits,64,39450000,4
marginal-hits,64,39500000,3
marginal-hits,64,39550000,2
marginal-hits,64,39600000,3
marginal-hits,64,39650000,4
marginal-hits,64,39700000,3
marginal-hits,64,39750000,2
marginal-hits,64,39800000,3
marginal-hits,64,39850000,4
marginal-hits,64,39900000,4
marginal-hits,64,39950000,4
marginal-hits,64,40000000,5
marginal-hits,64,40050000,4
marginal-hits,64,40100000,3
marginal-hits,64,40150000,2
marginal-hits,64,40200000,1
marginal-hits,64,40250000,2
marginal-hits,64,40300000,3
marginal-hits,64,40350000,4
marginal-hits,64,40400000,5
marginal-hits,64,40450000,6
marginal-hits,64,40500000,6
marginal-hits,64,40550000,7
marginal-hits,64,40600000,6
marginal-hits,64,40650000,5
marginal-hits,64,40700000,6
marginal-hits,64,40750000,5
marginal-hits,64,40800000,5
marginal-hits,64,40850000,4
marginal-hits,64,40900000,4
marginal-hits,64,40950000,5
marginal-hits,64,41000000,6
marginal-hits,64,41050000,5
marginal-hits,64,41100000,6
marginal-hits,64,41150000,7
marginal-hits,64,41200000,6
marginal-hits,64,41250000,5
marginal-hits,64,41300000,4
marginal-hits,64,41350000,3
marginal-hits,64,41400000,3
marginal-hits,64,41450000,3
marginal-hits,64,41500000,4
marginal-hits,64,41550000,3
marginal-hits,64,41600000,4
marginal-hits,64,41650000,4
marginal-hits,64,41700000,4
marginal-hits,64,41750000,3
marginal-hits,64,41800000,4
marginal-hits,64,41850000,3
marginal-hits,64,41900000,3
marginal-hits,64,41950000,3
marginal-hits,64,42000000,2
marginal-hits,64,42050000,2
marginal-hits,64,42100000,2
marginal-hits,64,42150000,2
marginal-hits,64,42200000,1
marginal-hits,64,42250000,2
marginal-hits,64,42300000,3
marginal-hits,64,42350000,4
marginal-hits,64,42400000,3
marginal-hits,64,42450000,3
marginal-hits,64,42500000,2
marginal-hits,64,42550000,1
marginal-hits,64,42600000,1
marginal-hits,64,42650000,1
marginal-hits,64,42700000,2
marginal-hits,64,42750000,3
marginal-hits,64,42800000,3
marginal-hits,64,42850000,3
marginal-hits,64,42900000,4
marginal-hits,64,42950000,4
marginal-hits,64,43000000,5
marginal-hits,64,43050000,4
marginal-hits,64,43100000,3
marginal-hits,64,43150000,3
marginal-hits,64,43200000,4
marginal-hits,64,43250000,5
marginal-hits,64,43300000,5
marginal-hits,64,43350000,5
marginal-hits,64,43400000,4
marginal-hits,64,43450000,3
marginal-hits,64,43500000,2
marginal-hits,64,43550000,3
marginal-hits,64,43600000,3
marginal-hits,64,43650000,2
marginal-hits,64,43700000,1
marginal-hits,64,43750000,2
marginal-hits,64,43800000,2
marginal-hits,64,43850000,3
marginal-hits,64,43900000,4
marginal-hits,64,43950000,5
marginal-hits,64,44000000,4
marginal-hits,64,44050000,4
marginal-hits,64,44100000,4
marginal-hits,64,44150000,5
marginal-hits,64,44200000,4
marginal-hits,64,44250000,5
marginal-hits,64,44300000,5
marginal-hits,64,44350000,5
marginal-hits,64,44400000,4
marginal-hits,64,44450000,3
marginal-hits,64,44500000,3
marginal-hits,64,44550000,2
marginal-hits,64,44600000,3
marginal-hits,64,44650000,2
marginal-hits,64,44700000,3
marginal-hits,64,44750000,4
marginal-hits,64,44800000,5
marginal-hits,64,44850000,4
marginal-hits,64,44900000,4
marginal-hits,64,44950000,4
marginal-hits,64,45000000,4
marginal-hits,64,45050000,4
marginal-hits,64,45100000,5
marginal-hits,64,45150000,6
marginal-hits,64,45200000,7
marginal-hits,64,45250000,8
marginal-hits,64,45300000,7
marginal-hits,64,45350000,6
marginal-hits,64,45400000,5
marginal-hits,64,45450000,5
marginal-hits,64,45500000,5
marginal-hits,64,45550000,6
marginal-hits,64,45600000,7
marginal-hits,64,45650000,7
marginal-hits,64,45700000,7
marginal-hits,64,45750000,8
marginal-hits,64,45800000,8
marginal-hits,64,45850000,7
marginal-hits,64,45900000,7
marginal-hits,64,45950000,7
marginal-hits,64,46000000,7
marginal-hits,64,46050000,7
marginal-hits,64,46100000,7
marginal-hits,64,46150000,7
marginal-hits,64,46200000,7
marginal-hits,64,46250000,7
marginal-hits,64,46300000,6
marginal-hits,64,46350000,7
marginal-hits,64,46400000,7
marginal-hits,64,46450000,7
marginal-hits,64,46500000,6
marginal-hits,64,46550000,7
marginal-hits,64,46600000,6
marginal-hits,64,46650000,5
marginal-hits,64,46700000,6
marginal-hits,64,46750000,7
marginal-hits,64,46800000,7
marginal-hits,64,46850000,7
marginal-hits,64,46900000,7
marginal-hits,64,46950000,6
marginal-hits,64,47000000,5
marginal-hits,64,47050000,6
marginal-hits,64,47100000,6
marginal-hits,64,47150000,7
marginal-hits,64,47200000,7
marginal-hits,64,47250000,6
marginal-hits,64,47300000,7
marginal-hits,64,47350000,6
marginal-hits,64,47400000,5
marginal-hits,64,47450000,5
marginal-hits,64,47500000,5
marginal-hits,64,47550000,5
marginal-hits,64,47600000,6
marginal-hits,64,47650000,6
marginal-hits,64,47700000,5
marginal-hits,64,47750000,5
marginal-hits,64,47800000,4
marginal-hits,64,47850000,4
marginal-hits,64,47900000,4
marginal-hits,64,47950000,3
marginal-hits,64,48000000,2
marginal-hits,64,48050000,1
marginal-hits,64,48100000,2
marginal-hits,64,48150000,3
marginal-hits,64,48200000,4
marginal-hits,64,48250000,4
marginal-hits,64,48300000,4
marginal-hits,64,48350000,4
marginal-hits,64,48400000,3
marginal-hits,64,48450000,3
marginal-hits,64,48500000,3
marginal-hits,64,48550000,3
marginal-hits,64,48600000,4
marginal-hits,64,48650000,5
marginal-hits,64,48700000,6
marginal-hits,64,48750000,5
marginal-hits,64,48800000,5
marginal-hits,64,48850000,5
marginal-hits,64,48900000,4
marginal-hits,64,48950000,3
marginal-hits,64,49000000,2
marginal-hits,64,49050000,2
marginal-hits,64,49100000,2
marginal-hits,64,49150000,2
marginal-hits,64,49200000,2
marginal-hits,64,49250000,2
marginal-hits,64,49300000,2
marginal-hits,64,49350000,3
marginal-hits,64,49400000,4
marginal-hits,64,49450000,5
marginal-hits,64,49500000,5
marginal-hits,64,49550000,6
marginal-hits,64,49600000,5
marginal-hits,64,49650000,4
marginal-hits,64,49700000,4
marginal-hits,64,49750000,3
marginal-hits,64,49800000,3
marginal-hits,64,49850000,3
marginal-hits,64,49900000,3
marginal-hits,64,49950000,3
marginal-hits,64,50000000,3
marginal-hits,64,50050000,2
marginal-hits,64,50100000,2
marginal-hits,64,50150000,2
marginal-hits,64,50200000,3
marginal-hits,64,50250000,3
marginal-hits,64,50300000,2
marginal-hits,64,50350000,2
marginal-hits,64,50400000,2
marginal-hits,64,50450000,2
marginal-hits,64,50500000,2
marginal-hits,64,50550000,2
marginal-hits,64,50600000,3
marginal-hits,64,50650000,2
marginal-hits,64,50700000,1
marginal-hits,64,50750000,2
marginal-hits,64,50800000,1
marginal-hits,64,50850000,1
marginal-hits,64,50900000,2
marginal-hits,64,50950000,2
marginal-hits,64,51000000,2
marginal-hits,64,51050000,1
marginal-hits,64,51100000,2
marginal-hits,64,51150000,3
marginal-hits,64,51200000,2
marginal-hits,64,51250000,3
marginal-hits,64,51300000,3
marginal-hits,64,51350000,4
marginal-hits,64,51400000,4
marginal-hits,64,51450000,5
marginal-hits,64,51500000,4
marginal-hits,64,51550000,4
marginal-hits,64,51600000,4
marginal-hits,64,51650000,5
marginal-hits,64,51700000,6
marginal-hits,64,51750000,5
marginal-hits,64,51800000,4
marginal-hits,64,51850000,3
marginal-hits,64,51900000,2
marginal-hits,64,51950000,3
marginal-hits,64,52000000,2
marginal-hits,64,52050000,2
marginal-hits,64,52100000,2
marginal-hits,64,52150000,2
marginal-hits,64,52200000,1
marginal-hits,64,52250000,2
marginal-hits,64,52300000,3
marginal-hits,64,52350000,3
marginal-hits,64,52400000,2
marginal-hits,64,52450000,1
marginal-hits,64,52500000,1
marginal-hits,64,52550000,2
marginal-hits,64,52600000,2
marginal-hits,64,52650000,2
marginal-hits,64,52700000,2
marginal-hits,64,52750000,3
marginal-hits,64,52800000,4
marginal-hits,64,52850000,5
marginal-hits,64,52900000,4
marginal-hits,64,52950000,4
marginal-hits,64,53000000,4
marginal-hits,64,53050000,4
marginal-hits,64,53100000,5
marginal-hits,64,53150000,6
marginal-hits,64,53200000,5
marginal-hits,64,53250000,5
marginal-hits,64,53300000,4
marginal-hits,64,53350000,4
marginal-hits,64,53400000,4
marginal-hits,64,53450000,5
marginal-hits,64,53500000,6
marginal-hits,64,53550000,7
marginal-hits,64,53600000,7
marginal-hits,64,53650000,7
marginal-hits,64,53700000,7
marginal-hits,64,53750000,8
marginal-hits,64,53800000,8
marginal-hits,64,53850000,9
marginal-hits,64,53900000,9
marginal-hits,64,53950000,8
marginal-hits,64,54000000,7
marginal-hits,64,54050000,6
marginal-hits,64,54100000,5
marginal-hits,64,54150000,4
marginal-hits,64,54200000,3
marginal-hits,64,54250000,3
marginal-hits,64,54300000,4
marginal-hits,64,54350000,3
marginal-hits,64,54400000,3
marginal-hits,64,54450000,4
marginal-hits,64,54500000,4
marginal-hits,64,54550000,3
marginal-hits,64,54600000,2
marginal-hits,64,54650000,3
marginal-hits,64,54700000,4
marginal-hits,64,54750000,3
marginal-hits,64,54800000,3
marginal-hits,64,54850000,3
marginal-hits,64,54900000,2
marginal-hits,64,54950000,2
marginal-hits,64,55000000,3
marginal-hits,64,55050000,3
marginal-hits,64,55100000,3
marginal-hits,64,55150000,2
marginal-hits,64,55200000,2
marginal-hits,64,55250000,3
marginal-hits,64,55300000,3
marginal-hits,64,55350000,4
marginal-hits,64,55400000,5
marginal-hits,64,55450000,6
marginal-hits,64,55500000,7
marginal-hits,64,55550000,7
marginal-hits,64,55600000,7
marginal-hits,64,55650000,7
marginal-hits,64,55700000,7
marginal-hits,64,55750000,6
marginal-hits,64,55800000,5
marginal-hits,64,55850000,4
marginal-hits,64,55900000,4
marginal-hits,64,55950000,5
marginal-hits,64,56000000,4
marginal-hits,64,56050000,3
marginal-hits,64,56100000,4
marginal-hits,64,56150000,3
marginal-hits,64,56200000,3
marginal-hits,64,56250000,3
marginal-hits,64,56300000,2
marginal-hits,64,56350000,1
marginal-hits,64,56400000,1
marginal-hits,64,56450000,2
marginal-hits,64,56500000,3
marginal-hits,64,56550000,4
marginal-hits,64,56600000,3
marginal-hits,64,56650000,3
marginal-hits,64,56700000,4
marginal-hits,64,56750000,5
marginal-hits,64,56800000,4
marginal-hits,64,56850000,4
marginal-hits,64,56900000,4
marginal-hits,64,56950000,3
marginal-hits,64,57000000,3
marginal-hits,64,57050000,2
marginal-hits,64,57100000,1
marginal-hits,64,57150000,2
marginal-hits,64,57200000,1
marginal-hits,64,57250000,2
marginal-hits,64,57300000,2
marginal-hits,64,57350000,2
marginal-hits,64,57400000,2
marginal-hits,64,57450000,2
marginal-hits,64,57500000,2
marginal-hits,64,57550000,2
marginal-hits,64,57600000,3
marginal-hits,64,57650000,3
marginal-hits,64,57700000,3
marginal-hits,64,57750000,3
marginal-hits,64,57800000,2
marginal-hits,64,57850000,2
marginal-hits,64,57900000,2
marginal-hits,64,57950000,2
marginal-hits,64,58000000,3
marginal-hits,64,58050000,3
marginal-hits,64,58100000,3
marginal-hits,64,58150000,3
marginal-hits,64,58200000,3
marginal-hits,64,58250000,3
marginal-hits,64,58300000,4
marginal-hits,64,58350000,4
marginal-hits,64,58400000,4
marginal-hits,64,58450000,3
marginal-hits,64,58500000,3
marginal-hits,64,58550000,3
marginal-hits,64,58600000,2
marginal-hits,64,58650000,1
marginal-hits,64,58700000,1
marginal-hits,64,58750000,1
marginal-hits,64,58800000,2
marginal-hits,64,58850000,3
marginal-hits,64,58900000,3
marginal-hits,64,58950000,3
marginal-hits,64,59000000,3
marginal-hits,64,59050000,2
marginal-hits,64,59100000,2
marginal-hits,64,59150000,3
marginal-hits,64,59200000,2
marginal-hits,64,59250000,2
marginal-hits,64,59300000,3
marginal-hits,64,59350000,3
marginal-hits,64,59400000,2
marginal-hits,64,59450000,1
marginal-hits,64,59500000,2
marginal-hits,64,59550000,3
marginal-hits,64,59600000,3
marginal-hits,64,59650000,3
marginal-hits,64,59700000,3
marginal-hits,64,59750000,4
marginal-hits,64,59800000,4
marginal-hits,64,59850000,5
marginal-hits,64,59900000,6
marginal-hits,64,59950000,5
marginal-hits,64,60000000,5
marginal-hits,64,60050000,6
marginal-hits,64,60100000,6
marginal-hits,64,60150000,6
marginal-hits,64,60200000,5
marginal-hits,64,60250000,5
marginal-hits,64,60300000,6
marginal-hits,64,60350000,7
marginal-hits,64,60400000,7
marginal-hits,64,60450000,6
marginal-hits,64,60500000,6
marginal-hits,64,60550000,6
marginal-hits,64,60600000,5
marginal-hits,64,60650000,6
marginal-hits,64,60700000,6
marginal-hits,64,60750000,5
marginal-hits,64,60800000,4
marginal-hits,64,60850000,4
marginal-hits,64,60900000,4
marginal-hits,64,60950000,5
marginal-hits,64,61000000,6
marginal-hits,64,61050000,6
marginal-hits,64,61100000,6
marginal-hits,64,61150000,6
marginal-hits,64,61200000,6
marginal-hits,64,61250000,6
marginal-hits,64,61300000,6
marginal-hits,64,61350000,7
marginal-hits,64,61400000,6
marginal-hits,64,61450000,5
marginal-hits,64,61500000,6
marginal-hits,64,61550000,6
marginal-hits,64,61600000,6
marginal-hits,64,61650000,6
marginal-hits,64,61700000,5
marginal-hits,64,61750000,4
marginal-hits,64,61800000,3
marginal-hits,64,61850000,3
marginal-hits,64,61900000,4
marginal-hits,64,61950000,3
marginal-hits,64,62000000,2
marginal-hits,64,62050000,2
marginal-hits,64,62100000,2
marginal-hits,64,62150000,3
marginal-hits,64,62200000,3
marginal-hits,64,62250000,3
marginal-hits,64,62300000,3
marginal-hits,64,62350000,3
marginal-hits,64,62400000,3
marginal-hits,64,62450000,2
marginal-hits,64,62500000,2
marginal-hits,64,62550000,2
marginal-hits,64,62600000,3
marginal-hits,64,62650000,2
marginal-hits,64,62700000,2
marginal-hits,64,62750000,2
marginal-hits,64,62800000,2
marginal-hits,64,62850000,2
marginal-hits,64,62900000,2
marginal-hits,64,62950000,2
marginal-hits,64,63000000,2
marginal-hits,64,63050000,3
marginal-hits,64,63100000,3
marginal-hits,64,63150000,3
marginal-hits,64,63200000,3
marginal-hits,64,63250000,2
marginal-hits,64,63300000,1
marginal-hits,64,63350000,2
marginal-hits,64,63400000,2
marginal-hits,64,63450000,3
marginal-hits,64,63500000,4
marginal-hits,64,63550000,4
marginal-hits,64,63600000,4
marginal-hits,64,63650000,3
marginal-hits,64,63700000,3
marginal-hits,64,63750000,4
marginal-hits,64,63800000,4
marginal-hits,64,63850000,4
marginal-hits,64,63900000,4
marginal-hits,64,63950000,4
marginal-hits,64,64000000,4
marginal-hits,64,64050000,4
marginal-hits,64,64100000,3
marginal-hits,64,64150000,2
marginal-hits,64,64200000,2
marginal-hits,64,64250000,2
marginal-hits,64,64300000,1
marginal-hits,64,64350000,1
marginal-hits,64,64400000,2
marginal-hits,64,64450000,3
marginal-hits,64,64500000,3
marginal-hits,64,64550000,3
marginal-hits,64,64600000,4
marginal-hits,64,64650000,4
marginal-hits,64,64700000,4
marginal-hits,64,64750000,4
marginal-hits,64,64800000,5
marginal-hits,64,64850000,5
marginal-hits,64,64900000,5
marginal-hits,64,64950000,4
marginal-hits,64,65000000,4
marginal-hits,64,65050000,4
marginal-hits,64,65100000,4
marginal-hits,64,65150000,4
marginal-hits,64,65200000,4
marginal-hits,64,65250000,4
marginal-hits,64,65300000,5
marginal-hits,64,65350000,6
marginal-hits,64,65400000,7
marginal-hits,64,65450000,8
marginal-hits,64,65500000,8
marginal-hits,64,65550000,8
marginal-hits,64,65600000,8
marginal-hits,64,65650000,7
marginal-hits,64,65700000,7
marginal-hits,64,65750000,6
marginal-hits,64,65800000,5
marginal-hits,64,65850000,5
marginal-hits,64,65900000,4
marginal-hits,64,65950000,3
marginal-hits,64,66000000,4
marginal-hits,64,66050000,4
marginal-hits,64,66100000,5
marginal-hits,64,66150000,5
marginal-hits,64,66200000,5
marginal-hits,64,66250000,5
marginal-hits,64,66300000,5
marginal-hits,64,66350000,5
marginal-hits,64,66400000,5
marginal-hits,64,66450000,5
marginal-hits,64,66500000,6
marginal-hits,64,66550000,6
marginal-hits,64,66600000,5
marginal-hits,64,66650000,5
marginal-hits,64,66700000,4
marginal-hits,64,66750000,5
marginal-hits,64,66800000,5
marginal-hits,64,66850000,5
marginal-hits,64,66900000,6
marginal-hits,64,66950000,6
marginal-hits,64,67000000,7
marginal-hits,64,67050000,6
marginal-hits,64,67100000,5
marginal-hits,64,67150000,5
marginal-hits,64,67200000,6
marginal-hits,64,67250000,5
marginal-hits,64,67300000,5
marginal-hits,64,67350000,4
marginal-hits,64,67400000,5
marginal-hits,64,67450000,4
marginal-hits,64,67500000,4
marginal-hits,64,67550000,5
marginal-hits,64,67600000,4
marginal-hits,64,67650000,3
marginal-hits,64,67700000,2
marginal-hits,64,67750000,3
marginal-hits,64,67800000,4
marginal-hits,64,67850000,4
marginal-hits,64,67900000,4
marginal-hits,64,67950000,4
marginal-hits,64,68000000,5
marginal-hits,64,68050000,4
marginal-hits,64,68100000,3
marginal-hits,64,68150000,2
marginal-hits,64,68200000,3
marginal-hits,64,68250000,2
marginal-hits,64,68300000,3
marginal-hits,64,68350000,4
marginal-hits,64,68400000,3
marginal-hits,64,68450000,4
marginal-hits,64,68500000,5
marginal-hits,64,68550000,6
marginal-hits,64,68600000,7
marginal-hits,64,68650000,7
marginal-hits,64,68700000,6
marginal-hits,64,68750000,6
marginal-hits,64,68800000,6
marginal-hits,64,68850000,7
marginal-hits,64,68900000,7
marginal-hits,64,68950000,7
marginal-hits,64,69000000,8
marginal-hits,64,69050000,8
marginal-hits,64,69100000,7
marginal-hits,64,69150000,8
marginal-hits,64,69200000,9
marginal-hits,64,69250000,9
marginal-hits,64,69300000,9
marginal-hits,64,69350000,9
marginal-hits,64,69400000,9
marginal-hits,64,69450000,9
marginal-hits,64,69500000,8
marginal-hits,64,69550000,7
marginal-hits,64,69600000,7
marginal-hits,64,69650000,7
marginal-hits,64,69700000,6
marginal-hits,64,69750000,7
marginal-hits,64,69800000,8
marginal-hits,64,69850000,8
marginal-hits,64,69900000,7
marginal-hits,64,69950000,7
marginal-hits,64,70000000,6
marginal-hits,64,70050000,6
marginal-hits,64,70100000,7
marginal-hits,64,70150000,7
marginal-hits,64,70200000,7
marginal-hits,64,70250000,8
marginal-hits,64,70300000,9
marginal-hits,64,70350000,9
marginal-hits,64,70400000,8
marginal-hits,64,70450000,7
marginal-hits,64,70500000,6
marginal-hits,64,70550000,6
marginal-hits,64,70600000,6
marginal-hits,64,70650000,6
marginal-hits,64,70700000,7
marginal-hits,64,70750000,7
marginal-hits,64,70800000,8
marginal-hits,64,70850000,9
marginal-hits,64,70900000,8
marginal-hits,64,70950000,8
marginal-hits,64,71000000,8
marginal-hits,64,71050000,9
marginal-hits,64,71100000,10
marginal-hits,64,71150000,10
marginal-hits,64,71200000,9
marginal-hits,64,71250000,8
marginal-hits,64,71300000,7
marginal-hits,64,71350000,6
marginal-hits,64,71400000,6
marginal-hits,64,71450000,6
marginal-hits,64,71500000,6
marginal-hits,64,71550000,5
marginal-hits,64,71600000,4
marginal-hits,64,71650000,5
marginal-hits,64,71700000,5
marginal-hits,64,71750000,5
marginal-hits,64,71800000,5
marginal-hits,64,71850000,5
marginal-hits,64,71900000,4
marginal-hits,64,71950000,3
marginal-hits,64,72000000,3
marginal-hits,64,72050000,2
marginal-hits,64,72100000,1
marginal-hits,64,72150000,1
marginal-hits,64,72200000,2
marginal-hits,64,72250000,1
marginal-hits,64,72300000,2
marginal-hits,64,72350000,3
marginal-hits,64,72400000,4
marginal-hits,64,72450000,4
marginal-hits,64,72500000,4
marginal-hits,64,72550000,3
marginal-hits,64,72600000,3
marginal-hits,64,72650000,3
marginal-hits,64,72700000,4
marginal-hits,64,72750000,4
marginal-hits,64,72800000,5
marginal-hits,64,72850000,6
marginal-hits,64,72900000,5
marginal-hits,64,72950000,4
marginal-hits,64,73000000,4
marginal-hits,64,73050000,4
marginal-hits,64,73100000,3
marginal-hits,64,73150000,2
marginal-hits,64,73200000,2
marginal-hits,64,73250000,2
marginal-hits,64,73300000,3
marginal-hits,64,73350000,4
marginal-hits,64,73400000,5
marginal-hits,64,73450000,6
marginal-hits,64,73500000,5
marginal-hits,64,73550000,5
marginal-hits,64,73600000,5
marginal-hits,64,73650000,6
marginal-hits,64,73700000,6
marginal-hits,64,73750000,5
marginal-hits,64,73800000,5
marginal-hits,64,73850000,6
marginal-hits,64,73900000,7
marginal-hits,64,73950000,8
marginal-hits,64,74000000,8
marginal-hits,64,74050000,7
marginal-hits,64,74100000,7
marginal-hits,64,74150000,6
marginal-hits,64,74200000,5
marginal-hits,64,74250000,5
marginal-hits,64,74300000,4
marginal-hits,64,74350000,4
marginal-hits,64,74400000,5
marginal-hits,64,74450000,4
marginal-hits,64,74500000,3
marginal-hits,64,74550000,3
marginal-hits,64,74600000,3
marginal-hits,64,74650000,4
marginal-hits,64,74700000,4
marginal-hits,64,74750000,5
marginal-hits,64,74800000,6
marginal-hits,64,74850000,6
marginal-hits,64,74900000,6
marginal-hits,64,74950000,6
marginal-hits,64,75000000,6
marginal-hits,64,75050000,6
marginal-hits,64,75100000,7
marginal-hits,64,75150000,7
marginal-hits,64,75200000,6
marginal-hits,64,75250000,6
marginal-hits,64,75300000,5
marginal-hits,64,75350000,5
marginal-hits,64,75400000,4
marginal-hits,64,75450000,4
marginal-hits,64,75500000,4
marginal-hits,64,75550000,5
marginal-hits,64,75600000,6
marginal-hits,64,75650000,7
marginal-hits,64,75700000,6
marginal-hits,64,75750000,5
marginal-hits,64,75800000,5
marginal-hits,64,75850000,5
marginal-hits,64,75900000,6
marginal-hits,64,75950000,6
marginal-hits,64,76000000,7
marginal-hits,64,76050000,6
marginal-hits,64,76100000,5
marginal-hits,64,76150000,5
marginal-hits,64,76200000,6
marginal-hits,64,76250000,7
marginal-hits,64,76300000,6
marginal-hits,64,76350000,7
marginal-hits,64,76400000,7
marginal-hits,64,76450000,7
marginal-hits,64,76500000,6
marginal-hits,64,76550000,5
marginal-hits,64,76600000,5
marginal-hits,64,76650000,5
marginal-hits,64,76700000,6
marginal-hits,64,76750000,5
marginal-hits,64,76800000,5
marginal-hits,64,76850000,4
marginal-hits,64,76900000,3
marginal-hits,64,76950000,3
marginal-hits,64,77000000,2
marginal-hits,64,77050000,3
marginal-hits,64,77100000,2
marginal-hits,64,77150000,3
marginal-hits,64,77200000,3
marginal-hits,64,77250000,4
marginal-hits,64,77300000,4
marginal-hits,64,77350000,4
marginal-hits,64,77400000,4
marginal-hits,64,77450000,3
marginal-hits,64,77500000,4
marginal-hits,64,77550000,3
marginal-hits,64,77600000,3
marginal-hits,64,77650000,2
marginal-hits,64,77700000,3
marginal-hits,64,77750000,4
marginal-hits,64,77800000,3
marginal-hits,64,77850000,4
marginal-hits,64,77900000,3
marginal-hits,64,77950000,2
marginal-hits,64,78000000,1
marginal-hits,64,78050000,2
marginal-hits,64,78100000,3
marginal-hits,64,78150000,4
marginal-hits,64,78200000,3
marginal-hits,64,78250000,2
marginal-hits,64,78300000,2
marginal-hits,64,78350000,3
marginal-hits,64,78400000,4
marginal-hits,64,78450000,3
marginal-hits,64,78500000,3
marginal-hits,64,78550000,2
marginal-hits,64,78600000,2
marginal-hits,64,78650000,2
marginal-hits,64,78700000,3
marginal-hits,64,78750000,2
marginal-hits,64,78800000,2
marginal-hits,64,78850000,1
marginal-hits,64,78900000,1
marginal-hits,64,78950000,2
marginal-hits,64,79000000,3
marginal-hits,64,79050000,2
marginal-hits,64,79100000,2
marginal-hits,64,79150000,3
marginal-hits,64,79200000,3
marginal-hits,64,79250000,3
marginal-hits,64,79300000,4
marginal-hits,64,79350000,4
marginal-hits,64,79400000,4
marginal-hits,64,79450000,5
marginal-hits,64,79500000,6
marginal-hits,64,79550000,5
marginal-hits,64,79600000,4
marginal-hits,64,79650000,4
marginal-hits,64,79700000,4
marginal-hits,64,79750000,5
marginal-hits,64,79800000,5
marginal-hits,64,79850000,5
marginal-hits,64,79900000,6
marginal-hits,64,79950000,6
hits,256,50000,121
hits,256,100000,116
hits,256,150000,111
hits,256,200000,107
hits,256,250000,104
hits,256,300000,101
hits,256,350000,99
hits,256,400000,98
hits,256,450000,97
hits,256,500000,95
hits,256,550000,93
hits,256,600000,92
hits,256,650000,91
hits,256,700000,89
hits,256,750000,89
hits,256,800000,89
hits,256,850000,89
hits,256,900000,89
hits,256,950000,89
hits,256,1000000,89
hits,256,1050000,89
hits,256,1100000,89
hits,256,1150000,89
hits,256,1200000,88
hits,256,1250000,88
hits,256,1300000,88
hits,256,1350000,88
hits,256,1400000,88
hits,256,1450000,88
hits,256,1500000,87
hits,256,1550000,87
hits,256,1600000,87
hits,256,1650000,87
hits,256,1700000,87
hits,256,1750000,87
hits,256,1800000,86
hits,256,1850000,87
hits,256,1900000,86
hits,256,1950000,86
hits,256,2000000,85
hits,256,2050000,86
hits,256,2100000,86
hits,256,2150000,85
hits,256,2200000,85
hits,256,2250000,85
hits,256,2300000,84
hits,256,2350000,85
hits,256,2400000,85
hits,256,2450000,84
hits,256,2500000,85
hits,256,2550000,84
hits,256,2600000,84
hits,256,2650000,84
hits,256,2700000,84
hits,256,2750000,84
hits,256,2800000,84
hits,256,2850000,85
hits,256,2900000,85
hits,256,2950000,85
hits,256,3000000,85
hits,256,3050000,86
hits,256,3100000,86
hits,256,3150000,86
hits,256,3200000,87
hits,256,3250000,88
hits,256,3300000,88
hits,256,3350000,88
hits,256,3400000,89
hits,256,3450000,90
hits,256,3500000,90
hits,256,3550000,90
hits,256,3600000,91
hits,256,3650000,92
hits,256,3700000,92
hits,256,3750000,92
hits,256,3800000,93
hits,256,3850000,94
hits,256,3900000,94
hits,256,3950000,94
hits,256,4000000,95
hits,256,4050000,96
hits,256,4100000,96
hits,256,4150000,96
hits,256,4200000,96
hits,256,4250000,97
hits,256,4300000,97
hits,256,4350000,97
hits,256,4400000,97
hits,256,4450000,98
hits,256,4500000,98
hits,256,4550000,98
hits,256,4600000,98
hits,256,4650000,99
hits,256,4700000,99
hits,256,4750000,99
hits,256,4800000,99
hits,256,4850000,100
hits,256,4900000,100
hits,256,4950000,100
hits,256,5000000,100
hits,256,5050000,101
hits,256,5100000,101
hits,256,5150000,101
hits,256,5200000,101
hits,256,5250000,102
hits,256,5300000,102
hits,256,5350000,102
hits,256,5400000,102
hits,256,5450000,103
hits,256,5500000,103
hits,256,5550000,104
hits,256,5600000,104
hits,256,5650000,104
hits,256,5700000,104
hits,256,5750000,105
hits,256,5800000,105
hits,256,5850000,106
hits,256,5900000,106
hits,256,5950000,106
hits,256,6000000,106
hits,256,6050000,107
hits,256,6100000,107
hits,256,6150000,108
hits,256,6200000,108
hits,256,6250000,108
hits,256,6300000,108
hits,256,6350000,109
hits,256,6400000,109
hits,256,6450000,110
hits,256,6500000,110
hits,256,6550000,110
hits,256,6600000,110
hits,256,6650000,111
hits,256,6700000,111
hits,256,6750000,112
hits,256,6800000,112
hits,256,6850000,112
hits,256,6900000,112
hits,256,6950000,113
hits,256,7000000,113
hits,256,7050000,114
hits,256,7100000,114
hits,256,7150000,114
hits,256,7200000,114
hits,256,7250000,114
hits,256,7300000,115
hits,256,7350000,115
hits,256,7400000,115
hits,256,7450000,115
hits,256,7500000,115
hits,256,7550000,116
hits,256,7600000,116
hits,256,7650000,116
hits,256,7700000,116
hits,256,7750000,116
hits,256,7800000,117
hits,256,7850000,117
hits,256,7900000,118
hits,256,7950000,118
hits,256,8000000,118
hits,256,8050000,118
hits,256,8100000,118
hits,256,8150000,119
hits,256,8200000,119
hits,256,8250000,120
hits,256,8300000,120
hits,256,8350000,120
hits,256,8400000,120
hits,256,8450000,120
hits,256,8500000,121
hits,256,8550000,121
hits,256,8600000,122
hits,256,8650000,122
hits,256,8700000,122
hits,256,8750000,122
hits,256,8800000,122
hits,256,8850000,123
hits,256,8900000,123
hits,256,8950000,124
hits,256,9000000,124
hits,256,9050000,124
hits,256,9100000,124
hits,256,9150000,124
hits,256,9200000,124
hits,256,9250000,125
hits,256,9300000,125
hits,256,9350000,125
hits,256,9400000,125
hits,256,9450000,125
hits,256,9500000,125
hits,256,9550000,126
hits,256,9600000,126
hits,256,9650000,126
hits,256,9700000,126
hits,256,9750000,126
hits,256,9800000,126
hits,256,9850000,127
hits,256,9900000,127
hits,256,9950000,127
hits,256,10000000,127
hits,256,10050000,127
hits,256,10100000,127
hits,256,10150000,128
hits,256,10200000,128
hits,256,10250000,128
hits,256,10300000,129
hits,256,10350000,129
hits,256,10400000,129
hits,256,10450000,129
hits,256,10500000,129
hits,256,10550000,129
hits,256,10600000,130
hits,256,10650000,130
hits,256,10700000,130
hits,256,10750000,131
hits,256,10800000,131
hits,256,10850000,131
hits,256,10900000,131
hits,256,10950000,131
hits,256,11000000,131
hits,256,11050000,132
hits,256,11100000,132
hits,256,11150000,132
hits,256,11200000,133
hits,256,11250000,133
hits,256,11300000,133
hits,256,11350000,133
hits,256,11400000,133
hits,256,11450000,133
hits,256,11500000,133
hits,256,11550000,134
hits,256,11600000,134
hits,256,11650000,134
hits,256,11700000,134
hits,256,11750000,134
hits,256,11800000,134
hits,256,11850000,134
hits,256,11900000,135
hits,256,11950000,135
hits,256,12000000,135
hits,256,12050000,136
hits,256,12100000,136
hits,256,12150000,136
hits,256,12200000,136
hits,256,12250000,136
hits,256,12300000,136
hits,256,12350000,136
hits,256,12400000,137
hits,256,12450000,137
hits,256,12500000,137
hits,256,12550000,137
hits,256,12600000,138
hits,256,12650000,138
hits,256,12700000,138
hits,256,12750000,138
hits,256,12800000,138
hits,256,12850000,138
hits,256,12900000,138
hits,256,12950000,138
hits,256,13000000,139
hits,256,13050000,139
hits,256,13100000,139
hits,256,13150000,139
hits,256,13200000,139
hits,256,13250000,139
hits,256,13300000,139
hits,256,13350000,139
hits,256,13400000,140
hits,256,13450000,140
hits,256,13500000,140
hits,256,13550000,140
hits,256,13600000,140
hits,256,13650000,140
hits,256,13700000,140
hits,256,13750000,140
hits,256,13800000,141
hits,256,13850000,141
hits,256,13900000,141
hits,256,13950000,141
hits,256,14000000,142
hits,256,14050000,142
hits,256,14100000,142
hits,256,14150000,142
hits,256,14200000,142
hits,256,14250000,142
hits,256,14300000,142
hits,256,14350000,142
hits,256,14400000,143
hits,256,14450000,143
hits,256,14500000,143
hits,256,14550000,143
hits,256,14600000,144
hits,256,14650000,144
hits,256,14700000,144
hits,256,14750000,144
hits,256,14800000,144
hits,256,14850000,144
hits,256,14900000,144
hits,256,14950000,144
hits,256,15000000,144
hits,256,15050000,145
hits,256,15100000,145
hits,256,15150000,145
hits,256,15200000,145
hits,256,15250000,145
hits,256,15300000,145
hits,256,15350000,145
hits,256,15400000,145
hits,256,15450000,145
hits,256,15500000,145
hits,256,15550000,146
hits,256,15600000,146
hits,256,15650000,146
hits,256,15700000,146
hits,256,15750000,146
hits,256,15800000,146
hits,256,15850000,146
hits,256,15900000,146
hits,256,15950000,146
hits,256,16000000,146
hits,256,16050000,147
hits,256,16100000,147
hits,256,16150000,147
hits,256,16200000,147
hits,256,16250000,147
hits,256,16300000,147
hits,256,16350000,147
hits,256,16400000,147
hits,256,16450000,147
hits,256,16500000,147
hits,256,16550000,148
hits,256,16600000,148
hits,256,16650000,148
hits,256,16700000,148
hits,256,16750000,148
hits,256,16800000,148
hits,256,16850000,148
hits,256,16900000,148
hits,256,16950000,148
hits,256,17000000,148
hits,256,17050000,149
hits,256,17100000,149
hits,256,17150000,149
hits,256,17200000,149
hits,256,17250000,149
hits,256,17300000,149
hits,256,17350000,149
hits,256,17400000,149
hits,256,17450000,150
hits,256,17500000,150
hits,256,17550000,150
hits,256,17600000,150
hits,256,17650000,150
hits,256,17700000,150
hits,256,17750000,150
hits,256,17800000,150
hits,256,17850000,151
hits,256,17900000,151
hits,256,17950000,151
hits,256,18000000,151
hits,256,18050000,151
hits,256,18100000,151
hits,256,18150000,151
hits,256,18200000,151
hits,256,18250000,151
hits,256,18300000,151
hits,256,18350000,151
hits,256,18400000,151
hits,256,18450000,151
hits,256,18500000,151
hits,256,18550000,151
hits,256,18600000,151
hits,256,18650000,151
hits,256,18700000,151
hits,256,18750000,151
hits,256,18800000,151
hits,256,18850000,151
hits,256,18900000,152
hits,256,18950000,152
hits,256,19000000,152
hits,256,19050000,152
hits,256,19100000,152
hits,256,19150000,152
hits,256,19200000,152
hits,256,19250000,152
hits,256,19300000,152
hits,256,19350000,152
hits,256,19400000,152
hits,256,19450000,152
hits,256,19500000,152
hits,256,19550000,152
hits,256,19600000,152
hits,256,19650000,152
hits,256,19700000,152
hits,256,19750000,152
hits,256,19800000,152
hits,256,19850000,152
hits,256,19900000,152
hits,256,19950000,152
hits,256,20000000,152
hits,256,20050000,152
hits,256,20100000,152
hits,256,20150000,152
hits,256,20200000,152
hits,256,20250000,152
hits,256,20300000,152
hits,256,20350000,152
hits,256,20400000,152
hits,256,20450000,152
hits,256,20500000,152
hits,256,20550000,152
hits,256,20600000,152
hits,256,20650000,152
hits,256,20700000,152
hits,256,20750000,152
hits,256,20800000,152
hits,256,20850000,152
hits,256,20900000,152
hits,256,20950000,152
hits,256,21000000,152
hits,256,21050000,152
hits,256,21100000,152
hits,256,21150000,152
hits,256,21200000,152
hits,256,21250000,152
hits,256,21300000,152
hits,256,21350000,152
hits,256,21400000,152
hits,256,21450000,152
hits,256,21500000,152
hits,256,21550000,152
hits,256,21600000,152
hits,256,21650000,152
hits,256,21700000,152
hits,256,21750000,152
hits,256,21800000,152
hits,256,21850000,152
hits,256,21900000,152
hits,256,21950000,152
hits,256,22000000,152
hits,256,22050000,152
hits,256,22100000,152
hits,256,22150000,152
hits,256,22200000,152
hits,256,22250000,152
hits,256,22300000,152
hits,256,22350000,152
hits,256,22400000,152
hits,256,22450000,152
hits,256,22500000,152
hits,256,22550000,152
hits,256,22600000,152
hits,256,22650000,152
hits,256,22700000,152
hits,256,22750000,152
hits,256,22800000,152
hits,256,22850000,152
hits,256,22900000,152
hits,256,22950000,152
hits,256,23000000,152
hits,256,23050000,152
hits,256,23100000,152
hits,256,23150000,152
hits,256,23200000,152
hits,256,23250000,152
hits,256,23300000,152
hits,256,23350000,152
hits,256,23400000,152
hits,256,23450000,152
hits,256,23500000,152
hits,256,23550000,152
hits,256,23600000,152
hits,256,23650000,152
hits,256,23700000,152
hits,256,23750000,152
hits,256,23800000,152
hits,256,23850000,152
hits,256,23900000,152
hits,256,23950000,152
hits,256,24000000,152
hits,256,24050000,152
hits,256,24100000,152
hits,256,24150000,152
hits,256,24200000,152
hits,256,24250000,152
hits,256,24300000,152
hits,256,24350000,152
hits,256,24400000,152
hits,256,24450000,152
hits,256,24500000,152
hits,256,24550000,152
hits,256,24600000,152
hits,256,24650000,152
hits,256,24700000,152
hits,256,24750000,152
hits,256,24800000,152
hits,256,24850000,152
hits,256,24900000,152
hits,256,24950000,152
hits,256,25000000,152
hits,256,25050000,152
hits,256,25100000,152
hits,256,25150000,152
hits,256,25200000,152
hits,256,25250000,152
hits,256,25300000,152
hits,256,25350000,152
hits,256,25400000,152
hits,256,25450000,152
hits,256,25500000,152
hits,256,25550000,152
hits,256,25600000,152
hits,256,25650000,152
hits,256,25700000,152
hits,256,25750000,152
hits,256,25800000,152
hits,256,25850000,152
hits,256,25900000,152
hits,256,25950000,152
hits,256,26000000,152
hits,256,26050000,152
hits,256,26100000,152
hits,256,26150000,152
hits,256,26200000,152
hits,256,26250000,152
hits,256,26300000,152
hits,256,26350000,152
hits,256,26400000,152
hits,256,26450000,152
hits,256,26500000,152
hits,256,26550000,152
hits,256,26600000,152
hits,256,26650000,152
hits,256,26700000,152
hits,256,26750000,152
hits,256,26800000,152
hits,256,26850000,152
hits,256,26900000,152
hits,256,26950000,152
hits,256,27000000,152
hits,256,27050000,152
hits,256,27100000,152
hits,256,27150000,152
hits,256,27200000,152
hits,256,27250000,152
hits,256,27300000,152
hits,256,27350000,152
hits,256,27400000,152
hits,256,27450000,152
hits,256,27500000,152
hits,256,27550000,152
hits,256,27600000,152
hits,256,27650000,152
hits,256,27700000,152
hits,256,27750000,152
hits,256,27800000,152
hits,256,27850000,152
hits,256,27900000,152
hits,256,27950000,152
hits,256,28000000,152
hits,256,28050000,152
hits,256,28100000,152
hits,256,28150000,152
hits,256,28200000,152
hits,256,28250000,152
hits,256,28300000,152
hits,256,28350000,152
hits,256,28400000,152
hits,256,28450000,152
hits,256,28500000,152
hits,256,28550000,152
hits,256,28600000,152
hits,256,28650000,152
hits,256,28700000,152
hits,256,28750000,152
hits,256,28800000,152
hits,256,28850000,152
hits,256,28900000,152
hits,256,28950000,152
hits,256,29000000,152
hits,256,29050000,152
hits,256,29100000,152
hits,256,29150000,152
hits,256,29200000,152
hits,256,29250000,152
hits,256,29300000,152
hits,256,29350000,152
hits,256,29400000,152
hits,256,29450000,152
hits,256,29500000,152
hits,256,29550000,152
hits,256,29600000,152
hits,256,29650000,152
hits,256,29700000,152
hits,256,29750000,152
hits,256,29800000,152
hits,256,29850000,152
hits,256,29900000,152
hits,256,29950000,152
hits,256,30000000,152
hits,256,30050000,152
hits,256,30100000,152
hits,256,30150000,152
hits,256,30200000,152
hits,256,30250000,152
hits,256,30300000,152
hits,256,30350000,152
hits,256,30400000,152
hits,256,30450000,152
hits,256,30500000,152
hits,256,30550000,152
hits,256,30600000,152
hits,256,30650000,152
hits,256,30700000,152
hits,256,30750000,152
hits,256,30800000,152
hits,256,30850000,152
hits,256,30900000,152
hits,256,30950000,152
hits,256,31000000,152
hits,256,31050000,152
hits,256,31100000,152
hits,256,31150000,152
hits,256,31200000,152
hits,256,31250000,152
hits,256,31300000,152
hits,256,31350000,152
hits,256,31400000,152
hits,256,31450000,152
hits,256,31500000,152
hits,256,31550000,152
hits,256,31600000,152
hits,256,31650000,152
hits,256,31700000,152
hits,256,31750000,152
hits,256,31800000,152
hits,256,31850000,152
hits,256,31900000,152
hits,256,31950000,152
hits,256,32000000,152
hits,256,32050000,152
hits,256,32100000,152
hits,256,32150000,152
hits,256,32200000,152
hits,256,32250000,152
hits,256,32300000,152
hits,256,32350000,152
hits,256,32400000,152
hits,256,32450000,152
hits,256,32500000,152
hits,256,32550000,152
hits,256,32600000,152
hits,256,32650000,152
hits,256,32700000,152
hits,256,32750000,152
hits,256,32800000,152
hits,256,32850000,152
hits,256,32900000,152
hits,256,32950000,152
hits,256,33000000,152
hits,256,33050000,152
hits,256,33100000,152
hits,256,33150000,152
hits,256,33200000,152
hits,256,33250000,152
hits,256,33300000,152
hits,256,33350000,152
hits,256,33400000,152
hits,256,33450000,152
hits,256,33500000,152
hits,256,33550000,152
hits,256,33600000,152
hits,256,33650000,152
hits,256,33700000,152
hits,256,33750000,152
hits,256,33800000,152
hits,256,33850000,152
hits,256,33900000,152
hits,256,33950000,152
hits,256,34000000,152
hits,256,34050000,152
hits,256,34100000,152
hits,256,34150000,152
hits,256,34200000,152
hits,256,34250000,152
hits,256,34300000,152
hits,256,34350000,152
hits,256,34400000,152
hits,256,34450000,152
hits,256,34500000,152
hits,256,34550000,152
hits,256,34600000,152
hits,256,34650000,152
hits,256,34700000,152
hits,256,34750000,152
hits,256,34800000,152
hits,256,34850000,152
hits,256,34900000,152
hits,256,34950000,152
hits,256,35000000,152
hits,256,35050000,152
hits,256,35100000,152
hits,256,35150000,152
hits,256,35200000,152
hits,256,35250000,152
hits,256,35300000,152
hits,256,35350000,152
hits,256,35400000,152
hits,256,35450000,152
hits,256,35500000,152
hits,256,35550000,152
hits,256,35600000,152
hits,256,35650000,152
hits,256,35700000,152
hits,256,35750000,152
hits,256,35800000,152
hits,256,35850000,152
hits,256,35900000,152
hits,256,35950000,152
hits,256,36000000,152
hits,256,36050000,152
hits,256,36100000,152
hits,256,36150000,152
hits,256,36200000,152
hits,256,36250000,152
hits,256,36300000,152
hits,256,36350000,152
hits,256,36400000,152
hits,256,36450000,152
hits,256,36500000,152
hits,256,36550000,152
hits,256,36600000,152
hits,256,36650000,152
hits,256,36700000,152
hits,256,36750000,152
hits,256,36800000,152
hits,256,36850000,152
hits,256,36900000,152
hits,256,36950000,152
hits,256,37000000,152
hits,256,37050000,152
hits,256,37100000,152
hits,256,37150000,152
hits,256,37200000,152
hits,256,37250000,152
hits,256,37300000,152
hits,256,37350000,152
hits,256,37400000,152
hits,256,37450000,152
hits,256,37500000,152
hits,256,37550000,152
hits,256,37600000,152
hits,256,37650000,152
hits,256,37700000,152
hits,256,37750000,152
hits,256,37800000,152
hits,256,37850000,152
hits,256,37900000,152
hits,256,37950000,152
hits,256,38000000,152
hits,256,38050000,152
hits,256,38100000,152
hits,256,38150000,152
hits,256,38200000,152
hits,256,38250000,152
hits,256,38300000,152
hits,256,38350000,152
hits,256,38400000,152
hits,256,38450000,152
hits,256,38500000,152
hits,256,38550000,152
hits,256,38600000,152
hits,256,38650000,152
hits,256,38700000,152
hits,256,38750000,152
hits,256,38800000,152
hits,256,38850000,152
hits,256,38900000,152
hits,256,38950000,152
hits,256,39000000,152
hits,256,39050000,152
hits,256,39100000,152
hits,256,39150000,152
hits,256,39200000,152
hits,256,39250000,152
hits,256,39300000,152
hits,256,39350000,152
hits,256,39400000,152
hits,256,39450000,152
hits,256,39500000,152
hits,256,39550000,152
hits,256,39600000,152
hits,256,39650000,152
hits,256,39700000,152
hits,256,39750000,152
hits,256,39800000,152
hits,256,39850000,152
hits,256,39900000,152
hits,256,39950000,152
hits,256,40000000,152
hits,256,40050000,152
hits,256,40100000,152
hits,256,40150000,152
hits,256,40200000,152
hits,256,40250000,152
hits,256,40300000,152
hits,256,40350000,152
hits,256,40400000,152
hits,256,40450000,152
hits,256,40500000,152
hits,256,40550000,152
hits,256,40600000,152
hits,256,40650000,152
hits,256,40700000,152
hits,256,40750000,152
hits,256,40800000,152
hits,256,40850000,152
hits,256,40900000,152
hits,256,40950000,152
hits,256,41000000,152
hits,256,41050000,152
hits,256,41100000,152
hits,256,41150000,152
hits,256,41200000,152
hits,256,41250000,152
hits,256,41300000,152
hits,256,41350000,152
hits,256,41400000,152
hits,256,41450000,152
hits,256,41500000,152
hits,256,41550000,152
hits,256,41600000,152
hits,256,41650000,152
hits,256,41700000,152
hits,256,41750000,152
hits,256,41800000,152
hits,256,41850000,152
hits,256,41900000,152
hits,256,41950000,152
hits,256,42000000,152
hits,256,42050000,152
hits,256,42100000,152
hits,256,42150000,152
hits,256,42200000,152
hits,256,42250000,152
hits,256,42300000,152
hits,256,42350000,152
hits,256,42400000,152
hits,256,42450000,152
hits,256,42500000,152
hits,256,42550000,152
hits,256,42600000,152
hits,256,42650000,152
hits,256,42700000,152
hits,256,42750000,152
hits,256,42800000,152
hits,256,42850000,152
hits,256,42900000,152
hits,256,42950000,152
hits,256,43000000,152
hits,256,43050000,152
hits,256,43100000,152
hits,256,43150000,152
hits,256,43200000,152
hits,256,43250000,152
hits,256,43300000,152
hits,256,43350000,152
hits,256,43400000,152
hits,256,43450000,152
hits,256,43500000,152
hits,256,43550000,152
hits,256,43600000,152
hits,256,43650000,152
hits,256,43700000,152
hits,256,43750000,152
hits,256,43800000,152
hits,256,43850000,152
hits,256,43900000,152
hits,256,43950000,152
hits,256,44000000,152
hits,256,44050000,152
hits,256,44100000,152
hits,256,44150000,152
hits,256,44200000,152
hits,256,44250000,152
hits,256,44300000,152
hits,256,44350000,152
hits,256,44400000,152
hits,256,44450000,152
hits,256,44500000,152
hits,256,44550000,152
hits,256,44600000,152
hits,256,44650000,152
hits,256,44700000,152
hits,256,44750000,152
hits,256,44800000,152
hits,256,44850000,152
hits,256,44900000,152
hits,256,44950000,152
hits,256,45000000,152
hits,256,45050000,152
hits,256,45100000,152
hits,256,45150000,152
hits,256,45200000,152
hits,256,45250000,152
hits,256,45300000,152
hits,256,45350000,152
hits,256,45400000,152
hits,256,45450000,152
hits,256,45500000,152
hits,256,45550000,152
hits,256,45600000,152
hits,256,45650000,152
hits,256,45700000,152
hits,256,45750000,152
hits,256,45800000,152
hits,256,45850000,152
hits,256,45900000,152
hits,256,45950000,152
hits,256,46000000,152
hits,256,46050000,152
hits,256,46100000,152
hits,256,46150000,152
hits,256,46200000,152
hits,256,46250000,152
hits,256,46300000,152
hits,256,46350000,152
hits,256,46400000,152
hits,256,46450000,152
hits,256,46500000,152
hits,256,46550000,152
hits,256,46600000,152
hits,256,46650000,152
hits,256,46700000,152
hits,256,46750000,152
hits,256,46800000,152
hits,256,46850000,152
hits,256,46900000,152
hits,256,46950000,152
hits,256,47000000,152
hits,256,47050000,152
hits,256,47100000,152
hits,256,47150000,152
hits,256,47200000,152
hits,256,47250000,152
hits,256,47300000,152
hits,256,47350000,152
hits,256,47400000,152
hits,256,47450000,152
hits,256,47500000,152
hits,256,47550000,152
hits,256,47600000,152
hits,256,47650000,152
hits,256,47700000,152
hits,256,47750000,152
hits,256,47800000,152
hits,256,47850000,152
hits,256,47900000,152
hits,256,47950000,152
hits,256,48000000,152
hits,256,48050000,152
hits,256,48100000,152
hits,256,48150000,152
hits,256,48200000,152
hits,256,48250000,152
hits,256,48300000,152
hits,256,48350000,152
hits,256,48400000,152
hits,256,48450000,152
hits,256,48500000,152
hits,256,48550000,152
hits,256,48600000,152
hits,256,48650000,152
hits,256,48700000,152
hits,256,48750000,152
hits,256,48800000,152
hits,256,48850000,152
hits,256,48900000,152
hits,256,48950000,152
hits,256,49000000,152
hits,256,49050000,152
hits,256,49100000,152
hits,256,49150000,152
hits,256,49200000,152
hits,256,49250000,152
hits,256,49300000,152
hits,256,49350000,152
hits,256,49400000,152
hits,256,49450000,152
hits,256,49500000,152
hits,256,49550000,152
hits,256,49600000,152
hits,256,49650000,152
hits,256,49700000,152
hits,256,49750000,152
hits,256,49800000,152
hits,256,49850000,152
hits,256,49900000,152
hits,256,49950000,152
hits,256,50000000,152
hits,256,50050000,152
hits,256,50100000,152
hits,256,50150000,152
hits,256,50200000,152
hits,256,50250000,152
hits,256,50300000,152
hits,256,50350000,152
hits,256,50400000,152
hits,256,50450000,152
hits,256,50500000,152
hits,256,50550000,152
hits,256,50600000,152
hits,256,50650000,152
hits,256,50700000,152
hits,256,50750000,152
hits,256,50800000,152
hits,256,50850000,152
hits,256,50900000,152
hits,256,50950000,152
hits,256,51000000,152
hits,256,51050000,152
hits,256,51100000,152
hits,256,51150000,152
hits,256,51200000,152
hits,256,51250000,152
hits,256,51300000,152
hits,256,51350000,152
hits,256,51400000,152
hits,256,51450000,152
hits,256,51500000,152
hits,256,51550000,152
hits,256,51600000,152
hits,256,51650000,152
hits,256,51700000,152
hits,256,51750000,152
hits,256,51800000,152
hits,256,51850000,152
hits,256,51900000,152
hits,256,51950000,152
hits,256,52000000,152
hits,256,52050000,152
hits,256,52100000,152
hits,256,52150000,152
hits,256,52200000,152
hits,256,52250000,152
hits,256,52300000,152
hits,256,52350000,152
hits,256,52400000,152
hits,256,52450000,152
hits,256,52500000,152
hits,256,52550000,152
hits,256,52600000,152
hits,256,52650000,152
hits,256,52700000,152
hits,256,52750000,152
hits,256,52800000,152
hits,256,52850000,152
hits,256,52900000,152
hits,256,52950000,152
hits,256,53000000,152
hits,256,53050000,152
hits,256,53100000,152
hits,256,53150000,152
hits,256,53200000,152
hits,256,53250000,152
hits,256,53300000,152
hits,256,53350000,152
hits,256,53400000,152
hits,256,53450000,152
hits,256,53500000,152
hits,256,53550000,152
hits,256,53600000,152
hits,256,53650000,152
hits,256,53700000,152
hits,256,53750000,152
hits,256,53800000,152
hits,256,53850000,152
hits,256,53900000,152
hits,256,53950000,152
hits,256,54000000,152
hits,256,54050000,152
hits,256,54100000,152
hits,256,54150000,152
hits,256,54200000,152
hits,256,54250000,152
hits,256,54300000,152
hits,256,54350000,152
hits,256,54400000,152
hits,256,54450000,152
hits,256,54500000,152
hits,256,54550000,152
hits,256,54600000,152
hits,256,54650000,152
hits,256,54700000,152
hits,256,54750000,152
hits,256,54800000,152
hits,256,54850000,152
hits,256,54900000,152
hits,256,54950000,152
hits,256,55000000,152
hits,256,55050000,152
hits,256,55100000,152
hits,256,55150000,152
hits,256,55200000,152
hits,256,55250000,152
hits,256,55300000,152
hits,256,55350000,152
hits,256,55400000,152
hits,256,55450000,152
hits,256,55500000,152
hits,256,55550000,152
hits,256,55600000,152
hits,256,55650000,152
hits,256,55700000,152
hits,256,55750000,152
hits,256,55800000,152
hits,256,55850000,152
hits,256,55900000,152
hits,256,55950000,152
hits,256,56000000,152
hits,256,56050000,152
hits,256,56100000,152
hits,256,56150000,152
hits,256,56200000,152
hits,256,56250000,152
hits,256,56300000,152
hits,256,56350000,152
hits,256,56400000,152
hits,256,56450000,152
hits,256,56500000,152
hits,256,56550000,152
hits,256,56600000,152
hits,256,56650000,152
hits,256,56700000,152
hits,256,56750000,152
hits,256,56800000,152
hits,256,56850000,152
hits,256,56900000,152
hits,256,56950000,152
hits,256,57000000,152
hits,256,57050000,152
hits,256,57100000,152
hits,256,57150000,152
hits,256,57200000,152
hits,256,57250000,152
hits,256,57300000,152
hits,256,57350000,152
hits,256,57400000,152
hits,256,57450000,152
hits,256,57500000,152
hits,256,57550000,152
hits,256,57600000,152
hits,256,57650000,152
hits,256,57700000,152
hits,256,57750000,152
hits,256,57800000,152
hits,256,57850000,152
hits,256,57900000,152
hits,256,57950000,152
hits,256,58000000,152
hits,256,58050000,152
hits,256,58100000,152
hits,256,58150000,152
hits,256,58200000,152
hits,256,58250000,152
hits,256,58300000,152
hits,256,58350000,152
hits,256,58400000,152
hits,256,58450000,152
hits,256,58500000,152
hits,256,58550000,152
hits,256,58600000,152
hits,256,58650000,152
hits,256,58700000,152
hits,256,58750000,152
hits,256,58800000,152
hits,256,58850000,152
hits,256,58900000,152
hits,256,58950000,152
hits,256,59000000,152
hits,256,59050000,152
hits,256,59100000,152
hits,256,59150000,152
hits,256,59200000,152
hits,256,59250000,152
hits,256,59300000,152
hits,256,59350000,152
hits,256,59400000,152
hits,256,59450000,152
hits,256,59500000,152
hits,256,59550000,152
hits,256,59600000,152
hits,256,59650000,152
hits,256,59700000,152
hits,256,59750000,152
hits,256,59800000,152
hits,256,59850000,152
hits,256,59900000,152
hits,256,59950000,152
hits,256,60000000,152
hits,256,60050000,152
hits,256,60100000,152
hits,256,60150000,152
hits,256,60200000,152
hits,256,60250000,152
hits,256,60300000,152
hits,256,60350000,152
hits,256,60400000,152
hits,256,60450000,152
hits,256,60500000,152
hits,256,60550000,152
hits,256,60600000,152
hits,256,60650000,152
hits,256,60700000,152
hits,256,60750000,152
hits,256,60800000,152
hits,256,60850000,152
hits,256,60900000,152
hits,256,60950000,152
hits,256,61000000,152
hits,256,61050000,152
hits,256,61100000,152
hits,256,61150000,152
hits,256,61200000,152
hits,256,61250000,152
hits,256,61300000,152
hits,256,61350000,152
hits,256,61400000,152
hits,256,61450000,152
hits,256,61500000,152
hits,256,61550000,152
hits,256,61600000,152
hits,256,61650000,152
hits,256,61700000,152
hits,256,61750000,152
hits,256,61800000,152
hits,256,61850000,152
hits,256,61900000,152
hits,256,61950000,152
hits,256,62000000,152
hits,256,62050000,152
hits,256,62100000,152
hits,256,62150000,152
hits,256,62200000,152
hits,256,62250000,152
hits,256,62300000,152
hits,256,62350000,152
hits,256,62400000,152
hits,256,62450000,152
hits,256,62500000,152
hits,256,62550000,152
hits,256,62600000,152
hits,256,62650000,152
hits,256,62700000,152
hits,256,62750000,152
hits,256,62800000,152
hits,256,62850000,152
hits,256,62900000,152
hits,256,62950000,152
hits,256,63000000,152
hits,256,63050000,152
hits,256,63100000,152
hits,256,63150000,152
hits,256,63200000,152
hits,256,63250000,152
hits,256,63300000,152
hits,256,63350000,152
hits,256,63400000,152
hits,256,63450000,152
hits,256,63500000,152
hits,256,63550000,152
hits,256,63600000,152
hits,256,63650000,152
hits,256,63700000,152
hits,256,63750000,152
hits,256,63800000,152
hits,256,63850000,152
hits,256,63900000,152
hits,256,63950000,152
hits,256,64000000,152
hits,256,64050000,152
hits,256,64100000,152
hits,256,64150000,152
hits,256,64200000,152
hits,256,64250000,152
hits,256,64300000,152
hits,256,64350000,152
hits,256,64400000,152
hits,256,64450000,152
hits,256,64500000,152
hits,256,64550000,152
hits,256,64600000,152
hits,256,64650000,152
hits,256,64700000,152
hits,256,64750000,152
hits,256,64800000,152
hits,256,64850000,152
hits,256,64900000,152
hits,256,64950000,152
hits,256,65000000,152
hits,256,65050000,152
hits,256,65100000,152
hits,256,65150000,152
hits,256,65200000,152
hits,256,65250000,152
hits,256,65300000,152
hits,256,65350000,152
hits,256,65400000,152
hits,256,65450000,152
hits,256,65500000,152
hits,256,65550000,152
hits,256,65600000,152
hits,256,65650000,152
hits,256,65700000,152
hits,256,65750000,152
hits,256,65800000,152
hits,256,65850000,152
hits,256,65900000,152
hits,256,65950000,152
hits,256,66000000,152
hits,256,66050000,152
hits,256,66100000,152
hits,256,66150000,152
hits,256,66200000,152
hits,256,66250000,152
hits,256,66300000,152
hits,256,66350000,152
hits,256,66400000,152
hits,256,66450000,152
hits,256,66500000,152
hits,256,66550000,152
hits,256,66600000,152
hits,256,66650000,152
hits,256,66700000,152
hits,256,66750000,152
hits,256,66800000,152
hits,256,66850000,152
hits,256,66900000,152
hits,256,66950000,152
hits,256,67000000,152
hits,256,67050000,152
hits,256,67100000,152
hits,256,67150000,152
hits,256,67200000,152
hits,256,67250000,152
hits,256,67300000,152
hits,256,67350000,152
hits,256,67400000,152
hits,256,67450000,152
hits,256,67500000,152
hits,256,67550000,152
hits,256,67600000,152
hits,256,67650000,152
hits,256,67700000,152
hits,256,67750000,152
hits,256,67800000,152
hits,256,67850000,152
hits,256,67900000,152
hits,256,67950000,152
hits,256,68000000,152
hits,256,68050000,152
hits,256,68100000,152
hits,256,68150000,152
hits,256,68200000,152
hits,256,68250000,152
hits,256,68300000,152
hits,256,68350000,152
hits,256,68400000,152
hits,256,68450000,152
hits,256,68500000,152
hits,256,68550000,152
hits,256,68600000,152
hits,256,68650000,152
hits,256,68700000,152
hits,256,68750000,152
hits,256,68800000,152
hits,256,68850000,152
hits,256,68900000,152
hits,256,68950000,152
hits,256,69000000,152
hits,256,69050000,152
hits,256,69100000,152
hits,256,69150000,152
hits,256,69200000,152
hits,256,69250000,152
hits,256,69300000,152
hits,256,69350000,152
hits,256,69400000,152
hits,256,69450000,152
hits,256,69500000,152
hits,256,69550000,152
hits,256,69600000,152
hits,256,69650000,152
hits,256,69700000,152
hits,256,69750000,152
hits,256,69800000,152
hits,256,69850000,152
hits,256,69900000,152
hits,256,69950000,152
hits,256,70000000,152
hits,256,70050000,152
hits,256,70100000,152
hits,256,70150000,152
hits,256,70200000,152
hits,256,70250000,152
hits,256,70300000,152
hits,256,70350000,152
hits,256,70400000,152
hits,256,70450000,152
hits,256,70500000,152
hits,256,70550000,152
hits,256,70600000,152
hits,256,70650000,152
hits,256,70700000,152
hits,256,70750000,152
hits,256,70800000,152
hits,256,70850000,152
hits,256,70900000,152
hits,256,70950000,152
hits,256,71000000,152
hits,256,71050000,152
hits,256,71100000,152
hits,256,71150000,152
hits,256,71200000,152
hits,256,71250000,152
hits,256,71300000,152
hits,256,71350000,152
hits,256,71400000,152
hits,256,71450000,152
hits,256,71500000,152
hits,256,71550000,152
hits,256,71600000,152
hits,256,71650000,152
hits,256,71700000,152
hits,256,71750000,152
hits,256,71800000,152
hits,256,71850000,152
hits,256,71900000,152
hits,256,71950000,152
hits,256,72000000,152
hits,256,72050000,152
hits,256,72100000,152
hits,256,72150000,152
hits,256,72200000,152
hits,256,72250000,152
hits,256,72300000,152
hits,256,72350000,152
hits,256,72400000,152
hits,256,72450000,152
hits,256,72500000,152
hits,256,72550000,152
hits,256,72600000,152
hits,256,72650000,152
hits,256,72700000,152
hits,256,72750000,152
hits,256,72800000,152
hits,256,72850000,152
hits,256,72900000,152
hits,256,72950000,152
hits,256,73000000,152
hits,256,73050000,152
hits,256,73100000,152
hits,256,73150000,152
hits,256,73200000,152
hits,256,73250000,152
hits,256,73300000,152
hits,256,73350000,152
hits,256,73400000,152
hits,256,73450000,152
hits,256,73500000,152
hits,256,73550000,152
hits,256,73600000,152
hits,256,73650000,152
hits,256,73700000,152
hits,256,73750000,152
hits,256,73800000,152
hits,256,73850000,152
hits,256,73900000,152
hits,256,73950000,152
hits,256,74000000,152
hits,256,74050000,152
hits,256,74100000,152
hits,256,74150000,152
hits,256,74200000,152
hits,256,74250000,152
hits,256,74300000,152
hits,256,74350000,152
hits,256,74400000,152
hits,256,74450000,152
hits,256,74500000,152
hits,256,74550000,152
hits,256,74600000,152
hits,256,74650000,152
hits,256,74700000,152
hits,256,74750000,152
hits,256,74800000,152
hits,256,74850000,152
hits,256,74900000,152
hits,256,74950000,152
hits,256,75000000,152
hits,256,75050000,152
hits,256,75100000,152
hits,256,75150000,152
hits,256,75200000,152
hits,256,75250000,152
hits,256,75300000,152
hits,256,75350000,152
hits,256,75400000,152
hits,256,75450000,152
hits,256,75500000,152
hits,256,75550000,152
hits,256,75600000,152
hits,256,75650000,152
hits,256,75700000,152
hits,256,75750000,152
hits,256,75800000,152
hits,256,75850000,152
hits,256,75900000,152
hits,256,75950000,152
hits,256,76000000,152
hits,256,76050000,152
hits,256,76100000,152
hits,256,76150000,152
hits,256,76200000,152
hits,256,76250000,152
hits,256,76300000,152
hits,256,76350000,152
hits,256,76400000,152
hits,256,76450000,152
hits,256,76500000,152
hits,256,76550000,152
hits,256,76600000,152
hits,256,76650000,152
hits,256,76700000,152
hits,256,76750000,152
hits,256,76800000,152
hits,256,76850000,152
hits,256,76900000,152
hits,256,76950000,152
hits,256,77000000,152
hits,256,77050000,152
hits,256,77100000,152
hits,256,77150000,152
hits,256,77200000,152
hits,256,77250000,152
hits,256,77300000,152
hits,256,77350000,152
hits,256,77400000,152
hits,256,77450000,152
hits,256,77500000,152
hits,256,77550000,152
hits,256,77600000,152
hits,256,77650000,152
hits,256,77700000,152
hits,256,77750000,152
hits,256,77800000,152
hits,256,77850000,152
hits,256,77900000,152
hits,256,77950000,152
hits,256,78000000,152
hits,256,78050000,152
hits,256,78100000,152
hits,256,78150000,152
hits,256,78200000,152
hits,256,78250000,152
hits,256,78300000,152
hits,256,78350000,152
hits,256,78400000,152
hits,256,78450000,152
hits,256,78500000,152
hits,256,78550000,152
hits,256,78600000,152
hits,256,78650000,152
hits,256,78700000,152
hits,256,78750000,152
hits,256,78800000,152
hits,256,78850000,152
hits,256,78900000,152
hits,256,78950000,152
hits,256,79000000,152
hits,256,79050000,152
hits,256,79100000,152
hits,256,79150000,152
hits,256,79200000,152
hits,256,79250000,152
hits,256,79300000,152
hits,256,79350000,152
hits,256,79400000,152
hits,256,79450000,152
hits,256,79500000,152
hits,256,79550000,152
hits,256,79600000,152
hits,256,79650000,152
hits,256,79700000,152
hits,256,79750000,152
hits,256,79800000,152
hits,256,79850000,152
hits,256,79900000,152
hits,256,79950000,152
eviction-rate,128,50000,57
eviction-rate,128,100000,52
eviction-rate,128,150000,47
eviction-rate,128,200000,45
eviction-rate,128,250000,44
eviction-rate,128,300000,42
eviction-rate,128,350000,40
eviction-rate,128,400000,41
eviction-rate,128,450000,41
eviction-rate,128,500000,41
eviction-rate,128,550000,41
eviction-rate,128,600000,41
eviction-rate,128,650000,42
eviction-rate,128,700000,41
eviction-rate,128,750000,41
eviction-rate,128,800000,41
eviction-rate,128,850000,41
eviction-rate,128,900000,41
eviction-rate,128,950000,41
eviction-rate,128,1000000,41
eviction-rate,128,1050000,40
eviction-rate,128,1100000,39
eviction-rate,128,1150000,38
eviction-rate,128,1200000,37
eviction-rate,128,1250000,36
eviction-rate,128,1300000,35
eviction-rate,128,1350000,34
eviction-rate,128,1400000,33
eviction-rate,128,1450000,32
eviction-rate,128,1500000,31
eviction-rate,128,1550000,30
eviction-rate,128,1600000,29
eviction-rate,128,1650000,28
eviction-rate,128,1700000,27
eviction-rate,128,1750000,26
eviction-rate,128,1800000,25
eviction-rate,128,1850000,24
eviction-rate,128,1900000,23
eviction-rate,128,1950000,22
eviction-rate,128,2000000,21
eviction-rate,128,2050000,20
eviction-rate,128,2100000,20
eviction-rate,128,2150000,19
eviction-rate,128,2200000,19
eviction-rate,128,2250000,19
eviction-rate,128,2300000,18
eviction-rate,128,2350000,19
eviction-rate,128,2400000,19
eviction-rate,128,2450000,18
eviction-rate,128,2500000,19
eviction-rate,128,2550000,19
eviction-rate,128,2600000,19
eviction-rate,128,2650000,18
eviction-rate,128,2700000,19
eviction-rate,128,2750000,18
eviction-rate,128,2800000,19
eviction-rate,128,2850000,18
eviction-rate,128,2900000,17
eviction-rate,128,2950000,17
eviction-rate,128,3000000,17
eviction-rate,128,3050000,16
eviction-rate,128,3100000,16
eviction-rate,128,3150000,15
eviction-rate,128,3200000,15
eviction-rate,128,3250000,15
eviction-rate,128,3300000,15
eviction-rate,128,3350000,14
eviction-rate,128,3400000,14
eviction-rate,128,3450000,14
eviction-rate,128,3500000,13
eviction-rate,128,3550000,13
eviction-rate,128,3600000,13
eviction-rate,128,3650000,12
eviction-rate,128,3700000,12
eviction-rate,128,3750000,12
eviction-rate,128,3800000,12
eviction-rate,128,3850000,11
eviction-rate,128,3900000,11
eviction-rate,128,3950000,11
eviction-rate,128,4000000,11
eviction-rate,128,4050000,11
eviction-rate,128,4100000,11
eviction-rate,128,4150000,11
eviction-rate,128,4200000,11
eviction-rate,128,4250000,11
eviction-rate,128,4300000,11
eviction-rate,128,4350000,11
eviction-rate,128,4400000,10
eviction-rate,128,4450000,10
eviction-rate,128,4500000,10
eviction-rate,128,4550000,11
eviction-rate,128,4600000,11
eviction-rate,128,4650000,11
eviction-rate,128,4700000,11
eviction-rate,128,4750000,11
eviction-rate,128,4800000,11
eviction-rate,128,4850000,12
eviction-rate,128,4900000,12
eviction-rate,128,4950000,12
eviction-rate,128,5000000,13
eviction-rate,128,5050000,13
eviction-rate,128,5100000,13
eviction-rate,128,5150000,13
eviction-rate,128,5200000,13
eviction-rate,128,5250000,13
eviction-rate,128,5300000,14
eviction-rate,128,5350000,14
eviction-rate,128,5400000,14
eviction-rate,128,5450000,15
eviction-rate,128,5500000,15
eviction-rate,128,5550000,15
eviction-rate,128,5600000,15
eviction-rate,128,5650000,15
eviction-rate,128,5700000,15
eviction-rate,128,5750000,15
eviction-rate,128,5800000,15
eviction-rate,128,5850000,16
eviction-rate,128,5900000,16
eviction-rate,128,5950000,16
eviction-rate,128,6000000,16
eviction-rate,128,6050000,17
eviction-rate,128,6100000,17
eviction-rate,128,6150000,17
eviction-rate,128,6200000,17
eviction-rate,128,6250000,17
eviction-rate,128,6300000,17
eviction-rate,128,6350000,17
eviction-rate,128,6400000,17
eviction-rate,128,6450000,18
eviction-rate,128,6500000,18
eviction-rate,128,6550000,18
eviction-rate,128,6600000,18
eviction-rate,128,6650000,18
eviction-rate,128,6700000,18
eviction-rate,128,6750000,18
eviction-rate,128,6800000,18
eviction-rate,128,6850000,19
eviction-rate,128,6900000,19
eviction-rate,128,6950000,19
eviction-rate,128,7000000,19
eviction-rate,128,7050000,19
eviction-rate,128,7100000,19
eviction-rate,128,7150000,19
eviction-rate,128,7200000,19
eviction-rate,128,7250000,19
eviction-rate,128,7300000,19
eviction-rate,128,7350000,19
eviction-rate,128,7400000,19
eviction-rate,128,7450000,20
eviction-rate,128,7500000,20
eviction-rate,128,7550000,20
eviction-rate,128,7600000,20
eviction-rate,128,7650000,20
eviction-rate,128,7700000,20
eviction-rate,128,7750000,20
eviction-rate,128,7800000,20
eviction-rate,128,7850000,20
eviction-rate,128,7900000,20
eviction-rate,128,7950000,20
eviction-rate,128,8000000,20
eviction-rate,128,8050000,20
eviction-rate,128,8100000,20
eviction-rate,128,8150000,20
eviction-rate,128,8200000,20
eviction-rate,128,8250000,20
eviction-rate,128,8300000,20
eviction-rate,128,8350000,20
eviction-rate,128,8400000,20
eviction-rate,128,8450000,20
eviction-rate,128,8500000,20
eviction-rate,128,8550000,20
eviction-rate,128,8600000,20
eviction-rate,128,8650000,20
eviction-rate,128,8700000,20
eviction-rate,128,8750000,20
eviction-rate,128,8800000,20
eviction-rate,128,8850000,20
eviction-rate,128,8900000,20
eviction-rate,128,8950000,20
eviction-rate,128,9000000,20
eviction-rate,128,9050000,20
eviction-rate,128,9100000,20
eviction-rate,128,9150000,20
eviction-rate,128,9200000,20
eviction-rate,128,9250000,20
eviction-rate,128,9300000,20
eviction-rate,128,9350000,20
eviction-rate,128,9400000,20
eviction-rate,128,9450000,20
eviction-rate,128,9500000,20
eviction-rate,128,9550000,20
eviction-rate,128,9600000,20
eviction-rate,128,9650000,20
eviction-rate,128,9700000,20
eviction-rate,128,9750000,20
eviction-rate,128,9800000,20
eviction-rate,128,9850000,20
eviction-rate,128,9900000,20
eviction-rate,128,9950000,20
eviction-rate,128,10000000,20
eviction-rate,128,10050000,20
eviction-rate,128,10100000,20
eviction-rate,128,10150000,20
eviction-rate,128,10200000,20
eviction-rate,128,10250000,20
eviction-rate,128,10300000,20
eviction-rate,128,10350000,20
eviction-rate,128,10400000,20
eviction-rate,128,10450000,20
eviction-rate,128,10500000,20
eviction-rate,128,10550000,20
eviction-rate,128,10600000,20
eviction-rate,128,10650000,20
eviction-rate,128,10700000,20
eviction-rate,128,10750000,20
eviction-rate,128,10800000,20
eviction-rate,128,10850000,20
eviction-rate,128,10900000,20
eviction-rate,128,10950000,20
eviction-rate,128,11000000,20
eviction-rate,128,11050000,20
eviction-rate,128,11100000,20
eviction-rate,128,11150000,20
eviction-rate,128,11200000,20
eviction-rate,128,11250000,20
eviction-rate,128,11300000,20
eviction-rate,128,11350000,20
eviction-rate,128,11400000,20
eviction-rate,128,11450000,20
eviction-rate,128,11500000,20
eviction-rate,128,11550000,20
eviction-rate,128,11600000,20
eviction-rate,128,11650000,20
eviction-rate,128,11700000,20
eviction-rate,128,11750000,20
eviction-rate,128,11800000,20
eviction-rate,128,11850000,20
eviction-rate,128,11900000,20
eviction-rate,128,11950000,20
eviction-rate,128,12000000,20
eviction-rate,128,12050000,20
eviction-rate,128,12100000,20
eviction-rate,128,12150000,20
eviction-rate,128,12200000,20
eviction-rate,128,12250000,20
eviction-rate,128,12300000,20
eviction-rate,128,12350000,20
eviction-rate,128,12400000,20
eviction-rate,128,12450000,20
eviction-rate,128,12500000,20
eviction-rate,128,12550000,20
eviction-rate,128,12600000,20
eviction-rate,128,12650000,20
eviction-rate,128,12700000,20
eviction-rate,128,12750000,20
eviction-rate,128,12800000,20
eviction-rate,128,12850000,20
eviction-rate,128,12900000,20
eviction-rate,128,12950000,20
eviction-rate,128,13000000,20
eviction-rate,128,13050000,20
eviction-rate,128,13100000,20
eviction-rate,128,13150000,20
eviction-rate,128,13200000,20
eviction-rate,128,13250000,20
eviction-rate,128,13300000,20
eviction-rate,128,13350000,20
eviction-rate,128,13400000,20
eviction-rate,128,13450000,20
eviction-rate,128,13500000,20
eviction-rate,128,13550000,20
eviction-rate,128,13600000,20
eviction-rate,128,13650000,20
eviction-rate,128,13700000,20
eviction-rate,128,13750000,20
eviction-rate,128,13800000,20
eviction-rate,128,13850000,20
eviction-rate,128,13900000,20
eviction-rate,128,13950000,20
eviction-rate,128,14000000,20
eviction-rate,128,14050000,20
eviction-rate,128,14100000,20
eviction-rate,128,14150000,20
eviction-rate,128,14200000,20
eviction-rate,128,14250000,20
eviction-rate,128,14300000,20
eviction-rate,128,14350000,20
eviction-rate,128,14400000,20
eviction-rate,128,14450000,20
eviction-rate,128,14500000,20
eviction-rate,128,14550000,20
eviction-rate,128,14600000,20
eviction-rate,128,14650000,20
eviction-rate,128,14700000,20
eviction-rate,128,14750000,20
eviction-rate,128,14800000,20
eviction-rate,128,14850000,20
eviction-rate,128,14900000,20
eviction-rate,128,14950000,20
eviction-rate,128,15000000,20
eviction-rate,128,15050000,20
eviction-rate,128,15100000,20
eviction-rate,128,15150000,20
eviction-rate,128,15200000,20
eviction-rate,128,15250000,20
eviction-rate,128,15300000,20
eviction-rate,128,15350000,20
eviction-rate,128,15400000,20
eviction-rate,128,15450000,20
eviction-rate,128,15500000,20
eviction-rate,128,15550000,20
eviction-rate,128,15600000,20
eviction-rate,128,15650000,20
eviction-rate,128,15700000,20
eviction-rate,128,15750000,20
eviction-rate,128,15800000,20
eviction-rate,128,15850000,20
eviction-rate,128,15900000,20
eviction-rate,128,15950000,20
eviction-rate,128,16000000,20
eviction-rate,128,16050000,20
eviction-rate,128,16100000,20
eviction-rate,128,16150000,20
eviction-rate,128,16200000,20
eviction-rate,128,16250000,20
eviction-rate,128,16300000,20
eviction-rate,128,16350000,20
eviction-rate,128,16400000,20
eviction-rate,128,16450000,20
eviction-rate,128,16500000,20
eviction-rate,128,16550000,20
eviction-rate,128,16600000,20
eviction-rate,128,16650000,20
eviction-rate,128,16700000,20
eviction-rate,128,16750000,20
eviction-rate,128,16800000,20
eviction-rate,128,16850000,20
eviction-rate,128,16900000,20
eviction-rate,128,16950000,20
eviction-rate,128,17000000,20
eviction-rate,128,17050000,20
eviction-rate,128,17100000,20
eviction-rate,128,17150000,20
eviction-rate,128,17200000,20
eviction-rate,128,17250000,20
eviction-rate,128,17300000,20
eviction-rate,128,17350000,20
eviction-rate,128,17400000,20
eviction-rate,128,17450000,20
eviction-rate,128,17500000,20
eviction-rate,128,17550000,20
eviction-rate,128,17600000,20
eviction-rate,128,17650000,20
eviction-rate,128,17700000,20
eviction-rate,128,17750000,20
eviction-rate,128,17800000,20
eviction-rate,128,17850000,20
eviction-rate,128,17900000,20
eviction-rate,128,17950000,20
eviction-rate,128,18000000,20
eviction-rate,128,18050000,20
eviction-rate,128,18100000,20
eviction-rate,128,18150000,20
eviction-rate,128,18200000,20
eviction-rate,128,18250000,20
eviction-rate,128,18300000,20
eviction-rate,128,18350000,20
eviction-rate,128,18400000,20
eviction-rate,128,18450000,20
eviction-rate,128,18500000,20
eviction-rate,128,18550000,20
eviction-rate,128,18600000,20
eviction-rate,128,18650000,20
eviction-rate,128,18700000,20
eviction-rate,128,18750000,20
eviction-rate,128,18800000,20
eviction-rate,128,18850000,20
eviction-rate,128,18900000,20
eviction-rate,128,18950000,20
eviction-rate,128,19000000,20
eviction-rate,128,19050000,20
eviction-rate,128,19100000,20
eviction-rate,128,19150000,20
eviction-rate,128,19200000,20
eviction-rate,128,19250000,20
eviction-rate,128,19300000,20
eviction-rate,128,19350000,20
eviction-rate,128,19400000,20
eviction-rate,128,19450000,20
eviction-rate,128,19500000,20
eviction-rate,128,19550000,20
eviction-rate,128,19600000,20
eviction-rate,128,19650000,20
eviction-rate,128,19700000,20
eviction-rate,128,19750000,20
eviction-rate,128,19800000,20
eviction-rate,128,19850000,20
eviction-rate,128,19900000,20
eviction-rate,128,19950000,20
eviction-rate,128,20000000,20
eviction-rate,128,20050000,20
eviction-rate,128,20100000,20
eviction-rate,128,20150000,20
eviction-rate,128,20200000,20
eviction-rate,128,20250000,20
eviction-rate,128,20300000,20
eviction-rate,128,20350000,20
eviction-rate,128,20400000,20
eviction-rate,128,20450000,20
eviction-rate,128,20500000,20
eviction-rate,128,20550000,20
eviction-rate,128,20600000,20
eviction-rate,128,20650000,20
eviction-rate,128,20700000,20
eviction-rate,128,20750000,20
eviction-rate,128,20800000,20
eviction-rate,128,20850000,20
eviction-rate,128,20900000,20
eviction-rate,128,20950000,20
eviction-rate,128,21000000,20
eviction-rate,128,21050000,20
eviction-rate,128,21100000,20
eviction-rate,128,21150000,20
eviction-rate,128,21200000,20
eviction-rate,128,21250000,20
eviction-rate,128,21300000,20
eviction-rate,128,21350000,20
eviction-rate,128,21400000,20
eviction-rate,128,21450000,20
eviction-rate,128,21500000,20
eviction-rate,128,21550000,20
eviction-rate,128,21600000,20
eviction-rate,128,21650000,20
eviction-rate,128,21700000,20
eviction-rate,128,21750000,20
eviction-rate,128,21800000,20
eviction-rate,128,21850000,20
eviction-rate,128,21900000,20
eviction-rate,128,21950000,20
eviction-rate,128,22000000,20
eviction-rate,128,22050000,20
eviction-rate,128,22100000,20
eviction-rate,128,22150000,20
eviction-rate,128,22200000,20
eviction-rate,128,22250000,20
eviction-rate,128,22300000,20
eviction-rate,128,22350000,20
eviction-rate,128,22400000,20
eviction-rate,128,22450000,20
eviction-rate,128,22500000,20
eviction-rate,128,22550000,20
eviction-rate,128,22600000,20
eviction-rate,128,22650000,20
eviction-rate,128,22700000,20
eviction-rate,128,22750000,20
eviction-rate,128,22800000,20
eviction-rate,128,22850000,20
eviction-rate,128,22900000,20
eviction-rate,128,22950000,20
eviction-rate,128,23000000,20
eviction-rate,128,23050000,20
eviction-rate,128,23100000,20
eviction-rate,128,23150000,20
eviction-rate,128,23200000,20
eviction-rate,128,23250000,20
eviction-rate,128,23300000,20
eviction-rate,128,23350000,20
eviction-rate,128,23400000,20
eviction-rate,128,23450000,20
eviction-rate,128,23500000,20
eviction-rate,128,23550000,20
eviction-rate,128,23600000,20
eviction-rate,128,23650000,20
eviction-rate,128,23700000,20
eviction-rate,128,23750000,20
eviction-rate,128,23800000,20
eviction-rate,128,23850000,20
eviction-rate,128,23900000,20
eviction-rate,128,23950000,20
eviction-rate,128,24000000,20
eviction-rate,128,24050000,20
eviction-rate,128,24100000,20
eviction-rate,128,24150000,20
eviction-rate,128,24200000,20
eviction-rate,128,24250000,20
eviction-rate,128,24300000,20
eviction-rate,128,24350000,20
eviction-rate,128,24400000,20
eviction-rate,128,24450000,20
eviction-rate,128,24500000,20
eviction-rate,128,24550000,20
eviction-rate,128,24600000,20
eviction-rate,128,24650000,20
eviction-rate,128,24700000,20
eviction-rate,128,24750000,20
eviction-rate,128,24800000,20
eviction-rate,128,24850000,20
eviction-rate,128,24900000,20
eviction-rate,128,24950000,20
eviction-rate,128,25000000,20
eviction-rate,128,25050000,20
eviction-rate,128,25100000,20
eviction-rate,128,25150000,20
eviction-rate,128,25200000,20
eviction-rate,128,25250000,20
eviction-rate,128,25300000,20
eviction-rate,128,25350000,20
eviction-rate,128,25400000,20
eviction-rate,128,25450000,20
eviction-rate,128,25500000,20
eviction-rate,128,25550000,20
eviction-rate,128,25600000,20
eviction-rate,128,25650000,20
eviction-rate,128,25700000,20
eviction-rate,128,25750000,20
eviction-rate,128,25800000,20
eviction-rate,128,25850000,20
eviction-rate,128,25900000,20
eviction-rate,128,25950000,20
eviction-rate,128,26000000,20
eviction-rate,128,26050000,20
eviction-rate,128,26100000,20
eviction-rate,128,26150000,20
eviction-rate,128,26200000,20
eviction-rate,128,26250000,20
eviction-rate,128,26300000,20
eviction-rate,128,26350000,20
eviction-rate,128,26400000,20
eviction-rate,128,26450000,20
eviction-rate,128,26500000,20
eviction-rate,128,26550000,20
eviction-rate,128,26600000,20
eviction-rate,128,26650000,20
eviction-rate,128,26700000,20
eviction-rate,128,26750000,20
eviction-rate,128,26800000,20
eviction-rate,128,26850000,20
eviction-rate,128,26900000,20
eviction-rate,128,26950000,20
eviction-rate,128,27000000,20
eviction-rate,128,27050000,20
eviction-rate,128,27100000,20
eviction-rate,128,27150000,20
eviction-rate,128,27200000,20
eviction-rate,128,27250000,20
eviction-rate,128,27300000,20
eviction-rate,128,27350000,20
eviction-rate,128,27400000,20
eviction-rate,128,27450000,20
eviction-rate,128,27500000,20
eviction-rate,128,27550000,20
eviction-rate,128,27600000,20
eviction-rate,128,27650000,20
eviction-rate,128,27700000,20
eviction-rate,128,27750000,20
eviction-rate,128,27800000,20
eviction-rate,128,27850000,20
eviction-rate,128,27900000,20
eviction-rate,128,27950000,20
eviction-rate,128,28000000,20
eviction-rate,128,28050000,20
eviction-rate,128,28100000,20
eviction-rate,128,28150000,20
eviction-rate,128,28200000,20
eviction-rate,128,28250000,20
eviction-rate,128,28300000,20
eviction-rate,128,28350000,20
eviction-rate,128,28400000,20
eviction-rate,128,28450000,20
eviction-rate,128,28500000,20
eviction-rate,128,28550000,20
eviction-rate,128,28600000,20
eviction-rate,128,28650000,20
eviction-rate,128,28700000,20
eviction-rate,128,28750000,20
eviction-rate,128,28800000,20
eviction-rate,128,28850000,20
eviction-rate,128,28900000,20
eviction-rate,128,28950000,20
eviction-rate,128,29000000,20
eviction-rate,128,29050000,20
eviction-rate,128,29100000,20
eviction-rate,128,29150000,20
eviction-rate,128,29200000,20
eviction-rate,128,29250000,20
eviction-rate,128,29300000,20
eviction-rate,128,29350000,20
eviction-rate,128,29400000,20
eviction-rate,128,29450000,20
eviction-rate,128,29500000,20
eviction-rate,128,29550000,20
eviction-rate,128,29600000,20
eviction-rate,128,29650000,20
eviction-rate,128,29700000,20
eviction-rate,128,29750000,20
eviction-rate,128,29800000,20
eviction-rate,128,29850000,20
eviction-rate,128,29900000,20
eviction-rate,128,29950000,20
eviction-rate,128,30000000,20
eviction-rate,128,30050000,20
eviction-rate,128,30100000,20
eviction-rate,128,30150000,20
eviction-rate,128,30200000,20
eviction-rate,128,30250000,20
eviction-rate,128,30300000,20
eviction-rate,128,30350000,20
eviction-rate,128,30400000,20
eviction-rate,128,30450000,20
eviction-rate,128,30500000,20
eviction-rate,128,30550000,20
eviction-rate,128,30600000,20
eviction-rate,128,30650000,20
eviction-rate,128,30700000,20
eviction-rate,128,30750000,20
eviction-rate,128,30800000,20
eviction-rate,128,30850000,20
eviction-rate,128,30900000,20
eviction-rate,128,30950000,20
eviction-rate,128,31000000,20
eviction-rate,128,31050000,20
eviction-rate,128,31100000,20
eviction-rate,128,31150000,20
eviction-rate,128,31200000,20
eviction-rate,128,31250000,20
eviction-rate,128,31300000,20
eviction-rate,128,31350000,20
eviction-rate,128,31400000,20
eviction-rate,128,31450000,20
eviction-rate,128,31500000,20
eviction-rate,128,31550000,20
eviction-rate,128,31600000,20
eviction-rate,128,31650000,20
eviction-rate,128,31700000,20
eviction-rate,128,31750000,20
eviction-rate,128,31800000,20
eviction-rate,128,31850000,20
eviction-rate,128,31900000,20
eviction-rate,128,31950000,20
eviction-rate,128,32000000,20
eviction-rate,128,32050000,20
eviction-rate,128,32100000,20
eviction-rate,128,32150000,20
eviction-rate,128,32200000,20
eviction-rate,128,32250000,20
eviction-rate,128,32300000,20
eviction-rate,128,32350000,20
eviction-rate,128,32400000,20
eviction-rate,128,32450000,20
eviction-rate,128,32500000,20
eviction-rate,128,32550000,20
eviction-rate,128,32600000,20
eviction-rate,128,32650000,20
eviction-rate,128,32700000,20
eviction-rate,128,32750000,20
eviction-rate,128,32800000,20
eviction-rate,128,32850000,20
eviction-rate,128,32900000,20
eviction-rate,128,32950000,20
eviction-rate,128,33000000,20
eviction-rate,128,33050000,20
eviction-rate,128,33100000,20
eviction-rate,128,33150000,20
eviction-rate,128,33200000,20
eviction-rate,128,33250000,20
eviction-rate,128,33300000,20
eviction-rate,128,33350000,20
eviction-rate,128,33400000,20
eviction-rate,128,33450000,20
eviction-rate,128,33500000,20
eviction-rate,128,33550000,20
eviction-rate,128,33600000,20
eviction-rate,128,33650000,20
eviction-rate,128,33700000,20
eviction-rate,128,33750000,20
eviction-rate,128,33800000,20
eviction-rate,128,33850000,20
eviction-rate,128,33900000,20
eviction-rate,128,33950000,20
eviction-rate,128,34000000,20
eviction-rate,128,34050000,20
eviction-rate,128,34100000,20
eviction-rate,128,34150000,20
eviction-rate,128,34200000,20
eviction-rate,128,34250000,20
eviction-rate,128,34300000,20
eviction-rate,128,34350000,20
eviction-rate,128,34400000,20
eviction-rate,128,34450000,20
eviction-rate,128,34500000,20
eviction-rate,128,34550000,20
eviction-rate,128,34600000,20
eviction-rate,128,34650000,20
eviction-rate,128,34700000,20
eviction-rate,128,34750000,20
eviction-rate,128,34800000,20
eviction-rate,128,34850000,20
eviction-rate,128,34900000,20
eviction-rate,128,34950000,20
eviction-rate,128,35000000,20
eviction-rate,128,35050000,20
eviction-rate,128,35100000,20
eviction-rate,128,35150000,20
eviction-rate,128,35200000,20
eviction-rate,128,35250000,20
eviction-rate,128,35300000,20
eviction-rate,128,35350000,20
eviction-rate,128,35400000,20
eviction-rate,128,35450000,20
eviction-rate,128,35500000,20
eviction-rate,128,35550000,20
eviction-rate,128,35600000,20
eviction-rate,128,35650000,20
eviction-rate,128,35700000,20
eviction-rate,128,35750000,20
eviction-rate,128,35800000,20
eviction-rate,128,35850000,20
eviction-rate,128,35900000,20
eviction-rate,128,35950000,20
eviction-rate,128,36000000,20
eviction-rate,128,36050000,20
eviction-rate,128,36100000,20
eviction-rate,128,36150000,20
eviction-rate,128,36200000,20
eviction-rate,128,36250000,20
eviction-rate,128,36300000,20
eviction-rate,128,36350000,20
eviction-rate,128,36400000,20
eviction-rate,128,36450000,20
eviction-rate,128,36500000,20
eviction-rate,128,36550000,20
eviction-rate,128,36600000,20
eviction-rate,128,36650000,20
eviction-rate,128,36700000,20
eviction-rate,128,36750000,20
eviction-rate,128,36800000,20
eviction-rate,128,36850000,20
eviction-rate,128,36900000,20
eviction-rate,128,36950000,20
eviction-rate,128,37000000,20
eviction-rate,128,37050000,20
eviction-rate,128,37100000,20
eviction-rate,128,37150000,20
eviction-rate,128,37200000,20
eviction-rate,128,37250000,20
eviction-rate,128,37300000,20
eviction-rate,128,37350000,20
eviction-rate,128,37400000,20
eviction-rate,128,37450000,20
eviction-rate,128,37500000,20
eviction-rate,128,37550000,20
eviction-rate,128,37600000,20
eviction-rate,128,37650000,20
eviction-rate,128,37700000,20
eviction-rate,128,37750000,20
eviction-rate,128,37800000,20
eviction-rate,128,37850000,20
eviction-rate,128,37900000,20
eviction-rate,128,37950000,20
eviction-rate,128,38000000,20
eviction-rate,128,38050000,20
eviction-rate,128,38100000,20
eviction-rate,128,38150000,20
eviction-rate,128,38200000,20
eviction-rate,128,38250000,20
eviction-rate,128,38300000,20
eviction-rate,128,38350000,20
eviction-rate,128,38400000,20
eviction-rate,128,38450000,20
eviction-rate,128,38500000,20
eviction-rate,128,38550000,20
eviction-rate,128,38600000,20
eviction-rate,128,38650000,20
eviction-rate,128,38700000,20
eviction-rate,128,38750000,20
eviction-rate,128,38800000,20
eviction-rate,128,38850000,20
eviction-rate,128,38900000,20
eviction-rate,128,38950000,20
eviction-rate,128,39000000,20
eviction-rate,128,39050000,20
eviction-rate,128,39100000,20
eviction-rate,128,39150000,20
eviction-rate,128,39200000,20
eviction-rate,128,39250000,20
eviction-rate,128,39300000,20
eviction-rate,128,39350000,20
eviction-rate,128,39400000,20
eviction-rate,128,39450000,20
eviction-rate,128,39500000,20
eviction-rate,128,39550000,20
eviction-rate,128,39600000,20
eviction-rate,128,39650000,20
eviction-rate,128,39700000,20
eviction-rate,128,39750000,20
eviction-rate,128,39800000,20
eviction-rate,128,39850000,20
eviction-rate,128,39900000,20
eviction-rate,128,39950000,20
eviction-rate,128,40000000,20
eviction-rate,128,40050000,20
eviction-rate,128,40100000,20
eviction-rate,128,40150000,20
eviction-rate,128,40200000,20
eviction-rate,128,40250000,20
eviction-rate,128,40300000,20
eviction-rate,128,40350000,20
eviction-rate,128,40400000,20
eviction-rate,128,40450000,20
eviction-rate,128,40500000,20
eviction-rate,128,40550000,20
eviction-rate,128,40600000,20
eviction-rate,128,40650000,20
eviction-rate,128,40700000,20
eviction-rate,128,40750000,20
eviction-rate,128,40800000,20
eviction-rate,128,40850000,20
eviction-rate,128,40900000,20
eviction-rate,128,40950000,20
eviction-rate,128,41000000,20
eviction-rate,128,41050000,20
eviction-rate,128,41100000,20
eviction-rate,128,41150000,20
eviction-rate,128,41200000,20
eviction-rate,128,41250000,20
eviction-rate,128,41300000,20
eviction-rate,128,41350000,20
eviction-rate,128,41400000,20
eviction-rate,128,41450000,20
eviction-rate,128,41500000,20
eviction-rate,128,41550000,20
eviction-rate,128,41600000,20
eviction-rate,128,41650000,20
eviction-rate,128,41700000,20
eviction-rate,128,41750000,20
eviction-rate,128,41800000,20
eviction-rate,128,41850000,20
eviction-rate,128,41900000,20
eviction-rate,128,41950000,20
eviction-rate,128,42000000,20
eviction-rate,128,42050000,20
eviction-rate,128,42100000,20
eviction-rate,128,42150000,20
eviction-rate,128,42200000,20
eviction-rate,128,42250000,20
eviction-rate,128,42300000,20
eviction-rate,128,42350000,20
eviction-rate,128,42400000,20
eviction-rate,128,42450000,20
eviction-rate,128,42500000,20
eviction-rate,128,42550000,20
eviction-rate,128,42600000,20
eviction-rate,128,42650000,20
eviction-rate,128,42700000,20
eviction-rate,128,42750000,20
eviction-rate,128,42800000,20
eviction-rate,128,42850000,20
eviction-rate,128,42900000,20
eviction-rate,128,42950000,20
eviction-rate,128,43000000,20
eviction-rate,128,43050000,20
eviction-rate,128,43100000,20
eviction-rate,128,43150000,20
eviction-rate,128,43200000,20
eviction-rate,128,43250000,20
eviction-rate,128,43300000,20
eviction-rate,128,43350000,20
eviction-rate,128,43400000,20
eviction-rate,128,43450000,20
eviction-rate,128,43500000,20
eviction-rate,128,43550000,20
eviction-rate,128,43600000,20
eviction-rate,128,43650000,20
eviction-rate,128,43700000,20
eviction-rate,128,43750000,20
eviction-rate,128,43800000,20
eviction-rate,128,43850000,20
eviction-rate,128,43900000,20
eviction-rate,128,43950000,20
eviction-rate,128,44000000,20
eviction-rate,128,44050000,20
eviction-rate,128,44100000,20
eviction-rate,128,44150000,20
eviction-rate,128,44200000,20
eviction-rate,128,44250000,20
eviction-rate,128,44300000,20
eviction-rate,128,44350000,20
eviction-rate,128,44400000,20
eviction-rate,128,44450000,20
eviction-rate,128,44500000,20
eviction-rate,128,44550000,20
eviction-rate,128,44600000,20
eviction-rate,128,44650000,20
eviction-rate,128,44700000,20
eviction-rate,128,44750000,20
eviction-rate,128,44800000,20
eviction-rate,128,44850000,20
eviction-rate,128,44900000,20
eviction-rate,128,44950000,20
eviction-rate,128,45000000,20
eviction-rate,128,45050000,20
eviction-rate,128,45100000,20
eviction-rate,128,45150000,20
eviction-rate,128,45200000,20
eviction-rate,128,45250000,20
eviction-rate,128,45300000,20
eviction-rate,128,45350000,20
eviction-rate,128,45400000,20
eviction-rate,128,45450000,20
eviction-rate,128,45500000,20
eviction-rate,128,45550000,20
eviction-rate,128,45600000,20
eviction-rate,128,45650000,20
eviction-rate,128,45700000,20
eviction-rate,128,45750000,20
eviction-rate,128,45800000,20
eviction-rate,128,45850000,20
eviction-rate,128,45900000,20
eviction-rate,128,45950000,20
eviction-rate,128,46000000,20
eviction-rate,128,46050000,20
eviction-rate,128,46100000,20
eviction-rate,128,46150000,20
eviction-rate,128,46200000,20
eviction-rate,128,46250000,20
eviction-rate,128,46300000,20
eviction-rate,128,46350000,20
eviction-rate,128,46400000,20
eviction-rate,128,46450000,20
eviction-rate,128,46500000,20
eviction-rate,128,46550000,20
eviction-rate,128,46600000,20
eviction-rate,128,46650000,20
eviction-rate,128,46700000,20
eviction-rate,128,46750000,20
eviction-rate,128,46800000,20
eviction-rate,128,46850000,20
eviction-rate,128,46900000,20
eviction-rate,128,46950000,20
eviction-rate,128,47000000,20
eviction-rate,128,47050000,20
eviction-rate,128,47100000,20
eviction-rate,128,47150000,20
eviction-rate,128,47200000,20
eviction-rate,128,47250000,20
eviction-rate,128,47300000,20
eviction-rate,128,47350000,20
eviction-rate,128,47400000,20
eviction-rate,128,47450000,20
eviction-rate,128,47500000,20
eviction-rate,128,47550000,20
eviction-rate,128,47600000,20
eviction-rate,128,47650000,20
eviction-rate,128,47700000,20
eviction-rate,128,47750000,20
eviction-rate,128,47800000,20
eviction-rate,128,47850000,20
eviction-rate,128,47900000,20
eviction-rate,128,47950000,20
eviction-rate,128,48000000,20
eviction-rate,128,48050000,20
eviction-rate,128,48100000,20
eviction-rate,128,48150000,20
eviction-rate,128,48200000,20
eviction-rate,128,48250000,20
eviction-rate,128,48300000,20
eviction-rate,128,48350000,20
eviction-rate,128,48400000,20
eviction-rate,128,48450000,20
eviction-rate,128,48500000,20
eviction-rate,128,48550000,20
eviction-rate,128,48600000,20
eviction-rate,128,48650000,20
eviction-rate,128,48700000,20
eviction-rate,128,48750000,20
eviction-rate,128,48800000,20
eviction-rate,128,48850000,20
eviction-rate,128,48900000,20
eviction-rate,128,48950000,20
eviction-rate,128,49000000,20
eviction-rate,128,49050000,20
eviction-rate,128,49100000,20
eviction-rate,128,49150000,20
eviction-rate,128,49200000,20
eviction-rate,128,49250000,20
eviction-rate,128,49300000,20
eviction-rate,128,49350000,20
eviction-rate,128,49400000,20
eviction-rate,128,49450000,20
eviction-rate,128,49500000,20
eviction-rate,128,49550000,20
eviction-rate,128,49600000,20
eviction-rate,128,49650000,20
eviction-rate,128,49700000,20
eviction-rate,128,49750000,20
eviction-rate,128,49800000,20
eviction-rate,128,49850000,20
eviction-rate,128,49900000,20
eviction-rate,128,49950000,20
eviction-rate,128,50000000,20
eviction-rate,128,50050000,20
eviction-rate,128,50100000,20
eviction-rate,128,50150000,20
eviction-rate,128,50200000,20
eviction-rate,128,50250000,20
eviction-rate,128,50300000,20
eviction-rate,128,50350000,20
eviction-rate,128,50400000,20
eviction-rate,128,50450000,20
eviction-rate,128,50500000,20
eviction-rate,128,50550000,20
eviction-rate,128,50600000,20
eviction-rate,128,50650000,20
eviction-rate,128,50700000,20
eviction-rate,128,50750000,20
eviction-rate,128,50800000,20
eviction-rate,128,50850000,20
eviction-rate,128,50900000,20
eviction-rate,128,50950000,20
eviction-rate,128,51000000,20
eviction-rate,128,51050000,20
eviction-rate,128,51100000,20
eviction-rate,128,51150000,20
eviction-rate,128,51200000,20
eviction-rate,128,51250000,20
eviction-rate,128,51300000,20
eviction-rate,128,51350000,20
eviction-rate,128,51400000,20
eviction-rate,128,51450000,20
eviction-rate,128,51500000,20
eviction-rate,128,51550000,20
eviction-rate,128,51600000,20
eviction-rate,128,51650000,20
eviction-rate,128,51700000,20
eviction-rate,128,51750000,20
eviction-rate,128,51800000,20
eviction-rate,128,51850000,20
eviction-rate,128,51900000,20
eviction-rate,128,51950000,20
eviction-rate,128,52000000,20
eviction-rate,128,52050000,20
eviction-rate,128,52100000,20
eviction-rate,128,52150000,20
eviction-rate,128,52200000,20
eviction-rate,128,52250000,20
eviction-rate,128,52300000,20
eviction-rate,128,52350000,20
eviction-rate,128,52400000,20
eviction-rate,128,52450000,20
eviction-rate,128,52500000,20
eviction-rate,128,52550000,20
eviction-rate,128,52600000,20
eviction-rate,128,52650000,20
eviction-rate,128,52700000,20
eviction-rate,128,52750000,20
eviction-rate,128,52800000,20
eviction-rate,128,52850000,20
eviction-rate,128,52900000,20
eviction-rate,128,52950000,20
eviction-rate,128,53000000,20
eviction-rate,128,53050000,20
eviction-rate,128,53100000,20
eviction-rate,128,53150000,20
eviction-rate,128,53200000,20
eviction-rate,128,53250000,20
eviction-rate,128,53300000,20
eviction-rate,128,53350000,20
eviction-rate,128,53400000,20
eviction-rate,128,53450000,20
eviction-rate,128,53500000,20
eviction-rate,128,53550000,20
eviction-rate,128,53600000,20
eviction-rate,128,53650000,20
eviction-rate,128,53700000,20
eviction-rate,128,53750000,20
eviction-rate,128,53800000,20
eviction-rate,128,53850000,20
eviction-rate,128,53900000,20
eviction-rate,128,53950000,20
eviction-rate,128,54000000,20
eviction-rate,128,54050000,20
eviction-rate,128,54100000,20
eviction-rate,128,54150000,20
eviction-rate,128,54200000,20
eviction-rate,128,54250000,20
eviction-rate,128,54300000,20
eviction-rate,128,54350000,20
eviction-rate,128,54400000,20
eviction-rate,128,54450000,20
eviction-rate,128,54500000,20
eviction-rate,128,54550000,20
eviction-rate,128,54600000,20
eviction-rate,128,54650000,20
eviction-rate,128,54700000,20
eviction-rate,128,54750000,20
eviction-rate,128,54800000,20
eviction-rate,128,54850000,20
eviction-rate,128,54900000,20
eviction-rate,128,54950000,20
eviction-rate,128,55000000,20
eviction-rate,128,55050000,20
eviction-rate,128,55100000,20
eviction-rate,128,55150000,20
eviction-rate,128,55200000,20
eviction-rate,128,55250000,20
eviction-rate,128,55300000,20
eviction-rate,128,55350000,20
eviction-rate,128,55400000,20
eviction-rate,128,55450000,20
eviction-rate,128,55500000,20
eviction-rate,128,55550000,20
eviction-rate,128,55600000,20
eviction-rate,128,55650000,20
eviction-rate,128,55700000,20
eviction-rate,128,55750000,20
eviction-rate,128,55800000,20
eviction-rate,128,55850000,20
eviction-rate,128,55900000,20
eviction-rate,128,55950000,20
eviction-rate,128,56000000,20
eviction-rate,128,56050000,20
eviction-rate,128,56100000,20
eviction-rate,128,56150000,20
eviction-rate,128,56200000,20
eviction-rate,128,56250000,20
eviction-rate,128,56300000,20
eviction-rate,128,56350000,20
eviction-rate,128,56400000,20
eviction-rate,128,56450000,20
eviction-rate,128,56500000,20
eviction-rate,128,56550000,20
eviction-rate,128,56600000,20
eviction-rate,128,56650000,20
eviction-rate,128,56700000,20
eviction-rate,128,56750000,20
eviction-rate,128,56800000,20
eviction-rate,128,56850000,20
eviction-rate,128,56900000,20
eviction-rate,128,56950000,20
eviction-rate,128,57000000,20
eviction-rate,128,57050000,20
eviction-rate,128,57100000,20
eviction-rate,128,57150000,20
eviction-rate,128,57200000,20
eviction-rate,128,57250000,20
eviction-rate,128,57300000,20
eviction-rate,128,57350000,20
eviction-rate,128,57400000,20
eviction-rate,128,57450000,20
eviction-rate,128,57500000,20
eviction-rate,128,57550000,20
eviction-rate,128,57600000,20
eviction-rate,128,57650000,20
eviction-rate,128,57700000,20
eviction-rate,128,57750000,20
eviction-rate,128,57800000,20
eviction-rate,128,57850000,20
eviction-rate,128,57900000,20
eviction-rate,128,57950000,20
eviction-rate,128,58000000,20
eviction-rate,128,58050000,20
eviction-rate,128,58100000,20
eviction-rate,128,58150000,20
eviction-rate,128,58200000,20
eviction-rate,128,58250000,20
eviction-rate,128,58300000,20
eviction-rate,128,58350000,20
eviction-rate,128,58400000,20
eviction-rate,128,58450000,20
eviction-rate,128,58500000,20
eviction-rate,128,58550000,20
eviction-rate,128,58600000,20
eviction-rate,128,58650000,20
eviction-rate,128,58700000,20
eviction-rate,128,58750000,20
eviction-rate,128,58800000,20
eviction-rate,128,58850000,20
eviction-rate,128,58900000,20
eviction-rate,128,58950000,20
eviction-rate,128,59000000,20
eviction-rate,128,59050000,20
eviction-rate,128,59100000,20
eviction-rate,128,59150000,20
eviction-rate,128,59200000,20
eviction-rate,128,59250000,20
eviction-rate,128,59300000,20
eviction-rate,128,59350000,20
eviction-rate,128,59400000,20
eviction-rate,128,59450000,20
eviction-rate,128,59500000,20
eviction-rate,128,59550000,20
eviction-rate,128,59600000,20
eviction-rate,128,59650000,20
eviction-rate,128,59700000,20
eviction-rate,128,59750000,20
eviction-rate,128,59800000,20
eviction-rate,128,59850000,20
eviction-rate,128,59900000,20
eviction-rate,128,59950000,20
eviction-rate,128,60000000,20
eviction-rate,128,60050000,20
eviction-rate,128,60100000,20
eviction-rate,128,60150000,20
eviction-rate,128,60200000,20
eviction-rate,128,60250000,20
eviction-rate,128,60300000,20
eviction-rate,128,60350000,20
eviction-rate,128,60400000,20
eviction-rate,128,60450000,20
eviction-rate,128,60500000,20
eviction-rate,128,60550000,20
eviction-rate,128,60600000,20
eviction-rate,128,60650000,20
eviction-rate,128,60700000,20
eviction-rate,128,60750000,20
eviction-rate,128,60800000,20
eviction-rate,128,60850000,20
eviction-rate,128,60900000,20
eviction-rate,128,60950000,20
eviction-rate,128,61000000,20
eviction-rate,128,61050000,20
eviction-rate,128,61100000,20
eviction-rate,128,61150000,20
eviction-rate,128,61200000,20
eviction-rate,128,61250000,20
eviction-rate,128,61300000,20
eviction-rate,128,61350000,20
eviction-rate,128,61400000,20
eviction-rate,128,61450000,20
eviction-rate,128,61500000,20
eviction-rate,128,61550000,20
eviction-rate,128,61600000,20
eviction-rate,128,61650000,20
eviction-rate,128,61700000,20
eviction-rate,128,61750000,20
eviction-rate,128,61800000,20
eviction-rate,128,61850000,20
eviction-rate,128,61900000,20
eviction-rate,128,61950000,20
eviction-rate,128,62000000,20
eviction-rate,128,62050000,20
eviction-rate,128,62100000,20
eviction-rate,128,62150000,20
eviction-rate,128,62200000,20
eviction-rate,128,62250000,20
eviction-rate,128,62300000,20
eviction-rate,128,62350000,20
eviction-rate,128,62400000,20
eviction-rate,128,62450000,20
eviction-rate,128,62500000,20
eviction-rate,128,62550000,20
eviction-rate,128,62600000,20
eviction-rate,128,62650000,20
eviction-rate,128,62700000,20
eviction-rate,128,62750000,20
eviction-rate,128,62800000,20
eviction-rate,128,62850000,20
eviction-rate,128,62900000,20
eviction-rate,128,62950000,20
eviction-rate,128,63000000,20
eviction-rate,128,63050000,20
eviction-rate,128,63100000,20
eviction-rate,128,63150000,20
eviction-rate,128,63200000,20
eviction-rate,128,63250000,20
eviction-rate,128,63300000,20
eviction-rate,128,63350000,20
eviction-rate,128,63400000,20
eviction-rate,128,63450000,20
eviction-rate,128,63500000,20
eviction-rate,128,63550000,20
eviction-rate,128,63600000,20
eviction-rate,128,63650000,20
eviction-rate,128,63700000,20
eviction-rate,128,63750000,20
eviction-rate,128,63800000,20
eviction-rate,128,63850000,20
eviction-rate,128,63900000,20
eviction-rate,128,63950000,20
eviction-rate,128,64000000,20
eviction-rate,128,64050000,20
eviction-rate,128,64100000,20
eviction-rate,128,64150000,20
eviction-rate,128,64200000,20
eviction-rate,128,64250000,20
eviction-rate,128,64300000,20
eviction-rate,128,64350000,20
eviction-rate,128,64400000,20
eviction-rate,128,64450000,20
eviction-rate,128,64500000,20
eviction-rate,128,64550000,20
eviction-rate,128,64600000,20
eviction-rate,128,64650000,20
eviction-rate,128,64700000,20
eviction-rate,128,64750000,20
eviction-rate,128,64800000,20
eviction-rate,128,64850000,20
eviction-rate,128,64900000,20
eviction-rate,128,64950000,20
eviction-rate,128,65000000,20
eviction-rate,128,65050000,20
eviction-rate,128,65100000,20
eviction-rate,128,65150000,20
eviction-rate,128,65200000,20
eviction-rate,128,65250000,20
eviction-rate,128,65300000,20
eviction-rate,128,65350000,20
eviction-rate,128,65400000,20
eviction-rate,128,65450000,20
eviction-rate,128,65500000,20
eviction-rate,128,65550000,20
eviction-rate,128,65600000,20
eviction-rate,128,65650000,20
eviction-rate,128,65700000,20
eviction-rate,128,65750000,20
eviction-rate,128,65800000,20
eviction-rate,128,65850000,20
eviction-rate,128,65900000,20
eviction-rate,128,65950000,20
eviction-rate,128,66000000,20
eviction-rate,128,66050000,20
eviction-rate,128,66100000,20
eviction-rate,128,66150000,20
eviction-rate,128,66200000,20
eviction-rate,128,66250000,20
eviction-rate,128,66300000,20
eviction-rate,128,66350000,20
eviction-rate,128,66400000,20
eviction-rate,128,66450000,20
eviction-rate,128,66500000,20
eviction-rate,128,66550000,20
eviction-rate,128,66600000,20
eviction-rate,128,66650000,20
eviction-rate,128,66700000,20
eviction-rate,128,66750000,20
eviction-rate,128,66800000,20
eviction-rate,128,66850000,20
eviction-rate,128,66900000,20
eviction-rate,128,66950000,20
eviction-rate,128,67000000,20
eviction-rate,128,67050000,20
eviction-rate,128,67100000,20
eviction-rate,128,67150000,20
eviction-rate,128,67200000,20
eviction-rate,128,67250000,20
eviction-rate,128,67300000,20
eviction-rate,128,67350000,20
eviction-rate,128,67400000,20
eviction-rate,128,67450000,20
eviction-rate,128,67500000,20
eviction-rate,128,67550000,20
eviction-rate,128,67600000,20
eviction-rate,128,67650000,20
eviction-rate,128,67700000,20
eviction-rate,128,67750000,20
eviction-rate,128,67800000,20
eviction-rate,128,67850000,20
eviction-rate,128,67900000,20
eviction-rate,128,67950000,20
eviction-rate,128,68000000,20
eviction-rate,128,68050000,20
eviction-rate,128,68100000,20
eviction-rate,128,68150000,20
eviction-rate,128,68200000,20
eviction-rate,128,68250000,20
eviction-rate,128,68300000,20
eviction-rate,128,68350000,20
eviction-rate,128,68400000,20
eviction-rate,128,68450000,20
eviction-rate,128,68500000,20
eviction-rate,128,68550000,20
eviction-rate,128,68600000,20
eviction-rate,128,68650000,20
eviction-rate,128,68700000,20
eviction-rate,128,68750000,20
eviction-rate,128,68800000,20
eviction-rate,128,68850000,20
eviction-rate,128,68900000,20
eviction-rate,128,68950000,20
eviction-rate,128,69000000,20
eviction-rate,128,69050000,20
eviction-rate,128,69100000,20
eviction-rate,128,69150000,20
eviction-rate,128,69200000,20
eviction-rate,128,69250000,20
eviction-rate,128,69300000,20
eviction-rate,128,69350000,20
eviction-rate,128,69400000,20
eviction-rate,128,69450000,20
eviction-rate,128,69500000,20
eviction-rate,128,69550000,20
eviction-rate,128,69600000,20
eviction-rate,128,69650000,20
eviction-rate,128,69700000,20
eviction-rate,128,69750000,20
eviction-rate,128,69800000,20
eviction-rate,128,69850000,20
eviction-rate,128,69900000,20
eviction-rate,128,69950000,20
eviction-rate,128,70000000,20
eviction-rate,128,70050000,20
eviction-rate,128,70100000,20
eviction-rate,128,70150000,20
eviction-rate,128,70200000,20
eviction-rate,128,70250000,20
eviction-rate,128,70300000,20
eviction-rate,128,70350000,20
eviction-rate,128,70400000,20
eviction-rate,128,70450000,20
eviction-rate,128,70500000,20
eviction-rate,128,70550000,20
eviction-rate,128,70600000,20
eviction-rate,128,70650000,20
eviction-rate,128,70700000,20
eviction-rate,128,70750000,20
eviction-rate,128,70800000,20
eviction-rate,128,70850000,20
eviction-rate,128,70900000,20
eviction-rate,128,70950000,20
eviction-rate,128,71000000,20
eviction-rate,128,71050000,20
eviction-rate,128,71100000,20
eviction-rate,128,71150000,20
eviction-rate,128,71200000,20
eviction-rate,128,71250000,20
eviction-rate,128,71300000,20
eviction-rate,128,71350000,20
eviction-rate,128,71400000,20
eviction-rate,128,71450000,20
eviction-rate,128,71500000,20
eviction-rate,128,71550000,20
eviction-rate,128,71600000,20
eviction-rate,128,71650000,20
eviction-rate,128,71700000,20
eviction-rate,128,71750000,20
eviction-rate,128,71800000,20
eviction-rate,128,71850000,20
eviction-rate,128,71900000,20
eviction-rate,128,71950000,20
eviction-rate,128,72000000,20
eviction-rate,128,72050000,20
eviction-rate,128,72100000,20
eviction-rate,128,72150000,20
eviction-rate,128,72200000,20
eviction-rate,128,72250000,20
eviction-rate,128,72300000,20
eviction-rate,128,72350000,20
eviction-rate,128,72400000,20
eviction-rate,128,72450000,20
eviction-rate,128,72500000,20
eviction-rate,128,72550000,20
eviction-rate,128,72600000,20
eviction-rate,128,72650000,20
eviction-rate,128,72700000,20
eviction-rate,128,72750000,20
eviction-rate,128,72800000,20
eviction-rate,128,72850000,20
eviction-rate,128,72900000,20
eviction-rate,128,72950000,20
eviction-rate,128,73000000,20
eviction-rate,128,73050000,20
eviction-rate,128,73100000,20
eviction-rate,128,73150000,20
eviction-rate,128,73200000,20
eviction-rate,128,73250000,20
eviction-rate,128,73300000,20
eviction-rate,128,73350000,20
eviction-rate,128,73400000,20
eviction-rate,128,73450000,20
eviction-rate,128,73500000,20
eviction-rate,128,73550000,20
eviction-rate,128,73600000,20
eviction-rate,128,73650000,20
eviction-rate,128,73700000,20
eviction-rate,128,73750000,20
eviction-rate,128,73800000,20
eviction-rate,128,73850000,20
eviction-rate,128,73900000,20
eviction-rate,128,73950000,20
eviction-rate,128,74000000,20
eviction-rate,128,74050000,20
eviction-rate,128,74100000,20
eviction-rate,128,74150000,20
eviction-rate,128,74200000,20
eviction-rate,128,74250000,20
eviction-rate,128,74300000,20
eviction-rate,128,74350000,20
eviction-rate,128,74400000,20
eviction-rate,128,74450000,20
eviction-rate,128,74500000,20
eviction-rate,128,74550000,20
eviction-rate,128,74600000,20
eviction-rate,128,74650000,20
eviction-rate,128,74700000,20
eviction-rate,128,74750000,20
eviction-rate,128,74800000,20
eviction-rate,128,74850000,20
eviction-rate,128,74900000,20
eviction-rate,128,74950000,20
eviction-rate,128,75000000,20
eviction-rate,128,75050000,20
eviction-rate,128,75100000,20
eviction-rate,128,75150000,20
eviction-rate,128,75200000,20
eviction-rate,128,75250000,20
eviction-rate,128,75300000,20
eviction-rate,128,75350000,20
eviction-rate,128,75400000,20
eviction-rate,128,75450000,20
eviction-rate,128,75500000,20
eviction-rate,128,75550000,20
eviction-rate,128,75600000,20
eviction-rate,128,75650000,20
eviction-rate,128,75700000,20
eviction-rate,128,75750000,20
eviction-rate,128,75800000,20
eviction-rate,128,75850000,20
eviction-rate,128,75900000,20
eviction-rate,128,75950000,20
eviction-rate,128,76000000,20
eviction-rate,128,76050000,20
eviction-rate,128,76100000,20
eviction-rate,128,76150000,20
eviction-rate,128,76200000,20
eviction-rate,128,76250000,20
eviction-rate,128,76300000,20
eviction-rate,128,76350000,20
eviction-rate,128,76400000,20
eviction-rate,128,76450000,20
eviction-rate,128,76500000,20
eviction-rate,128,76550000,20
eviction-rate,128,76600000,20
eviction-rate,128,76650000,20
eviction-rate,128,76700000,20
eviction-rate,128,76750000,20
eviction-rate,128,76800000,20
eviction-rate,128,76850000,20
eviction-rate,128,76900000,20
eviction-rate,128,76950000,20
eviction-rate,128,77000000,20
eviction-rate,128,77050000,20
eviction-rate,128,77100000,20
eviction-rate,128,77150000,20
eviction-rate,128,77200000,20
eviction-rate,128,77250000,20
eviction-rate,128,77300000,20
eviction-rate,128,77350000,20
eviction-rate,128,77400000,20
eviction-rate,128,77450000,20
eviction-rate,128,77500000,20
eviction-rate,128,77550000,20
eviction-rate,128,77600000,20
eviction-rate,128,77650000,20
eviction-rate,128,77700000,20
eviction-rate,128,77750000,20
eviction-rate,128,77800000,20
eviction-rate,128,77850000,20
eviction-rate,128,77900000,20
eviction-rate,128,77950000,20
eviction-rate,128,78000000,20
eviction-rate,128,78050000,20
eviction-rate,128,78100000,20
eviction-rate,128,78150000,20
eviction-rate,128,78200000,20
eviction-rate,128,78250000,20
eviction-rate,128,78300000,20
eviction-rate,128,78350000,20
eviction-rate,128,78400000,20
eviction-rate,128,78450000,20
eviction-rate,128,78500000,20
eviction-rate,128,78550000,20
eviction-rate,128,78600000,20
eviction-rate,128,78650000,20
eviction-rate,128,78700000,20
eviction-rate,128,78750000,20
eviction-rate,128,78800000,20
eviction-rate,128,78850000,20
eviction-rate,128,78900000,20
eviction-rate,128,78950000,20
eviction-rate,128,79000000,20
eviction-rate,128,79050000,20
eviction-rate,128,79100000,20
eviction-rate,128,79150000,20
eviction-rate,128,79200000,20
eviction-rate,128,79250000,20
eviction-rate,128,79300000,20
eviction-rate,128,79350000,20
eviction-rate,128,79400000,20
eviction-rate,128,79450000,20
eviction-rate,128,79500000,20
eviction-rate,128,79550000,20
eviction-rate,128,79600000,20
eviction-rate,128,79650000,20
eviction-rate,128,79700000,20
eviction-rate,128,79750000,20
eviction-rate,128,79800000,20
eviction-rate,128,79850000,20
eviction-rate,128,79900000,20
eviction-rate,128,79950000,20
hits,128,50000,57
hits,128,100000,52
hits,128,150000,47
hits,128,200000,45
hits,128,250000,44
hits,128,300000,42
hits,128,350000,40
hits,128,400000,41
hits,128,450000,41
hits,128,500000,41
hits,128,550000,41
hits,128,600000,41
hits,128,650000,42
hits,128,700000,41
hits,128,750000,41
hits,128,800000,41
hits,128,850000,41
hits,128,900000,41
hits,128,950000,41
hits,128,1000000,41
hits,128,1050000,41
hits,128,1100000,42
hits,128,1150000,43
hits,128,1200000,43
hits,128,1250000,44
hits,128,1300000,45
hits,128,1350000,45
hits,128,1400000,46
hits,128,1450000,47
hits,128,1500000,47
hits,128,1550000,48
hits,128,1600000,49
hits,128,1650000,50
hits,128,1700000,51
hits,128,1750000,51
hits,128,1800000,52
hits,128,1850000,53
hits,128,1900000,54
hits,128,1950000,55
hits,128,2000000,55
hits,128,2050000,56
hits,128,2100000,57
hits,128,2150000,57
hits,128,2200000,58
hits,128,2250000,59
hits,128,2300000,59
hits,128,2350000,60
hits,128,2400000,61
hits,128,2450000,61
hits,128,2500000,62
hits,128,2550000,63
hits,128,2600000,63
hits,128,2650000,64
hits,128,2700000,65
hits,128,2750000,65
hits,128,2800000,66
hits,128,2850000,67
hits,128,2900000,67
hits,128,2950000,68
hits,128,3000000,69
hits,128,3050000,69
hits,128,3100000,70
hits,128,3150000,71
hits,128,3200000,71
hits,128,3250000,72
hits,128,3300000,73
hits,128,3350000,73
hits,128,3400000,74
hits,128,3450000,74
hits,128,3500000,75
hits,128,3550000,75
hits,128,3600000,75
hits,128,3650000,76
hits,128,3700000,77
hits,128,3750000,77
hits,128,3800000,77
hits,128,3850000,78
hits,128,3900000,78
hits,128,3950000,79
hits,128,4000000,79
hits,128,4050000,79
hits,128,4100000,79
hits,128,4150000,80
hits,128,4200000,80
hits,128,4250000,80
hits,128,4300000,80
hits,128,4350000,80
hits,128,4400000,80
hits,128,4450000,80
hits,128,4500000,80
hits,128,4550000,80
hits,128,4600000,80
hits,128,4650000,80
hits,128,4700000,80
hits,128,4750000,80
hits,128,4800000,80
hits,128,4850000,80
hits,128,4900000,80
hits,128,4950000,80
hits,128,5000000,80
hits,128,5050000,80
hits,128,5100000,80
hits,128,5150000,80
hits,128,5200000,80
hits,128,5250000,80
hits,128,5300000,80
hits,128,5350000,80
hits,128,5400000,80
hits,128,5450000,80
hits,128,5500000,80
hits,128,5550000,80
hits,128,5600000,80
hits,128,5650000,80
hits,128,5700000,80
hits,128,5750000,80
hits,128,5800000,80
hits,128,5850000,80
hits,128,5900000,80
hits,128,5950000,80
hits,128,6000000,80
hits,128,6050000,80
hits,128,6100000,80
hits,128,6150000,80
hits,128,6200000,80
hits,128,6250000,80
hits,128,6300000,80
hits,128,6350000,80
hits,128,6400000,80
hits,128,6450000,80
hits,128,6500000,80
hits,128,6550000,80
hits,128,6600000,80
hits,128,6650000,80
hits,128,6700000,80
hits,128,6750000,80
hits,128,6800000,80
hits,128,6850000,80
hits,128,6900000,80
hits,128,6950000,80
hits,128,7000000,80
hits,128,7050000,80
hits,128,7100000,80
hits,128,7150000,80
hits,128,7200000,80
hits,128,7250000,80
hits,128,7300000,80
hits,128,7350000,80
hits,128,7400000,80
hits,128,7450000,80
hits,128,7500000,80
hits,128,7550000,80
hits,128,7600000,80
hits,128,7650000,80
hits,128,7700000,80
hits,128,7750000,80
hits,128,7800000,80
hits,128,7850000,80
hits,128,7900000,80
hits,128,7950000,80
hits,128,8000000,80
hits,128,8050000,80
hits,128,8100000,80
hits,128,8150000,80
hits,128,8200000,80
hits,128,8250000,80
hits,128,8300000,80
hits,128,8350000,80
hits,128,8400000,80
hits,128,8450000,80
hits,128,8500000,80
hits,128,8550000,80
hits,128,8600000,80
hits,128,8650000,80
hits,128,8700000,80
hits,128,8750000,80
hits,128,8800000,80
hits,128,8850000,80
hits,128,8900000,80
hits,128,8950000,80
hits,128,9000000,80
hits,128,9050000,80
hits,128,9100000,80
hits,128,9150000,80
hits,128,9200000,80
hits,128,9250000,80
hits,128,9300000,80
hits,128,9350000,80
hits,128,9400000,80
hits,128,9450000,80
hits,128,9500000,80
hits,128,9550000,80
hits,128,9600000,80
hits,128,9650000,80
hits,128,9700000,80
hits,128,9750000,80
hits,128,9800000,80
hits,128,9850000,80
hits,128,9900000,80
hits,128,9950000,80
hits,128,10000000,80
hits,128,10050000,80
hits,128,10100000,80
hits,128,10150000,80
hits,128,10200000,80
hits,128,10250000,80
hits,128,10300000,80
hits,128,10350000,80
hits,128,10400000,80
hits,128,10450000,80
hits,128,10500000,80
hits,128,10550000,80
hits,128,10600000,80
hits,128,10650000,80
hits,128,10700000,80
hits,128,10750000,80
hits,128,10800000,80
hits,128,10850000,80
hits,128,10900000,80
hits,128,10950000,80
hits,128,11000000,80
hits,128,11050000,80
hits,128,11100000,80
hits,128,11150000,80
hits,128,11200000,80
hits,128,11250000,80
hits,128,11300000,80
hits,128,11350000,80
hits,128,11400000,80
hits,128,11450000,80
hits,128,11500000,80
hits,128,11550000,80
hits,128,11600000,80
hits,128,11650000,80
hits,128,11700000,80
hits,128,11750000,80
hits,128,11800000,80
hits,128,11850000,80
hits,128,11900000,80
hits,128,11950000,80
hits,128,12000000,80
hits,128,12050000,80
hits,128,12100000,80
hits,128,12150000,80
hits,128,12200000,80
hits,128,12250000,80
hits,128,12300000,80
hits,128,12350000,80
hits,128,12400000,80
hits,128,12450000,80
hits,128,12500000,80
hits,128,12550000,80
hits,128,12600000,80
hits,128,12650000,80
hits,128,12700000,80
hits,128,12750000,80
hits,128,12800000,80
hits,128,12850000,80
hits,128,12900000,80
hits,128,12950000,80
hits,128,13000000,80
hits,128,13050000,80
hits,128,13100000,80
hits,128,13150000,80
hits,128,13200000,80
hits,128,13250000,80
hits,128,13300000,80
hits,128,13350000,80
hits,128,13400000,80
hits,128,13450000,80
hits,128,13500000,80
hits,128,13550000,80
hits,128,13600000,80
hits,128,13650000,80
hits,128,13700000,80
hits,128,13750000,80
hits,128,13800000,80
hits,128,13850000,80
hits,128,13900000,80
hits,128,13950000,80
hits,128,14000000,80
hits,128,14050000,80
hits,128,14100000,80
hits,128,14150000,80
hits,128,14200000,80
hits,128,14250000,80
hits,128,14300000,80
hits,128,14350000,80
hits,128,14400000,80
hits,128,14450000,80
hits,128,14500000,80
hits,128,14550000,80
hits,128,14600000,80
hits,128,14650000,80
hits,128,14700000,80
hits,128,14750000,80
hits,128,14800000,80
hits,128,14850000,80
hits,128,14900000,80
hits,128,14950000,80
hits,128,15000000,80
hits,128,15050000,80
hits,128,15100000,80
hits,128,15150000,80
hits,128,15200000,80
hits,128,15250000,80
hits,128,15300000,80
hits,128,15350000,80
hits,128,15400000,80
hits,128,15450000,80
hits,128,15500000,80
hits,128,15550000,80
hits,128,15600000,80
hits,128,15650000,80
hits,128,15700000,80
hits,128,15750000,80
hits,128,15800000,80
hits,128,15850000,80
hits,128,15900000,80
hits,128,15950000,80
hits,128,16000000,80
hits,128,16050000,80
hits,128,16100000,80
hits,128,16150000,80
hits,128,16200000,80
hits,128,16250000,80
hits,128,16300000,80
hits,128,16350000,80
hits,128,16400000,80
hits,128,16450000,80
hits,128,16500000,80
hits,128,16550000,80
hits,128,16600000,80
hits,128,16650000,80
hits,128,16700000,80
hits,128,16750000,80
hits,128,16800000,80
hits,128,16850000,80
hits,128,16900000,80
hits,128,16950000,80
hits,128,17000000,80
hits,128,17050000,80
hits,128,17100000,80
hits,128,17150000,80
hits,128,17200000,80
hits,128,17250000,80
hits,128,17300000,80
hits,128,17350000,80
hits,128,17400000,80
hits,128,17450000,80
hits,128,17500000,80
hits,128,17550000,80
hits,128,17600000,80
hits,128,17650000,80
hits,128,17700000,80
hits,128,17750000,80
hits,128,17800000,80
hits,128,17850000,80
hits,128,17900000,80
hits,128,17950000,80
hits,128,18000000,80
hits,128,18050000,80
hits,128,18100000,80
hits,128,18150000,80
hits,128,18200000,80
hits,128,18250000,80
hits,128,18300000,80
hits,128,18350000,80
hits,128,18400000,80
hits,128,18450000,80
hits,128,18500000,80
hits,128,18550000,80
hits,128,18600000,80
hits,128,18650000,80
hits,128,18700000,80
hits,128,18750000,80
hits,128,18800000,80
hits,128,18850000,80
hits,128,18900000,80
hits,128,18950000,80
hits,128,19000000,80
hits,128,19050000,80
hits,128,19100000,80
hits,128,19150000,80
hits,128,19200000,80
hits,128,19250000,80
hits,128,19300000,80
hits,128,19350000,80
hits,128,19400000,80
hits,128,19450000,80
hits,128,19500000,80
hits,128,19550000,80
hits,128,19600000,80
hits,128,19650000,80
hits,128,19700000,80
hits,128,19750000,80
hits,128,19800000,80
hits,128,19850000,80
hits,128,19900000,80
hits,128,19950000,80
hits,128,20000000,80
hits,128,20050000,80
hits,128,20100000,80
hits,128,20150000,80
hits,128,20200000,80
hits,128,20250000,80
hits,128,20300000,80
hits,128,20350000,80
hits,128,20400000,80
hits,128,20450000,80
hits,128,20500000,80
hits,128,20550000,80
hits,128,20600000,80
hits,128,20650000,80
hits,128,20700000,80
hits,128,20750000,80
hits,128,20800000,80
hits,128,20850000,80
hits,128,20900000,80
hits,128,20950000,80
hits,128,21000000,80
hits,128,21050000,80
hits,128,21100000,80
hits,128,21150000,80
hits,128,21200000,80
hits,128,21250000,80
hits,128,21300000,80
hits,128,21350000,80
hits,128,21400000,80
hits,128,21450000,80
hits,128,21500000,80
hits,128,21550000,80
hits,128,21600000,80
hits,128,21650000,80
hits,128,21700000,80
hits,128,21750000,80
hits,128,21800000,80
hits,128,21850000,80
hits,128,21900000,80
hits,128,21950000,80
hits,128,22000000,80
hits,128,22050000,80
hits,128,22100000,80
hits,128,22150000,80
hits,128,22200000,80
hits,128,22250000,80
hits,128,22300000,80
hits,128,22350000,80
hits,128,22400000,80
hits,128,22450000,80
hits,128,22500000,80
hits,128,22550000,80
hits,128,22600000,80
hits,128,22650000,80
hits,128,22700000,80
hits,128,22750000,80
hits,128,22800000,80
hits,128,22850000,80
hits,128,22900000,80
hits,128,22950000,80
hits,128,23000000,80
hits,128,23050000,80
hits,128,23100000,80
hits,128,23150000,80
hits,128,23200000,80
hits,128,23250000,80
hits,128,23300000,80
hits,128,23350000,80
hits,128,23400000,80
hits,128,23450000,80
hits,128,23500000,80
hits,128,23550000,80
hits,128,23600000,80
hits,128,23650000,80
hits,128,23700000,80
hits,128,23750000,80
hits,128,23800000,80
hits,128,23850000,80
hits,128,23900000,80
hits,128,23950000,80
hits,128,24000000,80
hits,128,24050000,80
hits,128,24100000,80
hits,128,24150000,80
hits,128,24200000,80
hits,128,24250000,80
hits,128,24300000,80
hits,128,24350000,80
hits,128,24400000,80
hits,128,24450000,80
hits,128,24500000,80
hits,128,24550000,80
hits,128,24600000,80
hits,128,24650000,80
hits,128,24700000,80
hits,128,24750000,80
hits,128,24800000,80
hits,128,24850000,80
hits,128,24900000,80
hits,128,24950000,80
hits,128,25000000,80
hits,128,25050000,80
hits,128,25100000,80
hits,128,25150000,80
hits,128,25200000,80
hits,128,25250000,80
hits,128,25300000,80
hits,128,25350000,80
hits,128,25400000,80
hits,128,25450000,80
hits,128,25500000,80
hits,128,25550000,80
hits,128,25600000,80
hits,128,25650000,80
hits,128,25700000,80
hits,128,25750000,80
hits,128,25800000,80
hits,128,25850000,80
hits,128,25900000,80
hits,128,25950000,80
hits,128,26000000,80
hits,128,26050000,80
hits,128,26100000,80
hits,128,26150000,80
hits,128,26200000,80
hits,128,26250000,80
hits,128,26300000,80
hits,128,26350000,80
hits,128,26400000,80
hits,128,26450000,80
hits,128,26500000,80
hits,128,26550000,80
hits,128,26600000,80
hits,128,26650000,80
hits,128,26700000,80
hits,128,26750000,80
hits,128,26800000,80
hits,128,26850000,80
hits,128,26900000,80
hits,128,26950000,80
hits,128,27000000,80
hits,128,27050000,80
hits,128,27100000,80
hits,128,27150000,80
hits,128,27200000,80
hits,128,27250000,80
hits,128,27300000,80
hits,128,27350000,80
hits,128,27400000,80
hits,128,27450000,80
hits,128,27500000,80
hits,128,27550000,80
hits,128,27600000,80
hits,128,27650000,80
hits,128,27700000,80
hits,128,27750000,80
hits,128,27800000,80
hits,128,27850000,80
hits,128,27900000,80
hits,128,27950000,80
hits,128,28000000,80
hits,128,28050000,80
hits,128,28100000,80
hits,128,28150000,80
hits,128,28200000,80
hits,128,28250000,80
hits,128,28300000,80
hits,128,28350000,80
hits,128,28400000,80
hits,128,28450000,80
hits,128,28500000,80
hits,128,28550000,80
hits,128,28600000,80
hits,128,28650000,80
hits,128,28700000,80
hits,128,28750000,80
hits,128,28800000,80
hits,128,28850000,80
hits,128,28900000,80
hits,128,28950000,80
hits,128,29000000,80
hits,128,29050000,80
hits,128,29100000,80
hits,128,29150000,80
hits,128,29200000,80
hits,128,29250000,80
hits,128,29300000,80
hits,128,29350000,80
hits,128,29400000,80
hits,128,29450000,80
hits,128,29500000,80
hits,128,29550000,80
hits,128,29600000,80
hits,128,29650000,80
hits,128,29700000,80
hits,128,29750000,80
hits,128,29800000,80
hits,128,29850000,80
hits,128,29900000,80
hits,128,29950000,80
hits,128,30000000,80
hits,128,30050000,80
hits,128,30100000,80
hits,128,30150000,80
hits,128,30200000,80
hits,128,30250000,80
hits,128,30300000,80
hits,128,30350000,80
hits,128,30400000,80
hits,128,30450000,80
hits,128,30500000,80
hits,128,30550000,80
hits,128,30600000,80
hits,128,30650000,80
hits,128,30700000,80
hits,128,30750000,80
hits,128,30800000,80
hits,128,30850000,80
hits,128,30900000,80
hits,128,30950000,80
hits,128,31000000,80
hits,128,31050000,80
hits,128,31100000,80
hits,128,31150000,80
hits,128,31200000,80
hits,128,31250000,80
hits,128,31300000,80
hits,128,31350000,80
hits,128,31400000,80
hits,128,31450000,80
hits,128,31500000,80
hits,128,31550000,80
hits,128,31600000,80
hits,128,31650000,80
hits,128,31700000,80
hits,128,31750000,80
hits,128,31800000,80
hits,128,31850000,80
hits,128,31900000,80
hits,128,31950000,80
hits,128,32000000,80
hits,128,32050000,80
hits,128,32100000,80
hits,128,32150000,80
hits,128,32200000,80
hits,128,32250000,80
hits,128,32300000,80
hits,128,32350000,80
hits,128,32400000,80
hits,128,32450000,80
hits,128,32500000,80
hits,128,32550000,80
hits,128,32600000,80
hits,128,32650000,80
hits,128,32700000,80
hits,128,32750000,80
hits,128,32800000,80
hits,128,32850000,80
hits,128,32900000,80
hits,128,32950000,80
hits,128,33000000,80
hits,128,33050000,80
hits,128,33100000,80
hits,128,33150000,80
hits,128,33200000,80
hits,128,33250000,80
hits,128,33300000,80
hits,128,33350000,80
hits,128,33400000,80
hits,128,33450000,80
hits,128,33500000,80
hits,128,33550000,80
hits,128,33600000,80
hits,128,33650000,80
hits,128,33700000,80
hits,128,33750000,80
hits,128,33800000,80
hits,128,33850000,80
hits,128,33900000,80
hits,128,33950000,80
hits,128,34000000,80
hits,128,34050000,80
hits,128,34100000,80
hits,128,34150000,80
hits,128,34200000,80
hits,128,34250000,80
hits,128,34300000,80
hits,128,34350000,80
hits,128,34400000,80
hits,128,34450000,80
hits,128,34500000,80
hits,128,34550000,80
hits,128,34600000,80
hits,128,34650000,80
hits,128,34700000,80
hits,128,34750000,80
hits,128,34800000,80
hits,128,34850000,80
hits,128,34900000,80
hits,128,34950000,80
hits,128,35000000,80
hits,128,35050000,80
hits,128,35100000,80
hits,128,35150000,80
hits,128,35200000,80
hits,128,35250000,80
hits,128,35300000,80
hits,128,35350000,80
hits,128,35400000,80
hits,128,35450000,80
hits,128,35500000,80
hits,128,35550000,80
hits,128,35600000,80
hits,128,35650000,80
hits,128,35700000,80
hits,128,35750000,80
hits,128,35800000,80
hits,128,35850000,80
hits,128,35900000,80
hits,128,35950000,80
hits,128,36000000,80
hits,128,36050000,80
hits,128,36100000,80
hits,128,36150000,80
hits,128,36200000,80
hits,128,36250000,80
hits,128,36300000,80
hits,128,36350000,80
hits,128,36400000,80
hits,128,36450000,80
hits,128,36500000,80
hits,128,36550000,80
hits,128,36600000,80
hits,128,36650000,80
hits,128,36700000,80
hits,128,36750000,80
hits,128,36800000,80
hits,128,36850000,80
hits,128,36900000,80
hits,128,36950000,80
hits,128,37000000,80
hits,128,37050000,80
hits,128,37100000,80
hits,128,37150000,80
hits,128,37200000,80
hits,128,37250000,80
hits,128,37300000,80
hits,128,37350000,80
hits,128,37400000,80
hits,128,37450000,80
hits,128,37500000,80
hits,128,37550000,80
hits,128,37600000,80
hits,128,37650000,80
hits,128,37700000,80
hits,128,37750000,80
hits,128,37800000,80
hits,128,37850000,80
hits,128,37900000,80
hits,128,37950000,80
hits,128,38000000,80
hits,128,38050000,80
hits,128,38100000,80
hits,128,38150000,80
hits,128,38200000,80
hits,128,38250000,80
hits,128,38300000,80
hits,128,38350000,80
hits,128,38400000,80
hits,128,38450000,80
hits,128,38500000,80
hits,128,38550000,80
hits,128,38600000,80
hits,128,38650000,80
hits,128,38700000,80
hits,128,38750000,80
hits,128,38800000,80
hits,128,38850000,80
hits,128,38900000,80
hits,128,38950000,80
hits,128,39000000,80
hits,128,39050000,80
hits,128,39100000,80
hits,128,39150000,80
hits,128,39200000,80
hits,128,39250000,80
hits,128,39300000,80
hits,128,39350000,80
hits,128,39400000,80
hits,128,39450000,80
hits,128,39500000,80
hits,128,39550000,80
hits,128,39600000,80
hits,128,39650000,80
hits,128,39700000,80
hits,128,39750000,80
hits,128,39800000,80
hits,128,39850000,80
hits,128,39900000,80
hits,128,39950000,80
hits,128,40000000,80
hits,128,40050000,80
hits,128,40100000,80
hits,128,40150000,80
hits,128,40200000,80
hits,128,40250000,80
hits,128,40300000,80
hits,128,40350000,80
hits,128,40400000,80
hits,128,40450000,80
hits,128,40500000,80
hits,128,40550000,80
hits,128,40600000,80
hits,128,40650000,80
hits,128,40700000,80
hits,128,40750000,80
hits,128,40800000,80
hits,128,40850000,80
hits,128,40900000,80
hits,128,40950000,80
hits,128,41000000,80
hits,128,41050000,80
hits,128,41100000,80
hits,128,41150000,80
hits,128,41200000,80
hits,128,41250000,80
hits,128,41300000,80
hits,128,41350000,80
hits,128,41400000,80
hits,128,41450000,80
hits,128,41500000,80
hits,128,41550000,80
hits,128,41600000,80
hits,128,41650000,80
hits,128,41700000,80
hits,128,41750000,80
hits,128,41800000,80
hits,128,41850000,80
hits,128,41900000,80
hits,128,41950000,80
hits,128,42000000,80
hits,128,42050000,80
hits,128,42100000,80
hits,128,42150000,80
hits,128,42200000,80
hits,128,42250000,80
hits,128,42300000,80
hits,128,42350000,80
hits,128,42400000,80
hits,128,42450000,80
hits,128,42500000,80
hits,128,42550000,80
hits,128,42600000,80
hits,128,42650000,80
hits,128,42700000,80
hits,128,42750000,80
hits,128,42800000,80
hits,128,42850000,80
hits,128,42900000,80
hits,128,42950000,80
hits,128,43000000,80
hits,128,43050000,80
hits,128,43100000,80
hits,128,43150000,80
hits,128,43200000,80
hits,128,43250000,80
hits,128,43300000,80
hits,128,43350000,80
hits,128,43400000,80
hits,128,43450000,80
hits,128,43500000,80
hits,128,43550000,80
hits,128,43600000,80
hits,128,43650000,80
hits,128,43700000,80
hits,128,43750000,80
hits,128,43800000,80
hits,128,43850000,80
hits,128,43900000,80
hits,128,43950000,80
hits,128,44000000,80
hits,128,44050000,80
hits,128,44100000,80
hits,128,44150000,80
hits,128,44200000,80
hits,128,44250000,80
hits,128,44300000,80
hits,128,44350000,80
hits,128,44400000,80
hits,128,44450000,80
hits,128,44500000,80
hits,128,44550000,80
hits,128,44600000,80
hits,128,44650000,80
hits,128,44700000,80
hits,128,44750000,80
hits,128,44800000,80
hits,128,44850000,80
hits,128,44900000,80
hits,128,44950000,80
hits,128,45000000,80
hits,128,45050000,80
hits,128,45100000,80
hits,128,45150000,80
hits,128,45200000,80
hits,128,45250000,80
hits,128,45300000,80
hits,128,45350000,80
hits,128,45400000,80
hits,128,45450000,80
hits,128,45500000,80
hits,128,45550000,80
hits,128,45600000,80
hits,128,45650000,80
hits,128,45700000,80
hits,128,45750000,80
hits,128,45800000,80
hits,128,45850000,80
hits,128,45900000,80
hits,128,45950000,80
hits,128,46000000,80
hits,128,46050000,80
hits,128,46100000,80
hits,128,46150000,80
hits,128,46200000,80
hits,128,46250000,80
hits,128,46300000,80
hits,128,46350000,80
hits,128,46400000,80
hits,128,46450000,80
hits,128,46500000,80
hits,128,46550000,80
hits,128,46600000,80
hits,128,46650000,80
hits,128,46700000,80
hits,128,46750000,80
hits,128,46800000,80
hits,128,46850000,80
hits,128,46900000,80
hits,128,46950000,80
hits,128,47000000,80
hits,128,47050000,80
hits,128,47100000,80
hits,128,47150000,80
hits,128,47200000,80
hits,128,47250000,80
hits,128,47300000,80
hits,128,47350000,80
hits,128,47400000,80
hits,128,47450000,80
hits,128,47500000,80
hits,128,47550000,80
hits,128,47600000,80
hits,128,47650000,80
hits,128,47700000,80
hits,128,47750000,80
hits,128,47800000,80
hits,128,47850000,80
hits,128,47900000,80
hits,128,47950000,80
hits,128,48000000,80
hits,128,48050000,80
hits,128,48100000,80
hits,128,48150000,80
hits,128,48200000,80
hits,128,48250000,80
hits,128,48300000,80
hits,128,48350000,80
hits,128,48400000,80
hits,128,48450000,80
hits,128,48500000,80
hits,128,48550000,80
hits,128,48600000,80
hits,128,48650000,80
hits,128,48700000,80
hits,128,48750000,80
hits,128,48800000,80
hits,128,48850000,80
hits,128,48900000,80
hits,128,48950000,80
hits,128,49000000,80
hits,128,49050000,80
hits,128,49100000,80
hits,128,49150000,80
hits,128,49200000,80
hits,128,49250000,80
hits,128,49300000,80
hits,128,49350000,80
hits,128,49400000,80
hits,128,49450000,80
hits,128,49500000,80
hits,128,49550000,80
hits,128,49600000,80
hits,128,49650000,80
hits,128,49700000,80
hits,128,49750000,80
hits,128,49800000,80
hits,128,49850000,80
hits,128,49900000,80
hits,128,49950000,80
hits,128,50000000,80
hits,128,50050000,80
hits,128,50100000,80
hits,128,50150000,80
hits,128,50200000,80
hits,128,50250000,80
hits,128,50300000,80
hits,128,50350000,80
hits,128,50400000,80
hits,128,50450000,80
hits,128,50500000,80
hits,128,50550000,80
hits,128,50600000,80
hits,128,50650000,80
hits,128,50700000,80
hits,128,50750000,80
hits,128,50800000,80
hits,128,50850000,80
hits,128,50900000,80
hits,128,50950000,80
hits,128,51000000,80
hits,128,51050000,80
hits,128,51100000,80
hits,128,51150000,80
hits,128,51200000,80
hits,128,51250000,80
hits,128,51300000,80
hits,128,51350000,80
hits,128,51400000,80
hits,128,51450000,80
hits,128,51500000,80
hits,128,51550000,80
hits,128,51600000,80
hits,128,51650000,80
hits,128,51700000,80
hits,128,51750000,80
hits,128,51800000,80
hits,128,51850000,80
hits,128,51900000,80
hits,128,51950000,80
hits,128,52000000,80
hits,128,52050000,80
hits,128,52100000,80
hits,128,52150000,80
hits,128,52200000,80
hits,128,52250000,80
hits,128,52300000,80
hits,128,52350000,80
hits,128,52400000,80
hits,128,52450000,80
hits,128,52500000,80
hits,128,52550000,80
hits,128,52600000,80
hits,128,52650000,80
hits,128,52700000,80
hits,128,52750000,80
hits,128,52800000,80
hits,128,52850000,80
hits,128,52900000,80
hits,128,52950000,80
hits,128,53000000,80
hits,128,53050000,80
hits,128,53100000,80
hits,128,53150000,80
hits,128,53200000,80
hits,128,53250000,80
hits,128,53300000,80
hits,128,53350000,80
hits,128,53400000,80
hits,128,53450000,80
hits,128,53500000,80
hits,128,53550000,80
hits,128,53600000,80
hits,128,53650000,80
hits,128,53700000,80
hits,128,53750000,80
hits,128,53800000,80
hits,128,53850000,80
hits,128,53900000,80
hits,128,53950000,80
hits,128,54000000,80
hits,128,54050000,80
hits,128,54100000,80
hits,128,54150000,80
hits,128,54200000,80
hits,128,54250000,80
hits,128,54300000,80
hits,128,54350000,80
hits,128,54400000,80
hits,128,54450000,80
hits,128,54500000,80
hits,128,54550000,80
hits,128,54600000,80
hits,128,54650000,80
hits,128,54700000,80
hits,128,54750000,80
hits,128,54800000,80
hits,128,54850000,80
hits,128,54900000,80
hits,128,54950000,80
hits,128,55000000,80
hits,128,55050000,80
hits,128,55100000,80
hits,128,55150000,80
hits,128,55200000,80
hits,128,55250000,80
hits,128,55300000,80
hits,128,55350000,80
hits,128,55400000,80
hits,128,55450000,80
hits,128,55500000,80
hits,128,55550000,80
hits,128,55600000,80
hits,128,55650000,80
hits,128,55700000,80
hits,128,55750000,80
hits,128,55800000,80
hits,128,55850000,80
hits,128,55900000,80
hits,128,55950000,80
hits,128,56000000,80
hits,128,56050000,80
hits,128,56100000,80
hits,128,56150000,80
hits,128,56200000,80
hits,128,56250000,80
hits,128,56300000,80
hits,128,56350000,80
hits,128,56400000,80
hits,128,56450000,80
hits,128,56500000,80
hits,128,56550000,80
hits,128,56600000,80
hits,128,56650000,80
hits,128,56700000,80
hits,128,56750000,80
hits,128,56800000,80
hits,128,56850000,80
hits,128,56900000,80
hits,128,56950000,80
hits,128,57000000,80
hits,128,57050000,80
hits,128,57100000,80
hits,128,57150000,80
hits,128,57200000,80
hits,128,57250000,80
hits,128,57300000,80
hits,128,57350000,80
hits,128,57400000,80
hits,128,57450000,80
hits,128,57500000,80
hits,128,57550000,80
hits,128,57600000,80
hits,128,57650000,80
hits,128,57700000,80
hits,128,57750000,80
hits,128,57800000,80
hits,128,57850000,80
hits,128,57900000,80
hits,128,57950000,80
hits,128,58000000,80
hits,128,58050000,80
hits,128,58100000,80
hits,128,58150000,80
hits,128,58200000,80
hits,128,58250000,80
hits,128,58300000,80
hits,128,58350000,80
hits,128,58400000,80
hits,128,58450000,80
hits,128,58500000,80
hits,128,58550000,80
hits,128,58600000,80
hits,128,58650000,80
hits,128,58700000,80
hits,128,58750000,80
hits,128,58800000,80
hits,128,58850000,80
hits,128,58900000,80
hits,128,58950000,80
hits,128,59000000,80
hits,128,59050000,80
hits,128,59100000,80
hits,128,59150000,80
hits,128,59200000,80
hits,128,59250000,80
hits,128,59300000,80
hits,128,59350000,80
hits,128,59400000,80
hits,128,59450000,80
hits,128,59500000,80
hits,128,59550000,80
hits,128,59600000,80
hits,128,59650000,80
hits,128,59700000,80
hits,128,59750000,80
hits,128,59800000,80
hits,128,59850000,80
hits,128,59900000,80
hits,128,59950000,80
hits,128,60000000,80
hits,128,60050000,80
hits,128,60100000,80
hits,128,60150000,80
hits,128,60200000,80
hits,128,60250000,80
hits,128,60300000,80
hits,128,60350000,80
hits,128,60400000,80
hits,128,60450000,80
hits,128,60500000,80
hits,128,60550000,80
hits,128,60600000,80
hits,128,60650000,80
hits,128,60700000,80
hits,128,60750000,80
hits,128,60800000,80
hits,128,60850000,80
hits,128,60900000,80
hits,128,60950000,80
hits,128,61000000,80
hits,128,61050000,80
hits,128,61100000,80
hits,128,61150000,80
hits,128,61200000,80
hits,128,61250000,80
hits,128,61300000,80
hits,128,61350000,80
hits,128,61400000,80
hits,128,61450000,80
hits,128,61500000,80
hits,128,61550000,80
hits,128,61600000,80
hits,128,61650000,80
hits,128,61700000,80
hits,128,61750000,80
hits,128,61800000,80
hits,128,61850000,80
hits,128,61900000,80
hits,128,61950000,80
hits,128,62000000,80
hits,128,62050000,80
hits,128,62100000,80
hits,128,62150000,80
hits,128,62200000,80
hits,128,62250000,80
hits,128,62300000,80
hits,128,62350000,80
hits,128,62400000,80
hits,128,62450000,80
hits,128,62500000,80
hits,128,62550000,80
hits,128,62600000,80
hits,128,62650000,80
hits,128,62700000,80
hits,128,62750000,80
hits,128,62800000,80
hits,128,62850000,80
hits,128,62900000,80
hits,128,62950000,80
hits,128,63000000,80
hits,128,63050000,80
hits,128,63100000,80
hits,128,63150000,80
hits,128,63200000,80
hits,128,63250000,80
hits,128,63300000,80
hits,128,63350000,80
hits,128,63400000,80
hits,128,63450000,80
hits,128,63500000,80
hits,128,63550000,80
hits,128,63600000,80
hits,128,63650000,80
hits,128,63700000,80
hits,128,63750000,80
hits,128,63800000,80
hits,128,63850000,80
hits,128,63900000,80
hits,128,63950000,80
hits,128,64000000,80
hits,128,64050000,80
hits,128,64100000,80
hits,128,64150000,80
hits,128,64200000,80
hits,128,64250000,80
hits,128,64300000,80
hits,128,64350000,80
hits,128,64400000,80
hits,128,64450000,80
hits,128,64500000,80
hits,128,64550000,80
hits,128,64600000,80
hits,128,64650000,80
hits,128,64700000,80
hits,128,64750000,80
hits,128,64800000,80
hits,128,64850000,80
hits,128,64900000,80
hits,128,64950000,80
hits,128,65000000,80
hits,128,65050000,80
hits,128,65100000,80
hits,128,65150000,80
hits,128,65200000,80
hits,128,65250000,80
hits,128,65300000,80
hits,128,65350000,80
hits,128,65400000,80
hits,128,65450000,80
hits,128,65500000,80
hits,128,65550000,80
hits,128,65600000,80
hits,128,65650000,80
hits,128,65700000,80
hits,128,65750000,80
hits,128,65800000,80
hits,128,65850000,80
hits,128,65900000,80
hits,128,65950000,80
hits,128,66000000,80
hits,128,66050000,80
hits,128,66100000,80
hits,128,66150000,80
hits,128,66200000,80
hits,128,66250000,80
hits,128,66300000,80
hits,128,66350000,80
hits,128,66400000,80
hits,128,66450000,80
hits,128,66500000,80
hits,128,66550000,80
hits,128,66600000,80
hits,128,66650000,80
hits,128,66700000,80
hits,128,66750000,80
hits,128,66800000,80
hits,128,66850000,80
hits,128,66900000,80
hits,128,66950000,80
hits,128,67000000,80
hits,128,67050000,80
hits,128,67100000,80
hits,128,67150000,80
hits,128,67200000,80
hits,128,67250000,80
hits,128,67300000,80
hits,128,67350000,80
hits,128,67400000,80
hits,128,67450000,80
hits,128,67500000,80
hits,128,67550000,80
hits,128,67600000,80
hits,128,67650000,80
hits,128,67700000,80
hits,128,67750000,80
hits,128,67800000,80
hits,128,67850000,80
hits,128,67900000,80
hits,128,67950000,80
hits,128,68000000,80
hits,128,68050000,80
hits,128,68100000,80
hits,128,68150000,80
hits,128,68200000,80
hits,128,68250000,80
hits,128,68300000,80
hits,128,68350000,80
hits,128,68400000,80
hits,128,68450000,80
hits,128,68500000,80
hits,128,68550000,80
hits,128,68600000,80
hits,128,68650000,80
hits,128,68700000,80
hits,128,68750000,80
hits,128,68800000,80
hits,128,68850000,80
hits,128,68900000,80
hits,128,68950000,80
hits,128,69000000,80
hits,128,69050000,80
hits,128,69100000,80
hits,128,69150000,80
hits,128,69200000,80
hits,128,69250000,80
hits,128,69300000,80
hits,128,69350000,80
hits,128,69400000,80
hits,128,69450000,80
hits,128,69500000,80
hits,128,69550000,80
hits,128,69600000,80
hits,128,69650000,80
hits,128,69700000,80
hits,128,69750000,80
hits,128,69800000,80
hits,128,69850000,80
hits,128,69900000,80
hits,128,69950000,80
hits,128,70000000,80
hits,128,70050000,80
hits,128,70100000,80
hits,128,70150000,80
hits,128,70200000,80
hits,128,70250000,80
hits,128,70300000,80
hits,128,70350000,80
hits,128,70400000,80
hits,128,70450000,80
hits,128,70500000,80
hits,128,70550000,80
hits,128,70600000,80
hits,128,70650000,80
hits,128,70700000,80
hits,128,70750000,80
hits,128,70800000,80
hits,128,70850000,80
hits,128,70900000,80
hits,128,70950000,80
hits,128,71000000,80
hits,128,71050000,80
hits,128,71100000,80
hits,128,71150000,80
hits,128,71200000,80
hits,128,71250000,80
hits,128,71300000,80
hits,128,71350000,80
hits,128,71400000,80
hits,128,71450000,80
hits,128,71500000,80
hits,128,71550000,80
hits,128,71600000,80
hits,128,71650000,80
hits,128,71700000,80
hits,128,71750000,80
hits,128,71800000,80
hits,128,71850000,80
hits,128,71900000,80
hits,128,71950000,80
hits,128,72000000,80
hits,128,72050000,80
hits,128,72100000,80
hits,128,72150000,80
hits,128,72200000,80
hits,128,72250000,80
hits,128,72300000,80
hits,128,72350000,80
hits,128,72400000,80
hits,128,72450000,80
hits,128,72500000,80
hits,128,72550000,80
hits,128,72600000,80
hits,128,72650000,80
hits,128,72700000,80
hits,128,72750000,80
hits,128,72800000,80
hits,128,72850000,80
hits,128,72900000,80
hits,128,72950000,80
hits,128,73000000,80
hits,128,73050000,80
hits,128,73100000,80
hits,128,73150000,80
hits,128,73200000,80
hits,128,73250000,80
hits,128,73300000,80
hits,128,73350000,80
hits,128,73400000,80
hits,128,73450000,80
hits,128,73500000,80
hits,128,73550000,80
hits,128,73600000,80
hits,128,73650000,80
hits,128,73700000,80
hits,128,73750000,80
hits,128,73800000,80
hits,128,73850000,80
hits,128,73900000,80
hits,128,73950000,80
hits,128,74000000,80
hits,128,74050000,80
hits,128,74100000,80
hits,128,74150000,80
hits,128,74200000,80
hits,128,74250000,80
hits,128,74300000,80
hits,128,74350000,80
hits,128,74400000,80
hits,128,74450000,80
hits,128,74500000,80
hits,128,74550000,80
hits,128,74600000,80
hits,128,74650000,80
hits,128,74700000,80
hits,128,74750000,80
hits,128,74800000,80
hits,128,74850000,80
hits,128,74900000,80
hits,128,74950000,80
hits,128,75000000,80
hits,128,75050000,80
hits,128,75100000,80
hits,128,75150000,80
hits,128,75200000,80
hits,128,75250000,80
hits,128,75300000,80
hits,128,75350000,80
hits,128,75400000,80
hits,128,75450000,80
hits,128,75500000,80
hits,128,75550000,80
hits,128,75600000,80
hits,128,75650000,80
hits,128,75700000,80
hits,128,75750000,80
hits,128,75800000,80
hits,128,75850000,80
hits,128,75900000,80
hits,128,75950000,80
hits,128,76000000,80
hits,128,76050000,80
hits,128,76100000,80
hits,128,76150000,80
hits,128,76200000,80
hits,128,76250000,80
hits,128,76300000,80
hits,128,76350000,80
hits,128,76400000,80
hits,128,76450000,80
hits,128,76500000,80
hits,128,76550000,80
hits,128,76600000,80
hits,128,76650000,80
hits,128,76700000,80
hits,128,76750000,80
hits,128,76800000,80
hits,128,76850000,80
hits,128,76900000,80
hits,128,76950000,80
hits,128,77000000,80
hits,128,77050000,80
hits,128,77100000,80
hits,128,77150000,80
hits,128,77200000,80
hits,128,77250000,80
hits,128,77300000,80
hits,128,77350000,80
hits,128,77400000,80
hits,128,77450000,80
hits,128,77500000,80
hits,128,77550000,80
hits,128,77600000,80
hits,128,77650000,80
hits,128,77700000,80
hits,128,77750000,80
hits,128,77800000,80
hits,128,77850000,80
hits,128,77900000,80
hits,128,77950000,80
hits,128,78000000,80
hits,128,78050000,80
hits,128,78100000,80
hits,128,78150000,80
hits,128,78200000,80
hits,128,78250000,80
hits,128,78300000,80
hits,128,78350000,80
hits,128,78400000,80
hits,128,78450000,80
hits,128,78500000,80
hits,128,78550000,80
hits,128,78600000,80
hits,128,78650000,80
hits,128,78700000,80
hits,128,78750000,80
hits,128,78800000,80
hits,128,78850000,80
hits,128,78900000,80
hits,128,78950000,80
hits,128,79000000,80
hits,128,79050000,80
hits,128,79100000,80
hits,128,79150000,80
hits,128,79200000,80
hits,128,79250000,80
hits,128,79300000,80
hits,128,79350000,80
hits,128,79400000,80
hits,128,79450000,80
hits,128,79500000,80
hits,128,79550000,80
hits,128,79600000,80
hits,128,79650000,80
hits,128,79700000,80
hits,128,79750000,80
hits,128,79800000,80
hits,128,79850000,80
hits,128,79900000,80
hits,128,79950000,80
disabled,256,50000,121
disabled,256,100000,116
disabled,256,150000,111
disabled,256,200000,107
disabled,256,250000,104
disabled,256,300000,101
disabled,256,350000,99
disabled,256,400000,98
disabled,256,450000,97
disabled,256,500000,95
disabled,256,550000,93
disabled,256,600000,92
disabled,256,650000,91
disabled,256,700000,89
disabled,256,750000,89
disabled,256,800000,89
disabled,256,850000,89
disabled,256,900000,89
disabled,256,950000,89
disabled,256,1000000,89
disabled,256,1050000,89
disabled,256,1100000,89
disabled,256,1150000,89
disabled,256,1200000,88
disabled,256,1250000,88
disabled,256,1300000,88
disabled,256,1350000,88
disabled,256,1400000,88
disabled,256,1450000,88
disabled,256,1500000,87
disabled,256,1550000,87
disabled,256,1600000,87
disabled,256,1650000,87
disabled,256,1700000,87
disabled,256,1750000,87
disabled,256,1800000,86
disabled,256,1850000,87
disabled,256,1900000,86
disabled,256,1950000,86
disabled,256,2000000,85
disabled,256,2050000,86
disabled,256,2100000,86
disabled,256,2150000,85
disabled,256,2200000,85
disabled,256,2250000,85
disabled,256,2300000,84
disabled,256,2350000,85
disabled,256,2400000,85
disabled,256,2450000,84
disabled,256,2500000,85
disabled,256,2550000,84
disabled,256,2600000,84
disabled,256,2650000,84
disabled,256,2700000,84
disabled,256,2750000,84
disabled,256,2800000,84
disabled,256,2850000,85
disabled,256,2900000,85
disabled,256,2950000,85
disabled,256,3000000,85
disabled,256,3050000,85
disabled,256,3100000,85
disabled,256,3150000,85
disabled,256,3200000,85
disabled,256,3250000,85
disabled,256,3300000,85
disabled,256,3350000,85
disabled,256,3400000,85
disabled,256,3450000,85
disabled,256,3500000,85
disabled,256,3550000,85
disabled,256,3600000,85
disabled,256,3650000,85
disabled,256,3700000,85
disabled,256,3750000,85
disabled,256,3800000,85
disabled,256,3850000,85
disabled,256,3900000,85
disabled,256,3950000,85
disabled,256,4000000,85
disabled,256,4050000,85
disabled,256,4100000,85
disabled,256,4150000,85
disabled,256,4200000,85
disabled,256,4250000,85
disabled,256,4300000,85
disabled,256,4350000,85
disabled,256,4400000,85
disabled,256,4450000,85
disabled,256,4500000,85
disabled,256,4550000,85
disabled,256,4600000,85
disabled,256,4650000,85
disabled,256,4700000,85
disabled,256,4750000,85
disabled,256,4800000,85
disabled,256,4850000,85
disabled,256,4900000,85
disabled,256,4950000,85
disabled,256,5000000,85
disabled,256,5050000,85
disabled,256,5100000,85
disabled,256,5150000,85
disabled,256,5200000,85
disabled,256,5250000,85
disabled,256,5300000,85
disabled,256,5350000,85
disabled,256,5400000,85
disabled,256,5450000,85
disabled,256,5500000,85
disabled,256,5550000,85
disabled,256,5600000,85
disabled,256,5650000,85
disabled,256,5700000,85
disabled,256,5750000,85
disabled,256,5800000,85
disabled,256,5850000,85
disabled,256,5900000,85
disabled,256,5950000,85
disabled,256,6000000,85
disabled,256,6050000,85
disabled,256,6100000,85
disabled,256,6150000,85
disabled,256,6200000,85
disabled,256,6250000,85
disabled,256,6300000,85
disabled,256,6350000,85
disabled,256,6400000,85
disabled,256,6450000,85
disabled,256,6500000,85
disabled,256,6550000,85
disabled,256,6600000,85
disabled,256,6650000,85
disabled,256,6700000,85
disabled,256,6750000,85
disabled,256,6800000,85
disabled,256,6850000,85
disabled,256,6900000,85
disabled,256,6950000,85
disabled,256,7000000,85
disabled,256,7050000,85
disabled,256,7100000,85
disabled,256,7150000,85
disabled,256,7200000,85
disabled,256,7250000,85
disabled,256,7300000,85
disabled,256,7350000,85
disabled,256,7400000,85
disabled,256,7450000,85
disabled,256,7500000,85
disabled,256,7550000,85
disabled,256,7600000,85
disabled,256,7650000,85
disabled,256,7700000,85
disabled,256,7750000,85
disabled,256,7800000,85
disabled,256,7850000,85
disabled,256,7900000,85
disabled,256,7950000,85
disabled,256,8000000,85
disabled,256,8050000,85
disabled,256,8100000,85
disabled,256,8150000,85
disabled,256,8200000,85
disabled,256,8250000,85
disabled,256,8300000,85
disabled,256,8350000,85
disabled,256,8400000,85
disabled,256,8450000,85
disabled,256,8500000,85
disabled,256,8550000,85
disabled,256,8600000,85
disabled,256,8650000,85
disabled,256,8700000,85
disabled,256,8750000,85
disabled,256,8800000,85
disabled,256,8850000,85
disabled,256,8900000,85
disabled,256,8950000,85
disabled,256,9000000,85
disabled,256,9050000,85
disabled,256,9100000,85
disabled,256,9150000,85
disabled,256,9200000,85
disabled,256,9250000,85
disabled,256,9300000,85
disabled,256,9350000,85
disabled,256,9400000,85
disabled,256,9450000,85
disabled,256,9500000,85
disabled,256,9550000,85
disabled,256,9600000,85
disabled,256,9650000,85
disabled,256,9700000,85
disabled,256,9750000,85
disabled,256,9800000,85
disabled,256,9850000,85
disabled,256,9900000,85
disabled,256,9950000,85
disabled,256,10000000,85
disabled,256,10050000,85
disabled,256,10100000,85
disabled,256,10150000,85
disabled,256,10200000,85
disabled,256,10250000,85
disabled,256,10300000,85
disabled,256,10350000,85
disabled,256,10400000,85
disabled,256,10450000,85
disabled,256,10500000,85
disabled,256,10550000,85
disabled,256,10600000,85
disabled,256,10650000,85
disabled,256,10700000,85
disabled,256,10750000,85
disabled,256,10800000,85
disabled,256,10850000,85
disabled,256,10900000,85
disabled,256,10950000,85
disabled,256,11000000,85
disabled,256,11050000,85
disabled,256,11100000,85
disabled,256,11150000,85
disabled,256,11200000,85
disabled,256,11250000,85
disabled,256,11300000,85
disabled,256,11350000,85
disabled,256,11400000,85
disabled,256,11450000,85
disabled,256,11500000,85
disabled,256,11550000,85
disabled,256,11600000,85
disabled,256,11650000,85
disabled,256,11700000,85
disabled,256,11750000,85
disabled,256,11800000,85
disabled,256,11850000,85
disabled,256,11900000,85
disabled,256,11950000,85
disabled,256,12000000,85
disabled,256,12050000,85
disabled,256,12100000,85
disabled,256,12150000,85
disabled,256,12200000,85
disabled,256,12250000,85
disabled,256,12300000,85
disabled,256,12350000,85
disabled,256,12400000,85
disabled,256,12450000,85
disabled,256,12500000,85
disabled,256,12550000,85
disabled,256,12600000,85
disabled,256,12650000,85
disabled,256,12700000,85
disabled,256,12750000,85
disabled,256,12800000,85
disabled,256,12850000,85
disabled,256,12900000,85
disabled,256,12950000,85
disabled,256,13000000,85
disabled,256,13050000,85
disabled,256,13100000,85
disabled,256,13150000,85
disabled,256,13200000,85
disabled,256,13250000,85
disabled,256,13300000,85
disabled,256,13350000,85
disabled,256,13400000,85
disabled,256,13450000,85
disabled,256,13500000,85
disabled,256,13550000,85
disabled,256,13600000,85
disabled,256,13650000,85
disabled,256,13700000,85
disabled,256,13750000,85
disabled,256,13800000,85
disabled,256,13850000,85
disabled,256,13900000,85
disabled,256,13950000,85
disabled,256,14000000,85
disabled,256,14050000,85
disabled,256,14100000,85
disabled,256,14150000,85
disabled,256,14200000,85
disabled,256,14250000,85
disabled,256,14300000,85
disabled,256,14350000,85
disabled,256,14400000,85
disabled,256,14450000,85
disabled,256,14500000,85
disabled,256,14550000,85
disabled,256,14600000,85
disabled,256,14650000,85
disabled,256,14700000,85
disabled,256,14750000,85
disabled,256,14800000,85
disabled,256,14850000,85
disabled,256,14900000,85
disabled,256,14950000,85
disabled,256,15000000,85
disabled,256,15050000,85
disabled,256,15100000,85
disabled,256,15150000,85
disabled,256,15200000,85
disabled,256,15250000,85
disabled,256,15300000,85
disabled,256,15350000,85
disabled,256,15400000,85
disabled,256,15450000,85
disabled,256,15500000,85
disabled,256,15550000,85
disabled,256,15600000,85
disabled,256,15650000,85
disabled,256,15700000,85
disabled,256,15750000,85
disabled,256,15800000,85
disabled,256,15850000,85
disabled,256,15900000,85
disabled,256,15950000,85
disabled,256,16000000,85
disabled,256,16050000,85
disabled,256,16100000,85
disabled,256,16150000,85
disabled,256,16200000,85
disabled,256,16250000,85
disabled,256,16300000,85
disabled,256,16350000,85
disabled,256,16400000,85
disabled,256,16450000,85
disabled,256,16500000,85
disabled,256,16550000,85
disabled,256,16600000,85
disabled,256,16650000,85
disabled,256,16700000,85
disabled,256,16750000,85
disabled,256,16800000,85
disabled,256,16850000,85
disabled,256,16900000,85
disabled,256,16950000,85
disabled,256,17000000,85
disabled,256,17050000,85
disabled,256,17100000,85
disabled,256,17150000,85
disabled,256,17200000,85
disabled,256,17250000,85
disabled,256,17300000,85
disabled,256,17350000,85
disabled,256,17400000,85
disabled,256,17450000,85
disabled,256,17500000,85
disabled,256,17550000,85
disabled,256,17600000,85
disabled,256,17650000,85
disabled,256,17700000,85
disabled,256,17750000,85
disabled,256,17800000,85
disabled,256,17850000,85
disabled,256,17900000,85
disabled,256,17950000,85
disabled,256,18000000,85
disabled,256,18050000,85
disabled,256,18100000,85
disabled,256,18150000,85
disabled,256,18200000,85
disabled,256,18250000,85
disabled,256,18300000,85
disabled,256,18350000,85
disabled,256,18400000,85
disabled,256,18450000,85
disabled,256,18500000,85
disabled,256,18550000,85
disabled,256,18600000,85
disabled,256,18650000,85
disabled,256,18700000,85
disabled,256,18750000,85
disabled,256,18800000,85
disabled,256,18850000,85
disabled,256,18900000,85
disabled,256,18950000,85
disabled,256,19000000,85
disabled,256,19050000,85
disabled,256,19100000,85
disabled,256,19150000,85
disabled,256,19200000,85
disabled,256,19250000,85
disabled,256,19300000,85
disabled,256,19350000,85
disabled,256,19400000,85
disabled,256,19450000,85
disabled,256,19500000,85
disabled,256,19550000,85
disabled,256,19600000,85
disabled,256,19650000,85
disabled,256,19700000,85
disabled,256,19750000,85
disabled,256,19800000,85
disabled,256,19850000,85
disabled,256,19900000,85
disabled,256,19950000,85
disabled,256,20000000,85
disabled,256,20050000,85
disabled,256,20100000,85
disabled,256,20150000,85
disabled,256,20200000,85
disabled,256,20250000,85
disabled,256,20300000,85
disabled,256,20350000,85
disabled,256,20400000,85
disabled,256,20450000,85
disabled,256,20500000,85
disabled,256,20550000,85
disabled,256,20600000,85
disabled,256,20650000,85
disabled,256,20700000,85
disabled,256,20750000,85
disabled,256,20800000,85
disabled,256,20850000,85
disabled,256,20900000,85
disabled,256,20950000,85
disabled,256,21000000,85
disabled,256,21050000,85
disabled,256,21100000,85
disabled,256,21150000,85
disabled,256,21200000,85
disabled,256,21250000,85
disabled,256,21300000,85
disabled,256,21350000,85
disabled,256,21400000,85
disabled,256,21450000,85
disabled,256,21500000,85
disabled,256,21550000,85
disabled,256,21600000,85
disabled,256,21650000,85
disabled,256,21700000,85
disabled,256,21750000,85
disabled,256,21800000,85
disabled,256,21850000,85
disabled,256,21900000,85
disabled,256,21950000,85
disabled,256,22000000,85
disabled,256,22050000,85
disabled,256,22100000,85
disabled,256,22150000,85
disabled,256,22200000,85
disabled,256,22250000,85
disabled,256,22300000,85
disabled,256,22350000,85
disabled,256,22400000,85
disabled,256,22450000,85
disabled,256,22500000,85
disabled,256,22550000,85
disabled,256,22600000,85
disabled,256,22650000,85
disabled,256,22700000,85
disabled,256,22750000,85
disabled,256,22800000,85
disabled,256,22850000,85
disabled,256,22900000,85
disabled,256,22950000,85
disabled,256,23000000,85
disabled,256,23050000,85
disabled,256,23100000,85
disabled,256,23150000,85
disabled,256,23200000,85
disabled,256,23250000,85
disabled,256,23300000,85
disabled,256,23350000,85
disabled,256,23400000,85
disabled,256,23450000,85
disabled,256,23500000,85
disabled,256,23550000,85
disabled,256,23600000,85
disabled,256,23650000,85
disabled,256,23700000,85
disabled,256,23750000,85
disabled,256,23800000,85
disabled,256,23850000,85
disabled,256,23900000,85
disabled,256,23950000,85
disabled,256,24000000,85
disabled,256,24050000,85
disabled,256,24100000,85
disabled,256,24150000,85
disabled,256,24200000,85
disabled,256,24250000,85
disabled,256,24300000,85
disabled,256,24350000,85
disabled,256,24400000,85
disabled,256,24450000,85
disabled,256,24500000,85
disabled,256,24550000,85
disabled,256,24600000,85
disabled,256,24650000,85
disabled,256,24700000,85
disabled,256,24750000,85
disabled,256,24800000,85
disabled,256,24850000,85
disabled,256,24900000,85
disabled,256,24950000,85
disabled,256,25000000,85
disabled,256,25050000,85
disabled,256,25100000,85
disabled,256,25150000,85
disabled,256,25200000,85
disabled,256,25250000,85
disabled,256,25300000,85
disabled,256,25350000,85
disabled,256,25400000,85
disabled,256,25450000,85
disabled,256,25500000,85
disabled,256,25550000,85
disabled,256,25600000,85
disabled,256,25650000,85
disabled,256,25700000,85
disabled,256,25750000,85
disabled,256,25800000,85
disabled,256,25850000,85
disabled,256,25900000,85
disabled,256,25950000,85
disabled,256,26000000,85
disabled,256,26050000,85
disabled,256,26100000,85
disabled,256,26150000,85
disabled,256,26200000,85
disabled,256,26250000,85
disabled,256,26300000,85
disabled,256,26350000,85
disabled,256,26400000,85
disabled,256,26450000,85
disabled,256,26500000,85
disabled,256,26550000,85
disabled,256,26600000,85
disabled,256,26650000,85
disabled,256,26700000,85
disabled,256,26750000,85
disabled,256,26800000,85
disabled,256,26850000,85
disabled,256,26900000,85
disabled,256,26950000,85
disabled,256,27000000,85
disabled,256,27050000,85
disabled,256,27100000,85
disabled,256,27150000,85
disabled,256,27200000,85
disabled,256,27250000,85
disabled,256,27300000,85
disabled,256,27350000,85
disabled,256,27400000,85
disabled,256,27450000,85
disabled,256,27500000,85
disabled,256,27550000,85
disabled,256,27600000,85
disabled,256,27650000,85
disabled,256,27700000,85
disabled,256,27750000,85
disabled,256,27800000,85
disabled,256,27850000,85
disabled,256,27900000,85
disabled,256,27950000,85
disabled,256,28000000,85
disabled,256,28050000,85
disabled,256,28100000,85
disabled,256,28150000,85
disabled,256,28200000,85
disabled,256,28250000,85
disabled,256,28300000,85
disabled,256,28350000,85
disabled,256,28400000,85
disabled,256,28450000,85
disabled,256,28500000,85
disabled,256,28550000,85
disabled,256,28600000,85
disabled,256,28650000,85
disabled,256,28700000,85
disabled,256,28750000,85
disabled,256,28800000,85
disabled,256,28850000,85
disabled,256,28900000,85
disabled,256,28950000,85
disabled,256,29000000,85
disabled,256,29050000,85
disabled,256,29100000,85
disabled,256,29150000,85
disabled,256,29200000,85
disabled,256,29250000,85
disabled,256,29300000,85
disabled,256,29350000,85
disabled,256,29400000,85
disabled,256,29450000,85
disabled,256,29500000,85
disabled,256,29550000,85
disabled,256,29600000,85
disabled,256,29650000,85
disabled,256,29700000,85
disabled,256,29750000,85
disabled,256,29800000,85
disabled,256,29850000,85
disabled,256,29900000,85
disabled,256,29950000,85
disabled,256,30000000,85
disabled,256,30050000,85
disabled,256,30100000,85
disabled,256,30150000,85
disabled,256,30200000,85
disabled,256,30250000,85
disabled,256,30300000,85
disabled,256,30350000,85
disabled,256,30400000,85
disabled,256,30450000,85
disabled,256,30500000,85
disabled,256,30550000,85
disabled,256,30600000,85
disabled,256,30650000,85
disabled,256,30700000,85
disabled,256,30750000,85
disabled,256,30800000,85
disabled,256,30850000,85
disabled,256,30900000,85
disabled,256,30950000,85
disabled,256,31000000,85
disabled,256,31050000,85
disabled,256,31100000,85
disabled,256,31150000,85
disabled,256,31200000,85
disabled,256,31250000,85
disabled,256,31300000,85
disabled,256,31350000,85
disabled,256,31400000,85
disabled,256,31450000,85
disabled,256,31500000,85
disabled,256,31550000,85
disabled,256,31600000,85
disabled,256,31650000,85
disabled,256,31700000,85
disabled,256,31750000,85
disabled,256,31800000,85
disabled,256,31850000,85
disabled,256,31900000,85
disabled,256,31950000,85
disabled,256,32000000,85
disabled,256,32050000,85
disabled,256,32100000,85
disabled,256,32150000,85
disabled,256,32200000,85
disabled,256,32250000,85
disabled,256,32300000,85
disabled,256,32350000,85
disabled,256,32400000,85
disabled,256,32450000,85
disabled,256,32500000,85
disabled,256,32550000,85
disabled,256,32600000,85
disabled,256,32650000,85
disabled,256,32700000,85
disabled,256,32750000,85
disabled,256,32800000,85
disabled,256,32850000,85
disabled,256,32900000,85
disabled,256,32950000,85
disabled,256,33000000,85
disabled,256,33050000,85
disabled,256,33100000,85
disabled,256,33150000,85
disabled,256,33200000,85
disabled,256,33250000,85
disabled,256,33300000,85
disabled,256,33350000,85
disabled,256,33400000,85
disabled,256,33450000,85
disabled,256,33500000,85
disabled,256,33550000,85
disabled,256,33600000,85
disabled,256,33650000,85
disabled,256,33700000,85
disabled,256,33750000,85
disabled,256,33800000,85
disabled,256,33850000,85
disabled,256,33900000,85
disabled,256,33950000,85
disabled,256,34000000,85
disabled,256,34050000,85
disabled,256,34100000,85
disabled,256,34150000,85
disabled,256,34200000,85
disabled,256,34250000,85
disabled,256,34300000,85
disabled,256,34350000,85
disabled,256,34400000,85
disabled,256,34450000,85
disabled,256,34500000,85
disabled,256,34550000,85
disabled,256,34600000,85
disabled,256,34650000,85
disabled,256,34700000,85
disabled,256,34750000,85
disabled,256,34800000,85
disabled,256,34850000,85
disabled,256,34900000,85
disabled,256,34950000,85
disabled,256,35000000,85
disabled,256,35050000,85
disabled,256,35100000,85
disabled,256,35150000,85
disabled,256,35200000,85
disabled,256,35250000,85
disabled,256,35300000,85
disabled,256,35350000,85
disabled,256,35400000,85
disabled,256,35450000,85
disabled,256,35500000,85
disabled,256,35550000,85
disabled,256,35600000,85
disabled,256,35650000,85
disabled,256,35700000,85
disabled,256,35750000,85
disabled,256,35800000,85
disabled,256,35850000,85
disabled,256,35900000,85
disabled,256,35950000,85
disabled,256,36000000,85
disabled,256,36050000,85
disabled,256,36100000,85
disabled,256,36150000,85
disabled,256,36200000,85
disabled,256,36250000,85
disabled,256,36300000,85
disabled,256,36350000,85
disabled,256,36400000,85
disabled,256,36450000,85
disabled,256,36500000,85
disabled,256,36550000,85
disabled,256,36600000,85
disabled,256,36650000,85
disabled,256,36700000,85
disabled,256,36750000,85
disabled,256,36800000,85
disabled,256,36850000,85
disabled,256,36900000,85
disabled,256,36950000,85
disabled,256,37000000,85
disabled,256,37050000,85
disabled,256,37100000,85
disabled,256,37150000,85
disabled,256,37200000,85
disabled,256,37250000,85
disabled,256,37300000,85
disabled,256,37350000,85
disabled,256,37400000,85
disabled,256,37450000,85
disabled,256,37500000,85
disabled,256,37550000,85
disabled,256,37600000,85
disabled,256,37650000,85
disabled,256,37700000,85
disabled,256,37750000,85
disabled,256,37800000,85
disabled,256,37850000,85
disabled,256,37900000,85
disabled,256,37950000,85
disabled,256,38000000,85
disabled,256,38050000,85
disabled,256,38100000,85
disabled,256,38150000,85
disabled,256,38200000,85
disabled,256,38250000,85
disabled,256,38300000,85
disabled,256,38350000,85
disabled,256,38400000,85
disabled,256,38450000,85
disabled,256,38500000,85
disabled,256,38550000,85
disabled,256,38600000,85
disabled,256,38650000,85
disabled,256,38700000,85
disabled,256,38750000,85
disabled,256,38800000,85
disabled,256,38850000,85
disabled,256,38900000,85
disabled,256,38950000,85
disabled,256,39000000,85
disabled,256,39050000,85
disabled,256,39100000,85
disabled,256,39150000,85
disabled,256,39200000,85
disabled,256,39250000,85
disabled,256,39300000,85
disabled,256,39350000,85
disabled,256,39400000,85
disabled,256,39450000,85
disabled,256,39500000,85
disabled,256,39550000,85
disabled,256,39600000,85
disabled,256,39650000,85
disabled,256,39700000,85
disabled,256,39750000,85
disabled,256,39800000,85
disabled,256,39850000,85
disabled,256,39900000,85
disabled,256,39950000,85
disabled,256,40000000,85
disabled,256,40050000,85
disabled,256,40100000,85
disabled,256,40150000,85
disabled,256,40200000,85
disabled,256,40250000,85
disabled,256,40300000,85
disabled,256,40350000,85
disabled,256,40400000,85
disabled,256,40450000,85
disabled,256,40500000,85
disabled,256,40550000,85
disabled,256,40600000,85
disabled,256,40650000,85
disabled,256,40700000,85
disabled,256,40750000,85
disabled,256,40800000,85
disabled,256,40850000,85
disabled,256,40900000,85
disabled,256,40950000,85
disabled,256,41000000,85
disabled,256,41050000,85
disabled,256,41100000,85
disabled,256,41150000,85
disabled,256,41200000,85
disabled,256,41250000,85
disabled,256,41300000,85
disabled,256,41350000,85
disabled,256,41400000,85
disabled,256,41450000,85
disabled,256,41500000,85
disabled,256,41550000,85
disabled,256,41600000,85
disabled,256,41650000,85
disabled,256,41700000,85
disabled,256,41750000,85
disabled,256,41800000,85
disabled,256,41850000,85
disabled,256,41900000,85
disabled,256,41950000,85
disabled,256,42000000,85
disabled,256,42050000,85
disabled,256,42100000,85
disabled,256,42150000,85
disabled,256,42200000,85
disabled,256,42250000,85
disabled,256,42300000,85
disabled,256,42350000,85
disabled,256,42400000,85
disabled,256,42450000,85
disabled,256,42500000,85
disabled,256,42550000,85
disabled,256,42600000,85
disabled,256,42650000,85
disabled,256,42700000,85
disabled,256,42750000,85
disabled,256,42800000,85
disabled,256,42850000,85
disabled,256,42900000,85
disabled,256,42950000,85
disabled,256,43000000,85
disabled,256,43050000,85
disabled,256,43100000,85
disabled,256,43150000,85
disabled,256,43200000,85
disabled,256,43250000,85
disabled,256,43300000,85
disabled,256,43350000,85
disabled,256,43400000,85
disabled,256,43450000,85
disabled,256,43500000,85
disabled,256,43550000,85
disabled,256,43600000,85
disabled,256,43650000,85
disabled,256,43700000,85
disabled,256,43750000,85
disabled,256,43800000,85
disabled,256,43850000,85
disabled,256,43900000,85
disabled,256,43950000,85
disabled,256,44000000,85
disabled,256,44050000,85
disabled,256,44100000,85
disabled,256,44150000,85
disabled,256,44200000,85
disabled,256,44250000,85
disabled,256,44300000,85
disabled,256,44350000,85
disabled,256,44400000,85
disabled,256,44450000,85
disabled,256,44500000,85
disabled,256,44550000,85
disabled,256,44600000,85
disabled,256,44650000,85
disabled,256,44700000,85
disabled,256,44750000,85
disabled,256,44800000,85
disabled,256,44850000,85
disabled,256,44900000,85
disabled,256,44950000,85
disabled,256,45000000,85
disabled,256,45050000,85
disabled,256,45100000,85
disabled,256,45150000,85
disabled,256,45200000,85
disabled,256,45250000,85
disabled,256,45300000,85
disabled,256,45350000,85
disabled,256,45400000,85
disabled,256,45450000,85
disabled,256,45500000,85
disabled,256,45550000,85
disabled,256,45600000,85
disabled,256,45650000,85
disabled,256,45700000,85
disabled,256,45750000,85
disabled,256,45800000,85
disabled,256,45850000,85
disabled,256,45900000,85
disabled,256,45950000,85
disabled,256,46000000,85
disabled,256,46050000,85
disabled,256,46100000,85
disabled,256,46150000,85
disabled,256,46200000,85
disabled,256,46250000,85
disabled,256,46300000,85
disabled,256,46350000,85
disabled,256,46400000,85
disabled,256,46450000,85
disabled,256,46500000,85
disabled,256,46550000,85
disabled,256,46600000,85
disabled,256,46650000,85
disabled,256,46700000,85
disabled,256,46750000,85
disabled,256,46800000,85
disabled,256,46850000,85
disabled,256,46900000,85
disabled,256,46950000,85
disabled,256,47000000,85
disabled,256,47050000,85
disabled,256,47100000,85
disabled,256,47150000,85
disabled,256,47200000,85
disabled,256,47250000,85
disabled,256,47300000,85
disabled,256,47350000,85
disabled,256,47400000,85
disabled,256,47450000,85
disabled,256,47500000,85
disabled,256,47550000,85
disabled,256,47600000,85
disabled,256,47650000,85
disabled,256,47700000,85
disabled,256,47750000,85
disabled,256,47800000,85
disabled,256,47850000,85
disabled,256,47900000,85
disabled,256,47950000,85
disabled,256,48000000,85
disabled,256,48050000,85
disabled,256,48100000,85
disabled,256,48150000,85
disabled,256,48200000,85
disabled,256,48250000,85
disabled,256,48300000,85
disabled,256,48350000,85
disabled,256,48400000,85
disabled,256,48450000,85
disabled,256,48500000,85
disabled,256,48550000,85
disabled,256,48600000,85
disabled,256,48650000,85
disabled,256,48700000,85
disabled,256,48750000,85
disabled,256,48800000,85
disabled,256,48850000,85
disabled,256,48900000,85
disabled,256,48950000,85
disabled,256,49000000,85
disabled,256,49050000,85
disabled,256,49100000,85
disabled,256,49150000,85
disabled,256,49200000,85
disabled,256,49250000,85
disabled,256,49300000,85
disabled,256,49350000,85
disabled,256,49400000,85
disabled,256,49450000,85
disabled,256,49500000,85
disabled,256,49550000,85
disabled,256,49600000,85
disabled,256,49650000,85
disabled,256,49700000,85
disabled,256,49750000,85
disabled,256,49800000,85
disabled,256,49850000,85
disabled,256,49900000,85
disabled,256,49950000,85
disabled,256,50000000,85
disabled,256,50050000,85
disabled,256,50100000,85
disabled,256,50150000,85
disabled,256,50200000,85
disabled,256,50250000,85
disabled,256,50300000,85
disabled,256,50350000,85
disabled,256,50400000,85
disabled,256,50450000,85
disabled,256,50500000,85
disabled,256,50550000,85
disabled,256,50600000,85
disabled,256,50650000,85
disabled,256,50700000,85
disabled,256,50750000,85
disabled,256,50800000,85
disabled,256,50850000,85
disabled,256,50900000,85
disabled,256,50950000,85
disabled,256,51000000,85
disabled,256,51050000,85
disabled,256,51100000,85
disabled,256,51150000,85
disabled,256,51200000,85
disabled,256,51250000,85
disabled,256,51300000,85
disabled,256,51350000,85
disabled,256,51400000,85
disabled,256,51450000,85
disabled,256,51500000,85
disabled,256,51550000,85
disabled,256,51600000,85
disabled,256,51650000,85
disabled,256,51700000,85
disabled,256,51750000,85
disabled,256,51800000,85
disabled,256,51850000,85
disabled,256,51900000,85
disabled,256,51950000,85
disabled,256,52000000,85
disabled,256,52050000,85
disabled,256,52100000,85
disabled,256,52150000,85
disabled,256,52200000,85
disabled,256,52250000,85
disabled,256,52300000,85
disabled,256,52350000,85
disabled,256,52400000,85
disabled,256,52450000,85
disabled,256,52500000,85
disabled,256,52550000,85
disabled,256,52600000,85
disabled,256,52650000,85
disabled,256,52700000,85
disabled,256,52750000,85
disabled,256,52800000,85
disabled,256,52850000,85
disabled,256,52900000,85
disabled,256,52950000,85
disabled,256,53000000,85
disabled,256,53050000,85
disabled,256,53100000,85
disabled,256,53150000,85
disabled,256,53200000,85
disabled,256,53250000,85
disabled,256,53300000,85
disabled,256,53350000,85
disabled,256,53400000,85
disabled,256,53450000,85
disabled,256,53500000,85
disabled,256,53550000,85
disabled,256,53600000,85
disabled,256,53650000,85
disabled,256,53700000,85
disabled,256,53750000,85
disabled,256,53800000,85
disabled,256,53850000,85
disabled,256,53900000,85
disabled,256,53950000,85
disabled,256,54000000,85
disabled,256,54050000,85
disabled,256,54100000,85
disabled,256,54150000,85
disabled,256,54200000,85
disabled,256,54250000,85
disabled,256,54300000,85
disabled,256,54350000,85
disabled,256,54400000,85
disabled,256,54450000,85
disabled,256,54500000,85
disabled,256,54550000,85
disabled,256,54600000,85
disabled,256,54650000,85
disabled,256,54700000,85
disabled,256,54750000,85
disabled,256,54800000,85
disabled,256,54850000,85
disabled,256,54900000,85
disabled,256,54950000,85
disabled,256,55000000,85
disabled,256,55050000,85
disabled,256,55100000,85
disabled,256,55150000,85
disabled,256,55200000,85
disabled,256,55250000,85
disabled,256,55300000,85
disabled,256,55350000,85
disabled,256,55400000,85
disabled,256,55450000,85
disabled,256,55500000,85
disabled,256,55550000,85
disabled,256,55600000,85
disabled,256,55650000,85
disabled,256,55700000,85
disabled,256,55750000,85
disabled,256,55800000,85
disabled,256,55850000,85
disabled,256,55900000,85
disabled,256,55950000,85
disabled,256,56000000,85
disabled,256,56050000,85
disabled,256,56100000,85
disabled,256,56150000,85
disabled,256,56200000,85
disabled,256,56250000,85
disabled,256,56300000,85
disabled,256,56350000,85
disabled,256,56400000,85
disabled,256,56450000,85
disabled,256,56500000,85
disabled,256,56550000,85
disabled,256,56600000,85
disabled,256,56650000,85
disabled,256,56700000,85
disabled,256,56750000,85
disabled,256,56800000,85
disabled,256,56850000,85
disabled,256,56900000,85
disabled,256,56950000,85
disabled,256,57000000,85
disabled,256,57050000,85
disabled,256,57100000,85
disabled,256,57150000,85
disabled,256,57200000,85
disabled,256,57250000,85
disabled,256,57300000,85
disabled,256,57350000,85
disabled,256,57400000,85
disabled,256,57450000,85
disabled,256,57500000,85
disabled,256,57550000,85
disabled,256,57600000,85
disabled,256,57650000,85
disabled,256,57700000,85
disabled,256,57750000,85
disabled,256,57800000,85
disabled,256,57850000,85
disabled,256,57900000,85
disabled,256,57950000,85
disabled,256,58000000,85
disabled,256,58050000,85
disabled,256,58100000,85
disabled,256,58150000,85
disabled,256,58200000,85
disabled,256,58250000,85
disabled,256,58300000,85
disabled,256,58350000,85
disabled,256,58400000,85
disabled,256,58450000,85
disabled,256,58500000,85
disabled,256,58550000,85
disabled,256,58600000,85
disabled,256,58650000,85
disabled,256,58700000,85
disabled,256,58750000,85
disabled,256,58800000,85
disabled,256,58850000,85
disabled,256,58900000,85
disabled,256,58950000,85
disabled,256,59000000,85
disabled,256,59050000,85
disabled,256,59100000,85
disabled,256,59150000,85
disabled,256,59200000,85
disabled,256,59250000,85
disabled,256,59300000,85
disabled,256,59350000,85
disabled,256,59400000,85
disabled,256,59450000,85
disabled,256,59500000,85
disabled,256,59550000,85
disabled,256,59600000,85
disabled,256,59650000,85
disabled,256,59700000,85
disabled,256,59750000,85
disabled,256,59800000,85
disabled,256,59850000,85
disabled,256,59900000,85
disabled,256,59950000,85
disabled,256,60000000,85
disabled,256,60050000,85
disabled,256,60100000,85
disabled,256,60150000,85
disabled,256,60200000,85
disabled,256,60250000,85
disabled,256,60300000,85
disabled,256,60350000,85
disabled,256,60400000,85
disabled,256,60450000,85
disabled,256,60500000,85
disabled,256,60550000,85
disabled,256,60600000,85
disabled,256,60650000,85
disabled,256,60700000,85
disabled,256,60750000,85
disabled,256,60800000,85
disabled,256,60850000,85
disabled,256,60900000,85
disabled,256,60950000,85
disabled,256,61000000,85
disabled,256,61050000,85
disabled,256,61100000,85
disabled,256,61150000,85
disabled,256,61200000,85
disabled,256,61250000,85
disabled,256,61300000,85
disabled,256,61350000,85
disabled,256,61400000,85
disabled,256,61450000,85
disabled,256,61500000,85
disabled,256,61550000,85
disabled,256,61600000,85
disabled,256,61650000,85
disabled,256,61700000,85
disabled,256,61750000,85
disabled,256,61800000,85
disabled,256,61850000,85
disabled,256,61900000,85
disabled,256,61950000,85
disabled,256,62000000,85
disabled,256,62050000,85
disabled,256,62100000,85
disabled,256,62150000,85
disabled,256,62200000,85
disabled,256,62250000,85
disabled,256,62300000,85
disabled,256,62350000,85
disabled,256,62400000,85
disabled,256,62450000,85
disabled,256,62500000,85
disabled,256,62550000,85
disabled,256,62600000,85
disabled,256,62650000,85
disabled,256,62700000,85
disabled,256,62750000,85
disabled,256,62800000,85
disabled,256,62850000,85
disabled,256,62900000,85
disabled,256,62950000,85
disabled,256,63000000,85
disabled,256,63050000,85
disabled,256,63100000,85
disabled,256,63150000,85
disabled,256,63200000,85
disabled,256,63250000,85
disabled,256,63300000,85
disabled,256,63350000,85
disabled,256,63400000,85
disabled,256,63450000,85
disabled,256,63500000,85
disabled,256,63550000,85
disabled,256,63600000,85
disabled,256,63650000,85
disabled,256,63700000,85
disabled,256,63750000,85
disabled,256,63800000,85
disabled,256,63850000,85
disabled,256,63900000,85
disabled,256,63950000,85
disabled,256,64000000,85
disabled,256,64050000,85
disabled,256,64100000,85
disabled,256,64150000,85
disabled,256,64200000,85
disabled,256,64250000,85
disabled,256,64300000,85
disabled,256,64350000,85
disabled,256,64400000,85
disabled,256,64450000,85
disabled,256,64500000,85
disabled,256,64550000,85
disabled,256,64600000,85
disabled,256,64650000,85
disabled,256,64700000,85
disabled,256,64750000,85
disabled,256,64800000,85
disabled,256,64850000,85
disabled,256,64900000,85
disabled,256,64950000,85
disabled,256,65000000,85
disabled,256,65050000,85
disabled,256,65100000,85
disabled,256,65150000,85
disabled,256,65200000,85
disabled,256,65250000,85
disabled,256,65300000,85
disabled,256,65350000,85
disabled,256,65400000,85
disabled,256,65450000,85
disabled,256,65500000,85
disabled,256,65550000,85
disabled,256,65600000,85
disabled,256,65650000,85
disabled,256,65700000,85
disabled,256,65750000,85
disabled,256,65800000,85
disabled,256,65850000,85
disabled,256,65900000,85
disabled,256,65950000,85
disabled,256,66000000,85
disabled,256,66050000,85
disabled,256,66100000,85
disabled,256,66150000,85
disabled,256,66200000,85
disabled,256,66250000,85
disabled,256,66300000,85
disabled,256,66350000,85
disabled,256,66400000,85
disabled,256,66450000,85
disabled,256,66500000,85
disabled,256,66550000,85
disabled,256,66600000,85
disabled,256,66650000,85
disabled,256,66700000,85
disabled,256,66750000,85
disabled,256,66800000,85
disabled,256,66850000,85
disabled,256,66900000,85
disabled,256,66950000,85
disabled,256,67000000,85
disabled,256,67050000,85
disabled,256,67100000,85
disabled,256,67150000,85
disabled,256,67200000,85
disabled,256,67250000,85
disabled,256,67300000,85
disabled,256,67350000,85
disabled,256,67400000,85
disabled,256,67450000,85
disabled,256,67500000,85
disabled,256,67550000,85
disabled,256,67600000,85
disabled,256,67650000,85
disabled,256,67700000,85
disabled,256,67750000,85
disabled,256,67800000,85
disabled,256,67850000,85
disabled,256,67900000,85
disabled,256,67950000,85
disabled,256,68000000,85
disabled,256,68050000,85
disabled,256,68100000,85
disabled,256,68150000,85
disabled,256,68200000,85
disabled,256,68250000,85
disabled,256,68300000,85
disabled,256,68350000,85
disabled,256,68400000,85
disabled,256,68450000,85
disabled,256,68500000,85
disabled,256,68550000,85
disabled,256,68600000,85
disabled,256,68650000,85
disabled,256,68700000,85
disabled,256,68750000,85
disabled,256,68800000,85
disabled,256,68850000,85
disabled,256,68900000,85
disabled,256,68950000,85
disabled,256,69000000,85
disabled,256,69050000,85
disabled,256,69100000,85
disabled,256,69150000,85
disabled,256,69200000,85
disabled,256,69250000,85
disabled,256,69300000,85
disabled,256,69350000,85
disabled,256,69400000,85
disabled,256,69450000,85
disabled,256,69500000,85
disabled,256,69550000,85
disabled,256,69600000,85
disabled,256,69650000,85
disabled,256,69700000,85
disabled,256,69750000,85
disabled,256,69800000,85
disabled,256,69850000,85
disabled,256,69900000,85
disabled,256,69950000,85
disabled,256,70000000,85
disabled,256,70050000,85
disabled,256,70100000,85
disabled,256,70150000,85
disabled,256,70200000,85
disabled,256,70250000,85
disabled,256,70300000,85
disabled,256,70350000,85
disabled,256,70400000,85
disabled,256,70450000,85
disabled,256,70500000,85
disabled,256,70550000,85
disabled,256,70600000,85
disabled,256,70650000,85
disabled,256,70700000,85
disabled,256,70750000,85
disabled,256,70800000,85
disabled,256,70850000,85
disabled,256,70900000,85
disabled,256,70950000,85
disabled,256,71000000,85
disabled,256,71050000,85
disabled,256,71100000,85
disabled,256,71150000,85
disabled,256,71200000,85
disabled,256,71250000,85
disabled,256,71300000,85
disabled,256,71350000,85
disabled,256,71400000,85
disabled,256,71450000,85
disabled,256,71500000,85
disabled,256,71550000,85
disabled,256,71600000,85
disabled,256,71650000,85
disabled,256,71700000,85
disabled,256,71750000,85
disabled,256,71800000,85
disabled,256,71850000,85
disabled,256,71900000,85
disabled,256,71950000,85
disabled,256,72000000,85
disabled,256,72050000,85
disabled,256,72100000,85
disabled,256,72150000,85
disabled,256,72200000,85
disabled,256,72250000,85
disabled,256,72300000,85
disabled,256,72350000,85
disabled,256,72400000,85
disabled,256,72450000,85
disabled,256,72500000,85
disabled,256,72550000,85
disabled,256,72600000,85
disabled,256,72650000,85
disabled,256,72700000,85
disabled,256,72750000,85
disabled,256,72800000,85
disabled,256,72850000,85
disabled,256,72900000,85
disabled,256,72950000,85
disabled,256,73000000,85
disabled,256,73050000,85
disabled,256,73100000,85
disabled,256,73150000,85
disabled,256,73200000,85
disabled,256,73250000,85
disabled,256,73300000,85
disabled,256,73350000,85
disabled,256,73400000,85
disabled,256,73450000,85
disabled,256,73500000,85
disabled,256,73550000,85
disabled,256,73600000,85
disabled,256,73650000,85
disabled,256,73700000,85
disabled,256,73750000,85
disabled,256,73800000,85
disabled,256,73850000,85
disabled,256,73900000,85
disabled,256,73950000,85
disabled,256,74000000,85
disabled,256,74050000,85
disabled,256,74100000,85
disabled,256,74150000,85
disabled,256,74200000,85
disabled,256,74250000,85
disabled,256,74300000,85
disabled,256,74350000,85
disabled,256,74400000,85
disabled,256,74450000,85
disabled,256,74500000,85
disabled,256,74550000,85
disabled,256,74600000,85
disabled,256,74650000,85
disabled,256,74700000,85
disabled,256,74750000,85
disabled,256,74800000,85
disabled,256,74850000,85
disabled,256,74900000,85
disabled,256,74950000,85
disabled,256,75000000,85
disabled,256,75050000,85
disabled,256,75100000,85
disabled,256,75150000,85
disabled,256,75200000,85
disabled,256,75250000,85
disabled,256,75300000,85
disabled,256,75350000,85
disabled,256,75400000,85
disabled,256,75450000,85
disabled,256,75500000,85
disabled,256,75550000,85
disabled,256,75600000,85
disabled,256,75650000,85
disabled,256,75700000,85
disabled,256,75750000,85
disabled,256,75800000,85
disabled,256,75850000,85
disabled,256,75900000,85
disabled,256,75950000,85
disabled,256,76000000,85
disabled,256,76050000,85
disabled,256,76100000,85
disabled,256,76150000,85
disabled,256,76200000,85
disabled,256,76250000,85
disabled,256,76300000,85
disabled,256,76350000,85
disabled,256,76400000,85
disabled,256,76450000,85
disabled,256,76500000,85
disabled,256,76550000,85
disabled,256,76600000,85
disabled,256,76650000,85
disabled,256,76700000,85
disabled,256,76750000,85
disabled,256,76800000,85
disabled,256,76850000,85
disabled,256,76900000,85
disabled,256,76950000,85
disabled,256,77000000,85
disabled,256,77050000,85
disabled,256,77100000,85
disabled,256,77150000,85
disabled,256,77200000,85
disabled,256,77250000,85
disabled,256,77300000,85
disabled,256,77350000,85
disabled,256,77400000,85
disabled,256,77450000,85
disabled,256,77500000,85
disabled,256,77550000,85
disabled,256,77600000,85
disabled,256,77650000,85
disabled,256,77700000,85
disabled,256,77750000,85
disabled,256,77800000,85
disabled,256,77850000,85
disabled,256,77900000,85
disabled,256,77950000,85
disabled,256,78000000,85
disabled,256,78050000,85
disabled,256,78100000,85
disabled,256,78150000,85
disabled,256,78200000,85
disabled,256,78250000,85
disabled,256,78300000,85
disabled,256,78350000,85
disabled,256,78400000,85
disabled,256,78450000,85
disabled,256,78500000,85
disabled,256,78550000,85
disabled,256,78600000,85
disabled,256,78650000,85
disabled,256,78700000,85
disabled,256,78750000,85
disabled,256,78800000,85
disabled,256,78850000,85
disabled,256,78900000,85
disabled,256,78950000,85
disabled,256,79000000,85
disabled,256,79050000,85
disabled,256,79100000,85
disabled,256,79150000,85
disabled,256,79200000,85
disabled,256,79250000,85
disabled,256,79300000,85
disabled,256,79350000,85
disabled,256,79400000,85
disabled,256,79450000,85
disabled,256,79500000,85
disabled,256,79550000,85
disabled,256,79600000,85
disabled,256,79650000,85
disabled,256,79700000,85
disabled,256,79750000,85
disabled,256,79800000,85
disabled,256,79850000,85
disabled,256,79900000,85
disabled,256,79950000,85
marginal-hits,128,50000,57
marginal-hits,128,100000,52
marginal-hits,128,150000,47
marginal-hits,128,200000,45
marginal-hits,128,250000,44
marginal-hits,128,300000,42
marginal-hits,128,350000,40
marginal-hits,128,400000,41
marginal-hits,128,450000,41
marginal-hits,128,500000,41
marginal-hits,128,550000,41
marginal-hits,128,600000,41
marginal-hits,128,650000,42
marginal-hits,128,700000,41
marginal-hits,128,750000,41
marginal-hits,128,800000,41
marginal-hits,128,850000,41
marginal-hits,128,900000,41
marginal-hits,128,950000,41
marginal-hits,128,1000000,41
marginal-hits,128,1050000,40
marginal-hits,128,1100000,39
marginal-hits,128,1150000,38
marginal-hits,128,1200000,37
marginal-hits,128,1250000,36
marginal-hits,128,1300000,35
marginal-hits,128,1350000,34
marginal-hits,128,1400000,34
marginal-hits,128,1450000,33
marginal-hits,128,1500000,32
marginal-hits,128,1550000,31
marginal-hits,128,1600000,30
marginal-hits,128,1650000,30
marginal-hits,128,1700000,29
marginal-hits,128,1750000,29
marginal-hits,128,1800000,28
marginal-hits,128,1850000,27
marginal-hits,128,1900000,26
marginal-hits,128,1950000,25
marginal-hits,128,2000000,24
marginal-hits,128,2050000,23
marginal-hits,128,2100000,22
marginal-hits,128,2150000,21
marginal-hits,128,2200000,20
marginal-hits,128,2250000,19
marginal-hits,128,2300000,18
marginal-hits,128,2350000,17
marginal-hits,128,2400000,16
marginal-hits,128,2450000,15
marginal-hits,128,2500000,14
marginal-hits,128,2550000,13
marginal-hits,128,2600000,12
marginal-hits,128,2650000,11
marginal-hits,128,2700000,10
marginal-hits,128,2750000,10
marginal-hits,128,2800000,10
marginal-hits,128,2850000,10
marginal-hits,128,2900000,9
marginal-hits,128,2950000,8
marginal-hits,128,3000000,8
marginal-hits,128,3050000,8
marginal-hits,128,3100000,7
marginal-hits,128,3150000,7
marginal-hits,128,3200000,6
marginal-hits,128,3250000,6
marginal-hits,128,3300000,6
marginal-hits,128,3350000,7
marginal-hits,128,3400000,6
marginal-hits,128,3450000,7
marginal-hits,128,3500000,7
marginal-hits,128,3550000,7
marginal-hits,128,3600000,6
marginal-hits,128,3650000,6
marginal-hits,128,3700000,6
marginal-hits,128,3750000,5
marginal-hits,128,3800000,5
marginal-hits,128,3850000,5
marginal-hits,128,3900000,6
marginal-hits,128,3950000,6
marginal-hits,128,4000000,6
marginal-hits,128,4050000,6
marginal-hits,128,4100000,7
marginal-hits,128,4150000,6
marginal-hits,128,4200000,7
marginal-hits,128,4250000,7
marginal-hits,128,4300000,8
marginal-hits,128,4350000,7
marginal-hits,128,4400000,6
marginal-hits,128,4450000,5
marginal-hits,128,4500000,5
marginal-hits,128,4550000,4
marginal-hits,128,4600000,4
marginal-hits,128,4650000,5
marginal-hits,128,4700000,5
marginal-hits,128,4750000,5
marginal-hits,128,4800000,5
marginal-hits,128,4850000,4
marginal-hits,128,4900000,4
marginal-hits,128,4950000,4
marginal-hits,128,5000000,4
marginal-hits,128,5050000,4
marginal-hits,128,5100000,4
marginal-hits,128,5150000,4
marginal-hits,128,5200000,3
marginal-hits,128,5250000,2
marginal-hits,128,5300000,2
marginal-hits,128,5350000,3
marginal-hits,128,5400000,4
marginal-hits,128,5450000,4
marginal-hits,128,5500000,4
marginal-hits,128,5550000,4
marginal-hits,128,5600000,4
marginal-hits,128,5650000,4
marginal-hits,128,5700000,3
marginal-hits,128,5750000,2
marginal-hits,128,5800000,2
marginal-hits,128,5850000,2
marginal-hits,128,5900000,2
marginal-hits,128,5950000,3
marginal-hits,128,6000000,3
marginal-hits,128,6050000,4
marginal-hits,128,6100000,4
marginal-hits,128,6150000,4
marginal-hits,128,6200000,4
marginal-hits,128,6250000,4
marginal-hits,128,6300000,5
marginal-hits,128,6350000,4
marginal-hits,128,6400000,4
marginal-hits,128,6450000,5
marginal-hits,128,6500000,6
marginal-hits,128,6550000,7
marginal-hits,128,6600000,6
marginal-hits,128,6650000,7
marginal-hits,128,6700000,6
marginal-hits,128,6750000,5
marginal-hits,128,6800000,6
marginal-hits,128,6850000,6
marginal-hits,128,6900000,5
marginal-hits,128,6950000,5
marginal-hits,128,7000000,4
marginal-hits,128,7050000,3
marginal-hits,128,7100000,2
marginal-hits,128,7150000,3
marginal-hits,128,7200000,3
marginal-hits,128,7250000,3
marginal-hits,128,7300000,3
marginal-hits,128,7350000,4
marginal-hits,128,7400000,3
marginal-hits,128,7450000,3
marginal-hits,128,7500000,4
marginal-hits,128,7550000,4
marginal-hits,128,7600000,4
marginal-hits,128,7650000,4
marginal-hits,128,7700000,4
marginal-hits,128,7750000,5
marginal-hits,128,7800000,4
marginal-hits,128,7850000,3
marginal-hits,128,7900000,3
marginal-hits,128,7950000,4
marginal-hits,128,8000000,4
marginal-hits,128,8050000,3
marginal-hits,128,8100000,2
marginal-hits,128,8150000,1
marginal-hits,128,8200000,2
marginal-hits,128,8250000,2
marginal-hits,128,8300000,3
marginal-hits,128,8350000,4
marginal-hits,128,8400000,4
marginal-hits,128,8450000,5
marginal-hits,128,8500000,5
marginal-hits,128,8550000,5
marginal-hits,128,8600000,6
marginal-hits,128,8650000,6
marginal-hits,128,8700000,7
marginal-hits,128,8750000,7
marginal-hits,128,8800000,7
marginal-hits,128,8850000,8
marginal-hits,128,8900000,7
marginal-hits,128,8950000,8
marginal-hits,128,9000000,9
marginal-hits,128,9050000,10
marginal-hits,128,9100000,9
marginal-hits,128,9150000,8
marginal-hits,128,9200000,7
marginal-hits,128,9250000,6
marginal-hits,128,9300000,5
marginal-hits,128,9350000,5
marginal-hits,128,9400000,6
marginal-hits,128,9450000,6
marginal-hits,128,9500000,5
marginal-hits,128,9550000,4
marginal-hits,128,9600000,5
marginal-hits,128,9650000,4
marginal-hits,128,9700000,3
marginal-hits,128,9750000,3
marginal-hits,128,9800000,3
marginal-hits,128,9850000,4
marginal-hits,128,9900000,4
marginal-hits,128,9950000,4
marginal-hits,128,10000000,3
marginal-hits,128,10050000,4
marginal-hits,128,10100000,5
marginal-hits,128,10150000,4
marginal-hits,128,10200000,4
marginal-hits,128,10250000,5
marginal-hits,128,10300000,5
marginal-hits,128,10350000,4
marginal-hits,128,10400000,5
marginal-hits,128,10450000,6
marginal-hits,128,10500000,7
marginal-hits,128,10550000,7
marginal-hits,128,10600000,7
marginal-hits,128,10650000,7
marginal-hits,128,10700000,6
marginal-hits,128,10750000,5
marginal-hits,128,10800000,6
marginal-hits,128,10850000,5
marginal-hits,128,10900000,5
marginal-hits,128,10950000,6
marginal-hits,128,11000000,7
marginal-hits,128,11050000,7
marginal-hits,128,11100000,8
marginal-hits,128,11150000,9
marginal-hits,128,11200000,10
marginal-hits,128,11250000,11
marginal-hits,128,11300000,11
marginal-hits,128,11350000,10
marginal-hits,128,11400000,10
marginal-hits,128,11450000,11
marginal-hits,128,11500000,10
marginal-hits,128,11550000,10
marginal-hits,128,11600000,10
marginal-hits,128,11650000,9
marginal-hits,128,11700000,9
marginal-hits,128,11750000,9
marginal-hits,128,11800000,8
marginal-hits,128,11850000,7
marginal-hits,128,11900000,7
marginal-hits,128,11950000,7
marginal-hits,128,12000000,6
marginal-hits,128,12050000,6
marginal-hits,128,12100000,6
marginal-hits,128,12150000,7
marginal-hits,128,12200000,7
marginal-hits,128,12250000,8
marginal-hits,128,12300000,9
marginal-hits,128,12350000,8
marginal-hits,128,12400000,8
marginal-hits,128,12450000,8
marginal-hits,128,12500000,8
marginal-hits,128,12550000,7
marginal-hits,128,12600000,6
marginal-hits,128,12650000,6
marginal-hits,128,12700000,6
marginal-hits,128,12750000,7
marginal-hits,128,12800000,6
marginal-hits,128,12850000,6
marginal-hits,128,12900000,5
marginal-hits,128,12950000,5
marginal-hits,128,13000000,4
marginal-hits,128,13050000,3
marginal-hits,128,13100000,4
marginal-hits,128,13150000,4
marginal-hits,128,13200000,4
marginal-hits,128,13250000,5
marginal-hits,128,13300000,4
marginal-hits,128,13350000,5
marginal-hits,128,13400000,5
marginal-hits,128,13450000,4
marginal-hits,128,13500000,4
marginal-hits,128,13550000,4
marginal-hits,128,13600000,3
marginal-hits,128,13650000,2
marginal-hits,128,13700000,2
marginal-hits,128,13750000,2
marginal-hits,128,13800000,3
marginal-hits,128,13850000,4
marginal-hits,128,13900000,5
marginal-hits,128,13950000,4
marginal-hits,128,14000000,3
marginal-hits,128,14050000,4
marginal-hits,128,14100000,4
marginal-hits,128,14150000,5
marginal-hits,128,14200000,6
marginal-hits,128,14250000,7
marginal-hits,128,14300000,8
marginal-hits,128,14350000,7
marginal-hits,128,14400000,6
marginal-hits,128,14450000,5
marginal-hits,128,14500000,5
marginal-hits,128,14550000,5
marginal-hits,128,14600000,6
marginal-hits,128,14650000,6
marginal-hits,128,14700000,5
marginal-hits,128,14750000,5
marginal-hits,128,14800000,4
marginal-hits,128,14850000,5
marginal-hits,128,14900000,4
marginal-hits,128,14950000,4
marginal-hits,128,15000000,4
marginal-hits,128,15050000,4
marginal-hits,128,15100000,3
marginal-hits,128,15150000,3
marginal-hits,128,15200000,4
marginal-hits,128,15250000,5
marginal-hits,128,15300000,6
marginal-hits,128,15350000,5
marginal-hits,128,15400000,5
marginal-hits,128,15450000,6
marginal-hits,128,15500000,5
marginal-hits,128,15550000,6
marginal-hits,128,15600000,5
marginal-hits,128,15650000,4
marginal-hits,128,15700000,3
marginal-hits,128,15750000,4
marginal-hits,128,15800000,4
marginal-hits,128,15850000,4
marginal-hits,128,15900000,3
marginal-hits,128,15950000,3
marginal-hits,128,16000000,3
marginal-hits,128,16050000,3
marginal-hits,128,16100000,3
marginal-hits,128,16150000,2
marginal-hits,128,16200000,1
marginal-hits,128,16250000,2
marginal-hits,128,16300000,2
marginal-hits,128,16350000,3
marginal-hits,128,16400000,3
marginal-hits,128,16450000,3
marginal-hits,128,16500000,4
marginal-hits,128,16550000,4
marginal-hits,128,16600000,4
marginal-hits,128,16650000,4
marginal-hits,128,16700000,4
marginal-hits,128,16750000,4
marginal-hits,128,16800000,3
marginal-hits,128,16850000,2
marginal-hits,128,16900000,1
marginal-hits,128,16950000,1
marginal-hits,128,17000000,2
marginal-hits,128,17050000,3
marginal-hits,128,17100000,4
marginal-hits,128,17150000,5
marginal-hits,128,17200000,6
marginal-hits,128,17250000,6
marginal-hits,128,17300000,7
marginal-hits,128,17350000,7
marginal-hits,128,17400000,7
marginal-hits,128,17450000,6
marginal-hits,128,17500000,5
marginal-hits,128,17550000,5
marginal-hits,128,17600000,6
marginal-hits,128,17650000,5
marginal-hits,128,17700000,4
marginal-hits,128,17750000,4
marginal-hits,128,17800000,3
marginal-hits,128,17850000,2
marginal-hits,128,17900000,2
marginal-hits,128,17950000,1
marginal-hits,128,18000000,2
marginal-hits,128,18050000,3
marginal-hits,128,18100000,3
marginal-hits,128,18150000,2
marginal-hits,128,18200000,2
marginal-hits,128,18250000,2
marginal-hits,128,18300000,3
marginal-hits,128,18350000,3
marginal-hits,128,18400000,4
marginal-hits,128,18450000,4
marginal-hits,128,18500000,5
marginal-hits,128,18550000,5
marginal-hits,128,18600000,6
marginal-hits,128,18650000,6
marginal-hits,128,18700000,6
marginal-hits,128,18750000,6
marginal-hits,128,18800000,6
marginal-hits,128,18850000,5
marginal-hits,128,18900000,4
marginal-hits,128,18950000,4
marginal-hits,128,19000000,4
marginal-hits,128,19050000,3
marginal-hits,128,19100000,4
marginal-hits,128,19150000,4
marginal-hits,128,19200000,3
marginal-hits,128,19250000,4
marginal-hits,128,19300000,5
marginal-hits,128,19350000,6
marginal-hits,128,19400000,6
marginal-hits,128,19450000,6
marginal-hits,128,19500000,6
marginal-hits,128,19550000,5
marginal-hits,128,19600000,4
marginal-hits,128,19650000,3
marginal-hits,128,19700000,2
marginal-hits,128,19750000,2
marginal-hits,128,19800000,3
marginal-hits,128,19850000,3
marginal-hits,128,19900000,3
marginal-hits,128,19950000,3
marginal-hits,128,20000000,4
marginal-hits,128,20050000,5
marginal-hits,128,20100000,4
marginal-hits,128,20150000,3
marginal-hits,128,20200000,3
marginal-hits,128,20250000,4
marginal-hits,128,20300000,5
marginal-hits,128,20350000,4
marginal-hits,128,20400000,4
marginal-hits,128,20450000,4
marginal-hits,128,20500000,4
marginal-hits,128,20550000,3
marginal-hits,128,20600000,2
marginal-hits,128,20650000,3
marginal-hits,128,20700000,2
marginal-hits,128,20750000,1
marginal-hits,128,20800000,1
marginal-hits,128,20850000,2
marginal-hits,128,20900000,1
marginal-hits,128,20950000,1
marginal-hits,128,21000000,2
marginal-hits,128,21050000,1
marginal-hits,128,21100000,2
marginal-hits,128,21150000,3
marginal-hits,128,21200000,4
marginal-hits,128,21250000,3
marginal-hits,128,21300000,2
marginal-hits,128,21350000,2
marginal-hits,128,21400000,1
marginal-hits,128,21450000,2
marginal-hits,128,21500000,2
marginal-hits,128,21550000,2
marginal-hits,128,21600000,2
marginal-hits,128,21650000,3
marginal-hits,128,21700000,4
marginal-hits,128,21750000,4
marginal-hits,128,21800000,4
marginal-hits,128,21850000,4
marginal-hits,128,21900000,3
marginal-hits,128,21950000,2
marginal-hits,128,22000000,1
marginal-hits,128,22050000,2
marginal-hits,128,22100000,3
marginal-hits,128,22150000,4
marginal-hits,128,22200000,5
marginal-hits,128,22250000,5
marginal-hits,128,22300000,4
marginal-hits,128,22350000,5
marginal-hits,128,22400000,5
marginal-hits,128,22450000,5
marginal-hits,128,22500000,5
marginal-hits,128,22550000,6
marginal-hits,128,22600000,6
marginal-hits,128,22650000,5
marginal-hits,128,22700000,6
marginal-hits,128,22750000,5
marginal-hits,128,22800000,6
marginal-hits,128,22850000,5
marginal-hits,128,22900000,5
marginal-hits,128,22950000,5
marginal-hits,128,23000000,5
marginal-hits,128,23050000,6
marginal-hits,128,23100000,7
marginal-hits,128,23150000,7
marginal-hits,128,23200000,7
marginal-hits,128,23250000,7
marginal-hits,128,23300000,6
marginal-hits,128,23350000,6
marginal-hits,128,23400000,6
marginal-hits,128,23450000,5
marginal-hits,128,23500000,4
marginal-hits,128,23550000,5
marginal-hits,128,23600000,4
marginal-hits,128,23650000,4
marginal-hits,128,23700000,4
marginal-hits,128,23750000,5
marginal-hits,128,23800000,5
marginal-hits,128,23850000,4
marginal-hits,128,23900000,4
marginal-hits,128,23950000,4
marginal-hits,128,24000000,4
marginal-hits,128,24050000,5
marginal-hits,128,24100000,5
marginal-hits,128,24150000,5
marginal-hits,128,24200000,6
marginal-hits,128,24250000,7
marginal-hits,128,24300000,7
marginal-hits,128,24350000,7
marginal-hits,128,24400000,6
marginal-hits,128,24450000,6
marginal-hits,128,24500000,7
marginal-hits,128,24550000,8
marginal-hits,128,24600000,9
marginal-hits,128,24650000,9
marginal-hits,128,24700000,9
marginal-hits,128,24750000,8
marginal-hits,128,24800000,8
marginal-hits,128,24850000,9
marginal-hits,128,24900000,10
marginal-hits,128,24950000,9
marginal-hits,128,25000000,8
marginal-hits,128,25050000,9
marginal-hits,128,25100000,8
marginal-hits,128,25150000,7
marginal-hits,128,25200000,7
marginal-hits,128,25250000,6
marginal-hits,128,25300000,7
marginal-hits,128,25350000,6
marginal-hits,128,25400000,6
marginal-hits,128,25450000,6
marginal-hits,128,25500000,7
marginal-hits,128,25550000,7
marginal-hits,128,25600000,8
marginal-hits,128,25650000,9
marginal-hits,128,25700000,9
marginal-hits,128,25750000,8
marginal-hits,128,25800000,9
marginal-hits,128,25850000,9
marginal-hits,128,25900000,9
marginal-hits,128,25950000,8
marginal-hits,128,26000000,9
marginal-hits,128,26050000,9
marginal-hits,128,26100000,8
marginal-hits,128,26150000,7
marginal-hits,128,26200000,8
marginal-hits,128,26250000,7
marginal-hits,128,26300000,6
marginal-hits,128,26350000,5
marginal-hits,128,26400000,5
marginal-hits,128,26450000,6
marginal-hits,128,26500000,6
marginal-hits,128,26550000,6
marginal-hits,128,26600000,6
marginal-hits,128,26650000,5
marginal-hits,128,26700000,5
marginal-hits,128,26750000,4
marginal-hits,128,26800000,4
marginal-hits,128,26850000,4
marginal-hits,128,26900000,4
marginal-hits,128,26950000,4
marginal-hits,128,27000000,4
marginal-hits,128,27050000,5
marginal-hits,128,27100000,4
marginal-hits,128,27150000,5
marginal-hits,128,27200000,5
marginal-hits,128,27250000,5
marginal-hits,128,27300000,5
marginal-hits,128,27350000,4
marginal-hits,128,27400000,5
marginal-hits,128,27450000,5
marginal-hits,128,27500000,6
marginal-hits,128,27550000,5
marginal-hits,128,27600000,4
marginal-hits,128,27650000,4
marginal-hits,128,27700000,5
marginal-hits,128,27750000,4
marginal-hits,128,27800000,4
marginal-hits,128,27850000,4
marginal-hits,128,27900000,4
marginal-hits,128,27950000,5
marginal-hits,128,28000000,5
marginal-hits,128,28050000,5
marginal-hits,128,28100000,5
marginal-hits,128,28150000,5
marginal-hits,128,28200000,6
marginal-hits,128,28250000,6
marginal-hits,128,28300000,6
marginal-hits,128,28350000,6
marginal-hits,128,28400000,6
marginal-hits,128,28450000,7
marginal-hits,128,28500000,8
marginal-hits,128,28550000,8
marginal-hits,128,28600000,8
marginal-hits,128,28650000,7
marginal-hits,128,28700000,6
marginal-hits,128,28750000,5
marginal-hits,128,28800000,6
marginal-hits,128,28850000,5
marginal-hits,128,28900000,6
marginal-hits,128,28950000,6
marginal-hits,128,29000000,5
marginal-hits,128,29050000,6
marginal-hits,128,29100000,7
marginal-hits,128,29150000,8
marginal-hits,128,29200000,9
marginal-hits,128,29250000,9
marginal-hits,128,29300000,9
marginal-hits,128,29350000,9
marginal-hits,128,29400000,9
marginal-hits,128,29450000,8
marginal-hits,128,29500000,8
marginal-hits,128,29550000,8
marginal-hits,128,29600000,8
marginal-hits,128,29650000,8
marginal-hits,128,29700000,9
marginal-hits,128,29750000,10
marginal-hits,128,29800000,10
marginal-hits,128,29850000,9
marginal-hits,128,29900000,8
marginal-hits,128,29950000,7
marginal-hits,128,30000000,8
marginal-hits,128,30050000,7
marginal-hits,128,30100000,6
marginal-hits,128,30150000,5
marginal-hits,128,30200000,4
marginal-hits,128,30250000,3
marginal-hits,128,30300000,3
marginal-hits,128,30350000,3
marginal-hits,128,30400000,3
marginal-hits,128,30450000,3
marginal-hits,128,30500000,4
marginal-hits,128,30550000,4
marginal-hits,128,30600000,3
marginal-hits,128,30650000,2
marginal-hits,128,30700000,1
marginal-hits,128,30750000,1
marginal-hits,128,30800000,2
marginal-hits,128,30850000,3
marginal-hits,128,30900000,4
marginal-hits,128,30950000,4
marginal-hits,128,31000000,3
marginal-hits,128,31050000,3
marginal-hits,128,31100000,4
marginal-hits,128,31150000,4
marginal-hits,128,31200000,4
marginal-hits,128,31250000,4
marginal-hits,128,31300000,4
marginal-hits,128,31350000,3
marginal-hits,128,31400000,3
marginal-hits,128,31450000,3
marginal-hits,128,31500000,4
marginal-hits,128,31550000,4
marginal-hits,128,31600000,5
marginal-hits,128,31650000,5
marginal-hits,128,31700000,5
marginal-hits,128,31750000,5
marginal-hits,128,31800000,5
marginal-hits,128,31850000,4
marginal-hits,128,31900000,4
marginal-hits,128,31950000,3
marginal-hits,128,32000000,4
marginal-hits,128,32050000,4
marginal-hits,128,32100000,5
marginal-hits,128,32150000,4
marginal-hits,128,32200000,4
marginal-hits,128,32250000,3
marginal-hits,128,32300000,3
marginal-hits,128,32350000,3
marginal-hits,128,32400000,4
marginal-hits,128,32450000,5
marginal-hits,128,32500000,5
marginal-hits,128,32550000,4
marginal-hits,128,32600000,3
marginal-hits,128,32650000,3
marginal-hits,128,32700000,2
marginal-hits,128,32750000,3
marginal-hits,128,32800000,4
marginal-hits,128,32850000,5
marginal-hits,128,32900000,6
marginal-hits,128,32950000,7
marginal-hits,128,33000000,7
marginal-hits,128,33050000,7
marginal-hits,128,33100000,7
marginal-hits,128,33150000,8
marginal-hits,128,33200000,8
marginal-hits,128,33250000,7
marginal-hits,128,33300000,6
marginal-hits,128,33350000,5
marginal-hits,128,33400000,5
marginal-hits,128,33450000,4
marginal-hits,128,33500000,5
marginal-hits,128,33550000,4
marginal-hits,128,33600000,5
marginal-hits,128,33650000,4
marginal-hits,128,33700000,3
marginal-hits,128,33750000,3
marginal-hits,128,33800000,2
marginal-hits,128,33850000,2
marginal-hits,128,33900000,2
marginal-hits,128,33950000,2
marginal-hits,128,34000000,3
marginal-hits,128,34050000,4
marginal-hits,128,34100000,5
marginal-hits,128,34150000,4
marginal-hits,128,34200000,5
marginal-hits,128,34250000,4
marginal-hits,128,34300000,3
marginal-hits,128,34350000,4
marginal-hits,128,34400000,4
marginal-hits,128,34450000,3
marginal-hits,128,34500000,2
marginal-hits,128,34550000,2
marginal-hits,128,34600000,2
marginal-hits,128,34650000,3
marginal-hits,128,34700000,2
marginal-hits,128,34750000,2
marginal-hits,128,34800000,1
marginal-hits,128,34850000,1
marginal-hits,128,34900000,1
marginal-hits,128,34950000,1
marginal-hits,128,35000000,2
marginal-hits,128,35050000,2
marginal-hits,128,35100000,3
marginal-hits,128,35150000,3
marginal-hits,128,35200000,2
marginal-hits,128,35250000,2
marginal-hits,128,35300000,2
marginal-hits,128,35350000,1
marginal-hits,128,35400000,2
marginal-hits,128,35450000,3
marginal-hits,128,35500000,2
marginal-hits,128,35550000,3
marginal-hits,128,35600000,3
marginal-hits,128,35650000,4
marginal-hits,128,35700000,4
marginal-hits,128,35750000,4
marginal-hits,128,35800000,4
marginal-hits,128,35850000,4
marginal-hits,128,35900000,5
marginal-hits,128,35950000,5
marginal-hits,128,36000000,4
marginal-hits,128,36050000,4
marginal-hits,128,36100000,4
marginal-hits,128,36150000,3
marginal-hits,128,36200000,3
marginal-hits,128,36250000,3
marginal-hits,128,36300000,3
marginal-hits,128,36350000,2
marginal-hits,128,36400000,2
marginal-hits,128,36450000,3
marginal-hits,128,36500000,2
marginal-hits,128,36550000,1
marginal-hits,128,36600000,1
marginal-hits,128,36650000,2
marginal-hits,128,36700000,3
marginal-hits,128,36750000,3
marginal-hits,128,36800000,4
marginal-hits,128,36850000,4
marginal-hits,128,36900000,4
marginal-hits,128,36950000,4
marginal-hits,128,37000000,5
marginal-hits,128,37050000,6
marginal-hits,128,37100000,6
marginal-hits,128,37150000,5
marginal-hits,128,37200000,6
marginal-hits,128,37250000,5
marginal-hits,128,37300000,5
marginal-hits,128,37350000,5
marginal-hits,128,37400000,5
marginal-hits,128,37450000,4
marginal-hits,128,37500000,4
marginal-hits,128,37550000,4
marginal-hits,128,37600000,4
marginal-hits,128,37650000,4
marginal-hits,128,37700000,4
marginal-hits,128,37750000,5
marginal-hits,128,37800000,6
marginal-hits,128,37850000,6
marginal-hits,128,37900000,6
marginal-hits,128,37950000,5
marginal-hits,128,38000000,4
marginal-hits,128,38050000,3
marginal-hits,128,38100000,3
marginal-hits,128,38150000,3
marginal-hits,128,38200000,3
marginal-hits,128,38250000,4
marginal-hits,128,38300000,4
marginal-hits,128,38350000,3
marginal-hits,128,38400000,2
marginal-hits,128,38450000,2
marginal-hits,128,38500000,3
marginal-hits,128,38550000,3
marginal-hits,128,38600000,3
marginal-hits,128,38650000,3
marginal-hits,128,38700000,4
marginal-hits,128,38750000,4
marginal-hits,128,38800000,4
marginal-hits,128,38850000,3
marginal-hits,128,38900000,4
marginal-hits,128,38950000,5
marginal-hits,128,39000000,5
marginal-hits,128,39050000,5
marginal-hits,128,39100000,5
marginal-hits,128,39150000,4
marginal-hits,128,39200000,5
marginal-hits,128,39250000,6
marginal-hits,128,39300000,5
marginal-hits,128,39350000,5
marginal-hits,128,39400000,5
marginal-hits,128,39450000,6
marginal-hits,128,39500000,7
marginal-hits,128,39550000,7
marginal-hits,128,39600000,6
marginal-hits,128,39650000,6
marginal-hits,128,39700000,6
marginal-hits,128,39750000,5
marginal-hits,128,39800000,4
marginal-hits,128,39850000,4
marginal-hits,128,39900000,3
marginal-hits,128,39950000,3
marginal-hits,128,40000000,2
marginal-hits,128,40050000,2
marginal-hits,128,40100000,3
marginal-hits,128,40150000,4
marginal-hits,128,40200000,5
marginal-hits,128,40250000,6
marginal-hits,128,40300000,5
marginal-hits,128,40350000,4
marginal-hits,128,40400000,4
marginal-hits,128,40450000,4
marginal-hits,128,40500000,4
marginal-hits,128,40550000,4
marginal-hits,128,40600000,5
marginal-hits,128,40650000,5
marginal-hits,128,40700000,5
marginal-hits,128,40750000,5
marginal-hits,128,40800000,5
marginal-hits,128,40850000,5
marginal-hits,128,40900000,5
marginal-hits,128,40950000,4
marginal-hits,128,41000000,5
marginal-hits,128,41050000,5
marginal-hits,128,41100000,5
marginal-hits,128,41150000,6
marginal-hits,128,41200000,6
marginal-hits,128,41250000,5
marginal-hits,128,41300000,4
marginal-hits,128,41350000,5
marginal-hits,128,41400000,5
marginal-hits,128,41450000,5
marginal-hits,128,41500000,5
marginal-hits,128,41550000,6
marginal-hits,128,41600000,6
marginal-hits,128,41650000,7
marginal-hits,128,41700000,7
marginal-hits,128,41750000,7
marginal-hits,128,41800000,8
marginal-hits,128,41850000,8
marginal-hits,128,41900000,7
marginal-hits,128,41950000,7
marginal-hits,128,42000000,6
marginal-hits,128,42050000,6
marginal-hits,128,42100000,7
marginal-hits,128,42150000,7
marginal-hits,128,42200000,7
marginal-hits,128,42250000,8
marginal-hits,128,42300000,7
marginal-hits,128,42350000,7
marginal-hits,128,42400000,8
marginal-hits,128,42450000,7
marginal-hits,128,42500000,7
marginal-hits,128,42550000,7
marginal-hits,128,42600000,7
marginal-hits,128,42650000,7
marginal-hits,128,42700000,7
marginal-hits,128,42750000,6
marginal-hits,128,42800000,6
marginal-hits,128,42850000,6
marginal-hits,128,42900000,7
marginal-hits,128,42950000,6
marginal-hits,128,43000000,7
marginal-hits,128,43050000,8
marginal-hits,128,43100000,7
marginal-hits,128,43150000,7
marginal-hits,128,43200000,8
marginal-hits,128,43250000,9
marginal-hits,128,43300000,10
marginal-hits,128,43350000,10
marginal-hits,128,43400000,9
marginal-hits,128,43450000,8
marginal-hits,128,43500000,7
marginal-hits,128,43550000,7
marginal-hits,128,43600000,8
marginal-hits,128,43650000,7
marginal-hits,128,43700000,6
marginal-hits,128,43750000,6
marginal-hits,128,43800000,6
marginal-hits,128,43850000,5
marginal-hits,128,43900000,6
marginal-hits,128,43950000,5
marginal-hits,128,44000000,6
marginal-hits,128,44050000,6
marginal-hits,128,44100000,6
marginal-hits,128,44150000,5
marginal-hits,128,44200000,5
marginal-hits,128,44250000,4
marginal-hits,128,44300000,4
marginal-hits,128,44350000,4
marginal-hits,128,44400000,5
marginal-hits,128,44450000,5
marginal-hits,128,44500000,4
marginal-hits,128,44550000,4
marginal-hits,128,44600000,3
marginal-hits,128,44650000,4
marginal-hits,128,44700000,3
marginal-hits,128,44750000,2
marginal-hits,128,44800000,1
marginal-hits,128,44850000,1
marginal-hits,128,44900000,2
marginal-hits,128,44950000,3
marginal-hits,128,45000000,4
marginal-hits,128,45050000,4
marginal-hits,128,45100000,4
marginal-hits,128,45150000,4
marginal-hits,128,45200000,5
marginal-hits,128,45250000,6
marginal-hits,128,45300000,7
marginal-hits,128,45350000,7
marginal-hits,128,45400000,7
marginal-hits,128,45450000,8
marginal-hits,128,45500000,9
marginal-hits,128,45550000,8
marginal-hits,128,45600000,7
marginal-hits,128,45650000,6
marginal-hits,128,45700000,5
marginal-hits,128,45750000,4
marginal-hits,128,45800000,5
marginal-hits,128,45850000,4
marginal-hits,128,45900000,3
marginal-hits,128,45950000,3
marginal-hits,128,46000000,2
marginal-hits,128,46050000,2
marginal-hits,128,46100000,1
marginal-hits,128,46150000,0
marginal-hits,128,46200000,1
marginal-hits,128,46250000,2
marginal-hits,128,46300000,3
marginal-hits,128,46350000,2
marginal-hits,128,46400000,3
marginal-hits,128,46450000,4
marginal-hits,128,46500000,5
marginal-hits,128,46550000,5
marginal-hits,128,46600000,6
marginal-hits,128,46650000,6
marginal-hits,128,46700000,5
marginal-hits,128,46750000,6
marginal-hits,128,46800000,5
marginal-hits,128,46850000,6
marginal-hits,128,46900000,6
marginal-hits,128,46950000,6
marginal-hits,128,47000000,6
marginal-hits,128,47050000,5
marginal-hits,128,47100000,5
marginal-hits,128,47150000,4
marginal-hits,128,47200000,3
marginal-hits,128,47250000,2
marginal-hits,128,47300000,2
marginal-hits,128,47350000,2
marginal-hits,128,47400000,3
marginal-hits,128,47450000,3
marginal-hits,128,47500000,4
marginal-hits,128,47550000,4
marginal-hits,128,47600000,4
marginal-hits,128,47650000,4
marginal-hits,128,47700000,4
marginal-hits,128,47750000,5
marginal-hits,128,47800000,5
marginal-hits,128,47850000,6
marginal-hits,128,47900000,7
marginal-hits,128,47950000,7
marginal-hits,128,48000000,8
marginal-hits,128,48050000,9
marginal-hits,128,48100000,8
marginal-hits,128,48150000,7
marginal-hits,128,48200000,6
marginal-hits,128,48250000,6
marginal-hits,128,48300000,6
marginal-hits,128,48350000,5
marginal-hits,128,48400000,5
marginal-hits,128,48450000,6
marginal-hits,128,48500000,7
marginal-hits,128,48550000,7
marginal-hits,128,48600000,6
marginal-hits,128,48650000,5
marginal-hits,128,48700000,5
marginal-hits,128,48750000,4
marginal-hits,128,48800000,3
marginal-hits,128,48850000,3
marginal-hits,128,48900000,4
marginal-hits,128,48950000,4
marginal-hits,128,49000000,3
marginal-hits,128,49050000,2
marginal-hits,128,49100000,2
marginal-hits,128,49150000,2
marginal-hits,128,49200000,2
marginal-hits,128,49250000,2
marginal-hits,128,49300000,2
marginal-hits,128,49350000,2
marginal-hits,128,49400000,3
marginal-hits,128,49450000,3
marginal-hits,128,49500000,3
marginal-hits,128,49550000,3
marginal-hits,128,49600000,4
marginal-hits,128,49650000,4
marginal-hits,128,49700000,4
marginal-hits,128,49750000,5
marginal-hits,128,49800000,5
marginal-hits,128,49850000,4
marginal-hits,128,49900000,5
marginal-hits,128,49950000,6
marginal-hits,128,50000000,5
marginal-hits,128,50050000,5
marginal-hits,128,50100000,4
marginal-hits,128,50150000,3
marginal-hits,128,50200000,4
marginal-hits,128,50250000,4
marginal-hits,128,50300000,5
marginal-hits,128,50350000,5
marginal-hits,128,50400000,4
marginal-hits,128,50450000,5
marginal-hits,128,50500000,6
marginal-hits,128,50550000,6
marginal-hits,128,50600000,6
marginal-hits,128,50650000,7
marginal-hits,128,50700000,8
marginal-hits,128,50750000,9
marginal-hits,128,50800000,8
marginal-hits,128,50850000,7
marginal-hits,128,50900000,7
marginal-hits,128,50950000,7
marginal-hits,128,51000000,7
marginal-hits,128,51050000,7
marginal-hits,128,51100000,6
marginal-hits,128,51150000,7
marginal-hits,128,51200000,7
marginal-hits,128,51250000,8
marginal-hits,128,51300000,8
marginal-hits,128,51350000,8
marginal-hits,128,51400000,8
marginal-hits,128,51450000,7
marginal-hits,128,51500000,6
marginal-hits,128,51550000,7
marginal-hits,128,51600000,8
marginal-hits,128,51650000,9
marginal-hits,128,51700000,8
marginal-hits,128,51750000,7
marginal-hits,128,51800000,7
marginal-hits,128,51850000,7
marginal-hits,128,51900000,6
marginal-hits,128,51950000,5
marginal-hits,128,52000000,5
marginal-hits,128,52050000,5
marginal-hits,128,52100000,5
marginal-hits,128,52150000,5
marginal-hits,128,52200000,5
marginal-hits,128,52250000,5
marginal-hits,128,52300000,5
marginal-hits,128,52350000,6
marginal-hits,128,52400000,7
marginal-hits,128,52450000,7
marginal-hits,128,52500000,6
marginal-hits,128,52550000,6
marginal-hits,128,52600000,7
marginal-hits,128,52650000,7
marginal-hits,128,52700000,7
marginal-hits,128,52750000,7
marginal-hits,128,52800000,7
marginal-hits,128,52850000,6
marginal-hits,128,52900000,6
marginal-hits,128,52950000,6
marginal-hits,128,53000000,6
marginal-hits,128,53050000,7
marginal-hits,128,53100000,6
marginal-hits,128,53150000,7
marginal-hits,128,53200000,7
marginal-hits,128,53250000,7
marginal-hits,128,53300000,7
marginal-hits,128,53350000,7
marginal-hits,128,53400000,7
marginal-hits,128,53450000,7
marginal-hits,128,53500000,7
marginal-hits,128,53550000,7
marginal-hits,128,53600000,8
marginal-hits,128,53650000,7
marginal-hits,128,53700000,6
marginal-hits,128,53750000,7
marginal-hits,128,53800000,8
marginal-hits,128,53850000,8
marginal-hits,128,53900000,8
marginal-hits,128,53950000,9
marginal-hits,128,54000000,10
marginal-hits,128,54050000,10
marginal-hits,128,54100000,10
marginal-hits,128,54150000,10
marginal-hits,128,54200000,10
marginal-hits,128,54250000,9
marginal-hits,128,54300000,8
marginal-hits,128,54350000,8
marginal-hits,128,54400000,7
marginal-hits,128,54450000,8
marginal-hits,128,54500000,7
marginal-hits,128,54550000,6
marginal-hits,128,54600000,6
marginal-hits,128,54650000,6
marginal-hits,128,54700000,6
marginal-hits,128,54750000,7
marginal-hits,128,54800000,7
marginal-hits,128,54850000,6
marginal-hits,128,54900000,6
marginal-hits,128,54950000,7
marginal-hits,128,55000000,7
marginal-hits,128,55050000,8
marginal-hits,128,55100000,7
marginal-hits,128,55150000,7
marginal-hits,128,55200000,7
marginal-hits,128,55250000,7
marginal-hits,128,55300000,7
marginal-hits,128,55350000,8
marginal-hits,128,55400000,7
marginal-hits,128,55450000,7
marginal-hits,128,55500000,7
marginal-hits,128,55550000,8
marginal-hits,128,55600000,9
marginal-hits,128,55650000,9
marginal-hits,128,55700000,8
marginal-hits,128,55750000,8
marginal-hits,128,55800000,8
marginal-hits,128,55850000,7
marginal-hits,128,55900000,7
marginal-hits,128,55950000,7
marginal-hits,128,56000000,7
marginal-hits,128,56050000,7
marginal-hits,128,56100000,7
marginal-hits,128,56150000,7
marginal-hits,128,56200000,7
marginal-hits,128,56250000,8
marginal-hits,128,56300000,9
marginal-hits,128,56350000,8
marginal-hits,128,56400000,7
marginal-hits,128,56450000,8
marginal-hits,128,56500000,9
marginal-hits,128,56550000,8
marginal-hits,128,56600000,8
marginal-hits,128,56650000,7
marginal-hits,128,56700000,7
marginal-hits,128,56750000,8
marginal-hits,128,56800000,7
marginal-hits,128,56850000,7
marginal-hits,128,56900000,6
marginal-hits,128,56950000,6
marginal-hits,128,57000000,7
marginal-hits,128,57050000,6
marginal-hits,128,57100000,5
marginal-hits,128,57150000,5
marginal-hits,128,57200000,5
marginal-hits,128,57250000,5
marginal-hits,128,57300000,4
marginal-hits,128,57350000,3
marginal-hits,128,57400000,2
marginal-hits,128,57450000,2
marginal-hits,128,57500000,2
marginal-hits,128,57550000,3
marginal-hits,128,57600000,4
marginal-hits,128,57650000,3
marginal-hits,128,57700000,4
marginal-hits,128,57750000,3
marginal-hits,128,57800000,3
marginal-hits,128,57850000,4
marginal-hits,128,57900000,4
marginal-hits,128,57950000,3
marginal-hits,128,58000000,4
marginal-hits,128,58050000,5
marginal-hits,128,58100000,5
marginal-hits,128,58150000,6
marginal-hits,128,58200000,6
marginal-hits,128,58250000,6
marginal-hits,128,58300000,6
marginal-hits,128,58350000,6
marginal-hits,128,58400000,6
marginal-hits,128,58450000,6
marginal-hits,128,58500000,7
marginal-hits,128,58550000,6
marginal-hits,128,58600000,6
marginal-hits,128,58650000,6
marginal-hits,128,58700000,7
marginal-hits,128,58750000,7
marginal-hits,128,58800000,6
marginal-hits,128,58850000,5
marginal-hits,128,58900000,4
marginal-hits,128,58950000,3
marginal-hits,128,59000000,4
marginal-hits,128,59050000,5
marginal-hits,128,59100000,5
marginal-hits,128,59150000,4
marginal-hits,128,59200000,4
marginal-hits,128,59250000,5
marginal-hits,128,59300000,5
marginal-hits,128,59350000,5
marginal-hits,128,59400000,4
marginal-hits,128,59450000,3
marginal-hits,128,59500000,4
marginal-hits,128,59550000,3
marginal-hits,128,59600000,3
marginal-hits,128,59650000,2
marginal-hits,128,59700000,2
marginal-hits,128,59750000,3
marginal-hits,128,59800000,4
marginal-hits,128,59850000,5
marginal-hits,128,59900000,4
marginal-hits,128,59950000,4
marginal-hits,128,60000000,3
marginal-hits,128,60050000,3
marginal-hits,128,60100000,3
marginal-hits,128,60150000,3
marginal-hits,128,60200000,4
marginal-hits,128,60250000,4
marginal-hits,128,60300000,5
marginal-hits,128,60350000,4
marginal-hits,128,60400000,4
marginal-hits,128,60450000,5
marginal-hits,128,60500000,6
marginal-hits,128,60550000,6
marginal-hits,128,60600000,5
marginal-hits,128,60650000,4
marginal-hits,128,60700000,3
marginal-hits,128,60750000,2
marginal-hits,128,60800000,2
marginal-hits,128,60850000,1
marginal-hits,128,60900000,2
marginal-hits,128,60950000,3
marginal-hits,128,61000000,4
marginal-hits,128,61050000,4
marginal-hits,128,61100000,5
marginal-hits,128,61150000,5
marginal-hits,128,61200000,4
marginal-hits,128,61250000,4
marginal-hits,128,61300000,4
marginal-hits,128,61350000,3
marginal-hits,128,61400000,3
marginal-hits,128,61450000,2
marginal-hits,128,61500000,2
marginal-hits,128,61550000,3
marginal-hits,128,61600000,4
marginal-hits,128,61650000,4
marginal-hits,128,61700000,3
marginal-hits,128,61750000,2
marginal-hits,128,61800000,2
marginal-hits,128,61850000,3
marginal-hits,128,61900000,3
marginal-hits,128,61950000,4
marginal-hits,128,62000000,5
marginal-hits,128,62050000,5
marginal-hits,128,62100000,4
marginal-hits,128,62150000,5
marginal-hits,128,62200000,6
marginal-hits,128,62250000,5
marginal-hits,128,62300000,5
marginal-hits,128,62350000,5
marginal-hits,128,62400000,6
marginal-hits,128,62450000,7
marginal-hits,128,62500000,6
marginal-hits,128,62550000,6
marginal-hits,128,62600000,5
marginal-hits,128,62650000,4
marginal-hits,128,62700000,4
marginal-hits,128,62750000,4
marginal-hits,128,62800000,4
marginal-hits,128,62850000,4
marginal-hits,128,62900000,3
marginal-hits,128,62950000,4
marginal-hits,128,63000000,4
marginal-hits,128,63050000,4
marginal-hits,128,63100000,4
marginal-hits,128,63150000,3
marginal-hits,128,63200000,4
marginal-hits,128,63250000,5
marginal-hits,128,63300000,6
marginal-hits,128,63350000,6
marginal-hits,128,63400000,5
marginal-hits,128,63450000,4
marginal-hits,128,63500000,3
marginal-hits,128,63550000,2
marginal-hits,128,63600000,3
marginal-hits,128,63650000,3
marginal-hits,128,63700000,3
marginal-hits,128,63750000,3
marginal-hits,128,63800000,3
marginal-hits,128,63850000,2
marginal-hits,128,63900000,3
marginal-hits,128,63950000,3
marginal-hits,128,64000000,2
marginal-hits,128,64050000,2
marginal-hits,128,64100000,3
marginal-hits,128,64150000,4
marginal-hits,128,64200000,3
marginal-hits,128,64250000,2
marginal-hits,128,64300000,1
marginal-hits,128,64350000,1
marginal-hits,128,64400000,2
marginal-hits,128,64450000,3
marginal-hits,128,64500000,3
marginal-hits,128,64550000,4
marginal-hits,128,64600000,3
marginal-hits,128,64650000,3
marginal-hits,128,64700000,4
marginal-hits,128,64750000,4
marginal-hits,128,64800000,4
marginal-hits,128,64850000,4
marginal-hits,128,64900000,5
marginal-hits,128,64950000,4
marginal-hits,128,65000000,4
marginal-hits,128,65050000,5
marginal-hits,128,65100000,4
marginal-hits,128,65150000,4
marginal-hits,128,65200000,3
marginal-hits,128,65250000,3
marginal-hits,128,65300000,3
marginal-hits,128,65350000,3
marginal-hits,128,65400000,3
marginal-hits,128,65450000,3
marginal-hits,128,65500000,4
marginal-hits,128,65550000,4
marginal-hits,128,65600000,3
marginal-hits,128,65650000,3
marginal-hits,128,65700000,4
marginal-hits,128,65750000,4
marginal-hits,128,65800000,5
marginal-hits,128,65850000,6
marginal-hits,128,65900000,5
marginal-hits,128,65950000,4
marginal-hits,128,66000000,4
marginal-hits,128,66050000,3
marginal-hits,128,66100000,3
marginal-hits,128,66150000,2
marginal-hits,128,66200000,3
marginal-hits,128,66250000,4
marginal-hits,128,66300000,4
marginal-hits,128,66350000,4
marginal-hits,128,66400000,4
marginal-hits,128,66450000,3
marginal-hits,128,66500000,2
marginal-hits,128,66550000,1
marginal-hits,128,66600000,2
marginal-hits,128,66650000,2
marginal-hits,128,66700000,3
marginal-hits,128,66750000,4
marginal-hits,128,66800000,4
marginal-hits,128,66850000,5
marginal-hits,128,66900000,6
marginal-hits,128,66950000,7
marginal-hits,128,67000000,8
marginal-hits,128,67050000,7
marginal-hits,128,67100000,6
marginal-hits,128,67150000,7
marginal-hits,128,67200000,7
marginal-hits,128,67250000,7
marginal-hits,128,67300000,8
marginal-hits,128,67350000,7
marginal-hits,128,67400000,7
marginal-hits,128,67450000,6
marginal-hits,128,67500000,6
marginal-hits,128,67550000,5
marginal-hits,128,67600000,4
marginal-hits,128,67650000,3
marginal-hits,128,67700000,3
marginal-hits,128,67750000,3
marginal-hits,128,67800000,3
marginal-hits,128,67850000,4
marginal-hits,128,67900000,5
marginal-hits,128,67950000,6
marginal-hits,128,68000000,5
marginal-hits,128,68050000,5
marginal-hits,128,68100000,4
marginal-hits,128,68150000,5
marginal-hits,128,68200000,5
marginal-hits,128,68250000,6
marginal-hits,128,68300000,6
marginal-hits,128,68350000,6
marginal-hits,128,68400000,6
marginal-hits,128,68450000,5
marginal-hits,128,68500000,4
marginal-hits,128,68550000,5
marginal-hits,128,68600000,4
marginal-hits,128,68650000,4
marginal-hits,128,68700000,3
marginal-hits,128,68750000,2
marginal-hits,128,68800000,1
marginal-hits,128,68850000,1
marginal-hits,128,68900000,1
marginal-hits,128,68950000,2
marginal-hits,128,69000000,3
marginal-hits,128,69050000,4
marginal-hits,128,69100000,5
marginal-hits,128,69150000,5
marginal-hits,128,69200000,5
marginal-hits,128,69250000,5
marginal-hits,128,69300000,5
marginal-hits,128,69350000,6
marginal-hits,128,69400000,6
marginal-hits,128,69450000,6
marginal-hits,128,69500000,6
marginal-hits,128,69550000,5
marginal-hits,128,69600000,6
marginal-hits,128,69650000,7
marginal-hits,128,69700000,7
marginal-hits,128,69750000,7
marginal-hits,128,69800000,6
marginal-hits,128,69850000,6
marginal-hits,128,69900000,5
marginal-hits,128,69950000,4
marginal-hits,128,70000000,3
marginal-hits,128,70050000,3
marginal-hits,128,70100000,2
marginal-hits,128,70150000,1
marginal-hits,128,70200000,1
marginal-hits,128,70250000,2
marginal-hits,128,70300000,3
marginal-hits,128,70350000,3
marginal-hits,128,70400000,4
marginal-hits,128,70450000,4
marginal-hits,128,70500000,3
marginal-hits,128,70550000,2
marginal-hits,128,70600000,2
marginal-hits,128,70650000,1
marginal-hits,128,70700000,0
marginal-hits,128,70750000,1
marginal-hits,128,70800000,2
marginal-hits,128,70850000,2
marginal-hits,128,70900000,3
marginal-hits,128,70950000,3
marginal-hits,128,71000000,4
marginal-hits,128,71050000,5
marginal-hits,128,71100000,5
marginal-hits,128,71150000,5
marginal-hits,128,71200000,6
marginal-hits,128,71250000,6
marginal-hits,128,71300000,6
marginal-hits,128,71350000,7
marginal-hits,128,71400000,8
marginal-hits,128,71450000,7
marginal-hits,128,71500000,6
marginal-hits,128,71550000,6
marginal-hits,128,71600000,6
marginal-hits,128,71650000,6
marginal-hits,128,71700000,5
marginal-hits,128,71750000,5
marginal-hits,128,71800000,5
marginal-hits,128,71850000,4
marginal-hits,128,71900000,5
marginal-hits,128,71950000,4
marginal-hits,128,72000000,4
marginal-hits,128,72050000,3
marginal-hits,128,72100000,2
marginal-hits,128,72150000,3
marginal-hits,128,72200000,2
marginal-hits,128,72250000,2
marginal-hits,128,72300000,1
marginal-hits,128,72350000,1
marginal-hits,128,72400000,1
marginal-hits,128,72450000,2
marginal-hits,128,72500000,3
marginal-hits,128,72550000,3
marginal-hits,128,72600000,4
marginal-hits,128,72650000,4
marginal-hits,128,72700000,3
marginal-hits,128,72750000,2
marginal-hits,128,72800000,2
marginal-hits,128,72850000,3
marginal-hits,128,72900000,4
marginal-hits,128,72950000,4
marginal-hits,128,73000000,3
marginal-hits,128,73050000,3
marginal-hits,128,73100000,2
marginal-hits,128,73150000,3
marginal-hits,128,73200000,2
marginal-hits,128,73250000,1
marginal-hits,128,73300000,2
marginal-hits,128,73350000,2
marginal-hits,128,73400000,2
marginal-hits,128,73450000,2
marginal-hits,128,73500000,3
marginal-hits,128,73550000,4
marginal-hits,128,73600000,4
marginal-hits,128,73650000,4
marginal-hits,128,73700000,4
marginal-hits,128,73750000,4
marginal-hits,128,73800000,5
marginal-hits,128,73850000,5
marginal-hits,128,73900000,5
marginal-hits,128,73950000,4
marginal-hits,128,74000000,4
marginal-hits,128,74050000,4
marginal-hits,128,74100000,4
marginal-hits,128,74150000,4
marginal-hits,128,74200000,5
marginal-hits,128,74250000,5
marginal-hits,128,74300000,5
marginal-hits,128,74350000,5
marginal-hits,128,74400000,4
marginal-hits,128,74450000,4
marginal-hits,128,74500000,3
marginal-hits,128,74550000,3
marginal-hits,128,74600000,3
marginal-hits,128,74650000,2
marginal-hits,128,74700000,1
marginal-hits,128,74750000,0
marginal-hits,128,74800000,1
marginal-hits,128,74850000,2
marginal-hits,128,74900000,2
marginal-hits,128,74950000,2
marginal-hits,128,75000000,3
marginal-hits,128,75050000,4
marginal-hits,128,75100000,4
marginal-hits,128,75150000,4
marginal-hits,128,75200000,3
marginal-hits,128,75250000,2
marginal-hits,128,75300000,1
marginal-hits,128,75350000,1
marginal-hits,128,75400000,2
marginal-hits,128,75450000,3
marginal-hits,128,75500000,4
marginal-hits,128,75550000,5
marginal-hits,128,75600000,6
marginal-hits,128,75650000,6
marginal-hits,128,75700000,6
marginal-hits,128,75750000,6
marginal-hits,128,75800000,7
marginal-hits,128,75850000,7
marginal-hits,128,75900000,6
marginal-hits,128,75950000,6
marginal-hits,128,76000000,5
marginal-hits,128,76050000,4
marginal-hits,128,76100000,3
marginal-hits,128,76150000,4
marginal-hits,128,76200000,3
marginal-hits,128,76250000,2
marginal-hits,128,76300000,3
marginal-hits,128,76350000,3
marginal-hits,128,76400000,3
marginal-hits,128,76450000,3
marginal-hits,128,76500000,2
marginal-hits,128,76550000,2
marginal-hits,128,76600000,2
marginal-hits,128,76650000,3
marginal-hits,128,76700000,4
marginal-hits,128,76750000,3
marginal-hits,128,76800000,4
marginal-hits,128,76850000,3
marginal-hits,128,76900000,4
marginal-hits,128,76950000,4
marginal-hits,128,77000000,3
marginal-hits,128,77050000,4
marginal-hits,128,77100000,4
marginal-hits,128,77150000,5
marginal-hits,128,77200000,4
marginal-hits,128,77250000,4
marginal-hits,128,77300000,4
marginal-hits,128,77350000,5
marginal-hits,128,77400000,5
marginal-hits,128,77450000,6
marginal-hits,128,77500000,5
marginal-hits,128,77550000,4
marginal-hits,128,77600000,4
marginal-hits,128,77650000,3
marginal-hits,128,77700000,2
marginal-hits,128,77750000,3
marginal-hits,128,77800000,3
marginal-hits,128,77850000,4
marginal-hits,128,77900000,4
marginal-hits,128,77950000,3
marginal-hits,128,78000000,3
marginal-hits,128,78050000,3
marginal-hits,128,78100000,2
marginal-hits,128,78150000,3
marginal-hits,128,78200000,4
marginal-hits,128,78250000,3
marginal-hits,128,78300000,3
marginal-hits,128,78350000,3
marginal-hits,128,78400000,3
marginal-hits,128,78450000,2
marginal-hits,128,78500000,3
marginal-hits,128,78550000,3
marginal-hits,128,78600000,4
marginal-hits,128,78650000,4
marginal-hits,128,78700000,4
marginal-hits,128,78750000,3
marginal-hits,128,78800000,4
marginal-hits,128,78850000,4
marginal-hits,128,78900000,4
marginal-hits,128,78950000,5
marginal-hits,128,79000000,5
marginal-hits,128,79050000,5
marginal-hits,128,79100000,4
marginal-hits,128,79150000,4
marginal-hits,128,79200000,4
marginal-hits,128,79250000,5
marginal-hits,128,79300000,5
marginal-hits,128,79350000,6
marginal-hits,128,79400000,6
marginal-hits,128,79450000,5
marginal-hits,128,79500000,5
marginal-hits,128,79550000,6
marginal-hits,128,79600000,5
marginal-hits,128,79650000,4
marginal-hits,128,79700000,3
marginal-hits,128,79750000,2
marginal-hits,128,79800000,3
marginal-hits,128,79850000,3
marginal-hits,128,79900000,3
marginal-hits,128,79950000,3
disabled,128,50000,57
disabled,128,100000,52
disabled,128,150000,47
disabled,128,200000,45
disabled,128,250000,44
disabled,128,300000,42
disabled,128,350000,40
disabled,128,400000,41
disabled,128,450000,41
disabled,128,500000,41
disabled,128,550000,41
disabled,128,600000,41
disabled,128,650000,42
disabled,128,700000,41
disabled,128,750000,41
disabled,128,800000,41
disabled,128,850000,41
disabled,128,900000,41
disabled,128,950000,41
disabled,128,1000000,41
disabled,128,1050000,41
disabled,128,1100000,41
disabled,128,1150000,41
disabled,128,1200000,41
disabled,128,1250000,41
disabled,128,1300000,41
disabled,128,1350000,41
disabled,128,1400000,41
disabled,128,1450000,41
disabled,128,1500000,41
disabled,128,1550000,41
disabled,128,1600000,41
disabled,128,1650000,41
disabled,128,1700000,41
disabled,128,1750000,41
disabled,128,1800000,41
disabled,128,1850000,41
disabled,128,1900000,41
disabled,128,1950000,41
disabled,128,2000000,41
disabled,128,2050000,41
disabled,128,2100000,41
disabled,128,2150000,41
disabled,128,2200000,41
disabled,128,2250000,41
disabled,128,2300000,41
disabled,128,2350000,41
disabled,128,2400000,41
disabled,128,2450000,41
disabled,128,2500000,41
disabled,128,2550000,41
disabled,128,2600000,41
disabled,128,2650000,41
disabled,128,2700000,41
disabled,128,2750000,41
disabled,128,2800000,41
disabled,128,2850000,41
disabled,128,2900000,41
disabled,128,2950000,41
disabled,128,3000000,41
disabled,128,3050000,41
disabled,128,3100000,41
disabled,128,3150000,41
disabled,128,3200000,41
disabled,128,3250000,41
disabled,128,3300000,41
disabled,128,3350000,41
disabled,128,3400000,41
disabled,128,3450000,41
disabled,128,3500000,41
disabled,128,3550000,41
disabled,128,3600000,41
disabled,128,3650000,41
disabled,128,3700000,41
disabled,128,3750000,41
disabled,128,3800000,41
disabled,128,3850000,41
disabled,128,3900000,41
disabled,128,3950000,41
disabled,128,4000000,41
disabled,128,4050000,41
disabled,128,4100000,41
disabled,128,4150000,41
disabled,128,4200000,41
disabled,128,4250000,41
disabled,128,4300000,41
disabled,128,4350000,41
disabled,128,4400000,41
disabled,128,4450000,41
disabled,128,4500000,41
disabled,128,4550000,41
disabled,128,4600000,41
disabled,128,4650000,41
disabled,128,4700000,41
disabled,128,4750000,41
disabled,128,4800000,41
disabled,128,4850000,41
disabled,128,4900000,41
disabled,128,4950000,41
disabled,128,5000000,41
disabled,128,5050000,41
disabled,128,5100000,41
disabled,128,5150000,41
disabled,128,5200000,41
disabled,128,5250000,41
disabled,128,5300000,41
disabled,128,5350000,41
disabled,128,5400000,41
disabled,128,5450000,41
disabled,128,5500000,41
disabled,128,5550000,41
disabled,128,5600000,41
disabled,128,5650000,41
disabled,128,5700000,41
disabled,128,5750000,41
disabled,128,5800000,41
disabled,128,5850000,41
disabled,128,5900000,41
disabled,128,5950000,41
disabled,128,6000000,41
disabled,128,6050000,41
disabled,128,6100000,41
disabled,128,6150000,41
disabled,128,6200000,41
disabled,128,6250000,41
disabled,128,6300000,41
disabled,128,6350000,41
disabled,128,6400000,41
disabled,128,6450000,41
disabled,128,6500000,41
disabled,128,6550000,41
disabled,128,6600000,41
disabled,128,6650000,41
disabled,128,6700000,41
disabled,128,6750000,41
disabled,128,6800000,41
disabled,128,6850000,41
disabled,128,6900000,41
disabled,128,6950000,41
disabled,128,7000000,41
disabled,128,7050000,41
disabled,128,7100000,41
disabled,128,7150000,41
disabled,128,7200000,41
disabled,128,7250000,41
disabled,128,7300000,41
disabled,128,7350000,41
disabled,128,7400000,41
disabled,128,7450000,41
disabled,128,7500000,41
disabled,128,7550000,41
disabled,128,7600000,41
disabled,128,7650000,41
disabled,128,7700000,41
disabled,128,7750000,41
disabled,128,7800000,41
disabled,128,7850000,41
disabled,128,7900000,41
disabled,128,7950000,41
disabled,128,8000000,41
disabled,128,8050000,41
disabled,128,8100000,41
disabled,128,8150000,41
disabled,128,8200000,41
disabled,128,8250000,41
disabled,128,8300000,41
disabled,128,8350000,41
disabled,128,8400000,41
disabled,128,8450000,41
disabled,128,8500000,41
disabled,128,8550000,41
disabled,128,8600000,41
disabled,128,8650000,41
disabled,128,8700000,41
disabled,128,8750000,41
disabled,128,8800000,41
disabled,128,8850000,41
disabled,128,8900000,41
disabled,128,8950000,41
disabled,128,9000000,41
disabled,128,9050000,41
disabled,128,9100000,41
disabled,128,9150000,41
disabled,128,9200000,41
disabled,128,9250000,41
disabled,128,9300000,41
disabled,128,9350000,41
disabled,128,9400000,41
disabled,128,9450000,41
disabled,128,9500000,41
disabled,128,9550000,41
disabled,128,9600000,41
disabled,128,9650000,41
disabled,128,9700000,41
disabled,128,9750000,41
disabled,128,9800000,41
disabled,128,9850000,41
disabled,128,9900000,41
disabled,128,9950000,41
disabled,128,10000000,41
disabled,128,10050000,41
disabled,128,10100000,41
disabled,128,10150000,41
disabled,128,10200000,41
disabled,128,10250000,41
disabled,128,10300000,41
disabled,128,10350000,41
disabled,128,10400000,41
disabled,128,10450000,41
disabled,128,10500000,41
disabled,128,10550000,41
disabled,128,10600000,41
disabled,128,10650000,41
disabled,128,10700000,41
disabled,128,10750000,41
disabled,128,10800000,41
disabled,128,10850000,41
disabled,128,10900000,41
disabled,128,10950000,41
disabled,128,11000000,41
disabled,128,11050000,41
disabled,128,11100000,41
disabled,128,11150000,41
disabled,128,11200000,41
disabled,128,11250000,41
disabled,128,11300000,41
disabled,128,11350000,41
disabled,128,11400000,41
disabled,128,11450000,41
disabled,128,11500000,41
disabled,128,11550000,41
disabled,128,11600000,41
disabled,128,11650000,41
disabled,128,11700000,41
disabled,128,11750000,41
disabled,128,11800000,41
disabled,128,11850000,41
disabled,128,11900000,41
disabled,128,11950000,41
disabled,128,12000000,41
disabled,128,12050000,41
disabled,128,12100000,41
disabled,128,12150000,41
disabled,128,12200000,41
disabled,128,12250000,41
disabled,128,12300000,41
disabled,128,12350000,41
disabled,128,12400000,41
disabled,128,12450000,41
disabled,128,12500000,41
disabled,128,12550000,41
disabled,128,12600000,41
disabled,128,12650000,41
disabled,128,12700000,41
disabled,128,12750000,41
disabled,128,12800000,41
disabled,128,12850000,41
disabled,128,12900000,41
disabled,128,12950000,41
disabled,128,13000000,41
disabled,128,13050000,41
disabled,128,13100000,41
disabled,128,13150000,41
disabled,128,13200000,41
disabled,128,13250000,41
disabled,128,13300000,41
disabled,128,13350000,41
disabled,128,13400000,41
disabled,128,13450000,41
disabled,128,13500000,41
disabled,128,13550000,41
disabled,128,13600000,41
disabled,128,13650000,41
disabled,128,13700000,41
disabled,128,13750000,41
disabled,128,13800000,41
disabled,128,13850000,41
disabled,128,13900000,41
disabled,128,13950000,41
disabled,128,14000000,41
disabled,128,14050000,41
disabled,128,14100000,41
disabled,128,14150000,41
disabled,128,14200000,41
disabled,128,14250000,41
disabled,128,14300000,41
disabled,128,14350000,41
disabled,128,14400000,41
disabled,128,14450000,41
disabled,128,14500000,41
disabled,128,14550000,41
disabled,128,14600000,41
disabled,128,14650000,41
disabled,128,14700000,41
disabled,128,14750000,41
disabled,128,14800000,41
disabled,128,14850000,41
disabled,128,14900000,41
disabled,128,14950000,41
disabled,128,15000000,41
disabled,128,15050000,41
disabled,128,15100000,41
disabled,128,15150000,41
disabled,128,15200000,41
disabled,128,15250000,41
disabled,128,15300000,41
disabled,128,15350000,41
disabled,128,15400000,41
disabled,128,15450000,41
disabled,128,15500000,41
disabled,128,15550000,41
disabled,128,15600000,41
disabled,128,15650000,41
disabled,128,15700000,41
disabled,128,15750000,41
disabled,128,15800000,41
disabled,128,15850000,41
disabled,128,15900000,41
disabled,128,15950000,41
disabled,128,16000000,41
disabled,128,16050000,41
disabled,128,16100000,41
disabled,128,16150000,41
disabled,128,16200000,41
disabled,128,16250000,41
disabled,128,16300000,41
disabled,128,16350000,41
disabled,128,16400000,41
disabled,128,16450000,41
disabled,128,16500000,41
disabled,128,16550000,41
disabled,128,16600000,41
disabled,128,16650000,41
disabled,128,16700000,41
disabled,128,16750000,41
disabled,128,16800000,41
disabled,128,16850000,41
disabled,128,16900000,41
disabled,128,16950000,41
disabled,128,17000000,41
disabled,128,17050000,41
disabled,128,17100000,41
disabled,128,17150000,41
disabled,128,17200000,41
disabled,128,17250000,41
disabled,128,17300000,41
disabled,128,17350000,41
disabled,128,17400000,41
disabled,128,17450000,41
disabled,128,17500000,41
disabled,128,17550000,41
disabled,128,17600000,41
disabled,128,17650000,41
disabled,128,17700000,41
disabled,128,17750000,41
disabled,128,17800000,41
disabled,128,17850000,41
disabled,128,17900000,41
disabled,128,17950000,41
disabled,128,18000000,41
disabled,128,18050000,41
disabled,128,18100000,41
disabled,128,18150000,41
disabled,128,18200000,41
disabled,128,18250000,41
disabled,128,18300000,41
disabled,128,18350000,41
disabled,128,18400000,41
disabled,128,18450000,41
disabled,128,18500000,41
disabled,128,18550000,41
disabled,128,18600000,41
disabled,128,18650000,41
disabled,128,18700000,41
disabled,128,18750000,41
disabled,128,18800000,41
disabled,128,18850000,41
disabled,128,18900000,41
disabled,128,18950000,41
disabled,128,19000000,41
disabled,128,19050000,41
disabled,128,19100000,41
disabled,128,19150000,41
disabled,128,19200000,41
disabled,128,19250000,41
disabled,128,19300000,41
disabled,128,19350000,41
disabled,128,19400000,41
disabled,128,19450000,41
disabled,128,19500000,41
disabled,128,19550000,41
disabled,128,19600000,41
disabled,128,19650000,41
disabled,128,19700000,41
disabled,128,19750000,41
disabled,128,19800000,41
disabled,128,19850000,41
disabled,128,19900000,41
disabled,128,19950000,41
disabled,128,20000000,41
disabled,128,20050000,41
disabled,128,20100000,41
disabled,128,20150000,41
disabled,128,20200000,41
disabled,128,20250000,41
disabled,128,20300000,41
disabled,128,20350000,41
disabled,128,20400000,41
disabled,128,20450000,41
disabled,128,20500000,41
disabled,128,20550000,41
disabled,128,20600000,41
disabled,128,20650000,41
disabled,128,20700000,41
disabled,128,20750000,41
disabled,128,20800000,41
disabled,128,20850000,41
disabled,128,20900000,41
disabled,128,20950000,41
disabled,128,21000000,41
disabled,128,21050000,41
disabled,128,21100000,41
disabled,128,21150000,41
disabled,128,21200000,41
disabled,128,21250000,41
disabled,128,21300000,41
disabled,128,21350000,41
disabled,128,21400000,41
disabled,128,21450000,41
disabled,128,21500000,41
disabled,128,21550000,41
disabled,128,21600000,41
disabled,128,21650000,41
disabled,128,21700000,41
disabled,128,21750000,41
disabled,128,21800000,41
disabled,128,21850000,41
disabled,128,21900000,41
disabled,128,21950000,41
disabled,128,22000000,41
disabled,128,22050000,41
disabled,128,22100000,41
disabled,128,22150000,41
disabled,128,22200000,41
disabled,128,22250000,41
disabled,128,22300000,41
disabled,128,22350000,41
disabled,128,22400000,41
disabled,128,22450000,41
disabled,128,22500000,41
disabled,128,22550000,41
disabled,128,22600000,41
disabled,128,22650000,41
disabled,128,22700000,41
disabled,128,22750000,41
disabled,128,22800000,41
disabled,128,22850000,41
disabled,128,22900000,41
disabled,128,22950000,41
disabled,128,23000000,41
disabled,128,23050000,41
disabled,128,23100000,41
disabled,128,23150000,41
disabled,128,23200000,41
disabled,128,23250000,41
disabled,128,23300000,41
disabled,128,23350000,41
disabled,128,23400000,41
disabled,128,23450000,41
disabled,128,23500000,41
disabled,128,23550000,41
disabled,128,23600000,41
disabled,128,23650000,41
disabled,128,23700000,41
disabled,128,23750000,41
disabled,128,23800000,41
disabled,128,23850000,41
disabled,128,23900000,41
disabled,128,23950000,41
disabled,128,24000000,41
disabled,128,24050000,41
disabled,128,24100000,41
disabled,128,24150000,41
disabled,128,24200000,41
disabled,128,24250000,41
disabled,128,24300000,41
disabled,128,24350000,41
disabled,128,24400000,41
disabled,128,24450000,41
disabled,128,24500000,41
disabled,128,24550000,41
disabled,128,24600000,41
disabled,128,24650000,41
disabled,128,24700000,41
disabled,128,24750000,41
disabled,128,24800000,41
disabled,128,24850000,41
disabled,128,24900000,41
disabled,128,24950000,41
disabled,128,25000000,41
disabled,128,25050000,41
disabled,128,25100000,41
disabled,128,25150000,41
disabled,128,25200000,41
disabled,128,25250000,41
disabled,128,25300000,41
disabled,128,25350000,41
disabled,128,25400000,41
disabled,128,25450000,41
disabled,128,25500000,41
disabled,128,25550000,41
disabled,128,25600000,41
disabled,128,25650000,41
disabled,128,25700000,41
disabled,128,25750000,41
disabled,128,25800000,41
disabled,128,25850000,41
disabled,128,25900000,41
disabled,128,25950000,41
disabled,128,26000000,41
disabled,128,26050000,41
disabled,128,26100000,41
disabled,128,26150000,41
disabled,128,26200000,41
disabled,128,26250000,41
disabled,128,26300000,41
disabled,128,26350000,41
disabled,128,26400000,41
disabled,128,26450000,41
disabled,128,26500000,41
disabled,128,26550000,41
disabled,128,26600000,41
disabled,128,26650000,41
disabled,128,26700000,41
disabled,128,26750000,41
disabled,128,26800000,41
disabled,128,26850000,41
disabled,128,26900000,41
disabled,128,26950000,41
disabled,128,27000000,41
disabled,128,27050000,41
disabled,128,27100000,41
disabled,128,27150000,41
disabled,128,27200000,41
disabled,128,27250000,41
disabled,128,27300000,41
disabled,128,27350000,41
disabled,128,27400000,41
disabled,128,27450000,41
disabled,128,27500000,41
disabled,128,27550000,41
disabled,128,27600000,41
disabled,128,27650000,41
disabled,128,27700000,41
disabled,128,27750000,41
disabled,128,27800000,41
disabled,128,27850000,41
disabled,128,27900000,41
disabled,128,27950000,41
disabled,128,28000000,41
disabled,128,28050000,41
disabled,128,28100000,41
disabled,128,28150000,41
disabled,128,28200000,41
disabled,128,28250000,41
disabled,128,28300000,41
disabled,128,28350000,41
disabled,128,28400000,41
disabled,128,28450000,41
disabled,128,28500000,41
disabled,128,28550000,41
disabled,128,28600000,41
disabled,128,28650000,41
disabled,128,28700000,41
disabled,128,28750000,41
disabled,128,28800000,41
disabled,128,28850000,41
disabled,128,28900000,41
disabled,128,28950000,41
disabled,128,29000000,41
disabled,128,29050000,41
disabled,128,29100000,41
disabled,128,29150000,41
disabled,128,29200000,41
disabled,128,29250000,41
disabled,128,29300000,41
disabled,128,29350000,41
disabled,128,29400000,41
disabled,128,29450000,41
disabled,128,29500000,41
disabled,128,29550000,41
disabled,128,29600000,41
disabled,128,29650000,41
disabled,128,29700000,41
disabled,128,29750000,41
disabled,128,29800000,41
disabled,128,29850000,41
disabled,128,29900000,41
disabled,128,29950000,41
disabled,128,30000000,41
disabled,128,30050000,41
disabled,128,30100000,41
disabled,128,30150000,41
disabled,128,30200000,41
disabled,128,30250000,41
disabled,128,30300000,41
disabled,128,30350000,41
disabled,128,30400000,41
disabled,128,30450000,41
disabled,128,30500000,41
disabled,128,30550000,41
disabled,128,30600000,41
disabled,128,30650000,41
disabled,128,30700000,41
disabled,128,30750000,41
disabled,128,30800000,41
disabled,128,30850000,41
disabled,128,30900000,41
disabled,128,30950000,41
disabled,128,31000000,41
disabled,128,31050000,41
disabled,128,31100000,41
disabled,128,31150000,41
disabled,128,31200000,41
disabled,128,31250000,41
disabled,128,31300000,41
disabled,128,31350000,41
disabled,128,31400000,41
disabled,128,31450000,41
disabled,128,31500000,41
disabled,128,31550000,41
disabled,128,31600000,41
disabled,128,31650000,41
disabled,128,31700000,41
disabled,128,31750000,41
disabled,128,31800000,41
disabled,128,31850000,41
disabled,128,31900000,41
disabled,128,31950000,41
disabled,128,32000000,41
disabled,128,32050000,41
disabled,128,32100000,41
disabled,128,32150000,41
disabled,128,32200000,41
disabled,128,32250000,41
disabled,128,32300000,41
disabled,128,32350000,41
disabled,128,32400000,41
disabled,128,32450000,41
disabled,128,32500000,41
disabled,128,32550000,41
disabled,128,32600000,41
disabled,128,32650000,41
disabled,128,32700000,41
disabled,128,32750000,41
disabled,128,32800000,41
disabled,128,32850000,41
disabled,128,32900000,41
disabled,128,32950000,41
disabled,128,33000000,41
disabled,128,33050000,41
disabled,128,33100000,41
disabled,128,33150000,41
disabled,128,33200000,41
disabled,128,33250000,41
disabled,128,33300000,41
disabled,128,33350000,41
disabled,128,33400000,41
disabled,128,33450000,41
disabled,128,33500000,41
disabled,128,33550000,41
disabled,128,33600000,41
disabled,128,33650000,41
disabled,128,33700000,41
disabled,128,33750000,41
disabled,128,33800000,41
disabled,128,33850000,41
disabled,128,33900000,41
disabled,128,33950000,41
disabled,128,34000000,41
disabled,128,34050000,41
disabled,128,34100000,41
disabled,128,34150000,41
disabled,128,34200000,41
disabled,128,34250000,41
disabled,128,34300000,41
disabled,128,34350000,41
disabled,128,34400000,41
disabled,128,34450000,41
disabled,128,34500000,41
disabled,128,34550000,41
disabled,128,34600000,41
disabled,128,34650000,41
disabled,128,34700000,41
disabled,128,34750000,41
disabled,128,34800000,41
disabled,128,34850000,41
disabled,128,34900000,41
disabled,128,34950000,41
disabled,128,35000000,41
disabled,128,35050000,41
disabled,128,35100000,41
disabled,128,35150000,41
disabled,128,35200000,41
disabled,128,35250000,41
disabled,128,35300000,41
disabled,128,35350000,41
disabled,128,35400000,41
disabled,128,35450000,41
disabled,128,35500000,41
disabled,128,35550000,41
disabled,128,35600000,41
disabled,128,35650000,41
disabled,128,35700000,41
disabled,128,35750000,41
disabled,128,35800000,41
disabled,128,35850000,41
disabled,128,35900000,41
disabled,128,35950000,41
disabled,128,36000000,41
disabled,128,36050000,41
disabled,128,36100000,41
disabled,128,36150000,41
disabled,128,36200000,41
disabled,128,36250000,41
disabled,128,36300000,41
disabled,128,36350000,41
disabled,128,36400000,41
disabled,128,36450000,41
disabled,128,36500000,41
disabled,128,36550000,41
disabled,128,36600000,41
disabled,128,36650000,41
disabled,128,36700000,41
disabled,128,36750000,41
disabled,128,36800000,41
disabled,128,36850000,41
disabled,128,36900000,41
disabled,128,36950000,41
disabled,128,37000000,41
disabled,128,37050000,41
disabled,128,37100000,41
disabled,128,37150000,41
disabled,128,37200000,41
disabled,128,37250000,41
disabled,128,37300000,41
disabled,128,37350000,41
disabled,128,37400000,41
disabled,128,37450000,41
disabled,128,37500000,41
disabled,128,37550000,41
disabled,128,37600000,41
disabled,128,37650000,41
disabled,128,37700000,41
disabled,128,37750000,41
disabled,128,37800000,41
disabled,128,37850000,41
disabled,128,37900000,41
disabled,128,37950000,41
disabled,128,38000000,41
disabled,128,38050000,41
disabled,128,38100000,41
disabled,128,38150000,41
disabled,128,38200000,41
disabled,128,38250000,41
disabled,128,38300000,41
disabled,128,38350000,41
disabled,128,38400000,41
disabled,128,38450000,41
disabled,128,38500000,41
disabled,128,38550000,41
disabled,128,38600000,41
disabled,128,38650000,41
disabled,128,38700000,41
disabled,128,38750000,41
disabled,128,38800000,41
disabled,128,38850000,41
disabled,128,38900000,41
disabled,128,38950000,41
disabled,128,39000000,41
disabled,128,39050000,41
disabled,128,39100000,41
disabled,128,39150000,41
disabled,128,39200000,41
disabled,128,39250000,41
disabled,128,39300000,41
disabled,128,39350000,41
disabled,128,39400000,41
disabled,128,39450000,41
disabled,128,39500000,41
disabled,128,39550000,41
disabled,128,39600000,41
disabled,128,39650000,41
disabled,128,39700000,41
disabled,128,39750000,41
disabled,128,39800000,41
disabled,128,39850000,41
disabled,128,39900000,41
disabled,128,39950000,41
disabled,128,40000000,41
disabled,128,40050000,41
disabled,128,40100000,41
disabled,128,40150000,41
disabled,128,40200000,41
disabled,128,40250000,41
disabled,128,40300000,41
disabled,128,40350000,41
disabled,128,40400000,41
disabled,128,40450000,41
disabled,128,40500000,41
disabled,128,40550000,41
disabled,128,40600000,41
disabled,128,40650000,41
disabled,128,40700000,41
disabled,128,40750000,41
disabled,128,40800000,41
disabled,128,40850000,41
disabled,128,40900000,41
disabled,128,40950000,41
disabled,128,41000000,41
disabled,128,41050000,41
disabled,128,41100000,41
disabled,128,41150000,41
disabled,128,41200000,41
disabled,128,41250000,41
disabled,128,41300000,41
disabled,128,41350000,41
disabled,128,41400000,41
disabled,128,41450000,41
disabled,128,41500000,41
disabled,128,41550000,41
disabled,128,41600000,41
disabled,128,41650000,41
disabled,128,41700000,41
disabled,128,41750000,41
disabled,128,41800000,41
disabled,128,41850000,41
disabled,128,41900000,41
disabled,128,41950000,41
disabled,128,42000000,41
disabled,128,42050000,41
disabled,128,42100000,41
disabled,128,42150000,41
disabled,128,42200000,41
disabled,128,42250000,41
disabled,128,42300000,41
disabled,128,42350000,41
disabled,128,42400000,41
disabled,128,42450000,41
disabled,128,42500000,41
disabled,128,42550000,41
disabled,128,42600000,41
disabled,128,42650000,41
disabled,128,42700000,41
disabled,128,42750000,41
disabled,128,42800000,41
disabled,128,42850000,41
disabled,128,42900000,41
disabled,128,42950000,41
disabled,128,43000000,41
disabled,128,43050000,41
disabled,128,43100000,41
disabled,128,43150000,41
disabled,128,43200000,41
disabled,128,43250000,41
disabled,128,43300000,41
disabled,128,43350000,41
disabled,128,43400000,41
disabled,128,43450000,41
disabled,128,43500000,41
disabled,128,43550000,41
disabled,128,43600000,41
disabled,128,43650000,41
disabled,128,43700000,41
disabled,128,43750000,41
disabled,128,43800000,41
disabled,128,43850000,41
disabled,128,43900000,41
disabled,128,43950000,41
disabled,128,44000000,41
disabled,128,44050000,41
disabled,128,44100000,41
disabled,128,44150000,41
disabled,128,44200000,41
disabled,128,44250000,41
disabled,128,44300000,41
disabled,128,44350000,41
disabled,128,44400000,41
disabled,128,44450000,41
disabled,128,44500000,41
disabled,128,44550000,41
disabled,128,44600000,41
disabled,128,44650000,41
disabled,128,44700000,41
disabled,128,44750000,41
disabled,128,44800000,41
disabled,128,44850000,41
disabled,128,44900000,41
disabled,128,44950000,41
disabled,128,45000000,41
disabled,128,45050000,41
disabled,128,45100000,41
disabled,128,45150000,41
disabled,128,45200000,41
disabled,128,45250000,41
disabled,128,45300000,41
disabled,128,45350000,41
disabled,128,45400000,41
disabled,128,45450000,41
disabled,128,45500000,41
disabled,128,45550000,41
disabled,128,45600000,41
disabled,128,45650000,41
disabled,128,45700000,41
disabled,128,45750000,41
disabled,128,45800000,41
disabled,128,45850000,41
disabled,128,45900000,41
disabled,128,45950000,41
disabled,128,46000000,41
disabled,128,46050000,41
disabled,128,46100000,41
disabled,128,46150000,41
disabled,128,46200000,41
disabled,128,46250000,41
disabled,128,46300000,41
disabled,128,46350000,41
disabled,128,46400000,41
disabled,128,46450000,41
disabled,128,46500000,41
disabled,128,46550000,41
disabled,128,46600000,41
disabled,128,46650000,41
disabled,128,46700000,41
disabled,128,46750000,41
disabled,128,46800000,41
disabled,128,46850000,41
disabled,128,46900000,41
disabled,128,46950000,41
disabled,128,47000000,41
disabled,128,47050000,41
disabled,128,47100000,41
disabled,128,47150000,41
disabled,128,47200000,41
disabled,128,47250000,41
disabled,128,47300000,41
disabled,128,47350000,41
disabled,128,47400000,41
disabled,128,47450000,41
disabled,128,47500000,41
disabled,128,47550000,41
disabled,128,47600000,41
disabled,128,47650000,41
disabled,128,47700000,41
disabled,128,47750000,41
disabled,128,47800000,41
disabled,128,47850000,41
disabled,128,47900000,41
disabled,128,47950000,41
disabled,128,48000000,41
disabled,128,48050000,41
disabled,128,48100000,41
disabled,128,48150000,41
disabled,128,48200000,41
disabled,128,48250000,41
disabled,128,48300000,41
disabled,128,48350000,41
disabled,128,48400000,41
disabled,128,48450000,41
disabled,128,48500000,41
disabled,128,48550000,41
disabled,128,48600000,41
disabled,128,48650000,41
disabled,128,48700000,41
disabled,128,48750000,41
disabled,128,48800000,41
disabled,128,48850000,41
disabled,128,48900000,41
disabled,128,48950000,41
disabled,128,49000000,41
disabled,128,49050000,41
disabled,128,49100000,41
disabled,128,49150000,41
disabled,128,49200000,41
disabled,128,49250000,41
disabled,128,49300000,41
disabled,128,49350000,41
disabled,128,49400000,41
disabled,128,49450000,41
disabled,128,49500000,41
disabled,128,49550000,41
disabled,128,49600000,41
disabled,128,49650000,41
disabled,128,49700000,41
disabled,128,49750000,41
disabled,128,49800000,41
disabled,128,49850000,41
disabled,128,49900000,41
disabled,128,49950000,41
disabled,128,50000000,41
disabled,128,50050000,41
disabled,128,50100000,41
disabled,128,50150000,41
disabled,128,50200000,41
disabled,128,50250000,41
disabled,128,50300000,41
disabled,128,50350000,41
disabled,128,50400000,41
disabled,128,50450000,41
disabled,128,50500000,41
disabled,128,50550000,41
disabled,128,50600000,41
disabled,128,50650000,41
disabled,128,50700000,41
disabled,128,50750000,41
disabled,128,50800000,41
disabled,128,50850000,41
disabled,128,50900000,41
disabled,128,50950000,41
disabled,128,51000000,41
disabled,128,51050000,41
disabled,128,51100000,41
disabled,128,51150000,41
disabled,128,51200000,41
disabled,128,51250000,41
disabled,128,51300000,41
disabled,128,51350000,41
disabled,128,51400000,41
disabled,128,51450000,41
disabled,128,51500000,41
disabled,128,51550000,41
disabled,128,51600000,41
disabled,128,51650000,41
disabled,128,51700000,41
disabled,128,51750000,41
disabled,128,51800000,41
disabled,128,51850000,41
disabled,128,51900000,41
disabled,128,51950000,41
disabled,128,52000000,41
disabled,128,52050000,41
disabled,128,52100000,41
disabled,128,52150000,41
disabled,128,52200000,41
disabled,128,52250000,41
disabled,128,52300000,41
disabled,128,52350000,41
disabled,128,52400000,41
disabled,128,52450000,41
disabled,128,52500000,41
disabled,128,52550000,41
disabled,128,52600000,41
disabled,128,52650000,41
disabled,128,52700000,41
disabled,128,52750000,41
disabled,128,52800000,41
disabled,128,52850000,41
disabled,128,52900000,41
disabled,128,52950000,41
disabled,128,53000000,41
disabled,128,53050000,41
disabled,128,53100000,41
disabled,128,53150000,41
disabled,128,53200000,41
disabled,128,53250000,41
disabled,128,53300000,41
disabled,128,53350000,41
disabled,128,53400000,41
disabled,128,53450000,41
disabled,128,53500000,41
disabled,128,53550000,41
disabled,128,53600000,41
disabled,128,53650000,41
disabled,128,53700000,41
disabled,128,53750000,41
disabled,128,53800000,41
disabled,128,53850000,41
disabled,128,53900000,41
disabled,128,53950000,41
disabled,128,54000000,41
disabled,128,54050000,41
disabled,128,54100000,41
disabled,128,54150000,41
disabled,128,54200000,41
disabled,128,54250000,41
disabled,128,54300000,41
disabled,128,54350000,41
disabled,128,54400000,41
disabled,128,54450000,41
disabled,128,54500000,41
disabled,128,54550000,41
disabled,128,54600000,41
disabled,128,54650000,41
disabled,128,54700000,41
disabled,128,54750000,41
disabled,128,54800000,41
disabled,128,54850000,41
disabled,128,54900000,41
disabled,128,54950000,41
disabled,128,55000000,41
disabled,128,55050000,41
disabled,128,55100000,41
disabled,128,55150000,41
disabled,128,55200000,41
disabled,128,55250000,41
disabled,128,55300000,41
disabled,128,55350000,41
disabled,128,55400000,41
disabled,128,55450000,41
disabled,128,55500000,41
disabled,128,55550000,41
disabled,128,55600000,41
disabled,128,55650000,41
disabled,128,55700000,41
disabled,128,55750000,41
disabled,128,55800000,41
disabled,128,55850000,41
disabled,128,55900000,41
disabled,128,55950000,41
disabled,128,56000000,41
disabled,128,56050000,41
disabled,128,56100000,41
disabled,128,56150000,41
disabled,128,56200000,41
disabled,128,56250000,41
disabled,128,56300000,41
disabled,128,56350000,41
disabled,128,56400000,41
disabled,128,56450000,41
disabled,128,56500000,41
disabled,128,56550000,41
disabled,128,56600000,41
disabled,128,56650000,41
disabled,128,56700000,41
disabled,128,56750000,41
disabled,128,56800000,41
disabled,128,56850000,41
disabled,128,56900000,41
disabled,128,56950000,41
disabled,128,57000000,41
disabled,128,57050000,41
disabled,128,57100000,41
disabled,128,57150000,41
disabled,128,57200000,41
disabled,128,57250000,41
disabled,128,57300000,41
disabled,128,57350000,41
disabled,128,57400000,41
disabled,128,57450000,41
disabled,128,57500000,41
disabled,128,57550000,41
disabled,128,57600000,41
disabled,128,57650000,41
disabled,128,57700000,41
disabled,128,57750000,41
disabled,128,57800000,41
disabled,128,57850000,41
disabled,128,57900000,41
disabled,128,57950000,41
disabled,128,58000000,41
disabled,128,58050000,41
disabled,128,58100000,41
disabled,128,58150000,41
disabled,128,58200000,41
disabled,128,58250000,41
disabled,128,58300000,41
disabled,128,58350000,41
disabled,128,58400000,41
disabled,128,58450000,41
disabled,128,58500000,41
disabled,128,58550000,41
disabled,128,58600000,41
disabled,128,58650000,41
disabled,128,58700000,41
disabled,128,58750000,41
disabled,128,58800000,41
disabled,128,58850000,41
disabled,128,58900000,41
disabled,128,58950000,41
disabled,128,59000000,41
disabled,128,59050000,41
disabled,128,59100000,41
disabled,128,59150000,41
disabled,128,59200000,41
disabled,128,59250000,41
disabled,128,59300000,41
disabled,128,59350000,41
disabled,128,59400000,41
disabled,128,59450000,41
disabled,128,59500000,41
disabled,128,59550000,41
disabled,128,59600000,41
disabled,128,59650000,41
disabled,128,59700000,41
disabled,128,59750000,41
disabled,128,59800000,41
disabled,128,59850000,41
disabled,128,59900000,41
disabled,128,59950000,41
disabled,128,60000000,41
disabled,128,60050000,41
disabled,128,60100000,41
disabled,128,60150000,41
disabled,128,60200000,41
disabled,128,60250000,41
disabled,128,60300000,41
disabled,128,60350000,41
disabled,128,60400000,41
disabled,128,60450000,41
disabled,128,60500000,41
disabled,128,60550000,41
disabled,128,60600000,41
disabled,128,60650000,41
disabled,128,60700000,41
disabled,128,60750000,41
disabled,128,60800000,41
disabled,128,60850000,41
disabled,128,60900000,41
disabled,128,60950000,41
disabled,128,61000000,41
disabled,128,61050000,41
disabled,128,61100000,41
disabled,128,61150000,41
disabled,128,61200000,41
disabled,128,61250000,41
disabled,128,61300000,41
disabled,128,61350000,41
disabled,128,61400000,41
disabled,128,61450000,41
disabled,128,61500000,41
disabled,128,61550000,41
disabled,128,61600000,41
disabled,128,61650000,41
disabled,128,61700000,41
disabled,128,61750000,41
disabled,128,61800000,41
disabled,128,61850000,41
disabled,128,61900000,41
disabled,128,61950000,41
disabled,128,62000000,41
disabled,128,62050000,41
disabled,128,62100000,41
disabled,128,62150000,41
disabled,128,62200000,41
disabled,128,62250000,41
disabled,128,62300000,41
disabled,128,62350000,41
disabled,128,62400000,41
disabled,128,62450000,41
disabled,128,62500000,41
disabled,128,62550000,41
disabled,128,62600000,41
disabled,128,62650000,41
disabled,128,62700000,41
disabled,128,62750000,41
disabled,128,62800000,41
disabled,128,62850000,41
disabled,128,62900000,41
disabled,128,62950000,41
disabled,128,63000000,41
disabled,128,63050000,41
disabled,128,63100000,41
disabled,128,63150000,41
disabled,128,63200000,41
disabled,128,63250000,41
disabled,128,63300000,41
disabled,128,63350000,41
disabled,128,63400000,41
disabled,128,63450000,41
disabled,128,63500000,41
disabled,128,63550000,41
disabled,128,63600000,41
disabled,128,63650000,41
disabled,128,63700000,41
disabled,128,63750000,41
disabled,128,63800000,41
disabled,128,63850000,41
disabled,128,63900000,41
disabled,128,63950000,41
disabled,128,64000000,41
disabled,128,64050000,41
disabled,128,64100000,41
disabled,128,64150000,41
disabled,128,64200000,41
disabled,128,64250000,41
disabled,128,64300000,41
disabled,128,64350000,41
disabled,128,64400000,41
disabled,128,64450000,41
disabled,128,64500000,41
disabled,128,64550000,41
disabled,128,64600000,41
disabled,128,64650000,41
disabled,128,64700000,41
disabled,128,64750000,41
disabled,128,64800000,41
disabled,128,64850000,41
disabled,128,64900000,41
disabled,128,64950000,41
disabled,128,65000000,41
disabled,128,65050000,41
disabled,128,65100000,41
disabled,128,65150000,41
disabled,128,65200000,41
disabled,128,65250000,41
disabled,128,65300000,41
disabled,128,65350000,41
disabled,128,65400000,41
disabled,128,65450000,41
disabled,128,65500000,41
disabled,128,65550000,41
disabled,128,65600000,41
disabled,128,65650000,41
disabled,128,65700000,41
disabled,128,65750000,41
disabled,128,65800000,41
disabled,128,65850000,41
disabled,128,65900000,41
disabled,128,65950000,41
disabled,128,66000000,41
disabled,128,66050000,41
disabled,128,66100000,41
disabled,128,66150000,41
disabled,128,66200000,41
disabled,128,66250000,41
disabled,128,66300000,41
disabled,128,66350000,41
disabled,128,66400000,41
disabled,128,66450000,41
disabled,128,66500000,41
disabled,128,66550000,41
disabled,128,66600000,41
disabled,128,66650000,41
disabled,128,66700000,41
disabled,128,66750000,41
disabled,128,66800000,41
disabled,128,66850000,41
disabled,128,66900000,41
disabled,128,66950000,41
disabled,128,67000000,41
disabled,128,67050000,41
disabled,128,67100000,41
disabled,128,67150000,41
disabled,128,67200000,41
disabled,128,67250000,41
disabled,128,67300000,41
disabled,128,67350000,41
disabled,128,67400000,41
disabled,128,67450000,41
disabled,128,67500000,41
disabled,128,67550000,41
disabled,128,67600000,41
disabled,128,67650000,41
disabled,128,67700000,41
disabled,128,67750000,41
disabled,128,67800000,41
disabled,128,67850000,41
disabled,128,67900000,41
disabled,128,67950000,41
disabled,128,68000000,41
disabled,128,68050000,41
disabled,128,68100000,41
disabled,128,68150000,41
disabled,128,68200000,41
disabled,128,68250000,41
disabled,128,68300000,41
disabled,128,68350000,41
disabled,128,68400000,41
disabled,128,68450000,41
disabled,128,68500000,41
disabled,128,68550000,41
disabled,128,68600000,41
disabled,128,68650000,41
disabled,128,68700000,41
disabled,128,68750000,41
disabled,128,68800000,41
disabled,128,68850000,41
disabled,128,68900000,41
disabled,128,68950000,41
disabled,128,69000000,41
disabled,128,69050000,41
disabled,128,69100000,41
disabled,128,69150000,41
disabled,128,69200000,41
disabled,128,69250000,41
disabled,128,69300000,41
disabled,128,69350000,41
disabled,128,69400000,41
disabled,128,69450000,41
disabled,128,69500000,41
disabled,128,69550000,41
disabled,128,69600000,41
disabled,128,69650000,41
disabled,128,69700000,41
disabled,128,69750000,41
disabled,128,69800000,41
disabled,128,69850000,41
disabled,128,69900000,41
disabled,128,69950000,41
disabled,128,70000000,41
disabled,128,70050000,41
disabled,128,70100000,41
disabled,128,70150000,41
disabled,128,70200000,41
disabled,128,70250000,41
disabled,128,70300000,41
disabled,128,70350000,41
disabled,128,70400000,41
disabled,128,70450000,41
disabled,128,70500000,41
disabled,128,70550000,41
disabled,128,70600000,41
disabled,128,70650000,41
disabled,128,70700000,41
disabled,128,70750000,41
disabled,128,70800000,41
disabled,128,70850000,41
disabled,128,70900000,41
disabled,128,70950000,41
disabled,128,71000000,41
disabled,128,71050000,41
disabled,128,71100000,41
disabled,128,71150000,41
disabled,128,71200000,41
disabled,128,71250000,41
disabled,128,71300000,41
disabled,128,71350000,41
disabled,128,71400000,41
disabled,128,71450000,41
disabled,128,71500000,41
disabled,128,71550000,41
disabled,128,71600000,41
disabled,128,71650000,41
disabled,128,71700000,41
disabled,128,71750000,41
disabled,128,71800000,41
disabled,128,71850000,41
disabled,128,71900000,41
disabled,128,71950000,41
disabled,128,72000000,41
disabled,128,72050000,41
disabled,128,72100000,41
disabled,128,72150000,41
disabled,128,72200000,41
disabled,128,72250000,41
disabled,128,72300000,41
disabled,128,72350000,41
disabled,128,72400000,41
disabled,128,72450000,41
disabled,128,72500000,41
disabled,128,72550000,41
disabled,128,72600000,41
disabled,128,72650000,41
disabled,128,72700000,41
disabled,128,72750000,41
disabled,128,72800000,41
disabled,128,72850000,41
disabled,128,72900000,41
disabled,128,72950000,41
disabled,128,73000000,41
disabled,128,73050000,41
disabled,128,73100000,41
disabled,128,73150000,41
disabled,128,73200000,41
disabled,128,73250000,41
disabled,128,73300000,41
disabled,128,73350000,41
disabled,128,73400000,41
disabled,128,73450000,41
disabled,128,73500000,41
disabled,128,73550000,41
disabled,128,73600000,41
disabled,128,73650000,41
disabled,128,73700000,41
disabled,128,73750000,41
disabled,128,73800000,41
disabled,128,73850000,41
disabled,128,73900000,41
disabled,128,73950000,41
disabled,128,74000000,41
disabled,128,74050000,41
disabled,128,74100000,41
disabled,128,74150000,41
disabled,128,74200000,41
disabled,128,74250000,41
disabled,128,74300000,41
disabled,128,74350000,41
disabled,128,74400000,41
disabled,128,74450000,41
disabled,128,74500000,41
disabled,128,74550000,41
disabled,128,74600000,41
disabled,128,74650000,41
disabled,128,74700000,41
disabled,128,74750000,41
disabled,128,74800000,41
disabled,128,74850000,41
disabled,128,74900000,41
disabled,128,74950000,41
disabled,128,75000000,41
disabled,128,75050000,41
disabled,128,75100000,41
disabled,128,75150000,41
disabled,128,75200000,41
disabled,128,75250000,41
disabled,128,75300000,41
disabled,128,75350000,41
disabled,128,75400000,41
disabled,128,75450000,41
disabled,128,75500000,41
disabled,128,75550000,41
disabled,128,75600000,41
disabled,128,75650000,41
disabled,128,75700000,41
disabled,128,75750000,41
disabled,128,75800000,41
disabled,128,75850000,41
disabled,128,75900000,41
disabled,128,75950000,41
disabled,128,76000000,41
disabled,128,76050000,41
disabled,128,76100000,41
disabled,128,76150000,41
disabled,128,76200000,41
disabled,128,76250000,41
disabled,128,76300000,41
disabled,128,76350000,41
disabled,128,76400000,41
disabled,128,76450000,41
disabled,128,76500000,41
disabled,128,76550000,41
disabled,128,76600000,41
disabled,128,76650000,41
disabled,128,76700000,41
disabled,128,76750000,41
disabled,128,76800000,41
disabled,128,76850000,41
disabled,128,76900000,41
disabled,128,76950000,41
disabled,128,77000000,41
disabled,128,77050000,41
disabled,128,77100000,41
disabled,128,77150000,41
disabled,128,77200000,41
disabled,128,77250000,41
disabled,128,77300000,41
disabled,128,77350000,41
disabled,128,77400000,41
disabled,128,77450000,41
disabled,128,77500000,41
disabled,128,77550000,41
disabled,128,77600000,41
disabled,128,77650000,41
disabled,128,77700000,41
disabled,128,77750000,41
disabled,128,77800000,41
disabled,128,77850000,41
disabled,128,77900000,41
disabled,128,77950000,41
disabled,128,78000000,41
disabled,128,78050000,41
disabled,128,78100000,41
disabled,128,78150000,41
disabled,128,78200000,41
disabled,128,78250000,41
disabled,128,78300000,41
disabled,128,78350000,41
disabled,128,78400000,41
disabled,128,78450000,41
disabled,128,78500000,41
disabled,128,78550000,41
disabled,128,78600000,41
disabled,128,78650000,41
disabled,128,78700000,41
disabled,128,78750000,41
disabled,128,78800000,41
disabled,128,78850000,41
disabled,128,78900000,41
disabled,128,78950000,41
disabled,128,79000000,41
disabled,128,79050000,41
disabled,128,79100000,41
disabled,128,79150000,41
disabled,128,79200000,41
disabled,128,79250000,41
disabled,128,79300000,41
disabled,128,79350000,41
disabled,128,79400000,41
disabled,128,79450000,41
disabled,128,79500000,41
disabled,128,79550000,41
disabled,128,79600000,41
disabled,128,79650000,41
disabled,128,79700000,41
disabled,128,79750000,41
disabled,128,79800000,41
disabled,128,79850000,41
disabled,128,79900000,41
disabled,128,79950000,41
disabled,64,50000,25
disabled,64,100000,20
disabled,64,150000,16
disabled,64,200000,14
disabled,64,250000,13
disabled,64,300000,11
disabled,64,350000,12
disabled,64,400000,13
disabled,64,450000,13
disabled,64,500000,13
disabled,64,550000,13
disabled,64,600000,13
disabled,64,650000,13
disabled,64,700000,13
disabled,64,750000,13
disabled,64,800000,13
disabled,64,850000,13
disabled,64,900000,13
disabled,64,950000,13
disabled,64,1000000,13
disabled,64,1050000,13
disabled,64,1100000,13
disabled,64,1150000,13
disabled,64,1200000,13
disabled,64,1250000,13
disabled,64,1300000,13
disabled,64,1350000,13
disabled,64,1400000,13
disabled,64,1450000,13
disabled,64,1500000,13
disabled,64,1550000,13
disabled,64,1600000,13
disabled,64,1650000,13
disabled,64,1700000,13
disabled,64,1750000,13
disabled,64,1800000,13
disabled,64,1850000,13
disabled,64,1900000,13
disabled,64,1950000,13
disabled,64,2000000,13
disabled,64,2050000,13
disabled,64,2100000,13
disabled,64,2150000,13
disabled,64,2200000,13
disabled,64,2250000,13
disabled,64,2300000,13
disabled,64,2350000,13
disabled,64,2400000,13
disabled,64,2450000,13
disabled,64,2500000,13
disabled,64,2550000,13
disabled,64,2600000,13
disabled,64,2650000,13
disabled,64,2700000,13
disabled,64,2750000,13
disabled,64,2800000,13
disabled,64,2850000,13
disabled,64,2900000,13
disabled,64,2950000,13
disabled,64,3000000,13
disabled,64,3050000,13
disabled,64,3100000,13
disabled,64,3150000,13
disabled,64,3200000,13
disabled,64,3250000,13
disabled,64,3300000,13
disabled,64,3350000,13
disabled,64,3400000,13
disabled,64,3450000,13
disabled,64,3500000,13
disabled,64,3550000,13
disabled,64,3600000,13
disabled,64,3650000,13
disabled,64,3700000,13
disabled,64,3750000,13
disabled,64,3800000,13
disabled,64,3850000,13
disabled,64,3900000,13
disabled,64,3950000,13
disabled,64,4000000,13
disabled,64,4050000,13
disabled,64,4100000,13
disabled,64,4150000,13
disabled,64,4200000,13
disabled,64,4250000,13
disabled,64,4300000,13
disabled,64,4350000,13
disabled,64,4400000,13
disabled,64,4450000,13
disabled,64,4500000,13
disabled,64,4550000,13
disabled,64,4600000,13
disabled,64,4650000,13
disabled,64,4700000,13
disabled,64,4750000,13
disabled,64,4800000,13
disabled,64,4850000,13
disabled,64,4900000,13
disabled,64,4950000,13
disabled,64,5000000,13
disabled,64,5050000,13
disabled,64,5100000,13
disabled,64,5150000,13
disabled,64,5200000,13
disabled,64,5250000,13
disabled,64,5300000,13
disabled,64,5350000,13
disabled,64,5400000,13
disabled,64,5450000,13
disabled,64,5500000,13
disabled,64,5550000,13
disabled,64,5600000,13
disabled,64,5650000,13
disabled,64,5700000,13
disabled,64,5750000,13
disabled,64,5800000,13
disabled,64,5850000,13
disabled,64,5900000,13
disabled,64,5950000,13
disabled,64,6000000,13
disabled,64,6050000,13
disabled,64,6100000,13
disabled,64,6150000,13
disabled,64,6200000,13
disabled,64,6250000,13
disabled,64,6300000,13
disabled,64,6350000,13
disabled,64,6400000,13
disabled,64,6450000,13
disabled,64,6500000,13
disabled,64,6550000,13
disabled,64,6600000,13
disabled,64,6650000,13
disabled,64,6700000,13
disabled,64,6750000,13
disabled,64,6800000,13
disabled,64,6850000,13
disabled,64,6900000,13
disabled,64,6950000,13
disabled,64,7000000,13
disabled,64,7050000,13
disabled,64,7100000,13
disabled,64,7150000,13
disabled,64,7200000,13
disabled,64,7250000,13
disabled,64,7300000,13
disabled,64,7350000,13
disabled,64,7400000,13
disabled,64,7450000,13
disabled,64,7500000,13
disabled,64,7550000,13
disabled,64,7600000,13
disabled,64,7650000,13
disabled,64,7700000,13
disabled,64,7750000,13
disabled,64,7800000,13
disabled,64,7850000,13
disabled,64,7900000,13
disabled,64,7950000,13
disabled,64,8000000,13
disabled,64,8050000,13
disabled,64,8100000,13
disabled,64,8150000,13
disabled,64,8200000,13
disabled,64,8250000,13
disabled,64,8300000,13
disabled,64,8350000,13
disabled,64,8400000,13
disabled,64,8450000,13
disabled,64,8500000,13
disabled,64,8550000,13
disabled,64,8600000,13
disabled,64,8650000,13
disabled,64,8700000,13
disabled,64,8750000,13
disabled,64,8800000,13
disabled,64,8850000,13
disabled,64,8900000,13
disabled,64,8950000,13
disabled,64,9000000,13
disabled,64,9050000,13
disabled,64,9100000,13
disabled,64,9150000,13
disabled,64,9200000,13
disabled,64,9250000,13
disabled,64,9300000,13
disabled,64,9350000,13
disabled,64,9400000,13
disabled,64,9450000,13
disabled,64,9500000,13
disabled,64,9550000,13
disabled,64,9600000,13
disabled,64,9650000,13
disabled,64,9700000,13
disabled,64,9750000,13
disabled,64,9800000,13
disabled,64,9850000,13
disabled,64,9900000,13
disabled,64,9950000,13
disabled,64,10000000,13
disabled,64,10050000,13
disabled,64,10100000,13
disabled,64,10150000,13
disabled,64,10200000,13
disabled,64,10250000,13
disabled,64,10300000,13
disabled,64,10350000,13
disabled,64,10400000,13
disabled,64,10450000,13
disabled,64,10500000,13
disabled,64,10550000,13
disabled,64,10600000,13
disabled,64,10650000,13
disabled,64,10700000,13
disabled,64,10750000,13
disabled,64,10800000,13
disabled,64,10850000,13
disabled,64,10900000,13
disabled,64,10950000,13
disabled,64,11000000,13
disabled,64,11050000,13
disabled,64,11100000,13
disabled,64,11150000,13
disabled,64,11200000,13
disabled,64,11250000,13
disabled,64,11300000,13
disabled,64,11350000,13
disabled,64,11400000,13
disabled,64,11450000,13
disabled,64,11500000,13
disabled,64,11550000,13
disabled,64,11600000,13
disabled,64,11650000,13
disabled,64,11700000,13
disabled,64,11750000,13
disabled,64,11800000,13
disabled,64,11850000,13
disabled,64,11900000,13
disabled,64,11950000,13
disabled,64,12000000,13
disabled,64,12050000,13
disabled,64,12100000,13
disabled,64,12150000,13
disabled,64,12200000,13
disabled,64,12250000,13
disabled,64,12300000,13
disabled,64,12350000,13
disabled,64,12400000,13
disabled,64,12450000,13
disabled,64,12500000,13
disabled,64,12550000,13
disabled,64,12600000,13
disabled,64,12650000,13
disabled,64,12700000,13
disabled,64,12750000,13
disabled,64,12800000,13
disabled,64,12850000,13
disabled,64,12900000,13
disabled,64,12950000,13
disabled,64,13000000,13
disabled,64,13050000,13
disabled,64,13100000,13
disabled,64,13150000,13
disabled,64,13200000,13
disabled,64,13250000,13
disabled,64,13300000,13
disabled,64,13350000,13
disabled,64,13400000,13
disabled,64,13450000,13
disabled,64,13500000,13
disabled,64,13550000,13
disabled,64,13600000,13
disabled,64,13650000,13
disabled,64,13700000,13
disabled,64,13750000,13
disabled,64,13800000,13
disabled,64,13850000,13
disabled,64,13900000,13
disabled,64,13950000,13
disabled,64,14000000,13
disabled,64,14050000,13
disabled,64,14100000,13
disabled,64,14150000,13
disabled,64,14200000,13
disabled,64,14250000,13
disabled,64,14300000,13
disabled,64,14350000,13
disabled,64,14400000,13
disabled,64,14450000,13
disabled,64,14500000,13
disabled,64,14550000,13
disabled,64,14600000,13
disabled,64,14650000,13
disabled,64,14700000,13
disabled,64,14750000,13
disabled,64,14800000,13
disabled,64,14850000,13
disabled,64,14900000,13
disabled,64,14950000,13
disabled,64,15000000,13
disabled,64,15050000,13
disabled,64,15100000,13
disabled,64,15150000,13
disabled,64,15200000,13
disabled,64,15250000,13
disabled,64,15300000,13
disabled,64,15350000,13
disabled,64,15400000,13
disabled,64,15450000,13
disabled,64,15500000,13
disabled,64,15550000,13
disabled,64,15600000,13
disabled,64,15650000,13
disabled,64,15700000,13
disabled,64,15750000,13
disabled,64,15800000,13
disabled,64,15850000,13
disabled,64,15900000,13
disabled,64,15950000,13
disabled,64,16000000,13
disabled,64,16050000,13
disabled,64,16100000,13
disabled,64,16150000,13
disabled,64,16200000,13
disabled,64,16250000,13
disabled,64,16300000,13
disabled,64,16350000,13
disabled,64,16400000,13
disabled,64,16450000,13
disabled,64,16500000,13
disabled,64,16550000,13
disabled,64,16600000,13
disabled,64,16650000,13
disabled,64,16700000,13
disabled,64,16750000,13
disabled,64,16800000,13
disabled,64,16850000,13
disabled,64,16900000,13
disabled,64,16950000,13
disabled,64,17000000,13
disabled,64,17050000,13
disabled,64,17100000,13
disabled,64,17150000,13
disabled,64,17200000,13
disabled,64,17250000,13
disabled,64,17300000,13
disabled,64,17350000,13
disabled,64,17400000,13
disabled,64,17450000,13
disabled,64,17500000,13
disabled,64,17550000,13
disabled,64,17600000,13
disabled,64,17650000,13
disabled,64,17700000,13
disabled,64,17750000,13
disabled,64,17800000,13
disabled,64,17850000,13
disabled,64,17900000,13
disabled,64,17950000,13
disabled,64,18000000,13
disabled,64,18050000,13
disabled,64,18100000,13
disabled,64,18150000,13
disabled,64,18200000,13
disabled,64,18250000,13
disabled,64,18300000,13
disabled,64,18350000,13
disabled,64,18400000,13
disabled,64,18450000,13
disabled,64,18500000,13
disabled,64,18550000,13
disabled,64,18600000,13
disabled,64,18650000,13
disabled,64,18700000,13
disabled,64,18750000,13
disabled,64,18800000,13
disabled,64,18850000,13
disabled,64,18900000,13
disabled,64,18950000,13
disabled,64,19000000,13
disabled,64,19050000,13
disabled,64,19100000,13
disabled,64,19150000,13
disabled,64,19200000,13
disabled,64,19250000,13
disabled,64,19300000,13
disabled,64,19350000,13
disabled,64,19400000,13
disabled,64,19450000,13
disabled,64,19500000,13
disabled,64,19550000,13
disabled,64,19600000,13
disabled,64,19650000,13
disabled,64,19700000,13
disabled,64,19750000,13
disabled,64,19800000,13
disabled,64,19850000,13
disabled,64,19900000,13
disabled,64,19950000,13
disabled,64,20000000,13
disabled,64,20050000,13
disabled,64,20100000,13
disabled,64,20150000,13
disabled,64,20200000,13
disabled,64,20250000,13
disabled,64,20300000,13
disabled,64,20350000,13
disabled,64,20400000,13
disabled,64,20450000,13
disabled,64,20500000,13
disabled,64,20550000,13
disabled,64,20600000,13
disabled,64,20650000,13
disabled,64,20700000,13
disabled,64,20750000,13
disabled,64,20800000,13
disabled,64,20850000,13
disabled,64,20900000,13
disabled,64,20950000,13
disabled,64,21000000,13
disabled,64,21050000,13
disabled,64,21100000,13
disabled,64,21150000,13
disabled,64,21200000,13
disabled,64,21250000,13
disabled,64,21300000,13
disabled,64,21350000,13
disabled,64,21400000,13
disabled,64,21450000,13
disabled,64,21500000,13
disabled,64,21550000,13
disabled,64,21600000,13
disabled,64,21650000,13
disabled,64,21700000,13
disabled,64,21750000,13
disabled,64,21800000,13
disabled,64,21850000,13
disabled,64,21900000,13
disabled,64,21950000,13
disabled,64,22000000,13
disabled,64,22050000,13
disabled,64,22100000,13
disabled,64,22150000,13
disabled,64,22200000,13
disabled,64,22250000,13
disabled,64,22300000,13
disabled,64,22350000,13
disabled,64,22400000,13
disabled,64,22450000,13
disabled,64,22500000,13
disabled,64,22550000,13
disabled,64,22600000,13
disabled,64,22650000,13
disabled,64,22700000,13
disabled,64,22750000,13
disabled,64,22800000,13
disabled,64,22850000,13
disabled,64,22900000,13
disabled,64,22950000,13
disabled,64,23000000,13
disabled,64,23050000,13
disabled,64,23100000,13
disabled,64,23150000,13
disabled,64,23200000,13
disabled,64,23250000,13
disabled,64,23300000,13
disabled,64,23350000,13
disabled,64,23400000,13
disabled,64,23450000,13
disabled,64,23500000,13
disabled,64,23550000,13
disabled,64,23600000,13
disabled,64,23650000,13
disabled,64,23700000,13
disabled,64,23750000,13
disabled,64,23800000,13
disabled,64,23850000,13
disabled,64,23900000,13
disabled,64,23950000,13
disabled,64,24000000,13
disabled,64,24050000,13
disabled,64,24100000,13
disabled,64,24150000,13
disabled,64,24200000,13
disabled,64,24250000,13
disabled,64,24300000,13
disabled,64,24350000,13
disabled,64,24400000,13
disabled,64,24450000,13
disabled,64,24500000,13
disabled,64,24550000,13
disabled,64,24600000,13
disabled,64,24650000,13
disabled,64,24700000,13
disabled,64,24750000,13
disabled,64,24800000,13
disabled,64,24850000,13
disabled,64,24900000,13
disabled,64,24950000,13
disabled,64,25000000,13
disabled,64,25050000,13
disabled,64,25100000,13
disabled,64,25150000,13
disabled,64,25200000,13
disabled,64,25250000,13
disabled,64,25300000,13
disabled,64,25350000,13
disabled,64,25400000,13
disabled,64,25450000,13
disabled,64,25500000,13
disabled,64,25550000,13
disabled,64,25600000,13
disabled,64,25650000,13
disabled,64,25700000,13
disabled,64,25750000,13
disabled,64,25800000,13
disabled,64,25850000,13
disabled,64,25900000,13
disabled,64,25950000,13
disabled,64,26000000,13
disabled,64,26050000,13
disabled,64,26100000,13
disabled,64,26150000,13
disabled,64,26200000,13
disabled,64,26250000,13
disabled,64,26300000,13
disabled,64,26350000,13
disabled,64,26400000,13
disabled,64,26450000,13
disabled,64,26500000,13
disabled,64,26550000,13
disabled,64,26600000,13
disabled,64,26650000,13
disabled,64,26700000,13
disabled,64,26750000,13
disabled,64,26800000,13
disabled,64,26850000,13
disabled,64,26900000,13
disabled,64,26950000,13
disabled,64,27000000,13
disabled,64,27050000,13
disabled,64,27100000,13
disabled,64,27150000,13
disabled,64,27200000,13
disabled,64,27250000,13
disabled,64,27300000,13
disabled,64,27350000,13
disabled,64,27400000,13
disabled,64,27450000,13
disabled,64,27500000,13
disabled,64,27550000,13
disabled,64,27600000,13
disabled,64,27650000,13
disabled,64,27700000,13
disabled,64,27750000,13
disabled,64,27800000,13
disabled,64,27850000,13
disabled,64,27900000,13
disabled,64,27950000,13
disabled,64,28000000,13
disabled,64,28050000,13
disabled,64,28100000,13
disabled,64,28150000,13
disabled,64,28200000,13
disabled,64,28250000,13
disabled,64,28300000,13
disabled,64,28350000,13
disabled,64,28400000,13
disabled,64,28450000,13
disabled,64,28500000,13
disabled,64,28550000,13
disabled,64,28600000,13
disabled,64,28650000,13
disabled,64,28700000,13
disabled,64,28750000,13
disabled,64,28800000,13
disabled,64,28850000,13
disabled,64,28900000,13
disabled,64,28950000,13
disabled,64,29000000,13
disabled,64,29050000,13
disabled,64,29100000,13
disabled,64,29150000,13
disabled,64,29200000,13
disabled,64,29250000,13
disabled,64,29300000,13
disabled,64,29350000,13
disabled,64,29400000,13
disabled,64,29450000,13
disabled,64,29500000,13
disabled,64,29550000,13
disabled,64,29600000,13
disabled,64,29650000,13
disabled,64,29700000,13
disabled,64,29750000,13
disabled,64,29800000,13
disabled,64,29850000,13
disabled,64,29900000,13
disabled,64,29950000,13
disabled,64,30000000,13
disabled,64,30050000,13
disabled,64,30100000,13
disabled,64,30150000,13
disabled,64,30200000,13
disabled,64,30250000,13
disabled,64,30300000,13
disabled,64,30350000,13
disabled,64,30400000,13
disabled,64,30450000,13
disabled,64,30500000,13
disabled,64,30550000,13
disabled,64,30600000,13
disabled,64,30650000,13
disabled,64,30700000,13
disabled,64,30750000,13
disabled,64,30800000,13
disabled,64,30850000,13
disabled,64,30900000,13
disabled,64,30950000,13
disabled,64,31000000,13
disabled,64,31050000,13
disabled,64,31100000,13
disabled,64,31150000,13
disabled,64,31200000,13
disabled,64,31250000,13
disabled,64,31300000,13
disabled,64,31350000,13
disabled,64,31400000,13
disabled,64,31450000,13
disabled,64,31500000,13
disabled,64,31550000,13
disabled,64,31600000,13
disabled,64,31650000,13
disabled,64,31700000,13
disabled,64,31750000,13
disabled,64,31800000,13
disabled,64,31850000,13
disabled,64,31900000,13
disabled,64,31950000,13
disabled,64,32000000,13
disabled,64,32050000,13
disabled,64,32100000,13
disabled,64,32150000,13
disabled,64,32200000,13
disabled,64,32250000,13
disabled,64,32300000,13
disabled,64,32350000,13
disabled,64,32400000,13
disabled,64,32450000,13
disabled,64,32500000,13
disabled,64,32550000,13
disabled,64,32600000,13
disabled,64,32650000,13
disabled,64,32700000,13
disabled,64,32750000,13
disabled,64,32800000,13
disabled,64,32850000,13
disabled,64,32900000,13
disabled,64,32950000,13
disabled,64,33000000,13
disabled,64,33050000,13
disabled,64,33100000,13
disabled,64,33150000,13
disabled,64,33200000,13
disabled,64,33250000,13
disabled,64,33300000,13
disabled,64,33350000,13
disabled,64,33400000,13
disabled,64,33450000,13
disabled,64,33500000,13
disabled,64,33550000,13
disabled,64,33600000,13
disabled,64,33650000,13
disabled,64,33700000,13
disabled,64,33750000,13
disabled,64,33800000,13
disabled,64,33850000,13
disabled,64,33900000,13
disabled,64,33950000,13
disabled,64,34000000,13
disabled,64,34050000,13
disabled,64,34100000,13
disabled,64,34150000,13
disabled,64,34200000,13
disabled,64,34250000,13
disabled,64,34300000,13
disabled,64,34350000,13
disabled,64,34400000,13
disabled,64,34450000,13
disabled,64,34500000,13
disabled,64,34550000,13
disabled,64,34600000,13
disabled,64,34650000,13
disabled,64,34700000,13
disabled,64,34750000,13
disabled,64,34800000,13
disabled,64,34850000,13
disabled,64,34900000,13
disabled,64,34950000,13
disabled,64,35000000,13
disabled,64,35050000,13
disabled,64,35100000,13
disabled,64,35150000,13
disabled,64,35200000,13
disabled,64,35250000,13
disabled,64,35300000,13
disabled,64,35350000,13
disabled,64,35400000,13
disabled,64,35450000,13
disabled,64,35500000,13
disabled,64,35550000,13
disabled,64,35600000,13
disabled,64,35650000,13
disabled,64,35700000,13
disabled,64,35750000,13
disabled,64,35800000,13
disabled,64,35850000,13
disabled,64,35900000,13
disabled,64,35950000,13
disabled,64,36000000,13
disabled,64,36050000,13
disabled,64,36100000,13
disabled,64,36150000,13
disabled,64,36200000,13
disabled,64,36250000,13
disabled,64,36300000,13
disabled,64,36350000,13
disabled,64,36400000,13
disabled,64,36450000,13
disabled,64,36500000,13
disabled,64,36550000,13
disabled,64,36600000,13
disabled,64,36650000,13
disabled,64,36700000,13
disabled,64,36750000,13
disabled,64,36800000,13
disabled,64,36850000,13
disabled,64,36900000,13
disabled,64,36950000,13
disabled,64,37000000,13
disabled,64,37050000,13
disabled,64,37100000,13
disabled,64,37150000,13
disabled,64,37200000,13
disabled,64,37250000,13
disabled,64,37300000,13
disabled,64,37350000,13
disabled,64,37400000,13
disabled,64,37450000,13
disabled,64,37500000,13
disabled,64,37550000,13
disabled,64,37600000,13
disabled,64,37650000,13
disabled,64,37700000,13
disabled,64,37750000,13
disabled,64,37800000,13
disabled,64,37850000,13
disabled,64,37900000,13
disabled,64,37950000,13
disabled,64,38000000,13
disabled,64,38050000,13
disabled,64,38100000,13
disabled,64,38150000,13
disabled,64,38200000,13
disabled,64,38250000,13
disabled,64,38300000,13
disabled,64,38350000,13
disabled,64,38400000,13
disabled,64,38450000,13
disabled,64,38500000,13
disabled,64,38550000,13
disabled,64,38600000,13
disabled,64,38650000,13
disabled,64,38700000,13
disabled,64,38750000,13
disabled,64,38800000,13
disabled,64,38850000,13
disabled,64,38900000,13
disabled,64,38950000,13
disabled,64,39000000,13
disabled,64,39050000,13
disabled,64,39100000,13
disabled,64,39150000,13
disabled,64,39200000,13
disabled,64,39250000,13
disabled,64,39300000,13
disabled,64,39350000,13
disabled,64,39400000,13
disabled,64,39450000,13
disabled,64,39500000,13
disabled,64,39550000,13
disabled,64,39600000,13
disabled,64,39650000,13
disabled,64,39700000,13
disabled,64,39750000,13
disabled,64,39800000,13
disabled,64,39850000,13
disabled,64,39900000,13
disabled,64,39950000,13
disabled,64,40000000,13
disabled,64,40050000,13
disabled,64,40100000,13
disabled,64,40150000,13
disabled,64,40200000,13
disabled,64,40250000,13
disabled,64,40300000,13
disabled,64,40350000,13
disabled,64,40400000,13
disabled,64,40450000,13
disabled,64,40500000,13
disabled,64,40550000,13
disabled,64,40600000,13
disabled,64,40650000,13
disabled,64,40700000,13
disabled,64,40750000,13
disabled,64,40800000,13
disabled,64,40850000,13
disabled,64,40900000,13
disabled,64,40950000,13
disabled,64,41000000,13
disabled,64,41050000,13
disabled,64,41100000,13
disabled,64,41150000,13
disabled,64,41200000,13
disabled,64,41250000,13
disabled,64,41300000,13
disabled,64,41350000,13
disabled,64,41400000,13
disabled,64,41450000,13
disabled,64,41500000,13
disabled,64,41550000,13
disabled,64,41600000,13
disabled,64,41650000,13
disabled,64,41700000,13
disabled,64,41750000,13
disabled,64,41800000,13
disabled,64,41850000,13
disabled,64,41900000,13
disabled,64,41950000,13
disabled,64,42000000,13
disabled,64,42050000,13
disabled,64,42100000,13
disabled,64,42150000,13
disabled,64,42200000,13
disabled,64,42250000,13
disabled,64,42300000,13
disabled,64,42350000,13
disabled,64,42400000,13
disabled,64,42450000,13
disabled,64,42500000,13
disabled,64,42550000,13
disabled,64,42600000,13
disabled,64,42650000,13
disabled,64,42700000,13
disabled,64,42750000,13
disabled,64,42800000,13
disabled,64,42850000,13
disabled,64,42900000,13
disabled,64,42950000,13
disabled,64,43000000,13
disabled,64,43050000,13
disabled,64,43100000,13
disabled,64,43150000,13
disabled,64,43200000,13
disabled,64,43250000,13
disabled,64,43300000,13
disabled,64,43350000,13
disabled,64,43400000,13
disabled,64,43450000,13
disabled,64,43500000,13
disabled,64,43550000,13
disabled,64,43600000,13
disabled,64,43650000,13
disabled,64,43700000,13
disabled,64,43750000,13
disabled,64,43800000,13
disabled,64,43850000,13
disabled,64,43900000,13
disabled,64,43950000,13
disabled,64,44000000,13
disabled,64,44050000,13
disabled,64,44100000,13
disabled,64,44150000,13
disabled,64,44200000,13
disabled,64,44250000,13
disabled,64,44300000,13
disabled,64,44350000,13
disabled,64,44400000,13
disabled,64,44450000,13
disabled,64,44500000,13
disabled,64,44550000,13
disabled,64,44600000,13
disabled,64,44650000,13
disabled,64,44700000,13
disabled,64,44750000,13
disabled,64,44800000,13
disabled,64,44850000,13
disabled,64,44900000,13
disabled,64,44950000,13
disabled,64,45000000,13
disabled,64,45050000,13
disabled,64,45100000,13
disabled,64,45150000,13
disabled,64,45200000,13
disabled,64,45250000,13
disabled,64,45300000,13
disabled,64,45350000,13
disabled,64,45400000,13
disabled,64,45450000,13
disabled,64,45500000,13
disabled,64,45550000,13
disabled,64,45600000,13
disabled,64,45650000,13
disabled,64,45700000,13
disabled,64,45750000,13
disabled,64,45800000,13
disabled,64,45850000,13
disabled,64,45900000,13
disabled,64,45950000,13
disabled,64,46000000,13
disabled,64,46050000,13
disabled,64,46100000,13
disabled,64,46150000,13
disabled,64,46200000,13
disabled,64,46250000,13
disabled,64,46300000,13
disabled,64,46350000,13
disabled,64,46400000,13
disabled,64,46450000,13
disabled,64,46500000,13
disabled,64,46550000,13
disabled,64,46600000,13
disabled,64,46650000,13
disabled,64,46700000,13
disabled,64,46750000,13
disabled,64,46800000,13
disabled,64,46850000,13
disabled,64,46900000,13
disabled,64,46950000,13
disabled,64,47000000,13
disabled,64,47050000,13
disabled,64,47100000,13
disabled,64,47150000,13
disabled,64,47200000,13
disabled,64,47250000,13
disabled,64,47300000,13
disabled,64,47350000,13
disabled,64,47400000,13
disabled,64,47450000,13
disabled,64,47500000,13
disabled,64,47550000,13
disabled,64,47600000,13
disabled,64,47650000,13
disabled,64,47700000,13
disabled,64,47750000,13
disabled,64,47800000,13
disabled,64,47850000,13
disabled,64,47900000,13
disabled,64,47950000,13
disabled,64,48000000,13
disabled,64,48050000,13
disabled,64,48100000,13
disabled,64,48150000,13
disabled,64,48200000,13
disabled,64,48250000,13
disabled,64,48300000,13
disabled,64,48350000,13
disabled,64,48400000,13
disabled,64,48450000,13
disabled,64,48500000,13
disabled,64,48550000,13
disabled,64,48600000,13
disabled,64,48650000,13
disabled,64,48700000,13
disabled,64,48750000,13
disabled,64,48800000,13
disabled,64,48850000,13
disabled,64,48900000,13
disabled,64,48950000,13
disabled,64,49000000,13
disabled,64,49050000,13
disabled,64,49100000,13
disabled,64,49150000,13
disabled,64,49200000,13
disabled,64,49250000,13
disabled,64,49300000,13
disabled,64,49350000,13
disabled,64,49400000,13
disabled,64,49450000,13
disabled,64,49500000,13
disabled,64,49550000,13
disabled,64,49600000,13
disabled,64,49650000,13
disabled,64,49700000,13
disabled,64,49750000,13
disabled,64,49800000,13
disabled,64,49850000,13
disabled,64,49900000,13
disabled,64,49950000,13
disabled,64,50000000,13
disabled,64,50050000,13
disabled,64,50100000,13
disabled,64,50150000,13
disabled,64,50200000,13
disabled,64,50250000,13
disabled,64,50300000,13
disabled,64,50350000,13
disabled,64,50400000,13
disabled,64,50450000,13
disabled,64,50500000,13
disabled,64,50550000,13
disabled,64,50600000,13
disabled,64,50650000,13
disabled,64,50700000,13
disabled,64,50750000,13
disabled,64,50800000,13
disabled,64,50850000,13
disabled,64,50900000,13
disabled,64,50950000,13
disabled,64,51000000,13
disabled,64,51050000,13
disabled,64,51100000,13
disabled,64,51150000,13
disabled,64,51200000,13
disabled,64,51250000,13
disabled,64,51300000,13
disabled,64,51350000,13
disabled,64,51400000,13
disabled,64,51450000,13
disabled,64,51500000,13
disabled,64,51550000,13
disabled,64,51600000,13
disabled,64,51650000,13
disabled,64,51700000,13
disabled,64,51750000,13
disabled,64,51800000,13
disabled,64,51850000,13
disabled,64,51900000,13
disabled,64,51950000,13
disabled,64,52000000,13
disabled,64,52050000,13
disabled,64,52100000,13
disabled,64,52150000,13
disabled,64,52200000,13
disabled,64,52250000,13
disabled,64,52300000,13
disabled,64,52350000,13
disabled,64,52400000,13
disabled,64,52450000,13
disabled,64,52500000,13
disabled,64,52550000,13
disabled,64,52600000,13
disabled,64,52650000,13
disabled,64,52700000,13
disabled,64,52750000,13
disabled,64,52800000,13
disabled,64,52850000,13
disabled,64,52900000,13
disabled,64,52950000,13
disabled,64,53000000,13
disabled,64,53050000,13
disabled,64,53100000,13
disabled,64,53150000,13
disabled,64,53200000,13
disabled,64,53250000,13
disabled,64,53300000,13
disabled,64,53350000,13
disabled,64,53400000,13
disabled,64,53450000,13
disabled,64,53500000,13
disabled,64,53550000,13
disabled,64,53600000,13
disabled,64,53650000,13
disabled,64,53700000,13
disabled,64,53750000,13
disabled,64,53800000,13
disabled,64,53850000,13
disabled,64,53900000,13
disabled,64,53950000,13
disabled,64,54000000,13
disabled,64,54050000,13
disabled,64,54100000,13
disabled,64,54150000,13
disabled,64,54200000,13
disabled,64,54250000,13
disabled,64,54300000,13
disabled,64,54350000,13
disabled,64,54400000,13
disabled,64,54450000,13
disabled,64,54500000,13
disabled,64,54550000,13
disabled,64,54600000,13
disabled,64,54650000,13
disabled,64,54700000,13
disabled,64,54750000,13
disabled,64,54800000,13
disabled,64,54850000,13
disabled,64,54900000,13
disabled,64,54950000,13
disabled,64,55000000,13
disabled,64,55050000,13
disabled,64,55100000,13
disabled,64,55150000,13
disabled,64,55200000,13
disabled,64,55250000,13
disabled,64,55300000,13
disabled,64,55350000,13
disabled,64,55400000,13
disabled,64,55450000,13
disabled,64,55500000,13
disabled,64,55550000,13
disabled,64,55600000,13
disabled,64,55650000,13
disabled,64,55700000,13
disabled,64,55750000,13
disabled,64,55800000,13
disabled,64,55850000,13
disabled,64,55900000,13
disabled,64,55950000,13
disabled,64,56000000,13
disabled,64,56050000,13
disabled,64,56100000,13
disabled,64,56150000,13
disabled,64,56200000,13
disabled,64,56250000,13
disabled,64,56300000,13
disabled,64,56350000,13
disabled,64,56400000,13
disabled,64,56450000,13
disabled,64,56500000,13
disabled,64,56550000,13
disabled,64,56600000,13
disabled,64,56650000,13
disabled,64,56700000,13
disabled,64,56750000,13
disabled,64,56800000,13
disabled,64,56850000,13
disabled,64,56900000,13
disabled,64,56950000,13
disabled,64,57000000,13
disabled,64,57050000,13
disabled,64,57100000,13
disabled,64,57150000,13
disabled,64,57200000,13
disabled,64,57250000,13
disabled,64,57300000,13
disabled,64,57350000,13
disabled,64,57400000,13
disabled,64,57450000,13
disabled,64,57500000,13
disabled,64,57550000,13
disabled,64,57600000,13
disabled,64,57650000,13
disabled,64,57700000,13
disabled,64,57750000,13
disabled,64,57800000,13
disabled,64,57850000,13
disabled,64,57900000,13
disabled,64,57950000,13
disabled,64,58000000,13
disabled,64,58050000,13
disabled,64,58100000,13
disabled,64,58150000,13
disabled,64,58200000,13
disabled,64,58250000,13
disabled,64,58300000,13
disabled,64,58350000,13
disabled,64,58400000,13
disabled,64,58450000,13
disabled,64,58500000,13
disabled,64,58550000,13
disabled,64,58600000,13
disabled,64,58650000,13
disabled,64,58700000,13
disabled,64,58750000,13
disabled,64,58800000,13
disabled,64,58850000,13
disabled,64,58900000,13
disabled,64,58950000,13
disabled,64,59000000,13
disabled,64,59050000,13
disabled,64,59100000,13
disabled,64,59150000,13
disabled,64,59200000,13
disabled,64,59250000,13
disabled,64,59300000,13
disabled,64,59350000,13
disabled,64,59400000,13
disabled,64,59450000,13
disabled,64,59500000,13
disabled,64,59550000,13
disabled,64,59600000,13
disabled,64,59650000,13
disabled,64,59700000,13
disabled,64,59750000,13
disabled,64,59800000,13
disabled,64,59850000,13
disabled,64,59900000,13
disabled,64,59950000,13
disabled,64,60000000,13
disabled,64,60050000,13
disabled,64,60100000,13
disabled,64,60150000,13
disabled,64,60200000,13
disabled,64,60250000,13
disabled,64,60300000,13
disabled,64,60350000,13
disabled,64,60400000,13
disabled,64,60450000,13
disabled,64,60500000,13
disabled,64,60550000,13
disabled,64,60600000,13
disabled,64,60650000,13
disabled,64,60700000,13
disabled,64,60750000,13
disabled,64,60800000,13
disabled,64,60850000,13
disabled,64,60900000,13
disabled,64,60950000,13
disabled,64,61000000,13
disabled,64,61050000,13
disabled,64,61100000,13
disabled,64,61150000,13
disabled,64,61200000,13
disabled,64,61250000,13
disabled,64,61300000,13
disabled,64,61350000,13
disabled,64,61400000,13
disabled,64,61450000,13
disabled,64,61500000,13
disabled,64,61550000,13
disabled,64,61600000,13
disabled,64,61650000,13
disabled,64,61700000,13
disabled,64,61750000,13
disabled,64,61800000,13
disabled,64,61850000,13
disabled,64,61900000,13
disabled,64,61950000,13
disabled,64,62000000,13
disabled,64,62050000,13
disabled,64,62100000,13
disabled,64,62150000,13
disabled,64,62200000,13
disabled,64,62250000,13
disabled,64,62300000,13
disabled,64,62350000,13
disabled,64,62400000,13
disabled,64,62450000,13
disabled,64,62500000,13
disabled,64,62550000,13
disabled,64,62600000,13
disabled,64,62650000,13
disabled,64,62700000,13
disabled,64,62750000,13
disabled,64,62800000,13
disabled,64,62850000,13
disabled,64,62900000,13
disabled,64,62950000,13
disabled,64,63000000,13
disabled,64,63050000,13
disabled,64,63100000,13
disabled,64,63150000,13
disabled,64,63200000,13
disabled,64,63250000,13
disabled,64,63300000,13
disabled,64,63350000,13
disabled,64,63400000,13
disabled,64,63450000,13
disabled,64,63500000,13
disabled,64,63550000,13
disabled,64,63600000,13
disabled,64,63650000,13
disabled,64,63700000,13
disabled,64,63750000,13
disabled,64,63800000,13
disabled,64,63850000,13
disabled,64,63900000,13
disabled,64,63950000,13
disabled,64,64000000,13
disabled,64,64050000,13
disabled,64,64100000,13
disabled,64,64150000,13
disabled,64,64200000,13
disabled,64,64250000,13
disabled,64,64300000,13
disabled,64,64350000,13
disabled,64,64400000,13
disabled,64,64450000,13
disabled,64,64500000,13
disabled,64,64550000,13
disabled,64,64600000,13
disabled,64,64650000,13
disabled,64,64700000,13
disabled,64,64750000,13
disabled,64,64800000,13
disabled,64,64850000,13
disabled,64,64900000,13
disabled,64,64950000,13
disabled,64,65000000,13
disabled,64,65050000,13
disabled,64,65100000,13
disabled,64,65150000,13
disabled,64,65200000,13
disabled,64,65250000,13
disabled,64,65300000,13
disabled,64,65350000,13
disabled,64,65400000,13
disabled,64,65450000,13
disabled,64,65500000,13
disabled,64,65550000,13
disabled,64,65600000,13
disabled,64,65650000,13
disabled,64,65700000,13
disabled,64,65750000,13
disabled,64,65800000,13
disabled,64,65850000,13
disabled,64,65900000,13
disabled,64,65950000,13
disabled,64,66000000,13
disabled,64,66050000,13
disabled,64,66100000,13
disabled,64,66150000,13
disabled,64,66200000,13
disabled,64,66250000,13
disabled,64,66300000,13
disabled,64,66350000,13
disabled,64,66400000,13
disabled,64,66450000,13
disabled,64,66500000,13
disabled,64,66550000,13
disabled,64,66600000,13
disabled,64,66650000,13
disabled,64,66700000,13
disabled,64,66750000,13
disabled,64,66800000,13
disabled,64,66850000,13
disabled,64,66900000,13
disabled,64,66950000,13
disabled,64,67000000,13
disabled,64,67050000,13
disabled,64,67100000,13
disabled,64,67150000,13
disabled,64,67200000,13
disabled,64,67250000,13
disabled,64,67300000,13
disabled,64,67350000,13
disabled,64,67400000,13
disabled,64,67450000,13
disabled,64,67500000,13
disabled,64,67550000,13
disabled,64,67600000,13
disabled,64,67650000,13
disabled,64,67700000,13
disabled,64,67750000,13
disabled,64,67800000,13
disabled,64,67850000,13
disabled,64,67900000,13
disabled,64,67950000,13
disabled,64,68000000,13
disabled,64,68050000,13
disabled,64,68100000,13
disabled,64,68150000,13
disabled,64,68200000,13
disabled,64,68250000,13
disabled,64,68300000,13
disabled,64,68350000,13
disabled,64,68400000,13
disabled,64,68450000,13
disabled,64,68500000,13
disabled,64,68550000,13
disabled,64,68600000,13
disabled,64,68650000,13
disabled,64,68700000,13
disabled,64,68750000,13
disabled,64,68800000,13
disabled,64,68850000,13
disabled,64,68900000,13
disabled,64,68950000,13
disabled,64,69000000,13
disabled,64,69050000,13
disabled,64,69100000,13
disabled,64,69150000,13
disabled,64,69200000,13
disabled,64,69250000,13
disabled,64,69300000,13
disabled,64,69350000,13
disabled,64,69400000,13
disabled,64,69450000,13
disabled,64,69500000,13
disabled,64,69550000,13
disabled,64,69600000,13
disabled,64,69650000,13
disabled,64,69700000,13
disabled,64,69750000,13
disabled,64,69800000,13
disabled,64,69850000,13
disabled,64,69900000,13
disabled,64,69950000,13
disabled,64,70000000,13
disabled,64,70050000,13
disabled,64,70100000,13
disabled,64,70150000,13
disabled,64,70200000,13
disabled,64,70250000,13
disabled,64,70300000,13
disabled,64,70350000,13
disabled,64,70400000,13
disabled,64,70450000,13
disabled,64,70500000,13
disabled,64,70550000,13
disabled,64,70600000,13
disabled,64,70650000,13
disabled,64,70700000,13
disabled,64,70750000,13
disabled,64,70800000,13
disabled,64,70850000,13
disabled,64,70900000,13
disabled,64,70950000,13
disabled,64,71000000,13
disabled,64,71050000,13
disabled,64,71100000,13
disabled,64,71150000,13
disabled,64,71200000,13
disabled,64,71250000,13
disabled,64,71300000,13
disabled,64,71350000,13
disabled,64,71400000,13
disabled,64,71450000,13
disabled,64,71500000,13
disabled,64,71550000,13
disabled,64,71600000,13
disabled,64,71650000,13
disabled,64,71700000,13
disabled,64,71750000,13
disabled,64,71800000,13
disabled,64,71850000,13
disabled,64,71900000,13
disabled,64,71950000,13
disabled,64,72000000,13
disabled,64,72050000,13
disabled,64,72100000,13
disabled,64,72150000,13
disabled,64,72200000,13
disabled,64,72250000,13
disabled,64,72300000,13
disabled,64,72350000,13
disabled,64,72400000,13
disabled,64,72450000,13
disabled,64,72500000,13
disabled,64,72550000,13
disabled,64,72600000,13
disabled,64,72650000,13
disabled,64,72700000,13
disabled,64,72750000,13
disabled,64,72800000,13
disabled,64,72850000,13
disabled,64,72900000,13
disabled,64,72950000,13
disabled,64,73000000,13
disabled,64,73050000,13
disabled,64,73100000,13
disabled,64,73150000,13
disabled,64,73200000,13
disabled,64,73250000,13
disabled,64,73300000,13
disabled,64,73350000,13
disabled,64,73400000,13
disabled,64,73450000,13
disabled,64,73500000,13
disabled,64,73550000,13
disabled,64,73600000,13
disabled,64,73650000,13
disabled,64,73700000,13
disabled,64,73750000,13
disabled,64,73800000,13
disabled,64,73850000,13
disabled,64,73900000,13
disabled,64,73950000,13
disabled,64,74000000,13
disabled,64,74050000,13
disabled,64,74100000,13
disabled,64,74150000,13
disabled,64,74200000,13
disabled,64,74250000,13
disabled,64,74300000,13
disabled,64,74350000,13
disabled,64,74400000,13
disabled,64,74450000,13
disabled,64,74500000,13
disabled,64,74550000,13
disabled,64,74600000,13
disabled,64,74650000,13
disabled,64,74700000,13
disabled,64,74750000,13
disabled,64,74800000,13
disabled,64,74850000,13
disabled,64,74900000,13
disabled,64,74950000,13
disabled,64,75000000,13
disabled,64,75050000,13
disabled,64,75100000,13
disabled,64,75150000,13
disabled,64,75200000,13
disabled,64,75250000,13
disabled,64,75300000,13
disabled,64,75350000,13
disabled,64,75400000,13
disabled,64,75450000,13
disabled,64,75500000,13
disabled,64,75550000,13
disabled,64,75600000,13
disabled,64,75650000,13
disabled,64,75700000,13
disabled,64,75750000,13
disabled,64,75800000,13
disabled,64,75850000,13
disabled,64,75900000,13
disabled,64,75950000,13
disabled,64,76000000,13
disabled,64,76050000,13
disabled,64,76100000,13
disabled,64,76150000,13
disabled,64,76200000,13
disabled,64,76250000,13
disabled,64,76300000,13
disabled,64,76350000,13
disabled,64,76400000,13
disabled,64,76450000,13
disabled,64,76500000,13
disabled,64,76550000,13
disabled,64,76600000,13
disabled,64,76650000,13
disabled,64,76700000,13
disabled,64,76750000,13
disabled,64,76800000,13
disabled,64,76850000,13
disabled,64,76900000,13
disabled,64,76950000,13
disabled,64,77000000,13
disabled,64,77050000,13
disabled,64,77100000,13
disabled,64,77150000,13
disabled,64,77200000,13
disabled,64,77250000,13
disabled,64,77300000,13
disabled,64,77350000,13
disabled,64,77400000,13
disabled,64,77450000,13
disabled,64,77500000,13
disabled,64,77550000,13
disabled,64,77600000,13
disabled,64,77650000,13
disabled,64,77700000,13
disabled,64,77750000,13
disabled,64,77800000,13
disabled,64,77850000,13
disabled,64,77900000,13
disabled,64,77950000,13
disabled,64,78000000,13
disabled,64,78050000,13
disabled,64,78100000,13
disabled,64,78150000,13
disabled,64,78200000,13
disabled,64,78250000,13
disabled,64,78300000,13
disabled,64,78350000,13
disabled,64,78400000,13
disabled,64,78450000,13
disabled,64,78500000,13
disabled,64,78550000,13
disabled,64,78600000,13
disabled,64,78650000,13
disabled,64,78700000,13
disabled,64,78750000,13
disabled,64,78800000,13
disabled,64,78850000,13
disabled,64,78900000,13
disabled,64,78950000,13
disabled,64,79000000,13
disabled,64,79050000,13
disabled,64,79100000,13
disabled,64,79150000,13
disabled,64,79200000,13
disabled,64,79250000,13
disabled,64,79300000,13
disabled,64,79350000,13
disabled,64,79400000,13
disabled,64,79450000,13
disabled,64,79500000,13
disabled,64,79550000,13
disabled,64,79600000,13
disabled,64,79650000,13
disabled,64,79700000,13
disabled,64,79750000,13
disabled,64,79800000,13
disabled,64,79850000,13
disabled,64,79900000,13
disabled,64,79950000,13
tail-age,128,50000,57
tail-age,128,100000,52
tail-age,128,150000,47
tail-age,128,200000,45
tail-age,128,250000,44
tail-age,128,300000,42
tail-age,128,350000,40
tail-age,128,400000,41
tail-age,128,450000,41
tail-age,128,500000,41
tail-age,128,550000,41
tail-age,128,600000,41
tail-age,128,650000,42
tail-age,128,700000,41
tail-age,128,750000,41
tail-age,128,800000,41
tail-age,128,850000,41
tail-age,128,900000,41
tail-age,128,950000,41
tail-age,128,1000000,41
tail-age,128,1050000,41
tail-age,128,1100000,41
tail-age,128,1150000,41
tail-age,128,1200000,41
tail-age,128,1250000,41
tail-age,128,1300000,41
tail-age,128,1350000,41
tail-age,128,1400000,41
tail-age,128,1450000,41
tail-age,128,1500000,41
tail-age,128,1550000,41
tail-age,128,1600000,41
tail-age,128,1650000,41
tail-age,128,1700000,41
tail-age,128,1750000,41
tail-age,128,1800000,41
tail-age,128,1850000,41
tail-age,128,1900000,41
tail-age,128,1950000,41
tail-age,128,2000000,41
tail-age,128,2050000,41
tail-age,128,2100000,41
tail-age,128,2150000,41
tail-age,128,2200000,41
tail-age,128,2250000,41
tail-age,128,2300000,41
tail-age,128,2350000,41
tail-age,128,2400000,41
tail-age,128,2450000,41
tail-age,128,2500000,41
tail-age,128,2550000,41
tail-age,128,2600000,41
tail-age,128,2650000,41
tail-age,128,2700000,41
tail-age,128,2750000,41
tail-age,128,2800000,41
tail-age,128,2850000,41
tail-age,128,2900000,41
tail-age,128,2950000,41
tail-age,128,3000000,41
tail-age,128,3050000,41
tail-age,128,3100000,41
tail-age,128,3150000,41
tail-age,128,3200000,41
tail-age,128,3250000,41
tail-age,128,3300000,41
tail-age,128,3350000,41
tail-age,128,3400000,41
tail-age,128,3450000,41
tail-age,128,3500000,41
tail-age,128,3550000,41
tail-age,128,3600000,41
tail-age,128,3650000,41
tail-age,128,3700000,41
tail-age,128,3750000,41
tail-age,128,3800000,41
tail-age,128,3850000,41
tail-age,128,3900000,41
tail-age,128,3950000,41
tail-age,128,4000000,41
tail-age,128,4050000,41
tail-age,128,4100000,41
tail-age,128,4150000,41
tail-age,128,4200000,41
tail-age,128,4250000,41
tail-age,128,4300000,41
tail-age,128,4350000,41
tail-age,128,4400000,41
tail-age,128,4450000,41
tail-age,128,4500000,41
tail-age,128,4550000,41
tail-age,128,4600000,41
tail-age,128,4650000,41
tail-age,128,4700000,41
tail-age,128,4750000,41
tail-age,128,4800000,41
tail-age,128,4850000,41
tail-age,128,4900000,41
tail-age,128,4950000,41
tail-age,128,5000000,41
tail-age,128,5050000,41
tail-age,128,5100000,41
tail-age,128,5150000,41
tail-age,128,5200000,41
tail-age,128,5250000,41
tail-age,128,5300000,41
tail-age,128,5350000,41
tail-age,128,5400000,41
tail-age,128,5450000,41
tail-age,128,5500000,41
tail-age,128,5550000,41
tail-age,128,5600000,41
tail-age,128,5650000,41
tail-age,128,5700000,41
tail-age,128,5750000,41
tail-age,128,5800000,41
tail-age,128,5850000,41
tail-age,128,5900000,41
tail-age,128,5950000,41
tail-age,128,6000000,41
tail-age,128,6050000,41
tail-age,128,6100000,41
tail-age,128,6150000,41
tail-age,128,6200000,41
tail-age,128,6250000,41
tail-age,128,6300000,41
tail-age,128,6350000,41
tail-age,128,6400000,41
tail-age,128,6450000,41
tail-age,128,6500000,41
tail-age,128,6550000,41
tail-age,128,6600000,41
tail-age,128,6650000,41
tail-age,128,6700000,41
tail-age,128,6750000,41
tail-age,128,6800000,41
tail-age,128,6850000,41
tail-age,128,6900000,41
tail-age,128,6950000,41
tail-age,128,7000000,41
tail-age,128,7050000,41
tail-age,128,7100000,41
tail-age,128,7150000,41
tail-age,128,7200000,41
tail-age,128,7250000,41
tail-age,128,7300000,41
tail-age,128,7350000,41
tail-age,128,7400000,41
tail-age,128,7450000,41
tail-age,128,7500000,41
tail-age,128,7550000,41
tail-age,128,7600000,41
tail-age,128,7650000,41
tail-age,128,7700000,41
tail-age,128,7750000,41
tail-age,128,7800000,41
tail-age,128,7850000,41
tail-age,128,7900000,41
tail-age,128,7950000,41
tail-age,128,8000000,41
tail-age,128,8050000,41
tail-age,128,8100000,41
tail-age,128,8150000,41
tail-age,128,8200000,41
tail-age,128,8250000,41
tail-age,128,8300000,41
tail-age,128,8350000,41
tail-age,128,8400000,41
tail-age,128,8450000,41
tail-age,128,8500000,41
tail-age,128,8550000,41
tail-age,128,8600000,41
tail-age,128,8650000,41
tail-age,128,8700000,41
tail-age,128,8750000,41
tail-age,128,8800000,41
tail-age,128,8850000,41
tail-age,128,8900000,41
tail-age,128,8950000,41
tail-age,128,9000000,41
tail-age,128,9050000,41
tail-age,128,9100000,41
tail-age,128,9150000,41
tail-age,128,9200000,41
tail-age,128,9250000,41
tail-age,128,9300000,41
tail-age,128,9350000,41
tail-age,128,9400000,41
tail-age,128,9450000,41
tail-age,128,9500000,41
tail-age,128,9550000,41
tail-age,128,9600000,41
tail-age,128,9650000,41
tail-age,128,9700000,41
tail-age,128,9750000,41
tail-age,128,9800000,41
tail-age,128,9850000,41
tail-age,128,9900000,41
tail-age,128,9950000,41
tail-age,128,10000000,41
tail-age,128,10050000,41
tail-age,128,10100000,41
tail-age,128,10150000,41
tail-age,128,10200000,41
tail-age,128,10250000,41
tail-age,128,10300000,41
tail-age,128,10350000,41
tail-age,128,10400000,41
tail-age,128,10450000,41
tail-age,128,10500000,41
tail-age,128,10550000,41
tail-age,128,10600000,41
tail-age,128,10650000,41
tail-age,128,10700000,41
tail-age,128,10750000,41
tail-age,128,10800000,41
tail-age,128,10850000,41
tail-age,128,10900000,41
tail-age,128,10950000,41
tail-age,128,11000000,41
tail-age,128,11050000,41
tail-age,128,11100000,41
tail-age,128,11150000,41
tail-age,128,11200000,41
tail-age,128,11250000,41
tail-age,128,11300000,41
tail-age,128,11350000,41
tail-age,128,11400000,41
tail-age,128,11450000,41
tail-age,128,11500000,41
tail-age,128,11550000,41
tail-age,128,11600000,41
tail-age,128,11650000,41
tail-age,128,11700000,41
tail-age,128,11750000,41
tail-age,128,11800000,41
tail-age,128,11850000,41
tail-age,128,11900000,41
tail-age,128,11950000,41
tail-age,128,12000000,41
tail-age,128,12050000,41
tail-age,128,12100000,41
tail-age,128,12150000,41
tail-age,128,12200000,41
tail-age,128,12250000,41
tail-age,128,12300000,41
tail-age,128,12350000,41
tail-age,128,12400000,41
tail-age,128,12450000,41
tail-age,128,12500000,41
tail-age,128,12550000,41
tail-age,128,12600000,41
tail-age,128,12650000,41
tail-age,128,12700000,41
tail-age,128,12750000,41
tail-age,128,12800000,41
tail-age,128,12850000,41
tail-age,128,12900000,41
tail-age,128,12950000,41
tail-age,128,13000000,41
tail-age,128,13050000,41
tail-age,128,13100000,41
tail-age,128,13150000,41
tail-age,128,13200000,41
tail-age,128,13250000,41
tail-age,128,13300000,41
tail-age,128,13350000,41
tail-age,128,13400000,41
tail-age,128,13450000,41
tail-age,128,13500000,41
tail-age,128,13550000,41
tail-age,128,13600000,41
tail-age,128,13650000,41
tail-age,128,13700000,41
tail-age,128,13750000,41
tail-age,128,13800000,41
tail-age,128,13850000,41
tail-age,128,13900000,41
tail-age,128,13950000,41
tail-age,128,14000000,41
tail-age,128,14050000,41
tail-age,128,14100000,41
tail-age,128,14150000,41
tail-age,128,14200000,41
tail-age,128,14250000,41
tail-age,128,14300000,41
tail-age,128,14350000,41
tail-age,128,14400000,41
tail-age,128,14450000,41
tail-age,128,14500000,41
tail-age,128,14550000,41
tail-age,128,14600000,41
tail-age,128,14650000,41
tail-age,128,14700000,41
tail-age,128,14750000,41
tail-age,128,14800000,41
tail-age,128,14850000,41
tail-age,128,14900000,41
tail-age,128,14950000,41
tail-age,128,15000000,41
tail-age,128,15050000,41
tail-age,128,15100000,41
tail-age,128,15150000,41
tail-age,128,15200000,41
tail-age,128,15250000,41
tail-age,128,15300000,41
tail-age,128,15350000,41
tail-age,128,15400000,41
tail-age,128,15450000,41
tail-age,128,15500000,41
tail-age,128,15550000,41
tail-age,128,15600000,41
tail-age,128,15650000,41
tail-age,128,15700000,41
tail-age,128,15750000,41
tail-age,128,15800000,41
tail-age,128,15850000,41
tail-age,128,15900000,41
tail-age,128,15950000,41
tail-age,128,16000000,41
tail-age,128,16050000,41
tail-age,128,16100000,41
tail-age,128,16150000,41
tail-age,128,16200000,41
tail-age,128,16250000,41
tail-age,128,16300000,41
tail-age,128,16350000,41
tail-age,128,16400000,41
tail-age,128,16450000,41
tail-age,128,16500000,41
tail-age,128,16550000,41
tail-age,128,16600000,41
tail-age,128,16650000,41
tail-age,128,16700000,41
tail-age,128,16750000,41
tail-age,128,16800000,41
tail-age,128,16850000,41
tail-age,128,16900000,41
tail-age,128,16950000,41
tail-age,128,17000000,41
tail-age,128,17050000,41
tail-age,128,17100000,41
tail-age,128,17150000,41
tail-age,128,17200000,41
tail-age,128,17250000,41
tail-age,128,17300000,41
tail-age,128,17350000,41
tail-age,128,17400000,41
tail-age,128,17450000,41
tail-age,128,17500000,41
tail-age,128,17550000,41
tail-age,128,17600000,41
tail-age,128,17650000,41
tail-age,128,17700000,41
tail-age,128,17750000,41
tail-age,128,17800000,41
tail-age,128,17850000,41
tail-age,128,17900000,41
tail-age,128,17950000,41
tail-age,128,18000000,41
tail-age,128,18050000,41
tail-age,128,18100000,41
tail-age,128,18150000,41
tail-age,128,18200000,41
tail-age,128,18250000,41
tail-age,128,18300000,41
tail-age,128,18350000,41
tail-age,128,18400000,41
tail-age,128,18450000,41
tail-age,128,18500000,41
tail-age,128,18550000,41
tail-age,128,18600000,41
tail-age,128,18650000,41
tail-age,128,18700000,41
tail-age,128,18750000,41
tail-age,128,18800000,41
tail-age,128,18850000,41
tail-age,128,18900000,41
tail-age,128,18950000,41
tail-age,128,19000000,41
tail-age,128,19050000,41
tail-age,128,19100000,41
tail-age,128,19150000,41
tail-age,128,19200000,41
tail-age,128,19250000,41
tail-age,128,19300000,41
tail-age,128,19350000,41
tail-age,128,19400000,41
tail-age,128,19450000,41
tail-age,128,19500000,41
tail-age,128,19550000,41
tail-age,128,19600000,41
tail-age,128,19650000,41
tail-age,128,19700000,41
tail-age,128,19750000,41
tail-age,128,19800000,41
tail-age,128,19850000,41
tail-age,128,19900000,41
tail-age,128,19950000,41
tail-age,128,20000000,41
tail-age,128,20050000,41
tail-age,128,20100000,41
tail-age,128,20150000,41
tail-age,128,20200000,41
tail-age,128,20250000,41
tail-age,128,20300000,41
tail-age,128,20350000,41
tail-age,128,20400000,41
tail-age,128,20450000,41
tail-age,128,20500000,41
tail-age,128,20550000,41
tail-age,128,20600000,41
tail-age,128,20650000,41
tail-age,128,20700000,41
tail-age,128,20750000,41
tail-age,128,20800000,41
tail-age,128,20850000,41
tail-age,128,20900000,41
tail-age,128,20950000,41
tail-age,128,21000000,41
tail-age,128,21050000,41
tail-age,128,21100000,41
tail-age,128,21150000,41
tail-age,128,21200000,41
tail-age,128,21250000,41
tail-age,128,21300000,41
tail-age,128,21350000,41
tail-age,128,21400000,41
tail-age,128,21450000,41
tail-age,128,21500000,41
tail-age,128,21550000,41
tail-age,128,21600000,41
tail-age,128,21650000,41
tail-age,128,21700000,41
tail-age,128,21750000,41
tail-age,128,21800000,41
tail-age,128,21850000,41
tail-age,128,21900000,41
tail-age,128,21950000,41
tail-age,128,22000000,41
tail-age,128,22050000,41
tail-age,128,22100000,41
tail-age,128,22150000,41
tail-age,128,22200000,41
tail-age,128,22250000,41
tail-age,128,22300000,41
tail-age,128,22350000,41
tail-age,128,22400000,41
tail-age,128,22450000,41
tail-age,128,22500000,41
tail-age,128,22550000,41
tail-age,128,22600000,41
tail-age,128,22650000,41
tail-age,128,22700000,41
tail-age,128,22750000,41
tail-age,128,22800000,41
tail-age,128,22850000,41
tail-age,128,22900000,41
tail-age,128,22950000,41
tail-age,128,23000000,41
tail-age,128,23050000,41
tail-age,128,23100000,41
tail-age,128,23150000,41
tail-age,128,23200000,41
tail-age,128,23250000,41
tail-age,128,23300000,41
tail-age,128,23350000,41
tail-age,128,23400000,41
tail-age,128,23450000,41
tail-age,128,23500000,41
tail-age,128,23550000,41
tail-age,128,23600000,41
tail-age,128,23650000,41
tail-age,128,23700000,41
tail-age,128,23750000,41
tail-age,128,23800000,41
tail-age,128,23850000,41
tail-age,128,23900000,41
tail-age,128,23950000,41
tail-age,128,24000000,41
tail-age,128,24050000,41
tail-age,128,24100000,41
tail-age,128,24150000,41
tail-age,128,24200000,41
tail-age,128,24250000,41
tail-age,128,24300000,41
tail-age,128,24350000,41
tail-age,128,24400000,41
tail-age,128,24450000,41
tail-age,128,24500000,41
tail-age,128,24550000,41
tail-age,128,24600000,41
tail-age,128,24650000,41
tail-age,128,24700000,41
tail-age,128,24750000,41
tail-age,128,24800000,41
tail-age,128,24850000,41
tail-age,128,24900000,41
tail-age,128,24950000,41
tail-age,128,25000000,41
tail-age,128,25050000,41
tail-age,128,25100000,41
tail-age,128,25150000,41
tail-age,128,25200000,41
tail-age,128,25250000,41
tail-age,128,25300000,41
tail-age,128,25350000,41
tail-age,128,25400000,41
tail-age,128,25450000,41
tail-age,128,25500000,41
tail-age,128,25550000,41
tail-age,128,25600000,41
tail-age,128,25650000,41
tail-age,128,25700000,41
tail-age,128,25750000,41
tail-age,128,25800000,41
tail-age,128,25850000,41
tail-age,128,25900000,41
tail-age,128,25950000,41
tail-age,128,26000000,41
tail-age,128,26050000,41
tail-age,128,26100000,41
tail-age,128,26150000,41
tail-age,128,26200000,41
tail-age,128,26250000,41
tail-age,128,26300000,41
tail-age,128,26350000,41
tail-age,128,26400000,41
tail-age,128,26450000,41
tail-age,128,26500000,41
tail-age,128,26550000,41
tail-age,128,26600000,41
tail-age,128,26650000,41
tail-age,128,26700000,41
tail-age,128,26750000,41
tail-age,128,26800000,41
tail-age,128,26850000,41
tail-age,128,26900000,41
tail-age,128,26950000,41
tail-age,128,27000000,41
tail-age,128,27050000,41
tail-age,128,27100000,41
tail-age,128,27150000,41
tail-age,128,27200000,41
tail-age,128,27250000,41
tail-age,128,27300000,41
tail-age,128,27350000,41
tail-age,128,27400000,41
tail-age,128,27450000,41
tail-age,128,27500000,41
tail-age,128,27550000,41
tail-age,128,27600000,41
tail-age,128,27650000,41
tail-age,128,27700000,41
tail-age,128,27750000,41
tail-age,128,27800000,41
tail-age,128,27850000,41
tail-age,128,27900000,41
tail-age,128,27950000,41
tail-age,128,28000000,41
tail-age,128,28050000,41
tail-age,128,28100000,41
tail-age,128,28150000,41
tail-age,128,28200000,41
tail-age,128,28250000,41
tail-age,128,28300000,41
tail-age,128,28350000,41
tail-age,128,28400000,41
tail-age,128,28450000,41
tail-age,128,28500000,41
tail-age,128,28550000,41
tail-age,128,28600000,41
tail-age,128,28650000,41
tail-age,128,28700000,41
tail-age,128,28750000,41
tail-age,128,28800000,41
tail-age,128,28850000,41
tail-age,128,28900000,41
tail-age,128,28950000,41
tail-age,128,29000000,41
tail-age,128,29050000,41
tail-age,128,29100000,41
tail-age,128,29150000,41
tail-age,128,29200000,41
tail-age,128,29250000,41
tail-age,128,29300000,41
tail-age,128,29350000,41
tail-age,128,29400000,41
tail-age,128,29450000,41
tail-age,128,29500000,41
tail-age,128,29550000,41
tail-age,128,29600000,41
tail-age,128,29650000,41
tail-age,128,29700000,41
tail-age,128,29750000,41
tail-age,128,29800000,41
tail-age,128,29850000,41
tail-age,128,29900000,41
tail-age,128,29950000,41
tail-age,128,30000000,41
tail-age,128,30050000,41
tail-age,128,30100000,41
tail-age,128,30150000,41
tail-age,128,30200000,41
tail-age,128,30250000,41
tail-age,128,30300000,41
tail-age,128,30350000,41
tail-age,128,30400000,41
tail-age,128,30450000,41
tail-age,128,30500000,41
tail-age,128,30550000,41
tail-age,128,30600000,41
tail-age,128,30650000,41
tail-age,128,30700000,41
tail-age,128,30750000,41
tail-age,128,30800000,41
tail-age,128,30850000,41
tail-age,128,30900000,41
tail-age,128,30950000,41
tail-age,128,31000000,41
tail-age,128,31050000,41
tail-age,128,31100000,41
tail-age,128,31150000,41
tail-age,128,31200000,41
tail-age,128,31250000,41
tail-age,128,31300000,41
tail-age,128,31350000,41
tail-age,128,31400000,41
tail-age,128,31450000,41
tail-age,128,31500000,41
tail-age,128,31550000,41
tail-age,128,31600000,41
tail-age,128,31650000,41
tail-age,128,31700000,41
tail-age,128,31750000,41
tail-age,128,31800000,41
tail-age,128,31850000,41
tail-age,128,31900000,41
tail-age,128,31950000,41
tail-age,128,32000000,41
tail-age,128,32050000,41
tail-age,128,32100000,41
tail-age,128,32150000,41
tail-age,128,32200000,41
tail-age,128,32250000,41
tail-age,128,32300000,41
tail-age,128,32350000,41
tail-age,128,32400000,41
tail-age,128,32450000,41
tail-age,128,32500000,41
tail-age,128,32550000,41
tail-age,128,32600000,41
tail-age,128,32650000,41
tail-age,128,32700000,41
tail-age,128,32750000,41
tail-age,128,32800000,41
tail-age,128,32850000,41
tail-age,128,32900000,41
tail-age,128,32950000,41
tail-age,128,33000000,41
tail-age,128,33050000,41
tail-age,128,33100000,41
tail-age,128,33150000,41
tail-age,128,33200000,41
tail-age,128,33250000,41
tail-age,128,33300000,41
tail-age,128,33350000,41
tail-age,128,33400000,41
tail-age,128,33450000,41
tail-age,128,33500000,41
tail-age,128,33550000,41
tail-age,128,33600000,41
tail-age,128,33650000,41
tail-age,128,33700000,41
tail-age,128,33750000,41
tail-age,128,33800000,41
tail-age,128,33850000,41
tail-age,128,33900000,41
tail-age,128,33950000,41
tail-age,128,34000000,41
tail-age,128,34050000,41
tail-age,128,34100000,41
tail-age,128,34150000,41
tail-age,128,34200000,41
tail-age,128,34250000,41
tail-age,128,34300000,41
tail-age,128,34350000,41
tail-age,128,34400000,41
tail-age,128,34450000,41
tail-age,128,34500000,41
tail-age,128,34550000,41
tail-age,128,34600000,41
tail-age,128,34650000,41
tail-age,128,34700000,41
tail-age,128,34750000,41
tail-age,128,34800000,41
tail-age,128,34850000,41
tail-age,128,34900000,41
tail-age,128,34950000,41
tail-age,128,35000000,41
tail-age,128,35050000,41
tail-age,128,35100000,41
tail-age,128,35150000,41
tail-age,128,35200000,41
tail-age,128,35250000,41
tail-age,128,35300000,41
tail-age,128,35350000,41
tail-age,128,35400000,41
tail-age,128,35450000,41
tail-age,128,35500000,41
tail-age,128,35550000,41
tail-age,128,35600000,41
tail-age,128,35650000,41
tail-age,128,35700000,41
tail-age,128,35750000,41
tail-age,128,35800000,41
tail-age,128,35850000,41
tail-age,128,35900000,41
tail-age,128,35950000,41
tail-age,128,36000000,41
tail-age,128,36050000,41
tail-age,128,36100000,41
tail-age,128,36150000,41
tail-age,128,36200000,41
tail-age,128,36250000,41
tail-age,128,36300000,41
tail-age,128,36350000,41
tail-age,128,36400000,41
tail-age,128,36450000,41
tail-age,128,36500000,41
tail-age,128,36550000,41
tail-age,128,36600000,41
tail-age,128,36650000,41
tail-age,128,36700000,41
tail-age,128,36750000,41
tail-age,128,36800000,41
tail-age,128,36850000,41
tail-age,128,36900000,41
tail-age,128,36950000,41
tail-age,128,37000000,41
tail-age,128,37050000,41
tail-age,128,37100000,41
tail-age,128,37150000,41
tail-age,128,37200000,41
tail-age,128,37250000,41
tail-age,128,37300000,41
tail-age,128,37350000,41
tail-age,128,37400000,41
tail-age,128,37450000,41
tail-age,128,37500000,41
tail-age,128,37550000,41
tail-age,128,37600000,41
tail-age,128,37650000,41
tail-age,128,37700000,41
tail-age,128,37750000,41
tail-age,128,37800000,41
tail-age,128,37850000,41
tail-age,128,37900000,41
tail-age,128,37950000,41
tail-age,128,38000000,41
tail-age,128,38050000,41
tail-age,128,38100000,41
tail-age,128,38150000,41
tail-age,128,38200000,41
tail-age,128,38250000,41
tail-age,128,38300000,41
tail-age,128,38350000,41
tail-age,128,38400000,41
tail-age,128,38450000,41
tail-age,128,38500000,41
tail-age,128,38550000,41
tail-age,128,38600000,41
tail-age,128,38650000,41
tail-age,128,38700000,41
tail-age,128,38750000,41
tail-age,128,38800000,41
tail-age,128,38850000,41
tail-age,128,38900000,41
tail-age,128,38950000,41
tail-age,128,39000000,41
tail-age,128,39050000,41
tail-age,128,39100000,41
tail-age,128,39150000,41
tail-age,128,39200000,41
tail-age,128,39250000,41
tail-age,128,39300000,41
tail-age,128,39350000,41
tail-age,128,39400000,41
tail-age,128,39450000,41
tail-age,128,39500000,41
tail-age,128,39550000,41
tail-age,128,39600000,41
tail-age,128,39650000,41
tail-age,128,39700000,41
tail-age,128,39750000,41
tail-age,128,39800000,41
tail-age,128,39850000,41
tail-age,128,39900000,41
tail-age,128,39950000,41
tail-age,128,40000000,41
tail-age,128,40050000,41
tail-age,128,40100000,41
tail-age,128,40150000,41
tail-age,128,40200000,41
tail-age,128,40250000,41
tail-age,128,40300000,41
tail-age,128,40350000,41
tail-age,128,40400000,41
tail-age,128,40450000,41
tail-age,128,40500000,41
tail-age,128,40550000,41
tail-age,128,40600000,41
tail-age,128,40650000,41
tail-age,128,40700000,41
tail-age,128,40750000,41
tail-age,128,40800000,41
tail-age,128,40850000,41
tail-age,128,40900000,41
tail-age,128,40950000,41
tail-age,128,41000000,41
tail-age,128,41050000,41
tail-age,128,41100000,41
tail-age,128,41150000,41
tail-age,128,41200000,41
tail-age,128,41250000,41
tail-age,128,41300000,41
tail-age,128,41350000,41
tail-age,128,41400000,41
tail-age,128,41450000,41
tail-age,128,41500000,41
tail-age,128,41550000,41
tail-age,128,41600000,41
tail-age,128,41650000,41
tail-age,128,41700000,41
tail-age,128,41750000,41
tail-age,128,41800000,41
tail-age,128,41850000,41
tail-age,128,41900000,41
tail-age,128,41950000,41
tail-age,128,42000000,41
tail-age,128,42050000,41
tail-age,128,42100000,41
tail-age,128,42150000,41
tail-age,128,42200000,41
tail-age,128,42250000,41
tail-age,128,42300000,41
tail-age,128,42350000,41
tail-age,128,42400000,41
tail-age,128,42450000,41
tail-age,128,42500000,41
tail-age,128,42550000,41
tail-age,128,42600000,41
tail-age,128,42650000,41
tail-age,128,42700000,41
tail-age,128,42750000,41
tail-age,128,42800000,41
tail-age,128,42850000,41
tail-age,128,42900000,41
tail-age,128,42950000,41
tail-age,128,43000000,41
tail-age,128,43050000,41
tail-age,128,43100000,41
tail-age,128,43150000,41
tail-age,128,43200000,41
tail-age,128,43250000,41
tail-age,128,43300000,41
tail-age,128,43350000,41
tail-age,128,43400000,41
tail-age,128,43450000,41
tail-age,128,43500000,41
tail-age,128,43550000,41
tail-age,128,43600000,41
tail-age,128,43650000,41
tail-age,128,43700000,41
tail-age,128,43750000,41
tail-age,128,43800000,41
tail-age,128,43850000,41
tail-age,128,43900000,41
tail-age,128,43950000,41
tail-age,128,44000000,41
tail-age,128,44050000,41
tail-age,128,44100000,41
tail-age,128,44150000,41
tail-age,128,44200000,41
tail-age,128,44250000,41
tail-age,128,44300000,41
tail-age,128,44350000,41
tail-age,128,44400000,41
tail-age,128,44450000,41
tail-age,128,44500000,41
tail-age,128,44550000,41
tail-age,128,44600000,41
tail-age,128,44650000,41
tail-age,128,44700000,41
tail-age,128,44750000,41
tail-age,128,44800000,41
tail-age,128,44850000,41
tail-age,128,44900000,41
tail-age,128,44950000,41
tail-age,128,45000000,41
tail-age,128,45050000,41
tail-age,128,45100000,41
tail-age,128,45150000,41
tail-age,128,45200000,41
tail-age,128,45250000,41
tail-age,128,45300000,41
tail-age,128,45350000,41
tail-age,128,45400000,41
tail-age,128,45450000,41
tail-age,128,45500000,41
tail-age,128,45550000,41
tail-age,128,45600000,41
tail-age,128,45650000,41
tail-age,128,45700000,41
tail-age,128,45750000,41
tail-age,128,45800000,41
tail-age,128,45850000,41
tail-age,128,45900000,41
tail-age,128,45950000,41
tail-age,128,46000000,41
tail-age,128,46050000,41
tail-age,128,46100000,41
tail-age,128,46150000,41
tail-age,128,46200000,41
tail-age,128,46250000,41
tail-age,128,46300000,41
tail-age,128,46350000,41
tail-age,128,46400000,41
tail-age,128,46450000,41
tail-age,128,46500000,41
tail-age,128,46550000,41
tail-age,128,46600000,41
tail-age,128,46650000,41
tail-age,128,46700000,41
tail-age,128,46750000,41
tail-age,128,46800000,41
tail-age,128,46850000,41
tail-age,128,46900000,41
tail-age,128,46950000,41
tail-age,128,47000000,41
tail-age,128,47050000,41
tail-age,128,47100000,41
tail-age,128,47150000,41
tail-age,128,47200000,41
tail-age,128,47250000,41
tail-age,128,47300000,41
tail-age,128,47350000,41
tail-age,128,47400000,41
tail-age,128,47450000,41
tail-age,128,47500000,41
tail-age,128,47550000,41
tail-age,128,47600000,41
tail-age,128,47650000,41
tail-age,128,47700000,41
tail-age,128,47750000,41
tail-age,128,47800000,41
tail-age,128,47850000,41
tail-age,128,47900000,41
tail-age,128,47950000,41
tail-age,128,48000000,41
tail-age,128,48050000,41
tail-age,128,48100000,41
tail-age,128,48150000,41
tail-age,128,48200000,41
tail-age,128,48250000,41
tail-age,128,48300000,41
tail-age,128,48350000,41
tail-age,128,48400000,41
tail-age,128,48450000,41
tail-age,128,48500000,41
tail-age,128,48550000,41
tail-age,128,48600000,41
tail-age,128,48650000,41
tail-age,128,48700000,41
tail-age,128,48750000,41
tail-age,128,48800000,41
tail-age,128,48850000,41
tail-age,128,48900000,41
tail-age,128,48950000,41
tail-age,128,49000000,41
tail-age,128,49050000,41
tail-age,128,49100000,41
tail-age,128,49150000,41
tail-age,128,49200000,41
tail-age,128,49250000,41
tail-age,128,49300000,41
tail-age,128,49350000,41
tail-age,128,49400000,41
tail-age,128,49450000,41
tail-age,128,49500000,41
tail-age,128,49550000,41
tail-age,128,49600000,41
tail-age,128,49650000,41
tail-age,128,49700000,41
tail-age,128,49750000,41
tail-age,128,49800000,41
tail-age,128,49850000,41
tail-age,128,49900000,41
tail-age,128,49950000,41
tail-age,128,50000000,41
tail-age,128,50050000,41
tail-age,128,50100000,41
tail-age,128,50150000,41
tail-age,128,50200000,41
tail-age,128,50250000,41
tail-age,128,50300000,41
tail-age,128,50350000,41
tail-age,128,50400000,41
tail-age,128,50450000,41
tail-age,128,50500000,41
tail-age,128,50550000,41
tail-age,128,50600000,41
tail-age,128,50650000,41
tail-age,128,50700000,41
tail-age,128,50750000,41
tail-age,128,50800000,41
tail-age,128,50850000,41
tail-age,128,50900000,41
tail-age,128,50950000,41
tail-age,128,51000000,41
tail-age,128,51050000,41
tail-age,128,51100000,41
tail-age,128,51150000,41
tail-age,128,51200000,41
tail-age,128,51250000,41
tail-age,128,51300000,41
tail-age,128,51350000,41
tail-age,128,51400000,41
tail-age,128,51450000,41
tail-age,128,51500000,41
tail-age,128,51550000,41
tail-age,128,51600000,41
tail-age,128,51650000,41
tail-age,128,51700000,41
tail-age,128,51750000,41
tail-age,128,51800000,41
tail-age,128,51850000,41
tail-age,128,51900000,41
tail-age,128,51950000,41
tail-age,128,52000000,41
tail-age,128,52050000,41
tail-age,128,52100000,41
tail-age,128,52150000,41
tail-age,128,52200000,41
tail-age,128,52250000,41
tail-age,128,52300000,41
tail-age,128,52350000,41
tail-age,128,52400000,41
tail-age,128,52450000,41
tail-age,128,52500000,41
tail-age,128,52550000,41
tail-age,128,52600000,41
tail-age,128,52650000,41
tail-age,128,52700000,41
tail-age,128,52750000,41
tail-age,128,52800000,41
tail-age,128,52850000,41
tail-age,128,52900000,41
tail-age,128,52950000,41
tail-age,128,53000000,41
tail-age,128,53050000,41
tail-age,128,53100000,41
tail-age,128,53150000,41
tail-age,128,53200000,41
tail-age,128,53250000,41
tail-age,128,53300000,41
tail-age,128,53350000,41
tail-age,128,53400000,41
tail-age,128,53450000,41
tail-age,128,53500000,41
tail-age,128,53550000,41
tail-age,128,53600000,41
tail-age,128,53650000,41
tail-age,128,53700000,41
tail-age,128,53750000,41
tail-age,128,53800000,41
tail-age,128,53850000,41
tail-age,128,53900000,41
tail-age,128,53950000,41
tail-age,128,54000000,41
tail-age,128,54050000,41
tail-age,128,54100000,41
tail-age,128,54150000,41
tail-age,128,54200000,41
tail-age,128,54250000,41
tail-age,128,54300000,41
tail-age,128,54350000,41
tail-age,128,54400000,41
tail-age,128,54450000,41
tail-age,128,54500000,41
tail-age,128,54550000,41
tail-age,128,54600000,41
tail-age,128,54650000,41
tail-age,128,54700000,41
tail-age,128,54750000,41
tail-age,128,54800000,41
tail-age,128,54850000,41
tail-age,128,54900000,41
tail-age,128,54950000,41
tail-age,128,55000000,41
tail-age,128,55050000,41
tail-age,128,55100000,41
tail-age,128,55150000,41
tail-age,128,55200000,41
tail-age,128,55250000,41
tail-age,128,55300000,41
tail-age,128,55350000,41
tail-age,128,55400000,41
tail-age,128,55450000,41
tail-age,128,55500000,41
tail-age,128,55550000,41
tail-age,128,55600000,41
tail-age,128,55650000,41
tail-age,128,55700000,41
tail-age,128,55750000,41
tail-age,128,55800000,41
tail-age,128,55850000,41
tail-age,128,55900000,41
tail-age,128,55950000,41
tail-age,128,56000000,41
tail-age,128,56050000,41
tail-age,128,56100000,41
tail-age,128,56150000,41
tail-age,128,56200000,41
tail-age,128,56250000,41
tail-age,128,56300000,41
tail-age,128,56350000,41
tail-age,128,56400000,41
tail-age,128,56450000,41
tail-age,128,56500000,41
tail-age,128,56550000,41
tail-age,128,56600000,41
tail-age,128,56650000,41
tail-age,128,56700000,41
tail-age,128,56750000,41
tail-age,128,56800000,41
tail-age,128,56850000,41
tail-age,128,56900000,41
tail-age,128,56950000,41
tail-age,128,57000000,41
tail-age,128,57050000,41
tail-age,128,57100000,41
tail-age,128,57150000,41
tail-age,128,57200000,41
tail-age,128,57250000,41
tail-age,128,57300000,41
tail-age,128,57350000,41
tail-age,128,57400000,41
tail-age,128,57450000,41
tail-age,128,57500000,41
tail-age,128,57550000,41
tail-age,128,57600000,41
tail-age,128,57650000,41
tail-age,128,57700000,41
tail-age,128,57750000,41
tail-age,128,57800000,41
tail-age,128,57850000,41
tail-age,128,57900000,41
tail-age,128,57950000,41
tail-age,128,58000000,41
tail-age,128,58050000,41
tail-age,128,58100000,41
tail-age,128,58150000,41
tail-age,128,58200000,41
tail-age,128,58250000,41
tail-age,128,58300000,41
tail-age,128,58350000,41
tail-age,128,58400000,41
tail-age,128,58450000,41
tail-age,128,58500000,41
tail-age,128,58550000,41
tail-age,128,58600000,41
tail-age,128,58650000,41
tail-age,128,58700000,41
tail-age,128,58750000,41
tail-age,128,58800000,41
tail-age,128,58850000,41
tail-age,128,58900000,41
tail-age,128,58950000,41
tail-age,128,59000000,41
tail-age,128,59050000,41
tail-age,128,59100000,41
tail-age,128,59150000,41
tail-age,128,59200000,41
tail-age,128,59250000,41
tail-age,128,59300000,41
tail-age,128,59350000,41
tail-age,128,59400000,41
tail-age,128,59450000,41
tail-age,128,59500000,41
tail-age,128,59550000,41
tail-age,128,59600000,41
tail-age,128,59650000,41
tail-age,128,59700000,41
tail-age,128,59750000,41
tail-age,128,59800000,41
tail-age,128,59850000,41
tail-age,128,59900000,41
tail-age,128,59950000,41
tail-age,128,60000000,41
tail-age,128,60050000,41
tail-age,128,60100000,41
tail-age,128,60150000,41
tail-age,128,60200000,41
tail-age,128,60250000,41
tail-age,128,60300000,41
tail-age,128,60350000,41
tail-age,128,60400000,41
tail-age,128,60450000,41
tail-age,128,60500000,41
tail-age,128,60550000,41
tail-age,128,60600000,41
tail-age,128,60650000,41
tail-age,128,60700000,41
tail-age,128,60750000,41
tail-age,128,60800000,41
tail-age,128,60850000,41
tail-age,128,60900000,41
tail-age,128,60950000,41
tail-age,128,61000000,41
tail-age,128,61050000,41
tail-age,128,61100000,41
tail-age,128,61150000,41
tail-age,128,61200000,41
tail-age,128,61250000,41
tail-age,128,61300000,41
tail-age,128,61350000,41
tail-age,128,61400000,41
tail-age,128,61450000,41
tail-age,128,61500000,41
tail-age,128,61550000,41
tail-age,128,61600000,41
tail-age,128,61650000,41
tail-age,128,61700000,41
tail-age,128,61750000,41
tail-age,128,61800000,41
tail-age,128,61850000,41
tail-age,128,61900000,41
tail-age,128,61950000,41
tail-age,128,62000000,41
tail-age,128,62050000,41
tail-age,128,62100000,41
tail-age,128,62150000,41
tail-age,128,62200000,41
tail-age,128,62250000,41
tail-age,128,62300000,41
tail-age,128,62350000,41
tail-age,128,62400000,41
tail-age,128,62450000,41
tail-age,128,62500000,41
tail-age,128,62550000,41
tail-age,128,62600000,41
tail-age,128,62650000,41
tail-age,128,62700000,41
tail-age,128,62750000,41
tail-age,128,62800000,41
tail-age,128,62850000,41
tail-age,128,62900000,41
tail-age,128,62950000,41
tail-age,128,63000000,41
tail-age,128,63050000,41
tail-age,128,63100000,41
tail-age,128,63150000,41
tail-age,128,63200000,41
tail-age,128,63250000,41
tail-age,128,63300000,41
tail-age,128,63350000,41
tail-age,128,63400000,41
tail-age,128,63450000,41
tail-age,128,63500000,41
tail-age,128,63550000,41
tail-age,128,63600000,41
tail-age,128,63650000,41
tail-age,128,63700000,41
tail-age,128,63750000,41
tail-age,128,63800000,41
tail-age,128,63850000,41
tail-age,128,63900000,41
tail-age,128,63950000,41
tail-age,128,64000000,41
tail-age,128,64050000,41
tail-age,128,64100000,41
tail-age,128,64150000,41
tail-age,128,64200000,41
tail-age,128,64250000,41
tail-age,128,64300000,41
tail-age,128,64350000,41
tail-age,128,64400000,41
tail-age,128,64450000,41
tail-age,128,64500000,41
tail-age,128,64550000,41
tail-age,128,64600000,41
tail-age,128,64650000,41
tail-age,128,64700000,41
tail-age,128,64750000,41
tail-age,128,64800000,41
tail-age,128,64850000,41
tail-age,128,64900000,41
tail-age,128,64950000,41
tail-age,128,65000000,41
tail-age,128,65050000,41
tail-age,128,65100000,41
tail-age,128,65150000,41
tail-age,128,65200000,41
tail-age,128,65250000,41
tail-age,128,65300000,41
tail-age,128,65350000,41
tail-age,128,65400000,41
tail-age,128,65450000,41
tail-age,128,65500000,41
tail-age,128,65550000,41
tail-age,128,65600000,41
tail-age,128,65650000,41
tail-age,128,65700000,41
tail-age,128,65750000,41
tail-age,128,65800000,41
tail-age,128,65850000,41
tail-age,128,65900000,41
tail-age,128,65950000,41
tail-age,128,66000000,41
tail-age,128,66050000,41
tail-age,128,66100000,41
tail-age,128,66150000,41
tail-age,128,66200000,41
tail-age,128,66250000,41
tail-age,128,66300000,41
tail-age,128,66350000,41
tail-age,128,66400000,41
tail-age,128,66450000,41
tail-age,128,66500000,41
tail-age,128,66550000,41
tail-age,128,66600000,41
tail-age,128,66650000,41
tail-age,128,66700000,41
tail-age,128,66750000,41
tail-age,128,66800000,41
tail-age,128,66850000,41
tail-age,128,66900000,41
tail-age,128,66950000,41
tail-age,128,67000000,41
tail-age,128,67050000,41
tail-age,128,67100000,41
tail-age,128,67150000,41
tail-age,128,67200000,41
tail-age,128,67250000,41
tail-age,128,67300000,41
tail-age,128,67350000,41
tail-age,128,67400000,41
tail-age,128,67450000,41
tail-age,128,67500000,41
tail-age,128,67550000,41
tail-age,128,67600000,41
tail-age,128,67650000,41
tail-age,128,67700000,41
tail-age,128,67750000,41
tail-age,128,67800000,41
tail-age,128,67850000,41
tail-age,128,67900000,41
tail-age,128,67950000,41
tail-age,128,68000000,41
tail-age,128,68050000,41
tail-age,128,68100000,41
tail-age,128,68150000,41
tail-age,128,68200000,41
tail-age,128,68250000,41
tail-age,128,68300000,41
tail-age,128,68350000,41
tail-age,128,68400000,41
tail-age,128,68450000,41
tail-age,128,68500000,41
tail-age,128,68550000,41
tail-age,128,68600000,41
tail-age,128,68650000,41
tail-age,128,68700000,41
tail-age,128,68750000,41
tail-age,128,68800000,41
tail-age,128,68850000,41
tail-age,128,68900000,41
tail-age,128,68950000,41
tail-age,128,69000000,41
tail-age,128,69050000,41
tail-age,128,69100000,41
tail-age,128,69150000,41
tail-age,128,69200000,41
tail-age,128,69250000,41
tail-age,128,69300000,41
tail-age,128,69350000,41
tail-age,128,69400000,41
tail-age,128,69450000,41
tail-age,128,69500000,41
tail-age,128,69550000,41
tail-age,128,69600000,41
tail-age,128,69650000,41
tail-age,128,69700000,41
tail-age,128,69750000,41
tail-age,128,69800000,41
tail-age,128,69850000,41
tail-age,128,69900000,41
tail-age,128,69950000,41
tail-age,128,70000000,41
tail-age,128,70050000,41
tail-age,128,70100000,41
tail-age,128,70150000,41
tail-age,128,70200000,41
tail-age,128,70250000,41
tail-age,128,70300000,41
tail-age,128,70350000,41
tail-age,128,70400000,41
tail-age,128,70450000,41
tail-age,128,70500000,41
tail-age,128,70550000,41
tail-age,128,70600000,41
tail-age,128,70650000,41
tail-age,128,70700000,41
tail-age,128,70750000,41
tail-age,128,70800000,41
tail-age,128,70850000,41
tail-age,128,70900000,41
tail-age,128,70950000,41
tail-age,128,71000000,41
tail-age,128,71050000,41
tail-age,128,71100000,41
tail-age,128,71150000,41
tail-age,128,71200000,41
tail-age,128,71250000,41
tail-age,128,71300000,41
tail-age,128,71350000,41
tail-age,128,71400000,41
tail-age,128,71450000,41
tail-age,128,71500000,41
tail-age,128,71550000,41
tail-age,128,71600000,41
tail-age,128,71650000,41
tail-age,128,71700000,41
tail-age,128,71750000,41
tail-age,128,71800000,41
tail-age,128,71850000,41
tail-age,128,71900000,41
tail-age,128,71950000,41
tail-age,128,72000000,41
tail-age,128,72050000,41
tail-age,128,72100000,41
tail-age,128,72150000,41
tail-age,128,72200000,41
tail-age,128,72250000,41
tail-age,128,72300000,41
tail-age,128,72350000,41
tail-age,128,72400000,41
tail-age,128,72450000,41
tail-age,128,72500000,41
tail-age,128,72550000,41
tail-age,128,72600000,41
tail-age,128,72650000,41
tail-age,128,72700000,41
tail-age,128,72750000,41
tail-age,128,72800000,41
tail-age,128,72850000,41
tail-age,128,72900000,41
tail-age,128,72950000,41
tail-age,128,73000000,41
tail-age,128,73050000,41
tail-age,128,73100000,41
tail-age,128,73150000,41
tail-age,128,73200000,41
tail-age,128,73250000,41
tail-age,128,73300000,41
tail-age,128,73350000,41
tail-age,128,73400000,41
tail-age,128,73450000,41
tail-age,128,73500000,41
tail-age,128,73550000,41
tail-age,128,73600000,41
tail-age,128,73650000,41
tail-age,128,73700000,41
tail-age,128,73750000,41
tail-age,128,73800000,41
tail-age,128,73850000,41
tail-age,128,73900000,41
tail-age,128,73950000,41
tail-age,128,74000000,41
tail-age,128,74050000,41
tail-age,128,74100000,41
tail-age,128,74150000,41
tail-age,128,74200000,41
tail-age,128,74250000,41
tail-age,128,74300000,41
tail-age,128,74350000,41
tail-age,128,74400000,41
tail-age,128,74450000,41
tail-age,128,74500000,41
tail-age,128,74550000,41
tail-age,128,74600000,41
tail-age,128,74650000,41
tail-age,128,74700000,41
tail-age,128,74750000,41
tail-age,128,74800000,41
tail-age,128,74850000,41
tail-age,128,74900000,41
tail-age,128,74950000,41
tail-age,128,75000000,41
tail-age,128,75050000,41
tail-age,128,75100000,41
tail-age,128,75150000,41
tail-age,128,75200000,41
tail-age,128,75250000,41
tail-age,128,75300000,41
tail-age,128,75350000,41
tail-age,128,75400000,41
tail-age,128,75450000,41
tail-age,128,75500000,41
tail-age,128,75550000,41
tail-age,128,75600000,41
tail-age,128,75650000,41
tail-age,128,75700000,41
tail-age,128,75750000,41
tail-age,128,75800000,41
tail-age,128,75850000,41
tail-age,128,75900000,41
tail-age,128,75950000,41
tail-age,128,76000000,41
tail-age,128,76050000,41
tail-age,128,76100000,41
tail-age,128,76150000,41
tail-age,128,76200000,41
tail-age,128,76250000,41
tail-age,128,76300000,41
tail-age,128,76350000,41
tail-age,128,76400000,41
tail-age,128,76450000,41
tail-age,128,76500000,41
tail-age,128,76550000,41
tail-age,128,76600000,41
tail-age,128,76650000,41
tail-age,128,76700000,41
tail-age,128,76750000,41
tail-age,128,76800000,41
tail-age,128,76850000,41
tail-age,128,76900000,41
tail-age,128,76950000,41
tail-age,128,77000000,41
tail-age,128,77050000,41
tail-age,128,77100000,41
tail-age,128,77150000,41
tail-age,128,77200000,41
tail-age,128,77250000,41
tail-age,128,77300000,41
tail-age,128,77350000,41
tail-age,128,77400000,41
tail-age,128,77450000,41
tail-age,128,77500000,41
tail-age,128,77550000,41
tail-age,128,77600000,41
tail-age,128,77650000,41
tail-age,128,77700000,41
tail-age,128,77750000,41
tail-age,128,77800000,41
tail-age,128,77850000,41
tail-age,128,77900000,41
tail-age,128,77950000,41
tail-age,128,78000000,41
tail-age,128,78050000,41
tail-age,128,78100000,41
tail-age,128,78150000,41
tail-age,128,78200000,41
tail-age,128,78250000,41
tail-age,128,78300000,41
tail-age,128,78350000,41
tail-age,128,78400000,41
tail-age,128,78450000,41
tail-age,128,78500000,41
tail-age,128,78550000,41
tail-age,128,78600000,41
tail-age,128,78650000,41
tail-age,128,78700000,41
tail-age,128,78750000,41
tail-age,128,78800000,41
tail-age,128,78850000,41
tail-age,128,78900000,41
tail-age,128,78950000,41
tail-age,128,79000000,41
tail-age,128,79050000,41
tail-age,128,79100000,41
tail-age,128,79150000,41
tail-age,128,79200000,41
tail-age,128,79250000,41
tail-age,128,79300000,41
tail-age,128,79350000,41
tail-age,128,79400000,41
tail-age,128,79450000,41
tail-age,128,79500000,41
tail-age,128,79550000,41
tail-age,128,79600000,41
tail-age,128,79650000,41
tail-age,128,79700000,41
tail-age,128,79750000,41
tail-age,128,79800000,41
tail-age,128,79850000,41
tail-age,128,79900000,41
tail-age,128,79950000,41
eviction-rate,32,50000,13
eviction-rate,32,100000,11
eviction-rate,32,150000,12
eviction-rate,32,200000,12
eviction-rate,32,250000,12
eviction-rate,32,300000,12
eviction-rate,32,350000,12
eviction-rate,32,400000,13
eviction-rate,32,450000,14
eviction-rate,32,500000,15
eviction-rate,32,550000,16
eviction-rate,32,600000,17
eviction-rate,32,650000,18
eviction-rate,32,700000,19
eviction-rate,32,750000,20
eviction-rate,32,800000,21
eviction-rate,32,850000,22
eviction-rate,32,900000,23
eviction-rate,32,950000,24
eviction-rate,32,1000000,25
eviction-rate,32,1050000,26
eviction-rate,32,1100000,27
eviction-rate,32,1150000,28
eviction-rate,32,1200000,29
eviction-rate,32,1250000,29
eviction-rate,32,1300000,29
eviction-rate,32,1350000,29
eviction-rate,32,1400000,29
eviction-rate,32,1450000,29
eviction-rate,32,1500000,29
eviction-rate,32,1550000,29
eviction-rate,32,1600000,29
eviction-rate,32,1650000,29
eviction-rate,32,1700000,29
eviction-rate,32,1750000,29
eviction-rate,32,1800000,29
eviction-rate,32,1850000,29
eviction-rate,32,1900000,29
eviction-rate,32,1950000,29
eviction-rate,32,2000000,29
eviction-rate,32,2050000,29
eviction-rate,32,2100000,29
eviction-rate,32,2150000,29
eviction-rate,32,2200000,29
eviction-rate,32,2250000,29
eviction-rate,32,2300000,29
eviction-rate,32,2350000,29
eviction-rate,32,2400000,29
eviction-rate,32,2450000,29
eviction-rate,32,2500000,29
eviction-rate,32,2550000,29
eviction-rate,32,2600000,29
eviction-rate,32,2650000,29
eviction-rate,32,2700000,29
eviction-rate,32,2750000,29
eviction-rate,32,2800000,29
eviction-rate,32,2850000,29
eviction-rate,32,2900000,29
eviction-rate,32,2950000,29
eviction-rate,32,3000000,29
eviction-rate,32,3050000,29
eviction-rate,32,3100000,29
eviction-rate,32,3150000,29
eviction-rate,32,3200000,29
eviction-rate,32,3250000,29
eviction-rate,32,3300000,29
eviction-rate,32,3350000,29
eviction-rate,32,3400000,29
eviction-rate,32,3450000,29
eviction-rate,32,3500000,29
eviction-rate,32,3550000,29
eviction-rate,32,3600000,29
eviction-rate,32,3650000,29
eviction-rate,32,3700000,29
eviction-rate,32,3750000,29
eviction-rate,32,3800000,29
eviction-rate,32,3850000,29
eviction-rate,32,3900000,29
eviction-rate,32,3950000,29
eviction-rate,32,4000000,29
eviction-rate,32,4050000,29
eviction-rate,32,4100000,29
eviction-rate,32,4150000,29
eviction-rate,32,4200000,29
eviction-rate,32,4250000,29
eviction-rate,32,4300000,29
eviction-rate,32,4350000,29
eviction-rate,32,4400000,29
eviction-rate,32,4450000,29
eviction-rate,32,4500000,29
eviction-rate,32,4550000,29
eviction-rate,32,4600000,29
eviction-rate,32,4650000,29
eviction-rate,32,4700000,29
eviction-rate,32,4750000,29
eviction-rate,32,4800000,29
eviction-rate,32,4850000,29
eviction-rate,32,4900000,29
eviction-rate,32,4950000,29
eviction-rate,32,5000000,29
eviction-rate,32,5050000,29
eviction-rate,32,5100000,29
eviction-rate,32,5150000,29
eviction-rate,32,5200000,29
eviction-rate,32,5250000,29
eviction-rate,32,5300000,29
eviction-rate,32,5350000,29
eviction-rate,32,5400000,29
eviction-rate,32,5450000,29
eviction-rate,32,5500000,29
eviction-rate,32,5550000,29
eviction-rate,32,5600000,29
eviction-rate,32,5650000,29
eviction-rate,32,5700000,29
eviction-rate,32,5750000,29
eviction-rate,32,5800000,29
eviction-rate,32,5850000,29
eviction-rate,32,5900000,29
eviction-rate,32,5950000,29
eviction-rate,32,6000000,29
eviction-rate,32,6050000,29
eviction-rate,32,6100000,29
eviction-rate,32,6150000,29
eviction-rate,32,6200000,29
eviction-rate,32,6250000,29
eviction-rate,32,6300000,29
eviction-rate,32,6350000,29
eviction-rate,32,6400000,29
eviction-rate,32,6450000,29
eviction-rate,32,6500000,29
eviction-rate,32,6550000,29
eviction-rate,32,6600000,29
eviction-rate,32,6650000,29
eviction-rate,32,6700000,29
eviction-rate,32,6750000,29
eviction-rate,32,6800000,29
eviction-rate,32,6850000,29
eviction-rate,32,6900000,29
eviction-rate,32,6950000,29
eviction-rate,32,7000000,29
eviction-rate,32,7050000,29
eviction-rate,32,7100000,29
eviction-rate,32,7150000,29
eviction-rate,32,7200000,29
eviction-rate,32,7250000,29
eviction-rate,32,7300000,29
eviction-rate,32,7350000,29
eviction-rate,32,7400000,29
eviction-rate,32,7450000,29
eviction-rate,32,7500000,29
eviction-rate,32,7550000,29
eviction-rate,32,7600000,29
eviction-rate,32,7650000,29
eviction-rate,32,7700000,29
eviction-rate,32,7750000,29
eviction-rate,32,7800000,29
eviction-rate,32,7850000,29
eviction-rate,32,7900000,29
eviction-rate,32,7950000,29
eviction-rate,32,8000000,29
eviction-rate,32,8050000,29
eviction-rate,32,8100000,29
eviction-rate,32,8150000,29
eviction-rate,32,8200000,29
eviction-rate,32,8250000,29
eviction-rate,32,8300000,29
eviction-rate,32,8350000,29
eviction-rate,32,8400000,29
eviction-rate,32,8450000,29
eviction-rate,32,8500000,29
eviction-rate,32,8550000,29
eviction-rate,32,8600000,29
eviction-rate,32,8650000,29
eviction-rate,32,8700000,29
eviction-rate,32,8750000,29
eviction-rate,32,8800000,29
eviction-rate,32,8850000,29
eviction-rate,32,8900000,29
eviction-rate,32,8950000,29
eviction-rate,32,9000000,29
eviction-rate,32,9050000,29
eviction-rate,32,9100000,29
eviction-rate,32,9150000,29
eviction-rate,32,9200000,29
eviction-rate,32,9250000,29
eviction-rate,32,9300000,29
eviction-rate,32,9350000,29
eviction-rate,32,9400000,29
eviction-rate,32,9450000,29
eviction-rate,32,9500000,29
eviction-rate,32,9550000,29
eviction-rate,32,9600000,29
eviction-rate,32,9650000,29
eviction-rate,32,9700000,29
eviction-rate,32,9750000,29
eviction-rate,32,9800000,29
eviction-rate,32,9850000,29
eviction-rate,32,9900000,29
eviction-rate,32,9950000,29
eviction-rate,32,10000000,29
eviction-rate,32,10050000,29
eviction-rate,32,10100000,29
eviction-rate,32,10150000,29
eviction-rate,32,10200000,29
eviction-rate,32,10250000,29
eviction-rate,32,10300000,29
eviction-rate,32,10350000,29
eviction-rate,32,10400000,29
eviction-rate,32,10450000,29
eviction-rate,32,10500000,29
eviction-rate,32,10550000,29
eviction-rate,32,10600000,29
eviction-rate,32,10650000,29
eviction-rate,32,10700000,29
eviction-rate,32,10750000,29
eviction-rate,32,10800000,29
eviction-rate,32,10850000,29
eviction-rate,32,10900000,29
eviction-rate,32,10950000,29
eviction-rate,32,11000000,29
eviction-rate,32,11050000,29
eviction-rate,32,11100000,29
eviction-rate,32,11150000,29
eviction-rate,32,11200000,29
eviction-rate,32,11250000,29
eviction-rate,32,11300000,29
eviction-rate,32,11350000,29
eviction-rate,32,11400000,29
eviction-rate,32,11450000,29
eviction-rate,32,11500000,29
eviction-rate,32,11550000,29
eviction-rate,32,11600000,29
eviction-rate,32,11650000,29
eviction-rate,32,11700000,29
eviction-rate,32,11750000,29
eviction-rate,32,11800000,29
eviction-rate,32,11850000,29
eviction-rate,32,11900000,29
eviction-rate,32,11950000,29
eviction-rate,32,12000000,29
eviction-rate,32,12050000,29
eviction-rate,32,12100000,29
eviction-rate,32,12150000,29
eviction-rate,32,12200000,29
eviction-rate,32,12250000,29
eviction-rate,32,12300000,29
eviction-rate,32,12350000,29
eviction-rate,32,12400000,29
eviction-rate,32,12450000,29
eviction-rate,32,12500000,29
eviction-rate,32,12550000,29
eviction-rate,32,12600000,29
eviction-rate,32,12650000,29
eviction-rate,32,12700000,29
eviction-rate,32,12750000,29
eviction-rate,32,12800000,29
eviction-rate,32,12850000,29
eviction-rate,32,12900000,29
eviction-rate,32,12950000,29
eviction-rate,32,13000000,29
eviction-rate,32,13050000,29
eviction-rate,32,13100000,29
eviction-rate,32,13150000,29
eviction-rate,32,13200000,29
eviction-rate,32,13250000,29
eviction-rate,32,13300000,29
eviction-rate,32,13350000,29
eviction-rate,32,13400000,29
eviction-rate,32,13450000,29
eviction-rate,32,13500000,29
eviction-rate,32,13550000,29
eviction-rate,32,13600000,29
eviction-rate,32,13650000,29
eviction-rate,32,13700000,29
eviction-rate,32,13750000,29
eviction-rate,32,13800000,29
eviction-rate,32,13850000,29
eviction-rate,32,13900000,29
eviction-rate,32,13950000,29
eviction-rate,32,14000000,29
eviction-rate,32,14050000,29
eviction-rate,32,14100000,29
eviction-rate,32,14150000,29
eviction-rate,32,14200000,29
eviction-rate,32,14250000,29
eviction-rate,32,14300000,29
eviction-rate,32,14350000,29
eviction-rate,32,14400000,29
eviction-rate,32,14450000,29
eviction-rate,32,14500000,29
eviction-rate,32,14550000,29
eviction-rate,32,14600000,29
eviction-rate,32,14650000,29
eviction-rate,32,14700000,29
eviction-rate,32,14750000,29
eviction-rate,32,14800000,29
eviction-rate,32,14850000,29
eviction-rate,32,14900000,29
eviction-rate,32,14950000,29
eviction-rate,32,15000000,29
eviction-rate,32,15050000,29
eviction-rate,32,15100000,29
eviction-rate,32,15150000,29
eviction-rate,32,15200000,29
eviction-rate,32,15250000,29
eviction-rate,32,15300000,29
eviction-rate,32,15350000,29
eviction-rate,32,15400000,29
eviction-rate,32,15450000,29
eviction-rate,32,15500000,29
eviction-rate,32,15550000,29
eviction-rate,32,15600000,29
eviction-rate,32,15650000,29
eviction-rate,32,15700000,29
eviction-rate,32,15750000,29
eviction-rate,32,15800000,29
eviction-rate,32,15850000,29
eviction-rate,32,15900000,29
eviction-rate,32,15950000,29
eviction-rate,32,16000000,29
eviction-rate,32,16050000,29
eviction-rate,32,16100000,29
eviction-rate,32,16150000,29
eviction-rate,32,16200000,29
eviction-rate,32,16250000,29
eviction-rate,32,16300000,29
eviction-rate,32,16350000,29
eviction-rate,32,16400000,29
eviction-rate,32,16450000,29
eviction-rate,32,16500000,29
eviction-rate,32,16550000,29
eviction-rate,32,16600000,29
eviction-rate,32,16650000,29
eviction-rate,32,16700000,29
eviction-rate,32,16750000,29
eviction-rate,32,16800000,29
eviction-rate,32,16850000,29
eviction-rate,32,16900000,29
eviction-rate,32,16950000,29
eviction-rate,32,17000000,29
eviction-rate,32,17050000,29
eviction-rate,32,17100000,29
eviction-rate,32,17150000,29
eviction-rate,32,17200000,29
eviction-rate,32,17250000,29
eviction-rate,32,17300000,29
eviction-rate,32,17350000,29
eviction-rate,32,17400000,29
eviction-rate,32,17450000,29
eviction-rate,32,17500000,29
eviction-rate,32,17550000,29
eviction-rate,32,17600000,29
eviction-rate,32,17650000,29
eviction-rate,32,17700000,29
eviction-rate,32,17750000,29
eviction-rate,32,17800000,29
eviction-rate,32,17850000,29
eviction-rate,32,17900000,29
eviction-rate,32,17950000,29
eviction-rate,32,18000000,29
eviction-rate,32,18050000,29
eviction-rate,32,18100000,29
eviction-rate,32,18150000,29
eviction-rate,32,18200000,29
eviction-rate,32,18250000,29
eviction-rate,32,18300000,29
eviction-rate,32,18350000,29
eviction-rate,32,18400000,29
eviction-rate,32,18450000,29
eviction-rate,32,18500000,29
eviction-rate,32,18550000,29
eviction-rate,32,18600000,29
eviction-rate,32,18650000,29
eviction-rate,32,18700000,29
eviction-rate,32,18750000,29
eviction-rate,32,18800000,29
eviction-rate,32,18850000,29
eviction-rate,32,18900000,29
eviction-rate,32,18950000,29
eviction-rate,32,19000000,29
eviction-rate,32,19050000,29
eviction-rate,32,19100000,29
eviction-rate,32,19150000,29
eviction-rate,32,19200000,29
eviction-rate,32,19250000,29
eviction-rate,32,19300000,29
eviction-rate,32,19350000,29
eviction-rate,32,19400000,29
eviction-rate,32,19450000,29
eviction-rate,32,19500000,29
eviction-rate,32,19550000,29
eviction-rate,32,19600000,29
eviction-rate,32,19650000,29
eviction-rate,32,19700000,29
eviction-rate,32,19750000,29
eviction-rate,32,19800000,29
eviction-rate,32,19850000,29
eviction-rate,32,19900000,29
eviction-rate,32,19950000,29
eviction-rate,32,20000000,29
eviction-rate,32,20050000,29
eviction-rate,32,20100000,29
eviction-rate,32,20150000,29
eviction-rate,32,20200000,29
eviction-rate,32,20250000,29
eviction-rate,32,20300000,29
eviction-rate,32,20350000,29
eviction-rate,32,20400000,29
eviction-rate,32,20450000,29
eviction-rate,32,20500000,29
eviction-rate,32,20550000,29
eviction-rate,32,20600000,29
eviction-rate,32,20650000,29
eviction-rate,32,20700000,29
eviction-rate,32,20750000,29
eviction-rate,32,20800000,29
eviction-rate,32,20850000,29
eviction-rate,32,20900000,29
eviction-rate,32,20950000,29
eviction-rate,32,21000000,29
eviction-rate,32,21050000,29
eviction-rate,32,21100000,29
eviction-rate,32,21150000,29
eviction-rate,32,21200000,29
eviction-rate,32,21250000,29
eviction-rate,32,21300000,29
eviction-rate,32,21350000,29
eviction-rate,32,21400000,29
eviction-rate,32,21450000,29
eviction-rate,32,21500000,29
eviction-rate,32,21550000,29
eviction-rate,32,21600000,29
eviction-rate,32,21650000,29
eviction-rate,32,21700000,29
eviction-rate,32,21750000,29
eviction-rate,32,21800000,29
eviction-rate,32,21850000,29
eviction-rate,32,21900000,29
eviction-rate,32,21950000,29
eviction-rate,32,22000000,29
eviction-rate,32,22050000,29
eviction-rate,32,22100000,29
eviction-rate,32,22150000,29
eviction-rate,32,22200000,29
eviction-rate,32,22250000,29
eviction-rate,32,22300000,29
eviction-rate,32,22350000,29
eviction-rate,32,22400000,29
eviction-rate,32,22450000,29
eviction-rate,32,22500000,29
eviction-rate,32,22550000,29
eviction-rate,32,22600000,29
eviction-rate,32,22650000,29
eviction-rate,32,22700000,29
eviction-rate,32,22750000,29
eviction-rate,32,22800000,29
eviction-rate,32,22850000,29
eviction-rate,32,22900000,29
eviction-rate,32,22950000,29
eviction-rate,32,23000000,29
eviction-rate,32,23050000,29
eviction-rate,32,23100000,29
eviction-rate,32,23150000,29
eviction-rate,32,23200000,29
eviction-rate,32,23250000,29
eviction-rate,32,23300000,29
eviction-rate,32,23350000,29
eviction-rate,32,23400000,29
eviction-rate,32,23450000,29
eviction-rate,32,23500000,29
eviction-rate,32,23550000,29
eviction-rate,32,23600000,29
eviction-rate,32,23650000,29
eviction-rate,32,23700000,29
eviction-rate,32,23750000,29
eviction-rate,32,23800000,29
eviction-rate,32,23850000,29
eviction-rate,32,23900000,29
eviction-rate,32,23950000,29
eviction-rate,32,24000000,29
eviction-rate,32,24050000,29
eviction-rate,32,24100000,29
eviction-rate,32,24150000,29
eviction-rate,32,24200000,29
eviction-rate,32,24250000,29
eviction-rate,32,24300000,29
eviction-rate,32,24350000,29
eviction-rate,32,24400000,29
eviction-rate,32,24450000,29
eviction-rate,32,24500000,29
eviction-rate,32,24550000,29
eviction-rate,32,24600000,29
eviction-rate,32,24650000,29
eviction-rate,32,24700000,29
eviction-rate,32,24750000,29
eviction-rate,32,24800000,29
eviction-rate,32,24850000,29
eviction-rate,32,24900000,29
eviction-rate,32,24950000,29
eviction-rate,32,25000000,29
eviction-rate,32,25050000,29
eviction-rate,32,25100000,29
eviction-rate,32,25150000,29
eviction-rate,32,25200000,29
eviction-rate,32,25250000,29
eviction-rate,32,25300000,29
eviction-rate,32,25350000,29
eviction-rate,32,25400000,29
eviction-rate,32,25450000,29
eviction-rate,32,25500000,29
eviction-rate,32,25550000,29
eviction-rate,32,25600000,29
eviction-rate,32,25650000,29
eviction-rate,32,25700000,29
eviction-rate,32,25750000,29
eviction-rate,32,25800000,29
eviction-rate,32,25850000,29
eviction-rate,32,25900000,29
eviction-rate,32,25950000,29
eviction-rate,32,26000000,29
eviction-rate,32,26050000,29
eviction-rate,32,26100000,29
eviction-rate,32,26150000,29
eviction-rate,32,26200000,29
eviction-rate,32,26250000,29
eviction-rate,32,26300000,29
eviction-rate,32,26350000,29
eviction-rate,32,26400000,29
eviction-rate,32,26450000,29
eviction-rate,32,26500000,29
eviction-rate,32,26550000,29
eviction-rate,32,26600000,29
eviction-rate,32,26650000,29
eviction-rate,32,26700000,29
eviction-rate,32,26750000,29
eviction-rate,32,26800000,29
eviction-rate,32,26850000,29
eviction-rate,32,26900000,29
eviction-rate,32,26950000,29
eviction-rate,32,27000000,29
eviction-rate,32,27050000,29
eviction-rate,32,27100000,29
eviction-rate,32,27150000,29
eviction-rate,32,27200000,29
eviction-rate,32,27250000,29
eviction-rate,32,27300000,29
eviction-rate,32,27350000,29
eviction-rate,32,27400000,29
eviction-rate,32,27450000,29
eviction-rate,32,27500000,29
eviction-rate,32,27550000,29
eviction-rate,32,27600000,29
eviction-rate,32,27650000,29
eviction-rate,32,27700000,29
eviction-rate,32,27750000,29
eviction-rate,32,27800000,29
eviction-rate,32,27850000,29
eviction-rate,32,27900000,29
eviction-rate,32,27950000,29
eviction-rate,32,28000000,29
eviction-rate,32,28050000,29
eviction-rate,32,28100000,29
eviction-rate,32,28150000,29
eviction-rate,32,28200000,29
eviction-rate,32,28250000,29
eviction-rate,32,28300000,29
eviction-rate,32,28350000,29
eviction-rate,32,28400000,29
eviction-rate,32,28450000,29
eviction-rate,32,28500000,29
eviction-rate,32,28550000,29
eviction-rate,32,28600000,29
eviction-rate,32,28650000,29
eviction-rate,32,28700000,29
eviction-rate,32,28750000,29
eviction-rate,32,28800000,29
eviction-rate,32,28850000,29
eviction-rate,32,28900000,29
eviction-rate,32,28950000,29
eviction-rate,32,29000000,29
eviction-rate,32,29050000,29
eviction-rate,32,29100000,29
eviction-rate,32,29150000,29
eviction-rate,32,29200000,29
eviction-rate,32,29250000,29
eviction-rate,32,29300000,29
eviction-rate,32,29350000,29
eviction-rate,32,29400000,29
eviction-rate,32,29450000,29
eviction-rate,32,29500000,29
eviction-rate,32,29550000,29
eviction-rate,32,29600000,29
eviction-rate,32,29650000,29
eviction-rate,32,29700000,29
eviction-rate,32,29750000,29
eviction-rate,32,29800000,29
eviction-rate,32,29850000,29
eviction-rate,32,29900000,29
eviction-rate,32,29950000,29
eviction-rate,32,30000000,29
eviction-rate,32,30050000,29
eviction-rate,32,30100000,29
eviction-rate,32,30150000,29
eviction-rate,32,30200000,29
eviction-rate,32,30250000,29
eviction-rate,32,30300000,29
eviction-rate,32,30350000,29
eviction-rate,32,30400000,29
eviction-rate,32,30450000,29
eviction-rate,32,30500000,29
eviction-rate,32,30550000,29
eviction-rate,32,30600000,29
eviction-rate,32,30650000,29
eviction-rate,32,30700000,29
eviction-rate,32,30750000,29
eviction-rate,32,30800000,29
eviction-rate,32,30850000,29
eviction-rate,32,30900000,29
eviction-rate,32,30950000,29
eviction-rate,32,31000000,29
eviction-rate,32,31050000,29
eviction-rate,32,31100000,29
eviction-rate,32,31150000,29
eviction-rate,32,31200000,29
eviction-rate,32,31250000,29
eviction-rate,32,31300000,29
eviction-rate,32,31350000,29
eviction-rate,32,31400000,29
eviction-rate,32,31450000,29
eviction-rate,32,31500000,29
eviction-rate,32,31550000,29
eviction-rate,32,31600000,29
eviction-rate,32,31650000,29
eviction-rate,32,31700000,29
eviction-rate,32,31750000,29
eviction-rate,32,31800000,29
eviction-rate,32,31850000,29
eviction-rate,32,31900000,29
eviction-rate,32,31950000,29
eviction-rate,32,32000000,29
eviction-rate,32,32050000,29
eviction-rate,32,32100000,29
eviction-rate,32,32150000,29
eviction-rate,32,32200000,29
eviction-rate,32,32250000,29
eviction-rate,32,32300000,29
eviction-rate,32,32350000,29
eviction-rate,32,32400000,29
eviction-rate,32,32450000,29
eviction-rate,32,32500000,29
eviction-rate,32,32550000,29
eviction-rate,32,32600000,29
eviction-rate,32,32650000,29
eviction-rate,32,32700000,29
eviction-rate,32,32750000,29
eviction-rate,32,32800000,29
eviction-rate,32,32850000,29
eviction-rate,32,32900000,29
eviction-rate,32,32950000,29
eviction-rate,32,33000000,29
eviction-rate,32,33050000,29
eviction-rate,32,33100000,29
eviction-rate,32,33150000,29
eviction-rate,32,33200000,29
eviction-rate,32,33250000,29
eviction-rate,32,33300000,29
eviction-rate,32,33350000,29
eviction-rate,32,33400000,29
eviction-rate,32,33450000,29
eviction-rate,32,33500000,29
eviction-rate,32,33550000,29
eviction-rate,32,33600000,29
eviction-rate,32,33650000,29
eviction-rate,32,33700000,29
eviction-rate,32,33750000,29
eviction-rate,32,33800000,29
eviction-rate,32,33850000,29
eviction-rate,32,33900000,29
eviction-rate,32,33950000,29
eviction-rate,32,34000000,29
eviction-rate,32,34050000,29
eviction-rate,32,34100000,29
eviction-rate,32,34150000,29
eviction-rate,32,34200000,29
eviction-rate,32,34250000,29
eviction-rate,32,34300000,29
eviction-rate,32,34350000,29
eviction-rate,32,34400000,29
eviction-rate,32,34450000,29
eviction-rate,32,34500000,29
eviction-rate,32,34550000,29
eviction-rate,32,34600000,29
eviction-rate,32,34650000,29
eviction-rate,32,34700000,29
eviction-rate,32,34750000,29
eviction-rate,32,34800000,29
eviction-rate,32,34850000,29
eviction-rate,32,34900000,29
eviction-rate,32,34950000,29
eviction-rate,32,35000000,29
eviction-rate,32,35050000,29
eviction-rate,32,35100000,29
eviction-rate,32,35150000,29
eviction-rate,32,35200000,29
eviction-rate,32,35250000,29
eviction-rate,32,35300000,29
eviction-rate,32,35350000,29
eviction-rate,32,35400000,29
eviction-rate,32,35450000,29
eviction-rate,32,35500000,29
eviction-rate,32,35550000,29
eviction-rate,32,35600000,29
eviction-rate,32,35650000,29
eviction-rate,32,35700000,29
eviction-rate,32,35750000,29
eviction-rate,32,35800000,29
eviction-rate,32,35850000,29
eviction-rate,32,35900000,29
eviction-rate,32,35950000,29
eviction-rate,32,36000000,29
eviction-rate,32,36050000,29
eviction-rate,32,36100000,29
eviction-rate,32,36150000,29
eviction-rate,32,36200000,29
eviction-rate,32,36250000,29
eviction-rate,32,36300000,29
eviction-rate,32,36350000,29
eviction-rate,32,36400000,29
eviction-rate,32,36450000,29
eviction-rate,32,36500000,29
eviction-rate,32,36550000,29
eviction-rate,32,36600000,29
eviction-rate,32,36650000,29
eviction-rate,32,36700000,29
eviction-rate,32,36750000,29
eviction-rate,32,36800000,29
eviction-rate,32,36850000,29
eviction-rate,32,36900000,29
eviction-rate,32,36950000,29
eviction-rate,32,37000000,29
eviction-rate,32,37050000,29
eviction-rate,32,37100000,29
eviction-rate,32,37150000,29
eviction-rate,32,37200000,29
eviction-rate,32,37250000,29
eviction-rate,32,37300000,29
eviction-rate,32,37350000,29
eviction-rate,32,37400000,29
eviction-rate,32,37450000,29
eviction-rate,32,37500000,29
eviction-rate,32,37550000,29
eviction-rate,32,37600000,29
eviction-rate,32,37650000,29
eviction-rate,32,37700000,29
eviction-rate,32,37750000,29
eviction-rate,32,37800000,29
eviction-rate,32,37850000,29
eviction-rate,32,37900000,29
eviction-rate,32,37950000,29
eviction-rate,32,38000000,29
eviction-rate,32,38050000,29
eviction-rate,32,38100000,29
eviction-rate,32,38150000,29
eviction-rate,32,38200000,29
eviction-rate,32,38250000,29
eviction-rate,32,38300000,29
eviction-rate,32,38350000,29
eviction-rate,32,38400000,29
eviction-rate,32,38450000,29
eviction-rate,32,38500000,29
eviction-rate,32,38550000,29
eviction-rate,32,38600000,29
eviction-rate,32,38650000,29
eviction-rate,32,38700000,29
eviction-rate,32,38750000,29
eviction-rate,32,38800000,29
eviction-rate,32,38850000,29
eviction-rate,32,38900000,29
eviction-rate,32,38950000,29
eviction-rate,32,39000000,29
eviction-rate,32,39050000,29
eviction-rate,32,39100000,29
eviction-rate,32,39150000,29
eviction-rate,32,39200000,29
eviction-rate,32,39250000,29
eviction-rate,32,39300000,29
eviction-rate,32,39350000,29
eviction-rate,32,39400000,29
eviction-rate,32,39450000,29
eviction-rate,32,39500000,29
eviction-rate,32,39550000,29
eviction-rate,32,39600000,29
eviction-rate,32,39650000,29
eviction-rate,32,39700000,29
eviction-rate,32,39750000,29
eviction-rate,32,39800000,29
eviction-rate,32,39850000,29
eviction-rate,32,39900000,29
eviction-rate,32,39950000,29
eviction-rate,32,40000000,29
eviction-rate,32,40050000,29
eviction-rate,32,40100000,29
eviction-rate,32,40150000,29
eviction-rate,32,40200000,29
eviction-rate,32,40250000,29
eviction-rate,32,40300000,29
eviction-rate,32,40350000,29
eviction-rate,32,40400000,29
eviction-rate,32,40450000,29
eviction-rate,32,40500000,29
eviction-rate,32,40550000,29
eviction-rate,32,40600000,29
eviction-rate,32,40650000,29
eviction-rate,32,40700000,29
eviction-rate,32,40750000,29
eviction-rate,32,40800000,29
eviction-rate,32,40850000,29
eviction-rate,32,40900000,29
eviction-rate,32,40950000,29
eviction-rate,32,41000000,29
eviction-rate,32,41050000,29
eviction-rate,32,41100000,29
eviction-rate,32,41150000,29
eviction-rate,32,41200000,29
eviction-rate,32,41250000,29
eviction-rate,32,41300000,29
eviction-rate,32,41350000,29
eviction-rate,32,41400000,29
eviction-rate,32,41450000,29
eviction-rate,32,41500000,29
eviction-rate,32,41550000,29
eviction-rate,32,41600000,29
eviction-rate,32,41650000,29
eviction-rate,32,41700000,29
eviction-rate,32,41750000,29
eviction-rate,32,41800000,29
eviction-rate,32,41850000,29
eviction-rate,32,41900000,29
eviction-rate,32,41950000,29
eviction-rate,32,42000000,29
eviction-rate,32,42050000,29
eviction-rate,32,42100000,29
eviction-rate,32,42150000,29
eviction-rate,32,42200000,29
eviction-rate,32,42250000,29
eviction-rate,32,42300000,29
eviction-rate,32,42350000,29
eviction-rate,32,42400000,29
eviction-rate,32,42450000,29
eviction-rate,32,42500000,29
eviction-rate,32,42550000,29
eviction-rate,32,42600000,29
eviction-rate,32,42650000,29
eviction-rate,32,42700000,29
eviction-rate,32,42750000,29
eviction-rate,32,42800000,29
eviction-rate,32,42850000,29
eviction-rate,32,42900000,29
eviction-rate,32,42950000,29
eviction-rate,32,43000000,29
eviction-rate,32,43050000,29
eviction-rate,32,43100000,29
eviction-rate,32,43150000,29
eviction-rate,32,43200000,29
eviction-rate,32,43250000,29
eviction-rate,32,43300000,29
eviction-rate,32,43350000,29
eviction-rate,32,43400000,29
eviction-rate,32,43450000,29
eviction-rate,32,43500000,29
eviction-rate,32,43550000,29
eviction-rate,32,43600000,29
eviction-rate,32,43650000,29
eviction-rate,32,43700000,29
eviction-rate,32,43750000,29
eviction-rate,32,43800000,29
eviction-rate,32,43850000,29
eviction-rate,32,43900000,29
eviction-rate,32,43950000,29
eviction-rate,32,44000000,29
eviction-rate,32,44050000,29
eviction-rate,32,44100000,29
eviction-rate,32,44150000,29
eviction-rate,32,44200000,29
eviction-rate,32,44250000,29
eviction-rate,32,44300000,29
eviction-rate,32,44350000,29
eviction-rate,32,44400000,29
eviction-rate,32,44450000,29
eviction-rate,32,44500000,29
eviction-rate,32,44550000,29
eviction-rate,32,44600000,29
eviction-rate,32,44650000,29
eviction-rate,32,44700000,29
eviction-rate,32,44750000,29
eviction-rate,32,44800000,29
eviction-rate,32,44850000,29
eviction-rate,32,44900000,29
eviction-rate,32,44950000,29
eviction-rate,32,45000000,29
eviction-rate,32,45050000,29
eviction-rate,32,45100000,29
eviction-rate,32,45150000,29
eviction-rate,32,45200000,29
eviction-rate,32,45250000,29
eviction-rate,32,45300000,29
eviction-rate,32,45350000,29
eviction-rate,32,45400000,29
eviction-rate,32,45450000,29
eviction-rate,32,45500000,29
eviction-rate,32,45550000,29
eviction-rate,32,45600000,29
eviction-rate,32,45650000,29
eviction-rate,32,45700000,29
eviction-rate,32,45750000,29
eviction-rate,32,45800000,29
eviction-rate,32,45850000,29
eviction-rate,32,45900000,29
eviction-rate,32,45950000,29
eviction-rate,32,46000000,29
eviction-rate,32,46050000,29
eviction-rate,32,46100000,29
eviction-rate,32,46150000,29
eviction-rate,32,46200000,29
eviction-rate,32,46250000,29
eviction-rate,32,46300000,29
eviction-rate,32,46350000,29
eviction-rate,32,46400000,29
eviction-rate,32,46450000,29
eviction-rate,32,46500000,29
eviction-rate,32,46550000,29
eviction-rate,32,46600000,29
eviction-rate,32,46650000,29
eviction-rate,32,46700000,29
eviction-rate,32,46750000,29
eviction-rate,32,46800000,29
eviction-rate,32,46850000,29
eviction-rate,32,46900000,29
eviction-rate,32,46950000,29
eviction-rate,32,47000000,29
eviction-rate,32,47050000,29
eviction-rate,32,47100000,29
eviction-rate,32,47150000,29
eviction-rate,32,47200000,29
eviction-rate,32,47250000,29
eviction-rate,32,47300000,29
eviction-rate,32,47350000,29
eviction-rate,32,47400000,29
eviction-rate,32,47450000,29
eviction-rate,32,47500000,29
eviction-rate,32,47550000,29
eviction-rate,32,47600000,29
eviction-rate,32,47650000,29
eviction-rate,32,47700000,29
eviction-rate,32,47750000,29
eviction-rate,32,47800000,29
eviction-rate,32,47850000,29
eviction-rate,32,47900000,29
eviction-rate,32,47950000,29
eviction-rate,32,48000000,29
eviction-rate,32,48050000,29
eviction-rate,32,48100000,29
eviction-rate,32,48150000,29
eviction-rate,32,48200000,29
eviction-rate,32,48250000,29
eviction-rate,32,48300000,29
eviction-rate,32,48350000,29
eviction-rate,32,48400000,29
eviction-rate,32,48450000,29
eviction-rate,32,48500000,29
eviction-rate,32,48550000,29
eviction-rate,32,48600000,29
eviction-rate,32,48650000,29
eviction-rate,32,48700000,29
eviction-rate,32,48750000,29
eviction-rate,32,48800000,29
eviction-rate,32,48850000,29
eviction-rate,32,48900000,29
eviction-rate,32,48950000,29
eviction-rate,32,49000000,29
eviction-rate,32,49050000,29
eviction-rate,32,49100000,29
eviction-rate,32,49150000,29
eviction-rate,32,49200000,29
eviction-rate,32,49250000,29
eviction-rate,32,49300000,29
eviction-rate,32,49350000,29
eviction-rate,32,49400000,29
eviction-rate,32,49450000,29
eviction-rate,32,49500000,29
eviction-rate,32,49550000,29
eviction-rate,32,49600000,29
eviction-rate,32,49650000,29
eviction-rate,32,49700000,29
eviction-rate,32,49750000,29
eviction-rate,32,49800000,29
eviction-rate,32,49850000,29
eviction-rate,32,49900000,29
eviction-rate,32,49950000,29
eviction-rate,32,50000000,29
eviction-rate,32,50050000,29
eviction-rate,32,50100000,29
eviction-rate,32,50150000,29
eviction-rate,32,50200000,29
eviction-rate,32,50250000,29
eviction-rate,32,50300000,29
eviction-rate,32,50350000,29
eviction-rate,32,50400000,29
eviction-rate,32,50450000,29
eviction-rate,32,50500000,29
eviction-rate,32,50550000,29
eviction-rate,32,50600000,29
eviction-rate,32,50650000,29
eviction-rate,32,50700000,29
eviction-rate,32,50750000,29
eviction-rate,32,50800000,29
eviction-rate,32,50850000,29
eviction-rate,32,50900000,29
eviction-rate,32,50950000,29
eviction-rate,32,51000000,29
eviction-rate,32,51050000,29
eviction-rate,32,51100000,29
eviction-rate,32,51150000,29
eviction-rate,32,51200000,29
eviction-rate,32,51250000,29
eviction-rate,32,51300000,29
eviction-rate,32,51350000,29
eviction-rate,32,51400000,29
eviction-rate,32,51450000,29
eviction-rate,32,51500000,29
eviction-rate,32,51550000,29
eviction-rate,32,51600000,29
eviction-rate,32,51650000,29
eviction-rate,32,51700000,29
eviction-rate,32,51750000,29
eviction-rate,32,51800000,29
eviction-rate,32,51850000,29
eviction-rate,32,51900000,29
eviction-rate,32,51950000,29
eviction-rate,32,52000000,29
eviction-rate,32,52050000,29
eviction-rate,32,52100000,29
eviction-rate,32,52150000,29
eviction-rate,32,52200000,29
eviction-rate,32,52250000,29
eviction-rate,32,52300000,29
eviction-rate,32,52350000,29
eviction-rate,32,52400000,29
eviction-rate,32,52450000,29
eviction-rate,32,52500000,29
eviction-rate,32,52550000,29
eviction-rate,32,52600000,29
eviction-rate,32,52650000,29
eviction-rate,32,52700000,29
eviction-rate,32,52750000,29
eviction-rate,32,52800000,29
eviction-rate,32,52850000,29
eviction-rate,32,52900000,29
eviction-rate,32,52950000,29
eviction-rate,32,53000000,29
eviction-rate,32,53050000,29
eviction-rate,32,53100000,29
eviction-rate,32,53150000,29
eviction-rate,32,53200000,29
eviction-rate,32,53250000,29
eviction-rate,32,53300000,29
eviction-rate,32,53350000,29
eviction-rate,32,53400000,29
eviction-rate,32,53450000,29
eviction-rate,32,53500000,29
eviction-rate,32,53550000,29
eviction-rate,32,53600000,29
eviction-rate,32,53650000,29
eviction-rate,32,53700000,29
eviction-rate,32,53750000,29
eviction-rate,32,53800000,29
eviction-rate,32,53850000,29
eviction-rate,32,53900000,29
eviction-rate,32,53950000,29
eviction-rate,32,54000000,29
eviction-rate,32,54050000,29
eviction-rate,32,54100000,29
eviction-rate,32,54150000,29
eviction-rate,32,54200000,29
eviction-rate,32,54250000,29
eviction-rate,32,54300000,29
eviction-rate,32,54350000,29
eviction-rate,32,54400000,29
eviction-rate,32,54450000,29
eviction-rate,32,54500000,29
eviction-rate,32,54550000,29
eviction-rate,32,54600000,29
eviction-rate,32,54650000,29
eviction-rate,32,54700000,29
eviction-rate,32,54750000,29
eviction-rate,32,54800000,29
eviction-rate,32,54850000,29
eviction-rate,32,54900000,29
eviction-rate,32,54950000,29
eviction-rate,32,55000000,29
eviction-rate,32,55050000,29
eviction-rate,32,55100000,29
eviction-rate,32,55150000,29
eviction-rate,32,55200000,29
eviction-rate,32,55250000,29
eviction-rate,32,55300000,29
eviction-rate,32,55350000,29
eviction-rate,32,55400000,29
eviction-rate,32,55450000,29
eviction-rate,32,55500000,29
eviction-rate,32,55550000,29
eviction-rate,32,55600000,29
eviction-rate,32,55650000,29
eviction-rate,32,55700000,29
eviction-rate,32,55750000,29
eviction-rate,32,55800000,29
eviction-rate,32,55850000,29
eviction-rate,32,55900000,29
eviction-rate,32,55950000,29
eviction-rate,32,56000000,29
eviction-rate,32,56050000,29
eviction-rate,32,56100000,29
eviction-rate,32,56150000,29
eviction-rate,32,56200000,29
eviction-rate,32,56250000,29
eviction-rate,32,56300000,29
eviction-rate,32,56350000,29
eviction-rate,32,56400000,29
eviction-rate,32,56450000,29
eviction-rate,32,56500000,29
eviction-rate,32,56550000,29
eviction-rate,32,56600000,29
eviction-rate,32,56650000,29
eviction-rate,32,56700000,29
eviction-rate,32,56750000,29
eviction-rate,32,56800000,29
eviction-rate,32,56850000,29
eviction-rate,32,56900000,29
eviction-rate,32,56950000,29
eviction-rate,32,57000000,29
eviction-rate,32,57050000,29
eviction-rate,32,57100000,29
eviction-rate,32,57150000,29
eviction-rate,32,57200000,29
eviction-rate,32,57250000,29
eviction-rate,32,57300000,29
eviction-rate,32,57350000,29
eviction-rate,32,57400000,29
eviction-rate,32,57450000,29
eviction-rate,32,57500000,29
eviction-rate,32,57550000,29
eviction-rate,32,57600000,29
eviction-rate,32,57650000,29
eviction-rate,32,57700000,29
eviction-rate,32,57750000,29
eviction-rate,32,57800000,29
eviction-rate,32,57850000,29
eviction-rate,32,57900000,29
eviction-rate,32,57950000,29
eviction-rate,32,58000000,29
eviction-rate,32,58050000,29
eviction-rate,32,58100000,29
eviction-rate,32,58150000,29
eviction-rate,32,58200000,29
eviction-rate,32,58250000,29
eviction-rate,32,58300000,29
eviction-rate,32,58350000,29
eviction-rate,32,58400000,29
eviction-rate,32,58450000,29
eviction-rate,32,58500000,29
eviction-rate,32,58550000,29
eviction-rate,32,58600000,29
eviction-rate,32,58650000,29
eviction-rate,32,58700000,29
eviction-rate,32,58750000,29
eviction-rate,32,58800000,29
eviction-rate,32,58850000,29
eviction-rate,32,58900000,29
eviction-rate,32,58950000,29
eviction-rate,32,59000000,29
eviction-rate,32,59050000,29
eviction-rate,32,59100000,29
eviction-rate,32,59150000,29
eviction-rate,32,59200000,29
eviction-rate,32,59250000,29
eviction-rate,32,59300000,29
eviction-rate,32,59350000,29
eviction-rate,32,59400000,29
eviction-rate,32,59450000,29
eviction-rate,32,59500000,29
eviction-rate,32,59550000,29
eviction-rate,32,59600000,29
eviction-rate,32,59650000,29
eviction-rate,32,59700000,29
eviction-rate,32,59750000,29
eviction-rate,32,59800000,29
eviction-rate,32,59850000,29
eviction-rate,32,59900000,29
eviction-rate,32,59950000,29
eviction-rate,32,60000000,29
eviction-rate,32,60050000,29
eviction-rate,32,60100000,29
eviction-rate,32,60150000,29
eviction-rate,32,60200000,29
eviction-rate,32,60250000,29
eviction-rate,32,60300000,29
eviction-rate,32,60350000,29
eviction-rate,32,60400000,29
eviction-rate,32,60450000,29
eviction-rate,32,60500000,29
eviction-rate,32,60550000,29
eviction-rate,32,60600000,29
eviction-rate,32,60650000,29
eviction-rate,32,60700000,29
eviction-rate,32,60750000,29
eviction-rate,32,60800000,29
eviction-rate,32,60850000,29
eviction-rate,32,60900000,29
eviction-rate,32,60950000,29
eviction-rate,32,61000000,29
eviction-rate,32,61050000,29
eviction-rate,32,61100000,29
eviction-rate,32,61150000,29
eviction-rate,32,61200000,29
eviction-rate,32,61250000,29
eviction-rate,32,61300000,29
eviction-rate,32,61350000,29
eviction-rate,32,61400000,29
eviction-rate,32,61450000,29
eviction-rate,32,61500000,29
eviction-rate,32,61550000,29
eviction-rate,32,61600000,29
eviction-rate,32,61650000,29
eviction-rate,32,61700000,29
eviction-rate,32,61750000,29
eviction-rate,32,61800000,29
eviction-rate,32,61850000,29
eviction-rate,32,61900000,29
eviction-rate,32,61950000,29
eviction-rate,32,62000000,29
eviction-rate,32,62050000,29
eviction-rate,32,62100000,29
eviction-rate,32,62150000,29
eviction-rate,32,62200000,29
eviction-rate,32,62250000,29
eviction-rate,32,62300000,29
eviction-rate,32,62350000,29
eviction-rate,32,62400000,29
eviction-rate,32,62450000,29
eviction-rate,32,62500000,29
eviction-rate,32,62550000,29
eviction-rate,32,62600000,29
eviction-rate,32,62650000,29
eviction-rate,32,62700000,29
eviction-rate,32,62750000,29
eviction-rate,32,62800000,29
eviction-rate,32,62850000,29
eviction-rate,32,62900000,29
eviction-rate,32,62950000,29
eviction-rate,32,63000000,29
eviction-rate,32,63050000,29
eviction-rate,32,63100000,29
eviction-rate,32,63150000,29
eviction-rate,32,63200000,29
eviction-rate,32,63250000,29
eviction-rate,32,63300000,29
eviction-rate,32,63350000,29
eviction-rate,32,63400000,29
eviction-rate,32,63450000,29
eviction-rate,32,63500000,29
eviction-rate,32,63550000,29
eviction-rate,32,63600000,29
eviction-rate,32,63650000,29
eviction-rate,32,63700000,29
eviction-rate,32,63750000,29
eviction-rate,32,63800000,29
eviction-rate,32,63850000,29
eviction-rate,32,63900000,29
eviction-rate,32,63950000,29
eviction-rate,32,64000000,29
eviction-rate,32,64050000,29
eviction-rate,32,64100000,29
eviction-rate,32,64150000,29
eviction-rate,32,64200000,29
eviction-rate,32,64250000,29
eviction-rate,32,64300000,29
eviction-rate,32,64350000,29
eviction-rate,32,64400000,29
eviction-rate,32,64450000,29
eviction-rate,32,64500000,29
eviction-rate,32,64550000,29
eviction-rate,32,64600000,29
eviction-rate,32,64650000,29
eviction-rate,32,64700000,29
eviction-rate,32,64750000,29
eviction-rate,32,64800000,29
eviction-rate,32,64850000,29
eviction-rate,32,64900000,29
eviction-rate,32,64950000,29
eviction-rate,32,65000000,29
eviction-rate,32,65050000,29
eviction-rate,32,65100000,29
eviction-rate,32,65150000,29
eviction-rate,32,65200000,29
eviction-rate,32,65250000,29
eviction-rate,32,65300000,29
eviction-rate,32,65350000,29
eviction-rate,32,65400000,29
eviction-rate,32,65450000,29
eviction-rate,32,65500000,29
eviction-rate,32,65550000,29
eviction-rate,32,65600000,29
eviction-rate,32,65650000,29
eviction-rate,32,65700000,29
eviction-rate,32,65750000,29
eviction-rate,32,65800000,29
eviction-rate,32,65850000,29
eviction-rate,32,65900000,29
eviction-rate,32,65950000,29
eviction-rate,32,66000000,29
eviction-rate,32,66050000,29
eviction-rate,32,66100000,29
eviction-rate,32,66150000,29
eviction-rate,32,66200000,29
eviction-rate,32,66250000,29
eviction-rate,32,66300000,29
eviction-rate,32,66350000,29
eviction-rate,32,66400000,29
eviction-rate,32,66450000,29
eviction-rate,32,66500000,29
eviction-rate,32,66550000,29
eviction-rate,32,66600000,29
eviction-rate,32,66650000,29
eviction-rate,32,66700000,29
eviction-rate,32,66750000,29
eviction-rate,32,66800000,29
eviction-rate,32,66850000,29
eviction-rate,32,66900000,29
eviction-rate,32,66950000,29
eviction-rate,32,67000000,29
eviction-rate,32,67050000,29
eviction-rate,32,67100000,29
eviction-rate,32,67150000,29
eviction-rate,32,67200000,29
eviction-rate,32,67250000,29
eviction-rate,32,67300000,29
eviction-rate,32,67350000,29
eviction-rate,32,67400000,29
eviction-rate,32,67450000,29
eviction-rate,32,67500000,29
eviction-rate,32,67550000,29
eviction-rate,32,67600000,29
eviction-rate,32,67650000,29
eviction-rate,32,67700000,29
eviction-rate,32,67750000,29
eviction-rate,32,67800000,29
eviction-rate,32,67850000,29
eviction-rate,32,67900000,29
eviction-rate,32,67950000,29
eviction-rate,32,68000000,29
eviction-rate,32,68050000,29
eviction-rate,32,68100000,29
eviction-rate,32,68150000,29
eviction-rate,32,68200000,29
eviction-rate,32,68250000,29
eviction-rate,32,68300000,29
eviction-rate,32,68350000,29
eviction-rate,32,68400000,29
eviction-rate,32,68450000,29
eviction-rate,32,68500000,29
eviction-rate,32,68550000,29
eviction-rate,32,68600000,29
eviction-rate,32,68650000,29
eviction-rate,32,68700000,29
eviction-rate,32,68750000,29
eviction-rate,32,68800000,29
eviction-rate,32,68850000,29
eviction-rate,32,68900000,29
eviction-rate,32,68950000,29
eviction-rate,32,69000000,29
eviction-rate,32,69050000,29
eviction-rate,32,69100000,29
eviction-rate,32,69150000,29
eviction-rate,32,69200000,29
eviction-rate,32,69250000,29
eviction-rate,32,69300000,29
eviction-rate,32,69350000,29
eviction-rate,32,69400000,29
eviction-rate,32,69450000,29
eviction-rate,32,69500000,29
eviction-rate,32,69550000,29
eviction-rate,32,69600000,29
eviction-rate,32,69650000,29
eviction-rate,32,69700000,29
eviction-rate,32,69750000,29
eviction-rate,32,69800000,29
eviction-rate,32,69850000,29
eviction-rate,32,69900000,29
eviction-rate,32,69950000,29
eviction-rate,32,70000000,29
eviction-rate,32,70050000,29
eviction-rate,32,70100000,29
eviction-rate,32,70150000,29
eviction-rate,32,70200000,29
eviction-rate,32,70250000,29
eviction-rate,32,70300000,29
eviction-rate,32,70350000,29
eviction-rate,32,70400000,29
eviction-rate,32,70450000,29
eviction-rate,32,70500000,29
eviction-rate,32,70550000,29
eviction-rate,32,70600000,29
eviction-rate,32,70650000,29
eviction-rate,32,70700000,29
eviction-rate,32,70750000,29
eviction-rate,32,70800000,29
eviction-rate,32,70850000,29
eviction-rate,32,70900000,29
eviction-rate,32,70950000,29
eviction-rate,32,71000000,29
eviction-rate,32,71050000,29
eviction-rate,32,71100000,29
eviction-rate,32,71150000,29
eviction-rate,32,71200000,29
eviction-rate,32,71250000,29
eviction-rate,32,71300000,29
eviction-rate,32,71350000,29
eviction-rate,32,71400000,29
eviction-rate,32,71450000,29
eviction-rate,32,71500000,29
eviction-rate,32,71550000,29
eviction-rate,32,71600000,29
eviction-rate,32,71650000,29
eviction-rate,32,71700000,29
eviction-rate,32,71750000,29
eviction-rate,32,71800000,29
eviction-rate,32,71850000,29
eviction-rate,32,71900000,29
eviction-rate,32,71950000,29
eviction-rate,32,72000000,29
eviction-rate,32,72050000,29
eviction-rate,32,72100000,29
eviction-rate,32,72150000,29
eviction-rate,32,72200000,29
eviction-rate,32,72250000,29
eviction-rate,32,72300000,29
eviction-rate,32,72350000,29
eviction-rate,32,72400000,29
eviction-rate,32,72450000,29
eviction-rate,32,72500000,29
eviction-rate,32,72550000,29
eviction-rate,32,72600000,29
eviction-rate,32,72650000,29
eviction-rate,32,72700000,29
eviction-rate,32,72750000,29
eviction-rate,32,72800000,29
eviction-rate,32,72850000,29
eviction-rate,32,72900000,29
eviction-rate,32,72950000,29
eviction-rate,32,73000000,29
eviction-rate,32,73050000,29
eviction-rate,32,73100000,29
eviction-rate,32,73150000,29
eviction-rate,32,73200000,29
eviction-rate,32,73250000,29
eviction-rate,32,73300000,29
eviction-rate,32,73350000,29
eviction-rate,32,73400000,29
eviction-rate,32,73450000,29
eviction-rate,32,73500000,29
eviction-rate,32,73550000,29
eviction-rate,32,73600000,29
eviction-rate,32,73650000,29
eviction-rate,32,73700000,29
eviction-rate,32,73750000,29
eviction-rate,32,73800000,29
eviction-rate,32,73850000,29
eviction-rate,32,73900000,29
eviction-rate,32,73950000,29
eviction-rate,32,74000000,29
eviction-rate,32,74050000,29
eviction-rate,32,74100000,29
eviction-rate,32,74150000,29
eviction-rate,32,74200000,29
eviction-rate,32,74250000,29
eviction-rate,32,74300000,29
eviction-rate,32,74350000,29
eviction-rate,32,74400000,29
eviction-rate,32,74450000,29
eviction-rate,32,74500000,29
eviction-rate,32,74550000,29
eviction-rate,32,74600000,29
eviction-rate,32,74650000,29
eviction-rate,32,74700000,29
eviction-rate,32,74750000,29
eviction-rate,32,74800000,29
eviction-rate,32,74850000,29
eviction-rate,32,74900000,29
eviction-rate,32,74950000,29
eviction-rate,32,75000000,29
eviction-rate,32,75050000,29
eviction-rate,32,75100000,29
eviction-rate,32,75150000,29
eviction-rate,32,75200000,29
eviction-rate,32,75250000,29
eviction-rate,32,75300000,29
eviction-rate,32,75350000,29
eviction-rate,32,75400000,29
eviction-rate,32,75450000,29
eviction-rate,32,75500000,29
eviction-rate,32,75550000,29
eviction-rate,32,75600000,29
eviction-rate,32,75650000,29
eviction-rate,32,75700000,29
eviction-rate,32,75750000,29
eviction-rate,32,75800000,29
eviction-rate,32,75850000,29
eviction-rate,32,75900000,29
eviction-rate,32,75950000,29
eviction-rate,32,76000000,29
eviction-rate,32,76050000,29
eviction-rate,32,76100000,29
eviction-rate,32,76150000,29
eviction-rate,32,76200000,29
eviction-rate,32,76250000,29
eviction-rate,32,76300000,29
eviction-rate,32,76350000,29
eviction-rate,32,76400000,29
eviction-rate,32,76450000,29
eviction-rate,32,76500000,29
eviction-rate,32,76550000,29
eviction-rate,32,76600000,29
eviction-rate,32,76650000,29
eviction-rate,32,76700000,29
eviction-rate,32,76750000,29
eviction-rate,32,76800000,29
eviction-rate,32,76850000,29
eviction-rate,32,76900000,29
eviction-rate,32,76950000,29
eviction-rate,32,77000000,29
eviction-rate,32,77050000,29
eviction-rate,32,77100000,29
eviction-rate,32,77150000,29
eviction-rate,32,77200000,29
eviction-rate,32,77250000,29
eviction-rate,32,77300000,29
eviction-rate,32,77350000,29
eviction-rate,32,77400000,29
eviction-rate,32,77450000,29
eviction-rate,32,77500000,29
eviction-rate,32,77550000,29
eviction-rate,32,77600000,29
eviction-rate,32,77650000,29
eviction-rate,32,77700000,29
eviction-rate,32,77750000,29
eviction-rate,32,77800000,29
eviction-rate,32,77850000,29
eviction-rate,32,77900000,29
eviction-rate,32,77950000,29
eviction-rate,32,78000000,29
eviction-rate,32,78050000,29
eviction-rate,32,78100000,29
eviction-rate,32,78150000,29
eviction-rate,32,78200000,29
eviction-rate,32,78250000,29
eviction-rate,32,78300000,29
eviction-rate,32,78350000,29
eviction-rate,32,78400000,29
eviction-rate,32,78450000,29
eviction-rate,32,78500000,29
eviction-rate,32,78550000,29
eviction-rate,32,78600000,29
eviction-rate,32,78650000,29
eviction-rate,32,78700000,29
eviction-rate,32,78750000,29
eviction-rate,32,78800000,29
eviction-rate,32,78850000,29
eviction-rate,32,78900000,29
eviction-rate,32,78950000,29
eviction-rate,32,79000000,29
eviction-rate,32,79050000,29
eviction-rate,32,79100000,29
eviction-rate,32,79150000,29
eviction-rate,32,79200000,29
eviction-rate,32,79250000,29
eviction-rate,32,79300000,29
eviction-rate,32,79350000,29
eviction-rate,32,79400000,29
eviction-rate,32,79450000,29
eviction-rate,32,79500000,29
eviction-rate,32,79550000,29
eviction-rate,32,79600000,29
eviction-rate,32,79650000,29
eviction-rate,32,79700000,29
eviction-rate,32,79750000,29
eviction-rate,32,79800000,29
eviction-rate,32,79850000,29
eviction-rate,32,79900000,29
eviction-rate,32,79950000,29
hits,64,50000,25
hits,64,100000,20
hits,64,150000,16
hits,64,200000,14
hits,64,250000,13
hits,64,300000,11
hits,64,350000,12
hits,64,400000,13
hits,64,450000,13
hits,64,500000,12
hits,64,550000,13
hits,64,600000,13
hits,64,650000,14
hits,64,700000,14
hits,64,750000,15
hits,64,800000,15
hits,64,850000,16
hits,64,900000,16
hits,64,950000,17
hits,64,1000000,17
hits,64,1050000,18
hits,64,1100000,18
hits,64,1150000,19
hits,64,1200000,20
hits,64,1250000,20
hits,64,1300000,21
hits,64,1350000,21
hits,64,1400000,22
hits,64,1450000,23
hits,64,1500000,23
hits,64,1550000,23
hits,64,1600000,23
hits,64,1650000,23
hits,64,1700000,23
hits,64,1750000,23
hits,64,1800000,23
hits,64,1850000,23
hits,64,1900000,23
hits,64,1950000,23
hits,64,2000000,23
hits,64,2050000,23
hits,64,2100000,23
hits,64,2150000,23
hits,64,2200000,23
hits,64,2250000,23
hits,64,2300000,23
hits,64,2350000,23
hits,64,2400000,23
hits,64,2450000,23
hits,64,2500000,23
hits,64,2550000,23
hits,64,2600000,23
hits,64,2650000,23
hits,64,2700000,23
hits,64,2750000,23
hits,64,2800000,23
hits,64,2850000,23
hits,64,2900000,23
hits,64,2950000,23
hits,64,3000000,23
hits,64,3050000,23
hits,64,3100000,23
hits,64,3150000,23
hits,64,3200000,23
hits,64,3250000,23
hits,64,3300000,23
hits,64,3350000,23
hits,64,3400000,23
hits,64,3450000,23
hits,64,3500000,23
hits,64,3550000,23
hits,64,3600000,23
hits,64,3650000,23
hits,64,3700000,23
hits,64,3750000,23
hits,64,3800000,23
hits,64,3850000,23
hits,64,3900000,23
hits,64,3950000,23
hits,64,4000000,23
hits,64,4050000,23
hits,64,4100000,23
hits,64,4150000,23
hits,64,4200000,23
hits,64,4250000,23
hits,64,4300000,23
hits,64,4350000,23
hits,64,4400000,23
hits,64,4450000,23
hits,64,4500000,23
hits,64,4550000,23
hits,64,4600000,23
hits,64,4650000,23
hits,64,4700000,23
hits,64,4750000,23
hits,64,4800000,23
hits,64,4850000,23
hits,64,4900000,23
hits,64,4950000,23
hits,64,5000000,23
hits,64,5050000,23
hits,64,5100000,23
hits,64,5150000,23
hits,64,5200000,23
hits,64,5250000,23
hits,64,5300000,23
hits,64,5350000,23
hits,64,5400000,23
hits,64,5450000,23
hits,64,5500000,23
hits,64,5550000,23
hits,64,5600000,23
hits,64,5650000,23
hits,64,5700000,23
hits,64,5750000,23
hits,64,5800000,23
hits,64,5850000,23
hits,64,5900000,23
hits,64,5950000,23
hits,64,6000000,23
hits,64,6050000,23
hits,64,6100000,23
hits,64,6150000,23
hits,64,6200000,23
hits,64,6250000,23
hits,64,6300000,23
hits,64,6350000,23
hits,64,6400000,23
hits,64,6450000,23
hits,64,6500000,23
hits,64,6550000,23
hits,64,6600000,23
hits,64,6650000,23
hits,64,6700000,23
hits,64,6750000,23
hits,64,6800000,23
hits,64,6850000,23
hits,64,6900000,23
hits,64,6950000,23
hits,64,7000000,23
hits,64,7050000,23
hits,64,7100000,23
hits,64,7150000,23
hits,64,7200000,23
hits,64,7250000,23
hits,64,7300000,23
hits,64,7350000,23
hits,64,7400000,23
hits,64,7450000,23
hits,64,7500000,23
hits,64,7550000,23
hits,64,7600000,23
hits,64,7650000,23
hits,64,7700000,23
hits,64,7750000,23
hits,64,7800000,23
hits,64,7850000,23
hits,64,7900000,23
hits,64,7950000,23
hits,64,8000000,23
hits,64,8050000,23
hits,64,8100000,23
hits,64,8150000,23
hits,64,8200000,23
hits,64,8250000,23
hits,64,8300000,23
hits,64,8350000,23
hits,64,8400000,23
hits,64,8450000,23
hits,64,8500000,23
hits,64,8550000,23
hits,64,8600000,23
hits,64,8650000,23
hits,64,8700000,23
hits,64,8750000,23
hits,64,8800000,23
hits,64,8850000,23
hits,64,8900000,23
hits,64,8950000,23
hits,64,9000000,23
hits,64,9050000,23
hits,64,9100000,23
hits,64,9150000,23
hits,64,9200000,23
hits,64,9250000,23
hits,64,9300000,23
hits,64,9350000,23
hits,64,9400000,23
hits,64,9450000,23
hits,64,9500000,23
hits,64,9550000,23
hits,64,9600000,23
hits,64,9650000,23
hits,64,9700000,23
hits,64,9750000,23
hits,64,9800000,23
hits,64,9850000,23
hits,64,9900000,23
hits,64,9950000,23
hits,64,10000000,23
hits,64,10050000,23
hits,64,10100000,23
hits,64,10150000,23
hits,64,10200000,23
hits,64,10250000,23
hits,64,10300000,23
hits,64,10350000,23
hits,64,10400000,23
hits,64,10450000,23
hits,64,10500000,23
hits,64,10550000,23
hits,64,10600000,23
hits,64,10650000,23
hits,64,10700000,23
hits,64,10750000,23
hits,64,10800000,23
hits,64,10850000,23
hits,64,10900000,23
hits,64,10950000,23
hits,64,11000000,23
hits,64,11050000,23
hits,64,11100000,23
hits,64,11150000,23
hits,64,11200000,23
hits,64,11250000,23
hits,64,11300000,23
hits,64,11350000,23
hits,64,11400000,23
hits,64,11450000,23
hits,64,11500000,23
hits,64,11550000,23
hits,64,11600000,23
hits,64,11650000,23
hits,64,11700000,23
hits,64,11750000,23
hits,64,11800000,23
hits,64,11850000,23
hits,64,11900000,23
hits,64,11950000,23
hits,64,12000000,23
hits,64,12050000,23
hits,64,12100000,23
hits,64,12150000,23
hits,64,12200000,23
hits,64,12250000,23
hits,64,12300000,23
hits,64,12350000,23
hits,64,12400000,23
hits,64,12450000,23
hits,64,12500000,23
hits,64,12550000,23
hits,64,12600000,23
hits,64,12650000,23
hits,64,12700000,23
hits,64,12750000,23
hits,64,12800000,23
hits,64,12850000,23
hits,64,12900000,23
hits,64,12950000,23
hits,64,13000000,23
hits,64,13050000,23
hits,64,13100000,23
hits,64,13150000,23
hits,64,13200000,23
hits,64,13250000,23
hits,64,13300000,23
hits,64,13350000,23
hits,64,13400000,23
hits,64,13450000,23
hits,64,13500000,23
hits,64,13550000,23
hits,64,13600000,23
hits,64,13650000,23
hits,64,13700000,23
hits,64,13750000,23
hits,64,13800000,23
hits,64,13850000,23
hits,64,13900000,23
hits,64,13950000,23
hits,64,14000000,23
hits,64,14050000,23
hits,64,14100000,23
hits,64,14150000,23
hits,64,14200000,23
hits,64,14250000,23
hits,64,14300000,23
hits,64,14350000,23
hits,64,14400000,23
hits,64,14450000,23
hits,64,14500000,23
hits,64,14550000,23
hits,64,14600000,23
hits,64,14650000,23
hits,64,14700000,23
hits,64,14750000,23
hits,64,14800000,23
hits,64,14850000,23
hits,64,14900000,23
hits,64,14950000,23
hits,64,15000000,23
hits,64,15050000,23
hits,64,15100000,23
hits,64,15150000,23
hits,64,15200000,23
hits,64,15250000,23
hits,64,15300000,23
hits,64,15350000,23
hits,64,15400000,23
hits,64,15450000,23
hits,64,15500000,23
hits,64,15550000,23
hits,64,15600000,23
hits,64,15650000,23
hits,64,15700000,23
hits,64,15750000,23
hits,64,15800000,23
hits,64,15850000,23
hits,64,15900000,23
hits,64,15950000,23
hits,64,16000000,23
hits,64,16050000,23
hits,64,16100000,23
hits,64,16150000,23
hits,64,16200000,23
hits,64,16250000,23
hits,64,16300000,23
hits,64,16350000,23
hits,64,16400000,23
hits,64,16450000,23
hits,64,16500000,23
hits,64,16550000,23
hits,64,16600000,23
hits,64,16650000,23
hits,64,16700000,23
hits,64,16750000,23
hits,64,16800000,23
hits,64,16850000,23
hits,64,16900000,23
hits,64,16950000,23
hits,64,17000000,23
hits,64,17050000,23
hits,64,17100000,23
hits,64,17150000,23
hits,64,17200000,23
hits,64,17250000,23
hits,64,17300000,23
hits,64,17350000,23
hits,64,17400000,23
hits,64,17450000,23
hits,64,17500000,23
hits,64,17550000,23
hits,64,17600000,23
hits,64,17650000,23
hits,64,17700000,23
hits,64,17750000,23
hits,64,17800000,23
hits,64,17850000,23
hits,64,17900000,23
hits,64,17950000,23
hits,64,18000000,23
hits,64,18050000,23
hits,64,18100000,23
hits,64,18150000,23
hits,64,18200000,23
hits,64,18250000,23
hits,64,18300000,23
hits,64,18350000,23
hits,64,18400000,23
hits,64,18450000,23
hits,64,18500000,23
hits,64,18550000,23
hits,64,18600000,23
hits,64,18650000,23
hits,64,18700000,23
hits,64,18750000,23
hits,64,18800000,23
hits,64,18850000,23
hits,64,18900000,23
hits,64,18950000,23
hits,64,19000000,23
hits,64,19050000,23
hits,64,19100000,23
hits,64,19150000,23
hits,64,19200000,23
hits,64,19250000,23
hits,64,19300000,23
hits,64,19350000,23
hits,64,19400000,23
hits,64,19450000,23
hits,64,19500000,23
hits,64,19550000,23
hits,64,19600000,23
hits,64,19650000,23
hits,64,19700000,23
hits,64,19750000,23
hits,64,19800000,23
hits,64,19850000,23
hits,64,19900000,23
hits,64,19950000,23
hits,64,20000000,23
hits,64,20050000,23
hits,64,20100000,23
hits,64,20150000,23
hits,64,20200000,23
hits,64,20250000,23
hits,64,20300000,23
hits,64,20350000,23
hits,64,20400000,23
hits,64,20450000,23
hits,64,20500000,23
hits,64,20550000,23
hits,64,20600000,23
hits,64,20650000,23
hits,64,20700000,23
hits,64,20750000,23
hits,64,20800000,23
hits,64,20850000,23
hits,64,20900000,23
hits,64,20950000,23
hits,64,21000000,23
hits,64,21050000,23
hits,64,21100000,23
hits,64,21150000,23
hits,64,21200000,23
hits,64,21250000,23
hits,64,21300000,23
hits,64,21350000,23
hits,64,21400000,23
hits,64,21450000,23
hits,64,21500000,23
hits,64,21550000,23
hits,64,21600000,23
hits,64,21650000,23
hits,64,21700000,23
hits,64,21750000,23
hits,64,21800000,23
hits,64,21850000,23
hits,64,21900000,23
hits,64,21950000,23
hits,64,22000000,23
hits,64,22050000,23
hits,64,22100000,23
hits,64,22150000,23
hits,64,22200000,23
hits,64,22250000,23
hits,64,22300000,23
hits,64,22350000,23
hits,64,22400000,23
hits,64,22450000,23
hits,64,22500000,23
hits,64,22550000,23
hits,64,22600000,23
hits,64,22650000,23
hits,64,22700000,23
hits,64,22750000,23
hits,64,22800000,23
hits,64,22850000,23
hits,64,22900000,23
hits,64,22950000,23
hits,64,23000000,23
hits,64,23050000,23
hits,64,23100000,23
hits,64,23150000,23
hits,64,23200000,23
hits,64,23250000,23
hits,64,23300000,23
hits,64,23350000,23
hits,64,23400000,23
hits,64,23450000,23
hits,64,23500000,23
hits,64,23550000,23
hits,64,23600000,23
hits,64,23650000,23
hits,64,23700000,23
hits,64,23750000,23
hits,64,23800000,23
hits,64,23850000,23
hits,64,23900000,23
hits,64,23950000,23
hits,64,24000000,23
hits,64,24050000,23
hits,64,24100000,23
hits,64,24150000,23
hits,64,24200000,23
hits,64,24250000,23
hits,64,24300000,23
hits,64,24350000,23
hits,64,24400000,23
hits,64,24450000,23
hits,64,24500000,23
hits,64,24550000,23
hits,64,24600000,23
hits,64,24650000,23
hits,64,24700000,23
hits,64,24750000,23
hits,64,24800000,23
hits,64,24850000,23
hits,64,24900000,23
hits,64,24950000,23
hits,64,25000000,23
hits,64,25050000,23
hits,64,25100000,23
hits,64,25150000,23
hits,64,25200000,23
hits,64,25250000,23
hits,64,25300000,23
hits,64,25350000,23
hits,64,25400000,23
hits,64,25450000,23
hits,64,25500000,23
hits,64,25550000,23
hits,64,25600000,23
hits,64,25650000,23
hits,64,25700000,23
hits,64,25750000,23
hits,64,25800000,23
hits,64,25850000,23
hits,64,25900000,23
hits,64,25950000,23
hits,64,26000000,23
hits,64,26050000,23
hits,64,26100000,23
hits,64,26150000,23
hits,64,26200000,23
hits,64,26250000,23
hits,64,26300000,23
hits,64,26350000,23
hits,64,26400000,23
hits,64,26450000,23
hits,64,26500000,23
hits,64,26550000,23
hits,64,26600000,23
hits,64,26650000,23
hits,64,26700000,23
hits,64,26750000,23
hits,64,26800000,23
hits,64,26850000,23
hits,64,26900000,23
hits,64,26950000,23
hits,64,27000000,23
hits,64,27050000,23
hits,64,27100000,23
hits,64,27150000,23
hits,64,27200000,23
hits,64,27250000,23
hits,64,27300000,23
hits,64,27350000,23
hits,64,27400000,23
hits,64,27450000,23
hits,64,27500000,23
hits,64,27550000,23
hits,64,27600000,23
hits,64,27650000,23
hits,64,27700000,23
hits,64,27750000,23
hits,64,27800000,23
hits,64,27850000,23
hits,64,27900000,23
hits,64,27950000,23
hits,64,28000000,23
hits,64,28050000,23
hits,64,28100000,23
hits,64,28150000,23
hits,64,28200000,23
hits,64,28250000,23
hits,64,28300000,23
hits,64,28350000,23
hits,64,28400000,23
hits,64,28450000,23
hits,64,28500000,23
hits,64,28550000,23
hits,64,28600000,23
hits,64,28650000,23
hits,64,28700000,23
hits,64,28750000,23
hits,64,28800000,23
hits,64,28850000,23
hits,64,28900000,23
hits,64,28950000,23
hits,64,29000000,23
hits,64,29050000,23
hits,64,29100000,23
hits,64,29150000,23
hits,64,29200000,23
hits,64,29250000,23
hits,64,29300000,23
hits,64,29350000,23
hits,64,29400000,23
hits,64,29450000,23
hits,64,29500000,23
hits,64,29550000,23
hits,64,29600000,23
hits,64,29650000,23
hits,64,29700000,23
hits,64,29750000,23
hits,64,29800000,23
hits,64,29850000,23
hits,64,29900000,23
hits,64,29950000,23
hits,64,30000000,23
hits,64,30050000,23
hits,64,30100000,23
hits,64,30150000,23
hits,64,30200000,23
hits,64,30250000,23
hits,64,30300000,23
hits,64,30350000,23
hits,64,30400000,23
hits,64,30450000,23
hits,64,30500000,23
hits,64,30550000,23
hits,64,30600000,23
hits,64,30650000,23
hits,64,30700000,23
hits,64,30750000,23
hits,64,30800000,23
hits,64,30850000,23
hits,64,30900000,23
hits,64,30950000,23
hits,64,31000000,23
hits,64,31050000,23
hits,64,31100000,23
hits,64,31150000,23
hits,64,31200000,23
hits,64,31250000,23
hits,64,31300000,23
hits,64,31350000,23
hits,64,31400000,23
hits,64,31450000,23
hits,64,31500000,23
hits,64,31550000,23
hits,64,31600000,23
hits,64,31650000,23
hits,64,31700000,23
hits,64,31750000,23
hits,64,31800000,23
hits,64,31850000,23
hits,64,31900000,23
hits,64,31950000,23
hits,64,32000000,23
hits,64,32050000,23
hits,64,32100000,23
hits,64,32150000,23
hits,64,32200000,23
hits,64,32250000,23
hits,64,32300000,23
hits,64,32350000,23
hits,64,32400000,23
hits,64,32450000,23
hits,64,32500000,23
hits,64,32550000,23
hits,64,32600000,23
hits,64,32650000,23
hits,64,32700000,23
hits,64,32750000,23
hits,64,32800000,23
hits,64,32850000,23
hits,64,32900000,23
hits,64,32950000,23
hits,64,33000000,23
hits,64,33050000,23
hits,64,33100000,23
hits,64,33150000,23
hits,64,33200000,23
hits,64,33250000,23
hits,64,33300000,23
hits,64,33350000,23
hits,64,33400000,23
hits,64,33450000,23
hits,64,33500000,23
hits,64,33550000,23
hits,64,33600000,23
hits,64,33650000,23
hits,64,33700000,23
hits,64,33750000,23
hits,64,33800000,23
hits,64,33850000,23
hits,64,33900000,23
hits,64,33950000,23
hits,64,34000000,23
hits,64,34050000,23
hits,64,34100000,23
hits,64,34150000,23
hits,64,34200000,23
hits,64,34250000,23
hits,64,34300000,23
hits,64,34350000,23
hits,64,34400000,23
hits,64,34450000,23
hits,64,34500000,23
hits,64,34550000,23
hits,64,34600000,23
hits,64,34650000,23
hits,64,34700000,23
hits,64,34750000,23
hits,64,34800000,23
hits,64,34850000,23
hits,64,34900000,23
hits,64,34950000,23
hits,64,35000000,23
hits,64,35050000,23
hits,64,35100000,23
hits,64,35150000,23
hits,64,35200000,23
hits,64,35250000,23
hits,64,35300000,23
hits,64,35350000,23
hits,64,35400000,23
hits,64,35450000,23
hits,64,35500000,23
hits,64,35550000,23
hits,64,35600000,23
hits,64,35650000,23
hits,64,35700000,23
hits,64,35750000,23
hits,64,35800000,23
hits,64,35850000,23
hits,64,35900000,23
hits,64,35950000,23
hits,64,36000000,23
hits,64,36050000,23
hits,64,36100000,23
hits,64,36150000,23
hits,64,36200000,23
hits,64,36250000,23
hits,64,36300000,23
hits,64,36350000,23
hits,64,36400000,23
hits,64,36450000,23
hits,64,36500000,23
hits,64,36550000,23
hits,64,36600000,23
hits,64,36650000,23
hits,64,36700000,23
hits,64,36750000,23
hits,64,36800000,23
hits,64,36850000,23
hits,64,36900000,23
hits,64,36950000,23
hits,64,37000000,23
hits,64,37050000,23
hits,64,37100000,23
hits,64,37150000,23
hits,64,37200000,23
hits,64,37250000,23
hits,64,37300000,23
hits,64,37350000,23
hits,64,37400000,23
hits,64,37450000,23
hits,64,37500000,23
hits,64,37550000,23
hits,64,37600000,23
hits,64,37650000,23
hits,64,37700000,23
hits,64,37750000,23
hits,64,37800000,23
hits,64,37850000,23
hits,64,37900000,23
hits,64,37950000,23
hits,64,38000000,23
hits,64,38050000,23
hits,64,38100000,23
hits,64,38150000,23
hits,64,38200000,23
hits,64,38250000,23
hits,64,38300000,23
hits,64,38350000,23
hits,64,38400000,23
hits,64,38450000,23
hits,64,38500000,23
hits,64,38550000,23
hits,64,38600000,23
hits,64,38650000,23
hits,64,38700000,23
hits,64,38750000,23
hits,64,38800000,23
hits,64,38850000,23
hits,64,38900000,23
hits,64,38950000,23
hits,64,39000000,23
hits,64,39050000,23
hits,64,39100000,23
hits,64,39150000,23
hits,64,39200000,23
hits,64,39250000,23
hits,64,39300000,23
hits,64,39350000,23
hits,64,39400000,23
hits,64,39450000,23
hits,64,39500000,23
hits,64,39550000,23
hits,64,39600000,23
hits,64,39650000,23
hits,64,39700000,23
hits,64,39750000,23
hits,64,39800000,23
hits,64,39850000,23
hits,64,39900000,23
hits,64,39950000,23
hits,64,40000000,23
hits,64,40050000,23
hits,64,40100000,23
hits,64,40150000,23
hits,64,40200000,23
hits,64,40250000,23
hits,64,40300000,23
hits,64,40350000,23
hits,64,40400000,23
hits,64,40450000,23
hits,64,40500000,23
hits,64,40550000,23
hits,64,40600000,23
hits,64,40650000,23
hits,64,40700000,23
hits,64,40750000,23
hits,64,40800000,23
hits,64,40850000,23
hits,64,40900000,23
hits,64,40950000,23
hits,64,41000000,23
hits,64,41050000,23
hits,64,41100000,23
hits,64,41150000,23
hits,64,41200000,23
hits,64,41250000,23
hits,64,41300000,23
hits,64,41350000,23
hits,64,41400000,23
hits,64,41450000,23
hits,64,41500000,23
hits,64,41550000,23
hits,64,41600000,23
hits,64,41650000,23
hits,64,41700000,23
hits,64,41750000,23
hits,64,41800000,23
hits,64,41850000,23
hits,64,41900000,23
hits,64,41950000,23
hits,64,42000000,23
hits,64,42050000,23
hits,64,42100000,23
hits,64,42150000,23
hits,64,42200000,23
hits,64,42250000,23
hits,64,42300000,23
hits,64,42350000,23
hits,64,42400000,23
hits,64,42450000,23
hits,64,42500000,23
hits,64,42550000,23
hits,64,42600000,23
hits,64,42650000,23
hits,64,42700000,23
hits,64,42750000,23
hits,64,42800000,23
hits,64,42850000,23
hits,64,42900000,23
hits,64,42950000,23
hits,64,43000000,23
hits,64,43050000,23
hits,64,43100000,23
hits,64,43150000,23
hits,64,43200000,23
hits,64,43250000,23
hits,64,43300000,23
hits,64,43350000,23
hits,64,43400000,23
hits,64,43450000,23
hits,64,43500000,23
hits,64,43550000,23
hits,64,43600000,23
hits,64,43650000,23
hits,64,43700000,23
hits,64,43750000,23
hits,64,43800000,23
hits,64,43850000,23
hits,64,43900000,23
hits,64,43950000,23
hits,64,44000000,23
hits,64,44050000,23
hits,64,44100000,23
hits,64,44150000,23
hits,64,44200000,23
hits,64,44250000,23
hits,64,44300000,23
hits,64,44350000,23
hits,64,44400000,23
hits,64,44450000,23
hits,64,44500000,23
hits,64,44550000,23
hits,64,44600000,23
hits,64,44650000,23
hits,64,44700000,23
hits,64,44750000,23
hits,64,44800000,23
hits,64,44850000,23
hits,64,44900000,23
hits,64,44950000,23
hits,64,45000000,23
hits,64,45050000,23
hits,64,45100000,23
hits,64,45150000,23
hits,64,45200000,23
hits,64,45250000,23
hits,64,45300000,23
hits,64,45350000,23
hits,64,45400000,23
hits,64,45450000,23
hits,64,45500000,23
hits,64,45550000,23
hits,64,45600000,23
hits,64,45650000,23
hits,64,45700000,23
hits,64,45750000,23
hits,64,45800000,23
hits,64,45850000,23
hits,64,45900000,23
hits,64,45950000,23
hits,64,46000000,23
hits,64,46050000,23
hits,64,46100000,23
hits,64,46150000,23
hits,64,46200000,23
hits,64,46250000,23
hits,64,46300000,23
hits,64,46350000,23
hits,64,46400000,23
hits,64,46450000,23
hits,64,46500000,23
hits,64,46550000,23
hits,64,46600000,23
hits,64,46650000,23
hits,64,46700000,23
hits,64,46750000,23
hits,64,46800000,23
hits,64,46850000,23
hits,64,46900000,23
hits,64,46950000,23
hits,64,47000000,23
hits,64,47050000,23
hits,64,47100000,23
hits,64,47150000,23
hits,64,47200000,23
hits,64,47250000,23
hits,64,47300000,23
hits,64,47350000,23
hits,64,47400000,23
hits,64,47450000,23
hits,64,47500000,23
hits,64,47550000,23
hits,64,47600000,23
hits,64,47650000,23
hits,64,47700000,23
hits,64,47750000,23
hits,64,47800000,23
hits,64,47850000,23
hits,64,47900000,23
hits,64,47950000,23
hits,64,48000000,23
hits,64,48050000,23
hits,64,48100000,23
hits,64,48150000,23
hits,64,48200000,23
hits,64,48250000,23
hits,64,48300000,23
hits,64,48350000,23
hits,64,48400000,23
hits,64,48450000,23
hits,64,48500000,23
hits,64,48550000,23
hits,64,48600000,23
hits,64,48650000,23
hits,64,48700000,23
hits,64,48750000,23
hits,64,48800000,23
hits,64,48850000,23
hits,64,48900000,23
hits,64,48950000,23
hits,64,49000000,23
hits,64,49050000,23
hits,64,49100000,23
hits,64,49150000,23
hits,64,49200000,23
hits,64,49250000,23
hits,64,49300000,23
hits,64,49350000,23
hits,64,49400000,23
hits,64,49450000,23
hits,64,49500000,23
hits,64,49550000,23
hits,64,49600000,23
hits,64,49650000,23
hits,64,49700000,23
hits,64,49750000,23
hits,64,49800000,23
hits,64,49850000,23
hits,64,49900000,23
hits,64,49950000,23
hits,64,50000000,23
hits,64,50050000,23
hits,64,50100000,23
hits,64,50150000,23
hits,64,50200000,23
hits,64,50250000,23
hits,64,50300000,23
hits,64,50350000,23
hits,64,50400000,23
hits,64,50450000,23
hits,64,50500000,23
hits,64,50550000,23
hits,64,50600000,23
hits,64,50650000,23
hits,64,50700000,23
hits,64,50750000,23
hits,64,50800000,23
hits,64,50850000,23
hits,64,50900000,23
hits,64,50950000,23
hits,64,51000000,23
hits,64,51050000,23
hits,64,51100000,23
hits,64,51150000,23
hits,64,51200000,23
hits,64,51250000,23
hits,64,51300000,23
hits,64,51350000,23
hits,64,51400000,23
hits,64,51450000,23
hits,64,51500000,23
hits,64,51550000,23
hits,64,51600000,23
hits,64,51650000,23
hits,64,51700000,23
hits,64,51750000,23
hits,64,51800000,23
hits,64,51850000,23
hits,64,51900000,23
hits,64,51950000,23
hits,64,52000000,23
hits,64,52050000,23
hits,64,52100000,23
hits,64,52150000,23
hits,64,52200000,23
hits,64,52250000,23
hits,64,52300000,23
hits,64,52350000,23
hits,64,52400000,23
hits,64,52450000,23
hits,64,52500000,23
hits,64,52550000,23
hits,64,52600000,23
hits,64,52650000,23
hits,64,52700000,23
hits,64,52750000,23
hits,64,52800000,23
hits,64,52850000,23
hits,64,52900000,23
hits,64,52950000,23
hits,64,53000000,23
hits,64,53050000,23
hits,64,53100000,23
hits,64,53150000,23
hits,64,53200000,23
hits,64,53250000,23
hits,64,53300000,23
hits,64,53350000,23
hits,64,53400000,23
hits,64,53450000,23
hits,64,53500000,23
hits,64,53550000,23
hits,64,53600000,23
hits,64,53650000,23
hits,64,53700000,23
hits,64,53750000,23
hits,64,53800000,23
hits,64,53850000,23
hits,64,53900000,23
hits,64,53950000,23
hits,64,54000000,23
hits,64,54050000,23
hits,64,54100000,23
hits,64,54150000,23
hits,64,54200000,23
hits,64,54250000,23
hits,64,54300000,23
hits,64,54350000,23
hits,64,54400000,23
hits,64,54450000,23
hits,64,54500000,23
hits,64,54550000,23
hits,64,54600000,23
hits,64,54650000,23
hits,64,54700000,23
hits,64,54750000,23
hits,64,54800000,23
hits,64,54850000,23
hits,64,54900000,23
hits,64,54950000,23
hits,64,55000000,23
hits,64,55050000,23
hits,64,55100000,23
hits,64,55150000,23
hits,64,55200000,23
hits,64,55250000,23
hits,64,55300000,23
hits,64,55350000,23
hits,64,55400000,23
hits,64,55450000,23
hits,64,55500000,23
hits,64,55550000,23
hits,64,55600000,23
hits,64,55650000,23
hits,64,55700000,23
hits,64,55750000,23
hits,64,55800000,23
hits,64,55850000,23
hits,64,55900000,23
hits,64,55950000,23
hits,64,56000000,23
hits,64,56050000,23
hits,64,56100000,23
hits,64,56150000,23
hits,64,56200000,23
hits,64,56250000,23
hits,64,56300000,23
hits,64,56350000,23
hits,64,56400000,23
hits,64,56450000,23
hits,64,56500000,23
hits,64,56550000,23
hits,64,56600000,23
hits,64,56650000,23
hits,64,56700000,23
hits,64,56750000,23
hits,64,56800000,23
hits,64,56850000,23
hits,64,56900000,23
hits,64,56950000,23
hits,64,57000000,23
hits,64,57050000,23
hits,64,57100000,23
hits,64,57150000,23
hits,64,57200000,23
hits,64,57250000,23
hits,64,57300000,23
hits,64,57350000,23
hits,64,57400000,23
hits,64,57450000,23
hits,64,57500000,23
hits,64,57550000,23
hits,64,57600000,23
hits,64,57650000,23
hits,64,57700000,23
hits,64,57750000,23
hits,64,57800000,23
hits,64,57850000,23
hits,64,57900000,23
hits,64,57950000,23
hits,64,58000000,23
hits,64,58050000,23
hits,64,58100000,23
hits,64,58150000,23
hits,64,58200000,23
hits,64,58250000,23
hits,64,58300000,23
hits,64,58350000,23
hits,64,58400000,23
hits,64,58450000,23
hits,64,58500000,23
hits,64,58550000,23
hits,64,58600000,23
hits,64,58650000,23
hits,64,58700000,23
hits,64,58750000,23
hits,64,58800000,23
hits,64,58850000,23
hits,64,58900000,23
hits,64,58950000,23
hits,64,59000000,23
hits,64,59050000,23
hits,64,59100000,23
hits,64,59150000,23
hits,64,59200000,23
hits,64,59250000,23
hits,64,59300000,23
hits,64,59350000,23
hits,64,59400000,23
hits,64,59450000,23
hits,64,59500000,23
hits,64,59550000,23
hits,64,59600000,23
hits,64,59650000,23
hits,64,59700000,23
hits,64,59750000,23
hits,64,59800000,23
hits,64,59850000,23
hits,64,59900000,23
hits,64,59950000,23
hits,64,60000000,23
hits,64,60050000,23
hits,64,60100000,23
hits,64,60150000,23
hits,64,60200000,23
hits,64,60250000,23
hits,64,60300000,23
hits,64,60350000,23
hits,64,60400000,23
hits,64,60450000,23
hits,64,60500000,23
hits,64,60550000,23
hits,64,60600000,23
hits,64,60650000,23
hits,64,60700000,23
hits,64,60750000,23
hits,64,60800000,23
hits,64,60850000,23
hits,64,60900000,23
hits,64,60950000,23
hits,64,61000000,23
hits,64,61050000,23
hits,64,61100000,23
hits,64,61150000,23
hits,64,61200000,23
hits,64,61250000,23
hits,64,61300000,23
hits,64,61350000,23
hits,64,61400000,23
hits,64,61450000,23
hits,64,61500000,23
hits,64,61550000,23
hits,64,61600000,23
hits,64,61650000,23
hits,64,61700000,23
hits,64,61750000,23
hits,64,61800000,23
hits,64,61850000,23
hits,64,61900000,23
hits,64,61950000,23
hits,64,62000000,23
hits,64,62050000,23
hits,64,62100000,23
hits,64,62150000,23
hits,64,62200000,23
hits,64,62250000,23
hits,64,62300000,23
hits,64,62350000,23
hits,64,62400000,23
hits,64,62450000,23
hits,64,62500000,23
hits,64,62550000,23
hits,64,62600000,23
hits,64,62650000,23
hits,64,62700000,23
hits,64,62750000,23
hits,64,62800000,23
hits,64,62850000,23
hits,64,62900000,23
hits,64,62950000,23
hits,64,63000000,23
hits,64,63050000,23
hits,64,63100000,23
hits,64,63150000,23
hits,64,63200000,23
hits,64,63250000,23
hits,64,63300000,23
hits,64,63350000,23
hits,64,63400000,23
hits,64,63450000,23
hits,64,63500000,23
hits,64,63550000,23
hits,64,63600000,23
hits,64,63650000,23
hits,64,63700000,23
hits,64,63750000,23
hits,64,63800000,23
hits,64,63850000,23
hits,64,63900000,23
hits,64,63950000,23
hits,64,64000000,23
hits,64,64050000,23
hits,64,64100000,23
hits,64,64150000,23
hits,64,64200000,23
hits,64,64250000,23
hits,64,64300000,23
hits,64,64350000,23
hits,64,64400000,23
hits,64,64450000,23
hits,64,64500000,23
hits,64,64550000,23
hits,64,64600000,23
hits,64,64650000,23
hits,64,64700000,23
hits,64,64750000,23
hits,64,64800000,23
hits,64,64850000,23
hits,64,64900000,23
hits,64,64950000,23
hits,64,65000000,23
hits,64,65050000,23
hits,64,65100000,23
hits,64,65150000,23
hits,64,65200000,23
hits,64,65250000,23
hits,64,65300000,23
hits,64,65350000,23
hits,64,65400000,23
hits,64,65450000,23
hits,64,65500000,23
hits,64,65550000,23
hits,64,65600000,23
hits,64,65650000,23
hits,64,65700000,23
hits,64,65750000,23
hits,64,65800000,23
hits,64,65850000,23
hits,64,65900000,23
hits,64,65950000,23
hits,64,66000000,23
hits,64,66050000,23
hits,64,66100000,23
hits,64,66150000,23
hits,64,66200000,23
hits,64,66250000,23
hits,64,66300000,23
hits,64,66350000,23
hits,64,66400000,23
hits,64,66450000,23
hits,64,66500000,23
hits,64,66550000,23
hits,64,66600000,23
hits,64,66650000,23
hits,64,66700000,23
hits,64,66750000,23
hits,64,66800000,23
hits,64,66850000,23
hits,64,66900000,23
hits,64,66950000,23
hits,64,67000000,23
hits,64,67050000,23
hits,64,67100000,23
hits,64,67150000,23
hits,64,67200000,23
hits,64,67250000,23
hits,64,67300000,23
hits,64,67350000,23
hits,64,67400000,23
hits,64,67450000,23
hits,64,67500000,23
hits,64,67550000,23
hits,64,67600000,23
hits,64,67650000,23
hits,64,67700000,23
hits,64,67750000,23
hits,64,67800000,23
hits,64,67850000,23
hits,64,67900000,23
hits,64,67950000,23
hits,64,68000000,23
hits,64,68050000,23
hits,64,68100000,23
hits,64,68150000,23
hits,64,68200000,23
hits,64,68250000,23
hits,64,68300000,23
hits,64,68350000,23
hits,64,68400000,23
hits,64,68450000,23
hits,64,68500000,23
hits,64,68550000,23
hits,64,68600000,23
hits,64,68650000,23
hits,64,68700000,23
hits,64,68750000,23
hits,64,68800000,23
hits,64,68850000,23
hits,64,68900000,23
hits,64,68950000,23
hits,64,69000000,23
hits,64,69050000,23
hits,64,69100000,23
hits,64,69150000,23
hits,64,69200000,23
hits,64,69250000,23
hits,64,69300000,23
hits,64,69350000,23
hits,64,69400000,23
hits,64,69450000,23
hits,64,69500000,23
hits,64,69550000,23
hits,64,69600000,23
hits,64,69650000,23
hits,64,69700000,23
hits,64,69750000,23
hits,64,69800000,23
hits,64,69850000,23
hits,64,69900000,23
hits,64,69950000,23
hits,64,70000000,23
hits,64,70050000,23
hits,64,70100000,23
hits,64,70150000,23
hits,64,70200000,23
hits,64,70250000,23
hits,64,70300000,23
hits,64,70350000,23
hits,64,70400000,23
hits,64,70450000,23
hits,64,70500000,23
hits,64,70550000,23
hits,64,70600000,23
hits,64,70650000,23
hits,64,70700000,23
hits,64,70750000,23
hits,64,70800000,23
hits,64,70850000,23
hits,64,70900000,23
hits,64,70950000,23
hits,64,71000000,23
hits,64,71050000,23
hits,64,71100000,23
hits,64,71150000,23
hits,64,71200000,23
hits,64,71250000,23
hits,64,71300000,23
hits,64,71350000,23
hits,64,71400000,23
hits,64,71450000,23
hits,64,71500000,23
hits,64,71550000,23
hits,64,71600000,23
hits,64,71650000,23
hits,64,71700000,23
hits,64,71750000,23
hits,64,71800000,23
hits,64,71850000,23
hits,64,71900000,23
hits,64,71950000,23
hits,64,72000000,23
hits,64,72050000,23
hits,64,72100000,23
hits,64,72150000,23
hits,64,72200000,23
hits,64,72250000,23
hits,64,72300000,23
hits,64,72350000,23
hits,64,72400000,23
hits,64,72450000,23
hits,64,72500000,23
hits,64,72550000,23
hits,64,72600000,23
hits,64,72650000,23
hits,64,72700000,23
hits,64,72750000,23
hits,64,72800000,23
hits,64,72850000,23
hits,64,72900000,23
hits,64,72950000,23
hits,64,73000000,23
hits,64,73050000,23
hits,64,73100000,23
hits,64,73150000,23
hits,64,73200000,23
hits,64,73250000,23
hits,64,73300000,23
hits,64,73350000,23
hits,64,73400000,23
hits,64,73450000,23
hits,64,73500000,23
hits,64,73550000,23
hits,64,73600000,23
hits,64,73650000,23
hits,64,73700000,23
hits,64,73750000,23
hits,64,73800000,23
hits,64,73850000,23
hits,64,73900000,23
hits,64,73950000,23
hits,64,74000000,23
hits,64,74050000,23
hits,64,74100000,23
hits,64,74150000,23
hits,64,74200000,23
hits,64,74250000,23
hits,64,74300000,23
hits,64,74350000,23
hits,64,74400000,23
hits,64,74450000,23
hits,64,74500000,23
hits,64,74550000,23
hits,64,74600000,23
hits,64,74650000,23
hits,64,74700000,23
hits,64,74750000,23
hits,64,74800000,23
hits,64,74850000,23
hits,64,74900000,23
hits,64,74950000,23
hits,64,75000000,23
hits,64,75050000,23
hits,64,75100000,23
hits,64,75150000,23
hits,64,75200000,23
hits,64,75250000,23
hits,64,75300000,23
hits,64,75350000,23
hits,64,75400000,23
hits,64,75450000,23
hits,64,75500000,23
hits,64,75550000,23
hits,64,75600000,23
hits,64,75650000,23
hits,64,75700000,23
hits,64,75750000,23
hits,64,75800000,23
hits,64,75850000,23
hits,64,75900000,23
hits,64,75950000,23
hits,64,76000000,23
hits,64,76050000,23
hits,64,76100000,23
hits,64,76150000,23
hits,64,76200000,23
hits,64,76250000,23
hits,64,76300000,23
hits,64,76350000,23
hits,64,76400000,23
hits,64,76450000,23
hits,64,76500000,23
hits,64,76550000,23
hits,64,76600000,23
hits,64,76650000,23
hits,64,76700000,23
hits,64,76750000,23
hits,64,76800000,23
hits,64,76850000,23
hits,64,76900000,23
hits,64,76950000,23
hits,64,77000000,23
hits,64,77050000,23
hits,64,77100000,23
hits,64,77150000,23
hits,64,77200000,23
hits,64,77250000,23
hits,64,77300000,23
hits,64,77350000,23
hits,64,77400000,23
hits,64,77450000,23
hits,64,77500000,23
hits,64,77550000,23
hits,64,77600000,23
hits,64,77650000,23
hits,64,77700000,23
hits,64,77750000,23
hits,64,77800000,23
hits,64,77850000,23
hits,64,77900000,23
hits,64,77950000,23
hits,64,78000000,23
hits,64,78050000,23
hits,64,78100000,23
hits,64,78150000,23
hits,64,78200000,23
hits,64,78250000,23
hits,64,78300000,23
hits,64,78350000,23
hits,64,78400000,23
hits,64,78450000,23
hits,64,78500000,23
hits,64,78550000,23
hits,64,78600000,23
hits,64,78650000,23
hits,64,78700000,23
hits,64,78750000,23
hits,64,78800000,23
hits,64,78850000,23
hits,64,78900000,23
hits,64,78950000,23
hits,64,79000000,23
hits,64,79050000,23
hits,64,79100000,23
hits,64,79150000,23
hits,64,79200000,23
hits,64,79250000,23
hits,64,79300000,23
hits,64,79350000,23
hits,64,79400000,23
hits,64,79450000,23
hits,64,79500000,23
hits,64,79550000,23
hits,64,79600000,23
hits,64,79650000,23
hits,64,79700000,23
hits,64,79750000,23
hits,64,79800000,23
hits,64,79850000,23
hits,64,79900000,23
hits,64,79950000,23
disabled,32,50000,13
disabled,32,100000,11
disabled,32,150000,12
disabled,32,200000,12
disabled,32,250000,12
disabled,32,300000,12
disabled,32,350000,12
disabled,32,400000,12
disabled,32,450000,12
disabled,32,500000,12
disabled,32,550000,12
disabled,32,600000,12
disabled,32,650000,12
disabled,32,700000,12
disabled,32,750000,12
disabled,32,800000,12
disabled,32,850000,12
disabled,32,900000,12
disabled,32,950000,12
disabled,32,1000000,12
disabled,32,1050000,12
disabled,32,1100000,12
disabled,32,1150000,12
disabled,32,1200000,12
disabled,32,1250000,12
disabled,32,1300000,12
disabled,32,1350000,12
disabled,32,1400000,12
disabled,32,1450000,12
disabled,32,1500000,12
disabled,32,1550000,12
disabled,32,1600000,12
disabled,32,1650000,12
disabled,32,1700000,12
disabled,32,1750000,12
disabled,32,1800000,12
disabled,32,1850000,12
disabled,32,1900000,12
disabled,32,1950000,12
disabled,32,2000000,12
disabled,32,2050000,12
disabled,32,2100000,12
disabled,32,2150000,12
disabled,32,2200000,12
disabled,32,2250000,12
disabled,32,2300000,12
disabled,32,2350000,12
disabled,32,2400000,12
disabled,32,2450000,12
disabled,32,2500000,12
disabled,32,2550000,12
disabled,32,2600000,12
disabled,32,2650000,12
disabled,32,2700000,12
disabled,32,2750000,12
disabled,32,2800000,12
disabled,32,2850000,12
disabled,32,2900000,12
disabled,32,2950000,12
disabled,32,3000000,12
disabled,32,3050000,12
disabled,32,3100000,12
disabled,32,3150000,12
disabled,32,3200000,12
disabled,32,3250000,12
disabled,32,3300000,12
disabled,32,3350000,12
disabled,32,3400000,12
disabled,32,3450000,12
disabled,32,3500000,12
disabled,32,3550000,12
disabled,32,3600000,12
disabled,32,3650000,12
disabled,32,3700000,12
disabled,32,3750000,12
disabled,32,3800000,12
disabled,32,3850000,12
disabled,32,3900000,12
disabled,32,3950000,12
disabled,32,4000000,12
disabled,32,4050000,12
disabled,32,4100000,12
disabled,32,4150000,12
disabled,32,4200000,12
disabled,32,4250000,12
disabled,32,4300000,12
disabled,32,4350000,12
disabled,32,4400000,12
disabled,32,4450000,12
disabled,32,4500000,12
disabled,32,4550000,12
disabled,32,4600000,12
disabled,32,4650000,12
disabled,32,4700000,12
disabled,32,4750000,12
disabled,32,4800000,12
disabled,32,4850000,12
disabled,32,4900000,12
disabled,32,4950000,12
disabled,32,5000000,12
disabled,32,5050000,12
disabled,32,5100000,12
disabled,32,5150000,12
disabled,32,5200000,12
disabled,32,5250000,12
disabled,32,5300000,12
disabled,32,5350000,12
disabled,32,5400000,12
disabled,32,5450000,12
disabled,32,5500000,12
disabled,32,5550000,12
disabled,32,5600000,12
disabled,32,5650000,12
disabled,32,5700000,12
disabled,32,5750000,12
disabled,32,5800000,12
disabled,32,5850000,12
disabled,32,5900000,12
disabled,32,5950000,12
disabled,32,6000000,12
disabled,32,6050000,12
disabled,32,6100000,12
disabled,32,6150000,12
disabled,32,6200000,12
disabled,32,6250000,12
disabled,32,6300000,12
disabled,32,6350000,12
disabled,32,6400000,12
disabled,32,6450000,12
disabled,32,6500000,12
disabled,32,6550000,12
disabled,32,6600000,12
disabled,32,6650000,12
disabled,32,6700000,12
disabled,32,6750000,12
disabled,32,6800000,12
disabled,32,6850000,12
disabled,32,6900000,12
disabled,32,6950000,12
disabled,32,7000000,12
disabled,32,7050000,12
disabled,32,7100000,12
disabled,32,7150000,12
disabled,32,7200000,12
disabled,32,7250000,12
disabled,32,7300000,12
disabled,32,7350000,12
disabled,32,7400000,12
disabled,32,7450000,12
disabled,32,7500000,12
disabled,32,7550000,12
disabled,32,7600000,12
disabled,32,7650000,12
disabled,32,7700000,12
disabled,32,7750000,12
disabled,32,7800000,12
disabled,32,7850000,12
disabled,32,7900000,12
disabled,32,7950000,12
disabled,32,8000000,12
disabled,32,8050000,12
disabled,32,8100000,12
disabled,32,8150000,12
disabled,32,8200000,12
disabled,32,8250000,12
disabled,32,8300000,12
disabled,32,8350000,12
disabled,32,8400000,12
disabled,32,8450000,12
disabled,32,8500000,12
disabled,32,8550000,12
disabled,32,8600000,12
disabled,32,8650000,12
disabled,32,8700000,12
disabled,32,8750000,12
disabled,32,8800000,12
disabled,32,8850000,12
disabled,32,8900000,12
disabled,32,8950000,12
disabled,32,9000000,12
disabled,32,9050000,12
disabled,32,9100000,12
disabled,32,9150000,12
disabled,32,9200000,12
disabled,32,9250000,12
disabled,32,9300000,12
disabled,32,9350000,12
disabled,32,9400000,12
disabled,32,9450000,12
disabled,32,9500000,12
disabled,32,9550000,12
disabled,32,9600000,12
disabled,32,9650000,12
disabled,32,9700000,12
disabled,32,9750000,12
disabled,32,9800000,12
disabled,32,9850000,12
disabled,32,9900000,12
disabled,32,9950000,12
disabled,32,10000000,12
disabled,32,10050000,12
disabled,32,10100000,12
disabled,32,10150000,12
disabled,32,10200000,12
disabled,32,10250000,12
disabled,32,10300000,12
disabled,32,10350000,12
disabled,32,10400000,12
disabled,32,10450000,12
disabled,32,10500000,12
disabled,32,10550000,12
disabled,32,10600000,12
disabled,32,10650000,12
disabled,32,10700000,12
disabled,32,10750000,12
disabled,32,10800000,12
disabled,32,10850000,12
disabled,32,10900000,12
disabled,32,10950000,12
disabled,32,11000000,12
disabled,32,11050000,12
disabled,32,11100000,12
disabled,32,11150000,12
disabled,32,11200000,12
disabled,32,11250000,12
disabled,32,11300000,12
disabled,32,11350000,12
disabled,32,11400000,12
disabled,32,11450000,12
disabled,32,11500000,12
disabled,32,11550000,12
disabled,32,11600000,12
disabled,32,11650000,12
disabled,32,11700000,12
disabled,32,11750000,12
disabled,32,11800000,12
disabled,32,11850000,12
disabled,32,11900000,12
disabled,32,11950000,12
disabled,32,12000000,12
disabled,32,12050000,12
disabled,32,12100000,12
disabled,32,12150000,12
disabled,32,12200000,12
disabled,32,12250000,12
disabled,32,12300000,12
disabled,32,12350000,12
disabled,32,12400000,12
disabled,32,12450000,12
disabled,32,12500000,12
disabled,32,12550000,12
disabled,32,12600000,12
disabled,32,12650000,12
disabled,32,12700000,12
disabled,32,12750000,12
disabled,32,12800000,12
disabled,32,12850000,12
disabled,32,12900000,12
disabled,32,12950000,12
disabled,32,13000000,12
disabled,32,13050000,12
disabled,32,13100000,12
disabled,32,13150000,12
disabled,32,13200000,12
disabled,32,13250000,12
disabled,32,13300000,12
disabled,32,13350000,12
disabled,32,13400000,12
disabled,32,13450000,12
disabled,32,13500000,12
disabled,32,13550000,12
disabled,32,13600000,12
disabled,32,13650000,12
disabled,32,13700000,12
disabled,32,13750000,12
disabled,32,13800000,12
disabled,32,13850000,12
disabled,32,13900000,12
disabled,32,13950000,12
disabled,32,14000000,12
disabled,32,14050000,12
disabled,32,14100000,12
disabled,32,14150000,12
disabled,32,14200000,12
disabled,32,14250000,12
disabled,32,14300000,12
disabled,32,14350000,12
disabled,32,14400000,12
disabled,32,14450000,12
disabled,32,14500000,12
disabled,32,14550000,12
disabled,32,14600000,12
disabled,32,14650000,12
disabled,32,14700000,12
disabled,32,14750000,12
disabled,32,14800000,12
disabled,32,14850000,12
disabled,32,14900000,12
disabled,32,14950000,12
disabled,32,15000000,12
disabled,32,15050000,12
disabled,32,15100000,12
disabled,32,15150000,12
disabled,32,15200000,12
disabled,32,15250000,12
disabled,32,15300000,12
disabled,32,15350000,12
disabled,32,15400000,12
disabled,32,15450000,12
disabled,32,15500000,12
disabled,32,15550000,12
disabled,32,15600000,12
disabled,32,15650000,12
disabled,32,15700000,12
disabled,32,15750000,12
disabled,32,15800000,12
disabled,32,15850000,12
disabled,32,15900000,12
disabled,32,15950000,12
disabled,32,16000000,12
disabled,32,16050000,12
disabled,32,16100000,12
disabled,32,16150000,12
disabled,32,16200000,12
disabled,32,16250000,12
disabled,32,16300000,12
disabled,32,16350000,12
disabled,32,16400000,12
disabled,32,16450000,12
disabled,32,16500000,12
disabled,32,16550000,12
disabled,32,16600000,12
disabled,32,16650000,12
disabled,32,16700000,12
disabled,32,16750000,12
disabled,32,16800000,12
disabled,32,16850000,12
disabled,32,16900000,12
disabled,32,16950000,12
disabled,32,17000000,12
disabled,32,17050000,12
disabled,32,17100000,12
disabled,32,17150000,12
disabled,32,17200000,12
disabled,32,17250000,12
disabled,32,17300000,12
disabled,32,17350000,12
disabled,32,17400000,12
disabled,32,17450000,12
disabled,32,17500000,12
disabled,32,17550000,12
disabled,32,17600000,12
disabled,32,17650000,12
disabled,32,17700000,12
disabled,32,17750000,12
disabled,32,17800000,12
disabled,32,17850000,12
disabled,32,17900000,12
disabled,32,17950000,12
disabled,32,18000000,12
disabled,32,18050000,12
disabled,32,18100000,12
disabled,32,18150000,12
disabled,32,18200000,12
disabled,32,18250000,12
disabled,32,18300000,12
disabled,32,18350000,12
disabled,32,18400000,12
disabled,32,18450000,12
disabled,32,18500000,12
disabled,32,18550000,12
disabled,32,18600000,12
disabled,32,18650000,12
disabled,32,18700000,12
disabled,32,18750000,12
disabled,32,18800000,12
disabled,32,18850000,12
disabled,32,18900000,12
disabled,32,18950000,12
disabled,32,19000000,12
disabled,32,19050000,12
disabled,32,19100000,12
disabled,32,19150000,12
disabled,32,19200000,12
disabled,32,19250000,12
disabled,32,19300000,12
disabled,32,19350000,12
disabled,32,19400000,12
disabled,32,19450000,12
disabled,32,19500000,12
disabled,32,19550000,12
disabled,32,19600000,12
disabled,32,19650000,12
disabled,32,19700000,12
disabled,32,19750000,12
disabled,32,19800000,12
disabled,32,19850000,12
disabled,32,19900000,12
disabled,32,19950000,12
disabled,32,20000000,12
disabled,32,20050000,12
disabled,32,20100000,12
disabled,32,20150000,12
disabled,32,20200000,12
disabled,32,20250000,12
disabled,32,20300000,12
disabled,32,20350000,12
disabled,32,20400000,12
disabled,32,20450000,12
disabled,32,20500000,12
disabled,32,20550000,12
disabled,32,20600000,12
disabled,32,20650000,12
disabled,32,20700000,12
disabled,32,20750000,12
disabled,32,20800000,12
disabled,32,20850000,12
disabled,32,20900000,12
disabled,32,20950000,12
disabled,32,21000000,12
disabled,32,21050000,12
disabled,32,21100000,12
disabled,32,21150000,12
disabled,32,21200000,12
disabled,32,21250000,12
disabled,32,21300000,12
disabled,32,21350000,12
disabled,32,21400000,12
disabled,32,21450000,12
disabled,32,21500000,12
disabled,32,21550000,12
disabled,32,21600000,12
disabled,32,21650000,12
disabled,32,21700000,12
disabled,32,21750000,12
disabled,32,21800000,12
disabled,32,21850000,12
disabled,32,21900000,12
disabled,32,21950000,12
disabled,32,22000000,12
disabled,32,22050000,12
disabled,32,22100000,12
disabled,32,22150000,12
disabled,32,22200000,12
disabled,32,22250000,12
disabled,32,22300000,12
disabled,32,22350000,12
disabled,32,22400000,12
disabled,32,22450000,12
disabled,32,22500000,12
disabled,32,22550000,12
disabled,32,22600000,12
disabled,32,22650000,12
disabled,32,22700000,12
disabled,32,22750000,12
disabled,32,22800000,12
disabled,32,22850000,12
disabled,32,22900000,12
disabled,32,22950000,12
disabled,32,23000000,12
disabled,32,23050000,12
disabled,32,23100000,12
disabled,32,23150000,12
disabled,32,23200000,12
disabled,32,23250000,12
disabled,32,23300000,12
disabled,32,23350000,12
disabled,32,23400000,12
disabled,32,23450000,12
disabled,32,23500000,12
disabled,32,23550000,12
disabled,32,23600000,12
disabled,32,23650000,12
disabled,32,23700000,12
disabled,32,23750000,12
disabled,32,23800000,12
disabled,32,23850000,12
disabled,32,23900000,12
disabled,32,23950000,12
disabled,32,24000000,12
disabled,32,24050000,12
disabled,32,24100000,12
disabled,32,24150000,12
disabled,32,24200000,12
disabled,32,24250000,12
disabled,32,24300000,12
disabled,32,24350000,12
disabled,32,24400000,12
disabled,32,24450000,12
disabled,32,24500000,12
disabled,32,24550000,12
disabled,32,24600000,12
disabled,32,24650000,12
disabled,32,24700000,12
disabled,32,24750000,12
disabled,32,24800000,12
disabled,32,24850000,12
disabled,32,24900000,12
disabled,32,24950000,12
disabled,32,25000000,12
disabled,32,25050000,12
disabled,32,25100000,12
disabled,32,25150000,12
disabled,32,25200000,12
disabled,32,25250000,12
disabled,32,25300000,12
disabled,32,25350000,12
disabled,32,25400000,12
disabled,32,25450000,12
disabled,32,25500000,12
disabled,32,25550000,12
disabled,32,25600000,12
disabled,32,25650000,12
disabled,32,25700000,12
disabled,32,25750000,12
disabled,32,25800000,12
disabled,32,25850000,12
disabled,32,25900000,12
disabled,32,25950000,12
disabled,32,26000000,12
disabled,32,26050000,12
disabled,32,26100000,12
disabled,32,26150000,12
disabled,32,26200000,12
disabled,32,26250000,12
disabled,32,26300000,12
disabled,32,26350000,12
disabled,32,26400000,12
disabled,32,26450000,12
disabled,32,26500000,12
disabled,32,26550000,12
disabled,32,26600000,12
disabled,32,26650000,12
disabled,32,26700000,12
disabled,32,26750000,12
disabled,32,26800000,12
disabled,32,26850000,12
disabled,32,26900000,12
disabled,32,26950000,12
disabled,32,27000000,12
disabled,32,27050000,12
disabled,32,27100000,12
disabled,32,27150000,12
disabled,32,27200000,12
disabled,32,27250000,12
disabled,32,27300000,12
disabled,32,27350000,12
disabled,32,27400000,12
disabled,32,27450000,12
disabled,32,27500000,12
disabled,32,27550000,12
disabled,32,27600000,12
disabled,32,27650000,12
disabled,32,27700000,12
disabled,32,27750000,12
disabled,32,27800000,12
disabled,32,27850000,12
disabled,32,27900000,12
disabled,32,27950000,12
disabled,32,28000000,12
disabled,32,28050000,12
disabled,32,28100000,12
disabled,32,28150000,12
disabled,32,28200000,12
disabled,32,28250000,12
disabled,32,28300000,12
disabled,32,28350000,12
disabled,32,28400000,12
disabled,32,28450000,12
disabled,32,28500000,12
disabled,32,28550000,12
disabled,32,28600000,12
disabled,32,28650000,12
disabled,32,28700000,12
disabled,32,28750000,12
disabled,32,28800000,12
disabled,32,28850000,12
disabled,32,28900000,12
disabled,32,28950000,12
disabled,32,29000000,12
disabled,32,29050000,12
disabled,32,29100000,12
disabled,32,29150000,12
disabled,32,29200000,12
disabled,32,29250000,12
disabled,32,29300000,12
disabled,32,29350000,12
disabled,32,29400000,12
disabled,32,29450000,12
disabled,32,29500000,12
disabled,32,29550000,12
disabled,32,29600000,12
disabled,32,29650000,12
disabled,32,29700000,12
disabled,32,29750000,12
disabled,32,29800000,12
disabled,32,29850000,12
disabled,32,29900000,12
disabled,32,29950000,12
disabled,32,30000000,12
disabled,32,30050000,12
disabled,32,30100000,12
disabled,32,30150000,12
disabled,32,30200000,12
disabled,32,30250000,12
disabled,32,30300000,12
disabled,32,30350000,12
disabled,32,30400000,12
disabled,32,30450000,12
disabled,32,30500000,12
disabled,32,30550000,12
disabled,32,30600000,12
disabled,32,30650000,12
disabled,32,30700000,12
disabled,32,30750000,12
disabled,32,30800000,12
disabled,32,30850000,12
disabled,32,30900000,12
disabled,32,30950000,12
disabled,32,31000000,12
disabled,32,31050000,12
disabled,32,31100000,12
disabled,32,31150000,12
disabled,32,31200000,12
disabled,32,31250000,12
disabled,32,31300000,12
disabled,32,31350000,12
disabled,32,31400000,12
disabled,32,31450000,12
disabled,32,31500000,12
disabled,32,31550000,12
disabled,32,31600000,12
disabled,32,31650000,12
disabled,32,31700000,12
disabled,32,31750000,12
disabled,32,31800000,12
disabled,32,31850000,12
disabled,32,31900000,12
disabled,32,31950000,12
disabled,32,32000000,12
disabled,32,32050000,12
disabled,32,32100000,12
disabled,32,32150000,12
disabled,32,32200000,12
disabled,32,32250000,12
disabled,32,32300000,12
disabled,32,32350000,12
disabled,32,32400000,12
disabled,32,32450000,12
disabled,32,32500000,12
disabled,32,32550000,12
disabled,32,32600000,12
disabled,32,32650000,12
disabled,32,32700000,12
disabled,32,32750000,12
disabled,32,32800000,12
disabled,32,32850000,12
disabled,32,32900000,12
disabled,32,32950000,12
disabled,32,33000000,12
disabled,32,33050000,12
disabled,32,33100000,12
disabled,32,33150000,12
disabled,32,33200000,12
disabled,32,33250000,12
disabled,32,33300000,12
disabled,32,33350000,12
disabled,32,33400000,12
disabled,32,33450000,12
disabled,32,33500000,12
disabled,32,33550000,12
disabled,32,33600000,12
disabled,32,33650000,12
disabled,32,33700000,12
disabled,32,33750000,12
disabled,32,33800000,12
disabled,32,33850000,12
disabled,32,33900000,12
disabled,32,33950000,12
disabled,32,34000000,12
disabled,32,34050000,12
disabled,32,34100000,12
disabled,32,34150000,12
disabled,32,34200000,12
disabled,32,34250000,12
disabled,32,34300000,12
disabled,32,34350000,12
disabled,32,34400000,12
disabled,32,34450000,12
disabled,32,34500000,12
disabled,32,34550000,12
disabled,32,34600000,12
disabled,32,34650000,12
disabled,32,34700000,12
disabled,32,34750000,12
disabled,32,34800000,12
disabled,32,34850000,12
disabled,32,34900000,12
disabled,32,34950000,12
disabled,32,35000000,12
disabled,32,35050000,12
disabled,32,35100000,12
disabled,32,35150000,12
disabled,32,35200000,12
disabled,32,35250000,12
disabled,32,35300000,12
disabled,32,35350000,12
disabled,32,35400000,12
disabled,32,35450000,12
disabled,32,35500000,12
disabled,32,35550000,12
disabled,32,35600000,12
disabled,32,35650000,12
disabled,32,35700000,12
disabled,32,35750000,12
disabled,32,35800000,12
disabled,32,35850000,12
disabled,32,35900000,12
disabled,32,35950000,12
disabled,32,36000000,12
disabled,32,36050000,12
disabled,32,36100000,12
disabled,32,36150000,12
disabled,32,36200000,12
disabled,32,36250000,12
disabled,32,36300000,12
disabled,32,36350000,12
disabled,32,36400000,12
disabled,32,36450000,12
disabled,32,36500000,12
disabled,32,36550000,12
disabled,32,36600000,12
disabled,32,36650000,12
disabled,32,36700000,12
disabled,32,36750000,12
disabled,32,36800000,12
disabled,32,36850000,12
disabled,32,36900000,12
disabled,32,36950000,12
disabled,32,37000000,12
disabled,32,37050000,12
disabled,32,37100000,12
disabled,32,37150000,12
disabled,32,37200000,12
disabled,32,37250000,12
disabled,32,37300000,12
disabled,32,37350000,12
disabled,32,37400000,12
disabled,32,37450000,12
disabled,32,37500000,12
disabled,32,37550000,12
disabled,32,37600000,12
disabled,32,37650000,12
disabled,32,37700000,12
disabled,32,37750000,12
disabled,32,37800000,12
disabled,32,37850000,12
disabled,32,37900000,12
disabled,32,37950000,12
disabled,32,38000000,12
disabled,32,38050000,12
disabled,32,38100000,12
disabled,32,38150000,12
disabled,32,38200000,12
disabled,32,38250000,12
disabled,32,38300000,12
disabled,32,38350000,12
disabled,32,38400000,12
disabled,32,38450000,12
disabled,32,38500000,12
disabled,32,38550000,12
disabled,32,38600000,12
disabled,32,38650000,12
disabled,32,38700000,12
disabled,32,38750000,12
disabled,32,38800000,12
disabled,32,38850000,12
disabled,32,38900000,12
disabled,32,38950000,12
disabled,32,39000000,12
disabled,32,39050000,12
disabled,32,39100000,12
disabled,32,39150000,12
disabled,32,39200000,12
disabled,32,39250000,12
disabled,32,39300000,12
disabled,32,39350000,12
disabled,32,39400000,12
disabled,32,39450000,12
disabled,32,39500000,12
disabled,32,39550000,12
disabled,32,39600000,12
disabled,32,39650000,12
disabled,32,39700000,12
disabled,32,39750000,12
disabled,32,39800000,12
disabled,32,39850000,12
disabled,32,39900000,12
disabled,32,39950000,12
disabled,32,40000000,12
disabled,32,40050000,12
disabled,32,40100000,12
disabled,32,40150000,12
disabled,32,40200000,12
disabled,32,40250000,12
disabled,32,40300000,12
disabled,32,40350000,12
disabled,32,40400000,12
disabled,32,40450000,12
disabled,32,40500000,12
disabled,32,40550000,12
disabled,32,40600000,12
disabled,32,40650000,12
disabled,32,40700000,12
disabled,32,40750000,12
disabled,32,40800000,12
disabled,32,40850000,12
disabled,32,40900000,12
disabled,32,40950000,12
disabled,32,41000000,12
disabled,32,41050000,12
disabled,32,41100000,12
disabled,32,41150000,12
disabled,32,41200000,12
disabled,32,41250000,12
disabled,32,41300000,12
disabled,32,41350000,12
disabled,32,41400000,12
disabled,32,41450000,12
disabled,32,41500000,12
disabled,32,41550000,12
disabled,32,41600000,12
disabled,32,41650000,12
disabled,32,41700000,12
disabled,32,41750000,12
disabled,32,41800000,12
disabled,32,41850000,12
disabled,32,41900000,12
disabled,32,41950000,12
disabled,32,42000000,12
disabled,32,42050000,12
disabled,32,42100000,12
disabled,32,42150000,12
disabled,32,42200000,12
disabled,32,42250000,12
disabled,32,42300000,12
disabled,32,42350000,12
disabled,32,42400000,12
disabled,32,42450000,12
disabled,32,42500000,12
disabled,32,42550000,12
disabled,32,42600000,12
disabled,32,42650000,12
disabled,32,42700000,12
disabled,32,42750000,12
disabled,32,42800000,12
disabled,32,42850000,12
disabled,32,42900000,12
disabled,32,42950000,12
disabled,32,43000000,12
disabled,32,43050000,12
disabled,32,43100000,12
disabled,32,43150000,12
disabled,32,43200000,12
disabled,32,43250000,12
disabled,32,43300000,12
disabled,32,43350000,12
disabled,32,43400000,12
disabled,32,43450000,12
disabled,32,43500000,12
disabled,32,43550000,12
disabled,32,43600000,12
disabled,32,43650000,12
disabled,32,43700000,12
disabled,32,43750000,12
disabled,32,43800000,12
disabled,32,43850000,12
disabled,32,43900000,12
disabled,32,43950000,12
disabled,32,44000000,12
disabled,32,44050000,12
disabled,32,44100000,12
disabled,32,44150000,12
disabled,32,44200000,12
disabled,32,44250000,12
disabled,32,44300000,12
disabled,32,44350000,12
disabled,32,44400000,12
disabled,32,44450000,12
disabled,32,44500000,12
disabled,32,44550000,12
disabled,32,44600000,12
disabled,32,44650000,12
disabled,32,44700000,12
disabled,32,44750000,12
disabled,32,44800000,12
disabled,32,44850000,12
disabled,32,44900000,12
disabled,32,44950000,12
disabled,32,45000000,12
disabled,32,45050000,12
disabled,32,45100000,12
disabled,32,45150000,12
disabled,32,45200000,12
disabled,32,45250000,12
disabled,32,45300000,12
disabled,32,45350000,12
disabled,32,45400000,12
disabled,32,45450000,12
disabled,32,45500000,12
disabled,32,45550000,12
disabled,32,45600000,12
disabled,32,45650000,12
disabled,32,45700000,12
disabled,32,45750000,12
disabled,32,45800000,12
disabled,32,45850000,12
disabled,32,45900000,12
disabled,32,45950000,12
disabled,32,46000000,12
disabled,32,46050000,12
disabled,32,46100000,12
disabled,32,46150000,12
disabled,32,46200000,12
disabled,32,46250000,12
disabled,32,46300000,12
disabled,32,46350000,12
disabled,32,46400000,12
disabled,32,46450000,12
disabled,32,46500000,12
disabled,32,46550000,12
disabled,32,46600000,12
disabled,32,46650000,12
disabled,32,46700000,12
disabled,32,46750000,12
disabled,32,46800000,12
disabled,32,46850000,12
disabled,32,46900000,12
disabled,32,46950000,12
disabled,32,47000000,12
disabled,32,47050000,12
disabled,32,47100000,12
disabled,32,47150000,12
disabled,32,47200000,12
disabled,32,47250000,12
disabled,32,47300000,12
disabled,32,47350000,12
disabled,32,47400000,12
disabled,32,47450000,12
disabled,32,47500000,12
disabled,32,47550000,12
disabled,32,47600000,12
disabled,32,47650000,12
disabled,32,47700000,12
disabled,32,47750000,12
disabled,32,47800000,12
disabled,32,47850000,12
disabled,32,47900000,12
disabled,32,47950000,12
disabled,32,48000000,12
disabled,32,48050000,12
disabled,32,48100000,12
disabled,32,48150000,12
disabled,32,48200000,12
disabled,32,48250000,12
disabled,32,48300000,12
disabled,32,48350000,12
disabled,32,48400000,12
disabled,32,48450000,12
disabled,32,48500000,12
disabled,32,48550000,12
disabled,32,48600000,12
disabled,32,48650000,12
disabled,32,48700000,12
disabled,32,48750000,12
disabled,32,48800000,12
disabled,32,48850000,12
disabled,32,48900000,12
disabled,32,48950000,12
disabled,32,49000000,12
disabled,32,49050000,12
disabled,32,49100000,12
disabled,32,49150000,12
disabled,32,49200000,12
disabled,32,49250000,12
disabled,32,49300000,12
disabled,32,49350000,12
disabled,32,49400000,12
disabled,32,49450000,12
disabled,32,49500000,12
disabled,32,49550000,12
disabled,32,49600000,12
disabled,32,49650000,12
disabled,32,49700000,12
disabled,32,49750000,12
disabled,32,49800000,12
disabled,32,49850000,12
disabled,32,49900000,12
disabled,32,49950000,12
disabled,32,50000000,12
disabled,32,50050000,12
disabled,32,50100000,12
disabled,32,50150000,12
disabled,32,50200000,12
disabled,32,50250000,12
disabled,32,50300000,12
disabled,32,50350000,12
disabled,32,50400000,12
disabled,32,50450000,12
disabled,32,50500000,12
disabled,32,50550000,12
disabled,32,50600000,12
disabled,32,50650000,12
disabled,32,50700000,12
disabled,32,50750000,12
disabled,32,50800000,12
disabled,32,50850000,12
disabled,32,50900000,12
disabled,32,50950000,12
disabled,32,51000000,12
disabled,32,51050000,12
disabled,32,51100000,12
disabled,32,51150000,12
disabled,32,51200000,12
disabled,32,51250000,12
disabled,32,51300000,12
disabled,32,51350000,12
disabled,32,51400000,12
disabled,32,51450000,12
disabled,32,51500000,12
disabled,32,51550000,12
disabled,32,51600000,12
disabled,32,51650000,12
disabled,32,51700000,12
disabled,32,51750000,12
disabled,32,51800000,12
disabled,32,51850000,12
disabled,32,51900000,12
disabled,32,51950000,12
disabled,32,52000000,12
disabled,32,52050000,12
disabled,32,52100000,12
disabled,32,52150000,12
disabled,32,52200000,12
disabled,32,52250000,12
disabled,32,52300000,12
disabled,32,52350000,12
disabled,32,52400000,12
disabled,32,52450000,12
disabled,32,52500000,12
disabled,32,52550000,12
disabled,32,52600000,12
disabled,32,52650000,12
disabled,32,52700000,12
disabled,32,52750000,12
disabled,32,52800000,12
disabled,32,52850000,12
disabled,32,52900000,12
disabled,32,52950000,12
disabled,32,53000000,12
disabled,32,53050000,12
disabled,32,53100000,12
disabled,32,53150000,12
disabled,32,53200000,12
disabled,32,53250000,12
disabled,32,53300000,12
disabled,32,53350000,12
disabled,32,53400000,12
disabled,32,53450000,12
disabled,32,53500000,12
disabled,32,53550000,12
disabled,32,53600000,12
disabled,32,53650000,12
disabled,32,53700000,12
disabled,32,53750000,12
disabled,32,53800000,12
disabled,32,53850000,12
disabled,32,53900000,12
disabled,32,53950000,12
disabled,32,54000000,12
disabled,32,54050000,12
disabled,32,54100000,12
disabled,32,54150000,12
disabled,32,54200000,12
disabled,32,54250000,12
disabled,32,54300000,12
disabled,32,54350000,12
disabled,32,54400000,12
disabled,32,54450000,12
disabled,32,54500000,12
disabled,32,54550000,12
disabled,32,54600000,12
disabled,32,54650000,12
disabled,32,54700000,12
disabled,32,54750000,12
disabled,32,54800000,12
disabled,32,54850000,12
disabled,32,54900000,12
disabled,32,54950000,12
disabled,32,55000000,12
disabled,32,55050000,12
disabled,32,55100000,12
disabled,32,55150000,12
disabled,32,55200000,12
disabled,32,55250000,12
disabled,32,55300000,12
disabled,32,55350000,12
disabled,32,55400000,12
disabled,32,55450000,12
disabled,32,55500000,12
disabled,32,55550000,12
disabled,32,55600000,12
disabled,32,55650000,12
disabled,32,55700000,12
disabled,32,55750000,12
disabled,32,55800000,12
disabled,32,55850000,12
disabled,32,55900000,12
disabled,32,55950000,12
disabled,32,56000000,12
disabled,32,56050000,12
disabled,32,56100000,12
disabled,32,56150000,12
disabled,32,56200000,12
disabled,32,56250000,12
disabled,32,56300000,12
disabled,32,56350000,12
disabled,32,56400000,12
disabled,32,56450000,12
disabled,32,56500000,12
disabled,32,56550000,12
disabled,32,56600000,12
disabled,32,56650000,12
disabled,32,56700000,12
disabled,32,56750000,12
disabled,32,56800000,12
disabled,32,56850000,12
disabled,32,56900000,12
disabled,32,56950000,12
disabled,32,57000000,12
disabled,32,57050000,12
disabled,32,57100000,12
disabled,32,57150000,12
disabled,32,57200000,12
disabled,32,57250000,12
disabled,32,57300000,12
disabled,32,57350000,12
disabled,32,57400000,12
disabled,32,57450000,12
disabled,32,57500000,12
disabled,32,57550000,12
disabled,32,57600000,12
disabled,32,57650000,12
disabled,32,57700000,12
disabled,32,57750000,12
disabled,32,57800000,12
disabled,32,57850000,12
disabled,32,57900000,12
disabled,32,57950000,12
disabled,32,58000000,12
disabled,32,58050000,12
disabled,32,58100000,12
disabled,32,58150000,12
disabled,32,58200000,12
disabled,32,58250000,12
disabled,32,58300000,12
disabled,32,58350000,12
disabled,32,58400000,12
disabled,32,58450000,12
disabled,32,58500000,12
disabled,32,58550000,12
disabled,32,58600000,12
disabled,32,58650000,12
disabled,32,58700000,12
disabled,32,58750000,12
disabled,32,58800000,12
disabled,32,58850000,12
disabled,32,58900000,12
disabled,32,58950000,12
disabled,32,59000000,12
disabled,32,59050000,12
disabled,32,59100000,12
disabled,32,59150000,12
disabled,32,59200000,12
disabled,32,59250000,12
disabled,32,59300000,12
disabled,32,59350000,12
disabled,32,59400000,12
disabled,32,59450000,12
disabled,32,59500000,12
disabled,32,59550000,12
disabled,32,59600000,12
disabled,32,59650000,12
disabled,32,59700000,12
disabled,32,59750000,12
disabled,32,59800000,12
disabled,32,59850000,12
disabled,32,59900000,12
disabled,32,59950000,12
disabled,32,60000000,12
disabled,32,60050000,12
disabled,32,60100000,12
disabled,32,60150000,12
disabled,32,60200000,12
disabled,32,60250000,12
disabled,32,60300000,12
disabled,32,60350000,12
disabled,32,60400000,12
disabled,32,60450000,12
disabled,32,60500000,12
disabled,32,60550000,12
disabled,32,60600000,12
disabled,32,60650000,12
disabled,32,60700000,12
disabled,32,60750000,12
disabled,32,60800000,12
disabled,32,60850000,12
disabled,32,60900000,12
disabled,32,60950000,12
disabled,32,61000000,12
disabled,32,61050000,12
disabled,32,61100000,12
disabled,32,61150000,12
disabled,32,61200000,12
disabled,32,61250000,12
disabled,32,61300000,12
disabled,32,61350000,12
disabled,32,61400000,12
disabled,32,61450000,12
disabled,32,61500000,12
disabled,32,61550000,12
disabled,32,61600000,12
disabled,32,61650000,12
disabled,32,61700000,12
disabled,32,61750000,12
disabled,32,61800000,12
disabled,32,61850000,12
disabled,32,61900000,12
disabled,32,61950000,12
disabled,32,62000000,12
disabled,32,62050000,12
disabled,32,62100000,12
disabled,32,62150000,12
disabled,32,62200000,12
disabled,32,62250000,12
disabled,32,62300000,12
disabled,32,62350000,12
disabled,32,62400000,12
disabled,32,62450000,12
disabled,32,62500000,12
disabled,32,62550000,12
disabled,32,62600000,12
disabled,32,62650000,12
disabled,32,62700000,12
disabled,32,62750000,12
disabled,32,62800000,12
disabled,32,62850000,12
disabled,32,62900000,12
disabled,32,62950000,12
disabled,32,63000000,12
disabled,32,63050000,12
disabled,32,63100000,12
disabled,32,63150000,12
disabled,32,63200000,12
disabled,32,63250000,12
disabled,32,63300000,12
disabled,32,63350000,12
disabled,32,63400000,12
disabled,32,63450000,12
disabled,32,63500000,12
disabled,32,63550000,12
disabled,32,63600000,12
disabled,32,63650000,12
disabled,32,63700000,12
disabled,32,63750000,12
disabled,32,63800000,12
disabled,32,63850000,12
disabled,32,63900000,12
disabled,32,63950000,12
disabled,32,64000000,12
disabled,32,64050000,12
disabled,32,64100000,12
disabled,32,64150000,12
disabled,32,64200000,12
disabled,32,64250000,12
disabled,32,64300000,12
disabled,32,64350000,12
disabled,32,64400000,12
disabled,32,64450000,12
disabled,32,64500000,12
disabled,32,64550000,12
disabled,32,64600000,12
disabled,32,64650000,12
disabled,32,64700000,12
disabled,32,64750000,12
disabled,32,64800000,12
disabled,32,64850000,12
disabled,32,64900000,12
disabled,32,64950000,12
disabled,32,65000000,12
disabled,32,65050000,12
disabled,32,65100000,12
disabled,32,65150000,12
disabled,32,65200000,12
disabled,32,65250000,12
disabled,32,65300000,12
disabled,32,65350000,12
disabled,32,65400000,12
disabled,32,65450000,12
disabled,32,65500000,12
disabled,32,65550000,12
disabled,32,65600000,12
disabled,32,65650000,12
disabled,32,65700000,12
disabled,32,65750000,12
disabled,32,65800000,12
disabled,32,65850000,12
disabled,32,65900000,12
disabled,32,65950000,12
disabled,32,66000000,12
disabled,32,66050000,12
disabled,32,66100000,12
disabled,32,66150000,12
disabled,32,66200000,12
disabled,32,66250000,12
disabled,32,66300000,12
disabled,32,66350000,12
disabled,32,66400000,12
disabled,32,66450000,12
disabled,32,66500000,12
disabled,32,66550000,12
disabled,32,66600000,12
disabled,32,66650000,12
disabled,32,66700000,12
disabled,32,66750000,12
disabled,32,66800000,12
disabled,32,66850000,12
disabled,32,66900000,12
disabled,32,66950000,12
disabled,32,67000000,12
disabled,32,67050000,12
disabled,32,67100000,12
disabled,32,67150000,12
disabled,32,67200000,12
disabled,32,67250000,12
disabled,32,67300000,12
disabled,32,67350000,12
disabled,32,67400000,12
disabled,32,67450000,12
disabled,32,67500000,12
disabled,32,67550000,12
disabled,32,67600000,12
disabled,32,67650000,12
disabled,32,67700000,12
disabled,32,67750000,12
disabled,32,67800000,12
disabled,32,67850000,12
disabled,32,67900000,12
disabled,32,67950000,12
disabled,32,68000000,12
disabled,32,68050000,12
disabled,32,68100000,12
disabled,32,68150000,12
disabled,32,68200000,12
disabled,32,68250000,12
disabled,32,68300000,12
disabled,32,68350000,12
disabled,32,68400000,12
disabled,32,68450000,12
disabled,32,68500000,12
disabled,32,68550000,12
disabled,32,68600000,12
disabled,32,68650000,12
disabled,32,68700000,12
disabled,32,68750000,12
disabled,32,68800000,12
disabled,32,68850000,12
disabled,32,68900000,12
disabled,32,68950000,12
disabled,32,69000000,12
disabled,32,69050000,12
disabled,32,69100000,12
disabled,32,69150000,12
disabled,32,69200000,12
disabled,32,69250000,12
disabled,32,69300000,12
disabled,32,69350000,12
disabled,32,69400000,12
disabled,32,69450000,12
disabled,32,69500000,12
disabled,32,69550000,12
disabled,32,69600000,12
disabled,32,69650000,12
disabled,32,69700000,12
disabled,32,69750000,12
disabled,32,69800000,12
disabled,32,69850000,12
disabled,32,69900000,12
disabled,32,69950000,12
disabled,32,70000000,12
disabled,32,70050000,12
disabled,32,70100000,12
disabled,32,70150000,12
disabled,32,70200000,12
disabled,32,70250000,12
disabled,32,70300000,12
disabled,32,70350000,12
disabled,32,70400000,12
disabled,32,70450000,12
disabled,32,70500000,12
disabled,32,70550000,12
disabled,32,70600000,12
disabled,32,70650000,12
disabled,32,70700000,12
disabled,32,70750000,12
disabled,32,70800000,12
disabled,32,70850000,12
disabled,32,70900000,12
disabled,32,70950000,12
disabled,32,71000000,12
disabled,32,71050000,12
disabled,32,71100000,12
disabled,32,71150000,12
disabled,32,71200000,12
disabled,32,71250000,12
disabled,32,71300000,12
disabled,32,71350000,12
disabled,32,71400000,12
disabled,32,71450000,12
disabled,32,71500000,12
disabled,32,71550000,12
disabled,32,71600000,12
disabled,32,71650000,12
disabled,32,71700000,12
disabled,32,71750000,12
disabled,32,71800000,12
disabled,32,71850000,12
disabled,32,71900000,12
disabled,32,71950000,12
disabled,32,72000000,12
disabled,32,72050000,12
disabled,32,72100000,12
disabled,32,72150000,12
disabled,32,72200000,12
disabled,32,72250000,12
disabled,32,72300000,12
disabled,32,72350000,12
disabled,32,72400000,12
disabled,32,72450000,12
disabled,32,72500000,12
disabled,32,72550000,12
disabled,32,72600000,12
disabled,32,72650000,12
disabled,32,72700000,12
disabled,32,72750000,12
disabled,32,72800000,12
disabled,32,72850000,12
disabled,32,72900000,12
disabled,32,72950000,12
disabled,32,73000000,12
disabled,32,73050000,12
disabled,32,73100000,12
disabled,32,73150000,12
disabled,32,73200000,12
disabled,32,73250000,12
disabled,32,73300000,12
disabled,32,73350000,12
disabled,32,73400000,12
disabled,32,73450000,12
disabled,32,73500000,12
disabled,32,73550000,12
disabled,32,73600000,12
disabled,32,73650000,12
disabled,32,73700000,12
disabled,32,73750000,12
disabled,32,73800000,12
disabled,32,73850000,12
disabled,32,73900000,12
disabled,32,73950000,12
disabled,32,74000000,12
disabled,32,74050000,12
disabled,32,74100000,12
disabled,32,74150000,12
disabled,32,74200000,12
disabled,32,74250000,12
disabled,32,74300000,12
disabled,32,74350000,12
disabled,32,74400000,12
disabled,32,74450000,12
disabled,32,74500000,12
disabled,32,74550000,12
disabled,32,74600000,12
disabled,32,74650000,12
disabled,32,74700000,12
disabled,32,74750000,12
disabled,32,74800000,12
disabled,32,74850000,12
disabled,32,74900000,12
disabled,32,74950000,12
disabled,32,75000000,12
disabled,32,75050000,12
disabled,32,75100000,12
disabled,32,75150000,12
disabled,32,75200000,12
disabled,32,75250000,12
disabled,32,75300000,12
disabled,32,75350000,12
disabled,32,75400000,12
disabled,32,75450000,12
disabled,32,75500000,12
disabled,32,75550000,12
disabled,32,75600000,12
disabled,32,75650000,12
disabled,32,75700000,12
disabled,32,75750000,12
disabled,32,75800000,12
disabled,32,75850000,12
disabled,32,75900000,12
disabled,32,75950000,12
disabled,32,76000000,12
disabled,32,76050000,12
disabled,32,76100000,12
disabled,32,76150000,12
disabled,32,76200000,12
disabled,32,76250000,12
disabled,32,76300000,12
disabled,32,76350000,12
disabled,32,76400000,12
disabled,32,76450000,12
disabled,32,76500000,12
disabled,32,76550000,12
disabled,32,76600000,12
disabled,32,76650000,12
disabled,32,76700000,12
disabled,32,76750000,12
disabled,32,76800000,12
disabled,32,76850000,12
disabled,32,76900000,12
disabled,32,76950000,12
disabled,32,77000000,12
disabled,32,77050000,12
disabled,32,77100000,12
disabled,32,77150000,12
disabled,32,77200000,12
disabled,32,77250000,12
disabled,32,77300000,12
disabled,32,77350000,12
disabled,32,77400000,12
disabled,32,77450000,12
disabled,32,77500000,12
disabled,32,77550000,12
disabled,32,77600000,12
disabled,32,77650000,12
disabled,32,77700000,12
disabled,32,77750000,12
disabled,32,77800000,12
disabled,32,77850000,12
disabled,32,77900000,12
disabled,32,77950000,12
disabled,32,78000000,12
disabled,32,78050000,12
disabled,32,78100000,12
disabled,32,78150000,12
disabled,32,78200000,12
disabled,32,78250000,12
disabled,32,78300000,12
disabled,32,78350000,12
disabled,32,78400000,12
disabled,32,78450000,12
disabled,32,78500000,12
disabled,32,78550000,12
disabled,32,78600000,12
disabled,32,78650000,12
disabled,32,78700000,12
disabled,32,78750000,12
disabled,32,78800000,12
disabled,32,78850000,12
disabled,32,78900000,12
disabled,32,78950000,12
disabled,32,79000000,12
disabled,32,79050000,12
disabled,32,79100000,12
disabled,32,79150000,12
disabled,32,79200000,12
disabled,32,79250000,12
disabled,32,79300000,12
disabled,32,79350000,12
disabled,32,79400000,12
disabled,32,79450000,12
disabled,32,79500000,12
disabled,32,79550000,12
disabled,32,79600000,12
disabled,32,79650000,12
disabled,32,79700000,12
disabled,32,79750000,12
disabled,32,79800000,12
disabled,32,79850000,12
disabled,32,79900000,12
disabled,32,79950000,12
marginal-hits,256,50000,121
marginal-hits,256,100000,116
marginal-hits,256,150000,111
marginal-hits,256,200000,107
marginal-hits,256,250000,104
marginal-hits,256,300000,101
marginal-hits,256,350000,99
marginal-hits,256,400000,98
marginal-hits,256,450000,97
marginal-hits,256,500000,95
marginal-hits,256,550000,93
marginal-hits,256,600000,92
marginal-hits,256,650000,91
marginal-hits,256,700000,89
marginal-hits,256,750000,89
marginal-hits,256,800000,89
marginal-hits,256,850000,89
marginal-hits,256,900000,89
marginal-hits,256,950000,89
marginal-hits,256,1000000,89
marginal-hits,256,1050000,89
marginal-hits,256,1100000,89
marginal-hits,256,1150000,89
marginal-hits,256,1200000,88
marginal-hits,256,1250000,88
marginal-hits,256,1300000,88
marginal-hits,256,1350000,88
marginal-hits,256,1400000,88
marginal-hits,256,1450000,88
marginal-hits,256,1500000,87
marginal-hits,256,1550000,87
marginal-hits,256,1600000,87
marginal-hits,256,1650000,87
marginal-hits,256,1700000,87
marginal-hits,256,1750000,87
marginal-hits,256,1800000,86
marginal-hits,256,1850000,87
marginal-hits,256,1900000,86
marginal-hits,256,1950000,86
marginal-hits,256,2000000,85
marginal-hits,256,2050000,86
marginal-hits,256,2100000,86
marginal-hits,256,2150000,85
marginal-hits,256,2200000,85
marginal-hits,256,2250000,85
marginal-hits,256,2300000,84
marginal-hits,256,2350000,85
marginal-hits,256,2400000,85
marginal-hits,256,2450000,84
marginal-hits,256,2500000,85
marginal-hits,256,2550000,84
marginal-hits,256,2600000,84
marginal-hits,256,2650000,84
marginal-hits,256,2700000,84
marginal-hits,256,2750000,84
marginal-hits,256,2800000,84
marginal-hits,256,2850000,85
marginal-hits,256,2900000,85
marginal-hits,256,2950000,84
marginal-hits,256,3000000,83
marginal-hits,256,3050000,82
marginal-hits,256,3100000,81
marginal-hits,256,3150000,80
marginal-hits,256,3200000,79
marginal-hits,256,3250000,78
marginal-hits,256,3300000,77
marginal-hits,256,3350000,76
marginal-hits,256,3400000,75
marginal-hits,256,3450000,74
marginal-hits,256,3500000,73
marginal-hits,256,3550000,73
marginal-hits,256,3600000,72
marginal-hits,256,3650000,71
marginal-hits,256,3700000,70
marginal-hits,256,3750000,69
marginal-hits,256,3800000,68
marginal-hits,256,3850000,67
marginal-hits,256,3900000,66
marginal-hits,256,3950000,66
marginal-hits,256,4000000,65
marginal-hits,256,4050000,64
marginal-hits,256,4100000,64
marginal-hits,256,4150000,63
marginal-hits,256,4200000,62
marginal-hits,256,4250000,62
marginal-hits,256,4300000,61
marginal-hits,256,4350000,60
marginal-hits,256,4400000,60
marginal-hits,256,4450000,59
marginal-hits,256,4500000,58
marginal-hits,256,4550000,58
marginal-hits,256,4600000,57
marginal-hits,256,4650000,56
marginal-hits,256,4700000,56
marginal-hits,256,4750000,55
marginal-hits,256,4800000,55
marginal-hits,256,4850000,54
marginal-hits,256,4900000,53
marginal-hits,256,4950000,53
marginal-hits,256,5000000,53
marginal-hits,256,5050000,52
marginal-hits,256,5100000,51
marginal-hits,256,5150000,51
marginal-hits,256,5200000,50
marginal-hits,256,5250000,50
marginal-hits,256,5300000,49
marginal-hits,256,5350000,48
marginal-hits,256,5400000,48
marginal-hits,256,5450000,48
marginal-hits,256,5500000,48
marginal-hits,256,5550000,47
marginal-hits,256,5600000,46
marginal-hits,256,5650000,46
marginal-hits,256,5700000,45
marginal-hits,256,5750000,45
marginal-hits,256,5800000,44
marginal-hits,256,5850000,43
marginal-hits,256,5900000,43
marginal-hits,256,5950000,43
marginal-hits,256,6000000,43
marginal-hits,256,6050000,42
marginal-hits,256,6100000,42
marginal-hits,256,6150000,41
marginal-hits,256,6200000,40
marginal-hits,256,6250000,40
marginal-hits,256,6300000,40
marginal-hits,256,6350000,40
marginal-hits,256,6400000,39
marginal-hits,256,6450000,39
marginal-hits,256,6500000,38
marginal-hits,256,6550000,38
marginal-hits,256,6600000,37
marginal-hits,256,6650000,37
marginal-hits,256,6700000,37
marginal-hits,256,6750000,37
marginal-hits,256,6800000,36
marginal-hits,256,6850000,36
marginal-hits,256,6900000,36
marginal-hits,256,6950000,35
marginal-hits,256,7000000,34
marginal-hits,256,7050000,34
marginal-hits,256,7100000,34
marginal-hits,256,7150000,34
marginal-hits,256,7200000,33
marginal-hits,256,7250000,33
marginal-hits,256,7300000,33
marginal-hits,256,7350000,33
marginal-hits,256,7400000,32
marginal-hits,256,7450000,32
marginal-hits,256,7500000,31
marginal-hits,256,7550000,31
marginal-hits,256,7600000,30
marginal-hits,256,7650000,30
marginal-hits,256,7700000,30
marginal-hits,256,7750000,30
marginal-hits,256,7800000,30
marginal-hits,256,7850000,29
marginal-hits,256,7900000,29
marginal-hits,256,7950000,29
marginal-hits,256,8000000,29
marginal-hits,256,8050000,28
marginal-hits,256,8100000,28
marginal-hits,256,8150000,28
marginal-hits,256,8200000,28
marginal-hits,256,8250000,27
marginal-hits,256,8300000,26
marginal-hits,256,8350000,26
marginal-hits,256,8400000,26
marginal-hits,256,8450000,26
marginal-hits,256,8500000,26
marginal-hits,256,8550000,25
marginal-hits,256,8600000,25
marginal-hits,256,8650000,25
marginal-hits,256,8700000,25
marginal-hits,256,8750000,24
marginal-hits,256,8800000,24
marginal-hits,256,8850000,24
marginal-hits,256,8900000,24
marginal-hits,256,8950000,24
marginal-hits,256,9000000,24
marginal-hits,256,9050000,23
marginal-hits,256,9100000,23
marginal-hits,256,9150000,23
marginal-hits,256,9200000,23
marginal-hits,256,9250000,23
marginal-hits,256,9300000,22
marginal-hits,256,9350000,22
marginal-hits,256,9400000,22
marginal-hits,256,9450000,22
marginal-hits,256,9500000,22
marginal-hits,256,9550000,21
marginal-hits,256,9600000,21
marginal-hits,256,9650000,21
marginal-hits,256,9700000,21
marginal-hits,256,9750000,21
marginal-hits,256,9800000,21
marginal-hits,256,9850000,20
marginal-hits,256,9900000,20
marginal-hits,256,9950000,20
marginal-hits,256,10000000,20
marginal-hits,256,10050000,20
marginal-hits,256,10100000,19
marginal-hits,256,10150000,19
marginal-hits,256,10200000,19
marginal-hits,256,10250000,19
marginal-hits,256,10300000,19
marginal-hits,256,10350000,19
marginal-hits,256,10400000,18
marginal-hits,256,10450000,18
marginal-hits,256,10500000,18
marginal-hits,256,10550000,18
marginal-hits,256,10600000,18
marginal-hits,256,10650000,18
marginal-hits,256,10700000,18
marginal-hits,256,10750000,17
marginal-hits,256,10800000,17
marginal-hits,256,10850000,17
marginal-hits,256,10900000,17
marginal-hits,256,10950000,17
marginal-hits,256,11000000,17
marginal-hits,256,11050000,16
marginal-hits,256,11100000,16
marginal-hits,256,11150000,16
marginal-hits,256,11200000,16
marginal-hits,256,11250000,16
marginal-hits,256,11300000,16
marginal-hits,256,11350000,16
marginal-hits,256,11400000,15
marginal-hits,256,11450000,15
marginal-hits,256,11500000,15
marginal-hits,256,11550000,15
marginal-hits,256,11600000,15
marginal-hits,256,11650000,15
marginal-hits,256,11700000,15
marginal-hits,256,11750000,15
marginal-hits,256,11800000,16
marginal-hits,256,11850000,17
marginal-hits,256,11900000,16
marginal-hits,256,11950000,16
marginal-hits,256,12000000,16
marginal-hits,256,12050000,17
marginal-hits,256,12100000,16
marginal-hits,256,12150000,15
marginal-hits,256,12200000,14
marginal-hits,256,12250000,14
marginal-hits,256,12300000,14
marginal-hits,256,12350000,13
marginal-hits,256,12400000,14
marginal-hits,256,12450000,13
marginal-hits,256,12500000,12
marginal-hits,256,12550000,12
marginal-hits,256,12600000,12
marginal-hits,256,12650000,12
marginal-hits,256,12700000,12
marginal-hits,256,12750000,12
marginal-hits,256,12800000,12
marginal-hits,256,12850000,12
marginal-hits,256,12900000,12
marginal-hits,256,12950000,12
marginal-hits,256,13000000,13
marginal-hits,256,13050000,13
marginal-hits,256,13100000,13
marginal-hits,256,13150000,13
marginal-hits,256,13200000,12
marginal-hits,256,13250000,12
marginal-hits,256,13300000,11
marginal-hits,256,13350000,11
marginal-hits,256,13400000,11
marginal-hits,256,13450000,10
marginal-hits,256,13500000,10
marginal-hits,256,13550000,10
marginal-hits,256,13600000,10
marginal-hits,256,13650000,10
marginal-hits,256,13700000,10
marginal-hits,256,13750000,9
marginal-hits,256,13800000,9
marginal-hits,256,13850000,9
marginal-hits,256,13900000,9
marginal-hits,256,13950000,9
marginal-hits,256,14000000,9
marginal-hits,256,14050000,9
marginal-hits,256,14100000,10
marginal-hits,256,14150000,10
marginal-hits,256,14200000,9
marginal-hits,256,14250000,10
marginal-hits,256,14300000,9
marginal-hits,256,14350000,9
marginal-hits,256,14400000,9
marginal-hits,256,14450000,9
marginal-hits,256,14500000,9
marginal-hits,256,14550000,9
marginal-hits,256,14600000,10
marginal-hits,256,14650000,9
marginal-hits,256,14700000,9
marginal-hits,256,14750000,10
marginal-hits,256,14800000,9
marginal-hits,256,14850000,10
marginal-hits,256,14900000,9
marginal-hits,256,14950000,9
marginal-hits,256,15000000,8
marginal-hits,256,15050000,7
marginal-hits,256,15100000,7
marginal-hits,256,15150000,7
marginal-hits,256,15200000,6
marginal-hits,256,15250000,6
marginal-hits,256,15300000,6
marginal-hits,256,15350000,6
marginal-hits,256,15400000,7
marginal-hits,256,15450000,6
marginal-hits,256,15500000,7
marginal-hits,256,15550000,8
marginal-hits,256,15600000,8
marginal-hits,256,15650000,7
marginal-hits,256,15700000,6
marginal-hits,256,15750000,5
marginal-hits,256,15800000,5
marginal-hits,256,15850000,5
marginal-hits,256,15900000,5
marginal-hits,256,15950000,6
marginal-hits,256,16000000,5
marginal-hits,256,16050000,5
marginal-hits,256,16100000,5
marginal-hits,256,16150000,5
marginal-hits,256,16200000,6
marginal-hits,256,16250000,7
marginal-hits,256,16300000,6
marginal-hits,256,16350000,5
marginal-hits,256,16400000,6
marginal-hits,256,16450000,6
marginal-hits,256,16500000,5
marginal-hits,256,16550000,5
marginal-hits,256,16600000,4
marginal-hits,256,16650000,5
marginal-hits,256,16700000,4
marginal-hits,256,16750000,5
marginal-hits,256,16800000,4
marginal-hits,256,16850000,4
marginal-hits,256,16900000,4
marginal-hits,256,16950000,4
marginal-hits,256,17000000,3
marginal-hits,256,17050000,3
marginal-hits,256,17100000,3
marginal-hits,256,17150000,3
marginal-hits,256,17200000,4
marginal-hits,256,17250000,4
marginal-hits,256,17300000,4
marginal-hits,256,17350000,5
marginal-hits,256,17400000,6
marginal-hits,256,17450000,6
marginal-hits,256,17500000,6
marginal-hits,256,17550000,5
marginal-hits,256,17600000,4
marginal-hits,256,17650000,4
marginal-hits,256,17700000,3
marginal-hits,256,17750000,3
marginal-hits,256,17800000,2
marginal-hits,256,17850000,3
marginal-hits,256,17900000,2
marginal-hits,256,17950000,3
marginal-hits,256,18000000,4
marginal-hits,256,18050000,5
marginal-hits,256,18100000,6
marginal-hits,256,18150000,5
marginal-hits,256,18200000,4
marginal-hits,256,18250000,3
marginal-hits,256,18300000,2
marginal-hits,256,18350000,3
marginal-hits,256,18400000,3
marginal-hits,256,18450000,3
marginal-hits,256,18500000,3
marginal-hits,256,18550000,2
marginal-hits,256,18600000,3
marginal-hits,256,18650000,4
marginal-hits,256,18700000,3
marginal-hits,256,18750000,4
marginal-hits,256,18800000,5
marginal-hits,256,18850000,4
marginal-hits,256,18900000,3
marginal-hits,256,18950000,3
marginal-hits,256,19000000,3
marginal-hits,256,19050000,4
marginal-hits,256,19100000,5
marginal-hits,256,19150000,5
marginal-hits,256,19200000,4
marginal-hits,256,19250000,3
marginal-hits,256,19300000,4
marginal-hits,256,19350000,3
marginal-hits,256,19400000,4
marginal-hits,256,19450000,5
marginal-hits,256,19500000,5
marginal-hits,256,19550000,6
marginal-hits,256,19600000,7
marginal-hits,256,19650000,8
marginal-hits,256,19700000,9
marginal-hits,256,19750000,9
marginal-hits,256,19800000,8
marginal-hits,256,19850000,7
marginal-hits,256,19900000,7
marginal-hits,256,19950000,7
marginal-hits,256,20000000,7
marginal-hits,256,20050000,7
marginal-hits,256,20100000,7
marginal-hits,256,20150000,7
marginal-hits,256,20200000,7
marginal-hits,256,20250000,6
marginal-hits,256,20300000,5
marginal-hits,256,20350000,5
marginal-hits,256,20400000,6
marginal-hits,256,20450000,5
marginal-hits,256,20500000,4
marginal-hits,256,20550000,3
marginal-hits,256,20600000,4
marginal-hits,256,20650000,3
marginal-hits,256,20700000,4
marginal-hits,256,20750000,3
marginal-hits,256,20800000,3
marginal-hits,256,20850000,3
marginal-hits,256,20900000,4
marginal-hits,256,20950000,4
marginal-hits,256,21000000,3
marginal-hits,256,21050000,3
marginal-hits,256,21100000,3
marginal-hits,256,21150000,4
marginal-hits,256,21200000,4
marginal-hits,256,21250000,4
marginal-hits,256,21300000,4
marginal-hits,256,21350000,5
marginal-hits,256,21400000,4
marginal-hits,256,21450000,4
marginal-hits,256,21500000,4
marginal-hits,256,21550000,5
marginal-hits,256,21600000,6
marginal-hits,256,21650000,5
marginal-hits,256,21700000,4
marginal-hits,256,21750000,5
marginal-hits,256,21800000,5
marginal-hits,256,21850000,5
marginal-hits,256,21900000,5
marginal-hits,256,21950000,6
marginal-hits,256,22000000,5
marginal-hits,256,22050000,5
marginal-hits,256,22100000,5
marginal-hits,256,22150000,6
marginal-hits,256,22200000,7
marginal-hits,256,22250000,8
marginal-hits,256,22300000,7
marginal-hits,256,22350000,6
marginal-hits,256,22400000,5
marginal-hits,256,22450000,5
marginal-hits,256,22500000,5
marginal-hits,256,22550000,6
marginal-hits,256,22600000,5
marginal-hits,256,22650000,6
marginal-hits,256,22700000,7
marginal-hits,256,22750000,6
marginal-hits,256,22800000,6
marginal-hits,256,22850000,6
marginal-hits,256,22900000,5
marginal-hits,256,22950000,5
marginal-hits,256,23000000,5
marginal-hits,256,23050000,5
marginal-hits,256,23100000,5
marginal-hits,256,23150000,6
marginal-hits,256,23200000,6
marginal-hits,256,23250000,6
marginal-hits,256,23300000,5
marginal-hits,256,23350000,5
marginal-hits,256,23400000,5
marginal-hits,256,23450000,6
marginal-hits,256,23500000,7
marginal-hits,256,23550000,7
marginal-hits,256,23600000,6
marginal-hits,256,23650000,6
marginal-hits,256,23700000,6
marginal-hits,256,23750000,7
marginal-hits,256,23800000,7
marginal-hits,256,23850000,6
marginal-hits,256,23900000,6
marginal-hits,256,23950000,6
marginal-hits,256,24000000,6
marginal-hits,256,24050000,6
marginal-hits,256,24100000,6
marginal-hits,256,24150000,6
marginal-hits,256,24200000,6
marginal-hits,256,24250000,6
marginal-hits,256,24300000,5
marginal-hits,256,24350000,6
marginal-hits,256,24400000,6
marginal-hits,256,24450000,6
marginal-hits,256,24500000,6
marginal-hits,256,24550000,6
marginal-hits,256,24600000,6
marginal-hits,256,24650000,7
marginal-hits,256,24700000,8
marginal-hits,256,24750000,8
marginal-hits,256,24800000,7
marginal-hits,256,24850000,8
marginal-hits,256,24900000,7
marginal-hits,256,24950000,7
marginal-hits,256,25000000,8
marginal-hits,256,25050000,8
marginal-hits,256,25100000,8
marginal-hits,256,25150000,7
marginal-hits,256,25200000,8
marginal-hits,256,25250000,7
marginal-hits,256,25300000,7
marginal-hits,256,25350000,7
marginal-hits,256,25400000,8
marginal-hits,256,25450000,9
marginal-hits,256,25500000,10
marginal-hits,256,25550000,11
marginal-hits,256,25600000,10
marginal-hits,256,25650000,11
marginal-hits,256,25700000,10
marginal-hits,256,25750000,9
marginal-hits,256,25800000,8
marginal-hits,256,25850000,8
marginal-hits,256,25900000,7
marginal-hits,256,25950000,7
marginal-hits,256,26000000,7
marginal-hits,256,26050000,7
marginal-hits,256,26100000,7
marginal-hits,256,26150000,7
marginal-hits,256,26200000,7
marginal-hits,256,26250000,7
marginal-hits,256,26300000,7
marginal-hits,256,26350000,7
marginal-hits,256,26400000,8
marginal-hits,256,26450000,8
marginal-hits,256,26500000,7
marginal-hits,256,26550000,7
marginal-hits,256,26600000,7
marginal-hits,256,26650000,7
marginal-hits,256,26700000,7
marginal-hits,256,26750000,7
marginal-hits,256,26800000,8
marginal-hits,256,26850000,8
marginal-hits,256,26900000,9
marginal-hits,256,26950000,10
marginal-hits,256,27000000,10
marginal-hits,256,27050000,10
marginal-hits,256,27100000,9
marginal-hits,256,27150000,8
marginal-hits,256,27200000,9
marginal-hits,256,27250000,9
marginal-hits,256,27300000,10
marginal-hits,256,27350000,10
marginal-hits,256,27400000,9
marginal-hits,256,27450000,9
marginal-hits,256,27500000,9
marginal-hits,256,27550000,9
marginal-hits,256,27600000,9
marginal-hits,256,27650000,9
marginal-hits,256,27700000,8
marginal-hits,256,27750000,8
marginal-hits,256,27800000,8
marginal-hits,256,27850000,8
marginal-hits,256,27900000,8
marginal-hits,256,27950000,8
marginal-hits,256,28000000,8
marginal-hits,256,28050000,8
marginal-hits,256,28100000,8
marginal-hits,256,28150000,8
marginal-hits,256,28200000,9
marginal-hits,256,28250000,9
marginal-hits,256,28300000,8
marginal-hits,256,28350000,8
marginal-hits,256,28400000,8
marginal-hits,256,28450000,8
marginal-hits,256,28500000,8
marginal-hits,256,28550000,8
marginal-hits,256,28600000,8
marginal-hits,256,28650000,8
marginal-hits,256,28700000,8
marginal-hits,256,28750000,8
marginal-hits,256,28800000,8
marginal-hits,256,28850000,8
marginal-hits,256,28900000,8
marginal-hits,256,28950000,9
marginal-hits,256,29000000,10
marginal-hits,256,29050000,11
marginal-hits,256,29100000,10
marginal-hits,256,29150000,9
marginal-hits,256,29200000,9
marginal-hits,256,29250000,10
marginal-hits,256,29300000,10
marginal-hits,256,29350000,9
marginal-hits,256,29400000,9
marginal-hits,256,29450000,9
marginal-hits,256,29500000,9
marginal-hits,256,29550000,9
marginal-hits,256,29600000,9
marginal-hits,256,29650000,9
marginal-hits,256,29700000,9
marginal-hits,256,29750000,9
marginal-hits,256,29800000,9
marginal-hits,256,29850000,8
marginal-hits,256,29900000,8
marginal-hits,256,29950000,7
marginal-hits,256,30000000,7
marginal-hits,256,30050000,7
marginal-hits,256,30100000,8
marginal-hits,256,30150000,8
marginal-hits,256,30200000,8
marginal-hits,256,30250000,8
marginal-hits,256,30300000,8
marginal-hits,256,30350000,8
marginal-hits,256,30400000,8
marginal-hits,256,30450000,8
marginal-hits,256,30500000,8
marginal-hits,256,30550000,8
marginal-hits,256,30600000,8
marginal-hits,256,30650000,8
marginal-hits,256,30700000,8
marginal-hits,256,30750000,8
marginal-hits,256,30800000,8
marginal-hits,256,30850000,8
marginal-hits,256,30900000,8
marginal-hits,256,30950000,8
marginal-hits,256,31000000,8
marginal-hits,256,31050000,8
marginal-hits,256,31100000,8
marginal-hits,256,31150000,8
marginal-hits,256,31200000,9
marginal-hits,256,31250000,8
marginal-hits,256,31300000,8
marginal-hits,256,31350000,9
marginal-hits,256,31400000,8
marginal-hits,256,31450000,9
marginal-hits,256,31500000,10
marginal-hits,256,31550000,10
marginal-hits,256,31600000,9
marginal-hits,256,31650000,9
marginal-hits,256,31700000,9
marginal-hits,256,31750000,10
marginal-hits,256,31800000,9
marginal-hits,256,31850000,9
marginal-hits,256,31900000,9
marginal-hits,256,31950000,9
marginal-hits,256,32000000,10
marginal-hits,256,32050000,9
marginal-hits,256,32100000,9
marginal-hits,256,32150000,10
marginal-hits,256,32200000,9
marginal-hits,256,32250000,10
marginal-hits,256,32300000,10
marginal-hits,256,32350000,9
marginal-hits,256,32400000,9
marginal-hits,256,32450000,8
marginal-hits,256,32500000,9
marginal-hits,256,32550000,9
marginal-hits,256,32600000,9
marginal-hits,256,32650000,9
marginal-hits,256,32700000,9
marginal-hits,256,32750000,8
marginal-hits,256,32800000,9
marginal-hits,256,32850000,9
marginal-hits,256,32900000,9
marginal-hits,256,32950000,9
marginal-hits,256,33000000,10
marginal-hits,256,33050000,9
marginal-hits,256,33100000,9
marginal-hits,256,33150000,9
marginal-hits,256,33200000,9
marginal-hits,256,33250000,10
marginal-hits,256,33300000,11
marginal-hits,256,33350000,11
marginal-hits,256,33400000,10
marginal-hits,256,33450000,9
marginal-hits,256,33500000,9
marginal-hits,256,33550000,9
marginal-hits,256,33600000,9
marginal-hits,256,33650000,9
marginal-hits,256,33700000,10
marginal-hits,256,33750000,10
marginal-hits,256,33800000,11
marginal-hits,256,33850000,12
marginal-hits,256,33900000,12
marginal-hits,256,33950000,11
marginal-hits,256,34000000,10
marginal-hits,256,34050000,10
marginal-hits,256,34100000,9
marginal-hits,256,34150000,9
marginal-hits,256,34200000,9
marginal-hits,256,34250000,9
marginal-hits,256,34300000,9
marginal-hits,256,34350000,9
marginal-hits,256,34400000,9
marginal-hits,256,34450000,10
marginal-hits,256,34500000,10
marginal-hits,256,34550000,10
marginal-hits,256,34600000,10
marginal-hits,256,34650000,10
marginal-hits,256,34700000,10
marginal-hits,256,34750000,10
marginal-hits,256,34800000,10
marginal-hits,256,34850000,10
marginal-hits,256,34900000,10
marginal-hits,256,34950000,10
marginal-hits,256,35000000,11
marginal-hits,256,35050000,10
marginal-hits,256,35100000,10
marginal-hits,256,35150000,10
marginal-hits,256,35200000,10
marginal-hits,256,35250000,10
marginal-hits,256,35300000,10
marginal-hits,256,35350000,10
marginal-hits,256,35400000,10
marginal-hits,256,35450000,11
marginal-hits,256,35500000,10
marginal-hits,256,35550000,10
marginal-hits,256,35600000,10
marginal-hits,256,35650000,10
marginal-hits,256,35700000,10
marginal-hits,256,35750000,10
marginal-hits,256,35800000,10
marginal-hits,256,35850000,10
marginal-hits,256,35900000,10
marginal-hits,256,35950000,10
marginal-hits,256,36000000,10
marginal-hits,256,36050000,10
marginal-hits,256,36100000,10
marginal-hits,256,36150000,11
marginal-hits,256,36200000,10
marginal-hits,256,36250000,10
marginal-hits,256,36300000,10
marginal-hits,256,36350000,10
marginal-hits,256,36400000,10
marginal-hits,256,36450000,10
marginal-hits,256,36500000,10
marginal-hits,256,36550000,10
marginal-hits,256,36600000,10
marginal-hits,256,36650000,10
marginal-hits,256,36700000,10
marginal-hits,256,36750000,10
marginal-hits,256,36800000,10
marginal-hits,256,36850000,10
marginal-hits,256,36900000,10
marginal-hits,256,36950000,10
marginal-hits,256,37000000,10
marginal-hits,256,37050000,10
marginal-hits,256,37100000,10
marginal-hits,256,37150000,10
marginal-hits,256,37200000,10
marginal-hits,256,37250000,10
marginal-hits,256,37300000,10
marginal-hits,256,37350000,10
marginal-hits,256,37400000,10
marginal-hits,256,37450000,10
marginal-hits,256,37500000,10
marginal-hits,256,37550000,10
marginal-hits,256,37600000,10
marginal-hits,256,37650000,10
marginal-hits,256,37700000,10
marginal-hits,256,37750000,10
marginal-hits,256,37800000,10
marginal-hits,256,37850000,10
marginal-hits,256,37900000,10
marginal-hits,256,37950000,10
marginal-hits,256,38000000,10
marginal-hits,256,38050000,10
marginal-hits,256,38100000,10
marginal-hits,256,38150000,10
marginal-hits,256,38200000,10
marginal-hits,256,38250000,10
marginal-hits,256,38300000,10
marginal-hits,256,38350000,10
marginal-hits,256,38400000,10
marginal-hits,256,38450000,10
marginal-hits,256,38500000,10
marginal-hits,256,38550000,10
marginal-hits,256,38600000,10
marginal-hits,256,38650000,10
marginal-hits,256,38700000,10
marginal-hits,256,38750000,10
marginal-hits,256,38800000,10
marginal-hits,256,38850000,11
marginal-hits,256,38900000,11
marginal-hits,256,38950000,11
marginal-hits,256,39000000,11
marginal-hits,256,39050000,11
marginal-hits,256,39100000,11
marginal-hits,256,39150000,11
marginal-hits,256,39200000,11
marginal-hits,256,39250000,11
marginal-hits,256,39300000,12
marginal-hits,256,39350000,12
marginal-hits,256,39400000,11
marginal-hits,256,39450000,12
marginal-hits,256,39500000,13
marginal-hits,256,39550000,12
marginal-hits,256,39600000,12
marginal-hits,256,39650000,11
marginal-hits,256,39700000,12
marginal-hits,256,39750000,11
marginal-hits,256,39800000,12
marginal-hits,256,39850000,12
marginal-hits,256,39900000,11
marginal-hits,256,39950000,11
marginal-hits,256,40000000,12
marginal-hits,256,40050000,11
marginal-hits,256,40100000,11
marginal-hits,256,40150000,11
marginal-hits,256,40200000,11
marginal-hits,256,40250000,11
marginal-hits,256,40300000,11
marginal-hits,256,40350000,11
marginal-hits,256,40400000,11
marginal-hits,256,40450000,11
marginal-hits,256,40500000,11
marginal-hits,256,40550000,11
marginal-hits,256,40600000,11
marginal-hits,256,40650000,11
marginal-hits,256,40700000,11
marginal-hits,256,40750000,11
marginal-hits,256,40800000,11
marginal-hits,256,40850000,11
marginal-hits,256,40900000,11
marginal-hits,256,40950000,11
marginal-hits,256,41000000,11
marginal-hits,256,41050000,11
marginal-hits,256,41100000,11
marginal-hits,256,41150000,11
marginal-hits,256,41200000,11
marginal-hits,256,41250000,11
marginal-hits,256,41300000,11
marginal-hits,256,41350000,10
marginal-hits,256,41400000,11
marginal-hits,256,41450000,11
marginal-hits,256,41500000,10
marginal-hits,256,41550000,11
marginal-hits,256,41600000,11
marginal-hits,256,41650000,11
marginal-hits,256,41700000,11
marginal-hits,256,41750000,11
marginal-hits,256,41800000,11
marginal-hits,256,41850000,10
marginal-hits,256,41900000,10
marginal-hits,256,41950000,11
marginal-hits,256,42000000,11
marginal-hits,256,42050000,11
marginal-hits,256,42100000,11
marginal-hits,256,42150000,10
marginal-hits,256,42200000,10
marginal-hits,256,42250000,10
marginal-hits,256,42300000,11
marginal-hits,256,42350000,11
marginal-hits,256,42400000,11
marginal-hits,256,42450000,11
marginal-hits,256,42500000,11
marginal-hits,256,42550000,10
marginal-hits,256,42600000,11
marginal-hits,256,42650000,11
marginal-hits,256,42700000,11
marginal-hits,256,42750000,11
marginal-hits,256,42800000,10
marginal-hits,256,42850000,10
marginal-hits,256,42900000,11
marginal-hits,256,42950000,10
marginal-hits,256,43000000,10
marginal-hits,256,43050000,9
marginal-hits,256,43100000,9
marginal-hits,256,43150000,9
marginal-hits,256,43200000,9
marginal-hits,256,43250000,9
marginal-hits,256,43300000,9
marginal-hits,256,43350000,9
marginal-hits,256,43400000,10
marginal-hits,256,43450000,11
marginal-hits,256,43500000,11
marginal-hits,256,43550000,10
marginal-hits,256,43600000,10
marginal-hits,256,43650000,10
marginal-hits,256,43700000,10
marginal-hits,256,43750000,10
marginal-hits,256,43800000,9
marginal-hits,256,43850000,10
marginal-hits,256,43900000,10
marginal-hits,256,43950000,10
marginal-hits,256,44000000,10
marginal-hits,256,44050000,10
marginal-hits,256,44100000,10
marginal-hits,256,44150000,10
marginal-hits,256,44200000,10
marginal-hits,256,44250000,10
marginal-hits,256,44300000,10
marginal-hits,256,44350000,10
marginal-hits,256,44400000,10
marginal-hits,256,44450000,10
marginal-hits,256,44500000,10
marginal-hits,256,44550000,10
marginal-hits,256,44600000,10
marginal-hits,256,44650000,11
marginal-hits,256,44700000,11
marginal-hits,256,44750000,10
marginal-hits,256,44800000,10
marginal-hits,256,44850000,10
marginal-hits,256,44900000,10
marginal-hits,256,44950000,10
marginal-hits,256,45000000,10
marginal-hits,256,45050000,10
marginal-hits,256,45100000,10
marginal-hits,256,45150000,10
marginal-hits,256,45200000,10
marginal-hits,256,45250000,11
marginal-hits,256,45300000,11
marginal-hits,256,45350000,10
marginal-hits,256,45400000,10
marginal-hits,256,45450000,10
marginal-hits,256,45500000,10
marginal-hits,256,45550000,10
marginal-hits,256,45600000,11
marginal-hits,256,45650000,11
marginal-hits,256,45700000,11
marginal-hits,256,45750000,11
marginal-hits,256,45800000,11
marginal-hits,256,45850000,11
marginal-hits,256,45900000,11
marginal-hits,256,45950000,11
marginal-hits,256,46000000,11
marginal-hits,256,46050000,11
marginal-hits,256,46100000,11
marginal-hits,256,46150000,11
marginal-hits,256,46200000,11
marginal-hits,256,46250000,11
marginal-hits,256,46300000,10
marginal-hits,256,46350000,11
marginal-hits,256,46400000,11
marginal-hits,256,46450000,10
marginal-hits,256,46500000,10
marginal-hits,256,46550000,11
marginal-hits,256,46600000,11
marginal-hits,256,46650000,11
marginal-hits,256,46700000,11
marginal-hits,256,46750000,10
marginal-hits,256,46800000,11
marginal-hits,256,46850000,11
marginal-hits,256,46900000,11
marginal-hits,256,46950000,11
marginal-hits,256,47000000,11
marginal-hits,256,47050000,11
marginal-hits,256,47100000,11
marginal-hits,256,47150000,10
marginal-hits,256,47200000,10
marginal-hits,256,47250000,10
marginal-hits,256,47300000,11
marginal-hits,256,47350000,11
marginal-hits,256,47400000,11
marginal-hits,256,47450000,11
marginal-hits,256,47500000,11
marginal-hits,256,47550000,11
marginal-hits,256,47600000,12
marginal-hits,256,47650000,12
marginal-hits,256,47700000,12
marginal-hits,256,47750000,11
marginal-hits,256,47800000,11
marginal-hits,256,47850000,11
marginal-hits,256,47900000,12
marginal-hits,256,47950000,12
marginal-hits,256,48000000,12
marginal-hits,256,48050000,12
marginal-hits,256,48100000,12
marginal-hits,256,48150000,12
marginal-hits,256,48200000,12
marginal-hits,256,48250000,12
marginal-hits,256,48300000,12
marginal-hits,256,48350000,12
marginal-hits,256,48400000,12
marginal-hits,256,48450000,12
marginal-hits,256,48500000,12
marginal-hits,256,48550000,12
marginal-hits,256,48600000,12
marginal-hits,256,48650000,12
marginal-hits,256,48700000,12
marginal-hits,256,48750000,12
marginal-hits,256,48800000,12
marginal-hits,256,48850000,12
marginal-hits,256,48900000,12
marginal-hits,256,48950000,12
marginal-hits,256,49000000,12
marginal-hits,256,49050000,11
marginal-hits,256,49100000,11
marginal-hits,256,49150000,11
marginal-hits,256,49200000,12
marginal-hits,256,49250000,12
marginal-hits,256,49300000,12
marginal-hits,256,49350000,12
marginal-hits,256,49400000,12
marginal-hits,256,49450000,12
marginal-hits,256,49500000,12
marginal-hits,256,49550000,12
marginal-hits,256,49600000,12
marginal-hits,256,49650000,12
marginal-hits,256,49700000,12
marginal-hits,256,49750000,12
marginal-hits,256,49800000,12
marginal-hits,256,49850000,12
marginal-hits,256,49900000,12
marginal-hits,256,49950000,12
marginal-hits,256,50000000,12
marginal-hits,256,50050000,12
marginal-hits,256,50100000,12
marginal-hits,256,50150000,12
marginal-hits,256,50200000,12
marginal-hits,256,50250000,12
marginal-hits,256,50300000,12
marginal-hits,256,50350000,12
marginal-hits,256,50400000,12
marginal-hits,256,50450000,12
marginal-hits,256,50500000,12
marginal-hits,256,50550000,12
marginal-hits,256,50600000,12
marginal-hits,256,50650000,12
marginal-hits,256,50700000,12
marginal-hits,256,50750000,12
marginal-hits,256,50800000,12
marginal-hits,256,50850000,12
marginal-hits,256,50900000,12
marginal-hits,256,50950000,11
marginal-hits,256,51000000,11
marginal-hits,256,51050000,12
marginal-hits,256,51100000,11
marginal-hits,256,51150000,11
marginal-hits,256,51200000,12
marginal-hits,256,51250000,12
marginal-hits,256,51300000,12
marginal-hits,256,51350000,12
marginal-hits,256,51400000,12
marginal-hits,256,51450000,12
marginal-hits,256,51500000,12
marginal-hits,256,51550000,12
marginal-hits,256,51600000,12
marginal-hits,256,51650000,12
marginal-hits,256,51700000,12
marginal-hits,256,51750000,12
marginal-hits,256,51800000,11
marginal-hits,256,51850000,12
marginal-hits,256,51900000,11
marginal-hits,256,51950000,12
marginal-hits,256,52000000,12
marginal-hits,256,52050000,12
marginal-hits,256,52100000,12
marginal-hits,256,52150000,12
marginal-hits,256,52200000,12
marginal-hits,256,52250000,12
marginal-hits,256,52300000,12
marginal-hits,256,52350000,12
marginal-hits,256,52400000,12
marginal-hits,256,52450000,12
marginal-hits,256,52500000,12
marginal-hits,256,52550000,12
marginal-hits,256,52600000,12
marginal-hits,256,52650000,12
marginal-hits,256,52700000,12
marginal-hits,256,52750000,12
marginal-hits,256,52800000,12
marginal-hits,256,52850000,12
marginal-hits,256,52900000,12
marginal-hits,256,52950000,12
marginal-hits,256,53000000,12
marginal-hits,256,53050000,12
marginal-hits,256,53100000,12
marginal-hits,256,53150000,13
marginal-hits,256,53200000,12
marginal-hits,256,53250000,12
marginal-hits,256,53300000,12
marginal-hits,256,53350000,12
marginal-hits,256,53400000,12
marginal-hits,256,53450000,12
marginal-hits,256,53500000,12
marginal-hits,256,53550000,12
marginal-hits,256,53600000,12
marginal-hits,256,53650000,12
marginal-hits,256,53700000,12
marginal-hits,256,53750000,12
marginal-hits,256,53800000,11
marginal-hits,256,53850000,12
marginal-hits,256,53900000,12
marginal-hits,256,53950000,12
marginal-hits,256,54000000,13
marginal-hits,256,54050000,13
marginal-hits,256,54100000,12
marginal-hits,256,54150000,12
marginal-hits,256,54200000,12
marginal-hits,256,54250000,12
marginal-hits,256,54300000,12
marginal-hits,256,54350000,12
marginal-hits,256,54400000,12
marginal-hits,256,54450000,12
marginal-hits,256,54500000,12
marginal-hits,256,54550000,12
marginal-hits,256,54600000,12
marginal-hits,256,54650000,12
marginal-hits,256,54700000,12
marginal-hits,256,54750000,12
marginal-hits,256,54800000,12
marginal-hits,256,54850000,12
marginal-hits,256,54900000,12
marginal-hits,256,54950000,12
marginal-hits,256,55000000,12
marginal-hits,256,55050000,12
marginal-hits,256,55100000,12
marginal-hits,256,55150000,12
marginal-hits,256,55200000,12
marginal-hits,256,55250000,12
marginal-hits,256,55300000,12
marginal-hits,256,55350000,12
marginal-hits,256,55400000,12
marginal-hits,256,55450000,12
marginal-hits,256,55500000,12
marginal-hits,256,55550000,12
marginal-hits,256,55600000,12
marginal-hits,256,55650000,12
marginal-hits,256,55700000,12
marginal-hits,256,55750000,12
marginal-hits,256,55800000,12
marginal-hits,256,55850000,12
marginal-hits,256,55900000,12
marginal-hits,256,55950000,12
marginal-hits,256,56000000,12
marginal-hits,256,56050000,12
marginal-hits,256,56100000,12
marginal-hits,256,56150000,12
marginal-hits,256,56200000,13
marginal-hits,256,56250000,12
marginal-hits,256,56300000,12
marginal-hits,256,56350000,12
marginal-hits,256,56400000,12
marginal-hits,256,56450000,12
marginal-hits,256,56500000,12
marginal-hits,256,56550000,12
marginal-hits,256,56600000,13
marginal-hits,256,56650000,12
marginal-hits,256,56700000,12
marginal-hits,256,56750000,12
marginal-hits,256,56800000,12
marginal-hits,256,56850000,11
marginal-hits,256,56900000,12
marginal-hits,256,56950000,12
marginal-hits,256,57000000,12
marginal-hits,256,57050000,11
marginal-hits,256,57100000,12
marginal-hits,256,57150000,12
marginal-hits,256,57200000,12
marginal-hits,256,57250000,12
marginal-hits,256,57300000,12
marginal-hits,256,57350000,12
marginal-hits,256,57400000,12
marginal-hits,256,57450000,11
marginal-hits,256,57500000,12
marginal-hits,256,57550000,12
marginal-hits,256,57600000,12
marginal-hits,256,57650000,12
marginal-hits,256,57700000,12
marginal-hits,256,57750000,12
marginal-hits,256,57800000,12
marginal-hits,256,57850000,12
marginal-hits,256,57900000,12
marginal-hits,256,57950000,12
marginal-hits,256,58000000,12
marginal-hits,256,58050000,12
marginal-hits,256,58100000,11
marginal-hits,256,58150000,12
marginal-hits,256,58200000,12
marginal-hits,256,58250000,12
marginal-hits,256,58300000,12
marginal-hits,256,58350000,12
marginal-hits,256,58400000,12
marginal-hits,256,58450000,12
marginal-hits,256,58500000,12
marginal-hits,256,58550000,12
marginal-hits,256,58600000,12
marginal-hits,256,58650000,12
marginal-hits,256,58700000,12
marginal-hits,256,58750000,12
marginal-hits,256,58800000,12
marginal-hits,256,58850000,12
marginal-hits,256,58900000,13
marginal-hits,256,58950000,12
marginal-hits,256,59000000,12
marginal-hits,256,59050000,12
marginal-hits,256,59100000,12
marginal-hits,256,59150000,13
marginal-hits,256,59200000,13
marginal-hits,256,59250000,12
marginal-hits,256,59300000,12
marginal-hits,256,59350000,12
marginal-hits,256,59400000,12
marginal-hits,256,59450000,11
marginal-hits,256,59500000,11
marginal-hits,256,59550000,12
marginal-hits,256,59600000,12
marginal-hits,256,59650000,12
marginal-hits,256,59700000,12
marginal-hits,256,59750000,12
marginal-hits,256,59800000,12
marginal-hits,256,59850000,12
marginal-hits,256,59900000,12
marginal-hits,256,59950000,12
marginal-hits,256,60000000,12
marginal-hits,256,60050000,12
marginal-hits,256,60100000,12
marginal-hits,256,60150000,12
marginal-hits,256,60200000,12
marginal-hits,256,60250000,12
marginal-hits,256,60300000,12
marginal-hits,256,60350000,12
marginal-hits,256,60400000,12
marginal-hits,256,60450000,12
marginal-hits,256,60500000,12
marginal-hits,256,60550000,12
marginal-hits,256,60600000,12
marginal-hits,256,60650000,12
marginal-hits,256,60700000,12
marginal-hits,256,60750000,12
marginal-hits,256,60800000,12
marginal-hits,256,60850000,12
marginal-hits,256,60900000,12
marginal-hits,256,60950000,12
marginal-hits,256,61000000,12
marginal-hits,256,61050000,12
marginal-hits,256,61100000,12
marginal-hits,256,61150000,12
marginal-hits,256,61200000,12
marginal-hits,256,61250000,12
marginal-hits,256,61300000,12
marginal-hits,256,61350000,12
marginal-hits,256,61400000,12
marginal-hits,256,61450000,12
marginal-hits,256,61500000,12
marginal-hits,256,61550000,12
marginal-hits,256,61600000,11
marginal-hits,256,61650000,12
marginal-hits,256,61700000,12
marginal-hits,256,61750000,12
marginal-hits,256,61800000,12
marginal-hits,256,61850000,12
marginal-hits,256,61900000,12
marginal-hits,256,61950000,12
marginal-hits,256,62000000,12
marginal-hits,256,62050000,12
marginal-hits,256,62100000,12
marginal-hits,256,62150000,12
marginal-hits,256,62200000,11
marginal-hits,256,62250000,12
marginal-hits,256,62300000,12
marginal-hits,256,62350000,12
marginal-hits,256,62400000,12
marginal-hits,256,62450000,12
marginal-hits,256,62500000,12
marginal-hits,256,62550000,12
marginal-hits,256,62600000,12
marginal-hits,256,62650000,12
marginal-hits,256,62700000,12
marginal-hits,256,62750000,12
marginal-hits,256,62800000,11
marginal-hits,256,62850000,11
marginal-hits,256,62900000,12
marginal-hits,256,62950000,11
marginal-hits,256,63000000,12
marginal-hits,256,63050000,12
marginal-hits,256,63100000,12
marginal-hits,256,63150000,12
marginal-hits,256,63200000,12
marginal-hits,256,63250000,13
marginal-hits,256,63300000,14
marginal-hits,256,63350000,13
marginal-hits,256,63400000,12
marginal-hits,256,63450000,12
marginal-hits,256,63500000,12
marginal-hits,256,63550000,12
marginal-hits,256,63600000,12
marginal-hits,256,63650000,12
marginal-hits,256,63700000,12
marginal-hits,256,63750000,12
marginal-hits,256,63800000,12
marginal-hits,256,63850000,12
marginal-hits,256,63900000,12
marginal-hits,256,63950000,12
marginal-hits,256,64000000,12
marginal-hits,256,64050000,11
marginal-hits,256,64100000,11
marginal-hits,256,64150000,11
marginal-hits,256,64200000,11
marginal-hits,256,64250000,12
marginal-hits,256,64300000,12
marginal-hits,256,64350000,12
marginal-hits,256,64400000,12
marginal-hits,256,64450000,12
marginal-hits,256,64500000,12
marginal-hits,256,64550000,12
marginal-hits,256,64600000,12
marginal-hits,256,64650000,11
marginal-hits,256,64700000,11
marginal-hits,256,64750000,12
marginal-hits,256,64800000,12
marginal-hits,256,64850000,12
marginal-hits,256,64900000,12
marginal-hits,256,64950000,12
marginal-hits,256,65000000,12
marginal-hits,256,65050000,12
marginal-hits,256,65100000,12
marginal-hits,256,65150000,12
marginal-hits,256,65200000,12
marginal-hits,256,65250000,12
marginal-hits,256,65300000,12
marginal-hits,256,65350000,12
marginal-hits,256,65400000,12
marginal-hits,256,65450000,12
marginal-hits,256,65500000,12
marginal-hits,256,65550000,12
marginal-hits,256,65600000,12
marginal-hits,256,65650000,12
marginal-hits,256,65700000,12
marginal-hits,256,65750000,12
marginal-hits,256,65800000,12
marginal-hits,256,65850000,12
marginal-hits,256,65900000,12
marginal-hits,256,65950000,12
marginal-hits,256,66000000,12
marginal-hits,256,66050000,12
marginal-hits,256,66100000,12
marginal-hits,256,66150000,12
marginal-hits,256,66200000,12
marginal-hits,256,66250000,12
marginal-hits,256,66300000,12
marginal-hits,256,66350000,12
marginal-hits,256,66400000,12
marginal-hits,256,66450000,12
marginal-hits,256,66500000,12
marginal-hits,256,66550000,12
marginal-hits,256,66600000,12
marginal-hits,256,66650000,12
marginal-hits,256,66700000,12
marginal-hits,256,66750000,12
marginal-hits,256,66800000,12
marginal-hits,256,66850000,11
marginal-hits,256,66900000,11
marginal-hits,256,66950000,11
marginal-hits,256,67000000,11
marginal-hits,256,67050000,11
marginal-hits,256,67100000,11
marginal-hits,256,67150000,11
marginal-hits,256,67200000,10
marginal-hits,256,67250000,10
marginal-hits,256,67300000,10
marginal-hits,256,67350000,11
marginal-hits,256,67400000,11
marginal-hits,256,67450000,11
marginal-hits,256,67500000,11
marginal-hits,256,67550000,12
marginal-hits,256,67600000,12
marginal-hits,256,67650000,11
marginal-hits,256,67700000,11
marginal-hits,256,67750000,11
marginal-hits,256,67800000,11
marginal-hits,256,67850000,11
marginal-hits,256,67900000,12
marginal-hits,256,67950000,12
marginal-hits,256,68000000,12
marginal-hits,256,68050000,11
marginal-hits,256,68100000,11
marginal-hits,256,68150000,11
marginal-hits,256,68200000,11
marginal-hits,256,68250000,11
marginal-hits,256,68300000,11
marginal-hits,256,68350000,11
marginal-hits,256,68400000,11
marginal-hits,256,68450000,12
marginal-hits,256,68500000,11
marginal-hits,256,68550000,11
marginal-hits,256,68600000,11
marginal-hits,256,68650000,11
marginal-hits,256,68700000,11
marginal-hits,256,68750000,11
marginal-hits,256,68800000,11
marginal-hits,256,68850000,12
marginal-hits,256,68900000,13
marginal-hits,256,68950000,13
marginal-hits,256,69000000,14
marginal-hits,256,69050000,13
marginal-hits,256,69100000,12
marginal-hits,256,69150000,11
marginal-hits,256,69200000,11
marginal-hits,256,69250000,11
marginal-hits,256,69300000,11
marginal-hits,256,69350000,10
marginal-hits,256,69400000,11
marginal-hits,256,69450000,11
marginal-hits,256,69500000,10
marginal-hits,256,69550000,10
marginal-hits,256,69600000,10
marginal-hits,256,69650000,9
marginal-hits,256,69700000,10
marginal-hits,256,69750000,10
marginal-hits,256,69800000,11
marginal-hits,256,69850000,11
marginal-hits,256,69900000,11
marginal-hits,256,69950000,11
marginal-hits,256,70000000,11
marginal-hits,256,70050000,11
marginal-hits,256,70100000,11
marginal-hits,256,70150000,11
marginal-hits,256,70200000,11
marginal-hits,256,70250000,11
marginal-hits,256,70300000,11
marginal-hits,256,70350000,11
marginal-hits,256,70400000,11
marginal-hits,256,70450000,11
marginal-hits,256,70500000,11
marginal-hits,256,70550000,11
marginal-hits,256,70600000,11
marginal-hits,256,70650000,11
marginal-hits,256,70700000,11
marginal-hits,256,70750000,11
marginal-hits,256,70800000,11
marginal-hits,256,70850000,10
marginal-hits,256,70900000,11
marginal-hits,256,70950000,11
marginal-hits,256,71000000,11
marginal-hits,256,71050000,11
marginal-hits,256,71100000,11
marginal-hits,256,71150000,11
marginal-hits,256,71200000,11
marginal-hits,256,71250000,11
marginal-hits,256,71300000,11
marginal-hits,256,71350000,11
marginal-hits,256,71400000,11
marginal-hits,256,71450000,11
marginal-hits,256,71500000,12
marginal-hits,256,71550000,12
marginal-hits,256,71600000,12
marginal-hits,256,71650000,12
marginal-hits,256,71700000,12
marginal-hits,256,71750000,12
marginal-hits,256,71800000,12
marginal-hits,256,71850000,12
marginal-hits,256,71900000,11
marginal-hits,256,71950000,10
marginal-hits,256,72000000,10
marginal-hits,256,72050000,11
marginal-hits,256,72100000,11
marginal-hits,256,72150000,11
marginal-hits,256,72200000,11
marginal-hits,256,72250000,11
marginal-hits,256,72300000,11
marginal-hits,256,72350000,11
marginal-hits,256,72400000,11
marginal-hits,256,72450000,11
marginal-hits,256,72500000,11
marginal-hits,256,72550000,11
marginal-hits,256,72600000,11
marginal-hits,256,72650000,11
marginal-hits,256,72700000,11
marginal-hits,256,72750000,11
marginal-hits,256,72800000,12
marginal-hits,256,72850000,11
marginal-hits,256,72900000,11
marginal-hits,256,72950000,11
marginal-hits,256,73000000,11
marginal-hits,256,73050000,11
marginal-hits,256,73100000,11
marginal-hits,256,73150000,12
marginal-hits,256,73200000,12
marginal-hits,256,73250000,11
marginal-hits,256,73300000,11
marginal-hits,256,73350000,11
marginal-hits,256,73400000,11
marginal-hits,256,73450000,11
marginal-hits,256,73500000,11
marginal-hits,256,73550000,11
marginal-hits,256,73600000,11
marginal-hits,256,73650000,11
marginal-hits,256,73700000,12
marginal-hits,256,73750000,12
marginal-hits,256,73800000,12
marginal-hits,256,73850000,11
marginal-hits,256,73900000,11
marginal-hits,256,73950000,11
marginal-hits,256,74000000,11
marginal-hits,256,74050000,11
marginal-hits,256,74100000,11
marginal-hits,256,74150000,11
marginal-hits,256,74200000,11
marginal-hits,256,74250000,11
marginal-hits,256,74300000,11
marginal-hits,256,74350000,10
marginal-hits,256,74400000,11
marginal-hits,256,74450000,11
marginal-hits,256,74500000,11
marginal-hits,256,74550000,11
marginal-hits,256,74600000,11
marginal-hits,256,74650000,11
marginal-hits,256,74700000,12
marginal-hits,256,74750000,12
marginal-hits,256,74800000,12
marginal-hits,256,74850000,12
marginal-hits,256,74900000,12
marginal-hits,256,74950000,12
marginal-hits,256,75000000,12
marginal-hits,256,75050000,12
marginal-hits,256,75100000,12
marginal-hits,256,75150000,12
marginal-hits,256,75200000,12
marginal-hits,256,75250000,12
marginal-hits,256,75300000,13
marginal-hits,256,75350000,12
marginal-hits,256,75400000,12
marginal-hits,256,75450000,12
marginal-hits,256,75500000,12
marginal-hits,256,75550000,12
marginal-hits,256,75600000,12
marginal-hits,256,75650000,12
marginal-hits,256,75700000,12
marginal-hits,256,75750000,12
marginal-hits,256,75800000,12
marginal-hits,256,75850000,12
marginal-hits,256,75900000,12
marginal-hits,256,75950000,12
marginal-hits,256,76000000,12
marginal-hits,256,76050000,12
marginal-hits,256,76100000,12
marginal-hits,256,76150000,12
marginal-hits,256,76200000,13
marginal-hits,256,76250000,14
marginal-hits,256,76300000,14
marginal-hits,256,76350000,14
marginal-hits,256,76400000,13
marginal-hits,256,76450000,12
marginal-hits,256,76500000,12
marginal-hits,256,76550000,12
marginal-hits,256,76600000,11
marginal-hits,256,76650000,11
marginal-hits,256,76700000,11
marginal-hits,256,76750000,11
marginal-hits,256,76800000,12
marginal-hits,256,76850000,12
marginal-hits,256,76900000,12
marginal-hits,256,76950000,12
marginal-hits,256,77000000,12
marginal-hits,256,77050000,13
marginal-hits,256,77100000,14
marginal-hits,256,77150000,13
marginal-hits,256,77200000,14
marginal-hits,256,77250000,13
marginal-hits,256,77300000,12
marginal-hits,256,77350000,11
marginal-hits,256,77400000,12
marginal-hits,256,77450000,12
marginal-hits,256,77500000,12
marginal-hits,256,77550000,12
marginal-hits,256,77600000,12
marginal-hits,256,77650000,12
marginal-hits,256,77700000,12
marginal-hits,256,77750000,12
marginal-hits,256,77800000,12
marginal-hits,256,77850000,12
marginal-hits,256,77900000,12
marginal-hits,256,77950000,12
marginal-hits,256,78000000,12
marginal-hits,256,78050000,11
marginal-hits,256,78100000,11
marginal-hits,256,78150000,11
marginal-hits,256,78200000,11
marginal-hits,256,78250000,11
marginal-hits,256,78300000,11
marginal-hits,256,78350000,12
marginal-hits,256,78400000,12
marginal-hits,256,78450000,12
marginal-hits,256,78500000,12
marginal-hits,256,78550000,12
marginal-hits,256,78600000,12
marginal-hits,256,78650000,12
marginal-hits,256,78700000,12
marginal-hits,256,78750000,12
marginal-hits,256,78800000,12
marginal-hits,256,78850000,12
marginal-hits,256,78900000,12
marginal-hits,256,78950000,12
marginal-hits,256,79000000,12
marginal-hits,256,79050000,12
marginal-hits,256,79100000,12
marginal-hits,256,79150000,12
marginal-hits,256,79200000,12
marginal-hits,256,79250000,12
marginal-hits,256,79300000,12
marginal-hits,256,79350000,12
marginal-hits,256,79400000,11
marginal-hits,256,79450000,11
marginal-hits,256,79500000,11
marginal-hits,256,79550000,10
marginal-hits,256,79600000,11
marginal-hits,256,79650000,12
marginal-hits,256,79700000,12
marginal-hits,256,79750000,12
marginal-hits,256,79800000,12
marginal-hits,256,79850000,12
marginal-hits,256,79900000,12
marginal-hits,256,79950000,12
tail-age,64,50000,25
tail-age,64,100000,20
tail-age,64,150000,16
tail-age,64,200000,14
tail-age,64,250000,13
tail-age,64,300000,11
tail-age,64,350000,12
tail-age,64,400000,13
tail-age,64,450000,13
tail-age,64,500000,13
tail-age,64,550000,13
tail-age,64,600000,13
tail-age,64,650000,13
tail-age,64,700000,13
tail-age,64,750000,13
tail-age,64,800000,13
tail-age,64,850000,13
tail-age,64,900000,13
tail-age,64,950000,13
tail-age,64,1000000,13
tail-age,64,1050000,13
tail-age,64,1100000,13
tail-age,64,1150000,13
tail-age,64,1200000,13
tail-age,64,1250000,13
tail-age,64,1300000,13
tail-age,64,1350000,13
tail-age,64,1400000,13
tail-age,64,1450000,13
tail-age,64,1500000,13
tail-age,64,1550000,13
tail-age,64,1600000,13
tail-age,64,1650000,13
tail-age,64,1700000,13
tail-age,64,1750000,13
tail-age,64,1800000,13
tail-age,64,1850000,13
tail-age,64,1900000,13
tail-age,64,1950000,13
tail-age,64,2000000,13
tail-age,64,2050000,13
tail-age,64,2100000,13
tail-age,64,2150000,13
tail-age,64,2200000,13
tail-age,64,2250000,13
tail-age,64,2300000,13
tail-age,64,2350000,13
tail-age,64,2400000,13
tail-age,64,2450000,13
tail-age,64,2500000,13
tail-age,64,2550000,13
tail-age,64,2600000,13
tail-age,64,2650000,13
tail-age,64,2700000,13
tail-age,64,2750000,13
tail-age,64,2800000,13
tail-age,64,2850000,13
tail-age,64,2900000,13
tail-age,64,2950000,13
tail-age,64,3000000,13
tail-age,64,3050000,13
tail-age,64,3100000,13
tail-age,64,3150000,13
tail-age,64,3200000,13
tail-age,64,3250000,13
tail-age,64,3300000,13
tail-age,64,3350000,13
tail-age,64,3400000,13
tail-age,64,3450000,13
tail-age,64,3500000,13
tail-age,64,3550000,13
tail-age,64,3600000,13
tail-age,64,3650000,13
tail-age,64,3700000,13
tail-age,64,3750000,13
tail-age,64,3800000,13
tail-age,64,3850000,13
tail-age,64,3900000,13
tail-age,64,3950000,13
tail-age,64,4000000,13
tail-age,64,4050000,13
tail-age,64,4100000,13
tail-age,64,4150000,13
tail-age,64,4200000,13
tail-age,64,4250000,13
tail-age,64,4300000,13
tail-age,64,4350000,13
tail-age,64,4400000,13
tail-age,64,4450000,13
tail-age,64,4500000,13
tail-age,64,4550000,13
tail-age,64,4600000,13
tail-age,64,4650000,13
tail-age,64,4700000,13
tail-age,64,4750000,13
tail-age,64,4800000,13
tail-age,64,4850000,13
tail-age,64,4900000,13
tail-age,64,4950000,13
tail-age,64,5000000,13
tail-age,64,5050000,13
tail-age,64,5100000,13
tail-age,64,5150000,13
tail-age,64,5200000,13
tail-age,64,5250000,13
tail-age,64,5300000,13
tail-age,64,5350000,13
tail-age,64,5400000,13
tail-age,64,5450000,13
tail-age,64,5500000,13
tail-age,64,5550000,13
tail-age,64,5600000,13
tail-age,64,5650000,13
tail-age,64,5700000,13
tail-age,64,5750000,13
tail-age,64,5800000,13
tail-age,64,5850000,13
tail-age,64,5900000,13
tail-age,64,5950000,13
tail-age,64,6000000,13
tail-age,64,6050000,13
tail-age,64,6100000,13
tail-age,64,6150000,13
tail-age,64,6200000,13
tail-age,64,6250000,13
tail-age,64,6300000,13
tail-age,64,6350000,13
tail-age,64,6400000,13
tail-age,64,6450000,13
tail-age,64,6500000,13
tail-age,64,6550000,13
tail-age,64,6600000,13
tail-age,64,6650000,13
tail-age,64,6700000,13
tail-age,64,6750000,13
tail-age,64,6800000,13
tail-age,64,6850000,13
tail-age,64,6900000,13
tail-age,64,6950000,13
tail-age,64,7000000,13
tail-age,64,7050000,13
tail-age,64,7100000,13
tail-age,64,7150000,13
tail-age,64,7200000,13
tail-age,64,7250000,13
tail-age,64,7300000,13
tail-age,64,7350000,13
tail-age,64,7400000,13
tail-age,64,7450000,13
tail-age,64,7500000,13
tail-age,64,7550000,13
tail-age,64,7600000,13
tail-age,64,7650000,13
tail-age,64,7700000,13
tail-age,64,7750000,13
tail-age,64,7800000,13
tail-age,64,7850000,13
tail-age,64,7900000,13
tail-age,64,7950000,13
tail-age,64,8000000,13
tail-age,64,8050000,13
tail-age,64,8100000,13
tail-age,64,8150000,13
tail-age,64,8200000,13
tail-age,64,8250000,13
tail-age,64,8300000,13
tail-age,64,8350000,13
tail-age,64,8400000,13
tail-age,64,8450000,13
tail-age,64,8500000,13
tail-age,64,8550000,13
tail-age,64,8600000,13
tail-age,64,8650000,13
tail-age,64,8700000,13
tail-age,64,8750000,13
tail-age,64,8800000,13
tail-age,64,8850000,13
tail-age,64,8900000,13
tail-age,64,8950000,13
tail-age,64,9000000,13
tail-age,64,9050000,13
tail-age,64,9100000,13
tail-age,64,9150000,13
tail-age,64,9200000,13
tail-age,64,9250000,13
tail-age,64,9300000,13
tail-age,64,9350000,13
tail-age,64,9400000,13
tail-age,64,9450000,13
tail-age,64,9500000,13
tail-age,64,9550000,13
tail-age,64,9600000,13
tail-age,64,9650000,13
tail-age,64,9700000,13
tail-age,64,9750000,13
tail-age,64,9800000,13
tail-age,64,9850000,13
tail-age,64,9900000,13
tail-age,64,9950000,13
tail-age,64,10000000,13
tail-age,64,10050000,13
tail-age,64,10100000,13
tail-age,64,10150000,13
tail-age,64,10200000,13
tail-age,64,10250000,13
tail-age,64,10300000,13
tail-age,64,10350000,13
tail-age,64,10400000,13
tail-age,64,10450000,13
tail-age,64,10500000,13
tail-age,64,10550000,13
tail-age,64,10600000,13
tail-age,64,10650000,13
tail-age,64,10700000,13
tail-age,64,10750000,13
tail-age,64,10800000,13
tail-age,64,10850000,13
tail-age,64,10900000,13
tail-age,64,10950000,13
tail-age,64,11000000,13
tail-age,64,11050000,13
tail-age,64,11100000,13
tail-age,64,11150000,13
tail-age,64,11200000,13
tail-age,64,11250000,13
tail-age,64,11300000,13
tail-age,64,11350000,13
tail-age,64,11400000,13
tail-age,64,11450000,13
tail-age,64,11500000,13
tail-age,64,11550000,13
tail-age,64,11600000,13
tail-age,64,11650000,13
tail-age,64,11700000,13
tail-age,64,11750000,13
tail-age,64,11800000,13
tail-age,64,11850000,13
tail-age,64,11900000,13
tail-age,64,11950000,13
tail-age,64,12000000,13
tail-age,64,12050000,13
tail-age,64,12100000,13
tail-age,64,12150000,13
tail-age,64,12200000,13
tail-age,64,12250000,13
tail-age,64,12300000,13
tail-age,64,12350000,13
tail-age,64,12400000,13
tail-age,64,12450000,13
tail-age,64,12500000,13
tail-age,64,12550000,13
tail-age,64,12600000,13
tail-age,64,12650000,13
tail-age,64,12700000,13
tail-age,64,12750000,13
tail-age,64,12800000,13
tail-age,64,12850000,13
tail-age,64,12900000,13
tail-age,64,12950000,13
tail-age,64,13000000,13
tail-age,64,13050000,13
tail-age,64,13100000,13
tail-age,64,13150000,13
tail-age,64,13200000,13
tail-age,64,13250000,13
tail-age,64,13300000,13
tail-age,64,13350000,13
tail-age,64,13400000,13
tail-age,64,13450000,13
tail-age,64,13500000,13
tail-age,64,13550000,13
tail-age,64,13600000,13
tail-age,64,13650000,13
tail-age,64,13700000,13
tail-age,64,13750000,13
tail-age,64,13800000,13
tail-age,64,13850000,13
tail-age,64,13900000,13
tail-age,64,13950000,13
tail-age,64,14000000,13
tail-age,64,14050000,13
tail-age,64,14100000,13
tail-age,64,14150000,13
tail-age,64,14200000,13
tail-age,64,14250000,13
tail-age,64,14300000,13
tail-age,64,14350000,13
tail-age,64,14400000,13
tail-age,64,14450000,13
tail-age,64,14500000,13
tail-age,64,14550000,13
tail-age,64,14600000,13
tail-age,64,14650000,13
tail-age,64,14700000,13
tail-age,64,14750000,13
tail-age,64,14800000,13
tail-age,64,14850000,13
tail-age,64,14900000,13
tail-age,64,14950000,13
tail-age,64,15000000,13
tail-age,64,15050000,13
tail-age,64,15100000,13
tail-age,64,15150000,13
tail-age,64,15200000,13
tail-age,64,15250000,13
tail-age,64,15300000,13
tail-age,64,15350000,13
tail-age,64,15400000,13
tail-age,64,15450000,13
tail-age,64,15500000,13
tail-age,64,15550000,13
tail-age,64,15600000,13
tail-age,64,15650000,13
tail-age,64,15700000,13
tail-age,64,15750000,13
tail-age,64,15800000,13
tail-age,64,15850000,13
tail-age,64,15900000,13
tail-age,64,15950000,13
tail-age,64,16000000,13
tail-age,64,16050000,13
tail-age,64,16100000,13
tail-age,64,16150000,13
tail-age,64,16200000,13
tail-age,64,16250000,13
tail-age,64,16300000,13
tail-age,64,16350000,13
tail-age,64,16400000,13
tail-age,64,16450000,13
tail-age,64,16500000,13
tail-age,64,16550000,13
tail-age,64,16600000,13
tail-age,64,16650000,13
tail-age,64,16700000,13
tail-age,64,16750000,13
tail-age,64,16800000,13
tail-age,64,16850000,13
tail-age,64,16900000,13
tail-age,64,16950000,13
tail-age,64,17000000,13
tail-age,64,17050000,13
tail-age,64,17100000,13
tail-age,64,17150000,13
tail-age,64,17200000,13
tail-age,64,17250000,13
tail-age,64,17300000,13
tail-age,64,17350000,13
tail-age,64,17400000,13
tail-age,64,17450000,13
tail-age,64,17500000,13
tail-age,64,17550000,13
tail-age,64,17600000,13
tail-age,64,17650000,13
tail-age,64,17700000,13
tail-age,64,17750000,13
tail-age,64,17800000,13
tail-age,64,17850000,13
tail-age,64,17900000,13
tail-age,64,17950000,13
tail-age,64,18000000,13
tail-age,64,18050000,13
tail-age,64,18100000,13
tail-age,64,18150000,13
tail-age,64,18200000,13
tail-age,64,18250000,13
tail-age,64,18300000,13
tail-age,64,18350000,13
tail-age,64,18400000,13
tail-age,64,18450000,13
tail-age,64,18500000,13
tail-age,64,18550000,13
tail-age,64,18600000,13
tail-age,64,18650000,13
tail-age,64,18700000,13
tail-age,64,18750000,13
tail-age,64,18800000,13
tail-age,64,18850000,13
tail-age,64,18900000,13
tail-age,64,18950000,13
tail-age,64,19000000,13
tail-age,64,19050000,13
tail-age,64,19100000,13
tail-age,64,19150000,13
tail-age,64,19200000,13
tail-age,64,19250000,13
tail-age,64,19300000,13
tail-age,64,19350000,13
tail-age,64,19400000,13
tail-age,64,19450000,13
tail-age,64,19500000,13
tail-age,64,19550000,13
tail-age,64,19600000,13
tail-age,64,19650000,13
tail-age,64,19700000,13
tail-age,64,19750000,13
tail-age,64,19800000,13
tail-age,64,19850000,13
tail-age,64,19900000,13
tail-age,64,19950000,13
tail-age,64,20000000,13
tail-age,64,20050000,13
tail-age,64,20100000,13
tail-age,64,20150000,13
tail-age,64,20200000,13
tail-age,64,20250000,13
tail-age,64,20300000,13
tail-age,64,20350000,13
tail-age,64,20400000,13
tail-age,64,20450000,13
tail-age,64,20500000,13
tail-age,64,20550000,13
tail-age,64,20600000,13
tail-age,64,20650000,13
tail-age,64,20700000,13
tail-age,64,20750000,13
tail-age,64,20800000,13
tail-age,64,20850000,13
tail-age,64,20900000,13
tail-age,64,20950000,13
tail-age,64,21000000,13
tail-age,64,21050000,13
tail-age,64,21100000,13
tail-age,64,21150000,13
tail-age,64,21200000,13
tail-age,64,21250000,13
tail-age,64,21300000,13
tail-age,64,21350000,13
tail-age,64,21400000,13
tail-age,64,21450000,13
tail-age,64,21500000,13
tail-age,64,21550000,13
tail-age,64,21600000,13
tail-age,64,21650000,13
tail-age,64,21700000,13
tail-age,64,21750000,13
tail-age,64,21800000,13
tail-age,64,21850000,13
tail-age,64,21900000,13
tail-age,64,21950000,13
tail-age,64,22000000,13
tail-age,64,22050000,13
tail-age,64,22100000,13
tail-age,64,22150000,13
tail-age,64,22200000,13
tail-age,64,22250000,13
tail-age,64,22300000,13
tail-age,64,22350000,13
tail-age,64,22400000,13
tail-age,64,22450000,13
tail-age,64,22500000,13
tail-age,64,22550000,13
tail-age,64,22600000,13
tail-age,64,22650000,13
tail-age,64,22700000,13
tail-age,64,22750000,13
tail-age,64,22800000,13
tail-age,64,22850000,13
tail-age,64,22900000,13
tail-age,64,22950000,13
tail-age,64,23000000,13
tail-age,64,23050000,13
tail-age,64,23100000,13
tail-age,64,23150000,13
tail-age,64,23200000,13
tail-age,64,23250000,13
tail-age,64,23300000,13
tail-age,64,23350000,13
tail-age,64,23400000,13
tail-age,64,23450000,13
tail-age,64,23500000,13
tail-age,64,23550000,13
tail-age,64,23600000,13
tail-age,64,23650000,13
tail-age,64,23700000,13
tail-age,64,23750000,13
tail-age,64,23800000,13
tail-age,64,23850000,13
tail-age,64,23900000,13
tail-age,64,23950000,13
tail-age,64,24000000,13
tail-age,64,24050000,13
tail-age,64,24100000,13
tail-age,64,24150000,13
tail-age,64,24200000,13
tail-age,64,24250000,13
tail-age,64,24300000,13
tail-age,64,24350000,13
tail-age,64,24400000,13
tail-age,64,24450000,13
tail-age,64,24500000,13
tail-age,64,24550000,13
tail-age,64,24600000,13
tail-age,64,24650000,13
tail-age,64,24700000,13
tail-age,64,24750000,13
tail-age,64,24800000,13
tail-age,64,24850000,13
tail-age,64,24900000,13
tail-age,64,24950000,13
tail-age,64,25000000,13
tail-age,64,25050000,13
tail-age,64,25100000,13
tail-age,64,25150000,13
tail-age,64,25200000,13
tail-age,64,25250000,13
tail-age,64,25300000,13
tail-age,64,25350000,13
tail-age,64,25400000,13
tail-age,64,25450000,13
tail-age,64,25500000,13
tail-age,64,25550000,13
tail-age,64,25600000,13
tail-age,64,25650000,13
tail-age,64,25700000,13
tail-age,64,25750000,13
tail-age,64,25800000,13
tail-age,64,25850000,13
tail-age,64,25900000,13
tail-age,64,25950000,13
tail-age,64,26000000,13
tail-age,64,26050000,13
tail-age,64,26100000,13
tail-age,64,26150000,13
tail-age,64,26200000,13
tail-age,64,26250000,13
tail-age,64,26300000,13
tail-age,64,26350000,13
tail-age,64,26400000,13
tail-age,64,26450000,13
tail-age,64,26500000,13
tail-age,64,26550000,13
tail-age,64,26600000,13
tail-age,64,26650000,13
tail-age,64,26700000,13
tail-age,64,26750000,13
tail-age,64,26800000,13
tail-age,64,26850000,13
tail-age,64,26900000,13
tail-age,64,26950000,13
tail-age,64,27000000,13
tail-age,64,27050000,13
tail-age,64,27100000,13
tail-age,64,27150000,13
tail-age,64,27200000,13
tail-age,64,27250000,13
tail-age,64,27300000,13
tail-age,64,27350000,13
tail-age,64,27400000,13
tail-age,64,27450000,13
tail-age,64,27500000,13
tail-age,64,27550000,13
tail-age,64,27600000,13
tail-age,64,27650000,13
tail-age,64,27700000,13
tail-age,64,27750000,13
tail-age,64,27800000,13
tail-age,64,27850000,13
tail-age,64,27900000,13
tail-age,64,27950000,13
tail-age,64,28000000,13
tail-age,64,28050000,13
tail-age,64,28100000,13
tail-age,64,28150000,13
tail-age,64,28200000,13
tail-age,64,28250000,13
tail-age,64,28300000,13
tail-age,64,28350000,13
tail-age,64,28400000,13
tail-age,64,28450000,13
tail-age,64,28500000,13
tail-age,64,28550000,13
tail-age,64,28600000,13
tail-age,64,28650000,13
tail-age,64,28700000,13
tail-age,64,28750000,13
tail-age,64,28800000,13
tail-age,64,28850000,13
tail-age,64,28900000,13
tail-age,64,28950000,13
tail-age,64,29000000,13
tail-age,64,29050000,13
tail-age,64,29100000,13
tail-age,64,29150000,13
tail-age,64,29200000,13
tail-age,64,29250000,13
tail-age,64,29300000,13
tail-age,64,29350000,13
tail-age,64,29400000,13
tail-age,64,29450000,13
tail-age,64,29500000,13
tail-age,64,29550000,13
tail-age,64,29600000,13
tail-age,64,29650000,13
tail-age,64,29700000,13
tail-age,64,29750000,13
tail-age,64,29800000,13
tail-age,64,29850000,13
tail-age,64,29900000,13
tail-age,64,29950000,13
tail-age,64,30000000,13
tail-age,64,30050000,13
tail-age,64,30100000,13
tail-age,64,30150000,13
tail-age,64,30200000,13
tail-age,64,30250000,13
tail-age,64,30300000,13
tail-age,64,30350000,13
tail-age,64,30400000,13
tail-age,64,30450000,13
tail-age,64,30500000,13
tail-age,64,30550000,13
tail-age,64,30600000,13
tail-age,64,30650000,13
tail-age,64,30700000,13
tail-age,64,30750000,13
tail-age,64,30800000,13
tail-age,64,30850000,13
tail-age,64,30900000,13
tail-age,64,30950000,13
tail-age,64,31000000,13
tail-age,64,31050000,13
tail-age,64,31100000,13
tail-age,64,31150000,13
tail-age,64,31200000,13
tail-age,64,31250000,13
tail-age,64,31300000,13
tail-age,64,31350000,13
tail-age,64,31400000,13
tail-age,64,31450000,13
tail-age,64,31500000,13
tail-age,64,31550000,13
tail-age,64,31600000,13
tail-age,64,31650000,13
tail-age,64,31700000,13
tail-age,64,31750000,13
tail-age,64,31800000,13
tail-age,64,31850000,13
tail-age,64,31900000,13
tail-age,64,31950000,13
tail-age,64,32000000,13
tail-age,64,32050000,13
tail-age,64,32100000,13
tail-age,64,32150000,13
tail-age,64,32200000,13
tail-age,64,32250000,13
tail-age,64,32300000,13
tail-age,64,32350000,13
tail-age,64,32400000,13
tail-age,64,32450000,13
tail-age,64,32500000,13
tail-age,64,32550000,13
tail-age,64,32600000,13
tail-age,64,32650000,13
tail-age,64,32700000,13
tail-age,64,32750000,13
tail-age,64,32800000,13
tail-age,64,32850000,13
tail-age,64,32900000,13
tail-age,64,32950000,13
tail-age,64,33000000,13
tail-age,64,33050000,13
tail-age,64,33100000,13
tail-age,64,33150000,13
tail-age,64,33200000,13
tail-age,64,33250000,13
tail-age,64,33300000,13
tail-age,64,33350000,13
tail-age,64,33400000,13
tail-age,64,33450000,13
tail-age,64,33500000,13
tail-age,64,33550000,13
tail-age,64,33600000,13
tail-age,64,33650000,13
tail-age,64,33700000,13
tail-age,64,33750000,13
tail-age,64,33800000,13
tail-age,64,33850000,13
tail-age,64,33900000,13
tail-age,64,33950000,13
tail-age,64,34000000,13
tail-age,64,34050000,13
tail-age,64,34100000,13
tail-age,64,34150000,13
tail-age,64,34200000,13
tail-age,64,34250000,13
tail-age,64,34300000,13
tail-age,64,34350000,13
tail-age,64,34400000,13
tail-age,64,34450000,13
tail-age,64,34500000,13
tail-age,64,34550000,13
tail-age,64,34600000,13
tail-age,64,34650000,13
tail-age,64,34700000,13
tail-age,64,34750000,13
tail-age,64,34800000,13
tail-age,64,34850000,13
tail-age,64,34900000,13
tail-age,64,34950000,13
tail-age,64,35000000,13
tail-age,64,35050000,13
tail-age,64,35100000,13
tail-age,64,35150000,13
tail-age,64,35200000,13
tail-age,64,35250000,13
tail-age,64,35300000,13
tail-age,64,35350000,13
tail-age,64,35400000,13
tail-age,64,35450000,13
tail-age,64,35500000,13
tail-age,64,35550000,13
tail-age,64,35600000,13
tail-age,64,35650000,13
tail-age,64,35700000,13
tail-age,64,35750000,13
tail-age,64,35800000,13
tail-age,64,35850000,13
tail-age,64,35900000,13
tail-age,64,35950000,13
tail-age,64,36000000,13
tail-age,64,36050000,13
tail-age,64,36100000,13
tail-age,64,36150000,13
tail-age,64,36200000,13
tail-age,64,36250000,13
tail-age,64,36300000,13
tail-age,64,36350000,13
tail-age,64,36400000,13
tail-age,64,36450000,13
tail-age,64,36500000,13
tail-age,64,36550000,13
tail-age,64,36600000,13
tail-age,64,36650000,13
tail-age,64,36700000,13
tail-age,64,36750000,13
tail-age,64,36800000,13
tail-age,64,36850000,13
tail-age,64,36900000,13
tail-age,64,36950000,13
tail-age,64,37000000,13
tail-age,64,37050000,13
tail-age,64,37100000,13
tail-age,64,37150000,13
tail-age,64,37200000,13
tail-age,64,37250000,13
tail-age,64,37300000,13
tail-age,64,37350000,13
tail-age,64,37400000,13
tail-age,64,37450000,13
tail-age,64,37500000,13
tail-age,64,37550000,13
tail-age,64,37600000,13
tail-age,64,37650000,13
tail-age,64,37700000,13
tail-age,64,37750000,13
tail-age,64,37800000,13
tail-age,64,37850000,13
tail-age,64,37900000,13
tail-age,64,37950000,13
tail-age,64,38000000,13
tail-age,64,38050000,13
tail-age,64,38100000,13
tail-age,64,38150000,13
tail-age,64,38200000,13
tail-age,64,38250000,13
tail-age,64,38300000,13
tail-age,64,38350000,13
tail-age,64,38400000,13
tail-age,64,38450000,13
tail-age,64,38500000,13
tail-age,64,38550000,13
tail-age,64,38600000,13
tail-age,64,38650000,13
tail-age,64,38700000,13
tail-age,64,38750000,13
tail-age,64,38800000,13
tail-age,64,38850000,13
tail-age,64,38900000,13
tail-age,64,38950000,13
tail-age,64,39000000,13
tail-age,64,39050000,13
tail-age,64,39100000,13
tail-age,64,39150000,13
tail-age,64,39200000,13
tail-age,64,39250000,13
tail-age,64,39300000,13
tail-age,64,39350000,13
tail-age,64,39400000,13
tail-age,64,39450000,13
tail-age,64,39500000,13
tail-age,64,39550000,13
tail-age,64,39600000,13
tail-age,64,39650000,13
tail-age,64,39700000,13
tail-age,64,39750000,13
tail-age,64,39800000,13
tail-age,64,39850000,13
tail-age,64,39900000,13
tail-age,64,39950000,13
tail-age,64,40000000,13
tail-age,64,40050000,13
tail-age,64,40100000,13
tail-age,64,40150000,13
tail-age,64,40200000,13
tail-age,64,40250000,13
tail-age,64,40300000,13
tail-age,64,40350000,13
tail-age,64,40400000,13
tail-age,64,40450000,13
tail-age,64,40500000,13
tail-age,64,40550000,13
tail-age,64,40600000,13
tail-age,64,40650000,13
tail-age,64,40700000,13
tail-age,64,40750000,13
tail-age,64,40800000,13
tail-age,64,40850000,13
tail-age,64,40900000,13
tail-age,64,40950000,13
tail-age,64,41000000,13
tail-age,64,41050000,13
tail-age,64,41100000,13
tail-age,64,41150000,13
tail-age,64,41200000,13
tail-age,64,41250000,13
tail-age,64,41300000,13
tail-age,64,41350000,13
tail-age,64,41400000,13
tail-age,64,41450000,13
tail-age,64,41500000,13
tail-age,64,41550000,13
tail-age,64,41600000,13
tail-age,64,41650000,13
tail-age,64,41700000,13
tail-age,64,41750000,13
tail-age,64,41800000,13
tail-age,64,41850000,13
tail-age,64,41900000,13
tail-age,64,41950000,13
tail-age,64,42000000,13
tail-age,64,42050000,13
tail-age,64,42100000,13
tail-age,64,42150000,13
tail-age,64,42200000,13
tail-age,64,42250000,13
tail-age,64,42300000,13
tail-age,64,42350000,13
tail-age,64,42400000,13
tail-age,64,42450000,13
tail-age,64,42500000,13
tail-age,64,42550000,13
tail-age,64,42600000,13
tail-age,64,42650000,13
tail-age,64,42700000,13
tail-age,64,42750000,13
tail-age,64,42800000,13
tail-age,64,42850000,13
tail-age,64,42900000,13
tail-age,64,42950000,13
tail-age,64,43000000,13
tail-age,64,43050000,13
tail-age,64,43100000,13
tail-age,64,43150000,13
tail-age,64,43200000,13
tail-age,64,43250000,13
tail-age,64,43300000,13
tail-age,64,43350000,13
tail-age,64,43400000,13
tail-age,64,43450000,13
tail-age,64,43500000,13
tail-age,64,43550000,13
tail-age,64,43600000,13
tail-age,64,43650000,13
tail-age,64,43700000,13
tail-age,64,43750000,13
tail-age,64,43800000,13
tail-age,64,43850000,13
tail-age,64,43900000,13
tail-age,64,43950000,13
tail-age,64,44000000,13
tail-age,64,44050000,13
tail-age,64,44100000,13
tail-age,64,44150000,13
tail-age,64,44200000,13
tail-age,64,44250000,13
tail-age,64,44300000,13
tail-age,64,44350000,13
tail-age,64,44400000,13
tail-age,64,44450000,13
tail-age,64,44500000,13
tail-age,64,44550000,13
tail-age,64,44600000,13
tail-age,64,44650000,13
tail-age,64,44700000,13
tail-age,64,44750000,13
tail-age,64,44800000,13
tail-age,64,44850000,13
tail-age,64,44900000,13
tail-age,64,44950000,13
tail-age,64,45000000,13
tail-age,64,45050000,13
tail-age,64,45100000,13
tail-age,64,45150000,13
tail-age,64,45200000,13
tail-age,64,45250000,13
tail-age,64,45300000,13
tail-age,64,45350000,13
tail-age,64,45400000,13
tail-age,64,45450000,13
tail-age,64,45500000,13
tail-age,64,45550000,13
tail-age,64,45600000,13
tail-age,64,45650000,13
tail-age,64,45700000,13
tail-age,64,45750000,13
tail-age,64,45800000,13
tail-age,64,45850000,13
tail-age,64,45900000,13
tail-age,64,45950000,13
tail-age,64,46000000,13
tail-age,64,46050000,13
tail-age,64,46100000,13
tail-age,64,46150000,13
tail-age,64,46200000,13
tail-age,64,46250000,13
tail-age,64,46300000,13
tail-age,64,46350000,13
tail-age,64,46400000,13
tail-age,64,46450000,13
tail-age,64,46500000,13
tail-age,64,46550000,13
tail-age,64,46600000,13
tail-age,64,46650000,13
tail-age,64,46700000,13
tail-age,64,46750000,13
tail-age,64,46800000,13
tail-age,64,46850000,13
tail-age,64,46900000,13
tail-age,64,46950000,13
tail-age,64,47000000,13
tail-age,64,47050000,13
tail-age,64,47100000,13
tail-age,64,47150000,13
tail-age,64,47200000,13
tail-age,64,47250000,13
tail-age,64,47300000,13
tail-age,64,47350000,13
tail-age,64,47400000,13
tail-age,64,47450000,13
tail-age,64,47500000,13
tail-age,64,47550000,13
tail-age,64,47600000,13
tail-age,64,47650000,13
tail-age,64,47700000,13
tail-age,64,47750000,13
tail-age,64,47800000,13
tail-age,64,47850000,13
tail-age,64,47900000,13
tail-age,64,47950000,13
tail-age,64,48000000,13
tail-age,64,48050000,13
tail-age,64,48100000,13
tail-age,64,48150000,13
tail-age,64,48200000,13
tail-age,64,48250000,13
tail-age,64,48300000,13
tail-age,64,48350000,13
tail-age,64,48400000,13
tail-age,64,48450000,13
tail-age,64,48500000,13
tail-age,64,48550000,13
tail-age,64,48600000,13
tail-age,64,48650000,13
tail-age,64,48700000,13
tail-age,64,48750000,13
tail-age,64,48800000,13
tail-age,64,48850000,13
tail-age,64,48900000,13
tail-age,64,48950000,13
tail-age,64,49000000,13
tail-age,64,49050000,13
tail-age,64,49100000,13
tail-age,64,49150000,13
tail-age,64,49200000,13
tail-age,64,49250000,13
tail-age,64,49300000,13
tail-age,64,49350000,13
tail-age,64,49400000,13
tail-age,64,49450000,13
tail-age,64,49500000,13
tail-age,64,49550000,13
tail-age,64,49600000,13
tail-age,64,49650000,13
tail-age,64,49700000,13
tail-age,64,49750000,13
tail-age,64,49800000,13
tail-age,64,49850000,13
tail-age,64,49900000,13
tail-age,64,49950000,13
tail-age,64,50000000,13
tail-age,64,50050000,13
tail-age,64,50100000,13
tail-age,64,50150000,13
tail-age,64,50200000,13
tail-age,64,50250000,13
tail-age,64,50300000,13
tail-age,64,50350000,13
tail-age,64,50400000,13
tail-age,64,50450000,13
tail-age,64,50500000,13
tail-age,64,50550000,13
tail-age,64,50600000,13
tail-age,64,50650000,13
tail-age,64,50700000,13
tail-age,64,50750000,13
tail-age,64,50800000,13
tail-age,64,50850000,13
tail-age,64,50900000,13
tail-age,64,50950000,13
tail-age,64,51000000,13
tail-age,64,51050000,13
tail-age,64,51100000,13
tail-age,64,51150000,13
tail-age,64,51200000,13
tail-age,64,51250000,13
tail-age,64,51300000,13
tail-age,64,51350000,13
tail-age,64,51400000,13
tail-age,64,51450000,13
tail-age,64,51500000,13
tail-age,64,51550000,13
tail-age,64,51600000,13
tail-age,64,51650000,13
tail-age,64,51700000,13
tail-age,64,51750000,13
tail-age,64,51800000,13
tail-age,64,51850000,13
tail-age,64,51900000,13
tail-age,64,51950000,13
tail-age,64,52000000,13
tail-age,64,52050000,13
tail-age,64,52100000,13
tail-age,64,52150000,13
tail-age,64,52200000,13
tail-age,64,52250000,13
tail-age,64,52300000,13
tail-age,64,52350000,13
tail-age,64,52400000,13
tail-age,64,52450000,13
tail-age,64,52500000,13
tail-age,64,52550000,13
tail-age,64,52600000,13
tail-age,64,52650000,13
tail-age,64,52700000,13
tail-age,64,52750000,13
tail-age,64,52800000,13
tail-age,64,52850000,13
tail-age,64,52900000,13
tail-age,64,52950000,13
tail-age,64,53000000,13
tail-age,64,53050000,13
tail-age,64,53100000,13
tail-age,64,53150000,13
tail-age,64,53200000,13
tail-age,64,53250000,13
tail-age,64,53300000,13
tail-age,64,53350000,13
tail-age,64,53400000,13
tail-age,64,53450000,13
tail-age,64,53500000,13
tail-age,64,53550000,13
tail-age,64,53600000,13
tail-age,64,53650000,13
tail-age,64,53700000,13
tail-age,64,53750000,13
tail-age,64,53800000,13
tail-age,64,53850000,13
tail-age,64,53900000,13
tail-age,64,53950000,13
tail-age,64,54000000,13
tail-age,64,54050000,13
tail-age,64,54100000,13
tail-age,64,54150000,13
tail-age,64,54200000,13
tail-age,64,54250000,13
tail-age,64,54300000,13
tail-age,64,54350000,13
tail-age,64,54400000,13
tail-age,64,54450000,13
tail-age,64,54500000,13
tail-age,64,54550000,13
tail-age,64,54600000,13
tail-age,64,54650000,13
tail-age,64,54700000,13
tail-age,64,54750000,13
tail-age,64,54800000,13
tail-age,64,54850000,13
tail-age,64,54900000,13
tail-age,64,54950000,13
tail-age,64,55000000,13
tail-age,64,55050000,13
tail-age,64,55100000,13
tail-age,64,55150000,13
tail-age,64,55200000,13
tail-age,64,55250000,13
tail-age,64,55300000,13
tail-age,64,55350000,13
tail-age,64,55400000,13
tail-age,64,55450000,13
tail-age,64,55500000,13
tail-age,64,55550000,13
tail-age,64,55600000,13
tail-age,64,55650000,13
tail-age,64,55700000,13
tail-age,64,55750000,13
tail-age,64,55800000,13
tail-age,64,55850000,13
tail-age,64,55900000,13
tail-age,64,55950000,13
tail-age,64,56000000,13
tail-age,64,56050000,13
tail-age,64,56100000,13
tail-age,64,56150000,13
tail-age,64,56200000,13
tail-age,64,56250000,13
tail-age,64,56300000,13
tail-age,64,56350000,13
tail-age,64,56400000,13
tail-age,64,56450000,13
tail-age,64,56500000,13
tail-age,64,56550000,13
tail-age,64,56600000,13
tail-age,64,56650000,13
tail-age,64,56700000,13
tail-age,64,56750000,13
tail-age,64,56800000,13
tail-age,64,56850000,13
tail-age,64,56900000,13
tail-age,64,56950000,13
tail-age,64,57000000,13
tail-age,64,57050000,13
tail-age,64,57100000,13
tail-age,64,57150000,13
tail-age,64,57200000,13
tail-age,64,57250000,13
tail-age,64,57300000,13
tail-age,64,57350000,13
tail-age,64,57400000,13
tail-age,64,57450000,13
tail-age,64,57500000,13
tail-age,64,57550000,13
tail-age,64,57600000,13
tail-age,64,57650000,13
tail-age,64,57700000,13
tail-age,64,57750000,13
tail-age,64,57800000,13
tail-age,64,57850000,13
tail-age,64,57900000,13
tail-age,64,57950000,13
tail-age,64,58000000,13
tail-age,64,58050000,13
tail-age,64,58100000,13
tail-age,64,58150000,13
tail-age,64,58200000,13
tail-age,64,58250000,13
tail-age,64,58300000,13
tail-age,64,58350000,13
tail-age,64,58400000,13
tail-age,64,58450000,13
tail-age,64,58500000,13
tail-age,64,58550000,13
tail-age,64,58600000,13
tail-age,64,58650000,13
tail-age,64,58700000,13
tail-age,64,58750000,13
tail-age,64,58800000,13
tail-age,64,58850000,13
tail-age,64,58900000,13
tail-age,64,58950000,13
tail-age,64,59000000,13
tail-age,64,59050000,13
tail-age,64,59100000,13
tail-age,64,59150000,13
tail-age,64,59200000,13
tail-age,64,59250000,13
tail-age,64,59300000,13
tail-age,64,59350000,13
tail-age,64,59400000,13
tail-age,64,59450000,13
tail-age,64,59500000,13
tail-age,64,59550000,13
tail-age,64,59600000,13
tail-age,64,59650000,13
tail-age,64,59700000,13
tail-age,64,59750000,13
tail-age,64,59800000,13
tail-age,64,59850000,13
tail-age,64,59900000,13
tail-age,64,59950000,13
tail-age,64,60000000,13
tail-age,64,60050000,13
tail-age,64,60100000,13
tail-age,64,60150000,13
tail-age,64,60200000,13
tail-age,64,60250000,13
tail-age,64,60300000,13
tail-age,64,60350000,13
tail-age,64,60400000,13
tail-age,64,60450000,13
tail-age,64,60500000,13
tail-age,64,60550000,13
tail-age,64,60600000,13
tail-age,64,60650000,13
tail-age,64,60700000,13
tail-age,64,60750000,13
tail-age,64,60800000,13
tail-age,64,60850000,13
tail-age,64,60900000,13
tail-age,64,60950000,13
tail-age,64,61000000,13
tail-age,64,61050000,13
tail-age,64,61100000,13
tail-age,64,61150000,13
tail-age,64,61200000,13
tail-age,64,61250000,13
tail-age,64,61300000,13
tail-age,64,61350000,13
tail-age,64,61400000,13
tail-age,64,61450000,13
tail-age,64,61500000,13
tail-age,64,61550000,13
tail-age,64,61600000,13
tail-age,64,61650000,13
tail-age,64,61700000,13
tail-age,64,61750000,13
tail-age,64,61800000,13
tail-age,64,61850000,13
tail-age,64,61900000,13
tail-age,64,61950000,13
tail-age,64,62000000,13
tail-age,64,62050000,13
tail-age,64,62100000,13
tail-age,64,62150000,13
tail-age,64,62200000,13
tail-age,64,62250000,13
tail-age,64,62300000,13
tail-age,64,62350000,13
tail-age,64,62400000,13
tail-age,64,62450000,13
tail-age,64,62500000,13
tail-age,64,62550000,13
tail-age,64,62600000,13
tail-age,64,62650000,13
tail-age,64,62700000,13
tail-age,64,62750000,13
tail-age,64,62800000,13
tail-age,64,62850000,13
tail-age,64,62900000,13
tail-age,64,62950000,13
tail-age,64,63000000,13
tail-age,64,63050000,13
tail-age,64,63100000,13
tail-age,64,63150000,13
tail-age,64,63200000,13
tail-age,64,63250000,13
tail-age,64,63300000,13
tail-age,64,63350000,13
tail-age,64,63400000,13
tail-age,64,63450000,13
tail-age,64,63500000,13
tail-age,64,63550000,13
tail-age,64,63600000,13
tail-age,64,63650000,13
tail-age,64,63700000,13
tail-age,64,63750000,13
tail-age,64,63800000,13
tail-age,64,63850000,13
tail-age,64,63900000,13
tail-age,64,63950000,13
tail-age,64,64000000,13
tail-age,64,64050000,13
tail-age,64,64100000,13
tail-age,64,64150000,13
tail-age,64,64200000,13
tail-age,64,64250000,13
tail-age,64,64300000,13
tail-age,64,64350000,13
tail-age,64,64400000,13
tail-age,64,64450000,13
tail-age,64,64500000,13
tail-age,64,64550000,13
tail-age,64,64600000,13
tail-age,64,64650000,13
tail-age,64,64700000,13
tail-age,64,64750000,13
tail-age,64,64800000,13
tail-age,64,64850000,13
tail-age,64,64900000,13
tail-age,64,64950000,13
tail-age,64,65000000,13
tail-age,64,65050000,13
tail-age,64,65100000,13
tail-age,64,65150000,13
tail-age,64,65200000,13
tail-age,64,65250000,13
tail-age,64,65300000,13
tail-age,64,65350000,13
tail-age,64,65400000,13
tail-age,64,65450000,13
tail-age,64,65500000,13
tail-age,64,65550000,13
tail-age,64,65600000,13
tail-age,64,65650000,13
tail-age,64,65700000,13
tail-age,64,65750000,13
tail-age,64,65800000,13
tail-age,64,65850000,13
tail-age,64,65900000,13
tail-age,64,65950000,13
tail-age,64,66000000,13
tail-age,64,66050000,13
tail-age,64,66100000,13
tail-age,64,66150000,13
tail-age,64,66200000,13
tail-age,64,66250000,13
tail-age,64,66300000,13
tail-age,64,66350000,13
tail-age,64,66400000,13
tail-age,64,66450000,13
tail-age,64,66500000,13
tail-age,64,66550000,13
tail-age,64,66600000,13
tail-age,64,66650000,13
tail-age,64,66700000,13
tail-age,64,66750000,13
tail-age,64,66800000,13
tail-age,64,66850000,13
tail-age,64,66900000,13
tail-age,64,66950000,13
tail-age,64,67000000,13
tail-age,64,67050000,13
tail-age,64,67100000,13
tail-age,64,67150000,13
tail-age,64,67200000,13
tail-age,64,67250000,13
tail-age,64,67300000,13
tail-age,64,67350000,13
tail-age,64,67400000,13
tail-age,64,67450000,13
tail-age,64,67500000,13
tail-age,64,67550000,13
tail-age,64,67600000,13
tail-age,64,67650000,13
tail-age,64,67700000,13
tail-age,64,67750000,13
tail-age,64,67800000,13
tail-age,64,67850000,13
tail-age,64,67900000,13
tail-age,64,67950000,13
tail-age,64,68000000,13
tail-age,64,68050000,13
tail-age,64,68100000,13
tail-age,64,68150000,13
tail-age,64,68200000,13
tail-age,64,68250000,13
tail-age,64,68300000,13
tail-age,64,68350000,13
tail-age,64,68400000,13
tail-age,64,68450000,13
tail-age,64,68500000,13
tail-age,64,68550000,13
tail-age,64,68600000,13
tail-age,64,68650000,13
tail-age,64,68700000,13
tail-age,64,68750000,13
tail-age,64,68800000,13
tail-age,64,68850000,13
tail-age,64,68900000,13
tail-age,64,68950000,13
tail-age,64,69000000,13
tail-age,64,69050000,13
tail-age,64,69100000,13
tail-age,64,69150000,13
tail-age,64,69200000,13
tail-age,64,69250000,13
tail-age,64,69300000,13
tail-age,64,69350000,13
tail-age,64,69400000,13
tail-age,64,69450000,13
tail-age,64,69500000,13
tail-age,64,69550000,13
tail-age,64,69600000,13
tail-age,64,69650000,13
tail-age,64,69700000,13
tail-age,64,69750000,13
tail-age,64,69800000,13
tail-age,64,69850000,13
tail-age,64,69900000,13
tail-age,64,69950000,13
tail-age,64,70000000,13
tail-age,64,70050000,13
tail-age,64,70100000,13
tail-age,64,70150000,13
tail-age,64,70200000,13
tail-age,64,70250000,13
tail-age,64,70300000,13
tail-age,64,70350000,13
tail-age,64,70400000,13
tail-age,64,70450000,13
tail-age,64,70500000,13
tail-age,64,70550000,13
tail-age,64,70600000,13
tail-age,64,70650000,13
tail-age,64,70700000,13
tail-age,64,70750000,13
tail-age,64,70800000,13
tail-age,64,70850000,13
tail-age,64,70900000,13
tail-age,64,70950000,13
tail-age,64,71000000,13
tail-age,64,71050000,13
tail-age,64,71100000,13
tail-age,64,71150000,13
tail-age,64,71200000,13
tail-age,64,71250000,13
tail-age,64,71300000,13
tail-age,64,71350000,13
tail-age,64,71400000,13
tail-age,64,71450000,13
tail-age,64,71500000,13
tail-age,64,71550000,13
tail-age,64,71600000,13
tail-age,64,71650000,13
tail-age,64,71700000,13
tail-age,64,71750000,13
tail-age,64,71800000,13
tail-age,64,71850000,13
tail-age,64,71900000,13
tail-age,64,71950000,13
tail-age,64,72000000,13
tail-age,64,72050000,13
tail-age,64,72100000,13
tail-age,64,72150000,13
tail-age,64,72200000,13
tail-age,64,72250000,13
tail-age,64,72300000,13
tail-age,64,72350000,13
tail-age,64,72400000,13
tail-age,64,72450000,13
tail-age,64,72500000,13
tail-age,64,72550000,13
tail-age,64,72600000,13
tail-age,64,72650000,13
tail-age,64,72700000,13
tail-age,64,72750000,13
tail-age,64,72800000,13
tail-age,64,72850000,13
tail-age,64,72900000,13
tail-age,64,72950000,13
tail-age,64,73000000,13
tail-age,64,73050000,13
tail-age,64,73100000,13
tail-age,64,73150000,13
tail-age,64,73200000,13
tail-age,64,73250000,13
tail-age,64,73300000,13
tail-age,64,73350000,13
tail-age,64,73400000,13
tail-age,64,73450000,13
tail-age,64,73500000,13
tail-age,64,73550000,13
tail-age,64,73600000,13
tail-age,64,73650000,13
tail-age,64,73700000,13
tail-age,64,73750000,13
tail-age,64,73800000,13
tail-age,64,73850000,13
tail-age,64,73900000,13
tail-age,64,73950000,13
tail-age,64,74000000,13
tail-age,64,74050000,13
tail-age,64,74100000,13
tail-age,64,74150000,13
tail-age,64,74200000,13
tail-age,64,74250000,13
tail-age,64,74300000,13
tail-age,64,74350000,13
tail-age,64,74400000,13
tail-age,64,74450000,13
tail-age,64,74500000,13
tail-age,64,74550000,13
tail-age,64,74600000,13
tail-age,64,74650000,13
tail-age,64,74700000,13
tail-age,64,74750000,13
tail-age,64,74800000,13
tail-age,64,74850000,13
tail-age,64,74900000,13
tail-age,64,74950000,13
tail-age,64,75000000,13
tail-age,64,75050000,13
tail-age,64,75100000,13
tail-age,64,75150000,13
tail-age,64,75200000,13
tail-age,64,75250000,13
tail-age,64,75300000,13
tail-age,64,75350000,13
tail-age,64,75400000,13
tail-age,64,75450000,13
tail-age,64,75500000,13
tail-age,64,75550000,13
tail-age,64,75600000,13
tail-age,64,75650000,13
tail-age,64,75700000,13
tail-age,64,75750000,13
tail-age,64,75800000,13
tail-age,64,75850000,13
tail-age,64,75900000,13
tail-age,64,75950000,13
tail-age,64,76000000,13
tail-age,64,76050000,13
tail-age,64,76100000,13
tail-age,64,76150000,13
tail-age,64,76200000,13
tail-age,64,76250000,13
tail-age,64,76300000,13
tail-age,64,76350000,13
tail-age,64,76400000,13
tail-age,64,76450000,13
tail-age,64,76500000,13
tail-age,64,76550000,13
tail-age,64,76600000,13
tail-age,64,76650000,13
tail-age,64,76700000,13
tail-age,64,76750000,13
tail-age,64,76800000,13
tail-age,64,76850000,13
tail-age,64,76900000,13
tail-age,64,76950000,13
tail-age,64,77000000,13
tail-age,64,77050000,13
tail-age,64,77100000,13
tail-age,64,77150000,13
tail-age,64,77200000,13
tail-age,64,77250000,13
tail-age,64,77300000,13
tail-age,64,77350000,13
tail-age,64,77400000,13
tail-age,64,77450000,13
tail-age,64,77500000,13
tail-age,64,77550000,13
tail-age,64,77600000,13
tail-age,64,77650000,13
tail-age,64,77700000,13
tail-age,64,77750000,13
tail-age,64,77800000,13
tail-age,64,77850000,13
tail-age,64,77900000,13
tail-age,64,77950000,13
tail-age,64,78000000,13
tail-age,64,78050000,13
tail-age,64,78100000,13
tail-age,64,78150000,13
tail-age,64,78200000,13
tail-age,64,78250000,13
tail-age,64,78300000,13
tail-age,64,78350000,13
tail-age,64,78400000,13
tail-age,64,78450000,13
tail-age,64,78500000,13
tail-age,64,78550000,13
tail-age,64,78600000,13
tail-age,64,78650000,13
tail-age,64,78700000,13
tail-age,64,78750000,13
tail-age,64,78800000,13
tail-age,64,78850000,13
tail-age,64,78900000,13
tail-age,64,78950000,13
tail-age,64,79000000,13
tail-age,64,79050000,13
tail-age,64,79100000,13
tail-age,64,79150000,13
tail-age,64,79200000,13
tail-age,64,79250000,13
tail-age,64,79300000,13
tail-age,64,79350000,13
tail-age,64,79400000,13
tail-age,64,79450000,13
tail-age,64,79500000,13
tail-age,64,79550000,13
tail-age,64,79600000,13
tail-age,64,79650000,13
tail-age,64,79700000,13
tail-age,64,79750000,13
tail-age,64,79800000,13
tail-age,64,79850000,13
tail-age,64,79900000,13
tail-age,64,79950000,13
hits,32,50000,13
hits,32,100000,11
hits,32,150000,12
hits,32,200000,12
hits,32,250000,11
hits,32,300000,11
hits,32,350000,10
hits,32,400000,10
hits,32,450000,9
hits,32,500000,8
hits,32,550000,7
hits,32,600000,7
hits,32,650000,7
hits,32,700000,7
hits,32,750000,7
hits,32,800000,7
hits,32,850000,7
hits,32,900000,7
hits,32,950000,7
hits,32,1000000,7
hits,32,1050000,7
hits,32,1100000,7
hits,32,1150000,7
hits,32,1200000,7
hits,32,1250000,7
hits,32,1300000,7
hits,32,1350000,7
hits,32,1400000,7
hits,32,1450000,7
hits,32,1500000,7
hits,32,1550000,7
hits,32,1600000,7
hits,32,1650000,7
hits,32,1700000,7
hits,32,1750000,7
hits,32,1800000,7
hits,32,1850000,7
hits,32,1900000,7
hits,32,1950000,7
hits,32,2000000,7
hits,32,2050000,7
hits,32,2100000,7
hits,32,2150000,7
hits,32,2200000,7
hits,32,2250000,7
hits,32,2300000,7
hits,32,2350000,7
hits,32,2400000,7
hits,32,2450000,7
hits,32,2500000,7
hits,32,2550000,7
hits,32,2600000,7
hits,32,2650000,7
hits,32,2700000,7
hits,32,2750000,7
hits,32,2800000,7
hits,32,2850000,7
hits,32,2900000,7
hits,32,2950000,7
hits,32,3000000,7
hits,32,3050000,7
hits,32,3100000,7
hits,32,3150000,7
hits,32,3200000,7
hits,32,3250000,7
hits,32,3300000,7
hits,32,3350000,7
hits,32,3400000,7
hits,32,3450000,7
hits,32,3500000,7
hits,32,3550000,7
hits,32,3600000,7
hits,32,3650000,7
hits,32,3700000,7
hits,32,3750000,7
hits,32,3800000,7
hits,32,3850000,7
hits,32,3900000,7
hits,32,3950000,7
hits,32,4000000,7
hits,32,4050000,7
hits,32,4100000,7
hits,32,4150000,7
hits,32,4200000,7
hits,32,4250000,7
hits,32,4300000,7
hits,32,4350000,7
hits,32,4400000,7
hits,32,4450000,7
hits,32,4500000,7
hits,32,4550000,7
hits,32,4600000,7
hits,32,4650000,7
hits,32,4700000,7
hits,32,4750000,7
hits,32,4800000,7
hits,32,4850000,7
hits,32,4900000,7
hits,32,4950000,7
hits,32,5000000,7
hits,32,5050000,7
hits,32,5100000,7
hits,32,5150000,7
hits,32,5200000,7
hits,32,5250000,7
hits,32,5300000,7
hits,32,5350000,7
hits,32,5400000,7
hits,32,5450000,7
hits,32,5500000,7
hits,32,5550000,7
hits,32,5600000,7
hits,32,5650000,7
hits,32,5700000,7
hits,32,5750000,7
hits,32,5800000,7
hits,32,5850000,7
hits,32,5900000,7
hits,32,5950000,7
hits,32,6000000,7
hits,32,6050000,7
hits,32,6100000,7
hits,32,6150000,7
hits,32,6200000,7
hits,32,6250000,7
hits,32,6300000,7
hits,32,6350000,7
hits,32,6400000,7
hits,32,6450000,7
hits,32,6500000,7
hits,32,6550000,7
hits,32,6600000,7
hits,32,6650000,7
hits,32,6700000,7
hits,32,6750000,7
hits,32,6800000,7
hits,32,6850000,7
hits,32,6900000,7
hits,32,6950000,7
hits,32,7000000,7
hits,32,7050000,7
hits,32,7100000,7
hits,32,7150000,7
hits,32,7200000,7
hits,32,7250000,7
hits,32,7300000,7
hits,32,7350000,7
hits,32,7400000,7
hits,32,7450000,7
hits,32,7500000,7
hits,32,7550000,7
hits,32,7600000,7
hits,32,7650000,7
hits,32,7700000,7
hits,32,7750000,7
hits,32,7800000,7
hits,32,7850000,7
hits,32,7900000,7
hits,32,7950000,7
hits,32,8000000,7
hits,32,8050000,7
hits,32,8100000,7
hits,32,8150000,7
hits,32,8200000,7
hits,32,8250000,7
hits,32,8300000,7
hits,32,8350000,7
hits,32,8400000,7
hits,32,8450000,7
hits,32,8500000,7
hits,32,8550000,7
hits,32,8600000,7
hits,32,8650000,7
hits,32,8700000,7
hits,32,8750000,7
hits,32,8800000,7
hits,32,8850000,7
hits,32,8900000,7
hits,32,8950000,7
hits,32,9000000,7
hits,32,9050000,7
hits,32,9100000,7
hits,32,9150000,7
hits,32,9200000,7
hits,32,9250000,7
hits,32,9300000,7
hits,32,9350000,7
hits,32,9400000,7
hits,32,9450000,7
hits,32,9500000,7
hits,32,9550000,7
hits,32,9600000,7
hits,32,9650000,7
hits,32,9700000,7
hits,32,9750000,7
hits,32,9800000,7
hits,32,9850000,7
hits,32,9900000,7
hits,32,9950000,7
hits,32,10000000,7
hits,32,10050000,7
hits,32,10100000,7
hits,32,10150000,7
hits,32,10200000,7
hits,32,10250000,7
hits,32,10300000,7
hits,32,10350000,7
hits,32,10400000,7
hits,32,10450000,7
hits,32,10500000,7
hits,32,10550000,7
hits,32,10600000,7
hits,32,10650000,7
hits,32,10700000,7
hits,32,10750000,7
hits,32,10800000,7
hits,32,10850000,7
hits,32,10900000,7
hits,32,10950000,7
hits,32,11000000,7
hits,32,11050000,7
hits,32,11100000,7
hits,32,11150000,7
hits,32,11200000,7
hits,32,11250000,7
hits,32,11300000,7
hits,32,11350000,7
hits,32,11400000,7
hits,32,11450000,7
hits,32,11500000,7
hits,32,11550000,7
hits,32,11600000,7
hits,32,11650000,7
hits,32,11700000,7
hits,32,11750000,7
hits,32,11800000,7
hits,32,11850000,7
hits,32,11900000,7
hits,32,11950000,7
hits,32,12000000,7
hits,32,12050000,7
hits,32,12100000,7
hits,32,12150000,7
hits,32,12200000,7
hits,32,12250000,7
hits,32,12300000,7
hits,32,12350000,7
hits,32,12400000,7
hits,32,12450000,7
hits,32,12500000,7
hits,32,12550000,7
hits,32,12600000,7
hits,32,12650000,7
hits,32,12700000,7
hits,32,12750000,7
hits,32,12800000,7
hits,32,12850000,7
hits,32,12900000,7
hits,32,12950000,7
hits,32,13000000,7
hits,32,13050000,7
hits,32,13100000,7
hits,32,13150000,7
hits,32,13200000,7
hits,32,13250000,7
hits,32,13300000,7
hits,32,13350000,7
hits,32,13400000,7
hits,32,13450000,7
hits,32,13500000,7
hits,32,13550000,7
hits,32,13600000,7
hits,32,13650000,7
hits,32,13700000,7
hits,32,13750000,7
hits,32,13800000,7
hits,32,13850000,7
hits,32,13900000,7
hits,32,13950000,7
hits,32,14000000,7
hits,32,14050000,7
hits,32,14100000,7
hits,32,14150000,7
hits,32,14200000,7
hits,32,14250000,7
hits,32,14300000,7
hits,32,14350000,7
hits,32,14400000,7
hits,32,14450000,7
hits,32,14500000,7
hits,32,14550000,7
hits,32,14600000,7
hits,32,14650000,7
hits,32,14700000,7
hits,32,14750000,7
hits,32,14800000,7
hits,32,14850000,7
hits,32,14900000,7
hits,32,14950000,7
hits,32,15000000,7
hits,32,15050000,7
hits,32,15100000,7
hits,32,15150000,7
hits,32,15200000,7
hits,32,15250000,7
hits,32,15300000,7
hits,32,15350000,7
hits,32,15400000,7
hits,32,15450000,7
hits,32,15500000,7
hits,32,15550000,7
hits,32,15600000,7
hits,32,15650000,7
hits,32,15700000,7
hits,32,15750000,7
hits,32,15800000,7
hits,32,15850000,7
hits,32,15900000,7
hits,32,15950000,7
hits,32,16000000,7
hits,32,16050000,7
hits,32,16100000,7
hits,32,16150000,7
hits,32,16200000,7
hits,32,16250000,7
hits,32,16300000,7
hits,32,16350000,7
hits,32,16400000,7
hits,32,16450000,7
hits,32,16500000,7
hits,32,16550000,7
hits,32,16600000,7
hits,32,16650000,7
hits,32,16700000,7
hits,32,16750000,7
hits,32,16800000,7
hits,32,16850000,7
hits,32,16900000,7
hits,32,16950000,7
hits,32,17000000,7
hits,32,17050000,7
hits,32,17100000,7
hits,32,17150000,7
hits,32,17200000,7
hits,32,17250000,7
hits,32,17300000,7
hits,32,17350000,7
hits,32,17400000,7
hits,32,17450000,7
hits,32,17500000,7
hits,32,17550000,7
hits,32,17600000,7
hits,32,17650000,7
hits,32,17700000,7
hits,32,17750000,7
hits,32,17800000,7
hits,32,17850000,7
hits,32,17900000,7
hits,32,17950000,7
hits,32,18000000,7
hits,32,18050000,7
hits,32,18100000,7
hits,32,18150000,7
hits,32,18200000,7
hits,32,18250000,7
hits,32,18300000,7
hits,32,18350000,7
hits,32,18400000,7
hits,32,18450000,7
hits,32,18500000,7
hits,32,18550000,7
hits,32,18600000,7
hits,32,18650000,7
hits,32,18700000,7
hits,32,18750000,7
hits,32,18800000,7
hits,32,18850000,7
hits,32,18900000,7
hits,32,18950000,7
hits,32,19000000,7
hits,32,19050000,7
hits,32,19100000,7
hits,32,19150000,7
hits,32,19200000,7
hits,32,19250000,7
hits,32,19300000,7
hits,32,19350000,7
hits,32,19400000,7
hits,32,19450000,7
hits,32,19500000,7
hits,32,19550000,7
hits,32,19600000,7
hits,32,19650000,7
hits,32,19700000,7
hits,32,19750000,7
hits,32,19800000,7
hits,32,19850000,7
hits,32,19900000,7
hits,32,19950000,7
hits,32,20000000,7
hits,32,20050000,7
hits,32,20100000,7
hits,32,20150000,7
hits,32,20200000,7
hits,32,20250000,7
hits,32,20300000,7
hits,32,20350000,7
hits,32,20400000,7
hits,32,20450000,7
hits,32,20500000,7
hits,32,20550000,7
hits,32,20600000,7
hits,32,20650000,7
hits,32,20700000,7
hits,32,20750000,7
hits,32,20800000,7
hits,32,20850000,7
hits,32,20900000,7
hits,32,20950000,7
hits,32,21000000,7
hits,32,21050000,7
hits,32,21100000,7
hits,32,21150000,7
hits,32,21200000,7
hits,32,21250000,7
hits,32,21300000,7
hits,32,21350000,7
hits,32,21400000,7
hits,32,21450000,7
hits,32,21500000,7
hits,32,21550000,7
hits,32,21600000,7
hits,32,21650000,7
hits,32,21700000,7
hits,32,21750000,7
hits,32,21800000,7
hits,32,21850000,7
hits,32,21900000,7
hits,32,21950000,7
hits,32,22000000,7
hits,32,22050000,7
hits,32,22100000,7
hits,32,22150000,7
hits,32,22200000,7
hits,32,22250000,7
hits,32,22300000,7
hits,32,22350000,7
hits,32,22400000,7
hits,32,22450000,7
hits,32,22500000,7
hits,32,22550000,7
hits,32,22600000,7
hits,32,22650000,7
hits,32,22700000,7
hits,32,22750000,7
hits,32,22800000,7
hits,32,22850000,7
hits,32,22900000,7
hits,32,22950000,7
hits,32,23000000,7
hits,32,23050000,7
hits,32,23100000,7
hits,32,23150000,7
hits,32,23200000,7
hits,32,23250000,7
hits,32,23300000,7
hits,32,23350000,7
hits,32,23400000,7
hits,32,23450000,7
hits,32,23500000,7
hits,32,23550000,7
hits,32,23600000,7
hits,32,23650000,7
hits,32,23700000,7
hits,32,23750000,7
hits,32,23800000,7
hits,32,23850000,7
hits,32,23900000,7
hits,32,23950000,7
hits,32,24000000,7
hits,32,24050000,7
hits,32,24100000,7
hits,32,24150000,7
hits,32,24200000,7
hits,32,24250000,7
hits,32,24300000,7
hits,32,24350000,7
hits,32,24400000,7
hits,32,24450000,7
hits,32,24500000,7
hits,32,24550000,7
hits,32,24600000,7
hits,32,24650000,7
hits,32,24700000,7
hits,32,24750000,7
hits,32,24800000,7
hits,32,24850000,7
hits,32,24900000,7
hits,32,24950000,7
hits,32,25000000,7
hits,32,25050000,7
hits,32,25100000,7
hits,32,25150000,7
hits,32,25200000,7
hits,32,25250000,7
hits,32,25300000,7
hits,32,25350000,7
hits,32,25400000,7
hits,32,25450000,7
hits,32,25500000,7
hits,32,25550000,7
hits,32,25600000,7
hits,32,25650000,7
hits,32,25700000,7
hits,32,25750000,7
hits,32,25800000,7
hits,32,25850000,7
hits,32,25900000,7
hits,32,25950000,7
hits,32,26000000,7
hits,32,26050000,7
hits,32,26100000,7
hits,32,26150000,7
hits,32,26200000,7
hits,32,26250000,7
hits,32,26300000,7
hits,32,26350000,7
hits,32,26400000,7
hits,32,26450000,7
hits,32,26500000,7
hits,32,26550000,7
hits,32,26600000,7
hits,32,26650000,7
hits,32,26700000,7
hits,32,26750000,7
hits,32,26800000,7
hits,32,26850000,7
hits,32,26900000,7
hits,32,26950000,7
hits,32,27000000,7
hits,32,27050000,7
hits,32,27100000,7
hits,32,27150000,7
hits,32,27200000,7
hits,32,27250000,7
hits,32,27300000,7
hits,32,27350000,7
hits,32,27400000,7
hits,32,27450000,7
hits,32,27500000,7
hits,32,27550000,7
hits,32,27600000,7
hits,32,27650000,7
hits,32,27700000,7
hits,32,27750000,7
hits,32,27800000,7
hits,32,27850000,7
hits,32,27900000,7
hits,32,27950000,7
hits,32,28000000,7
hits,32,28050000,7
hits,32,28100000,7
hits,32,28150000,7
hits,32,28200000,7
hits,32,28250000,7
hits,32,28300000,7
hits,32,28350000,7
hits,32,28400000,7
hits,32,28450000,7
hits,32,28500000,7
hits,32,28550000,7
hits,32,28600000,7
hits,32,28650000,7
hits,32,28700000,7
hits,32,28750000,7
hits,32,28800000,7
hits,32,28850000,7
hits,32,28900000,7
hits,32,28950000,7
hits,32,29000000,7
hits,32,29050000,7
hits,32,29100000,7
hits,32,29150000,7
hits,32,29200000,7
hits,32,29250000,7
hits,32,29300000,7
hits,32,29350000,7
hits,32,29400000,7
hits,32,29450000,7
hits,32,29500000,7
hits,32,29550000,7
hits,32,29600000,7
hits,32,29650000,7
hits,32,29700000,7
hits,32,29750000,7
hits,32,29800000,7
hits,32,29850000,7
hits,32,29900000,7
hits,32,29950000,7
hits,32,30000000,7
hits,32,30050000,7
hits,32,30100000,7
hits,32,30150000,7
hits,32,30200000,7
hits,32,30250000,7
hits,32,30300000,7
hits,32,30350000,7
hits,32,30400000,7
hits,32,30450000,7
hits,32,30500000,7
hits,32,30550000,7
hits,32,30600000,7
hits,32,30650000,7
hits,32,30700000,7
hits,32,30750000,7
hits,32,30800000,7
hits,32,30850000,7
hits,32,30900000,7
hits,32,30950000,7
hits,32,31000000,7
hits,32,31050000,7
hits,32,31100000,7
hits,32,31150000,7
hits,32,31200000,7
hits,32,31250000,7
hits,32,31300000,7
hits,32,31350000,7
hits,32,31400000,7
hits,32,31450000,7
hits,32,31500000,7
hits,32,31550000,7
hits,32,31600000,7
hits,32,31650000,7
hits,32,31700000,7
hits,32,31750000,7
hits,32,31800000,7
hits,32,31850000,7
hits,32,31900000,7
hits,32,31950000,7
hits,32,32000000,7
hits,32,32050000,7
hits,32,32100000,7
hits,32,32150000,7
hits,32,32200000,7
hits,32,32250000,7
hits,32,32300000,7
hits,32,32350000,7
hits,32,32400000,7
hits,32,32450000,7
hits,32,32500000,7
hits,32,32550000,7
hits,32,32600000,7
hits,32,32650000,7
hits,32,32700000,7
hits,32,32750000,7
hits,32,32800000,7
hits,32,32850000,7
hits,32,32900000,7
hits,32,32950000,7
hits,32,33000000,7
hits,32,33050000,7
hits,32,33100000,7
hits,32,33150000,7
hits,32,33200000,7
hits,32,33250000,7
hits,32,33300000,7
hits,32,33350000,7
hits,32,33400000,7
hits,32,33450000,7
hits,32,33500000,7
hits,32,33550000,7
hits,32,33600000,7
hits,32,33650000,7
hits,32,33700000,7
hits,32,33750000,7
hits,32,33800000,7
hits,32,33850000,7
hits,32,33900000,7
hits,32,33950000,7
hits,32,34000000,7
hits,32,34050000,7
hits,32,34100000,7
hits,32,34150000,7
hits,32,34200000,7
hits,32,34250000,7
hits,32,34300000,7
hits,32,34350000,7
hits,32,34400000,7
hits,32,34450000,7
hits,32,34500000,7
hits,32,34550000,7
hits,32,34600000,7
hits,32,34650000,7
hits,32,34700000,7
hits,32,34750000,7
hits,32,34800000,7
hits,32,34850000,7
hits,32,34900000,7
hits,32,34950000,7
hits,32,35000000,7
hits,32,35050000,7
hits,32,35100000,7
hits,32,35150000,7
hits,32,35200000,7
hits,32,35250000,7
hits,32,35300000,7
hits,32,35350000,7
hits,32,35400000,7
hits,32,35450000,7
hits,32,35500000,7
hits,32,35550000,7
hits,32,35600000,7
hits,32,35650000,7
hits,32,35700000,7
hits,32,35750000,7
hits,32,35800000,7
hits,32,35850000,7
hits,32,35900000,7
hits,32,35950000,7
hits,32,36000000,7
hits,32,36050000,7
hits,32,36100000,7
hits,32,36150000,7
hits,32,36200000,7
hits,32,36250000,7
hits,32,36300000,7
hits,32,36350000,7
hits,32,36400000,7
hits,32,36450000,7
hits,32,36500000,7
hits,32,36550000,7
hits,32,36600000,7
hits,32,36650000,7
hits,32,36700000,7
hits,32,36750000,7
hits,32,36800000,7
hits,32,36850000,7
hits,32,36900000,7
hits,32,36950000,7
hits,32,37000000,7
hits,32,37050000,7
hits,32,37100000,7
hits,32,37150000,7
hits,32,37200000,7
hits,32,37250000,7
hits,32,37300000,7
hits,32,37350000,7
hits,32,37400000,7
hits,32,37450000,7
hits,32,37500000,7
hits,32,37550000,7
hits,32,37600000,7
hits,32,37650000,7
hits,32,37700000,7
hits,32,37750000,7
hits,32,37800000,7
hits,32,37850000,7
hits,32,37900000,7
hits,32,37950000,7
hits,32,38000000,7
hits,32,38050000,7
hits,32,38100000,7
hits,32,38150000,7
hits,32,38200000,7
hits,32,38250000,7
hits,32,38300000,7
hits,32,38350000,7
hits,32,38400000,7
hits,32,38450000,7
hits,32,38500000,7
hits,32,38550000,7
hits,32,38600000,7
hits,32,38650000,7
hits,32,38700000,7
hits,32,38750000,7
hits,32,38800000,7
hits,32,38850000,7
hits,32,38900000,7
hits,32,38950000,7
hits,32,39000000,7
hits,32,39050000,7
hits,32,39100000,7
hits,32,39150000,7
hits,32,39200000,7
hits,32,39250000,7
hits,32,39300000,7
hits,32,39350000,7
hits,32,39400000,7
hits,32,39450000,7
hits,32,39500000,7
hits,32,39550000,7
hits,32,39600000,7
hits,32,39650000,7
hits,32,39700000,7
hits,32,39750000,7
hits,32,39800000,7
hits,32,39850000,7
hits,32,39900000,7
hits,32,39950000,7
hits,32,40000000,7
hits,32,40050000,7
hits,32,40100000,7
hits,32,40150000,7
hits,32,40200000,7
hits,32,40250000,7
hits,32,40300000,7
hits,32,40350000,7
hits,32,40400000,7
hits,32,40450000,7
hits,32,40500000,7
hits,32,40550000,7
hits,32,40600000,7
hits,32,40650000,7
hits,32,40700000,7
hits,32,40750000,7
hits,32,40800000,7
hits,32,40850000,7
hits,32,40900000,7
hits,32,40950000,7
hits,32,41000000,7
hits,32,41050000,7
hits,32,41100000,7
hits,32,41150000,7
hits,32,41200000,7
hits,32,41250000,7
hits,32,41300000,7
hits,32,41350000,7
hits,32,41400000,7
hits,32,41450000,7
hits,32,41500000,7
hits,32,41550000,7
hits,32,41600000,7
hits,32,41650000,7
hits,32,41700000,7
hits,32,41750000,7
hits,32,41800000,7
hits,32,41850000,7
hits,32,41900000,7
hits,32,41950000,7
hits,32,42000000,7
hits,32,42050000,7
hits,32,42100000,7
hits,32,42150000,7
hits,32,42200000,7
hits,32,42250000,7
hits,32,42300000,7
hits,32,42350000,7
hits,32,42400000,7
hits,32,42450000,7
hits,32,42500000,7
hits,32,42550000,7
hits,32,42600000,7
hits,32,42650000,7
hits,32,42700000,7
hits,32,42750000,7
hits,32,42800000,7
hits,32,42850000,7
hits,32,42900000,7
hits,32,42950000,7
hits,32,43000000,7
hits,32,43050000,7
hits,32,43100000,7
hits,32,43150000,7
hits,32,43200000,7
hits,32,43250000,7
hits,32,43300000,7
hits,32,43350000,7
hits,32,43400000,7
hits,32,43450000,7
hits,32,43500000,7
hits,32,43550000,7
hits,32,43600000,7
hits,32,43650000,7
hits,32,43700000,7
hits,32,43750000,7
hits,32,43800000,7
hits,32,43850000,7
hits,32,43900000,7
hits,32,43950000,7
hits,32,44000000,7
hits,32,44050000,7
hits,32,44100000,7
hits,32,44150000,7
hits,32,44200000,7
hits,32,44250000,7
hits,32,44300000,7
hits,32,44350000,7
hits,32,44400000,7
hits,32,44450000,7
hits,32,44500000,7
hits,32,44550000,7
hits,32,44600000,7
hits,32,44650000,7
hits,32,44700000,7
hits,32,44750000,7
hits,32,44800000,7
hits,32,44850000,7
hits,32,44900000,7
hits,32,44950000,7
hits,32,45000000,7
hits,32,45050000,7
hits,32,45100000,7
hits,32,45150000,7
hits,32,45200000,7
hits,32,45250000,7
hits,32,45300000,7
hits,32,45350000,7
hits,32,45400000,7
hits,32,45450000,7
hits,32,45500000,7
hits,32,45550000,7
hits,32,45600000,7
hits,32,45650000,7
hits,32,45700000,7
hits,32,45750000,7
hits,32,45800000,7
hits,32,45850000,7
hits,32,45900000,7
hits,32,45950000,7
hits,32,46000000,7
hits,32,46050000,7
hits,32,46100000,7
hits,32,46150000,7
hits,32,46200000,7
hits,32,46250000,7
hits,32,46300000,7
hits,32,46350000,7
hits,32,46400000,7
hits,32,46450000,7
hits,32,46500000,7
hits,32,46550000,7
hits,32,46600000,7
hits,32,46650000,7
hits,32,46700000,7
hits,32,46750000,7
hits,32,46800000,7
hits,32,46850000,7
hits,32,46900000,7
hits,32,46950000,7
hits,32,47000000,7
hits,32,47050000,7
hits,32,47100000,7
hits,32,47150000,7
hits,32,47200000,7
hits,32,47250000,7
hits,32,47300000,7
hits,32,47350000,7
hits,32,47400000,7
hits,32,47450000,7
hits,32,47500000,7
hits,32,47550000,7
hits,32,47600000,7
hits,32,47650000,7
hits,32,47700000,7
hits,32,47750000,7
hits,32,47800000,7
hits,32,47850000,7
hits,32,47900000,7
hits,32,47950000,7
hits,32,48000000,7
hits,32,48050000,7
hits,32,48100000,7
hits,32,48150000,7
hits,32,48200000,7
hits,32,48250000,7
hits,32,48300000,7
hits,32,48350000,7
hits,32,48400000,7
hits,32,48450000,7
hits,32,48500000,7
hits,32,48550000,7
hits,32,48600000,7
hits,32,48650000,7
hits,32,48700000,7
hits,32,48750000,7
hits,32,48800000,7
hits,32,48850000,7
hits,32,48900000,7
hits,32,48950000,7
hits,32,49000000,7
hits,32,49050000,7
hits,32,49100000,7
hits,32,49150000,7
hits,32,49200000,7
hits,32,49250000,7
hits,32,49300000,7
hits,32,49350000,7
hits,32,49400000,7
hits,32,49450000,7
hits,32,49500000,7
hits,32,49550000,7
hits,32,49600000,7
hits,32,49650000,7
hits,32,49700000,7
hits,32,49750000,7
hits,32,49800000,7
hits,32,49850000,7
hits,32,49900000,7
hits,32,49950000,7
hits,32,50000000,7
hits,32,50050000,7
hits,32,50100000,7
hits,32,50150000,7
hits,32,50200000,7
hits,32,50250000,7
hits,32,50300000,7
hits,32,50350000,7
hits,32,50400000,7
hits,32,50450000,7
hits,32,50500000,7
hits,32,50550000,7
hits,32,50600000,7
hits,32,50650000,7
hits,32,50700000,7
hits,32,50750000,7
hits,32,50800000,7
hits,32,50850000,7
hits,32,50900000,7
hits,32,50950000,7
hits,32,51000000,7
hits,32,51050000,7
hits,32,51100000,7
hits,32,51150000,7
hits,32,51200000,7
hits,32,51250000,7
hits,32,51300000,7
hits,32,51350000,7
hits,32,51400000,7
hits,32,51450000,7
hits,32,51500000,7
hits,32,51550000,7
hits,32,51600000,7
hits,32,51650000,7
hits,32,51700000,7
hits,32,51750000,7
hits,32,51800000,7
hits,32,51850000,7
hits,32,51900000,7
hits,32,51950000,7
hits,32,52000000,7
hits,32,52050000,7
hits,32,52100000,7
hits,32,52150000,7
hits,32,52200000,7
hits,32,52250000,7
hits,32,52300000,7
hits,32,52350000,7
hits,32,52400000,7
hits,32,52450000,7
hits,32,52500000,7
hits,32,52550000,7
hits,32,52600000,7
hits,32,52650000,7
hits,32,52700000,7
hits,32,52750000,7
hits,32,52800000,7
hits,32,52850000,7
hits,32,52900000,7
hits,32,52950000,7
hits,32,53000000,7
hits,32,53050000,7
hits,32,53100000,7
hits,32,53150000,7
hits,32,53200000,7
hits,32,53250000,7
hits,32,53300000,7
hits,32,53350000,7
hits,32,53400000,7
hits,32,53450000,7
hits,32,53500000,7
hits,32,53550000,7
hits,32,53600000,7
hits,32,53650000,7
hits,32,53700000,7
hits,32,53750000,7
hits,32,53800000,7
hits,32,53850000,7
hits,32,53900000,7
hits,32,53950000,7
hits,32,54000000,7
hits,32,54050000,7
hits,32,54100000,7
hits,32,54150000,7
hits,32,54200000,7
hits,32,54250000,7
hits,32,54300000,7
hits,32,54350000,7
hits,32,54400000,7
hits,32,54450000,7
hits,32,54500000,7
hits,32,54550000,7
hits,32,54600000,7
hits,32,54650000,7
hits,32,54700000,7
hits,32,54750000,7
hits,32,54800000,7
hits,32,54850000,7
hits,32,54900000,7
hits,32,54950000,7
hits,32,55000000,7
hits,32,55050000,7
hits,32,55100000,7
hits,32,55150000,7
hits,32,55200000,7
hits,32,55250000,7
hits,32,55300000,7
hits,32,55350000,7
hits,32,55400000,7
hits,32,55450000,7
hits,32,55500000,7
hits,32,55550000,7
hits,32,55600000,7
hits,32,55650000,7
hits,32,55700000,7
hits,32,55750000,7
hits,32,55800000,7
hits,32,55850000,7
hits,32,55900000,7
hits,32,55950000,7
hits,32,56000000,7
hits,32,56050000,7
hits,32,56100000,7
hits,32,56150000,7
hits,32,56200000,7
hits,32,56250000,7
hits,32,56300000,7
hits,32,56350000,7
hits,32,56400000,7
hits,32,56450000,7
hits,32,56500000,7
hits,32,56550000,7
hits,32,56600000,7
hits,32,56650000,7
hits,32,56700000,7
hits,32,56750000,7
hits,32,56800000,7
hits,32,56850000,7
hits,32,56900000,7
hits,32,56950000,7
hits,32,57000000,7
hits,32,57050000,7
hits,32,57100000,7
hits,32,57150000,7
hits,32,57200000,7
hits,32,57250000,7
hits,32,57300000,7
hits,32,57350000,7
hits,32,57400000,7
hits,32,57450000,7
hits,32,57500000,7
hits,32,57550000,7
hits,32,57600000,7
hits,32,57650000,7
hits,32,57700000,7
hits,32,57750000,7
hits,32,57800000,7
hits,32,57850000,7
hits,32,57900000,7
hits,32,57950000,7
hits,32,58000000,7
hits,32,58050000,7
hits,32,58100000,7
hits,32,58150000,7
hits,32,58200000,7
hits,32,58250000,7
hits,32,58300000,7
hits,32,58350000,7
hits,32,58400000,7
hits,32,58450000,7
hits,32,58500000,7
hits,32,58550000,7
hits,32,58600000,7
hits,32,58650000,7
hits,32,58700000,7
hits,32,58750000,7
hits,32,58800000,7
hits,32,58850000,7
hits,32,58900000,7
hits,32,58950000,7
hits,32,59000000,7
hits,32,59050000,7
hits,32,59100000,7
hits,32,59150000,7
hits,32,59200000,7
hits,32,59250000,7
hits,32,59300000,7
hits,32,59350000,7
hits,32,59400000,7
hits,32,59450000,7
hits,32,59500000,7
hits,32,59550000,7
hits,32,59600000,7
hits,32,59650000,7
hits,32,59700000,7
hits,32,59750000,7
hits,32,59800000,7
hits,32,59850000,7
hits,32,59900000,7
hits,32,59950000,7
hits,32,60000000,7
hits,32,60050000,7
hits,32,60100000,7
hits,32,60150000,7
hits,32,60200000,7
hits,32,60250000,7
hits,32,60300000,7
hits,32,60350000,7
hits,32,60400000,7
hits,32,60450000,7
hits,32,60500000,7
hits,32,60550000,7
hits,32,60600000,7
hits,32,60650000,7
hits,32,60700000,7
hits,32,60750000,7
hits,32,60800000,7
hits,32,60850000,7
hits,32,60900000,7
hits,32,60950000,7
hits,32,61000000,7
hits,32,61050000,7
hits,32,61100000,7
hits,32,61150000,7
hits,32,61200000,7
hits,32,61250000,7
hits,32,61300000,7
hits,32,61350000,7
hits,32,61400000,7
hits,32,61450000,7
hits,32,61500000,7
hits,32,61550000,7
hits,32,61600000,7
hits,32,61650000,7
hits,32,61700000,7
hits,32,61750000,7
hits,32,61800000,7
hits,32,61850000,7
hits,32,61900000,7
hits,32,61950000,7
hits,32,62000000,7
hits,32,62050000,7
hits,32,62100000,7
hits,32,62150000,7
hits,32,62200000,7
hits,32,62250000,7
hits,32,62300000,7
hits,32,62350000,7
hits,32,62400000,7
hits,32,62450000,7
hits,32,62500000,7
hits,32,62550000,7
hits,32,62600000,7
hits,32,62650000,7
hits,32,62700000,7
hits,32,62750000,7
hits,32,62800000,7
hits,32,62850000,7
hits,32,62900000,7
hits,32,62950000,7
hits,32,63000000,7
hits,32,63050000,7
hits,32,63100000,7
hits,32,63150000,7
hits,32,63200000,7
hits,32,63250000,7
hits,32,63300000,7
hits,32,63350000,7
hits,32,63400000,7
hits,32,63450000,7
hits,32,63500000,7
hits,32,63550000,7
hits,32,63600000,7
hits,32,63650000,7
hits,32,63700000,7
hits,32,63750000,7
hits,32,63800000,7
hits,32,63850000,7
hits,32,63900000,7
hits,32,63950000,7
hits,32,64000000,7
hits,32,64050000,7
hits,32,64100000,7
hits,32,64150000,7
hits,32,64200000,7
hits,32,64250000,7
hits,32,64300000,7
hits,32,64350000,7
hits,32,64400000,7
hits,32,64450000,7
hits,32,64500000,7
hits,32,64550000,7
hits,32,64600000,7
hits,32,64650000,7
hits,32,64700000,7
hits,32,64750000,7
hits,32,64800000,7
hits,32,64850000,7
hits,32,64900000,7
hits,32,64950000,7
hits,32,65000000,7
hits,32,65050000,7
hits,32,65100000,7
hits,32,65150000,7
hits,32,65200000,7
hits,32,65250000,7
hits,32,65300000,7
hits,32,65350000,7
hits,32,65400000,7
hits,32,65450000,7
hits,32,65500000,7
hits,32,65550000,7
hits,32,65600000,7
hits,32,65650000,7
hits,32,65700000,7
hits,32,65750000,7
hits,32,65800000,7
hits,32,65850000,7
hits,32,65900000,7
hits,32,65950000,7
hits,32,66000000,7
hits,32,66050000,7
hits,32,66100000,7
hits,32,66150000,7
hits,32,66200000,7
hits,32,66250000,7
hits,32,66300000,7
hits,32,66350000,7
hits,32,66400000,7
hits,32,66450000,7
hits,32,66500000,7
hits,32,66550000,7
hits,32,66600000,7
hits,32,66650000,7
hits,32,66700000,7
hits,32,66750000,7
hits,32,66800000,7
hits,32,66850000,7
hits,32,66900000,7
hits,32,66950000,7
hits,32,67000000,7
hits,32,67050000,7
hits,32,67100000,7
hits,32,67150000,7
hits,32,67200000,7
hits,32,67250000,7
hits,32,67300000,7
hits,32,67350000,7
hits,32,67400000,7
hits,32,67450000,7
hits,32,67500000,7
hits,32,67550000,7
hits,32,67600000,7
hits,32,67650000,7
hits,32,67700000,7
hits,32,67750000,7
hits,32,67800000,7
hits,32,67850000,7
hits,32,67900000,7
hits,32,67950000,7
hits,32,68000000,7
hits,32,68050000,7
hits,32,68100000,7
hits,32,68150000,7
hits,32,68200000,7
hits,32,68250000,7
hits,32,68300000,7
hits,32,68350000,7
hits,32,68400000,7
hits,32,68450000,7
hits,32,68500000,7
hits,32,68550000,7
hits,32,68600000,7
hits,32,68650000,7
hits,32,68700000,7
hits,32,68750000,7
hits,32,68800000,7
hits,32,68850000,7
hits,32,68900000,7
hits,32,68950000,7
hits,32,69000000,7
hits,32,69050000,7
hits,32,69100000,7
hits,32,69150000,7
hits,32,69200000,7
hits,32,69250000,7
hits,32,69300000,7
hits,32,69350000,7
hits,32,69400000,7
hits,32,69450000,7
hits,32,69500000,7
hits,32,69550000,7
hits,32,69600000,7
hits,32,69650000,7
hits,32,69700000,7
hits,32,69750000,7
hits,32,69800000,7
hits,32,69850000,7
hits,32,69900000,7
hits,32,69950000,7
hits,32,70000000,7
hits,32,70050000,7
hits,32,70100000,7
hits,32,70150000,7
hits,32,70200000,7
hits,32,70250000,7
hits,32,70300000,7
hits,32,70350000,7
hits,32,70400000,7
hits,32,70450000,7
hits,32,70500000,7
hits,32,70550000,7
hits,32,70600000,7
hits,32,70650000,7
hits,32,70700000,7
hits,32,70750000,7
hits,32,70800000,7
hits,32,70850000,7
hits,32,70900000,7
hits,32,70950000,7
hits,32,71000000,7
hits,32,71050000,7
hits,32,71100000,7
hits,32,71150000,7
hits,32,71200000,7
hits,32,71250000,7
hits,32,71300000,7
hits,32,71350000,7
hits,32,71400000,7
hits,32,71450000,7
hits,32,71500000,7
hits,32,71550000,7
hits,32,71600000,7
hits,32,71650000,7
hits,32,71700000,7
hits,32,71750000,7
hits,32,71800000,7
hits,32,71850000,7
hits,32,71900000,7
hits,32,71950000,7
hits,32,72000000,7
hits,32,72050000,7
hits,32,72100000,7
hits,32,72150000,7
hits,32,72200000,7
hits,32,72250000,7
hits,32,72300000,7
hits,32,72350000,7
hits,32,72400000,7
hits,32,72450000,7
hits,32,72500000,7
hits,32,72550000,7
hits,32,72600000,7
hits,32,72650000,7
hits,32,72700000,7
hits,32,72750000,7
hits,32,72800000,7
hits,32,72850000,7
hits,32,72900000,7
hits,32,72950000,7
hits,32,73000000,7
hits,32,73050000,7
hits,32,73100000,7
hits,32,73150000,7
hits,32,73200000,7
hits,32,73250000,7
hits,32,73300000,7
hits,32,73350000,7
hits,32,73400000,7
hits,32,73450000,7
hits,32,73500000,7
hits,32,73550000,7
hits,32,73600000,7
hits,32,73650000,7
hits,32,73700000,7
hits,32,73750000,7
hits,32,73800000,7
hits,32,73850000,7
hits,32,73900000,7
hits,32,73950000,7
hits,32,74000000,7
hits,32,74050000,7
hits,32,74100000,7
hits,32,74150000,7
hits,32,74200000,7
hits,32,74250000,7
hits,32,74300000,7
hits,32,74350000,7
hits,32,74400000,7
hits,32,74450000,7
hits,32,74500000,7
hits,32,74550000,7
hits,32,74600000,7
hits,32,74650000,7
hits,32,74700000,7
hits,32,74750000,7
hits,32,74800000,7
hits,32,74850000,7
hits,32,74900000,7
hits,32,74950000,7
hits,32,75000000,7
hits,32,75050000,7
hits,32,75100000,7
hits,32,75150000,7
hits,32,75200000,7
hits,32,75250000,7
hits,32,75300000,7
hits,32,75350000,7
hits,32,75400000,7
hits,32,75450000,7
hits,32,75500000,7
hits,32,75550000,7
hits,32,75600000,7
hits,32,75650000,7
hits,32,75700000,7
hits,32,75750000,7
hits,32,75800000,7
hits,32,75850000,7
hits,32,75900000,7
hits,32,75950000,7
hits,32,76000000,7
hits,32,76050000,7
hits,32,76100000,7
hits,32,76150000,7
hits,32,76200000,7
hits,32,76250000,7
hits,32,76300000,7
hits,32,76350000,7
hits,32,76400000,7
hits,32,76450000,7
hits,32,76500000,7
hits,32,76550000,7
hits,32,76600000,7
hits,32,76650000,7
hits,32,76700000,7
hits,32,76750000,7
hits,32,76800000,7
hits,32,76850000,7
hits,32,76900000,7
hits,32,76950000,7
hits,32,77000000,7
hits,32,77050000,7
hits,32,77100000,7
hits,32,77150000,7
hits,32,77200000,7
hits,32,77250000,7
hits,32,77300000,7
hits,32,77350000,7
hits,32,77400000,7
hits,32,77450000,7
hits,32,77500000,7
hits,32,77550000,7
hits,32,77600000,7
hits,32,77650000,7
hits,32,77700000,7
hits,32,77750000,7
hits,32,77800000,7
hits,32,77850000,7
hits,32,77900000,7
hits,32,77950000,7
hits,32,78000000,7
hits,32,78050000,7
hits,32,78100000,7
hits,32,78150000,7
hits,32,78200000,7
hits,32,78250000,7
hits,32,78300000,7
hits,32,78350000,7
hits,32,78400000,7
hits,32,78450000,7
hits,32,78500000,7
hits,32,78550000,7
hits,32,78600000,7
hits,32,78650000,7
hits,32,78700000,7
hits,32,78750000,7
hits,32,78800000,7
hits,32,78850000,7
hits,32,78900000,7
hits,32,78950000,7
hits,32,79000000,7
hits,32,79050000,7
hits,32,79100000,7
hits,32,79150000,7
hits,32,79200000,7
hits,32,79250000,7
hits,32,79300000,7
hits,32,79350000,7
hits,32,79400000,7
hits,32,79450000,7
hits,32,79500000,7
hits,32,79550000,7
hits,32,79600000,7
hits,32,79650000,7
hits,32,79700000,7
hits,32,79750000,7
hits,32,79800000,7
hits,32,79850000,7
hits,32,79900000,7
hits,32,79950000,7
tail-age,32,50000,13
tail-age,32,100000,11
tail-age,32,150000,12
tail-age,32,200000,12
tail-age,32,250000,12
tail-age,32,300000,12
tail-age,32,350000,12
tail-age,32,400000,12
tail-age,32,450000,12
tail-age,32,500000,12
tail-age,32,550000,12
tail-age,32,600000,12
tail-age,32,650000,12
tail-age,32,700000,12
tail-age,32,750000,12
tail-age,32,800000,12
tail-age,32,850000,12
tail-age,32,900000,12
tail-age,32,950000,12
tail-age,32,1000000,12
tail-age,32,1050000,12
tail-age,32,1100000,12
tail-age,32,1150000,12
tail-age,32,1200000,12
tail-age,32,1250000,12
tail-age,32,1300000,12
tail-age,32,1350000,12
tail-age,32,1400000,12
tail-age,32,1450000,12
tail-age,32,1500000,12
tail-age,32,1550000,12
tail-age,32,1600000,12
tail-age,32,1650000,12
tail-age,32,1700000,12
tail-age,32,1750000,12
tail-age,32,1800000,12
tail-age,32,1850000,12
tail-age,32,1900000,12
tail-age,32,1950000,12
tail-age,32,2000000,12
tail-age,32,2050000,12
tail-age,32,2100000,12
tail-age,32,2150000,12
tail-age,32,2200000,12
tail-age,32,2250000,12
tail-age,32,2300000,12
tail-age,32,2350000,12
tail-age,32,2400000,12
tail-age,32,2450000,12
tail-age,32,2500000,12
tail-age,32,2550000,12
tail-age,32,2600000,12
tail-age,32,2650000,12
tail-age,32,2700000,12
tail-age,32,2750000,12
tail-age,32,2800000,12
tail-age,32,2850000,12
tail-age,32,2900000,12
tail-age,32,2950000,12
tail-age,32,3000000,12
tail-age,32,3050000,12
tail-age,32,3100000,12
tail-age,32,3150000,12
tail-age,32,3200000,12
tail-age,32,3250000,12
tail-age,32,3300000,12
tail-age,32,3350000,12
tail-age,32,3400000,12
tail-age,32,3450000,12
tail-age,32,3500000,12
tail-age,32,3550000,12
tail-age,32,3600000,12
tail-age,32,3650000,12
tail-age,32,3700000,12
tail-age,32,3750000,12
tail-age,32,3800000,12
tail-age,32,3850000,12
tail-age,32,3900000,12
tail-age,32,3950000,12
tail-age,32,4000000,12
tail-age,32,4050000,12
tail-age,32,4100000,12
tail-age,32,4150000,12
tail-age,32,4200000,12
tail-age,32,4250000,12
tail-age,32,4300000,12
tail-age,32,4350000,12
tail-age,32,4400000,12
tail-age,32,4450000,12
tail-age,32,4500000,12
tail-age,32,4550000,12
tail-age,32,4600000,12
tail-age,32,4650000,12
tail-age,32,4700000,12
tail-age,32,4750000,12
tail-age,32,4800000,12
tail-age,32,4850000,12
tail-age,32,4900000,12
tail-age,32,4950000,12
tail-age,32,5000000,12
tail-age,32,5050000,12
tail-age,32,5100000,12
tail-age,32,5150000,12
tail-age,32,5200000,12
tail-age,32,5250000,12
tail-age,32,5300000,12
tail-age,32,5350000,12
tail-age,32,5400000,12
tail-age,32,5450000,12
tail-age,32,5500000,12
tail-age,32,5550000,12
tail-age,32,5600000,12
tail-age,32,5650000,12
tail-age,32,5700000,12
tail-age,32,5750000,12
tail-age,32,5800000,12
tail-age,32,5850000,12
tail-age,32,5900000,12
tail-age,32,5950000,12
tail-age,32,6000000,12
tail-age,32,6050000,12
tail-age,32,6100000,12
tail-age,32,6150000,12
tail-age,32,6200000,12
tail-age,32,6250000,12
tail-age,32,6300000,12
tail-age,32,6350000,12
tail-age,32,6400000,12
tail-age,32,6450000,12
tail-age,32,6500000,12
tail-age,32,6550000,12
tail-age,32,6600000,12
tail-age,32,6650000,12
tail-age,32,6700000,12
tail-age,32,6750000,12
tail-age,32,6800000,12
tail-age,32,6850000,12
tail-age,32,6900000,12
tail-age,32,6950000,12
tail-age,32,7000000,12
tail-age,32,7050000,12
tail-age,32,7100000,12
tail-age,32,7150000,12
tail-age,32,7200000,12
tail-age,32,7250000,12
tail-age,32,7300000,12
tail-age,32,7350000,12
tail-age,32,7400000,12
tail-age,32,7450000,12
tail-age,32,7500000,12
tail-age,32,7550000,12
tail-age,32,7600000,12
tail-age,32,7650000,12
tail-age,32,7700000,12
tail-age,32,7750000,12
tail-age,32,7800000,12
tail-age,32,7850000,12
tail-age,32,7900000,12
tail-age,32,7950000,12
tail-age,32,8000000,12
tail-age,32,8050000,12
tail-age,32,8100000,12
tail-age,32,8150000,12
tail-age,32,8200000,12
tail-age,32,8250000,12
tail-age,32,8300000,12
tail-age,32,8350000,12
tail-age,32,8400000,12
tail-age,32,8450000,12
tail-age,32,8500000,12
tail-age,32,8550000,12
tail-age,32,8600000,12
tail-age,32,8650000,12
tail-age,32,8700000,12
tail-age,32,8750000,12
tail-age,32,8800000,12
tail-age,32,8850000,12
tail-age,32,8900000,12
tail-age,32,8950000,12
tail-age,32,9000000,12
tail-age,32,9050000,12
tail-age,32,9100000,12
tail-age,32,9150000,12
tail-age,32,9200000,12
tail-age,32,9250000,12
tail-age,32,9300000,12
tail-age,32,9350000,12
tail-age,32,9400000,12
tail-age,32,9450000,12
tail-age,32,9500000,12
tail-age,32,9550000,12
tail-age,32,9600000,12
tail-age,32,9650000,12
tail-age,32,9700000,12
tail-age,32,9750000,12
tail-age,32,9800000,12
tail-age,32,9850000,12
tail-age,32,9900000,12
tail-age,32,9950000,12
tail-age,32,10000000,12
tail-age,32,10050000,12
tail-age,32,10100000,12
tail-age,32,10150000,12
tail-age,32,10200000,12
tail-age,32,10250000,12
tail-age,32,10300000,12
tail-age,32,10350000,12
tail-age,32,10400000,12
tail-age,32,10450000,12
tail-age,32,10500000,12
tail-age,32,10550000,12
tail-age,32,10600000,12
tail-age,32,10650000,12
tail-age,32,10700000,12
tail-age,32,10750000,12
tail-age,32,10800000,12
tail-age,32,10850000,12
tail-age,32,10900000,12
tail-age,32,10950000,12
tail-age,32,11000000,12
tail-age,32,11050000,12
tail-age,32,11100000,12
tail-age,32,11150000,12
tail-age,32,11200000,12
tail-age,32,11250000,12
tail-age,32,11300000,12
tail-age,32,11350000,12
tail-age,32,11400000,12
tail-age,32,11450000,12
tail-age,32,11500000,12
tail-age,32,11550000,12
tail-age,32,11600000,12
tail-age,32,11650000,12
tail-age,32,11700000,12
tail-age,32,11750000,12
tail-age,32,11800000,12
tail-age,32,11850000,12
tail-age,32,11900000,12
tail-age,32,11950000,12
tail-age,32,12000000,12
tail-age,32,12050000,12
tail-age,32,12100000,12
tail-age,32,12150000,12
tail-age,32,12200000,12
tail-age,32,12250000,12
tail-age,32,12300000,12
tail-age,32,12350000,12
tail-age,32,12400000,12
tail-age,32,12450000,12
tail-age,32,12500000,12
tail-age,32,12550000,12
tail-age,32,12600000,12
tail-age,32,12650000,12
tail-age,32,12700000,12
tail-age,32,12750000,12
tail-age,32,12800000,12
tail-age,32,12850000,12
tail-age,32,12900000,12
tail-age,32,12950000,12
tail-age,32,13000000,12
tail-age,32,13050000,12
tail-age,32,13100000,12
tail-age,32,13150000,12
tail-age,32,13200000,12
tail-age,32,13250000,12
tail-age,32,13300000,12
tail-age,32,13350000,12
tail-age,32,13400000,12
tail-age,32,13450000,12
tail-age,32,13500000,12
tail-age,32,13550000,12
tail-age,32,13600000,12
tail-age,32,13650000,12
tail-age,32,13700000,12
tail-age,32,13750000,12
tail-age,32,13800000,12
tail-age,32,13850000,12
tail-age,32,13900000,12
tail-age,32,13950000,12
tail-age,32,14000000,12
tail-age,32,14050000,12
tail-age,32,14100000,12
tail-age,32,14150000,12
tail-age,32,14200000,12
tail-age,32,14250000,12
tail-age,32,14300000,12
tail-age,32,14350000,12
tail-age,32,14400000,12
tail-age,32,14450000,12
tail-age,32,14500000,12
tail-age,32,14550000,12
tail-age,32,14600000,12
tail-age,32,14650000,12
tail-age,32,14700000,12
tail-age,32,14750000,12
tail-age,32,14800000,12
tail-age,32,14850000,12
tail-age,32,14900000,12
tail-age,32,14950000,12
tail-age,32,15000000,12
tail-age,32,15050000,12
tail-age,32,15100000,12
tail-age,32,15150000,12
tail-age,32,15200000,12
tail-age,32,15250000,12
tail-age,32,15300000,12
tail-age,32,15350000,12
tail-age,32,15400000,12
tail-age,32,15450000,12
tail-age,32,15500000,12
tail-age,32,15550000,12
tail-age,32,15600000,12
tail-age,32,15650000,12
tail-age,32,15700000,12
tail-age,32,15750000,12
tail-age,32,15800000,12
tail-age,32,15850000,12
tail-age,32,15900000,12
tail-age,32,15950000,12
tail-age,32,16000000,12
tail-age,32,16050000,12
tail-age,32,16100000,12
tail-age,32,16150000,12
tail-age,32,16200000,12
tail-age,32,16250000,12
tail-age,32,16300000,12
tail-age,32,16350000,12
tail-age,32,16400000,12
tail-age,32,16450000,12
tail-age,32,16500000,12
tail-age,32,16550000,12
tail-age,32,16600000,12
tail-age,32,16650000,12
tail-age,32,16700000,12
tail-age,32,16750000,12
tail-age,32,16800000,12
tail-age,32,16850000,12
tail-age,32,16900000,12
tail-age,32,16950000,12
tail-age,32,17000000,12
tail-age,32,17050000,12
tail-age,32,17100000,12
tail-age,32,17150000,12
tail-age,32,17200000,12
tail-age,32,17250000,12
tail-age,32,17300000,12
tail-age,32,17350000,12
tail-age,32,17400000,12
tail-age,32,17450000,12
tail-age,32,17500000,12
tail-age,32,17550000,12
tail-age,32,17600000,12
tail-age,32,17650000,12
tail-age,32,17700000,12
tail-age,32,17750000,12
tail-age,32,17800000,12
tail-age,32,17850000,12
tail-age,32,17900000,12
tail-age,32,17950000,12
tail-age,32,18000000,12
tail-age,32,18050000,12
tail-age,32,18100000,12
tail-age,32,18150000,12
tail-age,32,18200000,12
tail-age,32,18250000,12
tail-age,32,18300000,12
tail-age,32,18350000,12
tail-age,32,18400000,12
tail-age,32,18450000,12
tail-age,32,18500000,12
tail-age,32,18550000,12
tail-age,32,18600000,12
tail-age,32,18650000,12
tail-age,32,18700000,12
tail-age,32,18750000,12
tail-age,32,18800000,12
tail-age,32,18850000,12
tail-age,32,18900000,12
tail-age,32,18950000,12
tail-age,32,19000000,12
tail-age,32,19050000,12
tail-age,32,19100000,12
tail-age,32,19150000,12
tail-age,32,19200000,12
tail-age,32,19250000,12
tail-age,32,19300000,12
tail-age,32,19350000,12
tail-age,32,19400000,12
tail-age,32,19450000,12
tail-age,32,19500000,12
tail-age,32,19550000,12
tail-age,32,19600000,12
tail-age,32,19650000,12
tail-age,32,19700000,12
tail-age,32,19750000,12
tail-age,32,19800000,12
tail-age,32,19850000,12
tail-age,32,19900000,12
tail-age,32,19950000,12
tail-age,32,20000000,12
tail-age,32,20050000,12
tail-age,32,20100000,12
tail-age,32,20150000,12
tail-age,32,20200000,12
tail-age,32,20250000,12
tail-age,32,20300000,12
tail-age,32,20350000,12
tail-age,32,20400000,12
tail-age,32,20450000,12
tail-age,32,20500000,12
tail-age,32,20550000,12
tail-age,32,20600000,12
tail-age,32,20650000,12
tail-age,32,20700000,12
tail-age,32,20750000,12
tail-age,32,20800000,12
tail-age,32,20850000,12
tail-age,32,20900000,12
tail-age,32,20950000,12
tail-age,32,21000000,12
tail-age,32,21050000,12
tail-age,32,21100000,12
tail-age,32,21150000,12
tail-age,32,21200000,12
tail-age,32,21250000,12
tail-age,32,21300000,12
tail-age,32,21350000,12
tail-age,32,21400000,12
tail-age,32,21450000,12
tail-age,32,21500000,12
tail-age,32,21550000,12
tail-age,32,21600000,12
tail-age,32,21650000,12
tail-age,32,21700000,12
tail-age,32,21750000,12
tail-age,32,21800000,12
tail-age,32,21850000,12
tail-age,32,21900000,12
tail-age,32,21950000,12
tail-age,32,22000000,12
tail-age,32,22050000,12
tail-age,32,22100000,12
tail-age,32,22150000,12
tail-age,32,22200000,12
tail-age,32,22250000,12
tail-age,32,22300000,12
tail-age,32,22350000,12
tail-age,32,22400000,12
tail-age,32,22450000,12
tail-age,32,22500000,12
tail-age,32,22550000,12
tail-age,32,22600000,12
tail-age,32,22650000,12
tail-age,32,22700000,12
tail-age,32,22750000,12
tail-age,32,22800000,12
tail-age,32,22850000,12
tail-age,32,22900000,12
tail-age,32,22950000,12
tail-age,32,23000000,12
tail-age,32,23050000,12
tail-age,32,23100000,12
tail-age,32,23150000,12
tail-age,32,23200000,12
tail-age,32,23250000,12
tail-age,32,23300000,12
tail-age,32,23350000,12
tail-age,32,23400000,12
tail-age,32,23450000,12
tail-age,32,23500000,12
tail-age,32,23550000,12
tail-age,32,23600000,12
tail-age,32,23650000,12
tail-age,32,23700000,12
tail-age,32,23750000,12
tail-age,32,23800000,12
tail-age,32,23850000,12
tail-age,32,23900000,12
tail-age,32,23950000,12
tail-age,32,24000000,12
tail-age,32,24050000,12
tail-age,32,24100000,12
tail-age,32,24150000,12
tail-age,32,24200000,12
tail-age,32,24250000,12
tail-age,32,24300000,12
tail-age,32,24350000,12
tail-age,32,24400000,12
tail-age,32,24450000,12
tail-age,32,24500000,12
tail-age,32,24550000,12
tail-age,32,24600000,12
tail-age,32,24650000,12
tail-age,32,24700000,12
tail-age,32,24750000,12
tail-age,32,24800000,12
tail-age,32,24850000,12
tail-age,32,24900000,12
tail-age,32,24950000,12
tail-age,32,25000000,12
tail-age,32,25050000,12
tail-age,32,25100000,12
tail-age,32,25150000,12
tail-age,32,25200000,12
tail-age,32,25250000,12
tail-age,32,25300000,12
tail-age,32,25350000,12
tail-age,32,25400000,12
tail-age,32,25450000,12
tail-age,32,25500000,12
tail-age,32,25550000,12
tail-age,32,25600000,12
tail-age,32,25650000,12
tail-age,32,25700000,12
tail-age,32,25750000,12
tail-age,32,25800000,12
tail-age,32,25850000,12
tail-age,32,25900000,12
tail-age,32,25950000,12
tail-age,32,26000000,12
tail-age,32,26050000,12
tail-age,32,26100000,12
tail-age,32,26150000,12
tail-age,32,26200000,12
tail-age,32,26250000,12
tail-age,32,26300000,12
tail-age,32,26350000,12
tail-age,32,26400000,12
tail-age,32,26450000,12
tail-age,32,26500000,12
tail-age,32,26550000,12
tail-age,32,26600000,12
tail-age,32,26650000,12
tail-age,32,26700000,12
tail-age,32,26750000,12
tail-age,32,26800000,12
tail-age,32,26850000,12
tail-age,32,26900000,12
tail-age,32,26950000,12
tail-age,32,27000000,12
tail-age,32,27050000,12
tail-age,32,27100000,12
tail-age,32,27150000,12
tail-age,32,27200000,12
tail-age,32,27250000,12
tail-age,32,27300000,12
tail-age,32,27350000,12
tail-age,32,27400000,12
tail-age,32,27450000,12
tail-age,32,27500000,12
tail-age,32,27550000,12
tail-age,32,27600000,12
tail-age,32,27650000,12
tail-age,32,27700000,12
tail-age,32,27750000,12
tail-age,32,27800000,12
tail-age,32,27850000,12
tail-age,32,27900000,12
tail-age,32,27950000,12
tail-age,32,28000000,12
tail-age,32,28050000,12
tail-age,32,28100000,12
tail-age,32,28150000,12
tail-age,32,28200000,12
tail-age,32,28250000,12
tail-age,32,28300000,12
tail-age,32,28350000,12
tail-age,32,28400000,12
tail-age,32,28450000,12
tail-age,32,28500000,12
tail-age,32,28550000,12
tail-age,32,28600000,12
tail-age,32,28650000,12
tail-age,32,28700000,12
tail-age,32,28750000,12
tail-age,32,28800000,12
tail-age,32,28850000,12
tail-age,32,28900000,12
tail-age,32,28950000,12
tail-age,32,29000000,12
tail-age,32,29050000,12
tail-age,32,29100000,12
tail-age,32,29150000,12
tail-age,32,29200000,12
tail-age,32,29250000,12
tail-age,32,29300000,12
tail-age,32,29350000,12
tail-age,32,29400000,12
tail-age,32,29450000,12
tail-age,32,29500000,12
tail-age,32,29550000,12
tail-age,32,29600000,12
tail-age,32,29650000,12
tail-age,32,29700000,12
tail-age,32,29750000,12
tail-age,32,29800000,12
tail-age,32,29850000,12
tail-age,32,29900000,12
tail-age,32,29950000,12
tail-age,32,30000000,12
tail-age,32,30050000,12
tail-age,32,30100000,12
tail-age,32,30150000,12
tail-age,32,30200000,12
tail-age,32,30250000,12
tail-age,32,30300000,12
tail-age,32,30350000,12
tail-age,32,30400000,12
tail-age,32,30450000,12
tail-age,32,30500000,12
tail-age,32,30550000,12
tail-age,32,30600000,12
tail-age,32,30650000,12
tail-age,32,30700000,12
tail-age,32,30750000,12
tail-age,32,30800000,12
tail-age,32,30850000,12
tail-age,32,30900000,12
tail-age,32,30950000,12
tail-age,32,31000000,12
tail-age,32,31050000,12
tail-age,32,31100000,12
tail-age,32,31150000,12
tail-age,32,31200000,12
tail-age,32,31250000,12
tail-age,32,31300000,12
tail-age,32,31350000,12
tail-age,32,31400000,12
tail-age,32,31450000,12
tail-age,32,31500000,12
tail-age,32,31550000,12
tail-age,32,31600000,12
tail-age,32,31650000,12
tail-age,32,31700000,12
tail-age,32,31750000,12
tail-age,32,31800000,12
tail-age,32,31850000,12
tail-age,32,31900000,12
tail-age,32,31950000,12
tail-age,32,32000000,12
tail-age,32,32050000,12
tail-age,32,32100000,12
tail-age,32,32150000,12
tail-age,32,32200000,12
tail-age,32,32250000,12
tail-age,32,32300000,12
tail-age,32,32350000,12
tail-age,32,32400000,12
tail-age,32,32450000,12
tail-age,32,32500000,12
tail-age,32,32550000,12
tail-age,32,32600000,12
tail-age,32,32650000,12
tail-age,32,32700000,12
tail-age,32,32750000,12
tail-age,32,32800000,12
tail-age,32,32850000,12
tail-age,32,32900000,12
tail-age,32,32950000,12
tail-age,32,33000000,12
tail-age,32,33050000,12
tail-age,32,33100000,12
tail-age,32,33150000,12
tail-age,32,33200000,12
tail-age,32,33250000,12
tail-age,32,33300000,12
tail-age,32,33350000,12
tail-age,32,33400000,12
tail-age,32,33450000,12
tail-age,32,33500000,12
tail-age,32,33550000,12
tail-age,32,33600000,12
tail-age,32,33650000,12
tail-age,32,33700000,12
tail-age,32,33750000,12
tail-age,32,33800000,12
tail-age,32,33850000,12
tail-age,32,33900000,12
tail-age,32,33950000,12
tail-age,32,34000000,12
tail-age,32,34050000,12
tail-age,32,34100000,12
tail-age,32,34150000,12
tail-age,32,34200000,12
tail-age,32,34250000,12
tail-age,32,34300000,12
tail-age,32,34350000,12
tail-age,32,34400000,12
tail-age,32,34450000,12
tail-age,32,34500000,12
tail-age,32,34550000,12
tail-age,32,34600000,12
tail-age,32,34650000,12
tail-age,32,34700000,12
tail-age,32,34750000,12
tail-age,32,34800000,12
tail-age,32,34850000,12
tail-age,32,34900000,12
tail-age,32,34950000,12
tail-age,32,35000000,12
tail-age,32,35050000,12
tail-age,32,35100000,12
tail-age,32,35150000,12
tail-age,32,35200000,12
tail-age,32,35250000,12
tail-age,32,35300000,12
tail-age,32,35350000,12
tail-age,32,35400000,12
tail-age,32,35450000,12
tail-age,32,35500000,12
tail-age,32,35550000,12
tail-age,32,35600000,12
tail-age,32,35650000,12
tail-age,32,35700000,12
tail-age,32,35750000,12
tail-age,32,35800000,12
tail-age,32,35850000,12
tail-age,32,35900000,12
tail-age,32,35950000,12
tail-age,32,36000000,12
tail-age,32,36050000,12
tail-age,32,36100000,12
tail-age,32,36150000,12
tail-age,32,36200000,12
tail-age,32,36250000,12
tail-age,32,36300000,12
tail-age,32,36350000,12
tail-age,32,36400000,12
tail-age,32,36450000,12
tail-age,32,36500000,12
tail-age,32,36550000,12
tail-age,32,36600000,12
tail-age,32,36650000,12
tail-age,32,36700000,12
tail-age,32,36750000,12
tail-age,32,36800000,12
tail-age,32,36850000,12
tail-age,32,36900000,12
tail-age,32,36950000,12
tail-age,32,37000000,12
tail-age,32,37050000,12
tail-age,32,37100000,12
tail-age,32,37150000,12
tail-age,32,37200000,12
tail-age,32,37250000,12
tail-age,32,37300000,12
tail-age,32,37350000,12
tail-age,32,37400000,12
tail-age,32,37450000,12
tail-age,32,37500000,12
tail-age,32,37550000,12
tail-age,32,37600000,12
tail-age,32,37650000,12
tail-age,32,37700000,12
tail-age,32,37750000,12
tail-age,32,37800000,12
tail-age,32,37850000,12
tail-age,32,37900000,12
tail-age,32,37950000,12
tail-age,32,38000000,12
tail-age,32,38050000,12
tail-age,32,38100000,12
tail-age,32,38150000,12
tail-age,32,38200000,12
tail-age,32,38250000,12
tail-age,32,38300000,12
tail-age,32,38350000,12
tail-age,32,38400000,12
tail-age,32,38450000,12
tail-age,32,38500000,12
tail-age,32,38550000,12
tail-age,32,38600000,12
tail-age,32,38650000,12
tail-age,32,38700000,12
tail-age,32,38750000,12
tail-age,32,38800000,12
tail-age,32,38850000,12
tail-age,32,38900000,12
tail-age,32,38950000,12
tail-age,32,39000000,12
tail-age,32,39050000,12
tail-age,32,39100000,12
tail-age,32,39150000,12
tail-age,32,39200000,12
tail-age,32,39250000,12
tail-age,32,39300000,12
tail-age,32,39350000,12
tail-age,32,39400000,12
tail-age,32,39450000,12
tail-age,32,39500000,12
tail-age,32,39550000,12
tail-age,32,39600000,12
tail-age,32,39650000,12
tail-age,32,39700000,12
tail-age,32,39750000,12
tail-age,32,39800000,12
tail-age,32,39850000,12
tail-age,32,39900000,12
tail-age,32,39950000,12
tail-age,32,40000000,12
tail-age,32,40050000,12
tail-age,32,40100000,12
tail-age,32,40150000,12
tail-age,32,40200000,12
tail-age,32,40250000,12
tail-age,32,40300000,12
tail-age,32,40350000,12
tail-age,32,40400000,12
tail-age,32,40450000,12
tail-age,32,40500000,12
tail-age,32,40550000,12
tail-age,32,40600000,12
tail-age,32,40650000,12
tail-age,32,40700000,12
tail-age,32,40750000,12
tail-age,32,40800000,12
tail-age,32,40850000,12
tail-age,32,40900000,12
tail-age,32,40950000,12
tail-age,32,41000000,12
tail-age,32,41050000,12
tail-age,32,41100000,12
tail-age,32,41150000,12
tail-age,32,41200000,12
tail-age,32,41250000,12
tail-age,32,41300000,12
tail-age,32,41350000,12
tail-age,32,41400000,12
tail-age,32,41450000,12
tail-age,32,41500000,12
tail-age,32,41550000,12
tail-age,32,41600000,12
tail-age,32,41650000,12
tail-age,32,41700000,12
tail-age,32,41750000,12
tail-age,32,41800000,12
tail-age,32,41850000,12
tail-age,32,41900000,12
tail-age,32,41950000,12
tail-age,32,42000000,12
tail-age,32,42050000,12
tail-age,32,42100000,12
tail-age,32,42150000,12
tail-age,32,42200000,12
tail-age,32,42250000,12
tail-age,32,42300000,12
tail-age,32,42350000,12
tail-age,32,42400000,12
tail-age,32,42450000,12
tail-age,32,42500000,12
tail-age,32,42550000,12
tail-age,32,42600000,12
tail-age,32,42650000,12
tail-age,32,42700000,12
tail-age,32,42750000,12
tail-age,32,42800000,12
tail-age,32,42850000,12
tail-age,32,42900000,12
tail-age,32,42950000,12
tail-age,32,43000000,12
tail-age,32,43050000,12
tail-age,32,43100000,12
tail-age,32,43150000,12
tail-age,32,43200000,12
tail-age,32,43250000,12
tail-age,32,43300000,12
tail-age,32,43350000,12
tail-age,32,43400000,12
tail-age,32,43450000,12
tail-age,32,43500000,12
tail-age,32,43550000,12
tail-age,32,43600000,12
tail-age,32,43650000,12
tail-age,32,43700000,12
tail-age,32,43750000,12
tail-age,32,43800000,12
tail-age,32,43850000,12
tail-age,32,43900000,12
tail-age,32,43950000,12
tail-age,32,44000000,12
tail-age,32,44050000,12
tail-age,32,44100000,12
tail-age,32,44150000,12
tail-age,32,44200000,12
tail-age,32,44250000,12
tail-age,32,44300000,12
tail-age,32,44350000,12
tail-age,32,44400000,12
tail-age,32,44450000,12
tail-age,32,44500000,12
tail-age,32,44550000,12
tail-age,32,44600000,12
tail-age,32,44650000,12
tail-age,32,44700000,12
tail-age,32,44750000,12
tail-age,32,44800000,12
tail-age,32,44850000,12
tail-age,32,44900000,12
tail-age,32,44950000,12
tail-age,32,45000000,12
tail-age,32,45050000,12
tail-age,32,45100000,12
tail-age,32,45150000,12
tail-age,32,45200000,12
tail-age,32,45250000,12
tail-age,32,45300000,12
tail-age,32,45350000,12
tail-age,32,45400000,12
tail-age,32,45450000,12
tail-age,32,45500000,12
tail-age,32,45550000,12
tail-age,32,45600000,12
tail-age,32,45650000,12
tail-age,32,45700000,12
tail-age,32,45750000,12
tail-age,32,45800000,12
tail-age,32,45850000,12
tail-age,32,45900000,12
tail-age,32,45950000,12
tail-age,32,46000000,12
tail-age,32,46050000,12
tail-age,32,46100000,12
tail-age,32,46150000,12
tail-age,32,46200000,12
tail-age,32,46250000,12
tail-age,32,46300000,12
tail-age,32,46350000,12
tail-age,32,46400000,12
tail-age,32,46450000,12
tail-age,32,46500000,12
tail-age,32,46550000,12
tail-age,32,46600000,12
tail-age,32,46650000,12
tail-age,32,46700000,12
tail-age,32,46750000,12
tail-age,32,46800000,12
tail-age,32,46850000,12
tail-age,32,46900000,12
tail-age,32,46950000,12
tail-age,32,47000000,12
tail-age,32,47050000,12
tail-age,32,47100000,12
tail-age,32,47150000,12
tail-age,32,47200000,12
tail-age,32,47250000,12
tail-age,32,47300000,12
tail-age,32,47350000,12
tail-age,32,47400000,12
tail-age,32,47450000,12
tail-age,32,47500000,12
tail-age,32,47550000,12
tail-age,32,47600000,12
tail-age,32,47650000,12
tail-age,32,47700000,12
tail-age,32,47750000,12
tail-age,32,47800000,12
tail-age,32,47850000,12
tail-age,32,47900000,12
tail-age,32,47950000,12
tail-age,32,48000000,12
tail-age,32,48050000,12
tail-age,32,48100000,12
tail-age,32,48150000,12
tail-age,32,48200000,12
tail-age,32,48250000,12
tail-age,32,48300000,12
tail-age,32,48350000,12
tail-age,32,48400000,12
tail-age,32,48450000,12
tail-age,32,48500000,12
tail-age,32,48550000,12
tail-age,32,48600000,12
tail-age,32,48650000,12
tail-age,32,48700000,12
tail-age,32,48750000,12
tail-age,32,48800000,12
tail-age,32,48850000,12
tail-age,32,48900000,12
tail-age,32,48950000,12
tail-age,32,49000000,12
tail-age,32,49050000,12
tail-age,32,49100000,12
tail-age,32,49150000,12
tail-age,32,49200000,12
tail-age,32,49250000,12
tail-age,32,49300000,12
tail-age,32,49350000,12
tail-age,32,49400000,12
tail-age,32,49450000,12
tail-age,32,49500000,12
tail-age,32,49550000,12
tail-age,32,49600000,12
tail-age,32,49650000,12
tail-age,32,49700000,12
tail-age,32,49750000,12
tail-age,32,49800000,12
tail-age,32,49850000,12
tail-age,32,49900000,12
tail-age,32,49950000,12
tail-age,32,50000000,12
tail-age,32,50050000,12
tail-age,32,50100000,12
tail-age,32,50150000,12
tail-age,32,50200000,12
tail-age,32,50250000,12
tail-age,32,50300000,12
tail-age,32,50350000,12
tail-age,32,50400000,12
tail-age,32,50450000,12
tail-age,32,50500000,12
tail-age,32,50550000,12
tail-age,32,50600000,12
tail-age,32,50650000,12
tail-age,32,50700000,12
tail-age,32,50750000,12
tail-age,32,50800000,12
tail-age,32,50850000,12
tail-age,32,50900000,12
tail-age,32,50950000,12
tail-age,32,51000000,12
tail-age,32,51050000,12
tail-age,32,51100000,12
tail-age,32,51150000,12
tail-age,32,51200000,12
tail-age,32,51250000,12
tail-age,32,51300000,12
tail-age,32,51350000,12
tail-age,32,51400000,12
tail-age,32,51450000,12
tail-age,32,51500000,12
tail-age,32,51550000,12
tail-age,32,51600000,12
tail-age,32,51650000,12
tail-age,32,51700000,12
tail-age,32,51750000,12
tail-age,32,51800000,12
tail-age,32,51850000,12
tail-age,32,51900000,12
tail-age,32,51950000,12
tail-age,32,52000000,12
tail-age,32,52050000,12
tail-age,32,52100000,12
tail-age,32,52150000,12
tail-age,32,52200000,12
tail-age,32,52250000,12
tail-age,32,52300000,12
tail-age,32,52350000,12
tail-age,32,52400000,12
tail-age,32,52450000,12
tail-age,32,52500000,12
tail-age,32,52550000,12
tail-age,32,52600000,12
tail-age,32,52650000,12
tail-age,32,52700000,12
tail-age,32,52750000,12
tail-age,32,52800000,12
tail-age,32,52850000,12
tail-age,32,52900000,12
tail-age,32,52950000,12
tail-age,32,53000000,12
tail-age,32,53050000,12
tail-age,32,53100000,12
tail-age,32,53150000,12
tail-age,32,53200000,12
tail-age,32,53250000,12
tail-age,32,53300000,12
tail-age,32,53350000,12
tail-age,32,53400000,12
tail-age,32,53450000,12
tail-age,32,53500000,12
tail-age,32,53550000,12
tail-age,32,53600000,12
tail-age,32,53650000,12
tail-age,32,53700000,12
tail-age,32,53750000,12
tail-age,32,53800000,12
tail-age,32,53850000,12
tail-age,32,53900000,12
tail-age,32,53950000,12
tail-age,32,54000000,12
tail-age,32,54050000,12
tail-age,32,54100000,12
tail-age,32,54150000,12
tail-age,32,54200000,12
tail-age,32,54250000,12
tail-age,32,54300000,12
tail-age,32,54350000,12
tail-age,32,54400000,12
tail-age,32,54450000,12
tail-age,32,54500000,12
tail-age,32,54550000,12
tail-age,32,54600000,12
tail-age,32,54650000,12
tail-age,32,54700000,12
tail-age,32,54750000,12
tail-age,32,54800000,12
tail-age,32,54850000,12
tail-age,32,54900000,12
tail-age,32,54950000,12
tail-age,32,55000000,12
tail-age,32,55050000,12
tail-age,32,55100000,12
tail-age,32,55150000,12
tail-age,32,55200000,12
tail-age,32,55250000,12
tail-age,32,55300000,12
tail-age,32,55350000,12
tail-age,32,55400000,12
tail-age,32,55450000,12
tail-age,32,55500000,12
tail-age,32,55550000,12
tail-age,32,55600000,12
tail-age,32,55650000,12
tail-age,32,55700000,12
tail-age,32,55750000,12
tail-age,32,55800000,12
tail-age,32,55850000,12
tail-age,32,55900000,12
tail-age,32,55950000,12
tail-age,32,56000000,12
tail-age,32,56050000,12
tail-age,32,56100000,12
tail-age,32,56150000,12
tail-age,32,56200000,12
tail-age,32,56250000,12
tail-age,32,56300000,12
tail-age,32,56350000,12
tail-age,32,56400000,12
tail-age,32,56450000,12
tail-age,32,56500000,12
tail-age,32,56550000,12
tail-age,32,56600000,12
tail-age,32,56650000,12
tail-age,32,56700000,12
tail-age,32,56750000,12
tail-age,32,56800000,12
tail-age,32,56850000,12
tail-age,32,56900000,12
tail-age,32,56950000,12
tail-age,32,57000000,12
tail-age,32,57050000,12
tail-age,32,57100000,12
tail-age,32,57150000,12
tail-age,32,57200000,12
tail-age,32,57250000,12
tail-age,32,57300000,12
tail-age,32,57350000,12
tail-age,32,57400000,12
tail-age,32,57450000,12
tail-age,32,57500000,12
tail-age,32,57550000,12
tail-age,32,57600000,12
tail-age,32,57650000,12
tail-age,32,57700000,12
tail-age,32,57750000,12
tail-age,32,57800000,12
tail-age,32,57850000,12
tail-age,32,57900000,12
tail-age,32,57950000,12
tail-age,32,58000000,12
tail-age,32,58050000,12
tail-age,32,58100000,12
tail-age,32,58150000,12
tail-age,32,58200000,12
tail-age,32,58250000,12
tail-age,32,58300000,12
tail-age,32,58350000,12
tail-age,32,58400000,12
tail-age,32,58450000,12
tail-age,32,58500000,12
tail-age,32,58550000,12
tail-age,32,58600000,12
tail-age,32,58650000,12
tail-age,32,58700000,12
tail-age,32,58750000,12
tail-age,32,58800000,12
tail-age,32,58850000,12
tail-age,32,58900000,12
tail-age,32,58950000,12
tail-age,32,59000000,12
tail-age,32,59050000,12
tail-age,32,59100000,12
tail-age,32,59150000,12
tail-age,32,59200000,12
tail-age,32,59250000,12
tail-age,32,59300000,12
tail-age,32,59350000,12
tail-age,32,59400000,12
tail-age,32,59450000,12
tail-age,32,59500000,12
tail-age,32,59550000,12
tail-age,32,59600000,12
tail-age,32,59650000,12
tail-age,32,59700000,12
tail-age,32,59750000,12
tail-age,32,59800000,12
tail-age,32,59850000,12
tail-age,32,59900000,12
tail-age,32,59950000,12
tail-age,32,60000000,12
tail-age,32,60050000,12
tail-age,32,60100000,12
tail-age,32,60150000,12
tail-age,32,60200000,12
tail-age,32,60250000,12
tail-age,32,60300000,12
tail-age,32,60350000,12
tail-age,32,60400000,12
tail-age,32,60450000,12
tail-age,32,60500000,12
tail-age,32,60550000,12
tail-age,32,60600000,12
tail-age,32,60650000,12
tail-age,32,60700000,12
tail-age,32,60750000,12
tail-age,32,60800000,12
tail-age,32,60850000,12
tail-age,32,60900000,12
tail-age,32,60950000,12
tail-age,32,61000000,12
tail-age,32,61050000,12
tail-age,32,61100000,12
tail-age,32,61150000,12
tail-age,32,61200000,12
tail-age,32,61250000,12
tail-age,32,61300000,12
tail-age,32,61350000,12
tail-age,32,61400000,12
tail-age,32,61450000,12
tail-age,32,61500000,12
tail-age,32,61550000,12
tail-age,32,61600000,12
tail-age,32,61650000,12
tail-age,32,61700000,12
tail-age,32,61750000,12
tail-age,32,61800000,12
tail-age,32,61850000,12
tail-age,32,61900000,12
tail-age,32,61950000,12
tail-age,32,62000000,12
tail-age,32,62050000,12
tail-age,32,62100000,12
tail-age,32,62150000,12
tail-age,32,62200000,12
tail-age,32,62250000,12
tail-age,32,62300000,12
tail-age,32,62350000,12
tail-age,32,62400000,12
tail-age,32,62450000,12
tail-age,32,62500000,12
tail-age,32,62550000,12
tail-age,32,62600000,12
tail-age,32,62650000,12
tail-age,32,62700000,12
tail-age,32,62750000,12
tail-age,32,62800000,12
tail-age,32,62850000,12
tail-age,32,62900000,12
tail-age,32,62950000,12
tail-age,32,63000000,12
tail-age,32,63050000,12
tail-age,32,63100000,12
tail-age,32,63150000,12
tail-age,32,63200000,12
tail-age,32,63250000,12
tail-age,32,63300000,12
tail-age,32,63350000,12
tail-age,32,63400000,12
tail-age,32,63450000,12
tail-age,32,63500000,12
tail-age,32,63550000,12
tail-age,32,63600000,12
tail-age,32,63650000,12
tail-age,32,63700000,12
tail-age,32,63750000,12
tail-age,32,63800000,12
tail-age,32,63850000,12
tail-age,32,63900000,12
tail-age,32,63950000,12
tail-age,32,64000000,12
tail-age,32,64050000,12
tail-age,32,64100000,12
tail-age,32,64150000,12
tail-age,32,64200000,12
tail-age,32,64250000,12
tail-age,32,64300000,12
tail-age,32,64350000,12
tail-age,32,64400000,12
tail-age,32,64450000,12
tail-age,32,64500000,12
tail-age,32,64550000,12
tail-age,32,64600000,12
tail-age,32,64650000,12
tail-age,32,64700000,12
tail-age,32,64750000,12
tail-age,32,64800000,12
tail-age,32,64850000,12
tail-age,32,64900000,12
tail-age,32,64950000,12
tail-age,32,65000000,12
tail-age,32,65050000,12
tail-age,32,65100000,12
tail-age,32,65150000,12
tail-age,32,65200000,12
tail-age,32,65250000,12
tail-age,32,65300000,12
tail-age,32,65350000,12
tail-age,32,65400000,12
tail-age,32,65450000,12
tail-age,32,65500000,12
tail-age,32,65550000,12
tail-age,32,65600000,12
tail-age,32,65650000,12
tail-age,32,65700000,12
tail-age,32,65750000,12
tail-age,32,65800000,12
tail-age,32,65850000,12
tail-age,32,65900000,12
tail-age,32,65950000,12
tail-age,32,66000000,12
tail-age,32,66050000,12
tail-age,32,66100000,12
tail-age,32,66150000,12
tail-age,32,66200000,12
tail-age,32,66250000,12
tail-age,32,66300000,12
tail-age,32,66350000,12
tail-age,32,66400000,12
tail-age,32,66450000,12
tail-age,32,66500000,12
tail-age,32,66550000,12
tail-age,32,66600000,12
tail-age,32,66650000,12
tail-age,32,66700000,12
tail-age,32,66750000,12
tail-age,32,66800000,12
tail-age,32,66850000,12
tail-age,32,66900000,12
tail-age,32,66950000,12
tail-age,32,67000000,12
tail-age,32,67050000,12
tail-age,32,67100000,12
tail-age,32,67150000,12
tail-age,32,67200000,12
tail-age,32,67250000,12
tail-age,32,67300000,12
tail-age,32,67350000,12
tail-age,32,67400000,12
tail-age,32,67450000,12
tail-age,32,67500000,12
tail-age,32,67550000,12
tail-age,32,67600000,12
tail-age,32,67650000,12
tail-age,32,67700000,12
tail-age,32,67750000,12
tail-age,32,67800000,12
tail-age,32,67850000,12
tail-age,32,67900000,12
tail-age,32,67950000,12
tail-age,32,68000000,12
tail-age,32,68050000,12
tail-age,32,68100000,12
tail-age,32,68150000,12
tail-age,32,68200000,12
tail-age,32,68250000,12
tail-age,32,68300000,12
tail-age,32,68350000,12
tail-age,32,68400000,12
tail-age,32,68450000,12
tail-age,32,68500000,12
tail-age,32,68550000,12
tail-age,32,68600000,12
tail-age,32,68650000,12
tail-age,32,68700000,12
tail-age,32,68750000,12
tail-age,32,68800000,12
tail-age,32,68850000,12
tail-age,32,68900000,12
tail-age,32,68950000,12
tail-age,32,69000000,12
tail-age,32,69050000,12
tail-age,32,69100000,12
tail-age,32,69150000,12
tail-age,32,69200000,12
tail-age,32,69250000,12
tail-age,32,69300000,12
tail-age,32,69350000,12
tail-age,32,69400000,12
tail-age,32,69450000,12
tail-age,32,69500000,12
tail-age,32,69550000,12
tail-age,32,69600000,12
tail-age,32,69650000,12
tail-age,32,69700000,12
tail-age,32,69750000,12
tail-age,32,69800000,12
tail-age,32,69850000,12
tail-age,32,69900000,12
tail-age,32,69950000,12
tail-age,32,70000000,12
tail-age,32,70050000,12
tail-age,32,70100000,12
tail-age,32,70150000,12
tail-age,32,70200000,12
tail-age,32,70250000,12
tail-age,32,70300000,12
tail-age,32,70350000,12
tail-age,32,70400000,12
tail-age,32,70450000,12
tail-age,32,70500000,12
tail-age,32,70550000,12
tail-age,32,70600000,12
tail-age,32,70650000,12
tail-age,32,70700000,12
tail-age,32,70750000,12
tail-age,32,70800000,12
tail-age,32,70850000,12
tail-age,32,70900000,12
tail-age,32,70950000,12
tail-age,32,71000000,12
tail-age,32,71050000,12
tail-age,32,71100000,12
tail-age,32,71150000,12
tail-age,32,71200000,12
tail-age,32,71250000,12
tail-age,32,71300000,12
tail-age,32,71350000,12
tail-age,32,71400000,12
tail-age,32,71450000,12
tail-age,32,71500000,12
tail-age,32,71550000,12
tail-age,32,71600000,12
tail-age,32,71650000,12
tail-age,32,71700000,12
tail-age,32,71750000,12
tail-age,32,71800000,12
tail-age,32,71850000,12
tail-age,32,71900000,12
tail-age,32,71950000,12
tail-age,32,72000000,12
tail-age,32,72050000,12
tail-age,32,72100000,12
tail-age,32,72150000,12
tail-age,32,72200000,12
tail-age,32,72250000,12
tail-age,32,72300000,12
tail-age,32,72350000,12
tail-age,32,72400000,12
tail-age,32,72450000,12
tail-age,32,72500000,12
tail-age,32,72550000,12
tail-age,32,72600000,12
tail-age,32,72650000,12
tail-age,32,72700000,12
tail-age,32,72750000,12
tail-age,32,72800000,12
tail-age,32,72850000,12
tail-age,32,72900000,12
tail-age,32,72950000,12
tail-age,32,73000000,12
tail-age,32,73050000,12
tail-age,32,73100000,12
tail-age,32,73150000,12
tail-age,32,73200000,12
tail-age,32,73250000,12
tail-age,32,73300000,12
tail-age,32,73350000,12
tail-age,32,73400000,12
tail-age,32,73450000,12
tail-age,32,73500000,12
tail-age,32,73550000,12
tail-age,32,73600000,12
tail-age,32,73650000,12
tail-age,32,73700000,12
tail-age,32,73750000,12
tail-age,32,73800000,12
tail-age,32,73850000,12
tail-age,32,73900000,12
tail-age,32,73950000,12
tail-age,32,74000000,12
tail-age,32,74050000,12
tail-age,32,74100000,12
tail-age,32,74150000,12
tail-age,32,74200000,12
tail-age,32,74250000,12
tail-age,32,74300000,12
tail-age,32,74350000,12
tail-age,32,74400000,12
tail-age,32,74450000,12
tail-age,32,74500000,12
tail-age,32,74550000,12
tail-age,32,74600000,12
tail-age,32,74650000,12
tail-age,32,74700000,12
tail-age,32,74750000,12
tail-age,32,74800000,12
tail-age,32,74850000,12
tail-age,32,74900000,12
tail-age,32,74950000,12
tail-age,32,75000000,12
tail-age,32,75050000,12
tail-age,32,75100000,12
tail-age,32,75150000,12
tail-age,32,75200000,12
tail-age,32,75250000,12
tail-age,32,75300000,12
tail-age,32,75350000,12
tail-age,32,75400000,12
tail-age,32,75450000,12
tail-age,32,75500000,12
tail-age,32,75550000,12
tail-age,32,75600000,12
tail-age,32,75650000,12
tail-age,32,75700000,12
tail-age,32,75750000,12
tail-age,32,75800000,12
tail-age,32,75850000,12
tail-age,32,75900000,12
tail-age,32,75950000,12
tail-age,32,76000000,12
tail-age,32,76050000,12
tail-age,32,76100000,12
tail-age,32,76150000,12
tail-age,32,76200000,12
tail-age,32,76250000,12
tail-age,32,76300000,12
tail-age,32,76350000,12
tail-age,32,76400000,12
tail-age,32,76450000,12
tail-age,32,76500000,12
tail-age,32,76550000,12
tail-age,32,76600000,12
tail-age,32,76650000,12
tail-age,32,76700000,12
tail-age,32,76750000,12
tail-age,32,76800000,12
tail-age,32,76850000,12
tail-age,32,76900000,12
tail-age,32,76950000,12
tail-age,32,77000000,12
tail-age,32,77050000,12
tail-age,32,77100000,12
tail-age,32,77150000,12
tail-age,32,77200000,12
tail-age,32,77250000,12
tail-age,32,77300000,12
tail-age,32,77350000,12
tail-age,32,77400000,12
tail-age,32,77450000,12
tail-age,32,77500000,12
tail-age,32,77550000,12
tail-age,32,77600000,12
tail-age,32,77650000,12
tail-age,32,77700000,12
tail-age,32,77750000,12
tail-age,32,77800000,12
tail-age,32,77850000,12
tail-age,32,77900000,12
tail-age,32,77950000,12
tail-age,32,78000000,12
tail-age,32,78050000,12
tail-age,32,78100000,12
tail-age,32,78150000,12
tail-age,32,78200000,12
tail-age,32,78250000,12
tail-age,32,78300000,12
tail-age,32,78350000,12
tail-age,32,78400000,12
tail-age,32,78450000,12
tail-age,32,78500000,12
tail-age,32,78550000,12
tail-age,32,78600000,12
tail-age,32,78650000,12
tail-age,32,78700000,12
tail-age,32,78750000,12
tail-age,32,78800000,12
tail-age,32,78850000,12
tail-age,32,78900000,12
tail-age,32,78950000,12
tail-age,32,79000000,12
tail-age,32,79050000,12
tail-age,32,79100000,12
tail-age,32,79150000,12
tail-age,32,79200000,12
tail-age,32,79250000,12
tail-age,32,79300000,12
tail-age,32,79350000,12
tail-age,32,79400000,12
tail-age,32,79450000,12
tail-age,32,79500000,12
tail-age,32,79550000,12
tail-age,32,79600000,12
tail-age,32,79650000,12
tail-age,32,79700000,12
tail-age,32,79750000,12
tail-age,32,79800000,12
tail-age,32,79850000,12
tail-age,32,79900000,12
tail-age,32,79950000,12
tail-age,256,50000,121
tail-age,256,100000,116
tail-age,256,150000,111
tail-age,256,200000,107
tail-age,256,250000,104
tail-age,256,300000,101
tail-age,256,350000,99
tail-age,256,400000,98
tail-age,256,450000,97
tail-age,256,500000,95
tail-age,256,550000,93
tail-age,256,600000,92
tail-age,256,650000,91
tail-age,256,700000,89
tail-age,256,750000,89
tail-age,256,800000,89
tail-age,256,850000,89
tail-age,256,900000,89
tail-age,256,950000,89
tail-age,256,1000000,89
tail-age,256,1050000,89
tail-age,256,1100000,89
tail-age,256,1150000,89
tail-age,256,1200000,88
tail-age,256,1250000,88
tail-age,256,1300000,88
tail-age,256,1350000,88
tail-age,256,1400000,88
tail-age,256,1450000,88
tail-age,256,1500000,87
tail-age,256,1550000,87
tail-age,256,1600000,87
tail-age,256,1650000,87
tail-age,256,1700000,87
tail-age,256,1750000,87
tail-age,256,1800000,86
tail-age,256,1850000,87
tail-age,256,1900000,86
tail-age,256,1950000,86
tail-age,256,2000000,85
tail-age,256,2050000,86
tail-age,256,2100000,86
tail-age,256,2150000,85
tail-age,256,2200000,85
tail-age,256,2250000,85
tail-age,256,2300000,84
tail-age,256,2350000,85
tail-age,256,2400000,85
tail-age,256,2450000,84
tail-age,256,2500000,85
tail-age,256,2550000,84
tail-age,256,2600000,84
tail-age,256,2650000,84
tail-age,256,2700000,84
tail-age,256,2750000,84
tail-age,256,2800000,84
tail-age,256,2850000,85
tail-age,256,2900000,85
tail-age,256,2950000,85
tail-age,256,3000000,85
tail-age,256,3050000,85
tail-age,256,3100000,85
tail-age,256,3150000,85
tail-age,256,3200000,85
tail-age,256,3250000,85
tail-age,256,3300000,85
tail-age,256,3350000,85
tail-age,256,3400000,85
tail-age,256,3450000,85
tail-age,256,3500000,85
tail-age,256,3550000,85
tail-age,256,3600000,85
tail-age,256,3650000,85
tail-age,256,3700000,85
tail-age,256,3750000,85
tail-age,256,3800000,85
tail-age,256,3850000,85
tail-age,256,3900000,85
tail-age,256,3950000,85
tail-age,256,4000000,85
tail-age,256,4050000,85
tail-age,256,4100000,85
tail-age,256,4150000,85
tail-age,256,4200000,85
tail-age,256,4250000,85
tail-age,256,4300000,85
tail-age,256,4350000,85
tail-age,256,4400000,85
tail-age,256,4450000,85
tail-age,256,4500000,85
tail-age,256,4550000,85
tail-age,256,4600000,85
tail-age,256,4650000,85
tail-age,256,4700000,85
tail-age,256,4750000,85
tail-age,256,4800000,85
tail-age,256,4850000,85
tail-age,256,4900000,85
tail-age,256,4950000,85
tail-age,256,5000000,85
tail-age,256,5050000,85
tail-age,256,5100000,85
tail-age,256,5150000,85
tail-age,256,5200000,85
tail-age,256,5250000,85
tail-age,256,5300000,85
tail-age,256,5350000,85
tail-age,256,5400000,85
tail-age,256,5450000,85
tail-age,256,5500000,85
tail-age,256,5550000,85
tail-age,256,5600000,85
tail-age,256,5650000,85
tail-age,256,5700000,85
tail-age,256,5750000,85
tail-age,256,5800000,85
tail-age,256,5850000,85
tail-age,256,5900000,85
tail-age,256,5950000,85
tail-age,256,6000000,85
tail-age,256,6050000,85
tail-age,256,6100000,85
tail-age,256,6150000,85
tail-age,256,6200000,85
tail-age,256,6250000,85
tail-age,256,6300000,85
tail-age,256,6350000,85
tail-age,256,6400000,85
tail-age,256,6450000,85
tail-age,256,6500000,85
tail-age,256,6550000,85
tail-age,256,6600000,85
tail-age,256,6650000,85
tail-age,256,6700000,85
tail-age,256,6750000,85
tail-age,256,6800000,85
tail-age,256,6850000,85
tail-age,256,6900000,85
tail-age,256,6950000,85
tail-age,256,7000000,85
tail-age,256,7050000,85
tail-age,256,7100000,85
tail-age,256,7150000,85
tail-age,256,7200000,85
tail-age,256,7250000,85
tail-age,256,7300000,85
tail-age,256,7350000,85
tail-age,256,7400000,85
tail-age,256,7450000,85
tail-age,256,7500000,85
tail-age,256,7550000,85
tail-age,256,7600000,85
tail-age,256,7650000,85
tail-age,256,7700000,85
tail-age,256,7750000,85
tail-age,256,7800000,85
tail-age,256,7850000,85
tail-age,256,7900000,85
tail-age,256,7950000,85
tail-age,256,8000000,85
tail-age,256,8050000,85
tail-age,256,8100000,85
tail-age,256,8150000,85
tail-age,256,8200000,85
tail-age,256,8250000,85
tail-age,256,8300000,85
tail-age,256,8350000,85
tail-age,256,8400000,85
tail-age,256,8450000,85
tail-age,256,8500000,85
tail-age,256,8550000,85
tail-age,256,8600000,85
tail-age,256,8650000,85
tail-age,256,8700000,85
tail-age,256,8750000,85
tail-age,256,8800000,85
tail-age,256,8850000,85
tail-age,256,8900000,85
tail-age,256,8950000,85
tail-age,256,9000000,85
tail-age,256,9050000,85
tail-age,256,9100000,85
tail-age,256,9150000,85
tail-age,256,9200000,85
tail-age,256,9250000,85
tail-age,256,9300000,85
tail-age,256,9350000,85
tail-age,256,9400000,85
tail-age,256,9450000,85
tail-age,256,9500000,85
tail-age,256,9550000,85
tail-age,256,9600000,85
tail-age,256,9650000,85
tail-age,256,9700000,85
tail-age,256,9750000,85
tail-age,256,9800000,85
tail-age,256,9850000,85
tail-age,256,9900000,85
tail-age,256,9950000,85
tail-age,256,10000000,85
tail-age,256,10050000,85
tail-age,256,10100000,85
tail-age,256,10150000,85
tail-age,256,10200000,85
tail-age,256,10250000,85
tail-age,256,10300000,85
tail-age,256,10350000,85
tail-age,256,10400000,85
tail-age,256,10450000,85
tail-age,256,10500000,85
tail-age,256,10550000,85
tail-age,256,10600000,85
tail-age,256,10650000,85
tail-age,256,10700000,85
tail-age,256,10750000,85
tail-age,256,10800000,85
tail-age,256,10850000,85
tail-age,256,10900000,85
tail-age,256,10950000,85
tail-age,256,11000000,85
tail-age,256,11050000,85
tail-age,256,11100000,85
tail-age,256,11150000,85
tail-age,256,11200000,85
tail-age,256,11250000,85
tail-age,256,11300000,85
tail-age,256,11350000,85
tail-age,256,11400000,85
tail-age,256,11450000,85
tail-age,256,11500000,85
tail-age,256,11550000,85
tail-age,256,11600000,85
tail-age,256,11650000,85
tail-age,256,11700000,85
tail-age,256,11750000,85
tail-age,256,11800000,85
tail-age,256,11850000,85
tail-age,256,11900000,85
tail-age,256,11950000,85
tail-age,256,12000000,85
tail-age,256,12050000,85
tail-age,256,12100000,85
tail-age,256,12150000,85
tail-age,256,12200000,85
tail-age,256,12250000,85
tail-age,256,12300000,85
tail-age,256,12350000,85
tail-age,256,12400000,85
tail-age,256,12450000,85
tail-age,256,12500000,85
tail-age,256,12550000,85
tail-age,256,12600000,85
tail-age,256,12650000,85
tail-age,256,12700000,85
tail-age,256,12750000,85
tail-age,256,12800000,85
tail-age,256,12850000,85
tail-age,256,12900000,85
tail-age,256,12950000,85
tail-age,256,13000000,85
tail-age,256,13050000,85
tail-age,256,13100000,85
tail-age,256,13150000,85
tail-age,256,13200000,85
tail-age,256,13250000,85
tail-age,256,13300000,85
tail-age,256,13350000,85
tail-age,256,13400000,85
tail-age,256,13450000,85
tail-age,256,13500000,85
tail-age,256,13550000,85
tail-age,256,13600000,85
tail-age,256,13650000,85
tail-age,256,13700000,85
tail-age,256,13750000,85
tail-age,256,13800000,85
tail-age,256,13850000,85
tail-age,256,13900000,85
tail-age,256,13950000,85
tail-age,256,14000000,85
tail-age,256,14050000,85
tail-age,256,14100000,85
tail-age,256,14150000,85
tail-age,256,14200000,85
tail-age,256,14250000,85
tail-age,256,14300000,85
tail-age,256,14350000,85
tail-age,256,14400000,85
tail-age,256,14450000,85
tail-age,256,14500000,85
tail-age,256,14550000,85
tail-age,256,14600000,85
tail-age,256,14650000,85
tail-age,256,14700000,85
tail-age,256,14750000,85
tail-age,256,14800000,85
tail-age,256,14850000,85
tail-age,256,14900000,85
tail-age,256,14950000,85
tail-age,256,15000000,85
tail-age,256,15050000,85
tail-age,256,15100000,85
tail-age,256,15150000,85
tail-age,256,15200000,85
tail-age,256,15250000,85
tail-age,256,15300000,85
tail-age,256,15350000,85
tail-age,256,15400000,85
tail-age,256,15450000,85
tail-age,256,15500000,85
tail-age,256,15550000,85
tail-age,256,15600000,85
tail-age,256,15650000,85
tail-age,256,15700000,85
tail-age,256,15750000,85
tail-age,256,15800000,85
tail-age,256,15850000,85
tail-age,256,15900000,85
tail-age,256,15950000,85
tail-age,256,16000000,85
tail-age,256,16050000,85
tail-age,256,16100000,85
tail-age,256,16150000,85
tail-age,256,16200000,85
tail-age,256,16250000,85
tail-age,256,16300000,85
tail-age,256,16350000,85
tail-age,256,16400000,85
tail-age,256,16450000,85
tail-age,256,16500000,85
tail-age,256,16550000,85
tail-age,256,16600000,85
tail-age,256,16650000,85
tail-age,256,16700000,85
tail-age,256,16750000,85
tail-age,256,16800000,85
tail-age,256,16850000,85
tail-age,256,16900000,85
tail-age,256,16950000,85
tail-age,256,17000000,85
tail-age,256,17050000,85
tail-age,256,17100000,85
tail-age,256,17150000,85
tail-age,256,17200000,85
tail-age,256,17250000,85
tail-age,256,17300000,85
tail-age,256,17350000,85
tail-age,256,17400000,85
tail-age,256,17450000,85
tail-age,256,17500000,85
tail-age,256,17550000,85
tail-age,256,17600000,85
tail-age,256,17650000,85
tail-age,256,17700000,85
tail-age,256,17750000,85
tail-age,256,17800000,85
tail-age,256,17850000,85
tail-age,256,17900000,85
tail-age,256,17950000,85
tail-age,256,18000000,85
tail-age,256,18050000,85
tail-age,256,18100000,85
tail-age,256,18150000,85
tail-age,256,18200000,85
tail-age,256,18250000,85
tail-age,256,18300000,85
tail-age,256,18350000,85
tail-age,256,18400000,85
tail-age,256,18450000,85
tail-age,256,18500000,85
tail-age,256,18550000,85
tail-age,256,18600000,85
tail-age,256,18650000,85
tail-age,256,18700000,85
tail-age,256,18750000,85
tail-age,256,18800000,85
tail-age,256,18850000,85
tail-age,256,18900000,85
tail-age,256,18950000,85
tail-age,256,19000000,85
tail-age,256,19050000,85
tail-age,256,19100000,85
tail-age,256,19150000,85
tail-age,256,19200000,85
tail-age,256,19250000,85
tail-age,256,19300000,85
tail-age,256,19350000,85
tail-age,256,19400000,85
tail-age,256,19450000,85
tail-age,256,19500000,85
tail-age,256,19550000,85
tail-age,256,19600000,85
tail-age,256,19650000,85
tail-age,256,19700000,85
tail-age,256,19750000,85
tail-age,256,19800000,85
tail-age,256,19850000,85
tail-age,256,19900000,85
tail-age,256,19950000,85
tail-age,256,20000000,85
tail-age,256,20050000,85
tail-age,256,20100000,85
tail-age,256,20150000,85
tail-age,256,20200000,85
tail-age,256,20250000,85
tail-age,256,20300000,85
tail-age,256,20350000,85
tail-age,256,20400000,85
tail-age,256,20450000,85
tail-age,256,20500000,85
tail-age,256,20550000,85
tail-age,256,20600000,85
tail-age,256,20650000,85
tail-age,256,20700000,85
tail-age,256,20750000,85
tail-age,256,20800000,85
tail-age,256,20850000,85
tail-age,256,20900000,85
tail-age,256,20950000,85
tail-age,256,21000000,85
tail-age,256,21050000,85
tail-age,256,21100000,85
tail-age,256,21150000,85
tail-age,256,21200000,85
tail-age,256,21250000,85
tail-age,256,21300000,85
tail-age,256,21350000,85
tail-age,256,21400000,85
tail-age,256,21450000,85
tail-age,256,21500000,85
tail-age,256,21550000,85
tail-age,256,21600000,85
tail-age,256,21650000,85
tail-age,256,21700000,85
tail-age,256,21750000,85
tail-age,256,21800000,85
tail-age,256,21850000,85
tail-age,256,21900000,85
tail-age,256,21950000,85
tail-age,256,22000000,85
tail-age,256,22050000,85
tail-age,256,22100000,85
tail-age,256,22150000,85
tail-age,256,22200000,85
tail-age,256,22250000,85
tail-age,256,22300000,85
tail-age,256,22350000,85
tail-age,256,22400000,85
tail-age,256,22450000,85
tail-age,256,22500000,85
tail-age,256,22550000,85
tail-age,256,22600000,85
tail-age,256,22650000,85
tail-age,256,22700000,85
tail-age,256,22750000,85
tail-age,256,22800000,85
tail-age,256,22850000,85
tail-age,256,22900000,85
tail-age,256,22950000,85
tail-age,256,23000000,85
tail-age,256,23050000,85
tail-age,256,23100000,85
tail-age,256,23150000,85
tail-age,256,23200000,85
tail-age,256,23250000,85
tail-age,256,23300000,85
tail-age,256,23350000,85
tail-age,256,23400000,85
tail-age,256,23450000,85
tail-age,256,23500000,85
tail-age,256,23550000,85
tail-age,256,23600000,85
tail-age,256,23650000,85
tail-age,256,23700000,85
tail-age,256,23750000,85
tail-age,256,23800000,85
tail-age,256,23850000,85
tail-age,256,23900000,85
tail-age,256,23950000,85
tail-age,256,24000000,85
tail-age,256,24050000,85
tail-age,256,24100000,85
tail-age,256,24150000,85
tail-age,256,24200000,85
tail-age,256,24250000,85
tail-age,256,24300000,85
tail-age,256,24350000,85
tail-age,256,24400000,85
tail-age,256,24450000,85
tail-age,256,24500000,85
tail-age,256,24550000,85
tail-age,256,24600000,85
tail-age,256,24650000,85
tail-age,256,24700000,85
tail-age,256,24750000,85
tail-age,256,24800000,85
tail-age,256,24850000,85
tail-age,256,24900000,85
tail-age,256,24950000,85
tail-age,256,25000000,85
tail-age,256,25050000,85
tail-age,256,25100000,85
tail-age,256,25150000,85
tail-age,256,25200000,85
tail-age,256,25250000,85
tail-age,256,25300000,85
tail-age,256,25350000,85
tail-age,256,25400000,85
tail-age,256,25450000,85
tail-age,256,25500000,85
tail-age,256,25550000,85
tail-age,256,25600000,85
tail-age,256,25650000,85
tail-age,256,25700000,85
tail-age,256,25750000,85
tail-age,256,25800000,85
tail-age,256,25850000,85
tail-age,256,25900000,85
tail-age,256,25950000,85
tail-age,256,26000000,85
tail-age,256,26050000,85
tail-age,256,26100000,85
tail-age,256,26150000,85
tail-age,256,26200000,85
tail-age,256,26250000,85
tail-age,256,26300000,85
tail-age,256,26350000,85
tail-age,256,26400000,85
tail-age,256,26450000,85
tail-age,256,26500000,85
tail-age,256,26550000,85
tail-age,256,26600000,85
tail-age,256,26650000,85
tail-age,256,26700000,85
tail-age,256,26750000,85
tail-age,256,26800000,85
tail-age,256,26850000,85
tail-age,256,26900000,85
tail-age,256,26950000,85
tail-age,256,27000000,85
tail-age,256,27050000,85
tail-age,256,27100000,85
tail-age,256,27150000,85
tail-age,256,27200000,85
tail-age,256,27250000,85
tail-age,256,27300000,85
tail-age,256,27350000,85
tail-age,256,27400000,85
tail-age,256,27450000,85
tail-age,256,27500000,85
tail-age,256,27550000,85
tail-age,256,27600000,85
tail-age,256,27650000,85
tail-age,256,27700000,85
tail-age,256,27750000,85
tail-age,256,27800000,85
tail-age,256,27850000,85
tail-age,256,27900000,85
tail-age,256,27950000,85
tail-age,256,28000000,85
tail-age,256,28050000,85
tail-age,256,28100000,85
tail-age,256,28150000,85
tail-age,256,28200000,85
tail-age,256,28250000,85
tail-age,256,28300000,85
tail-age,256,28350000,85
tail-age,256,28400000,85
tail-age,256,28450000,85
tail-age,256,28500000,85
tail-age,256,28550000,85
tail-age,256,28600000,85
tail-age,256,28650000,85
tail-age,256,28700000,85
tail-age,256,28750000,85
tail-age,256,28800000,85
tail-age,256,28850000,85
tail-age,256,28900000,85
tail-age,256,28950000,85
tail-age,256,29000000,85
tail-age,256,29050000,85
tail-age,256,29100000,85
tail-age,256,29150000,85
tail-age,256,29200000,85
tail-age,256,29250000,85
tail-age,256,29300000,85
tail-age,256,29350000,85
tail-age,256,29400000,85
tail-age,256,29450000,85
tail-age,256,29500000,85
tail-age,256,29550000,85
tail-age,256,29600000,85
tail-age,256,29650000,85
tail-age,256,29700000,85
tail-age,256,29750000,85
tail-age,256,29800000,85
tail-age,256,29850000,85
tail-age,256,29900000,85
tail-age,256,29950000,85
tail-age,256,30000000,85
tail-age,256,30050000,85
tail-age,256,30100000,85
tail-age,256,30150000,85
tail-age,256,30200000,85
tail-age,256,30250000,85
tail-age,256,30300000,85
tail-age,256,30350000,85
tail-age,256,30400000,85
tail-age,256,30450000,85
tail-age,256,30500000,85
tail-age,256,30550000,85
tail-age,256,30600000,85
tail-age,256,30650000,85
tail-age,256,30700000,85
tail-age,256,30750000,85
tail-age,256,30800000,85
tail-age,256,30850000,85
tail-age,256,30900000,85
tail-age,256,30950000,85
tail-age,256,31000000,85
tail-age,256,31050000,85
tail-age,256,31100000,85
tail-age,256,31150000,85
tail-age,256,31200000,85
tail-age,256,31250000,85
tail-age,256,31300000,85
tail-age,256,31350000,85
tail-age,256,31400000,85
tail-age,256,31450000,85
tail-age,256,31500000,85
tail-age,256,31550000,85
tail-age,256,31600000,85
tail-age,256,31650000,85
tail-age,256,31700000,85
tail-age,256,31750000,85
tail-age,256,31800000,85
tail-age,256,31850000,85
tail-age,256,31900000,85
tail-age,256,31950000,85
tail-age,256,32000000,85
tail-age,256,32050000,85
tail-age,256,32100000,85
tail-age,256,32150000,85
tail-age,256,32200000,85
tail-age,256,32250000,85
tail-age,256,32300000,85
tail-age,256,32350000,85
tail-age,256,32400000,85
tail-age,256,32450000,85
tail-age,256,32500000,85
tail-age,256,32550000,85
tail-age,256,32600000,85
tail-age,256,32650000,85
tail-age,256,32700000,85
tail-age,256,32750000,85
tail-age,256,32800000,85
tail-age,256,32850000,85
tail-age,256,32900000,85
tail-age,256,32950000,85
tail-age,256,33000000,85
tail-age,256,33050000,85
tail-age,256,33100000,85
tail-age,256,33150000,85
tail-age,256,33200000,85
tail-age,256,33250000,85
tail-age,256,33300000,85
tail-age,256,33350000,85
tail-age,256,33400000,85
tail-age,256,33450000,85
tail-age,256,33500000,85
tail-age,256,33550000,85
tail-age,256,33600000,85
tail-age,256,33650000,85
tail-age,256,33700000,85
tail-age,256,33750000,85
tail-age,256,33800000,85
tail-age,256,33850000,85
tail-age,256,33900000,85
tail-age,256,33950000,85
tail-age,256,34000000,85
tail-age,256,34050000,85
tail-age,256,34100000,85
tail-age,256,34150000,85
tail-age,256,34200000,85
tail-age,256,34250000,85
tail-age,256,34300000,85
tail-age,256,34350000,85
tail-age,256,34400000,85
tail-age,256,34450000,85
tail-age,256,34500000,85
tail-age,256,34550000,85
tail-age,256,34600000,85
tail-age,256,34650000,85
tail-age,256,34700000,85
tail-age,256,34750000,85
tail-age,256,34800000,85
tail-age,256,34850000,85
tail-age,256,34900000,85
tail-age,256,34950000,85
tail-age,256,35000000,85
tail-age,256,35050000,85
tail-age,256,35100000,85
tail-age,256,35150000,85
tail-age,256,35200000,85
tail-age,256,35250000,85
tail-age,256,35300000,85
tail-age,256,35350000,85
tail-age,256,35400000,85
tail-age,256,35450000,85
tail-age,256,35500000,85
tail-age,256,35550000,85
tail-age,256,35600000,85
tail-age,256,35650000,85
tail-age,256,35700000,85
tail-age,256,35750000,85
tail-age,256,35800000,85
tail-age,256,35850000,85
tail-age,256,35900000,85
tail-age,256,35950000,85
tail-age,256,36000000,85
tail-age,256,36050000,85
tail-age,256,36100000,85
tail-age,256,36150000,85
tail-age,256,36200000,85
tail-age,256,36250000,85
tail-age,256,36300000,85
tail-age,256,36350000,85
tail-age,256,36400000,85
tail-age,256,36450000,85
tail-age,256,36500000,85
tail-age,256,36550000,85
tail-age,256,36600000,85
tail-age,256,36650000,85
tail-age,256,36700000,85
tail-age,256,36750000,85
tail-age,256,36800000,85
tail-age,256,36850000,85
tail-age,256,36900000,85
tail-age,256,36950000,85
tail-age,256,37000000,85
tail-age,256,37050000,85
tail-age,256,37100000,85
tail-age,256,37150000,85
tail-age,256,37200000,85
tail-age,256,37250000,85
tail-age,256,37300000,85
tail-age,256,37350000,85
tail-age,256,37400000,85
tail-age,256,37450000,85
tail-age,256,37500000,85
tail-age,256,37550000,85
tail-age,256,37600000,85
tail-age,256,37650000,85
tail-age,256,37700000,85
tail-age,256,37750000,85
tail-age,256,37800000,85
tail-age,256,37850000,85
tail-age,256,37900000,85
tail-age,256,37950000,85
tail-age,256,38000000,85
tail-age,256,38050000,85
tail-age,256,38100000,85
tail-age,256,38150000,85
tail-age,256,38200000,85
tail-age,256,38250000,85
tail-age,256,38300000,85
tail-age,256,38350000,85
tail-age,256,38400000,85
tail-age,256,38450000,85
tail-age,256,38500000,85
tail-age,256,38550000,85
tail-age,256,38600000,85
tail-age,256,38650000,85
tail-age,256,38700000,85
tail-age,256,38750000,85
tail-age,256,38800000,85
tail-age,256,38850000,85
tail-age,256,38900000,85
tail-age,256,38950000,85
tail-age,256,39000000,85
tail-age,256,39050000,85
tail-age,256,39100000,85
tail-age,256,39150000,85
tail-age,256,39200000,85
tail-age,256,39250000,85
tail-age,256,39300000,85
tail-age,256,39350000,85
tail-age,256,39400000,85
tail-age,256,39450000,85
tail-age,256,39500000,85
tail-age,256,39550000,85
tail-age,256,39600000,85
tail-age,256,39650000,85
tail-age,256,39700000,85
tail-age,256,39750000,85
tail-age,256,39800000,85
tail-age,256,39850000,85
tail-age,256,39900000,85
tail-age,256,39950000,85
tail-age,256,40000000,85
tail-age,256,40050000,85
tail-age,256,40100000,85
tail-age,256,40150000,85
tail-age,256,40200000,85
tail-age,256,40250000,85
tail-age,256,40300000,85
tail-age,256,40350000,85
tail-age,256,40400000,85
tail-age,256,40450000,85
tail-age,256,40500000,85
tail-age,256,40550000,85
tail-age,256,40600000,85
tail-age,256,40650000,85
tail-age,256,40700000,85
tail-age,256,40750000,85
tail-age,256,40800000,85
tail-age,256,40850000,85
tail-age,256,40900000,85
tail-age,256,40950000,85
tail-age,256,41000000,85
tail-age,256,41050000,85
tail-age,256,41100000,85
tail-age,256,41150000,85
tail-age,256,41200000,85
tail-age,256,41250000,85
tail-age,256,41300000,85
tail-age,256,41350000,85
tail-age,256,41400000,85
tail-age,256,41450000,85
tail-age,256,41500000,85
tail-age,256,41550000,85
tail-age,256,41600000,85
tail-age,256,41650000,85
tail-age,256,41700000,85
tail-age,256,41750000,85
tail-age,256,41800000,85
tail-age,256,41850000,85
tail-age,256,41900000,85
tail-age,256,41950000,85
tail-age,256,42000000,85
tail-age,256,42050000,85
tail-age,256,42100000,85
tail-age,256,42150000,85
tail-age,256,42200000,85
tail-age,256,42250000,85
tail-age,256,42300000,85
tail-age,256,42350000,85
tail-age,256,42400000,85
tail-age,256,42450000,85
tail-age,256,42500000,85
tail-age,256,42550000,85
tail-age,256,42600000,85
tail-age,256,42650000,85
tail-age,256,42700000,85
tail-age,256,42750000,85
tail-age,256,42800000,85
tail-age,256,42850000,85
tail-age,256,42900000,85
tail-age,256,42950000,85
tail-age,256,43000000,85
tail-age,256,43050000,85
tail-age,256,43100000,85
tail-age,256,43150000,85
tail-age,256,43200000,85
tail-age,256,43250000,85
tail-age,256,43300000,85
tail-age,256,43350000,85
tail-age,256,43400000,85
tail-age,256,43450000,85
tail-age,256,43500000,85
tail-age,256,43550000,85
tail-age,256,43600000,85
tail-age,256,43650000,85
tail-age,256,43700000,85
tail-age,256,43750000,85
tail-age,256,43800000,85
tail-age,256,43850000,85
tail-age,256,43900000,85
tail-age,256,43950000,85
tail-age,256,44000000,85
tail-age,256,44050000,85
tail-age,256,44100000,85
tail-age,256,44150000,85
tail-age,256,44200000,85
tail-age,256,44250000,85
tail-age,256,44300000,85
tail-age,256,44350000,85
tail-age,256,44400000,85
tail-age,256,44450000,85
tail-age,256,44500000,85
tail-age,256,44550000,85
tail-age,256,44600000,85
tail-age,256,44650000,85
tail-age,256,44700000,85
tail-age,256,44750000,85
tail-age,256,44800000,85
tail-age,256,44850000,85
tail-age,256,44900000,85
tail-age,256,44950000,85
tail-age,256,45000000,85
tail-age,256,45050000,85
tail-age,256,45100000,85
tail-age,256,45150000,85
tail-age,256,45200000,85
tail-age,256,45250000,85
tail-age,256,45300000,85
tail-age,256,45350000,85
tail-age,256,45400000,85
tail-age,256,45450000,85
tail-age,256,45500000,85
tail-age,256,45550000,85
tail-age,256,45600000,85
tail-age,256,45650000,85
tail-age,256,45700000,85
tail-age,256,45750000,85
tail-age,256,45800000,85
tail-age,256,45850000,85
tail-age,256,45900000,85
tail-age,256,45950000,85
tail-age,256,46000000,85
tail-age,256,46050000,85
tail-age,256,46100000,85
tail-age,256,46150000,85
tail-age,256,46200000,85
tail-age,256,46250000,85
tail-age,256,46300000,85
tail-age,256,46350000,85
tail-age,256,46400000,85
tail-age,256,46450000,85
tail-age,256,46500000,85
tail-age,256,46550000,85
tail-age,256,46600000,85
tail-age,256,46650000,85
tail-age,256,46700000,85
tail-age,256,46750000,85
tail-age,256,46800000,85
tail-age,256,46850000,85
tail-age,256,46900000,85
tail-age,256,46950000,85
tail-age,256,47000000,85
tail-age,256,47050000,85
tail-age,256,47100000,85
tail-age,256,47150000,85
tail-age,256,47200000,85
tail-age,256,47250000,85
tail-age,256,47300000,85
tail-age,256,47350000,85
tail-age,256,47400000,85
tail-age,256,47450000,85
tail-age,256,47500000,85
tail-age,256,47550000,85
tail-age,256,47600000,85
tail-age,256,47650000,85
tail-age,256,47700000,85
tail-age,256,47750000,85
tail-age,256,47800000,85
tail-age,256,47850000,85
tail-age,256,47900000,85
tail-age,256,47950000,85
tail-age,256,48000000,85
tail-age,256,48050000,85
tail-age,256,48100000,85
tail-age,256,48150000,85
tail-age,256,48200000,85
tail-age,256,48250000,85
tail-age,256,48300000,85
tail-age,256,48350000,85
tail-age,256,48400000,85
tail-age,256,48450000,85
tail-age,256,48500000,85
tail-age,256,48550000,85
tail-age,256,48600000,85
tail-age,256,48650000,85
tail-age,256,48700000,85
tail-age,256,48750000,85
tail-age,256,48800000,85
tail-age,256,48850000,85
tail-age,256,48900000,85
tail-age,256,48950000,85
tail-age,256,49000000,85
tail-age,256,49050000,85
tail-age,256,49100000,85
tail-age,256,49150000,85
tail-age,256,49200000,85
tail-age,256,49250000,85
tail-age,256,49300000,85
tail-age,256,49350000,85
tail-age,256,49400000,85
tail-age,256,49450000,85
tail-age,256,49500000,85
tail-age,256,49550000,85
tail-age,256,49600000,85
tail-age,256,49650000,85
tail-age,256,49700000,85
tail-age,256,49750000,85
tail-age,256,49800000,85
tail-age,256,49850000,85
tail-age,256,49900000,85
tail-age,256,49950000,85
tail-age,256,50000000,85
tail-age,256,50050000,85
tail-age,256,50100000,85
tail-age,256,50150000,85
tail-age,256,50200000,85
tail-age,256,50250000,85
tail-age,256,50300000,85
tail-age,256,50350000,85
tail-age,256,50400000,85
tail-age,256,50450000,85
tail-age,256,50500000,85
tail-age,256,50550000,85
tail-age,256,50600000,85
tail-age,256,50650000,85
tail-age,256,50700000,85
tail-age,256,50750000,85
tail-age,256,50800000,85
tail-age,256,50850000,85
tail-age,256,50900000,85
tail-age,256,50950000,85
tail-age,256,51000000,85
tail-age,256,51050000,85
tail-age,256,51100000,85
tail-age,256,51150000,85
tail-age,256,51200000,85
tail-age,256,51250000,85
tail-age,256,51300000,85
tail-age,256,51350000,85
tail-age,256,51400000,85
tail-age,256,51450000,85
tail-age,256,51500000,85
tail-age,256,51550000,85
tail-age,256,51600000,85
tail-age,256,51650000,85
tail-age,256,51700000,85
tail-age,256,51750000,85
tail-age,256,51800000,85
tail-age,256,51850000,85
tail-age,256,51900000,85
tail-age,256,51950000,85
tail-age,256,52000000,85
tail-age,256,52050000,85
tail-age,256,52100000,85
tail-age,256,52150000,85
tail-age,256,52200000,85
tail-age,256,52250000,85
tail-age,256,52300000,85
tail-age,256,52350000,85
tail-age,256,52400000,85
tail-age,256,52450000,85
tail-age,256,52500000,85
tail-age,256,52550000,85
tail-age,256,52600000,85
tail-age,256,52650000,85
tail-age,256,52700000,85
tail-age,256,52750000,85
tail-age,256,52800000,85
tail-age,256,52850000,85
tail-age,256,52900000,85
tail-age,256,52950000,85
tail-age,256,53000000,85
tail-age,256,53050000,85
tail-age,256,53100000,85
tail-age,256,53150000,85
tail-age,256,53200000,85
tail-age,256,53250000,85
tail-age,256,53300000,85
tail-age,256,53350000,85
tail-age,256,53400000,85
tail-age,256,53450000,85
tail-age,256,53500000,85
tail-age,256,53550000,85
tail-age,256,53600000,85
tail-age,256,53650000,85
tail-age,256,53700000,85
tail-age,256,53750000,85
tail-age,256,53800000,85
tail-age,256,53850000,85
tail-age,256,53900000,85
tail-age,256,53950000,85
tail-age,256,54000000,85
tail-age,256,54050000,85
tail-age,256,54100000,85
tail-age,256,54150000,85
tail-age,256,54200000,85
tail-age,256,54250000,85
tail-age,256,54300000,85
tail-age,256,54350000,85
tail-age,256,54400000,85
tail-age,256,54450000,85
tail-age,256,54500000,85
tail-age,256,54550000,85
tail-age,256,54600000,85
tail-age,256,54650000,85
tail-age,256,54700000,85
tail-age,256,54750000,85
tail-age,256,54800000,85
tail-age,256,54850000,85
tail-age,256,54900000,85
tail-age,256,54950000,85
tail-age,256,55000000,85
tail-age,256,55050000,85
tail-age,256,55100000,85
tail-age,256,55150000,85
tail-age,256,55200000,85
tail-age,256,55250000,85
tail-age,256,55300000,85
tail-age,256,55350000,85
tail-age,256,55400000,85
tail-age,256,55450000,85
tail-age,256,55500000,85
tail-age,256,55550000,85
tail-age,256,55600000,85
tail-age,256,55650000,85
tail-age,256,55700000,85
tail-age,256,55750000,85
tail-age,256,55800000,85
tail-age,256,55850000,85
tail-age,256,55900000,85
tail-age,256,55950000,85
tail-age,256,56000000,85
tail-age,256,56050000,85
tail-age,256,56100000,85
tail-age,256,56150000,85
tail-age,256,56200000,85
tail-age,256,56250000,85
tail-age,256,56300000,85
tail-age,256,56350000,85
tail-age,256,56400000,85
tail-age,256,56450000,85
tail-age,256,56500000,85
tail-age,256,56550000,85
tail-age,256,56600000,85
tail-age,256,56650000,85
tail-age,256,56700000,85
tail-age,256,56750000,85
tail-age,256,56800000,85
tail-age,256,56850000,85
tail-age,256,56900000,85
tail-age,256,56950000,85
tail-age,256,57000000,85
tail-age,256,57050000,85
tail-age,256,57100000,85
tail-age,256,57150000,85
tail-age,256,57200000,85
tail-age,256,57250000,85
tail-age,256,57300000,85
tail-age,256,57350000,85
tail-age,256,57400000,85
tail-age,256,57450000,85
tail-age,256,57500000,85
tail-age,256,57550000,85
tail-age,256,57600000,85
tail-age,256,57650000,85
tail-age,256,57700000,85
tail-age,256,57750000,85
tail-age,256,57800000,85
tail-age,256,57850000,85
tail-age,256,57900000,85
tail-age,256,57950000,85
tail-age,256,58000000,85
tail-age,256,58050000,85
tail-age,256,58100000,85
tail-age,256,58150000,85
tail-age,256,58200000,85
tail-age,256,58250000,85
tail-age,256,58300000,85
tail-age,256,58350000,85
tail-age,256,58400000,85
tail-age,256,58450000,85
tail-age,256,58500000,85
tail-age,256,58550000,85
tail-age,256,58600000,85
tail-age,256,58650000,85
tail-age,256,58700000,85
tail-age,256,58750000,85
tail-age,256,58800000,85
tail-age,256,58850000,85
tail-age,256,58900000,85
tail-age,256,58950000,85
tail-age,256,59000000,85
tail-age,256,59050000,85
tail-age,256,59100000,85
tail-age,256,59150000,85
tail-age,256,59200000,85
tail-age,256,59250000,85
tail-age,256,59300000,85
tail-age,256,59350000,85
tail-age,256,59400000,85
tail-age,256,59450000,85
tail-age,256,59500000,85
tail-age,256,59550000,85
tail-age,256,59600000,85
tail-age,256,59650000,85
tail-age,256,59700000,85
tail-age,256,59750000,85
tail-age,256,59800000,85
tail-age,256,59850000,85
tail-age,256,59900000,85
tail-age,256,59950000,85
tail-age,256,60000000,85
tail-age,256,60050000,85
tail-age,256,60100000,85
tail-age,256,60150000,85
tail-age,256,60200000,85
tail-age,256,60250000,85
tail-age,256,60300000,85
tail-age,256,60350000,85
tail-age,256,60400000,85
tail-age,256,60450000,85
tail-age,256,60500000,85
tail-age,256,60550000,85
tail-age,256,60600000,85
tail-age,256,60650000,85
tail-age,256,60700000,85
tail-age,256,60750000,85
tail-age,256,60800000,85
tail-age,256,60850000,85
tail-age,256,60900000,85
tail-age,256,60950000,85
tail-age,256,61000000,85
tail-age,256,61050000,85
tail-age,256,61100000,85
tail-age,256,61150000,85
tail-age,256,61200000,85
tail-age,256,61250000,85
tail-age,256,61300000,85
tail-age,256,61350000,85
tail-age,256,61400000,85
tail-age,256,61450000,85
tail-age,256,61500000,85
tail-age,256,61550000,85
tail-age,256,61600000,85
tail-age,256,61650000,85
tail-age,256,61700000,85
tail-age,256,61750000,85
tail-age,256,61800000,85
tail-age,256,61850000,85
tail-age,256,61900000,85
tail-age,256,61950000,85
tail-age,256,62000000,85
tail-age,256,62050000,85
tail-age,256,62100000,85
tail-age,256,62150000,85
tail-age,256,62200000,85
tail-age,256,62250000,85
tail-age,256,62300000,85
tail-age,256,62350000,85
tail-age,256,62400000,85
tail-age,256,62450000,85
tail-age,256,62500000,85
tail-age,256,62550000,85
tail-age,256,62600000,85
tail-age,256,62650000,85
tail-age,256,62700000,85
tail-age,256,62750000,85
tail-age,256,62800000,85
tail-age,256,62850000,85
tail-age,256,62900000,85
tail-age,256,62950000,85
tail-age,256,63000000,85
tail-age,256,63050000,85
tail-age,256,63100000,85
tail-age,256,63150000,85
tail-age,256,63200000,85
tail-age,256,63250000,85
tail-age,256,63300000,85
tail-age,256,63350000,85
tail-age,256,63400000,85
tail-age,256,63450000,85
tail-age,256,63500000,85
tail-age,256,63550000,85
tail-age,256,63600000,85
tail-age,256,63650000,85
tail-age,256,63700000,85
tail-age,256,63750000,85
tail-age,256,63800000,85
tail-age,256,63850000,85
tail-age,256,63900000,85
tail-age,256,63950000,85
tail-age,256,64000000,85
tail-age,256,64050000,85
tail-age,256,64100000,85
tail-age,256,64150000,85
tail-age,256,64200000,85
tail-age,256,64250000,85
tail-age,256,64300000,85
tail-age,256,64350000,85
tail-age,256,64400000,85
tail-age,256,64450000,85
tail-age,256,64500000,85
tail-age,256,64550000,85
tail-age,256,64600000,85
tail-age,256,64650000,85
tail-age,256,64700000,85
tail-age,256,64750000,85
tail-age,256,64800000,85
tail-age,256,64850000,85
tail-age,256,64900000,85
tail-age,256,64950000,85
tail-age,256,65000000,85
tail-age,256,65050000,85
tail-age,256,65100000,85
tail-age,256,65150000,85
tail-age,256,65200000,85
tail-age,256,65250000,85
tail-age,256,65300000,85
tail-age,256,65350000,85
tail-age,256,65400000,85
tail-age,256,65450000,85
tail-age,256,65500000,85
tail-age,256,65550000,85
tail-age,256,65600000,85
tail-age,256,65650000,85
tail-age,256,65700000,85
tail-age,256,65750000,85
tail-age,256,65800000,85
tail-age,256,65850000,85
tail-age,256,65900000,85
tail-age,256,65950000,85
tail-age,256,66000000,85
tail-age,256,66050000,85
tail-age,256,66100000,85
tail-age,256,66150000,85
tail-age,256,66200000,85
tail-age,256,66250000,85
tail-age,256,66300000,85
tail-age,256,66350000,85
tail-age,256,66400000,85
tail-age,256,66450000,85
tail-age,256,66500000,85
tail-age,256,66550000,85
tail-age,256,66600000,85
tail-age,256,66650000,85
tail-age,256,66700000,85
tail-age,256,66750000,85
tail-age,256,66800000,85
tail-age,256,66850000,85
tail-age,256,66900000,85
tail-age,256,66950000,85
tail-age,256,67000000,85
tail-age,256,67050000,85
tail-age,256,67100000,85
tail-age,256,67150000,85
tail-age,256,67200000,85
tail-age,256,67250000,85
tail-age,256,67300000,85
tail-age,256,67350000,85
tail-age,256,67400000,85
tail-age,256,67450000,85
tail-age,256,67500000,85
tail-age,256,67550000,85
tail-age,256,67600000,85
tail-age,256,67650000,85
tail-age,256,67700000,85
tail-age,256,67750000,85
tail-age,256,67800000,85
tail-age,256,67850000,85
tail-age,256,67900000,85
tail-age,256,67950000,85
tail-age,256,68000000,85
tail-age,256,68050000,85
tail-age,256,68100000,85
tail-age,256,68150000,85
tail-age,256,68200000,85
tail-age,256,68250000,85
tail-age,256,68300000,85
tail-age,256,68350000,85
tail-age,256,68400000,85
tail-age,256,68450000,85
tail-age,256,68500000,85
tail-age,256,68550000,85
tail-age,256,68600000,85
tail-age,256,68650000,85
tail-age,256,68700000,85
tail-age,256,68750000,85
tail-age,256,68800000,85
tail-age,256,68850000,85
tail-age,256,68900000,85
tail-age,256,68950000,85
tail-age,256,69000000,85
tail-age,256,69050000,85
tail-age,256,69100000,85
tail-age,256,69150000,85
tail-age,256,69200000,85
tail-age,256,69250000,85
tail-age,256,69300000,85
tail-age,256,69350000,85
tail-age,256,69400000,85
tail-age,256,69450000,85
tail-age,256,69500000,85
tail-age,256,69550000,85
tail-age,256,69600000,85
tail-age,256,69650000,85
tail-age,256,69700000,85
tail-age,256,69750000,85
tail-age,256,69800000,85
tail-age,256,69850000,85
tail-age,256,69900000,85
tail-age,256,69950000,85
tail-age,256,70000000,85
tail-age,256,70050000,85
tail-age,256,70100000,85
tail-age,256,70150000,85
tail-age,256,70200000,85
tail-age,256,70250000,85
tail-age,256,70300000,85
tail-age,256,70350000,85
tail-age,256,70400000,85
tail-age,256,70450000,85
tail-age,256,70500000,85
tail-age,256,70550000,85
tail-age,256,70600000,85
tail-age,256,70650000,85
tail-age,256,70700000,85
tail-age,256,70750000,85
tail-age,256,70800000,85
tail-age,256,70850000,85
tail-age,256,70900000,85
tail-age,256,70950000,85
tail-age,256,71000000,85
tail-age,256,71050000,85
tail-age,256,71100000,85
tail-age,256,71150000,85
tail-age,256,71200000,85
tail-age,256,71250000,85
tail-age,256,71300000,85
tail-age,256,71350000,85
tail-age,256,71400000,85
tail-age,256,71450000,85
tail-age,256,71500000,85
tail-age,256,71550000,85
tail-age,256,71600000,85
tail-age,256,71650000,85
tail-age,256,71700000,85
tail-age,256,71750000,85
tail-age,256,71800000,85
tail-age,256,71850000,85
tail-age,256,71900000,85
tail-age,256,71950000,85
tail-age,256,72000000,85
tail-age,256,72050000,85
tail-age,256,72100000,85
tail-age,256,72150000,85
tail-age,256,72200000,85
tail-age,256,72250000,85
tail-age,256,72300000,85
tail-age,256,72350000,85
tail-age,256,72400000,85
tail-age,256,72450000,85
tail-age,256,72500000,85
tail-age,256,72550000,85
tail-age,256,72600000,85
tail-age,256,72650000,85
tail-age,256,72700000,85
tail-age,256,72750000,85
tail-age,256,72800000,85
tail-age,256,72850000,85
tail-age,256,72900000,85
tail-age,256,72950000,85
tail-age,256,73000000,85
tail-age,256,73050000,85
tail-age,256,73100000,85
tail-age,256,73150000,85
tail-age,256,73200000,85
tail-age,256,73250000,85
tail-age,256,73300000,85
tail-age,256,73350000,85
tail-age,256,73400000,85
tail-age,256,73450000,85
tail-age,256,73500000,85
tail-age,256,73550000,85
tail-age,256,73600000,85
tail-age,256,73650000,85
tail-age,256,73700000,85
tail-age,256,73750000,85
tail-age,256,73800000,85
tail-age,256,73850000,85
tail-age,256,73900000,85
tail-age,256,73950000,85
tail-age,256,74000000,85
tail-age,256,74050000,85
tail-age,256,74100000,85
tail-age,256,74150000,85
tail-age,256,74200000,85
tail-age,256,74250000,85
tail-age,256,74300000,85
tail-age,256,74350000,85
tail-age,256,74400000,85
tail-age,256,74450000,85
tail-age,256,74500000,85
tail-age,256,74550000,85
tail-age,256,74600000,85
tail-age,256,74650000,85
tail-age,256,74700000,85
tail-age,256,74750000,85
tail-age,256,74800000,85
tail-age,256,74850000,85
tail-age,256,74900000,85
tail-age,256,74950000,85
tail-age,256,75000000,85
tail-age,256,75050000,85
tail-age,256,75100000,85
tail-age,256,75150000,85
tail-age,256,75200000,85
tail-age,256,75250000,85
tail-age,256,75300000,85
tail-age,256,75350000,85
tail-age,256,75400000,85
tail-age,256,75450000,85
tail-age,256,75500000,85
tail-age,256,75550000,85
tail-age,256,75600000,85
tail-age,256,75650000,85
tail-age,256,75700000,85
tail-age,256,75750000,85
tail-age,256,75800000,85
tail-age,256,75850000,85
tail-age,256,75900000,85
tail-age,256,75950000,85
tail-age,256,76000000,85
tail-age,256,76050000,85
tail-age,256,76100000,85
tail-age,256,76150000,85
tail-age,256,76200000,85
tail-age,256,76250000,85
tail-age,256,76300000,85
tail-age,256,76350000,85
tail-age,256,76400000,85
tail-age,256,76450000,85
tail-age,256,76500000,85
tail-age,256,76550000,85
tail-age,256,76600000,85
tail-age,256,76650000,85
tail-age,256,76700000,85
tail-age,256,76750000,85
tail-age,256,76800000,85
tail-age,256,76850000,85
tail-age,256,76900000,85
tail-age,256,76950000,85
tail-age,256,77000000,85
tail-age,256,77050000,85
tail-age,256,77100000,85
tail-age,256,77150000,85
tail-age,256,77200000,85
tail-age,256,77250000,85
tail-age,256,77300000,85
tail-age,256,77350000,85
tail-age,256,77400000,85
tail-age,256,77450000,85
tail-age,256,77500000,85
tail-age,256,77550000,85
tail-age,256,77600000,85
tail-age,256,77650000,85
tail-age,256,77700000,85
tail-age,256,77750000,85
tail-age,256,77800000,85
tail-age,256,77850000,85
tail-age,256,77900000,85
tail-age,256,77950000,85
tail-age,256,78000000,85
tail-age,256,78050000,85
tail-age,256,78100000,85
tail-age,256,78150000,85
tail-age,256,78200000,85
tail-age,256,78250000,85
tail-age,256,78300000,85
tail-age,256,78350000,85
tail-age,256,78400000,85
tail-age,256,78450000,85
tail-age,256,78500000,85
tail-age,256,78550000,85
tail-age,256,78600000,85
tail-age,256,78650000,85
tail-age,256,78700000,85
tail-age,256,78750000,85
tail-age,256,78800000,85
tail-age,256,78850000,85
tail-age,256,78900000,85
tail-age,256,78950000,85
tail-age,256,79000000,85
tail-age,256,79050000,85
tail-age,256,79100000,85
tail-age,256,79150000,85
tail-age,256,79200000,85
tail-age,256,79250000,85
tail-age,256,79300000,85
tail-age,256,79350000,85
tail-age,256,79400000,85
tail-age,256,79450000,85
tail-age,256,79500000,85
tail-age,256,79550000,85
tail-age,256,79600000,85
tail-age,256,79650000,85
tail-age,256,79700000,85
tail-age,256,79750000,85
tail-age,256,79800000,85
tail-age,256,79850000,85
tail-age,256,79900000,85
tail-age,256,79950000,85
eviction-rate,64,50000,25
eviction-rate,64,100000,20
eviction-rate,64,150000,16
eviction-rate,64,200000,14
eviction-rate,64,250000,13
eviction-rate,64,300000,11
eviction-rate,64,350000,12
eviction-rate,64,400000,13
eviction-rate,64,450000,13
eviction-rate,64,500000,12
eviction-rate,64,550000,12
eviction-rate,64,600000,11
eviction-rate,64,650000,11
eviction-rate,64,700000,10
eviction-rate,64,750000,10
eviction-rate,64,800000,9
eviction-rate,64,850000,9
eviction-rate,64,900000,8
eviction-rate,64,950000,8
eviction-rate,64,1000000,9
eviction-rate,64,1050000,10
eviction-rate,64,1100000,11
eviction-rate,64,1150000,12
eviction-rate,64,1200000,13
eviction-rate,64,1250000,14
eviction-rate,64,1300000,14
eviction-rate,64,1350000,15
eviction-rate,64,1400000,15
eviction-rate,64,1450000,16
eviction-rate,64,1500000,17
eviction-rate,64,1550000,18
eviction-rate,64,1600000,19
eviction-rate,64,1650000,20
eviction-rate,64,1700000,21
eviction-rate,64,1750000,22
eviction-rate,64,1800000,23
eviction-rate,64,1850000,24
eviction-rate,64,1900000,25
eviction-rate,64,1950000,26
eviction-rate,64,2000000,27
eviction-rate,64,2050000,28
eviction-rate,64,2100000,29
eviction-rate,64,2150000,30
eviction-rate,64,2200000,31
eviction-rate,64,2250000,31
eviction-rate,64,2300000,31
eviction-rate,64,2350000,32
eviction-rate,64,2400000,32
eviction-rate,64,2450000,32
eviction-rate,64,2500000,33
eviction-rate,64,2550000,33
eviction-rate,64,2600000,33
eviction-rate,64,2650000,34
eviction-rate,64,2700000,34
eviction-rate,64,2750000,34
eviction-rate,64,2800000,34
eviction-rate,64,2850000,34
eviction-rate,64,2900000,34
eviction-rate,64,2950000,35
eviction-rate,64,3000000,34
eviction-rate,64,3050000,34
eviction-rate,64,3100000,34
eviction-rate,64,3150000,34
eviction-rate,64,3200000,34
eviction-rate,64,3250000,35
eviction-rate,64,3300000,34
eviction-rate,64,3350000,34
eviction-rate,64,3400000,34
eviction-rate,64,3450000,34
eviction-rate,64,3500000,34
eviction-rate,64,3550000,34
eviction-rate,64,3600000,34
eviction-rate,64,3650000,34
eviction-rate,64,3700000,34
eviction-rate,64,3750000,34
eviction-rate,64,3800000,34
eviction-rate,64,3850000,34
eviction-rate,64,3900000,34
eviction-rate,64,3950000,34
eviction-rate,64,4000000,34
eviction-rate,64,4050000,34
eviction-rate,64,4100000,34
eviction-rate,64,4150000,34
eviction-rate,64,4200000,34
eviction-rate,64,4250000,34
eviction-rate,64,4300000,34
eviction-rate,64,4350000,34
eviction-rate,64,4400000,34
eviction-rate,64,4450000,34
eviction-rate,64,4500000,34
eviction-rate,64,4550000,34
eviction-rate,64,4600000,34
eviction-rate,64,4650000,34
eviction-rate,64,4700000,34
eviction-rate,64,4750000,34
eviction-rate,64,4800000,34
eviction-rate,64,4850000,34
eviction-rate,64,4900000,34
eviction-rate,64,4950000,34
eviction-rate,64,5000000,34
eviction-rate,64,5050000,34
eviction-rate,64,5100000,34
eviction-rate,64,5150000,34
eviction-rate,64,5200000,34
eviction-rate,64,5250000,34
eviction-rate,64,5300000,34
eviction-rate,64,5350000,34
eviction-rate,64,5400000,34
eviction-rate,64,5450000,34
eviction-rate,64,5500000,34
eviction-rate,64,5550000,34
eviction-rate,64,5600000,34
eviction-rate,64,5650000,34
eviction-rate,64,5700000,34
eviction-rate,64,5750000,34
eviction-rate,64,5800000,34
eviction-rate,64,5850000,34
eviction-rate,64,5900000,34
eviction-rate,64,5950000,34
eviction-rate,64,6000000,34
eviction-rate,64,6050000,34
eviction-rate,64,6100000,34
eviction-rate,64,6150000,34
eviction-rate,64,6200000,34
eviction-rate,64,6250000,34
eviction-rate,64,6300000,34
eviction-rate,64,6350000,34
eviction-rate,64,6400000,34
eviction-rate,64,6450000,34
eviction-rate,64,6500000,34
eviction-rate,64,6550000,34
eviction-rate,64,6600000,34
eviction-rate,64,6650000,34
eviction-rate,64,6700000,34
eviction-rate,64,6750000,34
eviction-rate,64,6800000,34
eviction-rate,64,6850000,34
eviction-rate,64,6900000,34
eviction-rate,64,6950000,34
eviction-rate,64,7000000,34
eviction-rate,64,7050000,34
eviction-rate,64,7100000,34
eviction-rate,64,7150000,34
eviction-rate,64,7200000,34
eviction-rate,64,7250000,34
eviction-rate,64,7300000,34
eviction-rate,64,7350000,34
eviction-rate,64,7400000,34
eviction-rate,64,7450000,34
eviction-rate,64,7500000,34
eviction-rate,64,7550000,34
eviction-rate,64,7600000,34
eviction-rate,64,7650000,34
eviction-rate,64,7700000,34
eviction-rate,64,7750000,34
eviction-rate,64,7800000,34
eviction-rate,64,7850000,34
eviction-rate,64,7900000,34
eviction-rate,64,7950000,34
eviction-rate,64,8000000,34
eviction-rate,64,8050000,34
eviction-rate,64,8100000,34
eviction-rate,64,8150000,34
eviction-rate,64,8200000,34
eviction-rate,64,8250000,34
eviction-rate,64,8300000,34
eviction-rate,64,8350000,34
eviction-rate,64,8400000,34
eviction-rate,64,8450000,34
eviction-rate,64,8500000,34
eviction-rate,64,8550000,34
eviction-rate,64,8600000,34
eviction-rate,64,8650000,34
eviction-rate,64,8700000,34
eviction-rate,64,8750000,34
eviction-rate,64,8800000,34
eviction-rate,64,8850000,34
eviction-rate,64,8900000,34
eviction-rate,64,8950000,34
eviction-rate,64,9000000,34
eviction-rate,64,9050000,34
eviction-rate,64,9100000,34
eviction-rate,64,9150000,34
eviction-rate,64,9200000,34
eviction-rate,64,9250000,34
eviction-rate,64,9300000,34
eviction-rate,64,9350000,34
eviction-rate,64,9400000,34
eviction-rate,64,9450000,34
eviction-rate,64,9500000,34
eviction-rate,64,9550000,34
eviction-rate,64,9600000,34
eviction-rate,64,9650000,34
eviction-rate,64,9700000,34
eviction-rate,64,9750000,34
eviction-rate,64,9800000,34
eviction-rate,64,9850000,34
eviction-rate,64,9900000,34
eviction-rate,64,9950000,34
eviction-rate,64,10000000,34
eviction-rate,64,10050000,34
eviction-rate,64,10100000,34
eviction-rate,64,10150000,34
eviction-rate,64,10200000,34
eviction-rate,64,10250000,34
eviction-rate,64,10300000,34
eviction-rate,64,10350000,34
eviction-rate,64,10400000,34
eviction-rate,64,10450000,34
eviction-rate,64,10500000,34
eviction-rate,64,10550000,34
eviction-rate,64,10600000,34
eviction-rate,64,10650000,34
eviction-rate,64,10700000,34
eviction-rate,64,10750000,34
eviction-rate,64,10800000,34
eviction-rate,64,10850000,34
eviction-rate,64,10900000,34
eviction-rate,64,10950000,34
eviction-rate,64,11000000,34
eviction-rate,64,11050000,34
eviction-rate,64,11100000,34
eviction-rate,64,11150000,34
eviction-rate,64,11200000,34
eviction-rate,64,11250000,34
eviction-rate,64,11300000,34
eviction-rate,64,11350000,34
eviction-rate,64,11400000,34
eviction-rate,64,11450000,34
eviction-rate,64,11500000,34
eviction-rate,64,11550000,34
eviction-rate,64,11600000,34
eviction-rate,64,11650000,34
eviction-rate,64,11700000,34
eviction-rate,64,11750000,34
eviction-rate,64,11800000,34
eviction-rate,64,11850000,34
eviction-rate,64,11900000,34
eviction-rate,64,11950000,34
eviction-rate,64,12000000,34
eviction-rate,64,12050000,34
eviction-rate,64,12100000,34
eviction-rate,64,12150000,34
eviction-rate,64,12200000,34
eviction-rate,64,12250000,34
eviction-rate,64,12300000,34
eviction-rate,64,12350000,34
eviction-rate,64,12400000,34
eviction-rate,64,12450000,34
eviction-rate,64,12500000,34
eviction-rate,64,12550000,34
eviction-rate,64,12600000,34
eviction-rate,64,12650000,34
eviction-rate,64,12700000,34
eviction-rate,64,12750000,34
eviction-rate,64,12800000,34
eviction-rate,64,12850000,34
eviction-rate,64,12900000,34
eviction-rate,64,12950000,34
eviction-rate,64,13000000,34
eviction-rate,64,13050000,34
eviction-rate,64,13100000,34
eviction-rate,64,13150000,34
eviction-rate,64,13200000,34
eviction-rate,64,13250000,34
eviction-rate,64,13300000,34
eviction-rate,64,13350000,34
eviction-rate,64,13400000,34
eviction-rate,64,13450000,34
eviction-rate,64,13500000,34
eviction-rate,64,13550000,34
eviction-rate,64,13600000,34
eviction-rate,64,13650000,34
eviction-rate,64,13700000,34
eviction-rate,64,13750000,34
eviction-rate,64,13800000,34
eviction-rate,64,13850000,34
eviction-rate,64,13900000,34
eviction-rate,64,13950000,34
eviction-rate,64,14000000,34
eviction-rate,64,14050000,34
eviction-rate,64,14100000,34
eviction-rate,64,14150000,34
eviction-rate,64,14200000,34
eviction-rate,64,14250000,34
eviction-rate,64,14300000,34
eviction-rate,64,14350000,34
eviction-rate,64,14400000,34
eviction-rate,64,14450000,34
eviction-rate,64,14500000,34
eviction-rate,64,14550000,34
eviction-rate,64,14600000,34
eviction-rate,64,14650000,34
eviction-rate,64,14700000,34
eviction-rate,64,14750000,34
eviction-rate,64,14800000,34
eviction-rate,64,14850000,34
eviction-rate,64,14900000,34
eviction-rate,64,14950000,34
eviction-rate,64,15000000,34
eviction-rate,64,15050000,34
eviction-rate,64,15100000,34
eviction-rate,64,15150000,34
eviction-rate,64,15200000,34
eviction-rate,64,15250000,34
eviction-rate,64,15300000,34
eviction-rate,64,15350000,34
eviction-rate,64,15400000,34
eviction-rate,64,15450000,34
eviction-rate,64,15500000,34
eviction-rate,64,15550000,34
eviction-rate,64,15600000,34
eviction-rate,64,15650000,34
eviction-rate,64,15700000,34
eviction-rate,64,15750000,34
eviction-rate,64,15800000,34
eviction-rate,64,15850000,34
eviction-rate,64,15900000,34
eviction-rate,64,15950000,34
eviction-rate,64,16000000,34
eviction-rate,64,16050000,34
eviction-rate,64,16100000,34
eviction-rate,64,16150000,34
eviction-rate,64,16200000,34
eviction-rate,64,16250000,34
eviction-rate,64,16300000,34
eviction-rate,64,16350000,34
eviction-rate,64,16400000,34
eviction-rate,64,16450000,34
eviction-rate,64,16500000,34
eviction-rate,64,16550000,34
eviction-rate,64,16600000,34
eviction-rate,64,16650000,34
eviction-rate,64,16700000,34
eviction-rate,64,16750000,34
eviction-rate,64,16800000,34
eviction-rate,64,16850000,34
eviction-rate,64,16900000,34
eviction-rate,64,16950000,34
eviction-rate,64,17000000,34
eviction-rate,64,17050000,34
eviction-rate,64,17100000,34
eviction-rate,64,17150000,34
eviction-rate,64,17200000,34
eviction-rate,64,17250000,34
eviction-rate,64,17300000,34
eviction-rate,64,17350000,34
eviction-rate,64,17400000,34
eviction-rate,64,17450000,34
eviction-rate,64,17500000,34
eviction-rate,64,17550000,34
eviction-rate,64,17600000,34
eviction-rate,64,17650000,34
eviction-rate,64,17700000,34
eviction-rate,64,17750000,34
eviction-rate,64,17800000,34
eviction-rate,64,17850000,34
eviction-rate,64,17900000,34
eviction-rate,64,17950000,34
eviction-rate,64,18000000,34
eviction-rate,64,18050000,34
eviction-rate,64,18100000,34
eviction-rate,64,18150000,34
eviction-rate,64,18200000,34
eviction-rate,64,18250000,34
eviction-rate,64,18300000,34
eviction-rate,64,18350000,34
eviction-rate,64,18400000,34
eviction-rate,64,18450000,34
eviction-rate,64,18500000,34
eviction-rate,64,18550000,34
eviction-rate,64,18600000,34
eviction-rate,64,18650000,34
eviction-rate,64,18700000,34
eviction-rate,64,18750000,34
eviction-rate,64,18800000,34
eviction-rate,64,18850000,34
eviction-rate,64,18900000,34
eviction-rate,64,18950000,34
eviction-rate,64,19000000,34
eviction-rate,64,19050000,34
eviction-rate,64,19100000,34
eviction-rate,64,19150000,34
eviction-rate,64,19200000,34
eviction-rate,64,19250000,34
eviction-rate,64,19300000,34
eviction-rate,64,19350000,34
eviction-rate,64,19400000,34
eviction-rate,64,19450000,34
eviction-rate,64,19500000,34
eviction-rate,64,19550000,34
eviction-rate,64,19600000,34
eviction-rate,64,19650000,34
eviction-rate,64,19700000,34
eviction-rate,64,19750000,34
eviction-rate,64,19800000,34
eviction-rate,64,19850000,34
eviction-rate,64,19900000,34
eviction-rate,64,19950000,34
eviction-rate,64,20000000,34
eviction-rate,64,20050000,34
eviction-rate,64,20100000,34
eviction-rate,64,20150000,34
eviction-rate,64,20200000,34
eviction-rate,64,20250000,34
eviction-rate,64,20300000,34
eviction-rate,64,20350000,34
eviction-rate,64,20400000,34
eviction-rate,64,20450000,34
eviction-rate,64,20500000,34
eviction-rate,64,20550000,34
eviction-rate,64,20600000,34
eviction-rate,64,20650000,34
eviction-rate,64,20700000,34
eviction-rate,64,20750000,34
eviction-rate,64,20800000,34
eviction-rate,64,20850000,34
eviction-rate,64,20900000,34
eviction-rate,64,20950000,34
eviction-rate,64,21000000,34
eviction-rate,64,21050000,34
eviction-rate,64,21100000,34
eviction-rate,64,21150000,34
eviction-rate,64,21200000,34
eviction-rate,64,21250000,34
eviction-rate,64,21300000,34
eviction-rate,64,21350000,34
eviction-rate,64,21400000,34
eviction-rate,64,21450000,34
eviction-rate,64,21500000,34
eviction-rate,64,21550000,34
eviction-rate,64,21600000,34
eviction-rate,64,21650000,34
eviction-rate,64,21700000,34
eviction-rate,64,21750000,34
eviction-rate,64,21800000,34
eviction-rate,64,21850000,34
eviction-rate,64,21900000,34
eviction-rate,64,21950000,34
eviction-rate,64,22000000,34
eviction-rate,64,22050000,34
eviction-rate,64,22100000,34
eviction-rate,64,22150000,34
eviction-rate,64,22200000,34
eviction-rate,64,22250000,34
eviction-rate,64,22300000,34
eviction-rate,64,22350000,34
eviction-rate,64,22400000,34
eviction-rate,64,22450000,34
eviction-rate,64,22500000,34
eviction-rate,64,22550000,34
eviction-rate,64,22600000,34
eviction-rate,64,22650000,34
eviction-rate,64,22700000,34
eviction-rate,64,22750000,34
eviction-rate,64,22800000,34
eviction-rate,64,22850000,34
eviction-rate,64,22900000,34
eviction-rate,64,22950000,34
eviction-rate,64,23000000,34
eviction-rate,64,23050000,34
eviction-rate,64,23100000,34
eviction-rate,64,23150000,34
eviction-rate,64,23200000,34
eviction-rate,64,23250000,34
eviction-rate,64,23300000,34
eviction-rate,64,23350000,34
eviction-rate,64,23400000,34
eviction-rate,64,23450000,34
eviction-rate,64,23500000,34
eviction-rate,64,23550000,34
eviction-rate,64,23600000,34
eviction-rate,64,23650000,34
eviction-rate,64,23700000,34
eviction-rate,64,23750000,34
eviction-rate,64,23800000,34
eviction-rate,64,23850000,34
eviction-rate,64,23900000,34
eviction-rate,64,23950000,34
eviction-rate,64,24000000,34
eviction-rate,64,24050000,34
eviction-rate,64,24100000,34
eviction-rate,64,24150000,34
eviction-rate,64,24200000,34
eviction-rate,64,24250000,34
eviction-rate,64,24300000,34
eviction-rate,64,24350000,34
eviction-rate,64,24400000,34
eviction-rate,64,24450000,34
eviction-rate,64,24500000,34
eviction-rate,64,24550000,34
eviction-rate,64,24600000,34
eviction-rate,64,24650000,34
eviction-rate,64,24700000,34
eviction-rate,64,24750000,34
eviction-rate,64,24800000,34
eviction-rate,64,24850000,34
eviction-rate,64,24900000,34
eviction-rate,64,24950000,34
eviction-rate,64,25000000,34
eviction-rate,64,25050000,34
eviction-rate,64,25100000,34
eviction-rate,64,25150000,34
eviction-rate,64,25200000,34
eviction-rate,64,25250000,34
eviction-rate,64,25300000,34
eviction-rate,64,25350000,34
eviction-rate,64,25400000,34
eviction-rate,64,25450000,34
eviction-rate,64,25500000,34
eviction-rate,64,25550000,34
eviction-rate,64,25600000,34
eviction-rate,64,25650000,34
eviction-rate,64,25700000,34
eviction-rate,64,25750000,34
eviction-rate,64,25800000,34
eviction-rate,64,25850000,34
eviction-rate,64,25900000,34
eviction-rate,64,25950000,34
eviction-rate,64,26000000,34
eviction-rate,64,26050000,34
eviction-rate,64,26100000,34
eviction-rate,64,26150000,34
eviction-rate,64,26200000,34
eviction-rate,64,26250000,34
eviction-rate,64,26300000,34
eviction-rate,64,26350000,34
eviction-rate,64,26400000,34
eviction-rate,64,26450000,34
eviction-rate,64,26500000,34
eviction-rate,64,26550000,34
eviction-rate,64,26600000,34
eviction-rate,64,26650000,34
eviction-rate,64,26700000,34
eviction-rate,64,26750000,34
eviction-rate,64,26800000,34
eviction-rate,64,26850000,34
eviction-rate,64,26900000,34
eviction-rate,64,26950000,34
eviction-rate,64,27000000,34
eviction-rate,64,27050000,34
eviction-rate,64,27100000,34
eviction-rate,64,27150000,34
eviction-rate,64,27200000,34
eviction-rate,64,27250000,34
eviction-rate,64,27300000,34
eviction-rate,64,27350000,34
eviction-rate,64,27400000,34
eviction-rate,64,27450000,34
eviction-rate,64,27500000,34
eviction-rate,64,27550000,34
eviction-rate,64,27600000,34
eviction-rate,64,27650000,34
eviction-rate,64,27700000,34
eviction-rate,64,27750000,34
eviction-rate,64,27800000,34
eviction-rate,64,27850000,34
eviction-rate,64,27900000,34
eviction-rate,64,27950000,34
eviction-rate,64,28000000,34
eviction-rate,64,28050000,34
eviction-rate,64,28100000,34
eviction-rate,64,28150000,34
eviction-rate,64,28200000,34
eviction-rate,64,28250000,34
eviction-rate,64,28300000,34
eviction-rate,64,28350000,34
eviction-rate,64,28400000,34
eviction-rate,64,28450000,34
eviction-rate,64,28500000,34
eviction-rate,64,28550000,34
eviction-rate,64,28600000,34
eviction-rate,64,28650000,34
eviction-rate,64,28700000,34
eviction-rate,64,28750000,34
eviction-rate,64,28800000,34
eviction-rate,64,28850000,34
eviction-rate,64,28900000,34
eviction-rate,64,28950000,34
eviction-rate,64,29000000,34
eviction-rate,64,29050000,34
eviction-rate,64,29100000,34
eviction-rate,64,29150000,34
eviction-rate,64,29200000,34
eviction-rate,64,29250000,34
eviction-rate,64,29300000,34
eviction-rate,64,29350000,34
eviction-rate,64,29400000,34
eviction-rate,64,29450000,34
eviction-rate,64,29500000,34
eviction-rate,64,29550000,34
eviction-rate,64,29600000,34
eviction-rate,64,29650000,34
eviction-rate,64,29700000,34
eviction-rate,64,29750000,34
eviction-rate,64,29800000,34
eviction-rate,64,29850000,34
eviction-rate,64,29900000,34
eviction-rate,64,29950000,34
eviction-rate,64,30000000,34
eviction-rate,64,30050000,34
eviction-rate,64,30100000,34
eviction-rate,64,30150000,34
eviction-rate,64,30200000,34
eviction-rate,64,30250000,34
eviction-rate,64,30300000,34
eviction-rate,64,30350000,34
eviction-rate,64,30400000,34
eviction-rate,64,30450000,34
eviction-rate,64,30500000,34
eviction-rate,64,30550000,34
eviction-rate,64,30600000,34
eviction-rate,64,30650000,34
eviction-rate,64,30700000,34
eviction-rate,64,30750000,34
eviction-rate,64,30800000,34
eviction-rate,64,30850000,34
eviction-rate,64,30900000,34
eviction-rate,64,30950000,34
eviction-rate,64,31000000,34
eviction-rate,64,31050000,34
eviction-rate,64,31100000,34
eviction-rate,64,31150000,34
eviction-rate,64,31200000,34
eviction-rate,64,31250000,34
eviction-rate,64,31300000,34
eviction-rate,64,31350000,34
eviction-rate,64,31400000,34
eviction-rate,64,31450000,34
eviction-rate,64,31500000,34
eviction-rate,64,31550000,34
eviction-rate,64,31600000,34
eviction-rate,64,31650000,34
eviction-rate,64,31700000,34
eviction-rate,64,31750000,34
eviction-rate,64,31800000,34
eviction-rate,64,31850000,34
eviction-rate,64,31900000,34
eviction-rate,64,31950000,34
eviction-rate,64,32000000,34
eviction-rate,64,32050000,34
eviction-rate,64,32100000,34
eviction-rate,64,32150000,34
eviction-rate,64,32200000,34
eviction-rate,64,32250000,34
eviction-rate,64,32300000,34
eviction-rate,64,32350000,34
eviction-rate,64,32400000,34
eviction-rate,64,32450000,34
eviction-rate,64,32500000,34
eviction-rate,64,32550000,34
eviction-rate,64,32600000,34
eviction-rate,64,32650000,34
eviction-rate,64,32700000,34
eviction-rate,64,32750000,34
eviction-rate,64,32800000,34
eviction-rate,64,32850000,34
eviction-rate,64,32900000,34
eviction-rate,64,32950000,34
eviction-rate,64,33000000,34
eviction-rate,64,33050000,34
eviction-rate,64,33100000,34
eviction-rate,64,33150000,34
eviction-rate,64,33200000,34
eviction-rate,64,33250000,34
eviction-rate,64,33300000,34
eviction-rate,64,33350000,34
eviction-rate,64,33400000,34
eviction-rate,64,33450000,34
eviction-rate,64,33500000,34
eviction-rate,64,33550000,34
eviction-rate,64,33600000,34
eviction-rate,64,33650000,34
eviction-rate,64,33700000,34
eviction-rate,64,33750000,34
eviction-rate,64,33800000,34
eviction-rate,64,33850000,34
eviction-rate,64,33900000,34
eviction-rate,64,33950000,34
eviction-rate,64,34000000,34
eviction-rate,64,34050000,34
eviction-rate,64,34100000,34
eviction-rate,64,34150000,34
eviction-rate,64,34200000,34
eviction-rate,64,34250000,34
eviction-rate,64,34300000,34
eviction-rate,64,34350000,34
eviction-rate,64,34400000,34
eviction-rate,64,34450000,34
eviction-rate,64,34500000,34
eviction-rate,64,34550000,34
eviction-rate,64,34600000,34
eviction-rate,64,34650000,34
eviction-rate,64,34700000,34
eviction-rate,64,34750000,34
eviction-rate,64,34800000,34
eviction-rate,64,34850000,34
eviction-rate,64,34900000,34
eviction-rate,64,34950000,34
eviction-rate,64,35000000,34
eviction-rate,64,35050000,34
eviction-rate,64,35100000,34
eviction-rate,64,35150000,34
eviction-rate,64,35200000,34
eviction-rate,64,35250000,34
eviction-rate,64,35300000,34
eviction-rate,64,35350000,34
eviction-rate,64,35400000,34
eviction-rate,64,35450000,34
eviction-rate,64,35500000,34
eviction-rate,64,35550000,34
eviction-rate,64,35600000,34
eviction-rate,64,35650000,34
eviction-rate,64,35700000,34
eviction-rate,64,35750000,34
eviction-rate,64,35800000,34
eviction-rate,64,35850000,34
eviction-rate,64,35900000,34
eviction-rate,64,35950000,34
eviction-rate,64,36000000,34
eviction-rate,64,36050000,34
eviction-rate,64,36100000,34
eviction-rate,64,36150000,34
eviction-rate,64,36200000,34
eviction-rate,64,36250000,34
eviction-rate,64,36300000,34
eviction-rate,64,36350000,34
eviction-rate,64,36400000,34
eviction-rate,64,36450000,34
eviction-rate,64,36500000,34
eviction-rate,64,36550000,34
eviction-rate,64,36600000,34
eviction-rate,64,36650000,34
eviction-rate,64,36700000,34
eviction-rate,64,36750000,34
eviction-rate,64,36800000,34
eviction-rate,64,36850000,34
eviction-rate,64,36900000,34
eviction-rate,64,36950000,34
eviction-rate,64,37000000,34
eviction-rate,64,37050000,34
eviction-rate,64,37100000,34
eviction-rate,64,37150000,34
eviction-rate,64,37200000,34
eviction-rate,64,37250000,34
eviction-rate,64,37300000,34
eviction-rate,64,37350000,34
eviction-rate,64,37400000,34
eviction-rate,64,37450000,34
eviction-rate,64,37500000,34
eviction-rate,64,37550000,34
eviction-rate,64,37600000,34
eviction-rate,64,37650000,34
eviction-rate,64,37700000,34
eviction-rate,64,37750000,34
eviction-rate,64,37800000,34
eviction-rate,64,37850000,34
eviction-rate,64,37900000,34
eviction-rate,64,37950000,34
eviction-rate,64,38000000,34
eviction-rate,64,38050000,34
eviction-rate,64,38100000,34
eviction-rate,64,38150000,34
eviction-rate,64,38200000,34
eviction-rate,64,38250000,34
eviction-rate,64,38300000,34
eviction-rate,64,38350000,34
eviction-rate,64,38400000,34
eviction-rate,64,38450000,34
eviction-rate,64,38500000,34
eviction-rate,64,38550000,34
eviction-rate,64,38600000,34
eviction-rate,64,38650000,34
eviction-rate,64,38700000,34
eviction-rate,64,38750000,34
eviction-rate,64,38800000,34
eviction-rate,64,38850000,34
eviction-rate,64,38900000,34
eviction-rate,64,38950000,34
eviction-rate,64,39000000,34
eviction-rate,64,39050000,34
eviction-rate,64,39100000,34
eviction-rate,64,39150000,34
eviction-rate,64,39200000,34
eviction-rate,64,39250000,34
eviction-rate,64,39300000,34
eviction-rate,64,39350000,34
eviction-rate,64,39400000,34
eviction-rate,64,39450000,34
eviction-rate,64,39500000,34
eviction-rate,64,39550000,34
eviction-rate,64,39600000,34
eviction-rate,64,39650000,34
eviction-rate,64,39700000,34
eviction-rate,64,39750000,34
eviction-rate,64,39800000,34
eviction-rate,64,39850000,34
eviction-rate,64,39900000,34
eviction-rate,64,39950000,34
eviction-rate,64,40000000,34
eviction-rate,64,40050000,34
eviction-rate,64,40100000,34
eviction-rate,64,40150000,34
eviction-rate,64,40200000,34
eviction-rate,64,40250000,34
eviction-rate,64,40300000,34
eviction-rate,64,40350000,34
eviction-rate,64,40400000,34
eviction-rate,64,40450000,34
eviction-rate,64,40500000,34
eviction-rate,64,40550000,34
eviction-rate,64,40600000,34
eviction-rate,64,40650000,34
eviction-rate,64,40700000,34
eviction-rate,64,40750000,34
eviction-rate,64,40800000,34
eviction-rate,64,40850000,34
eviction-rate,64,40900000,34
eviction-rate,64,40950000,34
eviction-rate,64,41000000,34
eviction-rate,64,41050000,34
eviction-rate,64,41100000,34
eviction-rate,64,41150000,34
eviction-rate,64,41200000,34
eviction-rate,64,41250000,34
eviction-rate,64,41300000,34
eviction-rate,64,41350000,34
eviction-rate,64,41400000,34
eviction-rate,64,41450000,34
eviction-rate,64,41500000,34
eviction-rate,64,41550000,34
eviction-rate,64,41600000,34
eviction-rate,64,41650000,34
eviction-rate,64,41700000,34
eviction-rate,64,41750000,34
eviction-rate,64,41800000,34
eviction-rate,64,41850000,34
eviction-rate,64,41900000,34
eviction-rate,64,41950000,34
eviction-rate,64,42000000,34
eviction-rate,64,42050000,34
eviction-rate,64,42100000,34
eviction-rate,64,42150000,34
eviction-rate,64,42200000,34
eviction-rate,64,42250000,34
eviction-rate,64,42300000,34
eviction-rate,64,42350000,34
eviction-rate,64,42400000,34
eviction-rate,64,42450000,34
eviction-rate,64,42500000,34
eviction-rate,64,42550000,34
eviction-rate,64,42600000,34
eviction-rate,64,42650000,34
eviction-rate,64,42700000,34
eviction-rate,64,42750000,34
eviction-rate,64,42800000,34
eviction-rate,64,42850000,34
eviction-rate,64,42900000,34
eviction-rate,64,42950000,34
eviction-rate,64,43000000,34
eviction-rate,64,43050000,34
eviction-rate,64,43100000,34
eviction-rate,64,43150000,34
eviction-rate,64,43200000,34
eviction-rate,64,43250000,34
eviction-rate,64,43300000,34
eviction-rate,64,43350000,34
eviction-rate,64,43400000,34
eviction-rate,64,43450000,34
eviction-rate,64,43500000,34
eviction-rate,64,43550000,34
eviction-rate,64,43600000,34
eviction-rate,64,43650000,34
eviction-rate,64,43700000,34
eviction-rate,64,43750000,34
eviction-rate,64,43800000,34
eviction-rate,64,43850000,34
eviction-rate,64,43900000,34
eviction-rate,64,43950000,34
eviction-rate,64,44000000,34
eviction-rate,64,44050000,34
eviction-rate,64,44100000,34
eviction-rate,64,44150000,34
eviction-rate,64,44200000,34
eviction-rate,64,44250000,34
eviction-rate,64,44300000,34
eviction-rate,64,44350000,34
eviction-rate,64,44400000,34
eviction-rate,64,44450000,34
eviction-rate,64,44500000,34
eviction-rate,64,44550000,34
eviction-rate,64,44600000,34
eviction-rate,64,44650000,34
eviction-rate,64,44700000,34
eviction-rate,64,44750000,34
eviction-rate,64,44800000,34
eviction-rate,64,44850000,34
eviction-rate,64,44900000,34
eviction-rate,64,44950000,34
eviction-rate,64,45000000,34
eviction-rate,64,45050000,34
eviction-rate,64,45100000,34
eviction-rate,64,45150000,34
eviction-rate,64,45200000,34
eviction-rate,64,45250000,34
eviction-rate,64,45300000,34
eviction-rate,64,45350000,34
eviction-rate,64,45400000,34
eviction-rate,64,45450000,34
eviction-rate,64,45500000,34
eviction-rate,64,45550000,34
eviction-rate,64,45600000,34
eviction-rate,64,45650000,34
eviction-rate,64,45700000,34
eviction-rate,64,45750000,34
eviction-rate,64,45800000,34
eviction-rate,64,45850000,34
eviction-rate,64,45900000,34
eviction-rate,64,45950000,34
eviction-rate,64,46000000,34
eviction-rate,64,46050000,34
eviction-rate,64,46100000,34
eviction-rate,64,46150000,34
eviction-rate,64,46200000,34
eviction-rate,64,46250000,34
eviction-rate,64,46300000,34
eviction-rate,64,46350000,34
eviction-rate,64,46400000,34
eviction-rate,64,46450000,34
eviction-rate,64,46500000,34
eviction-rate,64,46550000,34
eviction-rate,64,46600000,34
eviction-rate,64,46650000,34
eviction-rate,64,46700000,34
eviction-rate,64,46750000,34
eviction-rate,64,46800000,34
eviction-rate,64,46850000,34
eviction-rate,64,46900000,34
eviction-rate,64,46950000,34
eviction-rate,64,47000000,34
eviction-rate,64,47050000,34
eviction-rate,64,47100000,34
eviction-rate,64,47150000,34
eviction-rate,64,47200000,34
eviction-rate,64,47250000,34
eviction-rate,64,47300000,34
eviction-rate,64,47350000,34
eviction-rate,64,47400000,34
eviction-rate,64,47450000,34
eviction-rate,64,47500000,34
eviction-rate,64,47550000,34
eviction-rate,64,47600000,34
eviction-rate,64,47650000,34
eviction-rate,64,47700000,34
eviction-rate,64,47750000,34
eviction-rate,64,47800000,34
eviction-rate,64,47850000,34
eviction-rate,64,47900000,34
eviction-rate,64,47950000,34
eviction-rate,64,48000000,34
eviction-rate,64,48050000,34
eviction-rate,64,48100000,34
eviction-rate,64,48150000,34
eviction-rate,64,48200000,34
eviction-rate,64,48250000,34
eviction-rate,64,48300000,34
eviction-rate,64,48350000,34
eviction-rate,64,48400000,34
eviction-rate,64,48450000,34
eviction-rate,64,48500000,34
eviction-rate,64,48550000,34
eviction-rate,64,48600000,34
eviction-rate,64,48650000,34
eviction-rate,64,48700000,34
eviction-rate,64,48750000,34
eviction-rate,64,48800000,34
eviction-rate,64,48850000,34
eviction-rate,64,48900000,34
eviction-rate,64,48950000,34
eviction-rate,64,49000000,34
eviction-rate,64,49050000,34
eviction-rate,64,49100000,34
eviction-rate,64,49150000,34
eviction-rate,64,49200000,34
eviction-rate,64,49250000,34
eviction-rate,64,49300000,34
eviction-rate,64,49350000,34
eviction-rate,64,49400000,34
eviction-rate,64,49450000,34
eviction-rate,64,49500000,34
eviction-rate,64,49550000,34
eviction-rate,64,49600000,34
eviction-rate,64,49650000,34
eviction-rate,64,49700000,34
eviction-rate,64,49750000,34
eviction-rate,64,49800000,34
eviction-rate,64,49850000,34
eviction-rate,64,49900000,34
eviction-rate,64,49950000,34
eviction-rate,64,50000000,34
eviction-rate,64,50050000,34
eviction-rate,64,50100000,34
eviction-rate,64,50150000,34
eviction-rate,64,50200000,34
eviction-rate,64,50250000,34
eviction-rate,64,50300000,34
eviction-rate,64,50350000,34
eviction-rate,64,50400000,34
eviction-rate,64,50450000,34
eviction-rate,64,50500000,34
eviction-rate,64,50550000,34
eviction-rate,64,50600000,34
eviction-rate,64,50650000,34
eviction-rate,64,50700000,34
eviction-rate,64,50750000,34
eviction-rate,64,50800000,34
eviction-rate,64,50850000,34
eviction-rate,64,50900000,34
eviction-rate,64,50950000,34
eviction-rate,64,51000000,34
eviction-rate,64,51050000,34
eviction-rate,64,51100000,34
eviction-rate,64,51150000,34
eviction-rate,64,51200000,34
eviction-rate,64,51250000,34
eviction-rate,64,51300000,34
eviction-rate,64,51350000,34
eviction-rate,64,51400000,34
eviction-rate,64,51450000,34
eviction-rate,64,51500000,34
eviction-rate,64,51550000,34
eviction-rate,64,51600000,34
eviction-rate,64,51650000,34
eviction-rate,64,51700000,34
eviction-rate,64,51750000,34
eviction-rate,64,51800000,34
eviction-rate,64,51850000,34
eviction-rate,64,51900000,34
eviction-rate,64,51950000,34
eviction-rate,64,52000000,34
eviction-rate,64,52050000,34
eviction-rate,64,52100000,34
eviction-rate,64,52150000,34
eviction-rate,64,52200000,34
eviction-rate,64,52250000,34
eviction-rate,64,52300000,34
eviction-rate,64,52350000,34
eviction-rate,64,52400000,34
eviction-rate,64,52450000,34
eviction-rate,64,52500000,34
eviction-rate,64,52550000,34
eviction-rate,64,52600000,34
eviction-rate,64,52650000,34
eviction-rate,64,52700000,34
eviction-rate,64,52750000,34
eviction-rate,64,52800000,34
eviction-rate,64,52850000,34
eviction-rate,64,52900000,34
eviction-rate,64,52950000,34
eviction-rate,64,53000000,34
eviction-rate,64,53050000,34
eviction-rate,64,53100000,34
eviction-rate,64,53150000,34
eviction-rate,64,53200000,34
eviction-rate,64,53250000,34
eviction-rate,64,53300000,34
eviction-rate,64,53350000,34
eviction-rate,64,53400000,34
eviction-rate,64,53450000,34
eviction-rate,64,53500000,34
eviction-rate,64,53550000,34
eviction-rate,64,53600000,34
eviction-rate,64,53650000,34
eviction-rate,64,53700000,34
eviction-rate,64,53750000,34
eviction-rate,64,53800000,34
eviction-rate,64,53850000,34
eviction-rate,64,53900000,34
eviction-rate,64,53950000,34
eviction-rate,64,54000000,34
eviction-rate,64,54050000,34
eviction-rate,64,54100000,34
eviction-rate,64,54150000,34
eviction-rate,64,54200000,34
eviction-rate,64,54250000,34
eviction-rate,64,54300000,34
eviction-rate,64,54350000,34
eviction-rate,64,54400000,34
eviction-rate,64,54450000,34
eviction-rate,64,54500000,34
eviction-rate,64,54550000,34
eviction-rate,64,54600000,34
eviction-rate,64,54650000,34
eviction-rate,64,54700000,34
eviction-rate,64,54750000,34
eviction-rate,64,54800000,34
eviction-rate,64,54850000,34
eviction-rate,64,54900000,34
eviction-rate,64,54950000,34
eviction-rate,64,55000000,34
eviction-rate,64,55050000,34
eviction-rate,64,55100000,34
eviction-rate,64,55150000,34
eviction-rate,64,55200000,34
eviction-rate,64,55250000,34
eviction-rate,64,55300000,34
eviction-rate,64,55350000,34
eviction-rate,64,55400000,34
eviction-rate,64,55450000,34
eviction-rate,64,55500000,34
eviction-rate,64,55550000,34
eviction-rate,64,55600000,34
eviction-rate,64,55650000,34
eviction-rate,64,55700000,34
eviction-rate,64,55750000,34
eviction-rate,64,55800000,34
eviction-rate,64,55850000,34
eviction-rate,64,55900000,34
eviction-rate,64,55950000,34
eviction-rate,64,56000000,34
eviction-rate,64,56050000,34
eviction-rate,64,56100000,34
eviction-rate,64,56150000,34
eviction-rate,64,56200000,34
eviction-rate,64,56250000,34
eviction-rate,64,56300000,34
eviction-rate,64,56350000,34
eviction-rate,64,56400000,34
eviction-rate,64,56450000,34
eviction-rate,64,56500000,34
eviction-rate,64,56550000,34
eviction-rate,64,56600000,34
eviction-rate,64,56650000,34
eviction-rate,64,56700000,34
eviction-rate,64,56750000,34
eviction-rate,64,56800000,34
eviction-rate,64,56850000,34
eviction-rate,64,56900000,34
eviction-rate,64,56950000,34
eviction-rate,64,57000000,34
eviction-rate,64,57050000,34
eviction-rate,64,57100000,34
eviction-rate,64,57150000,34
eviction-rate,64,57200000,34
eviction-rate,64,57250000,34
eviction-rate,64,57300000,34
eviction-rate,64,57350000,34
eviction-rate,64,57400000,34
eviction-rate,64,57450000,34
eviction-rate,64,57500000,34
eviction-rate,64,57550000,34
eviction-rate,64,57600000,34
eviction-rate,64,57650000,34
eviction-rate,64,57700000,34
eviction-rate,64,57750000,34
eviction-rate,64,57800000,34
eviction-rate,64,57850000,34
eviction-rate,64,57900000,34
eviction-rate,64,57950000,34
eviction-rate,64,58000000,34
eviction-rate,64,58050000,34
eviction-rate,64,58100000,34
eviction-rate,64,58150000,34
eviction-rate,64,58200000,34
eviction-rate,64,58250000,34
eviction-rate,64,58300000,34
eviction-rate,64,58350000,34
eviction-rate,64,58400000,34
eviction-rate,64,58450000,34
eviction-rate,64,58500000,34
eviction-rate,64,58550000,34
eviction-rate,64,58600000,34
eviction-rate,64,58650000,34
eviction-rate,64,58700000,34
eviction-rate,64,58750000,34
eviction-rate,64,58800000,34
eviction-rate,64,58850000,34
eviction-rate,64,58900000,34
eviction-rate,64,58950000,34
eviction-rate,64,59000000,34
eviction-rate,64,59050000,34
eviction-rate,64,59100000,34
eviction-rate,64,59150000,34
eviction-rate,64,59200000,34
eviction-rate,64,59250000,34
eviction-rate,64,59300000,34
eviction-rate,64,59350000,34
eviction-rate,64,59400000,34
eviction-rate,64,59450000,34
eviction-rate,64,59500000,34
eviction-rate,64,59550000,34
eviction-rate,64,59600000,34
eviction-rate,64,59650000,34
eviction-rate,64,59700000,34
eviction-rate,64,59750000,34
eviction-rate,64,59800000,34
eviction-rate,64,59850000,34
eviction-rate,64,59900000,34
eviction-rate,64,59950000,34
eviction-rate,64,60000000,34
eviction-rate,64,60050000,34
eviction-rate,64,60100000,34
eviction-rate,64,60150000,34
eviction-rate,64,60200000,34
eviction-rate,64,60250000,34
eviction-rate,64,60300000,34
eviction-rate,64,60350000,34
eviction-rate,64,60400000,34
eviction-rate,64,60450000,34
eviction-rate,64,60500000,34
eviction-rate,64,60550000,34
eviction-rate,64,60600000,34
eviction-rate,64,60650000,34
eviction-rate,64,60700000,34
eviction-rate,64,60750000,34
eviction-rate,64,60800000,34
eviction-rate,64,60850000,34
eviction-rate,64,60900000,34
eviction-rate,64,60950000,34
eviction-rate,64,61000000,34
eviction-rate,64,61050000,34
eviction-rate,64,61100000,34
eviction-rate,64,61150000,34
eviction-rate,64,61200000,34
eviction-rate,64,61250000,34
eviction-rate,64,61300000,34
eviction-rate,64,61350000,34
eviction-rate,64,61400000,34
eviction-rate,64,61450000,34
eviction-rate,64,61500000,34
eviction-rate,64,61550000,34
eviction-rate,64,61600000,34
eviction-rate,64,61650000,34
eviction-rate,64,61700000,34
eviction-rate,64,61750000,34
eviction-rate,64,61800000,34
eviction-rate,64,61850000,34
eviction-rate,64,61900000,34
eviction-rate,64,61950000,34
eviction-rate,64,62000000,34
eviction-rate,64,62050000,34
eviction-rate,64,62100000,34
eviction-rate,64,62150000,34
eviction-rate,64,62200000,34
eviction-rate,64,62250000,34
eviction-rate,64,62300000,34
eviction-rate,64,62350000,34
eviction-rate,64,62400000,34
eviction-rate,64,62450000,34
eviction-rate,64,62500000,34
eviction-rate,64,62550000,34
eviction-rate,64,62600000,34
eviction-rate,64,62650000,34
eviction-rate,64,62700000,34
eviction-rate,64,62750000,34
eviction-rate,64,62800000,34
eviction-rate,64,62850000,34
eviction-rate,64,62900000,34
eviction-rate,64,62950000,34
eviction-rate,64,63000000,34
eviction-rate,64,63050000,34
eviction-rate,64,63100000,34
eviction-rate,64,63150000,34
eviction-rate,64,63200000,34
eviction-rate,64,63250000,34
eviction-rate,64,63300000,34
eviction-rate,64,63350000,34
eviction-rate,64,63400000,34
eviction-rate,64,63450000,34
eviction-rate,64,63500000,34
eviction-rate,64,63550000,34
eviction-rate,64,63600000,34
eviction-rate,64,63650000,34
eviction-rate,64,63700000,34
eviction-rate,64,63750000,34
eviction-rate,64,63800000,34
eviction-rate,64,63850000,34
eviction-rate,64,63900000,34
eviction-rate,64,63950000,34
eviction-rate,64,64000000,34
eviction-rate,64,64050000,34
eviction-rate,64,64100000,34
eviction-rate,64,64150000,34
eviction-rate,64,64200000,34
eviction-rate,64,64250000,34
eviction-rate,64,64300000,34
eviction-rate,64,64350000,34
eviction-rate,64,64400000,34
eviction-rate,64,64450000,34
eviction-rate,64,64500000,34
eviction-rate,64,64550000,34
eviction-rate,64,64600000,34
eviction-rate,64,64650000,34
eviction-rate,64,64700000,34
eviction-rate,64,64750000,34
eviction-rate,64,64800000,34
eviction-rate,64,64850000,34
eviction-rate,64,64900000,34
eviction-rate,64,64950000,34
eviction-rate,64,65000000,34
eviction-rate,64,65050000,34
eviction-rate,64,65100000,34
eviction-rate,64,65150000,34
eviction-rate,64,65200000,34
eviction-rate,64,65250000,34
eviction-rate,64,65300000,34
eviction-rate,64,65350000,34
eviction-rate,64,65400000,34
eviction-rate,64,65450000,34
eviction-rate,64,65500000,34
eviction-rate,64,65550000,34
eviction-rate,64,65600000,34
eviction-rate,64,65650000,34
eviction-rate,64,65700000,34
eviction-rate,64,65750000,34
eviction-rate,64,65800000,34
eviction-rate,64,65850000,34
eviction-rate,64,65900000,34
eviction-rate,64,65950000,34
eviction-rate,64,66000000,34
eviction-rate,64,66050000,34
eviction-rate,64,66100000,34
eviction-rate,64,66150000,34
eviction-rate,64,66200000,34
eviction-rate,64,66250000,34
eviction-rate,64,66300000,34
eviction-rate,64,66350000,34
eviction-rate,64,66400000,34
eviction-rate,64,66450000,34
eviction-rate,64,66500000,34
eviction-rate,64,66550000,34
eviction-rate,64,66600000,34
eviction-rate,64,66650000,34
eviction-rate,64,66700000,34
eviction-rate,64,66750000,34
eviction-rate,64,66800000,34
eviction-rate,64,66850000,34
eviction-rate,64,66900000,34
eviction-rate,64,66950000,34
eviction-rate,64,67000000,34
eviction-rate,64,67050000,34
eviction-rate,64,67100000,34
eviction-rate,64,67150000,34
eviction-rate,64,67200000,34
eviction-rate,64,67250000,34
eviction-rate,64,67300000,34
eviction-rate,64,67350000,34
eviction-rate,64,67400000,34
eviction-rate,64,67450000,34
eviction-rate,64,67500000,34
eviction-rate,64,67550000,34
eviction-rate,64,67600000,34
eviction-rate,64,67650000,34
eviction-rate,64,67700000,34
eviction-rate,64,67750000,34
eviction-rate,64,67800000,34
eviction-rate,64,67850000,34
eviction-rate,64,67900000,34
eviction-rate,64,67950000,34
eviction-rate,64,68000000,34
eviction-rate,64,68050000,34
eviction-rate,64,68100000,34
eviction-rate,64,68150000,34
eviction-rate,64,68200000,34
eviction-rate,64,68250000,34
eviction-rate,64,68300000,34
eviction-rate,64,68350000,34
eviction-rate,64,68400000,34
eviction-rate,64,68450000,34
eviction-rate,64,68500000,34
eviction-rate,64,68550000,34
eviction-rate,64,68600000,34
eviction-rate,64,68650000,34
eviction-rate,64,68700000,34
eviction-rate,64,68750000,34
eviction-rate,64,68800000,34
eviction-rate,64,68850000,34
eviction-rate,64,68900000,34
eviction-rate,64,68950000,34
eviction-rate,64,69000000,34
eviction-rate,64,69050000,34
eviction-rate,64,69100000,34
eviction-rate,64,69150000,34
eviction-rate,64,69200000,34
eviction-rate,64,69250000,34
eviction-rate,64,69300000,34
eviction-rate,64,69350000,34
eviction-rate,64,69400000,34
eviction-rate,64,69450000,34
eviction-rate,64,69500000,34
eviction-rate,64,69550000,34
eviction-rate,64,69600000,34
eviction-rate,64,69650000,34
eviction-rate,64,69700000,34
eviction-rate,64,69750000,34
eviction-rate,64,69800000,34
eviction-rate,64,69850000,34
eviction-rate,64,69900000,34
eviction-rate,64,69950000,34
eviction-rate,64,70000000,34
eviction-rate,64,70050000,34
eviction-rate,64,70100000,34
eviction-rate,64,70150000,34
eviction-rate,64,70200000,34
eviction-rate,64,70250000,34
eviction-rate,64,70300000,34
eviction-rate,64,70350000,34
eviction-rate,64,70400000,34
eviction-rate,64,70450000,34
eviction-rate,64,70500000,34
eviction-rate,64,70550000,34
eviction-rate,64,70600000,34
eviction-rate,64,70650000,34
eviction-rate,64,70700000,34
eviction-rate,64,70750000,34
eviction-rate,64,70800000,34
eviction-rate,64,70850000,34
eviction-rate,64,70900000,34
eviction-rate,64,70950000,34
eviction-rate,64,71000000,34
eviction-rate,64,71050000,34
eviction-rate,64,71100000,34
eviction-rate,64,71150000,34
eviction-rate,64,71200000,34
eviction-rate,64,71250000,34
eviction-rate,64,71300000,34
eviction-rate,64,71350000,34
eviction-rate,64,71400000,34
eviction-rate,64,71450000,34
eviction-rate,64,71500000,34
eviction-rate,64,71550000,34
eviction-rate,64,71600000,34
eviction-rate,64,71650000,34
eviction-rate,64,71700000,34
eviction-rate,64,71750000,34
eviction-rate,64,71800000,34
eviction-rate,64,71850000,34
eviction-rate,64,71900000,34
eviction-rate,64,71950000,34
eviction-rate,64,72000000,34
eviction-rate,64,72050000,34
eviction-rate,64,72100000,34
eviction-rate,64,72150000,34
eviction-rate,64,72200000,34
eviction-rate,64,72250000,34
eviction-rate,64,72300000,34
eviction-rate,64,72350000,34
eviction-rate,64,72400000,34
eviction-rate,64,72450000,34
eviction-rate,64,72500000,34
eviction-rate,64,72550000,34
eviction-rate,64,72600000,34
eviction-rate,64,72650000,34
eviction-rate,64,72700000,34
eviction-rate,64,72750000,34
eviction-rate,64,72800000,34
eviction-rate,64,72850000,34
eviction-rate,64,72900000,34
eviction-rate,64,72950000,34
eviction-rate,64,73000000,34
eviction-rate,64,73050000,34
eviction-rate,64,73100000,34
eviction-rate,64,73150000,34
eviction-rate,64,73200000,34
eviction-rate,64,73250000,34
eviction-rate,64,73300000,34
eviction-rate,64,73350000,34
eviction-rate,64,73400000,34
eviction-rate,64,73450000,34
eviction-rate,64,73500000,34
eviction-rate,64,73550000,34
eviction-rate,64,73600000,34
eviction-rate,64,73650000,34
eviction-rate,64,73700000,34
eviction-rate,64,73750000,34
eviction-rate,64,73800000,34
eviction-rate,64,73850000,34
eviction-rate,64,73900000,34
eviction-rate,64,73950000,34
eviction-rate,64,74000000,34
eviction-rate,64,74050000,34
eviction-rate,64,74100000,34
eviction-rate,64,74150000,34
eviction-rate,64,74200000,34
eviction-rate,64,74250000,34
eviction-rate,64,74300000,34
eviction-rate,64,74350000,34
eviction-rate,64,74400000,34
eviction-rate,64,74450000,34
eviction-rate,64,74500000,34
eviction-rate,64,74550000,34
eviction-rate,64,74600000,34
eviction-rate,64,74650000,34
eviction-rate,64,74700000,34
eviction-rate,64,74750000,34
eviction-rate,64,74800000,34
eviction-rate,64,74850000,34
eviction-rate,64,74900000,34
eviction-rate,64,74950000,34
eviction-rate,64,75000000,34
eviction-rate,64,75050000,34
eviction-rate,64,75100000,34
eviction-rate,64,75150000,34
eviction-rate,64,75200000,34
eviction-rate,64,75250000,34
eviction-rate,64,75300000,34
eviction-rate,64,75350000,34
eviction-rate,64,75400000,34
eviction-rate,64,75450000,34
eviction-rate,64,75500000,34
eviction-rate,64,75550000,34
eviction-rate,64,75600000,34
eviction-rate,64,75650000,34
eviction-rate,64,75700000,34
eviction-rate,64,75750000,34
eviction-rate,64,75800000,34
eviction-rate,64,75850000,34
eviction-rate,64,75900000,34
eviction-rate,64,75950000,34
eviction-rate,64,76000000,34
eviction-rate,64,76050000,34
eviction-rate,64,76100000,34
eviction-rate,64,76150000,34
eviction-rate,64,76200000,34
eviction-rate,64,76250000,34
eviction-rate,64,76300000,34
eviction-rate,64,76350000,34
eviction-rate,64,76400000,34
eviction-rate,64,76450000,34
eviction-rate,64,76500000,34
eviction-rate,64,76550000,34
eviction-rate,64,76600000,34
eviction-rate,64,76650000,34
eviction-rate,64,76700000,34
eviction-rate,64,76750000,34
eviction-rate,64,76800000,34
eviction-rate,64,76850000,34
eviction-rate,64,76900000,34
eviction-rate,64,76950000,34
eviction-rate,64,77000000,34
eviction-rate,64,77050000,34
eviction-rate,64,77100000,34
eviction-rate,64,77150000,34
eviction-rate,64,77200000,34
eviction-rate,64,77250000,34
eviction-rate,64,77300000,34
eviction-rate,64,77350000,34
eviction-rate,64,77400000,34
eviction-rate,64,77450000,34
eviction-rate,64,77500000,34
eviction-rate,64,77550000,34
eviction-rate,64,77600000,34
eviction-rate,64,77650000,34
eviction-rate,64,77700000,34
eviction-rate,64,77750000,34
eviction-rate,64,77800000,34
eviction-rate,64,77850000,34
eviction-rate,64,77900000,34
eviction-rate,64,77950000,34
eviction-rate,64,78000000,34
eviction-rate,64,78050000,34
eviction-rate,64,78100000,34
eviction-rate,64,78150000,34
eviction-rate,64,78200000,34
eviction-rate,64,78250000,34
eviction-rate,64,78300000,34
eviction-rate,64,78350000,34
eviction-rate,64,78400000,34
eviction-rate,64,78450000,34
eviction-rate,64,78500000,34
eviction-rate,64,78550000,34
eviction-rate,64,78600000,34
eviction-rate,64,78650000,34
eviction-rate,64,78700000,34
eviction-rate,64,78750000,34
eviction-rate,64,78800000,34
eviction-rate,64,78850000,34
eviction-rate,64,78900000,34
eviction-rate,64,78950000,34
eviction-rate,64,79000000,34
eviction-rate,64,79050000,34
eviction-rate,64,79100000,34
eviction-rate,64,79150000,34
eviction-rate,64,79200000,34
eviction-rate,64,79250000,34
eviction-rate,64,79300000,34
eviction-rate,64,79350000,34
eviction-rate,64,79400000,34
eviction-rate,64,79450000,34
eviction-rate,64,79500000,34
eviction-rate,64,79550000,34
eviction-rate,64,79600000,34
eviction-rate,64,79650000,34
eviction-rate,64,79700000,34
eviction-rate,64,79750000,34
eviction-rate,64,79800000,34
eviction-rate,64,79850000,34
eviction-rate,64,79900000,34
eviction-rate,64,79950000,34
marginal-hits,32,50000,13
marginal-hits,32,100000,11
marginal-hits,32,150000,12
marginal-hits,32,200000,12
marginal-hits,32,250000,11
marginal-hits,32,300000,10
marginal-hits,32,350000,9
marginal-hits,32,400000,8
marginal-hits,32,450000,7
marginal-hits,32,500000,6
marginal-hits,32,550000,5
marginal-hits,32,600000,4
marginal-hits,32,650000,3
marginal-hits,32,700000,2
marginal-hits,32,750000,2
marginal-hits,32,800000,2
marginal-hits,32,850000,2
marginal-hits,32,900000,2
marginal-hits,32,950000,3
marginal-hits,32,1000000,3
marginal-hits,32,1050000,2
marginal-hits,32,1100000,2
marginal-hits,32,1150000,3
marginal-hits,32,1200000,2
marginal-hits,32,1250000,2
marginal-hits,32,1300000,2
marginal-hits,32,1350000,2
marginal-hits,32,1400000,2
marginal-hits,32,1450000,3
marginal-hits,32,1500000,4
marginal-hits,32,1550000,5
marginal-hits,32,1600000,5
marginal-hits,32,1650000,6
marginal-hits,32,1700000,5
marginal-hits,32,1750000,4
marginal-hits,32,1800000,3
marginal-hits,32,1850000,3
marginal-hits,32,1900000,2
marginal-hits,32,1950000,3
marginal-hits,32,2000000,2
marginal-hits,32,2050000,2
marginal-hits,32,2100000,2
marginal-hits,32,2150000,2
marginal-hits,32,2200000,3
marginal-hits,32,2250000,2
marginal-hits,32,2300000,2
marginal-hits,32,2350000,2
marginal-hits,32,2400000,3
marginal-hits,32,2450000,4
marginal-hits,32,2500000,3
marginal-hits,32,2550000,2
marginal-hits,32,2600000,3
marginal-hits,32,2650000,2
marginal-hits,32,2700000,3
marginal-hits,32,2750000,2
marginal-hits,32,2800000,2
marginal-hits,32,2850000,3
marginal-hits,32,2900000,2
marginal-hits,32,2950000,3
marginal-hits,32,3000000,3
marginal-hits,32,3050000,4
marginal-hits,32,3100000,3
marginal-hits,32,3150000,2
marginal-hits,32,3200000,2
marginal-hits,32,3250000,3
marginal-hits,32,3300000,2
marginal-hits,32,3350000,2
marginal-hits,32,3400000,3
marginal-hits,32,3450000,2
marginal-hits,32,3500000,2
marginal-hits,32,3550000,2
marginal-hits,32,3600000,3
marginal-hits,32,3650000,2
marginal-hits,32,3700000,2
marginal-hits,32,3750000,2
marginal-hits,32,3800000,2
marginal-hits,32,3850000,3
marginal-hits,32,3900000,2
marginal-hits,32,3950000,3
marginal-hits,32,4000000,4
marginal-hits,32,4050000,4
marginal-hits,32,4100000,3
marginal-hits,32,4150000,3
marginal-hits,32,4200000,3
marginal-hits,32,4250000,3
marginal-hits,32,4300000,4
marginal-hits,32,4350000,3
marginal-hits,32,4400000,2
marginal-hits,32,4450000,2
marginal-hits,32,4500000,3
marginal-hits,32,4550000,2
marginal-hits,32,4600000,2
marginal-hits,32,4650000,2
marginal-hits,32,4700000,2
marginal-hits,32,4750000,2
marginal-hits,32,4800000,2
marginal-hits,32,4850000,3
marginal-hits,32,4900000,3
marginal-hits,32,4950000,3
marginal-hits,32,5000000,4
marginal-hits,32,5050000,5
marginal-hits,32,5100000,4
marginal-hits,32,5150000,3
marginal-hits,32,5200000,3
marginal-hits,32,5250000,3
marginal-hits,32,5300000,3
marginal-hits,32,5350000,4
marginal-hits,32,5400000,4
marginal-hits,32,5450000,3
marginal-hits,32,5500000,2
marginal-hits,32,5550000,2
marginal-hits,32,5600000,2
marginal-hits,32,5650000,2
marginal-hits,32,5700000,3
marginal-hits,32,5750000,4
marginal-hits,32,5800000,3
marginal-hits,32,5850000,3
marginal-hits,32,5900000,4
marginal-hits,32,5950000,3
marginal-hits,32,6000000,3
marginal-hits,32,6050000,3
marginal-hits,32,6100000,2
marginal-hits,32,6150000,3
marginal-hits,32,6200000,3
marginal-hits,32,6250000,2
marginal-hits,32,6300000,3
marginal-hits,32,6350000,3
marginal-hits,32,6400000,4
marginal-hits,32,6450000,5
marginal-hits,32,6500000,5
marginal-hits,32,6550000,4
marginal-hits,32,6600000,4
marginal-hits,32,6650000,4
marginal-hits,32,6700000,3
marginal-hits,32,6750000,2
marginal-hits,32,6800000,2
marginal-hits,32,6850000,2
marginal-hits,32,6900000,3
marginal-hits,32,6950000,3
marginal-hits,32,7000000,3
marginal-hits,32,7050000,3
marginal-hits,32,7100000,3
marginal-hits,32,7150000,2
marginal-hits,32,7200000,3
marginal-hits,32,7250000,3
marginal-hits,32,7300000,2
marginal-hits,32,7350000,2
marginal-hits,32,7400000,2
marginal-hits,32,7450000,3
marginal-hits,32,7500000,4
marginal-hits,32,7550000,3
marginal-hits,32,7600000,2
marginal-hits,32,7650000,2
marginal-hits,32,7700000,2
marginal-hits,32,7750000,2
marginal-hits,32,7800000,3
marginal-hits,32,7850000,3
marginal-hits,32,7900000,4
marginal-hits,32,7950000,4
marginal-hits,32,8000000,4
marginal-hits,32,8050000,4
marginal-hits,32,8100000,3
marginal-hits,32,8150000,2
marginal-hits,32,8200000,2
marginal-hits,32,8250000,2
marginal-hits,32,8300000,3
marginal-hits,32,8350000,4
marginal-hits,32,8400000,3
marginal-hits,32,8450000,2
marginal-hits,32,8500000,3
marginal-hits,32,8550000,4
marginal-hits,32,8600000,5
marginal-hits,32,8650000,4
marginal-hits,32,8700000,3
marginal-hits,32,8750000,3
marginal-hits,32,8800000,2
marginal-hits,32,8850000,2
marginal-hits,32,8900000,2
marginal-hits,32,8950000,2
marginal-hits,32,9000000,2
marginal-hits,32,9050000,3
marginal-hits,32,9100000,2
marginal-hits,32,9150000,2
marginal-hits,32,9200000,3
marginal-hits,32,9250000,3
marginal-hits,32,9300000,4
marginal-hits,32,9350000,4
marginal-hits,32,9400000,5
marginal-hits,32,9450000,6
marginal-hits,32,9500000,5
marginal-hits,32,9550000,4
marginal-hits,32,9600000,3
marginal-hits,32,9650000,3
marginal-hits,32,9700000,3
marginal-hits,32,9750000,2
marginal-hits,32,9800000,2
marginal-hits,32,9850000,2
marginal-hits,32,9900000,2
marginal-hits,32,9950000,3
marginal-hits,32,10000000,4
marginal-hits,32,10050000,3
marginal-hits,32,10100000,2
marginal-hits,32,10150000,2
marginal-hits,32,10200000,3
marginal-hits,32,10250000,3
marginal-hits,32,10300000,2
marginal-hits,32,10350000,3
marginal-hits,32,10400000,3
marginal-hits,32,10450000,3
marginal-hits,32,10500000,2
marginal-hits,32,10550000,3
marginal-hits,32,10600000,4
marginal-hits,32,10650000,4
marginal-hits,32,10700000,4
marginal-hits,32,10750000,3
marginal-hits,32,10800000,3
marginal-hits,32,10850000,2
marginal-hits,32,10900000,2
marginal-hits,32,10950000,2
marginal-hits,32,11000000,3
marginal-hits,32,11050000,2
marginal-hits,32,11100000,3
marginal-hits,32,11150000,2
marginal-hits,32,11200000,2
marginal-hits,32,11250000,3
marginal-hits,32,11300000,2
marginal-hits,32,11350000,3
marginal-hits,32,11400000,4
marginal-hits,32,11450000,3
marginal-hits,32,11500000,2
marginal-hits,32,11550000,3
marginal-hits,32,11600000,4
marginal-hits,32,11650000,4
marginal-hits,32,11700000,3
marginal-hits,32,11750000,3
marginal-hits,32,11800000,3
marginal-hits,32,11850000,2
marginal-hits,32,11900000,2
marginal-hits,32,11950000,2
marginal-hits,32,12000000,3
marginal-hits,32,12050000,3
marginal-hits,32,12100000,3
marginal-hits,32,12150000,3
marginal-hits,32,12200000,2
marginal-hits,32,12250000,2
marginal-hits,32,12300000,2
marginal-hits,32,12350000,2
marginal-hits,32,12400000,3
marginal-hits,32,12450000,3
marginal-hits,32,12500000,4
marginal-hits,32,12550000,4
marginal-hits,32,12600000,4
marginal-hits,32,12650000,3
marginal-hits,32,12700000,4
marginal-hits,32,12750000,3
marginal-hits,32,12800000,3
marginal-hits,32,12850000,3
marginal-hits,32,12900000,3
marginal-hits,32,12950000,2
marginal-hits,32,13000000,3
marginal-hits,32,13050000,3
marginal-hits,32,13100000,3
marginal-hits,32,13150000,4
marginal-hits,32,13200000,4
marginal-hits,32,13250000,5
marginal-hits,32,13300000,4
marginal-hits,32,13350000,4
marginal-hits,32,13400000,5
marginal-hits,32,13450000,4
marginal-hits,32,13500000,3
marginal-hits,32,13550000,2
marginal-hits,32,13600000,2
marginal-hits,32,13650000,2
marginal-hits,32,13700000,3
marginal-hits,32,13750000,4
marginal-hits,32,13800000,3
marginal-hits,32,13850000,4
marginal-hits,32,13900000,4
marginal-hits,32,13950000,3
marginal-hits,32,14000000,2
marginal-hits,32,14050000,2
marginal-hits,32,14100000,3
marginal-hits,32,14150000,3
marginal-hits,32,14200000,3
marginal-hits,32,14250000,3
marginal-hits,32,14300000,3
marginal-hits,32,14350000,2
marginal-hits,32,14400000,3
marginal-hits,32,14450000,2
marginal-hits,32,14500000,3
marginal-hits,32,14550000,3
marginal-hits,32,14600000,3
marginal-hits,32,14650000,4
marginal-hits,32,14700000,5
marginal-hits,32,14750000,5
marginal-hits,32,14800000,4
marginal-hits,32,14850000,3
marginal-hits,32,14900000,2
marginal-hits,32,14950000,3
marginal-hits,32,15000000,2
marginal-hits,32,15050000,3
marginal-hits,32,15100000,4
marginal-hits,32,15150000,4
marginal-hits,32,15200000,3
marginal-hits,32,15250000,2
marginal-hits,32,15300000,2
marginal-hits,32,15350000,3
marginal-hits,32,15400000,2
marginal-hits,32,15450000,2
marginal-hits,32,15500000,2
marginal-hits,32,15550000,3
marginal-hits,32,15600000,3
marginal-hits,32,15650000,3
marginal-hits,32,15700000,2
marginal-hits,32,15750000,2
marginal-hits,32,15800000,2
marginal-hits,32,15850000,2
marginal-hits,32,15900000,2
marginal-hits,32,15950000,3
marginal-hits,32,16000000,4
marginal-hits,32,16050000,5
marginal-hits,32,16100000,4
marginal-hits,32,16150000,3
marginal-hits,32,16200000,3
marginal-hits,32,16250000,2
marginal-hits,32,16300000,2
marginal-hits,32,16350000,3
marginal-hits,32,16400000,2
marginal-hits,32,16450000,2
marginal-hits,32,16500000,2
marginal-hits,32,16550000,3
marginal-hits,32,16600000,2
marginal-hits,32,16650000,2
marginal-hits,32,16700000,3
marginal-hits,32,16750000,3
marginal-hits,32,16800000,3
marginal-hits,32,16850000,4
marginal-hits,32,16900000,5
marginal-hits,32,16950000,6
marginal-hits,32,17000000,6
marginal-hits,32,17050000,6
marginal-hits,32,17100000,5
marginal-hits,32,17150000,4
marginal-hits,32,17200000,3
marginal-hits,32,17250000,3
marginal-hits,32,17300000,3
marginal-hits,32,17350000,2
marginal-hits,32,17400000,2
marginal-hits,32,17450000,2
marginal-hits,32,17500000,2
marginal-hits,32,17550000,2
marginal-hits,32,17600000,2
marginal-hits,32,17650000,2
marginal-hits,32,17700000,3
marginal-hits,32,17750000,4
marginal-hits,32,17800000,3
marginal-hits,32,17850000,3
marginal-hits,32,17900000,3
marginal-hits,32,17950000,2
marginal-hits,32,18000000,2
marginal-hits,32,18050000,3
marginal-hits,32,18100000,3
marginal-hits,32,18150000,4
marginal-hits,32,18200000,5
marginal-hits,32,18250000,6
marginal-hits,32,18300000,6
marginal-hits,32,18350000,7
marginal-hits,32,18400000,7
marginal-hits,32,18450000,6
marginal-hits,32,18500000,5
marginal-hits,32,18550000,4
marginal-hits,32,18600000,4
marginal-hits,32,18650000,4
marginal-hits,32,18700000,3
marginal-hits,32,18750000,2
marginal-hits,32,18800000,2
marginal-hits,32,18850000,2
marginal-hits,32,18900000,2
marginal-hits,32,18950000,3
marginal-hits,32,19000000,2
marginal-hits,32,19050000,2
marginal-hits,32,19100000,2
marginal-hits,32,19150000,2
marginal-hits,32,19200000,2
marginal-hits,32,19250000,2
marginal-hits,32,19300000,2
marginal-hits,32,19350000,3
marginal-hits,32,19400000,3
marginal-hits,32,19450000,2
marginal-hits,32,19500000,3
marginal-hits,32,19550000,2
marginal-hits,32,19600000,3
marginal-hits,32,19650000,3
marginal-hits,32,19700000,2
marginal-hits,32,19750000,2
marginal-hits,32,19800000,2
marginal-hits,32,19850000,2
marginal-hits,32,19900000,2
marginal-hits,32,19950000,2
marginal-hits,32,20000000,2
marginal-hits,32,20050000,3
marginal-hits,32,20100000,3
marginal-hits,32,20150000,2
marginal-hits,32,20200000,2
marginal-hits,32,20250000,2
marginal-hits,32,20300000,2
marginal-hits,32,20350000,3
marginal-hits,32,20400000,3
marginal-hits,32,20450000,3
marginal-hits,32,20500000,3
marginal-hits,32,20550000,2
marginal-hits,32,20600000,2
marginal-hits,32,20650000,2
marginal-hits,32,20700000,3
marginal-hits,32,20750000,4
marginal-hits,32,20800000,4
marginal-hits,32,20850000,5
marginal-hits,32,20900000,6
marginal-hits,32,20950000,7
marginal-hits,32,21000000,7
marginal-hits,32,21050000,6
marginal-hits,32,21100000,5
marginal-hits,32,21150000,4
marginal-hits,32,21200000,4
marginal-hits,32,21250000,4
marginal-hits,32,21300000,3
marginal-hits,32,21350000,2
marginal-hits,32,21400000,3
marginal-hits,32,21450000,2
marginal-hits,32,21500000,2
marginal-hits,32,21550000,2
marginal-hits,32,21600000,2
marginal-hits,32,21650000,2
marginal-hits,32,21700000,2
marginal-hits,32,21750000,3
marginal-hits,32,21800000,2
marginal-hits,32,21850000,3
marginal-hits,32,21900000,2
marginal-hits,32,21950000,2
marginal-hits,32,22000000,2
marginal-hits,32,22050000,3
marginal-hits,32,22100000,4
marginal-hits,32,22150000,3
marginal-hits,32,22200000,2
marginal-hits,32,22250000,2
marginal-hits,32,22300000,2
marginal-hits,32,22350000,2
marginal-hits,32,22400000,2
marginal-hits,32,22450000,3
marginal-hits,32,22500000,4
marginal-hits,32,22550000,4
marginal-hits,32,22600000,3
marginal-hits,32,22650000,3
marginal-hits,32,22700000,3
marginal-hits,32,22750000,2
marginal-hits,32,22800000,2
marginal-hits,32,22850000,2
marginal-hits,32,22900000,2
marginal-hits,32,22950000,3
marginal-hits,32,23000000,3
marginal-hits,32,23050000,2
marginal-hits,32,23100000,2
marginal-hits,32,23150000,2
marginal-hits,32,23200000,3
marginal-hits,32,23250000,3
marginal-hits,32,23300000,2
marginal-hits,32,23350000,2
marginal-hits,32,23400000,3
marginal-hits,32,23450000,4
marginal-hits,32,23500000,3
marginal-hits,32,23550000,3
marginal-hits,32,23600000,3
marginal-hits,32,23650000,3
marginal-hits,32,23700000,3
marginal-hits,32,23750000,2
marginal-hits,32,23800000,2
marginal-hits,32,23850000,2
marginal-hits,32,23900000,2
marginal-hits,32,23950000,3
marginal-hits,32,24000000,2
marginal-hits,32,24050000,2
marginal-hits,32,24100000,2
marginal-hits,32,24150000,3
marginal-hits,32,24200000,4
marginal-hits,32,24250000,3
marginal-hits,32,24300000,3
marginal-hits,32,24350000,3
marginal-hits,32,24400000,3
marginal-hits,32,24450000,4
marginal-hits,32,24500000,4
marginal-hits,32,24550000,4
marginal-hits,32,24600000,3
marginal-hits,32,24650000,3
marginal-hits,32,24700000,4
marginal-hits,32,24750000,4
marginal-hits,32,24800000,5
marginal-hits,32,24850000,6
marginal-hits,32,24900000,5
marginal-hits,32,24950000,4
marginal-hits,32,25000000,3
marginal-hits,32,25050000,3
marginal-hits,32,25100000,3
marginal-hits,32,25150000,2
marginal-hits,32,25200000,2
marginal-hits,32,25250000,2
marginal-hits,32,25300000,2
marginal-hits,32,25350000,3
marginal-hits,32,25400000,3
marginal-hits,32,25450000,4
marginal-hits,32,25500000,3
marginal-hits,32,25550000,2
marginal-hits,32,25600000,2
marginal-hits,32,25650000,3
marginal-hits,32,25700000,3
marginal-hits,32,25750000,4
marginal-hits,32,25800000,3
marginal-hits,32,25850000,2
marginal-hits,32,25900000,2
marginal-hits,32,25950000,3
marginal-hits,32,26000000,2
marginal-hits,32,26050000,2
marginal-hits,32,26100000,3
marginal-hits,32,26150000,2
marginal-hits,32,26200000,2
marginal-hits,32,26250000,2
marginal-hits,32,26300000,3
marginal-hits,32,26350000,4
marginal-hits,32,26400000,4
marginal-hits,32,26450000,3
marginal-hits,32,26500000,2
marginal-hits,32,26550000,2
marginal-hits,32,26600000,3
marginal-hits,32,26650000,2
marginal-hits,32,26700000,2
marginal-hits,32,26750000,3
marginal-hits,32,26800000,4
marginal-hits,32,26850000,3
marginal-hits,32,26900000,3
marginal-hits,32,26950000,3
marginal-hits,32,27000000,3
marginal-hits,32,27050000,4
marginal-hits,32,27100000,4
marginal-hits,32,27150000,3
marginal-hits,32,27200000,2
marginal-hits,32,27250000,2
marginal-hits,32,27300000,3
marginal-hits,32,27350000,3
marginal-hits,32,27400000,4
marginal-hits,32,27450000,4
marginal-hits,32,27500000,3
marginal-hits,32,27550000,2
marginal-hits,32,27600000,2
marginal-hits,32,27650000,2
marginal-hits,32,27700000,3
marginal-hits,32,27750000,3
marginal-hits,32,27800000,4
marginal-hits,32,27850000,4
marginal-hits,32,27900000,3
marginal-hits,32,27950000,3
marginal-hits,32,28000000,2
marginal-hits,32,28050000,3
marginal-hits,32,28100000,4
marginal-hits,32,28150000,3
marginal-hits,32,28200000,2
marginal-hits,32,28250000,2
marginal-hits,32,28300000,2
marginal-hits,32,28350000,3
marginal-hits,32,28400000,3
marginal-hits,32,28450000,2
marginal-hits,32,28500000,2
marginal-hits,32,28550000,2
marginal-hits,32,28600000,2
marginal-hits,32,28650000,2
marginal-hits,32,28700000,3
marginal-hits,32,28750000,4
marginal-hits,32,28800000,4
marginal-hits,32,28850000,3
marginal-hits,32,28900000,2
marginal-hits,32,28950000,2
marginal-hits,32,29000000,2
marginal-hits,32,29050000,3
marginal-hits,32,29100000,2
marginal-hits,32,29150000,2
marginal-hits,32,29200000,2
marginal-hits,32,29250000,2
marginal-hits,32,29300000,2
marginal-hits,32,29350000,3
marginal-hits,32,29400000,3
marginal-hits,32,29450000,4
marginal-hits,32,29500000,5
marginal-hits,32,29550000,5
marginal-hits,32,29600000,4
marginal-hits,32,29650000,3
marginal-hits,32,29700000,2
marginal-hits,32,29750000,3
marginal-hits,32,29800000,2
marginal-hits,32,29850000,2
marginal-hits,32,29900000,2
marginal-hits,32,29950000,2
marginal-hits,32,30000000,2
marginal-hits,32,30050000,3
marginal-hits,32,30100000,4
marginal-hits,32,30150000,3
marginal-hits,32,30200000,2
marginal-hits,32,30250000,3
marginal-hits,32,30300000,2
marginal-hits,32,30350000,3
marginal-hits,32,30400000,2
marginal-hits,32,30450000,2
marginal-hits,32,30500000,3
marginal-hits,32,30550000,2
marginal-hits,32,30600000,3
marginal-hits,32,30650000,2
marginal-hits,32,30700000,3
marginal-hits,32,30750000,4
marginal-hits,32,30800000,3
marginal-hits,32,30850000,2
marginal-hits,32,30900000,2
marginal-hits,32,30950000,2
marginal-hits,32,31000000,3
marginal-hits,32,31050000,3
marginal-hits,32,31100000,3
marginal-hits,32,31150000,2
marginal-hits,32,31200000,3
marginal-hits,32,31250000,4
marginal-hits,32,31300000,4
marginal-hits,32,31350000,3
marginal-hits,32,31400000,2
marginal-hits,32,31450000,2
marginal-hits,32,31500000,3
marginal-hits,32,31550000,3
marginal-hits,32,31600000,2
marginal-hits,32,31650000,2
marginal-hits,32,31700000,2
marginal-hits,32,31750000,3
marginal-hits,32,31800000,3
marginal-hits,32,31850000,3
marginal-hits,32,31900000,3
marginal-hits,32,31950000,2
marginal-hits,32,32000000,3
marginal-hits,32,32050000,2
marginal-hits,32,32100000,3
marginal-hits,32,32150000,2
marginal-hits,32,32200000,2
marginal-hits,32,32250000,2
marginal-hits,32,32300000,3
marginal-hits,32,32350000,2
marginal-hits,32,32400000,2
marginal-hits,32,32450000,3
marginal-hits,32,32500000,2
marginal-hits,32,32550000,2
marginal-hits,32,32600000,2
marginal-hits,32,32650000,2
marginal-hits,32,32700000,2
marginal-hits,32,32750000,3
marginal-hits,32,32800000,3
marginal-hits,32,32850000,3
marginal-hits,32,32900000,3
marginal-hits,32,32950000,3
marginal-hits,32,33000000,3
marginal-hits,32,33050000,3
marginal-hits,32,33100000,4
marginal-hits,32,33150000,5
marginal-hits,32,33200000,6
marginal-hits,32,33250000,7
marginal-hits,32,33300000,6
marginal-hits,32,33350000,5
marginal-hits,32,33400000,4
marginal-hits,32,33450000,4
marginal-hits,32,33500000,3
marginal-hits,32,33550000,2
marginal-hits,32,33600000,3
marginal-hits,32,33650000,2
marginal-hits,32,33700000,2
marginal-hits,32,33750000,2
marginal-hits,32,33800000,2
marginal-hits,32,33850000,2
marginal-hits,32,33900000,3
marginal-hits,32,33950000,3
marginal-hits,32,34000000,3
marginal-hits,32,34050000,3
marginal-hits,32,34100000,2
marginal-hits,32,34150000,2
marginal-hits,32,34200000,3
marginal-hits,32,34250000,2
marginal-hits,32,34300000,2
marginal-hits,32,34350000,2
marginal-hits,32,34400000,2
marginal-hits,32,34450000,3
marginal-hits,32,34500000,4
marginal-hits,32,34550000,5
marginal-hits,32,34600000,5
marginal-hits,32,34650000,5
marginal-hits,32,34700000,5
marginal-hits,32,34750000,4
marginal-hits,32,34800000,4
marginal-hits,32,34850000,3
marginal-hits,32,34900000,2
marginal-hits,32,34950000,2
marginal-hits,32,35000000,3
marginal-hits,32,35050000,4
marginal-hits,32,35100000,5
marginal-hits,32,35150000,5
marginal-hits,32,35200000,4
marginal-hits,32,35250000,3
marginal-hits,32,35300000,3
marginal-hits,32,35350000,3
marginal-hits,32,35400000,2
marginal-hits,32,35450000,2
marginal-hits,32,35500000,3
marginal-hits,32,35550000,4
marginal-hits,32,35600000,3
marginal-hits,32,35650000,2
marginal-hits,32,35700000,3
marginal-hits,32,35750000,2
marginal-hits,32,35800000,3
marginal-hits,32,35850000,3
marginal-hits,32,35900000,3
marginal-hits,32,35950000,4
marginal-hits,32,36000000,3
marginal-hits,32,36050000,3
marginal-hits,32,36100000,3
marginal-hits,32,36150000,4
marginal-hits,32,36200000,3
marginal-hits,32,36250000,2
marginal-hits,32,36300000,3
marginal-hits,32,36350000,3
marginal-hits,32,36400000,3
marginal-hits,32,36450000,4
marginal-hits,32,36500000,4
marginal-hits,32,36550000,3
marginal-hits,32,36600000,2
marginal-hits,32,36650000,2
marginal-hits,32,36700000,3
marginal-hits,32,36750000,2
marginal-hits,32,36800000,2
marginal-hits,32,36850000,3
marginal-hits,32,36900000,2
marginal-hits,32,36950000,2
marginal-hits,32,37000000,3
marginal-hits,32,37050000,4
marginal-hits,32,37100000,4
marginal-hits,32,37150000,3
marginal-hits,32,37200000,4
marginal-hits,32,37250000,3
marginal-hits,32,37300000,2
marginal-hits,32,37350000,3
marginal-hits,32,37400000,4
marginal-hits,32,37450000,5
marginal-hits,32,37500000,5
marginal-hits,32,37550000,4
marginal-hits,32,37600000,3
marginal-hits,32,37650000,2
marginal-hits,32,37700000,2
marginal-hits,32,37750000,3
marginal-hits,32,37800000,2
marginal-hits,32,37850000,3
marginal-hits,32,37900000,3
marginal-hits,32,37950000,3
marginal-hits,32,38000000,2
marginal-hits,32,38050000,2
marginal-hits,32,38100000,2
marginal-hits,32,38150000,3
marginal-hits,32,38200000,3
marginal-hits,32,38250000,4
marginal-hits,32,38300000,4
marginal-hits,32,38350000,4
marginal-hits,32,38400000,3
marginal-hits,32,38450000,2
marginal-hits,32,38500000,2
marginal-hits,32,38550000,2
marginal-hits,32,38600000,3
marginal-hits,32,38650000,3
marginal-hits,32,38700000,3
marginal-hits,32,38750000,2
marginal-hits,32,38800000,2
marginal-hits,32,38850000,2
marginal-hits,32,38900000,2
marginal-hits,32,38950000,2
marginal-hits,32,39000000,3
marginal-hits,32,39050000,4
marginal-hits,32,39100000,5
marginal-hits,32,39150000,4
marginal-hits,32,39200000,3
marginal-hits,32,39250000,2
marginal-hits,32,39300000,3
marginal-hits,32,39350000,2
marginal-hits,32,39400000,3
marginal-hits,32,39450000,2
marginal-hits,32,39500000,2
marginal-hits,32,39550000,2
marginal-hits,32,39600000,2
marginal-hits,32,39650000,2
marginal-hits,32,39700000,3
marginal-hits,32,39750000,2
marginal-hits,32,39800000,2
marginal-hits,32,39850000,3
marginal-hits,32,39900000,4
marginal-hits,32,39950000,4
marginal-hits,32,40000000,5
marginal-hits,32,40050000,5
marginal-hits,32,40100000,5
marginal-hits,32,40150000,5
marginal-hits,32,40200000,4
marginal-hits,32,40250000,3
marginal-hits,32,40300000,4
marginal-hits,32,40350000,3
marginal-hits,32,40400000,4
marginal-hits,32,40450000,5
marginal-hits,32,40500000,4
marginal-hits,32,40550000,3
marginal-hits,32,40600000,3
marginal-hits,32,40650000,2
marginal-hits,32,40700000,2
marginal-hits,32,40750000,3
marginal-hits,32,40800000,3
marginal-hits,32,40850000,2
marginal-hits,32,40900000,3
marginal-hits,32,40950000,2
marginal-hits,32,41000000,2
marginal-hits,32,41050000,3
marginal-hits,32,41100000,2
marginal-hits,32,41150000,3
marginal-hits,32,41200000,3
marginal-hits,32,41250000,3
marginal-hits,32,41300000,3
marginal-hits,32,41350000,3
marginal-hits,32,41400000,2
marginal-hits,32,41450000,2
marginal-hits,32,41500000,2
marginal-hits,32,41550000,3
marginal-hits,32,41600000,3
marginal-hits,32,41650000,4
marginal-hits,32,41700000,3
marginal-hits,32,41750000,4
marginal-hits,32,41800000,3
marginal-hits,32,41850000,3
marginal-hits,32,41900000,3
marginal-hits,32,41950000,2
marginal-hits,32,42000000,2
marginal-hits,32,42050000,3
marginal-hits,32,42100000,3
marginal-hits,32,42150000,2
marginal-hits,32,42200000,2
marginal-hits,32,42250000,3
marginal-hits,32,42300000,3
marginal-hits,32,42350000,4
marginal-hits,32,42400000,4
marginal-hits,32,42450000,4
marginal-hits,32,42500000,3
marginal-hits,32,42550000,4
marginal-hits,32,42600000,3
marginal-hits,32,42650000,3
marginal-hits,32,42700000,3
marginal-hits,32,42750000,4
marginal-hits,32,42800000,4
marginal-hits,32,42850000,4
marginal-hits,32,42900000,3
marginal-hits,32,42950000,3
marginal-hits,32,43000000,2
marginal-hits,32,43050000,2
marginal-hits,32,43100000,2
marginal-hits,32,43150000,2
marginal-hits,32,43200000,2
marginal-hits,32,43250000,3
marginal-hits,32,43300000,3
marginal-hits,32,43350000,2
marginal-hits,32,43400000,2
marginal-hits,32,43450000,2
marginal-hits,32,43500000,3
marginal-hits,32,43550000,4
marginal-hits,32,43600000,3
marginal-hits,32,43650000,3
marginal-hits,32,43700000,2
marginal-hits,32,43750000,3
marginal-hits,32,43800000,2
marginal-hits,32,43850000,2
marginal-hits,32,43900000,3
marginal-hits,32,43950000,2
marginal-hits,32,44000000,3
marginal-hits,32,44050000,3
marginal-hits,32,44100000,4
marginal-hits,32,44150000,5
marginal-hits,32,44200000,6
marginal-hits,32,44250000,6
marginal-hits,32,44300000,5
marginal-hits,32,44350000,4
marginal-hits,32,44400000,4
marginal-hits,32,44450000,4
marginal-hits,32,44500000,5
marginal-hits,32,44550000,4
marginal-hits,32,44600000,4
marginal-hits,32,44650000,4
marginal-hits,32,44700000,4
marginal-hits,32,44750000,3
marginal-hits,32,44800000,2
marginal-hits,32,44850000,2
marginal-hits,32,44900000,3
marginal-hits,32,44950000,3
marginal-hits,32,45000000,2
marginal-hits,32,45050000,2
marginal-hits,32,45100000,2
marginal-hits,32,45150000,2
marginal-hits,32,45200000,3
marginal-hits,32,45250000,3
marginal-hits,32,45300000,4
marginal-hits,32,45350000,4
marginal-hits,32,45400000,4
marginal-hits,32,45450000,3
marginal-hits,32,45500000,2
marginal-hits,32,45550000,3
marginal-hits,32,45600000,4
marginal-hits,32,45650000,4
marginal-hits,32,45700000,4
marginal-hits,32,45750000,3
marginal-hits,32,45800000,3
marginal-hits,32,45850000,2
marginal-hits,32,45900000,2
marginal-hits,32,45950000,3
marginal-hits,32,46000000,2
marginal-hits,32,46050000,3
marginal-hits,32,46100000,2
marginal-hits,32,46150000,2
marginal-hits,32,46200000,2
marginal-hits,32,46250000,2
marginal-hits,32,46300000,3
marginal-hits,32,46350000,2
marginal-hits,32,46400000,3
marginal-hits,32,46450000,4
marginal-hits,32,46500000,3
marginal-hits,32,46550000,3
marginal-hits,32,46600000,2
marginal-hits,32,46650000,3
marginal-hits,32,46700000,2
marginal-hits,32,46750000,3
marginal-hits,32,46800000,3
marginal-hits,32,46850000,2
marginal-hits,32,46900000,2
marginal-hits,32,46950000,2
marginal-hits,32,47000000,3
marginal-hits,32,47050000,3
marginal-hits,32,47100000,3
marginal-hits,32,47150000,4
marginal-hits,32,47200000,3
marginal-hits,32,47250000,2
marginal-hits,32,47300000,2
marginal-hits,32,47350000,2
marginal-hits,32,47400000,2
marginal-hits,32,47450000,3
marginal-hits,32,47500000,3
marginal-hits,32,47550000,3
marginal-hits,32,47600000,2
marginal-hits,32,47650000,2
marginal-hits,32,47700000,2
marginal-hits,32,47750000,2
marginal-hits,32,47800000,3
marginal-hits,32,47850000,3
marginal-hits,32,47900000,2
marginal-hits,32,47950000,2
marginal-hits,32,48000000,3
marginal-hits,32,48050000,4
marginal-hits,32,48100000,5
marginal-hits,32,48150000,4
marginal-hits,32,48200000,3
marginal-hits,32,48250000,3
marginal-hits,32,48300000,4
marginal-hits,32,48350000,3
marginal-hits,32,48400000,2
marginal-hits,32,48450000,3
marginal-hits,32,48500000,4
marginal-hits,32,48550000,4
marginal-hits,32,48600000,3
marginal-hits,32,48650000,2
marginal-hits,32,48700000,2
marginal-hits,32,48750000,2
marginal-hits,32,48800000,2
marginal-hits,32,48850000,2
marginal-hits,32,48900000,2
marginal-hits,32,48950000,3
marginal-hits,32,49000000,3
marginal-hits,32,49050000,3
marginal-hits,32,49100000,4
marginal-hits,32,49150000,3
marginal-hits,32,49200000,3
marginal-hits,32,49250000,2
marginal-hits,32,49300000,2
marginal-hits,32,49350000,3
marginal-hits,32,49400000,2
marginal-hits,32,49450000,3
marginal-hits,32,49500000,2
marginal-hits,32,49550000,2
marginal-hits,32,49600000,2
marginal-hits,32,49650000,2
marginal-hits,32,49700000,3
marginal-hits,32,49750000,4
marginal-hits,32,49800000,4
marginal-hits,32,49850000,4
marginal-hits,32,49900000,3
marginal-hits,32,49950000,3
marginal-hits,32,50000000,2
marginal-hits,32,50050000,2
marginal-hits,32,50100000,3
marginal-hits,32,50150000,3
marginal-hits,32,50200000,3
marginal-hits,32,50250000,4
marginal-hits,32,50300000,4
marginal-hits,32,50350000,4
marginal-hits,32,50400000,3
marginal-hits,32,50450000,4
marginal-hits,32,50500000,3
marginal-hits,32,50550000,3
marginal-hits,32,50600000,4
marginal-hits,32,50650000,4
marginal-hits,32,50700000,3
marginal-hits,32,50750000,2
marginal-hits,32,50800000,2
marginal-hits,32,50850000,3
marginal-hits,32,50900000,3
marginal-hits,32,50950000,3
marginal-hits,32,51000000,2
marginal-hits,32,51050000,2
marginal-hits,32,51100000,2
marginal-hits,32,51150000,3
marginal-hits,32,51200000,3
marginal-hits,32,51250000,2
marginal-hits,32,51300000,3
marginal-hits,32,51350000,2
marginal-hits,32,51400000,2
marginal-hits,32,51450000,2
marginal-hits,32,51500000,3
marginal-hits,32,51550000,4
marginal-hits,32,51600000,5
marginal-hits,32,51650000,6
marginal-hits,32,51700000,6
marginal-hits,32,51750000,6
marginal-hits,32,51800000,5
marginal-hits,32,51850000,4
marginal-hits,32,51900000,3
marginal-hits,32,51950000,3
marginal-hits,32,52000000,2
marginal-hits,32,52050000,3
marginal-hits,32,52100000,2
marginal-hits,32,52150000,2
marginal-hits,32,52200000,2
marginal-hits,32,52250000,2
marginal-hits,32,52300000,3
marginal-hits,32,52350000,3
marginal-hits,32,52400000,2
marginal-hits,32,52450000,2
marginal-hits,32,52500000,2
marginal-hits,32,52550000,2
marginal-hits,32,52600000,3
marginal-hits,32,52650000,4
marginal-hits,32,52700000,5
marginal-hits,32,52750000,4
marginal-hits,32,52800000,4
marginal-hits,32,52850000,5
marginal-hits,32,52900000,5
marginal-hits,32,52950000,4
marginal-hits,32,53000000,4
marginal-hits,32,53050000,3
marginal-hits,32,53100000,2
marginal-hits,32,53150000,3
marginal-hits,32,53200000,4
marginal-hits,32,53250000,4
marginal-hits,32,53300000,4
marginal-hits,32,53350000,3
marginal-hits,32,53400000,2
marginal-hits,32,53450000,2
marginal-hits,32,53500000,2
marginal-hits,32,53550000,2
marginal-hits,32,53600000,2
marginal-hits,32,53650000,3
marginal-hits,32,53700000,3
marginal-hits,32,53750000,2
marginal-hits,32,53800000,3
marginal-hits,32,53850000,2
marginal-hits,32,53900000,2
marginal-hits,32,53950000,2
marginal-hits,32,54000000,3
marginal-hits,32,54050000,4
marginal-hits,32,54100000,3
marginal-hits,32,54150000,2
marginal-hits,32,54200000,2
marginal-hits,32,54250000,3
marginal-hits,32,54300000,2
marginal-hits,32,54350000,3
marginal-hits,32,54400000,4
marginal-hits,32,54450000,3
marginal-hits,32,54500000,3
marginal-hits,32,54550000,2
marginal-hits,32,54600000,3
marginal-hits,32,54650000,2
marginal-hits,32,54700000,2
marginal-hits,32,54750000,3
marginal-hits,32,54800000,4
marginal-hits,32,54850000,4
marginal-hits,32,54900000,4
marginal-hits,32,54950000,5
marginal-hits,32,55000000,5
marginal-hits,32,55050000,4
marginal-hits,32,55100000,4
marginal-hits,32,55150000,3
marginal-hits,32,55200000,4
marginal-hits,32,55250000,4
marginal-hits,32,55300000,3
marginal-hits,32,55350000,4
marginal-hits,32,55400000,3
marginal-hits,32,55450000,4
marginal-hits,32,55500000,3
marginal-hits,32,55550000,2
marginal-hits,32,55600000,3
marginal-hits,32,55650000,3
marginal-hits,32,55700000,4
marginal-hits,32,55750000,4
marginal-hits,32,55800000,4
marginal-hits,32,55850000,3
marginal-hits,32,55900000,3
marginal-hits,32,55950000,2
marginal-hits,32,56000000,3
marginal-hits,32,56050000,2
marginal-hits,32,56100000,2
marginal-hits,32,56150000,3
marginal-hits,32,56200000,3
marginal-hits,32,56250000,3
marginal-hits,32,56300000,3
marginal-hits,32,56350000,2
marginal-hits,32,56400000,3
marginal-hits,32,56450000,2
marginal-hits,32,56500000,2
marginal-hits,32,56550000,2
marginal-hits,32,56600000,2
marginal-hits,32,56650000,3
marginal-hits,32,56700000,2
marginal-hits,32,56750000,2
marginal-hits,32,56800000,3
marginal-hits,32,56850000,2
marginal-hits,32,56900000,2
marginal-hits,32,56950000,2
marginal-hits,32,57000000,3
marginal-hits,32,57050000,2
marginal-hits,32,57100000,2
marginal-hits,32,57150000,2
marginal-hits,32,57200000,2
marginal-hits,32,57250000,3
marginal-hits,32,57300000,3
marginal-hits,32,57350000,4
marginal-hits,32,57400000,4
marginal-hits,32,57450000,3
marginal-hits,32,57500000,2
marginal-hits,32,57550000,3
marginal-hits,32,57600000,3
marginal-hits,32,57650000,4
marginal-hits,32,57700000,3
marginal-hits,32,57750000,2
marginal-hits,32,57800000,2
marginal-hits,32,57850000,3
marginal-hits,32,57900000,2
marginal-hits,32,57950000,2
marginal-hits,32,58000000,2
marginal-hits,32,58050000,3
marginal-hits,32,58100000,4
marginal-hits,32,58150000,3
marginal-hits,32,58200000,2
marginal-hits,32,58250000,2
marginal-hits,32,58300000,2
marginal-hits,32,58350000,3
marginal-hits,32,58400000,4
marginal-hits,32,58450000,3
marginal-hits,32,58500000,4
marginal-hits,32,58550000,4
marginal-hits,32,58600000,5
marginal-hits,32,58650000,6
marginal-hits,32,58700000,5
marginal-hits,32,58750000,4
marginal-hits,32,58800000,4
marginal-hits,32,58850000,3
marginal-hits,32,58900000,3
marginal-hits,32,58950000,2
marginal-hits,32,59000000,3
marginal-hits,32,59050000,2
marginal-hits,32,59100000,3
marginal-hits,32,59150000,3
marginal-hits,32,59200000,2
marginal-hits,32,59250000,3
marginal-hits,32,59300000,2
marginal-hits,32,59350000,2
marginal-hits,32,59400000,3
marginal-hits,32,59450000,2
marginal-hits,32,59500000,2
marginal-hits,32,59550000,2
marginal-hits,32,59600000,2
marginal-hits,32,59650000,3
marginal-hits,32,59700000,2
marginal-hits,32,59750000,3
marginal-hits,32,59800000,4
marginal-hits,32,59850000,4
marginal-hits,32,59900000,4
marginal-hits,32,59950000,4
marginal-hits,32,60000000,3
marginal-hits,32,60050000,2
marginal-hits,32,60100000,2
marginal-hits,32,60150000,2
marginal-hits,32,60200000,2
marginal-hits,32,60250000,2
marginal-hits,32,60300000,3
marginal-hits,32,60350000,2
marginal-hits,32,60400000,2
marginal-hits,32,60450000,2
marginal-hits,32,60500000,3
marginal-hits,32,60550000,3
marginal-hits,32,60600000,3
marginal-hits,32,60650000,2
marginal-hits,32,60700000,3
marginal-hits,32,60750000,4
marginal-hits,32,60800000,5
marginal-hits,32,60850000,5
marginal-hits,32,60900000,4
marginal-hits,32,60950000,3
marginal-hits,32,61000000,3
marginal-hits,32,61050000,3
marginal-hits,32,61100000,4
marginal-hits,32,61150000,5
marginal-hits,32,61200000,5
marginal-hits,32,61250000,5
marginal-hits,32,61300000,4
marginal-hits,32,61350000,4
marginal-hits,32,61400000,3
marginal-hits,32,61450000,2
marginal-hits,32,61500000,3
marginal-hits,32,61550000,4
marginal-hits,32,61600000,3
marginal-hits,32,61650000,3
marginal-hits,32,61700000,2
marginal-hits,32,61750000,2
marginal-hits,32,61800000,2
marginal-hits,32,61850000,3
marginal-hits,32,61900000,2
marginal-hits,32,61950000,2
marginal-hits,32,62000000,2
marginal-hits,32,62050000,3
marginal-hits,32,62100000,3
marginal-hits,32,62150000,3
marginal-hits,32,62200000,4
marginal-hits,32,62250000,5
marginal-hits,32,62300000,6
marginal-hits,32,62350000,6
marginal-hits,32,62400000,5
marginal-hits,32,62450000,4
marginal-hits,32,62500000,3
marginal-hits,32,62550000,3
marginal-hits,32,62600000,4
marginal-hits,32,62650000,5
marginal-hits,32,62700000,4
marginal-hits,32,62750000,3
marginal-hits,32,62800000,2
marginal-hits,32,62850000,3
marginal-hits,32,62900000,2
marginal-hits,32,62950000,3
marginal-hits,32,63000000,2
marginal-hits,32,63050000,2
marginal-hits,32,63100000,3
marginal-hits,32,63150000,2
marginal-hits,32,63200000,3
marginal-hits,32,63250000,2
marginal-hits,32,63300000,3
marginal-hits,32,63350000,2
marginal-hits,32,63400000,2
marginal-hits,32,63450000,2
marginal-hits,32,63500000,3
marginal-hits,32,63550000,3
marginal-hits,32,63600000,2
marginal-hits,32,63650000,2
marginal-hits,32,63700000,2
marginal-hits,32,63750000,3
marginal-hits,32,63800000,2
marginal-hits,32,63850000,3
marginal-hits,32,63900000,4
marginal-hits,32,63950000,4
marginal-hits,32,64000000,3
marginal-hits,32,64050000,2
marginal-hits,32,64100000,2
marginal-hits,32,64150000,2
marginal-hits,32,64200000,3
marginal-hits,32,64250000,2
marginal-hits,32,64300000,3
marginal-hits,32,64350000,2
marginal-hits,32,64400000,2
marginal-hits,32,64450000,3
marginal-hits,32,64500000,3
marginal-hits,32,64550000,3
marginal-hits,32,64600000,4
marginal-hits,32,64650000,3
marginal-hits,32,64700000,3
marginal-hits,32,64750000,4
marginal-hits,32,64800000,5
marginal-hits,32,64850000,4
marginal-hits,32,64900000,3
marginal-hits,32,64950000,2
marginal-hits,32,65000000,3
marginal-hits,32,65050000,2
marginal-hits,32,65100000,3
marginal-hits,32,65150000,3
marginal-hits,32,65200000,2
marginal-hits,32,65250000,2
marginal-hits,32,65300000,2
marginal-hits,32,65350000,2
marginal-hits,32,65400000,2
marginal-hits,32,65450000,2
marginal-hits,32,65500000,3
marginal-hits,32,65550000,4
marginal-hits,32,65600000,3
marginal-hits,32,65650000,2
marginal-hits,32,65700000,2
marginal-hits,32,65750000,2
marginal-hits,32,65800000,2
marginal-hits,32,65850000,3
marginal-hits,32,65900000,3
marginal-hits,32,65950000,3
marginal-hits,32,66000000,4
marginal-hits,32,66050000,3
marginal-hits,32,66100000,3
marginal-hits,32,66150000,3
marginal-hits,32,66200000,3
marginal-hits,32,66250000,3
marginal-hits,32,66300000,4
marginal-hits,32,66350000,4
marginal-hits,32,66400000,3
marginal-hits,32,66450000,2
marginal-hits,32,66500000,2
marginal-hits,32,66550000,3
marginal-hits,32,66600000,3
marginal-hits,32,66650000,4
marginal-hits,32,66700000,5
marginal-hits,32,66750000,4
marginal-hits,32,66800000,3
marginal-hits,32,66850000,3
marginal-hits,32,66900000,4
marginal-hits,32,66950000,3
marginal-hits,32,67000000,2
marginal-hits,32,67050000,2
marginal-hits,32,67100000,3
marginal-hits,32,67150000,4
marginal-hits,32,67200000,5
marginal-hits,32,67250000,4
marginal-hits,32,67300000,3
marginal-hits,32,67350000,3
marginal-hits,32,67400000,3
marginal-hits,32,67450000,4
marginal-hits,32,67500000,3
marginal-hits,32,67550000,2
marginal-hits,32,67600000,2
marginal-hits,32,67650000,2
marginal-hits,32,67700000,3
marginal-hits,32,67750000,4
marginal-hits,32,67800000,3
marginal-hits,32,67850000,2
marginal-hits,32,67900000,2
marginal-hits,32,67950000,2
marginal-hits,32,68000000,3
marginal-hits,32,68050000,2
marginal-hits,32,68100000,2
marginal-hits,32,68150000,3
marginal-hits,32,68200000,3
marginal-hits,32,68250000,2
marginal-hits,32,68300000,2
marginal-hits,32,68350000,2
marginal-hits,32,68400000,2
marginal-hits,32,68450000,3
marginal-hits,32,68500000,3
marginal-hits,32,68550000,4
marginal-hits,32,68600000,3
marginal-hits,32,68650000,3
marginal-hits,32,68700000,2
marginal-hits,32,68750000,2
marginal-hits,32,68800000,2
marginal-hits,32,68850000,3
marginal-hits,32,68900000,4
marginal-hits,32,68950000,3
marginal-hits,32,69000000,2
marginal-hits,32,69050000,3
marginal-hits,32,69100000,2
marginal-hits,32,69150000,3
marginal-hits,32,69200000,2
marginal-hits,32,69250000,3
marginal-hits,32,69300000,2
marginal-hits,32,69350000,2
marginal-hits,32,69400000,2
marginal-hits,32,69450000,2
marginal-hits,32,69500000,3
marginal-hits,32,69550000,3
marginal-hits,32,69600000,4
marginal-hits,32,69650000,4
marginal-hits,32,69700000,3
marginal-hits,32,69750000,4
marginal-hits,32,69800000,3
marginal-hits,32,69850000,3
marginal-hits,32,69900000,4
marginal-hits,32,69950000,3
marginal-hits,32,70000000,2
marginal-hits,32,70050000,2
marginal-hits,32,70100000,2
marginal-hits,32,70150000,2
marginal-hits,32,70200000,2
marginal-hits,32,70250000,2
marginal-hits,32,70300000,3
marginal-hits,32,70350000,4
marginal-hits,32,70400000,5
marginal-hits,32,70450000,5
marginal-hits,32,70500000,4
marginal-hits,32,70550000,3
marginal-hits,32,70600000,3
marginal-hits,32,70650000,4
marginal-hits,32,70700000,3
marginal-hits,32,70750000,2
marginal-hits,32,70800000,2
marginal-hits,32,70850000,3
marginal-hits,32,70900000,3
marginal-hits,32,70950000,3
marginal-hits,32,71000000,4
marginal-hits,32,71050000,4
marginal-hits,32,71100000,3
marginal-hits,32,71150000,2
marginal-hits,32,71200000,3
marginal-hits,32,71250000,2
marginal-hits,32,71300000,3
marginal-hits,32,71350000,4
marginal-hits,32,71400000,3
marginal-hits,32,71450000,3
marginal-hits,32,71500000,2
marginal-hits,32,71550000,2
marginal-hits,32,71600000,2
marginal-hits,32,71650000,3
marginal-hits,32,71700000,2
marginal-hits,32,71750000,2
marginal-hits,32,71800000,3
marginal-hits,32,71850000,3
marginal-hits,32,71900000,2
marginal-hits,32,71950000,3
marginal-hits,32,72000000,3
marginal-hits,32,72050000,3
marginal-hits,32,72100000,2
marginal-hits,32,72150000,2
marginal-hits,32,72200000,2
marginal-hits,32,72250000,3
marginal-hits,32,72300000,2
marginal-hits,32,72350000,2
marginal-hits,32,72400000,3
marginal-hits,32,72450000,3
marginal-hits,32,72500000,2
marginal-hits,32,72550000,2
marginal-hits,32,72600000,2
marginal-hits,32,72650000,3
marginal-hits,32,72700000,4
marginal-hits,32,72750000,3
marginal-hits,32,72800000,3
marginal-hits,32,72850000,4
marginal-hits,32,72900000,4
marginal-hits,32,72950000,3
marginal-hits,32,73000000,2
marginal-hits,32,73050000,3
marginal-hits,32,73100000,3
marginal-hits,32,73150000,3
marginal-hits,32,73200000,2
marginal-hits,32,73250000,3
marginal-hits,32,73300000,4
marginal-hits,32,73350000,4
marginal-hits,32,73400000,3
marginal-hits,32,73450000,2
marginal-hits,32,73500000,2
marginal-hits,32,73550000,3
marginal-hits,32,73600000,4
marginal-hits,32,73650000,4
marginal-hits,32,73700000,3
marginal-hits,32,73750000,2
marginal-hits,32,73800000,2
marginal-hits,32,73850000,3
marginal-hits,32,73900000,2
marginal-hits,32,73950000,3
marginal-hits,32,74000000,3
marginal-hits,32,74050000,4
marginal-hits,32,74100000,4
marginal-hits,32,74150000,3
marginal-hits,32,74200000,4
marginal-hits,32,74250000,5
marginal-hits,32,74300000,5
marginal-hits,32,74350000,4
marginal-hits,32,74400000,3
marginal-hits,32,74450000,2
marginal-hits,32,74500000,3
marginal-hits,32,74550000,3
marginal-hits,32,74600000,4
marginal-hits,32,74650000,5
marginal-hits,32,74700000,4
marginal-hits,32,74750000,3
marginal-hits,32,74800000,2
marginal-hits,32,74850000,2
marginal-hits,32,74900000,2
marginal-hits,32,74950000,2
marginal-hits,32,75000000,3
marginal-hits,32,75050000,4
marginal-hits,32,75100000,3
marginal-hits,32,75150000,2
marginal-hits,32,75200000,2
marginal-hits,32,75250000,3
marginal-hits,32,75300000,2
marginal-hits,32,75350000,2
marginal-hits,32,75400000,3
marginal-hits,32,75450000,4
marginal-hits,32,75500000,3
marginal-hits,32,75550000,2
marginal-hits,32,75600000,2
marginal-hits,32,75650000,2
marginal-hits,32,75700000,3
marginal-hits,32,75750000,3
marginal-hits,32,75800000,2
marginal-hits,32,75850000,3
marginal-hits,32,75900000,3
marginal-hits,32,75950000,4
marginal-hits,32,76000000,3
marginal-hits,32,76050000,2
marginal-hits,32,76100000,2
marginal-hits,32,76150000,2
marginal-hits,32,76200000,2
marginal-hits,32,76250000,2
marginal-hits,32,76300000,3
marginal-hits,32,76350000,2
marginal-hits,32,76400000,2
marginal-hits,32,76450000,2
marginal-hits,32,76500000,3
marginal-hits,32,76550000,2
marginal-hits,32,76600000,2
marginal-hits,32,76650000,2
marginal-hits,32,76700000,2
marginal-hits,32,76750000,3
marginal-hits,32,76800000,2
marginal-hits,32,76850000,3
marginal-hits,32,76900000,3
marginal-hits,32,76950000,3
marginal-hits,32,77000000,3
marginal-hits,32,77050000,4
marginal-hits,32,77100000,5
marginal-hits,32,77150000,4
marginal-hits,32,77200000,4
marginal-hits,32,77250000,4
marginal-hits,32,77300000,4
marginal-hits,32,77350000,3
marginal-hits,32,77400000,3
marginal-hits,32,77450000,4
marginal-hits,32,77500000,3
marginal-hits,32,77550000,4
marginal-hits,32,77600000,3
marginal-hits,32,77650000,3
marginal-hits,32,77700000,4
marginal-hits,32,77750000,5
marginal-hits,32,77800000,5
marginal-hits,32,77850000,4
marginal-hits,32,77900000,3
marginal-hits,32,77950000,2
marginal-hits,32,78000000,3
marginal-hits,32,78050000,2
marginal-hits,32,78100000,2
marginal-hits,32,78150000,2
marginal-hits,32,78200000,3
marginal-hits,32,78250000,2
marginal-hits,32,78300000,2
marginal-hits,32,78350000,2
marginal-hits,32,78400000,2
marginal-hits,32,78450000,2
marginal-hits,32,78500000,2
marginal-hits,32,78550000,3
marginal-hits,32,78600000,4
marginal-hits,32,78650000,3
marginal-hits,32,78700000,4
marginal-hits,32,78750000,3
marginal-hits,32,78800000,2
marginal-hits,32,78850000,3
marginal-hits,32,78900000,3
marginal-hits,32,78950000,2
marginal-hits,32,79000000,2
marginal-hits,32,79050000,3
marginal-hits,32,79100000,3
marginal-hits,32,79150000,3
marginal-hits,32,79200000,3
marginal-hits,32,79250000,3
marginal-hits,32,79300000,2
marginal-hits,32,79350000,2
marginal-hits,32,79400000,2
marginal-hits,32,79450000,3
marginal-hits,32,79500000,3
marginal-hits,32,79550000,3
marginal-hits,32,79600000,3
marginal-hits,32,79650000,2
marginal-hits,32,79700000,2
marginal-hits,32,79750000,3
marginal-hits,32,79800000,4
marginal-hits,32,79850000,4
marginal-hits,32,79900000,4
marginal-hits,32,79950000,3
eviction-rate,256,50000,121
eviction-rate,256,100000,116
eviction-rate,256,150000,111
eviction-rate,256,200000,107
eviction-rate,256,250000,104
eviction-rate,256,300000,101
eviction-rate,256,350000,99
eviction-rate,256,400000,98
eviction-rate,256,450000,97
eviction-rate,256,500000,95
eviction-rate,256,550000,93
eviction-rate,256,600000,92
eviction-rate,256,650000,91
eviction-rate,256,700000,89
eviction-rate,256,750000,89
eviction-rate,256,800000,89
eviction-rate,256,850000,89
eviction-rate,256,900000,89
eviction-rate,256,950000,89
eviction-rate,256,1000000,89
eviction-rate,256,1050000,89
eviction-rate,256,1100000,89
eviction-rate,256,1150000,89
eviction-rate,256,1200000,88
eviction-rate,256,1250000,88
eviction-rate,256,1300000,88
eviction-rate,256,1350000,88
eviction-rate,256,1400000,88
eviction-rate,256,1450000,88
eviction-rate,256,1500000,87
eviction-rate,256,1550000,87
eviction-rate,256,1600000,87
eviction-rate,256,1650000,87
eviction-rate,256,1700000,87
eviction-rate,256,1750000,87
eviction-rate,256,1800000,86
eviction-rate,256,1850000,87
eviction-rate,256,1900000,86
eviction-rate,256,1950000,86
eviction-rate,256,2000000,85
eviction-rate,256,2050000,86
eviction-rate,256,2100000,86
eviction-rate,256,2150000,85
eviction-rate,256,2200000,85
eviction-rate,256,2250000,85
eviction-rate,256,2300000,84
eviction-rate,256,2350000,85
eviction-rate,256,2400000,85
eviction-rate,256,2450000,84
eviction-rate,256,2500000,85
eviction-rate,256,2550000,84
eviction-rate,256,2600000,84
eviction-rate,256,2650000,84
eviction-rate,256,2700000,84
eviction-rate,256,2750000,84
eviction-rate,256,2800000,84
eviction-rate,256,2850000,85
eviction-rate,256,2900000,85
eviction-rate,256,2950000,84
eviction-rate,256,3000000,83
eviction-rate,256,3050000,83
eviction-rate,256,3100000,82
eviction-rate,256,3150000,81
eviction-rate,256,3200000,81
eviction-rate,256,3250000,80
eviction-rate,256,3300000,80
eviction-rate,256,3350000,79
eviction-rate,256,3400000,78
eviction-rate,256,3450000,77
eviction-rate,256,3500000,77
eviction-rate,256,3550000,76
eviction-rate,256,3600000,75
eviction-rate,256,3650000,75
eviction-rate,256,3700000,74
eviction-rate,256,3750000,74
eviction-rate,256,3800000,73
eviction-rate,256,3850000,72
eviction-rate,256,3900000,72
eviction-rate,256,3950000,72
eviction-rate,256,4000000,71
eviction-rate,256,4050000,70
eviction-rate,256,4100000,70
eviction-rate,256,4150000,69
eviction-rate,256,4200000,69
eviction-rate,256,4250000,68
eviction-rate,256,4300000,67
eviction-rate,256,4350000,67
eviction-rate,256,4400000,67
eviction-rate,256,4450000,66
eviction-rate,256,4500000,65
eviction-rate,256,4550000,65
eviction-rate,256,4600000,64
eviction-rate,256,4650000,64
eviction-rate,256,4700000,63
eviction-rate,256,4750000,62
eviction-rate,256,4800000,62
eviction-rate,256,4850000,62
eviction-rate,256,4900000,62
eviction-rate,256,4950000,61
eviction-rate,256,5000000,60
eviction-rate,256,5050000,60
eviction-rate,256,5100000,60
eviction-rate,256,5150000,60
eviction-rate,256,5200000,60
eviction-rate,256,5250000,60
eviction-rate,256,5300000,60
eviction-rate,256,5350000,59
eviction-rate,256,5400000,59
eviction-rate,256,5450000,59
eviction-rate,256,5500000,59
eviction-rate,256,5550000,58
eviction-rate,256,5600000,58
eviction-rate,256,5650000,58
eviction-rate,256,5700000,58
eviction-rate,256,5750000,57
eviction-rate,256,5800000,57
eviction-rate,256,5850000,57
eviction-rate,256,5900000,57
eviction-rate,256,5950000,56
eviction-rate,256,6000000,56
eviction-rate,256,6050000,56
eviction-rate,256,6100000,56
eviction-rate,256,6150000,55
eviction-rate,256,6200000,55
eviction-rate,256,6250000,56
eviction-rate,256,6300000,56
eviction-rate,256,6350000,55
eviction-rate,256,6400000,55
eviction-rate,256,6450000,55
eviction-rate,256,6500000,55
eviction-rate,256,6550000,54
eviction-rate,256,6600000,54
eviction-rate,256,6650000,54
eviction-rate,256,6700000,54
eviction-rate,256,6750000,53
eviction-rate,256,6800000,53
eviction-rate,256,6850000,53
eviction-rate,256,6900000,53
eviction-rate,256,6950000,52
eviction-rate,256,7000000,53
eviction-rate,256,7050000,53
eviction-rate,256,7100000,53
eviction-rate,256,7150000,52
eviction-rate,256,7200000,51
eviction-rate,256,7250000,51
eviction-rate,256,7300000,51
eviction-rate,256,7350000,51
eviction-rate,256,7400000,51
eviction-rate,256,7450000,51
eviction-rate,256,7500000,51
eviction-rate,256,7550000,50
eviction-rate,256,7600000,50
eviction-rate,256,7650000,50
eviction-rate,256,7700000,50
eviction-rate,256,7750000,50
eviction-rate,256,7800000,49
eviction-rate,256,7850000,49
eviction-rate,256,7900000,49
eviction-rate,256,7950000,49
eviction-rate,256,8000000,49
eviction-rate,256,8050000,48
eviction-rate,256,8100000,48
eviction-rate,256,8150000,48
eviction-rate,256,8200000,48
eviction-rate,256,8250000,48
eviction-rate,256,8300000,48
eviction-rate,256,8350000,48
eviction-rate,256,8400000,48
eviction-rate,256,8450000,48
eviction-rate,256,8500000,48
eviction-rate,256,8550000,47
eviction-rate,256,8600000,47
eviction-rate,256,8650000,47
eviction-rate,256,8700000,47
eviction-rate,256,8750000,47
eviction-rate,256,8800000,46
eviction-rate,256,8850000,46
eviction-rate,256,8900000,46
eviction-rate,256,8950000,46
eviction-rate,256,9000000,46
eviction-rate,256,9050000,45
eviction-rate,256,9100000,45
eviction-rate,256,9150000,45
eviction-rate,256,9200000,45
eviction-rate,256,9250000,45
eviction-rate,256,9300000,44
eviction-rate,256,9350000,44
eviction-rate,256,9400000,44
eviction-rate,256,9450000,44
eviction-rate,256,9500000,44
eviction-rate,256,9550000,43
eviction-rate,256,9600000,44
eviction-rate,256,9650000,44
eviction-rate,256,9700000,44
eviction-rate,256,9750000,44
eviction-rate,256,9800000,43
eviction-rate,256,9850000,43
eviction-rate,256,9900000,43
eviction-rate,256,9950000,43
eviction-rate,256,10000000,43
eviction-rate,256,10050000,43
eviction-rate,256,10100000,42
eviction-rate,256,10150000,42
eviction-rate,256,10200000,42
eviction-rate,256,10250000,42
eviction-rate,256,10300000,42
eviction-rate,256,10350000,42
eviction-rate,256,10400000,41
eviction-rate,256,10450000,41
eviction-rate,256,10500000,41
eviction-rate,256,10550000,41
eviction-rate,256,10600000,41
eviction-rate,256,10650000,41
eviction-rate,256,10700000,40
eviction-rate,256,10750000,40
eviction-rate,256,10800000,40
eviction-rate,256,10850000,40
eviction-rate,256,10900000,40
eviction-rate,256,10950000,40
eviction-rate,256,11000000,39
eviction-rate,256,11050000,39
eviction-rate,256,11100000,39
eviction-rate,256,11150000,39
eviction-rate,256,11200000,39
eviction-rate,256,11250000,39
eviction-rate,256,11300000,38
eviction-rate,256,11350000,38
eviction-rate,256,11400000,38
eviction-rate,256,11450000,38
eviction-rate,256,11500000,38
eviction-rate,256,11550000,38
eviction-rate,256,11600000,38
eviction-rate,256,11650000,37
eviction-rate,256,11700000,37
eviction-rate,256,11750000,37
eviction-rate,256,11800000,37
eviction-rate,256,11850000,37
eviction-rate,256,11900000,37
eviction-rate,256,11950000,37
eviction-rate,256,12000000,37
eviction-rate,256,12050000,37
eviction-rate,256,12100000,37
eviction-rate,256,12150000,37
eviction-rate,256,12200000,37
eviction-rate,256,12250000,37
eviction-rate,256,12300000,37
eviction-rate,256,12350000,36
eviction-rate,256,12400000,36
eviction-rate,256,12450000,36
eviction-rate,256,12500000,36
eviction-rate,256,12550000,36
eviction-rate,256,12600000,36
eviction-rate,256,12650000,36
eviction-rate,256,12700000,36
eviction-rate,256,12750000,35
eviction-rate,256,12800000,35
eviction-rate,256,12850000,35
eviction-rate,256,12900000,35
eviction-rate,256,12950000,35
eviction-rate,256,13000000,35
eviction-rate,256,13050000,35
eviction-rate,256,13100000,35
eviction-rate,256,13150000,34
eviction-rate,256,13200000,34
eviction-rate,256,13250000,34
eviction-rate,256,13300000,35
eviction-rate,256,13350000,35
eviction-rate,256,13400000,35
eviction-rate,256,13450000,35
eviction-rate,256,13500000,35
eviction-rate,256,13550000,34
eviction-rate,256,13600000,34
eviction-rate,256,13650000,34
eviction-rate,256,13700000,34
eviction-rate,256,13750000,34
eviction-rate,256,13800000,34
eviction-rate,256,13850000,34
eviction-rate,256,13900000,34
eviction-rate,256,13950000,34
eviction-rate,256,14000000,34
eviction-rate,256,14050000,34
eviction-rate,256,14100000,34
eviction-rate,256,14150000,34
eviction-rate,256,14200000,34
eviction-rate,256,14250000,34
eviction-rate,256,14300000,34
eviction-rate,256,14350000,34
eviction-rate,256,14400000,34
eviction-rate,256,14450000,34
eviction-rate,256,14500000,34
eviction-rate,256,14550000,34
eviction-rate,256,14600000,34
eviction-rate,256,14650000,34
eviction-rate,256,14700000,34
eviction-rate,256,14750000,34
eviction-rate,256,14800000,34
eviction-rate,256,14850000,34
eviction-rate,256,14900000,34
eviction-rate,256,14950000,34
eviction-rate,256,15000000,34
eviction-rate,256,15050000,34
eviction-rate,256,15100000,34
eviction-rate,256,15150000,34
eviction-rate,256,15200000,34
eviction-rate,256,15250000,34
eviction-rate,256,15300000,34
eviction-rate,256,15350000,34
eviction-rate,256,15400000,34
eviction-rate,256,15450000,34
eviction-rate,256,15500000,34
eviction-rate,256,15550000,34
eviction-rate,256,15600000,34
eviction-rate,256,15650000,34
eviction-rate,256,15700000,34
eviction-rate,256,15750000,34
eviction-rate,256,15800000,34
eviction-rate,256,15850000,34
eviction-rate,256,15900000,34
eviction-rate,256,15950000,34
eviction-rate,256,16000000,34
eviction-rate,256,16050000,34
eviction-rate,256,16100000,34
eviction-rate,256,16150000,34
eviction-rate,256,16200000,34
eviction-rate,256,16250000,34
eviction-rate,256,16300000,34
eviction-rate,256,16350000,34
eviction-rate,256,16400000,34
eviction-rate,256,16450000,34
eviction-rate,256,16500000,34
eviction-rate,256,16550000,34
eviction-rate,256,16600000,34
eviction-rate,256,16650000,34
eviction-rate,256,16700000,34
eviction-rate,256,16750000,34
eviction-rate,256,16800000,34
eviction-rate,256,16850000,34
eviction-rate,256,16900000,34
eviction-rate,256,16950000,34
eviction-rate,256,17000000,34
eviction-rate,256,17050000,34
eviction-rate,256,17100000,34
eviction-rate,256,17150000,34
eviction-rate,256,17200000,34
eviction-rate,256,17250000,34
eviction-rate,256,17300000,34
eviction-rate,256,17350000,34
eviction-rate,256,17400000,34
eviction-rate,256,17450000,34
eviction-rate,256,17500000,34
eviction-rate,256,17550000,34
eviction-rate,256,17600000,34
eviction-rate,256,17650000,34
eviction-rate,256,17700000,34
eviction-rate,256,17750000,34
eviction-rate,256,17800000,34
eviction-rate,256,17850000,34
eviction-rate,256,17900000,34
eviction-rate,256,17950000,34
eviction-rate,256,18000000,34
eviction-rate,256,18050000,34
eviction-rate,256,18100000,34
eviction-rate,256,18150000,34
eviction-rate,256,18200000,34
eviction-rate,256,18250000,34
eviction-rate,256,18300000,34
eviction-rate,256,18350000,34
eviction-rate,256,18400000,34
eviction-rate,256,18450000,34
eviction-rate,256,18500000,34
eviction-rate,256,18550000,34
eviction-rate,256,18600000,34
eviction-rate,256,18650000,34
eviction-rate,256,18700000,34
eviction-rate,256,18750000,34
eviction-rate,256,18800000,34
eviction-rate,256,18850000,34
eviction-rate,256,18900000,34
eviction-rate,256,18950000,34
eviction-rate,256,19000000,34
eviction-rate,256,19050000,34
eviction-rate,256,19100000,34
eviction-rate,256,19150000,34
eviction-rate,256,19200000,34
eviction-rate,256,19250000,34
eviction-rate,256,19300000,34
eviction-rate,256,19350000,34
eviction-rate,256,19400000,34
eviction-rate,256,19450000,34
eviction-rate,256,19500000,34
eviction-rate,256,19550000,34
eviction-rate,256,19600000,34
eviction-rate,256,19650000,34
eviction-rate,256,19700000,34
eviction-rate,256,19750000,34
eviction-rate,256,19800000,34
eviction-rate,256,19850000,34
eviction-rate,256,19900000,34
eviction-rate,256,19950000,34
eviction-rate,256,20000000,34
eviction-rate,256,20050000,34
eviction-rate,256,20100000,34
eviction-rate,256,20150000,34
eviction-rate,256,20200000,34
eviction-rate,256,20250000,34
eviction-rate,256,20300000,34
eviction-rate,256,20350000,34
eviction-rate,256,20400000,34
eviction-rate,256,20450000,34
eviction-rate,256,20500000,34
eviction-rate,256,20550000,34
eviction-rate,256,20600000,34
eviction-rate,256,20650000,34
eviction-rate,256,20700000,34
eviction-rate,256,20750000,34
eviction-rate,256,20800000,34
eviction-rate,256,20850000,34
eviction-rate,256,20900000,34
eviction-rate,256,20950000,34
eviction-rate,256,21000000,34
eviction-rate,256,21050000,34
eviction-rate,256,21100000,34
eviction-rate,256,21150000,34
eviction-rate,256,21200000,34
eviction-rate,256,21250000,34
eviction-rate,256,21300000,34
eviction-rate,256,21350000,34
eviction-rate,256,21400000,34
eviction-rate,256,21450000,34
eviction-rate,256,21500000,34
eviction-rate,256,21550000,34
eviction-rate,256,21600000,34
eviction-rate,256,21650000,34
eviction-rate,256,21700000,34
eviction-rate,256,21750000,34
eviction-rate,256,21800000,34
eviction-rate,256,21850000,34
eviction-rate,256,21900000,34
eviction-rate,256,21950000,34
eviction-rate,256,22000000,34
eviction-rate,256,22050000,34
eviction-rate,256,22100000,34
eviction-rate,256,22150000,34
eviction-rate,256,22200000,34
eviction-rate,256,22250000,34
eviction-rate,256,22300000,34
eviction-rate,256,22350000,34
eviction-rate,256,22400000,34
eviction-rate,256,22450000,34
eviction-rate,256,22500000,34
eviction-rate,256,22550000,34
eviction-rate,256,22600000,34
eviction-rate,256,22650000,34
eviction-rate,256,22700000,34
eviction-rate,256,22750000,34
eviction-rate,256,22800000,34
eviction-rate,256,22850000,34
eviction-rate,256,22900000,34
eviction-rate,256,22950000,34
eviction-rate,256,23000000,34
eviction-rate,256,23050000,34
eviction-rate,256,23100000,34
eviction-rate,256,23150000,34
eviction-rate,256,23200000,34
eviction-rate,256,23250000,34
eviction-rate,256,23300000,34
eviction-rate,256,23350000,34
eviction-rate,256,23400000,34
eviction-rate,256,23450000,34
eviction-rate,256,23500000,34
eviction-rate,256,23550000,34
eviction-rate,256,23600000,34
eviction-rate,256,23650000,34
eviction-rate,256,23700000,34
eviction-rate,256,23750000,34
eviction-rate,256,23800000,34
eviction-rate,256,23850000,34
eviction-rate,256,23900000,34
eviction-rate,256,23950000,34
eviction-rate,256,24000000,34
eviction-rate,256,24050000,34
eviction-rate,256,24100000,34
eviction-rate,256,24150000,34
eviction-rate,256,24200000,34
eviction-rate,256,24250000,34
eviction-rate,256,24300000,34
eviction-rate,256,24350000,34
eviction-rate,256,24400000,34
eviction-rate,256,24450000,34
eviction-rate,256,24500000,34
eviction-rate,256,24550000,34
eviction-rate,256,24600000,34
eviction-rate,256,24650000,34
eviction-rate,256,24700000,34
eviction-rate,256,24750000,34
eviction-rate,256,24800000,34
eviction-rate,256,24850000,34
eviction-rate,256,24900000,34
eviction-rate,256,24950000,34
eviction-rate,256,25000000,34
eviction-rate,256,25050000,34
eviction-rate,256,25100000,34
eviction-rate,256,25150000,34
eviction-rate,256,25200000,34
eviction-rate,256,25250000,34
eviction-rate,256,25300000,34
eviction-rate,256,25350000,34
eviction-rate,256,25400000,34
eviction-rate,256,25450000,34
eviction-rate,256,25500000,34
eviction-rate,256,25550000,34
eviction-rate,256,25600000,34
eviction-rate,256,25650000,34
eviction-rate,256,25700000,34
eviction-rate,256,25750000,34
eviction-rate,256,25800000,34
eviction-rate,256,25850000,34
eviction-rate,256,25900000,34
eviction-rate,256,25950000,34
eviction-rate,256,26000000,34
eviction-rate,256,26050000,34
eviction-rate,256,26100000,34
eviction-rate,256,26150000,34
eviction-rate,256,26200000,34
eviction-rate,256,26250000,34
eviction-rate,256,26300000,34
eviction-rate,256,26350000,34
eviction-rate,256,26400000,34
eviction-rate,256,26450000,34
eviction-rate,256,26500000,34
eviction-rate,256,26550000,34
eviction-rate,256,26600000,34
eviction-rate,256,26650000,34
eviction-rate,256,26700000,34
eviction-rate,256,26750000,34
eviction-rate,256,26800000,34
eviction-rate,256,26850000,34
eviction-rate,256,26900000,34
eviction-rate,256,26950000,34
eviction-rate,256,27000000,34
eviction-rate,256,27050000,34
eviction-rate,256,27100000,34
eviction-rate,256,27150000,34
eviction-rate,256,27200000,34
eviction-rate,256,27250000,34
eviction-rate,256,27300000,34
eviction-rate,256,27350000,34
eviction-rate,256,27400000,34
eviction-rate,256,27450000,34
eviction-rate,256,27500000,34
eviction-rate,256,27550000,34
eviction-rate,256,27600000,34
eviction-rate,256,27650000,34
eviction-rate,256,27700000,34
eviction-rate,256,27750000,34
eviction-rate,256,27800000,34
eviction-rate,256,27850000,34
eviction-rate,256,27900000,34
eviction-rate,256,27950000,34
eviction-rate,256,28000000,34
eviction-rate,256,28050000,34
eviction-rate,256,28100000,34
eviction-rate,256,28150000,34
eviction-rate,256,28200000,34
eviction-rate,256,28250000,34
eviction-rate,256,28300000,34
eviction-rate,256,28350000,34
eviction-rate,256,28400000,34
eviction-rate,256,28450000,34
eviction-rate,256,28500000,34
eviction-rate,256,28550000,34
eviction-rate,256,28600000,34
eviction-rate,256,28650000,34
eviction-rate,256,28700000,34
eviction-rate,256,28750000,34
eviction-rate,256,28800000,34
eviction-rate,256,28850000,34
eviction-rate,256,28900000,34
eviction-rate,256,28950000,34
eviction-rate,256,29000000,34
eviction-rate,256,29050000,34
eviction-rate,256,29100000,34
eviction-rate,256,29150000,34
eviction-rate,256,29200000,34
eviction-rate,256,29250000,34
eviction-rate,256,29300000,34
eviction-rate,256,29350000,34
eviction-rate,256,29400000,34
eviction-rate,256,29450000,34
eviction-rate,256,29500000,34
eviction-rate,256,29550000,34
eviction-rate,256,29600000,34
eviction-rate,256,29650000,34
eviction-rate,256,29700000,34
eviction-rate,256,29750000,34
eviction-rate,256,29800000,34
eviction-rate,256,29850000,34
eviction-rate,256,29900000,34
eviction-rate,256,29950000,34
eviction-rate,256,30000000,34
eviction-rate,256,30050000,34
eviction-rate,256,30100000,34
eviction-rate,256,30150000,34
eviction-rate,256,30200000,34
eviction-rate,256,30250000,34
eviction-rate,256,30300000,34
eviction-rate,256,30350000,34
eviction-rate,256,30400000,34
eviction-rate,256,30450000,34
eviction-rate,256,30500000,34
eviction-rate,256,30550000,34
eviction-rate,256,30600000,34
eviction-rate,256,30650000,34
eviction-rate,256,30700000,34
eviction-rate,256,30750000,34
eviction-rate,256,30800000,34
eviction-rate,256,30850000,34
eviction-rate,256,30900000,34
eviction-rate,256,30950000,34
eviction-rate,256,31000000,34
eviction-rate,256,31050000,34
eviction-rate,256,31100000,34
eviction-rate,256,31150000,34
eviction-rate,256,31200000,34
eviction-rate,256,31250000,34
eviction-rate,256,31300000,34
eviction-rate,256,31350000,34
eviction-rate,256,31400000,34
eviction-rate,256,31450000,34
eviction-rate,256,31500000,34
eviction-rate,256,31550000,34
eviction-rate,256,31600000,34
eviction-rate,256,31650000,34
eviction-rate,256,31700000,34
eviction-rate,256,31750000,34
eviction-rate,256,31800000,34
eviction-rate,256,31850000,34
eviction-rate,256,31900000,34
eviction-rate,256,31950000,34
eviction-rate,256,32000000,34
eviction-rate,256,32050000,34
eviction-rate,256,32100000,34
eviction-rate,256,32150000,34
eviction-rate,256,32200000,34
eviction-rate,256,32250000,34
eviction-rate,256,32300000,34
eviction-rate,256,32350000,34
eviction-rate,256,32400000,34
eviction-rate,256,32450000,34
eviction-rate,256,32500000,34
eviction-rate,256,32550000,34
eviction-rate,256,32600000,34
eviction-rate,256,32650000,34
eviction-rate,256,32700000,34
eviction-rate,256,32750000,34
eviction-rate,256,32800000,34
eviction-rate,256,32850000,34
eviction-rate,256,32900000,34
eviction-rate,256,32950000,34
eviction-rate,256,33000000,34
eviction-rate,256,33050000,34
eviction-rate,256,33100000,34
eviction-rate,256,33150000,34
eviction-rate,256,33200000,34
eviction-rate,256,33250000,34
eviction-rate,256,33300000,34
eviction-rate,256,33350000,34
eviction-rate,256,33400000,34
eviction-rate,256,33450000,34
eviction-rate,256,33500000,34
eviction-rate,256,33550000,34
eviction-rate,256,33600000,34
eviction-rate,256,33650000,34
eviction-rate,256,33700000,34
eviction-rate,256,33750000,34
eviction-rate,256,33800000,34
eviction-rate,256,33850000,34
eviction-rate,256,33900000,34
eviction-rate,256,33950000,34
eviction-rate,256,34000000,34
eviction-rate,256,34050000,34
eviction-rate,256,34100000,34
eviction-rate,256,34150000,34
eviction-rate,256,34200000,34
eviction-rate,256,34250000,34
eviction-rate,256,34300000,34
eviction-rate,256,34350000,34
eviction-rate,256,34400000,34
eviction-rate,256,34450000,34
eviction-rate,256,34500000,34
eviction-rate,256,34550000,34
eviction-rate,256,34600000,34
eviction-rate,256,34650000,34
eviction-rate,256,34700000,34
eviction-rate,256,34750000,34
eviction-rate,256,34800000,34
eviction-rate,256,34850000,34
eviction-rate,256,34900000,34
eviction-rate,256,34950000,34
eviction-rate,256,35000000,34
eviction-rate,256,35050000,34
eviction-rate,256,35100000,34
eviction-rate,256,35150000,34
eviction-rate,256,35200000,34
eviction-rate,256,35250000,34
eviction-rate,256,35300000,34
eviction-rate,256,35350000,34
eviction-rate,256,35400000,34
eviction-rate,256,35450000,34
eviction-rate,256,35500000,34
eviction-rate,256,35550000,34
eviction-rate,256,35600000,34
eviction-rate,256,35650000,34
eviction-rate,256,35700000,34
eviction-rate,256,35750000,34
eviction-rate,256,35800000,34
eviction-rate,256,35850000,34
eviction-rate,256,35900000,34
eviction-rate,256,35950000,34
eviction-rate,256,36000000,34
eviction-rate,256,36050000,34
eviction-rate,256,36100000,34
eviction-rate,256,36150000,34
eviction-rate,256,36200000,34
eviction-rate,256,36250000,34
eviction-rate,256,36300000,34
eviction-rate,256,36350000,34
eviction-rate,256,36400000,34
eviction-rate,256,36450000,34
eviction-rate,256,36500000,34
eviction-rate,256,36550000,34
eviction-rate,256,36600000,34
eviction-rate,256,36650000,34
eviction-rate,256,36700000,34
eviction-rate,256,36750000,34
eviction-rate,256,36800000,34
eviction-rate,256,36850000,34
eviction-rate,256,36900000,34
eviction-rate,256,36950000,34
eviction-rate,256,37000000,34
eviction-rate,256,37050000,34
eviction-rate,256,37100000,34
eviction-rate,256,37150000,34
eviction-rate,256,37200000,34
eviction-rate,256,37250000,34
eviction-rate,256,37300000,34
eviction-rate,256,37350000,34
eviction-rate,256,37400000,34
eviction-rate,256,37450000,34
eviction-rate,256,37500000,34
eviction-rate,256,37550000,34
eviction-rate,256,37600000,34
eviction-rate,256,37650000,34
eviction-rate,256,37700000,34
eviction-rate,256,37750000,34
eviction-rate,256,37800000,34
eviction-rate,256,37850000,34
eviction-rate,256,37900000,34
eviction-rate,256,37950000,34
eviction-rate,256,38000000,34
eviction-rate,256,38050000,34
eviction-rate,256,38100000,34
eviction-rate,256,38150000,34
eviction-rate,256,38200000,34
eviction-rate,256,38250000,34
eviction-rate,256,38300000,34
eviction-rate,256,38350000,34
eviction-rate,256,38400000,34
eviction-rate,256,38450000,34
eviction-rate,256,38500000,34
eviction-rate,256,38550000,34
eviction-rate,256,38600000,34
eviction-rate,256,38650000,34
eviction-rate,256,38700000,34
eviction-rate,256,38750000,34
eviction-rate,256,38800000,34
eviction-rate,256,38850000,34
eviction-rate,256,38900000,34
eviction-rate,256,38950000,34
eviction-rate,256,39000000,34
eviction-rate,256,39050000,34
eviction-rate,256,39100000,34
eviction-rate,256,39150000,34
eviction-rate,256,39200000,34
eviction-rate,256,39250000,34
eviction-rate,256,39300000,34
eviction-rate,256,39350000,34
eviction-rate,256,39400000,34
eviction-rate,256,39450000,34
eviction-rate,256,39500000,34
eviction-rate,256,39550000,34
eviction-rate,256,39600000,34
eviction-rate,256,39650000,34
eviction-rate,256,39700000,34
eviction-rate,256,39750000,34
eviction-rate,256,39800000,34
eviction-rate,256,39850000,34
eviction-rate,256,39900000,34
eviction-rate,256,39950000,34
eviction-rate,256,40000000,34
eviction-rate,256,40050000,34
eviction-rate,256,40100000,34
eviction-rate,256,40150000,34
eviction-rate,256,40200000,34
eviction-rate,256,40250000,34
eviction-rate,256,40300000,34
eviction-rate,256,40350000,34
eviction-rate,256,40400000,34
eviction-rate,256,40450000,34
eviction-rate,256,40500000,34
eviction-rate,256,40550000,34
eviction-rate,256,40600000,34
eviction-rate,256,40650000,34
eviction-rate,256,40700000,34
eviction-rate,256,40750000,34
eviction-rate,256,40800000,34
eviction-rate,256,40850000,34
eviction-rate,256,40900000,34
eviction-rate,256,40950000,34
eviction-rate,256,41000000,34
eviction-rate,256,41050000,34
eviction-rate,256,41100000,34
eviction-rate,256,41150000,34
eviction-rate,256,41200000,34
eviction-rate,256,41250000,34
eviction-rate,256,41300000,34
eviction-rate,256,41350000,34
eviction-rate,256,41400000,34
eviction-rate,256,41450000,34
eviction-rate,256,41500000,34
eviction-rate,256,41550000,34
eviction-rate,256,41600000,34
eviction-rate,256,41650000,34
eviction-rate,256,41700000,34
eviction-rate,256,41750000,34
eviction-rate,256,41800000,34
eviction-rate,256,41850000,34
eviction-rate,256,41900000,34
eviction-rate,256,41950000,34
eviction-rate,256,42000000,34
eviction-rate,256,42050000,34
eviction-rate,256,42100000,34
eviction-rate,256,42150000,34
eviction-rate,256,42200000,34
eviction-rate,256,42250000,34
eviction-rate,256,42300000,34
eviction-rate,256,42350000,34
eviction-rate,256,42400000,34
eviction-rate,256,42450000,34
eviction-rate,256,42500000,34
eviction-rate,256,42550000,34
eviction-rate,256,42600000,34
eviction-rate,256,42650000,34
eviction-rate,256,42700000,34
eviction-rate,256,42750000,34
eviction-rate,256,42800000,34
eviction-rate,256,42850000,34
eviction-rate,256,42900000,34
eviction-rate,256,42950000,34
eviction-rate,256,43000000,34
eviction-rate,256,43050000,34
eviction-rate,256,43100000,34
eviction-rate,256,43150000,34
eviction-rate,256,43200000,34
eviction-rate,256,43250000,34
eviction-rate,256,43300000,34
eviction-rate,256,43350000,34
eviction-rate,256,43400000,34
eviction-rate,256,43450000,34
eviction-rate,256,43500000,34
eviction-rate,256,43550000,34
eviction-rate,256,43600000,34
eviction-rate,256,43650000,34
eviction-rate,256,43700000,34
eviction-rate,256,43750000,34
eviction-rate,256,43800000,34
eviction-rate,256,43850000,34
eviction-rate,256,43900000,34
eviction-rate,256,43950000,34
eviction-rate,256,44000000,34
eviction-rate,256,44050000,34
eviction-rate,256,44100000,34
eviction-rate,256,44150000,34
eviction-rate,256,44200000,34
eviction-rate,256,44250000,34
eviction-rate,256,44300000,34
eviction-rate,256,44350000,34
eviction-rate,256,44400000,34
eviction-rate,256,44450000,34
eviction-rate,256,44500000,34
eviction-rate,256,44550000,34
eviction-rate,256,44600000,34
eviction-rate,256,44650000,34
eviction-rate,256,44700000,34
eviction-rate,256,44750000,34
eviction-rate,256,44800000,34
eviction-rate,256,44850000,34
eviction-rate,256,44900000,34
eviction-rate,256,44950000,34
eviction-rate,256,45000000,34
eviction-rate,256,45050000,34
eviction-rate,256,45100000,34
eviction-rate,256,45150000,34
eviction-rate,256,45200000,34
eviction-rate,256,45250000,34
eviction-rate,256,45300000,34
eviction-rate,256,45350000,34
eviction-rate,256,45400000,34
eviction-rate,256,45450000,34
eviction-rate,256,45500000,34
eviction-rate,256,45550000,34
eviction-rate,256,45600000,34
eviction-rate,256,45650000,34
eviction-rate,256,45700000,34
eviction-rate,256,45750000,34
eviction-rate,256,45800000,34
eviction-rate,256,45850000,34
eviction-rate,256,45900000,34
eviction-rate,256,45950000,34
eviction-rate,256,46000000,34
eviction-rate,256,46050000,34
eviction-rate,256,46100000,34
eviction-rate,256,46150000,34
eviction-rate,256,46200000,34
eviction-rate,256,46250000,34
eviction-rate,256,46300000,34
eviction-rate,256,46350000,34
eviction-rate,256,46400000,34
eviction-rate,256,46450000,34
eviction-rate,256,46500000,34
eviction-rate,256,46550000,34
eviction-rate,256,46600000,34
eviction-rate,256,46650000,34
eviction-rate,256,46700000,34
eviction-rate,256,46750000,34
eviction-rate,256,46800000,34
eviction-rate,256,46850000,34
eviction-rate,256,46900000,34
eviction-rate,256,46950000,34
eviction-rate,256,47000000,34
eviction-rate,256,47050000,34
eviction-rate,256,47100000,34
eviction-rate,256,47150000,34
eviction-rate,256,47200000,34
eviction-rate,256,47250000,34
eviction-rate,256,47300000,34
eviction-rate,256,47350000,34
eviction-rate,256,47400000,34
eviction-rate,256,47450000,34
eviction-rate,256,47500000,34
eviction-rate,256,47550000,34
eviction-rate,256,47600000,34
eviction-rate,256,47650000,34
eviction-rate,256,47700000,34
eviction-rate,256,47750000,34
eviction-rate,256,47800000,34
eviction-rate,256,47850000,34
eviction-rate,256,47900000,34
eviction-rate,256,47950000,34
eviction-rate,256,48000000,34
eviction-rate,256,48050000,34
eviction-rate,256,48100000,34
eviction-rate,256,48150000,34
eviction-rate,256,48200000,34
eviction-rate,256,48250000,34
eviction-rate,256,48300000,34
eviction-rate,256,48350000,34
eviction-rate,256,48400000,34
eviction-rate,256,48450000,34
eviction-rate,256,48500000,34
eviction-rate,256,48550000,34
eviction-rate,256,48600000,34
eviction-rate,256,48650000,34
eviction-rate,256,48700000,34
eviction-rate,256,48750000,34
eviction-rate,256,48800000,34
eviction-rate,256,48850000,34
eviction-rate,256,48900000,34
eviction-rate,256,48950000,34
eviction-rate,256,49000000,34
eviction-rate,256,49050000,34
eviction-rate,256,49100000,34
eviction-rate,256,49150000,34
eviction-rate,256,49200000,34
eviction-rate,256,49250000,34
eviction-rate,256,49300000,34
eviction-rate,256,49350000,34
eviction-rate,256,49400000,34
eviction-rate,256,49450000,34
eviction-rate,256,49500000,34
eviction-rate,256,49550000,34
eviction-rate,256,49600000,34
eviction-rate,256,49650000,34
eviction-rate,256,49700000,34
eviction-rate,256,49750000,34
eviction-rate,256,49800000,34
eviction-rate,256,49850000,34
eviction-rate,256,49900000,34
eviction-rate,256,49950000,34
eviction-rate,256,50000000,34
eviction-rate,256,50050000,34
eviction-rate,256,50100000,34
eviction-rate,256,50150000,34
eviction-rate,256,50200000,34
eviction-rate,256,50250000,34
eviction-rate,256,50300000,34
eviction-rate,256,50350000,34
eviction-rate,256,50400000,34
eviction-rate,256,50450000,34
eviction-rate,256,50500000,34
eviction-rate,256,50550000,34
eviction-rate,256,50600000,34
eviction-rate,256,50650000,34
eviction-rate,256,50700000,34
eviction-rate,256,50750000,34
eviction-rate,256,50800000,34
eviction-rate,256,50850000,34
eviction-rate,256,50900000,34
eviction-rate,256,50950000,34
eviction-rate,256,51000000,34
eviction-rate,256,51050000,34
eviction-rate,256,51100000,34
eviction-rate,256,51150000,34
eviction-rate,256,51200000,34
eviction-rate,256,51250000,34
eviction-rate,256,51300000,34
eviction-rate,256,51350000,34
eviction-rate,256,51400000,34
eviction-rate,256,51450000,34
eviction-rate,256,51500000,34
eviction-rate,256,51550000,34
eviction-rate,256,51600000,34
eviction-rate,256,51650000,34
eviction-rate,256,51700000,34
eviction-rate,256,51750000,34
eviction-rate,256,51800000,34
eviction-rate,256,51850000,34
eviction-rate,256,51900000,34
eviction-rate,256,51950000,34
eviction-rate,256,52000000,34
eviction-rate,256,52050000,34
eviction-rate,256,52100000,34
eviction-rate,256,52150000,34
eviction-rate,256,52200000,34
eviction-rate,256,52250000,34
eviction-rate,256,52300000,34
eviction-rate,256,52350000,34
eviction-rate,256,52400000,34
eviction-rate,256,52450000,34
eviction-rate,256,52500000,34
eviction-rate,256,52550000,34
eviction-rate,256,52600000,34
eviction-rate,256,52650000,34
eviction-rate,256,52700000,34
eviction-rate,256,52750000,34
eviction-rate,256,52800000,34
eviction-rate,256,52850000,34
eviction-rate,256,52900000,34
eviction-rate,256,52950000,34
eviction-rate,256,53000000,34
eviction-rate,256,53050000,34
eviction-rate,256,53100000,34
eviction-rate,256,53150000,34
eviction-rate,256,53200000,34
eviction-rate,256,53250000,34
eviction-rate,256,53300000,34
eviction-rate,256,53350000,34
eviction-rate,256,53400000,34
eviction-rate,256,53450000,34
eviction-rate,256,53500000,34
eviction-rate,256,53550000,34
eviction-rate,256,53600000,34
eviction-rate,256,53650000,34
eviction-rate,256,53700000,34
eviction-rate,256,53750000,34
eviction-rate,256,53800000,34
eviction-rate,256,53850000,34
eviction-rate,256,53900000,34
eviction-rate,256,53950000,34
eviction-rate,256,54000000,34
eviction-rate,256,54050000,34
eviction-rate,256,54100000,34
eviction-rate,256,54150000,34
eviction-rate,256,54200000,34
eviction-rate,256,54250000,34
eviction-rate,256,54300000,34
eviction-rate,256,54350000,34
eviction-rate,256,54400000,34
eviction-rate,256,54450000,34
eviction-rate,256,54500000,34
eviction-rate,256,54550000,34
eviction-rate,256,54600000,34
eviction-rate,256,54650000,34
eviction-rate,256,54700000,34
eviction-rate,256,54750000,34
eviction-rate,256,54800000,34
eviction-rate,256,54850000,34
eviction-rate,256,54900000,34
eviction-rate,256,54950000,34
eviction-rate,256,55000000,34
eviction-rate,256,55050000,34
eviction-rate,256,55100000,34
eviction-rate,256,55150000,34
eviction-rate,256,55200000,34
eviction-rate,256,55250000,34
eviction-rate,256,55300000,34
eviction-rate,256,55350000,34
eviction-rate,256,55400000,34
eviction-rate,256,55450000,34
eviction-rate,256,55500000,34
eviction-rate,256,55550000,34
eviction-rate,256,55600000,34
eviction-rate,256,55650000,34
eviction-rate,256,55700000,34
eviction-rate,256,55750000,34
eviction-rate,256,55800000,34
eviction-rate,256,55850000,34
eviction-rate,256,55900000,34
eviction-rate,256,55950000,34
eviction-rate,256,56000000,34
eviction-rate,256,56050000,34
eviction-rate,256,56100000,34
eviction-rate,256,56150000,34
eviction-rate,256,56200000,34
eviction-rate,256,56250000,34
eviction-rate,256,56300000,34
eviction-rate,256,56350000,34
eviction-rate,256,56400000,34
eviction-rate,256,56450000,34
eviction-rate,256,56500000,34
eviction-rate,256,56550000,34
eviction-rate,256,56600000,34
eviction-rate,256,56650000,34
eviction-rate,256,56700000,34
eviction-rate,256,56750000,34
eviction-rate,256,56800000,34
eviction-rate,256,56850000,34
eviction-rate,256,56900000,34
eviction-rate,256,56950000,34
eviction-rate,256,57000000,34
eviction-rate,256,57050000,34
eviction-rate,256,57100000,34
eviction-rate,256,57150000,34
eviction-rate,256,57200000,34
eviction-rate,256,57250000,34
eviction-rate,256,57300000,34
eviction-rate,256,57350000,34
eviction-rate,256,57400000,34
eviction-rate,256,57450000,34
eviction-rate,256,57500000,34
eviction-rate,256,57550000,34
eviction-rate,256,57600000,34
eviction-rate,256,57650000,34
eviction-rate,256,57700000,34
eviction-rate,256,57750000,34
eviction-rate,256,57800000,34
eviction-rate,256,57850000,34
eviction-rate,256,57900000,34
eviction-rate,256,57950000,34
eviction-rate,256,58000000,34
eviction-rate,256,58050000,34
eviction-rate,256,58100000,34
eviction-rate,256,58150000,34
eviction-rate,256,58200000,34
eviction-rate,256,58250000,34
eviction-rate,256,58300000,34
eviction-rate,256,58350000,34
eviction-rate,256,58400000,34
eviction-rate,256,58450000,34
eviction-rate,256,58500000,34
eviction-rate,256,58550000,34
eviction-rate,256,58600000,34
eviction-rate,256,58650000,34
eviction-rate,256,58700000,34
eviction-rate,256,58750000,34
eviction-rate,256,58800000,34
eviction-rate,256,58850000,34
eviction-rate,256,58900000,34
eviction-rate,256,58950000,34
eviction-rate,256,59000000,34
eviction-rate,256,59050000,34
eviction-rate,256,59100000,34
eviction-rate,256,59150000,34
eviction-rate,256,59200000,34
eviction-rate,256,59250000,34
eviction-rate,256,59300000,34
eviction-rate,256,59350000,34
eviction-rate,256,59400000,34
eviction-rate,256,59450000,34
eviction-rate,256,59500000,34
eviction-rate,256,59550000,34
eviction-rate,256,59600000,34
eviction-rate,256,59650000,34
eviction-rate,256,59700000,34
eviction-rate,256,59750000,34
eviction-rate,256,59800000,34
eviction-rate,256,59850000,34
eviction-rate,256,59900000,34
eviction-rate,256,59950000,34
eviction-rate,256,60000000,34
eviction-rate,256,60050000,34
eviction-rate,256,60100000,34
eviction-rate,256,60150000,34
eviction-rate,256,60200000,34
eviction-rate,256,60250000,34
eviction-rate,256,60300000,34
eviction-rate,256,60350000,34
eviction-rate,256,60400000,34
eviction-rate,256,60450000,34
eviction-rate,256,60500000,34
eviction-rate,256,60550000,34
eviction-rate,256,60600000,34
eviction-rate,256,60650000,34
eviction-rate,256,60700000,34
eviction-rate,256,60750000,34
eviction-rate,256,60800000,34
eviction-rate,256,60850000,34
eviction-rate,256,60900000,34
eviction-rate,256,60950000,34
eviction-rate,256,61000000,34
eviction-rate,256,61050000,34
eviction-rate,256,61100000,34
eviction-rate,256,61150000,34
eviction-rate,256,61200000,34
eviction-rate,256,61250000,34
eviction-rate,256,61300000,34
eviction-rate,256,61350000,34
eviction-rate,256,61400000,34
eviction-rate,256,61450000,34
eviction-rate,256,61500000,34
eviction-rate,256,61550000,34
eviction-rate,256,61600000,34
eviction-rate,256,61650000,34
eviction-rate,256,61700000,34
eviction-rate,256,61750000,34
eviction-rate,256,61800000,34
eviction-rate,256,61850000,34
eviction-rate,256,61900000,34
eviction-rate,256,61950000,34
eviction-rate,256,62000000,34
eviction-rate,256,62050000,34
eviction-rate,256,62100000,34
eviction-rate,256,62150000,34
eviction-rate,256,62200000,34
eviction-rate,256,62250000,34
eviction-rate,256,62300000,34
eviction-rate,256,62350000,34
eviction-rate,256,62400000,34
eviction-rate,256,62450000,34
eviction-rate,256,62500000,34
eviction-rate,256,62550000,34
eviction-rate,256,62600000,34
eviction-rate,256,62650000,34
eviction-rate,256,62700000,34
eviction-rate,256,62750000,34
eviction-rate,256,62800000,34
eviction-rate,256,62850000,34
eviction-rate,256,62900000,34
eviction-rate,256,62950000,34
eviction-rate,256,63000000,34
eviction-rate,256,63050000,34
eviction-rate,256,63100000,34
eviction-rate,256,63150000,34
eviction-rate,256,63200000,34
eviction-rate,256,63250000,34
eviction-rate,256,63300000,34
eviction-rate,256,63350000,34
eviction-rate,256,63400000,34
eviction-rate,256,63450000,34
eviction-rate,256,63500000,34
eviction-rate,256,63550000,34
eviction-rate,256,63600000,34
eviction-rate,256,63650000,34
eviction-rate,256,63700000,34
eviction-rate,256,63750000,34
eviction-rate,256,63800000,34
eviction-rate,256,63850000,34
eviction-rate,256,63900000,34
eviction-rate,256,63950000,34
eviction-rate,256,64000000,34
eviction-rate,256,64050000,34
eviction-rate,256,64100000,34
eviction-rate,256,64150000,34
eviction-rate,256,64200000,34
eviction-rate,256,64250000,34
eviction-rate,256,64300000,34
eviction-rate,256,64350000,34
eviction-rate,256,64400000,34
eviction-rate,256,64450000,34
eviction-rate,256,64500000,34
eviction-rate,256,64550000,34
eviction-rate,256,64600000,34
eviction-rate,256,64650000,34
eviction-rate,256,64700000,34
eviction-rate,256,64750000,34
eviction-rate,256,64800000,34
eviction-rate,256,64850000,34
eviction-rate,256,64900000,34
eviction-rate,256,64950000,34
eviction-rate,256,65000000,34
eviction-rate,256,65050000,34
eviction-rate,256,65100000,34
eviction-rate,256,65150000,34
eviction-rate,256,65200000,34
eviction-rate,256,65250000,34
eviction-rate,256,65300000,34
eviction-rate,256,65350000,34
eviction-rate,256,65400000,34
eviction-rate,256,65450000,34
eviction-rate,256,65500000,34
eviction-rate,256,65550000,34
eviction-rate,256,65600000,34
eviction-rate,256,65650000,34
eviction-rate,256,65700000,34
eviction-rate,256,65750000,34
eviction-rate,256,65800000,34
eviction-rate,256,65850000,34
eviction-rate,256,65900000,34
eviction-rate,256,65950000,34
eviction-rate,256,66000000,34
eviction-rate,256,66050000,34
eviction-rate,256,66100000,34
eviction-rate,256,66150000,34
eviction-rate,256,66200000,34
eviction-rate,256,66250000,34
eviction-rate,256,66300000,34
eviction-rate,256,66350000,34
eviction-rate,256,66400000,34
eviction-rate,256,66450000,34
eviction-rate,256,66500000,34
eviction-rate,256,66550000,34
eviction-rate,256,66600000,34
eviction-rate,256,66650000,34
eviction-rate,256,66700000,34
eviction-rate,256,66750000,34
eviction-rate,256,66800000,34
eviction-rate,256,66850000,34
eviction-rate,256,66900000,34
eviction-rate,256,66950000,34
eviction-rate,256,67000000,34
eviction-rate,256,67050000,34
eviction-rate,256,67100000,34
eviction-rate,256,67150000,34
eviction-rate,256,67200000,34
eviction-rate,256,67250000,34
eviction-rate,256,67300000,34
eviction-rate,256,67350000,34
eviction-rate,256,67400000,34
eviction-rate,256,67450000,34
eviction-rate,256,67500000,34
eviction-rate,256,67550000,34
eviction-rate,256,67600000,34
eviction-rate,256,67650000,34
eviction-rate,256,67700000,34
eviction-rate,256,67750000,34
eviction-rate,256,67800000,34
eviction-rate,256,67850000,34
eviction-rate,256,67900000,34
eviction-rate,256,67950000,34
eviction-rate,256,68000000,34
eviction-rate,256,68050000,34
eviction-rate,256,68100000,34
eviction-rate,256,68150000,34
eviction-rate,256,68200000,34
eviction-rate,256,68250000,34
eviction-rate,256,68300000,34
eviction-rate,256,68350000,34
eviction-rate,256,68400000,34
eviction-rate,256,68450000,34
eviction-rate,256,68500000,34
eviction-rate,256,68550000,34
eviction-rate,256,68600000,34
eviction-rate,256,68650000,34
eviction-rate,256,68700000,34
eviction-rate,256,68750000,34
eviction-rate,256,68800000,34
eviction-rate,256,68850000,34
eviction-rate,256,68900000,34
eviction-rate,256,68950000,34
eviction-rate,256,69000000,34
eviction-rate,256,69050000,34
eviction-rate,256,69100000,34
eviction-rate,256,69150000,34
eviction-rate,256,69200000,34
eviction-rate,256,69250000,34
eviction-rate,256,69300000,34
eviction-rate,256,69350000,34
eviction-rate,256,69400000,34
eviction-rate,256,69450000,34
eviction-rate,256,69500000,34
eviction-rate,256,69550000,34
eviction-rate,256,69600000,34
eviction-rate,256,69650000,34
eviction-rate,256,69700000,34
eviction-rate,256,69750000,34
eviction-rate,256,69800000,34
eviction-rate,256,69850000,34
eviction-rate,256,69900000,34
eviction-rate,256,69950000,34
eviction-rate,256,70000000,34
eviction-rate,256,70050000,34
eviction-rate,256,70100000,34
eviction-rate,256,70150000,34
eviction-rate,256,70200000,34
eviction-rate,256,70250000,34
eviction-rate,256,70300000,34
eviction-rate,256,70350000,34
eviction-rate,256,70400000,34
eviction-rate,256,70450000,34
eviction-rate,256,70500000,34
eviction-rate,256,70550000,34
eviction-rate,256,70600000,34
eviction-rate,256,70650000,34
eviction-rate,256,70700000,34
eviction-rate,256,70750000,34
eviction-rate,256,70800000,34
eviction-rate,256,70850000,34
eviction-rate,256,70900000,34
eviction-rate,256,70950000,34
eviction-rate,256,71000000,34
eviction-rate,256,71050000,34
eviction-rate,256,71100000,34
eviction-rate,256,71150000,34
eviction-rate,256,71200000,34
eviction-rate,256,71250000,34
eviction-rate,256,71300000,34
eviction-rate,256,71350000,34
eviction-rate,256,71400000,34
eviction-rate,256,71450000,34
eviction-rate,256,71500000,34
eviction-rate,256,71550000,34
eviction-rate,256,71600000,34
eviction-rate,256,71650000,34
eviction-rate,256,71700000,34
eviction-rate,256,71750000,34
eviction-rate,256,71800000,34
eviction-rate,256,71850000,34
eviction-rate,256,71900000,34
eviction-rate,256,71950000,34
eviction-rate,256,72000000,34
eviction-rate,256,72050000,34
eviction-rate,256,72100000,34
eviction-rate,256,72150000,34
eviction-rate,256,72200000,34
eviction-rate,256,72250000,34
eviction-rate,256,72300000,34
eviction-rate,256,72350000,34
eviction-rate,256,72400000,34
eviction-rate,256,72450000,34
eviction-rate,256,72500000,34
eviction-rate,256,72550000,34
eviction-rate,256,72600000,34
eviction-rate,256,72650000,34
eviction-rate,256,72700000,34
eviction-rate,256,72750000,34
eviction-rate,256,72800000,34
eviction-rate,256,72850000,34
eviction-rate,256,72900000,34
eviction-rate,256,72950000,34
eviction-rate,256,73000000,34
eviction-rate,256,73050000,34
eviction-rate,256,73100000,34
eviction-rate,256,73150000,34
eviction-rate,256,73200000,34
eviction-rate,256,73250000,34
eviction-rate,256,73300000,34
eviction-rate,256,73350000,34
eviction-rate,256,73400000,34
eviction-rate,256,73450000,34
eviction-rate,256,73500000,34
eviction-rate,256,73550000,34
eviction-rate,256,73600000,34
eviction-rate,256,73650000,34
eviction-rate,256,73700000,34
eviction-rate,256,73750000,34
eviction-rate,256,73800000,34
eviction-rate,256,73850000,34
eviction-rate,256,73900000,34
eviction-rate,256,73950000,34
eviction-rate,256,74000000,34
eviction-rate,256,74050000,34
eviction-rate,256,74100000,34
eviction-rate,256,74150000,34
eviction-rate,256,74200000,34
eviction-rate,256,74250000,34
eviction-rate,256,74300000,34
eviction-rate,256,74350000,34
eviction-rate,256,74400000,34
eviction-rate,256,74450000,34
eviction-rate,256,74500000,34
eviction-rate,256,74550000,34
eviction-rate,256,74600000,34
eviction-rate,256,74650000,34
eviction-rate,256,74700000,34
eviction-rate,256,74750000,34
eviction-rate,256,74800000,34
eviction-rate,256,74850000,34
eviction-rate,256,74900000,34
eviction-rate,256,74950000,34
eviction-rate,256,75000000,34
eviction-rate,256,75050000,34
eviction-rate,256,75100000,34
eviction-rate,256,75150000,34
eviction-rate,256,75200000,34
eviction-rate,256,75250000,34
eviction-rate,256,75300000,34
eviction-rate,256,75350000,34
eviction-rate,256,75400000,34
eviction-rate,256,75450000,34
eviction-rate,256,75500000,34
eviction-rate,256,75550000,34
eviction-rate,256,75600000,34
eviction-rate,256,75650000,34
eviction-rate,256,75700000,34
eviction-rate,256,75750000,34
eviction-rate,256,75800000,34
eviction-rate,256,75850000,34
eviction-rate,256,75900000,34
eviction-rate,256,75950000,34
eviction-rate,256,76000000,34
eviction-rate,256,76050000,34
eviction-rate,256,76100000,34
eviction-rate,256,76150000,34
eviction-rate,256,76200000,34
eviction-rate,256,76250000,34
eviction-rate,256,76300000,34
eviction-rate,256,76350000,34
eviction-rate,256,76400000,34
eviction-rate,256,76450000,34
eviction-rate,256,76500000,34
eviction-rate,256,76550000,34
eviction-rate,256,76600000,34
eviction-rate,256,76650000,34
eviction-rate,256,76700000,34
eviction-rate,256,76750000,34
eviction-rate,256,76800000,34
eviction-rate,256,76850000,34
eviction-rate,256,76900000,34
eviction-rate,256,76950000,34
eviction-rate,256,77000000,34
eviction-rate,256,77050000,34
eviction-rate,256,77100000,34
eviction-rate,256,77150000,34
eviction-rate,256,77200000,34
eviction-rate,256,77250000,34
eviction-rate,256,77300000,34
eviction-rate,256,77350000,34
eviction-rate,256,77400000,34
eviction-rate,256,77450000,34
eviction-rate,256,77500000,34
eviction-rate,256,77550000,34
eviction-rate,256,77600000,34
eviction-rate,256,77650000,34
eviction-rate,256,77700000,34
eviction-rate,256,77750000,34
eviction-rate,256,77800000,34
eviction-rate,256,77850000,34
eviction-rate,256,77900000,34
eviction-rate,256,77950000,34
eviction-rate,256,78000000,34
eviction-rate,256,78050000,34
eviction-rate,256,78100000,34
eviction-rate,256,78150000,34
eviction-rate,256,78200000,34
eviction-rate,256,78250000,34
eviction-rate,256,78300000,34
eviction-rate,256,78350000,34
eviction-rate,256,78400000,34
eviction-rate,256,78450000,34
eviction-rate,256,78500000,34
eviction-rate,256,78550000,34
eviction-rate,256,78600000,34
eviction-rate,256,78650000,34
eviction-rate,256,78700000,34
eviction-rate,256,78750000,34
eviction-rate,256,78800000,34
eviction-rate,256,78850000,34
eviction-rate,256,78900000,34
eviction-rate,256,78950000,34
eviction-rate,256,79000000,34
eviction-rate,256,79050000,34
eviction-rate,256,79100000,34
eviction-rate,256,79150000,34
eviction-rate,256,79200000,34
eviction-rate,256,79250000,34
eviction-rate,256,79300000,34
eviction-rate,256,79350000,34
eviction-rate,256,79400000,34
eviction-rate,256,79450000,34
eviction-rate,256,79500000,34
eviction-rate,256,79550000,34
eviction-rate,256,79600000,34
eviction-rate,256,79650000,34
eviction-rate,256,79700000,34
eviction-rate,256,79750000,34
eviction-rate,256,79800000,34
eviction-rate,256,79850000,34
eviction-rate,256,79900000,34
eviction-rate,256,79950000,34
