0,1,request_id
0,0,0
1,1,1000
1,1,2000
1,1,3000
1,2,4000
1,2,5000
1,2,6000
2,2,7000
2,3,8000
2,3,9000
2,3,10000
2,4,11000
2,4,12000
2,4,13000
2,4,14000
2,4,15000
3,5,16000
3,5,17000
3,5,18000
3,5,19000
3,6,20000
3,6,21000
3,6,22000
3,6,23000
3,6,24000
4,7,25000
4,7,26000
4,7,27000
4,7,28000
4,7,29000
4,8,30000
4,8,31000
4,8,32000
4,8,33000
5,8,34000
5,9,35000
5,9,36000
5,9,37000
5,9,38000
5,9,39000
5,10,40000
5,10,41000
5,10,42000
5,10,43000
5,10,44000
6,11,45000
6,11,46000
6,11,47000
6,11,48000
6,11,49000
6,11,50000
6,12,51000
6,12,52000
6,12,53000
6,12,54000
7,12,55000
7,13,56000
7,13,57000
7,13,58000
7,13,59000
7,13,60000
7,13,61000
7,14,62000
7,14,63000
7,14,64000
7,14,65000
7,14,66000
8,15,67000
8,15,68000
8,15,69000
8,15,70000
8,15,71000
8,15,72000
8,16,73000
8,16,74000
8,16,75000
8,16,76000
8,16,77000
9,16,78000
9,17,79000
9,17,80000
9,17,81000
9,17,82000
9,17,83000
9,18,84000
9,18,85000
9,18,86000
9,18,87000
9,18,88000
9,18,89000
10,19,90000
10,19,91000
10,19,92000
10,19,93000
10,19,94000
10,19,95000
10,20,96000
10,20,97000
10,20,98000
10,20,99000
10,20,100000
10,20,101000
11,21,102000
11,21,103000
11,21,104000
11,21,105000
11,21,106000
11,21,107000
11,22,108000
11,22,109000
11,22,110000
11,22,111000
11,22,112000
11,22,113000
12,23,114000
12,23,115000
12,23,116000
12,23,117000
12,23,118000
12,23,119000
12,23,120000
12,24,121000
12,24,122000
12,24,123000
12,24,124000
12,24,125000
12,24,126000
13,25,127000
13,25,128000
13,25,129000
13,25,130000
13,25,131000
13,25,132000
13,25,133000
13,26,134000
13,26,135000
13,26,136000
13,26,137000
13,26,138000
13,26,139000
14,27,140000
14,27,141000
14,27,142000
14,27,143000
14,27,144000
14,27,145000
14,27,146000
14,28,147000
14,28,148000
14,28,149000
14,28,150000
14,28,151000
14,28,152000
15,28,153000
15,29,154000
15,29,155000
15,29,156000
15,29,157000
15,29,158000
15,29,159000
15,30,160000
15,30,161000
15,30,162000
15,30,163000
15,30,164000
15,30,165000
15,30,166000
16,31,167000
16,31,168000
16,31,169000
16,31,170000
16,31,171000
16,31,172000
16,31,173000
16,32,174000
16,32,175000
16,32,176000
16,32,177000
16,32,178000
16,32,179000
16,33,180000
17,33,181000
17,33,182000
17,33,183000
17,33,184000
17,33,185000
17,33,186000
17,33,187000
17,34,188000
17,34,189000
17,34,190000
17,34,191000
17,34,192000
17,34,193000
17,34,194000
18,35,195000
18,35,196000
18,35,197000
18,35,198000
18,35,199000
18,35,200000
18,35,201000
18,36,202000
18,36,203000
18,36,204000
18,36,205000
18,36,206000
18,36,207000
18,36,208000
18,37,209000
19,37,210000
19,37,211000
19,37,212000
19,37,213000
19,37,214000
19,37,215000
19,38,216000
19,38,217000
19,38,218000
19,38,219000
19,38,220000
19,38,221000
19,38,222000
19,38,223000
19,39,224000
20,39,225000
20,39,226000
20,39,227000
20,39,228000
20,39,229000
20,39,230000
20,40,231000
20,40,232000
20,40,233000
20,40,234000
20,40,235000
20,40,236000
20,40,237000
20,40,238000
20,41,239000
21,41,240000
21,41,241000
21,41,242000
21,41,243000
21,41,244000
21,41,245000
21,42,246000
21,42,247000
21,42,248000
21,42,249000
21,42,250000
21,42,251000
21,42,252000
21,42,253000
21,43,254000
22,43,255000
22,43,256000
22,43,257000
22,43,258000
22,43,259000
22,43,260000
22,43,261000
22,44,262000
22,44,263000
22,44,264000
22,44,265000
22,44,266000
22,44,267000
22,44,268000
22,44,269000
23,45,270000
23,45,271000
23,45,272000
23,45,273000
23,45,274000
23,45,275000
23,45,276000
23,46,277000
23,46,278000
23,46,279000
23,46,280000
23,46,281000
23,46,282000
23,46,283000
23,46,284000
24,47,285000
24,47,286000
24,47,287000
24,47,288000
24,47,289000
24,47,290000
24,47,291000
24,47,292000
24,48,293000
24,48,294000
24,48,295000
24,48,296000
24,48,297000
24,48,298000
24,48,299000
24,48,300000
25,49,301000
25,49,302000
25,49,303000
25,49,304000
25,49,305000
25,49,306000
25,49,307000
25,49,308000
25,50,309000
25,50,310000
25,50,311000
25,50,312000
25,50,313000
25,50,314000
25,50,315000
25,50,316000
26,51,317000
26,51,318000
26,51,319000
26,51,320000
26,51,321000
26,51,322000
26,51,323000
26,51,324000
26,52,325000
26,52,326000
26,52,327000
26,52,328000
26,52,329000
26,52,330000
26,52,331000
26,52,332000
27,53,333000
27,53,334000
27,53,335000
27,53,336000
27,53,337000
27,53,338000
27,53,339000
27,53,340000
27,54,341000
27,54,342000
27,54,343000
27,54,344000
27,54,345000
27,54,346000
27,54,347000
27,54,348000
28,55,349000
28,55,350000
28,55,351000
28,55,352000
28,55,353000
28,55,354000
28,55,355000
28,55,356000
28,56,357000
28,56,358000
28,56,359000
28,56,360000
28,56,361000
28,56,362000
28,56,363000
28,56,364000
29,56,365000
29,57,366000
29,57,367000
29,57,368000
29,57,369000
29,57,370000
29,57,371000
29,57,372000
29,57,373000
29,58,374000
29,58,375000
29,58,376000
29,58,377000
29,58,378000
29,58,379000
29,58,380000
29,58,381000
30,58,382000
30,59,383000
30,59,384000
30,59,385000
30,59,386000
30,59,387000
30,59,388000
30,59,389000
30,59,390000
30,60,391000
30,60,392000
30,60,393000
30,60,394000
30,60,395000
30,60,396000
30,60,397000
30,60,398000
30,60,399000
31,61,400000
31,61,401000
31,61,402000
31,61,403000
31,61,404000
31,61,405000
31,61,406000
31,61,407000
31,61,408000
31,62,409000
31,62,410000
31,62,411000
31,62,412000
31,62,413000
31,62,414000
31,62,415000
31,62,416000
32,62,417000
32,63,418000
32,63,419000
32,63,420000
32,63,421000
32,63,422000
32,63,423000
32,63,424000
32,63,425000
32,64,426000
32,64,427000
32,64,428000
32,64,429000
32,64,430000
32,64,431000
32,64,432000
32,64,433000
32,64,434000
33,65,435000
33,65,436000
33,65,437000
33,65,438000
33,65,439000
33,65,440000
33,65,441000
33,65,442000
33,65,443000
33,66,444000
33,66,445000
33,66,446000
33,66,447000
33,66,448000
33,66,449000
33,66,450000
33,66,451000
33,66,452000
34,67,453000
34,67,454000
34,67,455000
34,67,456000
34,67,457000
34,67,458000
34,67,459000
34,67,460000
34,67,461000
34,68,462000
34,68,463000
34,68,464000
34,68,465000
34,68,466000
34,68,467000
34,68,468000
34,68,469000
34,68,470000
35,68,471000
35,69,472000
35,69,473000
35,69,474000
35,69,475000
35,69,476000
35,69,477000
35,69,478000
35,69,479000
35,70,480000
35,70,481000
35,70,482000
35,70,483000
35,70,484000
35,70,485000
35,70,486000
35,70,487000
35,70,488000
36,71,489000
36,71,490000
36,71,491000
36,71,492000
36,71,493000
36,71,494000
36,71,495000
36,71,496000
36,71,497000
36,72,498000
36,72,499000
36,72,500000
36,72,501000
36,72,502000
36,72,503000
36,72,504000
36,72,505000
36,72,506000
37,72,507000
37,73,508000
37,73,509000
37,73,510000
37,73,511000
37,73,512000
37,73,513000
37,73,514000
37,73,515000
37,74,516000
37,74,517000
37,74,518000
37,74,519000
37,74,520000
37,74,521000
37,74,522000
37,74,523000
37,74,524000
37,74,525000
38,75,526000
38,75,527000
38,75,528000
38,75,529000
38,75,530000
38,75,531000
38,75,532000
38,75,533000
38,75,534000
38,76,535000
38,76,536000
38,76,537000
38,76,538000
38,76,539000
38,76,540000
38,76,541000
38,76,542000
38,76,543000
38,76,544000
39,77,545000
39,77,546000
39,77,547000
39,77,548000
39,77,549000
39,77,550000
39,77,551000
39,77,552000
39,77,553000
39,77,554000
39,78,555000
39,78,556000
39,78,557000
39,78,558000
39,78,559000
39,78,560000
39,78,561000
39,78,562000
39,78,563000
40,79,564000
40,79,565000
40,79,566000
40,79,567000
40,79,568000
40,79,569000
40,79,570000
40,79,571000
40,79,572000
40,80,573000
40,80,574000
40,80,575000
40,80,576000
40,80,577000
40,80,578000
40,80,579000
40,80,580000
40,80,581000
40,80,582000
41,81,583000
41,81,584000
41,81,585000
41,81,586000
41,81,587000
41,81,588000
41,81,589000
41,81,590000
41,81,591000
41,82,592000
41,82,593000
41,82,594000
41,82,595000
41,82,596000
41,82,597000
41,82,598000
41,82,599000
41,82,600000
41,82,601000
42,83,602000
42,83,603000
42,83,604000
42,83,605000
42,83,606000
42,83,607000
42,83,608000
42,83,609000
42,83,610000
42,83,611000
42,84,612000
42,84,613000
42,84,614000
42,84,615000
42,84,616000
42,84,617000
42,84,618000
42,84,619000
42,84,620000
42,84,621000
43,85,622000
43,85,623000
43,85,624000
43,85,625000
43,85,626000
43,85,627000
43,85,628000
43,85,629000
43,85,630000
43,85,631000
43,85,632000
43,85,633000
43,85,634000
43,85,635000
43,85,636000
43,85,637000
43,85,638000
43,85,639000
43,85,640000
43,85,641000
43,85,642000
43,85,643000
43,85,644000
43,85,645000
43,85,646000
43,85,647000
43,85,648000
43,85,649000
43,85,650000
43,85,651000
43,85,652000
43,85,653000
43,85,654000
43,85,655000
43,85,656000
43,85,657000
43,85,658000
43,85,659000
43,85,660000
43,85,661000
43,85,662000
43,85,663000
43,85,664000
43,85,665000
43,85,666000
43,85,667000
43,85,668000
43,85,669000
43,85,670000
43,85,671000
43,85,672000
43,85,673000
43,85,674000
43,85,675000
43,85,676000
43,85,677000
43,85,678000
43,85,679000
43,85,680000
43,85,681000
43,85,682000
43,85,683000
43,85,684000
43,85,685000
43,85,686000
43,85,687000
43,85,688000
43,85,689000
43,85,690000
43,85,691000
43,85,692000
43,85,693000
43,85,694000
43,85,695000
43,85,696000
43,85,697000
43,85,698000
43,85,699000
43,85,700000
43,85,701000
43,85,702000
43,85,703000
43,85,704000
43,85,705000
43,85,706000
43,85,707000
43,85,708000
43,85,709000
43,85,710000
43,85,711000
43,85,712000
43,85,713000
43,85,714000
43,85,715000
43,85,716000
43,85,717000
43,85,718000
43,85,719000
43,85,720000
43,85,721000
43,85,722000
43,85,723000
43,85,724000
43,85,725000
43,85,726000
43,85,727000
43,85,728000
43,85,729000
43,85,730000
43,85,731000
43,85,732000
43,85,733000
43,85,734000
43,85,735000
43,85,736000
43,85,737000
43,85,738000
43,85,739000
43,85,740000
43,85,741000
43,85,742000
43,85,743000
43,85,744000
43,85,745000
43,85,746000
43,85,747000
43,85,748000
43,85,749000
43,85,750000
43,85,751000
43,85,752000
43,85,753000
43,85,754000
43,85,755000
43,85,756000
43,85,757000
43,85,758000
43,85,759000
43,85,760000
43,85,761000
43,85,762000
43,85,763000
43,85,764000
43,85,765000
43,85,766000
43,85,767000
43,85,768000
43,85,769000
43,85,770000
43,85,771000
43,85,772000
43,85,773000
43,85,774000
43,85,775000
43,85,776000
43,85,777000
43,85,778000
43,85,779000
43,85,780000
43,85,781000
43,85,782000
43,85,783000
43,85,784000
43,85,785000
43,85,786000
43,85,787000
43,85,788000
43,85,789000
43,85,790000
43,85,791000
43,85,792000
43,85,793000
43,85,794000
43,85,795000
43,85,796000
43,85,797000
43,85,798000
43,85,799000
43,85,800000
43,85,801000
43,85,802000
43,85,803000
43,85,804000
43,85,805000
43,85,806000
43,85,807000
43,85,808000
43,85,809000
43,85,810000
43,85,811000
43,85,812000
43,85,813000
43,85,814000
43,85,815000
43,85,816000
43,85,817000
43,85,818000
43,85,819000
43,85,820000
43,85,821000
43,85,822000
43,85,823000
43,85,824000
43,85,825000
43,85,826000
43,85,827000
43,85,828000
43,85,829000
43,85,830000
43,85,831000
43,85,832000
43,85,833000
43,85,834000
43,85,835000
43,85,836000
43,85,837000
43,85,838000
43,85,839000
43,85,840000
43,85,841000
43,85,842000
43,85,843000
43,85,844000
43,85,845000
43,85,846000
43,85,847000
43,85,848000
43,85,849000
43,85,850000
43,85,851000
43,85,852000
43,85,853000
43,85,854000
43,85,855000
43,85,856000
43,85,857000
43,85,858000
43,85,859000
43,85,860000
43,85,861000
43,85,862000
43,85,863000
43,85,864000
43,85,865000
43,85,866000
43,85,867000
43,85,868000
43,85,869000
43,85,870000
43,85,871000
43,85,872000
43,85,873000
43,85,874000
43,85,875000
43,85,876000
43,85,877000
43,85,878000
43,85,879000
43,85,880000
43,85,881000
43,85,882000
43,85,883000
43,85,884000
43,85,885000
43,85,886000
43,85,887000
43,85,888000
43,85,889000
43,85,890000
43,85,891000
43,85,892000
43,85,893000
43,85,894000
43,85,895000
43,85,896000
43,85,897000
43,85,898000
43,85,899000
43,85,900000
43,85,901000
43,85,902000
43,85,903000
43,85,904000
43,85,905000
43,85,906000
43,85,907000
43,85,908000
43,85,909000
43,85,910000
43,85,911000
43,85,912000
43,85,913000
43,85,914000
43,85,915000
43,85,916000
43,85,917000
43,85,918000
43,85,919000
43,85,920000
43,85,921000
43,85,922000
43,85,923000
43,85,924000
43,85,925000
43,85,926000
43,85,927000
43,85,928000
43,85,929000
43,85,930000
43,85,931000
43,85,932000
43,85,933000
43,85,934000
43,85,935000
43,85,936000
43,85,937000
43,85,938000
43,85,939000
43,85,940000
43,85,941000
43,85,942000
43,85,943000
43,85,944000
43,85,945000
43,85,946000
43,85,947000
43,85,948000
43,85,949000
43,85,950000
43,85,951000
43,85,952000
43,85,953000
43,85,954000
43,85,955000
43,85,956000
43,85,957000
43,85,958000
43,85,959000
43,85,960000
43,85,961000
43,85,962000
43,85,963000
43,85,964000
43,85,965000
43,85,966000
43,85,967000
43,85,968000
43,85,969000
43,85,970000
43,85,971000
43,85,972000
43,85,973000
43,85,974000
43,85,975000
43,85,976000
43,85,977000
43,85,978000
43,85,979000
43,85,980000
43,85,981000
43,85,982000
43,85,983000
43,85,984000
43,85,985000
43,85,986000
43,85,987000
43,85,988000
43,85,989000
43,85,990000
43,85,991000
43,85,992000
43,85,993000
43,85,994000
43,85,995000
43,85,996000
43,85,997000
43,85,998000
43,85,999000
43,85,1000000
43,85,1001000
43,85,1002000
43,85,1003000
43,85,1004000
43,85,1005000
43,85,1006000
43,85,1007000
43,85,1008000
43,85,1009000
43,85,1010000
43,85,1011000
43,85,1012000
43,85,1013000
43,85,1014000
43,85,1015000
43,85,1016000
43,85,1017000
43,85,1018000
43,85,1019000
43,85,1020000
43,85,1021000
43,85,1022000
43,85,1023000
43,85,1024000
43,85,1025000
43,85,1026000
43,85,1027000
43,85,1028000
43,85,1029000
43,85,1030000
43,85,1031000
43,85,1032000
43,85,1033000
43,85,1034000
43,85,1035000
43,85,1036000
43,85,1037000
43,85,1038000
43,85,1039000
43,85,1040000
43,85,1041000
43,85,1042000
43,85,1043000
43,85,1044000
43,85,1045000
43,85,1046000
43,85,1047000
43,85,1048000
43,85,1049000
43,85,1050000
43,85,1051000
43,85,1052000
43,85,1053000
43,85,1054000
43,85,1055000
43,85,1056000
43,85,1057000
43,85,1058000
43,85,1059000
43,85,1060000
43,85,1061000
43,85,1062000
43,85,1063000
43,85,1064000
43,85,1065000
43,85,1066000
43,85,1067000
43,85,1068000
43,85,1069000
43,85,1070000
43,85,1071000
43,85,1072000
43,85,1073000
43,85,1074000
43,85,1075000
43,85,1076000
43,85,1077000
43,85,1078000
43,85,1079000
43,85,1080000
43,85,1081000
43,85,1082000
43,85,1083000
43,85,1084000
43,85,1085000
43,85,1086000
43,85,1087000
43,85,1088000
43,85,1089000
43,85,1090000
43,85,1091000
43,85,1092000
43,85,1093000
43,85,1094000
43,85,1095000
43,85,1096000
43,85,1097000
43,85,1098000
43,85,1099000
43,85,1100000
43,85,1101000
43,85,1102000
43,85,1103000
43,85,1104000
43,85,1105000
43,85,1106000
43,85,1107000
43,85,1108000
43,85,1109000
43,85,1110000
43,85,1111000
43,85,1112000
43,85,1113000
43,85,1114000
43,85,1115000
43,85,1116000
43,85,1117000
43,85,1118000
43,85,1119000
43,85,1120000
43,85,1121000
43,85,1122000
43,85,1123000
43,85,1124000
43,85,1125000
43,85,1126000
43,85,1127000
43,85,1128000
43,85,1129000
43,85,1130000
43,85,1131000
43,85,1132000
43,85,1133000
43,85,1134000
43,85,1135000
43,85,1136000
43,85,1137000
43,85,1138000
43,85,1139000
43,85,1140000
43,85,1141000
43,85,1142000
43,85,1143000
43,85,1144000
43,85,1145000
43,85,1146000
43,85,1147000
43,85,1148000
43,85,1149000
43,85,1150000
43,85,1151000
43,85,1152000
43,85,1153000
43,85,1154000
43,85,1155000
43,85,1156000
43,85,1157000
43,85,1158000
43,85,1159000
43,85,1160000
43,85,1161000
43,85,1162000
43,85,1163000
43,85,1164000
43,85,1165000
43,85,1166000
43,85,1167000
43,85,1168000
43,85,1169000
43,85,1170000
43,85,1171000
43,85,1172000
43,85,1173000
43,85,1174000
43,85,1175000
43,85,1176000
43,85,1177000
43,85,1178000
43,85,1179000
43,85,1180000
43,85,1181000
43,85,1182000
43,85,1183000
43,85,1184000
43,85,1185000
43,85,1186000
43,85,1187000
43,85,1188000
43,85,1189000
43,85,1190000
43,85,1191000
43,85,1192000
43,85,1193000
43,85,1194000
43,85,1195000
43,85,1196000
43,85,1197000
43,85,1198000
43,85,1199000
43,85,1200000
43,85,1201000
43,85,1202000
43,85,1203000
43,85,1204000
43,85,1205000
43,85,1206000
43,85,1207000
43,85,1208000
43,85,1209000
43,85,1210000
43,85,1211000
43,85,1212000
43,85,1213000
43,85,1214000
43,85,1215000
43,85,1216000
43,85,1217000
43,85,1218000
43,85,1219000
43,85,1220000
43,85,1221000
43,85,1222000
43,85,1223000
43,85,1224000
43,85,1225000
43,85,1226000
43,85,1227000
43,85,1228000
43,85,1229000
43,85,1230000
43,85,1231000
43,85,1232000
43,85,1233000
43,85,1234000
43,85,1235000
43,85,1236000
43,85,1237000
43,85,1238000
43,85,1239000
43,85,1240000
43,85,1241000
43,85,1242000
43,85,1243000
43,85,1244000
43,85,1245000
43,85,1246000
43,85,1247000
43,85,1248000
43,85,1249000
43,85,1250000
43,85,1251000
43,85,1252000
43,85,1253000
43,85,1254000
43,85,1255000
43,85,1256000
43,85,1257000
43,85,1258000
43,85,1259000
43,85,1260000
43,85,1261000
43,85,1262000
43,85,1263000
43,85,1264000
43,85,1265000
43,85,1266000
43,85,1267000
43,85,1268000
43,85,1269000
43,85,1270000
43,85,1271000
43,85,1272000
43,85,1273000
43,85,1274000
43,85,1275000
43,85,1276000
43,85,1277000
43,85,1278000
43,85,1279000
43,85,1280000
43,85,1281000
43,85,1282000
43,85,1283000
43,85,1284000
43,85,1285000
43,85,1286000
43,85,1287000
43,85,1288000
43,85,1289000
43,85,1290000
43,85,1291000
43,85,1292000
43,85,1293000
43,85,1294000
43,85,1295000
43,85,1296000
43,85,1297000
43,85,1298000
43,85,1299000
43,85,1300000
43,85,1301000
43,85,1302000
43,85,1303000
43,85,1304000
43,85,1305000
43,85,1306000
43,85,1307000
43,85,1308000
43,85,1309000
43,85,1310000
43,85,1311000
43,85,1312000
43,85,1313000
43,85,1314000
43,85,1315000
43,85,1316000
43,85,1317000
43,85,1318000
43,85,1319000
43,85,1320000
43,85,1321000
43,85,1322000
43,85,1323000
43,85,1324000
43,85,1325000
43,85,1326000
43,85,1327000
43,85,1328000
43,85,1329000
43,85,1330000
43,85,1331000
43,85,1332000
43,85,1333000
43,85,1334000
43,85,1335000
43,85,1336000
43,85,1337000
43,85,1338000
43,85,1339000
43,85,1340000
43,85,1341000
43,85,1342000
43,85,1343000
43,85,1344000
43,85,1345000
43,85,1346000
43,85,1347000
43,85,1348000
43,85,1349000
43,85,1350000
43,85,1351000
43,85,1352000
43,85,1353000
43,85,1354000
43,85,1355000
43,85,1356000
43,85,1357000
43,85,1358000
43,85,1359000
43,85,1360000
43,85,1361000
43,85,1362000
43,85,1363000
43,85,1364000
43,85,1365000
43,85,1366000
43,85,1367000
43,85,1368000
43,85,1369000
43,85,1370000
43,85,1371000
43,85,1372000
43,85,1373000
43,85,1374000
43,85,1375000
43,85,1376000
43,85,1377000
43,85,1378000
43,85,1379000
43,85,1380000
43,85,1381000
43,85,1382000
43,85,1383000
43,85,1384000
43,85,1385000
43,85,1386000
43,85,1387000
43,85,1388000
43,85,1389000
43,85,1390000
43,85,1391000
43,85,1392000
43,85,1393000
43,85,1394000
43,85,1395000
43,85,1396000
43,85,1397000
43,85,1398000
43,85,1399000
43,85,1400000
43,85,1401000
43,85,1402000
43,85,1403000
43,85,1404000
43,85,1405000
43,85,1406000
43,85,1407000
43,85,1408000
43,85,1409000
43,85,1410000
43,85,1411000
43,85,1412000
43,85,1413000
43,85,1414000
43,85,1415000
43,85,1416000
43,85,1417000
43,85,1418000
43,85,1419000
43,85,1420000
43,85,1421000
43,85,1422000
43,85,1423000
43,85,1424000
43,85,1425000
43,85,1426000
43,85,1427000
43,85,1428000
43,85,1429000
43,85,1430000
43,85,1431000
43,85,1432000
43,85,1433000
43,85,1434000
43,85,1435000
43,85,1436000
43,85,1437000
43,85,1438000
43,85,1439000
43,85,1440000
43,85,1441000
43,85,1442000
43,85,1443000
43,85,1444000
43,85,1445000
43,85,1446000
43,85,1447000
43,85,1448000
43,85,1449000
43,85,1450000
43,85,1451000
43,85,1452000
43,85,1453000
43,85,1454000
43,85,1455000
43,85,1456000
43,85,1457000
43,85,1458000
43,85,1459000
43,85,1460000
43,85,1461000
43,85,1462000
43,85,1463000
43,85,1464000
43,85,1465000
43,85,1466000
43,85,1467000
43,85,1468000
43,85,1469000
43,85,1470000
43,85,1471000
43,85,1472000
43,85,1473000
43,85,1474000
43,85,1475000
43,85,1476000
43,85,1477000
43,85,1478000
43,85,1479000
43,85,1480000
43,85,1481000
43,85,1482000
43,85,1483000
43,85,1484000
43,85,1485000
43,85,1486000
43,85,1487000
43,85,1488000
43,85,1489000
43,85,1490000
43,85,1491000
43,85,1492000
43,85,1493000
43,85,1494000
43,85,1495000
43,85,1496000
43,85,1497000
43,85,1498000
43,85,1499000
43,85,1500000
43,85,1501000
43,85,1502000
43,85,1503000
43,85,1504000
43,85,1505000
43,85,1506000
43,85,1507000
43,85,1508000
43,85,1509000
43,85,1510000
43,85,1511000
43,85,1512000
43,85,1513000
43,85,1514000
43,85,1515000
43,85,1516000
43,85,1517000
43,85,1518000
43,85,1519000
43,85,1520000
43,85,1521000
43,85,1522000
43,85,1523000
43,85,1524000
43,85,1525000
43,85,1526000
43,85,1527000
43,85,1528000
43,85,1529000
43,85,1530000
43,85,1531000
43,85,1532000
43,85,1533000
43,85,1534000
43,85,1535000
43,85,1536000
43,85,1537000
43,85,1538000
43,85,1539000
43,85,1540000
43,85,1541000
43,85,1542000
43,85,1543000
43,85,1544000
43,85,1545000
43,85,1546000
43,85,1547000
43,85,1548000
43,85,1549000
43,85,1550000
43,85,1551000
43,85,1552000
43,85,1553000
43,85,1554000
43,85,1555000
43,85,1556000
43,85,1557000
43,85,1558000
43,85,1559000
43,85,1560000
43,85,1561000
43,85,1562000
43,85,1563000
43,85,1564000
43,85,1565000
43,85,1566000
43,85,1567000
43,85,1568000
43,85,1569000
43,85,1570000
43,85,1571000
43,85,1572000
43,85,1573000
43,85,1574000
43,85,1575000
43,85,1576000
43,85,1577000
43,85,1578000
43,85,1579000
43,85,1580000
43,85,1581000
43,85,1582000
43,85,1583000
43,85,1584000
43,85,1585000
43,85,1586000
43,85,1587000
43,85,1588000
43,85,1589000
43,85,1590000
43,85,1591000
43,85,1592000
43,85,1593000
43,85,1594000
43,85,1595000
43,85,1596000
43,85,1597000
43,85,1598000
43,85,1599000
43,85,1600000
43,85,1601000
43,85,1602000
43,85,1603000
43,85,1604000
43,85,1605000
43,85,1606000
43,85,1607000
43,85,1608000
43,85,1609000
43,85,1610000
43,85,1611000
43,85,1612000
43,85,1613000
43,85,1614000
43,85,1615000
43,85,1616000
43,85,1617000
43,85,1618000
43,85,1619000
43,85,1620000
43,85,1621000
43,85,1622000
43,85,1623000
43,85,1624000
43,85,1625000
43,85,1626000
43,85,1627000
43,85,1628000
43,85,1629000
43,85,1630000
43,85,1631000
43,85,1632000
43,85,1633000
43,85,1634000
43,85,1635000
43,85,1636000
43,85,1637000
43,85,1638000
43,85,1639000
43,85,1640000
43,85,1641000
43,85,1642000
43,85,1643000
43,85,1644000
43,85,1645000
43,85,1646000
43,85,1647000
43,85,1648000
43,85,1649000
43,85,1650000
43,85,1651000
43,85,1652000
43,85,1653000
43,85,1654000
43,85,1655000
43,85,1656000
43,85,1657000
43,85,1658000
43,85,1659000
43,85,1660000
43,85,1661000
43,85,1662000
43,85,1663000
43,85,1664000
43,85,1665000
43,85,1666000
43,85,1667000
43,85,1668000
43,85,1669000
43,85,1670000
43,85,1671000
43,85,1672000
43,85,1673000
43,85,1674000
43,85,1675000
43,85,1676000
43,85,1677000
43,85,1678000
43,85,1679000
43,85,1680000
43,85,1681000
43,85,1682000
43,85,1683000
43,85,1684000
43,85,1685000
43,85,1686000
43,85,1687000
43,85,1688000
43,85,1689000
43,85,1690000
43,85,1691000
43,85,1692000
43,85,1693000
43,85,1694000
43,85,1695000
43,85,1696000
43,85,1697000
43,85,1698000
43,85,1699000
43,85,1700000
43,85,1701000
43,85,1702000
43,85,1703000
43,85,1704000
43,85,1705000
43,85,1706000
43,85,1707000
43,85,1708000
43,85,1709000
43,85,1710000
43,85,1711000
43,85,1712000
43,85,1713000
43,85,1714000
43,85,1715000
43,85,1716000
43,85,1717000
43,85,1718000
43,85,1719000
43,85,1720000
43,85,1721000
43,85,1722000
43,85,1723000
43,85,1724000
43,85,1725000
43,85,1726000
43,85,1727000
43,85,1728000
43,85,1729000
43,85,1730000
43,85,1731000
43,85,1732000
43,85,1733000
43,85,1734000
43,85,1735000
43,85,1736000
43,85,1737000
43,85,1738000
43,85,1739000
43,85,1740000
43,85,1741000
43,85,1742000
43,85,1743000
43,85,1744000
43,85,1745000
43,85,1746000
43,85,1747000
43,85,1748000
43,85,1749000
43,85,1750000
43,85,1751000
43,85,1752000
43,85,1753000
43,85,1754000
43,85,1755000
43,85,1756000
43,85,1757000
43,85,1758000
43,85,1759000
43,85,1760000
43,85,1761000
43,85,1762000
43,85,1763000
43,85,1764000
43,85,1765000
43,85,1766000
43,85,1767000
43,85,1768000
43,85,1769000
43,85,1770000
43,85,1771000
43,85,1772000
43,85,1773000
43,85,1774000
43,85,1775000
43,85,1776000
43,85,1777000
43,85,1778000
43,85,1779000
43,85,1780000
43,85,1781000
43,85,1782000
43,85,1783000
43,85,1784000
43,85,1785000
43,85,1786000
43,85,1787000
43,85,1788000
43,85,1789000
43,85,1790000
43,85,1791000
43,85,1792000
43,85,1793000
43,85,1794000
43,85,1795000
43,85,1796000
43,85,1797000
43,85,1798000
43,85,1799000
43,85,1800000
43,85,1801000
43,85,1802000
43,85,1803000
43,85,1804000
43,85,1805000
43,85,1806000
43,85,1807000
43,85,1808000
43,85,1809000
43,85,1810000
43,85,1811000
43,85,1812000
43,85,1813000
43,85,1814000
43,85,1815000
43,85,1816000
43,85,1817000
43,85,1818000
43,85,1819000
43,85,1820000
43,85,1821000
43,85,1822000
43,85,1823000
43,85,1824000
43,85,1825000
43,85,1826000
43,85,1827000
43,85,1828000
43,85,1829000
43,85,1830000
43,85,1831000
43,85,1832000
43,85,1833000
43,85,1834000
43,85,1835000
43,85,1836000
43,85,1837000
43,85,1838000
43,85,1839000
43,85,1840000
43,85,1841000
43,85,1842000
43,85,1843000
43,85,1844000
43,85,1845000
43,85,1846000
43,85,1847000
43,85,1848000
43,85,1849000
43,85,1850000
43,85,1851000
43,85,1852000
43,85,1853000
43,85,1854000
43,85,1855000
43,85,1856000
43,85,1857000
43,85,1858000
43,85,1859000
43,85,1860000
43,85,1861000
43,85,1862000
43,85,1863000
43,85,1864000
43,85,1865000
43,85,1866000
43,85,1867000
43,85,1868000
43,85,1869000
43,85,1870000
43,85,1871000
43,85,1872000
43,85,1873000
43,85,1874000
43,85,1875000
43,85,1876000
43,85,1877000
43,85,1878000
43,85,1879000
43,85,1880000
43,85,1881000
43,85,1882000
43,85,1883000
43,85,1884000
43,85,1885000
43,85,1886000
43,85,1887000
43,85,1888000
43,85,1889000
43,85,1890000
43,85,1891000
43,85,1892000
43,85,1893000
43,85,1894000
43,85,1895000
43,85,1896000
43,85,1897000
43,85,1898000
43,85,1899000
43,85,1900000
43,85,1901000
43,85,1902000
43,85,1903000
43,85,1904000
43,85,1905000
43,85,1906000
43,85,1907000
43,85,1908000
43,85,1909000
43,85,1910000
43,85,1911000
43,85,1912000
43,85,1913000
43,85,1914000
43,85,1915000
43,85,1916000
43,85,1917000
43,85,1918000
43,85,1919000
43,85,1920000
43,85,1921000
43,85,1922000
43,85,1923000
43,85,1924000
43,85,1925000
43,85,1926000
43,85,1927000
43,85,1928000
43,85,1929000
43,85,1930000
43,85,1931000
43,85,1932000
43,85,1933000
43,85,1934000
43,85,1935000
43,85,1936000
43,85,1937000
43,85,1938000
43,85,1939000
43,85,1940000
43,85,1941000
43,85,1942000
43,85,1943000
43,85,1944000
43,85,1945000
43,85,1946000
43,85,1947000
43,85,1948000
43,85,1949000
43,85,1950000
43,85,1951000
43,85,1952000
43,85,1953000
43,85,1954000
43,85,1955000
43,85,1956000
43,85,1957000
43,85,1958000
43,85,1959000
43,85,1960000
43,85,1961000
43,85,1962000
43,85,1963000
43,85,1964000
43,85,1965000
43,85,1966000
43,85,1967000
43,85,1968000
43,85,1969000
43,85,1970000
43,85,1971000
43,85,1972000
43,85,1973000
43,85,1974000
43,85,1975000
43,85,1976000
43,85,1977000
43,85,1978000
43,85,1979000
43,85,1980000
43,85,1981000
43,85,1982000
43,85,1983000
43,85,1984000
43,85,1985000
43,85,1986000
43,85,1987000
43,85,1988000
43,85,1989000
43,85,1990000
43,85,1991000
43,85,1992000
43,85,1993000
43,85,1994000
43,85,1995000
43,85,1996000
43,85,1997000
43,85,1998000
43,85,1999000
43,85,2000000
43,85,2001000
43,85,2002000
43,85,2003000
43,85,2004000
43,85,2005000
43,85,2006000
43,85,2007000
43,85,2008000
43,85,2009000
43,85,2010000
43,85,2011000
43,85,2012000
43,85,2013000
43,85,2014000
43,85,2015000
43,85,2016000
43,85,2017000
43,85,2018000
43,85,2019000
43,85,2020000
43,85,2021000
43,85,2022000
43,85,2023000
43,85,2024000
43,85,2025000
43,85,2026000
43,85,2027000
43,85,2028000
43,85,2029000
43,85,2030000
43,85,2031000
43,85,2032000
43,85,2033000
43,85,2034000
43,85,2035000
43,85,2036000
43,85,2037000
43,85,2038000
43,85,2039000
43,85,2040000
43,85,2041000
43,85,2042000
43,85,2043000
43,85,2044000
43,85,2045000
43,85,2046000
43,85,2047000
43,85,2048000
43,85,2049000
43,85,2050000
43,85,2051000
43,85,2052000
43,85,2053000
43,85,2054000
43,85,2055000
43,85,2056000
43,85,2057000
43,85,2058000
43,85,2059000
43,85,2060000
43,85,2061000
43,85,2062000
43,85,2063000
43,85,2064000
43,85,2065000
43,85,2066000
43,85,2067000
43,85,2068000
43,85,2069000
43,85,2070000
43,85,2071000
43,85,2072000
43,85,2073000
43,85,2074000
43,85,2075000
43,85,2076000
43,85,2077000
43,85,2078000
43,85,2079000
43,85,2080000
43,85,2081000
43,85,2082000
43,85,2083000
43,85,2084000
43,85,2085000
43,85,2086000
43,85,2087000
43,85,2088000
43,85,2089000
43,85,2090000
43,85,2091000
43,85,2092000
43,85,2093000
43,85,2094000
43,85,2095000
43,85,2096000
43,85,2097000
43,85,2098000
43,85,2099000
43,85,2100000
43,85,2101000
43,85,2102000
43,85,2103000
43,85,2104000
43,85,2105000
43,85,2106000
43,85,2107000
43,85,2108000
43,85,2109000
43,85,2110000
43,85,2111000
43,85,2112000
43,85,2113000
43,85,2114000
43,85,2115000
43,85,2116000
43,85,2117000
43,85,2118000
43,85,2119000
43,85,2120000
43,85,2121000
43,85,2122000
43,85,2123000
43,85,2124000
43,85,2125000
43,85,2126000
43,85,2127000
43,85,2128000
43,85,2129000
43,85,2130000
43,85,2131000
43,85,2132000
43,85,2133000
43,85,2134000
43,85,2135000
43,85,2136000
43,85,2137000
43,85,2138000
43,85,2139000
43,85,2140000
43,85,2141000
43,85,2142000
43,85,2143000
43,85,2144000
43,85,2145000
43,85,2146000
43,85,2147000
43,85,2148000
43,85,2149000
43,85,2150000
43,85,2151000
43,85,2152000
43,85,2153000
43,85,2154000
43,85,2155000
43,85,2156000
43,85,2157000
43,85,2158000
43,85,2159000
43,85,2160000
43,85,2161000
43,85,2162000
43,85,2163000
43,85,2164000
43,85,2165000
43,85,2166000
43,85,2167000
43,85,2168000
43,85,2169000
43,85,2170000
43,85,2171000
43,85,2172000
43,85,2173000
43,85,2174000
43,85,2175000
43,85,2176000
43,85,2177000
43,85,2178000
43,85,2179000
43,85,2180000
43,85,2181000
43,85,2182000
43,85,2183000
43,85,2184000
43,85,2185000
43,85,2186000
43,85,2187000
43,85,2188000
43,85,2189000
43,85,2190000
43,85,2191000
43,85,2192000
43,85,2193000
43,85,2194000
43,85,2195000
43,85,2196000
43,85,2197000
43,85,2198000
43,85,2199000
43,85,2200000
43,85,2201000
43,85,2202000
43,85,2203000
43,85,2204000
43,85,2205000
43,85,2206000
43,85,2207000
43,85,2208000
43,85,2209000
43,85,2210000
43,85,2211000
43,85,2212000
43,85,2213000
43,85,2214000
43,85,2215000
43,85,2216000
43,85,2217000
43,85,2218000
43,85,2219000
43,85,2220000
43,85,2221000
43,85,2222000
43,85,2223000
43,85,2224000
43,85,2225000
43,85,2226000
43,85,2227000
43,85,2228000
43,85,2229000
43,85,2230000
43,85,2231000
43,85,2232000
43,85,2233000
43,85,2234000
43,85,2235000
43,85,2236000
43,85,2237000
43,85,2238000
43,85,2239000
43,85,2240000
43,85,2241000
43,85,2242000
43,85,2243000
43,85,2244000
43,85,2245000
43,85,2246000
43,85,2247000
43,85,2248000
43,85,2249000
43,85,2250000
43,85,2251000
43,85,2252000
43,85,2253000
43,85,2254000
43,85,2255000
43,85,2256000
43,85,2257000
43,85,2258000
43,85,2259000
43,85,2260000
43,85,2261000
43,85,2262000
43,85,2263000
43,85,2264000
43,85,2265000
43,85,2266000
43,85,2267000
43,85,2268000
43,85,2269000
43,85,2270000
43,85,2271000
43,85,2272000
43,85,2273000
43,85,2274000
43,85,2275000
43,85,2276000
43,85,2277000
43,85,2278000
43,85,2279000
43,85,2280000
43,85,2281000
43,85,2282000
43,85,2283000
43,85,2284000
43,85,2285000
43,85,2286000
43,85,2287000
43,85,2288000
43,85,2289000
43,85,2290000
43,85,2291000
43,85,2292000
43,85,2293000
43,85,2294000
43,85,2295000
43,85,2296000
43,85,2297000
43,85,2298000
43,85,2299000
43,85,2300000
43,85,2301000
43,85,2302000
43,85,2303000
43,85,2304000
43,85,2305000
43,85,2306000
43,85,2307000
43,85,2308000
43,85,2309000
43,85,2310000
43,85,2311000
43,85,2312000
43,85,2313000
43,85,2314000
43,85,2315000
43,85,2316000
43,85,2317000
43,85,2318000
43,85,2319000
43,85,2320000
43,85,2321000
43,85,2322000
43,85,2323000
43,85,2324000
43,85,2325000
43,85,2326000
43,85,2327000
43,85,2328000
43,85,2329000
43,85,2330000
43,85,2331000
43,85,2332000
43,85,2333000
43,85,2334000
43,85,2335000
43,85,2336000
43,85,2337000
43,85,2338000
43,85,2339000
43,85,2340000
43,85,2341000
43,85,2342000
43,85,2343000
43,85,2344000
43,85,2345000
43,85,2346000
43,85,2347000
43,85,2348000
43,85,2349000
43,85,2350000
43,85,2351000
43,85,2352000
43,85,2353000
43,85,2354000
43,85,2355000
43,85,2356000
43,85,2357000
43,85,2358000
43,85,2359000
43,85,2360000
43,85,2361000
43,85,2362000
43,85,2363000
43,85,2364000
43,85,2365000
43,85,2366000
43,85,2367000
43,85,2368000
43,85,2369000
43,85,2370000
43,85,2371000
43,85,2372000
43,85,2373000
43,85,2374000
43,85,2375000
43,85,2376000
43,85,2377000
43,85,2378000
43,85,2379000
43,85,2380000
43,85,2381000
43,85,2382000
43,85,2383000
43,85,2384000
43,85,2385000
43,85,2386000
43,85,2387000
43,85,2388000
43,85,2389000
43,85,2390000
43,85,2391000
43,85,2392000
43,85,2393000
43,85,2394000
43,85,2395000
43,85,2396000
43,85,2397000
43,85,2398000
43,85,2399000
43,85,2400000
43,85,2401000
43,85,2402000
43,85,2403000
43,85,2404000
43,85,2405000
43,85,2406000
43,85,2407000
43,85,2408000
43,85,2409000
43,85,2410000
43,85,2411000
43,85,2412000
43,85,2413000
43,85,2414000
43,85,2415000
43,85,2416000
43,85,2417000
43,85,2418000
43,85,2419000
43,85,2420000
43,85,2421000
43,85,2422000
43,85,2423000
43,85,2424000
43,85,2425000
43,85,2426000
43,85,2427000
43,85,2428000
43,85,2429000
43,85,2430000
43,85,2431000
43,85,2432000
43,85,2433000
43,85,2434000
43,85,2435000
43,85,2436000
43,85,2437000
43,85,2438000
43,85,2439000
43,85,2440000
43,85,2441000
43,85,2442000
43,85,2443000
43,85,2444000
43,85,2445000
43,85,2446000
43,85,2447000
43,85,2448000
43,85,2449000
43,85,2450000
43,85,2451000
43,85,2452000
43,85,2453000
43,85,2454000
43,85,2455000
43,85,2456000
43,85,2457000
43,85,2458000
43,85,2459000
43,85,2460000
43,85,2461000
43,85,2462000
43,85,2463000
43,85,2464000
43,85,2465000
43,85,2466000
43,85,2467000
43,85,2468000
43,85,2469000
43,85,2470000
43,85,2471000
43,85,2472000
43,85,2473000
43,85,2474000
43,85,2475000
43,85,2476000
43,85,2477000
43,85,2478000
43,85,2479000
43,85,2480000
43,85,2481000
43,85,2482000
43,85,2483000
43,85,2484000
43,85,2485000
43,85,2486000
43,85,2487000
43,85,2488000
43,85,2489000
43,85,2490000
43,85,2491000
43,85,2492000
43,85,2493000
43,85,2494000
43,85,2495000
43,85,2496000
43,85,2497000
43,85,2498000
43,85,2499000
43,85,2500000
43,85,2501000
43,85,2502000
43,85,2503000
43,85,2504000
43,85,2505000
43,85,2506000
43,85,2507000
43,85,2508000
43,85,2509000
43,85,2510000
43,85,2511000
43,85,2512000
43,85,2513000
43,85,2514000
43,85,2515000
43,85,2516000
43,85,2517000
43,85,2518000
43,85,2519000
43,85,2520000
43,85,2521000
43,85,2522000
43,85,2523000
43,85,2524000
43,85,2525000
43,85,2526000
43,85,2527000
43,85,2528000
43,85,2529000
43,85,2530000
43,85,2531000
43,85,2532000
43,85,2533000
43,85,2534000
43,85,2535000
43,85,2536000
43,85,2537000
43,85,2538000
43,85,2539000
43,85,2540000
43,85,2541000
43,85,2542000
43,85,2543000
43,85,2544000
43,85,2545000
43,85,2546000
43,85,2547000
43,85,2548000
43,85,2549000
43,85,2550000
43,85,2551000
43,85,2552000
43,85,2553000
43,85,2554000
43,85,2555000
43,85,2556000
43,85,2557000
43,85,2558000
43,85,2559000
43,85,2560000
43,85,2561000
43,85,2562000
43,85,2563000
43,85,2564000
43,85,2565000
43,85,2566000
43,85,2567000
43,85,2568000
43,85,2569000
43,85,2570000
43,85,2571000
43,85,2572000
43,85,2573000
43,85,2574000
43,85,2575000
43,85,2576000
43,85,2577000
43,85,2578000
43,85,2579000
43,85,2580000
43,85,2581000
43,85,2582000
43,85,2583000
43,85,2584000
43,85,2585000
43,85,2586000
43,85,2587000
43,85,2588000
43,85,2589000
43,85,2590000
43,85,2591000
43,85,2592000
43,85,2593000
43,85,2594000
43,85,2595000
43,85,2596000
43,85,2597000
43,85,2598000
43,85,2599000
43,85,2600000
43,85,2601000
43,85,2602000
43,85,2603000
43,85,2604000
43,85,2605000
43,85,2606000
43,85,2607000
43,85,2608000
43,85,2609000
43,85,2610000
43,85,2611000
43,85,2612000
43,85,2613000
43,85,2614000
43,85,2615000
43,85,2616000
43,85,2617000
43,85,2618000
43,85,2619000
43,85,2620000
43,85,2621000
43,85,2622000
43,85,2623000
43,85,2624000
43,85,2625000
43,85,2626000
43,85,2627000
43,85,2628000
43,85,2629000
43,85,2630000
43,85,2631000
43,85,2632000
43,85,2633000
43,85,2634000
43,85,2635000
43,85,2636000
43,85,2637000
43,85,2638000
43,85,2639000
43,85,2640000
43,85,2641000
43,85,2642000
43,85,2643000
43,85,2644000
43,85,2645000
43,85,2646000
43,85,2647000
43,85,2648000
43,85,2649000
43,85,2650000
43,85,2651000
43,85,2652000
43,85,2653000
43,85,2654000
43,85,2655000
43,85,2656000
43,85,2657000
43,85,2658000
43,85,2659000
43,85,2660000
43,85,2661000
43,85,2662000
43,85,2663000
43,85,2664000
43,85,2665000
43,85,2666000
43,85,2667000
43,85,2668000
43,85,2669000
43,85,2670000
43,85,2671000
43,85,2672000
43,85,2673000
43,85,2674000
43,85,2675000
43,85,2676000
43,85,2677000
43,85,2678000
43,85,2679000
43,85,2680000
43,85,2681000
43,85,2682000
43,85,2683000
43,85,2684000
43,85,2685000
43,85,2686000
43,85,2687000
43,85,2688000
43,85,2689000
43,85,2690000
43,85,2691000
43,85,2692000
43,85,2693000
43,85,2694000
43,85,2695000
43,85,2696000
43,85,2697000
43,85,2698000
43,85,2699000
43,85,2700000
43,85,2701000
43,85,2702000
43,85,2703000
43,85,2704000
43,85,2705000
43,85,2706000
43,85,2707000
43,85,2708000
43,85,2709000
43,85,2710000
43,85,2711000
43,85,2712000
43,85,2713000
43,85,2714000
43,85,2715000
43,85,2716000
43,85,2717000
43,85,2718000
43,85,2719000
43,85,2720000
43,85,2721000
43,85,2722000
43,85,2723000
43,85,2724000
43,85,2725000
43,85,2726000
43,85,2727000
43,85,2728000
43,85,2729000
43,85,2730000
43,85,2731000
43,85,2732000
43,85,2733000
43,85,2734000
43,85,2735000
43,85,2736000
43,85,2737000
43,85,2738000
43,85,2739000
43,85,2740000
43,85,2741000
43,85,2742000
43,85,2743000
43,85,2744000
43,85,2745000
43,85,2746000
43,85,2747000
43,85,2748000
43,85,2749000
43,85,2750000
43,85,2751000
43,85,2752000
43,85,2753000
43,85,2754000
43,85,2755000
43,85,2756000
43,85,2757000
43,85,2758000
43,85,2759000
43,85,2760000
43,85,2761000
43,85,2762000
43,85,2763000
43,85,2764000
43,85,2765000
43,85,2766000
43,85,2767000
43,85,2768000
43,85,2769000
43,85,2770000
43,85,2771000
43,85,2772000
43,85,2773000
43,85,2774000
43,85,2775000
43,85,2776000
43,85,2777000
43,85,2778000
43,85,2779000
43,85,2780000
43,85,2781000
43,85,2782000
43,85,2783000
43,85,2784000
43,85,2785000
43,85,2786000
43,85,2787000
43,85,2788000
43,85,2789000
43,85,2790000
43,85,2791000
43,85,2792000
43,85,2793000
43,85,2794000
43,85,2795000
43,85,2796000
43,85,2797000
43,85,2798000
43,85,2799000
43,85,2800000
43,85,2801000
43,85,2802000
43,85,2803000
43,85,2804000
43,85,2805000
43,85,2806000
43,85,2807000
43,85,2808000
43,85,2809000
43,85,2810000
43,85,2811000
43,85,2812000
43,85,2813000
43,85,2814000
43,85,2815000
43,85,2816000
43,85,2817000
43,85,2818000
43,85,2819000
43,85,2820000
43,85,2821000
43,85,2822000
43,85,2823000
43,85,2824000
43,85,2825000
43,85,2826000
43,85,2827000
43,85,2828000
43,85,2829000
43,85,2830000
43,85,2831000
43,85,2832000
43,85,2833000
43,85,2834000
43,85,2835000
43,85,2836000
43,85,2837000
43,85,2838000
43,85,2839000
43,85,2840000
43,85,2841000
43,85,2842000
43,85,2843000
43,85,2844000
43,85,2845000
43,85,2846000
43,85,2847000
43,85,2848000
43,85,2849000
43,85,2850000
43,85,2851000
43,85,2852000
43,85,2853000
43,85,2854000
43,85,2855000
43,85,2856000
43,85,2857000
43,85,2858000
43,85,2859000
43,85,2860000
43,85,2861000
43,85,2862000
43,85,2863000
43,85,2864000
43,85,2865000
43,85,2866000
43,85,2867000
43,85,2868000
43,85,2869000
43,85,2870000
43,85,2871000
43,85,2872000
43,85,2873000
43,85,2874000
43,85,2875000
43,85,2876000
43,85,2877000
43,85,2878000
43,85,2879000
43,85,2880000
43,85,2881000
43,85,2882000
43,85,2883000
43,85,2884000
43,85,2885000
43,85,2886000
43,85,2887000
43,85,2888000
43,85,2889000
43,85,2890000
43,85,2891000
43,85,2892000
43,85,2893000
43,85,2894000
43,85,2895000
43,85,2896000
43,85,2897000
43,85,2898000
43,85,2899000
43,85,2900000
43,85,2901000
43,85,2902000
43,85,2903000
43,85,2904000
43,85,2905000
43,85,2906000
43,85,2907000
43,85,2908000
43,85,2909000
43,85,2910000
43,85,2911000
43,85,2912000
43,85,2913000
43,85,2914000
43,85,2915000
43,85,2916000
43,85,2917000
43,85,2918000
43,85,2919000
43,85,2920000
43,85,2921000
43,85,2922000
43,85,2923000
43,85,2924000
43,85,2925000
43,85,2926000
43,85,2927000
43,85,2928000
43,85,2929000
43,85,2930000
43,85,2931000
43,85,2932000
43,85,2933000
43,85,2934000
43,85,2935000
43,85,2936000
43,85,2937000
43,85,2938000
43,85,2939000
43,85,2940000
43,85,2941000
43,85,2942000
43,85,2943000
43,85,2944000
43,85,2945000
43,85,2946000
43,85,2947000
43,85,2948000
43,85,2949000
43,85,2950000
43,85,2951000
43,85,2952000
43,85,2953000
43,85,2954000
43,85,2955000
43,85,2956000
43,85,2957000
43,85,2958000
43,85,2959000
43,85,2960000
43,85,2961000
43,85,2962000
43,85,2963000
43,85,2964000
43,85,2965000
43,85,2966000
43,85,2967000
43,85,2968000
43,85,2969000
43,85,2970000
43,85,2971000
43,85,2972000
43,85,2973000
43,85,2974000
43,85,2975000
43,85,2976000
43,85,2977000
43,85,2978000
43,85,2979000
43,85,2980000
43,85,2981000
43,85,2982000
43,85,2983000
43,85,2984000
43,85,2985000
43,85,2986000
43,85,2987000
43,85,2988000
43,85,2989000
43,85,2990000
43,85,2991000
43,85,2992000
43,85,2993000
43,85,2994000
43,85,2995000
43,85,2996000
43,85,2997000
43,85,2998000
43,85,2999000
43,85,3000000
43,85,3001000
43,85,3002000
43,85,3003000
43,85,3004000
43,85,3005000
43,85,3006000
43,85,3007000
43,85,3008000
43,85,3009000
43,85,3010000
43,85,3011000
43,85,3012000
43,85,3013000
43,85,3014000
43,85,3015000
43,85,3016000
43,85,3017000
43,85,3018000
43,85,3019000
43,85,3020000
43,85,3021000
43,85,3022000
43,85,3023000
43,85,3024000
43,85,3025000
43,85,3026000
43,85,3027000
43,85,3028000
43,85,3029000
43,85,3030000
43,85,3031000
43,85,3032000
43,85,3033000
43,85,3034000
43,85,3035000
43,85,3036000
43,85,3037000
43,85,3038000
43,85,3039000
43,85,3040000
43,85,3041000
43,85,3042000
43,85,3043000
43,85,3044000
43,85,3045000
43,85,3046000
43,85,3047000
43,85,3048000
43,85,3049000
43,85,3050000
43,85,3051000
43,85,3052000
43,85,3053000
43,85,3054000
43,85,3055000
43,85,3056000
43,85,3057000
43,85,3058000
43,85,3059000
43,85,3060000
43,85,3061000
43,85,3062000
43,85,3063000
43,85,3064000
43,85,3065000
43,85,3066000
43,85,3067000
43,85,3068000
43,85,3069000
43,85,3070000
43,85,3071000
43,85,3072000
43,85,3073000
43,85,3074000
43,85,3075000
43,85,3076000
43,85,3077000
43,85,3078000
43,85,3079000
43,85,3080000
43,85,3081000
43,85,3082000
43,85,3083000
43,85,3084000
43,85,3085000
43,85,3086000
43,85,3087000
43,85,3088000
43,85,3089000
43,85,3090000
43,85,3091000
43,85,3092000
43,85,3093000
43,85,3094000
43,85,3095000
43,85,3096000
43,85,3097000
43,85,3098000
43,85,3099000
43,85,3100000
43,85,3101000
43,85,3102000
43,85,3103000
43,85,3104000
43,85,3105000
43,85,3106000
43,85,3107000
43,85,3108000
43,85,3109000
43,85,3110000
43,85,3111000
43,85,3112000
43,85,3113000
43,85,3114000
43,85,3115000
43,85,3116000
43,85,3117000
43,85,3118000
43,85,3119000
43,85,3120000
43,85,3121000
43,85,3122000
43,85,3123000
43,85,3124000
43,85,3125000
43,85,3126000
43,85,3127000
43,85,3128000
43,85,3129000
43,85,3130000
43,85,3131000
43,85,3132000
43,85,3133000
43,85,3134000
43,85,3135000
43,85,3136000
43,85,3137000
43,85,3138000
43,85,3139000
43,85,3140000
43,85,3141000
43,85,3142000
43,85,3143000
43,85,3144000
43,85,3145000
43,85,3146000
43,85,3147000
43,85,3148000
43,85,3149000
43,85,3150000
43,85,3151000
43,85,3152000
43,85,3153000
43,85,3154000
43,85,3155000
43,85,3156000
43,85,3157000
43,85,3158000
43,85,3159000
43,85,3160000
43,85,3161000
43,85,3162000
43,85,3163000
43,85,3164000
43,85,3165000
43,85,3166000
43,85,3167000
43,85,3168000
43,85,3169000
43,85,3170000
43,85,3171000
43,85,3172000
43,85,3173000
43,85,3174000
43,85,3175000
43,85,3176000
43,85,3177000
43,85,3178000
43,85,3179000
43,85,3180000
43,85,3181000
43,85,3182000
43,85,3183000
43,85,3184000
43,85,3185000
43,85,3186000
43,85,3187000
43,85,3188000
43,85,3189000
43,85,3190000
43,85,3191000
43,85,3192000
43,85,3193000
43,85,3194000
43,85,3195000
43,85,3196000
43,85,3197000
43,85,3198000
43,85,3199000
43,85,3200000
43,85,3201000
43,85,3202000
43,85,3203000
43,85,3204000
43,85,3205000
43,85,3206000
43,85,3207000
43,85,3208000
43,85,3209000
43,85,3210000
43,85,3211000
43,85,3212000
43,85,3213000
43,85,3214000
43,85,3215000
43,85,3216000
43,85,3217000
43,85,3218000
43,85,3219000
43,85,3220000
43,85,3221000
43,85,3222000
43,85,3223000
43,85,3224000
43,85,3225000
43,85,3226000
43,85,3227000
43,85,3228000
43,85,3229000
43,85,3230000
43,85,3231000
43,85,3232000
43,85,3233000
43,85,3234000
43,85,3235000
43,85,3236000
43,85,3237000
43,85,3238000
43,85,3239000
43,85,3240000
43,85,3241000
43,85,3242000
43,85,3243000
43,85,3244000
43,85,3245000
43,85,3246000
43,85,3247000
43,85,3248000
43,85,3249000
43,85,3250000
43,85,3251000
43,85,3252000
43,85,3253000
43,85,3254000
43,85,3255000
43,85,3256000
43,85,3257000
43,85,3258000
43,85,3259000
43,85,3260000
43,85,3261000
43,85,3262000
43,85,3263000
43,85,3264000
43,85,3265000
43,85,3266000
43,85,3267000
43,85,3268000
43,85,3269000
43,85,3270000
43,85,3271000
43,85,3272000
43,85,3273000
43,85,3274000
43,85,3275000
43,85,3276000
43,85,3277000
43,85,3278000
43,85,3279000
43,85,3280000
43,85,3281000
43,85,3282000
43,85,3283000
43,85,3284000
43,85,3285000
43,85,3286000
43,85,3287000
43,85,3288000
43,85,3289000
43,85,3290000
43,85,3291000
43,85,3292000
43,85,3293000
43,85,3294000
43,85,3295000
43,85,3296000
43,85,3297000
43,85,3298000
43,85,3299000
43,85,3300000
43,85,3301000
43,85,3302000
43,85,3303000
43,85,3304000
43,85,3305000
43,85,3306000
43,85,3307000
43,85,3308000
43,85,3309000
43,85,3310000
43,85,3311000
43,85,3312000
43,85,3313000
43,85,3314000
43,85,3315000
43,85,3316000
43,85,3317000
43,85,3318000
43,85,3319000
43,85,3320000
43,85,3321000
43,85,3322000
43,85,3323000
43,85,3324000
43,85,3325000
43,85,3326000
43,85,3327000
43,85,3328000
43,85,3329000
43,85,3330000
43,85,3331000
43,85,3332000
43,85,3333000
43,85,3334000
43,85,3335000
43,85,3336000
43,85,3337000
43,85,3338000
43,85,3339000
43,85,3340000
43,85,3341000
43,85,3342000
43,85,3343000
43,85,3344000
43,85,3345000
43,85,3346000
43,85,3347000
43,85,3348000
43,85,3349000
43,85,3350000
43,85,3351000
43,85,3352000
43,85,3353000
43,85,3354000
43,85,3355000
43,85,3356000
43,85,3357000
43,85,3358000
43,85,3359000
43,85,3360000
43,85,3361000
43,85,3362000
43,85,3363000
43,85,3364000
43,85,3365000
43,85,3366000
43,85,3367000
43,85,3368000
43,85,3369000
43,85,3370000
43,85,3371000
43,85,3372000
43,85,3373000
43,85,3374000
43,85,3375000
43,85,3376000
43,85,3377000
43,85,3378000
43,85,3379000
43,85,3380000
43,85,3381000
43,85,3382000
43,85,3383000
43,85,3384000
43,85,3385000
43,85,3386000
43,85,3387000
43,85,3388000
43,85,3389000
43,85,3390000
43,85,3391000
43,85,3392000
43,85,3393000
43,85,3394000
43,85,3395000
43,85,3396000
43,85,3397000
43,85,3398000
43,85,3399000
43,85,3400000
43,85,3401000
43,85,3402000
43,85,3403000
43,85,3404000
43,85,3405000
43,85,3406000
43,85,3407000
43,85,3408000
43,85,3409000
43,85,3410000
43,85,3411000
43,85,3412000
43,85,3413000
43,85,3414000
43,85,3415000
43,85,3416000
43,85,3417000
43,85,3418000
43,85,3419000
43,85,3420000
43,85,3421000
43,85,3422000
43,85,3423000
43,85,3424000
43,85,3425000
43,85,3426000
43,85,3427000
43,85,3428000
43,85,3429000
43,85,3430000
43,85,3431000
43,85,3432000
43,85,3433000
43,85,3434000
43,85,3435000
43,85,3436000
43,85,3437000
43,85,3438000
43,85,3439000
43,85,3440000
43,85,3441000
43,85,3442000
43,85,3443000
43,85,3444000
43,85,3445000
43,85,3446000
43,85,3447000
43,85,3448000
43,85,3449000
43,85,3450000
43,85,3451000
43,85,3452000
43,85,3453000
43,85,3454000
43,85,3455000
43,85,3456000
43,85,3457000
43,85,3458000
43,85,3459000
43,85,3460000
43,85,3461000
43,85,3462000
43,85,3463000
43,85,3464000
43,85,3465000
43,85,3466000
43,85,3467000
43,85,3468000
43,85,3469000
43,85,3470000
43,85,3471000
43,85,3472000
43,85,3473000
43,85,3474000
43,85,3475000
43,85,3476000
43,85,3477000
43,85,3478000
43,85,3479000
43,85,3480000
43,85,3481000
43,85,3482000
43,85,3483000
43,85,3484000
43,85,3485000
43,85,3486000
43,85,3487000
43,85,3488000
43,85,3489000
43,85,3490000
43,85,3491000
43,85,3492000
43,85,3493000
43,85,3494000
43,85,3495000
43,85,3496000
43,85,3497000
43,85,3498000
43,85,3499000
43,85,3500000
43,85,3501000
43,85,3502000
43,85,3503000
43,85,3504000
43,85,3505000
43,85,3506000
43,85,3507000
43,85,3508000
43,85,3509000
43,85,3510000
43,85,3511000
43,85,3512000
43,85,3513000
43,85,3514000
43,85,3515000
43,85,3516000
43,85,3517000
43,85,3518000
43,85,3519000
43,85,3520000
43,85,3521000
43,85,3522000
43,85,3523000
43,85,3524000
43,85,3525000
43,85,3526000
43,85,3527000
43,85,3528000
43,85,3529000
43,85,3530000
43,85,3531000
43,85,3532000
43,85,3533000
43,85,3534000
43,85,3535000
43,85,3536000
43,85,3537000
43,85,3538000
43,85,3539000
43,85,3540000
43,85,3541000
43,85,3542000
43,85,3543000
43,85,3544000
43,85,3545000
43,85,3546000
43,85,3547000
43,85,3548000
43,85,3549000
43,85,3550000
43,85,3551000
43,85,3552000
43,85,3553000
43,85,3554000
43,85,3555000
43,85,3556000
43,85,3557000
43,85,3558000
43,85,3559000
43,85,3560000
43,85,3561000
43,85,3562000
43,85,3563000
43,85,3564000
43,85,3565000
43,85,3566000
43,85,3567000
43,85,3568000
43,85,3569000
43,85,3570000
43,85,3571000
43,85,3572000
43,85,3573000
43,85,3574000
43,85,3575000
43,85,3576000
43,85,3577000
43,85,3578000
43,85,3579000
43,85,3580000
43,85,3581000
43,85,3582000
43,85,3583000
43,85,3584000
43,85,3585000
43,85,3586000
43,85,3587000
43,85,3588000
43,85,3589000
43,85,3590000
43,85,3591000
43,85,3592000
43,85,3593000
43,85,3594000
43,85,3595000
43,85,3596000
43,85,3597000
43,85,3598000
43,85,3599000
43,85,3600000
43,85,3601000
43,85,3602000
43,85,3603000
43,85,3604000
43,85,3605000
43,85,3606000
43,85,3607000
43,85,3608000
43,85,3609000
43,85,3610000
43,85,3611000
43,85,3612000
43,85,3613000
43,85,3614000
43,85,3615000
43,85,3616000
43,85,3617000
43,85,3618000
43,85,3619000
43,85,3620000
43,85,3621000
43,85,3622000
43,85,3623000
43,85,3624000
43,85,3625000
43,85,3626000
43,85,3627000
43,85,3628000
43,85,3629000
43,85,3630000
43,85,3631000
43,85,3632000
43,85,3633000
43,85,3634000
43,85,3635000
43,85,3636000
43,85,3637000
43,85,3638000
43,85,3639000
43,85,3640000
43,85,3641000
43,85,3642000
43,85,3643000
43,85,3644000
43,85,3645000
43,85,3646000
43,85,3647000
43,85,3648000
43,85,3649000
43,85,3650000
43,85,3651000
43,85,3652000
43,85,3653000
43,85,3654000
43,85,3655000
43,85,3656000
43,85,3657000
43,85,3658000
43,85,3659000
43,85,3660000
43,85,3661000
43,85,3662000
43,85,3663000
43,85,3664000
43,85,3665000
43,85,3666000
43,85,3667000
43,85,3668000
43,85,3669000
43,85,3670000
43,85,3671000
43,85,3672000
43,85,3673000
43,85,3674000
43,85,3675000
43,85,3676000
43,85,3677000
43,85,3678000
43,85,3679000
43,85,3680000
43,85,3681000
43,85,3682000
43,85,3683000
43,85,3684000
43,85,3685000
43,85,3686000
43,85,3687000
43,85,3688000
43,85,3689000
43,85,3690000
43,85,3691000
43,85,3692000
43,85,3693000
43,85,3694000
43,85,3695000
43,85,3696000
43,85,3697000
43,85,3698000
43,85,3699000
43,85,3700000
43,85,3701000
43,85,3702000
43,85,3703000
43,85,3704000
43,85,3705000
43,85,3706000
43,85,3707000
43,85,3708000
43,85,3709000
43,85,3710000
43,85,3711000
43,85,3712000
43,85,3713000
43,85,3714000
43,85,3715000
43,85,3716000
43,85,3717000
43,85,3718000
43,85,3719000
43,85,3720000
43,85,3721000
43,85,3722000
43,85,3723000
43,85,3724000
43,85,3725000
43,85,3726000
43,85,3727000
43,85,3728000
43,85,3729000
43,85,3730000
43,85,3731000
43,85,3732000
43,85,3733000
43,85,3734000
43,85,3735000
43,85,3736000
43,85,3737000
43,85,3738000
43,85,3739000
43,85,3740000
43,85,3741000
43,85,3742000
43,85,3743000
43,85,3744000
43,85,3745000
43,85,3746000
43,85,3747000
43,85,3748000
43,85,3749000
43,85,3750000
43,85,3751000
43,85,3752000
43,85,3753000
43,85,3754000
43,85,3755000
43,85,3756000
43,85,3757000
43,85,3758000
43,85,3759000
43,85,3760000
43,85,3761000
43,85,3762000
43,85,3763000
43,85,3764000
43,85,3765000
43,85,3766000
43,85,3767000
43,85,3768000
43,85,3769000
43,85,3770000
43,85,3771000
43,85,3772000
43,85,3773000
43,85,3774000
43,85,3775000
43,85,3776000
43,85,3777000
43,85,3778000
43,85,3779000
43,85,3780000
43,85,3781000
43,85,3782000
43,85,3783000
43,85,3784000
43,85,3785000
43,85,3786000
43,85,3787000
43,85,3788000
43,85,3789000
43,85,3790000
43,85,3791000
43,85,3792000
43,85,3793000
43,85,3794000
43,85,3795000
43,85,3796000
43,85,3797000
43,85,3798000
43,85,3799000
43,85,3800000
43,85,3801000
43,85,3802000
43,85,3803000
43,85,3804000
43,85,3805000
43,85,3806000
43,85,3807000
43,85,3808000
43,85,3809000
43,85,3810000
43,85,3811000
43,85,3812000
43,85,3813000
43,85,3814000
43,85,3815000
43,85,3816000
43,85,3817000
43,85,3818000
43,85,3819000
43,85,3820000
43,85,3821000
43,85,3822000
43,85,3823000
43,85,3824000
43,85,3825000
43,85,3826000
43,85,3827000
43,85,3828000
43,85,3829000
43,85,3830000
43,85,3831000
43,85,3832000
43,85,3833000
43,85,3834000
43,85,3835000
43,85,3836000
43,85,3837000
43,85,3838000
43,85,3839000
43,85,3840000
43,85,3841000
43,85,3842000
43,85,3843000
43,85,3844000
43,85,3845000
43,85,3846000
43,85,3847000
43,85,3848000
43,85,3849000
43,85,3850000
43,85,3851000
43,85,3852000
43,85,3853000
43,85,3854000
43,85,3855000
43,85,3856000
43,85,3857000
43,85,3858000
43,85,3859000
43,85,3860000
43,85,3861000
43,85,3862000
43,85,3863000
43,85,3864000
43,85,3865000
43,85,3866000
43,85,3867000
43,85,3868000
43,85,3869000
43,85,3870000
43,85,3871000
43,85,3872000
43,85,3873000
43,85,3874000
43,85,3875000
43,85,3876000
43,85,3877000
43,85,3878000
43,85,3879000
43,85,3880000
43,85,3881000
43,85,3882000
43,85,3883000
43,85,3884000
43,85,3885000
43,85,3886000
43,85,3887000
43,85,3888000
43,85,3889000
43,85,3890000
43,85,3891000
43,85,3892000
43,85,3893000
43,85,3894000
43,85,3895000
43,85,3896000
43,85,3897000
43,85,3898000
43,85,3899000
43,85,3900000
43,85,3901000
43,85,3902000
43,85,3903000
43,85,3904000
43,85,3905000
43,85,3906000
43,85,3907000
43,85,3908000
43,85,3909000
43,85,3910000
43,85,3911000
43,85,3912000
43,85,3913000
43,85,3914000
43,85,3915000
43,85,3916000
43,85,3917000
43,85,3918000
43,85,3919000
43,85,3920000
43,85,3921000
43,85,3922000
43,85,3923000
43,85,3924000
43,85,3925000
43,85,3926000
43,85,3927000
43,85,3928000
43,85,3929000
43,85,3930000
43,85,3931000
43,85,3932000
43,85,3933000
43,85,3934000
43,85,3935000
43,85,3936000
43,85,3937000
43,85,3938000
43,85,3939000
43,85,3940000
43,85,3941000
43,85,3942000
43,85,3943000
43,85,3944000
43,85,3945000
43,85,3946000
43,85,3947000
43,85,3948000
43,85,3949000
43,85,3950000
43,85,3951000
43,85,3952000
43,85,3953000
43,85,3954000
43,85,3955000
43,85,3956000
43,85,3957000
43,85,3958000
43,85,3959000
43,85,3960000
43,85,3961000
43,85,3962000
43,85,3963000
43,85,3964000
43,85,3965000
43,85,3966000
43,85,3967000
43,85,3968000
43,85,3969000
43,85,3970000
43,85,3971000
43,85,3972000
43,85,3973000
43,85,3974000
43,85,3975000
43,85,3976000
43,85,3977000
43,85,3978000
43,85,3979000
43,85,3980000
43,85,3981000
43,85,3982000
43,85,3983000
43,85,3984000
43,85,3985000
43,85,3986000
43,85,3987000
43,85,3988000
43,85,3989000
43,85,3990000
43,85,3991000
43,85,3992000
43,85,3993000
43,85,3994000
43,85,3995000
43,85,3996000
43,85,3997000
43,85,3998000
43,85,3999000
43,85,4000000
43,85,4001000
43,85,4002000
43,85,4003000
43,85,4004000
43,85,4005000
43,85,4006000
43,85,4007000
43,85,4008000
43,85,4009000
43,85,4010000
43,85,4011000
43,85,4012000
43,85,4013000
43,85,4014000
43,85,4015000
43,85,4016000
43,85,4017000
43,85,4018000
43,85,4019000
43,85,4020000
43,85,4021000
43,85,4022000
43,85,4023000
43,85,4024000
43,85,4025000
43,85,4026000
43,85,4027000
43,85,4028000
43,85,4029000
43,85,4030000
43,85,4031000
43,85,4032000
43,85,4033000
43,85,4034000
43,85,4035000
43,85,4036000
43,85,4037000
43,85,4038000
43,85,4039000
43,85,4040000
43,85,4041000
43,85,4042000
43,85,4043000
43,85,4044000
43,85,4045000
43,85,4046000
43,85,4047000
43,85,4048000
43,85,4049000
43,85,4050000
43,85,4051000
43,85,4052000
43,85,4053000
43,85,4054000
43,85,4055000
43,85,4056000
43,85,4057000
43,85,4058000
43,85,4059000
43,85,4060000
43,85,4061000
43,85,4062000
43,85,4063000
43,85,4064000
43,85,4065000
43,85,4066000
43,85,4067000
43,85,4068000
43,85,4069000
43,85,4070000
43,85,4071000
43,85,4072000
43,85,4073000
43,85,4074000
43,85,4075000
43,85,4076000
43,85,4077000
43,85,4078000
43,85,4079000
43,85,4080000
43,85,4081000
43,85,4082000
43,85,4083000
43,85,4084000
43,85,4085000
43,85,4086000
43,85,4087000
43,85,4088000
43,85,4089000
43,85,4090000
43,85,4091000
43,85,4092000
43,85,4093000
43,85,4094000
43,85,4095000
43,85,4096000
43,85,4097000
43,85,4098000
43,85,4099000
43,85,4100000
43,85,4101000
43,85,4102000
43,85,4103000
43,85,4104000
43,85,4105000
43,85,4106000
43,85,4107000
43,85,4108000
43,85,4109000
43,85,4110000
43,85,4111000
43,85,4112000
43,85,4113000
43,85,4114000
43,85,4115000
43,85,4116000
43,85,4117000
43,85,4118000
43,85,4119000
43,85,4120000
43,85,4121000
43,85,4122000
43,85,4123000
43,85,4124000
43,85,4125000
43,85,4126000
43,85,4127000
43,85,4128000
43,85,4129000
43,85,4130000
43,85,4131000
43,85,4132000
43,85,4133000
43,85,4134000
43,85,4135000
43,85,4136000
43,85,4137000
43,85,4138000
43,85,4139000
43,85,4140000
43,85,4141000
43,85,4142000
43,85,4143000
43,85,4144000
43,85,4145000
43,85,4146000
43,85,4147000
43,85,4148000
43,85,4149000
43,85,4150000
43,85,4151000
43,85,4152000
43,85,4153000
43,85,4154000
43,85,4155000
43,85,4156000
43,85,4157000
43,85,4158000
43,85,4159000
43,85,4160000
43,85,4161000
43,85,4162000
43,85,4163000
43,85,4164000
43,85,4165000
43,85,4166000
43,85,4167000
43,85,4168000
43,85,4169000
43,85,4170000
43,85,4171000
43,85,4172000
43,85,4173000
43,85,4174000
43,85,4175000
43,85,4176000
43,85,4177000
43,85,4178000
43,85,4179000
43,85,4180000
43,85,4181000
43,85,4182000
43,85,4183000
43,85,4184000
43,85,4185000
43,85,4186000
43,85,4187000
43,85,4188000
43,85,4189000
43,85,4190000
43,85,4191000
43,85,4192000
43,85,4193000
43,85,4194000
43,85,4195000
43,85,4196000
43,85,4197000
43,85,4198000
43,85,4199000
43,85,4200000
43,85,4201000
43,85,4202000
43,85,4203000
43,85,4204000
43,85,4205000
43,85,4206000
43,85,4207000
43,85,4208000
43,85,4209000
43,85,4210000
43,85,4211000
43,85,4212000
43,85,4213000
43,85,4214000
43,85,4215000
43,85,4216000
43,85,4217000
43,85,4218000
43,85,4219000
43,85,4220000
43,85,4221000
43,85,4222000
43,85,4223000
43,85,4224000
43,85,4225000
43,85,4226000
43,85,4227000
43,85,4228000
43,85,4229000
43,85,4230000
43,85,4231000
43,85,4232000
43,85,4233000
43,85,4234000
43,85,4235000
43,85,4236000
43,85,4237000
43,85,4238000
43,85,4239000
43,85,4240000
43,85,4241000
43,85,4242000
43,85,4243000
43,85,4244000
43,85,4245000
43,85,4246000
43,85,4247000
43,85,4248000
43,85,4249000
43,85,4250000
43,85,4251000
43,85,4252000
43,85,4253000
43,85,4254000
43,85,4255000
43,85,4256000
43,85,4257000
43,85,4258000
43,85,4259000
43,85,4260000
43,85,4261000
43,85,4262000
43,85,4263000
43,85,4264000
43,85,4265000
43,85,4266000
43,85,4267000
43,85,4268000
43,85,4269000
43,85,4270000
43,85,4271000
43,85,4272000
43,85,4273000
43,85,4274000
43,85,4275000
43,85,4276000
43,85,4277000
43,85,4278000
43,85,4279000
43,85,4280000
43,85,4281000
43,85,4282000
43,85,4283000
43,85,4284000
43,85,4285000
43,85,4286000
43,85,4287000
43,85,4288000
43,85,4289000
43,85,4290000
43,85,4291000
43,85,4292000
43,85,4293000
43,85,4294000
43,85,4295000
43,85,4296000
43,85,4297000
43,85,4298000
43,85,4299000
43,85,4300000
43,85,4301000
43,85,4302000
43,85,4303000
43,85,4304000
43,85,4305000
43,85,4306000
43,85,4307000
43,85,4308000
43,85,4309000
43,85,4310000
43,85,4311000
43,85,4312000
43,85,4313000
43,85,4314000
43,85,4315000
43,85,4316000
43,85,4317000
43,85,4318000
43,85,4319000
43,85,4320000
43,85,4321000
43,85,4322000
43,85,4323000
43,85,4324000
43,85,4325000
43,85,4326000
43,85,4327000
43,85,4328000
43,85,4329000
43,85,4330000
43,85,4331000
43,85,4332000
43,85,4333000
43,85,4334000
43,85,4335000
43,85,4336000
43,85,4337000
43,85,4338000
43,85,4339000
43,85,4340000
43,85,4341000
43,85,4342000
43,85,4343000
43,85,4344000
43,85,4345000
43,85,4346000
43,85,4347000
43,85,4348000
43,85,4349000
43,85,4350000
43,85,4351000
43,85,4352000
43,85,4353000
43,85,4354000
43,85,4355000
43,85,4356000
43,85,4357000
43,85,4358000
43,85,4359000
43,85,4360000
43,85,4361000
43,85,4362000
43,85,4363000
43,85,4364000
43,85,4365000
43,85,4366000
43,85,4367000
43,85,4368000
43,85,4369000
43,85,4370000
43,85,4371000
43,85,4372000
43,85,4373000
43,85,4374000
43,85,4375000
43,85,4376000
43,85,4377000
43,85,4378000
43,85,4379000
43,85,4380000
43,85,4381000
43,85,4382000
43,85,4383000
43,85,4384000
43,85,4385000
43,85,4386000
43,85,4387000
43,85,4388000
43,85,4389000
43,85,4390000
43,85,4391000
43,85,4392000
43,85,4393000
43,85,4394000
43,85,4395000
43,85,4396000
43,85,4397000
43,85,4398000
43,85,4399000
43,85,4400000
43,85,4401000
43,85,4402000
43,85,4403000
43,85,4404000
43,85,4405000
43,85,4406000
43,85,4407000
43,85,4408000
43,85,4409000
43,85,4410000
43,85,4411000
43,85,4412000
43,85,4413000
43,85,4414000
43,85,4415000
43,85,4416000
43,85,4417000
43,85,4418000
43,85,4419000
43,85,4420000
43,85,4421000
43,85,4422000
43,85,4423000
43,85,4424000
43,85,4425000
43,85,4426000
43,85,4427000
43,85,4428000
43,85,4429000
43,85,4430000
43,85,4431000
43,85,4432000
43,85,4433000
43,85,4434000
43,85,4435000
43,85,4436000
43,85,4437000
43,85,4438000
43,85,4439000
43,85,4440000
43,85,4441000
43,85,4442000
43,85,4443000
43,85,4444000
43,85,4445000
43,85,4446000
43,85,4447000
43,85,4448000
43,85,4449000
43,85,4450000
43,85,4451000
43,85,4452000
43,85,4453000
43,85,4454000
43,85,4455000
43,85,4456000
43,85,4457000
43,85,4458000
43,85,4459000
43,85,4460000
43,85,4461000
43,85,4462000
43,85,4463000
43,85,4464000
43,85,4465000
43,85,4466000
43,85,4467000
43,85,4468000
43,85,4469000
43,85,4470000
43,85,4471000
43,85,4472000
43,85,4473000
43,85,4474000
43,85,4475000
43,85,4476000
43,85,4477000
43,85,4478000
43,85,4479000
43,85,4480000
43,85,4481000
43,85,4482000
43,85,4483000
43,85,4484000
43,85,4485000
43,85,4486000
43,85,4487000
43,85,4488000
43,85,4489000
43,85,4490000
43,85,4491000
43,85,4492000
43,85,4493000
43,85,4494000
43,85,4495000
43,85,4496000
43,85,4497000
43,85,4498000
43,85,4499000
43,85,4500000
43,85,4501000
43,85,4502000
43,85,4503000
43,85,4504000
43,85,4505000
43,85,4506000
43,85,4507000
43,85,4508000
43,85,4509000
43,85,4510000
43,85,4511000
43,85,4512000
43,85,4513000
43,85,4514000
43,85,4515000
43,85,4516000
43,85,4517000
43,85,4518000
43,85,4519000
43,85,4520000
43,85,4521000
43,85,4522000
43,85,4523000
43,85,4524000
43,85,4525000
43,85,4526000
43,85,4527000
43,85,4528000
43,85,4529000
43,85,4530000
43,85,4531000
43,85,4532000
43,85,4533000
43,85,4534000
43,85,4535000
43,85,4536000
43,85,4537000
43,85,4538000
43,85,4539000
43,85,4540000
43,85,4541000
43,85,4542000
43,85,4543000
43,85,4544000
43,85,4545000
43,85,4546000
43,85,4547000
43,85,4548000
43,85,4549000
43,85,4550000
43,85,4551000
43,85,4552000
43,85,4553000
43,85,4554000
43,85,4555000
43,85,4556000
43,85,4557000
43,85,4558000
43,85,4559000
43,85,4560000
43,85,4561000
43,85,4562000
43,85,4563000
43,85,4564000
43,85,4565000
43,85,4566000
43,85,4567000
43,85,4568000
43,85,4569000
43,85,4570000
43,85,4571000
43,85,4572000
43,85,4573000
43,85,4574000
43,85,4575000
43,85,4576000
43,85,4577000
43,85,4578000
43,85,4579000
43,85,4580000
43,85,4581000
43,85,4582000
43,85,4583000
43,85,4584000
43,85,4585000
43,85,4586000
43,85,4587000
43,85,4588000
43,85,4589000
43,85,4590000
43,85,4591000
43,85,4592000
43,85,4593000
43,85,4594000
43,85,4595000
43,85,4596000
43,85,4597000
43,85,4598000
43,85,4599000
43,85,4600000
43,85,4601000
43,85,4602000
43,85,4603000
43,85,4604000
43,85,4605000
43,85,4606000
43,85,4607000
43,85,4608000
43,85,4609000
43,85,4610000
43,85,4611000
43,85,4612000
43,85,4613000
43,85,4614000
43,85,4615000
43,85,4616000
43,85,4617000
43,85,4618000
43,85,4619000
43,85,4620000
43,85,4621000
43,85,4622000
43,85,4623000
43,85,4624000
43,85,4625000
43,85,4626000
43,85,4627000
43,85,4628000
43,85,4629000
43,85,4630000
43,85,4631000
43,85,4632000
43,85,4633000
43,85,4634000
43,85,4635000
43,85,4636000
43,85,4637000
43,85,4638000
43,85,4639000
43,85,4640000
43,85,4641000
43,85,4642000
43,85,4643000
43,85,4644000
43,85,4645000
43,85,4646000
43,85,4647000
43,85,4648000
43,85,4649000
43,85,4650000
43,85,4651000
43,85,4652000
43,85,4653000
43,85,4654000
43,85,4655000
43,85,4656000
43,85,4657000
43,85,4658000
43,85,4659000
43,85,4660000
43,85,4661000
43,85,4662000
43,85,4663000
43,85,4664000
43,85,4665000
43,85,4666000
43,85,4667000
43,85,4668000
43,85,4669000
43,85,4670000
43,85,4671000
43,85,4672000
43,85,4673000
43,85,4674000
43,85,4675000
43,85,4676000
43,85,4677000
43,85,4678000
43,85,4679000
43,85,4680000
43,85,4681000
43,85,4682000
43,85,4683000
43,85,4684000
43,85,4685000
43,85,4686000
43,85,4687000
43,85,4688000
43,85,4689000
43,85,4690000
43,85,4691000
43,85,4692000
43,85,4693000
43,85,4694000
43,85,4695000
43,85,4696000
43,85,4697000
43,85,4698000
43,85,4699000
43,85,4700000
43,85,4701000
43,85,4702000
43,85,4703000
43,85,4704000
43,85,4705000
43,85,4706000
43,85,4707000
43,85,4708000
43,85,4709000
43,85,4710000
43,85,4711000
43,85,4712000
43,85,4713000
43,85,4714000
43,85,4715000
43,85,4716000
43,85,4717000
43,85,4718000
43,85,4719000
43,85,4720000
43,85,4721000
43,85,4722000
43,85,4723000
43,85,4724000
43,85,4725000
43,85,4726000
43,85,4727000
43,85,4728000
43,85,4729000
43,85,4730000
43,85,4731000
43,85,4732000
43,85,4733000
43,85,4734000
43,85,4735000
43,85,4736000
43,85,4737000
43,85,4738000
43,85,4739000
43,85,4740000
43,85,4741000
43,85,4742000
43,85,4743000
43,85,4744000
43,85,4745000
43,85,4746000
43,85,4747000
43,85,4748000
43,85,4749000
43,85,4750000
43,85,4751000
43,85,4752000
43,85,4753000
43,85,4754000
43,85,4755000
43,85,4756000
43,85,4757000
43,85,4758000
43,85,4759000
43,85,4760000
43,85,4761000
43,85,4762000
43,85,4763000
43,85,4764000
43,85,4765000
43,85,4766000
43,85,4767000
43,85,4768000
43,85,4769000
43,85,4770000
43,85,4771000
43,85,4772000
43,85,4773000
43,85,4774000
43,85,4775000
43,85,4776000
43,85,4777000
43,85,4778000
43,85,4779000
43,85,4780000
43,85,4781000
43,85,4782000
43,85,4783000
43,85,4784000
43,85,4785000
43,85,4786000
43,85,4787000
43,85,4788000
43,85,4789000
43,85,4790000
43,85,4791000
43,85,4792000
43,85,4793000
43,85,4794000
43,85,4795000
43,85,4796000
43,85,4797000
43,85,4798000
43,85,4799000
43,85,4800000
43,85,4801000
43,85,4802000
43,85,4803000
43,85,4804000
43,85,4805000
43,85,4806000
43,85,4807000
43,85,4808000
43,85,4809000
43,85,4810000
43,85,4811000
43,85,4812000
43,85,4813000
43,85,4814000
43,85,4815000
43,85,4816000
43,85,4817000
43,85,4818000
43,85,4819000
43,85,4820000
43,85,4821000
43,85,4822000
43,85,4823000
43,85,4824000
43,85,4825000
43,85,4826000
43,85,4827000
43,85,4828000
43,85,4829000
43,85,4830000
43,85,4831000
43,85,4832000
43,85,4833000
43,85,4834000
43,85,4835000
43,85,4836000
43,85,4837000
43,85,4838000
43,85,4839000
43,85,4840000
43,85,4841000
43,85,4842000
43,85,4843000
43,85,4844000
43,85,4845000
43,85,4846000
43,85,4847000
43,85,4848000
43,85,4849000
43,85,4850000
43,85,4851000
43,85,4852000
43,85,4853000
43,85,4854000
43,85,4855000
43,85,4856000
43,85,4857000
43,85,4858000
43,85,4859000
43,85,4860000
43,85,4861000
43,85,4862000
43,85,4863000
43,85,4864000
43,85,4865000
43,85,4866000
43,85,4867000
43,85,4868000
43,85,4869000
43,85,4870000
43,85,4871000
43,85,4872000
43,85,4873000
43,85,4874000
43,85,4875000
43,85,4876000
43,85,4877000
43,85,4878000
43,85,4879000
43,85,4880000
43,85,4881000
43,85,4882000
43,85,4883000
43,85,4884000
43,85,4885000
43,85,4886000
43,85,4887000
43,85,4888000
43,85,4889000
43,85,4890000
43,85,4891000
43,85,4892000
43,85,4893000
43,85,4894000
43,85,4895000
43,85,4896000
43,85,4897000
43,85,4898000
43,85,4899000
43,85,4900000
43,85,4901000
43,85,4902000
43,85,4903000
43,85,4904000
43,85,4905000
43,85,4906000
43,85,4907000
43,85,4908000
43,85,4909000
43,85,4910000
43,85,4911000
43,85,4912000
43,85,4913000
43,85,4914000
43,85,4915000
43,85,4916000
43,85,4917000
43,85,4918000
43,85,4919000
43,85,4920000
43,85,4921000
43,85,4922000
43,85,4923000
43,85,4924000
43,85,4925000
43,85,4926000
43,85,4927000
43,85,4928000
43,85,4929000
43,85,4930000
43,85,4931000
43,85,4932000
43,85,4933000
43,85,4934000
43,85,4935000
43,85,4936000
43,85,4937000
43,85,4938000
43,85,4939000
43,85,4940000
43,85,4941000
43,85,4942000
43,85,4943000
43,85,4944000
43,85,4945000
43,85,4946000
43,85,4947000
43,85,4948000
43,85,4949000
43,85,4950000
43,85,4951000
43,85,4952000
43,85,4953000
43,85,4954000
43,85,4955000
43,85,4956000
43,85,4957000
43,85,4958000
43,85,4959000
43,85,4960000
43,85,4961000
43,85,4962000
43,85,4963000
43,85,4964000
43,85,4965000
43,85,4966000
43,85,4967000
43,85,4968000
43,85,4969000
43,85,4970000
43,85,4971000
43,85,4972000
43,85,4973000
43,85,4974000
43,85,4975000
43,85,4976000
43,85,4977000
43,85,4978000
43,85,4979000
43,85,4980000
43,85,4981000
43,85,4982000
43,85,4983000
43,85,4984000
43,85,4985000
43,85,4986000
43,85,4987000
43,85,4988000
43,85,4989000
43,85,4990000
43,85,4991000
43,85,4992000
43,85,4993000
43,85,4994000
43,85,4995000
43,85,4996000
43,85,4997000
43,85,4998000
43,85,4999000
43,85,5000000
43,85,5001000
43,85,5002000
43,85,5003000
43,85,5004000
43,85,5005000
43,85,5006000
43,85,5007000
43,85,5008000
43,85,5009000
43,85,5010000
43,85,5011000
43,85,5012000
43,85,5013000
43,85,5014000
43,85,5015000
43,85,5016000
43,85,5017000
43,85,5018000
43,85,5019000
43,85,5020000
43,85,5021000
43,85,5022000
43,85,5023000
43,85,5024000
43,85,5025000
43,85,5026000
43,85,5027000
43,85,5028000
43,85,5029000
43,85,5030000
43,85,5031000
43,85,5032000
43,85,5033000
43,85,5034000
43,85,5035000
43,85,5036000
43,85,5037000
43,85,5038000
43,85,5039000
43,85,5040000
43,85,5041000
43,85,5042000
43,85,5043000
43,85,5044000
43,85,5045000
43,85,5046000
43,85,5047000
43,85,5048000
43,85,5049000
43,85,5050000
43,85,5051000
43,85,5052000
43,85,5053000
43,85,5054000
43,85,5055000
43,85,5056000
43,85,5057000
43,85,5058000
43,85,5059000
43,85,5060000
43,85,5061000
43,85,5062000
43,85,5063000
43,85,5064000
43,85,5065000
43,85,5066000
43,85,5067000
43,85,5068000
43,85,5069000
43,85,5070000
43,85,5071000
43,85,5072000
43,85,5073000
43,85,5074000
43,85,5075000
43,85,5076000
43,85,5077000
43,85,5078000
43,85,5079000
43,85,5080000
43,85,5081000
43,85,5082000
43,85,5083000
43,85,5084000
43,85,5085000
43,85,5086000
43,85,5087000
43,85,5088000
43,85,5089000
43,85,5090000
43,85,5091000
43,85,5092000
43,85,5093000
43,85,5094000
43,85,5095000
43,85,5096000
43,85,5097000
43,85,5098000
43,85,5099000
43,85,5100000
43,85,5101000
43,85,5102000
43,85,5103000
43,85,5104000
43,85,5105000
43,85,5106000
43,85,5107000
43,85,5108000
43,85,5109000
43,85,5110000
43,85,5111000
43,85,5112000
43,85,5113000
43,85,5114000
43,85,5115000
43,85,5116000
43,85,5117000
43,85,5118000
43,85,5119000
43,85,5120000
43,85,5121000
43,85,5122000
43,85,5123000
43,85,5124000
43,85,5125000
43,85,5126000
43,85,5127000
43,85,5128000
43,85,5129000
43,85,5130000
43,85,5131000
43,85,5132000
43,85,5133000
43,85,5134000
43,85,5135000
43,85,5136000
43,85,5137000
43,85,5138000
43,85,5139000
43,85,5140000
43,85,5141000
43,85,5142000
43,85,5143000
43,85,5144000
43,85,5145000
43,85,5146000
43,85,5147000
43,85,5148000
43,85,5149000
43,85,5150000
43,85,5151000
43,85,5152000
43,85,5153000
43,85,5154000
43,85,5155000
43,85,5156000
43,85,5157000
43,85,5158000
43,85,5159000
43,85,5160000
43,85,5161000
43,85,5162000
43,85,5163000
43,85,5164000
43,85,5165000
43,85,5166000
43,85,5167000
43,85,5168000
43,85,5169000
43,85,5170000
43,85,5171000
43,85,5172000
43,85,5173000
43,85,5174000
43,85,5175000
43,85,5176000
43,85,5177000
43,85,5178000
43,85,5179000
43,85,5180000
43,85,5181000
43,85,5182000
43,85,5183000
43,85,5184000
43,85,5185000
43,85,5186000
43,85,5187000
43,85,5188000
43,85,5189000
43,85,5190000
43,85,5191000
43,85,5192000
43,85,5193000
43,85,5194000
43,85,5195000
43,85,5196000
43,85,5197000
43,85,5198000
43,85,5199000
43,85,5200000
43,85,5201000
43,85,5202000
43,85,5203000
43,85,5204000
43,85,5205000
43,85,5206000
43,85,5207000
43,85,5208000
43,85,5209000
43,85,5210000
43,85,5211000
43,85,5212000
43,85,5213000
43,85,5214000
43,85,5215000
43,85,5216000
43,85,5217000
43,85,5218000
43,85,5219000
43,85,5220000
43,85,5221000
43,85,5222000
43,85,5223000
43,85,5224000
43,85,5225000
43,85,5226000
43,85,5227000
43,85,5228000
43,85,5229000
43,85,5230000
43,85,5231000
43,85,5232000
43,85,5233000
43,85,5234000
43,85,5235000
43,85,5236000
43,85,5237000
43,85,5238000
43,85,5239000
43,85,5240000
43,85,5241000
43,85,5242000
43,85,5243000
43,85,5244000
43,85,5245000
43,85,5246000
43,85,5247000
43,85,5248000
43,85,5249000
43,85,5250000
43,85,5251000
43,85,5252000
43,85,5253000
43,85,5254000
43,85,5255000
43,85,5256000
43,85,5257000
43,85,5258000
43,85,5259000
43,85,5260000
43,85,5261000
43,85,5262000
43,85,5263000
43,85,5264000
43,85,5265000
43,85,5266000
43,85,5267000
43,85,5268000
43,85,5269000
43,85,5270000
43,85,5271000
43,85,5272000
43,85,5273000
43,85,5274000
43,85,5275000
43,85,5276000
43,85,5277000
43,85,5278000
43,85,5279000
43,85,5280000
43,85,5281000
43,85,5282000
43,85,5283000
43,85,5284000
43,85,5285000
43,85,5286000
43,85,5287000
43,85,5288000
43,85,5289000
43,85,5290000
43,85,5291000
43,85,5292000
43,85,5293000
43,85,5294000
43,85,5295000
43,85,5296000
43,85,5297000
43,85,5298000
43,85,5299000
43,85,5300000
43,85,5301000
43,85,5302000
43,85,5303000
43,85,5304000
43,85,5305000
43,85,5306000
43,85,5307000
43,85,5308000
43,85,5309000
43,85,5310000
43,85,5311000
43,85,5312000
43,85,5313000
43,85,5314000
43,85,5315000
43,85,5316000
43,85,5317000
43,85,5318000
43,85,5319000
43,85,5320000
43,85,5321000
43,85,5322000
43,85,5323000
43,85,5324000
43,85,5325000
43,85,5326000
43,85,5327000
43,85,5328000
43,85,5329000
43,85,5330000
43,85,5331000
43,85,5332000
43,85,5333000
43,85,5334000
43,85,5335000
43,85,5336000
43,85,5337000
43,85,5338000
43,85,5339000
43,85,5340000
43,85,5341000
43,85,5342000
43,85,5343000
43,85,5344000
43,85,5345000
43,85,5346000
43,85,5347000
43,85,5348000
43,85,5349000
43,85,5350000
43,85,5351000
43,85,5352000
43,85,5353000
43,85,5354000
43,85,5355000
43,85,5356000
43,85,5357000
43,85,5358000
43,85,5359000
43,85,5360000
43,85,5361000
43,85,5362000
43,85,5363000
43,85,5364000
43,85,5365000
43,85,5366000
43,85,5367000
43,85,5368000
43,85,5369000
43,85,5370000
43,85,5371000
43,85,5372000
43,85,5373000
43,85,5374000
43,85,5375000
43,85,5376000
43,85,5377000
43,85,5378000
43,85,5379000
43,85,5380000
43,85,5381000
43,85,5382000
43,85,5383000
43,85,5384000
43,85,5385000
43,85,5386000
43,85,5387000
43,85,5388000
43,85,5389000
43,85,5390000
43,85,5391000
43,85,5392000
43,85,5393000
43,85,5394000
43,85,5395000
43,85,5396000
43,85,5397000
43,85,5398000
43,85,5399000
43,85,5400000
43,85,5401000
43,85,5402000
43,85,5403000
43,85,5404000
43,85,5405000
43,85,5406000
43,85,5407000
43,85,5408000
43,85,5409000
43,85,5410000
43,85,5411000
43,85,5412000
43,85,5413000
43,85,5414000
43,85,5415000
43,85,5416000
43,85,5417000
43,85,5418000
43,85,5419000
43,85,5420000
43,85,5421000
43,85,5422000
43,85,5423000
43,85,5424000
43,85,5425000
43,85,5426000
43,85,5427000
43,85,5428000
43,85,5429000
43,85,5430000
43,85,5431000
43,85,5432000
43,85,5433000
43,85,5434000
43,85,5435000
43,85,5436000
43,85,5437000
43,85,5438000
43,85,5439000
43,85,5440000
43,85,5441000
43,85,5442000
43,85,5443000
43,85,5444000
43,85,5445000
43,85,5446000
43,85,5447000
43,85,5448000
43,85,5449000
43,85,5450000
43,85,5451000
43,85,5452000
43,85,5453000
43,85,5454000
43,85,5455000
43,85,5456000
43,85,5457000
43,85,5458000
43,85,5459000
43,85,5460000
43,85,5461000
43,85,5462000
43,85,5463000
43,85,5464000
43,85,5465000
43,85,5466000
43,85,5467000
43,85,5468000
43,85,5469000
43,85,5470000
43,85,5471000
43,85,5472000
43,85,5473000
43,85,5474000
43,85,5475000
43,85,5476000
43,85,5477000
43,85,5478000
43,85,5479000
43,85,5480000
43,85,5481000
43,85,5482000
43,85,5483000
43,85,5484000
43,85,5485000
43,85,5486000
43,85,5487000
43,85,5488000
43,85,5489000
43,85,5490000
43,85,5491000
43,85,5492000
43,85,5493000
43,85,5494000
43,85,5495000
43,85,5496000
43,85,5497000
43,85,5498000
43,85,5499000
43,85,5500000
43,85,5501000
43,85,5502000
43,85,5503000
43,85,5504000
43,85,5505000
43,85,5506000
43,85,5507000
43,85,5508000
43,85,5509000
43,85,5510000
43,85,5511000
43,85,5512000
43,85,5513000
43,85,5514000
43,85,5515000
43,85,5516000
43,85,5517000
43,85,5518000
43,85,5519000
43,85,5520000
43,85,5521000
43,85,5522000
43,85,5523000
43,85,5524000
43,85,5525000
43,85,5526000
43,85,5527000
43,85,5528000
43,85,5529000
43,85,5530000
43,85,5531000
43,85,5532000
43,85,5533000
43,85,5534000
43,85,5535000
43,85,5536000
43,85,5537000
43,85,5538000
43,85,5539000
43,85,5540000
43,85,5541000
43,85,5542000
43,85,5543000
43,85,5544000
43,85,5545000
43,85,5546000
43,85,5547000
43,85,5548000
43,85,5549000
43,85,5550000
43,85,5551000
43,85,5552000
43,85,5553000
43,85,5554000
43,85,5555000
43,85,5556000
43,85,5557000
43,85,5558000
43,85,5559000
43,85,5560000
43,85,5561000
43,85,5562000
43,85,5563000
43,85,5564000
43,85,5565000
43,85,5566000
43,85,5567000
43,85,5568000
43,85,5569000
43,85,5570000
43,85,5571000
43,85,5572000
43,85,5573000
43,85,5574000
43,85,5575000
43,85,5576000
43,85,5577000
43,85,5578000
43,85,5579000
43,85,5580000
43,85,5581000
43,85,5582000
43,85,5583000
43,85,5584000
43,85,5585000
43,85,5586000
43,85,5587000
43,85,5588000
43,85,5589000
43,85,5590000
43,85,5591000
43,85,5592000
43,85,5593000
43,85,5594000
43,85,5595000
43,85,5596000
43,85,5597000
43,85,5598000
43,85,5599000
43,85,5600000
43,85,5601000
43,85,5602000
43,85,5603000
43,85,5604000
43,85,5605000
43,85,5606000
43,85,5607000
43,85,5608000
43,85,5609000
43,85,5610000
43,85,5611000
43,85,5612000
43,85,5613000
43,85,5614000
43,85,5615000
43,85,5616000
43,85,5617000
43,85,5618000
43,85,5619000
43,85,5620000
43,85,5621000
43,85,5622000
43,85,5623000
43,85,5624000
43,85,5625000
43,85,5626000
43,85,5627000
43,85,5628000
43,85,5629000
43,85,5630000
43,85,5631000
43,85,5632000
43,85,5633000
43,85,5634000
43,85,5635000
43,85,5636000
43,85,5637000
43,85,5638000
43,85,5639000
43,85,5640000
43,85,5641000
43,85,5642000
43,85,5643000
43,85,5644000
43,85,5645000
43,85,5646000
43,85,5647000
43,85,5648000
43,85,5649000
43,85,5650000
43,85,5651000
43,85,5652000
43,85,5653000
43,85,5654000
43,85,5655000
43,85,5656000
43,85,5657000
43,85,5658000
43,85,5659000
43,85,5660000
43,85,5661000
43,85,5662000
43,85,5663000
43,85,5664000
43,85,5665000
43,85,5666000
43,85,5667000
43,85,5668000
43,85,5669000
43,85,5670000
43,85,5671000
43,85,5672000
43,85,5673000
43,85,5674000
43,85,5675000
43,85,5676000
43,85,5677000
43,85,5678000
43,85,5679000
43,85,5680000
43,85,5681000
43,85,5682000
43,85,5683000
43,85,5684000
43,85,5685000
43,85,5686000
43,85,5687000
43,85,5688000
43,85,5689000
43,85,5690000
43,85,5691000
43,85,5692000
43,85,5693000
43,85,5694000
43,85,5695000
43,85,5696000
43,85,5697000
43,85,5698000
43,85,5699000
43,85,5700000
43,85,5701000
43,85,5702000
43,85,5703000
43,85,5704000
43,85,5705000
43,85,5706000
43,85,5707000
43,85,5708000
43,85,5709000
43,85,5710000
43,85,5711000
43,85,5712000
43,85,5713000
43,85,5714000
43,85,5715000
43,85,5716000
43,85,5717000
43,85,5718000
43,85,5719000
43,85,5720000
43,85,5721000
43,85,5722000
43,85,5723000
43,85,5724000
43,85,5725000
43,85,5726000
43,85,5727000
43,85,5728000
43,85,5729000
43,85,5730000
43,85,5731000
43,85,5732000
43,85,5733000
43,85,5734000
43,85,5735000
43,85,5736000
43,85,5737000
43,85,5738000
43,85,5739000
43,85,5740000
43,85,5741000
43,85,5742000
43,85,5743000
43,85,5744000
43,85,5745000
43,85,5746000
43,85,5747000
43,85,5748000
43,85,5749000
43,85,5750000
43,85,5751000
43,85,5752000
43,85,5753000
43,85,5754000
43,85,5755000
43,85,5756000
43,85,5757000
43,85,5758000
43,85,5759000
43,85,5760000
43,85,5761000
43,85,5762000
43,85,5763000
43,85,5764000
43,85,5765000
43,85,5766000
43,85,5767000
43,85,5768000
43,85,5769000
43,85,5770000
43,85,5771000
43,85,5772000
43,85,5773000
43,85,5774000
43,85,5775000
43,85,5776000
43,85,5777000
43,85,5778000
43,85,5779000
43,85,5780000
43,85,5781000
43,85,5782000
43,85,5783000
43,85,5784000
43,85,5785000
43,85,5786000
43,85,5787000
43,85,5788000
43,85,5789000
43,85,5790000
43,85,5791000
43,85,5792000
43,85,5793000
43,85,5794000
43,85,5795000
43,85,5796000
43,85,5797000
43,85,5798000
43,85,5799000
43,85,5800000
43,85,5801000
43,85,5802000
43,85,5803000
43,85,5804000
43,85,5805000
43,85,5806000
43,85,5807000
43,85,5808000
43,85,5809000
43,85,5810000
43,85,5811000
43,85,5812000
43,85,5813000
43,85,5814000
43,85,5815000
43,85,5816000
43,85,5817000
43,85,5818000
43,85,5819000
43,85,5820000
43,85,5821000
43,85,5822000
43,85,5823000
43,85,5824000
43,85,5825000
43,85,5826000
43,85,5827000
43,85,5828000
43,85,5829000
43,85,5830000
43,85,5831000
43,85,5832000
43,85,5833000
43,85,5834000
43,85,5835000
43,85,5836000
43,85,5837000
43,85,5838000
43,85,5839000
43,85,5840000
43,85,5841000
43,85,5842000
43,85,5843000
43,85,5844000
43,85,5845000
43,85,5846000
43,85,5847000
43,85,5848000
43,85,5849000
43,85,5850000
43,85,5851000
43,85,5852000
43,85,5853000
43,85,5854000
43,85,5855000
43,85,5856000
43,85,5857000
43,85,5858000
43,85,5859000
43,85,5860000
43,85,5861000
43,85,5862000
43,85,5863000
43,85,5864000
43,85,5865000
43,85,5866000
43,85,5867000
43,85,5868000
43,85,5869000
43,85,5870000
43,85,5871000
43,85,5872000
43,85,5873000
43,85,5874000
43,85,5875000
43,85,5876000
43,85,5877000
43,85,5878000
43,85,5879000
43,85,5880000
43,85,5881000
43,85,5882000
43,85,5883000
43,85,5884000
43,85,5885000
43,85,5886000
43,85,5887000
43,85,5888000
43,85,5889000
43,85,5890000
43,85,5891000
43,85,5892000
43,85,5893000
43,85,5894000
43,85,5895000
43,85,5896000
43,85,5897000
43,85,5898000
43,85,5899000
43,85,5900000
43,85,5901000
43,85,5902000
43,85,5903000
43,85,5904000
43,85,5905000
43,85,5906000
43,85,5907000
43,85,5908000
43,85,5909000
43,85,5910000
43,85,5911000
43,85,5912000
43,85,5913000
43,85,5914000
43,85,5915000
43,85,5916000
43,85,5917000
43,85,5918000
43,85,5919000
43,85,5920000
43,85,5921000
43,85,5922000
43,85,5923000
43,85,5924000
43,85,5925000
43,85,5926000
43,85,5927000
43,85,5928000
43,85,5929000
43,85,5930000
43,85,5931000
43,85,5932000
43,85,5933000
43,85,5934000
43,85,5935000
43,85,5936000
43,85,5937000
43,85,5938000
43,85,5939000
43,85,5940000
43,85,5941000
43,85,5942000
43,85,5943000
43,85,5944000
43,85,5945000
43,85,5946000
43,85,5947000
43,85,5948000
43,85,5949000
43,85,5950000
43,85,5951000
43,85,5952000
43,85,5953000
43,85,5954000
43,85,5955000
43,85,5956000
43,85,5957000
43,85,5958000
43,85,5959000
43,85,5960000
43,85,5961000
43,85,5962000
43,85,5963000
43,85,5964000
43,85,5965000
43,85,5966000
43,85,5967000
43,85,5968000
43,85,5969000
43,85,5970000
43,85,5971000
43,85,5972000
43,85,5973000
43,85,5974000
43,85,5975000
43,85,5976000
43,85,5977000
43,85,5978000
43,85,5979000
43,85,5980000
43,85,5981000
43,85,5982000
43,85,5983000
43,85,5984000
43,85,5985000
43,85,5986000
43,85,5987000
43,85,5988000
43,85,5989000
43,85,5990000
43,85,5991000
43,85,5992000
43,85,5993000
43,85,5994000
43,85,5995000
43,85,5996000
43,85,5997000
43,85,5998000
43,85,5999000
43,85,6000000
43,85,6001000
43,85,6002000
43,85,6003000
43,85,6004000
43,85,6005000
43,85,6006000
43,85,6007000
43,85,6008000
43,85,6009000
43,85,6010000
43,85,6011000
43,85,6012000
43,85,6013000
43,85,6014000
43,85,6015000
43,85,6016000
43,85,6017000
43,85,6018000
43,85,6019000
43,85,6020000
43,85,6021000
43,85,6022000
43,85,6023000
43,85,6024000
43,85,6025000
43,85,6026000
43,85,6027000
43,85,6028000
43,85,6029000
43,85,6030000
43,85,6031000
43,85,6032000
43,85,6033000
43,85,6034000
43,85,6035000
43,85,6036000
43,85,6037000
43,85,6038000
43,85,6039000
43,85,6040000
43,85,6041000
43,85,6042000
43,85,6043000
43,85,6044000
43,85,6045000
43,85,6046000
43,85,6047000
43,85,6048000
43,85,6049000
43,85,6050000
43,85,6051000
43,85,6052000
43,85,6053000
43,85,6054000
43,85,6055000
43,85,6056000
43,85,6057000
43,85,6058000
43,85,6059000
43,85,6060000
43,85,6061000
43,85,6062000
43,85,6063000
43,85,6064000
43,85,6065000
43,85,6066000
43,85,6067000
43,85,6068000
43,85,6069000
43,85,6070000
43,85,6071000
43,85,6072000
43,85,6073000
43,85,6074000
43,85,6075000
43,85,6076000
43,85,6077000
43,85,6078000
43,85,6079000
43,85,6080000
43,85,6081000
43,85,6082000
43,85,6083000
43,85,6084000
43,85,6085000
43,85,6086000
43,85,6087000
43,85,6088000
43,85,6089000
43,85,6090000
43,85,6091000
43,85,6092000
43,85,6093000
43,85,6094000
43,85,6095000
43,85,6096000
43,85,6097000
43,85,6098000
43,85,6099000
43,85,6100000
43,85,6101000
43,85,6102000
43,85,6103000
43,85,6104000
43,85,6105000
43,85,6106000
43,85,6107000
43,85,6108000
43,85,6109000
43,85,6110000
43,85,6111000
43,85,6112000
43,85,6113000
43,85,6114000
43,85,6115000
43,85,6116000
43,85,6117000
43,85,6118000
43,85,6119000
43,85,6120000
43,85,6121000
43,85,6122000
43,85,6123000
43,85,6124000
43,85,6125000
43,85,6126000
43,85,6127000
43,85,6128000
43,85,6129000
43,85,6130000
43,85,6131000
43,85,6132000
43,85,6133000
43,85,6134000
43,85,6135000
43,85,6136000
43,85,6137000
43,85,6138000
43,85,6139000
43,85,6140000
43,85,6141000
43,85,6142000
43,85,6143000
43,85,6144000
43,85,6145000
43,85,6146000
43,85,6147000
43,85,6148000
43,85,6149000
43,85,6150000
43,85,6151000
43,85,6152000
43,85,6153000
43,85,6154000
43,85,6155000
43,85,6156000
43,85,6157000
43,85,6158000
43,85,6159000
43,85,6160000
43,85,6161000
43,85,6162000
43,85,6163000
43,85,6164000
43,85,6165000
43,85,6166000
43,85,6167000
43,85,6168000
43,85,6169000
43,85,6170000
43,85,6171000
43,85,6172000
43,85,6173000
43,85,6174000
43,85,6175000
43,85,6176000
43,85,6177000
43,85,6178000
43,85,6179000
43,85,6180000
43,85,6181000
43,85,6182000
43,85,6183000
43,85,6184000
43,85,6185000
43,85,6186000
43,85,6187000
43,85,6188000
43,85,6189000
43,85,6190000
43,85,6191000
43,85,6192000
43,85,6193000
43,85,6194000
43,85,6195000
43,85,6196000
43,85,6197000
43,85,6198000
43,85,6199000
43,85,6200000
43,85,6201000
43,85,6202000
43,85,6203000
43,85,6204000
43,85,6205000
43,85,6206000
43,85,6207000
43,85,6208000
43,85,6209000
43,85,6210000
43,85,6211000
43,85,6212000
43,85,6213000
43,85,6214000
43,85,6215000
43,85,6216000
43,85,6217000
43,85,6218000
43,85,6219000
43,85,6220000
43,85,6221000
43,85,6222000
43,85,6223000
43,85,6224000
43,85,6225000
43,85,6226000
43,85,6227000
43,85,6228000
43,85,6229000
43,85,6230000
43,85,6231000
43,85,6232000
43,85,6233000
43,85,6234000
43,85,6235000
43,85,6236000
43,85,6237000
43,85,6238000
43,85,6239000
43,85,6240000
43,85,6241000
43,85,6242000
43,85,6243000
43,85,6244000
43,85,6245000
43,85,6246000
43,85,6247000
43,85,6248000
43,85,6249000
43,85,6250000
43,85,6251000
43,85,6252000
43,85,6253000
43,85,6254000
43,85,6255000
43,85,6256000
43,85,6257000
43,85,6258000
43,85,6259000
43,85,6260000
43,85,6261000
43,85,6262000
43,85,6263000
43,85,6264000
43,85,6265000
43,85,6266000
43,85,6267000
43,85,6268000
43,85,6269000
43,85,6270000
43,85,6271000
43,85,6272000
43,85,6273000
43,85,6274000
43,85,6275000
43,85,6276000
43,85,6277000
43,85,6278000
43,85,6279000
43,85,6280000
43,85,6281000
43,85,6282000
43,85,6283000
43,85,6284000
43,85,6285000
43,85,6286000
43,85,6287000
43,85,6288000
43,85,6289000
43,85,6290000
43,85,6291000
43,85,6292000
43,85,6293000
43,85,6294000
43,85,6295000
43,85,6296000
43,85,6297000
43,85,6298000
43,85,6299000
43,85,6300000
43,85,6301000
43,85,6302000
43,85,6303000
43,85,6304000
43,85,6305000
43,85,6306000
43,85,6307000
43,85,6308000
43,85,6309000
43,85,6310000
43,85,6311000
43,85,6312000
43,85,6313000
43,85,6314000
43,85,6315000
43,85,6316000
43,85,6317000
43,85,6318000
43,85,6319000
43,85,6320000
43,85,6321000
43,85,6322000
43,85,6323000
43,85,6324000
43,85,6325000
43,85,6326000
43,85,6327000
43,85,6328000
43,85,6329000
43,85,6330000
43,85,6331000
43,85,6332000
43,85,6333000
43,85,6334000
43,85,6335000
43,85,6336000
43,85,6337000
43,85,6338000
43,85,6339000
43,85,6340000
43,85,6341000
43,85,6342000
43,85,6343000
43,85,6344000
43,85,6345000
43,85,6346000
43,85,6347000
43,85,6348000
43,85,6349000
43,85,6350000
43,85,6351000
43,85,6352000
43,85,6353000
43,85,6354000
43,85,6355000
43,85,6356000
43,85,6357000
43,85,6358000
43,85,6359000
43,85,6360000
43,85,6361000
43,85,6362000
43,85,6363000
43,85,6364000
43,85,6365000
43,85,6366000
43,85,6367000
43,85,6368000
43,85,6369000
43,85,6370000
43,85,6371000
43,85,6372000
43,85,6373000
43,85,6374000
43,85,6375000
43,85,6376000
43,85,6377000
43,85,6378000
43,85,6379000
43,85,6380000
43,85,6381000
43,85,6382000
43,85,6383000
43,85,6384000
43,85,6385000
43,85,6386000
43,85,6387000
43,85,6388000
43,85,6389000
43,85,6390000
43,85,6391000
43,85,6392000
43,85,6393000
43,85,6394000
43,85,6395000
43,85,6396000
43,85,6397000
43,85,6398000
43,85,6399000
43,85,6400000
43,85,6401000
43,85,6402000
43,85,6403000
43,85,6404000
43,85,6405000
43,85,6406000
43,85,6407000
43,85,6408000
43,85,6409000
43,85,6410000
43,85,6411000
43,85,6412000
43,85,6413000
43,85,6414000
43,85,6415000
43,85,6416000
43,85,6417000
43,85,6418000
43,85,6419000
43,85,6420000
43,85,6421000
43,85,6422000
43,85,6423000
43,85,6424000
43,85,6425000
43,85,6426000
43,85,6427000
43,85,6428000
43,85,6429000
43,85,6430000
43,85,6431000
43,85,6432000
43,85,6433000
43,85,6434000
43,85,6435000
43,85,6436000
43,85,6437000
43,85,6438000
43,85,6439000
43,85,6440000
43,85,6441000
43,85,6442000
43,85,6443000
43,85,6444000
43,85,6445000
43,85,6446000
43,85,6447000
43,85,6448000
43,85,6449000
43,85,6450000
43,85,6451000
43,85,6452000
43,85,6453000
43,85,6454000
43,85,6455000
43,85,6456000
43,85,6457000
43,85,6458000
43,85,6459000
43,85,6460000
43,85,6461000
43,85,6462000
43,85,6463000
43,85,6464000
43,85,6465000
43,85,6466000
43,85,6467000
43,85,6468000
43,85,6469000
43,85,6470000
43,85,6471000
43,85,6472000
43,85,6473000
43,85,6474000
43,85,6475000
43,85,6476000
43,85,6477000
43,85,6478000
43,85,6479000
43,85,6480000
43,85,6481000
43,85,6482000
43,85,6483000
43,85,6484000
43,85,6485000
43,85,6486000
43,85,6487000
43,85,6488000
43,85,6489000
43,85,6490000
43,85,6491000
43,85,6492000
43,85,6493000
43,85,6494000
43,85,6495000
43,85,6496000
43,85,6497000
43,85,6498000
43,85,6499000
43,85,6500000
43,85,6501000
43,85,6502000
43,85,6503000
43,85,6504000
43,85,6505000
43,85,6506000
43,85,6507000
43,85,6508000
43,85,6509000
43,85,6510000
43,85,6511000
43,85,6512000
43,85,6513000
43,85,6514000
43,85,6515000
43,85,6516000
43,85,6517000
43,85,6518000
43,85,6519000
43,85,6520000
43,85,6521000
43,85,6522000
43,85,6523000
43,85,6524000
43,85,6525000
43,85,6526000
43,85,6527000
43,85,6528000
43,85,6529000
43,85,6530000
43,85,6531000
43,85,6532000
43,85,6533000
43,85,6534000
43,85,6535000
43,85,6536000
43,85,6537000
43,85,6538000
43,85,6539000
43,85,6540000
43,85,6541000
43,85,6542000
43,85,6543000
43,85,6544000
43,85,6545000
43,85,6546000
43,85,6547000
43,85,6548000
43,85,6549000
43,85,6550000
43,85,6551000
43,85,6552000
43,85,6553000
43,85,6554000
43,85,6555000
43,85,6556000
43,85,6557000
43,85,6558000
43,85,6559000
43,85,6560000
43,85,6561000
43,85,6562000
43,85,6563000
43,85,6564000
43,85,6565000
43,85,6566000
43,85,6567000
43,85,6568000
43,85,6569000
43,85,6570000
43,85,6571000
43,85,6572000
43,85,6573000
43,85,6574000
43,85,6575000
43,85,6576000
43,85,6577000
43,85,6578000
43,85,6579000
43,85,6580000
43,85,6581000
43,85,6582000
43,85,6583000
43,85,6584000
43,85,6585000
43,85,6586000
43,85,6587000
43,85,6588000
43,85,6589000
43,85,6590000
43,85,6591000
43,85,6592000
43,85,6593000
43,85,6594000
43,85,6595000
43,85,6596000
43,85,6597000
43,85,6598000
43,85,6599000
43,85,6600000
43,85,6601000
43,85,6602000
43,85,6603000
43,85,6604000
43,85,6605000
43,85,6606000
43,85,6607000
43,85,6608000
43,85,6609000
43,85,6610000
43,85,6611000
43,85,6612000
43,85,6613000
43,85,6614000
43,85,6615000
43,85,6616000
43,85,6617000
43,85,6618000
43,85,6619000
43,85,6620000
43,85,6621000
43,85,6622000
43,85,6623000
43,85,6624000
43,85,6625000
43,85,6626000
43,85,6627000
43,85,6628000
43,85,6629000
43,85,6630000
43,85,6631000
43,85,6632000
43,85,6633000
43,85,6634000
43,85,6635000
43,85,6636000
43,85,6637000
43,85,6638000
43,85,6639000
43,85,6640000
43,85,6641000
43,85,6642000
43,85,6643000
43,85,6644000
43,85,6645000
43,85,6646000
43,85,6647000
43,85,6648000
43,85,6649000
43,85,6650000
43,85,6651000
43,85,6652000
43,85,6653000
43,85,6654000
43,85,6655000
43,85,6656000
43,85,6657000
43,85,6658000
43,85,6659000
43,85,6660000
43,85,6661000
43,85,6662000
43,85,6663000
43,85,6664000
43,85,6665000
43,85,6666000
43,85,6667000
43,85,6668000
43,85,6669000
43,85,6670000
43,85,6671000
43,85,6672000
43,85,6673000
43,85,6674000
43,85,6675000
43,85,6676000
43,85,6677000
43,85,6678000
43,85,6679000
43,85,6680000
43,85,6681000
43,85,6682000
43,85,6683000
43,85,6684000
43,85,6685000
43,85,6686000
43,85,6687000
43,85,6688000
43,85,6689000
43,85,6690000
43,85,6691000
43,85,6692000
43,85,6693000
43,85,6694000
43,85,6695000
43,85,6696000
43,85,6697000
43,85,6698000
43,85,6699000
43,85,6700000
43,85,6701000
43,85,6702000
43,85,6703000
43,85,6704000
43,85,6705000
43,85,6706000
43,85,6707000
43,85,6708000
43,85,6709000
43,85,6710000
43,85,6711000
43,85,6712000
43,85,6713000
43,85,6714000
43,85,6715000
43,85,6716000
43,85,6717000
43,85,6718000
43,85,6719000
43,85,6720000
43,85,6721000
43,85,6722000
43,85,6723000
43,85,6724000
43,85,6725000
43,85,6726000
43,85,6727000
43,85,6728000
43,85,6729000
43,85,6730000
43,85,6731000
43,85,6732000
43,85,6733000
43,85,6734000
43,85,6735000
43,85,6736000
43,85,6737000
43,85,6738000
43,85,6739000
43,85,6740000
43,85,6741000
43,85,6742000
43,85,6743000
43,85,6744000
43,85,6745000
43,85,6746000
43,85,6747000
43,85,6748000
43,85,6749000
43,85,6750000
43,85,6751000
43,85,6752000
43,85,6753000
43,85,6754000
43,85,6755000
43,85,6756000
43,85,6757000
43,85,6758000
43,85,6759000
43,85,6760000
43,85,6761000
43,85,6762000
43,85,6763000
43,85,6764000
43,85,6765000
43,85,6766000
43,85,6767000
43,85,6768000
43,85,6769000
43,85,6770000
43,85,6771000
43,85,6772000
43,85,6773000
43,85,6774000
43,85,6775000
43,85,6776000
43,85,6777000
43,85,6778000
43,85,6779000
43,85,6780000
43,85,6781000
43,85,6782000
43,85,6783000
43,85,6784000
43,85,6785000
43,85,6786000
43,85,6787000
43,85,6788000
43,85,6789000
43,85,6790000
43,85,6791000
43,85,6792000
43,85,6793000
43,85,6794000
43,85,6795000
43,85,6796000
43,85,6797000
43,85,6798000
43,85,6799000
43,85,6800000
43,85,6801000
43,85,6802000
43,85,6803000
43,85,6804000
43,85,6805000
43,85,6806000
43,85,6807000
43,85,6808000
43,85,6809000
43,85,6810000
43,85,6811000
43,85,6812000
43,85,6813000
43,85,6814000
43,85,6815000
43,85,6816000
43,85,6817000
43,85,6818000
43,85,6819000
43,85,6820000
43,85,6821000
43,85,6822000
43,85,6823000
43,85,6824000
43,85,6825000
43,85,6826000
43,85,6827000
43,85,6828000
43,85,6829000
43,85,6830000
43,85,6831000
43,85,6832000
43,85,6833000
43,85,6834000
43,85,6835000
43,85,6836000
43,85,6837000
43,85,6838000
43,85,6839000
43,85,6840000
43,85,6841000
43,85,6842000
43,85,6843000
43,85,6844000
43,85,6845000
43,85,6846000
43,85,6847000
43,85,6848000
43,85,6849000
43,85,6850000
43,85,6851000
43,85,6852000
43,85,6853000
43,85,6854000
43,85,6855000
43,85,6856000
43,85,6857000
43,85,6858000
43,85,6859000
43,85,6860000
43,85,6861000
43,85,6862000
43,85,6863000
43,85,6864000
43,85,6865000
43,85,6866000
43,85,6867000
43,85,6868000
43,85,6869000
43,85,6870000
43,85,6871000
43,85,6872000
43,85,6873000
43,85,6874000
43,85,6875000
43,85,6876000
43,85,6877000
43,85,6878000
43,85,6879000
43,85,6880000
43,85,6881000
43,85,6882000
43,85,6883000
43,85,6884000
43,85,6885000
43,85,6886000
43,85,6887000
43,85,6888000
43,85,6889000
43,85,6890000
43,85,6891000
43,85,6892000
43,85,6893000
43,85,6894000
43,85,6895000
43,85,6896000
43,85,6897000
43,85,6898000
43,85,6899000
43,85,6900000
43,85,6901000
43,85,6902000
43,85,6903000
43,85,6904000
43,85,6905000
43,85,6906000
43,85,6907000
43,85,6908000
43,85,6909000
43,85,6910000
43,85,6911000
43,85,6912000
43,85,6913000
43,85,6914000
43,85,6915000
43,85,6916000
43,85,6917000
43,85,6918000
43,85,6919000
43,85,6920000
43,85,6921000
43,85,6922000
43,85,6923000
43,85,6924000
43,85,6925000
43,85,6926000
43,85,6927000
43,85,6928000
43,85,6929000
43,85,6930000
43,85,6931000
43,85,6932000
43,85,6933000
43,85,6934000
43,85,6935000
43,85,6936000
43,85,6937000
43,85,6938000
43,85,6939000
43,85,6940000
43,85,6941000
43,85,6942000
43,85,6943000
43,85,6944000
43,85,6945000
43,85,6946000
43,85,6947000
43,85,6948000
43,85,6949000
43,85,6950000
43,85,6951000
43,85,6952000
43,85,6953000
43,85,6954000
43,85,6955000
43,85,6956000
43,85,6957000
43,85,6958000
43,85,6959000
43,85,6960000
43,85,6961000
43,85,6962000
43,85,6963000
43,85,6964000
43,85,6965000
43,85,6966000
43,85,6967000
43,85,6968000
43,85,6969000
43,85,6970000
43,85,6971000
43,85,6972000
43,85,6973000
43,85,6974000
43,85,6975000
43,85,6976000
43,85,6977000
43,85,6978000
43,85,6979000
43,85,6980000
43,85,6981000
43,85,6982000
43,85,6983000
43,85,6984000
43,85,6985000
43,85,6986000
43,85,6987000
43,85,6988000
43,85,6989000
43,85,6990000
43,85,6991000
43,85,6992000
43,85,6993000
43,85,6994000
43,85,6995000
43,85,6996000
43,85,6997000
43,85,6998000
43,85,6999000
43,85,7000000
43,85,7001000
43,85,7002000
43,85,7003000
43,85,7004000
43,85,7005000
43,85,7006000
43,85,7007000
43,85,7008000
43,85,7009000
43,85,7010000
43,85,7011000
43,85,7012000
43,85,7013000
43,85,7014000
43,85,7015000
43,85,7016000
43,85,7017000
43,85,7018000
43,85,7019000
43,85,7020000
43,85,7021000
43,85,7022000
43,85,7023000
43,85,7024000
43,85,7025000
43,85,7026000
43,85,7027000
43,85,7028000
43,85,7029000
43,85,7030000
43,85,7031000
43,85,7032000
43,85,7033000
43,85,7034000
43,85,7035000
43,85,7036000
43,85,7037000
43,85,7038000
43,85,7039000
43,85,7040000
43,85,7041000
43,85,7042000
43,85,7043000
43,85,7044000
43,85,7045000
43,85,7046000
43,85,7047000
43,85,7048000
43,85,7049000
43,85,7050000
43,85,7051000
43,85,7052000
43,85,7053000
43,85,7054000
43,85,7055000
43,85,7056000
43,85,7057000
43,85,7058000
43,85,7059000
43,85,7060000
43,85,7061000
43,85,7062000
43,85,7063000
43,85,7064000
43,85,7065000
43,85,7066000
43,85,7067000
43,85,7068000
43,85,7069000
43,85,7070000
43,85,7071000
43,85,7072000
43,85,7073000
43,85,7074000
43,85,7075000
43,85,7076000
43,85,7077000
43,85,7078000
43,85,7079000
43,85,7080000
43,85,7081000
43,85,7082000
43,85,7083000
43,85,7084000
43,85,7085000
43,85,7086000
43,85,7087000
43,85,7088000
43,85,7089000
43,85,7090000
43,85,7091000
43,85,7092000
43,85,7093000
43,85,7094000
43,85,7095000
43,85,7096000
43,85,7097000
43,85,7098000
43,85,7099000
43,85,7100000
43,85,7101000
43,85,7102000
43,85,7103000
43,85,7104000
43,85,7105000
43,85,7106000
43,85,7107000
43,85,7108000
43,85,7109000
43,85,7110000
43,85,7111000
43,85,7112000
43,85,7113000
43,85,7114000
43,85,7115000
43,85,7116000
43,85,7117000
43,85,7118000
43,85,7119000
43,85,7120000
43,85,7121000
43,85,7122000
43,85,7123000
43,85,7124000
43,85,7125000
43,85,7126000
43,85,7127000
43,85,7128000
43,85,7129000
43,85,7130000
43,85,7131000
43,85,7132000
43,85,7133000
43,85,7134000
43,85,7135000
43,85,7136000
43,85,7137000
43,85,7138000
43,85,7139000
43,85,7140000
43,85,7141000
43,85,7142000
43,85,7143000
43,85,7144000
43,85,7145000
43,85,7146000
43,85,7147000
43,85,7148000
43,85,7149000
43,85,7150000
43,85,7151000
43,85,7152000
43,85,7153000
43,85,7154000
43,85,7155000
43,85,7156000
43,85,7157000
43,85,7158000
43,85,7159000
43,85,7160000
43,85,7161000
43,85,7162000
43,85,7163000
43,85,7164000
43,85,7165000
43,85,7166000
43,85,7167000
43,85,7168000
43,85,7169000
43,85,7170000
43,85,7171000
43,85,7172000
43,85,7173000
43,85,7174000
43,85,7175000
43,85,7176000
43,85,7177000
43,85,7178000
43,85,7179000
43,85,7180000
43,85,7181000
43,85,7182000
43,85,7183000
43,85,7184000
43,85,7185000
43,85,7186000
43,85,7187000
43,85,7188000
43,85,7189000
43,85,7190000
43,85,7191000
43,85,7192000
43,85,7193000
43,85,7194000
43,85,7195000
43,85,7196000
43,85,7197000
43,85,7198000
43,85,7199000
43,85,7200000
43,85,7201000
43,85,7202000
43,85,7203000
43,85,7204000
43,85,7205000
43,85,7206000
43,85,7207000
43,85,7208000
43,85,7209000
43,85,7210000
43,85,7211000
43,85,7212000
43,85,7213000
43,85,7214000
43,85,7215000
43,85,7216000
43,85,7217000
43,85,7218000
43,85,7219000
43,85,7220000
43,85,7221000
43,85,7222000
43,85,7223000
43,85,7224000
43,85,7225000
43,85,7226000
43,85,7227000
43,85,7228000
43,85,7229000
43,85,7230000
43,85,7231000
43,85,7232000
43,85,7233000
43,85,7234000
43,85,7235000
43,85,7236000
43,85,7237000
43,85,7238000
43,85,7239000
43,85,7240000
43,85,7241000
43,85,7242000
43,85,7243000
43,85,7244000
43,85,7245000
43,85,7246000
43,85,7247000
43,85,7248000
43,85,7249000
43,85,7250000
43,85,7251000
43,85,7252000
43,85,7253000
43,85,7254000
43,85,7255000
43,85,7256000
43,85,7257000
43,85,7258000
43,85,7259000
43,85,7260000
43,85,7261000
43,85,7262000
43,85,7263000
43,85,7264000
43,85,7265000
43,85,7266000
43,85,7267000
43,85,7268000
43,85,7269000
43,85,7270000
43,85,7271000
43,85,7272000
43,85,7273000
43,85,7274000
43,85,7275000
43,85,7276000
43,85,7277000
43,85,7278000
43,85,7279000
43,85,7280000
43,85,7281000
43,85,7282000
43,85,7283000
43,85,7284000
43,85,7285000
43,85,7286000
43,85,7287000
43,85,7288000
43,85,7289000
43,85,7290000
43,85,7291000
43,85,7292000
43,85,7293000
43,85,7294000
43,85,7295000
43,85,7296000
43,85,7297000
43,85,7298000
43,85,7299000
43,85,7300000
43,85,7301000
43,85,7302000
43,85,7303000
43,85,7304000
43,85,7305000
43,85,7306000
43,85,7307000
43,85,7308000
43,85,7309000
43,85,7310000
43,85,7311000
43,85,7312000
43,85,7313000
43,85,7314000
43,85,7315000
43,85,7316000
43,85,7317000
43,85,7318000
43,85,7319000
43,85,7320000
43,85,7321000
43,85,7322000
43,85,7323000
43,85,7324000
43,85,7325000
43,85,7326000
43,85,7327000
43,85,7328000
43,85,7329000
43,85,7330000
43,85,7331000
43,85,7332000
43,85,7333000
43,85,7334000
43,85,7335000
43,85,7336000
43,85,7337000
43,85,7338000
43,85,7339000
43,85,7340000
43,85,7341000
43,85,7342000
43,85,7343000
43,85,7344000
43,85,7345000
43,85,7346000
43,85,7347000
43,85,7348000
43,85,7349000
43,85,7350000
43,85,7351000
43,85,7352000
43,85,7353000
43,85,7354000
43,85,7355000
43,85,7356000
43,85,7357000
43,85,7358000
43,85,7359000
43,85,7360000
43,85,7361000
43,85,7362000
43,85,7363000
43,85,7364000
43,85,7365000
43,85,7366000
43,85,7367000
43,85,7368000
43,85,7369000
43,85,7370000
43,85,7371000
43,85,7372000
43,85,7373000
43,85,7374000
43,85,7375000
43,85,7376000
43,85,7377000
43,85,7378000
43,85,7379000
43,85,7380000
43,85,7381000
43,85,7382000
43,85,7383000
43,85,7384000
43,85,7385000
43,85,7386000
43,85,7387000
43,85,7388000
43,85,7389000
43,85,7390000
43,85,7391000
43,85,7392000
43,85,7393000
43,85,7394000
43,85,7395000
43,85,7396000
43,85,7397000
43,85,7398000
43,85,7399000
43,85,7400000
43,85,7401000
43,85,7402000
43,85,7403000
43,85,7404000
43,85,7405000
43,85,7406000
43,85,7407000
43,85,7408000
43,85,7409000
43,85,7410000
43,85,7411000
43,85,7412000
43,85,7413000
43,85,7414000
43,85,7415000
43,85,7416000
43,85,7417000
43,85,7418000
43,85,7419000
43,85,7420000
43,85,7421000
43,85,7422000
43,85,7423000
43,85,7424000
43,85,7425000
43,85,7426000
43,85,7427000
43,85,7428000
43,85,7429000
43,85,7430000
43,85,7431000
43,85,7432000
43,85,7433000
43,85,7434000
43,85,7435000
43,85,7436000
43,85,7437000
43,85,7438000
43,85,7439000
43,85,7440000
43,85,7441000
43,85,7442000
43,85,7443000
43,85,7444000
43,85,7445000
43,85,7446000
43,85,7447000
43,85,7448000
43,85,7449000
43,85,7450000
43,85,7451000
43,85,7452000
43,85,7453000
43,85,7454000
43,85,7455000
43,85,7456000
43,85,7457000
43,85,7458000
43,85,7459000
43,85,7460000
43,85,7461000
43,85,7462000
43,85,7463000
43,85,7464000
43,85,7465000
43,85,7466000
43,85,7467000
43,85,7468000
43,85,7469000
43,85,7470000
43,85,7471000
43,85,7472000
43,85,7473000
43,85,7474000
43,85,7475000
43,85,7476000
43,85,7477000
43,85,7478000
43,85,7479000
43,85,7480000
43,85,7481000
43,85,7482000
43,85,7483000
43,85,7484000
43,85,7485000
43,85,7486000
43,85,7487000
43,85,7488000
43,85,7489000
43,85,7490000
43,85,7491000
43,85,7492000
43,85,7493000
43,85,7494000
43,85,7495000
43,85,7496000
43,85,7497000
43,85,7498000
43,85,7499000
43,85,7500000
43,85,7501000
43,85,7502000
43,85,7503000
43,85,7504000
43,85,7505000
43,85,7506000
43,85,7507000
43,85,7508000
43,85,7509000
43,85,7510000
43,85,7511000
43,85,7512000
43,85,7513000
43,85,7514000
43,85,7515000
43,85,7516000
43,85,7517000
43,85,7518000
43,85,7519000
43,85,7520000
43,85,7521000
43,85,7522000
43,85,7523000
43,85,7524000
43,85,7525000
43,85,7526000
43,85,7527000
43,85,7528000
43,85,7529000
43,85,7530000
43,85,7531000
43,85,7532000
43,85,7533000
43,85,7534000
43,85,7535000
43,85,7536000
43,85,7537000
43,85,7538000
43,85,7539000
43,85,7540000
43,85,7541000
43,85,7542000
43,85,7543000
43,85,7544000
43,85,7545000
43,85,7546000
43,85,7547000
43,85,7548000
43,85,7549000
43,85,7550000
43,85,7551000
43,85,7552000
43,85,7553000
43,85,7554000
43,85,7555000
43,85,7556000
43,85,7557000
43,85,7558000
43,85,7559000
43,85,7560000
43,85,7561000
43,85,7562000
43,85,7563000
43,85,7564000
43,85,7565000
43,85,7566000
43,85,7567000
43,85,7568000
43,85,7569000
43,85,7570000
43,85,7571000
43,85,7572000
43,85,7573000
43,85,7574000
43,85,7575000
43,85,7576000
43,85,7577000
43,85,7578000
43,85,7579000
43,85,7580000
43,85,7581000
43,85,7582000
43,85,7583000
43,85,7584000
43,85,7585000
43,85,7586000
43,85,7587000
43,85,7588000
43,85,7589000
43,85,7590000
43,85,7591000
43,85,7592000
43,85,7593000
43,85,7594000
43,85,7595000
43,85,7596000
43,85,7597000
43,85,7598000
43,85,7599000
43,85,7600000
43,85,7601000
43,85,7602000
43,85,7603000
43,85,7604000
43,85,7605000
43,85,7606000
43,85,7607000
43,85,7608000
43,85,7609000
43,85,7610000
43,85,7611000
43,85,7612000
43,85,7613000
43,85,7614000
43,85,7615000
43,85,7616000
43,85,7617000
43,85,7618000
43,85,7619000
43,85,7620000
43,85,7621000
43,85,7622000
43,85,7623000
43,85,7624000
43,85,7625000
43,85,7626000
43,85,7627000
43,85,7628000
43,85,7629000
43,85,7630000
43,85,7631000
43,85,7632000
43,85,7633000
43,85,7634000
43,85,7635000
43,85,7636000
43,85,7637000
43,85,7638000
43,85,7639000
43,85,7640000
43,85,7641000
43,85,7642000
43,85,7643000
43,85,7644000
43,85,7645000
43,85,7646000
43,85,7647000
43,85,7648000
43,85,7649000
43,85,7650000
43,85,7651000
43,85,7652000
43,85,7653000
43,85,7654000
43,85,7655000
43,85,7656000
43,85,7657000
43,85,7658000
43,85,7659000
43,85,7660000
43,85,7661000
43,85,7662000
43,85,7663000
43,85,7664000
43,85,7665000
43,85,7666000
43,85,7667000
43,85,7668000
43,85,7669000
43,85,7670000
43,85,7671000
43,85,7672000
43,85,7673000
43,85,7674000
43,85,7675000
43,85,7676000
43,85,7677000
43,85,7678000
43,85,7679000
43,85,7680000
43,85,7681000
43,85,7682000
43,85,7683000
43,85,7684000
43,85,7685000
43,85,7686000
43,85,7687000
43,85,7688000
43,85,7689000
43,85,7690000
43,85,7691000
43,85,7692000
43,85,7693000
43,85,7694000
43,85,7695000
43,85,7696000
43,85,7697000
43,85,7698000
43,85,7699000
43,85,7700000
43,85,7701000
43,85,7702000
43,85,7703000
43,85,7704000
43,85,7705000
43,85,7706000
43,85,7707000
43,85,7708000
43,85,7709000
43,85,7710000
43,85,7711000
43,85,7712000
43,85,7713000
43,85,7714000
43,85,7715000
43,85,7716000
43,85,7717000
43,85,7718000
43,85,7719000
43,85,7720000
43,85,7721000
43,85,7722000
43,85,7723000
43,85,7724000
43,85,7725000
43,85,7726000
43,85,7727000
43,85,7728000
43,85,7729000
43,85,7730000
43,85,7731000
43,85,7732000
43,85,7733000
43,85,7734000
43,85,7735000
43,85,7736000
43,85,7737000
43,85,7738000
43,85,7739000
43,85,7740000
43,85,7741000
43,85,7742000
43,85,7743000
43,85,7744000
43,85,7745000
43,85,7746000
43,85,7747000
43,85,7748000
43,85,7749000
43,85,7750000
43,85,7751000
43,85,7752000
43,85,7753000
43,85,7754000
43,85,7755000
43,85,7756000
43,85,7757000
43,85,7758000
43,85,7759000
43,85,7760000
43,85,7761000
43,85,7762000
43,85,7763000
43,85,7764000
43,85,7765000
43,85,7766000
43,85,7767000
43,85,7768000
43,85,7769000
43,85,7770000
43,85,7771000
43,85,7772000
43,85,7773000
43,85,7774000
43,85,7775000
43,85,7776000
43,85,7777000
43,85,7778000
43,85,7779000
43,85,7780000
43,85,7781000
43,85,7782000
43,85,7783000
43,85,7784000
43,85,7785000
43,85,7786000
43,85,7787000
43,85,7788000
43,85,7789000
43,85,7790000
43,85,7791000
43,85,7792000
43,85,7793000
43,85,7794000
43,85,7795000
43,85,7796000
43,85,7797000
43,85,7798000
43,85,7799000
43,85,7800000
43,85,7801000
43,85,7802000
43,85,7803000
43,85,7804000
43,85,7805000
43,85,7806000
43,85,7807000
43,85,7808000
43,85,7809000
43,85,7810000
43,85,7811000
43,85,7812000
43,85,7813000
43,85,7814000
43,85,7815000
43,85,7816000
43,85,7817000
43,85,7818000
43,85,7819000
43,85,7820000
43,85,7821000
43,85,7822000
43,85,7823000
43,85,7824000
43,85,7825000
43,85,7826000
43,85,7827000
43,85,7828000
43,85,7829000
43,85,7830000
43,85,7831000
43,85,7832000
43,85,7833000
43,85,7834000
43,85,7835000
43,85,7836000
43,85,7837000
43,85,7838000
43,85,7839000
43,85,7840000
43,85,7841000
43,85,7842000
43,85,7843000
43,85,7844000
43,85,7845000
43,85,7846000
43,85,7847000
43,85,7848000
43,85,7849000
43,85,7850000
43,85,7851000
43,85,7852000
43,85,7853000
43,85,7854000
43,85,7855000
43,85,7856000
43,85,7857000
43,85,7858000
43,85,7859000
43,85,7860000
43,85,7861000
43,85,7862000
43,85,7863000
43,85,7864000
43,85,7865000
43,85,7866000
43,85,7867000
43,85,7868000
43,85,7869000
43,85,7870000
43,85,7871000
43,85,7872000
43,85,7873000
43,85,7874000
43,85,7875000
43,85,7876000
43,85,7877000
43,85,7878000
43,85,7879000
43,85,7880000
43,85,7881000
43,85,7882000
43,85,7883000
43,85,7884000
43,85,7885000
43,85,7886000
43,85,7887000
43,85,7888000
43,85,7889000
43,85,7890000
43,85,7891000
43,85,7892000
43,85,7893000
43,85,7894000
43,85,7895000
43,85,7896000
43,85,7897000
43,85,7898000
43,85,7899000
43,85,7900000
43,85,7901000
43,85,7902000
43,85,7903000
43,85,7904000
43,85,7905000
43,85,7906000
43,85,7907000
43,85,7908000
43,85,7909000
43,85,7910000
43,85,7911000
43,85,7912000
43,85,7913000
43,85,7914000
43,85,7915000
43,85,7916000
43,85,7917000
43,85,7918000
43,85,7919000
43,85,7920000
43,85,7921000
43,85,7922000
43,85,7923000
43,85,7924000
43,85,7925000
43,85,7926000
43,85,7927000
43,85,7928000
43,85,7929000
43,85,7930000
43,85,7931000
43,85,7932000
43,85,7933000
43,85,7934000
43,85,7935000
43,85,7936000
43,85,7937000
43,85,7938000
43,85,7939000
43,85,7940000
43,85,7941000
43,85,7942000
43,85,7943000
43,85,7944000
43,85,7945000
43,85,7946000
43,85,7947000
43,85,7948000
43,85,7949000
43,85,7950000
43,85,7951000
43,85,7952000
43,85,7953000
43,85,7954000
43,85,7955000
43,85,7956000
43,85,7957000
43,85,7958000
43,85,7959000
43,85,7960000
43,85,7961000
43,85,7962000
43,85,7963000
43,85,7964000
43,85,7965000
43,85,7966000
43,85,7967000
43,85,7968000
43,85,7969000
43,85,7970000
43,85,7971000
43,85,7972000
43,85,7973000
43,85,7974000
43,85,7975000
43,85,7976000
43,85,7977000
43,85,7978000
43,85,7979000
43,85,7980000
43,85,7981000
43,85,7982000
43,85,7983000
43,85,7984000
43,85,7985000
43,85,7986000
43,85,7987000
43,85,7988000
43,85,7989000
43,85,7990000
43,85,7991000
43,85,7992000
43,85,7993000
43,85,7994000
43,85,7995000
43,85,7996000
43,85,7997000
43,85,7998000
43,85,7999000
43,85,8000000
43,85,8001000
43,85,8002000
43,85,8003000
43,85,8004000
43,85,8005000
43,85,8006000
43,85,8007000
43,85,8008000
43,85,8009000
43,85,8010000
43,85,8011000
43,85,8012000
43,85,8013000
43,85,8014000
43,85,8015000
43,85,8016000
43,85,8017000
43,85,8018000
43,85,8019000
43,85,8020000
43,85,8021000
43,85,8022000
43,85,8023000
43,85,8024000
43,85,8025000
43,85,8026000
43,85,8027000
43,85,8028000
43,85,8029000
43,85,8030000
43,85,8031000
43,85,8032000
43,85,8033000
43,85,8034000
43,85,8035000
43,85,8036000
43,85,8037000
43,85,8038000
43,85,8039000
43,85,8040000
43,85,8041000
43,85,8042000
43,85,8043000
43,85,8044000
43,85,8045000
43,85,8046000
43,85,8047000
43,85,8048000
43,85,8049000
43,85,8050000
43,85,8051000
43,85,8052000
43,85,8053000
43,85,8054000
43,85,8055000
43,85,8056000
43,85,8057000
43,85,8058000
43,85,8059000
43,85,8060000
43,85,8061000
43,85,8062000
43,85,8063000
43,85,8064000
43,85,8065000
43,85,8066000
43,85,8067000
43,85,8068000
43,85,8069000
43,85,8070000
43,85,8071000
43,85,8072000
43,85,8073000
43,85,8074000
43,85,8075000
43,85,8076000
43,85,8077000
43,85,8078000
43,85,8079000
43,85,8080000
43,85,8081000
43,85,8082000
43,85,8083000
43,85,8084000
43,85,8085000
43,85,8086000
43,85,8087000
43,85,8088000
43,85,8089000
43,85,8090000
43,85,8091000
43,85,8092000
43,85,8093000
43,85,8094000
43,85,8095000
43,85,8096000
43,85,8097000
43,85,8098000
43,85,8099000
43,85,8100000
43,85,8101000
43,85,8102000
43,85,8103000
43,85,8104000
43,85,8105000
43,85,8106000
43,85,8107000
43,85,8108000
43,85,8109000
43,85,8110000
43,85,8111000
43,85,8112000
43,85,8113000
43,85,8114000
43,85,8115000
43,85,8116000
43,85,8117000
43,85,8118000
43,85,8119000
43,85,8120000
43,85,8121000
43,85,8122000
43,85,8123000
43,85,8124000
43,85,8125000
43,85,8126000
43,85,8127000
43,85,8128000
43,85,8129000
43,85,8130000
43,85,8131000
43,85,8132000
43,85,8133000
43,85,8134000
43,85,8135000
43,85,8136000
43,85,8137000
43,85,8138000
43,85,8139000
43,85,8140000
43,85,8141000
43,85,8142000
43,85,8143000
43,85,8144000
43,85,8145000
43,85,8146000
43,85,8147000
43,85,8148000
43,85,8149000
43,85,8150000
43,85,8151000
43,85,8152000
43,85,8153000
43,85,8154000
43,85,8155000
43,85,8156000
43,85,8157000
43,85,8158000
43,85,8159000
43,85,8160000
43,85,8161000
43,85,8162000
43,85,8163000
43,85,8164000
43,85,8165000
43,85,8166000
43,85,8167000
43,85,8168000
43,85,8169000
43,85,8170000
43,85,8171000
43,85,8172000
43,85,8173000
43,85,8174000
43,85,8175000
43,85,8176000
43,85,8177000
43,85,8178000
43,85,8179000
43,85,8180000
43,85,8181000
43,85,8182000
43,85,8183000
43,85,8184000
43,85,8185000
43,85,8186000
43,85,8187000
43,85,8188000
43,85,8189000
43,85,8190000
43,85,8191000
43,85,8192000
43,85,8193000
43,85,8194000
43,85,8195000
43,85,8196000
43,85,8197000
43,85,8198000
43,85,8199000
43,85,8200000
43,85,8201000
43,85,8202000
43,85,8203000
43,85,8204000
43,85,8205000
43,85,8206000
43,85,8207000
43,85,8208000
43,85,8209000
43,85,8210000
43,85,8211000
43,85,8212000
43,85,8213000
43,85,8214000
43,85,8215000
43,85,8216000
43,85,8217000
43,85,8218000
43,85,8219000
43,85,8220000
43,85,8221000
43,85,8222000
43,85,8223000
43,85,8224000
43,85,8225000
43,85,8226000
43,85,8227000
43,85,8228000
43,85,8229000
43,85,8230000
43,85,8231000
43,85,8232000
43,85,8233000
43,85,8234000
43,85,8235000
43,85,8236000
43,85,8237000
43,85,8238000
43,85,8239000
43,85,8240000
43,85,8241000
43,85,8242000
43,85,8243000
43,85,8244000
43,85,8245000
43,85,8246000
43,85,8247000
43,85,8248000
43,85,8249000
43,85,8250000
43,85,8251000
43,85,8252000
43,85,8253000
43,85,8254000
43,85,8255000
43,85,8256000
43,85,8257000
43,85,8258000
43,85,8259000
43,85,8260000
43,85,8261000
43,85,8262000
43,85,8263000
43,85,8264000
43,85,8265000
43,85,8266000
43,85,8267000
43,85,8268000
43,85,8269000
43,85,8270000
43,85,8271000
43,85,8272000
43,85,8273000
43,85,8274000
43,85,8275000
43,85,8276000
43,85,8277000
43,85,8278000
43,85,8279000
43,85,8280000
43,85,8281000
43,85,8282000
43,85,8283000
43,85,8284000
43,85,8285000
43,85,8286000
43,85,8287000
43,85,8288000
43,85,8289000
43,85,8290000
43,85,8291000
43,85,8292000
43,85,8293000
43,85,8294000
43,85,8295000
43,85,8296000
43,85,8297000
43,85,8298000
43,85,8299000
43,85,8300000
43,85,8301000
43,85,8302000
43,85,8303000
43,85,8304000
43,85,8305000
43,85,8306000
43,85,8307000
43,85,8308000
43,85,8309000
43,85,8310000
43,85,8311000
43,85,8312000
43,85,8313000
43,85,8314000
43,85,8315000
43,85,8316000
43,85,8317000
43,85,8318000
43,85,8319000
43,85,8320000
43,85,8321000
43,85,8322000
43,85,8323000
43,85,8324000
43,85,8325000
43,85,8326000
43,85,8327000
43,85,8328000
43,85,8329000
43,85,8330000
43,85,8331000
43,85,8332000
43,85,8333000
43,85,8334000
43,85,8335000
43,85,8336000
43,85,8337000
43,85,8338000
43,85,8339000
43,85,8340000
43,85,8341000
43,85,8342000
43,85,8343000
43,85,8344000
43,85,8345000
43,85,8346000
43,85,8347000
43,85,8348000
43,85,8349000
43,85,8350000
43,85,8351000
43,85,8352000
43,85,8353000
43,85,8354000
43,85,8355000
43,85,8356000
43,85,8357000
43,85,8358000
43,85,8359000
43,85,8360000
43,85,8361000
43,85,8362000
43,85,8363000
43,85,8364000
43,85,8365000
43,85,8366000
43,85,8367000
43,85,8368000
43,85,8369000
43,85,8370000
43,85,8371000
43,85,8372000
43,85,8373000
43,85,8374000
43,85,8375000
43,85,8376000
43,85,8377000
43,85,8378000
43,85,8379000
43,85,8380000
43,85,8381000
43,85,8382000
43,85,8383000
43,85,8384000
43,85,8385000
43,85,8386000
43,85,8387000
43,85,8388000
43,85,8389000
43,85,8390000
43,85,8391000
43,85,8392000
43,85,8393000
43,85,8394000
43,85,8395000
43,85,8396000
43,85,8397000
43,85,8398000
43,85,8399000
43,85,8400000
43,85,8401000
43,85,8402000
43,85,8403000
43,85,8404000
43,85,8405000
43,85,8406000
43,85,8407000
43,85,8408000
43,85,8409000
43,85,8410000
43,85,8411000
43,85,8412000
43,85,8413000
43,85,8414000
43,85,8415000
43,85,8416000
43,85,8417000
43,85,8418000
43,85,8419000
43,85,8420000
43,85,8421000
43,85,8422000
43,85,8423000
43,85,8424000
43,85,8425000
43,85,8426000
43,85,8427000
43,85,8428000
43,85,8429000
43,85,8430000
43,85,8431000
43,85,8432000
43,85,8433000
43,85,8434000
43,85,8435000
43,85,8436000
43,85,8437000
43,85,8438000
43,85,8439000
43,85,8440000
43,85,8441000
43,85,8442000
43,85,8443000
43,85,8444000
43,85,8445000
43,85,8446000
43,85,8447000
43,85,8448000
43,85,8449000
43,85,8450000
43,85,8451000
43,85,8452000
43,85,8453000
43,85,8454000
43,85,8455000
43,85,8456000
43,85,8457000
43,85,8458000
43,85,8459000
43,85,8460000
43,85,8461000
43,85,8462000
43,85,8463000
43,85,8464000
43,85,8465000
43,85,8466000
43,85,8467000
43,85,8468000
43,85,8469000
43,85,8470000
43,85,8471000
43,85,8472000
43,85,8473000
43,85,8474000
43,85,8475000
43,85,8476000
43,85,8477000
43,85,8478000
43,85,8479000
43,85,8480000
43,85,8481000
43,85,8482000
43,85,8483000
43,85,8484000
43,85,8485000
43,85,8486000
43,85,8487000
43,85,8488000
43,85,8489000
43,85,8490000
43,85,8491000
43,85,8492000
43,85,8493000
43,85,8494000
43,85,8495000
43,85,8496000
43,85,8497000
43,85,8498000
43,85,8499000
43,85,8500000
43,85,8501000
43,85,8502000
43,85,8503000
43,85,8504000
43,85,8505000
43,85,8506000
43,85,8507000
43,85,8508000
43,85,8509000
43,85,8510000
43,85,8511000
43,85,8512000
43,85,8513000
43,85,8514000
43,85,8515000
43,85,8516000
43,85,8517000
43,85,8518000
43,85,8519000
43,85,8520000
43,85,8521000
43,85,8522000
43,85,8523000
43,85,8524000
43,85,8525000
43,85,8526000
43,85,8527000
43,85,8528000
43,85,8529000
43,85,8530000
43,85,8531000
43,85,8532000
43,85,8533000
43,85,8534000
43,85,8535000
43,85,8536000
43,85,8537000
43,85,8538000
43,85,8539000
43,85,8540000
43,85,8541000
43,85,8542000
43,85,8543000
43,85,8544000
43,85,8545000
43,85,8546000
43,85,8547000
43,85,8548000
43,85,8549000
43,85,8550000
43,85,8551000
43,85,8552000
43,85,8553000
43,85,8554000
43,85,8555000
43,85,8556000
43,85,8557000
43,85,8558000
43,85,8559000
43,85,8560000
43,85,8561000
43,85,8562000
43,85,8563000
43,85,8564000
43,85,8565000
43,85,8566000
43,85,8567000
43,85,8568000
43,85,8569000
43,85,8570000
43,85,8571000
43,85,8572000
43,85,8573000
43,85,8574000
43,85,8575000
43,85,8576000
43,85,8577000
43,85,8578000
43,85,8579000
43,85,8580000
43,85,8581000
43,85,8582000
43,85,8583000
43,85,8584000
43,85,8585000
43,85,8586000
43,85,8587000
43,85,8588000
43,85,8589000
43,85,8590000
43,85,8591000
43,85,8592000
43,85,8593000
43,85,8594000
43,85,8595000
43,85,8596000
43,85,8597000
43,85,8598000
43,85,8599000
43,85,8600000
43,85,8601000
43,85,8602000
43,85,8603000
43,85,8604000
43,85,8605000
43,85,8606000
43,85,8607000
43,85,8608000
43,85,8609000
43,85,8610000
43,85,8611000
43,85,8612000
43,85,8613000
43,85,8614000
43,85,8615000
43,85,8616000
43,85,8617000
43,85,8618000
43,85,8619000
43,85,8620000
43,85,8621000
43,85,8622000
43,85,8623000
43,85,8624000
43,85,8625000
43,85,8626000
43,85,8627000
43,85,8628000
43,85,8629000
43,85,8630000
43,85,8631000
43,85,8632000
43,85,8633000
43,85,8634000
43,85,8635000
43,85,8636000
43,85,8637000
43,85,8638000
43,85,8639000
43,85,8640000
43,85,8641000
43,85,8642000
43,85,8643000
43,85,8644000
43,85,8645000
43,85,8646000
43,85,8647000
43,85,8648000
43,85,8649000
43,85,8650000
43,85,8651000
43,85,8652000
43,85,8653000
43,85,8654000
43,85,8655000
43,85,8656000
43,85,8657000
43,85,8658000
43,85,8659000
43,85,8660000
43,85,8661000
43,85,8662000
43,85,8663000
43,85,8664000
43,85,8665000
43,85,8666000
43,85,8667000
43,85,8668000
43,85,8669000
43,85,8670000
43,85,8671000
43,85,8672000
43,85,8673000
43,85,8674000
43,85,8675000
43,85,8676000
43,85,8677000
43,85,8678000
43,85,8679000
43,85,8680000
43,85,8681000
43,85,8682000
43,85,8683000
43,85,8684000
43,85,8685000
43,85,8686000
43,85,8687000
43,85,8688000
43,85,8689000
43,85,8690000
43,85,8691000
43,85,8692000
43,85,8693000
43,85,8694000
43,85,8695000
43,85,8696000
43,85,8697000
43,85,8698000
43,85,8699000
43,85,8700000
43,85,8701000
43,85,8702000
43,85,8703000
43,85,8704000
43,85,8705000
43,85,8706000
43,85,8707000
43,85,8708000
43,85,8709000
43,85,8710000
43,85,8711000
43,85,8712000
43,85,8713000
43,85,8714000
43,85,8715000
43,85,8716000
43,85,8717000
43,85,8718000
43,85,8719000
43,85,8720000
43,85,8721000
43,85,8722000
43,85,8723000
43,85,8724000
43,85,8725000
43,85,8726000
43,85,8727000
43,85,8728000
43,85,8729000
43,85,8730000
43,85,8731000
43,85,8732000
43,85,8733000
43,85,8734000
43,85,8735000
43,85,8736000
43,85,8737000
43,85,8738000
43,85,8739000
43,85,8740000
43,85,8741000
43,85,8742000
43,85,8743000
43,85,8744000
43,85,8745000
43,85,8746000
43,85,8747000
43,85,8748000
43,85,8749000
43,85,8750000
43,85,8751000
43,85,8752000
43,85,8753000
43,85,8754000
43,85,8755000
43,85,8756000
43,85,8757000
43,85,8758000
43,85,8759000
43,85,8760000
43,85,8761000
43,85,8762000
43,85,8763000
43,85,8764000
43,85,8765000
43,85,8766000
43,85,8767000
43,85,8768000
43,85,8769000
43,85,8770000
43,85,8771000
43,85,8772000
43,85,8773000
43,85,8774000
43,85,8775000
43,85,8776000
43,85,8777000
43,85,8778000
43,85,8779000
43,85,8780000
43,85,8781000
43,85,8782000
43,85,8783000
43,85,8784000
43,85,8785000
43,85,8786000
43,85,8787000
43,85,8788000
43,85,8789000
43,85,8790000
43,85,8791000
43,85,8792000
43,85,8793000
43,85,8794000
43,85,8795000
43,85,8796000
43,85,8797000
43,85,8798000
43,85,8799000
43,85,8800000
43,85,8801000
43,85,8802000
43,85,8803000
43,85,8804000
43,85,8805000
43,85,8806000
43,85,8807000
43,85,8808000
43,85,8809000
43,85,8810000
43,85,8811000
43,85,8812000
43,85,8813000
43,85,8814000
43,85,8815000
43,85,8816000
43,85,8817000
43,85,8818000
43,85,8819000
43,85,8820000
43,85,8821000
43,85,8822000
43,85,8823000
43,85,8824000
43,85,8825000
43,85,8826000
43,85,8827000
43,85,8828000
43,85,8829000
43,85,8830000
43,85,8831000
43,85,8832000
43,85,8833000
43,85,8834000
43,85,8835000
43,85,8836000
43,85,8837000
43,85,8838000
43,85,8839000
43,85,8840000
43,85,8841000
43,85,8842000
43,85,8843000
43,85,8844000
43,85,8845000
43,85,8846000
43,85,8847000
43,85,8848000
43,85,8849000
43,85,8850000
43,85,8851000
43,85,8852000
43,85,8853000
43,85,8854000
43,85,8855000
43,85,8856000
43,85,8857000
43,85,8858000
43,85,8859000
43,85,8860000
43,85,8861000
43,85,8862000
43,85,8863000
43,85,8864000
43,85,8865000
43,85,8866000
43,85,8867000
43,85,8868000
43,85,8869000
43,85,8870000
43,85,8871000
43,85,8872000
43,85,8873000
43,85,8874000
43,85,8875000
43,85,8876000
43,85,8877000
43,85,8878000
43,85,8879000
43,85,8880000
43,85,8881000
43,85,8882000
43,85,8883000
43,85,8884000
43,85,8885000
43,85,8886000
43,85,8887000
43,85,8888000
43,85,8889000
43,85,8890000
43,85,8891000
43,85,8892000
43,85,8893000
43,85,8894000
43,85,8895000
43,85,8896000
43,85,8897000
43,85,8898000
43,85,8899000
43,85,8900000
43,85,8901000
43,85,8902000
43,85,8903000
43,85,8904000
43,85,8905000
43,85,8906000
43,85,8907000
43,85,8908000
43,85,8909000
43,85,8910000
43,85,8911000
43,85,8912000
43,85,8913000
43,85,8914000
43,85,8915000
43,85,8916000
43,85,8917000
43,85,8918000
43,85,8919000
43,85,8920000
43,85,8921000
43,85,8922000
43,85,8923000
43,85,8924000
43,85,8925000
43,85,8926000
43,85,8927000
43,85,8928000
43,85,8929000
43,85,8930000
43,85,8931000
43,85,8932000
43,85,8933000
43,85,8934000
43,85,8935000
43,85,8936000
43,85,8937000
43,85,8938000
43,85,8939000
43,85,8940000
43,85,8941000
43,85,8942000
43,85,8943000
43,85,8944000
43,85,8945000
43,85,8946000
43,85,8947000
43,85,8948000
43,85,8949000
43,85,8950000
43,85,8951000
43,85,8952000
43,85,8953000
43,85,8954000
43,85,8955000
43,85,8956000
43,85,8957000
43,85,8958000
43,85,8959000
43,85,8960000
43,85,8961000
43,85,8962000
43,85,8963000
43,85,8964000
43,85,8965000
43,85,8966000
43,85,8967000
43,85,8968000
43,85,8969000
43,85,8970000
43,85,8971000
43,85,8972000
43,85,8973000
43,85,8974000
43,85,8975000
43,85,8976000
43,85,8977000
43,85,8978000
43,85,8979000
43,85,8980000
43,85,8981000
43,85,8982000
43,85,8983000
43,85,8984000
43,85,8985000
43,85,8986000
43,85,8987000
43,85,8988000
43,85,8989000
43,85,8990000
43,85,8991000
43,85,8992000
43,85,8993000
43,85,8994000
43,85,8995000
43,85,8996000
43,85,8997000
43,85,8998000
43,85,8999000
43,85,9000000
43,85,9001000
43,85,9002000
43,85,9003000
43,85,9004000
43,85,9005000
43,85,9006000
43,85,9007000
43,85,9008000
43,85,9009000
43,85,9010000
43,85,9011000
43,85,9012000
43,85,9013000
43,85,9014000
43,85,9015000
43,85,9016000
43,85,9017000
43,85,9018000
43,85,9019000
43,85,9020000
43,85,9021000
43,85,9022000
43,85,9023000
43,85,9024000
43,85,9025000
43,85,9026000
43,85,9027000
43,85,9028000
43,85,9029000
43,85,9030000
43,85,9031000
43,85,9032000
43,85,9033000
43,85,9034000
43,85,9035000
43,85,9036000
43,85,9037000
43,85,9038000
43,85,9039000
43,85,9040000
43,85,9041000
43,85,9042000
43,85,9043000
43,85,9044000
43,85,9045000
43,85,9046000
43,85,9047000
43,85,9048000
43,85,9049000
43,85,9050000
43,85,9051000
43,85,9052000
43,85,9053000
43,85,9054000
43,85,9055000
43,85,9056000
43,85,9057000
43,85,9058000
43,85,9059000
43,85,9060000
43,85,9061000
43,85,9062000
43,85,9063000
43,85,9064000
43,85,9065000
43,85,9066000
43,85,9067000
43,85,9068000
43,85,9069000
43,85,9070000
43,85,9071000
43,85,9072000
43,85,9073000
43,85,9074000
43,85,9075000
43,85,9076000
43,85,9077000
43,85,9078000
43,85,9079000
43,85,9080000
43,85,9081000
43,85,9082000
43,85,9083000
43,85,9084000
43,85,9085000
43,85,9086000
43,85,9087000
43,85,9088000
43,85,9089000
43,85,9090000
43,85,9091000
43,85,9092000
43,85,9093000
43,85,9094000
43,85,9095000
43,85,9096000
43,85,9097000
43,85,9098000
43,85,9099000
43,85,9100000
43,85,9101000
43,85,9102000
43,85,9103000
43,85,9104000
43,85,9105000
43,85,9106000
43,85,9107000
43,85,9108000
43,85,9109000
43,85,9110000
43,85,9111000
43,85,9112000
43,85,9113000
43,85,9114000
43,85,9115000
43,85,9116000
43,85,9117000
43,85,9118000
43,85,9119000
43,85,9120000
43,85,9121000
43,85,9122000
43,85,9123000
43,85,9124000
43,85,9125000
43,85,9126000
43,85,9127000
43,85,9128000
43,85,9129000
43,85,9130000
43,85,9131000
43,85,9132000
43,85,9133000
43,85,9134000
43,85,9135000
43,85,9136000
43,85,9137000
43,85,9138000
43,85,9139000
43,85,9140000
43,85,9141000
43,85,9142000
43,85,9143000
43,85,9144000
43,85,9145000
43,85,9146000
43,85,9147000
43,85,9148000
43,85,9149000
43,85,9150000
43,85,9151000
43,85,9152000
43,85,9153000
43,85,9154000
43,85,9155000
43,85,9156000
43,85,9157000
43,85,9158000
43,85,9159000
43,85,9160000
43,85,9161000
43,85,9162000
43,85,9163000
43,85,9164000
43,85,9165000
43,85,9166000
43,85,9167000
43,85,9168000
43,85,9169000
43,85,9170000
43,85,9171000
43,85,9172000
43,85,9173000
43,85,9174000
43,85,9175000
43,85,9176000
43,85,9177000
43,85,9178000
43,85,9179000
43,85,9180000
43,85,9181000
43,85,9182000
43,85,9183000
43,85,9184000
43,85,9185000
43,85,9186000
43,85,9187000
43,85,9188000
43,85,9189000
43,85,9190000
43,85,9191000
43,85,9192000
43,85,9193000
43,85,9194000
43,85,9195000
43,85,9196000
43,85,9197000
43,85,9198000
43,85,9199000
43,85,9200000
43,85,9201000
43,85,9202000
43,85,9203000
43,85,9204000
43,85,9205000
43,85,9206000
43,85,9207000
43,85,9208000
43,85,9209000
43,85,9210000
43,85,9211000
43,85,9212000
43,85,9213000
43,85,9214000
43,85,9215000
43,85,9216000
43,85,9217000
43,85,9218000
43,85,9219000
43,85,9220000
43,85,9221000
43,85,9222000
43,85,9223000
43,85,9224000
43,85,9225000
43,85,9226000
43,85,9227000
43,85,9228000
43,85,9229000
43,85,9230000
43,85,9231000
43,85,9232000
43,85,9233000
43,85,9234000
43,85,9235000
43,85,9236000
43,85,9237000
43,85,9238000
43,85,9239000
43,85,9240000
43,85,9241000
43,85,9242000
43,85,9243000
43,85,9244000
43,85,9245000
43,85,9246000
43,85,9247000
43,85,9248000
43,85,9249000
43,85,9250000
43,85,9251000
43,85,9252000
43,85,9253000
43,85,9254000
43,85,9255000
43,85,9256000
43,85,9257000
43,85,9258000
43,85,9259000
43,85,9260000
43,85,9261000
43,85,9262000
43,85,9263000
43,85,9264000
43,85,9265000
43,85,9266000
43,85,9267000
43,85,9268000
43,85,9269000
43,85,9270000
43,85,9271000
43,85,9272000
43,85,9273000
43,85,9274000
43,85,9275000
43,85,9276000
43,85,9277000
43,85,9278000
43,85,9279000
43,85,9280000
43,85,9281000
43,85,9282000
43,85,9283000
43,85,9284000
43,85,9285000
43,85,9286000
43,85,9287000
43,85,9288000
43,85,9289000
43,85,9290000
43,85,9291000
43,85,9292000
43,85,9293000
43,85,9294000
43,85,9295000
43,85,9296000
43,85,9297000
43,85,9298000
43,85,9299000
43,85,9300000
43,85,9301000
43,85,9302000
43,85,9303000
43,85,9304000
43,85,9305000
43,85,9306000
43,85,9307000
43,85,9308000
43,85,9309000
43,85,9310000
43,85,9311000
43,85,9312000
43,85,9313000
43,85,9314000
43,85,9315000
43,85,9316000
43,85,9317000
43,85,9318000
43,85,9319000
43,85,9320000
43,85,9321000
43,85,9322000
43,85,9323000
43,85,9324000
43,85,9325000
43,85,9326000
43,85,9327000
43,85,9328000
43,85,9329000
43,85,9330000
43,85,9331000
43,85,9332000
43,85,9333000
43,85,9334000
43,85,9335000
43,85,9336000
43,85,9337000
43,85,9338000
43,85,9339000
43,85,9340000
43,85,9341000
43,85,9342000
43,85,9343000
43,85,9344000
43,85,9345000
43,85,9346000
43,85,9347000
43,85,9348000
43,85,9349000
43,85,9350000
43,85,9351000
43,85,9352000
43,85,9353000
43,85,9354000
43,85,9355000
43,85,9356000
43,85,9357000
43,85,9358000
43,85,9359000
43,85,9360000
43,85,9361000
43,85,9362000
43,85,9363000
43,85,9364000
43,85,9365000
43,85,9366000
43,85,9367000
43,85,9368000
43,85,9369000
43,85,9370000
43,85,9371000
43,85,9372000
43,85,9373000
43,85,9374000
43,85,9375000
43,85,9376000
43,85,9377000
43,85,9378000
43,85,9379000
43,85,9380000
43,85,9381000
43,85,9382000
43,85,9383000
43,85,9384000
43,85,9385000
43,85,9386000
43,85,9387000
43,85,9388000
43,85,9389000
43,85,9390000
43,85,9391000
43,85,9392000
43,85,9393000
43,85,9394000
43,85,9395000
43,85,9396000
43,85,9397000
43,85,9398000
43,85,9399000
43,85,9400000
43,85,9401000
43,85,9402000
43,85,9403000
43,85,9404000
43,85,9405000
43,85,9406000
43,85,9407000
43,85,9408000
43,85,9409000
43,85,9410000
43,85,9411000
43,85,9412000
43,85,9413000
43,85,9414000
43,85,9415000
43,85,9416000
43,85,9417000
43,85,9418000
43,85,9419000
43,85,9420000
43,85,9421000
43,85,9422000
43,85,9423000
43,85,9424000
43,85,9425000
43,85,9426000
43,85,9427000
43,85,9428000
43,85,9429000
43,85,9430000
43,85,9431000
43,85,9432000
43,85,9433000
43,85,9434000
43,85,9435000
43,85,9436000
43,85,9437000
43,85,9438000
43,85,9439000
43,85,9440000
43,85,9441000
43,85,9442000
43,85,9443000
43,85,9444000
43,85,9445000
43,85,9446000
43,85,9447000
43,85,9448000
43,85,9449000
43,85,9450000
43,85,9451000
43,85,9452000
43,85,9453000
43,85,9454000
43,85,9455000
43,85,9456000
43,85,9457000
43,85,9458000
43,85,9459000
43,85,9460000
43,85,9461000
43,85,9462000
43,85,9463000
43,85,9464000
43,85,9465000
43,85,9466000
43,85,9467000
43,85,9468000
43,85,9469000
43,85,9470000
43,85,9471000
43,85,9472000
43,85,9473000
43,85,9474000
43,85,9475000
43,85,9476000
43,85,9477000
43,85,9478000
43,85,9479000
43,85,9480000
43,85,9481000
43,85,9482000
43,85,9483000
43,85,9484000
43,85,9485000
43,85,9486000
43,85,9487000
43,85,9488000
43,85,9489000
43,85,9490000
43,85,9491000
43,85,9492000
43,85,9493000
43,85,9494000
43,85,9495000
43,85,9496000
43,85,9497000
43,85,9498000
43,85,9499000
43,85,9500000
43,85,9501000
43,85,9502000
43,85,9503000
43,85,9504000
43,85,9505000
43,85,9506000
43,85,9507000
43,85,9508000
43,85,9509000
43,85,9510000
43,85,9511000
43,85,9512000
43,85,9513000
43,85,9514000
43,85,9515000
43,85,9516000
43,85,9517000
43,85,9518000
43,85,9519000
43,85,9520000
43,85,9521000
43,85,9522000
43,85,9523000
43,85,9524000
43,85,9525000
43,85,9526000
43,85,9527000
43,85,9528000
43,85,9529000
43,85,9530000
43,85,9531000
43,85,9532000
43,85,9533000
43,85,9534000
43,85,9535000
43,85,9536000
43,85,9537000
43,85,9538000
43,85,9539000
43,85,9540000
43,85,9541000
43,85,9542000
43,85,9543000
43,85,9544000
43,85,9545000
43,85,9546000
43,85,9547000
43,85,9548000
43,85,9549000
43,85,9550000
43,85,9551000
43,85,9552000
43,85,9553000
43,85,9554000
43,85,9555000
43,85,9556000
43,85,9557000
43,85,9558000
43,85,9559000
43,85,9560000
43,85,9561000
43,85,9562000
43,85,9563000
43,85,9564000
43,85,9565000
43,85,9566000
43,85,9567000
43,85,9568000
43,85,9569000
43,85,9570000
43,85,9571000
43,85,9572000
43,85,9573000
43,85,9574000
43,85,9575000
43,85,9576000
43,85,9577000
43,85,9578000
43,85,9579000
43,85,9580000
43,85,9581000
43,85,9582000
43,85,9583000
43,85,9584000
43,85,9585000
43,85,9586000
43,85,9587000
43,85,9588000
43,85,9589000
43,85,9590000
43,85,9591000
43,85,9592000
43,85,9593000
43,85,9594000
43,85,9595000
43,85,9596000
43,85,9597000
43,85,9598000
43,85,9599000
43,85,9600000
43,85,9601000
43,85,9602000
43,85,9603000
43,85,9604000
43,85,9605000
43,85,9606000
43,85,9607000
43,85,9608000
43,85,9609000
43,85,9610000
43,85,9611000
43,85,9612000
43,85,9613000
43,85,9614000
43,85,9615000
43,85,9616000
43,85,9617000
43,85,9618000
43,85,9619000
43,85,9620000
43,85,9621000
43,85,9622000
43,85,9623000
43,85,9624000
43,85,9625000
43,85,9626000
43,85,9627000
43,85,9628000
43,85,9629000
43,85,9630000
43,85,9631000
43,85,9632000
43,85,9633000
43,85,9634000
43,85,9635000
43,85,9636000
43,85,9637000
43,85,9638000
43,85,9639000
43,85,9640000
43,85,9641000
43,85,9642000
43,85,9643000
43,85,9644000
43,85,9645000
43,85,9646000
43,85,9647000
43,85,9648000
43,85,9649000
43,85,9650000
43,85,9651000
43,85,9652000
43,85,9653000
43,85,9654000
43,85,9655000
43,85,9656000
43,85,9657000
43,85,9658000
43,85,9659000
43,85,9660000
43,85,9661000
43,85,9662000
43,85,9663000
43,85,9664000
43,85,9665000
43,85,9666000
43,85,9667000
43,85,9668000
43,85,9669000
43,85,9670000
43,85,9671000
43,85,9672000
43,85,9673000
43,85,9674000
43,85,9675000
43,85,9676000
43,85,9677000
43,85,9678000
43,85,9679000
43,85,9680000
43,85,9681000
43,85,9682000
43,85,9683000
43,85,9684000
43,85,9685000
43,85,9686000
43,85,9687000
43,85,9688000
43,85,9689000
43,85,9690000
43,85,9691000
43,85,9692000
43,85,9693000
43,85,9694000
43,85,9695000
43,85,9696000
43,85,9697000
43,85,9698000
43,85,9699000
43,85,9700000
43,85,9701000
43,85,9702000
43,85,9703000
43,85,9704000
43,85,9705000
43,85,9706000
43,85,9707000
43,85,9708000
43,85,9709000
43,85,9710000
43,85,9711000
43,85,9712000
43,85,9713000
43,85,9714000
43,85,9715000
43,85,9716000
43,85,9717000
43,85,9718000
43,85,9719000
43,85,9720000
43,85,9721000
43,85,9722000
43,85,9723000
43,85,9724000
43,85,9725000
43,85,9726000
43,85,9727000
43,85,9728000
43,85,9729000
43,85,9730000
43,85,9731000
43,85,9732000
43,85,9733000
43,85,9734000
43,85,9735000
43,85,9736000
43,85,9737000
43,85,9738000
43,85,9739000
43,85,9740000
43,85,9741000
43,85,9742000
43,85,9743000
43,85,9744000
43,85,9745000
43,85,9746000
43,85,9747000
43,85,9748000
43,85,9749000
43,85,9750000
43,85,9751000
43,85,9752000
43,85,9753000
43,85,9754000
43,85,9755000
43,85,9756000
43,85,9757000
43,85,9758000
43,85,9759000
43,85,9760000
43,85,9761000
43,85,9762000
43,85,9763000
43,85,9764000
43,85,9765000
43,85,9766000
43,85,9767000
43,85,9768000
43,85,9769000
43,85,9770000
43,85,9771000
43,85,9772000
43,85,9773000
43,85,9774000
43,85,9775000
43,85,9776000
43,85,9777000
43,85,9778000
43,85,9779000
43,85,9780000
43,85,9781000
43,85,9782000
43,85,9783000
43,85,9784000
43,85,9785000
43,85,9786000
43,85,9787000
43,85,9788000
43,85,9789000
43,85,9790000
43,85,9791000
43,85,9792000
43,85,9793000
43,85,9794000
43,85,9795000
43,85,9796000
43,85,9797000
43,85,9798000
43,85,9799000
43,85,9800000
43,85,9801000
43,85,9802000
43,85,9803000
43,85,9804000
43,85,9805000
43,85,9806000
43,85,9807000
43,85,9808000
43,85,9809000
43,85,9810000
43,85,9811000
43,85,9812000
43,85,9813000
43,85,9814000
43,85,9815000
43,85,9816000
43,85,9817000
43,85,9818000
43,85,9819000
43,85,9820000
43,85,9821000
43,85,9822000
43,85,9823000
43,85,9824000
43,85,9825000
43,85,9826000
43,85,9827000
43,85,9828000
43,85,9829000
43,85,9830000
43,85,9831000
43,85,9832000
43,85,9833000
43,85,9834000
43,85,9835000
43,85,9836000
43,85,9837000
43,85,9838000
43,85,9839000
43,85,9840000
43,85,9841000
43,85,9842000
43,85,9843000
43,85,9844000
43,85,9845000
43,85,9846000
43,85,9847000
43,85,9848000
43,85,9849000
43,85,9850000
43,85,9851000
43,85,9852000
43,85,9853000
43,85,9854000
43,85,9855000
43,85,9856000
43,85,9857000
43,85,9858000
43,85,9859000
43,85,9860000
43,85,9861000
43,85,9862000
43,85,9863000
43,85,9864000
43,85,9865000
43,85,9866000
43,85,9867000
43,85,9868000
43,85,9869000
43,85,9870000
43,85,9871000
43,85,9872000
43,85,9873000
43,85,9874000
43,85,9875000
43,85,9876000
43,85,9877000
43,85,9878000
43,85,9879000
43,85,9880000
43,85,9881000
43,85,9882000
43,85,9883000
43,85,9884000
43,85,9885000
43,85,9886000
43,85,9887000
43,85,9888000
43,85,9889000
43,85,9890000
43,85,9891000
43,85,9892000
43,85,9893000
43,85,9894000
43,85,9895000
43,85,9896000
43,85,9897000
43,85,9898000
43,85,9899000
43,85,9900000
43,85,9901000
43,85,9902000
43,85,9903000
43,85,9904000
43,85,9905000
43,85,9906000
43,85,9907000
43,85,9908000
43,85,9909000
43,85,9910000
43,85,9911000
43,85,9912000
43,85,9913000
43,85,9914000
43,85,9915000
43,85,9916000
43,85,9917000
43,85,9918000
43,85,9919000
43,85,9920000
43,85,9921000
43,85,9922000
43,85,9923000
43,85,9924000
43,85,9925000
43,85,9926000
43,85,9927000
43,85,9928000
43,85,9929000
43,85,9930000
43,85,9931000
43,85,9932000
43,85,9933000
43,85,9934000
43,85,9935000
43,85,9936000
43,85,9937000
43,85,9938000
43,85,9939000
43,85,9940000
43,85,9941000
43,85,9942000
43,85,9943000
43,85,9944000
43,85,9945000
43,85,9946000
43,85,9947000
43,85,9948000
43,85,9949000
43,85,9950000
43,85,9951000
43,85,9952000
43,85,9953000
43,85,9954000
43,85,9955000
43,85,9956000
43,85,9957000
43,85,9958000
43,85,9959000
43,85,9960000
43,85,9961000
43,85,9962000
43,85,9963000
43,85,9964000
43,85,9965000
43,85,9966000
43,85,9967000
43,85,9968000
43,85,9969000
43,85,9970000
43,85,9971000
43,85,9972000
43,85,9973000
43,85,9974000
43,85,9975000
43,85,9976000
43,85,9977000
43,85,9978000
43,85,9979000
43,85,9980000
43,85,9981000
43,85,9982000
43,85,9983000
43,85,9984000
43,85,9985000
43,85,9986000
43,85,9987000
43,85,9988000
43,85,9989000
43,85,9990000
43,85,9991000
43,85,9992000
43,85,9993000
43,85,9994000
43,85,9995000
43,85,9996000
43,85,9997000
43,85,9998000
43,85,9999000
43,85,10000000
43,85,10001000
43,85,10002000
43,85,10003000
43,85,10004000
43,85,10005000
43,85,10006000
43,85,10007000
43,85,10008000
43,85,10009000
43,85,10010000
43,85,10011000
43,85,10012000
43,85,10013000
43,85,10014000
43,85,10015000
43,85,10016000
43,85,10017000
43,85,10018000
43,85,10019000
43,85,10020000
43,85,10021000
43,85,10022000
43,85,10023000
43,85,10024000
43,85,10025000
43,85,10026000
43,85,10027000
43,85,10028000
43,85,10029000
43,85,10030000
43,85,10031000
43,85,10032000
43,85,10033000
43,85,10034000
43,85,10035000
43,85,10036000
43,85,10037000
43,85,10038000
43,85,10039000
43,85,10040000
43,85,10041000
43,85,10042000
43,85,10043000
43,85,10044000
43,85,10045000
43,85,10046000
43,85,10047000
43,85,10048000
43,85,10049000
43,85,10050000
43,85,10051000
43,85,10052000
43,85,10053000
43,85,10054000
43,85,10055000
43,85,10056000
43,85,10057000
43,85,10058000
43,85,10059000
43,85,10060000
43,85,10061000
43,85,10062000
43,85,10063000
43,85,10064000
43,85,10065000
43,85,10066000
43,85,10067000
43,85,10068000
43,85,10069000
43,85,10070000
43,85,10071000
43,85,10072000
43,85,10073000
43,85,10074000
43,85,10075000
43,85,10076000
43,85,10077000
43,85,10078000
43,85,10079000
43,85,10080000
43,85,10081000
43,85,10082000
43,85,10083000
43,85,10084000
43,85,10085000
43,85,10086000
43,85,10087000
43,85,10088000
43,85,10089000
43,85,10090000
43,85,10091000
43,85,10092000
43,85,10093000
43,85,10094000
43,85,10095000
43,85,10096000
43,85,10097000
43,85,10098000
43,85,10099000
43,85,10100000
43,85,10101000
43,85,10102000
43,85,10103000
43,85,10104000
43,85,10105000
43,85,10106000
43,85,10107000
43,85,10108000
43,85,10109000
43,85,10110000
43,85,10111000
43,85,10112000
43,85,10113000
43,85,10114000
43,85,10115000
43,85,10116000
43,85,10117000
43,85,10118000
43,85,10119000
43,85,10120000
43,85,10121000
43,85,10122000
43,85,10123000
43,85,10124000
43,85,10125000
43,85,10126000
43,85,10127000
43,85,10128000
43,85,10129000
43,85,10130000
43,85,10131000
43,85,10132000
43,85,10133000
43,85,10134000
43,85,10135000
43,85,10136000
43,85,10137000
43,85,10138000
43,85,10139000
43,85,10140000
43,85,10141000
43,85,10142000
43,85,10143000
43,85,10144000
43,85,10145000
43,85,10146000
43,85,10147000
43,85,10148000
43,85,10149000
43,85,10150000
43,85,10151000
43,85,10152000
43,85,10153000
43,85,10154000
43,85,10155000
43,85,10156000
43,85,10157000
43,85,10158000
43,85,10159000
43,85,10160000
43,85,10161000
43,85,10162000
43,85,10163000
43,85,10164000
43,85,10165000
43,85,10166000
43,85,10167000
43,85,10168000
43,85,10169000
43,85,10170000
43,85,10171000
43,85,10172000
43,85,10173000
43,85,10174000
43,85,10175000
43,85,10176000
43,85,10177000
43,85,10178000
43,85,10179000
43,85,10180000
43,85,10181000
43,85,10182000
43,85,10183000
43,85,10184000
43,85,10185000
43,85,10186000
43,85,10187000
43,85,10188000
43,85,10189000
43,85,10190000
43,85,10191000
43,85,10192000
43,85,10193000
43,85,10194000
43,85,10195000
43,85,10196000
43,85,10197000
43,85,10198000
43,85,10199000
43,85,10200000
43,85,10201000
43,85,10202000
43,85,10203000
43,85,10204000
43,85,10205000
43,85,10206000
43,85,10207000
43,85,10208000
43,85,10209000
43,85,10210000
43,85,10211000
43,85,10212000
43,85,10213000
43,85,10214000
43,85,10215000
43,85,10216000
43,85,10217000
43,85,10218000
43,85,10219000
43,85,10220000
43,85,10221000
43,85,10222000
43,85,10223000
43,85,10224000
43,85,10225000
43,85,10226000
43,85,10227000
43,85,10228000
43,85,10229000
43,85,10230000
43,85,10231000
43,85,10232000
43,85,10233000
43,85,10234000
43,85,10235000
43,85,10236000
43,85,10237000
43,85,10238000
43,85,10239000
43,85,10240000
43,85,10241000
43,85,10242000
43,85,10243000
43,85,10244000
43,85,10245000
43,85,10246000
43,85,10247000
43,85,10248000
43,85,10249000
43,85,10250000
43,85,10251000
43,85,10252000
43,85,10253000
43,85,10254000
43,85,10255000
43,85,10256000
43,85,10257000
43,85,10258000
43,85,10259000
43,85,10260000
43,85,10261000
43,85,10262000
43,85,10263000
43,85,10264000
43,85,10265000
43,85,10266000
43,85,10267000
43,85,10268000
43,85,10269000
43,85,10270000
43,85,10271000
43,85,10272000
43,85,10273000
43,85,10274000
43,85,10275000
43,85,10276000
43,85,10277000
43,85,10278000
43,85,10279000
43,85,10280000
43,85,10281000
43,85,10282000
43,85,10283000
43,85,10284000
43,85,10285000
43,85,10286000
43,85,10287000
43,85,10288000
43,85,10289000
43,85,10290000
43,85,10291000
43,85,10292000
43,85,10293000
43,85,10294000
43,85,10295000
43,85,10296000
43,85,10297000
43,85,10298000
43,85,10299000
43,85,10300000
43,85,10301000
43,85,10302000
43,85,10303000
43,85,10304000
43,85,10305000
43,85,10306000
43,85,10307000
43,85,10308000
43,85,10309000
43,85,10310000
43,85,10311000
43,85,10312000
43,85,10313000
43,85,10314000
43,85,10315000
43,85,10316000
43,85,10317000
43,85,10318000
43,85,10319000
43,85,10320000
43,85,10321000
43,85,10322000
43,85,10323000
43,85,10324000
43,85,10325000
43,85,10326000
43,85,10327000
43,85,10328000
43,85,10329000
43,85,10330000
43,85,10331000
43,85,10332000
43,85,10333000
43,85,10334000
43,85,10335000
43,85,10336000
43,85,10337000
43,85,10338000
43,85,10339000
43,85,10340000
43,85,10341000
43,85,10342000
43,85,10343000
43,85,10344000
43,85,10345000
43,85,10346000
43,85,10347000
43,85,10348000
43,85,10349000
43,85,10350000
43,85,10351000
43,85,10352000
43,85,10353000
43,85,10354000
43,85,10355000
43,85,10356000
43,85,10357000
43,85,10358000
43,85,10359000
43,85,10360000
43,85,10361000
43,85,10362000
43,85,10363000
43,85,10364000
43,85,10365000
43,85,10366000
43,85,10367000
43,85,10368000
43,85,10369000
43,85,10370000
43,85,10371000
43,85,10372000
43,85,10373000
43,85,10374000
43,85,10375000
43,85,10376000
43,85,10377000
43,85,10378000
43,85,10379000
43,85,10380000
43,85,10381000
43,85,10382000
43,85,10383000
43,85,10384000
43,85,10385000
43,85,10386000
43,85,10387000
43,85,10388000
43,85,10389000
43,85,10390000
43,85,10391000
43,85,10392000
43,85,10393000
43,85,10394000
43,85,10395000
43,85,10396000
43,85,10397000
43,85,10398000
43,85,10399000
43,85,10400000
43,85,10401000
43,85,10402000
43,85,10403000
43,85,10404000
43,85,10405000
43,85,10406000
43,85,10407000
43,85,10408000
43,85,10409000
43,85,10410000
43,85,10411000
43,85,10412000
43,85,10413000
43,85,10414000
43,85,10415000
43,85,10416000
43,85,10417000
43,85,10418000
43,85,10419000
43,85,10420000
43,85,10421000
43,85,10422000
43,85,10423000
43,85,10424000
43,85,10425000
43,85,10426000
43,85,10427000
43,85,10428000
43,85,10429000
43,85,10430000
43,85,10431000
43,85,10432000
43,85,10433000
43,85,10434000
43,85,10435000
43,85,10436000
43,85,10437000
43,85,10438000
43,85,10439000
43,85,10440000
43,85,10441000
43,85,10442000
43,85,10443000
43,85,10444000
43,85,10445000
43,85,10446000
43,85,10447000
43,85,10448000
43,85,10449000
43,85,10450000
43,85,10451000
43,85,10452000
43,85,10453000
43,85,10454000
43,85,10455000
43,85,10456000
43,85,10457000
43,85,10458000
43,85,10459000
43,85,10460000
43,85,10461000
43,85,10462000
43,85,10463000
43,85,10464000
43,85,10465000
43,85,10466000
43,85,10467000
43,85,10468000
43,85,10469000
43,85,10470000
43,85,10471000
43,85,10472000
43,85,10473000
43,85,10474000
43,85,10475000
43,85,10476000
43,85,10477000
43,85,10478000
43,85,10479000
43,85,10480000
43,85,10481000
43,85,10482000
43,85,10483000
43,85,10484000
43,85,10485000
43,85,10486000
43,85,10487000
43,85,10488000
43,85,10489000
43,85,10490000
43,85,10491000
43,85,10492000
43,85,10493000
43,85,10494000
43,85,10495000
43,85,10496000
43,85,10497000
43,85,10498000
43,85,10499000
43,85,10500000
43,85,10501000
43,85,10502000
43,85,10503000
43,85,10504000
43,85,10505000
43,85,10506000
43,85,10507000
43,85,10508000
43,85,10509000
43,85,10510000
43,85,10511000
43,85,10512000
43,85,10513000
43,85,10514000
43,85,10515000
43,85,10516000
43,85,10517000
43,85,10518000
43,85,10519000
43,85,10520000
43,85,10521000
43,85,10522000
43,85,10523000
43,85,10524000
43,85,10525000
43,85,10526000
43,85,10527000
43,85,10528000
43,85,10529000
43,85,10530000
43,85,10531000
43,85,10532000
43,85,10533000
43,85,10534000
43,85,10535000
43,85,10536000
43,85,10537000
43,85,10538000
43,85,10539000
43,85,10540000
43,85,10541000
43,85,10542000
43,85,10543000
43,85,10544000
43,85,10545000
43,85,10546000
43,85,10547000
43,85,10548000
43,85,10549000
43,85,10550000
43,85,10551000
43,85,10552000
43,85,10553000
43,85,10554000
43,85,10555000
43,85,10556000
43,85,10557000
43,85,10558000
43,85,10559000
43,85,10560000
43,85,10561000
43,85,10562000
43,85,10563000
43,85,10564000
43,85,10565000
43,85,10566000
43,85,10567000
43,85,10568000
43,85,10569000
43,85,10570000
43,85,10571000
43,85,10572000
43,85,10573000
43,85,10574000
43,85,10575000
43,85,10576000
43,85,10577000
43,85,10578000
43,85,10579000
43,85,10580000
43,85,10581000
43,85,10582000
43,85,10583000
43,85,10584000
43,85,10585000
43,85,10586000
43,85,10587000
43,85,10588000
43,85,10589000
43,85,10590000
43,85,10591000
43,85,10592000
43,85,10593000
43,85,10594000
43,85,10595000
43,85,10596000
43,85,10597000
43,85,10598000
43,85,10599000
43,85,10600000
43,85,10601000
43,85,10602000
43,85,10603000
43,85,10604000
43,85,10605000
43,85,10606000
43,85,10607000
43,85,10608000
43,85,10609000
43,85,10610000
43,85,10611000
43,85,10612000
43,85,10613000
43,85,10614000
43,85,10615000
43,85,10616000
43,85,10617000
43,85,10618000
43,85,10619000
43,85,10620000
43,85,10621000
43,85,10622000
43,85,10623000
43,85,10624000
43,85,10625000
43,85,10626000
43,85,10627000
43,85,10628000
43,85,10629000
43,85,10630000
43,85,10631000
43,85,10632000
43,85,10633000
43,85,10634000
43,85,10635000
43,85,10636000
43,85,10637000
43,85,10638000
43,85,10639000
43,85,10640000
43,85,10641000
43,85,10642000
43,85,10643000
43,85,10644000
43,85,10645000
43,85,10646000
43,85,10647000
43,85,10648000
43,85,10649000
43,85,10650000
43,85,10651000
43,85,10652000
43,85,10653000
43,85,10654000
43,85,10655000
43,85,10656000
43,85,10657000
43,85,10658000
43,85,10659000
43,85,10660000
43,85,10661000
43,85,10662000
43,85,10663000
43,85,10664000
43,85,10665000
43,85,10666000
43,85,10667000
43,85,10668000
43,85,10669000
43,85,10670000
43,85,10671000
43,85,10672000
43,85,10673000
43,85,10674000
43,85,10675000
43,85,10676000
43,85,10677000
43,85,10678000
43,85,10679000
43,85,10680000
43,85,10681000
43,85,10682000
43,85,10683000
43,85,10684000
43,85,10685000
43,85,10686000
43,85,10687000
43,85,10688000
43,85,10689000
43,85,10690000
43,85,10691000
43,85,10692000
43,85,10693000
43,85,10694000
43,85,10695000
43,85,10696000
43,85,10697000
43,85,10698000
43,85,10699000
43,85,10700000
43,85,10701000
43,85,10702000
43,85,10703000
43,85,10704000
43,85,10705000
43,85,10706000
43,85,10707000
43,85,10708000
43,85,10709000
43,85,10710000
43,85,10711000
43,85,10712000
43,85,10713000
43,85,10714000
43,85,10715000
43,85,10716000
43,85,10717000
43,85,10718000
43,85,10719000
43,85,10720000
43,85,10721000
43,85,10722000
43,85,10723000
43,85,10724000
43,85,10725000
43,85,10726000
43,85,10727000
43,85,10728000
43,85,10729000
43,85,10730000
43,85,10731000
43,85,10732000
43,85,10733000
43,85,10734000
43,85,10735000
43,85,10736000
43,85,10737000
43,85,10738000
43,85,10739000
43,85,10740000
43,85,10741000
43,85,10742000
43,85,10743000
43,85,10744000
43,85,10745000
43,85,10746000
43,85,10747000
43,85,10748000
43,85,10749000
43,85,10750000
43,85,10751000
43,85,10752000
43,85,10753000
43,85,10754000
43,85,10755000
43,85,10756000
43,85,10757000
43,85,10758000
43,85,10759000
43,85,10760000
43,85,10761000
43,85,10762000
43,85,10763000
43,85,10764000
43,85,10765000
43,85,10766000
43,85,10767000
43,85,10768000
43,85,10769000
43,85,10770000
43,85,10771000
43,85,10772000
43,85,10773000
43,85,10774000
43,85,10775000
43,85,10776000
43,85,10777000
43,85,10778000
43,85,10779000
43,85,10780000
43,85,10781000
43,85,10782000
43,85,10783000
43,85,10784000
43,85,10785000
43,85,10786000
43,85,10787000
43,85,10788000
43,85,10789000
43,85,10790000
43,85,10791000
43,85,10792000
43,85,10793000
43,85,10794000
43,85,10795000
43,85,10796000
43,85,10797000
43,85,10798000
43,85,10799000
43,85,10800000
43,85,10801000
43,85,10802000
43,85,10803000
43,85,10804000
43,85,10805000
43,85,10806000
43,85,10807000
43,85,10808000
43,85,10809000
43,85,10810000
43,85,10811000
43,85,10812000
43,85,10813000
43,85,10814000
43,85,10815000
43,85,10816000
43,85,10817000
43,85,10818000
43,85,10819000
43,85,10820000
43,85,10821000
43,85,10822000
43,85,10823000
43,85,10824000
43,85,10825000
43,85,10826000
43,85,10827000
43,85,10828000
43,85,10829000
43,85,10830000
43,85,10831000
43,85,10832000
43,85,10833000
43,85,10834000
43,85,10835000
43,85,10836000
43,85,10837000
43,85,10838000
43,85,10839000
43,85,10840000
43,85,10841000
43,85,10842000
43,85,10843000
43,85,10844000
43,85,10845000
43,85,10846000
43,85,10847000
43,85,10848000
43,85,10849000
43,85,10850000
43,85,10851000
43,85,10852000
43,85,10853000
43,85,10854000
43,85,10855000
43,85,10856000
43,85,10857000
43,85,10858000
43,85,10859000
43,85,10860000
43,85,10861000
43,85,10862000
43,85,10863000
43,85,10864000
43,85,10865000
43,85,10866000
43,85,10867000
43,85,10868000
43,85,10869000
43,85,10870000
43,85,10871000
43,85,10872000
43,85,10873000
43,85,10874000
43,85,10875000
43,85,10876000
43,85,10877000
43,85,10878000
43,85,10879000
43,85,10880000
43,85,10881000
43,85,10882000
43,85,10883000
43,85,10884000
43,85,10885000
43,85,10886000
43,85,10887000
43,85,10888000
43,85,10889000
43,85,10890000
43,85,10891000
43,85,10892000
43,85,10893000
43,85,10894000
43,85,10895000
43,85,10896000
43,85,10897000
43,85,10898000
43,85,10899000
43,85,10900000
43,85,10901000
43,85,10902000
43,85,10903000
43,85,10904000
43,85,10905000
43,85,10906000
43,85,10907000
43,85,10908000
43,85,10909000
43,85,10910000
43,85,10911000
43,85,10912000
43,85,10913000
43,85,10914000
43,85,10915000
43,85,10916000
43,85,10917000
43,85,10918000
43,85,10919000
43,85,10920000
43,85,10921000
43,85,10922000
43,85,10923000
43,85,10924000
43,85,10925000
43,85,10926000
43,85,10927000
43,85,10928000
43,85,10929000
43,85,10930000
43,85,10931000
43,85,10932000
43,85,10933000
43,85,10934000
43,85,10935000
43,85,10936000
43,85,10937000
43,85,10938000
43,85,10939000
43,85,10940000
43,85,10941000
43,85,10942000
43,85,10943000
43,85,10944000
43,85,10945000
43,85,10946000
43,85,10947000
43,85,10948000
43,85,10949000
43,85,10950000
43,85,10951000
43,85,10952000
43,85,10953000
43,85,10954000
43,85,10955000
43,85,10956000
43,85,10957000
43,85,10958000
43,85,10959000
43,85,10960000
43,85,10961000
43,85,10962000
43,85,10963000
43,85,10964000
43,85,10965000
43,85,10966000
43,85,10967000
43,85,10968000
43,85,10969000
43,85,10970000
43,85,10971000
43,85,10972000
43,85,10973000
43,85,10974000
43,85,10975000
43,85,10976000
43,85,10977000
43,85,10978000
43,85,10979000
43,85,10980000
43,85,10981000
43,85,10982000
43,85,10983000
43,85,10984000
43,85,10985000
43,85,10986000
43,85,10987000
43,85,10988000
43,85,10989000
43,85,10990000
43,85,10991000
43,85,10992000
43,85,10993000
43,85,10994000
43,85,10995000
43,85,10996000
43,85,10997000
43,85,10998000
43,85,10999000
43,85,11000000
43,85,11001000
43,85,11002000
43,85,11003000
43,85,11004000
43,85,11005000
43,85,11006000
43,85,11007000
43,85,11008000
43,85,11009000
43,85,11010000
43,85,11011000
43,85,11012000
43,85,11013000
43,85,11014000
43,85,11015000
43,85,11016000
43,85,11017000
43,85,11018000
43,85,11019000
43,85,11020000
43,85,11021000
43,85,11022000
43,85,11023000
43,85,11024000
43,85,11025000
43,85,11026000
43,85,11027000
43,85,11028000
43,85,11029000
43,85,11030000
43,85,11031000
43,85,11032000
43,85,11033000
43,85,11034000
43,85,11035000
43,85,11036000
43,85,11037000
43,85,11038000
43,85,11039000
43,85,11040000
43,85,11041000
43,85,11042000
43,85,11043000
43,85,11044000
43,85,11045000
43,85,11046000
43,85,11047000
43,85,11048000
43,85,11049000
43,85,11050000
43,85,11051000
43,85,11052000
43,85,11053000
43,85,11054000
43,85,11055000
43,85,11056000
43,85,11057000
43,85,11058000
43,85,11059000
43,85,11060000
43,85,11061000
43,85,11062000
43,85,11063000
43,85,11064000
43,85,11065000
43,85,11066000
43,85,11067000
43,85,11068000
43,85,11069000
43,85,11070000
43,85,11071000
43,85,11072000
43,85,11073000
43,85,11074000
43,85,11075000
43,85,11076000
43,85,11077000
43,85,11078000
43,85,11079000
43,85,11080000
43,85,11081000
43,85,11082000
43,85,11083000
43,85,11084000
43,85,11085000
43,85,11086000
43,85,11087000
43,85,11088000
43,85,11089000
43,85,11090000
43,85,11091000
43,85,11092000
43,85,11093000
43,85,11094000
43,85,11095000
43,85,11096000
43,85,11097000
43,85,11098000
43,85,11099000
43,85,11100000
43,85,11101000
43,85,11102000
43,85,11103000
43,85,11104000
43,85,11105000
43,85,11106000
43,85,11107000
43,85,11108000
43,85,11109000
43,85,11110000
43,85,11111000
43,85,11112000
43,85,11113000
43,85,11114000
43,85,11115000
43,85,11116000
43,85,11117000
43,85,11118000
43,85,11119000
43,85,11120000
43,85,11121000
43,85,11122000
43,85,11123000
43,85,11124000
43,85,11125000
43,85,11126000
43,85,11127000
43,85,11128000
43,85,11129000
43,85,11130000
43,85,11131000
43,85,11132000
43,85,11133000
43,85,11134000
43,85,11135000
43,85,11136000
43,85,11137000
43,85,11138000
43,85,11139000
43,85,11140000
43,85,11141000
43,85,11142000
43,85,11143000
43,85,11144000
43,85,11145000
43,85,11146000
43,85,11147000
43,85,11148000
43,85,11149000
43,85,11150000
43,85,11151000
43,85,11152000
43,85,11153000
43,85,11154000
43,85,11155000
43,85,11156000
43,85,11157000
43,85,11158000
43,85,11159000
43,85,11160000
43,85,11161000
43,85,11162000
43,85,11163000
43,85,11164000
43,85,11165000
43,85,11166000
43,85,11167000
43,85,11168000
43,85,11169000
43,85,11170000
43,85,11171000
43,85,11172000
43,85,11173000
43,85,11174000
43,85,11175000
43,85,11176000
43,85,11177000
43,85,11178000
43,85,11179000
43,85,11180000
43,85,11181000
43,85,11182000
43,85,11183000
43,85,11184000
43,85,11185000
43,85,11186000
43,85,11187000
43,85,11188000
43,85,11189000
43,85,11190000
43,85,11191000
43,85,11192000
43,85,11193000
43,85,11194000
43,85,11195000
43,85,11196000
43,85,11197000
43,85,11198000
43,85,11199000
43,85,11200000
43,85,11201000
43,85,11202000
43,85,11203000
43,85,11204000
43,85,11205000
43,85,11206000
43,85,11207000
43,85,11208000
43,85,11209000
43,85,11210000
43,85,11211000
43,85,11212000
43,85,11213000
43,85,11214000
43,85,11215000
43,85,11216000
43,85,11217000
43,85,11218000
43,85,11219000
43,85,11220000
43,85,11221000
43,85,11222000
43,85,11223000
43,85,11224000
43,85,11225000
43,85,11226000
43,85,11227000
43,85,11228000
43,85,11229000
43,85,11230000
43,85,11231000
43,85,11232000
43,85,11233000
43,85,11234000
43,85,11235000
43,85,11236000
43,85,11237000
43,85,11238000
43,85,11239000
43,85,11240000
43,85,11241000
43,85,11242000
43,85,11243000
43,85,11244000
43,85,11245000
43,85,11246000
43,85,11247000
43,85,11248000
43,85,11249000
43,85,11250000
43,85,11251000
43,85,11252000
43,85,11253000
43,85,11254000
43,85,11255000
43,85,11256000
43,85,11257000
43,85,11258000
43,85,11259000
43,85,11260000
43,85,11261000
43,85,11262000
43,85,11263000
43,85,11264000
43,85,11265000
43,85,11266000
43,85,11267000
43,85,11268000
43,85,11269000
43,85,11270000
43,85,11271000
43,85,11272000
43,85,11273000
43,85,11274000
43,85,11275000
43,85,11276000
43,85,11277000
43,85,11278000
43,85,11279000
43,85,11280000
43,85,11281000
43,85,11282000
43,85,11283000
43,85,11284000
43,85,11285000
43,85,11286000
43,85,11287000
43,85,11288000
43,85,11289000
43,85,11290000
43,85,11291000
43,85,11292000
43,85,11293000
43,85,11294000
43,85,11295000
43,85,11296000
43,85,11297000
43,85,11298000
43,85,11299000
43,85,11300000
43,85,11301000
43,85,11302000
43,85,11303000
43,85,11304000
43,85,11305000
43,85,11306000
43,85,11307000
43,85,11308000
43,85,11309000
43,85,11310000
43,85,11311000
43,85,11312000
43,85,11313000
43,85,11314000
43,85,11315000
43,85,11316000
43,85,11317000
43,85,11318000
43,85,11319000
43,85,11320000
43,85,11321000
43,85,11322000
43,85,11323000
43,85,11324000
43,85,11325000
43,85,11326000
43,85,11327000
43,85,11328000
43,85,11329000
43,85,11330000
43,85,11331000
43,85,11332000
43,85,11333000
43,85,11334000
43,85,11335000
43,85,11336000
43,85,11337000
43,85,11338000
43,85,11339000
43,85,11340000
43,85,11341000
43,85,11342000
43,85,11343000
43,85,11344000
43,85,11345000
43,85,11346000
43,85,11347000
43,85,11348000
43,85,11349000
43,85,11350000
43,85,11351000
43,85,11352000
43,85,11353000
43,85,11354000
43,85,11355000
43,85,11356000
43,85,11357000
43,85,11358000
43,85,11359000
43,85,11360000
43,85,11361000
43,85,11362000
43,85,11363000
43,85,11364000
43,85,11365000
43,85,11366000
43,85,11367000
43,85,11368000
43,85,11369000
43,85,11370000
43,85,11371000
43,85,11372000
43,85,11373000
43,85,11374000
43,85,11375000
43,85,11376000
43,85,11377000
43,85,11378000
43,85,11379000
43,85,11380000
43,85,11381000
43,85,11382000
43,85,11383000
43,85,11384000
43,85,11385000
43,85,11386000
43,85,11387000
43,85,11388000
43,85,11389000
43,85,11390000
43,85,11391000
43,85,11392000
43,85,11393000
43,85,11394000
43,85,11395000
43,85,11396000
43,85,11397000
43,85,11398000
43,85,11399000
43,85,11400000
43,85,11401000
43,85,11402000
43,85,11403000
43,85,11404000
43,85,11405000
43,85,11406000
43,85,11407000
43,85,11408000
43,85,11409000
43,85,11410000
43,85,11411000
43,85,11412000
43,85,11413000
43,85,11414000
43,85,11415000
43,85,11416000
43,85,11417000
43,85,11418000
43,85,11419000
43,85,11420000
43,85,11421000
43,85,11422000
43,85,11423000
43,85,11424000
43,85,11425000
43,85,11426000
43,85,11427000
43,85,11428000
43,85,11429000
43,85,11430000
43,85,11431000
43,85,11432000
43,85,11433000
43,85,11434000
43,85,11435000
43,85,11436000
43,85,11437000
43,85,11438000
43,85,11439000
43,85,11440000
43,85,11441000
43,85,11442000
43,85,11443000
43,85,11444000
43,85,11445000
43,85,11446000
43,85,11447000
43,85,11448000
43,85,11449000
43,85,11450000
43,85,11451000
43,85,11452000
43,85,11453000
43,85,11454000
43,85,11455000
43,85,11456000
43,85,11457000
43,85,11458000
43,85,11459000
43,85,11460000
43,85,11461000
43,85,11462000
43,85,11463000
43,85,11464000
43,85,11465000
43,85,11466000
43,85,11467000
43,85,11468000
43,85,11469000
43,85,11470000
43,85,11471000
43,85,11472000
43,85,11473000
43,85,11474000
43,85,11475000
43,85,11476000
43,85,11477000
43,85,11478000
43,85,11479000
43,85,11480000
43,85,11481000
43,85,11482000
43,85,11483000
43,85,11484000
43,85,11485000
43,85,11486000
43,85,11487000
43,85,11488000
43,85,11489000
43,85,11490000
43,85,11491000
43,85,11492000
43,85,11493000
43,85,11494000
43,85,11495000
43,85,11496000
43,85,11497000
43,85,11498000
43,85,11499000
43,85,11500000
43,85,11501000
43,85,11502000
43,85,11503000
43,85,11504000
43,85,11505000
43,85,11506000
43,85,11507000
43,85,11508000
43,85,11509000
43,85,11510000
43,85,11511000
43,85,11512000
43,85,11513000
43,85,11514000
43,85,11515000
43,85,11516000
43,85,11517000
43,85,11518000
43,85,11519000
43,85,11520000
43,85,11521000
43,85,11522000
43,85,11523000
43,85,11524000
43,85,11525000
43,85,11526000
43,85,11527000
43,85,11528000
43,85,11529000
43,85,11530000
43,85,11531000
43,85,11532000
43,85,11533000
43,85,11534000
43,85,11535000
43,85,11536000
43,85,11537000
43,85,11538000
43,85,11539000
43,85,11540000
43,85,11541000
43,85,11542000
43,85,11543000
43,85,11544000
43,85,11545000
43,85,11546000
43,85,11547000
43,85,11548000
43,85,11549000
43,85,11550000
43,85,11551000
43,85,11552000
43,85,11553000
43,85,11554000
43,85,11555000
43,85,11556000
43,85,11557000
43,85,11558000
43,85,11559000
43,85,11560000
43,85,11561000
43,85,11562000
43,85,11563000
43,85,11564000
43,85,11565000
43,85,11566000
43,85,11567000
43,85,11568000
43,85,11569000
43,85,11570000
43,85,11571000
43,85,11572000
43,85,11573000
43,85,11574000
43,85,11575000
43,85,11576000
43,85,11577000
43,85,11578000
43,85,11579000
43,85,11580000
43,85,11581000
43,85,11582000
43,85,11583000
43,85,11584000
43,85,11585000
43,85,11586000
43,85,11587000
43,85,11588000
43,85,11589000
43,85,11590000
43,85,11591000
43,85,11592000
43,85,11593000
43,85,11594000
43,85,11595000
43,85,11596000
43,85,11597000
43,85,11598000
43,85,11599000
43,85,11600000
43,85,11601000
43,85,11602000
43,85,11603000
43,85,11604000
43,85,11605000
43,85,11606000
43,85,11607000
43,85,11608000
43,85,11609000
43,85,11610000
43,85,11611000
43,85,11612000
43,85,11613000
43,85,11614000
43,85,11615000
43,85,11616000
43,85,11617000
43,85,11618000
43,85,11619000
43,85,11620000
43,85,11621000
43,85,11622000
43,85,11623000
43,85,11624000
43,85,11625000
43,85,11626000
43,85,11627000
43,85,11628000
43,85,11629000
43,85,11630000
43,85,11631000
43,85,11632000
43,85,11633000
43,85,11634000
43,85,11635000
43,85,11636000
43,85,11637000
43,85,11638000
43,85,11639000
43,85,11640000
43,85,11641000
43,85,11642000
43,85,11643000
43,85,11644000
43,85,11645000
43,85,11646000
43,85,11647000
43,85,11648000
43,85,11649000
43,85,11650000
43,85,11651000
43,85,11652000
43,85,11653000
43,85,11654000
43,85,11655000
43,85,11656000
43,85,11657000
43,85,11658000
43,85,11659000
43,85,11660000
43,85,11661000
43,85,11662000
43,85,11663000
43,85,11664000
43,85,11665000
43,85,11666000
43,85,11667000
43,85,11668000
43,85,11669000
43,85,11670000
43,85,11671000
43,85,11672000
43,85,11673000
43,85,11674000
43,85,11675000
43,85,11676000
43,85,11677000
43,85,11678000
43,85,11679000
43,85,11680000
43,85,11681000
43,85,11682000
43,85,11683000
43,85,11684000
43,85,11685000
43,85,11686000
43,85,11687000
43,85,11688000
43,85,11689000
43,85,11690000
43,85,11691000
43,85,11692000
43,85,11693000
43,85,11694000
43,85,11695000
43,85,11696000
43,85,11697000
43,85,11698000
43,85,11699000
43,85,11700000
43,85,11701000
43,85,11702000
43,85,11703000
43,85,11704000
43,85,11705000
43,85,11706000
43,85,11707000
43,85,11708000
43,85,11709000
43,85,11710000
43,85,11711000
43,85,11712000
43,85,11713000
43,85,11714000
43,85,11715000
43,85,11716000
43,85,11717000
43,85,11718000
43,85,11719000
43,85,11720000
43,85,11721000
43,85,11722000
43,85,11723000
43,85,11724000
43,85,11725000
43,85,11726000
43,85,11727000
43,85,11728000
43,85,11729000
43,85,11730000
43,85,11731000
43,85,11732000
43,85,11733000
43,85,11734000
43,85,11735000
43,85,11736000
43,85,11737000
43,85,11738000
43,85,11739000
43,85,11740000
43,85,11741000
43,85,11742000
43,85,11743000
43,85,11744000
43,85,11745000
43,85,11746000
43,85,11747000
43,85,11748000
43,85,11749000
43,85,11750000
43,85,11751000
43,85,11752000
43,85,11753000
43,85,11754000
43,85,11755000
43,85,11756000
43,85,11757000
43,85,11758000
43,85,11759000
43,85,11760000
43,85,11761000
43,85,11762000
43,85,11763000
43,85,11764000
43,85,11765000
43,85,11766000
43,85,11767000
43,85,11768000
43,85,11769000
43,85,11770000
43,85,11771000
43,85,11772000
43,85,11773000
43,85,11774000
43,85,11775000
43,85,11776000
43,85,11777000
43,85,11778000
43,85,11779000
43,85,11780000
43,85,11781000
43,85,11782000
43,85,11783000
43,85,11784000
43,85,11785000
43,85,11786000
43,85,11787000
43,85,11788000
43,85,11789000
43,85,11790000
43,85,11791000
43,85,11792000
43,85,11793000
43,85,11794000
43,85,11795000
43,85,11796000
43,85,11797000
43,85,11798000
43,85,11799000
43,85,11800000
43,85,11801000
43,85,11802000
43,85,11803000
43,85,11804000
43,85,11805000
43,85,11806000
43,85,11807000
43,85,11808000
43,85,11809000
43,85,11810000
43,85,11811000
43,85,11812000
43,85,11813000
43,85,11814000
43,85,11815000
43,85,11816000
43,85,11817000
43,85,11818000
43,85,11819000
43,85,11820000
43,85,11821000
43,85,11822000
43,85,11823000
43,85,11824000
43,85,11825000
43,85,11826000
43,85,11827000
43,85,11828000
43,85,11829000
43,85,11830000
43,85,11831000
43,85,11832000
43,85,11833000
43,85,11834000
43,85,11835000
43,85,11836000
43,85,11837000
43,85,11838000
43,85,11839000
43,85,11840000
43,85,11841000
43,85,11842000
43,85,11843000
43,85,11844000
43,85,11845000
43,85,11846000
43,85,11847000
43,85,11848000
43,85,11849000
43,85,11850000
43,85,11851000
43,85,11852000
43,85,11853000
43,85,11854000
43,85,11855000
43,85,11856000
43,85,11857000
43,85,11858000
43,85,11859000
43,85,11860000
43,85,11861000
43,85,11862000
43,85,11863000
43,85,11864000
43,85,11865000
43,85,11866000
43,85,11867000
43,85,11868000
43,85,11869000
43,85,11870000
43,85,11871000
43,85,11872000
43,85,11873000
43,85,11874000
43,85,11875000
43,85,11876000
43,85,11877000
43,85,11878000
43,85,11879000
43,85,11880000
43,85,11881000
43,85,11882000
43,85,11883000
43,85,11884000
43,85,11885000
43,85,11886000
43,85,11887000
43,85,11888000
43,85,11889000
43,85,11890000
43,85,11891000
43,85,11892000
43,85,11893000
43,85,11894000
43,85,11895000
43,85,11896000
43,85,11897000
43,85,11898000
43,85,11899000
43,85,11900000
43,85,11901000
43,85,11902000
43,85,11903000
43,85,11904000
43,85,11905000
43,85,11906000
43,85,11907000
43,85,11908000
43,85,11909000
43,85,11910000
43,85,11911000
43,85,11912000
43,85,11913000
43,85,11914000
43,85,11915000
43,85,11916000
43,85,11917000
43,85,11918000
43,85,11919000
43,85,11920000
43,85,11921000
43,85,11922000
43,85,11923000
43,85,11924000
43,85,11925000
43,85,11926000
43,85,11927000
43,85,11928000
43,85,11929000
43,85,11930000
43,85,11931000
43,85,11932000
43,85,11933000
43,85,11934000
43,85,11935000
43,85,11936000
43,85,11937000
43,85,11938000
43,85,11939000
43,85,11940000
43,85,11941000
43,85,11942000
43,85,11943000
43,85,11944000
43,85,11945000
43,85,11946000
43,85,11947000
43,85,11948000
43,85,11949000
43,85,11950000
43,85,11951000
43,85,11952000
43,85,11953000
43,85,11954000
43,85,11955000
43,85,11956000
43,85,11957000
43,85,11958000
43,85,11959000
43,85,11960000
43,85,11961000
43,85,11962000
43,85,11963000
43,85,11964000
43,85,11965000
43,85,11966000
43,85,11967000
43,85,11968000
43,85,11969000
43,85,11970000
43,85,11971000
43,85,11972000
43,85,11973000
43,85,11974000
43,85,11975000
43,85,11976000
43,85,11977000
43,85,11978000
43,85,11979000
43,85,11980000
43,85,11981000
43,85,11982000
43,85,11983000
43,85,11984000
43,85,11985000
43,85,11986000
43,85,11987000
43,85,11988000
43,85,11989000
43,85,11990000
43,85,11991000
43,85,11992000
43,85,11993000
43,85,11994000
43,85,11995000
43,85,11996000
43,85,11997000
43,85,11998000
43,85,11999000
43,85,12000000
43,85,12001000
43,85,12002000
43,85,12003000
43,85,12004000
43,85,12005000
43,85,12006000
43,85,12007000
43,85,12008000
43,85,12009000
43,85,12010000
43,85,12011000
43,85,12012000
43,85,12013000
43,85,12014000
43,85,12015000
43,85,12016000
43,85,12017000
43,85,12018000
43,85,12019000
43,85,12020000
43,85,12021000
43,85,12022000
43,85,12023000
43,85,12024000
43,85,12025000
43,85,12026000
43,85,12027000
43,85,12028000
43,85,12029000
43,85,12030000
43,85,12031000
43,85,12032000
43,85,12033000
43,85,12034000
43,85,12035000
43,85,12036000
43,85,12037000
43,85,12038000
43,85,12039000
43,85,12040000
43,85,12041000
43,85,12042000
43,85,12043000
43,85,12044000
43,85,12045000
43,85,12046000
43,85,12047000
43,85,12048000
43,85,12049000
43,85,12050000
43,85,12051000
43,85,12052000
43,85,12053000
43,85,12054000
43,85,12055000
43,85,12056000
43,85,12057000
43,85,12058000
43,85,12059000
43,85,12060000
43,85,12061000
43,85,12062000
43,85,12063000
43,85,12064000
43,85,12065000
43,85,12066000
43,85,12067000
43,85,12068000
43,85,12069000
43,85,12070000
43,85,12071000
43,85,12072000
43,85,12073000
43,85,12074000
43,85,12075000
43,85,12076000
43,85,12077000
43,85,12078000
43,85,12079000
43,85,12080000
43,85,12081000
43,85,12082000
43,85,12083000
43,85,12084000
43,85,12085000
43,85,12086000
43,85,12087000
43,85,12088000
43,85,12089000
43,85,12090000
43,85,12091000
43,85,12092000
43,85,12093000
43,85,12094000
43,85,12095000
43,85,12096000
43,85,12097000
43,85,12098000
43,85,12099000
43,85,12100000
43,85,12101000
43,85,12102000
43,85,12103000
43,85,12104000
43,85,12105000
43,85,12106000
43,85,12107000
43,85,12108000
43,85,12109000
43,85,12110000
43,85,12111000
43,85,12112000
43,85,12113000
43,85,12114000
43,85,12115000
43,85,12116000
43,85,12117000
43,85,12118000
43,85,12119000
43,85,12120000
43,85,12121000
43,85,12122000
43,85,12123000
43,85,12124000
43,85,12125000
43,85,12126000
43,85,12127000
43,85,12128000
43,85,12129000
43,85,12130000
43,85,12131000
43,85,12132000
43,85,12133000
43,85,12134000
43,85,12135000
43,85,12136000
43,85,12137000
43,85,12138000
43,85,12139000
43,85,12140000
43,85,12141000
43,85,12142000
43,85,12143000
43,85,12144000
43,85,12145000
43,85,12146000
43,85,12147000
43,85,12148000
43,85,12149000
43,85,12150000
43,85,12151000
43,85,12152000
43,85,12153000
43,85,12154000
43,85,12155000
43,85,12156000
43,85,12157000
43,85,12158000
43,85,12159000
43,85,12160000
43,85,12161000
43,85,12162000
43,85,12163000
43,85,12164000
43,85,12165000
43,85,12166000
43,85,12167000
43,85,12168000
43,85,12169000
43,85,12170000
43,85,12171000
43,85,12172000
43,85,12173000
43,85,12174000
43,85,12175000
43,85,12176000
43,85,12177000
43,85,12178000
43,85,12179000
43,85,12180000
43,85,12181000
43,85,12182000
43,85,12183000
43,85,12184000
43,85,12185000
43,85,12186000
43,85,12187000
43,85,12188000
43,85,12189000
43,85,12190000
43,85,12191000
43,85,12192000
43,85,12193000
43,85,12194000
43,85,12195000
43,85,12196000
43,85,12197000
43,85,12198000
43,85,12199000
43,85,12200000
43,85,12201000
43,85,12202000
43,85,12203000
43,85,12204000
43,85,12205000
43,85,12206000
43,85,12207000
43,85,12208000
43,85,12209000
43,85,12210000
43,85,12211000
43,85,12212000
43,85,12213000
43,85,12214000
43,85,12215000
43,85,12216000
43,85,12217000
43,85,12218000
43,85,12219000
43,85,12220000
43,85,12221000
43,85,12222000
43,85,12223000
43,85,12224000
43,85,12225000
43,85,12226000
43,85,12227000
43,85,12228000
43,85,12229000
43,85,12230000
43,85,12231000
43,85,12232000
43,85,12233000
43,85,12234000
43,85,12235000
43,85,12236000
43,85,12237000
43,85,12238000
43,85,12239000
43,85,12240000
43,85,12241000
43,85,12242000
43,85,12243000
43,85,12244000
43,85,12245000
43,85,12246000
43,85,12247000
43,85,12248000
43,85,12249000
43,85,12250000
43,85,12251000
43,85,12252000
43,85,12253000
43,85,12254000
43,85,12255000
43,85,12256000
43,85,12257000
43,85,12258000
43,85,12259000
43,85,12260000
43,85,12261000
43,85,12262000
43,85,12263000
43,85,12264000
43,85,12265000
43,85,12266000
43,85,12267000
43,85,12268000
43,85,12269000
43,85,12270000
43,85,12271000
43,85,12272000
43,85,12273000
43,85,12274000
43,85,12275000
43,85,12276000
43,85,12277000
43,85,12278000
43,85,12279000
43,85,12280000
43,85,12281000
43,85,12282000
43,85,12283000
43,85,12284000
43,85,12285000
43,85,12286000
43,85,12287000
43,85,12288000
43,85,12289000
43,85,12290000
43,85,12291000
43,85,12292000
43,85,12293000
43,85,12294000
43,85,12295000
43,85,12296000
43,85,12297000
43,85,12298000
43,85,12299000
43,85,12300000
43,85,12301000
43,85,12302000
43,85,12303000
43,85,12304000
43,85,12305000
43,85,12306000
43,85,12307000
43,85,12308000
43,85,12309000
43,85,12310000
43,85,12311000
43,85,12312000
43,85,12313000
43,85,12314000
43,85,12315000
43,85,12316000
43,85,12317000
43,85,12318000
43,85,12319000
43,85,12320000
43,85,12321000
43,85,12322000
43,85,12323000
43,85,12324000
43,85,12325000
43,85,12326000
43,85,12327000
43,85,12328000
43,85,12329000
43,85,12330000
43,85,12331000
43,85,12332000
43,85,12333000
43,85,12334000
43,85,12335000
43,85,12336000
43,85,12337000
43,85,12338000
43,85,12339000
43,85,12340000
43,85,12341000
43,85,12342000
43,85,12343000
43,85,12344000
43,85,12345000
43,85,12346000
43,85,12347000
43,85,12348000
43,85,12349000
43,85,12350000
43,85,12351000
43,85,12352000
43,85,12353000
43,85,12354000
43,85,12355000
43,85,12356000
43,85,12357000
43,85,12358000
43,85,12359000
43,85,12360000
43,85,12361000
43,85,12362000
43,85,12363000
43,85,12364000
43,85,12365000
43,85,12366000
43,85,12367000
43,85,12368000
43,85,12369000
43,85,12370000
43,85,12371000
43,85,12372000
43,85,12373000
43,85,12374000
43,85,12375000
43,85,12376000
43,85,12377000
43,85,12378000
43,85,12379000
43,85,12380000
43,85,12381000
43,85,12382000
43,85,12383000
43,85,12384000
43,85,12385000
43,85,12386000
43,85,12387000
43,85,12388000
43,85,12389000
43,85,12390000
43,85,12391000
43,85,12392000
43,85,12393000
43,85,12394000
43,85,12395000
43,85,12396000
43,85,12397000
43,85,12398000
43,85,12399000
43,85,12400000
43,85,12401000
43,85,12402000
43,85,12403000
43,85,12404000
43,85,12405000
43,85,12406000
43,85,12407000
43,85,12408000
43,85,12409000
43,85,12410000
43,85,12411000
43,85,12412000
43,85,12413000
43,85,12414000
43,85,12415000
43,85,12416000
43,85,12417000
43,85,12418000
43,85,12419000
43,85,12420000
43,85,12421000
43,85,12422000
43,85,12423000
43,85,12424000
43,85,12425000
43,85,12426000
43,85,12427000
43,85,12428000
43,85,12429000
43,85,12430000
43,85,12431000
43,85,12432000
43,85,12433000
43,85,12434000
43,85,12435000
43,85,12436000
43,85,12437000
43,85,12438000
43,85,12439000
43,85,12440000
43,85,12441000
43,85,12442000
43,85,12443000
43,85,12444000
43,85,12445000
43,85,12446000
43,85,12447000
43,85,12448000
43,85,12449000
43,85,12450000
43,85,12451000
43,85,12452000
43,85,12453000
43,85,12454000
43,85,12455000
43,85,12456000
43,85,12457000
43,85,12458000
43,85,12459000
43,85,12460000
43,85,12461000
43,85,12462000
43,85,12463000
43,85,12464000
43,85,12465000
43,85,12466000
43,85,12467000
43,85,12468000
43,85,12469000
43,85,12470000
43,85,12471000
43,85,12472000
43,85,12473000
43,85,12474000
43,85,12475000
43,85,12476000
43,85,12477000
43,85,12478000
43,85,12479000
43,85,12480000
43,85,12481000
43,85,12482000
43,85,12483000
43,85,12484000
43,85,12485000
43,85,12486000
43,85,12487000
43,85,12488000
43,85,12489000
43,85,12490000
43,85,12491000
43,85,12492000
43,85,12493000
43,85,12494000
43,85,12495000
43,85,12496000
43,85,12497000
43,85,12498000
43,85,12499000
43,85,12500000
43,85,12501000
43,85,12502000
43,85,12503000
43,85,12504000
43,85,12505000
43,85,12506000
43,85,12507000
43,85,12508000
43,85,12509000
43,85,12510000
43,85,12511000
43,85,12512000
43,85,12513000
43,85,12514000
43,85,12515000
43,85,12516000
43,85,12517000
43,85,12518000
43,85,12519000
43,85,12520000
43,85,12521000
43,85,12522000
43,85,12523000
43,85,12524000
43,85,12525000
43,85,12526000
43,85,12527000
43,85,12528000
43,85,12529000
43,85,12530000
43,85,12531000
43,85,12532000
43,85,12533000
43,85,12534000
43,85,12535000
43,85,12536000
43,85,12537000
43,85,12538000
43,85,12539000
43,85,12540000
43,85,12541000
43,85,12542000
43,85,12543000
43,85,12544000
43,85,12545000
43,85,12546000
43,85,12547000
43,85,12548000
43,85,12549000
43,85,12550000
43,85,12551000
43,85,12552000
43,85,12553000
43,85,12554000
43,85,12555000
43,85,12556000
43,85,12557000
43,85,12558000
43,85,12559000
43,85,12560000
43,85,12561000
43,85,12562000
43,85,12563000
43,85,12564000
43,85,12565000
43,85,12566000
43,85,12567000
43,85,12568000
43,85,12569000
43,85,12570000
43,85,12571000
43,85,12572000
43,85,12573000
43,85,12574000
43,85,12575000
43,85,12576000
43,85,12577000
43,85,12578000
43,85,12579000
43,85,12580000
43,85,12581000
43,85,12582000
43,85,12583000
43,85,12584000
43,85,12585000
43,85,12586000
43,85,12587000
43,85,12588000
43,85,12589000
43,85,12590000
43,85,12591000
43,85,12592000
43,85,12593000
43,85,12594000
43,85,12595000
43,85,12596000
43,85,12597000
43,85,12598000
43,85,12599000
43,85,12600000
43,85,12601000
43,85,12602000
43,85,12603000
43,85,12604000
43,85,12605000
43,85,12606000
43,85,12607000
43,85,12608000
43,85,12609000
43,85,12610000
43,85,12611000
43,85,12612000
43,85,12613000
43,85,12614000
43,85,12615000
43,85,12616000
43,85,12617000
43,85,12618000
43,85,12619000
43,85,12620000
43,85,12621000
43,85,12622000
43,85,12623000
43,85,12624000
43,85,12625000
43,85,12626000
43,85,12627000
43,85,12628000
43,85,12629000
43,85,12630000
43,85,12631000
43,85,12632000
43,85,12633000
43,85,12634000
43,85,12635000
43,85,12636000
43,85,12637000
43,85,12638000
43,85,12639000
43,85,12640000
43,85,12641000
43,85,12642000
43,85,12643000
43,85,12644000
43,85,12645000
43,85,12646000
43,85,12647000
43,85,12648000
43,85,12649000
43,85,12650000
43,85,12651000
43,85,12652000
43,85,12653000
43,85,12654000
43,85,12655000
43,85,12656000
43,85,12657000
43,85,12658000
43,85,12659000
43,85,12660000
43,85,12661000
43,85,12662000
43,85,12663000
43,85,12664000
43,85,12665000
43,85,12666000
43,85,12667000
43,85,12668000
43,85,12669000
43,85,12670000
43,85,12671000
43,85,12672000
43,85,12673000
43,85,12674000
43,85,12675000
43,85,12676000
43,85,12677000
43,85,12678000
43,85,12679000
43,85,12680000
43,85,12681000
43,85,12682000
43,85,12683000
43,85,12684000
43,85,12685000
43,85,12686000
43,85,12687000
43,85,12688000
43,85,12689000
43,85,12690000
43,85,12691000
43,85,12692000
43,85,12693000
43,85,12694000
43,85,12695000
43,85,12696000
43,85,12697000
43,85,12698000
43,85,12699000
43,85,12700000
43,85,12701000
43,85,12702000
43,85,12703000
43,85,12704000
43,85,12705000
43,85,12706000
43,85,12707000
43,85,12708000
43,85,12709000
43,85,12710000
43,85,12711000
43,85,12712000
43,85,12713000
43,85,12714000
43,85,12715000
43,85,12716000
43,85,12717000
43,85,12718000
43,85,12719000
43,85,12720000
43,85,12721000
43,85,12722000
43,85,12723000
43,85,12724000
43,85,12725000
43,85,12726000
43,85,12727000
43,85,12728000
43,85,12729000
43,85,12730000
43,85,12731000
43,85,12732000
43,85,12733000
43,85,12734000
43,85,12735000
43,85,12736000
43,85,12737000
43,85,12738000
43,85,12739000
43,85,12740000
43,85,12741000
43,85,12742000
43,85,12743000
43,85,12744000
43,85,12745000
43,85,12746000
43,85,12747000
43,85,12748000
43,85,12749000
43,85,12750000
43,85,12751000
43,85,12752000
43,85,12753000
43,85,12754000
43,85,12755000
43,85,12756000
43,85,12757000
43,85,12758000
43,85,12759000
43,85,12760000
43,85,12761000
43,85,12762000
43,85,12763000
43,85,12764000
43,85,12765000
43,85,12766000
43,85,12767000
43,85,12768000
43,85,12769000
43,85,12770000
43,85,12771000
43,85,12772000
43,85,12773000
43,85,12774000
43,85,12775000
43,85,12776000
43,85,12777000
43,85,12778000
43,85,12779000
43,85,12780000
43,85,12781000
43,85,12782000
43,85,12783000
43,85,12784000
43,85,12785000
43,85,12786000
43,85,12787000
43,85,12788000
43,85,12789000
43,85,12790000
43,85,12791000
43,85,12792000
43,85,12793000
43,85,12794000
43,85,12795000
43,85,12796000
43,85,12797000
43,85,12798000
43,85,12799000
43,85,12800000
43,85,12801000
43,85,12802000
43,85,12803000
43,85,12804000
43,85,12805000
43,85,12806000
43,85,12807000
43,85,12808000
43,85,12809000
43,85,12810000
43,85,12811000
43,85,12812000
43,85,12813000
43,85,12814000
43,85,12815000
43,85,12816000
43,85,12817000
43,85,12818000
43,85,12819000
43,85,12820000
43,85,12821000
43,85,12822000
43,85,12823000
43,85,12824000
43,85,12825000
43,85,12826000
43,85,12827000
43,85,12828000
43,85,12829000
43,85,12830000
43,85,12831000
43,85,12832000
43,85,12833000
43,85,12834000
43,85,12835000
43,85,12836000
43,85,12837000
43,85,12838000
43,85,12839000
43,85,12840000
43,85,12841000
43,85,12842000
43,85,12843000
43,85,12844000
43,85,12845000
43,85,12846000
43,85,12847000
43,85,12848000
43,85,12849000
43,85,12850000
43,85,12851000
43,85,12852000
43,85,12853000
43,85,12854000
43,85,12855000
43,85,12856000
43,85,12857000
43,85,12858000
43,85,12859000
43,85,12860000
43,85,12861000
43,85,12862000
43,85,12863000
43,85,12864000
43,85,12865000
43,85,12866000
43,85,12867000
43,85,12868000
43,85,12869000
43,85,12870000
43,85,12871000
43,85,12872000
43,85,12873000
43,85,12874000
43,85,12875000
43,85,12876000
43,85,12877000
43,85,12878000
43,85,12879000
43,85,12880000
43,85,12881000
43,85,12882000
43,85,12883000
43,85,12884000
43,85,12885000
43,85,12886000
43,85,12887000
43,85,12888000
43,85,12889000
43,85,12890000
43,85,12891000
43,85,12892000
43,85,12893000
43,85,12894000
43,85,12895000
43,85,12896000
43,85,12897000
43,85,12898000
43,85,12899000
43,85,12900000
43,85,12901000
43,85,12902000
43,85,12903000
43,85,12904000
43,85,12905000
43,85,12906000
43,85,12907000
43,85,12908000
43,85,12909000
43,85,12910000
43,85,12911000
43,85,12912000
43,85,12913000
43,85,12914000
43,85,12915000
43,85,12916000
43,85,12917000
43,85,12918000
43,85,12919000
43,85,12920000
43,85,12921000
43,85,12922000
43,85,12923000
43,85,12924000
43,85,12925000
43,85,12926000
43,85,12927000
43,85,12928000
43,85,12929000
43,85,12930000
43,85,12931000
43,85,12932000
43,85,12933000
43,85,12934000
43,85,12935000
43,85,12936000
43,85,12937000
43,85,12938000
43,85,12939000
43,85,12940000
43,85,12941000
43,85,12942000
43,85,12943000
43,85,12944000
43,85,12945000
43,85,12946000
43,85,12947000
43,85,12948000
43,85,12949000
43,85,12950000
43,85,12951000
43,85,12952000
43,85,12953000
43,85,12954000
43,85,12955000
43,85,12956000
43,85,12957000
43,85,12958000
43,85,12959000
43,85,12960000
43,85,12961000
43,85,12962000
43,85,12963000
43,85,12964000
43,85,12965000
43,85,12966000
43,85,12967000
43,85,12968000
43,85,12969000
43,85,12970000
43,85,12971000
43,85,12972000
43,85,12973000
43,85,12974000
43,85,12975000
43,85,12976000
43,85,12977000
43,85,12978000
43,85,12979000
43,85,12980000
43,85,12981000
43,85,12982000
43,85,12983000
43,85,12984000
43,85,12985000
43,85,12986000
43,85,12987000
43,85,12988000
43,85,12989000
43,85,12990000
43,85,12991000
43,85,12992000
43,85,12993000
43,85,12994000
43,85,12995000
43,85,12996000
43,85,12997000
43,85,12998000
43,85,12999000
43,85,13000000
43,85,13001000
43,85,13002000
43,85,13003000
43,85,13004000
43,85,13005000
43,85,13006000
43,85,13007000
43,85,13008000
43,85,13009000
43,85,13010000
43,85,13011000
43,85,13012000
43,85,13013000
43,85,13014000
43,85,13015000
43,85,13016000
43,85,13017000
43,85,13018000
43,85,13019000
43,85,13020000
43,85,13021000
43,85,13022000
43,85,13023000
43,85,13024000
43,85,13025000
43,85,13026000
43,85,13027000
43,85,13028000
43,85,13029000
43,85,13030000
43,85,13031000
43,85,13032000
43,85,13033000
43,85,13034000
43,85,13035000
43,85,13036000
43,85,13037000
43,85,13038000
43,85,13039000
43,85,13040000
43,85,13041000
43,85,13042000
43,85,13043000
43,85,13044000
43,85,13045000
43,85,13046000
43,85,13047000
43,85,13048000
43,85,13049000
43,85,13050000
43,85,13051000
43,85,13052000
43,85,13053000
43,85,13054000
43,85,13055000
43,85,13056000
43,85,13057000
43,85,13058000
43,85,13059000
43,85,13060000
43,85,13061000
43,85,13062000
43,85,13063000
43,85,13064000
43,85,13065000
43,85,13066000
43,85,13067000
43,85,13068000
43,85,13069000
43,85,13070000
43,85,13071000
43,85,13072000
43,85,13073000
43,85,13074000
43,85,13075000
43,85,13076000
43,85,13077000
43,85,13078000
43,85,13079000
43,85,13080000
43,85,13081000
43,85,13082000
43,85,13083000
43,85,13084000
43,85,13085000
43,85,13086000
43,85,13087000
43,85,13088000
43,85,13089000
43,85,13090000
43,85,13091000
43,85,13092000
43,85,13093000
43,85,13094000
43,85,13095000
43,85,13096000
43,85,13097000
43,85,13098000
43,85,13099000
43,85,13100000
43,85,13101000
43,85,13102000
43,85,13103000
43,85,13104000
43,85,13105000
43,85,13106000
43,85,13107000
43,85,13108000
43,85,13109000
43,85,13110000
43,85,13111000
43,85,13112000
43,85,13113000
43,85,13114000
43,85,13115000
43,85,13116000
43,85,13117000
43,85,13118000
43,85,13119000
43,85,13120000
43,85,13121000
43,85,13122000
43,85,13123000
43,85,13124000
43,85,13125000
43,85,13126000
43,85,13127000
43,85,13128000
43,85,13129000
43,85,13130000
43,85,13131000
43,85,13132000
43,85,13133000
43,85,13134000
43,85,13135000
43,85,13136000
43,85,13137000
43,85,13138000
43,85,13139000
43,85,13140000
43,85,13141000
43,85,13142000
43,85,13143000
43,85,13144000
43,85,13145000
43,85,13146000
43,85,13147000
43,85,13148000
43,85,13149000
43,85,13150000
43,85,13151000
43,85,13152000
43,85,13153000
43,85,13154000
43,85,13155000
43,85,13156000
43,85,13157000
43,85,13158000
43,85,13159000
43,85,13160000
43,85,13161000
43,85,13162000
43,85,13163000
43,85,13164000
43,85,13165000
43,85,13166000
43,85,13167000
43,85,13168000
43,85,13169000
43,85,13170000
43,85,13171000
43,85,13172000
43,85,13173000
43,85,13174000
43,85,13175000
43,85,13176000
43,85,13177000
43,85,13178000
43,85,13179000
43,85,13180000
43,85,13181000
43,85,13182000
43,85,13183000
43,85,13184000
43,85,13185000
43,85,13186000
43,85,13187000
43,85,13188000
43,85,13189000
43,85,13190000
43,85,13191000
43,85,13192000
43,85,13193000
43,85,13194000
43,85,13195000
43,85,13196000
43,85,13197000
43,85,13198000
43,85,13199000
43,85,13200000
43,85,13201000
43,85,13202000
43,85,13203000
43,85,13204000
43,85,13205000
43,85,13206000
43,85,13207000
43,85,13208000
43,85,13209000
43,85,13210000
43,85,13211000
43,85,13212000
43,85,13213000
43,85,13214000
43,85,13215000
43,85,13216000
43,85,13217000
43,85,13218000
43,85,13219000
43,85,13220000
43,85,13221000
43,85,13222000
43,85,13223000
43,85,13224000
43,85,13225000
43,85,13226000
43,85,13227000
43,85,13228000
43,85,13229000
43,85,13230000
43,85,13231000
43,85,13232000
43,85,13233000
43,85,13234000
43,85,13235000
43,85,13236000
43,85,13237000
43,85,13238000
43,85,13239000
43,85,13240000
43,85,13241000
43,85,13242000
43,85,13243000
43,85,13244000
43,85,13245000
43,85,13246000
43,85,13247000
43,85,13248000
43,85,13249000
43,85,13250000
43,85,13251000
43,85,13252000
43,85,13253000
43,85,13254000
43,85,13255000
43,85,13256000
43,85,13257000
43,85,13258000
43,85,13259000
43,85,13260000
43,85,13261000
43,85,13262000
43,85,13263000
43,85,13264000
43,85,13265000
43,85,13266000
43,85,13267000
43,85,13268000
43,85,13269000
43,85,13270000
43,85,13271000
43,85,13272000
43,85,13273000
43,85,13274000
43,85,13275000
43,85,13276000
43,85,13277000
43,85,13278000
43,85,13279000
43,85,13280000
43,85,13281000
43,85,13282000
43,85,13283000
43,85,13284000
43,85,13285000
43,85,13286000
43,85,13287000
43,85,13288000
43,85,13289000
43,85,13290000
43,85,13291000
43,85,13292000
43,85,13293000
43,85,13294000
43,85,13295000
43,85,13296000
43,85,13297000
43,85,13298000
43,85,13299000
43,85,13300000
43,85,13301000
43,85,13302000
43,85,13303000
43,85,13304000
43,85,13305000
43,85,13306000
43,85,13307000
43,85,13308000
43,85,13309000
43,85,13310000
43,85,13311000
43,85,13312000
43,85,13313000
43,85,13314000
43,85,13315000
43,85,13316000
43,85,13317000
43,85,13318000
43,85,13319000
43,85,13320000
43,85,13321000
43,85,13322000
43,85,13323000
43,85,13324000
43,85,13325000
43,85,13326000
43,85,13327000
43,85,13328000
43,85,13329000
43,85,13330000
43,85,13331000
43,85,13332000
43,85,13333000
43,85,13334000
43,85,13335000
43,85,13336000
43,85,13337000
43,85,13338000
43,85,13339000
43,85,13340000
43,85,13341000
43,85,13342000
43,85,13343000
43,85,13344000
43,85,13345000
43,85,13346000
43,85,13347000
43,85,13348000
43,85,13349000
43,85,13350000
43,85,13351000
43,85,13352000
43,85,13353000
43,85,13354000
43,85,13355000
43,85,13356000
43,85,13357000
43,85,13358000
43,85,13359000
43,85,13360000
43,85,13361000
43,85,13362000
43,85,13363000
43,85,13364000
43,85,13365000
43,85,13366000
43,85,13367000
43,85,13368000
43,85,13369000
43,85,13370000
43,85,13371000
43,85,13372000
43,85,13373000
43,85,13374000
43,85,13375000
43,85,13376000
43,85,13377000
43,85,13378000
43,85,13379000
43,85,13380000
43,85,13381000
43,85,13382000
43,85,13383000
43,85,13384000
43,85,13385000
43,85,13386000
43,85,13387000
43,85,13388000
43,85,13389000
43,85,13390000
43,85,13391000
43,85,13392000
43,85,13393000
43,85,13394000
43,85,13395000
43,85,13396000
43,85,13397000
43,85,13398000
43,85,13399000
43,85,13400000
43,85,13401000
43,85,13402000
43,85,13403000
43,85,13404000
43,85,13405000
43,85,13406000
43,85,13407000
43,85,13408000
43,85,13409000
43,85,13410000
43,85,13411000
43,85,13412000
43,85,13413000
43,85,13414000
43,85,13415000
43,85,13416000
43,85,13417000
43,85,13418000
43,85,13419000
43,85,13420000
43,85,13421000
43,85,13422000
43,85,13423000
43,85,13424000
43,85,13425000
43,85,13426000
43,85,13427000
43,85,13428000
43,85,13429000
43,85,13430000
43,85,13431000
43,85,13432000
43,85,13433000
43,85,13434000
43,85,13435000
43,85,13436000
43,85,13437000
43,85,13438000
43,85,13439000
43,85,13440000
43,85,13441000
43,85,13442000
43,85,13443000
43,85,13444000
43,85,13445000
43,85,13446000
43,85,13447000
43,85,13448000
43,85,13449000
43,85,13450000
43,85,13451000
43,85,13452000
43,85,13453000
43,85,13454000
43,85,13455000
43,85,13456000
43,85,13457000
43,85,13458000
43,85,13459000
43,85,13460000
43,85,13461000
43,85,13462000
43,85,13463000
43,85,13464000
43,85,13465000
43,85,13466000
43,85,13467000
43,85,13468000
43,85,13469000
43,85,13470000
43,85,13471000
43,85,13472000
43,85,13473000
43,85,13474000
43,85,13475000
43,85,13476000
43,85,13477000
43,85,13478000
43,85,13479000
43,85,13480000
43,85,13481000
43,85,13482000
43,85,13483000
43,85,13484000
43,85,13485000
43,85,13486000
43,85,13487000
43,85,13488000
43,85,13489000
43,85,13490000
43,85,13491000
43,85,13492000
43,85,13493000
43,85,13494000
43,85,13495000
43,85,13496000
43,85,13497000
43,85,13498000
43,85,13499000
43,85,13500000
43,85,13501000
43,85,13502000
43,85,13503000
43,85,13504000
43,85,13505000
43,85,13506000
43,85,13507000
43,85,13508000
43,85,13509000
43,85,13510000
43,85,13511000
43,85,13512000
43,85,13513000
43,85,13514000
43,85,13515000
43,85,13516000
43,85,13517000
43,85,13518000
43,85,13519000
43,85,13520000
43,85,13521000
43,85,13522000
43,85,13523000
43,85,13524000
43,85,13525000
43,85,13526000
43,85,13527000
43,85,13528000
43,85,13529000
43,85,13530000
43,85,13531000
43,85,13532000
43,85,13533000
43,85,13534000
43,85,13535000
43,85,13536000
43,85,13537000
43,85,13538000
43,85,13539000
43,85,13540000
43,85,13541000
43,85,13542000
43,85,13543000
43,85,13544000
43,85,13545000
43,85,13546000
43,85,13547000
43,85,13548000
43,85,13549000
43,85,13550000
43,85,13551000
43,85,13552000
43,85,13553000
43,85,13554000
43,85,13555000
43,85,13556000
43,85,13557000
43,85,13558000
43,85,13559000
43,85,13560000
43,85,13561000
43,85,13562000
43,85,13563000
43,85,13564000
43,85,13565000
43,85,13566000
43,85,13567000
43,85,13568000
43,85,13569000
43,85,13570000
43,85,13571000
43,85,13572000
43,85,13573000
43,85,13574000
43,85,13575000
43,85,13576000
43,85,13577000
43,85,13578000
43,85,13579000
43,85,13580000
43,85,13581000
43,85,13582000
43,85,13583000
43,85,13584000
43,85,13585000
43,85,13586000
43,85,13587000
43,85,13588000
43,85,13589000
43,85,13590000
43,85,13591000
43,85,13592000
43,85,13593000
43,85,13594000
43,85,13595000
43,85,13596000
43,85,13597000
43,85,13598000
43,85,13599000
43,85,13600000
43,85,13601000
43,85,13602000
43,85,13603000
43,85,13604000
43,85,13605000
43,85,13606000
43,85,13607000
43,85,13608000
43,85,13609000
43,85,13610000
43,85,13611000
43,85,13612000
43,85,13613000
43,85,13614000
43,85,13615000
43,85,13616000
43,85,13617000
43,85,13618000
43,85,13619000
43,85,13620000
43,85,13621000
43,85,13622000
43,85,13623000
43,85,13624000
43,85,13625000
43,85,13626000
43,85,13627000
43,85,13628000
43,85,13629000
43,85,13630000
43,85,13631000
43,85,13632000
43,85,13633000
43,85,13634000
43,85,13635000
43,85,13636000
43,85,13637000
43,85,13638000
43,85,13639000
43,85,13640000
43,85,13641000
43,85,13642000
43,85,13643000
43,85,13644000
43,85,13645000
43,85,13646000
43,85,13647000
43,85,13648000
43,85,13649000
43,85,13650000
43,85,13651000
43,85,13652000
43,85,13653000
43,85,13654000
43,85,13655000
43,85,13656000
43,85,13657000
43,85,13658000
43,85,13659000
43,85,13660000
43,85,13661000
43,85,13662000
43,85,13663000
43,85,13664000
43,85,13665000
43,85,13666000
43,85,13667000
43,85,13668000
43,85,13669000
43,85,13670000
43,85,13671000
43,85,13672000
43,85,13673000
43,85,13674000
43,85,13675000
43,85,13676000
43,85,13677000
43,85,13678000
43,85,13679000
43,85,13680000
43,85,13681000
43,85,13682000
43,85,13683000
43,85,13684000
43,85,13685000
43,85,13686000
43,85,13687000
43,85,13688000
43,85,13689000
43,85,13690000
43,85,13691000
43,85,13692000
43,85,13693000
43,85,13694000
43,85,13695000
43,85,13696000
43,85,13697000
43,85,13698000
43,85,13699000
43,85,13700000
43,85,13701000
43,85,13702000
43,85,13703000
43,85,13704000
43,85,13705000
43,85,13706000
43,85,13707000
43,85,13708000
43,85,13709000
43,85,13710000
43,85,13711000
43,85,13712000
43,85,13713000
43,85,13714000
43,85,13715000
43,85,13716000
43,85,13717000
43,85,13718000
43,85,13719000
43,85,13720000
43,85,13721000
43,85,13722000
43,85,13723000
43,85,13724000
43,85,13725000
43,85,13726000
43,85,13727000
43,85,13728000
43,85,13729000
43,85,13730000
43,85,13731000
43,85,13732000
43,85,13733000
43,85,13734000
43,85,13735000
43,85,13736000
43,85,13737000
43,85,13738000
43,85,13739000
43,85,13740000
43,85,13741000
43,85,13742000
43,85,13743000
43,85,13744000
43,85,13745000
43,85,13746000
43,85,13747000
43,85,13748000
43,85,13749000
43,85,13750000
43,85,13751000
43,85,13752000
43,85,13753000
43,85,13754000
43,85,13755000
43,85,13756000
43,85,13757000
43,85,13758000
43,85,13759000
43,85,13760000
43,85,13761000
43,85,13762000
43,85,13763000
43,85,13764000
43,85,13765000
43,85,13766000
43,85,13767000
43,85,13768000
43,85,13769000
43,85,13770000
43,85,13771000
43,85,13772000
43,85,13773000
43,85,13774000
43,85,13775000
43,85,13776000
43,85,13777000
43,85,13778000
43,85,13779000
43,85,13780000
43,85,13781000
43,85,13782000
43,85,13783000
43,85,13784000
43,85,13785000
43,85,13786000
43,85,13787000
43,85,13788000
43,85,13789000
43,85,13790000
43,85,13791000
43,85,13792000
43,85,13793000
43,85,13794000
43,85,13795000
43,85,13796000
43,85,13797000
43,85,13798000
43,85,13799000
43,85,13800000
43,85,13801000
43,85,13802000
43,85,13803000
43,85,13804000
43,85,13805000
43,85,13806000
43,85,13807000
43,85,13808000
43,85,13809000
43,85,13810000
43,85,13811000
43,85,13812000
43,85,13813000
43,85,13814000
43,85,13815000
43,85,13816000
43,85,13817000
43,85,13818000
43,85,13819000
43,85,13820000
43,85,13821000
43,85,13822000
43,85,13823000
43,85,13824000
43,85,13825000
43,85,13826000
43,85,13827000
43,85,13828000
43,85,13829000
43,85,13830000
43,85,13831000
43,85,13832000
43,85,13833000
43,85,13834000
43,85,13835000
43,85,13836000
43,85,13837000
43,85,13838000
43,85,13839000
43,85,13840000
43,85,13841000
43,85,13842000
43,85,13843000
43,85,13844000
43,85,13845000
43,85,13846000
43,85,13847000
43,85,13848000
43,85,13849000
43,85,13850000
43,85,13851000
43,85,13852000
43,85,13853000
43,85,13854000
43,85,13855000
43,85,13856000
43,85,13857000
43,85,13858000
43,85,13859000
43,85,13860000
43,85,13861000
43,85,13862000
43,85,13863000
43,85,13864000
43,85,13865000
43,85,13866000
43,85,13867000
43,85,13868000
43,85,13869000
43,85,13870000
43,85,13871000
43,85,13872000
43,85,13873000
43,85,13874000
43,85,13875000
43,85,13876000
43,85,13877000
43,85,13878000
43,85,13879000
43,85,13880000
43,85,13881000
43,85,13882000
43,85,13883000
43,85,13884000
43,85,13885000
43,85,13886000
43,85,13887000
43,85,13888000
43,85,13889000
43,85,13890000
43,85,13891000
43,85,13892000
43,85,13893000
43,85,13894000
43,85,13895000
43,85,13896000
43,85,13897000
43,85,13898000
43,85,13899000
43,85,13900000
43,85,13901000
43,85,13902000
43,85,13903000
43,85,13904000
43,85,13905000
43,85,13906000
43,85,13907000
43,85,13908000
43,85,13909000
43,85,13910000
43,85,13911000
43,85,13912000
43,85,13913000
43,85,13914000
43,85,13915000
43,85,13916000
43,85,13917000
43,85,13918000
43,85,13919000
43,85,13920000
43,85,13921000
43,85,13922000
43,85,13923000
43,85,13924000
43,85,13925000
43,85,13926000
43,85,13927000
43,85,13928000
43,85,13929000
43,85,13930000
43,85,13931000
43,85,13932000
43,85,13933000
43,85,13934000
43,85,13935000
43,85,13936000
43,85,13937000
43,85,13938000
43,85,13939000
43,85,13940000
43,85,13941000
43,85,13942000
43,85,13943000
43,85,13944000
43,85,13945000
43,85,13946000
43,85,13947000
43,85,13948000
43,85,13949000
43,85,13950000
43,85,13951000
43,85,13952000
43,85,13953000
43,85,13954000
43,85,13955000
43,85,13956000
43,85,13957000
43,85,13958000
43,85,13959000
43,85,13960000
43,85,13961000
43,85,13962000
43,85,13963000
43,85,13964000
43,85,13965000
43,85,13966000
43,85,13967000
43,85,13968000
43,85,13969000
43,85,13970000
43,85,13971000
43,85,13972000
43,85,13973000
43,85,13974000
43,85,13975000
43,85,13976000
43,85,13977000
43,85,13978000
43,85,13979000
43,85,13980000
43,85,13981000
43,85,13982000
43,85,13983000
43,85,13984000
43,85,13985000
43,85,13986000
43,85,13987000
43,85,13988000
43,85,13989000
43,85,13990000
43,85,13991000
43,85,13992000
43,85,13993000
43,85,13994000
43,85,13995000
43,85,13996000
43,85,13997000
43,85,13998000
43,85,13999000
43,85,14000000
43,85,14001000
43,85,14002000
43,85,14003000
43,85,14004000
43,85,14005000
43,85,14006000
43,85,14007000
43,85,14008000
43,85,14009000
43,85,14010000
43,85,14011000
43,85,14012000
43,85,14013000
43,85,14014000
43,85,14015000
43,85,14016000
43,85,14017000
43,85,14018000
43,85,14019000
43,85,14020000
43,85,14021000
43,85,14022000
43,85,14023000
43,85,14024000
43,85,14025000
43,85,14026000
43,85,14027000
43,85,14028000
43,85,14029000
43,85,14030000
43,85,14031000
43,85,14032000
43,85,14033000
43,85,14034000
43,85,14035000
43,85,14036000
43,85,14037000
43,85,14038000
43,85,14039000
43,85,14040000
43,85,14041000
43,85,14042000
43,85,14043000
43,85,14044000
43,85,14045000
43,85,14046000
43,85,14047000
43,85,14048000
43,85,14049000
43,85,14050000
43,85,14051000
43,85,14052000
43,85,14053000
43,85,14054000
43,85,14055000
43,85,14056000
43,85,14057000
43,85,14058000
43,85,14059000
43,85,14060000
43,85,14061000
43,85,14062000
43,85,14063000
43,85,14064000
43,85,14065000
43,85,14066000
43,85,14067000
43,85,14068000
43,85,14069000
43,85,14070000
43,85,14071000
43,85,14072000
43,85,14073000
43,85,14074000
43,85,14075000
43,85,14076000
43,85,14077000
43,85,14078000
43,85,14079000
43,85,14080000
43,85,14081000
43,85,14082000
43,85,14083000
43,85,14084000
43,85,14085000
43,85,14086000
43,85,14087000
43,85,14088000
43,85,14089000
43,85,14090000
43,85,14091000
43,85,14092000
43,85,14093000
43,85,14094000
43,85,14095000
43,85,14096000
43,85,14097000
43,85,14098000
43,85,14099000
43,85,14100000
43,85,14101000
43,85,14102000
43,85,14103000
43,85,14104000
43,85,14105000
43,85,14106000
43,85,14107000
43,85,14108000
43,85,14109000
43,85,14110000
43,85,14111000
43,85,14112000
43,85,14113000
43,85,14114000
43,85,14115000
43,85,14116000
43,85,14117000
43,85,14118000
43,85,14119000
43,85,14120000
43,85,14121000
43,85,14122000
43,85,14123000
43,85,14124000
43,85,14125000
43,85,14126000
43,85,14127000
43,85,14128000
43,85,14129000
43,85,14130000
43,85,14131000
43,85,14132000
43,85,14133000
43,85,14134000
43,85,14135000
43,85,14136000
43,85,14137000
43,85,14138000
43,85,14139000
43,85,14140000
43,85,14141000
43,85,14142000
43,85,14143000
43,85,14144000
43,85,14145000
43,85,14146000
43,85,14147000
43,85,14148000
43,85,14149000
43,85,14150000
43,85,14151000
43,85,14152000
43,85,14153000
43,85,14154000
43,85,14155000
43,85,14156000
43,85,14157000
43,85,14158000
43,85,14159000
43,85,14160000
43,85,14161000
43,85,14162000
43,85,14163000
43,85,14164000
43,85,14165000
43,85,14166000
43,85,14167000
43,85,14168000
43,85,14169000
43,85,14170000
43,85,14171000
43,85,14172000
43,85,14173000
43,85,14174000
43,85,14175000
43,85,14176000
43,85,14177000
43,85,14178000
43,85,14179000
43,85,14180000
43,85,14181000
43,85,14182000
43,85,14183000
43,85,14184000
43,85,14185000
43,85,14186000
43,85,14187000
43,85,14188000
43,85,14189000
43,85,14190000
43,85,14191000
43,85,14192000
43,85,14193000
43,85,14194000
43,85,14195000
43,85,14196000
43,85,14197000
43,85,14198000
43,85,14199000
43,85,14200000
43,85,14201000
43,85,14202000
43,85,14203000
43,85,14204000
43,85,14205000
43,85,14206000
43,85,14207000
43,85,14208000
43,85,14209000
43,85,14210000
43,85,14211000
43,85,14212000
43,85,14213000
43,85,14214000
43,85,14215000
43,85,14216000
43,85,14217000
43,85,14218000
43,85,14219000
43,85,14220000
43,85,14221000
43,85,14222000
43,85,14223000
43,85,14224000
43,85,14225000
43,85,14226000
43,85,14227000
43,85,14228000
43,85,14229000
43,85,14230000
43,85,14231000
43,85,14232000
43,85,14233000
43,85,14234000
43,85,14235000
43,85,14236000
43,85,14237000
43,85,14238000
43,85,14239000
43,85,14240000
43,85,14241000
43,85,14242000
43,85,14243000
43,85,14244000
43,85,14245000
43,85,14246000
43,85,14247000
43,85,14248000
43,85,14249000
43,85,14250000
43,85,14251000
43,85,14252000
43,85,14253000
43,85,14254000
43,85,14255000
43,85,14256000
43,85,14257000
43,85,14258000
43,85,14259000
43,85,14260000
43,85,14261000
43,85,14262000
43,85,14263000
43,85,14264000
43,85,14265000
43,85,14266000
43,85,14267000
43,85,14268000
43,85,14269000
43,85,14270000
43,85,14271000
43,85,14272000
43,85,14273000
43,85,14274000
43,85,14275000
43,85,14276000
43,85,14277000
43,85,14278000
43,85,14279000
43,85,14280000
43,85,14281000
43,85,14282000
43,85,14283000
43,85,14284000
43,85,14285000
43,85,14286000
43,85,14287000
43,85,14288000
43,85,14289000
43,85,14290000
43,85,14291000
43,85,14292000
43,85,14293000
43,85,14294000
43,85,14295000
43,85,14296000
43,85,14297000
43,85,14298000
43,85,14299000
43,85,14300000
43,85,14301000
43,85,14302000
43,85,14303000
43,85,14304000
43,85,14305000
43,85,14306000
43,85,14307000
43,85,14308000
43,85,14309000
43,85,14310000
43,85,14311000
43,85,14312000
43,85,14313000
43,85,14314000
43,85,14315000
43,85,14316000
43,85,14317000
43,85,14318000
43,85,14319000
43,85,14320000
43,85,14321000
43,85,14322000
43,85,14323000
43,85,14324000
43,85,14325000
43,85,14326000
43,85,14327000
43,85,14328000
43,85,14329000
43,85,14330000
43,85,14331000
43,85,14332000
43,85,14333000
43,85,14334000
43,85,14335000
43,85,14336000
43,85,14337000
43,85,14338000
43,85,14339000
43,85,14340000
43,85,14341000
43,85,14342000
43,85,14343000
43,85,14344000
43,85,14345000
43,85,14346000
43,85,14347000
43,85,14348000
43,85,14349000
43,85,14350000
43,85,14351000
43,85,14352000
43,85,14353000
43,85,14354000
43,85,14355000
43,85,14356000
43,85,14357000
43,85,14358000
43,85,14359000
43,85,14360000
43,85,14361000
43,85,14362000
43,85,14363000
43,85,14364000
43,85,14365000
43,85,14366000
43,85,14367000
43,85,14368000
43,85,14369000
43,85,14370000
43,85,14371000
43,85,14372000
43,85,14373000
43,85,14374000
43,85,14375000
43,85,14376000
43,85,14377000
43,85,14378000
43,85,14379000
43,85,14380000
43,85,14381000
43,85,14382000
43,85,14383000
43,85,14384000
43,85,14385000
43,85,14386000
43,85,14387000
43,85,14388000
43,85,14389000
43,85,14390000
43,85,14391000
43,85,14392000
43,85,14393000
43,85,14394000
43,85,14395000
43,85,14396000
43,85,14397000
43,85,14398000
43,85,14399000
43,85,14400000
43,85,14401000
43,85,14402000
43,85,14403000
43,85,14404000
43,85,14405000
43,85,14406000
43,85,14407000
43,85,14408000
43,85,14409000
43,85,14410000
43,85,14411000
43,85,14412000
43,85,14413000
43,85,14414000
43,85,14415000
43,85,14416000
43,85,14417000
43,85,14418000
43,85,14419000
43,85,14420000
43,85,14421000
43,85,14422000
43,85,14423000
43,85,14424000
43,85,14425000
43,85,14426000
43,85,14427000
43,85,14428000
43,85,14429000
43,85,14430000
43,85,14431000
43,85,14432000
43,85,14433000
43,85,14434000
43,85,14435000
43,85,14436000
43,85,14437000
43,85,14438000
43,85,14439000
43,85,14440000
43,85,14441000
43,85,14442000
43,85,14443000
43,85,14444000
43,85,14445000
43,85,14446000
43,85,14447000
43,85,14448000
43,85,14449000
43,85,14450000
43,85,14451000
43,85,14452000
43,85,14453000
43,85,14454000
43,85,14455000
43,85,14456000
43,85,14457000
43,85,14458000
43,85,14459000
43,85,14460000
43,85,14461000
43,85,14462000
43,85,14463000
43,85,14464000
43,85,14465000
43,85,14466000
43,85,14467000
43,85,14468000
43,85,14469000
43,85,14470000
43,85,14471000
43,85,14472000
43,85,14473000
43,85,14474000
43,85,14475000
43,85,14476000
43,85,14477000
43,85,14478000
43,85,14479000
43,85,14480000
43,85,14481000
43,85,14482000
43,85,14483000
43,85,14484000
43,85,14485000
43,85,14486000
43,85,14487000
43,85,14488000
43,85,14489000
43,85,14490000
43,85,14491000
43,85,14492000
43,85,14493000
43,85,14494000
43,85,14495000
43,85,14496000
43,85,14497000
43,85,14498000
43,85,14499000
43,85,14500000
43,85,14501000
43,85,14502000
43,85,14503000
43,85,14504000
43,85,14505000
43,85,14506000
43,85,14507000
43,85,14508000
43,85,14509000
43,85,14510000
43,85,14511000
43,85,14512000
43,85,14513000
43,85,14514000
43,85,14515000
43,85,14516000
43,85,14517000
43,85,14518000
43,85,14519000
43,85,14520000
43,85,14521000
43,85,14522000
43,85,14523000
43,85,14524000
43,85,14525000
43,85,14526000
43,85,14527000
43,85,14528000
43,85,14529000
43,85,14530000
43,85,14531000
43,85,14532000
43,85,14533000
43,85,14534000
43,85,14535000
43,85,14536000
43,85,14537000
43,85,14538000
43,85,14539000
43,85,14540000
43,85,14541000
43,85,14542000
43,85,14543000
43,85,14544000
43,85,14545000
43,85,14546000
43,85,14547000
43,85,14548000
43,85,14549000
43,85,14550000
43,85,14551000
43,85,14552000
43,85,14553000
43,85,14554000
43,85,14555000
43,85,14556000
43,85,14557000
43,85,14558000
43,85,14559000
43,85,14560000
43,85,14561000
43,85,14562000
43,85,14563000
43,85,14564000
43,85,14565000
43,85,14566000
43,85,14567000
43,85,14568000
43,85,14569000
43,85,14570000
43,85,14571000
43,85,14572000
43,85,14573000
43,85,14574000
43,85,14575000
43,85,14576000
43,85,14577000
43,85,14578000
43,85,14579000
43,85,14580000
43,85,14581000
43,85,14582000
43,85,14583000
43,85,14584000
43,85,14585000
43,85,14586000
43,85,14587000
43,85,14588000
43,85,14589000
43,85,14590000
43,85,14591000
43,85,14592000
43,85,14593000
43,85,14594000
43,85,14595000
43,85,14596000
43,85,14597000
43,85,14598000
43,85,14599000
43,85,14600000
43,85,14601000
43,85,14602000
43,85,14603000
43,85,14604000
43,85,14605000
43,85,14606000
43,85,14607000
43,85,14608000
43,85,14609000
43,85,14610000
43,85,14611000
43,85,14612000
43,85,14613000
43,85,14614000
43,85,14615000
43,85,14616000
43,85,14617000
43,85,14618000
43,85,14619000
43,85,14620000
43,85,14621000
43,85,14622000
43,85,14623000
43,85,14624000
43,85,14625000
43,85,14626000
43,85,14627000
43,85,14628000
43,85,14629000
43,85,14630000
43,85,14631000
43,85,14632000
43,85,14633000
43,85,14634000
43,85,14635000
43,85,14636000
43,85,14637000
43,85,14638000
43,85,14639000
43,85,14640000
43,85,14641000
43,85,14642000
43,85,14643000
43,85,14644000
43,85,14645000
43,85,14646000
43,85,14647000
43,85,14648000
43,85,14649000
43,85,14650000
43,85,14651000
43,85,14652000
43,85,14653000
43,85,14654000
43,85,14655000
43,85,14656000
43,85,14657000
43,85,14658000
43,85,14659000
43,85,14660000
43,85,14661000
43,85,14662000
43,85,14663000
43,85,14664000
43,85,14665000
43,85,14666000
43,85,14667000
43,85,14668000
43,85,14669000
43,85,14670000
43,85,14671000
43,85,14672000
43,85,14673000
43,85,14674000
43,85,14675000
43,85,14676000
43,85,14677000
43,85,14678000
43,85,14679000
43,85,14680000
43,85,14681000
43,85,14682000
43,85,14683000
43,85,14684000
43,85,14685000
43,85,14686000
43,85,14687000
43,85,14688000
43,85,14689000
43,85,14690000
43,85,14691000
43,85,14692000
43,85,14693000
43,85,14694000
43,85,14695000
43,85,14696000
43,85,14697000
43,85,14698000
43,85,14699000
43,85,14700000
43,85,14701000
43,85,14702000
43,85,14703000
43,85,14704000
43,85,14705000
43,85,14706000
43,85,14707000
43,85,14708000
43,85,14709000
43,85,14710000
43,85,14711000
43,85,14712000
43,85,14713000
43,85,14714000
43,85,14715000
43,85,14716000
43,85,14717000
43,85,14718000
43,85,14719000
43,85,14720000
43,85,14721000
43,85,14722000
43,85,14723000
43,85,14724000
43,85,14725000
43,85,14726000
43,85,14727000
43,85,14728000
43,85,14729000
43,85,14730000
43,85,14731000
43,85,14732000
43,85,14733000
43,85,14734000
43,85,14735000
43,85,14736000
43,85,14737000
43,85,14738000
43,85,14739000
43,85,14740000
43,85,14741000
43,85,14742000
43,85,14743000
43,85,14744000
43,85,14745000
43,85,14746000
43,85,14747000
43,85,14748000
43,85,14749000
43,85,14750000
43,85,14751000
43,85,14752000
43,85,14753000
43,85,14754000
43,85,14755000
43,85,14756000
43,85,14757000
43,85,14758000
43,85,14759000
43,85,14760000
43,85,14761000
43,85,14762000
43,85,14763000
43,85,14764000
43,85,14765000
43,85,14766000
43,85,14767000
43,85,14768000
43,85,14769000
43,85,14770000
43,85,14771000
43,85,14772000
43,85,14773000
43,85,14774000
43,85,14775000
43,85,14776000
43,85,14777000
43,85,14778000
43,85,14779000
43,85,14780000
43,85,14781000
43,85,14782000
43,85,14783000
43,85,14784000
43,85,14785000
43,85,14786000
43,85,14787000
43,85,14788000
43,85,14789000
43,85,14790000
43,85,14791000
43,85,14792000
43,85,14793000
43,85,14794000
43,85,14795000
43,85,14796000
43,85,14797000
43,85,14798000
43,85,14799000
43,85,14800000
43,85,14801000
43,85,14802000
43,85,14803000
43,85,14804000
43,85,14805000
43,85,14806000
43,85,14807000
43,85,14808000
43,85,14809000
43,85,14810000
43,85,14811000
43,85,14812000
43,85,14813000
43,85,14814000
43,85,14815000
43,85,14816000
43,85,14817000
43,85,14818000
43,85,14819000
43,85,14820000
43,85,14821000
43,85,14822000
43,85,14823000
43,85,14824000
43,85,14825000
43,85,14826000
43,85,14827000
43,85,14828000
43,85,14829000
43,85,14830000
43,85,14831000
43,85,14832000
43,85,14833000
43,85,14834000
43,85,14835000
43,85,14836000
43,85,14837000
43,85,14838000
43,85,14839000
43,85,14840000
43,85,14841000
43,85,14842000
43,85,14843000
43,85,14844000
43,85,14845000
43,85,14846000
43,85,14847000
43,85,14848000
43,85,14849000
43,85,14850000
43,85,14851000
43,85,14852000
43,85,14853000
43,85,14854000
43,85,14855000
43,85,14856000
43,85,14857000
43,85,14858000
43,85,14859000
43,85,14860000
43,85,14861000
43,85,14862000
43,85,14863000
43,85,14864000
43,85,14865000
43,85,14866000
43,85,14867000
43,85,14868000
43,85,14869000
43,85,14870000
43,85,14871000
43,85,14872000
43,85,14873000
43,85,14874000
43,85,14875000
43,85,14876000
43,85,14877000
43,85,14878000
43,85,14879000
43,85,14880000
43,85,14881000
43,85,14882000
43,85,14883000
43,85,14884000
43,85,14885000
43,85,14886000
43,85,14887000
43,85,14888000
43,85,14889000
43,85,14890000
43,85,14891000
43,85,14892000
43,85,14893000
43,85,14894000
43,85,14895000
43,85,14896000
43,85,14897000
43,85,14898000
43,85,14899000
43,85,14900000
43,85,14901000
43,85,14902000
43,85,14903000
43,85,14904000
43,85,14905000
43,85,14906000
43,85,14907000
43,85,14908000
43,85,14909000
43,85,14910000
43,85,14911000
43,85,14912000
43,85,14913000
43,85,14914000
43,85,14915000
43,85,14916000
43,85,14917000
43,85,14918000
43,85,14919000
43,85,14920000
43,85,14921000
43,85,14922000
43,85,14923000
43,85,14924000
43,85,14925000
43,85,14926000
43,85,14927000
43,85,14928000
43,85,14929000
43,85,14930000
43,85,14931000
43,85,14932000
43,85,14933000
43,85,14934000
43,85,14935000
43,85,14936000
43,85,14937000
43,85,14938000
43,85,14939000
43,85,14940000
43,85,14941000
43,85,14942000
43,85,14943000
43,85,14944000
43,85,14945000
43,85,14946000
43,85,14947000
43,85,14948000
43,85,14949000
43,85,14950000
43,85,14951000
43,85,14952000
43,85,14953000
43,85,14954000
43,85,14955000
43,85,14956000
43,85,14957000
43,85,14958000
43,85,14959000
43,85,14960000
43,85,14961000
43,85,14962000
43,85,14963000
43,85,14964000
43,85,14965000
43,85,14966000
43,85,14967000
43,85,14968000
43,85,14969000
43,85,14970000
43,85,14971000
43,85,14972000
43,85,14973000
43,85,14974000
43,85,14975000
43,85,14976000
43,85,14977000
43,85,14978000
43,85,14979000
43,85,14980000
43,85,14981000
43,85,14982000
43,85,14983000
43,85,14984000
43,85,14985000
43,85,14986000
43,85,14987000
43,85,14988000
43,85,14989000
43,85,14990000
43,85,14991000
43,85,14992000
43,85,14993000
43,85,14994000
43,85,14995000
43,85,14996000
43,85,14997000
43,85,14998000
43,85,14999000
43,85,15000000
43,85,15001000
43,85,15002000
43,85,15003000
43,85,15004000
43,85,15005000
43,85,15006000
43,85,15007000
43,85,15008000
43,85,15009000
43,85,15010000
43,85,15011000
43,85,15012000
43,85,15013000
43,85,15014000
43,85,15015000
43,85,15016000
43,85,15017000
43,85,15018000
43,85,15019000
43,85,15020000
43,85,15021000
43,85,15022000
43,85,15023000
43,85,15024000
43,85,15025000
43,85,15026000
43,85,15027000
43,85,15028000
43,85,15029000
43,85,15030000
43,85,15031000
43,85,15032000
43,85,15033000
43,85,15034000
43,85,15035000
43,85,15036000
43,85,15037000
43,85,15038000
43,85,15039000
43,85,15040000
43,85,15041000
43,85,15042000
43,85,15043000
43,85,15044000
43,85,15045000
43,85,15046000
43,85,15047000
43,85,15048000
43,85,15049000
43,85,15050000
43,85,15051000
43,85,15052000
43,85,15053000
43,85,15054000
43,85,15055000
43,85,15056000
43,85,15057000
43,85,15058000
43,85,15059000
43,85,15060000
43,85,15061000
43,85,15062000
43,85,15063000
43,85,15064000
43,85,15065000
43,85,15066000
43,85,15067000
43,85,15068000
43,85,15069000
43,85,15070000
43,85,15071000
43,85,15072000
43,85,15073000
43,85,15074000
43,85,15075000
43,85,15076000
43,85,15077000
43,85,15078000
43,85,15079000
43,85,15080000
43,85,15081000
43,85,15082000
43,85,15083000
43,85,15084000
43,85,15085000
43,85,15086000
43,85,15087000
43,85,15088000
43,85,15089000
43,85,15090000
43,85,15091000
43,85,15092000
43,85,15093000
43,85,15094000
43,85,15095000
43,85,15096000
43,85,15097000
43,85,15098000
43,85,15099000
43,85,15100000
43,85,15101000
43,85,15102000
43,85,15103000
43,85,15104000
43,85,15105000
43,85,15106000
43,85,15107000
43,85,15108000
43,85,15109000
43,85,15110000
43,85,15111000
43,85,15112000
43,85,15113000
43,85,15114000
43,85,15115000
43,85,15116000
43,85,15117000
43,85,15118000
43,85,15119000
43,85,15120000
43,85,15121000
43,85,15122000
43,85,15123000
43,85,15124000
43,85,15125000
43,85,15126000
43,85,15127000
43,85,15128000
43,85,15129000
43,85,15130000
43,85,15131000
43,85,15132000
43,85,15133000
43,85,15134000
43,85,15135000
43,85,15136000
43,85,15137000
43,85,15138000
43,85,15139000
43,85,15140000
43,85,15141000
43,85,15142000
43,85,15143000
43,85,15144000
43,85,15145000
43,85,15146000
43,85,15147000
43,85,15148000
43,85,15149000
43,85,15150000
43,85,15151000
43,85,15152000
43,85,15153000
43,85,15154000
43,85,15155000
43,85,15156000
43,85,15157000
43,85,15158000
43,85,15159000
43,85,15160000
43,85,15161000
43,85,15162000
43,85,15163000
43,85,15164000
43,85,15165000
43,85,15166000
43,85,15167000
43,85,15168000
43,85,15169000
43,85,15170000
43,85,15171000
43,85,15172000
43,85,15173000
43,85,15174000
43,85,15175000
43,85,15176000
43,85,15177000
43,85,15178000
43,85,15179000
43,85,15180000
43,85,15181000
43,85,15182000
43,85,15183000
43,85,15184000
43,85,15185000
43,85,15186000
43,85,15187000
43,85,15188000
43,85,15189000
43,85,15190000
43,85,15191000
43,85,15192000
43,85,15193000
43,85,15194000
43,85,15195000
43,85,15196000
43,85,15197000
43,85,15198000
43,85,15199000
43,85,15200000
43,85,15201000
43,85,15202000
43,85,15203000
43,85,15204000
43,85,15205000
43,85,15206000
43,85,15207000
43,85,15208000
43,85,15209000
43,85,15210000
43,85,15211000
43,85,15212000
43,85,15213000
43,85,15214000
43,85,15215000
43,85,15216000
43,85,15217000
43,85,15218000
43,85,15219000
43,85,15220000
43,85,15221000
43,85,15222000
43,85,15223000
43,85,15224000
43,85,15225000
43,85,15226000
43,85,15227000
43,85,15228000
43,85,15229000
43,85,15230000
43,85,15231000
43,85,15232000
43,85,15233000
43,85,15234000
43,85,15235000
43,85,15236000
43,85,15237000
43,85,15238000
43,85,15239000
43,85,15240000
43,85,15241000
43,85,15242000
43,85,15243000
43,85,15244000
43,85,15245000
43,85,15246000
43,85,15247000
43,85,15248000
43,85,15249000
43,85,15250000
43,85,15251000
43,85,15252000
43,85,15253000
43,85,15254000
43,85,15255000
43,85,15256000
43,85,15257000
43,85,15258000
43,85,15259000
43,85,15260000
43,85,15261000
43,85,15262000
43,85,15263000
43,85,15264000
43,85,15265000
43,85,15266000
43,85,15267000
43,85,15268000
43,85,15269000
43,85,15270000
43,85,15271000
43,85,15272000
43,85,15273000
43,85,15274000
43,85,15275000
43,85,15276000
43,85,15277000
43,85,15278000
43,85,15279000
43,85,15280000
43,85,15281000
43,85,15282000
43,85,15283000
43,85,15284000
43,85,15285000
43,85,15286000
43,85,15287000
43,85,15288000
43,85,15289000
43,85,15290000
43,85,15291000
43,85,15292000
43,85,15293000
43,85,15294000
43,85,15295000
43,85,15296000
43,85,15297000
43,85,15298000
43,85,15299000
43,85,15300000
43,85,15301000
43,85,15302000
43,85,15303000
43,85,15304000
43,85,15305000
43,85,15306000
43,85,15307000
43,85,15308000
43,85,15309000
43,85,15310000
43,85,15311000
43,85,15312000
43,85,15313000
43,85,15314000
43,85,15315000
43,85,15316000
43,85,15317000
43,85,15318000
43,85,15319000
43,85,15320000
43,85,15321000
43,85,15322000
43,85,15323000
43,85,15324000
43,85,15325000
43,85,15326000
43,85,15327000
43,85,15328000
43,85,15329000
43,85,15330000
43,85,15331000
43,85,15332000
43,85,15333000
43,85,15334000
43,85,15335000
43,85,15336000
43,85,15337000
43,85,15338000
43,85,15339000
43,85,15340000
43,85,15341000
43,85,15342000
43,85,15343000
43,85,15344000
43,85,15345000
43,85,15346000
43,85,15347000
43,85,15348000
43,85,15349000
43,85,15350000
43,85,15351000
43,85,15352000
43,85,15353000
43,85,15354000
43,85,15355000
43,85,15356000
43,85,15357000
43,85,15358000
43,85,15359000
43,85,15360000
43,85,15361000
43,85,15362000
43,85,15363000
43,85,15364000
43,85,15365000
43,85,15366000
43,85,15367000
43,85,15368000
43,85,15369000
43,85,15370000
43,85,15371000
43,85,15372000
43,85,15373000
43,85,15374000
43,85,15375000
43,85,15376000
43,85,15377000
43,85,15378000
43,85,15379000
43,85,15380000
43,85,15381000
43,85,15382000
43,85,15383000
43,85,15384000
43,85,15385000
43,85,15386000
43,85,15387000
43,85,15388000
43,85,15389000
43,85,15390000
43,85,15391000
43,85,15392000
43,85,15393000
43,85,15394000
43,85,15395000
43,85,15396000
43,85,15397000
43,85,15398000
43,85,15399000
43,85,15400000
43,85,15401000
43,85,15402000
43,85,15403000
43,85,15404000
43,85,15405000
43,85,15406000
43,85,15407000
43,85,15408000
43,85,15409000
43,85,15410000
43,85,15411000
43,85,15412000
43,85,15413000
43,85,15414000
43,85,15415000
43,85,15416000
43,85,15417000
43,85,15418000
43,85,15419000
43,85,15420000
43,85,15421000
43,85,15422000
43,85,15423000
43,85,15424000
43,85,15425000
43,85,15426000
43,85,15427000
43,85,15428000
43,85,15429000
43,85,15430000
43,85,15431000
43,85,15432000
43,85,15433000
43,85,15434000
43,85,15435000
43,85,15436000
43,85,15437000
43,85,15438000
43,85,15439000
43,85,15440000
43,85,15441000
43,85,15442000
43,85,15443000
43,85,15444000
43,85,15445000
43,85,15446000
43,85,15447000
43,85,15448000
43,85,15449000
43,85,15450000
43,85,15451000
43,85,15452000
43,85,15453000
43,85,15454000
43,85,15455000
43,85,15456000
43,85,15457000
43,85,15458000
43,85,15459000
43,85,15460000
43,85,15461000
43,85,15462000
43,85,15463000
43,85,15464000
43,85,15465000
43,85,15466000
43,85,15467000
43,85,15468000
43,85,15469000
43,85,15470000
43,85,15471000
43,85,15472000
43,85,15473000
43,85,15474000
43,85,15475000
43,85,15476000
43,85,15477000
43,85,15478000
43,85,15479000
43,85,15480000
43,85,15481000
43,85,15482000
43,85,15483000
43,85,15484000
43,85,15485000
43,85,15486000
43,85,15487000
43,85,15488000
43,85,15489000
43,85,15490000
43,85,15491000
43,85,15492000
43,85,15493000
43,85,15494000
43,85,15495000
43,85,15496000
43,85,15497000
43,85,15498000
43,85,15499000
43,85,15500000
43,85,15501000
43,85,15502000
43,85,15503000
43,85,15504000
43,85,15505000
43,85,15506000
43,85,15507000
43,85,15508000
43,85,15509000
43,85,15510000
43,85,15511000
43,85,15512000
43,85,15513000
43,85,15514000
43,85,15515000
43,85,15516000
43,85,15517000
43,85,15518000
43,85,15519000
43,85,15520000
43,85,15521000
43,85,15522000
43,85,15523000
43,85,15524000
43,85,15525000
43,85,15526000
43,85,15527000
43,85,15528000
43,85,15529000
43,85,15530000
43,85,15531000
43,85,15532000
43,85,15533000
43,85,15534000
43,85,15535000
43,85,15536000
43,85,15537000
43,85,15538000
43,85,15539000
43,85,15540000
43,85,15541000
43,85,15542000
43,85,15543000
43,85,15544000
43,85,15545000
43,85,15546000
43,85,15547000
43,85,15548000
43,85,15549000
43,85,15550000
43,85,15551000
43,85,15552000
43,85,15553000
43,85,15554000
43,85,15555000
43,85,15556000
43,85,15557000
43,85,15558000
43,85,15559000
43,85,15560000
43,85,15561000
43,85,15562000
43,85,15563000
43,85,15564000
43,85,15565000
43,85,15566000
43,85,15567000
43,85,15568000
43,85,15569000
43,85,15570000
43,85,15571000
43,85,15572000
43,85,15573000
43,85,15574000
43,85,15575000
43,85,15576000
43,85,15577000
43,85,15578000
43,85,15579000
43,85,15580000
43,85,15581000
43,85,15582000
43,85,15583000
43,85,15584000
43,85,15585000
43,85,15586000
43,85,15587000
43,85,15588000
43,85,15589000
43,85,15590000
43,85,15591000
43,85,15592000
43,85,15593000
43,85,15594000
43,85,15595000
43,85,15596000
43,85,15597000
43,85,15598000
43,85,15599000
43,85,15600000
43,85,15601000
43,85,15602000
43,85,15603000
43,85,15604000
43,85,15605000
43,85,15606000
43,85,15607000
43,85,15608000
43,85,15609000
43,85,15610000
43,85,15611000
43,85,15612000
43,85,15613000
43,85,15614000
43,85,15615000
43,85,15616000
43,85,15617000
43,85,15618000
43,85,15619000
43,85,15620000
43,85,15621000
43,85,15622000
43,85,15623000
43,85,15624000
43,85,15625000
43,85,15626000
43,85,15627000
43,85,15628000
43,85,15629000
43,85,15630000
43,85,15631000
43,85,15632000
43,85,15633000
43,85,15634000
43,85,15635000
43,85,15636000
43,85,15637000
43,85,15638000
43,85,15639000
43,85,15640000
43,85,15641000
43,85,15642000
43,85,15643000
43,85,15644000
43,85,15645000
43,85,15646000
43,85,15647000
43,85,15648000
43,85,15649000
43,85,15650000
43,85,15651000
43,85,15652000
43,85,15653000
43,85,15654000
43,85,15655000
43,85,15656000
43,85,15657000
43,85,15658000
43,85,15659000
43,85,15660000
43,85,15661000
43,85,15662000
43,85,15663000
43,85,15664000
43,85,15665000
43,85,15666000
43,85,15667000
43,85,15668000
43,85,15669000
43,85,15670000
43,85,15671000
43,85,15672000
43,85,15673000
43,85,15674000
43,85,15675000
43,85,15676000
43,85,15677000
43,85,15678000
43,85,15679000
43,85,15680000
43,85,15681000
43,85,15682000
43,85,15683000
43,85,15684000
43,85,15685000
43,85,15686000
43,85,15687000
43,85,15688000
43,85,15689000
43,85,15690000
43,85,15691000
43,85,15692000
43,85,15693000
43,85,15694000
43,85,15695000
43,85,15696000
43,85,15697000
43,85,15698000
43,85,15699000
43,85,15700000
43,85,15701000
43,85,15702000
43,85,15703000
43,85,15704000
43,85,15705000
43,85,15706000
43,85,15707000
43,85,15708000
43,85,15709000
43,85,15710000
43,85,15711000
43,85,15712000
43,85,15713000
43,85,15714000
43,85,15715000
43,85,15716000
43,85,15717000
43,85,15718000
43,85,15719000
43,85,15720000
43,85,15721000
43,85,15722000
43,85,15723000
43,85,15724000
43,85,15725000
43,85,15726000
43,85,15727000
43,85,15728000
43,85,15729000
43,85,15730000
43,85,15731000
43,85,15732000
43,85,15733000
43,85,15734000
43,85,15735000
43,85,15736000
43,85,15737000
43,85,15738000
43,85,15739000
43,85,15740000
43,85,15741000
43,85,15742000
43,85,15743000
43,85,15744000
43,85,15745000
43,85,15746000
43,85,15747000
43,85,15748000
43,85,15749000
43,85,15750000
43,85,15751000
43,85,15752000
43,85,15753000
43,85,15754000
43,85,15755000
43,85,15756000
43,85,15757000
43,85,15758000
43,85,15759000
43,85,15760000
43,85,15761000
43,85,15762000
43,85,15763000
43,85,15764000
43,85,15765000
43,85,15766000
43,85,15767000
43,85,15768000
43,85,15769000
43,85,15770000
43,85,15771000
43,85,15772000
43,85,15773000
43,85,15774000
43,85,15775000
43,85,15776000
43,85,15777000
43,85,15778000
43,85,15779000
43,85,15780000
43,85,15781000
43,85,15782000
43,85,15783000
43,85,15784000
43,85,15785000
43,85,15786000
43,85,15787000
43,85,15788000
43,85,15789000
43,85,15790000
43,85,15791000
43,85,15792000
43,85,15793000
43,85,15794000
43,85,15795000
43,85,15796000
43,85,15797000
43,85,15798000
43,85,15799000
43,85,15800000
43,85,15801000
43,85,15802000
43,85,15803000
43,85,15804000
43,85,15805000
43,85,15806000
43,85,15807000
43,85,15808000
43,85,15809000
43,85,15810000
43,85,15811000
43,85,15812000
43,85,15813000
43,85,15814000
43,85,15815000
43,85,15816000
43,85,15817000
43,85,15818000
43,85,15819000
43,85,15820000
43,85,15821000
43,85,15822000
43,85,15823000
43,85,15824000
43,85,15825000
43,85,15826000
43,85,15827000
43,85,15828000
43,85,15829000
43,85,15830000
43,85,15831000
43,85,15832000
43,85,15833000
43,85,15834000
43,85,15835000
43,85,15836000
43,85,15837000
43,85,15838000
43,85,15839000
43,85,15840000
43,85,15841000
43,85,15842000
43,85,15843000
43,85,15844000
43,85,15845000
43,85,15846000
43,85,15847000
43,85,15848000
43,85,15849000
43,85,15850000
43,85,15851000
43,85,15852000
43,85,15853000
43,85,15854000
43,85,15855000
43,85,15856000
43,85,15857000
43,85,15858000
43,85,15859000
43,85,15860000
43,85,15861000
43,85,15862000
43,85,15863000
43,85,15864000
43,85,15865000
43,85,15866000
43,85,15867000
43,85,15868000
43,85,15869000
43,85,15870000
43,85,15871000
43,85,15872000
43,85,15873000
43,85,15874000
43,85,15875000
43,85,15876000
43,85,15877000
43,85,15878000
43,85,15879000
43,85,15880000
43,85,15881000
43,85,15882000
43,85,15883000
43,85,15884000
43,85,15885000
43,85,15886000
43,85,15887000
43,85,15888000
43,85,15889000
43,85,15890000
43,85,15891000
43,85,15892000
43,85,15893000
43,85,15894000
43,85,15895000
43,85,15896000
43,85,15897000
43,85,15898000
43,85,15899000
43,85,15900000
43,85,15901000
43,85,15902000
43,85,15903000
43,85,15904000
43,85,15905000
43,85,15906000
43,85,15907000
43,85,15908000
43,85,15909000
43,85,15910000
43,85,15911000
43,85,15912000
43,85,15913000
43,85,15914000
43,85,15915000
43,85,15916000
43,85,15917000
43,85,15918000
43,85,15919000
43,85,15920000
43,85,15921000
43,85,15922000
43,85,15923000
43,85,15924000
43,85,15925000
43,85,15926000
43,85,15927000
43,85,15928000
43,85,15929000
43,85,15930000
43,85,15931000
43,85,15932000
43,85,15933000
43,85,15934000
43,85,15935000
43,85,15936000
43,85,15937000
43,85,15938000
43,85,15939000
43,85,15940000
43,85,15941000
43,85,15942000
43,85,15943000
43,85,15944000
43,85,15945000
43,85,15946000
43,85,15947000
43,85,15948000
43,85,15949000
43,85,15950000
43,85,15951000
43,85,15952000
43,85,15953000
43,85,15954000
43,85,15955000
43,85,15956000
43,85,15957000
43,85,15958000
43,85,15959000
43,85,15960000
43,85,15961000
43,85,15962000
43,85,15963000
43,85,15964000
43,85,15965000
43,85,15966000
43,85,15967000
43,85,15968000
43,85,15969000
43,85,15970000
43,85,15971000
43,85,15972000
43,85,15973000
43,85,15974000
43,85,15975000
43,85,15976000
43,85,15977000
43,85,15978000
43,85,15979000
43,85,15980000
43,85,15981000
43,85,15982000
43,85,15983000
43,85,15984000
43,85,15985000
43,85,15986000
43,85,15987000
43,85,15988000
43,85,15989000
43,85,15990000
43,85,15991000
43,85,15992000
43,85,15993000
43,85,15994000
43,85,15995000
43,85,15996000
43,85,15997000
43,85,15998000
43,85,15999000
43,85,16000000
43,85,16001000
43,85,16002000
43,85,16003000
43,85,16004000
43,85,16005000
43,85,16006000
43,85,16007000
43,85,16008000
43,85,16009000
43,85,16010000
43,85,16011000
43,85,16012000
43,85,16013000
43,85,16014000
43,85,16015000
43,85,16016000
43,85,16017000
43,85,16018000
43,85,16019000
43,85,16020000
43,85,16021000
43,85,16022000
43,85,16023000
43,85,16024000
43,85,16025000
43,85,16026000
43,85,16027000
43,85,16028000
43,85,16029000
43,85,16030000
43,85,16031000
43,85,16032000
43,85,16033000
43,85,16034000
43,85,16035000
43,85,16036000
43,85,16037000
43,85,16038000
43,85,16039000
43,85,16040000
43,85,16041000
43,85,16042000
43,85,16043000
43,85,16044000
43,85,16045000
43,85,16046000
43,85,16047000
43,85,16048000
43,85,16049000
43,85,16050000
43,85,16051000
43,85,16052000
43,85,16053000
43,85,16054000
43,85,16055000
43,85,16056000
43,85,16057000
43,85,16058000
43,85,16059000
43,85,16060000
43,85,16061000
43,85,16062000
43,85,16063000
43,85,16064000
43,85,16065000
43,85,16066000
43,85,16067000
43,85,16068000
43,85,16069000
43,85,16070000
43,85,16071000
43,85,16072000
43,85,16073000
43,85,16074000
43,85,16075000
43,85,16076000
43,85,16077000
43,85,16078000
43,85,16079000
43,85,16080000
43,85,16081000
43,85,16082000
43,85,16083000
43,85,16084000
43,85,16085000
43,85,16086000
43,85,16087000
43,85,16088000
43,85,16089000
43,85,16090000
43,85,16091000
43,85,16092000
43,85,16093000
43,85,16094000
43,85,16095000
43,85,16096000
43,85,16097000
43,85,16098000
43,85,16099000
43,85,16100000
43,85,16101000
43,85,16102000
43,85,16103000
43,85,16104000
43,85,16105000
43,85,16106000
43,85,16107000
43,85,16108000
43,85,16109000
43,85,16110000
43,85,16111000
43,85,16112000
43,85,16113000
43,85,16114000
43,85,16115000
43,85,16116000
43,85,16117000
43,85,16118000
43,85,16119000
43,85,16120000
43,85,16121000
43,85,16122000
43,85,16123000
43,85,16124000
43,85,16125000
43,85,16126000
43,85,16127000
43,85,16128000
43,85,16129000
43,85,16130000
43,85,16131000
43,85,16132000
43,85,16133000
43,85,16134000
43,85,16135000
43,85,16136000
43,85,16137000
43,85,16138000
43,85,16139000
43,85,16140000
43,85,16141000
43,85,16142000
43,85,16143000
43,85,16144000
43,85,16145000
43,85,16146000
43,85,16147000
43,85,16148000
43,85,16149000
43,85,16150000
43,85,16151000
43,85,16152000
43,85,16153000
43,85,16154000
43,85,16155000
43,85,16156000
43,85,16157000
43,85,16158000
43,85,16159000
43,85,16160000
43,85,16161000
43,85,16162000
43,85,16163000
43,85,16164000
43,85,16165000
43,85,16166000
43,85,16167000
43,85,16168000
43,85,16169000
43,85,16170000
43,85,16171000
43,85,16172000
43,85,16173000
43,85,16174000
43,85,16175000
43,85,16176000
43,85,16177000
43,85,16178000
43,85,16179000
43,85,16180000
43,85,16181000
43,85,16182000
43,85,16183000
43,85,16184000
43,85,16185000
43,85,16186000
43,85,16187000
43,85,16188000
43,85,16189000
43,85,16190000
43,85,16191000
43,85,16192000
43,85,16193000
43,85,16194000
43,85,16195000
43,85,16196000
43,85,16197000
43,85,16198000
43,85,16199000
43,85,16200000
43,85,16201000
43,85,16202000
43,85,16203000
43,85,16204000
43,85,16205000
43,85,16206000
43,85,16207000
43,85,16208000
43,85,16209000
43,85,16210000
43,85,16211000
43,85,16212000
43,85,16213000
43,85,16214000
43,85,16215000
43,85,16216000
43,85,16217000
43,85,16218000
43,85,16219000
43,85,16220000
43,85,16221000
43,85,16222000
43,85,16223000
43,85,16224000
43,85,16225000
43,85,16226000
43,85,16227000
43,85,16228000
43,85,16229000
43,85,16230000
43,85,16231000
43,85,16232000
43,85,16233000
43,85,16234000
43,85,16235000
43,85,16236000
43,85,16237000
43,85,16238000
43,85,16239000
43,85,16240000
43,85,16241000
43,85,16242000
43,85,16243000
43,85,16244000
43,85,16245000
43,85,16246000
43,85,16247000
43,85,16248000
43,85,16249000
43,85,16250000
43,85,16251000
43,85,16252000
43,85,16253000
43,85,16254000
43,85,16255000
43,85,16256000
43,85,16257000
43,85,16258000
43,85,16259000
43,85,16260000
43,85,16261000
43,85,16262000
43,85,16263000
43,85,16264000
43,85,16265000
43,85,16266000
43,85,16267000
43,85,16268000
43,85,16269000
43,85,16270000
43,85,16271000
43,85,16272000
43,85,16273000
43,85,16274000
43,85,16275000
43,85,16276000
43,85,16277000
43,85,16278000
43,85,16279000
43,85,16280000
43,85,16281000
43,85,16282000
43,85,16283000
43,85,16284000
43,85,16285000
43,85,16286000
43,85,16287000
43,85,16288000
43,85,16289000
43,85,16290000
43,85,16291000
43,85,16292000
43,85,16293000
43,85,16294000
43,85,16295000
43,85,16296000
43,85,16297000
43,85,16298000
43,85,16299000
43,85,16300000
43,85,16301000
43,85,16302000
43,85,16303000
43,85,16304000
43,85,16305000
43,85,16306000
43,85,16307000
43,85,16308000
43,85,16309000
43,85,16310000
43,85,16311000
43,85,16312000
43,85,16313000
43,85,16314000
43,85,16315000
43,85,16316000
43,85,16317000
43,85,16318000
43,85,16319000
43,85,16320000
43,85,16321000
43,85,16322000
43,85,16323000
43,85,16324000
43,85,16325000
43,85,16326000
43,85,16327000
43,85,16328000
43,85,16329000
43,85,16330000
43,85,16331000
43,85,16332000
43,85,16333000
43,85,16334000
43,85,16335000
43,85,16336000
43,85,16337000
43,85,16338000
43,85,16339000
43,85,16340000
43,85,16341000
43,85,16342000
43,85,16343000
43,85,16344000
43,85,16345000
43,85,16346000
43,85,16347000
43,85,16348000
43,85,16349000
43,85,16350000
43,85,16351000
43,85,16352000
43,85,16353000
43,85,16354000
43,85,16355000
43,85,16356000
43,85,16357000
43,85,16358000
43,85,16359000
43,85,16360000
43,85,16361000
43,85,16362000
43,85,16363000
43,85,16364000
43,85,16365000
43,85,16366000
43,85,16367000
43,85,16368000
43,85,16369000
43,85,16370000
43,85,16371000
43,85,16372000
43,85,16373000
43,85,16374000
43,85,16375000
43,85,16376000
43,85,16377000
43,85,16378000
43,85,16379000
43,85,16380000
43,85,16381000
43,85,16382000
43,85,16383000
43,85,16384000
43,85,16385000
43,85,16386000
43,85,16387000
43,85,16388000
43,85,16389000
43,85,16390000
43,85,16391000
43,85,16392000
43,85,16393000
43,85,16394000
43,85,16395000
43,85,16396000
43,85,16397000
43,85,16398000
43,85,16399000
43,85,16400000
43,85,16401000
43,85,16402000
43,85,16403000
43,85,16404000
43,85,16405000
43,85,16406000
43,85,16407000
43,85,16408000
43,85,16409000
43,85,16410000
43,85,16411000
43,85,16412000
43,85,16413000
43,85,16414000
43,85,16415000
43,85,16416000
43,85,16417000
43,85,16418000
43,85,16419000
43,85,16420000
43,85,16421000
43,85,16422000
43,85,16423000
43,85,16424000
43,85,16425000
43,85,16426000
43,85,16427000
43,85,16428000
43,85,16429000
43,85,16430000
43,85,16431000
43,85,16432000
43,85,16433000
43,85,16434000
43,85,16435000
43,85,16436000
43,85,16437000
43,85,16438000
43,85,16439000
43,85,16440000
43,85,16441000
43,85,16442000
43,85,16443000
43,85,16444000
43,85,16445000
43,85,16446000
43,85,16447000
43,85,16448000
43,85,16449000
43,85,16450000
43,85,16451000
43,85,16452000
43,85,16453000
43,85,16454000
43,85,16455000
43,85,16456000
43,85,16457000
43,85,16458000
43,85,16459000
43,85,16460000
43,85,16461000
43,85,16462000
43,85,16463000
43,85,16464000
43,85,16465000
43,85,16466000
43,85,16467000
43,85,16468000
43,85,16469000
43,85,16470000
43,85,16471000
43,85,16472000
43,85,16473000
43,85,16474000
43,85,16475000
43,85,16476000
43,85,16477000
43,85,16478000
43,85,16479000
43,85,16480000
43,85,16481000
43,85,16482000
43,85,16483000
43,85,16484000
43,85,16485000
43,85,16486000
43,85,16487000
43,85,16488000
43,85,16489000
43,85,16490000
43,85,16491000
43,85,16492000
43,85,16493000
43,85,16494000
43,85,16495000
43,85,16496000
43,85,16497000
43,85,16498000
43,85,16499000
43,85,16500000
43,85,16501000
43,85,16502000
43,85,16503000
43,85,16504000
43,85,16505000
43,85,16506000
43,85,16507000
43,85,16508000
43,85,16509000
43,85,16510000
43,85,16511000
43,85,16512000
43,85,16513000
43,85,16514000
43,85,16515000
43,85,16516000
43,85,16517000
43,85,16518000
43,85,16519000
43,85,16520000
43,85,16521000
43,85,16522000
43,85,16523000
43,85,16524000
43,85,16525000
43,85,16526000
43,85,16527000
43,85,16528000
43,85,16529000
43,85,16530000
43,85,16531000
43,85,16532000
43,85,16533000
43,85,16534000
43,85,16535000
43,85,16536000
43,85,16537000
43,85,16538000
43,85,16539000
43,85,16540000
43,85,16541000
43,85,16542000
43,85,16543000
43,85,16544000
43,85,16545000
43,85,16546000
43,85,16547000
43,85,16548000
43,85,16549000
43,85,16550000
43,85,16551000
43,85,16552000
43,85,16553000
43,85,16554000
43,85,16555000
43,85,16556000
43,85,16557000
43,85,16558000
43,85,16559000
43,85,16560000
43,85,16561000
43,85,16562000
43,85,16563000
43,85,16564000
43,85,16565000
43,85,16566000
43,85,16567000
43,85,16568000
43,85,16569000
43,85,16570000
43,85,16571000
43,85,16572000
43,85,16573000
43,85,16574000
43,85,16575000
43,85,16576000
43,85,16577000
43,85,16578000
43,85,16579000
43,85,16580000
43,85,16581000
43,85,16582000
43,85,16583000
43,85,16584000
43,85,16585000
43,85,16586000
43,85,16587000
43,85,16588000
43,85,16589000
43,85,16590000
43,85,16591000
43,85,16592000
43,85,16593000
43,85,16594000
43,85,16595000
43,85,16596000
43,85,16597000
43,85,16598000
43,85,16599000
43,85,16600000
43,85,16601000
43,85,16602000
43,85,16603000
43,85,16604000
43,85,16605000
43,85,16606000
43,85,16607000
43,85,16608000
43,85,16609000
43,85,16610000
43,85,16611000
43,85,16612000
43,85,16613000
43,85,16614000
43,85,16615000
43,85,16616000
43,85,16617000
43,85,16618000
43,85,16619000
43,85,16620000
43,85,16621000
43,85,16622000
43,85,16623000
43,85,16624000
43,85,16625000
43,85,16626000
43,85,16627000
43,85,16628000
43,85,16629000
43,85,16630000
43,85,16631000
43,85,16632000
43,85,16633000
43,85,16634000
43,85,16635000
43,85,16636000
43,85,16637000
43,85,16638000
43,85,16639000
43,85,16640000
43,85,16641000
43,85,16642000
43,85,16643000
43,85,16644000
43,85,16645000
43,85,16646000
43,85,16647000
43,85,16648000
43,85,16649000
43,85,16650000
43,85,16651000
43,85,16652000
43,85,16653000
43,85,16654000
43,85,16655000
43,85,16656000
43,85,16657000
43,85,16658000
43,85,16659000
43,85,16660000
43,85,16661000
43,85,16662000
43,85,16663000
43,85,16664000
43,85,16665000
43,85,16666000
43,85,16667000
43,85,16668000
43,85,16669000
43,85,16670000
43,85,16671000
43,85,16672000
43,85,16673000
43,85,16674000
43,85,16675000
43,85,16676000
43,85,16677000
43,85,16678000
43,85,16679000
43,85,16680000
43,85,16681000
43,85,16682000
43,85,16683000
43,85,16684000
43,85,16685000
43,85,16686000
43,85,16687000
43,85,16688000
43,85,16689000
43,85,16690000
43,85,16691000
43,85,16692000
43,85,16693000
43,85,16694000
43,85,16695000
43,85,16696000
43,85,16697000
43,85,16698000
43,85,16699000
43,85,16700000
43,85,16701000
43,85,16702000
43,85,16703000
43,85,16704000
43,85,16705000
43,85,16706000
43,85,16707000
43,85,16708000
43,85,16709000
43,85,16710000
43,85,16711000
43,85,16712000
43,85,16713000
43,85,16714000
43,85,16715000
43,85,16716000
43,85,16717000
43,85,16718000
43,85,16719000
43,85,16720000
43,85,16721000
43,85,16722000
43,85,16723000
43,85,16724000
43,85,16725000
43,85,16726000
43,85,16727000
43,85,16728000
43,85,16729000
43,85,16730000
43,85,16731000
43,85,16732000
43,85,16733000
43,85,16734000
43,85,16735000
43,85,16736000
43,85,16737000
43,85,16738000
43,85,16739000
43,85,16740000
43,85,16741000
43,85,16742000
43,85,16743000
43,85,16744000
43,85,16745000
43,85,16746000
43,85,16747000
43,85,16748000
43,85,16749000
43,85,16750000
43,85,16751000
43,85,16752000
43,85,16753000
43,85,16754000
43,85,16755000
43,85,16756000
43,85,16757000
43,85,16758000
43,85,16759000
43,85,16760000
43,85,16761000
43,85,16762000
43,85,16763000
43,85,16764000
43,85,16765000
43,85,16766000
43,85,16767000
43,85,16768000
43,85,16769000
43,85,16770000
43,85,16771000
43,85,16772000
43,85,16773000
43,85,16774000
43,85,16775000
43,85,16776000
43,85,16777000
43,85,16778000
43,85,16779000
43,85,16780000
43,85,16781000
43,85,16782000
43,85,16783000
43,85,16784000
43,85,16785000
43,85,16786000
43,85,16787000
43,85,16788000
43,85,16789000
43,85,16790000
43,85,16791000
43,85,16792000
43,85,16793000
43,85,16794000
43,85,16795000
43,85,16796000
43,85,16797000
43,85,16798000
43,85,16799000
43,85,16800000
43,85,16801000
43,85,16802000
43,85,16803000
43,85,16804000
43,85,16805000
43,85,16806000
43,85,16807000
43,85,16808000
43,85,16809000
43,85,16810000
43,85,16811000
43,85,16812000
43,85,16813000
43,85,16814000
43,85,16815000
43,85,16816000
43,85,16817000
43,85,16818000
43,85,16819000
43,85,16820000
43,85,16821000
43,85,16822000
43,85,16823000
43,85,16824000
43,85,16825000
43,85,16826000
43,85,16827000
43,85,16828000
43,85,16829000
43,85,16830000
43,85,16831000
43,85,16832000
43,85,16833000
43,85,16834000
43,85,16835000
43,85,16836000
43,85,16837000
43,85,16838000
43,85,16839000
43,85,16840000
43,85,16841000
43,85,16842000
43,85,16843000
43,85,16844000
43,85,16845000
43,85,16846000
43,85,16847000
43,85,16848000
43,85,16849000
43,85,16850000
43,85,16851000
43,85,16852000
43,85,16853000
43,85,16854000
43,85,16855000
43,85,16856000
43,85,16857000
43,85,16858000
43,85,16859000
43,85,16860000
43,85,16861000
43,85,16862000
43,85,16863000
43,85,16864000
43,85,16865000
43,85,16866000
43,85,16867000
43,85,16868000
43,85,16869000
43,85,16870000
43,85,16871000
43,85,16872000
43,85,16873000
43,85,16874000
43,85,16875000
43,85,16876000
43,85,16877000
43,85,16878000
43,85,16879000
43,85,16880000
43,85,16881000
43,85,16882000
43,85,16883000
43,85,16884000
43,85,16885000
43,85,16886000
43,85,16887000
43,85,16888000
43,85,16889000
43,85,16890000
43,85,16891000
43,85,16892000
43,85,16893000
43,85,16894000
43,85,16895000
43,85,16896000
43,85,16897000
43,85,16898000
43,85,16899000
43,85,16900000
43,85,16901000
43,85,16902000
43,85,16903000
43,85,16904000
43,85,16905000
43,85,16906000
43,85,16907000
43,85,16908000
43,85,16909000
43,85,16910000
43,85,16911000
43,85,16912000
43,85,16913000
43,85,16914000
43,85,16915000
43,85,16916000
43,85,16917000
43,85,16918000
43,85,16919000
43,85,16920000
43,85,16921000
43,85,16922000
43,85,16923000
43,85,16924000
43,85,16925000
43,85,16926000
43,85,16927000
43,85,16928000
43,85,16929000
43,85,16930000
43,85,16931000
43,85,16932000
43,85,16933000
43,85,16934000
43,85,16935000
43,85,16936000
43,85,16937000
43,85,16938000
43,85,16939000
43,85,16940000
43,85,16941000
43,85,16942000
43,85,16943000
43,85,16944000
43,85,16945000
43,85,16946000
43,85,16947000
43,85,16948000
43,85,16949000
43,85,16950000
43,85,16951000
43,85,16952000
43,85,16953000
43,85,16954000
43,85,16955000
43,85,16956000
43,85,16957000
43,85,16958000
43,85,16959000
43,85,16960000
43,85,16961000
43,85,16962000
43,85,16963000
43,85,16964000
43,85,16965000
43,85,16966000
43,85,16967000
43,85,16968000
43,85,16969000
43,85,16970000
43,85,16971000
43,85,16972000
43,85,16973000
43,85,16974000
43,85,16975000
43,85,16976000
43,85,16977000
43,85,16978000
43,85,16979000
43,85,16980000
43,85,16981000
43,85,16982000
43,85,16983000
43,85,16984000
43,85,16985000
43,85,16986000
43,85,16987000
43,85,16988000
43,85,16989000
43,85,16990000
43,85,16991000
43,85,16992000
43,85,16993000
43,85,16994000
43,85,16995000
43,85,16996000
43,85,16997000
43,85,16998000
43,85,16999000
43,85,17000000
43,85,17001000
43,85,17002000
43,85,17003000
43,85,17004000
43,85,17005000
43,85,17006000
43,85,17007000
43,85,17008000
43,85,17009000
43,85,17010000
43,85,17011000
43,85,17012000
43,85,17013000
43,85,17014000
43,85,17015000
43,85,17016000
43,85,17017000
43,85,17018000
43,85,17019000
43,85,17020000
43,85,17021000
43,85,17022000
43,85,17023000
43,85,17024000
43,85,17025000
43,85,17026000
43,85,17027000
43,85,17028000
43,85,17029000
43,85,17030000
43,85,17031000
43,85,17032000
43,85,17033000
43,85,17034000
43,85,17035000
43,85,17036000
43,85,17037000
43,85,17038000
43,85,17039000
43,85,17040000
43,85,17041000
43,85,17042000
43,85,17043000
43,85,17044000
43,85,17045000
43,85,17046000
43,85,17047000
43,85,17048000
43,85,17049000
43,85,17050000
43,85,17051000
43,85,17052000
43,85,17053000
43,85,17054000
43,85,17055000
43,85,17056000
43,85,17057000
43,85,17058000
43,85,17059000
43,85,17060000
43,85,17061000
43,85,17062000
43,85,17063000
43,85,17064000
43,85,17065000
43,85,17066000
43,85,17067000
43,85,17068000
43,85,17069000
43,85,17070000
43,85,17071000
43,85,17072000
43,85,17073000
43,85,17074000
43,85,17075000
43,85,17076000
43,85,17077000
43,85,17078000
43,85,17079000
43,85,17080000
43,85,17081000
43,85,17082000
43,85,17083000
43,85,17084000
43,85,17085000
43,85,17086000
43,85,17087000
43,85,17088000
43,85,17089000
43,85,17090000
43,85,17091000
43,85,17092000
43,85,17093000
43,85,17094000
43,85,17095000
43,85,17096000
43,85,17097000
43,85,17098000
43,85,17099000
43,85,17100000
43,85,17101000
43,85,17102000
43,85,17103000
43,85,17104000
43,85,17105000
43,85,17106000
43,85,17107000
43,85,17108000
43,85,17109000
43,85,17110000
43,85,17111000
43,85,17112000
43,85,17113000
43,85,17114000
43,85,17115000
43,85,17116000
43,85,17117000
43,85,17118000
43,85,17119000
43,85,17120000
43,85,17121000
43,85,17122000
43,85,17123000
43,85,17124000
43,85,17125000
43,85,17126000
43,85,17127000
43,85,17128000
43,85,17129000
43,85,17130000
43,85,17131000
43,85,17132000
43,85,17133000
43,85,17134000
43,85,17135000
43,85,17136000
43,85,17137000
43,85,17138000
43,85,17139000
43,85,17140000
43,85,17141000
43,85,17142000
43,85,17143000
43,85,17144000
43,85,17145000
43,85,17146000
43,85,17147000
43,85,17148000
43,85,17149000
43,85,17150000
43,85,17151000
43,85,17152000
43,85,17153000
43,85,17154000
43,85,17155000
43,85,17156000
43,85,17157000
43,85,17158000
43,85,17159000
43,85,17160000
43,85,17161000
43,85,17162000
43,85,17163000
43,85,17164000
43,85,17165000
43,85,17166000
43,85,17167000
43,85,17168000
43,85,17169000
43,85,17170000
43,85,17171000
43,85,17172000
43,85,17173000
43,85,17174000
43,85,17175000
43,85,17176000
43,85,17177000
43,85,17178000
43,85,17179000
43,85,17180000
43,85,17181000
43,85,17182000
43,85,17183000
43,85,17184000
43,85,17185000
43,85,17186000
43,85,17187000
43,85,17188000
43,85,17189000
43,85,17190000
43,85,17191000
43,85,17192000
43,85,17193000
43,85,17194000
43,85,17195000
43,85,17196000
43,85,17197000
43,85,17198000
43,85,17199000
43,85,17200000
43,85,17201000
43,85,17202000
43,85,17203000
43,85,17204000
43,85,17205000
43,85,17206000
43,85,17207000
43,85,17208000
43,85,17209000
43,85,17210000
43,85,17211000
43,85,17212000
43,85,17213000
43,85,17214000
43,85,17215000
43,85,17216000
43,85,17217000
43,85,17218000
43,85,17219000
43,85,17220000
43,85,17221000
43,85,17222000
43,85,17223000
43,85,17224000
43,85,17225000
43,85,17226000
43,85,17227000
43,85,17228000
43,85,17229000
43,85,17230000
43,85,17231000
43,85,17232000
43,85,17233000
43,85,17234000
43,85,17235000
43,85,17236000
43,85,17237000
43,85,17238000
43,85,17239000
43,85,17240000
43,85,17241000
43,85,17242000
43,85,17243000
43,85,17244000
43,85,17245000
43,85,17246000
43,85,17247000
43,85,17248000
43,85,17249000
43,85,17250000
43,85,17251000
43,85,17252000
43,85,17253000
43,85,17254000
43,85,17255000
43,85,17256000
43,85,17257000
43,85,17258000
43,85,17259000
43,85,17260000
43,85,17261000
43,85,17262000
43,85,17263000
43,85,17264000
43,85,17265000
43,85,17266000
43,85,17267000
43,85,17268000
43,85,17269000
43,85,17270000
43,85,17271000
43,85,17272000
43,85,17273000
43,85,17274000
43,85,17275000
43,85,17276000
43,85,17277000
43,85,17278000
43,85,17279000
43,85,17280000
43,85,17281000
43,85,17282000
43,85,17283000
43,85,17284000
43,85,17285000
43,85,17286000
43,85,17287000
43,85,17288000
43,85,17289000
43,85,17290000
43,85,17291000
43,85,17292000
43,85,17293000
43,85,17294000
43,85,17295000
43,85,17296000
43,85,17297000
43,85,17298000
43,85,17299000
43,85,17300000
43,85,17301000
43,85,17302000
43,85,17303000
43,85,17304000
43,85,17305000
43,85,17306000
43,85,17307000
43,85,17308000
43,85,17309000
43,85,17310000
43,85,17311000
43,85,17312000
43,85,17313000
43,85,17314000
43,85,17315000
43,85,17316000
43,85,17317000
43,85,17318000
43,85,17319000
43,85,17320000
43,85,17321000
43,85,17322000
43,85,17323000
43,85,17324000
43,85,17325000
43,85,17326000
43,85,17327000
43,85,17328000
43,85,17329000
43,85,17330000
43,85,17331000
43,85,17332000
43,85,17333000
43,85,17334000
43,85,17335000
43,85,17336000
43,85,17337000
43,85,17338000
43,85,17339000
43,85,17340000
43,85,17341000
43,85,17342000
43,85,17343000
43,85,17344000
43,85,17345000
43,85,17346000
43,85,17347000
43,85,17348000
43,85,17349000
43,85,17350000
43,85,17351000
43,85,17352000
43,85,17353000
43,85,17354000
43,85,17355000
43,85,17356000
43,85,17357000
43,85,17358000
43,85,17359000
43,85,17360000
43,85,17361000
43,85,17362000
43,85,17363000
43,85,17364000
43,85,17365000
43,85,17366000
43,85,17367000
43,85,17368000
43,85,17369000
43,85,17370000
43,85,17371000
43,85,17372000
43,85,17373000
43,85,17374000
43,85,17375000
43,85,17376000
43,85,17377000
43,85,17378000
43,85,17379000
43,85,17380000
43,85,17381000
43,85,17382000
43,85,17383000
43,85,17384000
43,85,17385000
43,85,17386000
43,85,17387000
43,85,17388000
43,85,17389000
43,85,17390000
43,85,17391000
43,85,17392000
43,85,17393000
43,85,17394000
43,85,17395000
43,85,17396000
43,85,17397000
43,85,17398000
43,85,17399000
43,85,17400000
43,85,17401000
43,85,17402000
43,85,17403000
43,85,17404000
43,85,17405000
43,85,17406000
43,85,17407000
43,85,17408000
43,85,17409000
43,85,17410000
43,85,17411000
43,85,17412000
43,85,17413000
43,85,17414000
43,85,17415000
43,85,17416000
43,85,17417000
43,85,17418000
43,85,17419000
43,85,17420000
43,85,17421000
43,85,17422000
43,85,17423000
43,85,17424000
43,85,17425000
43,85,17426000
43,85,17427000
43,85,17428000
43,85,17429000
43,85,17430000
43,85,17431000
43,85,17432000
43,85,17433000
43,85,17434000
43,85,17435000
43,85,17436000
43,85,17437000
43,85,17438000
43,85,17439000
43,85,17440000
43,85,17441000
43,85,17442000
43,85,17443000
43,85,17444000
43,85,17445000
43,85,17446000
43,85,17447000
43,85,17448000
43,85,17449000
43,85,17450000
43,85,17451000
43,85,17452000
43,85,17453000
43,85,17454000
43,85,17455000
43,85,17456000
43,85,17457000
43,85,17458000
43,85,17459000
43,85,17460000
43,85,17461000
43,85,17462000
43,85,17463000
43,85,17464000
43,85,17465000
43,85,17466000
43,85,17467000
43,85,17468000
43,85,17469000
43,85,17470000
43,85,17471000
43,85,17472000
43,85,17473000
43,85,17474000
43,85,17475000
43,85,17476000
43,85,17477000
43,85,17478000
43,85,17479000
43,85,17480000
43,85,17481000
43,85,17482000
43,85,17483000
43,85,17484000
43,85,17485000
43,85,17486000
43,85,17487000
43,85,17488000
43,85,17489000
43,85,17490000
43,85,17491000
43,85,17492000
43,85,17493000
43,85,17494000
43,85,17495000
43,85,17496000
43,85,17497000
43,85,17498000
43,85,17499000
43,85,17500000
43,85,17501000
43,85,17502000
43,85,17503000
43,85,17504000
43,85,17505000
43,85,17506000
43,85,17507000
43,85,17508000
43,85,17509000
43,85,17510000
43,85,17511000
43,85,17512000
43,85,17513000
43,85,17514000
43,85,17515000
43,85,17516000
43,85,17517000
43,85,17518000
43,85,17519000
43,85,17520000
43,85,17521000
43,85,17522000
43,85,17523000
43,85,17524000
43,85,17525000
43,85,17526000
43,85,17527000
43,85,17528000
43,85,17529000
43,85,17530000
43,85,17531000
43,85,17532000
43,85,17533000
43,85,17534000
43,85,17535000
43,85,17536000
43,85,17537000
43,85,17538000
43,85,17539000
43,85,17540000
43,85,17541000
43,85,17542000
43,85,17543000
43,85,17544000
43,85,17545000
43,85,17546000
43,85,17547000
43,85,17548000
43,85,17549000
43,85,17550000
43,85,17551000
43,85,17552000
43,85,17553000
43,85,17554000
43,85,17555000
43,85,17556000
43,85,17557000
43,85,17558000
43,85,17559000
43,85,17560000
43,85,17561000
43,85,17562000
43,85,17563000
43,85,17564000
43,85,17565000
43,85,17566000
43,85,17567000
43,85,17568000
43,85,17569000
43,85,17570000
43,85,17571000
43,85,17572000
43,85,17573000
43,85,17574000
43,85,17575000
43,85,17576000
43,85,17577000
43,85,17578000
43,85,17579000
43,85,17580000
43,85,17581000
43,85,17582000
43,85,17583000
43,85,17584000
43,85,17585000
43,85,17586000
43,85,17587000
43,85,17588000
43,85,17589000
43,85,17590000
43,85,17591000
43,85,17592000
43,85,17593000
43,85,17594000
43,85,17595000
43,85,17596000
43,85,17597000
43,85,17598000
43,85,17599000
43,85,17600000
43,85,17601000
43,85,17602000
43,85,17603000
43,85,17604000
43,85,17605000
43,85,17606000
43,85,17607000
43,85,17608000
43,85,17609000
43,85,17610000
43,85,17611000
43,85,17612000
43,85,17613000
43,85,17614000
43,85,17615000
43,85,17616000
43,85,17617000
43,85,17618000
43,85,17619000
43,85,17620000
43,85,17621000
43,85,17622000
43,85,17623000
43,85,17624000
43,85,17625000
43,85,17626000
43,85,17627000
43,85,17628000
43,85,17629000
43,85,17630000
43,85,17631000
43,85,17632000
43,85,17633000
43,85,17634000
43,85,17635000
43,85,17636000
43,85,17637000
43,85,17638000
43,85,17639000
43,85,17640000
43,85,17641000
43,85,17642000
43,85,17643000
43,85,17644000
43,85,17645000
43,85,17646000
43,85,17647000
43,85,17648000
43,85,17649000
43,85,17650000
43,85,17651000
43,85,17652000
43,85,17653000
43,85,17654000
43,85,17655000
43,85,17656000
43,85,17657000
43,85,17658000
43,85,17659000
43,85,17660000
43,85,17661000
43,85,17662000
43,85,17663000
43,85,17664000
43,85,17665000
43,85,17666000
43,85,17667000
43,85,17668000
43,85,17669000
43,85,17670000
43,85,17671000
43,85,17672000
43,85,17673000
43,85,17674000
43,85,17675000
43,85,17676000
43,85,17677000
43,85,17678000
43,85,17679000
43,85,17680000
43,85,17681000
43,85,17682000
43,85,17683000
43,85,17684000
43,85,17685000
43,85,17686000
43,85,17687000
43,85,17688000
43,85,17689000
43,85,17690000
43,85,17691000
43,85,17692000
43,85,17693000
43,85,17694000
43,85,17695000
43,85,17696000
43,85,17697000
43,85,17698000
43,85,17699000
43,85,17700000
43,85,17701000
43,85,17702000
43,85,17703000
43,85,17704000
43,85,17705000
43,85,17706000
43,85,17707000
43,85,17708000
43,85,17709000
43,85,17710000
43,85,17711000
43,85,17712000
43,85,17713000
43,85,17714000
43,85,17715000
43,85,17716000
43,85,17717000
43,85,17718000
43,85,17719000
43,85,17720000
43,85,17721000
43,85,17722000
43,85,17723000
43,85,17724000
43,85,17725000
43,85,17726000
43,85,17727000
43,85,17728000
43,85,17729000
43,85,17730000
43,85,17731000
43,85,17732000
43,85,17733000
43,85,17734000
43,85,17735000
43,85,17736000
43,85,17737000
43,85,17738000
43,85,17739000
43,85,17740000
43,85,17741000
43,85,17742000
43,85,17743000
43,85,17744000
43,85,17745000
43,85,17746000
43,85,17747000
43,85,17748000
43,85,17749000
43,85,17750000
43,85,17751000
43,85,17752000
43,85,17753000
43,85,17754000
43,85,17755000
43,85,17756000
43,85,17757000
43,85,17758000
43,85,17759000
43,85,17760000
43,85,17761000
43,85,17762000
43,85,17763000
43,85,17764000
43,85,17765000
43,85,17766000
43,85,17767000
43,85,17768000
43,85,17769000
43,85,17770000
43,85,17771000
43,85,17772000
43,85,17773000
43,85,17774000
43,85,17775000
43,85,17776000
43,85,17777000
43,85,17778000
43,85,17779000
43,85,17780000
43,85,17781000
43,85,17782000
43,85,17783000
43,85,17784000
43,85,17785000
43,85,17786000
43,85,17787000
43,85,17788000
43,85,17789000
43,85,17790000
43,85,17791000
43,85,17792000
43,85,17793000
43,85,17794000
43,85,17795000
43,85,17796000
43,85,17797000
43,85,17798000
43,85,17799000
43,85,17800000
43,85,17801000
43,85,17802000
43,85,17803000
43,85,17804000
43,85,17805000
43,85,17806000
43,85,17807000
43,85,17808000
43,85,17809000
43,85,17810000
43,85,17811000
43,85,17812000
43,85,17813000
43,85,17814000
43,85,17815000
43,85,17816000
43,85,17817000
43,85,17818000
43,85,17819000
43,85,17820000
43,85,17821000
43,85,17822000
43,85,17823000
43,85,17824000
43,85,17825000
43,85,17826000
43,85,17827000
43,85,17828000
43,85,17829000
43,85,17830000
43,85,17831000
43,85,17832000
43,85,17833000
43,85,17834000
43,85,17835000
43,85,17836000
43,85,17837000
43,85,17838000
43,85,17839000
43,85,17840000
43,85,17841000
43,85,17842000
43,85,17843000
43,85,17844000
43,85,17845000
43,85,17846000
43,85,17847000
43,85,17848000
43,85,17849000
43,85,17850000
43,85,17851000
43,85,17852000
43,85,17853000
43,85,17854000
43,85,17855000
43,85,17856000
43,85,17857000
43,85,17858000
43,85,17859000
43,85,17860000
43,85,17861000
43,85,17862000
43,85,17863000
43,85,17864000
43,85,17865000
43,85,17866000
43,85,17867000
43,85,17868000
43,85,17869000
43,85,17870000
43,85,17871000
43,85,17872000
43,85,17873000
43,85,17874000
43,85,17875000
43,85,17876000
43,85,17877000
43,85,17878000
43,85,17879000
43,85,17880000
43,85,17881000
43,85,17882000
43,85,17883000
43,85,17884000
43,85,17885000
43,85,17886000
43,85,17887000
43,85,17888000
43,85,17889000
43,85,17890000
43,85,17891000
43,85,17892000
43,85,17893000
43,85,17894000
43,85,17895000
43,85,17896000
43,85,17897000
43,85,17898000
43,85,17899000
43,85,17900000
43,85,17901000
43,85,17902000
43,85,17903000
43,85,17904000
43,85,17905000
43,85,17906000
43,85,17907000
43,85,17908000
43,85,17909000
43,85,17910000
43,85,17911000
43,85,17912000
43,85,17913000
43,85,17914000
43,85,17915000
43,85,17916000
43,85,17917000
43,85,17918000
43,85,17919000
43,85,17920000
43,85,17921000
43,85,17922000
43,85,17923000
43,85,17924000
43,85,17925000
43,85,17926000
43,85,17927000
43,85,17928000
43,85,17929000
43,85,17930000
43,85,17931000
43,85,17932000
43,85,17933000
43,85,17934000
43,85,17935000
43,85,17936000
43,85,17937000
43,85,17938000
43,85,17939000
43,85,17940000
43,85,17941000
43,85,17942000
43,85,17943000
43,85,17944000
43,85,17945000
43,85,17946000
43,85,17947000
43,85,17948000
43,85,17949000
43,85,17950000
43,85,17951000
43,85,17952000
43,85,17953000
43,85,17954000
43,85,17955000
43,85,17956000
43,85,17957000
43,85,17958000
43,85,17959000
43,85,17960000
43,85,17961000
43,85,17962000
43,85,17963000
43,85,17964000
43,85,17965000
43,85,17966000
43,85,17967000
43,85,17968000
43,85,17969000
43,85,17970000
43,85,17971000
43,85,17972000
43,85,17973000
43,85,17974000
43,85,17975000
43,85,17976000
43,85,17977000
43,85,17978000
43,85,17979000
43,85,17980000
43,85,17981000
43,85,17982000
43,85,17983000
43,85,17984000
43,85,17985000
43,85,17986000
43,85,17987000
43,85,17988000
43,85,17989000
43,85,17990000
43,85,17991000
43,85,17992000
43,85,17993000
43,85,17994000
43,85,17995000
43,85,17996000
43,85,17997000
43,85,17998000
43,85,17999000
43,85,18000000
43,85,18001000
43,85,18002000
43,85,18003000
43,85,18004000
43,85,18005000
43,85,18006000
43,85,18007000
43,85,18008000
43,85,18009000
43,85,18010000
43,85,18011000
43,85,18012000
43,85,18013000
43,85,18014000
43,85,18015000
43,85,18016000
43,85,18017000
43,85,18018000
43,85,18019000
43,85,18020000
43,85,18021000
43,85,18022000
43,85,18023000
43,85,18024000
43,85,18025000
43,85,18026000
43,85,18027000
43,85,18028000
43,85,18029000
43,85,18030000
43,85,18031000
43,85,18032000
43,85,18033000
43,85,18034000
43,85,18035000
43,85,18036000
43,85,18037000
43,85,18038000
43,85,18039000
43,85,18040000
43,85,18041000
43,85,18042000
43,85,18043000
43,85,18044000
43,85,18045000
43,85,18046000
43,85,18047000
43,85,18048000
43,85,18049000
43,85,18050000
43,85,18051000
43,85,18052000
43,85,18053000
43,85,18054000
43,85,18055000
43,85,18056000
43,85,18057000
43,85,18058000
43,85,18059000
43,85,18060000
43,85,18061000
43,85,18062000
43,85,18063000
43,85,18064000
43,85,18065000
43,85,18066000
43,85,18067000
43,85,18068000
43,85,18069000
43,85,18070000
43,85,18071000
43,85,18072000
43,85,18073000
43,85,18074000
43,85,18075000
43,85,18076000
43,85,18077000
43,85,18078000
43,85,18079000
43,85,18080000
43,85,18081000
43,85,18082000
43,85,18083000
43,85,18084000
43,85,18085000
43,85,18086000
43,85,18087000
43,85,18088000
43,85,18089000
43,85,18090000
43,85,18091000
43,85,18092000
43,85,18093000
43,85,18094000
43,85,18095000
43,85,18096000
43,85,18097000
43,85,18098000
43,85,18099000
43,85,18100000
43,85,18101000
43,85,18102000
43,85,18103000
43,85,18104000
43,85,18105000
43,85,18106000
43,85,18107000
43,85,18108000
43,85,18109000
43,85,18110000
43,85,18111000
43,85,18112000
43,85,18113000
43,85,18114000
43,85,18115000
43,85,18116000
43,85,18117000
43,85,18118000
43,85,18119000
43,85,18120000
43,85,18121000
43,85,18122000
43,85,18123000
43,85,18124000
43,85,18125000
43,85,18126000
43,85,18127000
43,85,18128000
43,85,18129000
43,85,18130000
43,85,18131000
43,85,18132000
43,85,18133000
43,85,18134000
43,85,18135000
43,85,18136000
43,85,18137000
43,85,18138000
43,85,18139000
43,85,18140000
43,85,18141000
43,85,18142000
43,85,18143000
43,85,18144000
43,85,18145000
43,85,18146000
43,85,18147000
43,85,18148000
43,85,18149000
43,85,18150000
43,85,18151000
43,85,18152000
43,85,18153000
43,85,18154000
43,85,18155000
43,85,18156000
43,85,18157000
43,85,18158000
43,85,18159000
43,85,18160000
43,85,18161000
43,85,18162000
43,85,18163000
43,85,18164000
43,85,18165000
43,85,18166000
43,85,18167000
43,85,18168000
43,85,18169000
43,85,18170000
43,85,18171000
43,85,18172000
43,85,18173000
43,85,18174000
43,85,18175000
43,85,18176000
43,85,18177000
43,85,18178000
43,85,18179000
43,85,18180000
43,85,18181000
43,85,18182000
43,85,18183000
43,85,18184000
43,85,18185000
43,85,18186000
43,85,18187000
43,85,18188000
43,85,18189000
43,85,18190000
43,85,18191000
43,85,18192000
43,85,18193000
43,85,18194000
43,85,18195000
43,85,18196000
43,85,18197000
43,85,18198000
43,85,18199000
43,85,18200000
43,85,18201000
43,85,18202000
43,85,18203000
43,85,18204000
43,85,18205000
43,85,18206000
43,85,18207000
43,85,18208000
43,85,18209000
43,85,18210000
43,85,18211000
43,85,18212000
43,85,18213000
43,85,18214000
43,85,18215000
43,85,18216000
43,85,18217000
43,85,18218000
43,85,18219000
43,85,18220000
43,85,18221000
43,85,18222000
43,85,18223000
43,85,18224000
43,85,18225000
43,85,18226000
43,85,18227000
43,85,18228000
43,85,18229000
43,85,18230000
43,85,18231000
43,85,18232000
43,85,18233000
43,85,18234000
43,85,18235000
43,85,18236000
43,85,18237000
43,85,18238000
43,85,18239000
43,85,18240000
43,85,18241000
43,85,18242000
43,85,18243000
43,85,18244000
43,85,18245000
43,85,18246000
43,85,18247000
43,85,18248000
43,85,18249000
43,85,18250000
43,85,18251000
43,85,18252000
43,85,18253000
43,85,18254000
43,85,18255000
43,85,18256000
43,85,18257000
43,85,18258000
43,85,18259000
43,85,18260000
43,85,18261000
43,85,18262000
43,85,18263000
43,85,18264000
43,85,18265000
43,85,18266000
43,85,18267000
43,85,18268000
43,85,18269000
43,85,18270000
43,85,18271000
43,85,18272000
43,85,18273000
43,85,18274000
43,85,18275000
43,85,18276000
43,85,18277000
43,85,18278000
43,85,18279000
43,85,18280000
43,85,18281000
43,85,18282000
43,85,18283000
43,85,18284000
43,85,18285000
43,85,18286000
43,85,18287000
43,85,18288000
43,85,18289000
43,85,18290000
43,85,18291000
43,85,18292000
43,85,18293000
43,85,18294000
43,85,18295000
43,85,18296000
43,85,18297000
43,85,18298000
43,85,18299000
43,85,18300000
43,85,18301000
43,85,18302000
43,85,18303000
43,85,18304000
43,85,18305000
43,85,18306000
43,85,18307000
43,85,18308000
43,85,18309000
43,85,18310000
43,85,18311000
43,85,18312000
43,85,18313000
43,85,18314000
43,85,18315000
43,85,18316000
43,85,18317000
43,85,18318000
43,85,18319000
43,85,18320000
43,85,18321000
43,85,18322000
43,85,18323000
43,85,18324000
43,85,18325000
43,85,18326000
43,85,18327000
43,85,18328000
43,85,18329000
43,85,18330000
43,85,18331000
43,85,18332000
43,85,18333000
43,85,18334000
43,85,18335000
43,85,18336000
43,85,18337000
43,85,18338000
43,85,18339000
43,85,18340000
43,85,18341000
43,85,18342000
43,85,18343000
43,85,18344000
43,85,18345000
43,85,18346000
43,85,18347000
43,85,18348000
43,85,18349000
43,85,18350000
43,85,18351000
43,85,18352000
43,85,18353000
43,85,18354000
43,85,18355000
43,85,18356000
43,85,18357000
43,85,18358000
43,85,18359000
43,85,18360000
43,85,18361000
43,85,18362000
43,85,18363000
43,85,18364000
43,85,18365000
43,85,18366000
43,85,18367000
43,85,18368000
43,85,18369000
43,85,18370000
43,85,18371000
43,85,18372000
43,85,18373000
43,85,18374000
43,85,18375000
43,85,18376000
43,85,18377000
43,85,18378000
43,85,18379000
43,85,18380000
43,85,18381000
43,85,18382000
43,85,18383000
43,85,18384000
43,85,18385000
43,85,18386000
43,85,18387000
43,85,18388000
43,85,18389000
43,85,18390000
43,85,18391000
43,85,18392000
43,85,18393000
43,85,18394000
43,85,18395000
43,85,18396000
43,85,18397000
43,85,18398000
43,85,18399000
43,85,18400000
43,85,18401000
43,85,18402000
43,85,18403000
43,85,18404000
43,85,18405000
43,85,18406000
43,85,18407000
43,85,18408000
43,85,18409000
43,85,18410000
43,85,18411000
43,85,18412000
43,85,18413000
43,85,18414000
43,85,18415000
43,85,18416000
43,85,18417000
43,85,18418000
43,85,18419000
43,85,18420000
43,85,18421000
43,85,18422000
43,85,18423000
43,85,18424000
43,85,18425000
43,85,18426000
43,85,18427000
43,85,18428000
43,85,18429000
43,85,18430000
43,85,18431000
43,85,18432000
43,85,18433000
43,85,18434000
43,85,18435000
43,85,18436000
43,85,18437000
43,85,18438000
43,85,18439000
43,85,18440000
43,85,18441000
43,85,18442000
43,85,18443000
43,85,18444000
43,85,18445000
43,85,18446000
43,85,18447000
43,85,18448000
43,85,18449000
43,85,18450000
43,85,18451000
43,85,18452000
43,85,18453000
43,85,18454000
43,85,18455000
43,85,18456000
43,85,18457000
43,85,18458000
43,85,18459000
43,85,18460000
43,85,18461000
43,85,18462000
43,85,18463000
43,85,18464000
43,85,18465000
43,85,18466000
43,85,18467000
43,85,18468000
43,85,18469000
43,85,18470000
43,85,18471000
43,85,18472000
43,85,18473000
43,85,18474000
43,85,18475000
43,85,18476000
43,85,18477000
43,85,18478000
43,85,18479000
43,85,18480000
43,85,18481000
43,85,18482000
43,85,18483000
43,85,18484000
43,85,18485000
43,85,18486000
43,85,18487000
43,85,18488000
43,85,18489000
43,85,18490000
43,85,18491000
43,85,18492000
43,85,18493000
43,85,18494000
43,85,18495000
43,85,18496000
43,85,18497000
43,85,18498000
43,85,18499000
43,85,18500000
43,85,18501000
43,85,18502000
43,85,18503000
43,85,18504000
43,85,18505000
43,85,18506000
43,85,18507000
43,85,18508000
43,85,18509000
43,85,18510000
43,85,18511000
43,85,18512000
43,85,18513000
43,85,18514000
43,85,18515000
43,85,18516000
43,85,18517000
43,85,18518000
43,85,18519000
43,85,18520000
43,85,18521000
43,85,18522000
43,85,18523000
43,85,18524000
43,85,18525000
43,85,18526000
43,85,18527000
43,85,18528000
43,85,18529000
43,85,18530000
43,85,18531000
43,85,18532000
43,85,18533000
43,85,18534000
43,85,18535000
43,85,18536000
43,85,18537000
43,85,18538000
43,85,18539000
43,85,18540000
43,85,18541000
43,85,18542000
43,85,18543000
43,85,18544000
43,85,18545000
43,85,18546000
43,85,18547000
43,85,18548000
43,85,18549000
43,85,18550000
43,85,18551000
43,85,18552000
43,85,18553000
43,85,18554000
43,85,18555000
43,85,18556000
43,85,18557000
43,85,18558000
43,85,18559000
43,85,18560000
43,85,18561000
43,85,18562000
43,85,18563000
43,85,18564000
43,85,18565000
43,85,18566000
43,85,18567000
43,85,18568000
43,85,18569000
43,85,18570000
43,85,18571000
43,85,18572000
43,85,18573000
43,85,18574000
43,85,18575000
43,85,18576000
43,85,18577000
43,85,18578000
43,85,18579000
43,85,18580000
43,85,18581000
43,85,18582000
43,85,18583000
43,85,18584000
43,85,18585000
43,85,18586000
43,85,18587000
43,85,18588000
43,85,18589000
43,85,18590000
43,85,18591000
43,85,18592000
43,85,18593000
43,85,18594000
43,85,18595000
43,85,18596000
43,85,18597000
43,85,18598000
43,85,18599000
43,85,18600000
43,85,18601000
43,85,18602000
43,85,18603000
43,85,18604000
43,85,18605000
43,85,18606000
43,85,18607000
43,85,18608000
43,85,18609000
43,85,18610000
43,85,18611000
43,85,18612000
43,85,18613000
43,85,18614000
43,85,18615000
43,85,18616000
43,85,18617000
43,85,18618000
43,85,18619000
43,85,18620000
43,85,18621000
43,85,18622000
43,85,18623000
43,85,18624000
43,85,18625000
43,85,18626000
43,85,18627000
43,85,18628000
43,85,18629000
43,85,18630000
43,85,18631000
43,85,18632000
43,85,18633000
43,85,18634000
43,85,18635000
43,85,18636000
43,85,18637000
43,85,18638000
43,85,18639000
43,85,18640000
43,85,18641000
43,85,18642000
43,85,18643000
43,85,18644000
43,85,18645000
43,85,18646000
43,85,18647000
43,85,18648000
43,85,18649000
43,85,18650000
43,85,18651000
43,85,18652000
43,85,18653000
43,85,18654000
43,85,18655000
43,85,18656000
43,85,18657000
43,85,18658000
43,85,18659000
43,85,18660000
43,85,18661000
43,85,18662000
43,85,18663000
43,85,18664000
43,85,18665000
43,85,18666000
43,85,18667000
43,85,18668000
43,85,18669000
43,85,18670000
43,85,18671000
43,85,18672000
43,85,18673000
43,85,18674000
43,85,18675000
43,85,18676000
43,85,18677000
43,85,18678000
43,85,18679000
43,85,18680000
43,85,18681000
43,85,18682000
43,85,18683000
43,85,18684000
43,85,18685000
43,85,18686000
43,85,18687000
43,85,18688000
43,85,18689000
43,85,18690000
43,85,18691000
43,85,18692000
43,85,18693000
43,85,18694000
43,85,18695000
43,85,18696000
43,85,18697000
43,85,18698000
43,85,18699000
43,85,18700000
43,85,18701000
43,85,18702000
43,85,18703000
43,85,18704000
43,85,18705000
43,85,18706000
43,85,18707000
43,85,18708000
43,85,18709000
43,85,18710000
43,85,18711000
43,85,18712000
43,85,18713000
43,85,18714000
43,85,18715000
43,85,18716000
43,85,18717000
43,85,18718000
43,85,18719000
43,85,18720000
43,85,18721000
43,85,18722000
43,85,18723000
43,85,18724000
43,85,18725000
43,85,18726000
43,85,18727000
43,85,18728000
43,85,18729000
43,85,18730000
43,85,18731000
43,85,18732000
43,85,18733000
43,85,18734000
43,85,18735000
43,85,18736000
43,85,18737000
43,85,18738000
43,85,18739000
43,85,18740000
43,85,18741000
43,85,18742000
43,85,18743000
43,85,18744000
43,85,18745000
43,85,18746000
43,85,18747000
43,85,18748000
43,85,18749000
43,85,18750000
43,85,18751000
43,85,18752000
43,85,18753000
43,85,18754000
43,85,18755000
43,85,18756000
43,85,18757000
43,85,18758000
43,85,18759000
43,85,18760000
43,85,18761000
43,85,18762000
43,85,18763000
43,85,18764000
43,85,18765000
43,85,18766000
43,85,18767000
43,85,18768000
43,85,18769000
43,85,18770000
43,85,18771000
43,85,18772000
43,85,18773000
43,85,18774000
43,85,18775000
43,85,18776000
43,85,18777000
43,85,18778000
43,85,18779000
43,85,18780000
43,85,18781000
43,85,18782000
43,85,18783000
43,85,18784000
43,85,18785000
43,85,18786000
43,85,18787000
43,85,18788000
43,85,18789000
43,85,18790000
43,85,18791000
43,85,18792000
43,85,18793000
43,85,18794000
43,85,18795000
43,85,18796000
43,85,18797000
43,85,18798000
43,85,18799000
43,85,18800000
43,85,18801000
43,85,18802000
43,85,18803000
43,85,18804000
43,85,18805000
43,85,18806000
43,85,18807000
43,85,18808000
43,85,18809000
43,85,18810000
43,85,18811000
43,85,18812000
43,85,18813000
43,85,18814000
43,85,18815000
43,85,18816000
43,85,18817000
43,85,18818000
43,85,18819000
43,85,18820000
43,85,18821000
43,85,18822000
43,85,18823000
43,85,18824000
43,85,18825000
43,85,18826000
43,85,18827000
43,85,18828000
43,85,18829000
43,85,18830000
43,85,18831000
43,85,18832000
43,85,18833000
43,85,18834000
43,85,18835000
43,85,18836000
43,85,18837000
43,85,18838000
43,85,18839000
43,85,18840000
43,85,18841000
43,85,18842000
43,85,18843000
43,85,18844000
43,85,18845000
43,85,18846000
43,85,18847000
43,85,18848000
43,85,18849000
43,85,18850000
43,85,18851000
43,85,18852000
43,85,18853000
43,85,18854000
43,85,18855000
43,85,18856000
43,85,18857000
43,85,18858000
43,85,18859000
43,85,18860000
43,85,18861000
43,85,18862000
43,85,18863000
43,85,18864000
43,85,18865000
43,85,18866000
43,85,18867000
43,85,18868000
43,85,18869000
43,85,18870000
43,85,18871000
43,85,18872000
43,85,18873000
43,85,18874000
43,85,18875000
43,85,18876000
43,85,18877000
43,85,18878000
43,85,18879000
43,85,18880000
43,85,18881000
43,85,18882000
43,85,18883000
43,85,18884000
43,85,18885000
43,85,18886000
43,85,18887000
43,85,18888000
43,85,18889000
43,85,18890000
43,85,18891000
43,85,18892000
43,85,18893000
43,85,18894000
43,85,18895000
43,85,18896000
43,85,18897000
43,85,18898000
43,85,18899000
43,85,18900000
43,85,18901000
43,85,18902000
43,85,18903000
43,85,18904000
43,85,18905000
43,85,18906000
43,85,18907000
43,85,18908000
43,85,18909000
43,85,18910000
43,85,18911000
43,85,18912000
43,85,18913000
43,85,18914000
43,85,18915000
43,85,18916000
43,85,18917000
43,85,18918000
43,85,18919000
43,85,18920000
43,85,18921000
43,85,18922000
43,85,18923000
43,85,18924000
43,85,18925000
43,85,18926000
43,85,18927000
43,85,18928000
43,85,18929000
43,85,18930000
43,85,18931000
43,85,18932000
43,85,18933000
43,85,18934000
43,85,18935000
43,85,18936000
43,85,18937000
43,85,18938000
43,85,18939000
43,85,18940000
43,85,18941000
43,85,18942000
43,85,18943000
43,85,18944000
43,85,18945000
43,85,18946000
43,85,18947000
43,85,18948000
43,85,18949000
43,85,18950000
43,85,18951000
43,85,18952000
43,85,18953000
43,85,18954000
43,85,18955000
43,85,18956000
43,85,18957000
43,85,18958000
43,85,18959000
43,85,18960000
43,85,18961000
43,85,18962000
43,85,18963000
43,85,18964000
43,85,18965000
43,85,18966000
43,85,18967000
43,85,18968000
43,85,18969000
43,85,18970000
43,85,18971000
43,85,18972000
43,85,18973000
43,85,18974000
43,85,18975000
43,85,18976000
43,85,18977000
43,85,18978000
43,85,18979000
43,85,18980000
43,85,18981000
43,85,18982000
43,85,18983000
43,85,18984000
43,85,18985000
43,85,18986000
43,85,18987000
43,85,18988000
43,85,18989000
43,85,18990000
43,85,18991000
43,85,18992000
43,85,18993000
43,85,18994000
43,85,18995000
43,85,18996000
43,85,18997000
43,85,18998000
43,85,18999000
43,85,19000000
43,85,19001000
43,85,19002000
43,85,19003000
43,85,19004000
43,85,19005000
43,85,19006000
43,85,19007000
43,85,19008000
43,85,19009000
43,85,19010000
43,85,19011000
43,85,19012000
43,85,19013000
43,85,19014000
43,85,19015000
43,85,19016000
43,85,19017000
43,85,19018000
43,85,19019000
43,85,19020000
43,85,19021000
43,85,19022000
43,85,19023000
43,85,19024000
43,85,19025000
43,85,19026000
43,85,19027000
43,85,19028000
43,85,19029000
43,85,19030000
43,85,19031000
43,85,19032000
43,85,19033000
43,85,19034000
43,85,19035000
43,85,19036000
43,85,19037000
43,85,19038000
43,85,19039000
43,85,19040000
43,85,19041000
43,85,19042000
43,85,19043000
43,85,19044000
43,85,19045000
43,85,19046000
43,85,19047000
43,85,19048000
43,85,19049000
43,85,19050000
43,85,19051000
43,85,19052000
43,85,19053000
43,85,19054000
43,85,19055000
43,85,19056000
43,85,19057000
43,85,19058000
43,85,19059000
43,85,19060000
43,85,19061000
43,85,19062000
43,85,19063000
43,85,19064000
43,85,19065000
43,85,19066000
43,85,19067000
43,85,19068000
43,85,19069000
43,85,19070000
43,85,19071000
43,85,19072000
43,85,19073000
43,85,19074000
43,85,19075000
43,85,19076000
43,85,19077000
43,85,19078000
43,85,19079000
43,85,19080000
43,85,19081000
43,85,19082000
43,85,19083000
43,85,19084000
43,85,19085000
43,85,19086000
43,85,19087000
43,85,19088000
43,85,19089000
43,85,19090000
43,85,19091000
43,85,19092000
43,85,19093000
43,85,19094000
43,85,19095000
43,85,19096000
43,85,19097000
43,85,19098000
43,85,19099000
43,85,19100000
43,85,19101000
43,85,19102000
43,85,19103000
43,85,19104000
43,85,19105000
43,85,19106000
43,85,19107000
43,85,19108000
43,85,19109000
43,85,19110000
43,85,19111000
43,85,19112000
43,85,19113000
43,85,19114000
43,85,19115000
43,85,19116000
43,85,19117000
43,85,19118000
43,85,19119000
43,85,19120000
43,85,19121000
43,85,19122000
43,85,19123000
43,85,19124000
43,85,19125000
43,85,19126000
43,85,19127000
43,85,19128000
43,85,19129000
43,85,19130000
43,85,19131000
43,85,19132000
43,85,19133000
43,85,19134000
43,85,19135000
43,85,19136000
43,85,19137000
43,85,19138000
43,85,19139000
43,85,19140000
43,85,19141000
43,85,19142000
43,85,19143000
43,85,19144000
43,85,19145000
43,85,19146000
43,85,19147000
43,85,19148000
43,85,19149000
43,85,19150000
43,85,19151000
43,85,19152000
43,85,19153000
43,85,19154000
43,85,19155000
43,85,19156000
43,85,19157000
43,85,19158000
43,85,19159000
43,85,19160000
43,85,19161000
43,85,19162000
43,85,19163000
43,85,19164000
43,85,19165000
43,85,19166000
43,85,19167000
43,85,19168000
43,85,19169000
43,85,19170000
43,85,19171000
43,85,19172000
43,85,19173000
43,85,19174000
43,85,19175000
43,85,19176000
43,85,19177000
43,85,19178000
43,85,19179000
43,85,19180000
43,85,19181000
43,85,19182000
43,85,19183000
43,85,19184000
43,85,19185000
43,85,19186000
43,85,19187000
43,85,19188000
43,85,19189000
43,85,19190000
43,85,19191000
43,85,19192000
43,85,19193000
43,85,19194000
43,85,19195000
43,85,19196000
43,85,19197000
43,85,19198000
43,85,19199000
43,85,19200000
43,85,19201000
43,85,19202000
43,85,19203000
43,85,19204000
43,85,19205000
43,85,19206000
43,85,19207000
43,85,19208000
43,85,19209000
43,85,19210000
43,85,19211000
43,85,19212000
43,85,19213000
43,85,19214000
43,85,19215000
43,85,19216000
43,85,19217000
43,85,19218000
43,85,19219000
43,85,19220000
43,85,19221000
43,85,19222000
43,85,19223000
43,85,19224000
43,85,19225000
43,85,19226000
43,85,19227000
43,85,19228000
43,85,19229000
43,85,19230000
43,85,19231000
43,85,19232000
43,85,19233000
43,85,19234000
43,85,19235000
43,85,19236000
43,85,19237000
43,85,19238000
43,85,19239000
43,85,19240000
43,85,19241000
43,85,19242000
43,85,19243000
43,85,19244000
43,85,19245000
43,85,19246000
43,85,19247000
43,85,19248000
43,85,19249000
43,85,19250000
43,85,19251000
43,85,19252000
43,85,19253000
43,85,19254000
43,85,19255000
43,85,19256000
43,85,19257000
43,85,19258000
43,85,19259000
43,85,19260000
43,85,19261000
43,85,19262000
43,85,19263000
43,85,19264000
43,85,19265000
43,85,19266000
43,85,19267000
43,85,19268000
43,85,19269000
43,85,19270000
43,85,19271000
43,85,19272000
43,85,19273000
43,85,19274000
43,85,19275000
43,85,19276000
43,85,19277000
43,85,19278000
43,85,19279000
43,85,19280000
43,85,19281000
43,85,19282000
43,85,19283000
43,85,19284000
43,85,19285000
43,85,19286000
43,85,19287000
43,85,19288000
43,85,19289000
43,85,19290000
43,85,19291000
43,85,19292000
43,85,19293000
43,85,19294000
43,85,19295000
43,85,19296000
43,85,19297000
43,85,19298000
43,85,19299000
43,85,19300000
43,85,19301000
43,85,19302000
43,85,19303000
43,85,19304000
43,85,19305000
43,85,19306000
43,85,19307000
43,85,19308000
43,85,19309000
43,85,19310000
43,85,19311000
43,85,19312000
43,85,19313000
43,85,19314000
43,85,19315000
43,85,19316000
43,85,19317000
43,85,19318000
43,85,19319000
43,85,19320000
43,85,19321000
43,85,19322000
43,85,19323000
43,85,19324000
43,85,19325000
43,85,19326000
43,85,19327000
43,85,19328000
43,85,19329000
43,85,19330000
43,85,19331000
43,85,19332000
43,85,19333000
43,85,19334000
43,85,19335000
43,85,19336000
43,85,19337000
43,85,19338000
43,85,19339000
43,85,19340000
43,85,19341000
43,85,19342000
43,85,19343000
43,85,19344000
43,85,19345000
43,85,19346000
43,85,19347000
43,85,19348000
43,85,19349000
43,85,19350000
43,85,19351000
43,85,19352000
43,85,19353000
43,85,19354000
43,85,19355000
43,85,19356000
43,85,19357000
43,85,19358000
43,85,19359000
43,85,19360000
43,85,19361000
43,85,19362000
43,85,19363000
43,85,19364000
43,85,19365000
43,85,19366000
43,85,19367000
43,85,19368000
43,85,19369000
43,85,19370000
43,85,19371000
43,85,19372000
43,85,19373000
43,85,19374000
43,85,19375000
43,85,19376000
43,85,19377000
43,85,19378000
43,85,19379000
43,85,19380000
43,85,19381000
43,85,19382000
43,85,19383000
43,85,19384000
43,85,19385000
43,85,19386000
43,85,19387000
43,85,19388000
43,85,19389000
43,85,19390000
43,85,19391000
43,85,19392000
43,85,19393000
43,85,19394000
43,85,19395000
43,85,19396000
43,85,19397000
43,85,19398000
43,85,19399000
43,85,19400000
43,85,19401000
43,85,19402000
43,85,19403000
43,85,19404000
43,85,19405000
43,85,19406000
43,85,19407000
43,85,19408000
43,85,19409000
43,85,19410000
43,85,19411000
43,85,19412000
43,85,19413000
43,85,19414000
43,85,19415000
43,85,19416000
43,85,19417000
43,85,19418000
43,85,19419000
43,85,19420000
43,85,19421000
43,85,19422000
43,85,19423000
43,85,19424000
43,85,19425000
43,85,19426000
43,85,19427000
43,85,19428000
43,85,19429000
43,85,19430000
43,85,19431000
43,85,19432000
43,85,19433000
43,85,19434000
43,85,19435000
43,85,19436000
43,85,19437000
43,85,19438000
43,85,19439000
43,85,19440000
43,85,19441000
43,85,19442000
43,85,19443000
43,85,19444000
43,85,19445000
43,85,19446000
43,85,19447000
43,85,19448000
43,85,19449000
43,85,19450000
43,85,19451000
43,85,19452000
43,85,19453000
43,85,19454000
43,85,19455000
43,85,19456000
43,85,19457000
43,85,19458000
43,85,19459000
43,85,19460000
43,85,19461000
43,85,19462000
43,85,19463000
43,85,19464000
43,85,19465000
43,85,19466000
43,85,19467000
43,85,19468000
43,85,19469000
43,85,19470000
43,85,19471000
43,85,19472000
43,85,19473000
43,85,19474000
43,85,19475000
43,85,19476000
43,85,19477000
43,85,19478000
43,85,19479000
43,85,19480000
43,85,19481000
43,85,19482000
43,85,19483000
43,85,19484000
43,85,19485000
43,85,19486000
43,85,19487000
43,85,19488000
43,85,19489000
43,85,19490000
43,85,19491000
43,85,19492000
43,85,19493000
43,85,19494000
43,85,19495000
43,85,19496000
43,85,19497000
43,85,19498000
43,85,19499000
43,85,19500000
43,85,19501000
43,85,19502000
43,85,19503000
43,85,19504000
43,85,19505000
43,85,19506000
43,85,19507000
43,85,19508000
43,85,19509000
43,85,19510000
43,85,19511000
43,85,19512000
43,85,19513000
43,85,19514000
43,85,19515000
43,85,19516000
43,85,19517000
43,85,19518000
43,85,19519000
43,85,19520000
43,85,19521000
43,85,19522000
43,85,19523000
43,85,19524000
43,85,19525000
43,85,19526000
43,85,19527000
43,85,19528000
43,85,19529000
43,85,19530000
43,85,19531000
43,85,19532000
43,85,19533000
43,85,19534000
43,85,19535000
43,85,19536000
43,85,19537000
43,85,19538000
43,85,19539000
43,85,19540000
43,85,19541000
43,85,19542000
43,85,19543000
43,85,19544000
43,85,19545000
43,85,19546000
43,85,19547000
43,85,19548000
43,85,19549000
43,85,19550000
43,85,19551000
43,85,19552000
43,85,19553000
43,85,19554000
43,85,19555000
43,85,19556000
43,85,19557000
43,85,19558000
43,85,19559000
43,85,19560000
43,85,19561000
43,85,19562000
43,85,19563000
43,85,19564000
43,85,19565000
43,85,19566000
43,85,19567000
43,85,19568000
43,85,19569000
43,85,19570000
43,85,19571000
43,85,19572000
43,85,19573000
43,85,19574000
43,85,19575000
43,85,19576000
43,85,19577000
43,85,19578000
43,85,19579000
43,85,19580000
43,85,19581000
43,85,19582000
43,85,19583000
43,85,19584000
43,85,19585000
43,85,19586000
43,85,19587000
43,85,19588000
43,85,19589000
43,85,19590000
43,85,19591000
43,85,19592000
43,85,19593000
43,85,19594000
43,85,19595000
43,85,19596000
43,85,19597000
43,85,19598000
43,85,19599000
43,85,19600000
43,85,19601000
43,85,19602000
43,85,19603000
43,85,19604000
43,85,19605000
43,85,19606000
43,85,19607000
43,85,19608000
43,85,19609000
43,85,19610000
43,85,19611000
43,85,19612000
43,85,19613000
43,85,19614000
43,85,19615000
43,85,19616000
43,85,19617000
43,85,19618000
43,85,19619000
43,85,19620000
43,85,19621000
43,85,19622000
43,85,19623000
43,85,19624000
43,85,19625000
43,85,19626000
43,85,19627000
43,85,19628000
43,85,19629000
43,85,19630000
43,85,19631000
43,85,19632000
43,85,19633000
43,85,19634000
43,85,19635000
43,85,19636000
43,85,19637000
43,85,19638000
43,85,19639000
43,85,19640000
43,85,19641000
43,85,19642000
43,85,19643000
43,85,19644000
43,85,19645000
43,85,19646000
43,85,19647000
43,85,19648000
43,85,19649000
43,85,19650000
43,85,19651000
43,85,19652000
43,85,19653000
43,85,19654000
43,85,19655000
43,85,19656000
43,85,19657000
43,85,19658000
43,85,19659000
43,85,19660000
43,85,19661000
43,85,19662000
43,85,19663000
43,85,19664000
43,85,19665000
43,85,19666000
43,85,19667000
43,85,19668000
43,85,19669000
43,85,19670000
43,85,19671000
43,85,19672000
43,85,19673000
43,85,19674000
43,85,19675000
43,85,19676000
43,85,19677000
43,85,19678000
43,85,19679000
43,85,19680000
43,85,19681000
43,85,19682000
43,85,19683000
43,85,19684000
43,85,19685000
43,85,19686000
43,85,19687000
43,85,19688000
43,85,19689000
43,85,19690000
43,85,19691000
43,85,19692000
43,85,19693000
43,85,19694000
43,85,19695000
43,85,19696000
43,85,19697000
43,85,19698000
43,85,19699000
43,85,19700000
43,85,19701000
43,85,19702000
43,85,19703000
43,85,19704000
43,85,19705000
43,85,19706000
43,85,19707000
43,85,19708000
43,85,19709000
43,85,19710000
43,85,19711000
43,85,19712000
43,85,19713000
43,85,19714000
43,85,19715000
43,85,19716000
43,85,19717000
43,85,19718000
43,85,19719000
43,85,19720000
43,85,19721000
43,85,19722000
43,85,19723000
43,85,19724000
43,85,19725000
43,85,19726000
43,85,19727000
43,85,19728000
43,85,19729000
43,85,19730000
43,85,19731000
43,85,19732000
43,85,19733000
43,85,19734000
43,85,19735000
43,85,19736000
43,85,19737000
43,85,19738000
43,85,19739000
43,85,19740000
43,85,19741000
43,85,19742000
43,85,19743000
43,85,19744000
43,85,19745000
43,85,19746000
43,85,19747000
43,85,19748000
43,85,19749000
43,85,19750000
43,85,19751000
43,85,19752000
43,85,19753000
43,85,19754000
43,85,19755000
43,85,19756000
43,85,19757000
43,85,19758000
43,85,19759000
43,85,19760000
43,85,19761000
43,85,19762000
43,85,19763000
43,85,19764000
43,85,19765000
43,85,19766000
43,85,19767000
43,85,19768000
43,85,19769000
43,85,19770000
43,85,19771000
43,85,19772000
43,85,19773000
43,85,19774000
43,85,19775000
43,85,19776000
43,85,19777000
43,85,19778000
43,85,19779000
43,85,19780000
43,85,19781000
43,85,19782000
43,85,19783000
43,85,19784000
43,85,19785000
43,85,19786000
43,85,19787000
43,85,19788000
43,85,19789000
43,85,19790000
43,85,19791000
43,85,19792000
43,85,19793000
43,85,19794000
43,85,19795000
43,85,19796000
43,85,19797000
43,85,19798000
43,85,19799000
43,85,19800000
43,85,19801000
43,85,19802000
43,85,19803000
43,85,19804000
43,85,19805000
43,85,19806000
43,85,19807000
43,85,19808000
43,85,19809000
43,85,19810000
43,85,19811000
43,85,19812000
43,85,19813000
43,85,19814000
43,85,19815000
43,85,19816000
43,85,19817000
43,85,19818000
43,85,19819000
43,85,19820000
43,85,19821000
43,85,19822000
43,85,19823000
43,85,19824000
43,85,19825000
43,85,19826000
43,85,19827000
43,85,19828000
43,85,19829000
43,85,19830000
43,85,19831000
43,85,19832000
43,85,19833000
43,85,19834000
43,85,19835000
43,85,19836000
43,85,19837000
43,85,19838000
43,85,19839000
43,85,19840000
43,85,19841000
43,85,19842000
43,85,19843000
43,85,19844000
43,85,19845000
43,85,19846000
43,85,19847000
43,85,19848000
43,85,19849000
43,85,19850000
43,85,19851000
43,85,19852000
43,85,19853000
43,85,19854000
43,85,19855000
43,85,19856000
43,85,19857000
43,85,19858000
43,85,19859000
43,85,19860000
43,85,19861000
43,85,19862000
43,85,19863000
43,85,19864000
43,85,19865000
43,85,19866000
43,85,19867000
43,85,19868000
43,85,19869000
43,85,19870000
43,85,19871000
43,85,19872000
43,85,19873000
43,85,19874000
43,85,19875000
43,85,19876000
43,85,19877000
43,85,19878000
43,85,19879000
43,85,19880000
43,85,19881000
43,85,19882000
43,85,19883000
43,85,19884000
43,85,19885000
43,85,19886000
43,85,19887000
43,85,19888000
43,85,19889000
43,85,19890000
43,85,19891000
43,85,19892000
43,85,19893000
43,85,19894000
43,85,19895000
43,85,19896000
43,85,19897000
43,85,19898000
43,85,19899000
43,85,19900000
43,85,19901000
43,85,19902000
43,85,19903000
43,85,19904000
43,85,19905000
43,85,19906000
43,85,19907000
43,85,19908000
43,85,19909000
43,85,19910000
43,85,19911000
43,85,19912000
43,85,19913000
43,85,19914000
43,85,19915000
43,85,19916000
43,85,19917000
43,85,19918000
43,85,19919000
43,85,19920000
43,85,19921000
43,85,19922000
43,85,19923000
43,85,19924000
43,85,19925000
43,85,19926000
43,85,19927000
43,85,19928000
43,85,19929000
43,85,19930000
43,85,19931000
43,85,19932000
43,85,19933000
43,85,19934000
43,85,19935000
43,85,19936000
43,85,19937000
43,85,19938000
43,85,19939000
43,85,19940000
43,85,19941000
43,85,19942000
43,85,19943000
43,85,19944000
43,85,19945000
43,85,19946000
43,85,19947000
43,85,19948000
43,85,19949000
43,85,19950000
43,85,19951000
43,85,19952000
43,85,19953000
43,85,19954000
43,85,19955000
43,85,19956000
43,85,19957000
43,85,19958000
43,85,19959000
43,85,19960000
43,85,19961000
43,85,19962000
43,85,19963000
43,85,19964000
43,85,19965000
43,85,19966000
43,85,19967000
43,85,19968000
43,85,19969000
43,85,19970000
43,85,19971000
43,85,19972000
43,85,19973000
43,85,19974000
43,85,19975000
43,85,19976000
43,85,19977000
43,85,19978000
43,85,19979000
43,85,19980000
43,85,19981000
43,85,19982000
43,85,19983000
43,85,19984000
43,85,19985000
43,85,19986000
43,85,19987000
43,85,19988000
43,85,19989000
43,85,19990000
43,85,19991000
43,85,19992000
43,85,19993000
43,85,19994000
43,85,19995000
43,85,19996000
43,85,19997000
43,85,19998000
43,85,19999000
