0,1,request_id
0,0,0
1,1,1000
1,1,2000
1,2,3000
1,2,4000
1,3,5000
1,3,6000
2,4,7000
2,4,8000
2,5,9000
2,5,10000
2,6,11000
2,6,12000
2,7,13000
2,7,14000
2,8,15000
3,8,16000
3,9,17000
3,9,18000
3,10,19000
3,10,20000
3,11,21000
3,11,22000
3,12,23000
3,12,24000
4,13,25000
4,13,26000
4,14,27000
4,14,28000
4,15,29000
4,15,30000
4,15,31000
4,16,32000
4,16,33000
5,17,34000
5,17,35000
5,18,36000
5,18,37000
5,19,38000
5,19,39000
5,20,40000
5,20,41000
5,21,42000
5,21,43000
5,22,44000
6,22,45000
6,23,46000
6,23,47000
6,24,48000
6,24,49000
6,24,50000
6,25,51000
6,25,52000
6,26,53000
6,26,54000
7,27,55000
7,27,56000
7,28,57000
7,28,58000
7,29,59000
7,29,60000
7,30,61000
7,30,62000
7,31,63000
7,31,64000
7,31,65000
7,32,66000
8,32,67000
8,33,68000
8,33,69000
8,34,70000
8,34,71000
8,35,72000
8,35,73000
8,36,74000
8,36,75000
8,37,76000
8,37,77000
9,37,78000
9,38,79000
9,38,80000
9,39,81000
9,39,82000
9,40,83000
9,40,84000
9,41,85000
9,41,86000
9,42,87000
9,42,88000
9,42,89000
10,43,90000
10,43,91000
10,44,92000
10,44,93000
10,45,94000
10,45,95000
10,46,96000
10,46,97000
10,47,98000
10,47,99000
10,47,100000
10,48,101000
11,48,102000
11,49,103000
11,49,104000
11,50,105000
11,50,106000
11,51,107000
11,51,108000
11,51,109000
11,52,110000
11,52,111000
11,53,112000
11,53,113000
12,54,114000
12,54,115000
12,55,116000
12,55,117000
12,55,118000
12,56,119000
12,56,120000
12,57,121000
12,57,122000
12,58,123000
12,58,124000
12,59,125000
12,59,126000
13,59,127000
13,60,128000
13,60,129000
13,61,130000
13,61,131000
13,62,132000
13,62,133000
13,63,134000
13,63,135000
13,63,136000
13,64,137000
13,64,138000
13,65,139000
14,65,140000
14,66,141000
14,66,142000
14,66,143000
14,67,144000
14,67,145000
14,68,146000
14,68,147000
14,69,148000
14,69,149000
14,69,150000
14,70,151000
14,70,152000
15,71,153000
15,71,154000
15,72,155000
15,72,156000
15,72,157000
15,73,158000
15,73,159000
15,74,160000
15,74,161000
15,75,162000
15,75,163000
15,76,164000
15,76,165000
15,76,166000
16,77,167000
16,77,168000
16,78,169000
16,78,170000
16,79,171000
16,79,172000
16,79,173000
16,80,174000
16,80,175000
16,81,176000
16,81,177000
16,82,178000
16,82,179000
16,82,180000
17,83,181000
17,83,182000
17,84,183000
17,84,184000
17,84,185000
17,85,186000
17,85,187000
17,86,188000
17,86,189000
17,87,190000
17,87,191000
17,87,192000
17,88,193000
17,88,194000
18,89,195000
18,89,196000
18,90,197000
18,90,198000
18,90,199000
18,91,200000
18,91,201000
18,92,202000
18,92,203000
18,92,204000
18,93,205000
18,93,206000
18,94,207000
18,94,208000
18,95,209000
19,95,210000
19,95,211000
19,96,212000
19,96,213000
19,97,214000
19,97,215000
19,97,216000
19,98,217000
19,98,218000
19,99,219000
19,99,220000
19,99,221000
19,100,222000
19,100,223000
19,101,224000
20,101,225000
20,102,226000
20,102,227000
20,102,228000
20,103,229000
20,103,230000
20,104,231000
20,104,232000
20,104,233000
20,105,234000
20,105,235000
20,106,236000
20,106,237000
20,106,238000
20,107,239000
21,107,240000
21,107,241000
21,107,242000
21,107,243000
21,107,244000
21,107,245000
21,107,246000
21,107,247000
21,107,248000
21,107,249000
21,107,250000
21,107,251000
21,107,252000
21,107,253000
21,107,254000
21,107,255000
21,107,256000
21,107,257000
21,107,258000
21,107,259000
21,107,260000
21,107,261000
21,107,262000
21,107,263000
21,107,264000
21,107,265000
21,107,266000
21,107,267000
21,107,268000
21,107,269000
21,107,270000
21,107,271000
21,107,272000
21,107,273000
21,107,274000
21,107,275000
21,107,276000
21,107,277000
21,107,278000
21,107,279000
21,107,280000
21,107,281000
21,107,282000
21,107,283000
21,107,284000
21,107,285000
21,107,286000
21,107,287000
21,107,288000
21,107,289000
21,107,290000
21,107,291000
21,107,292000
21,107,293000
21,107,294000
21,107,295000
21,107,296000
21,107,297000
21,107,298000
21,107,299000
21,107,300000
21,107,301000
21,107,302000
21,107,303000
21,107,304000
21,107,305000
21,107,306000
21,107,307000
21,107,308000
21,107,309000
21,107,310000
21,107,311000
21,107,312000
21,107,313000
21,107,314000
21,107,315000
21,107,316000
21,107,317000
21,107,318000
21,107,319000
21,107,320000
21,107,321000
21,107,322000
21,107,323000
21,107,324000
21,107,325000
21,107,326000
21,107,327000
21,107,328000
21,107,329000
21,107,330000
21,107,331000
21,107,332000
21,107,333000
21,107,334000
21,107,335000
21,107,336000
21,107,337000
21,107,338000
21,107,339000
21,107,340000
21,107,341000
21,107,342000
21,107,343000
21,107,344000
21,107,345000
21,107,346000
21,107,347000
21,107,348000
21,107,349000
21,107,350000
21,107,351000
21,107,352000
21,107,353000
21,107,354000
21,107,355000
21,107,356000
21,107,357000
21,107,358000
21,107,359000
21,107,360000
21,107,361000
21,107,362000
21,107,363000
21,107,364000
21,107,365000
21,107,366000
21,107,367000
21,107,368000
21,107,369000
21,107,370000
21,107,371000
21,107,372000
21,107,373000
21,107,374000
21,107,375000
21,107,376000
21,107,377000
21,107,378000
21,107,379000
21,107,380000
21,107,381000
21,107,382000
21,107,383000
21,107,384000
21,107,385000
21,107,386000
21,107,387000
21,107,388000
21,107,389000
21,107,390000
21,107,391000
21,107,392000
21,107,393000
21,107,394000
21,107,395000
21,107,396000
21,107,397000
21,107,398000
21,107,399000
21,107,400000
21,107,401000
21,107,402000
21,107,403000
21,107,404000
21,107,405000
21,107,406000
21,107,407000
21,107,408000
21,107,409000
21,107,410000
21,107,411000
21,107,412000
21,107,413000
21,107,414000
21,107,415000
21,107,416000
21,107,417000
21,107,418000
21,107,419000
21,107,420000
21,107,421000
21,107,422000
21,107,423000
21,107,424000
21,107,425000
21,107,426000
21,107,427000
21,107,428000
21,107,429000
21,107,430000
21,107,431000
21,107,432000
21,107,433000
21,107,434000
21,107,435000
21,107,436000
21,107,437000
21,107,438000
21,107,439000
21,107,440000
21,107,441000
21,107,442000
21,107,443000
21,107,444000
21,107,445000
21,107,446000
21,107,447000
21,107,448000
21,107,449000
21,107,450000
21,107,451000
21,107,452000
21,107,453000
21,107,454000
21,107,455000
21,107,456000
21,107,457000
21,107,458000
21,107,459000
21,107,460000
21,107,461000
21,107,462000
21,107,463000
21,107,464000
21,107,465000
21,107,466000
21,107,467000
21,107,468000
21,107,469000
21,107,470000
21,107,471000
21,107,472000
21,107,473000
21,107,474000
21,107,475000
21,107,476000
21,107,477000
21,107,478000
21,107,479000
21,107,480000
21,107,481000
21,107,482000
21,107,483000
21,107,484000
21,107,485000
21,107,486000
21,107,487000
21,107,488000
21,107,489000
21,107,490000
21,107,491000
21,107,492000
21,107,493000
21,107,494000
21,107,495000
21,107,496000
21,107,497000
21,107,498000
21,107,499000
21,107,500000
21,107,501000
21,107,502000
21,107,503000
21,107,504000
21,107,505000
21,107,506000
21,107,507000
21,107,508000
21,107,509000
21,107,510000
21,107,511000
21,107,512000
21,107,513000
21,107,514000
21,107,515000
21,107,516000
21,107,517000
21,107,518000
21,107,519000
21,107,520000
21,107,521000
21,107,522000
21,107,523000
21,107,524000
21,107,525000
21,107,526000
21,107,527000
21,107,528000
21,107,529000
21,107,530000
21,107,531000
21,107,532000
21,107,533000
21,107,534000
21,107,535000
21,107,536000
21,107,537000
21,107,538000
21,107,539000
21,107,540000
21,107,541000
21,107,542000
21,107,543000
21,107,544000
21,107,545000
21,107,546000
21,107,547000
21,107,548000
21,107,549000
21,107,550000
21,107,551000
21,107,552000
21,107,553000
21,107,554000
21,107,555000
21,107,556000
21,107,557000
21,107,558000
21,107,559000
21,107,560000
21,107,561000
21,107,562000
21,107,563000
21,107,564000
21,107,565000
21,107,566000
21,107,567000
21,107,568000
21,107,569000
21,107,570000
21,107,571000
21,107,572000
21,107,573000
21,107,574000
21,107,575000
21,107,576000
21,107,577000
21,107,578000
21,107,579000
21,107,580000
21,107,581000
21,107,582000
21,107,583000
21,107,584000
21,107,585000
21,107,586000
21,107,587000
21,107,588000
21,107,589000
21,107,590000
21,107,591000
21,107,592000
21,107,593000
21,107,594000
21,107,595000
21,107,596000
21,107,597000
21,107,598000
21,107,599000
21,107,600000
21,107,601000
21,107,602000
21,107,603000
21,107,604000
21,107,605000
21,107,606000
21,107,607000
21,107,608000
21,107,609000
21,107,610000
21,107,611000
21,107,612000
21,107,613000
21,107,614000
21,107,615000
21,107,616000
21,107,617000
21,107,618000
21,107,619000
21,107,620000
21,107,621000
21,107,622000
21,107,623000
21,107,624000
21,107,625000
21,107,626000
21,107,627000
21,107,628000
21,107,629000
21,107,630000
21,107,631000
21,107,632000
21,107,633000
21,107,634000
21,107,635000
21,107,636000
21,107,637000
21,107,638000
21,107,639000
21,107,640000
21,107,641000
21,107,642000
21,107,643000
21,107,644000
21,107,645000
21,107,646000
21,107,647000
21,107,648000
21,107,649000
21,107,650000
21,107,651000
21,107,652000
21,107,653000
21,107,654000
21,107,655000
21,107,656000
21,107,657000
21,107,658000
21,107,659000
21,107,660000
21,107,661000
21,107,662000
21,107,663000
21,107,664000
21,107,665000
21,107,666000
21,107,667000
21,107,668000
21,107,669000
21,107,670000
21,107,671000
21,107,672000
21,107,673000
21,107,674000
21,107,675000
21,107,676000
21,107,677000
21,107,678000
21,107,679000
21,107,680000
21,107,681000
21,107,682000
21,107,683000
21,107,684000
21,107,685000
21,107,686000
21,107,687000
21,107,688000
21,107,689000
21,107,690000
21,107,691000
21,107,692000
21,107,693000
21,107,694000
21,107,695000
21,107,696000
21,107,697000
21,107,698000
21,107,699000
21,107,700000
21,107,701000
21,107,702000
21,107,703000
21,107,704000
21,107,705000
21,107,706000
21,107,707000
21,107,708000
21,107,709000
21,107,710000
21,107,711000
21,107,712000
21,107,713000
21,107,714000
21,107,715000
21,107,716000
21,107,717000
21,107,718000
21,107,719000
21,107,720000
21,107,721000
21,107,722000
21,107,723000
21,107,724000
21,107,725000
21,107,726000
21,107,727000
21,107,728000
21,107,729000
21,107,730000
21,107,731000
21,107,732000
21,107,733000
21,107,734000
21,107,735000
21,107,736000
21,107,737000
21,107,738000
21,107,739000
21,107,740000
21,107,741000
21,107,742000
21,107,743000
21,107,744000
21,107,745000
21,107,746000
21,107,747000
21,107,748000
21,107,749000
21,107,750000
21,107,751000
21,107,752000
21,107,753000
21,107,754000
21,107,755000
21,107,756000
21,107,757000
21,107,758000
21,107,759000
21,107,760000
21,107,761000
21,107,762000
21,107,763000
21,107,764000
21,107,765000
21,107,766000
21,107,767000
21,107,768000
21,107,769000
21,107,770000
21,107,771000
21,107,772000
21,107,773000
21,107,774000
21,107,775000
21,107,776000
21,107,777000
21,107,778000
21,107,779000
21,107,780000
21,107,781000
21,107,782000
21,107,783000
21,107,784000
21,107,785000
21,107,786000
21,107,787000
21,107,788000
21,107,789000
21,107,790000
21,107,791000
21,107,792000
21,107,793000
21,107,794000
21,107,795000
21,107,796000
21,107,797000
21,107,798000
21,107,799000
21,107,800000
21,107,801000
21,107,802000
21,107,803000
21,107,804000
21,107,805000
21,107,806000
21,107,807000
21,107,808000
21,107,809000
21,107,810000
21,107,811000
21,107,812000
21,107,813000
21,107,814000
21,107,815000
21,107,816000
21,107,817000
21,107,818000
21,107,819000
21,107,820000
21,107,821000
21,107,822000
21,107,823000
21,107,824000
21,107,825000
21,107,826000
21,107,827000
21,107,828000
21,107,829000
21,107,830000
21,107,831000
21,107,832000
21,107,833000
21,107,834000
21,107,835000
21,107,836000
21,107,837000
21,107,838000
21,107,839000
21,107,840000
21,107,841000
21,107,842000
21,107,843000
21,107,844000
21,107,845000
21,107,846000
21,107,847000
21,107,848000
21,107,849000
21,107,850000
21,107,851000
21,107,852000
21,107,853000
21,107,854000
21,107,855000
21,107,856000
21,107,857000
21,107,858000
21,107,859000
21,107,860000
21,107,861000
21,107,862000
21,107,863000
21,107,864000
21,107,865000
21,107,866000
21,107,867000
21,107,868000
21,107,869000
21,107,870000
21,107,871000
21,107,872000
21,107,873000
21,107,874000
21,107,875000
21,107,876000
21,107,877000
21,107,878000
21,107,879000
21,107,880000
21,107,881000
21,107,882000
21,107,883000
21,107,884000
21,107,885000
21,107,886000
21,107,887000
21,107,888000
21,107,889000
21,107,890000
21,107,891000
21,107,892000
21,107,893000
21,107,894000
21,107,895000
21,107,896000
21,107,897000
21,107,898000
21,107,899000
21,107,900000
21,107,901000
21,107,902000
21,107,903000
21,107,904000
21,107,905000
21,107,906000
21,107,907000
21,107,908000
21,107,909000
21,107,910000
21,107,911000
21,107,912000
21,107,913000
21,107,914000
21,107,915000
21,107,916000
21,107,917000
21,107,918000
21,107,919000
21,107,920000
21,107,921000
21,107,922000
21,107,923000
21,107,924000
21,107,925000
21,107,926000
21,107,927000
21,107,928000
21,107,929000
21,107,930000
21,107,931000
21,107,932000
21,107,933000
21,107,934000
21,107,935000
21,107,936000
21,107,937000
21,107,938000
21,107,939000
21,107,940000
21,107,941000
21,107,942000
21,107,943000
21,107,944000
21,107,945000
21,107,946000
21,107,947000
21,107,948000
21,107,949000
21,107,950000
21,107,951000
21,107,952000
21,107,953000
21,107,954000
21,107,955000
21,107,956000
21,107,957000
21,107,958000
21,107,959000
21,107,960000
21,107,961000
21,107,962000
21,107,963000
21,107,964000
21,107,965000
21,107,966000
21,107,967000
21,107,968000
21,107,969000
21,107,970000
21,107,971000
21,107,972000
21,107,973000
21,107,974000
21,107,975000
21,107,976000
21,107,977000
21,107,978000
21,107,979000
21,107,980000
21,107,981000
21,107,982000
21,107,983000
21,107,984000
21,107,985000
21,107,986000
21,107,987000
21,107,988000
21,107,989000
21,107,990000
21,107,991000
21,107,992000
21,107,993000
21,107,994000
21,107,995000
21,107,996000
21,107,997000
21,107,998000
21,107,999000
21,107,1000000
21,107,1001000
21,107,1002000
21,107,1003000
21,107,1004000
21,107,1005000
21,107,1006000
21,107,1007000
21,107,1008000
21,107,1009000
21,107,1010000
21,107,1011000
21,107,1012000
21,107,1013000
21,107,1014000
21,107,1015000
21,107,1016000
21,107,1017000
21,107,1018000
21,107,1019000
21,107,1020000
21,107,1021000
21,107,1022000
21,107,1023000
21,107,1024000
21,107,1025000
21,107,1026000
21,107,1027000
21,107,1028000
21,107,1029000
21,107,1030000
21,107,1031000
21,107,1032000
21,107,1033000
21,107,1034000
21,107,1035000
21,107,1036000
21,107,1037000
21,107,1038000
21,107,1039000
21,107,1040000
21,107,1041000
21,107,1042000
21,107,1043000
21,107,1044000
21,107,1045000
21,107,1046000
21,107,1047000
21,107,1048000
21,107,1049000
21,107,1050000
21,107,1051000
21,107,1052000
21,107,1053000
21,107,1054000
21,107,1055000
21,107,1056000
21,107,1057000
21,107,1058000
21,107,1059000
21,107,1060000
21,107,1061000
21,107,1062000
21,107,1063000
21,107,1064000
21,107,1065000
21,107,1066000
21,107,1067000
21,107,1068000
21,107,1069000
21,107,1070000
21,107,1071000
21,107,1072000
21,107,1073000
21,107,1074000
21,107,1075000
21,107,1076000
21,107,1077000
21,107,1078000
21,107,1079000
21,107,1080000
21,107,1081000
21,107,1082000
21,107,1083000
21,107,1084000
21,107,1085000
21,107,1086000
21,107,1087000
21,107,1088000
21,107,1089000
21,107,1090000
21,107,1091000
21,107,1092000
21,107,1093000
21,107,1094000
21,107,1095000
21,107,1096000
21,107,1097000
21,107,1098000
21,107,1099000
21,107,1100000
21,107,1101000
21,107,1102000
21,107,1103000
21,107,1104000
21,107,1105000
21,107,1106000
21,107,1107000
21,107,1108000
21,107,1109000
21,107,1110000
21,107,1111000
21,107,1112000
21,107,1113000
21,107,1114000
21,107,1115000
21,107,1116000
21,107,1117000
21,107,1118000
21,107,1119000
21,107,1120000
21,107,1121000
21,107,1122000
21,107,1123000
21,107,1124000
21,107,1125000
21,107,1126000
21,107,1127000
21,107,1128000
21,107,1129000
21,107,1130000
21,107,1131000
21,107,1132000
21,107,1133000
21,107,1134000
21,107,1135000
21,107,1136000
21,107,1137000
21,107,1138000
21,107,1139000
21,107,1140000
21,107,1141000
21,107,1142000
21,107,1143000
21,107,1144000
21,107,1145000
21,107,1146000
21,107,1147000
21,107,1148000
21,107,1149000
21,107,1150000
21,107,1151000
21,107,1152000
21,107,1153000
21,107,1154000
21,107,1155000
21,107,1156000
21,107,1157000
21,107,1158000
21,107,1159000
21,107,1160000
21,107,1161000
21,107,1162000
21,107,1163000
21,107,1164000
21,107,1165000
21,107,1166000
21,107,1167000
21,107,1168000
21,107,1169000
21,107,1170000
21,107,1171000
21,107,1172000
21,107,1173000
21,107,1174000
21,107,1175000
21,107,1176000
21,107,1177000
21,107,1178000
21,107,1179000
21,107,1180000
21,107,1181000
21,107,1182000
21,107,1183000
21,107,1184000
21,107,1185000
21,107,1186000
21,107,1187000
21,107,1188000
21,107,1189000
21,107,1190000
21,107,1191000
21,107,1192000
21,107,1193000
21,107,1194000
21,107,1195000
21,107,1196000
21,107,1197000
21,107,1198000
21,107,1199000
21,107,1200000
21,107,1201000
21,107,1202000
21,107,1203000
21,107,1204000
21,107,1205000
21,107,1206000
21,107,1207000
21,107,1208000
21,107,1209000
21,107,1210000
21,107,1211000
21,107,1212000
21,107,1213000
21,107,1214000
21,107,1215000
21,107,1216000
21,107,1217000
21,107,1218000
21,107,1219000
21,107,1220000
21,107,1221000
21,107,1222000
21,107,1223000
21,107,1224000
21,107,1225000
21,107,1226000
21,107,1227000
21,107,1228000
21,107,1229000
21,107,1230000
21,107,1231000
21,107,1232000
21,107,1233000
21,107,1234000
21,107,1235000
21,107,1236000
21,107,1237000
21,107,1238000
21,107,1239000
21,107,1240000
21,107,1241000
21,107,1242000
21,107,1243000
21,107,1244000
21,107,1245000
21,107,1246000
21,107,1247000
21,107,1248000
21,107,1249000
21,107,1250000
21,107,1251000
21,107,1252000
21,107,1253000
21,107,1254000
21,107,1255000
21,107,1256000
21,107,1257000
21,107,1258000
21,107,1259000
21,107,1260000
21,107,1261000
21,107,1262000
21,107,1263000
21,107,1264000
21,107,1265000
21,107,1266000
21,107,1267000
21,107,1268000
21,107,1269000
21,107,1270000
21,107,1271000
21,107,1272000
21,107,1273000
21,107,1274000
21,107,1275000
21,107,1276000
21,107,1277000
21,107,1278000
21,107,1279000
21,107,1280000
21,107,1281000
21,107,1282000
21,107,1283000
21,107,1284000
21,107,1285000
21,107,1286000
21,107,1287000
21,107,1288000
21,107,1289000
21,107,1290000
21,107,1291000
21,107,1292000
21,107,1293000
21,107,1294000
21,107,1295000
21,107,1296000
21,107,1297000
21,107,1298000
21,107,1299000
21,107,1300000
21,107,1301000
21,107,1302000
21,107,1303000
21,107,1304000
21,107,1305000
21,107,1306000
21,107,1307000
21,107,1308000
21,107,1309000
21,107,1310000
21,107,1311000
21,107,1312000
21,107,1313000
21,107,1314000
21,107,1315000
21,107,1316000
21,107,1317000
21,107,1318000
21,107,1319000
21,107,1320000
21,107,1321000
21,107,1322000
21,107,1323000
21,107,1324000
21,107,1325000
21,107,1326000
21,107,1327000
21,107,1328000
21,107,1329000
21,107,1330000
21,107,1331000
21,107,1332000
21,107,1333000
21,107,1334000
21,107,1335000
21,107,1336000
21,107,1337000
21,107,1338000
21,107,1339000
21,107,1340000
21,107,1341000
21,107,1342000
21,107,1343000
21,107,1344000
21,107,1345000
21,107,1346000
21,107,1347000
21,107,1348000
21,107,1349000
21,107,1350000
21,107,1351000
21,107,1352000
21,107,1353000
21,107,1354000
21,107,1355000
21,107,1356000
21,107,1357000
21,107,1358000
21,107,1359000
21,107,1360000
21,107,1361000
21,107,1362000
21,107,1363000
21,107,1364000
21,107,1365000
21,107,1366000
21,107,1367000
21,107,1368000
21,107,1369000
21,107,1370000
21,107,1371000
21,107,1372000
21,107,1373000
21,107,1374000
21,107,1375000
21,107,1376000
21,107,1377000
21,107,1378000
21,107,1379000
21,107,1380000
21,107,1381000
21,107,1382000
21,107,1383000
21,107,1384000
21,107,1385000
21,107,1386000
21,107,1387000
21,107,1388000
21,107,1389000
21,107,1390000
21,107,1391000
21,107,1392000
21,107,1393000
21,107,1394000
21,107,1395000
21,107,1396000
21,107,1397000
21,107,1398000
21,107,1399000
21,107,1400000
21,107,1401000
21,107,1402000
21,107,1403000
21,107,1404000
21,107,1405000
21,107,1406000
21,107,1407000
21,107,1408000
21,107,1409000
21,107,1410000
21,107,1411000
21,107,1412000
21,107,1413000
21,107,1414000
21,107,1415000
21,107,1416000
21,107,1417000
21,107,1418000
21,107,1419000
21,107,1420000
21,107,1421000
21,107,1422000
21,107,1423000
21,107,1424000
21,107,1425000
21,107,1426000
21,107,1427000
21,107,1428000
21,107,1429000
21,107,1430000
21,107,1431000
21,107,1432000
21,107,1433000
21,107,1434000
21,107,1435000
21,107,1436000
21,107,1437000
21,107,1438000
21,107,1439000
21,107,1440000
21,107,1441000
21,107,1442000
21,107,1443000
21,107,1444000
21,107,1445000
21,107,1446000
21,107,1447000
21,107,1448000
21,107,1449000
21,107,1450000
21,107,1451000
21,107,1452000
21,107,1453000
21,107,1454000
21,107,1455000
21,107,1456000
21,107,1457000
21,107,1458000
21,107,1459000
21,107,1460000
21,107,1461000
21,107,1462000
21,107,1463000
21,107,1464000
21,107,1465000
21,107,1466000
21,107,1467000
21,107,1468000
21,107,1469000
21,107,1470000
21,107,1471000
21,107,1472000
21,107,1473000
21,107,1474000
21,107,1475000
21,107,1476000
21,107,1477000
21,107,1478000
21,107,1479000
21,107,1480000
21,107,1481000
21,107,1482000
21,107,1483000
21,107,1484000
21,107,1485000
21,107,1486000
21,107,1487000
21,107,1488000
21,107,1489000
21,107,1490000
21,107,1491000
21,107,1492000
21,107,1493000
21,107,1494000
21,107,1495000
21,107,1496000
21,107,1497000
21,107,1498000
21,107,1499000
21,107,1500000
21,107,1501000
21,107,1502000
21,107,1503000
21,107,1504000
21,107,1505000
21,107,1506000
21,107,1507000
21,107,1508000
21,107,1509000
21,107,1510000
21,107,1511000
21,107,1512000
21,107,1513000
21,107,1514000
21,107,1515000
21,107,1516000
21,107,1517000
21,107,1518000
21,107,1519000
21,107,1520000
21,107,1521000
21,107,1522000
21,107,1523000
21,107,1524000
21,107,1525000
21,107,1526000
21,107,1527000
21,107,1528000
21,107,1529000
21,107,1530000
21,107,1531000
21,107,1532000
21,107,1533000
21,107,1534000
21,107,1535000
21,107,1536000
21,107,1537000
21,107,1538000
21,107,1539000
21,107,1540000
21,107,1541000
21,107,1542000
21,107,1543000
21,107,1544000
21,107,1545000
21,107,1546000
21,107,1547000
21,107,1548000
21,107,1549000
21,107,1550000
21,107,1551000
21,107,1552000
21,107,1553000
21,107,1554000
21,107,1555000
21,107,1556000
21,107,1557000
21,107,1558000
21,107,1559000
21,107,1560000
21,107,1561000
21,107,1562000
21,107,1563000
21,107,1564000
21,107,1565000
21,107,1566000
21,107,1567000
21,107,1568000
21,107,1569000
21,107,1570000
21,107,1571000
21,107,1572000
21,107,1573000
21,107,1574000
21,107,1575000
21,107,1576000
21,107,1577000
21,107,1578000
21,107,1579000
21,107,1580000
21,107,1581000
21,107,1582000
21,107,1583000
21,107,1584000
21,107,1585000
21,107,1586000
21,107,1587000
21,107,1588000
21,107,1589000
21,107,1590000
21,107,1591000
21,107,1592000
21,107,1593000
21,107,1594000
21,107,1595000
21,107,1596000
21,107,1597000
21,107,1598000
21,107,1599000
21,107,1600000
21,107,1601000
21,107,1602000
21,107,1603000
21,107,1604000
21,107,1605000
21,107,1606000
21,107,1607000
21,107,1608000
21,107,1609000
21,107,1610000
21,107,1611000
21,107,1612000
21,107,1613000
21,107,1614000
21,107,1615000
21,107,1616000
21,107,1617000
21,107,1618000
21,107,1619000
21,107,1620000
21,107,1621000
21,107,1622000
21,107,1623000
21,107,1624000
21,107,1625000
21,107,1626000
21,107,1627000
21,107,1628000
21,107,1629000
21,107,1630000
21,107,1631000
21,107,1632000
21,107,1633000
21,107,1634000
21,107,1635000
21,107,1636000
21,107,1637000
21,107,1638000
21,107,1639000
21,107,1640000
21,107,1641000
21,107,1642000
21,107,1643000
21,107,1644000
21,107,1645000
21,107,1646000
21,107,1647000
21,107,1648000
21,107,1649000
21,107,1650000
21,107,1651000
21,107,1652000
21,107,1653000
21,107,1654000
21,107,1655000
21,107,1656000
21,107,1657000
21,107,1658000
21,107,1659000
21,107,1660000
21,107,1661000
21,107,1662000
21,107,1663000
21,107,1664000
21,107,1665000
21,107,1666000
21,107,1667000
21,107,1668000
21,107,1669000
21,107,1670000
21,107,1671000
21,107,1672000
21,107,1673000
21,107,1674000
21,107,1675000
21,107,1676000
21,107,1677000
21,107,1678000
21,107,1679000
21,107,1680000
21,107,1681000
21,107,1682000
21,107,1683000
21,107,1684000
21,107,1685000
21,107,1686000
21,107,1687000
21,107,1688000
21,107,1689000
21,107,1690000
21,107,1691000
21,107,1692000
21,107,1693000
21,107,1694000
21,107,1695000
21,107,1696000
21,107,1697000
21,107,1698000
21,107,1699000
21,107,1700000
21,107,1701000
21,107,1702000
21,107,1703000
21,107,1704000
21,107,1705000
21,107,1706000
21,107,1707000
21,107,1708000
21,107,1709000
21,107,1710000
21,107,1711000
21,107,1712000
21,107,1713000
21,107,1714000
21,107,1715000
21,107,1716000
21,107,1717000
21,107,1718000
21,107,1719000
21,107,1720000
21,107,1721000
21,107,1722000
21,107,1723000
21,107,1724000
21,107,1725000
21,107,1726000
21,107,1727000
21,107,1728000
21,107,1729000
21,107,1730000
21,107,1731000
21,107,1732000
21,107,1733000
21,107,1734000
21,107,1735000
21,107,1736000
21,107,1737000
21,107,1738000
21,107,1739000
21,107,1740000
21,107,1741000
21,107,1742000
21,107,1743000
21,107,1744000
21,107,1745000
21,107,1746000
21,107,1747000
21,107,1748000
21,107,1749000
21,107,1750000
21,107,1751000
21,107,1752000
21,107,1753000
21,107,1754000
21,107,1755000
21,107,1756000
21,107,1757000
21,107,1758000
21,107,1759000
21,107,1760000
21,107,1761000
21,107,1762000
21,107,1763000
21,107,1764000
21,107,1765000
21,107,1766000
21,107,1767000
21,107,1768000
21,107,1769000
21,107,1770000
21,107,1771000
21,107,1772000
21,107,1773000
21,107,1774000
21,107,1775000
21,107,1776000
21,107,1777000
21,107,1778000
21,107,1779000
21,107,1780000
21,107,1781000
21,107,1782000
21,107,1783000
21,107,1784000
21,107,1785000
21,107,1786000
21,107,1787000
21,107,1788000
21,107,1789000
21,107,1790000
21,107,1791000
21,107,1792000
21,107,1793000
21,107,1794000
21,107,1795000
21,107,1796000
21,107,1797000
21,107,1798000
21,107,1799000
21,107,1800000
21,107,1801000
21,107,1802000
21,107,1803000
21,107,1804000
21,107,1805000
21,107,1806000
21,107,1807000
21,107,1808000
21,107,1809000
21,107,1810000
21,107,1811000
21,107,1812000
21,107,1813000
21,107,1814000
21,107,1815000
21,107,1816000
21,107,1817000
21,107,1818000
21,107,1819000
21,107,1820000
21,107,1821000
21,107,1822000
21,107,1823000
21,107,1824000
21,107,1825000
21,107,1826000
21,107,1827000
21,107,1828000
21,107,1829000
21,107,1830000
21,107,1831000
21,107,1832000
21,107,1833000
21,107,1834000
21,107,1835000
21,107,1836000
21,107,1837000
21,107,1838000
21,107,1839000
21,107,1840000
21,107,1841000
21,107,1842000
21,107,1843000
21,107,1844000
21,107,1845000
21,107,1846000
21,107,1847000
21,107,1848000
21,107,1849000
21,107,1850000
21,107,1851000
21,107,1852000
21,107,1853000
21,107,1854000
21,107,1855000
21,107,1856000
21,107,1857000
21,107,1858000
21,107,1859000
21,107,1860000
21,107,1861000
21,107,1862000
21,107,1863000
21,107,1864000
21,107,1865000
21,107,1866000
21,107,1867000
21,107,1868000
21,107,1869000
21,107,1870000
21,107,1871000
21,107,1872000
21,107,1873000
21,107,1874000
21,107,1875000
21,107,1876000
21,107,1877000
21,107,1878000
21,107,1879000
21,107,1880000
21,107,1881000
21,107,1882000
21,107,1883000
21,107,1884000
21,107,1885000
21,107,1886000
21,107,1887000
21,107,1888000
21,107,1889000
21,107,1890000
21,107,1891000
21,107,1892000
21,107,1893000
21,107,1894000
21,107,1895000
21,107,1896000
21,107,1897000
21,107,1898000
21,107,1899000
21,107,1900000
21,107,1901000
21,107,1902000
21,107,1903000
21,107,1904000
21,107,1905000
21,107,1906000
21,107,1907000
21,107,1908000
21,107,1909000
21,107,1910000
21,107,1911000
21,107,1912000
21,107,1913000
21,107,1914000
21,107,1915000
21,107,1916000
21,107,1917000
21,107,1918000
21,107,1919000
21,107,1920000
21,107,1921000
21,107,1922000
21,107,1923000
21,107,1924000
21,107,1925000
21,107,1926000
21,107,1927000
21,107,1928000
21,107,1929000
21,107,1930000
21,107,1931000
21,107,1932000
21,107,1933000
21,107,1934000
21,107,1935000
21,107,1936000
21,107,1937000
21,107,1938000
21,107,1939000
21,107,1940000
21,107,1941000
21,107,1942000
21,107,1943000
21,107,1944000
21,107,1945000
21,107,1946000
21,107,1947000
21,107,1948000
21,107,1949000
21,107,1950000
21,107,1951000
21,107,1952000
21,107,1953000
21,107,1954000
21,107,1955000
21,107,1956000
21,107,1957000
21,107,1958000
21,107,1959000
21,107,1960000
21,107,1961000
21,107,1962000
21,107,1963000
21,107,1964000
21,107,1965000
21,107,1966000
21,107,1967000
21,107,1968000
21,107,1969000
21,107,1970000
21,107,1971000
21,107,1972000
21,107,1973000
21,107,1974000
21,107,1975000
21,107,1976000
21,107,1977000
21,107,1978000
21,107,1979000
21,107,1980000
21,107,1981000
21,107,1982000
21,107,1983000
21,107,1984000
21,107,1985000
21,107,1986000
21,107,1987000
21,107,1988000
21,107,1989000
21,107,1990000
21,107,1991000
21,107,1992000
21,107,1993000
21,107,1994000
21,107,1995000
21,107,1996000
21,107,1997000
21,107,1998000
21,107,1999000
21,107,2000000
21,107,2001000
21,107,2002000
21,107,2003000
21,107,2004000
21,107,2005000
21,107,2006000
21,107,2007000
21,107,2008000
21,107,2009000
21,107,2010000
21,107,2011000
21,107,2012000
21,107,2013000
21,107,2014000
21,107,2015000
21,107,2016000
21,107,2017000
21,107,2018000
21,107,2019000
21,107,2020000
21,107,2021000
21,107,2022000
21,107,2023000
21,107,2024000
21,107,2025000
21,107,2026000
21,107,2027000
21,107,2028000
21,107,2029000
21,107,2030000
21,107,2031000
21,107,2032000
21,107,2033000
21,107,2034000
21,107,2035000
21,107,2036000
21,107,2037000
21,107,2038000
21,107,2039000
21,107,2040000
21,107,2041000
21,107,2042000
21,107,2043000
21,107,2044000
21,107,2045000
21,107,2046000
21,107,2047000
21,107,2048000
21,107,2049000
21,107,2050000
21,107,2051000
21,107,2052000
21,107,2053000
21,107,2054000
21,107,2055000
21,107,2056000
21,107,2057000
21,107,2058000
21,107,2059000
21,107,2060000
21,107,2061000
21,107,2062000
21,107,2063000
21,107,2064000
21,107,2065000
21,107,2066000
21,107,2067000
21,107,2068000
21,107,2069000
21,107,2070000
21,107,2071000
21,107,2072000
21,107,2073000
21,107,2074000
21,107,2075000
21,107,2076000
21,107,2077000
21,107,2078000
21,107,2079000
21,107,2080000
21,107,2081000
21,107,2082000
21,107,2083000
21,107,2084000
21,107,2085000
21,107,2086000
21,107,2087000
21,107,2088000
21,107,2089000
21,107,2090000
21,107,2091000
21,107,2092000
21,107,2093000
21,107,2094000
21,107,2095000
21,107,2096000
21,107,2097000
21,107,2098000
21,107,2099000
21,107,2100000
21,107,2101000
21,107,2102000
21,107,2103000
21,107,2104000
21,107,2105000
21,107,2106000
21,107,2107000
21,107,2108000
21,107,2109000
21,107,2110000
21,107,2111000
21,107,2112000
21,107,2113000
21,107,2114000
21,107,2115000
21,107,2116000
21,107,2117000
21,107,2118000
21,107,2119000
21,107,2120000
21,107,2121000
21,107,2122000
21,107,2123000
21,107,2124000
21,107,2125000
21,107,2126000
21,107,2127000
21,107,2128000
21,107,2129000
21,107,2130000
21,107,2131000
21,107,2132000
21,107,2133000
21,107,2134000
21,107,2135000
21,107,2136000
21,107,2137000
21,107,2138000
21,107,2139000
21,107,2140000
21,107,2141000
21,107,2142000
21,107,2143000
21,107,2144000
21,107,2145000
21,107,2146000
21,107,2147000
21,107,2148000
21,107,2149000
21,107,2150000
21,107,2151000
21,107,2152000
21,107,2153000
21,107,2154000
21,107,2155000
21,107,2156000
21,107,2157000
21,107,2158000
21,107,2159000
21,107,2160000
21,107,2161000
21,107,2162000
21,107,2163000
21,107,2164000
21,107,2165000
21,107,2166000
21,107,2167000
21,107,2168000
21,107,2169000
21,107,2170000
21,107,2171000
21,107,2172000
21,107,2173000
21,107,2174000
21,107,2175000
21,107,2176000
21,107,2177000
21,107,2178000
21,107,2179000
21,107,2180000
21,107,2181000
21,107,2182000
21,107,2183000
21,107,2184000
21,107,2185000
21,107,2186000
21,107,2187000
21,107,2188000
21,107,2189000
21,107,2190000
21,107,2191000
21,107,2192000
21,107,2193000
21,107,2194000
21,107,2195000
21,107,2196000
21,107,2197000
21,107,2198000
21,107,2199000
21,107,2200000
21,107,2201000
21,107,2202000
21,107,2203000
21,107,2204000
21,107,2205000
21,107,2206000
21,107,2207000
21,107,2208000
21,107,2209000
21,107,2210000
21,107,2211000
21,107,2212000
21,107,2213000
21,107,2214000
21,107,2215000
21,107,2216000
21,107,2217000
21,107,2218000
21,107,2219000
21,107,2220000
21,107,2221000
21,107,2222000
21,107,2223000
21,107,2224000
21,107,2225000
21,107,2226000
21,107,2227000
21,107,2228000
21,107,2229000
21,107,2230000
21,107,2231000
21,107,2232000
21,107,2233000
21,107,2234000
21,107,2235000
21,107,2236000
21,107,2237000
21,107,2238000
21,107,2239000
21,107,2240000
21,107,2241000
21,107,2242000
21,107,2243000
21,107,2244000
21,107,2245000
21,107,2246000
21,107,2247000
21,107,2248000
21,107,2249000
21,107,2250000
21,107,2251000
21,107,2252000
21,107,2253000
21,107,2254000
21,107,2255000
21,107,2256000
21,107,2257000
21,107,2258000
21,107,2259000
21,107,2260000
21,107,2261000
21,107,2262000
21,107,2263000
21,107,2264000
21,107,2265000
21,107,2266000
21,107,2267000
21,107,2268000
21,107,2269000
21,107,2270000
21,107,2271000
21,107,2272000
21,107,2273000
21,107,2274000
21,107,2275000
21,107,2276000
21,107,2277000
21,107,2278000
21,107,2279000
21,107,2280000
21,107,2281000
21,107,2282000
21,107,2283000
21,107,2284000
21,107,2285000
21,107,2286000
21,107,2287000
21,107,2288000
21,107,2289000
21,107,2290000
21,107,2291000
21,107,2292000
21,107,2293000
21,107,2294000
21,107,2295000
21,107,2296000
21,107,2297000
21,107,2298000
21,107,2299000
21,107,2300000
21,107,2301000
21,107,2302000
21,107,2303000
21,107,2304000
21,107,2305000
21,107,2306000
21,107,2307000
21,107,2308000
21,107,2309000
21,107,2310000
21,107,2311000
21,107,2312000
21,107,2313000
21,107,2314000
21,107,2315000
21,107,2316000
21,107,2317000
21,107,2318000
21,107,2319000
21,107,2320000
21,107,2321000
21,107,2322000
21,107,2323000
21,107,2324000
21,107,2325000
21,107,2326000
21,107,2327000
21,107,2328000
21,107,2329000
21,107,2330000
21,107,2331000
21,107,2332000
21,107,2333000
21,107,2334000
21,107,2335000
21,107,2336000
21,107,2337000
21,107,2338000
21,107,2339000
21,107,2340000
21,107,2341000
21,107,2342000
21,107,2343000
21,107,2344000
21,107,2345000
21,107,2346000
21,107,2347000
21,107,2348000
21,107,2349000
21,107,2350000
21,107,2351000
21,107,2352000
21,107,2353000
21,107,2354000
21,107,2355000
21,107,2356000
21,107,2357000
21,107,2358000
21,107,2359000
21,107,2360000
21,107,2361000
21,107,2362000
21,107,2363000
21,107,2364000
21,107,2365000
21,107,2366000
21,107,2367000
21,107,2368000
21,107,2369000
21,107,2370000
21,107,2371000
21,107,2372000
21,107,2373000
21,107,2374000
21,107,2375000
21,107,2376000
21,107,2377000
21,107,2378000
21,107,2379000
21,107,2380000
21,107,2381000
21,107,2382000
21,107,2383000
21,107,2384000
21,107,2385000
21,107,2386000
21,107,2387000
21,107,2388000
21,107,2389000
21,107,2390000
21,107,2391000
21,107,2392000
21,107,2393000
21,107,2394000
21,107,2395000
21,107,2396000
21,107,2397000
21,107,2398000
21,107,2399000
21,107,2400000
21,107,2401000
21,107,2402000
21,107,2403000
21,107,2404000
21,107,2405000
21,107,2406000
21,107,2407000
21,107,2408000
21,107,2409000
21,107,2410000
21,107,2411000
21,107,2412000
21,107,2413000
21,107,2414000
21,107,2415000
21,107,2416000
21,107,2417000
21,107,2418000
21,107,2419000
21,107,2420000
21,107,2421000
21,107,2422000
21,107,2423000
21,107,2424000
21,107,2425000
21,107,2426000
21,107,2427000
21,107,2428000
21,107,2429000
21,107,2430000
21,107,2431000
21,107,2432000
21,107,2433000
21,107,2434000
21,107,2435000
21,107,2436000
21,107,2437000
21,107,2438000
21,107,2439000
21,107,2440000
21,107,2441000
21,107,2442000
21,107,2443000
21,107,2444000
21,107,2445000
21,107,2446000
21,107,2447000
21,107,2448000
21,107,2449000
21,107,2450000
21,107,2451000
21,107,2452000
21,107,2453000
21,107,2454000
21,107,2455000
21,107,2456000
21,107,2457000
21,107,2458000
21,107,2459000
21,107,2460000
21,107,2461000
21,107,2462000
21,107,2463000
21,107,2464000
21,107,2465000
21,107,2466000
21,107,2467000
21,107,2468000
21,107,2469000
21,107,2470000
21,107,2471000
21,107,2472000
21,107,2473000
21,107,2474000
21,107,2475000
21,107,2476000
21,107,2477000
21,107,2478000
21,107,2479000
21,107,2480000
21,107,2481000
21,107,2482000
21,107,2483000
21,107,2484000
21,107,2485000
21,107,2486000
21,107,2487000
21,107,2488000
21,107,2489000
21,107,2490000
21,107,2491000
21,107,2492000
21,107,2493000
21,107,2494000
21,107,2495000
21,107,2496000
21,107,2497000
21,107,2498000
21,107,2499000
21,107,2500000
21,107,2501000
21,107,2502000
21,107,2503000
21,107,2504000
21,107,2505000
21,107,2506000
21,107,2507000
21,107,2508000
21,107,2509000
21,107,2510000
21,107,2511000
21,107,2512000
21,107,2513000
21,107,2514000
21,107,2515000
21,107,2516000
21,107,2517000
21,107,2518000
21,107,2519000
21,107,2520000
21,107,2521000
21,107,2522000
21,107,2523000
21,107,2524000
21,107,2525000
21,107,2526000
21,107,2527000
21,107,2528000
21,107,2529000
21,107,2530000
21,107,2531000
21,107,2532000
21,107,2533000
21,107,2534000
21,107,2535000
21,107,2536000
21,107,2537000
21,107,2538000
21,107,2539000
21,107,2540000
21,107,2541000
21,107,2542000
21,107,2543000
21,107,2544000
21,107,2545000
21,107,2546000
21,107,2547000
21,107,2548000
21,107,2549000
21,107,2550000
21,107,2551000
21,107,2552000
21,107,2553000
21,107,2554000
21,107,2555000
21,107,2556000
21,107,2557000
21,107,2558000
21,107,2559000
21,107,2560000
21,107,2561000
21,107,2562000
21,107,2563000
21,107,2564000
21,107,2565000
21,107,2566000
21,107,2567000
21,107,2568000
21,107,2569000
21,107,2570000
21,107,2571000
21,107,2572000
21,107,2573000
21,107,2574000
21,107,2575000
21,107,2576000
21,107,2577000
21,107,2578000
21,107,2579000
21,107,2580000
21,107,2581000
21,107,2582000
21,107,2583000
21,107,2584000
21,107,2585000
21,107,2586000
21,107,2587000
21,107,2588000
21,107,2589000
21,107,2590000
21,107,2591000
21,107,2592000
21,107,2593000
21,107,2594000
21,107,2595000
21,107,2596000
21,107,2597000
21,107,2598000
21,107,2599000
21,107,2600000
21,107,2601000
21,107,2602000
21,107,2603000
21,107,2604000
21,107,2605000
21,107,2606000
21,107,2607000
21,107,2608000
21,107,2609000
21,107,2610000
21,107,2611000
21,107,2612000
21,107,2613000
21,107,2614000
21,107,2615000
21,107,2616000
21,107,2617000
21,107,2618000
21,107,2619000
21,107,2620000
21,107,2621000
21,107,2622000
21,107,2623000
21,107,2624000
21,107,2625000
21,107,2626000
21,107,2627000
21,107,2628000
21,107,2629000
21,107,2630000
21,107,2631000
21,107,2632000
21,107,2633000
21,107,2634000
21,107,2635000
21,107,2636000
21,107,2637000
21,107,2638000
21,107,2639000
21,107,2640000
21,107,2641000
21,107,2642000
21,107,2643000
21,107,2644000
21,107,2645000
21,107,2646000
21,107,2647000
21,107,2648000
21,107,2649000
21,107,2650000
21,107,2651000
21,107,2652000
21,107,2653000
21,107,2654000
21,107,2655000
21,107,2656000
21,107,2657000
21,107,2658000
21,107,2659000
21,107,2660000
21,107,2661000
21,107,2662000
21,107,2663000
21,107,2664000
21,107,2665000
21,107,2666000
21,107,2667000
21,107,2668000
21,107,2669000
21,107,2670000
21,107,2671000
21,107,2672000
21,107,2673000
21,107,2674000
21,107,2675000
21,107,2676000
21,107,2677000
21,107,2678000
21,107,2679000
21,107,2680000
21,107,2681000
21,107,2682000
21,107,2683000
21,107,2684000
21,107,2685000
21,107,2686000
21,107,2687000
21,107,2688000
21,107,2689000
21,107,2690000
21,107,2691000
21,107,2692000
21,107,2693000
21,107,2694000
21,107,2695000
21,107,2696000
21,107,2697000
21,107,2698000
21,107,2699000
21,107,2700000
21,107,2701000
21,107,2702000
21,107,2703000
21,107,2704000
21,107,2705000
21,107,2706000
21,107,2707000
21,107,2708000
21,107,2709000
21,107,2710000
21,107,2711000
21,107,2712000
21,107,2713000
21,107,2714000
21,107,2715000
21,107,2716000
21,107,2717000
21,107,2718000
21,107,2719000
21,107,2720000
21,107,2721000
21,107,2722000
21,107,2723000
21,107,2724000
21,107,2725000
21,107,2726000
21,107,2727000
21,107,2728000
21,107,2729000
21,107,2730000
21,107,2731000
21,107,2732000
21,107,2733000
21,107,2734000
21,107,2735000
21,107,2736000
21,107,2737000
21,107,2738000
21,107,2739000
21,107,2740000
21,107,2741000
21,107,2742000
21,107,2743000
21,107,2744000
21,107,2745000
21,107,2746000
21,107,2747000
21,107,2748000
21,107,2749000
21,107,2750000
21,107,2751000
21,107,2752000
21,107,2753000
21,107,2754000
21,107,2755000
21,107,2756000
21,107,2757000
21,107,2758000
21,107,2759000
21,107,2760000
21,107,2761000
21,107,2762000
21,107,2763000
21,107,2764000
21,107,2765000
21,107,2766000
21,107,2767000
21,107,2768000
21,107,2769000
21,107,2770000
21,107,2771000
21,107,2772000
21,107,2773000
21,107,2774000
21,107,2775000
21,107,2776000
21,107,2777000
21,107,2778000
21,107,2779000
21,107,2780000
21,107,2781000
21,107,2782000
21,107,2783000
21,107,2784000
21,107,2785000
21,107,2786000
21,107,2787000
21,107,2788000
21,107,2789000
21,107,2790000
21,107,2791000
21,107,2792000
21,107,2793000
21,107,2794000
21,107,2795000
21,107,2796000
21,107,2797000
21,107,2798000
21,107,2799000
21,107,2800000
21,107,2801000
21,107,2802000
21,107,2803000
21,107,2804000
21,107,2805000
21,107,2806000
21,107,2807000
21,107,2808000
21,107,2809000
21,107,2810000
21,107,2811000
21,107,2812000
21,107,2813000
21,107,2814000
21,107,2815000
21,107,2816000
21,107,2817000
21,107,2818000
21,107,2819000
21,107,2820000
21,107,2821000
21,107,2822000
21,107,2823000
21,107,2824000
21,107,2825000
21,107,2826000
21,107,2827000
21,107,2828000
21,107,2829000
21,107,2830000
21,107,2831000
21,107,2832000
21,107,2833000
21,107,2834000
21,107,2835000
21,107,2836000
21,107,2837000
21,107,2838000
21,107,2839000
21,107,2840000
21,107,2841000
21,107,2842000
21,107,2843000
21,107,2844000
21,107,2845000
21,107,2846000
21,107,2847000
21,107,2848000
21,107,2849000
21,107,2850000
21,107,2851000
21,107,2852000
21,107,2853000
21,107,2854000
21,107,2855000
21,107,2856000
21,107,2857000
21,107,2858000
21,107,2859000
21,107,2860000
21,107,2861000
21,107,2862000
21,107,2863000
21,107,2864000
21,107,2865000
21,107,2866000
21,107,2867000
21,107,2868000
21,107,2869000
21,107,2870000
21,107,2871000
21,107,2872000
21,107,2873000
21,107,2874000
21,107,2875000
21,107,2876000
21,107,2877000
21,107,2878000
21,107,2879000
21,107,2880000
21,107,2881000
21,107,2882000
21,107,2883000
21,107,2884000
21,107,2885000
21,107,2886000
21,107,2887000
21,107,2888000
21,107,2889000
21,107,2890000
21,107,2891000
21,107,2892000
21,107,2893000
21,107,2894000
21,107,2895000
21,107,2896000
21,107,2897000
21,107,2898000
21,107,2899000
21,107,2900000
21,107,2901000
21,107,2902000
21,107,2903000
21,107,2904000
21,107,2905000
21,107,2906000
21,107,2907000
21,107,2908000
21,107,2909000
21,107,2910000
21,107,2911000
21,107,2912000
21,107,2913000
21,107,2914000
21,107,2915000
21,107,2916000
21,107,2917000
21,107,2918000
21,107,2919000
21,107,2920000
21,107,2921000
21,107,2922000
21,107,2923000
21,107,2924000
21,107,2925000
21,107,2926000
21,107,2927000
21,107,2928000
21,107,2929000
21,107,2930000
21,107,2931000
21,107,2932000
21,107,2933000
21,107,2934000
21,107,2935000
21,107,2936000
21,107,2937000
21,107,2938000
21,107,2939000
21,107,2940000
21,107,2941000
21,107,2942000
21,107,2943000
21,107,2944000
21,107,2945000
21,107,2946000
21,107,2947000
21,107,2948000
21,107,2949000
21,107,2950000
21,107,2951000
21,107,2952000
21,107,2953000
21,107,2954000
21,107,2955000
21,107,2956000
21,107,2957000
21,107,2958000
21,107,2959000
21,107,2960000
21,107,2961000
21,107,2962000
21,107,2963000
21,107,2964000
21,107,2965000
21,107,2966000
21,107,2967000
21,107,2968000
21,107,2969000
21,107,2970000
21,107,2971000
21,107,2972000
21,107,2973000
21,107,2974000
21,107,2975000
21,107,2976000
21,107,2977000
21,107,2978000
21,107,2979000
21,107,2980000
21,107,2981000
21,107,2982000
21,107,2983000
21,107,2984000
21,107,2985000
21,107,2986000
21,107,2987000
21,107,2988000
21,107,2989000
21,107,2990000
21,107,2991000
21,107,2992000
21,107,2993000
21,107,2994000
21,107,2995000
21,107,2996000
21,107,2997000
21,107,2998000
21,107,2999000
21,107,3000000
21,107,3001000
21,107,3002000
21,107,3003000
21,107,3004000
21,107,3005000
21,107,3006000
21,107,3007000
21,107,3008000
21,107,3009000
21,107,3010000
21,107,3011000
21,107,3012000
21,107,3013000
21,107,3014000
21,107,3015000
21,107,3016000
21,107,3017000
21,107,3018000
21,107,3019000
21,107,3020000
21,107,3021000
21,107,3022000
21,107,3023000
21,107,3024000
21,107,3025000
21,107,3026000
21,107,3027000
21,107,3028000
21,107,3029000
21,107,3030000
21,107,3031000
21,107,3032000
21,107,3033000
21,107,3034000
21,107,3035000
21,107,3036000
21,107,3037000
21,107,3038000
21,107,3039000
21,107,3040000
21,107,3041000
21,107,3042000
21,107,3043000
21,107,3044000
21,107,3045000
21,107,3046000
21,107,3047000
21,107,3048000
21,107,3049000
21,107,3050000
21,107,3051000
21,107,3052000
21,107,3053000
21,107,3054000
21,107,3055000
21,107,3056000
21,107,3057000
21,107,3058000
21,107,3059000
21,107,3060000
21,107,3061000
21,107,3062000
21,107,3063000
21,107,3064000
21,107,3065000
21,107,3066000
21,107,3067000
21,107,3068000
21,107,3069000
21,107,3070000
21,107,3071000
21,107,3072000
21,107,3073000
21,107,3074000
21,107,3075000
21,107,3076000
21,107,3077000
21,107,3078000
21,107,3079000
21,107,3080000
21,107,3081000
21,107,3082000
21,107,3083000
21,107,3084000
21,107,3085000
21,107,3086000
21,107,3087000
21,107,3088000
21,107,3089000
21,107,3090000
21,107,3091000
21,107,3092000
21,107,3093000
21,107,3094000
21,107,3095000
21,107,3096000
21,107,3097000
21,107,3098000
21,107,3099000
21,107,3100000
21,107,3101000
21,107,3102000
21,107,3103000
21,107,3104000
21,107,3105000
21,107,3106000
21,107,3107000
21,107,3108000
21,107,3109000
21,107,3110000
21,107,3111000
21,107,3112000
21,107,3113000
21,107,3114000
21,107,3115000
21,107,3116000
21,107,3117000
21,107,3118000
21,107,3119000
21,107,3120000
21,107,3121000
21,107,3122000
21,107,3123000
21,107,3124000
21,107,3125000
21,107,3126000
21,107,3127000
21,107,3128000
21,107,3129000
21,107,3130000
21,107,3131000
21,107,3132000
21,107,3133000
21,107,3134000
21,107,3135000
21,107,3136000
21,107,3137000
21,107,3138000
21,107,3139000
21,107,3140000
21,107,3141000
21,107,3142000
21,107,3143000
21,107,3144000
21,107,3145000
21,107,3146000
21,107,3147000
21,107,3148000
21,107,3149000
21,107,3150000
21,107,3151000
21,107,3152000
21,107,3153000
21,107,3154000
21,107,3155000
21,107,3156000
21,107,3157000
21,107,3158000
21,107,3159000
21,107,3160000
21,107,3161000
21,107,3162000
21,107,3163000
21,107,3164000
21,107,3165000
21,107,3166000
21,107,3167000
21,107,3168000
21,107,3169000
21,107,3170000
21,107,3171000
21,107,3172000
21,107,3173000
21,107,3174000
21,107,3175000
21,107,3176000
21,107,3177000
21,107,3178000
21,107,3179000
21,107,3180000
21,107,3181000
21,107,3182000
21,107,3183000
21,107,3184000
21,107,3185000
21,107,3186000
21,107,3187000
21,107,3188000
21,107,3189000
21,107,3190000
21,107,3191000
21,107,3192000
21,107,3193000
21,107,3194000
21,107,3195000
21,107,3196000
21,107,3197000
21,107,3198000
21,107,3199000
21,107,3200000
21,107,3201000
21,107,3202000
21,107,3203000
21,107,3204000
21,107,3205000
21,107,3206000
21,107,3207000
21,107,3208000
21,107,3209000
21,107,3210000
21,107,3211000
21,107,3212000
21,107,3213000
21,107,3214000
21,107,3215000
21,107,3216000
21,107,3217000
21,107,3218000
21,107,3219000
21,107,3220000
21,107,3221000
21,107,3222000
21,107,3223000
21,107,3224000
21,107,3225000
21,107,3226000
21,107,3227000
21,107,3228000
21,107,3229000
21,107,3230000
21,107,3231000
21,107,3232000
21,107,3233000
21,107,3234000
21,107,3235000
21,107,3236000
21,107,3237000
21,107,3238000
21,107,3239000
21,107,3240000
21,107,3241000
21,107,3242000
21,107,3243000
21,107,3244000
21,107,3245000
21,107,3246000
21,107,3247000
21,107,3248000
21,107,3249000
21,107,3250000
21,107,3251000
21,107,3252000
21,107,3253000
21,107,3254000
21,107,3255000
21,107,3256000
21,107,3257000
21,107,3258000
21,107,3259000
21,107,3260000
21,107,3261000
21,107,3262000
21,107,3263000
21,107,3264000
21,107,3265000
21,107,3266000
21,107,3267000
21,107,3268000
21,107,3269000
21,107,3270000
21,107,3271000
21,107,3272000
21,107,3273000
21,107,3274000
21,107,3275000
21,107,3276000
21,107,3277000
21,107,3278000
21,107,3279000
21,107,3280000
21,107,3281000
21,107,3282000
21,107,3283000
21,107,3284000
21,107,3285000
21,107,3286000
21,107,3287000
21,107,3288000
21,107,3289000
21,107,3290000
21,107,3291000
21,107,3292000
21,107,3293000
21,107,3294000
21,107,3295000
21,107,3296000
21,107,3297000
21,107,3298000
21,107,3299000
21,107,3300000
21,107,3301000
21,107,3302000
21,107,3303000
21,107,3304000
21,107,3305000
21,107,3306000
21,107,3307000
21,107,3308000
21,107,3309000
21,107,3310000
21,107,3311000
21,107,3312000
21,107,3313000
21,107,3314000
21,107,3315000
21,107,3316000
21,107,3317000
21,107,3318000
21,107,3319000
21,107,3320000
21,107,3321000
21,107,3322000
21,107,3323000
21,107,3324000
21,107,3325000
21,107,3326000
21,107,3327000
21,107,3328000
21,107,3329000
21,107,3330000
21,107,3331000
21,107,3332000
21,107,3333000
21,107,3334000
21,107,3335000
21,107,3336000
21,107,3337000
21,107,3338000
21,107,3339000
21,107,3340000
21,107,3341000
21,107,3342000
21,107,3343000
21,107,3344000
21,107,3345000
21,107,3346000
21,107,3347000
21,107,3348000
21,107,3349000
21,107,3350000
21,107,3351000
21,107,3352000
21,107,3353000
21,107,3354000
21,107,3355000
21,107,3356000
21,107,3357000
21,107,3358000
21,107,3359000
21,107,3360000
21,107,3361000
21,107,3362000
21,107,3363000
21,107,3364000
21,107,3365000
21,107,3366000
21,107,3367000
21,107,3368000
21,107,3369000
21,107,3370000
21,107,3371000
21,107,3372000
21,107,3373000
21,107,3374000
21,107,3375000
21,107,3376000
21,107,3377000
21,107,3378000
21,107,3379000
21,107,3380000
21,107,3381000
21,107,3382000
21,107,3383000
21,107,3384000
21,107,3385000
21,107,3386000
21,107,3387000
21,107,3388000
21,107,3389000
21,107,3390000
21,107,3391000
21,107,3392000
21,107,3393000
21,107,3394000
21,107,3395000
21,107,3396000
21,107,3397000
21,107,3398000
21,107,3399000
21,107,3400000
21,107,3401000
21,107,3402000
21,107,3403000
21,107,3404000
21,107,3405000
21,107,3406000
21,107,3407000
21,107,3408000
21,107,3409000
21,107,3410000
21,107,3411000
21,107,3412000
21,107,3413000
21,107,3414000
21,107,3415000
21,107,3416000
21,107,3417000
21,107,3418000
21,107,3419000
21,107,3420000
21,107,3421000
21,107,3422000
21,107,3423000
21,107,3424000
21,107,3425000
21,107,3426000
21,107,3427000
21,107,3428000
21,107,3429000
21,107,3430000
21,107,3431000
21,107,3432000
21,107,3433000
21,107,3434000
21,107,3435000
21,107,3436000
21,107,3437000
21,107,3438000
21,107,3439000
21,107,3440000
21,107,3441000
21,107,3442000
21,107,3443000
21,107,3444000
21,107,3445000
21,107,3446000
21,107,3447000
21,107,3448000
21,107,3449000
21,107,3450000
21,107,3451000
21,107,3452000
21,107,3453000
21,107,3454000
21,107,3455000
21,107,3456000
21,107,3457000
21,107,3458000
21,107,3459000
21,107,3460000
21,107,3461000
21,107,3462000
21,107,3463000
21,107,3464000
21,107,3465000
21,107,3466000
21,107,3467000
21,107,3468000
21,107,3469000
21,107,3470000
21,107,3471000
21,107,3472000
21,107,3473000
21,107,3474000
21,107,3475000
21,107,3476000
21,107,3477000
21,107,3478000
21,107,3479000
21,107,3480000
21,107,3481000
21,107,3482000
21,107,3483000
21,107,3484000
21,107,3485000
21,107,3486000
21,107,3487000
21,107,3488000
21,107,3489000
21,107,3490000
21,107,3491000
21,107,3492000
21,107,3493000
21,107,3494000
21,107,3495000
21,107,3496000
21,107,3497000
21,107,3498000
21,107,3499000
21,107,3500000
21,107,3501000
21,107,3502000
21,107,3503000
21,107,3504000
21,107,3505000
21,107,3506000
21,107,3507000
21,107,3508000
21,107,3509000
21,107,3510000
21,107,3511000
21,107,3512000
21,107,3513000
21,107,3514000
21,107,3515000
21,107,3516000
21,107,3517000
21,107,3518000
21,107,3519000
21,107,3520000
21,107,3521000
21,107,3522000
21,107,3523000
21,107,3524000
21,107,3525000
21,107,3526000
21,107,3527000
21,107,3528000
21,107,3529000
21,107,3530000
21,107,3531000
21,107,3532000
21,107,3533000
21,107,3534000
21,107,3535000
21,107,3536000
21,107,3537000
21,107,3538000
21,107,3539000
21,107,3540000
21,107,3541000
21,107,3542000
21,107,3543000
21,107,3544000
21,107,3545000
21,107,3546000
21,107,3547000
21,107,3548000
21,107,3549000
21,107,3550000
21,107,3551000
21,107,3552000
21,107,3553000
21,107,3554000
21,107,3555000
21,107,3556000
21,107,3557000
21,107,3558000
21,107,3559000
21,107,3560000
21,107,3561000
21,107,3562000
21,107,3563000
21,107,3564000
21,107,3565000
21,107,3566000
21,107,3567000
21,107,3568000
21,107,3569000
21,107,3570000
21,107,3571000
21,107,3572000
21,107,3573000
21,107,3574000
21,107,3575000
21,107,3576000
21,107,3577000
21,107,3578000
21,107,3579000
21,107,3580000
21,107,3581000
21,107,3582000
21,107,3583000
21,107,3584000
21,107,3585000
21,107,3586000
21,107,3587000
21,107,3588000
21,107,3589000
21,107,3590000
21,107,3591000
21,107,3592000
21,107,3593000
21,107,3594000
21,107,3595000
21,107,3596000
21,107,3597000
21,107,3598000
21,107,3599000
21,107,3600000
21,107,3601000
21,107,3602000
21,107,3603000
21,107,3604000
21,107,3605000
21,107,3606000
21,107,3607000
21,107,3608000
21,107,3609000
21,107,3610000
21,107,3611000
21,107,3612000
21,107,3613000
21,107,3614000
21,107,3615000
21,107,3616000
21,107,3617000
21,107,3618000
21,107,3619000
21,107,3620000
21,107,3621000
21,107,3622000
21,107,3623000
21,107,3624000
21,107,3625000
21,107,3626000
21,107,3627000
21,107,3628000
21,107,3629000
21,107,3630000
21,107,3631000
21,107,3632000
21,107,3633000
21,107,3634000
21,107,3635000
21,107,3636000
21,107,3637000
21,107,3638000
21,107,3639000
21,107,3640000
21,107,3641000
21,107,3642000
21,107,3643000
21,107,3644000
21,107,3645000
21,107,3646000
21,107,3647000
21,107,3648000
21,107,3649000
21,107,3650000
21,107,3651000
21,107,3652000
21,107,3653000
21,107,3654000
21,107,3655000
21,107,3656000
21,107,3657000
21,107,3658000
21,107,3659000
21,107,3660000
21,107,3661000
21,107,3662000
21,107,3663000
21,107,3664000
21,107,3665000
21,107,3666000
21,107,3667000
21,107,3668000
21,107,3669000
21,107,3670000
21,107,3671000
21,107,3672000
21,107,3673000
21,107,3674000
21,107,3675000
21,107,3676000
21,107,3677000
21,107,3678000
21,107,3679000
21,107,3680000
21,107,3681000
21,107,3682000
21,107,3683000
21,107,3684000
21,107,3685000
21,107,3686000
21,107,3687000
21,107,3688000
21,107,3689000
21,107,3690000
21,107,3691000
21,107,3692000
21,107,3693000
21,107,3694000
21,107,3695000
21,107,3696000
21,107,3697000
21,107,3698000
21,107,3699000
21,107,3700000
21,107,3701000
21,107,3702000
21,107,3703000
21,107,3704000
21,107,3705000
21,107,3706000
21,107,3707000
21,107,3708000
21,107,3709000
21,107,3710000
21,107,3711000
21,107,3712000
21,107,3713000
21,107,3714000
21,107,3715000
21,107,3716000
21,107,3717000
21,107,3718000
21,107,3719000
21,107,3720000
21,107,3721000
21,107,3722000
21,107,3723000
21,107,3724000
21,107,3725000
21,107,3726000
21,107,3727000
21,107,3728000
21,107,3729000
21,107,3730000
21,107,3731000
21,107,3732000
21,107,3733000
21,107,3734000
21,107,3735000
21,107,3736000
21,107,3737000
21,107,3738000
21,107,3739000
21,107,3740000
21,107,3741000
21,107,3742000
21,107,3743000
21,107,3744000
21,107,3745000
21,107,3746000
21,107,3747000
21,107,3748000
21,107,3749000
21,107,3750000
21,107,3751000
21,107,3752000
21,107,3753000
21,107,3754000
21,107,3755000
21,107,3756000
21,107,3757000
21,107,3758000
21,107,3759000
21,107,3760000
21,107,3761000
21,107,3762000
21,107,3763000
21,107,3764000
21,107,3765000
21,107,3766000
21,107,3767000
21,107,3768000
21,107,3769000
21,107,3770000
21,107,3771000
21,107,3772000
21,107,3773000
21,107,3774000
21,107,3775000
21,107,3776000
21,107,3777000
21,107,3778000
21,107,3779000
21,107,3780000
21,107,3781000
21,107,3782000
21,107,3783000
21,107,3784000
21,107,3785000
21,107,3786000
21,107,3787000
21,107,3788000
21,107,3789000
21,107,3790000
21,107,3791000
21,107,3792000
21,107,3793000
21,107,3794000
21,107,3795000
21,107,3796000
21,107,3797000
21,107,3798000
21,107,3799000
21,107,3800000
21,107,3801000
21,107,3802000
21,107,3803000
21,107,3804000
21,107,3805000
21,107,3806000
21,107,3807000
21,107,3808000
21,107,3809000
21,107,3810000
21,107,3811000
21,107,3812000
21,107,3813000
21,107,3814000
21,107,3815000
21,107,3816000
21,107,3817000
21,107,3818000
21,107,3819000
21,107,3820000
21,107,3821000
21,107,3822000
21,107,3823000
21,107,3824000
21,107,3825000
21,107,3826000
21,107,3827000
21,107,3828000
21,107,3829000
21,107,3830000
21,107,3831000
21,107,3832000
21,107,3833000
21,107,3834000
21,107,3835000
21,107,3836000
21,107,3837000
21,107,3838000
21,107,3839000
21,107,3840000
21,107,3841000
21,107,3842000
21,107,3843000
21,107,3844000
21,107,3845000
21,107,3846000
21,107,3847000
21,107,3848000
21,107,3849000
21,107,3850000
21,107,3851000
21,107,3852000
21,107,3853000
21,107,3854000
21,107,3855000
21,107,3856000
21,107,3857000
21,107,3858000
21,107,3859000
21,107,3860000
21,107,3861000
21,107,3862000
21,107,3863000
21,107,3864000
21,107,3865000
21,107,3866000
21,107,3867000
21,107,3868000
21,107,3869000
21,107,3870000
21,107,3871000
21,107,3872000
21,107,3873000
21,107,3874000
21,107,3875000
21,107,3876000
21,107,3877000
21,107,3878000
21,107,3879000
21,107,3880000
21,107,3881000
21,107,3882000
21,107,3883000
21,107,3884000
21,107,3885000
21,107,3886000
21,107,3887000
21,107,3888000
21,107,3889000
21,107,3890000
21,107,3891000
21,107,3892000
21,107,3893000
21,107,3894000
21,107,3895000
21,107,3896000
21,107,3897000
21,107,3898000
21,107,3899000
21,107,3900000
21,107,3901000
21,107,3902000
21,107,3903000
21,107,3904000
21,107,3905000
21,107,3906000
21,107,3907000
21,107,3908000
21,107,3909000
21,107,3910000
21,107,3911000
21,107,3912000
21,107,3913000
21,107,3914000
21,107,3915000
21,107,3916000
21,107,3917000
21,107,3918000
21,107,3919000
21,107,3920000
21,107,3921000
21,107,3922000
21,107,3923000
21,107,3924000
21,107,3925000
21,107,3926000
21,107,3927000
21,107,3928000
21,107,3929000
21,107,3930000
21,107,3931000
21,107,3932000
21,107,3933000
21,107,3934000
21,107,3935000
21,107,3936000
21,107,3937000
21,107,3938000
21,107,3939000
21,107,3940000
21,107,3941000
21,107,3942000
21,107,3943000
21,107,3944000
21,107,3945000
21,107,3946000
21,107,3947000
21,107,3948000
21,107,3949000
21,107,3950000
21,107,3951000
21,107,3952000
21,107,3953000
21,107,3954000
21,107,3955000
21,107,3956000
21,107,3957000
21,107,3958000
21,107,3959000
21,107,3960000
21,107,3961000
21,107,3962000
21,107,3963000
21,107,3964000
21,107,3965000
21,107,3966000
21,107,3967000
21,107,3968000
21,107,3969000
21,107,3970000
21,107,3971000
21,107,3972000
21,107,3973000
21,107,3974000
21,107,3975000
21,107,3976000
21,107,3977000
21,107,3978000
21,107,3979000
21,107,3980000
21,107,3981000
21,107,3982000
21,107,3983000
21,107,3984000
21,107,3985000
21,107,3986000
21,107,3987000
21,107,3988000
21,107,3989000
21,107,3990000
21,107,3991000
21,107,3992000
21,107,3993000
21,107,3994000
21,107,3995000
21,107,3996000
21,107,3997000
21,107,3998000
21,107,3999000
21,107,4000000
21,107,4001000
21,107,4002000
21,107,4003000
21,107,4004000
21,107,4005000
21,107,4006000
21,107,4007000
21,107,4008000
21,107,4009000
21,107,4010000
21,107,4011000
21,107,4012000
21,107,4013000
21,107,4014000
21,107,4015000
21,107,4016000
21,107,4017000
21,107,4018000
21,107,4019000
21,107,4020000
21,107,4021000
21,107,4022000
21,107,4023000
21,107,4024000
21,107,4025000
21,107,4026000
21,107,4027000
21,107,4028000
21,107,4029000
21,107,4030000
21,107,4031000
21,107,4032000
21,107,4033000
21,107,4034000
21,107,4035000
21,107,4036000
21,107,4037000
21,107,4038000
21,107,4039000
21,107,4040000
21,107,4041000
21,107,4042000
21,107,4043000
21,107,4044000
21,107,4045000
21,107,4046000
21,107,4047000
21,107,4048000
21,107,4049000
21,107,4050000
21,107,4051000
21,107,4052000
21,107,4053000
21,107,4054000
21,107,4055000
21,107,4056000
21,107,4057000
21,107,4058000
21,107,4059000
21,107,4060000
21,107,4061000
21,107,4062000
21,107,4063000
21,107,4064000
21,107,4065000
21,107,4066000
21,107,4067000
21,107,4068000
21,107,4069000
21,107,4070000
21,107,4071000
21,107,4072000
21,107,4073000
21,107,4074000
21,107,4075000
21,107,4076000
21,107,4077000
21,107,4078000
21,107,4079000
21,107,4080000
21,107,4081000
21,107,4082000
21,107,4083000
21,107,4084000
21,107,4085000
21,107,4086000
21,107,4087000
21,107,4088000
21,107,4089000
21,107,4090000
21,107,4091000
21,107,4092000
21,107,4093000
21,107,4094000
21,107,4095000
21,107,4096000
21,107,4097000
21,107,4098000
21,107,4099000
21,107,4100000
21,107,4101000
21,107,4102000
21,107,4103000
21,107,4104000
21,107,4105000
21,107,4106000
21,107,4107000
21,107,4108000
21,107,4109000
21,107,4110000
21,107,4111000
21,107,4112000
21,107,4113000
21,107,4114000
21,107,4115000
21,107,4116000
21,107,4117000
21,107,4118000
21,107,4119000
21,107,4120000
21,107,4121000
21,107,4122000
21,107,4123000
21,107,4124000
21,107,4125000
21,107,4126000
21,107,4127000
21,107,4128000
21,107,4129000
21,107,4130000
21,107,4131000
21,107,4132000
21,107,4133000
21,107,4134000
21,107,4135000
21,107,4136000
21,107,4137000
21,107,4138000
21,107,4139000
21,107,4140000
21,107,4141000
21,107,4142000
21,107,4143000
21,107,4144000
21,107,4145000
21,107,4146000
21,107,4147000
21,107,4148000
21,107,4149000
21,107,4150000
21,107,4151000
21,107,4152000
21,107,4153000
21,107,4154000
21,107,4155000
21,107,4156000
21,107,4157000
21,107,4158000
21,107,4159000
21,107,4160000
21,107,4161000
21,107,4162000
21,107,4163000
21,107,4164000
21,107,4165000
21,107,4166000
21,107,4167000
21,107,4168000
21,107,4169000
21,107,4170000
21,107,4171000
21,107,4172000
21,107,4173000
21,107,4174000
21,107,4175000
21,107,4176000
21,107,4177000
21,107,4178000
21,107,4179000
21,107,4180000
21,107,4181000
21,107,4182000
21,107,4183000
21,107,4184000
21,107,4185000
21,107,4186000
21,107,4187000
21,107,4188000
21,107,4189000
21,107,4190000
21,107,4191000
21,107,4192000
21,107,4193000
21,107,4194000
21,107,4195000
21,107,4196000
21,107,4197000
21,107,4198000
21,107,4199000
21,107,4200000
21,107,4201000
21,107,4202000
21,107,4203000
21,107,4204000
21,107,4205000
21,107,4206000
21,107,4207000
21,107,4208000
21,107,4209000
21,107,4210000
21,107,4211000
21,107,4212000
21,107,4213000
21,107,4214000
21,107,4215000
21,107,4216000
21,107,4217000
21,107,4218000
21,107,4219000
21,107,4220000
21,107,4221000
21,107,4222000
21,107,4223000
21,107,4224000
21,107,4225000
21,107,4226000
21,107,4227000
21,107,4228000
21,107,4229000
21,107,4230000
21,107,4231000
21,107,4232000
21,107,4233000
21,107,4234000
21,107,4235000
21,107,4236000
21,107,4237000
21,107,4238000
21,107,4239000
21,107,4240000
21,107,4241000
21,107,4242000
21,107,4243000
21,107,4244000
21,107,4245000
21,107,4246000
21,107,4247000
21,107,4248000
21,107,4249000
21,107,4250000
21,107,4251000
21,107,4252000
21,107,4253000
21,107,4254000
21,107,4255000
21,107,4256000
21,107,4257000
21,107,4258000
21,107,4259000
21,107,4260000
21,107,4261000
21,107,4262000
21,107,4263000
21,107,4264000
21,107,4265000
21,107,4266000
21,107,4267000
21,107,4268000
21,107,4269000
21,107,4270000
21,107,4271000
21,107,4272000
21,107,4273000
21,107,4274000
21,107,4275000
21,107,4276000
21,107,4277000
21,107,4278000
21,107,4279000
21,107,4280000
21,107,4281000
21,107,4282000
21,107,4283000
21,107,4284000
21,107,4285000
21,107,4286000
21,107,4287000
21,107,4288000
21,107,4289000
21,107,4290000
21,107,4291000
21,107,4292000
21,107,4293000
21,107,4294000
21,107,4295000
21,107,4296000
21,107,4297000
21,107,4298000
21,107,4299000
21,107,4300000
21,107,4301000
21,107,4302000
21,107,4303000
21,107,4304000
21,107,4305000
21,107,4306000
21,107,4307000
21,107,4308000
21,107,4309000
21,107,4310000
21,107,4311000
21,107,4312000
21,107,4313000
21,107,4314000
21,107,4315000
21,107,4316000
21,107,4317000
21,107,4318000
21,107,4319000
21,107,4320000
21,107,4321000
21,107,4322000
21,107,4323000
21,107,4324000
21,107,4325000
21,107,4326000
21,107,4327000
21,107,4328000
21,107,4329000
21,107,4330000
21,107,4331000
21,107,4332000
21,107,4333000
21,107,4334000
21,107,4335000
21,107,4336000
21,107,4337000
21,107,4338000
21,107,4339000
21,107,4340000
21,107,4341000
21,107,4342000
21,107,4343000
21,107,4344000
21,107,4345000
21,107,4346000
21,107,4347000
21,107,4348000
21,107,4349000
21,107,4350000
21,107,4351000
21,107,4352000
21,107,4353000
21,107,4354000
21,107,4355000
21,107,4356000
21,107,4357000
21,107,4358000
21,107,4359000
21,107,4360000
21,107,4361000
21,107,4362000
21,107,4363000
21,107,4364000
21,107,4365000
21,107,4366000
21,107,4367000
21,107,4368000
21,107,4369000
21,107,4370000
21,107,4371000
21,107,4372000
21,107,4373000
21,107,4374000
21,107,4375000
21,107,4376000
21,107,4377000
21,107,4378000
21,107,4379000
21,107,4380000
21,107,4381000
21,107,4382000
21,107,4383000
21,107,4384000
21,107,4385000
21,107,4386000
21,107,4387000
21,107,4388000
21,107,4389000
21,107,4390000
21,107,4391000
21,107,4392000
21,107,4393000
21,107,4394000
21,107,4395000
21,107,4396000
21,107,4397000
21,107,4398000
21,107,4399000
21,107,4400000
21,107,4401000
21,107,4402000
21,107,4403000
21,107,4404000
21,107,4405000
21,107,4406000
21,107,4407000
21,107,4408000
21,107,4409000
21,107,4410000
21,107,4411000
21,107,4412000
21,107,4413000
21,107,4414000
21,107,4415000
21,107,4416000
21,107,4417000
21,107,4418000
21,107,4419000
21,107,4420000
21,107,4421000
21,107,4422000
21,107,4423000
21,107,4424000
21,107,4425000
21,107,4426000
21,107,4427000
21,107,4428000
21,107,4429000
21,107,4430000
21,107,4431000
21,107,4432000
21,107,4433000
21,107,4434000
21,107,4435000
21,107,4436000
21,107,4437000
21,107,4438000
21,107,4439000
21,107,4440000
21,107,4441000
21,107,4442000
21,107,4443000
21,107,4444000
21,107,4445000
21,107,4446000
21,107,4447000
21,107,4448000
21,107,4449000
21,107,4450000
21,107,4451000
21,107,4452000
21,107,4453000
21,107,4454000
21,107,4455000
21,107,4456000
21,107,4457000
21,107,4458000
21,107,4459000
21,107,4460000
21,107,4461000
21,107,4462000
21,107,4463000
21,107,4464000
21,107,4465000
21,107,4466000
21,107,4467000
21,107,4468000
21,107,4469000
21,107,4470000
21,107,4471000
21,107,4472000
21,107,4473000
21,107,4474000
21,107,4475000
21,107,4476000
21,107,4477000
21,107,4478000
21,107,4479000
21,107,4480000
21,107,4481000
21,107,4482000
21,107,4483000
21,107,4484000
21,107,4485000
21,107,4486000
21,107,4487000
21,107,4488000
21,107,4489000
21,107,4490000
21,107,4491000
21,107,4492000
21,107,4493000
21,107,4494000
21,107,4495000
21,107,4496000
21,107,4497000
21,107,4498000
21,107,4499000
21,107,4500000
21,107,4501000
21,107,4502000
21,107,4503000
21,107,4504000
21,107,4505000
21,107,4506000
21,107,4507000
21,107,4508000
21,107,4509000
21,107,4510000
21,107,4511000
21,107,4512000
21,107,4513000
21,107,4514000
21,107,4515000
21,107,4516000
21,107,4517000
21,107,4518000
21,107,4519000
21,107,4520000
21,107,4521000
21,107,4522000
21,107,4523000
21,107,4524000
21,107,4525000
21,107,4526000
21,107,4527000
21,107,4528000
21,107,4529000
21,107,4530000
21,107,4531000
21,107,4532000
21,107,4533000
21,107,4534000
21,107,4535000
21,107,4536000
21,107,4537000
21,107,4538000
21,107,4539000
21,107,4540000
21,107,4541000
21,107,4542000
21,107,4543000
21,107,4544000
21,107,4545000
21,107,4546000
21,107,4547000
21,107,4548000
21,107,4549000
21,107,4550000
21,107,4551000
21,107,4552000
21,107,4553000
21,107,4554000
21,107,4555000
21,107,4556000
21,107,4557000
21,107,4558000
21,107,4559000
21,107,4560000
21,107,4561000
21,107,4562000
21,107,4563000
21,107,4564000
21,107,4565000
21,107,4566000
21,107,4567000
21,107,4568000
21,107,4569000
21,107,4570000
21,107,4571000
21,107,4572000
21,107,4573000
21,107,4574000
21,107,4575000
21,107,4576000
21,107,4577000
21,107,4578000
21,107,4579000
21,107,4580000
21,107,4581000
21,107,4582000
21,107,4583000
21,107,4584000
21,107,4585000
21,107,4586000
21,107,4587000
21,107,4588000
21,107,4589000
21,107,4590000
21,107,4591000
21,107,4592000
21,107,4593000
21,107,4594000
21,107,4595000
21,107,4596000
21,107,4597000
21,107,4598000
21,107,4599000
21,107,4600000
21,107,4601000
21,107,4602000
21,107,4603000
21,107,4604000
21,107,4605000
21,107,4606000
21,107,4607000
21,107,4608000
21,107,4609000
21,107,4610000
21,107,4611000
21,107,4612000
21,107,4613000
21,107,4614000
21,107,4615000
21,107,4616000
21,107,4617000
21,107,4618000
21,107,4619000
21,107,4620000
21,107,4621000
21,107,4622000
21,107,4623000
21,107,4624000
21,107,4625000
21,107,4626000
21,107,4627000
21,107,4628000
21,107,4629000
21,107,4630000
21,107,4631000
21,107,4632000
21,107,4633000
21,107,4634000
21,107,4635000
21,107,4636000
21,107,4637000
21,107,4638000
21,107,4639000
21,107,4640000
21,107,4641000
21,107,4642000
21,107,4643000
21,107,4644000
21,107,4645000
21,107,4646000
21,107,4647000
21,107,4648000
21,107,4649000
21,107,4650000
21,107,4651000
21,107,4652000
21,107,4653000
21,107,4654000
21,107,4655000
21,107,4656000
21,107,4657000
21,107,4658000
21,107,4659000
21,107,4660000
21,107,4661000
21,107,4662000
21,107,4663000
21,107,4664000
21,107,4665000
21,107,4666000
21,107,4667000
21,107,4668000
21,107,4669000
21,107,4670000
21,107,4671000
21,107,4672000
21,107,4673000
21,107,4674000
21,107,4675000
21,107,4676000
21,107,4677000
21,107,4678000
21,107,4679000
21,107,4680000
21,107,4681000
21,107,4682000
21,107,4683000
21,107,4684000
21,107,4685000
21,107,4686000
21,107,4687000
21,107,4688000
21,107,4689000
21,107,4690000
21,107,4691000
21,107,4692000
21,107,4693000
21,107,4694000
21,107,4695000
21,107,4696000
21,107,4697000
21,107,4698000
21,107,4699000
21,107,4700000
21,107,4701000
21,107,4702000
21,107,4703000
21,107,4704000
21,107,4705000
21,107,4706000
21,107,4707000
21,107,4708000
21,107,4709000
21,107,4710000
21,107,4711000
21,107,4712000
21,107,4713000
21,107,4714000
21,107,4715000
21,107,4716000
21,107,4717000
21,107,4718000
21,107,4719000
21,107,4720000
21,107,4721000
21,107,4722000
21,107,4723000
21,107,4724000
21,107,4725000
21,107,4726000
21,107,4727000
21,107,4728000
21,107,4729000
21,107,4730000
21,107,4731000
21,107,4732000
21,107,4733000
21,107,4734000
21,107,4735000
21,107,4736000
21,107,4737000
21,107,4738000
21,107,4739000
21,107,4740000
21,107,4741000
21,107,4742000
21,107,4743000
21,107,4744000
21,107,4745000
21,107,4746000
21,107,4747000
21,107,4748000
21,107,4749000
21,107,4750000
21,107,4751000
21,107,4752000
21,107,4753000
21,107,4754000
21,107,4755000
21,107,4756000
21,107,4757000
21,107,4758000
21,107,4759000
21,107,4760000
21,107,4761000
21,107,4762000
21,107,4763000
21,107,4764000
21,107,4765000
21,107,4766000
21,107,4767000
21,107,4768000
21,107,4769000
21,107,4770000
21,107,4771000
21,107,4772000
21,107,4773000
21,107,4774000
21,107,4775000
21,107,4776000
21,107,4777000
21,107,4778000
21,107,4779000
21,107,4780000
21,107,4781000
21,107,4782000
21,107,4783000
21,107,4784000
21,107,4785000
21,107,4786000
21,107,4787000
21,107,4788000
21,107,4789000
21,107,4790000
21,107,4791000
21,107,4792000
21,107,4793000
21,107,4794000
21,107,4795000
21,107,4796000
21,107,4797000
21,107,4798000
21,107,4799000
21,107,4800000
21,107,4801000
21,107,4802000
21,107,4803000
21,107,4804000
21,107,4805000
21,107,4806000
21,107,4807000
21,107,4808000
21,107,4809000
21,107,4810000
21,107,4811000
21,107,4812000
21,107,4813000
21,107,4814000
21,107,4815000
21,107,4816000
21,107,4817000
21,107,4818000
21,107,4819000
21,107,4820000
21,107,4821000
21,107,4822000
21,107,4823000
21,107,4824000
21,107,4825000
21,107,4826000
21,107,4827000
21,107,4828000
21,107,4829000
21,107,4830000
21,107,4831000
21,107,4832000
21,107,4833000
21,107,4834000
21,107,4835000
21,107,4836000
21,107,4837000
21,107,4838000
21,107,4839000
21,107,4840000
21,107,4841000
21,107,4842000
21,107,4843000
21,107,4844000
21,107,4845000
21,107,4846000
21,107,4847000
21,107,4848000
21,107,4849000
21,107,4850000
21,107,4851000
21,107,4852000
21,107,4853000
21,107,4854000
21,107,4855000
21,107,4856000
21,107,4857000
21,107,4858000
21,107,4859000
21,107,4860000
21,107,4861000
21,107,4862000
21,107,4863000
21,107,4864000
21,107,4865000
21,107,4866000
21,107,4867000
21,107,4868000
21,107,4869000
21,107,4870000
21,107,4871000
21,107,4872000
21,107,4873000
21,107,4874000
21,107,4875000
21,107,4876000
21,107,4877000
21,107,4878000
21,107,4879000
21,107,4880000
21,107,4881000
21,107,4882000
21,107,4883000
21,107,4884000
21,107,4885000
21,107,4886000
21,107,4887000
21,107,4888000
21,107,4889000
21,107,4890000
21,107,4891000
21,107,4892000
21,107,4893000
21,107,4894000
21,107,4895000
21,107,4896000
21,107,4897000
21,107,4898000
21,107,4899000
21,107,4900000
21,107,4901000
21,107,4902000
21,107,4903000
21,107,4904000
21,107,4905000
21,107,4906000
21,107,4907000
21,107,4908000
21,107,4909000
21,107,4910000
21,107,4911000
21,107,4912000
21,107,4913000
21,107,4914000
21,107,4915000
21,107,4916000
21,107,4917000
21,107,4918000
21,107,4919000
21,107,4920000
21,107,4921000
21,107,4922000
21,107,4923000
21,107,4924000
21,107,4925000
21,107,4926000
21,107,4927000
21,107,4928000
21,107,4929000
21,107,4930000
21,107,4931000
21,107,4932000
21,107,4933000
21,107,4934000
21,107,4935000
21,107,4936000
21,107,4937000
21,107,4938000
21,107,4939000
21,107,4940000
21,107,4941000
21,107,4942000
21,107,4943000
21,107,4944000
21,107,4945000
21,107,4946000
21,107,4947000
21,107,4948000
21,107,4949000
21,107,4950000
21,107,4951000
21,107,4952000
21,107,4953000
21,107,4954000
21,107,4955000
21,107,4956000
21,107,4957000
21,107,4958000
21,107,4959000
21,107,4960000
21,107,4961000
21,107,4962000
21,107,4963000
21,107,4964000
21,107,4965000
21,107,4966000
21,107,4967000
21,107,4968000
21,107,4969000
21,107,4970000
21,107,4971000
21,107,4972000
21,107,4973000
21,107,4974000
21,107,4975000
21,107,4976000
21,107,4977000
21,107,4978000
21,107,4979000
21,107,4980000
21,107,4981000
21,107,4982000
21,107,4983000
21,107,4984000
21,107,4985000
21,107,4986000
21,107,4987000
21,107,4988000
21,107,4989000
21,107,4990000
21,107,4991000
21,107,4992000
21,107,4993000
21,107,4994000
21,107,4995000
21,107,4996000
21,107,4997000
21,107,4998000
21,107,4999000
21,107,5000000
21,107,5001000
21,107,5002000
21,107,5003000
21,107,5004000
21,107,5005000
21,107,5006000
21,107,5007000
21,107,5008000
21,107,5009000
21,107,5010000
21,107,5011000
21,107,5012000
21,107,5013000
21,107,5014000
21,107,5015000
21,107,5016000
21,107,5017000
21,107,5018000
21,107,5019000
21,107,5020000
21,107,5021000
21,107,5022000
21,107,5023000
21,107,5024000
21,107,5025000
21,107,5026000
21,107,5027000
21,107,5028000
21,107,5029000
21,107,5030000
21,107,5031000
21,107,5032000
21,107,5033000
21,107,5034000
21,107,5035000
21,107,5036000
21,107,5037000
21,107,5038000
21,107,5039000
21,107,5040000
21,107,5041000
21,107,5042000
21,107,5043000
21,107,5044000
21,107,5045000
21,107,5046000
21,107,5047000
21,107,5048000
21,107,5049000
21,107,5050000
21,107,5051000
21,107,5052000
21,107,5053000
21,107,5054000
21,107,5055000
21,107,5056000
21,107,5057000
21,107,5058000
21,107,5059000
21,107,5060000
21,107,5061000
21,107,5062000
21,107,5063000
21,107,5064000
21,107,5065000
21,107,5066000
21,107,5067000
21,107,5068000
21,107,5069000
21,107,5070000
21,107,5071000
21,107,5072000
21,107,5073000
21,107,5074000
21,107,5075000
21,107,5076000
21,107,5077000
21,107,5078000
21,107,5079000
21,107,5080000
21,107,5081000
21,107,5082000
21,107,5083000
21,107,5084000
21,107,5085000
21,107,5086000
21,107,5087000
21,107,5088000
21,107,5089000
21,107,5090000
21,107,5091000
21,107,5092000
21,107,5093000
21,107,5094000
21,107,5095000
21,107,5096000
21,107,5097000
21,107,5098000
21,107,5099000
21,107,5100000
21,107,5101000
21,107,5102000
21,107,5103000
21,107,5104000
21,107,5105000
21,107,5106000
21,107,5107000
21,107,5108000
21,107,5109000
21,107,5110000
21,107,5111000
21,107,5112000
21,107,5113000
21,107,5114000
21,107,5115000
21,107,5116000
21,107,5117000
21,107,5118000
21,107,5119000
21,107,5120000
21,107,5121000
21,107,5122000
21,107,5123000
21,107,5124000
21,107,5125000
21,107,5126000
21,107,5127000
21,107,5128000
21,107,5129000
21,107,5130000
21,107,5131000
21,107,5132000
21,107,5133000
21,107,5134000
21,107,5135000
21,107,5136000
21,107,5137000
21,107,5138000
21,107,5139000
21,107,5140000
21,107,5141000
21,107,5142000
21,107,5143000
21,107,5144000
21,107,5145000
21,107,5146000
21,107,5147000
21,107,5148000
21,107,5149000
21,107,5150000
21,107,5151000
21,107,5152000
21,107,5153000
21,107,5154000
21,107,5155000
21,107,5156000
21,107,5157000
21,107,5158000
21,107,5159000
21,107,5160000
21,107,5161000
21,107,5162000
21,107,5163000
21,107,5164000
21,107,5165000
21,107,5166000
21,107,5167000
21,107,5168000
21,107,5169000
21,107,5170000
21,107,5171000
21,107,5172000
21,107,5173000
21,107,5174000
21,107,5175000
21,107,5176000
21,107,5177000
21,107,5178000
21,107,5179000
21,107,5180000
21,107,5181000
21,107,5182000
21,107,5183000
21,107,5184000
21,107,5185000
21,107,5186000
21,107,5187000
21,107,5188000
21,107,5189000
21,107,5190000
21,107,5191000
21,107,5192000
21,107,5193000
21,107,5194000
21,107,5195000
21,107,5196000
21,107,5197000
21,107,5198000
21,107,5199000
21,107,5200000
21,107,5201000
21,107,5202000
21,107,5203000
21,107,5204000
21,107,5205000
21,107,5206000
21,107,5207000
21,107,5208000
21,107,5209000
21,107,5210000
21,107,5211000
21,107,5212000
21,107,5213000
21,107,5214000
21,107,5215000
21,107,5216000
21,107,5217000
21,107,5218000
21,107,5219000
21,107,5220000
21,107,5221000
21,107,5222000
21,107,5223000
21,107,5224000
21,107,5225000
21,107,5226000
21,107,5227000
21,107,5228000
21,107,5229000
21,107,5230000
21,107,5231000
21,107,5232000
21,107,5233000
21,107,5234000
21,107,5235000
21,107,5236000
21,107,5237000
21,107,5238000
21,107,5239000
21,107,5240000
21,107,5241000
21,107,5242000
21,107,5243000
21,107,5244000
21,107,5245000
21,107,5246000
21,107,5247000
21,107,5248000
21,107,5249000
21,107,5250000
21,107,5251000
21,107,5252000
21,107,5253000
21,107,5254000
21,107,5255000
21,107,5256000
21,107,5257000
21,107,5258000
21,107,5259000
21,107,5260000
21,107,5261000
21,107,5262000
21,107,5263000
21,107,5264000
21,107,5265000
21,107,5266000
21,107,5267000
21,107,5268000
21,107,5269000
21,107,5270000
21,107,5271000
21,107,5272000
21,107,5273000
21,107,5274000
21,107,5275000
21,107,5276000
21,107,5277000
21,107,5278000
21,107,5279000
21,107,5280000
21,107,5281000
21,107,5282000
21,107,5283000
21,107,5284000
21,107,5285000
21,107,5286000
21,107,5287000
21,107,5288000
21,107,5289000
21,107,5290000
21,107,5291000
21,107,5292000
21,107,5293000
21,107,5294000
21,107,5295000
21,107,5296000
21,107,5297000
21,107,5298000
21,107,5299000
21,107,5300000
21,107,5301000
21,107,5302000
21,107,5303000
21,107,5304000
21,107,5305000
21,107,5306000
21,107,5307000
21,107,5308000
21,107,5309000
21,107,5310000
21,107,5311000
21,107,5312000
21,107,5313000
21,107,5314000
21,107,5315000
21,107,5316000
21,107,5317000
21,107,5318000
21,107,5319000
21,107,5320000
21,107,5321000
21,107,5322000
21,107,5323000
21,107,5324000
21,107,5325000
21,107,5326000
21,107,5327000
21,107,5328000
21,107,5329000
21,107,5330000
21,107,5331000
21,107,5332000
21,107,5333000
21,107,5334000
21,107,5335000
21,107,5336000
21,107,5337000
21,107,5338000
21,107,5339000
21,107,5340000
21,107,5341000
21,107,5342000
21,107,5343000
21,107,5344000
21,107,5345000
21,107,5346000
21,107,5347000
21,107,5348000
21,107,5349000
21,107,5350000
21,107,5351000
21,107,5352000
21,107,5353000
21,107,5354000
21,107,5355000
21,107,5356000
21,107,5357000
21,107,5358000
21,107,5359000
21,107,5360000
21,107,5361000
21,107,5362000
21,107,5363000
21,107,5364000
21,107,5365000
21,107,5366000
21,107,5367000
21,107,5368000
21,107,5369000
21,107,5370000
21,107,5371000
21,107,5372000
21,107,5373000
21,107,5374000
21,107,5375000
21,107,5376000
21,107,5377000
21,107,5378000
21,107,5379000
21,107,5380000
21,107,5381000
21,107,5382000
21,107,5383000
21,107,5384000
21,107,5385000
21,107,5386000
21,107,5387000
21,107,5388000
21,107,5389000
21,107,5390000
21,107,5391000
21,107,5392000
21,107,5393000
21,107,5394000
21,107,5395000
21,107,5396000
21,107,5397000
21,107,5398000
21,107,5399000
21,107,5400000
21,107,5401000
21,107,5402000
21,107,5403000
21,107,5404000
21,107,5405000
21,107,5406000
21,107,5407000
21,107,5408000
21,107,5409000
21,107,5410000
21,107,5411000
21,107,5412000
21,107,5413000
21,107,5414000
21,107,5415000
21,107,5416000
21,107,5417000
21,107,5418000
21,107,5419000
21,107,5420000
21,107,5421000
21,107,5422000
21,107,5423000
21,107,5424000
21,107,5425000
21,107,5426000
21,107,5427000
21,107,5428000
21,107,5429000
21,107,5430000
21,107,5431000
21,107,5432000
21,107,5433000
21,107,5434000
21,107,5435000
21,107,5436000
21,107,5437000
21,107,5438000
21,107,5439000
21,107,5440000
21,107,5441000
21,107,5442000
21,107,5443000
21,107,5444000
21,107,5445000
21,107,5446000
21,107,5447000
21,107,5448000
21,107,5449000
21,107,5450000
21,107,5451000
21,107,5452000
21,107,5453000
21,107,5454000
21,107,5455000
21,107,5456000
21,107,5457000
21,107,5458000
21,107,5459000
21,107,5460000
21,107,5461000
21,107,5462000
21,107,5463000
21,107,5464000
21,107,5465000
21,107,5466000
21,107,5467000
21,107,5468000
21,107,5469000
21,107,5470000
21,107,5471000
21,107,5472000
21,107,5473000
21,107,5474000
21,107,5475000
21,107,5476000
21,107,5477000
21,107,5478000
21,107,5479000
21,107,5480000
21,107,5481000
21,107,5482000
21,107,5483000
21,107,5484000
21,107,5485000
21,107,5486000
21,107,5487000
21,107,5488000
21,107,5489000
21,107,5490000
21,107,5491000
21,107,5492000
21,107,5493000
21,107,5494000
21,107,5495000
21,107,5496000
21,107,5497000
21,107,5498000
21,107,5499000
21,107,5500000
21,107,5501000
21,107,5502000
21,107,5503000
21,107,5504000
21,107,5505000
21,107,5506000
21,107,5507000
21,107,5508000
21,107,5509000
21,107,5510000
21,107,5511000
21,107,5512000
21,107,5513000
21,107,5514000
21,107,5515000
21,107,5516000
21,107,5517000
21,107,5518000
21,107,5519000
21,107,5520000
21,107,5521000
21,107,5522000
21,107,5523000
21,107,5524000
21,107,5525000
21,107,5526000
21,107,5527000
21,107,5528000
21,107,5529000
21,107,5530000
21,107,5531000
21,107,5532000
21,107,5533000
21,107,5534000
21,107,5535000
21,107,5536000
21,107,5537000
21,107,5538000
21,107,5539000
21,107,5540000
21,107,5541000
21,107,5542000
21,107,5543000
21,107,5544000
21,107,5545000
21,107,5546000
21,107,5547000
21,107,5548000
21,107,5549000
21,107,5550000
21,107,5551000
21,107,5552000
21,107,5553000
21,107,5554000
21,107,5555000
21,107,5556000
21,107,5557000
21,107,5558000
21,107,5559000
21,107,5560000
21,107,5561000
21,107,5562000
21,107,5563000
21,107,5564000
21,107,5565000
21,107,5566000
21,107,5567000
21,107,5568000
21,107,5569000
21,107,5570000
21,107,5571000
21,107,5572000
21,107,5573000
21,107,5574000
21,107,5575000
21,107,5576000
21,107,5577000
21,107,5578000
21,107,5579000
21,107,5580000
21,107,5581000
21,107,5582000
21,107,5583000
21,107,5584000
21,107,5585000
21,107,5586000
21,107,5587000
21,107,5588000
21,107,5589000
21,107,5590000
21,107,5591000
21,107,5592000
21,107,5593000
21,107,5594000
21,107,5595000
21,107,5596000
21,107,5597000
21,107,5598000
21,107,5599000
21,107,5600000
21,107,5601000
21,107,5602000
21,107,5603000
21,107,5604000
21,107,5605000
21,107,5606000
21,107,5607000
21,107,5608000
21,107,5609000
21,107,5610000
21,107,5611000
21,107,5612000
21,107,5613000
21,107,5614000
21,107,5615000
21,107,5616000
21,107,5617000
21,107,5618000
21,107,5619000
21,107,5620000
21,107,5621000
21,107,5622000
21,107,5623000
21,107,5624000
21,107,5625000
21,107,5626000
21,107,5627000
21,107,5628000
21,107,5629000
21,107,5630000
21,107,5631000
21,107,5632000
21,107,5633000
21,107,5634000
21,107,5635000
21,107,5636000
21,107,5637000
21,107,5638000
21,107,5639000
21,107,5640000
21,107,5641000
21,107,5642000
21,107,5643000
21,107,5644000
21,107,5645000
21,107,5646000
21,107,5647000
21,107,5648000
21,107,5649000
21,107,5650000
21,107,5651000
21,107,5652000
21,107,5653000
21,107,5654000
21,107,5655000
21,107,5656000
21,107,5657000
21,107,5658000
21,107,5659000
21,107,5660000
21,107,5661000
21,107,5662000
21,107,5663000
21,107,5664000
21,107,5665000
21,107,5666000
21,107,5667000
21,107,5668000
21,107,5669000
21,107,5670000
21,107,5671000
21,107,5672000
21,107,5673000
21,107,5674000
21,107,5675000
21,107,5676000
21,107,5677000
21,107,5678000
21,107,5679000
21,107,5680000
21,107,5681000
21,107,5682000
21,107,5683000
21,107,5684000
21,107,5685000
21,107,5686000
21,107,5687000
21,107,5688000
21,107,5689000
21,107,5690000
21,107,5691000
21,107,5692000
21,107,5693000
21,107,5694000
21,107,5695000
21,107,5696000
21,107,5697000
21,107,5698000
21,107,5699000
21,107,5700000
21,107,5701000
21,107,5702000
21,107,5703000
21,107,5704000
21,107,5705000
21,107,5706000
21,107,5707000
21,107,5708000
21,107,5709000
21,107,5710000
21,107,5711000
21,107,5712000
21,107,5713000
21,107,5714000
21,107,5715000
21,107,5716000
21,107,5717000
21,107,5718000
21,107,5719000
21,107,5720000
21,107,5721000
21,107,5722000
21,107,5723000
21,107,5724000
21,107,5725000
21,107,5726000
21,107,5727000
21,107,5728000
21,107,5729000
21,107,5730000
21,107,5731000
21,107,5732000
21,107,5733000
21,107,5734000
21,107,5735000
21,107,5736000
21,107,5737000
21,107,5738000
21,107,5739000
21,107,5740000
21,107,5741000
21,107,5742000
21,107,5743000
21,107,5744000
21,107,5745000
21,107,5746000
21,107,5747000
21,107,5748000
21,107,5749000
21,107,5750000
21,107,5751000
21,107,5752000
21,107,5753000
21,107,5754000
21,107,5755000
21,107,5756000
21,107,5757000
21,107,5758000
21,107,5759000
21,107,5760000
21,107,5761000
21,107,5762000
21,107,5763000
21,107,5764000
21,107,5765000
21,107,5766000
21,107,5767000
21,107,5768000
21,107,5769000
21,107,5770000
21,107,5771000
21,107,5772000
21,107,5773000
21,107,5774000
21,107,5775000
21,107,5776000
21,107,5777000
21,107,5778000
21,107,5779000
21,107,5780000
21,107,5781000
21,107,5782000
21,107,5783000
21,107,5784000
21,107,5785000
21,107,5786000
21,107,5787000
21,107,5788000
21,107,5789000
21,107,5790000
21,107,5791000
21,107,5792000
21,107,5793000
21,107,5794000
21,107,5795000
21,107,5796000
21,107,5797000
21,107,5798000
21,107,5799000
21,107,5800000
21,107,5801000
21,107,5802000
21,107,5803000
21,107,5804000
21,107,5805000
21,107,5806000
21,107,5807000
21,107,5808000
21,107,5809000
21,107,5810000
21,107,5811000
21,107,5812000
21,107,5813000
21,107,5814000
21,107,5815000
21,107,5816000
21,107,5817000
21,107,5818000
21,107,5819000
21,107,5820000
21,107,5821000
21,107,5822000
21,107,5823000
21,107,5824000
21,107,5825000
21,107,5826000
21,107,5827000
21,107,5828000
21,107,5829000
21,107,5830000
21,107,5831000
21,107,5832000
21,107,5833000
21,107,5834000
21,107,5835000
21,107,5836000
21,107,5837000
21,107,5838000
21,107,5839000
21,107,5840000
21,107,5841000
21,107,5842000
21,107,5843000
21,107,5844000
21,107,5845000
21,107,5846000
21,107,5847000
21,107,5848000
21,107,5849000
21,107,5850000
21,107,5851000
21,107,5852000
21,107,5853000
21,107,5854000
21,107,5855000
21,107,5856000
21,107,5857000
21,107,5858000
21,107,5859000
21,107,5860000
21,107,5861000
21,107,5862000
21,107,5863000
21,107,5864000
21,107,5865000
21,107,5866000
21,107,5867000
21,107,5868000
21,107,5869000
21,107,5870000
21,107,5871000
21,107,5872000
21,107,5873000
21,107,5874000
21,107,5875000
21,107,5876000
21,107,5877000
21,107,5878000
21,107,5879000
21,107,5880000
21,107,5881000
21,107,5882000
21,107,5883000
21,107,5884000
21,107,5885000
21,107,5886000
21,107,5887000
21,107,5888000
21,107,5889000
21,107,5890000
21,107,5891000
21,107,5892000
21,107,5893000
21,107,5894000
21,107,5895000
21,107,5896000
21,107,5897000
21,107,5898000
21,107,5899000
21,107,5900000
21,107,5901000
21,107,5902000
21,107,5903000
21,107,5904000
21,107,5905000
21,107,5906000
21,107,5907000
21,107,5908000
21,107,5909000
21,107,5910000
21,107,5911000
21,107,5912000
21,107,5913000
21,107,5914000
21,107,5915000
21,107,5916000
21,107,5917000
21,107,5918000
21,107,5919000
21,107,5920000
21,107,5921000
21,107,5922000
21,107,5923000
21,107,5924000
21,107,5925000
21,107,5926000
21,107,5927000
21,107,5928000
21,107,5929000
21,107,5930000
21,107,5931000
21,107,5932000
21,107,5933000
21,107,5934000
21,107,5935000
21,107,5936000
21,107,5937000
21,107,5938000
21,107,5939000
21,107,5940000
21,107,5941000
21,107,5942000
21,107,5943000
21,107,5944000
21,107,5945000
21,107,5946000
21,107,5947000
21,107,5948000
21,107,5949000
21,107,5950000
21,107,5951000
21,107,5952000
21,107,5953000
21,107,5954000
21,107,5955000
21,107,5956000
21,107,5957000
21,107,5958000
21,107,5959000
21,107,5960000
21,107,5961000
21,107,5962000
21,107,5963000
21,107,5964000
21,107,5965000
21,107,5966000
21,107,5967000
21,107,5968000
21,107,5969000
21,107,5970000
21,107,5971000
21,107,5972000
21,107,5973000
21,107,5974000
21,107,5975000
21,107,5976000
21,107,5977000
21,107,5978000
21,107,5979000
21,107,5980000
21,107,5981000
21,107,5982000
21,107,5983000
21,107,5984000
21,107,5985000
21,107,5986000
21,107,5987000
21,107,5988000
21,107,5989000
21,107,5990000
21,107,5991000
21,107,5992000
21,107,5993000
21,107,5994000
21,107,5995000
21,107,5996000
21,107,5997000
21,107,5998000
21,107,5999000
21,107,6000000
21,107,6001000
21,107,6002000
21,107,6003000
21,107,6004000
21,107,6005000
21,107,6006000
21,107,6007000
21,107,6008000
21,107,6009000
21,107,6010000
21,107,6011000
21,107,6012000
21,107,6013000
21,107,6014000
21,107,6015000
21,107,6016000
21,107,6017000
21,107,6018000
21,107,6019000
21,107,6020000
21,107,6021000
21,107,6022000
21,107,6023000
21,107,6024000
21,107,6025000
21,107,6026000
21,107,6027000
21,107,6028000
21,107,6029000
21,107,6030000
21,107,6031000
21,107,6032000
21,107,6033000
21,107,6034000
21,107,6035000
21,107,6036000
21,107,6037000
21,107,6038000
21,107,6039000
21,107,6040000
21,107,6041000
21,107,6042000
21,107,6043000
21,107,6044000
21,107,6045000
21,107,6046000
21,107,6047000
21,107,6048000
21,107,6049000
21,107,6050000
21,107,6051000
21,107,6052000
21,107,6053000
21,107,6054000
21,107,6055000
21,107,6056000
21,107,6057000
21,107,6058000
21,107,6059000
21,107,6060000
21,107,6061000
21,107,6062000
21,107,6063000
21,107,6064000
21,107,6065000
21,107,6066000
21,107,6067000
21,107,6068000
21,107,6069000
21,107,6070000
21,107,6071000
21,107,6072000
21,107,6073000
21,107,6074000
21,107,6075000
21,107,6076000
21,107,6077000
21,107,6078000
21,107,6079000
21,107,6080000
21,107,6081000
21,107,6082000
21,107,6083000
21,107,6084000
21,107,6085000
21,107,6086000
21,107,6087000
21,107,6088000
21,107,6089000
21,107,6090000
21,107,6091000
21,107,6092000
21,107,6093000
21,107,6094000
21,107,6095000
21,107,6096000
21,107,6097000
21,107,6098000
21,107,6099000
21,107,6100000
21,107,6101000
21,107,6102000
21,107,6103000
21,107,6104000
21,107,6105000
21,107,6106000
21,107,6107000
21,107,6108000
21,107,6109000
21,107,6110000
21,107,6111000
21,107,6112000
21,107,6113000
21,107,6114000
21,107,6115000
21,107,6116000
21,107,6117000
21,107,6118000
21,107,6119000
21,107,6120000
21,107,6121000
21,107,6122000
21,107,6123000
21,107,6124000
21,107,6125000
21,107,6126000
21,107,6127000
21,107,6128000
21,107,6129000
21,107,6130000
21,107,6131000
21,107,6132000
21,107,6133000
21,107,6134000
21,107,6135000
21,107,6136000
21,107,6137000
21,107,6138000
21,107,6139000
21,107,6140000
21,107,6141000
21,107,6142000
21,107,6143000
21,107,6144000
21,107,6145000
21,107,6146000
21,107,6147000
21,107,6148000
21,107,6149000
21,107,6150000
21,107,6151000
21,107,6152000
21,107,6153000
21,107,6154000
21,107,6155000
21,107,6156000
21,107,6157000
21,107,6158000
21,107,6159000
21,107,6160000
21,107,6161000
21,107,6162000
21,107,6163000
21,107,6164000
21,107,6165000
21,107,6166000
21,107,6167000
21,107,6168000
21,107,6169000
21,107,6170000
21,107,6171000
21,107,6172000
21,107,6173000
21,107,6174000
21,107,6175000
21,107,6176000
21,107,6177000
21,107,6178000
21,107,6179000
21,107,6180000
21,107,6181000
21,107,6182000
21,107,6183000
21,107,6184000
21,107,6185000
21,107,6186000
21,107,6187000
21,107,6188000
21,107,6189000
21,107,6190000
21,107,6191000
21,107,6192000
21,107,6193000
21,107,6194000
21,107,6195000
21,107,6196000
21,107,6197000
21,107,6198000
21,107,6199000
21,107,6200000
21,107,6201000
21,107,6202000
21,107,6203000
21,107,6204000
21,107,6205000
21,107,6206000
21,107,6207000
21,107,6208000
21,107,6209000
21,107,6210000
21,107,6211000
21,107,6212000
21,107,6213000
21,107,6214000
21,107,6215000
21,107,6216000
21,107,6217000
21,107,6218000
21,107,6219000
21,107,6220000
21,107,6221000
21,107,6222000
21,107,6223000
21,107,6224000
21,107,6225000
21,107,6226000
21,107,6227000
21,107,6228000
21,107,6229000
21,107,6230000
21,107,6231000
21,107,6232000
21,107,6233000
21,107,6234000
21,107,6235000
21,107,6236000
21,107,6237000
21,107,6238000
21,107,6239000
21,107,6240000
21,107,6241000
21,107,6242000
21,107,6243000
21,107,6244000
21,107,6245000
21,107,6246000
21,107,6247000
21,107,6248000
21,107,6249000
21,107,6250000
21,107,6251000
21,107,6252000
21,107,6253000
21,107,6254000
21,107,6255000
21,107,6256000
21,107,6257000
21,107,6258000
21,107,6259000
21,107,6260000
21,107,6261000
21,107,6262000
21,107,6263000
21,107,6264000
21,107,6265000
21,107,6266000
21,107,6267000
21,107,6268000
21,107,6269000
21,107,6270000
21,107,6271000
21,107,6272000
21,107,6273000
21,107,6274000
21,107,6275000
21,107,6276000
21,107,6277000
21,107,6278000
21,107,6279000
21,107,6280000
21,107,6281000
21,107,6282000
21,107,6283000
21,107,6284000
21,107,6285000
21,107,6286000
21,107,6287000
21,107,6288000
21,107,6289000
21,107,6290000
21,107,6291000
21,107,6292000
21,107,6293000
21,107,6294000
21,107,6295000
21,107,6296000
21,107,6297000
21,107,6298000
21,107,6299000
21,107,6300000
21,107,6301000
21,107,6302000
21,107,6303000
21,107,6304000
21,107,6305000
21,107,6306000
21,107,6307000
21,107,6308000
21,107,6309000
21,107,6310000
21,107,6311000
21,107,6312000
21,107,6313000
21,107,6314000
21,107,6315000
21,107,6316000
21,107,6317000
21,107,6318000
21,107,6319000
21,107,6320000
21,107,6321000
21,107,6322000
21,107,6323000
21,107,6324000
21,107,6325000
21,107,6326000
21,107,6327000
21,107,6328000
21,107,6329000
21,107,6330000
21,107,6331000
21,107,6332000
21,107,6333000
21,107,6334000
21,107,6335000
21,107,6336000
21,107,6337000
21,107,6338000
21,107,6339000
21,107,6340000
21,107,6341000
21,107,6342000
21,107,6343000
21,107,6344000
21,107,6345000
21,107,6346000
21,107,6347000
21,107,6348000
21,107,6349000
21,107,6350000
21,107,6351000
21,107,6352000
21,107,6353000
21,107,6354000
21,107,6355000
21,107,6356000
21,107,6357000
21,107,6358000
21,107,6359000
21,107,6360000
21,107,6361000
21,107,6362000
21,107,6363000
21,107,6364000
21,107,6365000
21,107,6366000
21,107,6367000
21,107,6368000
21,107,6369000
21,107,6370000
21,107,6371000
21,107,6372000
21,107,6373000
21,107,6374000
21,107,6375000
21,107,6376000
21,107,6377000
21,107,6378000
21,107,6379000
21,107,6380000
21,107,6381000
21,107,6382000
21,107,6383000
21,107,6384000
21,107,6385000
21,107,6386000
21,107,6387000
21,107,6388000
21,107,6389000
21,107,6390000
21,107,6391000
21,107,6392000
21,107,6393000
21,107,6394000
21,107,6395000
21,107,6396000
21,107,6397000
21,107,6398000
21,107,6399000
21,107,6400000
21,107,6401000
21,107,6402000
21,107,6403000
21,107,6404000
21,107,6405000
21,107,6406000
21,107,6407000
21,107,6408000
21,107,6409000
21,107,6410000
21,107,6411000
21,107,6412000
21,107,6413000
21,107,6414000
21,107,6415000
21,107,6416000
21,107,6417000
21,107,6418000
21,107,6419000
21,107,6420000
21,107,6421000
21,107,6422000
21,107,6423000
21,107,6424000
21,107,6425000
21,107,6426000
21,107,6427000
21,107,6428000
21,107,6429000
21,107,6430000
21,107,6431000
21,107,6432000
21,107,6433000
21,107,6434000
21,107,6435000
21,107,6436000
21,107,6437000
21,107,6438000
21,107,6439000
21,107,6440000
21,107,6441000
21,107,6442000
21,107,6443000
21,107,6444000
21,107,6445000
21,107,6446000
21,107,6447000
21,107,6448000
21,107,6449000
21,107,6450000
21,107,6451000
21,107,6452000
21,107,6453000
21,107,6454000
21,107,6455000
21,107,6456000
21,107,6457000
21,107,6458000
21,107,6459000
21,107,6460000
21,107,6461000
21,107,6462000
21,107,6463000
21,107,6464000
21,107,6465000
21,107,6466000
21,107,6467000
21,107,6468000
21,107,6469000
21,107,6470000
21,107,6471000
21,107,6472000
21,107,6473000
21,107,6474000
21,107,6475000
21,107,6476000
21,107,6477000
21,107,6478000
21,107,6479000
21,107,6480000
21,107,6481000
21,107,6482000
21,107,6483000
21,107,6484000
21,107,6485000
21,107,6486000
21,107,6487000
21,107,6488000
21,107,6489000
21,107,6490000
21,107,6491000
21,107,6492000
21,107,6493000
21,107,6494000
21,107,6495000
21,107,6496000
21,107,6497000
21,107,6498000
21,107,6499000
21,107,6500000
21,107,6501000
21,107,6502000
21,107,6503000
21,107,6504000
21,107,6505000
21,107,6506000
21,107,6507000
21,107,6508000
21,107,6509000
21,107,6510000
21,107,6511000
21,107,6512000
21,107,6513000
21,107,6514000
21,107,6515000
21,107,6516000
21,107,6517000
21,107,6518000
21,107,6519000
21,107,6520000
21,107,6521000
21,107,6522000
21,107,6523000
21,107,6524000
21,107,6525000
21,107,6526000
21,107,6527000
21,107,6528000
21,107,6529000
21,107,6530000
21,107,6531000
21,107,6532000
21,107,6533000
21,107,6534000
21,107,6535000
21,107,6536000
21,107,6537000
21,107,6538000
21,107,6539000
21,107,6540000
21,107,6541000
21,107,6542000
21,107,6543000
21,107,6544000
21,107,6545000
21,107,6546000
21,107,6547000
21,107,6548000
21,107,6549000
21,107,6550000
21,107,6551000
21,107,6552000
21,107,6553000
21,107,6554000
21,107,6555000
21,107,6556000
21,107,6557000
21,107,6558000
21,107,6559000
21,107,6560000
21,107,6561000
21,107,6562000
21,107,6563000
21,107,6564000
21,107,6565000
21,107,6566000
21,107,6567000
21,107,6568000
21,107,6569000
21,107,6570000
21,107,6571000
21,107,6572000
21,107,6573000
21,107,6574000
21,107,6575000
21,107,6576000
21,107,6577000
21,107,6578000
21,107,6579000
21,107,6580000
21,107,6581000
21,107,6582000
21,107,6583000
21,107,6584000
21,107,6585000
21,107,6586000
21,107,6587000
21,107,6588000
21,107,6589000
21,107,6590000
21,107,6591000
21,107,6592000
21,107,6593000
21,107,6594000
21,107,6595000
21,107,6596000
21,107,6597000
21,107,6598000
21,107,6599000
21,107,6600000
21,107,6601000
21,107,6602000
21,107,6603000
21,107,6604000
21,107,6605000
21,107,6606000
21,107,6607000
21,107,6608000
21,107,6609000
21,107,6610000
21,107,6611000
21,107,6612000
21,107,6613000
21,107,6614000
21,107,6615000
21,107,6616000
21,107,6617000
21,107,6618000
21,107,6619000
21,107,6620000
21,107,6621000
21,107,6622000
21,107,6623000
21,107,6624000
21,107,6625000
21,107,6626000
21,107,6627000
21,107,6628000
21,107,6629000
21,107,6630000
21,107,6631000
21,107,6632000
21,107,6633000
21,107,6634000
21,107,6635000
21,107,6636000
21,107,6637000
21,107,6638000
21,107,6639000
21,107,6640000
21,107,6641000
21,107,6642000
21,107,6643000
21,107,6644000
21,107,6645000
21,107,6646000
21,107,6647000
21,107,6648000
21,107,6649000
21,107,6650000
21,107,6651000
21,107,6652000
21,107,6653000
21,107,6654000
21,107,6655000
21,107,6656000
21,107,6657000
21,107,6658000
21,107,6659000
21,107,6660000
21,107,6661000
21,107,6662000
21,107,6663000
21,107,6664000
21,107,6665000
21,107,6666000
21,107,6667000
21,107,6668000
21,107,6669000
21,107,6670000
21,107,6671000
21,107,6672000
21,107,6673000
21,107,6674000
21,107,6675000
21,107,6676000
21,107,6677000
21,107,6678000
21,107,6679000
21,107,6680000
21,107,6681000
21,107,6682000
21,107,6683000
21,107,6684000
21,107,6685000
21,107,6686000
21,107,6687000
21,107,6688000
21,107,6689000
21,107,6690000
21,107,6691000
21,107,6692000
21,107,6693000
21,107,6694000
21,107,6695000
21,107,6696000
21,107,6697000
21,107,6698000
21,107,6699000
21,107,6700000
21,107,6701000
21,107,6702000
21,107,6703000
21,107,6704000
21,107,6705000
21,107,6706000
21,107,6707000
21,107,6708000
21,107,6709000
21,107,6710000
21,107,6711000
21,107,6712000
21,107,6713000
21,107,6714000
21,107,6715000
21,107,6716000
21,107,6717000
21,107,6718000
21,107,6719000
21,107,6720000
21,107,6721000
21,107,6722000
21,107,6723000
21,107,6724000
21,107,6725000
21,107,6726000
21,107,6727000
21,107,6728000
21,107,6729000
21,107,6730000
21,107,6731000
21,107,6732000
21,107,6733000
21,107,6734000
21,107,6735000
21,107,6736000
21,107,6737000
21,107,6738000
21,107,6739000
21,107,6740000
21,107,6741000
21,107,6742000
21,107,6743000
21,107,6744000
21,107,6745000
21,107,6746000
21,107,6747000
21,107,6748000
21,107,6749000
21,107,6750000
21,107,6751000
21,107,6752000
21,107,6753000
21,107,6754000
21,107,6755000
21,107,6756000
21,107,6757000
21,107,6758000
21,107,6759000
21,107,6760000
21,107,6761000
21,107,6762000
21,107,6763000
21,107,6764000
21,107,6765000
21,107,6766000
21,107,6767000
21,107,6768000
21,107,6769000
21,107,6770000
21,107,6771000
21,107,6772000
21,107,6773000
21,107,6774000
21,107,6775000
21,107,6776000
21,107,6777000
21,107,6778000
21,107,6779000
21,107,6780000
21,107,6781000
21,107,6782000
21,107,6783000
21,107,6784000
21,107,6785000
21,107,6786000
21,107,6787000
21,107,6788000
21,107,6789000
21,107,6790000
21,107,6791000
21,107,6792000
21,107,6793000
21,107,6794000
21,107,6795000
21,107,6796000
21,107,6797000
21,107,6798000
21,107,6799000
21,107,6800000
21,107,6801000
21,107,6802000
21,107,6803000
21,107,6804000
21,107,6805000
21,107,6806000
21,107,6807000
21,107,6808000
21,107,6809000
21,107,6810000
21,107,6811000
21,107,6812000
21,107,6813000
21,107,6814000
21,107,6815000
21,107,6816000
21,107,6817000
21,107,6818000
21,107,6819000
21,107,6820000
21,107,6821000
21,107,6822000
21,107,6823000
21,107,6824000
21,107,6825000
21,107,6826000
21,107,6827000
21,107,6828000
21,107,6829000
21,107,6830000
21,107,6831000
21,107,6832000
21,107,6833000
21,107,6834000
21,107,6835000
21,107,6836000
21,107,6837000
21,107,6838000
21,107,6839000
21,107,6840000
21,107,6841000
21,107,6842000
21,107,6843000
21,107,6844000
21,107,6845000
21,107,6846000
21,107,6847000
21,107,6848000
21,107,6849000
21,107,6850000
21,107,6851000
21,107,6852000
21,107,6853000
21,107,6854000
21,107,6855000
21,107,6856000
21,107,6857000
21,107,6858000
21,107,6859000
21,107,6860000
21,107,6861000
21,107,6862000
21,107,6863000
21,107,6864000
21,107,6865000
21,107,6866000
21,107,6867000
21,107,6868000
21,107,6869000
21,107,6870000
21,107,6871000
21,107,6872000
21,107,6873000
21,107,6874000
21,107,6875000
21,107,6876000
21,107,6877000
21,107,6878000
21,107,6879000
21,107,6880000
21,107,6881000
21,107,6882000
21,107,6883000
21,107,6884000
21,107,6885000
21,107,6886000
21,107,6887000
21,107,6888000
21,107,6889000
21,107,6890000
21,107,6891000
21,107,6892000
21,107,6893000
21,107,6894000
21,107,6895000
21,107,6896000
21,107,6897000
21,107,6898000
21,107,6899000
21,107,6900000
21,107,6901000
21,107,6902000
21,107,6903000
21,107,6904000
21,107,6905000
21,107,6906000
21,107,6907000
21,107,6908000
21,107,6909000
21,107,6910000
21,107,6911000
21,107,6912000
21,107,6913000
21,107,6914000
21,107,6915000
21,107,6916000
21,107,6917000
21,107,6918000
21,107,6919000
21,107,6920000
21,107,6921000
21,107,6922000
21,107,6923000
21,107,6924000
21,107,6925000
21,107,6926000
21,107,6927000
21,107,6928000
21,107,6929000
21,107,6930000
21,107,6931000
21,107,6932000
21,107,6933000
21,107,6934000
21,107,6935000
21,107,6936000
21,107,6937000
21,107,6938000
21,107,6939000
21,107,6940000
21,107,6941000
21,107,6942000
21,107,6943000
21,107,6944000
21,107,6945000
21,107,6946000
21,107,6947000
21,107,6948000
21,107,6949000
21,107,6950000
21,107,6951000
21,107,6952000
21,107,6953000
21,107,6954000
21,107,6955000
21,107,6956000
21,107,6957000
21,107,6958000
21,107,6959000
21,107,6960000
21,107,6961000
21,107,6962000
21,107,6963000
21,107,6964000
21,107,6965000
21,107,6966000
21,107,6967000
21,107,6968000
21,107,6969000
21,107,6970000
21,107,6971000
21,107,6972000
21,107,6973000
21,107,6974000
21,107,6975000
21,107,6976000
21,107,6977000
21,107,6978000
21,107,6979000
21,107,6980000
21,107,6981000
21,107,6982000
21,107,6983000
21,107,6984000
21,107,6985000
21,107,6986000
21,107,6987000
21,107,6988000
21,107,6989000
21,107,6990000
21,107,6991000
21,107,6992000
21,107,6993000
21,107,6994000
21,107,6995000
21,107,6996000
21,107,6997000
21,107,6998000
21,107,6999000
21,107,7000000
21,107,7001000
21,107,7002000
21,107,7003000
21,107,7004000
21,107,7005000
21,107,7006000
21,107,7007000
21,107,7008000
21,107,7009000
21,107,7010000
21,107,7011000
21,107,7012000
21,107,7013000
21,107,7014000
21,107,7015000
21,107,7016000
21,107,7017000
21,107,7018000
21,107,7019000
21,107,7020000
21,107,7021000
21,107,7022000
21,107,7023000
21,107,7024000
21,107,7025000
21,107,7026000
21,107,7027000
21,107,7028000
21,107,7029000
21,107,7030000
21,107,7031000
21,107,7032000
21,107,7033000
21,107,7034000
21,107,7035000
21,107,7036000
21,107,7037000
21,107,7038000
21,107,7039000
21,107,7040000
21,107,7041000
21,107,7042000
21,107,7043000
21,107,7044000
21,107,7045000
21,107,7046000
21,107,7047000
21,107,7048000
21,107,7049000
21,107,7050000
21,107,7051000
21,107,7052000
21,107,7053000
21,107,7054000
21,107,7055000
21,107,7056000
21,107,7057000
21,107,7058000
21,107,7059000
21,107,7060000
21,107,7061000
21,107,7062000
21,107,7063000
21,107,7064000
21,107,7065000
21,107,7066000
21,107,7067000
21,107,7068000
21,107,7069000
21,107,7070000
21,107,7071000
21,107,7072000
21,107,7073000
21,107,7074000
21,107,7075000
21,107,7076000
21,107,7077000
21,107,7078000
21,107,7079000
21,107,7080000
21,107,7081000
21,107,7082000
21,107,7083000
21,107,7084000
21,107,7085000
21,107,7086000
21,107,7087000
21,107,7088000
21,107,7089000
21,107,7090000
21,107,7091000
21,107,7092000
21,107,7093000
21,107,7094000
21,107,7095000
21,107,7096000
21,107,7097000
21,107,7098000
21,107,7099000
21,107,7100000
21,107,7101000
21,107,7102000
21,107,7103000
21,107,7104000
21,107,7105000
21,107,7106000
21,107,7107000
21,107,7108000
21,107,7109000
21,107,7110000
21,107,7111000
21,107,7112000
21,107,7113000
21,107,7114000
21,107,7115000
21,107,7116000
21,107,7117000
21,107,7118000
21,107,7119000
21,107,7120000
21,107,7121000
21,107,7122000
21,107,7123000
21,107,7124000
21,107,7125000
21,107,7126000
21,107,7127000
21,107,7128000
21,107,7129000
21,107,7130000
21,107,7131000
21,107,7132000
21,107,7133000
21,107,7134000
21,107,7135000
21,107,7136000
21,107,7137000
21,107,7138000
21,107,7139000
21,107,7140000
21,107,7141000
21,107,7142000
21,107,7143000
21,107,7144000
21,107,7145000
21,107,7146000
21,107,7147000
21,107,7148000
21,107,7149000
21,107,7150000
21,107,7151000
21,107,7152000
21,107,7153000
21,107,7154000
21,107,7155000
21,107,7156000
21,107,7157000
21,107,7158000
21,107,7159000
21,107,7160000
21,107,7161000
21,107,7162000
21,107,7163000
21,107,7164000
21,107,7165000
21,107,7166000
21,107,7167000
21,107,7168000
21,107,7169000
21,107,7170000
21,107,7171000
21,107,7172000
21,107,7173000
21,107,7174000
21,107,7175000
21,107,7176000
21,107,7177000
21,107,7178000
21,107,7179000
21,107,7180000
21,107,7181000
21,107,7182000
21,107,7183000
21,107,7184000
21,107,7185000
21,107,7186000
21,107,7187000
21,107,7188000
21,107,7189000
21,107,7190000
21,107,7191000
21,107,7192000
21,107,7193000
21,107,7194000
21,107,7195000
21,107,7196000
21,107,7197000
21,107,7198000
21,107,7199000
21,107,7200000
21,107,7201000
21,107,7202000
21,107,7203000
21,107,7204000
21,107,7205000
21,107,7206000
21,107,7207000
21,107,7208000
21,107,7209000
21,107,7210000
21,107,7211000
21,107,7212000
21,107,7213000
21,107,7214000
21,107,7215000
21,107,7216000
21,107,7217000
21,107,7218000
21,107,7219000
21,107,7220000
21,107,7221000
21,107,7222000
21,107,7223000
21,107,7224000
21,107,7225000
21,107,7226000
21,107,7227000
21,107,7228000
21,107,7229000
21,107,7230000
21,107,7231000
21,107,7232000
21,107,7233000
21,107,7234000
21,107,7235000
21,107,7236000
21,107,7237000
21,107,7238000
21,107,7239000
21,107,7240000
21,107,7241000
21,107,7242000
21,107,7243000
21,107,7244000
21,107,7245000
21,107,7246000
21,107,7247000
21,107,7248000
21,107,7249000
21,107,7250000
21,107,7251000
21,107,7252000
21,107,7253000
21,107,7254000
21,107,7255000
21,107,7256000
21,107,7257000
21,107,7258000
21,107,7259000
21,107,7260000
21,107,7261000
21,107,7262000
21,107,7263000
21,107,7264000
21,107,7265000
21,107,7266000
21,107,7267000
21,107,7268000
21,107,7269000
21,107,7270000
21,107,7271000
21,107,7272000
21,107,7273000
21,107,7274000
21,107,7275000
21,107,7276000
21,107,7277000
21,107,7278000
21,107,7279000
21,107,7280000
21,107,7281000
21,107,7282000
21,107,7283000
21,107,7284000
21,107,7285000
21,107,7286000
21,107,7287000
21,107,7288000
21,107,7289000
21,107,7290000
21,107,7291000
21,107,7292000
21,107,7293000
21,107,7294000
21,107,7295000
21,107,7296000
21,107,7297000
21,107,7298000
21,107,7299000
21,107,7300000
21,107,7301000
21,107,7302000
21,107,7303000
21,107,7304000
21,107,7305000
21,107,7306000
21,107,7307000
21,107,7308000
21,107,7309000
21,107,7310000
21,107,7311000
21,107,7312000
21,107,7313000
21,107,7314000
21,107,7315000
21,107,7316000
21,107,7317000
21,107,7318000
21,107,7319000
21,107,7320000
21,107,7321000
21,107,7322000
21,107,7323000
21,107,7324000
21,107,7325000
21,107,7326000
21,107,7327000
21,107,7328000
21,107,7329000
21,107,7330000
21,107,7331000
21,107,7332000
21,107,7333000
21,107,7334000
21,107,7335000
21,107,7336000
21,107,7337000
21,107,7338000
21,107,7339000
21,107,7340000
21,107,7341000
21,107,7342000
21,107,7343000
21,107,7344000
21,107,7345000
21,107,7346000
21,107,7347000
21,107,7348000
21,107,7349000
21,107,7350000
21,107,7351000
21,107,7352000
21,107,7353000
21,107,7354000
21,107,7355000
21,107,7356000
21,107,7357000
21,107,7358000
21,107,7359000
21,107,7360000
21,107,7361000
21,107,7362000
21,107,7363000
21,107,7364000
21,107,7365000
21,107,7366000
21,107,7367000
21,107,7368000
21,107,7369000
21,107,7370000
21,107,7371000
21,107,7372000
21,107,7373000
21,107,7374000
21,107,7375000
21,107,7376000
21,107,7377000
21,107,7378000
21,107,7379000
21,107,7380000
21,107,7381000
21,107,7382000
21,107,7383000
21,107,7384000
21,107,7385000
21,107,7386000
21,107,7387000
21,107,7388000
21,107,7389000
21,107,7390000
21,107,7391000
21,107,7392000
21,107,7393000
21,107,7394000
21,107,7395000
21,107,7396000
21,107,7397000
21,107,7398000
21,107,7399000
21,107,7400000
21,107,7401000
21,107,7402000
21,107,7403000
21,107,7404000
21,107,7405000
21,107,7406000
21,107,7407000
21,107,7408000
21,107,7409000
21,107,7410000
21,107,7411000
21,107,7412000
21,107,7413000
21,107,7414000
21,107,7415000
21,107,7416000
21,107,7417000
21,107,7418000
21,107,7419000
21,107,7420000
21,107,7421000
21,107,7422000
21,107,7423000
21,107,7424000
21,107,7425000
21,107,7426000
21,107,7427000
21,107,7428000
21,107,7429000
21,107,7430000
21,107,7431000
21,107,7432000
21,107,7433000
21,107,7434000
21,107,7435000
21,107,7436000
21,107,7437000
21,107,7438000
21,107,7439000
21,107,7440000
21,107,7441000
21,107,7442000
21,107,7443000
21,107,7444000
21,107,7445000
21,107,7446000
21,107,7447000
21,107,7448000
21,107,7449000
21,107,7450000
21,107,7451000
21,107,7452000
21,107,7453000
21,107,7454000
21,107,7455000
21,107,7456000
21,107,7457000
21,107,7458000
21,107,7459000
21,107,7460000
21,107,7461000
21,107,7462000
21,107,7463000
21,107,7464000
21,107,7465000
21,107,7466000
21,107,7467000
21,107,7468000
21,107,7469000
21,107,7470000
21,107,7471000
21,107,7472000
21,107,7473000
21,107,7474000
21,107,7475000
21,107,7476000
21,107,7477000
21,107,7478000
21,107,7479000
21,107,7480000
21,107,7481000
21,107,7482000
21,107,7483000
21,107,7484000
21,107,7485000
21,107,7486000
21,107,7487000
21,107,7488000
21,107,7489000
21,107,7490000
21,107,7491000
21,107,7492000
21,107,7493000
21,107,7494000
21,107,7495000
21,107,7496000
21,107,7497000
21,107,7498000
21,107,7499000
21,107,7500000
21,107,7501000
21,107,7502000
21,107,7503000
21,107,7504000
21,107,7505000
21,107,7506000
21,107,7507000
21,107,7508000
21,107,7509000
21,107,7510000
21,107,7511000
21,107,7512000
21,107,7513000
21,107,7514000
21,107,7515000
21,107,7516000
21,107,7517000
21,107,7518000
21,107,7519000
21,107,7520000
21,107,7521000
21,107,7522000
21,107,7523000
21,107,7524000
21,107,7525000
21,107,7526000
21,107,7527000
21,107,7528000
21,107,7529000
21,107,7530000
21,107,7531000
21,107,7532000
21,107,7533000
21,107,7534000
21,107,7535000
21,107,7536000
21,107,7537000
21,107,7538000
21,107,7539000
21,107,7540000
21,107,7541000
21,107,7542000
21,107,7543000
21,107,7544000
21,107,7545000
21,107,7546000
21,107,7547000
21,107,7548000
21,107,7549000
21,107,7550000
21,107,7551000
21,107,7552000
21,107,7553000
21,107,7554000
21,107,7555000
21,107,7556000
21,107,7557000
21,107,7558000
21,107,7559000
21,107,7560000
21,107,7561000
21,107,7562000
21,107,7563000
21,107,7564000
21,107,7565000
21,107,7566000
21,107,7567000
21,107,7568000
21,107,7569000
21,107,7570000
21,107,7571000
21,107,7572000
21,107,7573000
21,107,7574000
21,107,7575000
21,107,7576000
21,107,7577000
21,107,7578000
21,107,7579000
21,107,7580000
21,107,7581000
21,107,7582000
21,107,7583000
21,107,7584000
21,107,7585000
21,107,7586000
21,107,7587000
21,107,7588000
21,107,7589000
21,107,7590000
21,107,7591000
21,107,7592000
21,107,7593000
21,107,7594000
21,107,7595000
21,107,7596000
21,107,7597000
21,107,7598000
21,107,7599000
21,107,7600000
21,107,7601000
21,107,7602000
21,107,7603000
21,107,7604000
21,107,7605000
21,107,7606000
21,107,7607000
21,107,7608000
21,107,7609000
21,107,7610000
21,107,7611000
21,107,7612000
21,107,7613000
21,107,7614000
21,107,7615000
21,107,7616000
21,107,7617000
21,107,7618000
21,107,7619000
21,107,7620000
21,107,7621000
21,107,7622000
21,107,7623000
21,107,7624000
21,107,7625000
21,107,7626000
21,107,7627000
21,107,7628000
21,107,7629000
21,107,7630000
21,107,7631000
21,107,7632000
21,107,7633000
21,107,7634000
21,107,7635000
21,107,7636000
21,107,7637000
21,107,7638000
21,107,7639000
21,107,7640000
21,107,7641000
21,107,7642000
21,107,7643000
21,107,7644000
21,107,7645000
21,107,7646000
21,107,7647000
21,107,7648000
21,107,7649000
21,107,7650000
21,107,7651000
21,107,7652000
21,107,7653000
21,107,7654000
21,107,7655000
21,107,7656000
21,107,7657000
21,107,7658000
21,107,7659000
21,107,7660000
21,107,7661000
21,107,7662000
21,107,7663000
21,107,7664000
21,107,7665000
21,107,7666000
21,107,7667000
21,107,7668000
21,107,7669000
21,107,7670000
21,107,7671000
21,107,7672000
21,107,7673000
21,107,7674000
21,107,7675000
21,107,7676000
21,107,7677000
21,107,7678000
21,107,7679000
21,107,7680000
21,107,7681000
21,107,7682000
21,107,7683000
21,107,7684000
21,107,7685000
21,107,7686000
21,107,7687000
21,107,7688000
21,107,7689000
21,107,7690000
21,107,7691000
21,107,7692000
21,107,7693000
21,107,7694000
21,107,7695000
21,107,7696000
21,107,7697000
21,107,7698000
21,107,7699000
21,107,7700000
21,107,7701000
21,107,7702000
21,107,7703000
21,107,7704000
21,107,7705000
21,107,7706000
21,107,7707000
21,107,7708000
21,107,7709000
21,107,7710000
21,107,7711000
21,107,7712000
21,107,7713000
21,107,7714000
21,107,7715000
21,107,7716000
21,107,7717000
21,107,7718000
21,107,7719000
21,107,7720000
21,107,7721000
21,107,7722000
21,107,7723000
21,107,7724000
21,107,7725000
21,107,7726000
21,107,7727000
21,107,7728000
21,107,7729000
21,107,7730000
21,107,7731000
21,107,7732000
21,107,7733000
21,107,7734000
21,107,7735000
21,107,7736000
21,107,7737000
21,107,7738000
21,107,7739000
21,107,7740000
21,107,7741000
21,107,7742000
21,107,7743000
21,107,7744000
21,107,7745000
21,107,7746000
21,107,7747000
21,107,7748000
21,107,7749000
21,107,7750000
21,107,7751000
21,107,7752000
21,107,7753000
21,107,7754000
21,107,7755000
21,107,7756000
21,107,7757000
21,107,7758000
21,107,7759000
21,107,7760000
21,107,7761000
21,107,7762000
21,107,7763000
21,107,7764000
21,107,7765000
21,107,7766000
21,107,7767000
21,107,7768000
21,107,7769000
21,107,7770000
21,107,7771000
21,107,7772000
21,107,7773000
21,107,7774000
21,107,7775000
21,107,7776000
21,107,7777000
21,107,7778000
21,107,7779000
21,107,7780000
21,107,7781000
21,107,7782000
21,107,7783000
21,107,7784000
21,107,7785000
21,107,7786000
21,107,7787000
21,107,7788000
21,107,7789000
21,107,7790000
21,107,7791000
21,107,7792000
21,107,7793000
21,107,7794000
21,107,7795000
21,107,7796000
21,107,7797000
21,107,7798000
21,107,7799000
21,107,7800000
21,107,7801000
21,107,7802000
21,107,7803000
21,107,7804000
21,107,7805000
21,107,7806000
21,107,7807000
21,107,7808000
21,107,7809000
21,107,7810000
21,107,7811000
21,107,7812000
21,107,7813000
21,107,7814000
21,107,7815000
21,107,7816000
21,107,7817000
21,107,7818000
21,107,7819000
21,107,7820000
21,107,7821000
21,107,7822000
21,107,7823000
21,107,7824000
21,107,7825000
21,107,7826000
21,107,7827000
21,107,7828000
21,107,7829000
21,107,7830000
21,107,7831000
21,107,7832000
21,107,7833000
21,107,7834000
21,107,7835000
21,107,7836000
21,107,7837000
21,107,7838000
21,107,7839000
21,107,7840000
21,107,7841000
21,107,7842000
21,107,7843000
21,107,7844000
21,107,7845000
21,107,7846000
21,107,7847000
21,107,7848000
21,107,7849000
21,107,7850000
21,107,7851000
21,107,7852000
21,107,7853000
21,107,7854000
21,107,7855000
21,107,7856000
21,107,7857000
21,107,7858000
21,107,7859000
21,107,7860000
21,107,7861000
21,107,7862000
21,107,7863000
21,107,7864000
21,107,7865000
21,107,7866000
21,107,7867000
21,107,7868000
21,107,7869000
21,107,7870000
21,107,7871000
21,107,7872000
21,107,7873000
21,107,7874000
21,107,7875000
21,107,7876000
21,107,7877000
21,107,7878000
21,107,7879000
21,107,7880000
21,107,7881000
21,107,7882000
21,107,7883000
21,107,7884000
21,107,7885000
21,107,7886000
21,107,7887000
21,107,7888000
21,107,7889000
21,107,7890000
21,107,7891000
21,107,7892000
21,107,7893000
21,107,7894000
21,107,7895000
21,107,7896000
21,107,7897000
21,107,7898000
21,107,7899000
21,107,7900000
21,107,7901000
21,107,7902000
21,107,7903000
21,107,7904000
21,107,7905000
21,107,7906000
21,107,7907000
21,107,7908000
21,107,7909000
21,107,7910000
21,107,7911000
21,107,7912000
21,107,7913000
21,107,7914000
21,107,7915000
21,107,7916000
21,107,7917000
21,107,7918000
21,107,7919000
21,107,7920000
21,107,7921000
21,107,7922000
21,107,7923000
21,107,7924000
21,107,7925000
21,107,7926000
21,107,7927000
21,107,7928000
21,107,7929000
21,107,7930000
21,107,7931000
21,107,7932000
21,107,7933000
21,107,7934000
21,107,7935000
21,107,7936000
21,107,7937000
21,107,7938000
21,107,7939000
21,107,7940000
21,107,7941000
21,107,7942000
21,107,7943000
21,107,7944000
21,107,7945000
21,107,7946000
21,107,7947000
21,107,7948000
21,107,7949000
21,107,7950000
21,107,7951000
21,107,7952000
21,107,7953000
21,107,7954000
21,107,7955000
21,107,7956000
21,107,7957000
21,107,7958000
21,107,7959000
21,107,7960000
21,107,7961000
21,107,7962000
21,107,7963000
21,107,7964000
21,107,7965000
21,107,7966000
21,107,7967000
21,107,7968000
21,107,7969000
21,107,7970000
21,107,7971000
21,107,7972000
21,107,7973000
21,107,7974000
21,107,7975000
21,107,7976000
21,107,7977000
21,107,7978000
21,107,7979000
21,107,7980000
21,107,7981000
21,107,7982000
21,107,7983000
21,107,7984000
21,107,7985000
21,107,7986000
21,107,7987000
21,107,7988000
21,107,7989000
21,107,7990000
21,107,7991000
21,107,7992000
21,107,7993000
21,107,7994000
21,107,7995000
21,107,7996000
21,107,7997000
21,107,7998000
21,107,7999000
21,107,8000000
21,107,8001000
21,107,8002000
21,107,8003000
21,107,8004000
21,107,8005000
21,107,8006000
21,107,8007000
21,107,8008000
21,107,8009000
21,107,8010000
21,107,8011000
21,107,8012000
21,107,8013000
21,107,8014000
21,107,8015000
21,107,8016000
21,107,8017000
21,107,8018000
21,107,8019000
21,107,8020000
21,107,8021000
21,107,8022000
21,107,8023000
21,107,8024000
21,107,8025000
21,107,8026000
21,107,8027000
21,107,8028000
21,107,8029000
21,107,8030000
21,107,8031000
21,107,8032000
21,107,8033000
21,107,8034000
21,107,8035000
21,107,8036000
21,107,8037000
21,107,8038000
21,107,8039000
21,107,8040000
21,107,8041000
21,107,8042000
21,107,8043000
21,107,8044000
21,107,8045000
21,107,8046000
21,107,8047000
21,107,8048000
21,107,8049000
21,107,8050000
21,107,8051000
21,107,8052000
21,107,8053000
21,107,8054000
21,107,8055000
21,107,8056000
21,107,8057000
21,107,8058000
21,107,8059000
21,107,8060000
21,107,8061000
21,107,8062000
21,107,8063000
21,107,8064000
21,107,8065000
21,107,8066000
21,107,8067000
21,107,8068000
21,107,8069000
21,107,8070000
21,107,8071000
21,107,8072000
21,107,8073000
21,107,8074000
21,107,8075000
21,107,8076000
21,107,8077000
21,107,8078000
21,107,8079000
21,107,8080000
21,107,8081000
21,107,8082000
21,107,8083000
21,107,8084000
21,107,8085000
21,107,8086000
21,107,8087000
21,107,8088000
21,107,8089000
21,107,8090000
21,107,8091000
21,107,8092000
21,107,8093000
21,107,8094000
21,107,8095000
21,107,8096000
21,107,8097000
21,107,8098000
21,107,8099000
21,107,8100000
21,107,8101000
21,107,8102000
21,107,8103000
21,107,8104000
21,107,8105000
21,107,8106000
21,107,8107000
21,107,8108000
21,107,8109000
21,107,8110000
21,107,8111000
21,107,8112000
21,107,8113000
21,107,8114000
21,107,8115000
21,107,8116000
21,107,8117000
21,107,8118000
21,107,8119000
21,107,8120000
21,107,8121000
21,107,8122000
21,107,8123000
21,107,8124000
21,107,8125000
21,107,8126000
21,107,8127000
21,107,8128000
21,107,8129000
21,107,8130000
21,107,8131000
21,107,8132000
21,107,8133000
21,107,8134000
21,107,8135000
21,107,8136000
21,107,8137000
21,107,8138000
21,107,8139000
21,107,8140000
21,107,8141000
21,107,8142000
21,107,8143000
21,107,8144000
21,107,8145000
21,107,8146000
21,107,8147000
21,107,8148000
21,107,8149000
21,107,8150000
21,107,8151000
21,107,8152000
21,107,8153000
21,107,8154000
21,107,8155000
21,107,8156000
21,107,8157000
21,107,8158000
21,107,8159000
21,107,8160000
21,107,8161000
21,107,8162000
21,107,8163000
21,107,8164000
21,107,8165000
21,107,8166000
21,107,8167000
21,107,8168000
21,107,8169000
21,107,8170000
21,107,8171000
21,107,8172000
21,107,8173000
21,107,8174000
21,107,8175000
21,107,8176000
21,107,8177000
21,107,8178000
21,107,8179000
21,107,8180000
21,107,8181000
21,107,8182000
21,107,8183000
21,107,8184000
21,107,8185000
21,107,8186000
21,107,8187000
21,107,8188000
21,107,8189000
21,107,8190000
21,107,8191000
21,107,8192000
21,107,8193000
21,107,8194000
21,107,8195000
21,107,8196000
21,107,8197000
21,107,8198000
21,107,8199000
21,107,8200000
21,107,8201000
21,107,8202000
21,107,8203000
21,107,8204000
21,107,8205000
21,107,8206000
21,107,8207000
21,107,8208000
21,107,8209000
21,107,8210000
21,107,8211000
21,107,8212000
21,107,8213000
21,107,8214000
21,107,8215000
21,107,8216000
21,107,8217000
21,107,8218000
21,107,8219000
21,107,8220000
21,107,8221000
21,107,8222000
21,107,8223000
21,107,8224000
21,107,8225000
21,107,8226000
21,107,8227000
21,107,8228000
21,107,8229000
21,107,8230000
21,107,8231000
21,107,8232000
21,107,8233000
21,107,8234000
21,107,8235000
21,107,8236000
21,107,8237000
21,107,8238000
21,107,8239000
21,107,8240000
21,107,8241000
21,107,8242000
21,107,8243000
21,107,8244000
21,107,8245000
21,107,8246000
21,107,8247000
21,107,8248000
21,107,8249000
21,107,8250000
21,107,8251000
21,107,8252000
21,107,8253000
21,107,8254000
21,107,8255000
21,107,8256000
21,107,8257000
21,107,8258000
21,107,8259000
21,107,8260000
21,107,8261000
21,107,8262000
21,107,8263000
21,107,8264000
21,107,8265000
21,107,8266000
21,107,8267000
21,107,8268000
21,107,8269000
21,107,8270000
21,107,8271000
21,107,8272000
21,107,8273000
21,107,8274000
21,107,8275000
21,107,8276000
21,107,8277000
21,107,8278000
21,107,8279000
21,107,8280000
21,107,8281000
21,107,8282000
21,107,8283000
21,107,8284000
21,107,8285000
21,107,8286000
21,107,8287000
21,107,8288000
21,107,8289000
21,107,8290000
21,107,8291000
21,107,8292000
21,107,8293000
21,107,8294000
21,107,8295000
21,107,8296000
21,107,8297000
21,107,8298000
21,107,8299000
21,107,8300000
21,107,8301000
21,107,8302000
21,107,8303000
21,107,8304000
21,107,8305000
21,107,8306000
21,107,8307000
21,107,8308000
21,107,8309000
21,107,8310000
21,107,8311000
21,107,8312000
21,107,8313000
21,107,8314000
21,107,8315000
21,107,8316000
21,107,8317000
21,107,8318000
21,107,8319000
21,107,8320000
21,107,8321000
21,107,8322000
21,107,8323000
21,107,8324000
21,107,8325000
21,107,8326000
21,107,8327000
21,107,8328000
21,107,8329000
21,107,8330000
21,107,8331000
21,107,8332000
21,107,8333000
21,107,8334000
21,107,8335000
21,107,8336000
21,107,8337000
21,107,8338000
21,107,8339000
21,107,8340000
21,107,8341000
21,107,8342000
21,107,8343000
21,107,8344000
21,107,8345000
21,107,8346000
21,107,8347000
21,107,8348000
21,107,8349000
21,107,8350000
21,107,8351000
21,107,8352000
21,107,8353000
21,107,8354000
21,107,8355000
21,107,8356000
21,107,8357000
21,107,8358000
21,107,8359000
21,107,8360000
21,107,8361000
21,107,8362000
21,107,8363000
21,107,8364000
21,107,8365000
21,107,8366000
21,107,8367000
21,107,8368000
21,107,8369000
21,107,8370000
21,107,8371000
21,107,8372000
21,107,8373000
21,107,8374000
21,107,8375000
21,107,8376000
21,107,8377000
21,107,8378000
21,107,8379000
21,107,8380000
21,107,8381000
21,107,8382000
21,107,8383000
21,107,8384000
21,107,8385000
21,107,8386000
21,107,8387000
21,107,8388000
21,107,8389000
21,107,8390000
21,107,8391000
21,107,8392000
21,107,8393000
21,107,8394000
21,107,8395000
21,107,8396000
21,107,8397000
21,107,8398000
21,107,8399000
21,107,8400000
21,107,8401000
21,107,8402000
21,107,8403000
21,107,8404000
21,107,8405000
21,107,8406000
21,107,8407000
21,107,8408000
21,107,8409000
21,107,8410000
21,107,8411000
21,107,8412000
21,107,8413000
21,107,8414000
21,107,8415000
21,107,8416000
21,107,8417000
21,107,8418000
21,107,8419000
21,107,8420000
21,107,8421000
21,107,8422000
21,107,8423000
21,107,8424000
21,107,8425000
21,107,8426000
21,107,8427000
21,107,8428000
21,107,8429000
21,107,8430000
21,107,8431000
21,107,8432000
21,107,8433000
21,107,8434000
21,107,8435000
21,107,8436000
21,107,8437000
21,107,8438000
21,107,8439000
21,107,8440000
21,107,8441000
21,107,8442000
21,107,8443000
21,107,8444000
21,107,8445000
21,107,8446000
21,107,8447000
21,107,8448000
21,107,8449000
21,107,8450000
21,107,8451000
21,107,8452000
21,107,8453000
21,107,8454000
21,107,8455000
21,107,8456000
21,107,8457000
21,107,8458000
21,107,8459000
21,107,8460000
21,107,8461000
21,107,8462000
21,107,8463000
21,107,8464000
21,107,8465000
21,107,8466000
21,107,8467000
21,107,8468000
21,107,8469000
21,107,8470000
21,107,8471000
21,107,8472000
21,107,8473000
21,107,8474000
21,107,8475000
21,107,8476000
21,107,8477000
21,107,8478000
21,107,8479000
21,107,8480000
21,107,8481000
21,107,8482000
21,107,8483000
21,107,8484000
21,107,8485000
21,107,8486000
21,107,8487000
21,107,8488000
21,107,8489000
21,107,8490000
21,107,8491000
21,107,8492000
21,107,8493000
21,107,8494000
21,107,8495000
21,107,8496000
21,107,8497000
21,107,8498000
21,107,8499000
21,107,8500000
21,107,8501000
21,107,8502000
21,107,8503000
21,107,8504000
21,107,8505000
21,107,8506000
21,107,8507000
21,107,8508000
21,107,8509000
21,107,8510000
21,107,8511000
21,107,8512000
21,107,8513000
21,107,8514000
21,107,8515000
21,107,8516000
21,107,8517000
21,107,8518000
21,107,8519000
21,107,8520000
21,107,8521000
21,107,8522000
21,107,8523000
21,107,8524000
21,107,8525000
21,107,8526000
21,107,8527000
21,107,8528000
21,107,8529000
21,107,8530000
21,107,8531000
21,107,8532000
21,107,8533000
21,107,8534000
21,107,8535000
21,107,8536000
21,107,8537000
21,107,8538000
21,107,8539000
21,107,8540000
21,107,8541000
21,107,8542000
21,107,8543000
21,107,8544000
21,107,8545000
21,107,8546000
21,107,8547000
21,107,8548000
21,107,8549000
21,107,8550000
21,107,8551000
21,107,8552000
21,107,8553000
21,107,8554000
21,107,8555000
21,107,8556000
21,107,8557000
21,107,8558000
21,107,8559000
21,107,8560000
21,107,8561000
21,107,8562000
21,107,8563000
21,107,8564000
21,107,8565000
21,107,8566000
21,107,8567000
21,107,8568000
21,107,8569000
21,107,8570000
21,107,8571000
21,107,8572000
21,107,8573000
21,107,8574000
21,107,8575000
21,107,8576000
21,107,8577000
21,107,8578000
21,107,8579000
21,107,8580000
21,107,8581000
21,107,8582000
21,107,8583000
21,107,8584000
21,107,8585000
21,107,8586000
21,107,8587000
21,107,8588000
21,107,8589000
21,107,8590000
21,107,8591000
21,107,8592000
21,107,8593000
21,107,8594000
21,107,8595000
21,107,8596000
21,107,8597000
21,107,8598000
21,107,8599000
21,107,8600000
21,107,8601000
21,107,8602000
21,107,8603000
21,107,8604000
21,107,8605000
21,107,8606000
21,107,8607000
21,107,8608000
21,107,8609000
21,107,8610000
21,107,8611000
21,107,8612000
21,107,8613000
21,107,8614000
21,107,8615000
21,107,8616000
21,107,8617000
21,107,8618000
21,107,8619000
21,107,8620000
21,107,8621000
21,107,8622000
21,107,8623000
21,107,8624000
21,107,8625000
21,107,8626000
21,107,8627000
21,107,8628000
21,107,8629000
21,107,8630000
21,107,8631000
21,107,8632000
21,107,8633000
21,107,8634000
21,107,8635000
21,107,8636000
21,107,8637000
21,107,8638000
21,107,8639000
21,107,8640000
21,107,8641000
21,107,8642000
21,107,8643000
21,107,8644000
21,107,8645000
21,107,8646000
21,107,8647000
21,107,8648000
21,107,8649000
21,107,8650000
21,107,8651000
21,107,8652000
21,107,8653000
21,107,8654000
21,107,8655000
21,107,8656000
21,107,8657000
21,107,8658000
21,107,8659000
21,107,8660000
21,107,8661000
21,107,8662000
21,107,8663000
21,107,8664000
21,107,8665000
21,107,8666000
21,107,8667000
21,107,8668000
21,107,8669000
21,107,8670000
21,107,8671000
21,107,8672000
21,107,8673000
21,107,8674000
21,107,8675000
21,107,8676000
21,107,8677000
21,107,8678000
21,107,8679000
21,107,8680000
21,107,8681000
21,107,8682000
21,107,8683000
21,107,8684000
21,107,8685000
21,107,8686000
21,107,8687000
21,107,8688000
21,107,8689000
21,107,8690000
21,107,8691000
21,107,8692000
21,107,8693000
21,107,8694000
21,107,8695000
21,107,8696000
21,107,8697000
21,107,8698000
21,107,8699000
21,107,8700000
21,107,8701000
21,107,8702000
21,107,8703000
21,107,8704000
21,107,8705000
21,107,8706000
21,107,8707000
21,107,8708000
21,107,8709000
21,107,8710000
21,107,8711000
21,107,8712000
21,107,8713000
21,107,8714000
21,107,8715000
21,107,8716000
21,107,8717000
21,107,8718000
21,107,8719000
21,107,8720000
21,107,8721000
21,107,8722000
21,107,8723000
21,107,8724000
21,107,8725000
21,107,8726000
21,107,8727000
21,107,8728000
21,107,8729000
21,107,8730000
21,107,8731000
21,107,8732000
21,107,8733000
21,107,8734000
21,107,8735000
21,107,8736000
21,107,8737000
21,107,8738000
21,107,8739000
21,107,8740000
21,107,8741000
21,107,8742000
21,107,8743000
21,107,8744000
21,107,8745000
21,107,8746000
21,107,8747000
21,107,8748000
21,107,8749000
21,107,8750000
21,107,8751000
21,107,8752000
21,107,8753000
21,107,8754000
21,107,8755000
21,107,8756000
21,107,8757000
21,107,8758000
21,107,8759000
21,107,8760000
21,107,8761000
21,107,8762000
21,107,8763000
21,107,8764000
21,107,8765000
21,107,8766000
21,107,8767000
21,107,8768000
21,107,8769000
21,107,8770000
21,107,8771000
21,107,8772000
21,107,8773000
21,107,8774000
21,107,8775000
21,107,8776000
21,107,8777000
21,107,8778000
21,107,8779000
21,107,8780000
21,107,8781000
21,107,8782000
21,107,8783000
21,107,8784000
21,107,8785000
21,107,8786000
21,107,8787000
21,107,8788000
21,107,8789000
21,107,8790000
21,107,8791000
21,107,8792000
21,107,8793000
21,107,8794000
21,107,8795000
21,107,8796000
21,107,8797000
21,107,8798000
21,107,8799000
21,107,8800000
21,107,8801000
21,107,8802000
21,107,8803000
21,107,8804000
21,107,8805000
21,107,8806000
21,107,8807000
21,107,8808000
21,107,8809000
21,107,8810000
21,107,8811000
21,107,8812000
21,107,8813000
21,107,8814000
21,107,8815000
21,107,8816000
21,107,8817000
21,107,8818000
21,107,8819000
21,107,8820000
21,107,8821000
21,107,8822000
21,107,8823000
21,107,8824000
21,107,8825000
21,107,8826000
21,107,8827000
21,107,8828000
21,107,8829000
21,107,8830000
21,107,8831000
21,107,8832000
21,107,8833000
21,107,8834000
21,107,8835000
21,107,8836000
21,107,8837000
21,107,8838000
21,107,8839000
21,107,8840000
21,107,8841000
21,107,8842000
21,107,8843000
21,107,8844000
21,107,8845000
21,107,8846000
21,107,8847000
21,107,8848000
21,107,8849000
21,107,8850000
21,107,8851000
21,107,8852000
21,107,8853000
21,107,8854000
21,107,8855000
21,107,8856000
21,107,8857000
21,107,8858000
21,107,8859000
21,107,8860000
21,107,8861000
21,107,8862000
21,107,8863000
21,107,8864000
21,107,8865000
21,107,8866000
21,107,8867000
21,107,8868000
21,107,8869000
21,107,8870000
21,107,8871000
21,107,8872000
21,107,8873000
21,107,8874000
21,107,8875000
21,107,8876000
21,107,8877000
21,107,8878000
21,107,8879000
21,107,8880000
21,107,8881000
21,107,8882000
21,107,8883000
21,107,8884000
21,107,8885000
21,107,8886000
21,107,8887000
21,107,8888000
21,107,8889000
21,107,8890000
21,107,8891000
21,107,8892000
21,107,8893000
21,107,8894000
21,107,8895000
21,107,8896000
21,107,8897000
21,107,8898000
21,107,8899000
21,107,8900000
21,107,8901000
21,107,8902000
21,107,8903000
21,107,8904000
21,107,8905000
21,107,8906000
21,107,8907000
21,107,8908000
21,107,8909000
21,107,8910000
21,107,8911000
21,107,8912000
21,107,8913000
21,107,8914000
21,107,8915000
21,107,8916000
21,107,8917000
21,107,8918000
21,107,8919000
21,107,8920000
21,107,8921000
21,107,8922000
21,107,8923000
21,107,8924000
21,107,8925000
21,107,8926000
21,107,8927000
21,107,8928000
21,107,8929000
21,107,8930000
21,107,8931000
21,107,8932000
21,107,8933000
21,107,8934000
21,107,8935000
21,107,8936000
21,107,8937000
21,107,8938000
21,107,8939000
21,107,8940000
21,107,8941000
21,107,8942000
21,107,8943000
21,107,8944000
21,107,8945000
21,107,8946000
21,107,8947000
21,107,8948000
21,107,8949000
21,107,8950000
21,107,8951000
21,107,8952000
21,107,8953000
21,107,8954000
21,107,8955000
21,107,8956000
21,107,8957000
21,107,8958000
21,107,8959000
21,107,8960000
21,107,8961000
21,107,8962000
21,107,8963000
21,107,8964000
21,107,8965000
21,107,8966000
21,107,8967000
21,107,8968000
21,107,8969000
21,107,8970000
21,107,8971000
21,107,8972000
21,107,8973000
21,107,8974000
21,107,8975000
21,107,8976000
21,107,8977000
21,107,8978000
21,107,8979000
21,107,8980000
21,107,8981000
21,107,8982000
21,107,8983000
21,107,8984000
21,107,8985000
21,107,8986000
21,107,8987000
21,107,8988000
21,107,8989000
21,107,8990000
21,107,8991000
21,107,8992000
21,107,8993000
21,107,8994000
21,107,8995000
21,107,8996000
21,107,8997000
21,107,8998000
21,107,8999000
21,107,9000000
21,107,9001000
21,107,9002000
21,107,9003000
21,107,9004000
21,107,9005000
21,107,9006000
21,107,9007000
21,107,9008000
21,107,9009000
21,107,9010000
21,107,9011000
21,107,9012000
21,107,9013000
21,107,9014000
21,107,9015000
21,107,9016000
21,107,9017000
21,107,9018000
21,107,9019000
21,107,9020000
21,107,9021000
21,107,9022000
21,107,9023000
21,107,9024000
21,107,9025000
21,107,9026000
21,107,9027000
21,107,9028000
21,107,9029000
21,107,9030000
21,107,9031000
21,107,9032000
21,107,9033000
21,107,9034000
21,107,9035000
21,107,9036000
21,107,9037000
21,107,9038000
21,107,9039000
21,107,9040000
21,107,9041000
21,107,9042000
21,107,9043000
21,107,9044000
21,107,9045000
21,107,9046000
21,107,9047000
21,107,9048000
21,107,9049000
21,107,9050000
21,107,9051000
21,107,9052000
21,107,9053000
21,107,9054000
21,107,9055000
21,107,9056000
21,107,9057000
21,107,9058000
21,107,9059000
21,107,9060000
21,107,9061000
21,107,9062000
21,107,9063000
21,107,9064000
21,107,9065000
21,107,9066000
21,107,9067000
21,107,9068000
21,107,9069000
21,107,9070000
21,107,9071000
21,107,9072000
21,107,9073000
21,107,9074000
21,107,9075000
21,107,9076000
21,107,9077000
21,107,9078000
21,107,9079000
21,107,9080000
21,107,9081000
21,107,9082000
21,107,9083000
21,107,9084000
21,107,9085000
21,107,9086000
21,107,9087000
21,107,9088000
21,107,9089000
21,107,9090000
21,107,9091000
21,107,9092000
21,107,9093000
21,107,9094000
21,107,9095000
21,107,9096000
21,107,9097000
21,107,9098000
21,107,9099000
21,107,9100000
21,107,9101000
21,107,9102000
21,107,9103000
21,107,9104000
21,107,9105000
21,107,9106000
21,107,9107000
21,107,9108000
21,107,9109000
21,107,9110000
21,107,9111000
21,107,9112000
21,107,9113000
21,107,9114000
21,107,9115000
21,107,9116000
21,107,9117000
21,107,9118000
21,107,9119000
21,107,9120000
21,107,9121000
21,107,9122000
21,107,9123000
21,107,9124000
21,107,9125000
21,107,9126000
21,107,9127000
21,107,9128000
21,107,9129000
21,107,9130000
21,107,9131000
21,107,9132000
21,107,9133000
21,107,9134000
21,107,9135000
21,107,9136000
21,107,9137000
21,107,9138000
21,107,9139000
21,107,9140000
21,107,9141000
21,107,9142000
21,107,9143000
21,107,9144000
21,107,9145000
21,107,9146000
21,107,9147000
21,107,9148000
21,107,9149000
21,107,9150000
21,107,9151000
21,107,9152000
21,107,9153000
21,107,9154000
21,107,9155000
21,107,9156000
21,107,9157000
21,107,9158000
21,107,9159000
21,107,9160000
21,107,9161000
21,107,9162000
21,107,9163000
21,107,9164000
21,107,9165000
21,107,9166000
21,107,9167000
21,107,9168000
21,107,9169000
21,107,9170000
21,107,9171000
21,107,9172000
21,107,9173000
21,107,9174000
21,107,9175000
21,107,9176000
21,107,9177000
21,107,9178000
21,107,9179000
21,107,9180000
21,107,9181000
21,107,9182000
21,107,9183000
21,107,9184000
21,107,9185000
21,107,9186000
21,107,9187000
21,107,9188000
21,107,9189000
21,107,9190000
21,107,9191000
21,107,9192000
21,107,9193000
21,107,9194000
21,107,9195000
21,107,9196000
21,107,9197000
21,107,9198000
21,107,9199000
21,107,9200000
21,107,9201000
21,107,9202000
21,107,9203000
21,107,9204000
21,107,9205000
21,107,9206000
21,107,9207000
21,107,9208000
21,107,9209000
21,107,9210000
21,107,9211000
21,107,9212000
21,107,9213000
21,107,9214000
21,107,9215000
21,107,9216000
21,107,9217000
21,107,9218000
21,107,9219000
21,107,9220000
21,107,9221000
21,107,9222000
21,107,9223000
21,107,9224000
21,107,9225000
21,107,9226000
21,107,9227000
21,107,9228000
21,107,9229000
21,107,9230000
21,107,9231000
21,107,9232000
21,107,9233000
21,107,9234000
21,107,9235000
21,107,9236000
21,107,9237000
21,107,9238000
21,107,9239000
21,107,9240000
21,107,9241000
21,107,9242000
21,107,9243000
21,107,9244000
21,107,9245000
21,107,9246000
21,107,9247000
21,107,9248000
21,107,9249000
21,107,9250000
21,107,9251000
21,107,9252000
21,107,9253000
21,107,9254000
21,107,9255000
21,107,9256000
21,107,9257000
21,107,9258000
21,107,9259000
21,107,9260000
21,107,9261000
21,107,9262000
21,107,9263000
21,107,9264000
21,107,9265000
21,107,9266000
21,107,9267000
21,107,9268000
21,107,9269000
21,107,9270000
21,107,9271000
21,107,9272000
21,107,9273000
21,107,9274000
21,107,9275000
21,107,9276000
21,107,9277000
21,107,9278000
21,107,9279000
21,107,9280000
21,107,9281000
21,107,9282000
21,107,9283000
21,107,9284000
21,107,9285000
21,107,9286000
21,107,9287000
21,107,9288000
21,107,9289000
21,107,9290000
21,107,9291000
21,107,9292000
21,107,9293000
21,107,9294000
21,107,9295000
21,107,9296000
21,107,9297000
21,107,9298000
21,107,9299000
21,107,9300000
21,107,9301000
21,107,9302000
21,107,9303000
21,107,9304000
21,107,9305000
21,107,9306000
21,107,9307000
21,107,9308000
21,107,9309000
21,107,9310000
21,107,9311000
21,107,9312000
21,107,9313000
21,107,9314000
21,107,9315000
21,107,9316000
21,107,9317000
21,107,9318000
21,107,9319000
21,107,9320000
21,107,9321000
21,107,9322000
21,107,9323000
21,107,9324000
21,107,9325000
21,107,9326000
21,107,9327000
21,107,9328000
21,107,9329000
21,107,9330000
21,107,9331000
21,107,9332000
21,107,9333000
21,107,9334000
21,107,9335000
21,107,9336000
21,107,9337000
21,107,9338000
21,107,9339000
21,107,9340000
21,107,9341000
21,107,9342000
21,107,9343000
21,107,9344000
21,107,9345000
21,107,9346000
21,107,9347000
21,107,9348000
21,107,9349000
21,107,9350000
21,107,9351000
21,107,9352000
21,107,9353000
21,107,9354000
21,107,9355000
21,107,9356000
21,107,9357000
21,107,9358000
21,107,9359000
21,107,9360000
21,107,9361000
21,107,9362000
21,107,9363000
21,107,9364000
21,107,9365000
21,107,9366000
21,107,9367000
21,107,9368000
21,107,9369000
21,107,9370000
21,107,9371000
21,107,9372000
21,107,9373000
21,107,9374000
21,107,9375000
21,107,9376000
21,107,9377000
21,107,9378000
21,107,9379000
21,107,9380000
21,107,9381000
21,107,9382000
21,107,9383000
21,107,9384000
21,107,9385000
21,107,9386000
21,107,9387000
21,107,9388000
21,107,9389000
21,107,9390000
21,107,9391000
21,107,9392000
21,107,9393000
21,107,9394000
21,107,9395000
21,107,9396000
21,107,9397000
21,107,9398000
21,107,9399000
21,107,9400000
21,107,9401000
21,107,9402000
21,107,9403000
21,107,9404000
21,107,9405000
21,107,9406000
21,107,9407000
21,107,9408000
21,107,9409000
21,107,9410000
21,107,9411000
21,107,9412000
21,107,9413000
21,107,9414000
21,107,9415000
21,107,9416000
21,107,9417000
21,107,9418000
21,107,9419000
21,107,9420000
21,107,9421000
21,107,9422000
21,107,9423000
21,107,9424000
21,107,9425000
21,107,9426000
21,107,9427000
21,107,9428000
21,107,9429000
21,107,9430000
21,107,9431000
21,107,9432000
21,107,9433000
21,107,9434000
21,107,9435000
21,107,9436000
21,107,9437000
21,107,9438000
21,107,9439000
21,107,9440000
21,107,9441000
21,107,9442000
21,107,9443000
21,107,9444000
21,107,9445000
21,107,9446000
21,107,9447000
21,107,9448000
21,107,9449000
21,107,9450000
21,107,9451000
21,107,9452000
21,107,9453000
21,107,9454000
21,107,9455000
21,107,9456000
21,107,9457000
21,107,9458000
21,107,9459000
21,107,9460000
21,107,9461000
21,107,9462000
21,107,9463000
21,107,9464000
21,107,9465000
21,107,9466000
21,107,9467000
21,107,9468000
21,107,9469000
21,107,9470000
21,107,9471000
21,107,9472000
21,107,9473000
21,107,9474000
21,107,9475000
21,107,9476000
21,107,9477000
21,107,9478000
21,107,9479000
21,107,9480000
21,107,9481000
21,107,9482000
21,107,9483000
21,107,9484000
21,107,9485000
21,107,9486000
21,107,9487000
21,107,9488000
21,107,9489000
21,107,9490000
21,107,9491000
21,107,9492000
21,107,9493000
21,107,9494000
21,107,9495000
21,107,9496000
21,107,9497000
21,107,9498000
21,107,9499000
21,107,9500000
21,107,9501000
21,107,9502000
21,107,9503000
21,107,9504000
21,107,9505000
21,107,9506000
21,107,9507000
21,107,9508000
21,107,9509000
21,107,9510000
21,107,9511000
21,107,9512000
21,107,9513000
21,107,9514000
21,107,9515000
21,107,9516000
21,107,9517000
21,107,9518000
21,107,9519000
21,107,9520000
21,107,9521000
21,107,9522000
21,107,9523000
21,107,9524000
21,107,9525000
21,107,9526000
21,107,9527000
21,107,9528000
21,107,9529000
21,107,9530000
21,107,9531000
21,107,9532000
21,107,9533000
21,107,9534000
21,107,9535000
21,107,9536000
21,107,9537000
21,107,9538000
21,107,9539000
21,107,9540000
21,107,9541000
21,107,9542000
21,107,9543000
21,107,9544000
21,107,9545000
21,107,9546000
21,107,9547000
21,107,9548000
21,107,9549000
21,107,9550000
21,107,9551000
21,107,9552000
21,107,9553000
21,107,9554000
21,107,9555000
21,107,9556000
21,107,9557000
21,107,9558000
21,107,9559000
21,107,9560000
21,107,9561000
21,107,9562000
21,107,9563000
21,107,9564000
21,107,9565000
21,107,9566000
21,107,9567000
21,107,9568000
21,107,9569000
21,107,9570000
21,107,9571000
21,107,9572000
21,107,9573000
21,107,9574000
21,107,9575000
21,107,9576000
21,107,9577000
21,107,9578000
21,107,9579000
21,107,9580000
21,107,9581000
21,107,9582000
21,107,9583000
21,107,9584000
21,107,9585000
21,107,9586000
21,107,9587000
21,107,9588000
21,107,9589000
21,107,9590000
21,107,9591000
21,107,9592000
21,107,9593000
21,107,9594000
21,107,9595000
21,107,9596000
21,107,9597000
21,107,9598000
21,107,9599000
21,107,9600000
21,107,9601000
21,107,9602000
21,107,9603000
21,107,9604000
21,107,9605000
21,107,9606000
21,107,9607000
21,107,9608000
21,107,9609000
21,107,9610000
21,107,9611000
21,107,9612000
21,107,9613000
21,107,9614000
21,107,9615000
21,107,9616000
21,107,9617000
21,107,9618000
21,107,9619000
21,107,9620000
21,107,9621000
21,107,9622000
21,107,9623000
21,107,9624000
21,107,9625000
21,107,9626000
21,107,9627000
21,107,9628000
21,107,9629000
21,107,9630000
21,107,9631000
21,107,9632000
21,107,9633000
21,107,9634000
21,107,9635000
21,107,9636000
21,107,9637000
21,107,9638000
21,107,9639000
21,107,9640000
21,107,9641000
21,107,9642000
21,107,9643000
21,107,9644000
21,107,9645000
21,107,9646000
21,107,9647000
21,107,9648000
21,107,9649000
21,107,9650000
21,107,9651000
21,107,9652000
21,107,9653000
21,107,9654000
21,107,9655000
21,107,9656000
21,107,9657000
21,107,9658000
21,107,9659000
21,107,9660000
21,107,9661000
21,107,9662000
21,107,9663000
21,107,9664000
21,107,9665000
21,107,9666000
21,107,9667000
21,107,9668000
21,107,9669000
21,107,9670000
21,107,9671000
21,107,9672000
21,107,9673000
21,107,9674000
21,107,9675000
21,107,9676000
21,107,9677000
21,107,9678000
21,107,9679000
21,107,9680000
21,107,9681000
21,107,9682000
21,107,9683000
21,107,9684000
21,107,9685000
21,107,9686000
21,107,9687000
21,107,9688000
21,107,9689000
21,107,9690000
21,107,9691000
21,107,9692000
21,107,9693000
21,107,9694000
21,107,9695000
21,107,9696000
21,107,9697000
21,107,9698000
21,107,9699000
21,107,9700000
21,107,9701000
21,107,9702000
21,107,9703000
21,107,9704000
21,107,9705000
21,107,9706000
21,107,9707000
21,107,9708000
21,107,9709000
21,107,9710000
21,107,9711000
21,107,9712000
21,107,9713000
21,107,9714000
21,107,9715000
21,107,9716000
21,107,9717000
21,107,9718000
21,107,9719000
21,107,9720000
21,107,9721000
21,107,9722000
21,107,9723000
21,107,9724000
21,107,9725000
21,107,9726000
21,107,9727000
21,107,9728000
21,107,9729000
21,107,9730000
21,107,9731000
21,107,9732000
21,107,9733000
21,107,9734000
21,107,9735000
21,107,9736000
21,107,9737000
21,107,9738000
21,107,9739000
21,107,9740000
21,107,9741000
21,107,9742000
21,107,9743000
21,107,9744000
21,107,9745000
21,107,9746000
21,107,9747000
21,107,9748000
21,107,9749000
21,107,9750000
21,107,9751000
21,107,9752000
21,107,9753000
21,107,9754000
21,107,9755000
21,107,9756000
21,107,9757000
21,107,9758000
21,107,9759000
21,107,9760000
21,107,9761000
21,107,9762000
21,107,9763000
21,107,9764000
21,107,9765000
21,107,9766000
21,107,9767000
21,107,9768000
21,107,9769000
21,107,9770000
21,107,9771000
21,107,9772000
21,107,9773000
21,107,9774000
21,107,9775000
21,107,9776000
21,107,9777000
21,107,9778000
21,107,9779000
21,107,9780000
21,107,9781000
21,107,9782000
21,107,9783000
21,107,9784000
21,107,9785000
21,107,9786000
21,107,9787000
21,107,9788000
21,107,9789000
21,107,9790000
21,107,9791000
21,107,9792000
21,107,9793000
21,107,9794000
21,107,9795000
21,107,9796000
21,107,9797000
21,107,9798000
21,107,9799000
21,107,9800000
21,107,9801000
21,107,9802000
21,107,9803000
21,107,9804000
21,107,9805000
21,107,9806000
21,107,9807000
21,107,9808000
21,107,9809000
21,107,9810000
21,107,9811000
21,107,9812000
21,107,9813000
21,107,9814000
21,107,9815000
21,107,9816000
21,107,9817000
21,107,9818000
21,107,9819000
21,107,9820000
21,107,9821000
21,107,9822000
21,107,9823000
21,107,9824000
21,107,9825000
21,107,9826000
21,107,9827000
21,107,9828000
21,107,9829000
21,107,9830000
21,107,9831000
21,107,9832000
21,107,9833000
21,107,9834000
21,107,9835000
21,107,9836000
21,107,9837000
21,107,9838000
21,107,9839000
21,107,9840000
21,107,9841000
21,107,9842000
21,107,9843000
21,107,9844000
21,107,9845000
21,107,9846000
21,107,9847000
21,107,9848000
21,107,9849000
21,107,9850000
21,107,9851000
21,107,9852000
21,107,9853000
21,107,9854000
21,107,9855000
21,107,9856000
21,107,9857000
21,107,9858000
21,107,9859000
21,107,9860000
21,107,9861000
21,107,9862000
21,107,9863000
21,107,9864000
21,107,9865000
21,107,9866000
21,107,9867000
21,107,9868000
21,107,9869000
21,107,9870000
21,107,9871000
21,107,9872000
21,107,9873000
21,107,9874000
21,107,9875000
21,107,9876000
21,107,9877000
21,107,9878000
21,107,9879000
21,107,9880000
21,107,9881000
21,107,9882000
21,107,9883000
21,107,9884000
21,107,9885000
21,107,9886000
21,107,9887000
21,107,9888000
21,107,9889000
21,107,9890000
21,107,9891000
21,107,9892000
21,107,9893000
21,107,9894000
21,107,9895000
21,107,9896000
21,107,9897000
21,107,9898000
21,107,9899000
21,107,9900000
21,107,9901000
21,107,9902000
21,107,9903000
21,107,9904000
21,107,9905000
21,107,9906000
21,107,9907000
21,107,9908000
21,107,9909000
21,107,9910000
21,107,9911000
21,107,9912000
21,107,9913000
21,107,9914000
21,107,9915000
21,107,9916000
21,107,9917000
21,107,9918000
21,107,9919000
21,107,9920000
21,107,9921000
21,107,9922000
21,107,9923000
21,107,9924000
21,107,9925000
21,107,9926000
21,107,9927000
21,107,9928000
21,107,9929000
21,107,9930000
21,107,9931000
21,107,9932000
21,107,9933000
21,107,9934000
21,107,9935000
21,107,9936000
21,107,9937000
21,107,9938000
21,107,9939000
21,107,9940000
21,107,9941000
21,107,9942000
21,107,9943000
21,107,9944000
21,107,9945000
21,107,9946000
21,107,9947000
21,107,9948000
21,107,9949000
21,107,9950000
21,107,9951000
21,107,9952000
21,107,9953000
21,107,9954000
21,107,9955000
21,107,9956000
21,107,9957000
21,107,9958000
21,107,9959000
21,107,9960000
21,107,9961000
21,107,9962000
21,107,9963000
21,107,9964000
21,107,9965000
21,107,9966000
21,107,9967000
21,107,9968000
21,107,9969000
21,107,9970000
21,107,9971000
21,107,9972000
21,107,9973000
21,107,9974000
21,107,9975000
21,107,9976000
21,107,9977000
21,107,9978000
21,107,9979000
21,107,9980000
21,107,9981000
21,107,9982000
21,107,9983000
21,107,9984000
21,107,9985000
21,107,9986000
21,107,9987000
21,107,9988000
21,107,9989000
21,107,9990000
21,107,9991000
21,107,9992000
21,107,9993000
21,107,9994000
21,107,9995000
21,107,9996000
21,107,9997000
21,107,9998000
21,107,9999000
21,107,10000000
21,107,10001000
21,107,10002000
21,107,10003000
21,107,10004000
21,107,10005000
21,107,10006000
21,107,10007000
21,107,10008000
21,107,10009000
21,107,10010000
21,107,10011000
21,107,10012000
21,107,10013000
21,107,10014000
21,107,10015000
21,107,10016000
21,107,10017000
21,107,10018000
21,107,10019000
21,107,10020000
21,107,10021000
21,107,10022000
21,107,10023000
21,107,10024000
21,107,10025000
21,107,10026000
21,107,10027000
21,107,10028000
21,107,10029000
21,107,10030000
21,107,10031000
21,107,10032000
21,107,10033000
21,107,10034000
21,107,10035000
21,107,10036000
21,107,10037000
21,107,10038000
21,107,10039000
21,107,10040000
21,107,10041000
21,107,10042000
21,107,10043000
21,107,10044000
21,107,10045000
21,107,10046000
21,107,10047000
21,107,10048000
21,107,10049000
21,107,10050000
21,107,10051000
21,107,10052000
21,107,10053000
21,107,10054000
21,107,10055000
21,107,10056000
21,107,10057000
21,107,10058000
21,107,10059000
21,107,10060000
21,107,10061000
21,107,10062000
21,107,10063000
21,107,10064000
21,107,10065000
21,107,10066000
21,107,10067000
21,107,10068000
21,107,10069000
21,107,10070000
21,107,10071000
21,107,10072000
21,107,10073000
21,107,10074000
21,107,10075000
21,107,10076000
21,107,10077000
21,107,10078000
21,107,10079000
21,107,10080000
21,107,10081000
21,107,10082000
21,107,10083000
21,107,10084000
21,107,10085000
21,107,10086000
21,107,10087000
21,107,10088000
21,107,10089000
21,107,10090000
21,107,10091000
21,107,10092000
21,107,10093000
21,107,10094000
21,107,10095000
21,107,10096000
21,107,10097000
21,107,10098000
21,107,10099000
21,107,10100000
21,107,10101000
21,107,10102000
21,107,10103000
21,107,10104000
21,107,10105000
21,107,10106000
21,107,10107000
21,107,10108000
21,107,10109000
21,107,10110000
21,107,10111000
21,107,10112000
21,107,10113000
21,107,10114000
21,107,10115000
21,107,10116000
21,107,10117000
21,107,10118000
21,107,10119000
21,107,10120000
21,107,10121000
21,107,10122000
21,107,10123000
21,107,10124000
21,107,10125000
21,107,10126000
21,107,10127000
21,107,10128000
21,107,10129000
21,107,10130000
21,107,10131000
21,107,10132000
21,107,10133000
21,107,10134000
21,107,10135000
21,107,10136000
21,107,10137000
21,107,10138000
21,107,10139000
21,107,10140000
21,107,10141000
21,107,10142000
21,107,10143000
21,107,10144000
21,107,10145000
21,107,10146000
21,107,10147000
21,107,10148000
21,107,10149000
21,107,10150000
21,107,10151000
21,107,10152000
21,107,10153000
21,107,10154000
21,107,10155000
21,107,10156000
21,107,10157000
21,107,10158000
21,107,10159000
21,107,10160000
21,107,10161000
21,107,10162000
21,107,10163000
21,107,10164000
21,107,10165000
21,107,10166000
21,107,10167000
21,107,10168000
21,107,10169000
21,107,10170000
21,107,10171000
21,107,10172000
21,107,10173000
21,107,10174000
21,107,10175000
21,107,10176000
21,107,10177000
21,107,10178000
21,107,10179000
21,107,10180000
21,107,10181000
21,107,10182000
21,107,10183000
21,107,10184000
21,107,10185000
21,107,10186000
21,107,10187000
21,107,10188000
21,107,10189000
21,107,10190000
21,107,10191000
21,107,10192000
21,107,10193000
21,107,10194000
21,107,10195000
21,107,10196000
21,107,10197000
21,107,10198000
21,107,10199000
21,107,10200000
21,107,10201000
21,107,10202000
21,107,10203000
21,107,10204000
21,107,10205000
21,107,10206000
21,107,10207000
21,107,10208000
21,107,10209000
21,107,10210000
21,107,10211000
21,107,10212000
21,107,10213000
21,107,10214000
21,107,10215000
21,107,10216000
21,107,10217000
21,107,10218000
21,107,10219000
21,107,10220000
21,107,10221000
21,107,10222000
21,107,10223000
21,107,10224000
21,107,10225000
21,107,10226000
21,107,10227000
21,107,10228000
21,107,10229000
21,107,10230000
21,107,10231000
21,107,10232000
21,107,10233000
21,107,10234000
21,107,10235000
21,107,10236000
21,107,10237000
21,107,10238000
21,107,10239000
21,107,10240000
21,107,10241000
21,107,10242000
21,107,10243000
21,107,10244000
21,107,10245000
21,107,10246000
21,107,10247000
21,107,10248000
21,107,10249000
21,107,10250000
21,107,10251000
21,107,10252000
21,107,10253000
21,107,10254000
21,107,10255000
21,107,10256000
21,107,10257000
21,107,10258000
21,107,10259000
21,107,10260000
21,107,10261000
21,107,10262000
21,107,10263000
21,107,10264000
21,107,10265000
21,107,10266000
21,107,10267000
21,107,10268000
21,107,10269000
21,107,10270000
21,107,10271000
21,107,10272000
21,107,10273000
21,107,10274000
21,107,10275000
21,107,10276000
21,107,10277000
21,107,10278000
21,107,10279000
21,107,10280000
21,107,10281000
21,107,10282000
21,107,10283000
21,107,10284000
21,107,10285000
21,107,10286000
21,107,10287000
21,107,10288000
21,107,10289000
21,107,10290000
21,107,10291000
21,107,10292000
21,107,10293000
21,107,10294000
21,107,10295000
21,107,10296000
21,107,10297000
21,107,10298000
21,107,10299000
21,107,10300000
21,107,10301000
21,107,10302000
21,107,10303000
21,107,10304000
21,107,10305000
21,107,10306000
21,107,10307000
21,107,10308000
21,107,10309000
21,107,10310000
21,107,10311000
21,107,10312000
21,107,10313000
21,107,10314000
21,107,10315000
21,107,10316000
21,107,10317000
21,107,10318000
21,107,10319000
21,107,10320000
21,107,10321000
21,107,10322000
21,107,10323000
21,107,10324000
21,107,10325000
21,107,10326000
21,107,10327000
21,107,10328000
21,107,10329000
21,107,10330000
21,107,10331000
21,107,10332000
21,107,10333000
21,107,10334000
21,107,10335000
21,107,10336000
21,107,10337000
21,107,10338000
21,107,10339000
21,107,10340000
21,107,10341000
21,107,10342000
21,107,10343000
21,107,10344000
21,107,10345000
21,107,10346000
21,107,10347000
21,107,10348000
21,107,10349000
21,107,10350000
21,107,10351000
21,107,10352000
21,107,10353000
21,107,10354000
21,107,10355000
21,107,10356000
21,107,10357000
21,107,10358000
21,107,10359000
21,107,10360000
21,107,10361000
21,107,10362000
21,107,10363000
21,107,10364000
21,107,10365000
21,107,10366000
21,107,10367000
21,107,10368000
21,107,10369000
21,107,10370000
21,107,10371000
21,107,10372000
21,107,10373000
21,107,10374000
21,107,10375000
21,107,10376000
21,107,10377000
21,107,10378000
21,107,10379000
21,107,10380000
21,107,10381000
21,107,10382000
21,107,10383000
21,107,10384000
21,107,10385000
21,107,10386000
21,107,10387000
21,107,10388000
21,107,10389000
21,107,10390000
21,107,10391000
21,107,10392000
21,107,10393000
21,107,10394000
21,107,10395000
21,107,10396000
21,107,10397000
21,107,10398000
21,107,10399000
21,107,10400000
21,107,10401000
21,107,10402000
21,107,10403000
21,107,10404000
21,107,10405000
21,107,10406000
21,107,10407000
21,107,10408000
21,107,10409000
21,107,10410000
21,107,10411000
21,107,10412000
21,107,10413000
21,107,10414000
21,107,10415000
21,107,10416000
21,107,10417000
21,107,10418000
21,107,10419000
21,107,10420000
21,107,10421000
21,107,10422000
21,107,10423000
21,107,10424000
21,107,10425000
21,107,10426000
21,107,10427000
21,107,10428000
21,107,10429000
21,107,10430000
21,107,10431000
21,107,10432000
21,107,10433000
21,107,10434000
21,107,10435000
21,107,10436000
21,107,10437000
21,107,10438000
21,107,10439000
21,107,10440000
21,107,10441000
21,107,10442000
21,107,10443000
21,107,10444000
21,107,10445000
21,107,10446000
21,107,10447000
21,107,10448000
21,107,10449000
21,107,10450000
21,107,10451000
21,107,10452000
21,107,10453000
21,107,10454000
21,107,10455000
21,107,10456000
21,107,10457000
21,107,10458000
21,107,10459000
21,107,10460000
21,107,10461000
21,107,10462000
21,107,10463000
21,107,10464000
21,107,10465000
21,107,10466000
21,107,10467000
21,107,10468000
21,107,10469000
21,107,10470000
21,107,10471000
21,107,10472000
21,107,10473000
21,107,10474000
21,107,10475000
21,107,10476000
21,107,10477000
21,107,10478000
21,107,10479000
21,107,10480000
21,107,10481000
21,107,10482000
21,107,10483000
21,107,10484000
21,107,10485000
21,107,10486000
21,107,10487000
21,107,10488000
21,107,10489000
21,107,10490000
21,107,10491000
21,107,10492000
21,107,10493000
21,107,10494000
21,107,10495000
21,107,10496000
21,107,10497000
21,107,10498000
21,107,10499000
21,107,10500000
21,107,10501000
21,107,10502000
21,107,10503000
21,107,10504000
21,107,10505000
21,107,10506000
21,107,10507000
21,107,10508000
21,107,10509000
21,107,10510000
21,107,10511000
21,107,10512000
21,107,10513000
21,107,10514000
21,107,10515000
21,107,10516000
21,107,10517000
21,107,10518000
21,107,10519000
21,107,10520000
21,107,10521000
21,107,10522000
21,107,10523000
21,107,10524000
21,107,10525000
21,107,10526000
21,107,10527000
21,107,10528000
21,107,10529000
21,107,10530000
21,107,10531000
21,107,10532000
21,107,10533000
21,107,10534000
21,107,10535000
21,107,10536000
21,107,10537000
21,107,10538000
21,107,10539000
21,107,10540000
21,107,10541000
21,107,10542000
21,107,10543000
21,107,10544000
21,107,10545000
21,107,10546000
21,107,10547000
21,107,10548000
21,107,10549000
21,107,10550000
21,107,10551000
21,107,10552000
21,107,10553000
21,107,10554000
21,107,10555000
21,107,10556000
21,107,10557000
21,107,10558000
21,107,10559000
21,107,10560000
21,107,10561000
21,107,10562000
21,107,10563000
21,107,10564000
21,107,10565000
21,107,10566000
21,107,10567000
21,107,10568000
21,107,10569000
21,107,10570000
21,107,10571000
21,107,10572000
21,107,10573000
21,107,10574000
21,107,10575000
21,107,10576000
21,107,10577000
21,107,10578000
21,107,10579000
21,107,10580000
21,107,10581000
21,107,10582000
21,107,10583000
21,107,10584000
21,107,10585000
21,107,10586000
21,107,10587000
21,107,10588000
21,107,10589000
21,107,10590000
21,107,10591000
21,107,10592000
21,107,10593000
21,107,10594000
21,107,10595000
21,107,10596000
21,107,10597000
21,107,10598000
21,107,10599000
21,107,10600000
21,107,10601000
21,107,10602000
21,107,10603000
21,107,10604000
21,107,10605000
21,107,10606000
21,107,10607000
21,107,10608000
21,107,10609000
21,107,10610000
21,107,10611000
21,107,10612000
21,107,10613000
21,107,10614000
21,107,10615000
21,107,10616000
21,107,10617000
21,107,10618000
21,107,10619000
21,107,10620000
21,107,10621000
21,107,10622000
21,107,10623000
21,107,10624000
21,107,10625000
21,107,10626000
21,107,10627000
21,107,10628000
21,107,10629000
21,107,10630000
21,107,10631000
21,107,10632000
21,107,10633000
21,107,10634000
21,107,10635000
21,107,10636000
21,107,10637000
21,107,10638000
21,107,10639000
21,107,10640000
21,107,10641000
21,107,10642000
21,107,10643000
21,107,10644000
21,107,10645000
21,107,10646000
21,107,10647000
21,107,10648000
21,107,10649000
21,107,10650000
21,107,10651000
21,107,10652000
21,107,10653000
21,107,10654000
21,107,10655000
21,107,10656000
21,107,10657000
21,107,10658000
21,107,10659000
21,107,10660000
21,107,10661000
21,107,10662000
21,107,10663000
21,107,10664000
21,107,10665000
21,107,10666000
21,107,10667000
21,107,10668000
21,107,10669000
21,107,10670000
21,107,10671000
21,107,10672000
21,107,10673000
21,107,10674000
21,107,10675000
21,107,10676000
21,107,10677000
21,107,10678000
21,107,10679000
21,107,10680000
21,107,10681000
21,107,10682000
21,107,10683000
21,107,10684000
21,107,10685000
21,107,10686000
21,107,10687000
21,107,10688000
21,107,10689000
21,107,10690000
21,107,10691000
21,107,10692000
21,107,10693000
21,107,10694000
21,107,10695000
21,107,10696000
21,107,10697000
21,107,10698000
21,107,10699000
21,107,10700000
21,107,10701000
21,107,10702000
21,107,10703000
21,107,10704000
21,107,10705000
21,107,10706000
21,107,10707000
21,107,10708000
21,107,10709000
21,107,10710000
21,107,10711000
21,107,10712000
21,107,10713000
21,107,10714000
21,107,10715000
21,107,10716000
21,107,10717000
21,107,10718000
21,107,10719000
21,107,10720000
21,107,10721000
21,107,10722000
21,107,10723000
21,107,10724000
21,107,10725000
21,107,10726000
21,107,10727000
21,107,10728000
21,107,10729000
21,107,10730000
21,107,10731000
21,107,10732000
21,107,10733000
21,107,10734000
21,107,10735000
21,107,10736000
21,107,10737000
21,107,10738000
21,107,10739000
21,107,10740000
21,107,10741000
21,107,10742000
21,107,10743000
21,107,10744000
21,107,10745000
21,107,10746000
21,107,10747000
21,107,10748000
21,107,10749000
21,107,10750000
21,107,10751000
21,107,10752000
21,107,10753000
21,107,10754000
21,107,10755000
21,107,10756000
21,107,10757000
21,107,10758000
21,107,10759000
21,107,10760000
21,107,10761000
21,107,10762000
21,107,10763000
21,107,10764000
21,107,10765000
21,107,10766000
21,107,10767000
21,107,10768000
21,107,10769000
21,107,10770000
21,107,10771000
21,107,10772000
21,107,10773000
21,107,10774000
21,107,10775000
21,107,10776000
21,107,10777000
21,107,10778000
21,107,10779000
21,107,10780000
21,107,10781000
21,107,10782000
21,107,10783000
21,107,10784000
21,107,10785000
21,107,10786000
21,107,10787000
21,107,10788000
21,107,10789000
21,107,10790000
21,107,10791000
21,107,10792000
21,107,10793000
21,107,10794000
21,107,10795000
21,107,10796000
21,107,10797000
21,107,10798000
21,107,10799000
21,107,10800000
21,107,10801000
21,107,10802000
21,107,10803000
21,107,10804000
21,107,10805000
21,107,10806000
21,107,10807000
21,107,10808000
21,107,10809000
21,107,10810000
21,107,10811000
21,107,10812000
21,107,10813000
21,107,10814000
21,107,10815000
21,107,10816000
21,107,10817000
21,107,10818000
21,107,10819000
21,107,10820000
21,107,10821000
21,107,10822000
21,107,10823000
21,107,10824000
21,107,10825000
21,107,10826000
21,107,10827000
21,107,10828000
21,107,10829000
21,107,10830000
21,107,10831000
21,107,10832000
21,107,10833000
21,107,10834000
21,107,10835000
21,107,10836000
21,107,10837000
21,107,10838000
21,107,10839000
21,107,10840000
21,107,10841000
21,107,10842000
21,107,10843000
21,107,10844000
21,107,10845000
21,107,10846000
21,107,10847000
21,107,10848000
21,107,10849000
21,107,10850000
21,107,10851000
21,107,10852000
21,107,10853000
21,107,10854000
21,107,10855000
21,107,10856000
21,107,10857000
21,107,10858000
21,107,10859000
21,107,10860000
21,107,10861000
21,107,10862000
21,107,10863000
21,107,10864000
21,107,10865000
21,107,10866000
21,107,10867000
21,107,10868000
21,107,10869000
21,107,10870000
21,107,10871000
21,107,10872000
21,107,10873000
21,107,10874000
21,107,10875000
21,107,10876000
21,107,10877000
21,107,10878000
21,107,10879000
21,107,10880000
21,107,10881000
21,107,10882000
21,107,10883000
21,107,10884000
21,107,10885000
21,107,10886000
21,107,10887000
21,107,10888000
21,107,10889000
21,107,10890000
21,107,10891000
21,107,10892000
21,107,10893000
21,107,10894000
21,107,10895000
21,107,10896000
21,107,10897000
21,107,10898000
21,107,10899000
21,107,10900000
21,107,10901000
21,107,10902000
21,107,10903000
21,107,10904000
21,107,10905000
21,107,10906000
21,107,10907000
21,107,10908000
21,107,10909000
21,107,10910000
21,107,10911000
21,107,10912000
21,107,10913000
21,107,10914000
21,107,10915000
21,107,10916000
21,107,10917000
21,107,10918000
21,107,10919000
21,107,10920000
21,107,10921000
21,107,10922000
21,107,10923000
21,107,10924000
21,107,10925000
21,107,10926000
21,107,10927000
21,107,10928000
21,107,10929000
21,107,10930000
21,107,10931000
21,107,10932000
21,107,10933000
21,107,10934000
21,107,10935000
21,107,10936000
21,107,10937000
21,107,10938000
21,107,10939000
21,107,10940000
21,107,10941000
21,107,10942000
21,107,10943000
21,107,10944000
21,107,10945000
21,107,10946000
21,107,10947000
21,107,10948000
21,107,10949000
21,107,10950000
21,107,10951000
21,107,10952000
21,107,10953000
21,107,10954000
21,107,10955000
21,107,10956000
21,107,10957000
21,107,10958000
21,107,10959000
21,107,10960000
21,107,10961000
21,107,10962000
21,107,10963000
21,107,10964000
21,107,10965000
21,107,10966000
21,107,10967000
21,107,10968000
21,107,10969000
21,107,10970000
21,107,10971000
21,107,10972000
21,107,10973000
21,107,10974000
21,107,10975000
21,107,10976000
21,107,10977000
21,107,10978000
21,107,10979000
21,107,10980000
21,107,10981000
21,107,10982000
21,107,10983000
21,107,10984000
21,107,10985000
21,107,10986000
21,107,10987000
21,107,10988000
21,107,10989000
21,107,10990000
21,107,10991000
21,107,10992000
21,107,10993000
21,107,10994000
21,107,10995000
21,107,10996000
21,107,10997000
21,107,10998000
21,107,10999000
21,107,11000000
21,107,11001000
21,107,11002000
21,107,11003000
21,107,11004000
21,107,11005000
21,107,11006000
21,107,11007000
21,107,11008000
21,107,11009000
21,107,11010000
21,107,11011000
21,107,11012000
21,107,11013000
21,107,11014000
21,107,11015000
21,107,11016000
21,107,11017000
21,107,11018000
21,107,11019000
21,107,11020000
21,107,11021000
21,107,11022000
21,107,11023000
21,107,11024000
21,107,11025000
21,107,11026000
21,107,11027000
21,107,11028000
21,107,11029000
21,107,11030000
21,107,11031000
21,107,11032000
21,107,11033000
21,107,11034000
21,107,11035000
21,107,11036000
21,107,11037000
21,107,11038000
21,107,11039000
21,107,11040000
21,107,11041000
21,107,11042000
21,107,11043000
21,107,11044000
21,107,11045000
21,107,11046000
21,107,11047000
21,107,11048000
21,107,11049000
21,107,11050000
21,107,11051000
21,107,11052000
21,107,11053000
21,107,11054000
21,107,11055000
21,107,11056000
21,107,11057000
21,107,11058000
21,107,11059000
21,107,11060000
21,107,11061000
21,107,11062000
21,107,11063000
21,107,11064000
21,107,11065000
21,107,11066000
21,107,11067000
21,107,11068000
21,107,11069000
21,107,11070000
21,107,11071000
21,107,11072000
21,107,11073000
21,107,11074000
21,107,11075000
21,107,11076000
21,107,11077000
21,107,11078000
21,107,11079000
21,107,11080000
21,107,11081000
21,107,11082000
21,107,11083000
21,107,11084000
21,107,11085000
21,107,11086000
21,107,11087000
21,107,11088000
21,107,11089000
21,107,11090000
21,107,11091000
21,107,11092000
21,107,11093000
21,107,11094000
21,107,11095000
21,107,11096000
21,107,11097000
21,107,11098000
21,107,11099000
21,107,11100000
21,107,11101000
21,107,11102000
21,107,11103000
21,107,11104000
21,107,11105000
21,107,11106000
21,107,11107000
21,107,11108000
21,107,11109000
21,107,11110000
21,107,11111000
21,107,11112000
21,107,11113000
21,107,11114000
21,107,11115000
21,107,11116000
21,107,11117000
21,107,11118000
21,107,11119000
21,107,11120000
21,107,11121000
21,107,11122000
21,107,11123000
21,107,11124000
21,107,11125000
21,107,11126000
21,107,11127000
21,107,11128000
21,107,11129000
21,107,11130000
21,107,11131000
21,107,11132000
21,107,11133000
21,107,11134000
21,107,11135000
21,107,11136000
21,107,11137000
21,107,11138000
21,107,11139000
21,107,11140000
21,107,11141000
21,107,11142000
21,107,11143000
21,107,11144000
21,107,11145000
21,107,11146000
21,107,11147000
21,107,11148000
21,107,11149000
21,107,11150000
21,107,11151000
21,107,11152000
21,107,11153000
21,107,11154000
21,107,11155000
21,107,11156000
21,107,11157000
21,107,11158000
21,107,11159000
21,107,11160000
21,107,11161000
21,107,11162000
21,107,11163000
21,107,11164000
21,107,11165000
21,107,11166000
21,107,11167000
21,107,11168000
21,107,11169000
21,107,11170000
21,107,11171000
21,107,11172000
21,107,11173000
21,107,11174000
21,107,11175000
21,107,11176000
21,107,11177000
21,107,11178000
21,107,11179000
21,107,11180000
21,107,11181000
21,107,11182000
21,107,11183000
21,107,11184000
21,107,11185000
21,107,11186000
21,107,11187000
21,107,11188000
21,107,11189000
21,107,11190000
21,107,11191000
21,107,11192000
21,107,11193000
21,107,11194000
21,107,11195000
21,107,11196000
21,107,11197000
21,107,11198000
21,107,11199000
21,107,11200000
21,107,11201000
21,107,11202000
21,107,11203000
21,107,11204000
21,107,11205000
21,107,11206000
21,107,11207000
21,107,11208000
21,107,11209000
21,107,11210000
21,107,11211000
21,107,11212000
21,107,11213000
21,107,11214000
21,107,11215000
21,107,11216000
21,107,11217000
21,107,11218000
21,107,11219000
21,107,11220000
21,107,11221000
21,107,11222000
21,107,11223000
21,107,11224000
21,107,11225000
21,107,11226000
21,107,11227000
21,107,11228000
21,107,11229000
21,107,11230000
21,107,11231000
21,107,11232000
21,107,11233000
21,107,11234000
21,107,11235000
21,107,11236000
21,107,11237000
21,107,11238000
21,107,11239000
21,107,11240000
21,107,11241000
21,107,11242000
21,107,11243000
21,107,11244000
21,107,11245000
21,107,11246000
21,107,11247000
21,107,11248000
21,107,11249000
21,107,11250000
21,107,11251000
21,107,11252000
21,107,11253000
21,107,11254000
21,107,11255000
21,107,11256000
21,107,11257000
21,107,11258000
21,107,11259000
21,107,11260000
21,107,11261000
21,107,11262000
21,107,11263000
21,107,11264000
21,107,11265000
21,107,11266000
21,107,11267000
21,107,11268000
21,107,11269000
21,107,11270000
21,107,11271000
21,107,11272000
21,107,11273000
21,107,11274000
21,107,11275000
21,107,11276000
21,107,11277000
21,107,11278000
21,107,11279000
21,107,11280000
21,107,11281000
21,107,11282000
21,107,11283000
21,107,11284000
21,107,11285000
21,107,11286000
21,107,11287000
21,107,11288000
21,107,11289000
21,107,11290000
21,107,11291000
21,107,11292000
21,107,11293000
21,107,11294000
21,107,11295000
21,107,11296000
21,107,11297000
21,107,11298000
21,107,11299000
21,107,11300000
21,107,11301000
21,107,11302000
21,107,11303000
21,107,11304000
21,107,11305000
21,107,11306000
21,107,11307000
21,107,11308000
21,107,11309000
21,107,11310000
21,107,11311000
21,107,11312000
21,107,11313000
21,107,11314000
21,107,11315000
21,107,11316000
21,107,11317000
21,107,11318000
21,107,11319000
21,107,11320000
21,107,11321000
21,107,11322000
21,107,11323000
21,107,11324000
21,107,11325000
21,107,11326000
21,107,11327000
21,107,11328000
21,107,11329000
21,107,11330000
21,107,11331000
21,107,11332000
21,107,11333000
21,107,11334000
21,107,11335000
21,107,11336000
21,107,11337000
21,107,11338000
21,107,11339000
21,107,11340000
21,107,11341000
21,107,11342000
21,107,11343000
21,107,11344000
21,107,11345000
21,107,11346000
21,107,11347000
21,107,11348000
21,107,11349000
21,107,11350000
21,107,11351000
21,107,11352000
21,107,11353000
21,107,11354000
21,107,11355000
21,107,11356000
21,107,11357000
21,107,11358000
21,107,11359000
21,107,11360000
21,107,11361000
21,107,11362000
21,107,11363000
21,107,11364000
21,107,11365000
21,107,11366000
21,107,11367000
21,107,11368000
21,107,11369000
21,107,11370000
21,107,11371000
21,107,11372000
21,107,11373000
21,107,11374000
21,107,11375000
21,107,11376000
21,107,11377000
21,107,11378000
21,107,11379000
21,107,11380000
21,107,11381000
21,107,11382000
21,107,11383000
21,107,11384000
21,107,11385000
21,107,11386000
21,107,11387000
21,107,11388000
21,107,11389000
21,107,11390000
21,107,11391000
21,107,11392000
21,107,11393000
21,107,11394000
21,107,11395000
21,107,11396000
21,107,11397000
21,107,11398000
21,107,11399000
21,107,11400000
21,107,11401000
21,107,11402000
21,107,11403000
21,107,11404000
21,107,11405000
21,107,11406000
21,107,11407000
21,107,11408000
21,107,11409000
21,107,11410000
21,107,11411000
21,107,11412000
21,107,11413000
21,107,11414000
21,107,11415000
21,107,11416000
21,107,11417000
21,107,11418000
21,107,11419000
21,107,11420000
21,107,11421000
21,107,11422000
21,107,11423000
21,107,11424000
21,107,11425000
21,107,11426000
21,107,11427000
21,107,11428000
21,107,11429000
21,107,11430000
21,107,11431000
21,107,11432000
21,107,11433000
21,107,11434000
21,107,11435000
21,107,11436000
21,107,11437000
21,107,11438000
21,107,11439000
21,107,11440000
21,107,11441000
21,107,11442000
21,107,11443000
21,107,11444000
21,107,11445000
21,107,11446000
21,107,11447000
21,107,11448000
21,107,11449000
21,107,11450000
21,107,11451000
21,107,11452000
21,107,11453000
21,107,11454000
21,107,11455000
21,107,11456000
21,107,11457000
21,107,11458000
21,107,11459000
21,107,11460000
21,107,11461000
21,107,11462000
21,107,11463000
21,107,11464000
21,107,11465000
21,107,11466000
21,107,11467000
21,107,11468000
21,107,11469000
21,107,11470000
21,107,11471000
21,107,11472000
21,107,11473000
21,107,11474000
21,107,11475000
21,107,11476000
21,107,11477000
21,107,11478000
21,107,11479000
21,107,11480000
21,107,11481000
21,107,11482000
21,107,11483000
21,107,11484000
21,107,11485000
21,107,11486000
21,107,11487000
21,107,11488000
21,107,11489000
21,107,11490000
21,107,11491000
21,107,11492000
21,107,11493000
21,107,11494000
21,107,11495000
21,107,11496000
21,107,11497000
21,107,11498000
21,107,11499000
21,107,11500000
21,107,11501000
21,107,11502000
21,107,11503000
21,107,11504000
21,107,11505000
21,107,11506000
21,107,11507000
21,107,11508000
21,107,11509000
21,107,11510000
21,107,11511000
21,107,11512000
21,107,11513000
21,107,11514000
21,107,11515000
21,107,11516000
21,107,11517000
21,107,11518000
21,107,11519000
21,107,11520000
21,107,11521000
21,107,11522000
21,107,11523000
21,107,11524000
21,107,11525000
21,107,11526000
21,107,11527000
21,107,11528000
21,107,11529000
21,107,11530000
21,107,11531000
21,107,11532000
21,107,11533000
21,107,11534000
21,107,11535000
21,107,11536000
21,107,11537000
21,107,11538000
21,107,11539000
21,107,11540000
21,107,11541000
21,107,11542000
21,107,11543000
21,107,11544000
21,107,11545000
21,107,11546000
21,107,11547000
21,107,11548000
21,107,11549000
21,107,11550000
21,107,11551000
21,107,11552000
21,107,11553000
21,107,11554000
21,107,11555000
21,107,11556000
21,107,11557000
21,107,11558000
21,107,11559000
21,107,11560000
21,107,11561000
21,107,11562000
21,107,11563000
21,107,11564000
21,107,11565000
21,107,11566000
21,107,11567000
21,107,11568000
21,107,11569000
21,107,11570000
21,107,11571000
21,107,11572000
21,107,11573000
21,107,11574000
21,107,11575000
21,107,11576000
21,107,11577000
21,107,11578000
21,107,11579000
21,107,11580000
21,107,11581000
21,107,11582000
21,107,11583000
21,107,11584000
21,107,11585000
21,107,11586000
21,107,11587000
21,107,11588000
21,107,11589000
21,107,11590000
21,107,11591000
21,107,11592000
21,107,11593000
21,107,11594000
21,107,11595000
21,107,11596000
21,107,11597000
21,107,11598000
21,107,11599000
21,107,11600000
21,107,11601000
21,107,11602000
21,107,11603000
21,107,11604000
21,107,11605000
21,107,11606000
21,107,11607000
21,107,11608000
21,107,11609000
21,107,11610000
21,107,11611000
21,107,11612000
21,107,11613000
21,107,11614000
21,107,11615000
21,107,11616000
21,107,11617000
21,107,11618000
21,107,11619000
21,107,11620000
21,107,11621000
21,107,11622000
21,107,11623000
21,107,11624000
21,107,11625000
21,107,11626000
21,107,11627000
21,107,11628000
21,107,11629000
21,107,11630000
21,107,11631000
21,107,11632000
21,107,11633000
21,107,11634000
21,107,11635000
21,107,11636000
21,107,11637000
21,107,11638000
21,107,11639000
21,107,11640000
21,107,11641000
21,107,11642000
21,107,11643000
21,107,11644000
21,107,11645000
21,107,11646000
21,107,11647000
21,107,11648000
21,107,11649000
21,107,11650000
21,107,11651000
21,107,11652000
21,107,11653000
21,107,11654000
21,107,11655000
21,107,11656000
21,107,11657000
21,107,11658000
21,107,11659000
21,107,11660000
21,107,11661000
21,107,11662000
21,107,11663000
21,107,11664000
21,107,11665000
21,107,11666000
21,107,11667000
21,107,11668000
21,107,11669000
21,107,11670000
21,107,11671000
21,107,11672000
21,107,11673000
21,107,11674000
21,107,11675000
21,107,11676000
21,107,11677000
21,107,11678000
21,107,11679000
21,107,11680000
21,107,11681000
21,107,11682000
21,107,11683000
21,107,11684000
21,107,11685000
21,107,11686000
21,107,11687000
21,107,11688000
21,107,11689000
21,107,11690000
21,107,11691000
21,107,11692000
21,107,11693000
21,107,11694000
21,107,11695000
21,107,11696000
21,107,11697000
21,107,11698000
21,107,11699000
21,107,11700000
21,107,11701000
21,107,11702000
21,107,11703000
21,107,11704000
21,107,11705000
21,107,11706000
21,107,11707000
21,107,11708000
21,107,11709000
21,107,11710000
21,107,11711000
21,107,11712000
21,107,11713000
21,107,11714000
21,107,11715000
21,107,11716000
21,107,11717000
21,107,11718000
21,107,11719000
21,107,11720000
21,107,11721000
21,107,11722000
21,107,11723000
21,107,11724000
21,107,11725000
21,107,11726000
21,107,11727000
21,107,11728000
21,107,11729000
21,107,11730000
21,107,11731000
21,107,11732000
21,107,11733000
21,107,11734000
21,107,11735000
21,107,11736000
21,107,11737000
21,107,11738000
21,107,11739000
21,107,11740000
21,107,11741000
21,107,11742000
21,107,11743000
21,107,11744000
21,107,11745000
21,107,11746000
21,107,11747000
21,107,11748000
21,107,11749000
21,107,11750000
21,107,11751000
21,107,11752000
21,107,11753000
21,107,11754000
21,107,11755000
21,107,11756000
21,107,11757000
21,107,11758000
21,107,11759000
21,107,11760000
21,107,11761000
21,107,11762000
21,107,11763000
21,107,11764000
21,107,11765000
21,107,11766000
21,107,11767000
21,107,11768000
21,107,11769000
21,107,11770000
21,107,11771000
21,107,11772000
21,107,11773000
21,107,11774000
21,107,11775000
21,107,11776000
21,107,11777000
21,107,11778000
21,107,11779000
21,107,11780000
21,107,11781000
21,107,11782000
21,107,11783000
21,107,11784000
21,107,11785000
21,107,11786000
21,107,11787000
21,107,11788000
21,107,11789000
21,107,11790000
21,107,11791000
21,107,11792000
21,107,11793000
21,107,11794000
21,107,11795000
21,107,11796000
21,107,11797000
21,107,11798000
21,107,11799000
21,107,11800000
21,107,11801000
21,107,11802000
21,107,11803000
21,107,11804000
21,107,11805000
21,107,11806000
21,107,11807000
21,107,11808000
21,107,11809000
21,107,11810000
21,107,11811000
21,107,11812000
21,107,11813000
21,107,11814000
21,107,11815000
21,107,11816000
21,107,11817000
21,107,11818000
21,107,11819000
21,107,11820000
21,107,11821000
21,107,11822000
21,107,11823000
21,107,11824000
21,107,11825000
21,107,11826000
21,107,11827000
21,107,11828000
21,107,11829000
21,107,11830000
21,107,11831000
21,107,11832000
21,107,11833000
21,107,11834000
21,107,11835000
21,107,11836000
21,107,11837000
21,107,11838000
21,107,11839000
21,107,11840000
21,107,11841000
21,107,11842000
21,107,11843000
21,107,11844000
21,107,11845000
21,107,11846000
21,107,11847000
21,107,11848000
21,107,11849000
21,107,11850000
21,107,11851000
21,107,11852000
21,107,11853000
21,107,11854000
21,107,11855000
21,107,11856000
21,107,11857000
21,107,11858000
21,107,11859000
21,107,11860000
21,107,11861000
21,107,11862000
21,107,11863000
21,107,11864000
21,107,11865000
21,107,11866000
21,107,11867000
21,107,11868000
21,107,11869000
21,107,11870000
21,107,11871000
21,107,11872000
21,107,11873000
21,107,11874000
21,107,11875000
21,107,11876000
21,107,11877000
21,107,11878000
21,107,11879000
21,107,11880000
21,107,11881000
21,107,11882000
21,107,11883000
21,107,11884000
21,107,11885000
21,107,11886000
21,107,11887000
21,107,11888000
21,107,11889000
21,107,11890000
21,107,11891000
21,107,11892000
21,107,11893000
21,107,11894000
21,107,11895000
21,107,11896000
21,107,11897000
21,107,11898000
21,107,11899000
21,107,11900000
21,107,11901000
21,107,11902000
21,107,11903000
21,107,11904000
21,107,11905000
21,107,11906000
21,107,11907000
21,107,11908000
21,107,11909000
21,107,11910000
21,107,11911000
21,107,11912000
21,107,11913000
21,107,11914000
21,107,11915000
21,107,11916000
21,107,11917000
21,107,11918000
21,107,11919000
21,107,11920000
21,107,11921000
21,107,11922000
21,107,11923000
21,107,11924000
21,107,11925000
21,107,11926000
21,107,11927000
21,107,11928000
21,107,11929000
21,107,11930000
21,107,11931000
21,107,11932000
21,107,11933000
21,107,11934000
21,107,11935000
21,107,11936000
21,107,11937000
21,107,11938000
21,107,11939000
21,107,11940000
21,107,11941000
21,107,11942000
21,107,11943000
21,107,11944000
21,107,11945000
21,107,11946000
21,107,11947000
21,107,11948000
21,107,11949000
21,107,11950000
21,107,11951000
21,107,11952000
21,107,11953000
21,107,11954000
21,107,11955000
21,107,11956000
21,107,11957000
21,107,11958000
21,107,11959000
21,107,11960000
21,107,11961000
21,107,11962000
21,107,11963000
21,107,11964000
21,107,11965000
21,107,11966000
21,107,11967000
21,107,11968000
21,107,11969000
21,107,11970000
21,107,11971000
21,107,11972000
21,107,11973000
21,107,11974000
21,107,11975000
21,107,11976000
21,107,11977000
21,107,11978000
21,107,11979000
21,107,11980000
21,107,11981000
21,107,11982000
21,107,11983000
21,107,11984000
21,107,11985000
21,107,11986000
21,107,11987000
21,107,11988000
21,107,11989000
21,107,11990000
21,107,11991000
21,107,11992000
21,107,11993000
21,107,11994000
21,107,11995000
21,107,11996000
21,107,11997000
21,107,11998000
21,107,11999000
21,107,12000000
21,107,12001000
21,107,12002000
21,107,12003000
21,107,12004000
21,107,12005000
21,107,12006000
21,107,12007000
21,107,12008000
21,107,12009000
21,107,12010000
21,107,12011000
21,107,12012000
21,107,12013000
21,107,12014000
21,107,12015000
21,107,12016000
21,107,12017000
21,107,12018000
21,107,12019000
21,107,12020000
21,107,12021000
21,107,12022000
21,107,12023000
21,107,12024000
21,107,12025000
21,107,12026000
21,107,12027000
21,107,12028000
21,107,12029000
21,107,12030000
21,107,12031000
21,107,12032000
21,107,12033000
21,107,12034000
21,107,12035000
21,107,12036000
21,107,12037000
21,107,12038000
21,107,12039000
21,107,12040000
21,107,12041000
21,107,12042000
21,107,12043000
21,107,12044000
21,107,12045000
21,107,12046000
21,107,12047000
21,107,12048000
21,107,12049000
21,107,12050000
21,107,12051000
21,107,12052000
21,107,12053000
21,107,12054000
21,107,12055000
21,107,12056000
21,107,12057000
21,107,12058000
21,107,12059000
21,107,12060000
21,107,12061000
21,107,12062000
21,107,12063000
21,107,12064000
21,107,12065000
21,107,12066000
21,107,12067000
21,107,12068000
21,107,12069000
21,107,12070000
21,107,12071000
21,107,12072000
21,107,12073000
21,107,12074000
21,107,12075000
21,107,12076000
21,107,12077000
21,107,12078000
21,107,12079000
21,107,12080000
21,107,12081000
21,107,12082000
21,107,12083000
21,107,12084000
21,107,12085000
21,107,12086000
21,107,12087000
21,107,12088000
21,107,12089000
21,107,12090000
21,107,12091000
21,107,12092000
21,107,12093000
21,107,12094000
21,107,12095000
21,107,12096000
21,107,12097000
21,107,12098000
21,107,12099000
21,107,12100000
21,107,12101000
21,107,12102000
21,107,12103000
21,107,12104000
21,107,12105000
21,107,12106000
21,107,12107000
21,107,12108000
21,107,12109000
21,107,12110000
21,107,12111000
21,107,12112000
21,107,12113000
21,107,12114000
21,107,12115000
21,107,12116000
21,107,12117000
21,107,12118000
21,107,12119000
21,107,12120000
21,107,12121000
21,107,12122000
21,107,12123000
21,107,12124000
21,107,12125000
21,107,12126000
21,107,12127000
21,107,12128000
21,107,12129000
21,107,12130000
21,107,12131000
21,107,12132000
21,107,12133000
21,107,12134000
21,107,12135000
21,107,12136000
21,107,12137000
21,107,12138000
21,107,12139000
21,107,12140000
21,107,12141000
21,107,12142000
21,107,12143000
21,107,12144000
21,107,12145000
21,107,12146000
21,107,12147000
21,107,12148000
21,107,12149000
21,107,12150000
21,107,12151000
21,107,12152000
21,107,12153000
21,107,12154000
21,107,12155000
21,107,12156000
21,107,12157000
21,107,12158000
21,107,12159000
21,107,12160000
21,107,12161000
21,107,12162000
21,107,12163000
21,107,12164000
21,107,12165000
21,107,12166000
21,107,12167000
21,107,12168000
21,107,12169000
21,107,12170000
21,107,12171000
21,107,12172000
21,107,12173000
21,107,12174000
21,107,12175000
21,107,12176000
21,107,12177000
21,107,12178000
21,107,12179000
21,107,12180000
21,107,12181000
21,107,12182000
21,107,12183000
21,107,12184000
21,107,12185000
21,107,12186000
21,107,12187000
21,107,12188000
21,107,12189000
21,107,12190000
21,107,12191000
21,107,12192000
21,107,12193000
21,107,12194000
21,107,12195000
21,107,12196000
21,107,12197000
21,107,12198000
21,107,12199000
21,107,12200000
21,107,12201000
21,107,12202000
21,107,12203000
21,107,12204000
21,107,12205000
21,107,12206000
21,107,12207000
21,107,12208000
21,107,12209000
21,107,12210000
21,107,12211000
21,107,12212000
21,107,12213000
21,107,12214000
21,107,12215000
21,107,12216000
21,107,12217000
21,107,12218000
21,107,12219000
21,107,12220000
21,107,12221000
21,107,12222000
21,107,12223000
21,107,12224000
21,107,12225000
21,107,12226000
21,107,12227000
21,107,12228000
21,107,12229000
21,107,12230000
21,107,12231000
21,107,12232000
21,107,12233000
21,107,12234000
21,107,12235000
21,107,12236000
21,107,12237000
21,107,12238000
21,107,12239000
21,107,12240000
21,107,12241000
21,107,12242000
21,107,12243000
21,107,12244000
21,107,12245000
21,107,12246000
21,107,12247000
21,107,12248000
21,107,12249000
21,107,12250000
21,107,12251000
21,107,12252000
21,107,12253000
21,107,12254000
21,107,12255000
21,107,12256000
21,107,12257000
21,107,12258000
21,107,12259000
21,107,12260000
21,107,12261000
21,107,12262000
21,107,12263000
21,107,12264000
21,107,12265000
21,107,12266000
21,107,12267000
21,107,12268000
21,107,12269000
21,107,12270000
21,107,12271000
21,107,12272000
21,107,12273000
21,107,12274000
21,107,12275000
21,107,12276000
21,107,12277000
21,107,12278000
21,107,12279000
21,107,12280000
21,107,12281000
21,107,12282000
21,107,12283000
21,107,12284000
21,107,12285000
21,107,12286000
21,107,12287000
21,107,12288000
21,107,12289000
21,107,12290000
21,107,12291000
21,107,12292000
21,107,12293000
21,107,12294000
21,107,12295000
21,107,12296000
21,107,12297000
21,107,12298000
21,107,12299000
21,107,12300000
21,107,12301000
21,107,12302000
21,107,12303000
21,107,12304000
21,107,12305000
21,107,12306000
21,107,12307000
21,107,12308000
21,107,12309000
21,107,12310000
21,107,12311000
21,107,12312000
21,107,12313000
21,107,12314000
21,107,12315000
21,107,12316000
21,107,12317000
21,107,12318000
21,107,12319000
21,107,12320000
21,107,12321000
21,107,12322000
21,107,12323000
21,107,12324000
21,107,12325000
21,107,12326000
21,107,12327000
21,107,12328000
21,107,12329000
21,107,12330000
21,107,12331000
21,107,12332000
21,107,12333000
21,107,12334000
21,107,12335000
21,107,12336000
21,107,12337000
21,107,12338000
21,107,12339000
21,107,12340000
21,107,12341000
21,107,12342000
21,107,12343000
21,107,12344000
21,107,12345000
21,107,12346000
21,107,12347000
21,107,12348000
21,107,12349000
21,107,12350000
21,107,12351000
21,107,12352000
21,107,12353000
21,107,12354000
21,107,12355000
21,107,12356000
21,107,12357000
21,107,12358000
21,107,12359000
21,107,12360000
21,107,12361000
21,107,12362000
21,107,12363000
21,107,12364000
21,107,12365000
21,107,12366000
21,107,12367000
21,107,12368000
21,107,12369000
21,107,12370000
21,107,12371000
21,107,12372000
21,107,12373000
21,107,12374000
21,107,12375000
21,107,12376000
21,107,12377000
21,107,12378000
21,107,12379000
21,107,12380000
21,107,12381000
21,107,12382000
21,107,12383000
21,107,12384000
21,107,12385000
21,107,12386000
21,107,12387000
21,107,12388000
21,107,12389000
21,107,12390000
21,107,12391000
21,107,12392000
21,107,12393000
21,107,12394000
21,107,12395000
21,107,12396000
21,107,12397000
21,107,12398000
21,107,12399000
21,107,12400000
21,107,12401000
21,107,12402000
21,107,12403000
21,107,12404000
21,107,12405000
21,107,12406000
21,107,12407000
21,107,12408000
21,107,12409000
21,107,12410000
21,107,12411000
21,107,12412000
21,107,12413000
21,107,12414000
21,107,12415000
21,107,12416000
21,107,12417000
21,107,12418000
21,107,12419000
21,107,12420000
21,107,12421000
21,107,12422000
21,107,12423000
21,107,12424000
21,107,12425000
21,107,12426000
21,107,12427000
21,107,12428000
21,107,12429000
21,107,12430000
21,107,12431000
21,107,12432000
21,107,12433000
21,107,12434000
21,107,12435000
21,107,12436000
21,107,12437000
21,107,12438000
21,107,12439000
21,107,12440000
21,107,12441000
21,107,12442000
21,107,12443000
21,107,12444000
21,107,12445000
21,107,12446000
21,107,12447000
21,107,12448000
21,107,12449000
21,107,12450000
21,107,12451000
21,107,12452000
21,107,12453000
21,107,12454000
21,107,12455000
21,107,12456000
21,107,12457000
21,107,12458000
21,107,12459000
21,107,12460000
21,107,12461000
21,107,12462000
21,107,12463000
21,107,12464000
21,107,12465000
21,107,12466000
21,107,12467000
21,107,12468000
21,107,12469000
21,107,12470000
21,107,12471000
21,107,12472000
21,107,12473000
21,107,12474000
21,107,12475000
21,107,12476000
21,107,12477000
21,107,12478000
21,107,12479000
21,107,12480000
21,107,12481000
21,107,12482000
21,107,12483000
21,107,12484000
21,107,12485000
21,107,12486000
21,107,12487000
21,107,12488000
21,107,12489000
21,107,12490000
21,107,12491000
21,107,12492000
21,107,12493000
21,107,12494000
21,107,12495000
21,107,12496000
21,107,12497000
21,107,12498000
21,107,12499000
21,107,12500000
21,107,12501000
21,107,12502000
21,107,12503000
21,107,12504000
21,107,12505000
21,107,12506000
21,107,12507000
21,107,12508000
21,107,12509000
21,107,12510000
21,107,12511000
21,107,12512000
21,107,12513000
21,107,12514000
21,107,12515000
21,107,12516000
21,107,12517000
21,107,12518000
21,107,12519000
21,107,12520000
21,107,12521000
21,107,12522000
21,107,12523000
21,107,12524000
21,107,12525000
21,107,12526000
21,107,12527000
21,107,12528000
21,107,12529000
21,107,12530000
21,107,12531000
21,107,12532000
21,107,12533000
21,107,12534000
21,107,12535000
21,107,12536000
21,107,12537000
21,107,12538000
21,107,12539000
21,107,12540000
21,107,12541000
21,107,12542000
21,107,12543000
21,107,12544000
21,107,12545000
21,107,12546000
21,107,12547000
21,107,12548000
21,107,12549000
21,107,12550000
21,107,12551000
21,107,12552000
21,107,12553000
21,107,12554000
21,107,12555000
21,107,12556000
21,107,12557000
21,107,12558000
21,107,12559000
21,107,12560000
21,107,12561000
21,107,12562000
21,107,12563000
21,107,12564000
21,107,12565000
21,107,12566000
21,107,12567000
21,107,12568000
21,107,12569000
21,107,12570000
21,107,12571000
21,107,12572000
21,107,12573000
21,107,12574000
21,107,12575000
21,107,12576000
21,107,12577000
21,107,12578000
21,107,12579000
21,107,12580000
21,107,12581000
21,107,12582000
21,107,12583000
21,107,12584000
21,107,12585000
21,107,12586000
21,107,12587000
21,107,12588000
21,107,12589000
21,107,12590000
21,107,12591000
21,107,12592000
21,107,12593000
21,107,12594000
21,107,12595000
21,107,12596000
21,107,12597000
21,107,12598000
21,107,12599000
21,107,12600000
21,107,12601000
21,107,12602000
21,107,12603000
21,107,12604000
21,107,12605000
21,107,12606000
21,107,12607000
21,107,12608000
21,107,12609000
21,107,12610000
21,107,12611000
21,107,12612000
21,107,12613000
21,107,12614000
21,107,12615000
21,107,12616000
21,107,12617000
21,107,12618000
21,107,12619000
21,107,12620000
21,107,12621000
21,107,12622000
21,107,12623000
21,107,12624000
21,107,12625000
21,107,12626000
21,107,12627000
21,107,12628000
21,107,12629000
21,107,12630000
21,107,12631000
21,107,12632000
21,107,12633000
21,107,12634000
21,107,12635000
21,107,12636000
21,107,12637000
21,107,12638000
21,107,12639000
21,107,12640000
21,107,12641000
21,107,12642000
21,107,12643000
21,107,12644000
21,107,12645000
21,107,12646000
21,107,12647000
21,107,12648000
21,107,12649000
21,107,12650000
21,107,12651000
21,107,12652000
21,107,12653000
21,107,12654000
21,107,12655000
21,107,12656000
21,107,12657000
21,107,12658000
21,107,12659000
21,107,12660000
21,107,12661000
21,107,12662000
21,107,12663000
21,107,12664000
21,107,12665000
21,107,12666000
21,107,12667000
21,107,12668000
21,107,12669000
21,107,12670000
21,107,12671000
21,107,12672000
21,107,12673000
21,107,12674000
21,107,12675000
21,107,12676000
21,107,12677000
21,107,12678000
21,107,12679000
21,107,12680000
21,107,12681000
21,107,12682000
21,107,12683000
21,107,12684000
21,107,12685000
21,107,12686000
21,107,12687000
21,107,12688000
21,107,12689000
21,107,12690000
21,107,12691000
21,107,12692000
21,107,12693000
21,107,12694000
21,107,12695000
21,107,12696000
21,107,12697000
21,107,12698000
21,107,12699000
21,107,12700000
21,107,12701000
21,107,12702000
21,107,12703000
21,107,12704000
21,107,12705000
21,107,12706000
21,107,12707000
21,107,12708000
21,107,12709000
21,107,12710000
21,107,12711000
21,107,12712000
21,107,12713000
21,107,12714000
21,107,12715000
21,107,12716000
21,107,12717000
21,107,12718000
21,107,12719000
21,107,12720000
21,107,12721000
21,107,12722000
21,107,12723000
21,107,12724000
21,107,12725000
21,107,12726000
21,107,12727000
21,107,12728000
21,107,12729000
21,107,12730000
21,107,12731000
21,107,12732000
21,107,12733000
21,107,12734000
21,107,12735000
21,107,12736000
21,107,12737000
21,107,12738000
21,107,12739000
21,107,12740000
21,107,12741000
21,107,12742000
21,107,12743000
21,107,12744000
21,107,12745000
21,107,12746000
21,107,12747000
21,107,12748000
21,107,12749000
21,107,12750000
21,107,12751000
21,107,12752000
21,107,12753000
21,107,12754000
21,107,12755000
21,107,12756000
21,107,12757000
21,107,12758000
21,107,12759000
21,107,12760000
21,107,12761000
21,107,12762000
21,107,12763000
21,107,12764000
21,107,12765000
21,107,12766000
21,107,12767000
21,107,12768000
21,107,12769000
21,107,12770000
21,107,12771000
21,107,12772000
21,107,12773000
21,107,12774000
21,107,12775000
21,107,12776000
21,107,12777000
21,107,12778000
21,107,12779000
21,107,12780000
21,107,12781000
21,107,12782000
21,107,12783000
21,107,12784000
21,107,12785000
21,107,12786000
21,107,12787000
21,107,12788000
21,107,12789000
21,107,12790000
21,107,12791000
21,107,12792000
21,107,12793000
21,107,12794000
21,107,12795000
21,107,12796000
21,107,12797000
21,107,12798000
21,107,12799000
21,107,12800000
21,107,12801000
21,107,12802000
21,107,12803000
21,107,12804000
21,107,12805000
21,107,12806000
21,107,12807000
21,107,12808000
21,107,12809000
21,107,12810000
21,107,12811000
21,107,12812000
21,107,12813000
21,107,12814000
21,107,12815000
21,107,12816000
21,107,12817000
21,107,12818000
21,107,12819000
21,107,12820000
21,107,12821000
21,107,12822000
21,107,12823000
21,107,12824000
21,107,12825000
21,107,12826000
21,107,12827000
21,107,12828000
21,107,12829000
21,107,12830000
21,107,12831000
21,107,12832000
21,107,12833000
21,107,12834000
21,107,12835000
21,107,12836000
21,107,12837000
21,107,12838000
21,107,12839000
21,107,12840000
21,107,12841000
21,107,12842000
21,107,12843000
21,107,12844000
21,107,12845000
21,107,12846000
21,107,12847000
21,107,12848000
21,107,12849000
21,107,12850000
21,107,12851000
21,107,12852000
21,107,12853000
21,107,12854000
21,107,12855000
21,107,12856000
21,107,12857000
21,107,12858000
21,107,12859000
21,107,12860000
21,107,12861000
21,107,12862000
21,107,12863000
21,107,12864000
21,107,12865000
21,107,12866000
21,107,12867000
21,107,12868000
21,107,12869000
21,107,12870000
21,107,12871000
21,107,12872000
21,107,12873000
21,107,12874000
21,107,12875000
21,107,12876000
21,107,12877000
21,107,12878000
21,107,12879000
21,107,12880000
21,107,12881000
21,107,12882000
21,107,12883000
21,107,12884000
21,107,12885000
21,107,12886000
21,107,12887000
21,107,12888000
21,107,12889000
21,107,12890000
21,107,12891000
21,107,12892000
21,107,12893000
21,107,12894000
21,107,12895000
21,107,12896000
21,107,12897000
21,107,12898000
21,107,12899000
21,107,12900000
21,107,12901000
21,107,12902000
21,107,12903000
21,107,12904000
21,107,12905000
21,107,12906000
21,107,12907000
21,107,12908000
21,107,12909000
21,107,12910000
21,107,12911000
21,107,12912000
21,107,12913000
21,107,12914000
21,107,12915000
21,107,12916000
21,107,12917000
21,107,12918000
21,107,12919000
21,107,12920000
21,107,12921000
21,107,12922000
21,107,12923000
21,107,12924000
21,107,12925000
21,107,12926000
21,107,12927000
21,107,12928000
21,107,12929000
21,107,12930000
21,107,12931000
21,107,12932000
21,107,12933000
21,107,12934000
21,107,12935000
21,107,12936000
21,107,12937000
21,107,12938000
21,107,12939000
21,107,12940000
21,107,12941000
21,107,12942000
21,107,12943000
21,107,12944000
21,107,12945000
21,107,12946000
21,107,12947000
21,107,12948000
21,107,12949000
21,107,12950000
21,107,12951000
21,107,12952000
21,107,12953000
21,107,12954000
21,107,12955000
21,107,12956000
21,107,12957000
21,107,12958000
21,107,12959000
21,107,12960000
21,107,12961000
21,107,12962000
21,107,12963000
21,107,12964000
21,107,12965000
21,107,12966000
21,107,12967000
21,107,12968000
21,107,12969000
21,107,12970000
21,107,12971000
21,107,12972000
21,107,12973000
21,107,12974000
21,107,12975000
21,107,12976000
21,107,12977000
21,107,12978000
21,107,12979000
21,107,12980000
21,107,12981000
21,107,12982000
21,107,12983000
21,107,12984000
21,107,12985000
21,107,12986000
21,107,12987000
21,107,12988000
21,107,12989000
21,107,12990000
21,107,12991000
21,107,12992000
21,107,12993000
21,107,12994000
21,107,12995000
21,107,12996000
21,107,12997000
21,107,12998000
21,107,12999000
21,107,13000000
21,107,13001000
21,107,13002000
21,107,13003000
21,107,13004000
21,107,13005000
21,107,13006000
21,107,13007000
21,107,13008000
21,107,13009000
21,107,13010000
21,107,13011000
21,107,13012000
21,107,13013000
21,107,13014000
21,107,13015000
21,107,13016000
21,107,13017000
21,107,13018000
21,107,13019000
21,107,13020000
21,107,13021000
21,107,13022000
21,107,13023000
21,107,13024000
21,107,13025000
21,107,13026000
21,107,13027000
21,107,13028000
21,107,13029000
21,107,13030000
21,107,13031000
21,107,13032000
21,107,13033000
21,107,13034000
21,107,13035000
21,107,13036000
21,107,13037000
21,107,13038000
21,107,13039000
21,107,13040000
21,107,13041000
21,107,13042000
21,107,13043000
21,107,13044000
21,107,13045000
21,107,13046000
21,107,13047000
21,107,13048000
21,107,13049000
21,107,13050000
21,107,13051000
21,107,13052000
21,107,13053000
21,107,13054000
21,107,13055000
21,107,13056000
21,107,13057000
21,107,13058000
21,107,13059000
21,107,13060000
21,107,13061000
21,107,13062000
21,107,13063000
21,107,13064000
21,107,13065000
21,107,13066000
21,107,13067000
21,107,13068000
21,107,13069000
21,107,13070000
21,107,13071000
21,107,13072000
21,107,13073000
21,107,13074000
21,107,13075000
21,107,13076000
21,107,13077000
21,107,13078000
21,107,13079000
21,107,13080000
21,107,13081000
21,107,13082000
21,107,13083000
21,107,13084000
21,107,13085000
21,107,13086000
21,107,13087000
21,107,13088000
21,107,13089000
21,107,13090000
21,107,13091000
21,107,13092000
21,107,13093000
21,107,13094000
21,107,13095000
21,107,13096000
21,107,13097000
21,107,13098000
21,107,13099000
21,107,13100000
21,107,13101000
21,107,13102000
21,107,13103000
21,107,13104000
21,107,13105000
21,107,13106000
21,107,13107000
21,107,13108000
21,107,13109000
21,107,13110000
21,107,13111000
21,107,13112000
21,107,13113000
21,107,13114000
21,107,13115000
21,107,13116000
21,107,13117000
21,107,13118000
21,107,13119000
21,107,13120000
21,107,13121000
21,107,13122000
21,107,13123000
21,107,13124000
21,107,13125000
21,107,13126000
21,107,13127000
21,107,13128000
21,107,13129000
21,107,13130000
21,107,13131000
21,107,13132000
21,107,13133000
21,107,13134000
21,107,13135000
21,107,13136000
21,107,13137000
21,107,13138000
21,107,13139000
21,107,13140000
21,107,13141000
21,107,13142000
21,107,13143000
21,107,13144000
21,107,13145000
21,107,13146000
21,107,13147000
21,107,13148000
21,107,13149000
21,107,13150000
21,107,13151000
21,107,13152000
21,107,13153000
21,107,13154000
21,107,13155000
21,107,13156000
21,107,13157000
21,107,13158000
21,107,13159000
21,107,13160000
21,107,13161000
21,107,13162000
21,107,13163000
21,107,13164000
21,107,13165000
21,107,13166000
21,107,13167000
21,107,13168000
21,107,13169000
21,107,13170000
21,107,13171000
21,107,13172000
21,107,13173000
21,107,13174000
21,107,13175000
21,107,13176000
21,107,13177000
21,107,13178000
21,107,13179000
21,107,13180000
21,107,13181000
21,107,13182000
21,107,13183000
21,107,13184000
21,107,13185000
21,107,13186000
21,107,13187000
21,107,13188000
21,107,13189000
21,107,13190000
21,107,13191000
21,107,13192000
21,107,13193000
21,107,13194000
21,107,13195000
21,107,13196000
21,107,13197000
21,107,13198000
21,107,13199000
21,107,13200000
21,107,13201000
21,107,13202000
21,107,13203000
21,107,13204000
21,107,13205000
21,107,13206000
21,107,13207000
21,107,13208000
21,107,13209000
21,107,13210000
21,107,13211000
21,107,13212000
21,107,13213000
21,107,13214000
21,107,13215000
21,107,13216000
21,107,13217000
21,107,13218000
21,107,13219000
21,107,13220000
21,107,13221000
21,107,13222000
21,107,13223000
21,107,13224000
21,107,13225000
21,107,13226000
21,107,13227000
21,107,13228000
21,107,13229000
21,107,13230000
21,107,13231000
21,107,13232000
21,107,13233000
21,107,13234000
21,107,13235000
21,107,13236000
21,107,13237000
21,107,13238000
21,107,13239000
21,107,13240000
21,107,13241000
21,107,13242000
21,107,13243000
21,107,13244000
21,107,13245000
21,107,13246000
21,107,13247000
21,107,13248000
21,107,13249000
21,107,13250000
21,107,13251000
21,107,13252000
21,107,13253000
21,107,13254000
21,107,13255000
21,107,13256000
21,107,13257000
21,107,13258000
21,107,13259000
21,107,13260000
21,107,13261000
21,107,13262000
21,107,13263000
21,107,13264000
21,107,13265000
21,107,13266000
21,107,13267000
21,107,13268000
21,107,13269000
21,107,13270000
21,107,13271000
21,107,13272000
21,107,13273000
21,107,13274000
21,107,13275000
21,107,13276000
21,107,13277000
21,107,13278000
21,107,13279000
21,107,13280000
21,107,13281000
21,107,13282000
21,107,13283000
21,107,13284000
21,107,13285000
21,107,13286000
21,107,13287000
21,107,13288000
21,107,13289000
21,107,13290000
21,107,13291000
21,107,13292000
21,107,13293000
21,107,13294000
21,107,13295000
21,107,13296000
21,107,13297000
21,107,13298000
21,107,13299000
21,107,13300000
21,107,13301000
21,107,13302000
21,107,13303000
21,107,13304000
21,107,13305000
21,107,13306000
21,107,13307000
21,107,13308000
21,107,13309000
21,107,13310000
21,107,13311000
21,107,13312000
21,107,13313000
21,107,13314000
21,107,13315000
21,107,13316000
21,107,13317000
21,107,13318000
21,107,13319000
21,107,13320000
21,107,13321000
21,107,13322000
21,107,13323000
21,107,13324000
21,107,13325000
21,107,13326000
21,107,13327000
21,107,13328000
21,107,13329000
21,107,13330000
21,107,13331000
21,107,13332000
21,107,13333000
21,107,13334000
21,107,13335000
21,107,13336000
21,107,13337000
21,107,13338000
21,107,13339000
21,107,13340000
21,107,13341000
21,107,13342000
21,107,13343000
21,107,13344000
21,107,13345000
21,107,13346000
21,107,13347000
21,107,13348000
21,107,13349000
21,107,13350000
21,107,13351000
21,107,13352000
21,107,13353000
21,107,13354000
21,107,13355000
21,107,13356000
21,107,13357000
21,107,13358000
21,107,13359000
21,107,13360000
21,107,13361000
21,107,13362000
21,107,13363000
21,107,13364000
21,107,13365000
21,107,13366000
21,107,13367000
21,107,13368000
21,107,13369000
21,107,13370000
21,107,13371000
21,107,13372000
21,107,13373000
21,107,13374000
21,107,13375000
21,107,13376000
21,107,13377000
21,107,13378000
21,107,13379000
21,107,13380000
21,107,13381000
21,107,13382000
21,107,13383000
21,107,13384000
21,107,13385000
21,107,13386000
21,107,13387000
21,107,13388000
21,107,13389000
21,107,13390000
21,107,13391000
21,107,13392000
21,107,13393000
21,107,13394000
21,107,13395000
21,107,13396000
21,107,13397000
21,107,13398000
21,107,13399000
21,107,13400000
21,107,13401000
21,107,13402000
21,107,13403000
21,107,13404000
21,107,13405000
21,107,13406000
21,107,13407000
21,107,13408000
21,107,13409000
21,107,13410000
21,107,13411000
21,107,13412000
21,107,13413000
21,107,13414000
21,107,13415000
21,107,13416000
21,107,13417000
21,107,13418000
21,107,13419000
21,107,13420000
21,107,13421000
21,107,13422000
21,107,13423000
21,107,13424000
21,107,13425000
21,107,13426000
21,107,13427000
21,107,13428000
21,107,13429000
21,107,13430000
21,107,13431000
21,107,13432000
21,107,13433000
21,107,13434000
21,107,13435000
21,107,13436000
21,107,13437000
21,107,13438000
21,107,13439000
21,107,13440000
21,107,13441000
21,107,13442000
21,107,13443000
21,107,13444000
21,107,13445000
21,107,13446000
21,107,13447000
21,107,13448000
21,107,13449000
21,107,13450000
21,107,13451000
21,107,13452000
21,107,13453000
21,107,13454000
21,107,13455000
21,107,13456000
21,107,13457000
21,107,13458000
21,107,13459000
21,107,13460000
21,107,13461000
21,107,13462000
21,107,13463000
21,107,13464000
21,107,13465000
21,107,13466000
21,107,13467000
21,107,13468000
21,107,13469000
21,107,13470000
21,107,13471000
21,107,13472000
21,107,13473000
21,107,13474000
21,107,13475000
21,107,13476000
21,107,13477000
21,107,13478000
21,107,13479000
21,107,13480000
21,107,13481000
21,107,13482000
21,107,13483000
21,107,13484000
21,107,13485000
21,107,13486000
21,107,13487000
21,107,13488000
21,107,13489000
21,107,13490000
21,107,13491000
21,107,13492000
21,107,13493000
21,107,13494000
21,107,13495000
21,107,13496000
21,107,13497000
21,107,13498000
21,107,13499000
21,107,13500000
21,107,13501000
21,107,13502000
21,107,13503000
21,107,13504000
21,107,13505000
21,107,13506000
21,107,13507000
21,107,13508000
21,107,13509000
21,107,13510000
21,107,13511000
21,107,13512000
21,107,13513000
21,107,13514000
21,107,13515000
21,107,13516000
21,107,13517000
21,107,13518000
21,107,13519000
21,107,13520000
21,107,13521000
21,107,13522000
21,107,13523000
21,107,13524000
21,107,13525000
21,107,13526000
21,107,13527000
21,107,13528000
21,107,13529000
21,107,13530000
21,107,13531000
21,107,13532000
21,107,13533000
21,107,13534000
21,107,13535000
21,107,13536000
21,107,13537000
21,107,13538000
21,107,13539000
21,107,13540000
21,107,13541000
21,107,13542000
21,107,13543000
21,107,13544000
21,107,13545000
21,107,13546000
21,107,13547000
21,107,13548000
21,107,13549000
21,107,13550000
21,107,13551000
21,107,13552000
21,107,13553000
21,107,13554000
21,107,13555000
21,107,13556000
21,107,13557000
21,107,13558000
21,107,13559000
21,107,13560000
21,107,13561000
21,107,13562000
21,107,13563000
21,107,13564000
21,107,13565000
21,107,13566000
21,107,13567000
21,107,13568000
21,107,13569000
21,107,13570000
21,107,13571000
21,107,13572000
21,107,13573000
21,107,13574000
21,107,13575000
21,107,13576000
21,107,13577000
21,107,13578000
21,107,13579000
21,107,13580000
21,107,13581000
21,107,13582000
21,107,13583000
21,107,13584000
21,107,13585000
21,107,13586000
21,107,13587000
21,107,13588000
21,107,13589000
21,107,13590000
21,107,13591000
21,107,13592000
21,107,13593000
21,107,13594000
21,107,13595000
21,107,13596000
21,107,13597000
21,107,13598000
21,107,13599000
21,107,13600000
21,107,13601000
21,107,13602000
21,107,13603000
21,107,13604000
21,107,13605000
21,107,13606000
21,107,13607000
21,107,13608000
21,107,13609000
21,107,13610000
21,107,13611000
21,107,13612000
21,107,13613000
21,107,13614000
21,107,13615000
21,107,13616000
21,107,13617000
21,107,13618000
21,107,13619000
21,107,13620000
21,107,13621000
21,107,13622000
21,107,13623000
21,107,13624000
21,107,13625000
21,107,13626000
21,107,13627000
21,107,13628000
21,107,13629000
21,107,13630000
21,107,13631000
21,107,13632000
21,107,13633000
21,107,13634000
21,107,13635000
21,107,13636000
21,107,13637000
21,107,13638000
21,107,13639000
21,107,13640000
21,107,13641000
21,107,13642000
21,107,13643000
21,107,13644000
21,107,13645000
21,107,13646000
21,107,13647000
21,107,13648000
21,107,13649000
21,107,13650000
21,107,13651000
21,107,13652000
21,107,13653000
21,107,13654000
21,107,13655000
21,107,13656000
21,107,13657000
21,107,13658000
21,107,13659000
21,107,13660000
21,107,13661000
21,107,13662000
21,107,13663000
21,107,13664000
21,107,13665000
21,107,13666000
21,107,13667000
21,107,13668000
21,107,13669000
21,107,13670000
21,107,13671000
21,107,13672000
21,107,13673000
21,107,13674000
21,107,13675000
21,107,13676000
21,107,13677000
21,107,13678000
21,107,13679000
21,107,13680000
21,107,13681000
21,107,13682000
21,107,13683000
21,107,13684000
21,107,13685000
21,107,13686000
21,107,13687000
21,107,13688000
21,107,13689000
21,107,13690000
21,107,13691000
21,107,13692000
21,107,13693000
21,107,13694000
21,107,13695000
21,107,13696000
21,107,13697000
21,107,13698000
21,107,13699000
21,107,13700000
21,107,13701000
21,107,13702000
21,107,13703000
21,107,13704000
21,107,13705000
21,107,13706000
21,107,13707000
21,107,13708000
21,107,13709000
21,107,13710000
21,107,13711000
21,107,13712000
21,107,13713000
21,107,13714000
21,107,13715000
21,107,13716000
21,107,13717000
21,107,13718000
21,107,13719000
21,107,13720000
21,107,13721000
21,107,13722000
21,107,13723000
21,107,13724000
21,107,13725000
21,107,13726000
21,107,13727000
21,107,13728000
21,107,13729000
21,107,13730000
21,107,13731000
21,107,13732000
21,107,13733000
21,107,13734000
21,107,13735000
21,107,13736000
21,107,13737000
21,107,13738000
21,107,13739000
21,107,13740000
21,107,13741000
21,107,13742000
21,107,13743000
21,107,13744000
21,107,13745000
21,107,13746000
21,107,13747000
21,107,13748000
21,107,13749000
21,107,13750000
21,107,13751000
21,107,13752000
21,107,13753000
21,107,13754000
21,107,13755000
21,107,13756000
21,107,13757000
21,107,13758000
21,107,13759000
21,107,13760000
21,107,13761000
21,107,13762000
21,107,13763000
21,107,13764000
21,107,13765000
21,107,13766000
21,107,13767000
21,107,13768000
21,107,13769000
21,107,13770000
21,107,13771000
21,107,13772000
21,107,13773000
21,107,13774000
21,107,13775000
21,107,13776000
21,107,13777000
21,107,13778000
21,107,13779000
21,107,13780000
21,107,13781000
21,107,13782000
21,107,13783000
21,107,13784000
21,107,13785000
21,107,13786000
21,107,13787000
21,107,13788000
21,107,13789000
21,107,13790000
21,107,13791000
21,107,13792000
21,107,13793000
21,107,13794000
21,107,13795000
21,107,13796000
21,107,13797000
21,107,13798000
21,107,13799000
21,107,13800000
21,107,13801000
21,107,13802000
21,107,13803000
21,107,13804000
21,107,13805000
21,107,13806000
21,107,13807000
21,107,13808000
21,107,13809000
21,107,13810000
21,107,13811000
21,107,13812000
21,107,13813000
21,107,13814000
21,107,13815000
21,107,13816000
21,107,13817000
21,107,13818000
21,107,13819000
21,107,13820000
21,107,13821000
21,107,13822000
21,107,13823000
21,107,13824000
21,107,13825000
21,107,13826000
21,107,13827000
21,107,13828000
21,107,13829000
21,107,13830000
21,107,13831000
21,107,13832000
21,107,13833000
21,107,13834000
21,107,13835000
21,107,13836000
21,107,13837000
21,107,13838000
21,107,13839000
21,107,13840000
21,107,13841000
21,107,13842000
21,107,13843000
21,107,13844000
21,107,13845000
21,107,13846000
21,107,13847000
21,107,13848000
21,107,13849000
21,107,13850000
21,107,13851000
21,107,13852000
21,107,13853000
21,107,13854000
21,107,13855000
21,107,13856000
21,107,13857000
21,107,13858000
21,107,13859000
21,107,13860000
21,107,13861000
21,107,13862000
21,107,13863000
21,107,13864000
21,107,13865000
21,107,13866000
21,107,13867000
21,107,13868000
21,107,13869000
21,107,13870000
21,107,13871000
21,107,13872000
21,107,13873000
21,107,13874000
21,107,13875000
21,107,13876000
21,107,13877000
21,107,13878000
21,107,13879000
21,107,13880000
21,107,13881000
21,107,13882000
21,107,13883000
21,107,13884000
21,107,13885000
21,107,13886000
21,107,13887000
21,107,13888000
21,107,13889000
21,107,13890000
21,107,13891000
21,107,13892000
21,107,13893000
21,107,13894000
21,107,13895000
21,107,13896000
21,107,13897000
21,107,13898000
21,107,13899000
21,107,13900000
21,107,13901000
21,107,13902000
21,107,13903000
21,107,13904000
21,107,13905000
21,107,13906000
21,107,13907000
21,107,13908000
21,107,13909000
21,107,13910000
21,107,13911000
21,107,13912000
21,107,13913000
21,107,13914000
21,107,13915000
21,107,13916000
21,107,13917000
21,107,13918000
21,107,13919000
21,107,13920000
21,107,13921000
21,107,13922000
21,107,13923000
21,107,13924000
21,107,13925000
21,107,13926000
21,107,13927000
21,107,13928000
21,107,13929000
21,107,13930000
21,107,13931000
21,107,13932000
21,107,13933000
21,107,13934000
21,107,13935000
21,107,13936000
21,107,13937000
21,107,13938000
21,107,13939000
21,107,13940000
21,107,13941000
21,107,13942000
21,107,13943000
21,107,13944000
21,107,13945000
21,107,13946000
21,107,13947000
21,107,13948000
21,107,13949000
21,107,13950000
21,107,13951000
21,107,13952000
21,107,13953000
21,107,13954000
21,107,13955000
21,107,13956000
21,107,13957000
21,107,13958000
21,107,13959000
21,107,13960000
21,107,13961000
21,107,13962000
21,107,13963000
21,107,13964000
21,107,13965000
21,107,13966000
21,107,13967000
21,107,13968000
21,107,13969000
21,107,13970000
21,107,13971000
21,107,13972000
21,107,13973000
21,107,13974000
21,107,13975000
21,107,13976000
21,107,13977000
21,107,13978000
21,107,13979000
21,107,13980000
21,107,13981000
21,107,13982000
21,107,13983000
21,107,13984000
21,107,13985000
21,107,13986000
21,107,13987000
21,107,13988000
21,107,13989000
21,107,13990000
21,107,13991000
21,107,13992000
21,107,13993000
21,107,13994000
21,107,13995000
21,107,13996000
21,107,13997000
21,107,13998000
21,107,13999000
21,107,14000000
21,107,14001000
21,107,14002000
21,107,14003000
21,107,14004000
21,107,14005000
21,107,14006000
21,107,14007000
21,107,14008000
21,107,14009000
21,107,14010000
21,107,14011000
21,107,14012000
21,107,14013000
21,107,14014000
21,107,14015000
21,107,14016000
21,107,14017000
21,107,14018000
21,107,14019000
21,107,14020000
21,107,14021000
21,107,14022000
21,107,14023000
21,107,14024000
21,107,14025000
21,107,14026000
21,107,14027000
21,107,14028000
21,107,14029000
21,107,14030000
21,107,14031000
21,107,14032000
21,107,14033000
21,107,14034000
21,107,14035000
21,107,14036000
21,107,14037000
21,107,14038000
21,107,14039000
21,107,14040000
21,107,14041000
21,107,14042000
21,107,14043000
21,107,14044000
21,107,14045000
21,107,14046000
21,107,14047000
21,107,14048000
21,107,14049000
21,107,14050000
21,107,14051000
21,107,14052000
21,107,14053000
21,107,14054000
21,107,14055000
21,107,14056000
21,107,14057000
21,107,14058000
21,107,14059000
21,107,14060000
21,107,14061000
21,107,14062000
21,107,14063000
21,107,14064000
21,107,14065000
21,107,14066000
21,107,14067000
21,107,14068000
21,107,14069000
21,107,14070000
21,107,14071000
21,107,14072000
21,107,14073000
21,107,14074000
21,107,14075000
21,107,14076000
21,107,14077000
21,107,14078000
21,107,14079000
21,107,14080000
21,107,14081000
21,107,14082000
21,107,14083000
21,107,14084000
21,107,14085000
21,107,14086000
21,107,14087000
21,107,14088000
21,107,14089000
21,107,14090000
21,107,14091000
21,107,14092000
21,107,14093000
21,107,14094000
21,107,14095000
21,107,14096000
21,107,14097000
21,107,14098000
21,107,14099000
21,107,14100000
21,107,14101000
21,107,14102000
21,107,14103000
21,107,14104000
21,107,14105000
21,107,14106000
21,107,14107000
21,107,14108000
21,107,14109000
21,107,14110000
21,107,14111000
21,107,14112000
21,107,14113000
21,107,14114000
21,107,14115000
21,107,14116000
21,107,14117000
21,107,14118000
21,107,14119000
21,107,14120000
21,107,14121000
21,107,14122000
21,107,14123000
21,107,14124000
21,107,14125000
21,107,14126000
21,107,14127000
21,107,14128000
21,107,14129000
21,107,14130000
21,107,14131000
21,107,14132000
21,107,14133000
21,107,14134000
21,107,14135000
21,107,14136000
21,107,14137000
21,107,14138000
21,107,14139000
21,107,14140000
21,107,14141000
21,107,14142000
21,107,14143000
21,107,14144000
21,107,14145000
21,107,14146000
21,107,14147000
21,107,14148000
21,107,14149000
21,107,14150000
21,107,14151000
21,107,14152000
21,107,14153000
21,107,14154000
21,107,14155000
21,107,14156000
21,107,14157000
21,107,14158000
21,107,14159000
21,107,14160000
21,107,14161000
21,107,14162000
21,107,14163000
21,107,14164000
21,107,14165000
21,107,14166000
21,107,14167000
21,107,14168000
21,107,14169000
21,107,14170000
21,107,14171000
21,107,14172000
21,107,14173000
21,107,14174000
21,107,14175000
21,107,14176000
21,107,14177000
21,107,14178000
21,107,14179000
21,107,14180000
21,107,14181000
21,107,14182000
21,107,14183000
21,107,14184000
21,107,14185000
21,107,14186000
21,107,14187000
21,107,14188000
21,107,14189000
21,107,14190000
21,107,14191000
21,107,14192000
21,107,14193000
21,107,14194000
21,107,14195000
21,107,14196000
21,107,14197000
21,107,14198000
21,107,14199000
21,107,14200000
21,107,14201000
21,107,14202000
21,107,14203000
21,107,14204000
21,107,14205000
21,107,14206000
21,107,14207000
21,107,14208000
21,107,14209000
21,107,14210000
21,107,14211000
21,107,14212000
21,107,14213000
21,107,14214000
21,107,14215000
21,107,14216000
21,107,14217000
21,107,14218000
21,107,14219000
21,107,14220000
21,107,14221000
21,107,14222000
21,107,14223000
21,107,14224000
21,107,14225000
21,107,14226000
21,107,14227000
21,107,14228000
21,107,14229000
21,107,14230000
21,107,14231000
21,107,14232000
21,107,14233000
21,107,14234000
21,107,14235000
21,107,14236000
21,107,14237000
21,107,14238000
21,107,14239000
21,107,14240000
21,107,14241000
21,107,14242000
21,107,14243000
21,107,14244000
21,107,14245000
21,107,14246000
21,107,14247000
21,107,14248000
21,107,14249000
21,107,14250000
21,107,14251000
21,107,14252000
21,107,14253000
21,107,14254000
21,107,14255000
21,107,14256000
21,107,14257000
21,107,14258000
21,107,14259000
21,107,14260000
21,107,14261000
21,107,14262000
21,107,14263000
21,107,14264000
21,107,14265000
21,107,14266000
21,107,14267000
21,107,14268000
21,107,14269000
21,107,14270000
21,107,14271000
21,107,14272000
21,107,14273000
21,107,14274000
21,107,14275000
21,107,14276000
21,107,14277000
21,107,14278000
21,107,14279000
21,107,14280000
21,107,14281000
21,107,14282000
21,107,14283000
21,107,14284000
21,107,14285000
21,107,14286000
21,107,14287000
21,107,14288000
21,107,14289000
21,107,14290000
21,107,14291000
21,107,14292000
21,107,14293000
21,107,14294000
21,107,14295000
21,107,14296000
21,107,14297000
21,107,14298000
21,107,14299000
21,107,14300000
21,107,14301000
21,107,14302000
21,107,14303000
21,107,14304000
21,107,14305000
21,107,14306000
21,107,14307000
21,107,14308000
21,107,14309000
21,107,14310000
21,107,14311000
21,107,14312000
21,107,14313000
21,107,14314000
21,107,14315000
21,107,14316000
21,107,14317000
21,107,14318000
21,107,14319000
21,107,14320000
21,107,14321000
21,107,14322000
21,107,14323000
21,107,14324000
21,107,14325000
21,107,14326000
21,107,14327000
21,107,14328000
21,107,14329000
21,107,14330000
21,107,14331000
21,107,14332000
21,107,14333000
21,107,14334000
21,107,14335000
21,107,14336000
21,107,14337000
21,107,14338000
21,107,14339000
21,107,14340000
21,107,14341000
21,107,14342000
21,107,14343000
21,107,14344000
21,107,14345000
21,107,14346000
21,107,14347000
21,107,14348000
21,107,14349000
21,107,14350000
21,107,14351000
21,107,14352000
21,107,14353000
21,107,14354000
21,107,14355000
21,107,14356000
21,107,14357000
21,107,14358000
21,107,14359000
21,107,14360000
21,107,14361000
21,107,14362000
21,107,14363000
21,107,14364000
21,107,14365000
21,107,14366000
21,107,14367000
21,107,14368000
21,107,14369000
21,107,14370000
21,107,14371000
21,107,14372000
21,107,14373000
21,107,14374000
21,107,14375000
21,107,14376000
21,107,14377000
21,107,14378000
21,107,14379000
21,107,14380000
21,107,14381000
21,107,14382000
21,107,14383000
21,107,14384000
21,107,14385000
21,107,14386000
21,107,14387000
21,107,14388000
21,107,14389000
21,107,14390000
21,107,14391000
21,107,14392000
21,107,14393000
21,107,14394000
21,107,14395000
21,107,14396000
21,107,14397000
21,107,14398000
21,107,14399000
21,107,14400000
21,107,14401000
21,107,14402000
21,107,14403000
21,107,14404000
21,107,14405000
21,107,14406000
21,107,14407000
21,107,14408000
21,107,14409000
21,107,14410000
21,107,14411000
21,107,14412000
21,107,14413000
21,107,14414000
21,107,14415000
21,107,14416000
21,107,14417000
21,107,14418000
21,107,14419000
21,107,14420000
21,107,14421000
21,107,14422000
21,107,14423000
21,107,14424000
21,107,14425000
21,107,14426000
21,107,14427000
21,107,14428000
21,107,14429000
21,107,14430000
21,107,14431000
21,107,14432000
21,107,14433000
21,107,14434000
21,107,14435000
21,107,14436000
21,107,14437000
21,107,14438000
21,107,14439000
21,107,14440000
21,107,14441000
21,107,14442000
21,107,14443000
21,107,14444000
21,107,14445000
21,107,14446000
21,107,14447000
21,107,14448000
21,107,14449000
21,107,14450000
21,107,14451000
21,107,14452000
21,107,14453000
21,107,14454000
21,107,14455000
21,107,14456000
21,107,14457000
21,107,14458000
21,107,14459000
21,107,14460000
21,107,14461000
21,107,14462000
21,107,14463000
21,107,14464000
21,107,14465000
21,107,14466000
21,107,14467000
21,107,14468000
21,107,14469000
21,107,14470000
21,107,14471000
21,107,14472000
21,107,14473000
21,107,14474000
21,107,14475000
21,107,14476000
21,107,14477000
21,107,14478000
21,107,14479000
21,107,14480000
21,107,14481000
21,107,14482000
21,107,14483000
21,107,14484000
21,107,14485000
21,107,14486000
21,107,14487000
21,107,14488000
21,107,14489000
21,107,14490000
21,107,14491000
21,107,14492000
21,107,14493000
21,107,14494000
21,107,14495000
21,107,14496000
21,107,14497000
21,107,14498000
21,107,14499000
21,107,14500000
21,107,14501000
21,107,14502000
21,107,14503000
21,107,14504000
21,107,14505000
21,107,14506000
21,107,14507000
21,107,14508000
21,107,14509000
21,107,14510000
21,107,14511000
21,107,14512000
21,107,14513000
21,107,14514000
21,107,14515000
21,107,14516000
21,107,14517000
21,107,14518000
21,107,14519000
21,107,14520000
21,107,14521000
21,107,14522000
21,107,14523000
21,107,14524000
21,107,14525000
21,107,14526000
21,107,14527000
21,107,14528000
21,107,14529000
21,107,14530000
21,107,14531000
21,107,14532000
21,107,14533000
21,107,14534000
21,107,14535000
21,107,14536000
21,107,14537000
21,107,14538000
21,107,14539000
21,107,14540000
21,107,14541000
21,107,14542000
21,107,14543000
21,107,14544000
21,107,14545000
21,107,14546000
21,107,14547000
21,107,14548000
21,107,14549000
21,107,14550000
21,107,14551000
21,107,14552000
21,107,14553000
21,107,14554000
21,107,14555000
21,107,14556000
21,107,14557000
21,107,14558000
21,107,14559000
21,107,14560000
21,107,14561000
21,107,14562000
21,107,14563000
21,107,14564000
21,107,14565000
21,107,14566000
21,107,14567000
21,107,14568000
21,107,14569000
21,107,14570000
21,107,14571000
21,107,14572000
21,107,14573000
21,107,14574000
21,107,14575000
21,107,14576000
21,107,14577000
21,107,14578000
21,107,14579000
21,107,14580000
21,107,14581000
21,107,14582000
21,107,14583000
21,107,14584000
21,107,14585000
21,107,14586000
21,107,14587000
21,107,14588000
21,107,14589000
21,107,14590000
21,107,14591000
21,107,14592000
21,107,14593000
21,107,14594000
21,107,14595000
21,107,14596000
21,107,14597000
21,107,14598000
21,107,14599000
21,107,14600000
21,107,14601000
21,107,14602000
21,107,14603000
21,107,14604000
21,107,14605000
21,107,14606000
21,107,14607000
21,107,14608000
21,107,14609000
21,107,14610000
21,107,14611000
21,107,14612000
21,107,14613000
21,107,14614000
21,107,14615000
21,107,14616000
21,107,14617000
21,107,14618000
21,107,14619000
21,107,14620000
21,107,14621000
21,107,14622000
21,107,14623000
21,107,14624000
21,107,14625000
21,107,14626000
21,107,14627000
21,107,14628000
21,107,14629000
21,107,14630000
21,107,14631000
21,107,14632000
21,107,14633000
21,107,14634000
21,107,14635000
21,107,14636000
21,107,14637000
21,107,14638000
21,107,14639000
21,107,14640000
21,107,14641000
21,107,14642000
21,107,14643000
21,107,14644000
21,107,14645000
21,107,14646000
21,107,14647000
21,107,14648000
21,107,14649000
21,107,14650000
21,107,14651000
21,107,14652000
21,107,14653000
21,107,14654000
21,107,14655000
21,107,14656000
21,107,14657000
21,107,14658000
21,107,14659000
21,107,14660000
21,107,14661000
21,107,14662000
21,107,14663000
21,107,14664000
21,107,14665000
21,107,14666000
21,107,14667000
21,107,14668000
21,107,14669000
21,107,14670000
21,107,14671000
21,107,14672000
21,107,14673000
21,107,14674000
21,107,14675000
21,107,14676000
21,107,14677000
21,107,14678000
21,107,14679000
21,107,14680000
21,107,14681000
21,107,14682000
21,107,14683000
21,107,14684000
21,107,14685000
21,107,14686000
21,107,14687000
21,107,14688000
21,107,14689000
21,107,14690000
21,107,14691000
21,107,14692000
21,107,14693000
21,107,14694000
21,107,14695000
21,107,14696000
21,107,14697000
21,107,14698000
21,107,14699000
21,107,14700000
21,107,14701000
21,107,14702000
21,107,14703000
21,107,14704000
21,107,14705000
21,107,14706000
21,107,14707000
21,107,14708000
21,107,14709000
21,107,14710000
21,107,14711000
21,107,14712000
21,107,14713000
21,107,14714000
21,107,14715000
21,107,14716000
21,107,14717000
21,107,14718000
21,107,14719000
21,107,14720000
21,107,14721000
21,107,14722000
21,107,14723000
21,107,14724000
21,107,14725000
21,107,14726000
21,107,14727000
21,107,14728000
21,107,14729000
21,107,14730000
21,107,14731000
21,107,14732000
21,107,14733000
21,107,14734000
21,107,14735000
21,107,14736000
21,107,14737000
21,107,14738000
21,107,14739000
21,107,14740000
21,107,14741000
21,107,14742000
21,107,14743000
21,107,14744000
21,107,14745000
21,107,14746000
21,107,14747000
21,107,14748000
21,107,14749000
21,107,14750000
21,107,14751000
21,107,14752000
21,107,14753000
21,107,14754000
21,107,14755000
21,107,14756000
21,107,14757000
21,107,14758000
21,107,14759000
21,107,14760000
21,107,14761000
21,107,14762000
21,107,14763000
21,107,14764000
21,107,14765000
21,107,14766000
21,107,14767000
21,107,14768000
21,107,14769000
21,107,14770000
21,107,14771000
21,107,14772000
21,107,14773000
21,107,14774000
21,107,14775000
21,107,14776000
21,107,14777000
21,107,14778000
21,107,14779000
21,107,14780000
21,107,14781000
21,107,14782000
21,107,14783000
21,107,14784000
21,107,14785000
21,107,14786000
21,107,14787000
21,107,14788000
21,107,14789000
21,107,14790000
21,107,14791000
21,107,14792000
21,107,14793000
21,107,14794000
21,107,14795000
21,107,14796000
21,107,14797000
21,107,14798000
21,107,14799000
21,107,14800000
21,107,14801000
21,107,14802000
21,107,14803000
21,107,14804000
21,107,14805000
21,107,14806000
21,107,14807000
21,107,14808000
21,107,14809000
21,107,14810000
21,107,14811000
21,107,14812000
21,107,14813000
21,107,14814000
21,107,14815000
21,107,14816000
21,107,14817000
21,107,14818000
21,107,14819000
21,107,14820000
21,107,14821000
21,107,14822000
21,107,14823000
21,107,14824000
21,107,14825000
21,107,14826000
21,107,14827000
21,107,14828000
21,107,14829000
21,107,14830000
21,107,14831000
21,107,14832000
21,107,14833000
21,107,14834000
21,107,14835000
21,107,14836000
21,107,14837000
21,107,14838000
21,107,14839000
21,107,14840000
21,107,14841000
21,107,14842000
21,107,14843000
21,107,14844000
21,107,14845000
21,107,14846000
21,107,14847000
21,107,14848000
21,107,14849000
21,107,14850000
21,107,14851000
21,107,14852000
21,107,14853000
21,107,14854000
21,107,14855000
21,107,14856000
21,107,14857000
21,107,14858000
21,107,14859000
21,107,14860000
21,107,14861000
21,107,14862000
21,107,14863000
21,107,14864000
21,107,14865000
21,107,14866000
21,107,14867000
21,107,14868000
21,107,14869000
21,107,14870000
21,107,14871000
21,107,14872000
21,107,14873000
21,107,14874000
21,107,14875000
21,107,14876000
21,107,14877000
21,107,14878000
21,107,14879000
21,107,14880000
21,107,14881000
21,107,14882000
21,107,14883000
21,107,14884000
21,107,14885000
21,107,14886000
21,107,14887000
21,107,14888000
21,107,14889000
21,107,14890000
21,107,14891000
21,107,14892000
21,107,14893000
21,107,14894000
21,107,14895000
21,107,14896000
21,107,14897000
21,107,14898000
21,107,14899000
21,107,14900000
21,107,14901000
21,107,14902000
21,107,14903000
21,107,14904000
21,107,14905000
21,107,14906000
21,107,14907000
21,107,14908000
21,107,14909000
21,107,14910000
21,107,14911000
21,107,14912000
21,107,14913000
21,107,14914000
21,107,14915000
21,107,14916000
21,107,14917000
21,107,14918000
21,107,14919000
21,107,14920000
21,107,14921000
21,107,14922000
21,107,14923000
21,107,14924000
21,107,14925000
21,107,14926000
21,107,14927000
21,107,14928000
21,107,14929000
21,107,14930000
21,107,14931000
21,107,14932000
21,107,14933000
21,107,14934000
21,107,14935000
21,107,14936000
21,107,14937000
21,107,14938000
21,107,14939000
21,107,14940000
21,107,14941000
21,107,14942000
21,107,14943000
21,107,14944000
21,107,14945000
21,107,14946000
21,107,14947000
21,107,14948000
21,107,14949000
21,107,14950000
21,107,14951000
21,107,14952000
21,107,14953000
21,107,14954000
21,107,14955000
21,107,14956000
21,107,14957000
21,107,14958000
21,107,14959000
21,107,14960000
21,107,14961000
21,107,14962000
21,107,14963000
21,107,14964000
21,107,14965000
21,107,14966000
21,107,14967000
21,107,14968000
21,107,14969000
21,107,14970000
21,107,14971000
21,107,14972000
21,107,14973000
21,107,14974000
21,107,14975000
21,107,14976000
21,107,14977000
21,107,14978000
21,107,14979000
21,107,14980000
21,107,14981000
21,107,14982000
21,107,14983000
21,107,14984000
21,107,14985000
21,107,14986000
21,107,14987000
21,107,14988000
21,107,14989000
21,107,14990000
21,107,14991000
21,107,14992000
21,107,14993000
21,107,14994000
21,107,14995000
21,107,14996000
21,107,14997000
21,107,14998000
21,107,14999000
21,107,15000000
21,107,15001000
21,107,15002000
21,107,15003000
21,107,15004000
21,107,15005000
21,107,15006000
21,107,15007000
21,107,15008000
21,107,15009000
21,107,15010000
21,107,15011000
21,107,15012000
21,107,15013000
21,107,15014000
21,107,15015000
21,107,15016000
21,107,15017000
21,107,15018000
21,107,15019000
21,107,15020000
21,107,15021000
21,107,15022000
21,107,15023000
21,107,15024000
21,107,15025000
21,107,15026000
21,107,15027000
21,107,15028000
21,107,15029000
21,107,15030000
21,107,15031000
21,107,15032000
21,107,15033000
21,107,15034000
21,107,15035000
21,107,15036000
21,107,15037000
21,107,15038000
21,107,15039000
21,107,15040000
21,107,15041000
21,107,15042000
21,107,15043000
21,107,15044000
21,107,15045000
21,107,15046000
21,107,15047000
21,107,15048000
21,107,15049000
21,107,15050000
21,107,15051000
21,107,15052000
21,107,15053000
21,107,15054000
21,107,15055000
21,107,15056000
21,107,15057000
21,107,15058000
21,107,15059000
21,107,15060000
21,107,15061000
21,107,15062000
21,107,15063000
21,107,15064000
21,107,15065000
21,107,15066000
21,107,15067000
21,107,15068000
21,107,15069000
21,107,15070000
21,107,15071000
21,107,15072000
21,107,15073000
21,107,15074000
21,107,15075000
21,107,15076000
21,107,15077000
21,107,15078000
21,107,15079000
21,107,15080000
21,107,15081000
21,107,15082000
21,107,15083000
21,107,15084000
21,107,15085000
21,107,15086000
21,107,15087000
21,107,15088000
21,107,15089000
21,107,15090000
21,107,15091000
21,107,15092000
21,107,15093000
21,107,15094000
21,107,15095000
21,107,15096000
21,107,15097000
21,107,15098000
21,107,15099000
21,107,15100000
21,107,15101000
21,107,15102000
21,107,15103000
21,107,15104000
21,107,15105000
21,107,15106000
21,107,15107000
21,107,15108000
21,107,15109000
21,107,15110000
21,107,15111000
21,107,15112000
21,107,15113000
21,107,15114000
21,107,15115000
21,107,15116000
21,107,15117000
21,107,15118000
21,107,15119000
21,107,15120000
21,107,15121000
21,107,15122000
21,107,15123000
21,107,15124000
21,107,15125000
21,107,15126000
21,107,15127000
21,107,15128000
21,107,15129000
21,107,15130000
21,107,15131000
21,107,15132000
21,107,15133000
21,107,15134000
21,107,15135000
21,107,15136000
21,107,15137000
21,107,15138000
21,107,15139000
21,107,15140000
21,107,15141000
21,107,15142000
21,107,15143000
21,107,15144000
21,107,15145000
21,107,15146000
21,107,15147000
21,107,15148000
21,107,15149000
21,107,15150000
21,107,15151000
21,107,15152000
21,107,15153000
21,107,15154000
21,107,15155000
21,107,15156000
21,107,15157000
21,107,15158000
21,107,15159000
21,107,15160000
21,107,15161000
21,107,15162000
21,107,15163000
21,107,15164000
21,107,15165000
21,107,15166000
21,107,15167000
21,107,15168000
21,107,15169000
21,107,15170000
21,107,15171000
21,107,15172000
21,107,15173000
21,107,15174000
21,107,15175000
21,107,15176000
21,107,15177000
21,107,15178000
21,107,15179000
21,107,15180000
21,107,15181000
21,107,15182000
21,107,15183000
21,107,15184000
21,107,15185000
21,107,15186000
21,107,15187000
21,107,15188000
21,107,15189000
21,107,15190000
21,107,15191000
21,107,15192000
21,107,15193000
21,107,15194000
21,107,15195000
21,107,15196000
21,107,15197000
21,107,15198000
21,107,15199000
21,107,15200000
21,107,15201000
21,107,15202000
21,107,15203000
21,107,15204000
21,107,15205000
21,107,15206000
21,107,15207000
21,107,15208000
21,107,15209000
21,107,15210000
21,107,15211000
21,107,15212000
21,107,15213000
21,107,15214000
21,107,15215000
21,107,15216000
21,107,15217000
21,107,15218000
21,107,15219000
21,107,15220000
21,107,15221000
21,107,15222000
21,107,15223000
21,107,15224000
21,107,15225000
21,107,15226000
21,107,15227000
21,107,15228000
21,107,15229000
21,107,15230000
21,107,15231000
21,107,15232000
21,107,15233000
21,107,15234000
21,107,15235000
21,107,15236000
21,107,15237000
21,107,15238000
21,107,15239000
21,107,15240000
21,107,15241000
21,107,15242000
21,107,15243000
21,107,15244000
21,107,15245000
21,107,15246000
21,107,15247000
21,107,15248000
21,107,15249000
21,107,15250000
21,107,15251000
21,107,15252000
21,107,15253000
21,107,15254000
21,107,15255000
21,107,15256000
21,107,15257000
21,107,15258000
21,107,15259000
21,107,15260000
21,107,15261000
21,107,15262000
21,107,15263000
21,107,15264000
21,107,15265000
21,107,15266000
21,107,15267000
21,107,15268000
21,107,15269000
21,107,15270000
21,107,15271000
21,107,15272000
21,107,15273000
21,107,15274000
21,107,15275000
21,107,15276000
21,107,15277000
21,107,15278000
21,107,15279000
21,107,15280000
21,107,15281000
21,107,15282000
21,107,15283000
21,107,15284000
21,107,15285000
21,107,15286000
21,107,15287000
21,107,15288000
21,107,15289000
21,107,15290000
21,107,15291000
21,107,15292000
21,107,15293000
21,107,15294000
21,107,15295000
21,107,15296000
21,107,15297000
21,107,15298000
21,107,15299000
21,107,15300000
21,107,15301000
21,107,15302000
21,107,15303000
21,107,15304000
21,107,15305000
21,107,15306000
21,107,15307000
21,107,15308000
21,107,15309000
21,107,15310000
21,107,15311000
21,107,15312000
21,107,15313000
21,107,15314000
21,107,15315000
21,107,15316000
21,107,15317000
21,107,15318000
21,107,15319000
21,107,15320000
21,107,15321000
21,107,15322000
21,107,15323000
21,107,15324000
21,107,15325000
21,107,15326000
21,107,15327000
21,107,15328000
21,107,15329000
21,107,15330000
21,107,15331000
21,107,15332000
21,107,15333000
21,107,15334000
21,107,15335000
21,107,15336000
21,107,15337000
21,107,15338000
21,107,15339000
21,107,15340000
21,107,15341000
21,107,15342000
21,107,15343000
21,107,15344000
21,107,15345000
21,107,15346000
21,107,15347000
21,107,15348000
21,107,15349000
21,107,15350000
21,107,15351000
21,107,15352000
21,107,15353000
21,107,15354000
21,107,15355000
21,107,15356000
21,107,15357000
21,107,15358000
21,107,15359000
21,107,15360000
21,107,15361000
21,107,15362000
21,107,15363000
21,107,15364000
21,107,15365000
21,107,15366000
21,107,15367000
21,107,15368000
21,107,15369000
21,107,15370000
21,107,15371000
21,107,15372000
21,107,15373000
21,107,15374000
21,107,15375000
21,107,15376000
21,107,15377000
21,107,15378000
21,107,15379000
21,107,15380000
21,107,15381000
21,107,15382000
21,107,15383000
21,107,15384000
21,107,15385000
21,107,15386000
21,107,15387000
21,107,15388000
21,107,15389000
21,107,15390000
21,107,15391000
21,107,15392000
21,107,15393000
21,107,15394000
21,107,15395000
21,107,15396000
21,107,15397000
21,107,15398000
21,107,15399000
21,107,15400000
21,107,15401000
21,107,15402000
21,107,15403000
21,107,15404000
21,107,15405000
21,107,15406000
21,107,15407000
21,107,15408000
21,107,15409000
21,107,15410000
21,107,15411000
21,107,15412000
21,107,15413000
21,107,15414000
21,107,15415000
21,107,15416000
21,107,15417000
21,107,15418000
21,107,15419000
21,107,15420000
21,107,15421000
21,107,15422000
21,107,15423000
21,107,15424000
21,107,15425000
21,107,15426000
21,107,15427000
21,107,15428000
21,107,15429000
21,107,15430000
21,107,15431000
21,107,15432000
21,107,15433000
21,107,15434000
21,107,15435000
21,107,15436000
21,107,15437000
21,107,15438000
21,107,15439000
21,107,15440000
21,107,15441000
21,107,15442000
21,107,15443000
21,107,15444000
21,107,15445000
21,107,15446000
21,107,15447000
21,107,15448000
21,107,15449000
21,107,15450000
21,107,15451000
21,107,15452000
21,107,15453000
21,107,15454000
21,107,15455000
21,107,15456000
21,107,15457000
21,107,15458000
21,107,15459000
21,107,15460000
21,107,15461000
21,107,15462000
21,107,15463000
21,107,15464000
21,107,15465000
21,107,15466000
21,107,15467000
21,107,15468000
21,107,15469000
21,107,15470000
21,107,15471000
21,107,15472000
21,107,15473000
21,107,15474000
21,107,15475000
21,107,15476000
21,107,15477000
21,107,15478000
21,107,15479000
21,107,15480000
21,107,15481000
21,107,15482000
21,107,15483000
21,107,15484000
21,107,15485000
21,107,15486000
21,107,15487000
21,107,15488000
21,107,15489000
21,107,15490000
21,107,15491000
21,107,15492000
21,107,15493000
21,107,15494000
21,107,15495000
21,107,15496000
21,107,15497000
21,107,15498000
21,107,15499000
21,107,15500000
21,107,15501000
21,107,15502000
21,107,15503000
21,107,15504000
21,107,15505000
21,107,15506000
21,107,15507000
21,107,15508000
21,107,15509000
21,107,15510000
21,107,15511000
21,107,15512000
21,107,15513000
21,107,15514000
21,107,15515000
21,107,15516000
21,107,15517000
21,107,15518000
21,107,15519000
21,107,15520000
21,107,15521000
21,107,15522000
21,107,15523000
21,107,15524000
21,107,15525000
21,107,15526000
21,107,15527000
21,107,15528000
21,107,15529000
21,107,15530000
21,107,15531000
21,107,15532000
21,107,15533000
21,107,15534000
21,107,15535000
21,107,15536000
21,107,15537000
21,107,15538000
21,107,15539000
21,107,15540000
21,107,15541000
21,107,15542000
21,107,15543000
21,107,15544000
21,107,15545000
21,107,15546000
21,107,15547000
21,107,15548000
21,107,15549000
21,107,15550000
21,107,15551000
21,107,15552000
21,107,15553000
21,107,15554000
21,107,15555000
21,107,15556000
21,107,15557000
21,107,15558000
21,107,15559000
21,107,15560000
21,107,15561000
21,107,15562000
21,107,15563000
21,107,15564000
21,107,15565000
21,107,15566000
21,107,15567000
21,107,15568000
21,107,15569000
21,107,15570000
21,107,15571000
21,107,15572000
21,107,15573000
21,107,15574000
21,107,15575000
21,107,15576000
21,107,15577000
21,107,15578000
21,107,15579000
21,107,15580000
21,107,15581000
21,107,15582000
21,107,15583000
21,107,15584000
21,107,15585000
21,107,15586000
21,107,15587000
21,107,15588000
21,107,15589000
21,107,15590000
21,107,15591000
21,107,15592000
21,107,15593000
21,107,15594000
21,107,15595000
21,107,15596000
21,107,15597000
21,107,15598000
21,107,15599000
21,107,15600000
21,107,15601000
21,107,15602000
21,107,15603000
21,107,15604000
21,107,15605000
21,107,15606000
21,107,15607000
21,107,15608000
21,107,15609000
21,107,15610000
21,107,15611000
21,107,15612000
21,107,15613000
21,107,15614000
21,107,15615000
21,107,15616000
21,107,15617000
21,107,15618000
21,107,15619000
21,107,15620000
21,107,15621000
21,107,15622000
21,107,15623000
21,107,15624000
21,107,15625000
21,107,15626000
21,107,15627000
21,107,15628000
21,107,15629000
21,107,15630000
21,107,15631000
21,107,15632000
21,107,15633000
21,107,15634000
21,107,15635000
21,107,15636000
21,107,15637000
21,107,15638000
21,107,15639000
21,107,15640000
21,107,15641000
21,107,15642000
21,107,15643000
21,107,15644000
21,107,15645000
21,107,15646000
21,107,15647000
21,107,15648000
21,107,15649000
21,107,15650000
21,107,15651000
21,107,15652000
21,107,15653000
21,107,15654000
21,107,15655000
21,107,15656000
21,107,15657000
21,107,15658000
21,107,15659000
21,107,15660000
21,107,15661000
21,107,15662000
21,107,15663000
21,107,15664000
21,107,15665000
21,107,15666000
21,107,15667000
21,107,15668000
21,107,15669000
21,107,15670000
21,107,15671000
21,107,15672000
21,107,15673000
21,107,15674000
21,107,15675000
21,107,15676000
21,107,15677000
21,107,15678000
21,107,15679000
21,107,15680000
21,107,15681000
21,107,15682000
21,107,15683000
21,107,15684000
21,107,15685000
21,107,15686000
21,107,15687000
21,107,15688000
21,107,15689000
21,107,15690000
21,107,15691000
21,107,15692000
21,107,15693000
21,107,15694000
21,107,15695000
21,107,15696000
21,107,15697000
21,107,15698000
21,107,15699000
21,107,15700000
21,107,15701000
21,107,15702000
21,107,15703000
21,107,15704000
21,107,15705000
21,107,15706000
21,107,15707000
21,107,15708000
21,107,15709000
21,107,15710000
21,107,15711000
21,107,15712000
21,107,15713000
21,107,15714000
21,107,15715000
21,107,15716000
21,107,15717000
21,107,15718000
21,107,15719000
21,107,15720000
21,107,15721000
21,107,15722000
21,107,15723000
21,107,15724000
21,107,15725000
21,107,15726000
21,107,15727000
21,107,15728000
21,107,15729000
21,107,15730000
21,107,15731000
21,107,15732000
21,107,15733000
21,107,15734000
21,107,15735000
21,107,15736000
21,107,15737000
21,107,15738000
21,107,15739000
21,107,15740000
21,107,15741000
21,107,15742000
21,107,15743000
21,107,15744000
21,107,15745000
21,107,15746000
21,107,15747000
21,107,15748000
21,107,15749000
21,107,15750000
21,107,15751000
21,107,15752000
21,107,15753000
21,107,15754000
21,107,15755000
21,107,15756000
21,107,15757000
21,107,15758000
21,107,15759000
21,107,15760000
21,107,15761000
21,107,15762000
21,107,15763000
21,107,15764000
21,107,15765000
21,107,15766000
21,107,15767000
21,107,15768000
21,107,15769000
21,107,15770000
21,107,15771000
21,107,15772000
21,107,15773000
21,107,15774000
21,107,15775000
21,107,15776000
21,107,15777000
21,107,15778000
21,107,15779000
21,107,15780000
21,107,15781000
21,107,15782000
21,107,15783000
21,107,15784000
21,107,15785000
21,107,15786000
21,107,15787000
21,107,15788000
21,107,15789000
21,107,15790000
21,107,15791000
21,107,15792000
21,107,15793000
21,107,15794000
21,107,15795000
21,107,15796000
21,107,15797000
21,107,15798000
21,107,15799000
21,107,15800000
21,107,15801000
21,107,15802000
21,107,15803000
21,107,15804000
21,107,15805000
21,107,15806000
21,107,15807000
21,107,15808000
21,107,15809000
21,107,15810000
21,107,15811000
21,107,15812000
21,107,15813000
21,107,15814000
21,107,15815000
21,107,15816000
21,107,15817000
21,107,15818000
21,107,15819000
21,107,15820000
21,107,15821000
21,107,15822000
21,107,15823000
21,107,15824000
21,107,15825000
21,107,15826000
21,107,15827000
21,107,15828000
21,107,15829000
21,107,15830000
21,107,15831000
21,107,15832000
21,107,15833000
21,107,15834000
21,107,15835000
21,107,15836000
21,107,15837000
21,107,15838000
21,107,15839000
21,107,15840000
21,107,15841000
21,107,15842000
21,107,15843000
21,107,15844000
21,107,15845000
21,107,15846000
21,107,15847000
21,107,15848000
21,107,15849000
21,107,15850000
21,107,15851000
21,107,15852000
21,107,15853000
21,107,15854000
21,107,15855000
21,107,15856000
21,107,15857000
21,107,15858000
21,107,15859000
21,107,15860000
21,107,15861000
21,107,15862000
21,107,15863000
21,107,15864000
21,107,15865000
21,107,15866000
21,107,15867000
21,107,15868000
21,107,15869000
21,107,15870000
21,107,15871000
21,107,15872000
21,107,15873000
21,107,15874000
21,107,15875000
21,107,15876000
21,107,15877000
21,107,15878000
21,107,15879000
21,107,15880000
21,107,15881000
21,107,15882000
21,107,15883000
21,107,15884000
21,107,15885000
21,107,15886000
21,107,15887000
21,107,15888000
21,107,15889000
21,107,15890000
21,107,15891000
21,107,15892000
21,107,15893000
21,107,15894000
21,107,15895000
21,107,15896000
21,107,15897000
21,107,15898000
21,107,15899000
21,107,15900000
21,107,15901000
21,107,15902000
21,107,15903000
21,107,15904000
21,107,15905000
21,107,15906000
21,107,15907000
21,107,15908000
21,107,15909000
21,107,15910000
21,107,15911000
21,107,15912000
21,107,15913000
21,107,15914000
21,107,15915000
21,107,15916000
21,107,15917000
21,107,15918000
21,107,15919000
21,107,15920000
21,107,15921000
21,107,15922000
21,107,15923000
21,107,15924000
21,107,15925000
21,107,15926000
21,107,15927000
21,107,15928000
21,107,15929000
21,107,15930000
21,107,15931000
21,107,15932000
21,107,15933000
21,107,15934000
21,107,15935000
21,107,15936000
21,107,15937000
21,107,15938000
21,107,15939000
21,107,15940000
21,107,15941000
21,107,15942000
21,107,15943000
21,107,15944000
21,107,15945000
21,107,15946000
21,107,15947000
21,107,15948000
21,107,15949000
21,107,15950000
21,107,15951000
21,107,15952000
21,107,15953000
21,107,15954000
21,107,15955000
21,107,15956000
21,107,15957000
21,107,15958000
21,107,15959000
21,107,15960000
21,107,15961000
21,107,15962000
21,107,15963000
21,107,15964000
21,107,15965000
21,107,15966000
21,107,15967000
21,107,15968000
21,107,15969000
21,107,15970000
21,107,15971000
21,107,15972000
21,107,15973000
21,107,15974000
21,107,15975000
21,107,15976000
21,107,15977000
21,107,15978000
21,107,15979000
21,107,15980000
21,107,15981000
21,107,15982000
21,107,15983000
21,107,15984000
21,107,15985000
21,107,15986000
21,107,15987000
21,107,15988000
21,107,15989000
21,107,15990000
21,107,15991000
21,107,15992000
21,107,15993000
21,107,15994000
21,107,15995000
21,107,15996000
21,107,15997000
21,107,15998000
21,107,15999000
21,107,16000000
21,107,16001000
21,107,16002000
21,107,16003000
21,107,16004000
21,107,16005000
21,107,16006000
21,107,16007000
21,107,16008000
21,107,16009000
21,107,16010000
21,107,16011000
21,107,16012000
21,107,16013000
21,107,16014000
21,107,16015000
21,107,16016000
21,107,16017000
21,107,16018000
21,107,16019000
21,107,16020000
21,107,16021000
21,107,16022000
21,107,16023000
21,107,16024000
21,107,16025000
21,107,16026000
21,107,16027000
21,107,16028000
21,107,16029000
21,107,16030000
21,107,16031000
21,107,16032000
21,107,16033000
21,107,16034000
21,107,16035000
21,107,16036000
21,107,16037000
21,107,16038000
21,107,16039000
21,107,16040000
21,107,16041000
21,107,16042000
21,107,16043000
21,107,16044000
21,107,16045000
21,107,16046000
21,107,16047000
21,107,16048000
21,107,16049000
21,107,16050000
21,107,16051000
21,107,16052000
21,107,16053000
21,107,16054000
21,107,16055000
21,107,16056000
21,107,16057000
21,107,16058000
21,107,16059000
21,107,16060000
21,107,16061000
21,107,16062000
21,107,16063000
21,107,16064000
21,107,16065000
21,107,16066000
21,107,16067000
21,107,16068000
21,107,16069000
21,107,16070000
21,107,16071000
21,107,16072000
21,107,16073000
21,107,16074000
21,107,16075000
21,107,16076000
21,107,16077000
21,107,16078000
21,107,16079000
21,107,16080000
21,107,16081000
21,107,16082000
21,107,16083000
21,107,16084000
21,107,16085000
21,107,16086000
21,107,16087000
21,107,16088000
21,107,16089000
21,107,16090000
21,107,16091000
21,107,16092000
21,107,16093000
21,107,16094000
21,107,16095000
21,107,16096000
21,107,16097000
21,107,16098000
21,107,16099000
21,107,16100000
21,107,16101000
21,107,16102000
21,107,16103000
21,107,16104000
21,107,16105000
21,107,16106000
21,107,16107000
21,107,16108000
21,107,16109000
21,107,16110000
21,107,16111000
21,107,16112000
21,107,16113000
21,107,16114000
21,107,16115000
21,107,16116000
21,107,16117000
21,107,16118000
21,107,16119000
21,107,16120000
21,107,16121000
21,107,16122000
21,107,16123000
21,107,16124000
21,107,16125000
21,107,16126000
21,107,16127000
21,107,16128000
21,107,16129000
21,107,16130000
21,107,16131000
21,107,16132000
21,107,16133000
21,107,16134000
21,107,16135000
21,107,16136000
21,107,16137000
21,107,16138000
21,107,16139000
21,107,16140000
21,107,16141000
21,107,16142000
21,107,16143000
21,107,16144000
21,107,16145000
21,107,16146000
21,107,16147000
21,107,16148000
21,107,16149000
21,107,16150000
21,107,16151000
21,107,16152000
21,107,16153000
21,107,16154000
21,107,16155000
21,107,16156000
21,107,16157000
21,107,16158000
21,107,16159000
21,107,16160000
21,107,16161000
21,107,16162000
21,107,16163000
21,107,16164000
21,107,16165000
21,107,16166000
21,107,16167000
21,107,16168000
21,107,16169000
21,107,16170000
21,107,16171000
21,107,16172000
21,107,16173000
21,107,16174000
21,107,16175000
21,107,16176000
21,107,16177000
21,107,16178000
21,107,16179000
21,107,16180000
21,107,16181000
21,107,16182000
21,107,16183000
21,107,16184000
21,107,16185000
21,107,16186000
21,107,16187000
21,107,16188000
21,107,16189000
21,107,16190000
21,107,16191000
21,107,16192000
21,107,16193000
21,107,16194000
21,107,16195000
21,107,16196000
21,107,16197000
21,107,16198000
21,107,16199000
21,107,16200000
21,107,16201000
21,107,16202000
21,107,16203000
21,107,16204000
21,107,16205000
21,107,16206000
21,107,16207000
21,107,16208000
21,107,16209000
21,107,16210000
21,107,16211000
21,107,16212000
21,107,16213000
21,107,16214000
21,107,16215000
21,107,16216000
21,107,16217000
21,107,16218000
21,107,16219000
21,107,16220000
21,107,16221000
21,107,16222000
21,107,16223000
21,107,16224000
21,107,16225000
21,107,16226000
21,107,16227000
21,107,16228000
21,107,16229000
21,107,16230000
21,107,16231000
21,107,16232000
21,107,16233000
21,107,16234000
21,107,16235000
21,107,16236000
21,107,16237000
21,107,16238000
21,107,16239000
21,107,16240000
21,107,16241000
21,107,16242000
21,107,16243000
21,107,16244000
21,107,16245000
21,107,16246000
21,107,16247000
21,107,16248000
21,107,16249000
21,107,16250000
21,107,16251000
21,107,16252000
21,107,16253000
21,107,16254000
21,107,16255000
21,107,16256000
21,107,16257000
21,107,16258000
21,107,16259000
21,107,16260000
21,107,16261000
21,107,16262000
21,107,16263000
21,107,16264000
21,107,16265000
21,107,16266000
21,107,16267000
21,107,16268000
21,107,16269000
21,107,16270000
21,107,16271000
21,107,16272000
21,107,16273000
21,107,16274000
21,107,16275000
21,107,16276000
21,107,16277000
21,107,16278000
21,107,16279000
21,107,16280000
21,107,16281000
21,107,16282000
21,107,16283000
21,107,16284000
21,107,16285000
21,107,16286000
21,107,16287000
21,107,16288000
21,107,16289000
21,107,16290000
21,107,16291000
21,107,16292000
21,107,16293000
21,107,16294000
21,107,16295000
21,107,16296000
21,107,16297000
21,107,16298000
21,107,16299000
21,107,16300000
21,107,16301000
21,107,16302000
21,107,16303000
21,107,16304000
21,107,16305000
21,107,16306000
21,107,16307000
21,107,16308000
21,107,16309000
21,107,16310000
21,107,16311000
21,107,16312000
21,107,16313000
21,107,16314000
21,107,16315000
21,107,16316000
21,107,16317000
21,107,16318000
21,107,16319000
21,107,16320000
21,107,16321000
21,107,16322000
21,107,16323000
21,107,16324000
21,107,16325000
21,107,16326000
21,107,16327000
21,107,16328000
21,107,16329000
21,107,16330000
21,107,16331000
21,107,16332000
21,107,16333000
21,107,16334000
21,107,16335000
21,107,16336000
21,107,16337000
21,107,16338000
21,107,16339000
21,107,16340000
21,107,16341000
21,107,16342000
21,107,16343000
21,107,16344000
21,107,16345000
21,107,16346000
21,107,16347000
21,107,16348000
21,107,16349000
21,107,16350000
21,107,16351000
21,107,16352000
21,107,16353000
21,107,16354000
21,107,16355000
21,107,16356000
21,107,16357000
21,107,16358000
21,107,16359000
21,107,16360000
21,107,16361000
21,107,16362000
21,107,16363000
21,107,16364000
21,107,16365000
21,107,16366000
21,107,16367000
21,107,16368000
21,107,16369000
21,107,16370000
21,107,16371000
21,107,16372000
21,107,16373000
21,107,16374000
21,107,16375000
21,107,16376000
21,107,16377000
21,107,16378000
21,107,16379000
21,107,16380000
21,107,16381000
21,107,16382000
21,107,16383000
21,107,16384000
21,107,16385000
21,107,16386000
21,107,16387000
21,107,16388000
21,107,16389000
21,107,16390000
21,107,16391000
21,107,16392000
21,107,16393000
21,107,16394000
21,107,16395000
21,107,16396000
21,107,16397000
21,107,16398000
21,107,16399000
21,107,16400000
21,107,16401000
21,107,16402000
21,107,16403000
21,107,16404000
21,107,16405000
21,107,16406000
21,107,16407000
21,107,16408000
21,107,16409000
21,107,16410000
21,107,16411000
21,107,16412000
21,107,16413000
21,107,16414000
21,107,16415000
21,107,16416000
21,107,16417000
21,107,16418000
21,107,16419000
21,107,16420000
21,107,16421000
21,107,16422000
21,107,16423000
21,107,16424000
21,107,16425000
21,107,16426000
21,107,16427000
21,107,16428000
21,107,16429000
21,107,16430000
21,107,16431000
21,107,16432000
21,107,16433000
21,107,16434000
21,107,16435000
21,107,16436000
21,107,16437000
21,107,16438000
21,107,16439000
21,107,16440000
21,107,16441000
21,107,16442000
21,107,16443000
21,107,16444000
21,107,16445000
21,107,16446000
21,107,16447000
21,107,16448000
21,107,16449000
21,107,16450000
21,107,16451000
21,107,16452000
21,107,16453000
21,107,16454000
21,107,16455000
21,107,16456000
21,107,16457000
21,107,16458000
21,107,16459000
21,107,16460000
21,107,16461000
21,107,16462000
21,107,16463000
21,107,16464000
21,107,16465000
21,107,16466000
21,107,16467000
21,107,16468000
21,107,16469000
21,107,16470000
21,107,16471000
21,107,16472000
21,107,16473000
21,107,16474000
21,107,16475000
21,107,16476000
21,107,16477000
21,107,16478000
21,107,16479000
21,107,16480000
21,107,16481000
21,107,16482000
21,107,16483000
21,107,16484000
21,107,16485000
21,107,16486000
21,107,16487000
21,107,16488000
21,107,16489000
21,107,16490000
21,107,16491000
21,107,16492000
21,107,16493000
21,107,16494000
21,107,16495000
21,107,16496000
21,107,16497000
21,107,16498000
21,107,16499000
21,107,16500000
21,107,16501000
21,107,16502000
21,107,16503000
21,107,16504000
21,107,16505000
21,107,16506000
21,107,16507000
21,107,16508000
21,107,16509000
21,107,16510000
21,107,16511000
21,107,16512000
21,107,16513000
21,107,16514000
21,107,16515000
21,107,16516000
21,107,16517000
21,107,16518000
21,107,16519000
21,107,16520000
21,107,16521000
21,107,16522000
21,107,16523000
21,107,16524000
21,107,16525000
21,107,16526000
21,107,16527000
21,107,16528000
21,107,16529000
21,107,16530000
21,107,16531000
21,107,16532000
21,107,16533000
21,107,16534000
21,107,16535000
21,107,16536000
21,107,16537000
21,107,16538000
21,107,16539000
21,107,16540000
21,107,16541000
21,107,16542000
21,107,16543000
21,107,16544000
21,107,16545000
21,107,16546000
21,107,16547000
21,107,16548000
21,107,16549000
21,107,16550000
21,107,16551000
21,107,16552000
21,107,16553000
21,107,16554000
21,107,16555000
21,107,16556000
21,107,16557000
21,107,16558000
21,107,16559000
21,107,16560000
21,107,16561000
21,107,16562000
21,107,16563000
21,107,16564000
21,107,16565000
21,107,16566000
21,107,16567000
21,107,16568000
21,107,16569000
21,107,16570000
21,107,16571000
21,107,16572000
21,107,16573000
21,107,16574000
21,107,16575000
21,107,16576000
21,107,16577000
21,107,16578000
21,107,16579000
21,107,16580000
21,107,16581000
21,107,16582000
21,107,16583000
21,107,16584000
21,107,16585000
21,107,16586000
21,107,16587000
21,107,16588000
21,107,16589000
21,107,16590000
21,107,16591000
21,107,16592000
21,107,16593000
21,107,16594000
21,107,16595000
21,107,16596000
21,107,16597000
21,107,16598000
21,107,16599000
21,107,16600000
21,107,16601000
21,107,16602000
21,107,16603000
21,107,16604000
21,107,16605000
21,107,16606000
21,107,16607000
21,107,16608000
21,107,16609000
21,107,16610000
21,107,16611000
21,107,16612000
21,107,16613000
21,107,16614000
21,107,16615000
21,107,16616000
21,107,16617000
21,107,16618000
21,107,16619000
21,107,16620000
21,107,16621000
21,107,16622000
21,107,16623000
21,107,16624000
21,107,16625000
21,107,16626000
21,107,16627000
21,107,16628000
21,107,16629000
21,107,16630000
21,107,16631000
21,107,16632000
21,107,16633000
21,107,16634000
21,107,16635000
21,107,16636000
21,107,16637000
21,107,16638000
21,107,16639000
21,107,16640000
21,107,16641000
21,107,16642000
21,107,16643000
21,107,16644000
21,107,16645000
21,107,16646000
21,107,16647000
21,107,16648000
21,107,16649000
21,107,16650000
21,107,16651000
21,107,16652000
21,107,16653000
21,107,16654000
21,107,16655000
21,107,16656000
21,107,16657000
21,107,16658000
21,107,16659000
21,107,16660000
21,107,16661000
21,107,16662000
21,107,16663000
21,107,16664000
21,107,16665000
21,107,16666000
21,107,16667000
21,107,16668000
21,107,16669000
21,107,16670000
21,107,16671000
21,107,16672000
21,107,16673000
21,107,16674000
21,107,16675000
21,107,16676000
21,107,16677000
21,107,16678000
21,107,16679000
21,107,16680000
21,107,16681000
21,107,16682000
21,107,16683000
21,107,16684000
21,107,16685000
21,107,16686000
21,107,16687000
21,107,16688000
21,107,16689000
21,107,16690000
21,107,16691000
21,107,16692000
21,107,16693000
21,107,16694000
21,107,16695000
21,107,16696000
21,107,16697000
21,107,16698000
21,107,16699000
21,107,16700000
21,107,16701000
21,107,16702000
21,107,16703000
21,107,16704000
21,107,16705000
21,107,16706000
21,107,16707000
21,107,16708000
21,107,16709000
21,107,16710000
21,107,16711000
21,107,16712000
21,107,16713000
21,107,16714000
21,107,16715000
21,107,16716000
21,107,16717000
21,107,16718000
21,107,16719000
21,107,16720000
21,107,16721000
21,107,16722000
21,107,16723000
21,107,16724000
21,107,16725000
21,107,16726000
21,107,16727000
21,107,16728000
21,107,16729000
21,107,16730000
21,107,16731000
21,107,16732000
21,107,16733000
21,107,16734000
21,107,16735000
21,107,16736000
21,107,16737000
21,107,16738000
21,107,16739000
21,107,16740000
21,107,16741000
21,107,16742000
21,107,16743000
21,107,16744000
21,107,16745000
21,107,16746000
21,107,16747000
21,107,16748000
21,107,16749000
21,107,16750000
21,107,16751000
21,107,16752000
21,107,16753000
21,107,16754000
21,107,16755000
21,107,16756000
21,107,16757000
21,107,16758000
21,107,16759000
21,107,16760000
21,107,16761000
21,107,16762000
21,107,16763000
21,107,16764000
21,107,16765000
21,107,16766000
21,107,16767000
21,107,16768000
21,107,16769000
21,107,16770000
21,107,16771000
21,107,16772000
21,107,16773000
21,107,16774000
21,107,16775000
21,107,16776000
21,107,16777000
21,107,16778000
21,107,16779000
21,107,16780000
21,107,16781000
21,107,16782000
21,107,16783000
21,107,16784000
21,107,16785000
21,107,16786000
21,107,16787000
21,107,16788000
21,107,16789000
21,107,16790000
21,107,16791000
21,107,16792000
21,107,16793000
21,107,16794000
21,107,16795000
21,107,16796000
21,107,16797000
21,107,16798000
21,107,16799000
21,107,16800000
21,107,16801000
21,107,16802000
21,107,16803000
21,107,16804000
21,107,16805000
21,107,16806000
21,107,16807000
21,107,16808000
21,107,16809000
21,107,16810000
21,107,16811000
21,107,16812000
21,107,16813000
21,107,16814000
21,107,16815000
21,107,16816000
21,107,16817000
21,107,16818000
21,107,16819000
21,107,16820000
21,107,16821000
21,107,16822000
21,107,16823000
21,107,16824000
21,107,16825000
21,107,16826000
21,107,16827000
21,107,16828000
21,107,16829000
21,107,16830000
21,107,16831000
21,107,16832000
21,107,16833000
21,107,16834000
21,107,16835000
21,107,16836000
21,107,16837000
21,107,16838000
21,107,16839000
21,107,16840000
21,107,16841000
21,107,16842000
21,107,16843000
21,107,16844000
21,107,16845000
21,107,16846000
21,107,16847000
21,107,16848000
21,107,16849000
21,107,16850000
21,107,16851000
21,107,16852000
21,107,16853000
21,107,16854000
21,107,16855000
21,107,16856000
21,107,16857000
21,107,16858000
21,107,16859000
21,107,16860000
21,107,16861000
21,107,16862000
21,107,16863000
21,107,16864000
21,107,16865000
21,107,16866000
21,107,16867000
21,107,16868000
21,107,16869000
21,107,16870000
21,107,16871000
21,107,16872000
21,107,16873000
21,107,16874000
21,107,16875000
21,107,16876000
21,107,16877000
21,107,16878000
21,107,16879000
21,107,16880000
21,107,16881000
21,107,16882000
21,107,16883000
21,107,16884000
21,107,16885000
21,107,16886000
21,107,16887000
21,107,16888000
21,107,16889000
21,107,16890000
21,107,16891000
21,107,16892000
21,107,16893000
21,107,16894000
21,107,16895000
21,107,16896000
21,107,16897000
21,107,16898000
21,107,16899000
21,107,16900000
21,107,16901000
21,107,16902000
21,107,16903000
21,107,16904000
21,107,16905000
21,107,16906000
21,107,16907000
21,107,16908000
21,107,16909000
21,107,16910000
21,107,16911000
21,107,16912000
21,107,16913000
21,107,16914000
21,107,16915000
21,107,16916000
21,107,16917000
21,107,16918000
21,107,16919000
21,107,16920000
21,107,16921000
21,107,16922000
21,107,16923000
21,107,16924000
21,107,16925000
21,107,16926000
21,107,16927000
21,107,16928000
21,107,16929000
21,107,16930000
21,107,16931000
21,107,16932000
21,107,16933000
21,107,16934000
21,107,16935000
21,107,16936000
21,107,16937000
21,107,16938000
21,107,16939000
21,107,16940000
21,107,16941000
21,107,16942000
21,107,16943000
21,107,16944000
21,107,16945000
21,107,16946000
21,107,16947000
21,107,16948000
21,107,16949000
21,107,16950000
21,107,16951000
21,107,16952000
21,107,16953000
21,107,16954000
21,107,16955000
21,107,16956000
21,107,16957000
21,107,16958000
21,107,16959000
21,107,16960000
21,107,16961000
21,107,16962000
21,107,16963000
21,107,16964000
21,107,16965000
21,107,16966000
21,107,16967000
21,107,16968000
21,107,16969000
21,107,16970000
21,107,16971000
21,107,16972000
21,107,16973000
21,107,16974000
21,107,16975000
21,107,16976000
21,107,16977000
21,107,16978000
21,107,16979000
21,107,16980000
21,107,16981000
21,107,16982000
21,107,16983000
21,107,16984000
21,107,16985000
21,107,16986000
21,107,16987000
21,107,16988000
21,107,16989000
21,107,16990000
21,107,16991000
21,107,16992000
21,107,16993000
21,107,16994000
21,107,16995000
21,107,16996000
21,107,16997000
21,107,16998000
21,107,16999000
21,107,17000000
21,107,17001000
21,107,17002000
21,107,17003000
21,107,17004000
21,107,17005000
21,107,17006000
21,107,17007000
21,107,17008000
21,107,17009000
21,107,17010000
21,107,17011000
21,107,17012000
21,107,17013000
21,107,17014000
21,107,17015000
21,107,17016000
21,107,17017000
21,107,17018000
21,107,17019000
21,107,17020000
21,107,17021000
21,107,17022000
21,107,17023000
21,107,17024000
21,107,17025000
21,107,17026000
21,107,17027000
21,107,17028000
21,107,17029000
21,107,17030000
21,107,17031000
21,107,17032000
21,107,17033000
21,107,17034000
21,107,17035000
21,107,17036000
21,107,17037000
21,107,17038000
21,107,17039000
21,107,17040000
21,107,17041000
21,107,17042000
21,107,17043000
21,107,17044000
21,107,17045000
21,107,17046000
21,107,17047000
21,107,17048000
21,107,17049000
21,107,17050000
21,107,17051000
21,107,17052000
21,107,17053000
21,107,17054000
21,107,17055000
21,107,17056000
21,107,17057000
21,107,17058000
21,107,17059000
21,107,17060000
21,107,17061000
21,107,17062000
21,107,17063000
21,107,17064000
21,107,17065000
21,107,17066000
21,107,17067000
21,107,17068000
21,107,17069000
21,107,17070000
21,107,17071000
21,107,17072000
21,107,17073000
21,107,17074000
21,107,17075000
21,107,17076000
21,107,17077000
21,107,17078000
21,107,17079000
21,107,17080000
21,107,17081000
21,107,17082000
21,107,17083000
21,107,17084000
21,107,17085000
21,107,17086000
21,107,17087000
21,107,17088000
21,107,17089000
21,107,17090000
21,107,17091000
21,107,17092000
21,107,17093000
21,107,17094000
21,107,17095000
21,107,17096000
21,107,17097000
21,107,17098000
21,107,17099000
21,107,17100000
21,107,17101000
21,107,17102000
21,107,17103000
21,107,17104000
21,107,17105000
21,107,17106000
21,107,17107000
21,107,17108000
21,107,17109000
21,107,17110000
21,107,17111000
21,107,17112000
21,107,17113000
21,107,17114000
21,107,17115000
21,107,17116000
21,107,17117000
21,107,17118000
21,107,17119000
21,107,17120000
21,107,17121000
21,107,17122000
21,107,17123000
21,107,17124000
21,107,17125000
21,107,17126000
21,107,17127000
21,107,17128000
21,107,17129000
21,107,17130000
21,107,17131000
21,107,17132000
21,107,17133000
21,107,17134000
21,107,17135000
21,107,17136000
21,107,17137000
21,107,17138000
21,107,17139000
21,107,17140000
21,107,17141000
21,107,17142000
21,107,17143000
21,107,17144000
21,107,17145000
21,107,17146000
21,107,17147000
21,107,17148000
21,107,17149000
21,107,17150000
21,107,17151000
21,107,17152000
21,107,17153000
21,107,17154000
21,107,17155000
21,107,17156000
21,107,17157000
21,107,17158000
21,107,17159000
21,107,17160000
21,107,17161000
21,107,17162000
21,107,17163000
21,107,17164000
21,107,17165000
21,107,17166000
21,107,17167000
21,107,17168000
21,107,17169000
21,107,17170000
21,107,17171000
21,107,17172000
21,107,17173000
21,107,17174000
21,107,17175000
21,107,17176000
21,107,17177000
21,107,17178000
21,107,17179000
21,107,17180000
21,107,17181000
21,107,17182000
21,107,17183000
21,107,17184000
21,107,17185000
21,107,17186000
21,107,17187000
21,107,17188000
21,107,17189000
21,107,17190000
21,107,17191000
21,107,17192000
21,107,17193000
21,107,17194000
21,107,17195000
21,107,17196000
21,107,17197000
21,107,17198000
21,107,17199000
21,107,17200000
21,107,17201000
21,107,17202000
21,107,17203000
21,107,17204000
21,107,17205000
21,107,17206000
21,107,17207000
21,107,17208000
21,107,17209000
21,107,17210000
21,107,17211000
21,107,17212000
21,107,17213000
21,107,17214000
21,107,17215000
21,107,17216000
21,107,17217000
21,107,17218000
21,107,17219000
21,107,17220000
21,107,17221000
21,107,17222000
21,107,17223000
21,107,17224000
21,107,17225000
21,107,17226000
21,107,17227000
21,107,17228000
21,107,17229000
21,107,17230000
21,107,17231000
21,107,17232000
21,107,17233000
21,107,17234000
21,107,17235000
21,107,17236000
21,107,17237000
21,107,17238000
21,107,17239000
21,107,17240000
21,107,17241000
21,107,17242000
21,107,17243000
21,107,17244000
21,107,17245000
21,107,17246000
21,107,17247000
21,107,17248000
21,107,17249000
21,107,17250000
21,107,17251000
21,107,17252000
21,107,17253000
21,107,17254000
21,107,17255000
21,107,17256000
21,107,17257000
21,107,17258000
21,107,17259000
21,107,17260000
21,107,17261000
21,107,17262000
21,107,17263000
21,107,17264000
21,107,17265000
21,107,17266000
21,107,17267000
21,107,17268000
21,107,17269000
21,107,17270000
21,107,17271000
21,107,17272000
21,107,17273000
21,107,17274000
21,107,17275000
21,107,17276000
21,107,17277000
21,107,17278000
21,107,17279000
21,107,17280000
21,107,17281000
21,107,17282000
21,107,17283000
21,107,17284000
21,107,17285000
21,107,17286000
21,107,17287000
21,107,17288000
21,107,17289000
21,107,17290000
21,107,17291000
21,107,17292000
21,107,17293000
21,107,17294000
21,107,17295000
21,107,17296000
21,107,17297000
21,107,17298000
21,107,17299000
21,107,17300000
21,107,17301000
21,107,17302000
21,107,17303000
21,107,17304000
21,107,17305000
21,107,17306000
21,107,17307000
21,107,17308000
21,107,17309000
21,107,17310000
21,107,17311000
21,107,17312000
21,107,17313000
21,107,17314000
21,107,17315000
21,107,17316000
21,107,17317000
21,107,17318000
21,107,17319000
21,107,17320000
21,107,17321000
21,107,17322000
21,107,17323000
21,107,17324000
21,107,17325000
21,107,17326000
21,107,17327000
21,107,17328000
21,107,17329000
21,107,17330000
21,107,17331000
21,107,17332000
21,107,17333000
21,107,17334000
21,107,17335000
21,107,17336000
21,107,17337000
21,107,17338000
21,107,17339000
21,107,17340000
21,107,17341000
21,107,17342000
21,107,17343000
21,107,17344000
21,107,17345000
21,107,17346000
21,107,17347000
21,107,17348000
21,107,17349000
21,107,17350000
21,107,17351000
21,107,17352000
21,107,17353000
21,107,17354000
21,107,17355000
21,107,17356000
21,107,17357000
21,107,17358000
21,107,17359000
21,107,17360000
21,107,17361000
21,107,17362000
21,107,17363000
21,107,17364000
21,107,17365000
21,107,17366000
21,107,17367000
21,107,17368000
21,107,17369000
21,107,17370000
21,107,17371000
21,107,17372000
21,107,17373000
21,107,17374000
21,107,17375000
21,107,17376000
21,107,17377000
21,107,17378000
21,107,17379000
21,107,17380000
21,107,17381000
21,107,17382000
21,107,17383000
21,107,17384000
21,107,17385000
21,107,17386000
21,107,17387000
21,107,17388000
21,107,17389000
21,107,17390000
21,107,17391000
21,107,17392000
21,107,17393000
21,107,17394000
21,107,17395000
21,107,17396000
21,107,17397000
21,107,17398000
21,107,17399000
21,107,17400000
21,107,17401000
21,107,17402000
21,107,17403000
21,107,17404000
21,107,17405000
21,107,17406000
21,107,17407000
21,107,17408000
21,107,17409000
21,107,17410000
21,107,17411000
21,107,17412000
21,107,17413000
21,107,17414000
21,107,17415000
21,107,17416000
21,107,17417000
21,107,17418000
21,107,17419000
21,107,17420000
21,107,17421000
21,107,17422000
21,107,17423000
21,107,17424000
21,107,17425000
21,107,17426000
21,107,17427000
21,107,17428000
21,107,17429000
21,107,17430000
21,107,17431000
21,107,17432000
21,107,17433000
21,107,17434000
21,107,17435000
21,107,17436000
21,107,17437000
21,107,17438000
21,107,17439000
21,107,17440000
21,107,17441000
21,107,17442000
21,107,17443000
21,107,17444000
21,107,17445000
21,107,17446000
21,107,17447000
21,107,17448000
21,107,17449000
21,107,17450000
21,107,17451000
21,107,17452000
21,107,17453000
21,107,17454000
21,107,17455000
21,107,17456000
21,107,17457000
21,107,17458000
21,107,17459000
21,107,17460000
21,107,17461000
21,107,17462000
21,107,17463000
21,107,17464000
21,107,17465000
21,107,17466000
21,107,17467000
21,107,17468000
21,107,17469000
21,107,17470000
21,107,17471000
21,107,17472000
21,107,17473000
21,107,17474000
21,107,17475000
21,107,17476000
21,107,17477000
21,107,17478000
21,107,17479000
21,107,17480000
21,107,17481000
21,107,17482000
21,107,17483000
21,107,17484000
21,107,17485000
21,107,17486000
21,107,17487000
21,107,17488000
21,107,17489000
21,107,17490000
21,107,17491000
21,107,17492000
21,107,17493000
21,107,17494000
21,107,17495000
21,107,17496000
21,107,17497000
21,107,17498000
21,107,17499000
21,107,17500000
21,107,17501000
21,107,17502000
21,107,17503000
21,107,17504000
21,107,17505000
21,107,17506000
21,107,17507000
21,107,17508000
21,107,17509000
21,107,17510000
21,107,17511000
21,107,17512000
21,107,17513000
21,107,17514000
21,107,17515000
21,107,17516000
21,107,17517000
21,107,17518000
21,107,17519000
21,107,17520000
21,107,17521000
21,107,17522000
21,107,17523000
21,107,17524000
21,107,17525000
21,107,17526000
21,107,17527000
21,107,17528000
21,107,17529000
21,107,17530000
21,107,17531000
21,107,17532000
21,107,17533000
21,107,17534000
21,107,17535000
21,107,17536000
21,107,17537000
21,107,17538000
21,107,17539000
21,107,17540000
21,107,17541000
21,107,17542000
21,107,17543000
21,107,17544000
21,107,17545000
21,107,17546000
21,107,17547000
21,107,17548000
21,107,17549000
21,107,17550000
21,107,17551000
21,107,17552000
21,107,17553000
21,107,17554000
21,107,17555000
21,107,17556000
21,107,17557000
21,107,17558000
21,107,17559000
21,107,17560000
21,107,17561000
21,107,17562000
21,107,17563000
21,107,17564000
21,107,17565000
21,107,17566000
21,107,17567000
21,107,17568000
21,107,17569000
21,107,17570000
21,107,17571000
21,107,17572000
21,107,17573000
21,107,17574000
21,107,17575000
21,107,17576000
21,107,17577000
21,107,17578000
21,107,17579000
21,107,17580000
21,107,17581000
21,107,17582000
21,107,17583000
21,107,17584000
21,107,17585000
21,107,17586000
21,107,17587000
21,107,17588000
21,107,17589000
21,107,17590000
21,107,17591000
21,107,17592000
21,107,17593000
21,107,17594000
21,107,17595000
21,107,17596000
21,107,17597000
21,107,17598000
21,107,17599000
21,107,17600000
21,107,17601000
21,107,17602000
21,107,17603000
21,107,17604000
21,107,17605000
21,107,17606000
21,107,17607000
21,107,17608000
21,107,17609000
21,107,17610000
21,107,17611000
21,107,17612000
21,107,17613000
21,107,17614000
21,107,17615000
21,107,17616000
21,107,17617000
21,107,17618000
21,107,17619000
21,107,17620000
21,107,17621000
21,107,17622000
21,107,17623000
21,107,17624000
21,107,17625000
21,107,17626000
21,107,17627000
21,107,17628000
21,107,17629000
21,107,17630000
21,107,17631000
21,107,17632000
21,107,17633000
21,107,17634000
21,107,17635000
21,107,17636000
21,107,17637000
21,107,17638000
21,107,17639000
21,107,17640000
21,107,17641000
21,107,17642000
21,107,17643000
21,107,17644000
21,107,17645000
21,107,17646000
21,107,17647000
21,107,17648000
21,107,17649000
21,107,17650000
21,107,17651000
21,107,17652000
21,107,17653000
21,107,17654000
21,107,17655000
21,107,17656000
21,107,17657000
21,107,17658000
21,107,17659000
21,107,17660000
21,107,17661000
21,107,17662000
21,107,17663000
21,107,17664000
21,107,17665000
21,107,17666000
21,107,17667000
21,107,17668000
21,107,17669000
21,107,17670000
21,107,17671000
21,107,17672000
21,107,17673000
21,107,17674000
21,107,17675000
21,107,17676000
21,107,17677000
21,107,17678000
21,107,17679000
21,107,17680000
21,107,17681000
21,107,17682000
21,107,17683000
21,107,17684000
21,107,17685000
21,107,17686000
21,107,17687000
21,107,17688000
21,107,17689000
21,107,17690000
21,107,17691000
21,107,17692000
21,107,17693000
21,107,17694000
21,107,17695000
21,107,17696000
21,107,17697000
21,107,17698000
21,107,17699000
21,107,17700000
21,107,17701000
21,107,17702000
21,107,17703000
21,107,17704000
21,107,17705000
21,107,17706000
21,107,17707000
21,107,17708000
21,107,17709000
21,107,17710000
21,107,17711000
21,107,17712000
21,107,17713000
21,107,17714000
21,107,17715000
21,107,17716000
21,107,17717000
21,107,17718000
21,107,17719000
21,107,17720000
21,107,17721000
21,107,17722000
21,107,17723000
21,107,17724000
21,107,17725000
21,107,17726000
21,107,17727000
21,107,17728000
21,107,17729000
21,107,17730000
21,107,17731000
21,107,17732000
21,107,17733000
21,107,17734000
21,107,17735000
21,107,17736000
21,107,17737000
21,107,17738000
21,107,17739000
21,107,17740000
21,107,17741000
21,107,17742000
21,107,17743000
21,107,17744000
21,107,17745000
21,107,17746000
21,107,17747000
21,107,17748000
21,107,17749000
21,107,17750000
21,107,17751000
21,107,17752000
21,107,17753000
21,107,17754000
21,107,17755000
21,107,17756000
21,107,17757000
21,107,17758000
21,107,17759000
21,107,17760000
21,107,17761000
21,107,17762000
21,107,17763000
21,107,17764000
21,107,17765000
21,107,17766000
21,107,17767000
21,107,17768000
21,107,17769000
21,107,17770000
21,107,17771000
21,107,17772000
21,107,17773000
21,107,17774000
21,107,17775000
21,107,17776000
21,107,17777000
21,107,17778000
21,107,17779000
21,107,17780000
21,107,17781000
21,107,17782000
21,107,17783000
21,107,17784000
21,107,17785000
21,107,17786000
21,107,17787000
21,107,17788000
21,107,17789000
21,107,17790000
21,107,17791000
21,107,17792000
21,107,17793000
21,107,17794000
21,107,17795000
21,107,17796000
21,107,17797000
21,107,17798000
21,107,17799000
21,107,17800000
21,107,17801000
21,107,17802000
21,107,17803000
21,107,17804000
21,107,17805000
21,107,17806000
21,107,17807000
21,107,17808000
21,107,17809000
21,107,17810000
21,107,17811000
21,107,17812000
21,107,17813000
21,107,17814000
21,107,17815000
21,107,17816000
21,107,17817000
21,107,17818000
21,107,17819000
21,107,17820000
21,107,17821000
21,107,17822000
21,107,17823000
21,107,17824000
21,107,17825000
21,107,17826000
21,107,17827000
21,107,17828000
21,107,17829000
21,107,17830000
21,107,17831000
21,107,17832000
21,107,17833000
21,107,17834000
21,107,17835000
21,107,17836000
21,107,17837000
21,107,17838000
21,107,17839000
21,107,17840000
21,107,17841000
21,107,17842000
21,107,17843000
21,107,17844000
21,107,17845000
21,107,17846000
21,107,17847000
21,107,17848000
21,107,17849000
21,107,17850000
21,107,17851000
21,107,17852000
21,107,17853000
21,107,17854000
21,107,17855000
21,107,17856000
21,107,17857000
21,107,17858000
21,107,17859000
21,107,17860000
21,107,17861000
21,107,17862000
21,107,17863000
21,107,17864000
21,107,17865000
21,107,17866000
21,107,17867000
21,107,17868000
21,107,17869000
21,107,17870000
21,107,17871000
21,107,17872000
21,107,17873000
21,107,17874000
21,107,17875000
21,107,17876000
21,107,17877000
21,107,17878000
21,107,17879000
21,107,17880000
21,107,17881000
21,107,17882000
21,107,17883000
21,107,17884000
21,107,17885000
21,107,17886000
21,107,17887000
21,107,17888000
21,107,17889000
21,107,17890000
21,107,17891000
21,107,17892000
21,107,17893000
21,107,17894000
21,107,17895000
21,107,17896000
21,107,17897000
21,107,17898000
21,107,17899000
21,107,17900000
21,107,17901000
21,107,17902000
21,107,17903000
21,107,17904000
21,107,17905000
21,107,17906000
21,107,17907000
21,107,17908000
21,107,17909000
21,107,17910000
21,107,17911000
21,107,17912000
21,107,17913000
21,107,17914000
21,107,17915000
21,107,17916000
21,107,17917000
21,107,17918000
21,107,17919000
21,107,17920000
21,107,17921000
21,107,17922000
21,107,17923000
21,107,17924000
21,107,17925000
21,107,17926000
21,107,17927000
21,107,17928000
21,107,17929000
21,107,17930000
21,107,17931000
21,107,17932000
21,107,17933000
21,107,17934000
21,107,17935000
21,107,17936000
21,107,17937000
21,107,17938000
21,107,17939000
21,107,17940000
21,107,17941000
21,107,17942000
21,107,17943000
21,107,17944000
21,107,17945000
21,107,17946000
21,107,17947000
21,107,17948000
21,107,17949000
21,107,17950000
21,107,17951000
21,107,17952000
21,107,17953000
21,107,17954000
21,107,17955000
21,107,17956000
21,107,17957000
21,107,17958000
21,107,17959000
21,107,17960000
21,107,17961000
21,107,17962000
21,107,17963000
21,107,17964000
21,107,17965000
21,107,17966000
21,107,17967000
21,107,17968000
21,107,17969000
21,107,17970000
21,107,17971000
21,107,17972000
21,107,17973000
21,107,17974000
21,107,17975000
21,107,17976000
21,107,17977000
21,107,17978000
21,107,17979000
21,107,17980000
21,107,17981000
21,107,17982000
21,107,17983000
21,107,17984000
21,107,17985000
21,107,17986000
21,107,17987000
21,107,17988000
21,107,17989000
21,107,17990000
21,107,17991000
21,107,17992000
21,107,17993000
21,107,17994000
21,107,17995000
21,107,17996000
21,107,17997000
21,107,17998000
21,107,17999000
21,107,18000000
21,107,18001000
21,107,18002000
21,107,18003000
21,107,18004000
21,107,18005000
21,107,18006000
21,107,18007000
21,107,18008000
21,107,18009000
21,107,18010000
21,107,18011000
21,107,18012000
21,107,18013000
21,107,18014000
21,107,18015000
21,107,18016000
21,107,18017000
21,107,18018000
21,107,18019000
21,107,18020000
21,107,18021000
21,107,18022000
21,107,18023000
21,107,18024000
21,107,18025000
21,107,18026000
21,107,18027000
21,107,18028000
21,107,18029000
21,107,18030000
21,107,18031000
21,107,18032000
21,107,18033000
21,107,18034000
21,107,18035000
21,107,18036000
21,107,18037000
21,107,18038000
21,107,18039000
21,107,18040000
21,107,18041000
21,107,18042000
21,107,18043000
21,107,18044000
21,107,18045000
21,107,18046000
21,107,18047000
21,107,18048000
21,107,18049000
21,107,18050000
21,107,18051000
21,107,18052000
21,107,18053000
21,107,18054000
21,107,18055000
21,107,18056000
21,107,18057000
21,107,18058000
21,107,18059000
21,107,18060000
21,107,18061000
21,107,18062000
21,107,18063000
21,107,18064000
21,107,18065000
21,107,18066000
21,107,18067000
21,107,18068000
21,107,18069000
21,107,18070000
21,107,18071000
21,107,18072000
21,107,18073000
21,107,18074000
21,107,18075000
21,107,18076000
21,107,18077000
21,107,18078000
21,107,18079000
21,107,18080000
21,107,18081000
21,107,18082000
21,107,18083000
21,107,18084000
21,107,18085000
21,107,18086000
21,107,18087000
21,107,18088000
21,107,18089000
21,107,18090000
21,107,18091000
21,107,18092000
21,107,18093000
21,107,18094000
21,107,18095000
21,107,18096000
21,107,18097000
21,107,18098000
21,107,18099000
21,107,18100000
21,107,18101000
21,107,18102000
21,107,18103000
21,107,18104000
21,107,18105000
21,107,18106000
21,107,18107000
21,107,18108000
21,107,18109000
21,107,18110000
21,107,18111000
21,107,18112000
21,107,18113000
21,107,18114000
21,107,18115000
21,107,18116000
21,107,18117000
21,107,18118000
21,107,18119000
21,107,18120000
21,107,18121000
21,107,18122000
21,107,18123000
21,107,18124000
21,107,18125000
21,107,18126000
21,107,18127000
21,107,18128000
21,107,18129000
21,107,18130000
21,107,18131000
21,107,18132000
21,107,18133000
21,107,18134000
21,107,18135000
21,107,18136000
21,107,18137000
21,107,18138000
21,107,18139000
21,107,18140000
21,107,18141000
21,107,18142000
21,107,18143000
21,107,18144000
21,107,18145000
21,107,18146000
21,107,18147000
21,107,18148000
21,107,18149000
21,107,18150000
21,107,18151000
21,107,18152000
21,107,18153000
21,107,18154000
21,107,18155000
21,107,18156000
21,107,18157000
21,107,18158000
21,107,18159000
21,107,18160000
21,107,18161000
21,107,18162000
21,107,18163000
21,107,18164000
21,107,18165000
21,107,18166000
21,107,18167000
21,107,18168000
21,107,18169000
21,107,18170000
21,107,18171000
21,107,18172000
21,107,18173000
21,107,18174000
21,107,18175000
21,107,18176000
21,107,18177000
21,107,18178000
21,107,18179000
21,107,18180000
21,107,18181000
21,107,18182000
21,107,18183000
21,107,18184000
21,107,18185000
21,107,18186000
21,107,18187000
21,107,18188000
21,107,18189000
21,107,18190000
21,107,18191000
21,107,18192000
21,107,18193000
21,107,18194000
21,107,18195000
21,107,18196000
21,107,18197000
21,107,18198000
21,107,18199000
21,107,18200000
21,107,18201000
21,107,18202000
21,107,18203000
21,107,18204000
21,107,18205000
21,107,18206000
21,107,18207000
21,107,18208000
21,107,18209000
21,107,18210000
21,107,18211000
21,107,18212000
21,107,18213000
21,107,18214000
21,107,18215000
21,107,18216000
21,107,18217000
21,107,18218000
21,107,18219000
21,107,18220000
21,107,18221000
21,107,18222000
21,107,18223000
21,107,18224000
21,107,18225000
21,107,18226000
21,107,18227000
21,107,18228000
21,107,18229000
21,107,18230000
21,107,18231000
21,107,18232000
21,107,18233000
21,107,18234000
21,107,18235000
21,107,18236000
21,107,18237000
21,107,18238000
21,107,18239000
21,107,18240000
21,107,18241000
21,107,18242000
21,107,18243000
21,107,18244000
21,107,18245000
21,107,18246000
21,107,18247000
21,107,18248000
21,107,18249000
21,107,18250000
21,107,18251000
21,107,18252000
21,107,18253000
21,107,18254000
21,107,18255000
21,107,18256000
21,107,18257000
21,107,18258000
21,107,18259000
21,107,18260000
21,107,18261000
21,107,18262000
21,107,18263000
21,107,18264000
21,107,18265000
21,107,18266000
21,107,18267000
21,107,18268000
21,107,18269000
21,107,18270000
21,107,18271000
21,107,18272000
21,107,18273000
21,107,18274000
21,107,18275000
21,107,18276000
21,107,18277000
21,107,18278000
21,107,18279000
21,107,18280000
21,107,18281000
21,107,18282000
21,107,18283000
21,107,18284000
21,107,18285000
21,107,18286000
21,107,18287000
21,107,18288000
21,107,18289000
21,107,18290000
21,107,18291000
21,107,18292000
21,107,18293000
21,107,18294000
21,107,18295000
21,107,18296000
21,107,18297000
21,107,18298000
21,107,18299000
21,107,18300000
21,107,18301000
21,107,18302000
21,107,18303000
21,107,18304000
21,107,18305000
21,107,18306000
21,107,18307000
21,107,18308000
21,107,18309000
21,107,18310000
21,107,18311000
21,107,18312000
21,107,18313000
21,107,18314000
21,107,18315000
21,107,18316000
21,107,18317000
21,107,18318000
21,107,18319000
21,107,18320000
21,107,18321000
21,107,18322000
21,107,18323000
21,107,18324000
21,107,18325000
21,107,18326000
21,107,18327000
21,107,18328000
21,107,18329000
21,107,18330000
21,107,18331000
21,107,18332000
21,107,18333000
21,107,18334000
21,107,18335000
21,107,18336000
21,107,18337000
21,107,18338000
21,107,18339000
21,107,18340000
21,107,18341000
21,107,18342000
21,107,18343000
21,107,18344000
21,107,18345000
21,107,18346000
21,107,18347000
21,107,18348000
21,107,18349000
21,107,18350000
21,107,18351000
21,107,18352000
21,107,18353000
21,107,18354000
21,107,18355000
21,107,18356000
21,107,18357000
21,107,18358000
21,107,18359000
21,107,18360000
21,107,18361000
21,107,18362000
21,107,18363000
21,107,18364000
21,107,18365000
21,107,18366000
21,107,18367000
21,107,18368000
21,107,18369000
21,107,18370000
21,107,18371000
21,107,18372000
21,107,18373000
21,107,18374000
21,107,18375000
21,107,18376000
21,107,18377000
21,107,18378000
21,107,18379000
21,107,18380000
21,107,18381000
21,107,18382000
21,107,18383000
21,107,18384000
21,107,18385000
21,107,18386000
21,107,18387000
21,107,18388000
21,107,18389000
21,107,18390000
21,107,18391000
21,107,18392000
21,107,18393000
21,107,18394000
21,107,18395000
21,107,18396000
21,107,18397000
21,107,18398000
21,107,18399000
21,107,18400000
21,107,18401000
21,107,18402000
21,107,18403000
21,107,18404000
21,107,18405000
21,107,18406000
21,107,18407000
21,107,18408000
21,107,18409000
21,107,18410000
21,107,18411000
21,107,18412000
21,107,18413000
21,107,18414000
21,107,18415000
21,107,18416000
21,107,18417000
21,107,18418000
21,107,18419000
21,107,18420000
21,107,18421000
21,107,18422000
21,107,18423000
21,107,18424000
21,107,18425000
21,107,18426000
21,107,18427000
21,107,18428000
21,107,18429000
21,107,18430000
21,107,18431000
21,107,18432000
21,107,18433000
21,107,18434000
21,107,18435000
21,107,18436000
21,107,18437000
21,107,18438000
21,107,18439000
21,107,18440000
21,107,18441000
21,107,18442000
21,107,18443000
21,107,18444000
21,107,18445000
21,107,18446000
21,107,18447000
21,107,18448000
21,107,18449000
21,107,18450000
21,107,18451000
21,107,18452000
21,107,18453000
21,107,18454000
21,107,18455000
21,107,18456000
21,107,18457000
21,107,18458000
21,107,18459000
21,107,18460000
21,107,18461000
21,107,18462000
21,107,18463000
21,107,18464000
21,107,18465000
21,107,18466000
21,107,18467000
21,107,18468000
21,107,18469000
21,107,18470000
21,107,18471000
21,107,18472000
21,107,18473000
21,107,18474000
21,107,18475000
21,107,18476000
21,107,18477000
21,107,18478000
21,107,18479000
21,107,18480000
21,107,18481000
21,107,18482000
21,107,18483000
21,107,18484000
21,107,18485000
21,107,18486000
21,107,18487000
21,107,18488000
21,107,18489000
21,107,18490000
21,107,18491000
21,107,18492000
21,107,18493000
21,107,18494000
21,107,18495000
21,107,18496000
21,107,18497000
21,107,18498000
21,107,18499000
21,107,18500000
21,107,18501000
21,107,18502000
21,107,18503000
21,107,18504000
21,107,18505000
21,107,18506000
21,107,18507000
21,107,18508000
21,107,18509000
21,107,18510000
21,107,18511000
21,107,18512000
21,107,18513000
21,107,18514000
21,107,18515000
21,107,18516000
21,107,18517000
21,107,18518000
21,107,18519000
21,107,18520000
21,107,18521000
21,107,18522000
21,107,18523000
21,107,18524000
21,107,18525000
21,107,18526000
21,107,18527000
21,107,18528000
21,107,18529000
21,107,18530000
21,107,18531000
21,107,18532000
21,107,18533000
21,107,18534000
21,107,18535000
21,107,18536000
21,107,18537000
21,107,18538000
21,107,18539000
21,107,18540000
21,107,18541000
21,107,18542000
21,107,18543000
21,107,18544000
21,107,18545000
21,107,18546000
21,107,18547000
21,107,18548000
21,107,18549000
21,107,18550000
21,107,18551000
21,107,18552000
21,107,18553000
21,107,18554000
21,107,18555000
21,107,18556000
21,107,18557000
21,107,18558000
21,107,18559000
21,107,18560000
21,107,18561000
21,107,18562000
21,107,18563000
21,107,18564000
21,107,18565000
21,107,18566000
21,107,18567000
21,107,18568000
21,107,18569000
21,107,18570000
21,107,18571000
21,107,18572000
21,107,18573000
21,107,18574000
21,107,18575000
21,107,18576000
21,107,18577000
21,107,18578000
21,107,18579000
21,107,18580000
21,107,18581000
21,107,18582000
21,107,18583000
21,107,18584000
21,107,18585000
21,107,18586000
21,107,18587000
21,107,18588000
21,107,18589000
21,107,18590000
21,107,18591000
21,107,18592000
21,107,18593000
21,107,18594000
21,107,18595000
21,107,18596000
21,107,18597000
21,107,18598000
21,107,18599000
21,107,18600000
21,107,18601000
21,107,18602000
21,107,18603000
21,107,18604000
21,107,18605000
21,107,18606000
21,107,18607000
21,107,18608000
21,107,18609000
21,107,18610000
21,107,18611000
21,107,18612000
21,107,18613000
21,107,18614000
21,107,18615000
21,107,18616000
21,107,18617000
21,107,18618000
21,107,18619000
21,107,18620000
21,107,18621000
21,107,18622000
21,107,18623000
21,107,18624000
21,107,18625000
21,107,18626000
21,107,18627000
21,107,18628000
21,107,18629000
21,107,18630000
21,107,18631000
21,107,18632000
21,107,18633000
21,107,18634000
21,107,18635000
21,107,18636000
21,107,18637000
21,107,18638000
21,107,18639000
21,107,18640000
21,107,18641000
21,107,18642000
21,107,18643000
21,107,18644000
21,107,18645000
21,107,18646000
21,107,18647000
21,107,18648000
21,107,18649000
21,107,18650000
21,107,18651000
21,107,18652000
21,107,18653000
21,107,18654000
21,107,18655000
21,107,18656000
21,107,18657000
21,107,18658000
21,107,18659000
21,107,18660000
21,107,18661000
21,107,18662000
21,107,18663000
21,107,18664000
21,107,18665000
21,107,18666000
21,107,18667000
21,107,18668000
21,107,18669000
21,107,18670000
21,107,18671000
21,107,18672000
21,107,18673000
21,107,18674000
21,107,18675000
21,107,18676000
21,107,18677000
21,107,18678000
21,107,18679000
21,107,18680000
21,107,18681000
21,107,18682000
21,107,18683000
21,107,18684000
21,107,18685000
21,107,18686000
21,107,18687000
21,107,18688000
21,107,18689000
21,107,18690000
21,107,18691000
21,107,18692000
21,107,18693000
21,107,18694000
21,107,18695000
21,107,18696000
21,107,18697000
21,107,18698000
21,107,18699000
21,107,18700000
21,107,18701000
21,107,18702000
21,107,18703000
21,107,18704000
21,107,18705000
21,107,18706000
21,107,18707000
21,107,18708000
21,107,18709000
21,107,18710000
21,107,18711000
21,107,18712000
21,107,18713000
21,107,18714000
21,107,18715000
21,107,18716000
21,107,18717000
21,107,18718000
21,107,18719000
21,107,18720000
21,107,18721000
21,107,18722000
21,107,18723000
21,107,18724000
21,107,18725000
21,107,18726000
21,107,18727000
21,107,18728000
21,107,18729000
21,107,18730000
21,107,18731000
21,107,18732000
21,107,18733000
21,107,18734000
21,107,18735000
21,107,18736000
21,107,18737000
21,107,18738000
21,107,18739000
21,107,18740000
21,107,18741000
21,107,18742000
21,107,18743000
21,107,18744000
21,107,18745000
21,107,18746000
21,107,18747000
21,107,18748000
21,107,18749000
21,107,18750000
21,107,18751000
21,107,18752000
21,107,18753000
21,107,18754000
21,107,18755000
21,107,18756000
21,107,18757000
21,107,18758000
21,107,18759000
21,107,18760000
21,107,18761000
21,107,18762000
21,107,18763000
21,107,18764000
21,107,18765000
21,107,18766000
21,107,18767000
21,107,18768000
21,107,18769000
21,107,18770000
21,107,18771000
21,107,18772000
21,107,18773000
21,107,18774000
21,107,18775000
21,107,18776000
21,107,18777000
21,107,18778000
21,107,18779000
21,107,18780000
21,107,18781000
21,107,18782000
21,107,18783000
21,107,18784000
21,107,18785000
21,107,18786000
21,107,18787000
21,107,18788000
21,107,18789000
21,107,18790000
21,107,18791000
21,107,18792000
21,107,18793000
21,107,18794000
21,107,18795000
21,107,18796000
21,107,18797000
21,107,18798000
21,107,18799000
21,107,18800000
21,107,18801000
21,107,18802000
21,107,18803000
21,107,18804000
21,107,18805000
21,107,18806000
21,107,18807000
21,107,18808000
21,107,18809000
21,107,18810000
21,107,18811000
21,107,18812000
21,107,18813000
21,107,18814000
21,107,18815000
21,107,18816000
21,107,18817000
21,107,18818000
21,107,18819000
21,107,18820000
21,107,18821000
21,107,18822000
21,107,18823000
21,107,18824000
21,107,18825000
21,107,18826000
21,107,18827000
21,107,18828000
21,107,18829000
21,107,18830000
21,107,18831000
21,107,18832000
21,107,18833000
21,107,18834000
21,107,18835000
21,107,18836000
21,107,18837000
21,107,18838000
21,107,18839000
21,107,18840000
21,107,18841000
21,107,18842000
21,107,18843000
21,107,18844000
21,107,18845000
21,107,18846000
21,107,18847000
21,107,18848000
21,107,18849000
21,107,18850000
21,107,18851000
21,107,18852000
21,107,18853000
21,107,18854000
21,107,18855000
21,107,18856000
21,107,18857000
21,107,18858000
21,107,18859000
21,107,18860000
21,107,18861000
21,107,18862000
21,107,18863000
21,107,18864000
21,107,18865000
21,107,18866000
21,107,18867000
21,107,18868000
21,107,18869000
21,107,18870000
21,107,18871000
21,107,18872000
21,107,18873000
21,107,18874000
21,107,18875000
21,107,18876000
21,107,18877000
21,107,18878000
21,107,18879000
21,107,18880000
21,107,18881000
21,107,18882000
21,107,18883000
21,107,18884000
21,107,18885000
21,107,18886000
21,107,18887000
21,107,18888000
21,107,18889000
21,107,18890000
21,107,18891000
21,107,18892000
21,107,18893000
21,107,18894000
21,107,18895000
21,107,18896000
21,107,18897000
21,107,18898000
21,107,18899000
21,107,18900000
21,107,18901000
21,107,18902000
21,107,18903000
21,107,18904000
21,107,18905000
21,107,18906000
21,107,18907000
21,107,18908000
21,107,18909000
21,107,18910000
21,107,18911000
21,107,18912000
21,107,18913000
21,107,18914000
21,107,18915000
21,107,18916000
21,107,18917000
21,107,18918000
21,107,18919000
21,107,18920000
21,107,18921000
21,107,18922000
21,107,18923000
21,107,18924000
21,107,18925000
21,107,18926000
21,107,18927000
21,107,18928000
21,107,18929000
21,107,18930000
21,107,18931000
21,107,18932000
21,107,18933000
21,107,18934000
21,107,18935000
21,107,18936000
21,107,18937000
21,107,18938000
21,107,18939000
21,107,18940000
21,107,18941000
21,107,18942000
21,107,18943000
21,107,18944000
21,107,18945000
21,107,18946000
21,107,18947000
21,107,18948000
21,107,18949000
21,107,18950000
21,107,18951000
21,107,18952000
21,107,18953000
21,107,18954000
21,107,18955000
21,107,18956000
21,107,18957000
21,107,18958000
21,107,18959000
21,107,18960000
21,107,18961000
21,107,18962000
21,107,18963000
21,107,18964000
21,107,18965000
21,107,18966000
21,107,18967000
21,107,18968000
21,107,18969000
21,107,18970000
21,107,18971000
21,107,18972000
21,107,18973000
21,107,18974000
21,107,18975000
21,107,18976000
21,107,18977000
21,107,18978000
21,107,18979000
21,107,18980000
21,107,18981000
21,107,18982000
21,107,18983000
21,107,18984000
21,107,18985000
21,107,18986000
21,107,18987000
21,107,18988000
21,107,18989000
21,107,18990000
21,107,18991000
21,107,18992000
21,107,18993000
21,107,18994000
21,107,18995000
21,107,18996000
21,107,18997000
21,107,18998000
21,107,18999000
21,107,19000000
21,107,19001000
21,107,19002000
21,107,19003000
21,107,19004000
21,107,19005000
21,107,19006000
21,107,19007000
21,107,19008000
21,107,19009000
21,107,19010000
21,107,19011000
21,107,19012000
21,107,19013000
21,107,19014000
21,107,19015000
21,107,19016000
21,107,19017000
21,107,19018000
21,107,19019000
21,107,19020000
21,107,19021000
21,107,19022000
21,107,19023000
21,107,19024000
21,107,19025000
21,107,19026000
21,107,19027000
21,107,19028000
21,107,19029000
21,107,19030000
21,107,19031000
21,107,19032000
21,107,19033000
21,107,19034000
21,107,19035000
21,107,19036000
21,107,19037000
21,107,19038000
21,107,19039000
21,107,19040000
21,107,19041000
21,107,19042000
21,107,19043000
21,107,19044000
21,107,19045000
21,107,19046000
21,107,19047000
21,107,19048000
21,107,19049000
21,107,19050000
21,107,19051000
21,107,19052000
21,107,19053000
21,107,19054000
21,107,19055000
21,107,19056000
21,107,19057000
21,107,19058000
21,107,19059000
21,107,19060000
21,107,19061000
21,107,19062000
21,107,19063000
21,107,19064000
21,107,19065000
21,107,19066000
21,107,19067000
21,107,19068000
21,107,19069000
21,107,19070000
21,107,19071000
21,107,19072000
21,107,19073000
21,107,19074000
21,107,19075000
21,107,19076000
21,107,19077000
21,107,19078000
21,107,19079000
21,107,19080000
21,107,19081000
21,107,19082000
21,107,19083000
21,107,19084000
21,107,19085000
21,107,19086000
21,107,19087000
21,107,19088000
21,107,19089000
21,107,19090000
21,107,19091000
21,107,19092000
21,107,19093000
21,107,19094000
21,107,19095000
21,107,19096000
21,107,19097000
21,107,19098000
21,107,19099000
21,107,19100000
21,107,19101000
21,107,19102000
21,107,19103000
21,107,19104000
21,107,19105000
21,107,19106000
21,107,19107000
21,107,19108000
21,107,19109000
21,107,19110000
21,107,19111000
21,107,19112000
21,107,19113000
21,107,19114000
21,107,19115000
21,107,19116000
21,107,19117000
21,107,19118000
21,107,19119000
21,107,19120000
21,107,19121000
21,107,19122000
21,107,19123000
21,107,19124000
21,107,19125000
21,107,19126000
21,107,19127000
21,107,19128000
21,107,19129000
21,107,19130000
21,107,19131000
21,107,19132000
21,107,19133000
21,107,19134000
21,107,19135000
21,107,19136000
21,107,19137000
21,107,19138000
21,107,19139000
21,107,19140000
21,107,19141000
21,107,19142000
21,107,19143000
21,107,19144000
21,107,19145000
21,107,19146000
21,107,19147000
21,107,19148000
21,107,19149000
21,107,19150000
21,107,19151000
21,107,19152000
21,107,19153000
21,107,19154000
21,107,19155000
21,107,19156000
21,107,19157000
21,107,19158000
21,107,19159000
21,107,19160000
21,107,19161000
21,107,19162000
21,107,19163000
21,107,19164000
21,107,19165000
21,107,19166000
21,107,19167000
21,107,19168000
21,107,19169000
21,107,19170000
21,107,19171000
21,107,19172000
21,107,19173000
21,107,19174000
21,107,19175000
21,107,19176000
21,107,19177000
21,107,19178000
21,107,19179000
21,107,19180000
21,107,19181000
21,107,19182000
21,107,19183000
21,107,19184000
21,107,19185000
21,107,19186000
21,107,19187000
21,107,19188000
21,107,19189000
21,107,19190000
21,107,19191000
21,107,19192000
21,107,19193000
21,107,19194000
21,107,19195000
21,107,19196000
21,107,19197000
21,107,19198000
21,107,19199000
21,107,19200000
21,107,19201000
21,107,19202000
21,107,19203000
21,107,19204000
21,107,19205000
21,107,19206000
21,107,19207000
21,107,19208000
21,107,19209000
21,107,19210000
21,107,19211000
21,107,19212000
21,107,19213000
21,107,19214000
21,107,19215000
21,107,19216000
21,107,19217000
21,107,19218000
21,107,19219000
21,107,19220000
21,107,19221000
21,107,19222000
21,107,19223000
21,107,19224000
21,107,19225000
21,107,19226000
21,107,19227000
21,107,19228000
21,107,19229000
21,107,19230000
21,107,19231000
21,107,19232000
21,107,19233000
21,107,19234000
21,107,19235000
21,107,19236000
21,107,19237000
21,107,19238000
21,107,19239000
21,107,19240000
21,107,19241000
21,107,19242000
21,107,19243000
21,107,19244000
21,107,19245000
21,107,19246000
21,107,19247000
21,107,19248000
21,107,19249000
21,107,19250000
21,107,19251000
21,107,19252000
21,107,19253000
21,107,19254000
21,107,19255000
21,107,19256000
21,107,19257000
21,107,19258000
21,107,19259000
21,107,19260000
21,107,19261000
21,107,19262000
21,107,19263000
21,107,19264000
21,107,19265000
21,107,19266000
21,107,19267000
21,107,19268000
21,107,19269000
21,107,19270000
21,107,19271000
21,107,19272000
21,107,19273000
21,107,19274000
21,107,19275000
21,107,19276000
21,107,19277000
21,107,19278000
21,107,19279000
21,107,19280000
21,107,19281000
21,107,19282000
21,107,19283000
21,107,19284000
21,107,19285000
21,107,19286000
21,107,19287000
21,107,19288000
21,107,19289000
21,107,19290000
21,107,19291000
21,107,19292000
21,107,19293000
21,107,19294000
21,107,19295000
21,107,19296000
21,107,19297000
21,107,19298000
21,107,19299000
21,107,19300000
21,107,19301000
21,107,19302000
21,107,19303000
21,107,19304000
21,107,19305000
21,107,19306000
21,107,19307000
21,107,19308000
21,107,19309000
21,107,19310000
21,107,19311000
21,107,19312000
21,107,19313000
21,107,19314000
21,107,19315000
21,107,19316000
21,107,19317000
21,107,19318000
21,107,19319000
21,107,19320000
21,107,19321000
21,107,19322000
21,107,19323000
21,107,19324000
21,107,19325000
21,107,19326000
21,107,19327000
21,107,19328000
21,107,19329000
21,107,19330000
21,107,19331000
21,107,19332000
21,107,19333000
21,107,19334000
21,107,19335000
21,107,19336000
21,107,19337000
21,107,19338000
21,107,19339000
21,107,19340000
21,107,19341000
21,107,19342000
21,107,19343000
21,107,19344000
21,107,19345000
21,107,19346000
21,107,19347000
21,107,19348000
21,107,19349000
21,107,19350000
21,107,19351000
21,107,19352000
21,107,19353000
21,107,19354000
21,107,19355000
21,107,19356000
21,107,19357000
21,107,19358000
21,107,19359000
21,107,19360000
21,107,19361000
21,107,19362000
21,107,19363000
21,107,19364000
21,107,19365000
21,107,19366000
21,107,19367000
21,107,19368000
21,107,19369000
21,107,19370000
21,107,19371000
21,107,19372000
21,107,19373000
21,107,19374000
21,107,19375000
21,107,19376000
21,107,19377000
21,107,19378000
21,107,19379000
21,107,19380000
21,107,19381000
21,107,19382000
21,107,19383000
21,107,19384000
21,107,19385000
21,107,19386000
21,107,19387000
21,107,19388000
21,107,19389000
21,107,19390000
21,107,19391000
21,107,19392000
21,107,19393000
21,107,19394000
21,107,19395000
21,107,19396000
21,107,19397000
21,107,19398000
21,107,19399000
21,107,19400000
21,107,19401000
21,107,19402000
21,107,19403000
21,107,19404000
21,107,19405000
21,107,19406000
21,107,19407000
21,107,19408000
21,107,19409000
21,107,19410000
21,107,19411000
21,107,19412000
21,107,19413000
21,107,19414000
21,107,19415000
21,107,19416000
21,107,19417000
21,107,19418000
21,107,19419000
21,107,19420000
21,107,19421000
21,107,19422000
21,107,19423000
21,107,19424000
21,107,19425000
21,107,19426000
21,107,19427000
21,107,19428000
21,107,19429000
21,107,19430000
21,107,19431000
21,107,19432000
21,107,19433000
21,107,19434000
21,107,19435000
21,107,19436000
21,107,19437000
21,107,19438000
21,107,19439000
21,107,19440000
21,107,19441000
21,107,19442000
21,107,19443000
21,107,19444000
21,107,19445000
21,107,19446000
21,107,19447000
21,107,19448000
21,107,19449000
21,107,19450000
21,107,19451000
21,107,19452000
21,107,19453000
21,107,19454000
21,107,19455000
21,107,19456000
21,107,19457000
21,107,19458000
21,107,19459000
21,107,19460000
21,107,19461000
21,107,19462000
21,107,19463000
21,107,19464000
21,107,19465000
21,107,19466000
21,107,19467000
21,107,19468000
21,107,19469000
21,107,19470000
21,107,19471000
21,107,19472000
21,107,19473000
21,107,19474000
21,107,19475000
21,107,19476000
21,107,19477000
21,107,19478000
21,107,19479000
21,107,19480000
21,107,19481000
21,107,19482000
21,107,19483000
21,107,19484000
21,107,19485000
21,107,19486000
21,107,19487000
21,107,19488000
21,107,19489000
21,107,19490000
21,107,19491000
21,107,19492000
21,107,19493000
21,107,19494000
21,107,19495000
21,107,19496000
21,107,19497000
21,107,19498000
21,107,19499000
21,107,19500000
21,107,19501000
21,107,19502000
21,107,19503000
21,107,19504000
21,107,19505000
21,107,19506000
21,107,19507000
21,107,19508000
21,107,19509000
21,107,19510000
21,107,19511000
21,107,19512000
21,107,19513000
21,107,19514000
21,107,19515000
21,107,19516000
21,107,19517000
21,107,19518000
21,107,19519000
21,107,19520000
21,107,19521000
21,107,19522000
21,107,19523000
21,107,19524000
21,107,19525000
21,107,19526000
21,107,19527000
21,107,19528000
21,107,19529000
21,107,19530000
21,107,19531000
21,107,19532000
21,107,19533000
21,107,19534000
21,107,19535000
21,107,19536000
21,107,19537000
21,107,19538000
21,107,19539000
21,107,19540000
21,107,19541000
21,107,19542000
21,107,19543000
21,107,19544000
21,107,19545000
21,107,19546000
21,107,19547000
21,107,19548000
21,107,19549000
21,107,19550000
21,107,19551000
21,107,19552000
21,107,19553000
21,107,19554000
21,107,19555000
21,107,19556000
21,107,19557000
21,107,19558000
21,107,19559000
21,107,19560000
21,107,19561000
21,107,19562000
21,107,19563000
21,107,19564000
21,107,19565000
21,107,19566000
21,107,19567000
21,107,19568000
21,107,19569000
21,107,19570000
21,107,19571000
21,107,19572000
21,107,19573000
21,107,19574000
21,107,19575000
21,107,19576000
21,107,19577000
21,107,19578000
21,107,19579000
21,107,19580000
21,107,19581000
21,107,19582000
21,107,19583000
21,107,19584000
21,107,19585000
21,107,19586000
21,107,19587000
21,107,19588000
21,107,19589000
21,107,19590000
21,107,19591000
21,107,19592000
21,107,19593000
21,107,19594000
21,107,19595000
21,107,19596000
21,107,19597000
21,107,19598000
21,107,19599000
21,107,19600000
21,107,19601000
21,107,19602000
21,107,19603000
21,107,19604000
21,107,19605000
21,107,19606000
21,107,19607000
21,107,19608000
21,107,19609000
21,107,19610000
21,107,19611000
21,107,19612000
21,107,19613000
21,107,19614000
21,107,19615000
21,107,19616000
21,107,19617000
21,107,19618000
21,107,19619000
21,107,19620000
21,107,19621000
21,107,19622000
21,107,19623000
21,107,19624000
21,107,19625000
21,107,19626000
21,107,19627000
21,107,19628000
21,107,19629000
21,107,19630000
21,107,19631000
21,107,19632000
21,107,19633000
21,107,19634000
21,107,19635000
21,107,19636000
21,107,19637000
21,107,19638000
21,107,19639000
21,107,19640000
21,107,19641000
21,107,19642000
21,107,19643000
21,107,19644000
21,107,19645000
21,107,19646000
21,107,19647000
21,107,19648000
21,107,19649000
21,107,19650000
21,107,19651000
21,107,19652000
21,107,19653000
21,107,19654000
21,107,19655000
21,107,19656000
21,107,19657000
21,107,19658000
21,107,19659000
21,107,19660000
21,107,19661000
21,107,19662000
21,107,19663000
21,107,19664000
21,107,19665000
21,107,19666000
21,107,19667000
21,107,19668000
21,107,19669000
21,107,19670000
21,107,19671000
21,107,19672000
21,107,19673000
21,107,19674000
21,107,19675000
21,107,19676000
21,107,19677000
21,107,19678000
21,107,19679000
21,107,19680000
21,107,19681000
21,107,19682000
21,107,19683000
21,107,19684000
21,107,19685000
21,107,19686000
21,107,19687000
21,107,19688000
21,107,19689000
21,107,19690000
21,107,19691000
21,107,19692000
21,107,19693000
21,107,19694000
21,107,19695000
21,107,19696000
21,107,19697000
21,107,19698000
21,107,19699000
21,107,19700000
21,107,19701000
21,107,19702000
21,107,19703000
21,107,19704000
21,107,19705000
21,107,19706000
21,107,19707000
21,107,19708000
21,107,19709000
21,107,19710000
21,107,19711000
21,107,19712000
21,107,19713000
21,107,19714000
21,107,19715000
21,107,19716000
21,107,19717000
21,107,19718000
21,107,19719000
21,107,19720000
21,107,19721000
21,107,19722000
21,107,19723000
21,107,19724000
21,107,19725000
21,107,19726000
21,107,19727000
21,107,19728000
21,107,19729000
21,107,19730000
21,107,19731000
21,107,19732000
21,107,19733000
21,107,19734000
21,107,19735000
21,107,19736000
21,107,19737000
21,107,19738000
21,107,19739000
21,107,19740000
21,107,19741000
21,107,19742000
21,107,19743000
21,107,19744000
21,107,19745000
21,107,19746000
21,107,19747000
21,107,19748000
21,107,19749000
21,107,19750000
21,107,19751000
21,107,19752000
21,107,19753000
21,107,19754000
21,107,19755000
21,107,19756000
21,107,19757000
21,107,19758000
21,107,19759000
21,107,19760000
21,107,19761000
21,107,19762000
21,107,19763000
21,107,19764000
21,107,19765000
21,107,19766000
21,107,19767000
21,107,19768000
21,107,19769000
21,107,19770000
21,107,19771000
21,107,19772000
21,107,19773000
21,107,19774000
21,107,19775000
21,107,19776000
21,107,19777000
21,107,19778000
21,107,19779000
21,107,19780000
21,107,19781000
21,107,19782000
21,107,19783000
21,107,19784000
21,107,19785000
21,107,19786000
21,107,19787000
21,107,19788000
21,107,19789000
21,107,19790000
21,107,19791000
21,107,19792000
21,107,19793000
21,107,19794000
21,107,19795000
21,107,19796000
21,107,19797000
21,107,19798000
21,107,19799000
21,107,19800000
21,107,19801000
21,107,19802000
21,107,19803000
21,107,19804000
21,107,19805000
21,107,19806000
21,107,19807000
21,107,19808000
21,107,19809000
21,107,19810000
21,107,19811000
21,107,19812000
21,107,19813000
21,107,19814000
21,107,19815000
21,107,19816000
21,107,19817000
21,107,19818000
21,107,19819000
21,107,19820000
21,107,19821000
21,107,19822000
21,107,19823000
21,107,19824000
21,107,19825000
21,107,19826000
21,107,19827000
21,107,19828000
21,107,19829000
21,107,19830000
21,107,19831000
21,107,19832000
21,107,19833000
21,107,19834000
21,107,19835000
21,107,19836000
21,107,19837000
21,107,19838000
21,107,19839000
21,107,19840000
21,107,19841000
21,107,19842000
21,107,19843000
21,107,19844000
21,107,19845000
21,107,19846000
21,107,19847000
21,107,19848000
21,107,19849000
21,107,19850000
21,107,19851000
21,107,19852000
21,107,19853000
21,107,19854000
21,107,19855000
21,107,19856000
21,107,19857000
21,107,19858000
21,107,19859000
21,107,19860000
21,107,19861000
21,107,19862000
21,107,19863000
21,107,19864000
21,107,19865000
21,107,19866000
21,107,19867000
21,107,19868000
21,107,19869000
21,107,19870000
21,107,19871000
21,107,19872000
21,107,19873000
21,107,19874000
21,107,19875000
21,107,19876000
21,107,19877000
21,107,19878000
21,107,19879000
21,107,19880000
21,107,19881000
21,107,19882000
21,107,19883000
21,107,19884000
21,107,19885000
21,107,19886000
21,107,19887000
21,107,19888000
21,107,19889000
21,107,19890000
21,107,19891000
21,107,19892000
21,107,19893000
21,107,19894000
21,107,19895000
21,107,19896000
21,107,19897000
21,107,19898000
21,107,19899000
21,107,19900000
21,107,19901000
21,107,19902000
21,107,19903000
21,107,19904000
21,107,19905000
21,107,19906000
21,107,19907000
21,107,19908000
21,107,19909000
21,107,19910000
21,107,19911000
21,107,19912000
21,107,19913000
21,107,19914000
21,107,19915000
21,107,19916000
21,107,19917000
21,107,19918000
21,107,19919000
21,107,19920000
21,107,19921000
21,107,19922000
21,107,19923000
21,107,19924000
21,107,19925000
21,107,19926000
21,107,19927000
21,107,19928000
21,107,19929000
21,107,19930000
21,107,19931000
21,107,19932000
21,107,19933000
21,107,19934000
21,107,19935000
21,107,19936000
21,107,19937000
21,107,19938000
21,107,19939000
21,107,19940000
21,107,19941000
21,107,19942000
21,107,19943000
21,107,19944000
21,107,19945000
21,107,19946000
21,107,19947000
21,107,19948000
21,107,19949000
21,107,19950000
21,107,19951000
21,107,19952000
21,107,19953000
21,107,19954000
21,107,19955000
21,107,19956000
21,107,19957000
21,107,19958000
21,107,19959000
21,107,19960000
21,107,19961000
21,107,19962000
21,107,19963000
21,107,19964000
21,107,19965000
21,107,19966000
21,107,19967000
21,107,19968000
21,107,19969000
21,107,19970000
21,107,19971000
21,107,19972000
21,107,19973000
21,107,19974000
21,107,19975000
21,107,19976000
21,107,19977000
21,107,19978000
21,107,19979000
21,107,19980000
21,107,19981000
21,107,19982000
21,107,19983000
21,107,19984000
21,107,19985000
21,107,19986000
21,107,19987000
21,107,19988000
21,107,19989000
21,107,19990000
21,107,19991000
21,107,19992000
21,107,19993000
21,107,19994000
21,107,19995000
21,107,19996000
21,107,19997000
21,107,19998000
21,107,19999000
