trace_name,number_of_requests,wsr,slab_size,slab_cnt,rebalance_strategy,allocator,tag,throughput,rebalanced_slabs,miss_ratio,n_rebalanced_slabs,monitor_interval,n_alloc_failures,uuid,miss_ratio_reduction_from_disabled,miss_ratio_reduction_from_lru_disabled,tuned_improvement
meta_202210,1482478166,0.01,4,220,marginal-hits,LRU,,318972.7953170307,29559.0,0.0649507474769783,29559,50000,0,meta_202210_kv_traces_all_sort-07d3209dfb129b017c3401c0f2d0ce8f,0.034999488822151106,0.034999488822151106,
meta_202210,1482478166,0.01,4,220,marginal-hits-tuned,LRU,,826604.3753512871,351.0,0.0586760898035377,351,50000,0,meta_202210_kv_traces_all_sort-99fa3cec33d93219104cae58788f0e4b,0.0412741464955917,0.0412741464955917,0.006274657673440591
meta_202210,1482478166,0.01,4,220,tail-age,LRU,,643153.9286939298,920.0,0.0959464248865031,920,50000,0,meta_202210_kv_traces_all_sort-359b03d2cfc3864533e3a8fd2d12c9fe,0.004003811412626304,0.004003811412626304,
meta_202210,1482478166,0.01,4,220,disabled,LRU,,393703.3796221999,,0.0999502362991294,0,50000,0,meta_202210_kv_traces_all_sort-b706cf768ee0e0f95e702bdd7ab73575,0.0,0.0,
meta_202210,1482478166,0.01,4,220,hits,LRU,,891714.764361395,12139.0,0.0629873175481223,12139,50000,0,meta_202210_kv_traces_all_sort-05deabe2f5bca657d8a146e61b9ef4b8,0.0369629187510071,0.0369629187510071,
meta_202210,1482478166,0.01,4,220,free-mem,LRU,,642250.1265204641,,0.0999502362991294,0,50000,0,meta_202210_kv_traces_all_sort-8e7dee31498af5ed541e27afd422ebd9,0.0,0.0,
meta_202210,1482478166,0.01,4,220,disabled,LRU2Q,,835254.4227641143,,0.0936944375880946,0,50000,0,meta_202210_kv_traces_all_sort-ff1e2b07b2b66cf7c2415f8b2528405c,0.0,0.0062557987110347935,
meta_202210,1482478166,0.01,4,220,free-mem,LRU2Q,,862749.655489754,,0.0936944375880946,0,50000,0,meta_202210_kv_traces_all_sort-faab47b38e75c38f1e59d6b074dd8dec,0.0,0.0062557987110347935,
meta_202210,1482478166,0.01,4,220,tail-age,LRU2Q,,437442.3193801057,2674.0,0.0925136680900027,2674,50000,0,meta_202210_kv_traces_all_sort-45949264291e50978befe544aeb5a03b,0.0011807694980919131,0.007436568209126707,
meta_202210,1482478166,0.01,4,220,marginal-hits,LRU2Q,cold,944723.3650448566,29546.0,0.066509173127343,29546,50000,0,meta_202210_kv_traces_all_sort-494ca9315b26e6b278f469a1de2e3ab1,0.027185264460751604,0.0334410631717864,
meta_202210,1482478166,0.01,4,220,marginal-hits,LRU2Q,warm-cold,829493.9549245461,28045.0,0.0703915365455709,28045,50000,0,meta_202210_kv_traces_all_sort-d97cd5480ad30aec662991df23d23cc0,0.023302901042523708,0.0295586997535585,
meta_202210,1482478166,0.01,4,220,marginal-hits-tuned,LRU2Q,cold,392633.400141166,448.0,0.0516000469716192,448,50000,0,meta_202210_kv_traces_all_sort-8f1d27bbabcf3add64a2b75c30468f21,0.04209439061647541,0.0483501893275102,0.014909126155723804
meta_202210,1482478166,0.01,4,220,marginal-hits-tuned,LRU2Q,warm-cold,980942.5417379556,501.0,0.0521837095305995,501,50000,0,meta_202210_kv_traces_all_sort-2010418e8bdebfe58f0b65e49cf34929,0.04151072805749511,0.0477665267685299,0.018207827014971402
meta_202210,1482478166,0.01,4,220,hits,LRU2Q,,869746.4982392944,11348.0,0.0627589560061014,11348,50000,0,meta_202210_kv_traces_all_sort-2c6559cb2aa4b92fcc2130023b79b052,0.030935481581993204,0.037191280293028,
meta_202210,1482478166,0.01,4,220,disabled,TINYLFU,,393260.0726797865,,0.1000781430733058,0,50000,0,meta_202210_kv_traces_all_sort-ee17613eebf86b94baa214b29566ce70,0.0,-0.00012790677417640062,
meta_202210,1482478166,0.01,4,220,free-mem,TINYLFU,,631620.3599526548,,0.1000781430733058,0,50000,0,meta_202210_kv_traces_all_sort-5ae2853f6b5c46d3393150ffefa32a43,0.0,-0.00012790677417640062,
meta_202210,1482478166,0.01,4,220,tail-age,TINYLFU,,518983.5543474741,21636.0,0.1068142746596107,21636,50000,0,meta_202210_kv_traces_all_sort-3fee32fd806941c45b231d3c90e44ddf,-0.0067361315863049,-0.0068640383604813004,
meta_202210,1482478166,0.01,4,220,marginal-hits,TINYLFU,,240022.17587775207,29559.0,0.0651856224370187,29559,50000,0,meta_202210_kv_traces_all_sort-c15babfa5d70ca974b18443300d2fb13,0.0348925206362871,0.0347646138621107,
meta_202210,1482478166,0.01,4,220,marginal-hits-tuned,TINYLFU,,347583.2321410895,358.0,0.0585929054418195,358,50000,0,meta_202210_kv_traces_all_sort-534f0d2f69653fa8838790f0155d0896,0.0414852376314863,0.0413573308573099,0.006592716995199199
meta_202210,1482478166,0.01,4,220,hits,TINYLFU,,318340.6689608383,11872.0,0.0629409465447736,11872,50000,0,meta_202210_kv_traces_all_sort-bfdab30475daf49fd5cfa8ad7624f9a1,0.0371371965285322,0.0370092897543558,
meta_202210,1482478166,0.1,4,2193,hits,LRU,,723173.2183318466,1774.0,0.0328960629022849,1774,50000,0,meta_202210_kv_traces_all_sort-c6efa2d473a19229f6318024e5884cdb,0.020215857937971093,0.020215857937971093,
meta_202210,1482478166,0.1,4,2193,marginal-hits-tuned,LRU,,686041.8984350115,940.0,0.0332733116286584,940,50000,0,meta_202210_kv_traces_all_sort-5123d7559d49bddaaad8a2ac298ab9f2,0.019838609211597594,0.019838609211597594,0.0077422718683062
meta_202210,1482478166,0.1,4,2193,free-mem,LRU,,798755.7411484997,,0.053111920840256,0,50000,0,meta_202210_kv_traces_all_sort-c5017e9551263f77441060a8e08e0d59,0.0,0.0,
meta_202210,1482478166,0.1,4,2193,marginal-hits,LRU,,841892.8263942917,27941.0,0.0410155834969646,27941,50000,0,meta_202210_kv_traces_all_sort-51116b22f1559ea3492452029f278dd1,0.012096337343291394,0.012096337343291394,
meta_202210,1482478166,0.1,4,2193,disabled,LRU,,445353.7489743978,,0.053111920840256,0,50000,0,meta_202210_kv_traces_all_sort-2d208cf20223cbc2ff8bb062f032a44f,0.0,0.0,
meta_202210,1482478166,0.1,4,2193,tail-age,LRU,,604103.2209678896,7360.0,0.0535544123487617,7360,50000,0,meta_202210_kv_traces_all_sort-b9948ea896309aeef1cf3029edc106c6,-0.000442491508505706,-0.000442491508505706,
meta_202210,1482478166,0.1,4,2193,marginal-hits-tuned,LRU2Q,warm-cold,669434.6337012312,737.0,0.0334935239781467,737,50000,0,meta_202210_kv_traces_all_sort-ff855832848c790d7423a706bb7b5d0d,0.0159423386745515,0.019618396862109297,0.005091161659645002
meta_202210,1482478166,0.1,4,2193,free-mem,LRU2Q,,850942.7881930879,,0.0494358626526982,0,50000,0,meta_202210_kv_traces_all_sort-af019cf084a41c31f8b5f2c8511b123b,0.0,0.0036760581875577986,
meta_202210,1482478166,0.1,4,2193,marginal-hits,LRU2Q,cold,372966.2015184378,27941.0,0.0424508538765217,27941,50000,0,meta_202210_kv_traces_all_sort-0379e96b1f8f9dcb174ee960012b7fd8,0.006985008776176499,0.010661066963734298,
meta_202210,1482478166,0.1,4,2193,marginal-hits-tuned,LRU2Q,cold,733046.0117853323,866.0,0.033137003381674,866,50000,0,meta_202210_kv_traces_all_sort-ec72480d4e195b616f2a39ce93dfb161,0.016298859271024195,0.019974917458581994,0.009313850494847696
meta_202210,1482478166,0.1,4,2193,disabled,LRU2Q,,444985.320713231,,0.0494358626526982,0,50000,0,meta_202210_kv_traces_all_sort-a09c84f92e10ae2a63a1f453688aae99,0.0,0.0036760581875577986,
meta_202210,1482478166,0.1,4,2193,marginal-hits,LRU2Q,warm-cold,683105.4159074575,27939.0,0.0385846856377917,27939,50000,0,meta_202210_kv_traces_all_sort-2e59577ff826da76bcdbb839579a4015,0.010851177014906496,0.014527235202464295,
meta_202210,1482478166,0.1,4,2193,hits,LRU2Q,,658522.3437318271,1765.0,0.0328066578755939,1765,50000,0,meta_202210_kv_traces_all_sort-54b9266ed5c319f25ed62e5488d4a0fd,0.0166292047771043,0.020305262964662098,
meta_202210,1482478166,0.1,4,2193,tail-age,LRU2Q,,206728.7400600713,939.0,0.0459213218523718,939,50000,0,meta_202210_kv_traces_all_sort-776d0746270a8505c5503012842c4c41,0.003514540800326399,0.0071905989878841975,
meta_202210,1482478166,0.1,4,2193,hits,TINYLFU,,373226.07195406937,1761.0,0.0328783479702189,1761,50000,0,meta_202210_kv_traces_all_sort-4b5846f924b55bfaecfdcbc25f55df0a,0.019896415121974896,0.020233572870037096,
meta_202210,1482478166,0.1,4,2193,disabled,TINYLFU,,319742.76711338,,0.0527747630921938,0,50000,0,meta_202210_kv_traces_all_sort-ee1dd211c1846e201f1e9c53cc47017d,0.0,0.0003371577480622001,
meta_202210,1482478166,0.1,4,2193,free-mem,TINYLFU,,787858.6839842136,,0.0527747630921938,0,50000,0,meta_202210_kv_traces_all_sort-09eae95636b1c8be2df9a599e7670dd5,0.0,0.0003371577480622001,
meta_202210,1482478166,0.1,4,2193,marginal-hits,TINYLFU,,297274.42814993433,27941.0,0.0422763636169465,27941,50000,0,meta_202210_kv_traces_all_sort-f08050212fdeda25638e3028a132cfde,0.010498399475247298,0.010835557223309498,
meta_202210,1482478166,0.1,4,2193,marginal-hits-tuned,TINYLFU,,577892.0529751774,942.0,0.0332446940065085,942,50000,0,meta_202210_kv_traces_all_sort-adbec1784eacf0ccf65bb48d48858454,0.019530069085685296,0.019867226833747496,0.009031669610437998
meta_202210,1482478166,0.1,4,2193,tail-age,TINYLFU,,665538.4379878017,15312.0,0.0580367785328988,15312,50000,0,meta_202210_kv_traces_all_sort-1d09c07446f7826c315a68c6d7956af4,-0.005262015440705002,-0.004924857692642802,
meta_202401,1191241025,0.01,4,117,disabled,LRU,,471159.0703898919,,0.1536888447910867,0,50000,0,meta_202401_kv_traces_all_sort-c3fe88222c7018e188b31ce1be72be6e,0.0,0.0,
meta_202401,1191241025,0.01,4,117,hits,LRU,,691494.3905444556,16394.0,0.1206793276784603,16394,50000,0,meta_202401_kv_traces_all_sort-aa8f3de8136e44552da7dfc5e44b021f,0.03300951711262638,0.03300951711262638,
meta_202401,1191241025,0.01,4,117,marginal-hits,LRU,,592911.3202338883,23786.0,0.1105857036782291,23786,50000,0,meta_202401_kv_traces_all_sort-7556c904316dfd8a16a8fea29172479d,0.04310314111285758,0.04310314111285758,
meta_202401,1191241025,0.01,4,117,free-mem,LRU,,626286.4002816007,,0.1536888447910867,0,50000,0,meta_202401_kv_traces_all_sort-372c8f347a48eaf7ab41fa637bbbcab9,0.0,0.0,
meta_202401,1191241025,0.01,4,117,marginal-hits-tuned,LRU,,644414.4118021877,203.0,0.1114892781668596,203,50000,0,meta_202401_kv_traces_all_sort-9dec49d038d5d6e4a06e360766bc3ca0,0.04219956662422708,0.04219956662422708,-0.0009035744886305014
meta_202401,1191241025,0.01,4,117,tail-age,LRU,,480100.36018650513,978.0,0.1552706758063508,978,50000,0,meta_202401_kv_traces_all_sort-584fd267a09bfecc3a199736f66567a6,-0.0015818310152641013,-0.0015818310152641013,
meta_202401,1191241025,0.01,4,117,marginal-hits-tuned,LRU2Q,cold,583728.7729160397,280.0,0.1002338766833521,280,50000,0,meta_202401_kv_traces_all_sort-e9f9e4dc5bfb6ff50ecaee56589f823d,0.04374175578783479,0.05345496810773459,0.025344682030238208
meta_202401,1191241025,0.01,4,117,disabled,LRU2Q,,716495.6051236814,,0.1439756324711869,0,50000,0,meta_202401_kv_traces_all_sort-27778e83f420b46061e4583b6b1a4283,0.0,0.0097132123198998,
meta_202401,1191241025,0.01,4,117,free-mem,LRU2Q,,621534.7896203228,,0.1439756324711869,0,50000,0,meta_202401_kv_traces_all_sort-a6cf48504c3dbde272c93391e58fdb2a,0.0,0.0097132123198998,
meta_202401,1191241025,0.01,4,117,marginal-hits,LRU2Q,cold,515026.91814331495,23355.0,0.1255785587135903,23355,50000,0,meta_202401_kv_traces_all_sort-e30cf88f16161385fec1858b69b3927b,0.018397073757596583,0.028110286077496383,
meta_202401,1191241025,0.01,4,117,hits,LRU2Q,,579617.7208808092,16639.0,0.1204545914627142,16639,50000,0,meta_202401_kv_traces_all_sort-a14393d0f1247d72e04a915693a80974,0.023521041008472687,0.03323425332837249,
meta_202401,1191241025,0.01,4,117,marginal-hits-tuned,LRU2Q,warm-cold,594124.680459057,356.0,0.1051273548944471,356,50000,0,meta_202401_kv_traces_all_sort-cf9a19c73d0dcffccbdbac53bc93bac2,0.03884827757673978,0.04856148989663958,0.023578923501228505
meta_202401,1191241025,0.01,4,117,tail-age,LRU2Q,,296999.9086000462,4264.0,0.1576679790724971,4264,50000,0,meta_202401_kv_traces_all_sort-8e2d4228217e715cdd14cec16c8203fb,-0.013692346601310218,-0.003979134281410418,
meta_202401,1191241025,0.01,4,117,marginal-hits,LRU2Q,warm-cold,655573.8747597752,20170.0,0.1287062783956756,20170,50000,0,meta_202401_kv_traces_all_sort-a15c178ed84f4da84e59e7b4047d9946,0.015269354075511277,0.024982566395411077,
meta_202401,1191241025,0.01,4,117,free-mem,TINYLFU,,482056.8375499531,,0.1502994249211657,0,50000,0,meta_202401_kv_traces_all_sort-b624ff2f1b74a2c316a21df2ff64ec01,0.0,0.003389419869921001,
meta_202401,1191241025,0.01,4,117,tail-age,TINYLFU,,451306.0637630639,16559.0,0.1612433235331196,16559,50000,0,meta_202401_kv_traces_all_sort-64178caead939343fd9c49d8ac3f82b7,-0.010943898611953912,-0.007554478742032911,
meta_202401,1191241025,0.01,4,117,hits,TINYLFU,,518603.14192530734,16542.0,0.1204815222007653,16542,50000,0,meta_202401_kv_traces_all_sort-a56eea6b1e92dfe00615e4d4bb046634,0.029817902720400385,0.033207322590321386,
meta_202401,1191241025,0.01,4,117,disabled,TINYLFU,,550043.0302239937,,0.1502994249211657,0,50000,0,meta_202401_kv_traces_all_sort-40462513f6774282aeab88691acd923d,0.0,0.003389419869921001,
meta_202401,1191241025,0.01,4,117,marginal-hits,TINYLFU,,526951.0578285275,23786.0,0.1099205511327986,23786,50000,0,meta_202401_kv_traces_all_sort-58ab4fc7db7a569c66aee63d72bec5b1,0.04037887378836709,0.04376829365828809,
meta_202401,1191241025,0.01,4,117,marginal-hits-tuned,TINYLFU,,697627.4363345078,237.0,0.1103887368217527,237,50000,0,meta_202401_kv_traces_all_sort-e060a2a327bfd589eb175559da09cdbf,0.03991068809941299,0.04330010796933399,-0.00046818568895409807
meta_202401,1191241025,0.1,4,1166,marginal-hits,LRU,,607814.6580425886,22791.0,0.0585054976594682,22791,50000,0,meta_202401_kv_traces_all_sort-07d0128ec213e9d8ac73c9999bbd1ac0,0.018677440193096105,0.018677440193096105,
meta_202401,1191241025,0.1,4,1166,tail-age,LRU,,440557.7406197181,161.0,0.0771095396080738,161,50000,0,meta_202401_kv_traces_all_sort-ce652d5d9a037978b68b093051138b19,7.339824449049959e-05,7.339824449049959e-05,
meta_202401,1191241025,0.1,4,1166,marginal-hits-tuned,LRU,,640278.8672052942,1258.0,0.0511927063626775,1258,50000,0,meta_202401_kv_traces_all_sort-8389c45ad1575eb97e7e61b3c99f2d1b,0.025990231489886807,0.025990231489886807,0.007312791296790702
meta_202401,1191241025,0.1,4,1166,disabled,LRU,,721722.3106789419,,0.0771829378525643,0,50000,0,meta_202401_kv_traces_all_sort-3d6281837ac5f523a3790d4cb2a5f5ed,0.0,0.0,
meta_202401,1191241025,0.1,4,1166,free-mem,LRU,,612092.0415295481,,0.0771829378525643,0,50000,0,meta_202401_kv_traces_all_sort-4eade96230d9a85b9b3472b0e0c6515d,0.0,0.0,
meta_202401,1191241025,0.1,4,1166,hits,LRU,,539973.81584972,3922.0,0.0520648615170049,3922,50000,0,meta_202401_kv_traces_all_sort-4dce2571a81ddb3fdc4a25966c4f4f19,0.025118076335559403,0.025118076335559403,
meta_202401,1191241025,0.1,4,1166,marginal-hits-tuned,LRU2Q,warm-cold,465972.02041840006,1059.0,0.0508657884746707,1059,50000,0,meta_202401_kv_traces_all_sort-e43bb65cdfdad0292d61a88ab08b8876,0.022430370042032494,0.026317149377893603,0.011136761345169402
meta_202401,1191241025,0.1,4,1166,marginal-hits-tuned,LRU2Q,cold,582999.3546688686,1187.0,0.0507303851460287,1187,50000,0,meta_202401_kv_traces_all_sort-d80a66ca1850da911575bed5aa7d224f,0.022565773370674495,0.026452552706535605,0.0087310189808145
meta_202401,1191241025,0.1,4,1166,marginal-hits,LRU2Q,cold,500937.4362105726,22791.0,0.0594614041268432,22791,50000,0,meta_202401_kv_traces_all_sort-2b27888fa5548d4bcf306144b999e6ed,0.013834754389859996,0.017721533725721106,
meta_202401,1191241025,0.1,4,1166,tail-age,LRU2Q,,374927.04278361046,448.0,0.0730238735691628,448,50000,0,meta_202401_kv_traces_all_sort-0f322d6d88a7dde3997f51e30ed4f269,0.000272284947540391,0.004159064283401501,
meta_202401,1191241025,0.1,4,1166,disabled,LRU2Q,,591274.0192841687,,0.0732961585167032,0,50000,0,meta_202401_kv_traces_all_sort-e14b29f6d2ab2247d6972e3030b4ea5a,0.0,0.0038867793358611097,
meta_202401,1191241025,0.1,4,1166,hits,LRU2Q,,512093.3729106779,3906.0,0.0518135756783561,3906,50000,0,meta_202401_kv_traces_all_sort-37ac332f18ec5b15c1d1bdf8f41510a6,0.021482582838347093,0.025369362174208203,
meta_202401,1191241025,0.1,4,1166,marginal-hits,LRU2Q,warm-cold,647911.388501909,22791.0,0.0620025498198401,22791,50000,0,meta_202401_kv_traces_all_sort-dc41d888885bd54d1a4f8194f25244a2,0.011293608696863092,0.015180388032724201,
meta_202401,1191241025,0.1,4,1166,free-mem,LRU2Q,,592556.880427887,,0.0732961585167032,0,50000,0,meta_202401_kv_traces_all_sort-8774a2f0da97488ff53d5dff434d5038,0.0,0.0038867793358611097,
meta_202401,1191241025,0.1,4,1166,hits,TINYLFU,,551558.0719861051,3786.0,0.0521307264413597,3786,50000,0,meta_202401_kv_traces_all_sort-1ee44979a67c751d0463b91f34ba4356,0.0250426659038208,0.025052211411204603,
meta_202401,1191241025,0.1,4,1166,disabled,TINYLFU,,625715.6678876455,,0.0771733923451805,0,50000,0,meta_202401_kv_traces_all_sort-7689a6e322744aea6eb59b5fef22c0b8,0.0,9.545507383801333e-06,
meta_202401,1191241025,0.1,4,1166,tail-age,TINYLFU,,561121.8014636339,10078.0,0.0834740341485468,10078,50000,0,meta_202401_kv_traces_all_sort-7baac7891ac0e0fdae3f24a40ac7b1e9,-0.0063006418033663,-0.006291096295982498,
meta_202401,1191241025,0.1,4,1166,marginal-hits-tuned,TINYLFU,,584425.1466180295,1174.0,0.0513182267207427,1174,50000,0,meta_202401_kv_traces_all_sort-9f7ee101b8f48d141f9fe5a8e4249b56,0.0258551656244378,0.0258647111318216,0.007021149225447498
meta_202401,1191241025,0.1,4,1166,marginal-hits,TINYLFU,,571442.3849208927,22791.0,0.0583393759461902,22791,50000,0,meta_202401_kv_traces_all_sort-9cca882d8f3d7e15bdb7fab0815398e0,0.0188340163989903,0.018843561906374102,
meta_202401,1191241025,0.1,4,1166,free-mem,TINYLFU,,654217.4372992144,,0.0771733923451805,0,50000,0,meta_202401_kv_traces_all_sort-62028bafe0dff90eb232aab7d797a3cc,0.0,9.545507383801333e-06,
twitter_cluster10,139150615,0.01,1,50,hits,LRU,,268568.16557929025,2.0,0.4998992135248558,2,50000,4,twitter_cluster10-86fbd46eb810e5f17b04e4fafdc97e15,2.4433955969627164e-07,2.4433955969627164e-07,
twitter_cluster10,139150615,0.01,1,50,free-mem,LRU,,61202.982834804425,2.0,0.4998992135248558,2,50000,4,twitter_cluster10-5e414b77595de7b9fd0cdb1fd6f58ed4,2.4433955969627164e-07,2.4433955969627164e-07,
twitter_cluster10,139150615,0.01,1,50,marginal-hits,LRU,,202637.1416387049,21.0,0.4998991991519405,21,50000,0,twitter_cluster10-83948ab8facbaca49eaac9d806805a2a,2.587124749986458e-07,2.587124749986458e-07,
twitter_cluster10,139150615,0.01,1,50,disabled,LRU,,60995.56298283052,,0.4998994578644155,0,50000,72,twitter_cluster10-faf1504cfa48029d8b306a7aa1b9aa54,0.0,0.0,
twitter_cluster10,139150615,0.01,1,50,tail-age,LRU,,220073.6493405448,2.0,0.4998992135248558,2,50000,4,twitter_cluster10-be7bb086e7dbe3dff992c4d12801bbc0,2.4433955969627164e-07,2.4433955969627164e-07,
twitter_cluster10,139150615,0.01,1,50,marginal-hits-tuned,LRU,,60261.45992316536,6.0,0.4998992135248558,6,50000,4,twitter_cluster10-69bc73e96713a6ec1541abd5fae40fba,2.4433955969627164e-07,2.4433955969627164e-07,-1.4372915302374167e-08
twitter_cluster10,139150615,0.01,1,50,marginal-hits,LRU2Q,warm-cold,204982.4584732655,21.0,0.4998991991519405,21,50000,0,twitter_cluster10-79921f80d526741d430aaf56bd712579,2.587124749986458e-07,2.587124749986458e-07,
twitter_cluster10,139150615,0.01,1,50,marginal-hits-tuned,LRU2Q,warm-cold,292686.6786783741,2.0,0.4998992135248558,2,50000,4,twitter_cluster10-e2efa31d33972ffc3dc4a927d30dfb3c,2.4433955969627164e-07,2.4433955969627164e-07,-1.4372915302374167e-08
twitter_cluster10,139150615,0.01,1,50,hits,LRU2Q,,60576.41192241749,2.0,0.4998992135248558,2,50000,4,twitter_cluster10-a5d3fdeb8147f4e4861f1a34d3429654,2.4433955969627164e-07,2.4433955969627164e-07,
twitter_cluster10,139150615,0.01,1,50,disabled,LRU2Q,,221745.73154608323,,0.4998994578644155,0,50000,72,twitter_cluster10-0e5007537fcc6723a4b7351fd4db02ef,0.0,0.0,
twitter_cluster10,139150615,0.01,1,50,marginal-hits,LRU2Q,cold,202994.02620416804,21.0,0.4998991991519405,21,50000,0,twitter_cluster10-f132dd726d98bfa47148ac98f99111bc,2.587124749986458e-07,2.587124749986458e-07,
twitter_cluster10,139150615,0.01,1,50,free-mem,LRU2Q,,61092.377136248106,2.0,0.4998992135248558,2,50000,4,twitter_cluster10-f441a43a59904516b9b16d71a6847a37,2.4433955969627164e-07,2.4433955969627164e-07,
twitter_cluster10,139150615,0.01,1,50,marginal-hits-tuned,LRU2Q,cold,271496.5728536683,3.0,0.4998992135248558,3,50000,4,twitter_cluster10-fe6bec76e08c08ea04fff2fdc313a075,2.4433955969627164e-07,2.4433955969627164e-07,-1.4372915302374167e-08
twitter_cluster10,139150615,0.01,1,50,tail-age,LRU2Q,,197716.8570027072,2.0,0.4998992135248558,2,50000,4,twitter_cluster10-feb90ae9028a4f04aac8b7a4ae6ad97a,2.4433955969627164e-07,2.4433955969627164e-07,
twitter_cluster10,139150615,0.01,1,50,free-mem,TINYLFU,,57950.76599367734,2.0,0.4998993069488051,2,50000,4,twitter_cluster10-5edcb556470c072783ffc4b92e6def6b,2.3715310204508455e-07,1.50915610397373e-07,
twitter_cluster10,139150615,0.01,1,50,marginal-hits,TINYLFU,,60925.39543671988,21.0,0.499899982475823,21,50000,0,twitter_cluster10-bfc4ddabf080192ed932555495da505b,-4.3837391588974484e-07,-5.246114075374564e-07,
twitter_cluster10,139150615,0.01,1,50,marginal-hits-tuned,TINYLFU,,199397.93339005785,4.0,0.4998993716269238,4,50000,4,twitter_cluster10-31babf830460fa15313f0d155e1a1e95,1.724749832954231e-07,8.623749164771155e-08,6.108488991851679e-07
twitter_cluster10,139150615,0.01,1,50,tail-age,TINYLFU,,57987.18421005671,2.0,0.4998993069488051,2,50000,4,twitter_cluster10-d89f3c343a19fb3cbdcd4bca4ef1b26b,2.3715310204508455e-07,1.50915610397373e-07,
twitter_cluster10,139150615,0.01,1,50,disabled,TINYLFU,,222028.25293765505,,0.4998995441019071,0,50000,72,twitter_cluster10-3e0cd353ed9c71c39dba837db54e2e51,0.0,-8.623749164771155e-08,
twitter_cluster10,139150615,0.01,1,50,hits,TINYLFU,,61211.04987129824,2.0,0.4998993069488051,2,50000,4,twitter_cluster10-4efa53fa7d5056fa77d872b134133944,2.3715310204508455e-07,1.50915610397373e-07,
twitter_cluster10,139150615,0.1,1,491,hits,LRU,,60124.98372638382,2.0,0.4998992135248558,2,50000,4,twitter_cluster10-fed5c2bdc68992cd549c5c5697fd2427,2.4433955969627164e-07,2.4433955969627164e-07,
twitter_cluster10,139150615,0.1,1,491,marginal-hits-tuned,LRU,,196815.16926191427,6.0,0.4998992135248558,6,50000,4,twitter_cluster10-b4d91fd2e14a4c3bf74ba17e36adef56,2.4433955969627164e-07,2.4433955969627164e-07,-7.186457651187084e-09
twitter_cluster10,139150615,0.1,1,491,disabled,LRU,,60381.27777600676,,0.4998994578644155,0,50000,72,twitter_cluster10-3aae9c7c285e33fa2c24cda6c491e2fa,0.0,0.0,
twitter_cluster10,139150615,0.1,1,491,tail-age,LRU,,60810.1276016589,2.0,0.4998992135248558,2,50000,4,twitter_cluster10-35494000e41c2036be629777533339e5,2.4433955969627164e-07,2.4433955969627164e-07,
twitter_cluster10,139150615,0.1,1,491,marginal-hits,LRU,,61267.91760522238,21.0,0.4998992063383981,21,50000,2,twitter_cluster10-fd0c1b77472df8940f9abb5d1ffc64a8,2.515260173474587e-07,2.515260173474587e-07,
twitter_cluster10,139150615,0.1,1,491,free-mem,LRU,,60147.80985334863,2.0,0.4998992135248558,2,50000,4,twitter_cluster10-9eee580e105464f4aaf370cdd9d28b73,2.4433955969627164e-07,2.4433955969627164e-07,
twitter_cluster10,139150615,0.1,1,491,disabled,LRU2Q,,289039.69973852456,,0.4998994578644155,0,50000,72,twitter_cluster10-46b960a50538ac10752c5248d279d3b1,0.0,0.0,
twitter_cluster10,139150615,0.1,1,491,hits,LRU2Q,,218153.51774618085,2.0,0.4998992135248558,2,50000,4,twitter_cluster10-4d611e2137bc6b1114f29242f3901e71,2.4433955969627164e-07,2.4433955969627164e-07,
twitter_cluster10,139150615,0.1,1,491,marginal-hits-tuned,LRU2Q,warm-cold,270396.7113931492,2.0,0.4998992135248558,2,50000,4,twitter_cluster10-2962aa9f2f437d1f2b0deca58f6f0188,2.4433955969627164e-07,2.4433955969627164e-07,-7.186457651187084e-09
twitter_cluster10,139150615,0.1,1,491,tail-age,LRU2Q,,217135.6719871853,2.0,0.4998992135248558,2,50000,4,twitter_cluster10-98c410bc87b1256cac5ef11d00c9f4bd,2.4433955969627164e-07,2.4433955969627164e-07,
twitter_cluster10,139150615,0.1,1,491,marginal-hits,LRU2Q,cold,222533.11812724592,21.0,0.4998992063383981,21,50000,2,twitter_cluster10-2058c0096c48f8560f958ea1821f3481,2.515260173474587e-07,2.515260173474587e-07,
twitter_cluster10,139150615,0.1,1,491,marginal-hits,LRU2Q,warm-cold,196563.866519389,21.0,0.4998992063383981,21,50000,2,twitter_cluster10-f970f9d0265b5dca159361f84b3f7006,2.515260173474587e-07,2.515260173474587e-07,
twitter_cluster10,139150615,0.1,1,491,free-mem,LRU2Q,,215467.19280577125,2.0,0.4998992135248558,2,50000,4,twitter_cluster10-18007b8cf8e01cf975b77a53abfca004,2.4433955969627164e-07,2.4433955969627164e-07,
twitter_cluster10,139150615,0.1,1,491,marginal-hits-tuned,LRU2Q,cold,61017.582228189145,3.0,0.4998992422706863,3,50000,4,twitter_cluster10-39941c7e4f38759563ca540a4b0b9603,2.155937292025456e-07,2.155937292025456e-07,-3.5932288144913116e-08
twitter_cluster10,139150615,0.1,1,491,free-mem,TINYLFU,,199750.66853437075,2.0,0.4998992135248558,2,50000,4,twitter_cluster10-6eb24ebc979aebe4c1e6e535fbb967d1,2.4433955969627164e-07,2.4433955969627164e-07,
twitter_cluster10,139150615,0.1,1,491,marginal-hits,TINYLFU,,58046.19822698236,21.0,0.4998992135248558,21,50000,2,twitter_cluster10-1d6e17d9fe2a3c31182872184dc119ca,2.4433955969627164e-07,2.4433955969627164e-07,
twitter_cluster10,139150615,0.1,1,491,hits,TINYLFU,,199306.60241088207,2.0,0.4998992135248558,2,50000,4,twitter_cluster10-e85f3d7d77f44f73d564fba896261ea7,2.4433955969627164e-07,2.4433955969627164e-07,
twitter_cluster10,139150615,0.1,1,491,marginal-hits-tuned,TINYLFU,,195308.93758826744,4.0,0.4998992135248558,4,50000,4,twitter_cluster10-bfbada4760043f8ed369eddc26af0fde,2.4433955969627164e-07,2.4433955969627164e-07,0.0
twitter_cluster10,139150615,0.1,1,491,disabled,TINYLFU,,220768.2974472592,,0.4998994578644155,0,50000,72,twitter_cluster10-568b3bdae1aae676426dd81224288e03,0.0,0.0,
twitter_cluster10,139150615,0.1,1,491,tail-age,TINYLFU,,55681.19751110364,2.0,0.4998992135248558,2,50000,4,twitter_cluster10-0691d0c23be6ca6d7d8d7e3697127a37,2.4433955969627164e-07,2.4433955969627164e-07,
twitter_cluster11,2731402190,0.01,1,54,marginal-hits-tuned,LRU,,413559.1606308604,355.0,0.4282537980977455,355,50000,7,twitter_cluster11-50bedc57b7c85448c5bc0e80a40950df,0.02550473681797849,0.02550473681797849,0.005951672389923612
twitter_cluster11,2731402190,0.01,1,54,marginal-hits,LRU,,353091.86352299305,54624.0,0.4342054704876691,54624,50000,7,twitter_cluster11-8eb591691d3a87dc66472f028d0525f0,0.019553064428054878,0.019553064428054878,
twitter_cluster11,2731402190,0.01,1,54,disabled,LRU,,352558.0238526683,,0.453758534915724,0,50000,38621,twitter_cluster11-89f912ba2c322ab5df2bace9e291e88d,0.0,0.0,
twitter_cluster11,2731402190,0.01,1,54,hits,LRU,,371589.7356755246,21.0,0.4266851902172635,21,50000,7,twitter_cluster11-3121eaa3f8440cb83b1911f0bb661c81,0.02707334469846051,0.02707334469846051,
twitter_cluster11,2731402190,0.01,1,54,tail-age,LRU,,413575.4618405132,4.0,0.4664926394453831,4,50000,7,twitter_cluster11-3a7898eae2e7daf93140efc50a7e937c,-0.012734104529659118,-0.012734104529659118,
twitter_cluster11,2731402190,0.01,1,54,free-mem,LRU,,305361.97592713573,4.0,0.4630477908491389,4,50000,7,twitter_cluster11-8d27e665360a6ffe3f66b49c0103bfca,-0.009289255933414897,-0.009289255933414897,
twitter_cluster11,2731402190,0.01,1,54,marginal-hits-tuned,LRU2Q,cold,364832.8053126265,323.0,0.3994947843986315,323,50000,7,twitter_cluster11-69479b7b91915da638a8d5de34dafb19,0.023112845933538573,0.05426375051709248,0.021706842447834496
twitter_cluster11,2731402190,0.01,1,54,marginal-hits,LRU2Q,cold,362905.8923001391,54607.0,0.421201626846466,54607,50000,7,twitter_cluster11-0634f87b41ad135f2ad8589c00954fd6,0.001406003485704077,0.032556908069257984,
twitter_cluster11,2731402190,0.01,1,54,free-mem,LRU2Q,,411679.7728223952,4.0,0.4316273767064674,4,50000,7,twitter_cluster11-4cce7cca983f29283947c3400869a313,-0.00901974637429731,0.022131158209256596,
twitter_cluster11,2731402190,0.01,1,54,disabled,LRU2Q,,331048.77464782825,,0.4226076303321701,0,50000,38621,twitter_cluster11-047d1b194dba80b2ba197449f58bb0dc,0.0,0.031150904583553907,
twitter_cluster11,2731402190,0.01,1,54,marginal-hits-tuned,LRU2Q,warm-cold,315838.50584305555,388.0,0.397769648123479,388,50000,7,twitter_cluster11-5405014ef06a1fa507ce8962e1970fc2,0.0248379822086911,0.05598888679224501,0.03060364500915924
twitter_cluster11,2731402190,0.01,1,54,tail-age,LRU2Q,,268218.32860663533,556.0,0.4485021339900149,556,50000,7,twitter_cluster11-29aeb3d59541e8f6a1570966ef7a4fce,-0.025894503657844792,0.005256400925709115,
twitter_cluster11,2731402190,0.01,1,54,hits,LRU2Q,,352700.8105815903,22.0,0.3970532333065165,22,50000,7,twitter_cluster11-4716445753ec72efd73f6bd5240913e6,0.025554397025653597,0.056705301609207504,
twitter_cluster11,2731402190,0.01,1,54,marginal-hits,LRU2Q,warm-cold,331374.87554313923,54591.0,0.4283732931326382,54591,50000,7,twitter_cluster11-341642ae9a2a15c554fddba4671b4ec1,-0.005765662800468141,0.025385241783085766,
twitter_cluster11,2731402190,0.01,1,54,hits,TINYLFU,,272785.93360706174,22.0,0.4073307468498441,22,50000,7,twitter_cluster11-52256f08161bf3e3aa5ae81acb5e37de,0.027417485522335416,0.04642778806587988,
twitter_cluster11,2731402190,0.01,1,54,marginal-hits,TINYLFU,,273322.7176533094,54623.0,0.4149042635130932,54623,50000,7,twitter_cluster11-1993202f73003941169ca953744bbd3c,0.019843968859086347,0.03885427140263081,
twitter_cluster11,2731402190,0.01,1,54,free-mem,TINYLFU,,247798.8722309936,4.0,0.4440236119163395,4,50000,7,twitter_cluster11-722eb47a0f6373334e2ae4dde0615ffa,-0.009275379544159967,0.009734922999384499,
twitter_cluster11,2731402190,0.01,1,54,tail-age,TINYLFU,,273334.4191110072,33457.0,0.4445424875345802,33457,50000,7,twitter_cluster11-2d1042470f2278f0c35b1165915057b8,-0.009794255162400678,0.009216047381143788,
twitter_cluster11,2731402190,0.01,1,54,disabled,TINYLFU,,342711.41632863093,,0.4347482323721795,0,50000,38621,twitter_cluster11-9ce0ffc3aa603094b29812909dd54a65,0.0,0.019010302543544466,
twitter_cluster11,2731402190,0.01,1,54,marginal-hits-tuned,TINYLFU,,303850.6857521961,277.0,0.4078215658163472,277,50000,7,twitter_cluster11-c2bb334a1ece1f37641b62a43fbcf0b6,0.026926666555832313,0.04593696909937678,0.007082697696745965
twitter_cluster11,2731402190,0.1,1,538,marginal-hits,LRU,,330916.12143394246,54561.0,0.1350621597766237,54561,50000,2,twitter_cluster11-947322923e4af621f11953105220e26d,0.12886415749706928,0.12886415749706928,
twitter_cluster11,2731402190,0.1,1,538,disabled,LRU,,389419.8655280048,,0.263926317273693,0,50000,477,twitter_cluster11-0dc8c0542b8c196b14fd2d6950b6005a,0.0,0.0,
twitter_cluster11,2731402190,0.1,1,538,hits,LRU,,331678.37476275186,1542.0,0.1367407664705724,1542,50000,2,twitter_cluster11-40d2c82f51ca7daaef17be0ec412fe17,0.12718555080312058,0.12718555080312058,
twitter_cluster11,2731402190,0.1,1,538,tail-age,LRU,,318388.5997513508,997.0,0.2532549371647095,997,50000,2,twitter_cluster11-10c76a34e9628feec5192aecf70bd5b1,0.010671380108983497,0.010671380108983497,
twitter_cluster11,2731402190,0.1,1,538,free-mem,LRU,,390551.4242543371,1.0,0.264085532932812,1,50000,2,twitter_cluster11-e5034bdf1f726ba3b700407dcf92c628,-0.00015921565911902746,-0.00015921565911902746,
twitter_cluster11,2731402190,0.1,1,538,marginal-hits-tuned,LRU,,389310.0383362903,1241.0,0.1248990889181354,1241,50000,2,twitter_cluster11-4472a25494db9429fb23534409ec3b3c,0.13902722835555759,0.13902722835555759,0.01016307085848829
twitter_cluster11,2731402190,0.1,1,538,free-mem,LRU2Q,,388756.03833544697,1.0,0.2345567867469565,1,50000,2,twitter_cluster11-6a1a6f59740d1fde48931be52a037838,-0.00015958506645272208,0.029369530526736465,
twitter_cluster11,2731402190,0.1,1,538,marginal-hits,LRU2Q,warm-cold,391439.1560689519,54561.0,0.1372515308703036,54561,50000,2,twitter_cluster11-74ae70302959a221b508ba110d20a8ae,0.0971456708102002,0.1266747864033894,
twitter_cluster11,2731402190,0.1,1,538,marginal-hits,LRU2Q,cold,388951.7565863628,54561.0,0.1357148805683574,54561,50000,2,twitter_cluster11-a879ce8d83abbd9283ea5f4e2da8655f,0.09868232111214639,0.12821143670533558,
twitter_cluster11,2731402190,0.1,1,538,marginal-hits-tuned,LRU2Q,cold,354171.8754131607,1451.0,0.1225336683207389,1451,50000,2,twitter_cluster11-743aeaf4cd0cb9ff7a15e3f6fe844f5c,0.11186353335976489,0.14139264895295406,0.013181212247618493
twitter_cluster11,2731402190,0.1,1,538,hits,LRU2Q,,389565.8018005125,576.0,0.1257732597043865,576,50000,2,twitter_cluster11-a1817b73c6dc4e17135791f0e7a6f42f,0.1086239419761173,0.1381530575693065,
twitter_cluster11,2731402190,0.1,1,538,tail-age,LRU2Q,,307460.3076158461,2327.0,0.2558056032751442,2327,50000,2,twitter_cluster11-21e57031e27e167c8358617fcafcfae6,-0.021408401594640386,0.0081207139985488,
twitter_cluster11,2731402190,0.1,1,538,disabled,LRU2Q,,352061.6939976294,,0.2343972016805038,0,50000,477,twitter_cluster11-6b9f1aceb2438af285c30a4b679d4601,0.0,0.029529115593189187,
twitter_cluster11,2731402190,0.1,1,538,marginal-hits-tuned,LRU2Q,warm-cold,333130.0491967667,1403.0,0.1227812016215744,1403,50000,2,twitter_cluster11-44fd45623656d26368743a28b3134d6e,0.1116160000589294,0.14114511565211857,0.014470329248729194
twitter_cluster11,2731402190,0.1,1,538,marginal-hits-tuned,TINYLFU,,325107.5202548464,1340.0,0.1170399519230084,1340,50000,2,twitter_cluster11-7e7a7e06796ba9d98dc8022305a07e84,0.11918330562662399,0.14688636535068458,0.013100004873321192
twitter_cluster11,2731402190,0.1,1,538,marginal-hits,TINYLFU,,412278.6464133251,54561.0,0.1301399567963296,54561,50000,2,twitter_cluster11-75c79ab661a6cc81b9e46ebd35e10477,0.1060833007533028,0.1337863604773634,
twitter_cluster11,2731402190,0.1,1,538,hits,TINYLFU,,319767.5448078198,1337.0,0.122899195595944,1337,50000,2,twitter_cluster11-580ded74eb35c1fbebc6fb0ec0f7b599,0.11332406195368838,0.14102712167774897,
twitter_cluster11,2731402190,0.1,1,538,free-mem,TINYLFU,,268635.4550609781,1.0,0.2363390921935227,1,50000,2,twitter_cluster11-25757232e7e13cd17aa2bd2c3c333300,-0.00011583464389031128,0.02758722508017028,
twitter_cluster11,2731402190,0.1,1,538,disabled,TINYLFU,,326324.60261283943,,0.2362232575496324,0,50000,477,twitter_cluster11-94a17b05e709c4acc524dca7b153b08c,0.0,0.02770305972406059,
twitter_cluster11,2731402190,0.1,1,538,tail-age,TINYLFU,,387212.1872222925,43744.0,0.2300753006279166,43744,50000,2,twitter_cluster11-1c9e9e89c045a10ea54d3329674db48b,0.006147956921715797,0.03385101664577639,
twitter_cluster12,2649686669,0.01,1,22306,disabled,LRU,,197199.8052778021,,0.7905973987447343,0,50000,4847,twitter_cluster12-cbd638aaf6294d94a970b9e0815426e1,0.0,0.0,
twitter_cluster12,2649686669,0.01,1,22306,tail-age,LRU,,291014.10707448673,31062.0,0.7905967239479665,31062,50000,2,twitter_cluster12-7f475502bfc53166ce20b1f13ca4b6c5,6.747967677966926e-07,6.747967677966926e-07,
twitter_cluster12,2649686669,0.01,1,22306,hits,LRU,,176412.16921764056,1638.0,0.7905862019491483,1638,50000,2,twitter_cluster12-82caa2998c0526b51d753e8b6b99b1cb,1.1196795586032593e-05,1.1196795586032593e-05,
twitter_cluster12,2649686669,0.01,1,22306,free-mem,LRU,,292014.6223846717,2.0,0.7905966239361414,2,50000,2,twitter_cluster12-28e5df577ed6eff1004542aaad97a9f3,7.748085929515369e-07,7.748085929515369e-07,
twitter_cluster12,2649686669,0.01,1,22306,marginal-hits-tuned,LRU,,137320.66207914244,5.0,0.7905966137462572,5,50000,2,twitter_cluster12-9cdf9c0f290d2b61f045d6f67e742e71,7.849984771102214e-07,7.849984771102214e-07,0.0005584188565807002
twitter_cluster12,2649686669,0.01,1,22306,marginal-hits,LRU,,257050.5465101715,52513.0,0.7911550326028379,52513,50000,2,twitter_cluster12-464b91a73c900d594e97c34d4d108deb,-0.00055763385810359,-0.00055763385810359,
twitter_cluster12,2649686669,0.01,1,22306,disabled,LRU2Q,,235887.4668614807,,0.7905970613463504,0,50000,4847,twitter_cluster12-8ff815b3e6879c9023eb14d417ec7653,0.0,3.373983838983463e-07,
twitter_cluster12,2649686669,0.01,1,22306,hits,LRU2Q,,243710.96881226543,1638.0,0.7905861672280617,1638,50000,2,twitter_cluster12-a1861c9f10488740763c48b876386b34,1.0894118288695687e-05,1.1231516672594033e-05,
twitter_cluster12,2649686669,0.01,1,22306,marginal-hits,LRU2Q,cold,275489.077467319,52513.0,0.7912163096594422,52513,50000,2,twitter_cluster12-b6f3deb8ad196312ef85b9d793de056f,-0.0006192483130917914,-0.0006189109147078931,
twitter_cluster12,2649686669,0.01,1,22306,free-mem,LRU2Q,,260488.7355881646,2.0,0.7905962857829512,2,50000,2,twitter_cluster12-9776673c3a0e3e4c9ee2785ec48b8691,7.755633992800881e-07,1.1129617831784344e-06,
twitter_cluster12,2649686669,0.01,1,22306,marginal-hits-tuned,LRU2Q,cold,180236.36554834212,3.0,0.7905962789896951,3,50000,2,twitter_cluster12-a1ca0c7db7432ccadb11c6758c4804ec,7.823566553488703e-07,1.1197550392472166e-06,0.0006200306697471403
twitter_cluster12,2649686669,0.01,1,22306,marginal-hits-tuned,LRU2Q,warm-cold,274492.49318703817,8.0,0.7905962363431432,8,50000,2,twitter_cluster12-0a9a2d331497350731957282fbe70c4c,8.250032071943636e-07,1.16240159109271e-06,0.0012775208629771662
twitter_cluster12,2649686669,0.01,1,22306,marginal-hits,LRU2Q,warm-cold,168474.36644108043,52513.0,0.7918737572061204,52513,50000,2,twitter_cluster12-efec3da64a46cc8b470ed5b875bc9ae6,-0.0012766958597699718,-0.0012763584613860735,
twitter_cluster12,2649686669,0.01,1,22306,tail-age,LRU2Q,,162425.5492866652,1040.0,0.7905969496350287,1040,50000,2,twitter_cluster12-9848aaca1108031f861dd352f95c5cf2,1.1171132174858656e-07,4.4910970564693287e-07,
twitter_cluster12,2649686669,0.01,1,22306,free-mem,TINYLFU,,202575.58436770205,2.0,0.7915475208967057,2,50000,2,twitter_cluster12-893c15a1fd0343aaba150f9673bf8dff,7.634864996886037e-07,-0.0009501221519713221,
twitter_cluster12,2649686669,0.01,1,22306,tail-age,TINYLFU,,256624.99860150696,52044.0,0.7916076034724542,52044,50000,2,twitter_cluster12-ec9a03313e570fe5187748a44f108352,-5.931908924883267e-05,-0.0010102047277198434,
twitter_cluster12,2649686669,0.01,1,22306,hits,TINYLFU,,200742.1768627114,1637.0,0.7913592020264643,1637,50000,2,twitter_cluster12-650665c0d02ee29ee64d7068eb15be12,0.0001890823567410882,-0.0007618032817299225,
twitter_cluster12,2649686669,0.01,1,22306,marginal-hits,TINYLFU,,235749.84290458472,52513.0,0.8046196940729674,52513,50000,2,twitter_cluster12-e1636cdcd30e0e9af111fb1ec8805d25,-0.013071409689762059,-0.01402229532823307,
twitter_cluster12,2649686669,0.01,1,22306,disabled,TINYLFU,,183603.0469470952,,0.7915482843832053,0,50000,4847,twitter_cluster12-58a4109fa3d15b34634156b752910755,0.0,-0.0009508856384710107,
twitter_cluster12,2649686669,0.01,1,22306,marginal-hits-tuned,TINYLFU,,247422.6957004563,5.0,0.7915474967429064,5,50000,2,twitter_cluster12-79c0882fbe4fdd0ea4015910a67ac9f9,7.876402989825948e-07,-0.0009500979981720281,0.013072197330061042
twitter_cluster13,825381985,0.01,1,14630,tail-age,LRU,,91452.23008809613,10040.0,0.6279275116478342,10040,50000,2,twitter_cluster13-f967c5ce406678448af9ebab339e4c4b,1.8754952593180718e-06,1.8754952593180718e-06,
twitter_cluster13,825381985,0.01,1,14630,marginal-hits-tuned,LRU,,378829.9985672516,5.0,0.6279293713928104,5,50000,2,twitter_cluster13-85f9ebcce51482752feff0b5a8e0b6b2,1.5750283188786796e-08,1.5750283188786796e-08,0.00017503774328198052
twitter_cluster13,825381985,0.01,1,14630,hits,LRU,,222541.18568582207,2117.0,0.6279225951363598,2117,50000,2,twitter_cluster13-598a9d45ceea062c1c4ae1edc157b2c4,6.792006733702394e-06,6.792006733702394e-06,
twitter_cluster13,825381985,0.01,1,14630,disabled,LRU,,441158.3707180895,,0.6279293871430935,0,50000,54,twitter_cluster13-0bcedf6b6659a564a1d06e53241722da,0.0,0.0,
twitter_cluster13,825381985,0.01,1,14630,marginal-hits,LRU,,107883.30663491914,16372.0,0.6281044091360923,16372,50000,2,twitter_cluster13-def70ac1bea5d49dff9874df18302556,-0.00017502199299879173,-0.00017502199299879173,
twitter_cluster13,825381985,0.01,1,14630,free-mem,LRU,,163982.5356302434,2.0,0.6279293762390513,2,50000,2,twitter_cluster13-63e553c5e6381bad063fa07f8d08a604,1.0904042224701982e-08,1.0904042224701982e-08,
twitter_cluster13,825381985,0.01,1,14630,disabled,LRU2Q,,146646.48692842538,,0.6279292841604727,0,50000,54,twitter_cluster13-34e11814d21c0353ceed8d4a72b3e153,0.0,1.0298262087538035e-07,
twitter_cluster13,825381985,0.01,1,14630,hits,LRU2Q,,357062.65815381974,2117.0,0.6279226351178478,2117,50000,2,twitter_cluster13-ed3d432c5863969f3f0e7a1d4f2243fd,6.6490426248178025e-06,6.752025245693183e-06,
twitter_cluster13,825381985,0.01,1,14630,free-mem,LRU2Q,,360404.17075405497,2.0,0.6279292732564304,2,50000,2,twitter_cluster13-e4b48613b365dec98d48fe32d24079ac,1.0904042224701982e-08,1.1388666310008233e-07,
twitter_cluster13,825381985,0.01,1,14630,marginal-hits,LRU2Q,warm-cold,355630.6175426651,16372.0,0.6281639585336963,16372,50000,2,twitter_cluster13-6e27c005bf727a666ef5c2aaff6e355a,-0.00023467437322366447,-0.0002345713906027891,
twitter_cluster13,825381985,0.01,1,14630,marginal-hits-tuned,LRU2Q,cold,373086.2468844833,2.0,0.6279292732564304,2,50000,2,twitter_cluster13-cffad0a133fcbddb85c27eaf5b380b37,1.0904042224701982e-08,1.1388666310008233e-07,0.00016965841579397178
twitter_cluster13,825381985,0.01,1,14630,marginal-hits,LRU2Q,cold,141389.89539991037,16372.0,0.6280989316722244,16372,50000,2,twitter_cluster13-82e037559728561445f853af6f7c4921,-0.00016964751175174708,-0.0001695445291308717,
twitter_cluster13,825381985,0.01,1,14630,tail-age,LRU2Q,,289765.90827900806,99.0,0.6279337160478491,99,50000,2,twitter_cluster13-fc79d57907c993154fd99cd5d16eecdc,-4.431887376421528e-06,-4.328904755546148e-06,
twitter_cluster13,825381985,0.01,1,14630,marginal-hits-tuned,LRU2Q,warm-cold,401378.5013166249,25.0,0.6279282603920656,25,50000,2,twitter_cluster13-b2d5f275858c99be820a3d54fd8a4a64,1.0237684070490971e-06,1.1267510279244775e-06,0.00023569814163071356
twitter_cluster13,825381985,0.01,1,14630,free-mem,TINYLFU,,346941.3598039926,2.0,0.6282084373334124,2,50000,2,twitter_cluster13-3199234aa60a64d794c6a7c570ae6d62,8.60207773900612e-08,-0.00027905019031881917,
twitter_cluster13,825381985,0.01,1,14630,marginal-hits,TINYLFU,,304993.54790574854,16372.0,0.6307759697469045,16372,50000,2,twitter_cluster13-ef1a66fd00e96818d363ab7efd50bd77,-0.0025674463927147784,-0.0028465826038109876,
twitter_cluster13,825381985,0.01,1,14630,marginal-hits-tuned,TINYLFU,,144183.71223315242,4.0,0.6282084639877378,4,50000,2,twitter_cluster13-e610b1043d05c41acb64ad9390d32066,5.936645197657242e-08,-0.00027907684464423266,0.002567505759166755
twitter_cluster13,825381985,0.01,1,14630,disabled,TINYLFU,,332457.5980476929,,0.6282085233541898,0,50000,54,twitter_cluster13-3e05c487e6d6ca28cb1324d7dfcb4ecf,0.0,-0.00027913621109620923,
twitter_cluster13,825381985,0.01,1,14630,hits,TINYLFU,,267631.8181003066,2117.0,0.6282180958916859,2117,50000,2,twitter_cluster13-28e1ec3220550fb0cbb52c6c542d9f28,-9.572537496116418e-06,-0.00028870874859232565,
twitter_cluster13,825381985,0.01,1,14630,tail-age,TINYLFU,,296012.548737235,16167.0,0.6281945819304501,16167,50000,2,twitter_cluster13-5f4ebfcad7698e70547ef4a60345a6b0,1.3941423739671777e-05,-0.00026519478735653745,
twitter_cluster13,825381985,0.1,1,146296,disabled,LRU,,163172.55282075508,,0.6278946250565428,0,50000,18,twitter_cluster13-4945c862e30354e2f0c914f7df2274c3,0.0,0.0,
twitter_cluster13,825381985,0.1,1,146296,hits,LRU,,130780.33768425326,1316.0,0.6278944239375421,1316,50000,1,twitter_cluster13-1ff0a76aa08d836cd599ef3ee83fa264,2.0111900067565358e-07,2.0111900067565358e-07,
twitter_cluster13,825381985,0.1,1,146296,marginal-hits-tuned,LRU,,159596.6013322326,1.0,0.6278946189987415,1,50000,1,twitter_cluster13-a46a279091c97945fbbbccc54e0067d9,6.057801260617168e-09,6.057801260617168e-09,2.2050396453199284e-07
twitter_cluster13,825381985,0.1,1,146296,tail-age,LRU,,133466.61992152611,6260.0,0.6278945135930002,6260,50000,1,twitter_cluster13-5a42950667c9eac4465f6fc8ead508de,1.1146354261803992e-07,1.1146354261803992e-07,
twitter_cluster13,825381985,0.1,1,146296,marginal-hits,LRU,,151669.26158907934,15196.0,0.6278948395027061,15196,50000,1,twitter_cluster13-b336dacc29f29d178484f23909d08879,-2.1444616327137567e-07,-2.1444616327137567e-07,
twitter_cluster13,825381985,0.1,1,146296,free-mem,LRU,,163929.19241620446,1.0,0.6278946189987415,1,50000,1,twitter_cluster13-9fa9e6591c057512b9e3d58cb4d30b81,6.057801260617168e-09,6.057801260617168e-09,
twitter_cluster13,825381985,0.1,1,146296,marginal-hits,LRU2Q,cold,156513.2892056486,15196.0,0.6278948176946217,15196,50000,1,twitter_cluster13-3327e03c8b06a12e8312f1ecbac1c3a2,-2.03542121157696e-07,-1.92638078932994e-07,
twitter_cluster13,825381985,0.1,1,146296,hits,LRU2Q,,134409.5877947994,1316.0,0.627894408187259,1316,50000,1,twitter_cluster13-d633a0d48a355596aebaf07691c0bdb7,2.059652416397384e-07,2.1686928386444038e-07,
twitter_cluster13,825381985,0.1,1,146296,marginal-hits,LRU2Q,warm-cold,152833.37628475466,15196.0,0.6278947934634168,15196,50000,1,twitter_cluster13-5b449bb2772c5732e027270690dae161,-1.7931091622624962e-07,-1.6840687400154764e-07,
twitter_cluster13,825381985,0.1,1,146296,free-mem,LRU2Q,,157551.27420803826,1.0,0.6278946080946993,1,50000,1,twitter_cluster13-81f41fe45e5a92d46fa32ad76fccb996,6.057801260617168e-09,1.696184348531915e-08,
twitter_cluster13,825381985,0.1,1,146296,tail-age,LRU2Q,,159035.8804016303,86.0,0.6278947159235612,86,50000,1,twitter_cluster13-8094c93dfa4acaf742488f7d07c60496,-1.01771060578848e-07,-9.086701835414601e-08,
twitter_cluster13,825381985,0.1,1,146296,marginal-hits-tuned,LRU2Q,warm-cold,153740.5547190878,2.0,0.6278946080946993,2,50000,1,twitter_cluster13-310d8ecbf4bd23e33f8f02fd1df2a7f0,6.057801260617168e-09,1.696184348531915e-08,1.8536871748686679e-07
twitter_cluster13,825381985,0.1,1,146296,disabled,LRU2Q,,161384.28129604275,,0.6278946141525006,0,50000,18,twitter_cluster13-6eb5af99479adf2ec1350eb92548a948,0.0,1.0904042224701982e-08,
twitter_cluster13,825381985,0.1,1,146296,marginal-hits-tuned,LRU2Q,cold,157158.29856954343,1.0,0.6278946080946993,1,50000,1,twitter_cluster13-b231e32f35ea0ecb6db7feb4bcce2e62,6.057801260617168e-09,1.696184348531915e-08,2.0959992241831316e-07
twitter_cluster13,825381985,0.1,1,146296,hits,TINYLFU,,145844.0834388956,1316.0,0.6279555616906274,1316,50000,1,twitter_cluster13-a2ddbaf792e1d9f324cf5873f7d03853,1.5980479631805267e-06,-6.093663408457406e-05,
twitter_cluster13,825381985,0.1,1,146296,tail-age,TINYLFU,,143940.5657993523,13737.0,0.627955287878012,13737,50000,1,twitter_cluster13-07111b8b532cbdb4c3b064772335f988,1.871860578539497e-06,-6.066282146921509e-05,
twitter_cluster13,825381985,0.1,1,146296,free-mem,TINYLFU,,153078.88808509975,1.0,0.6279571185455423,1,50000,1,twitter_cluster13-3deddfd1d5491a964d1376387323ac75,4.119304830574322e-08,-6.249348899944884e-05,
twitter_cluster13,825381985,0.1,1,146296,marginal-hits,TINYLFU,,148353.24040849932,15196.0,0.6279584367230889,15196,50000,1,twitter_cluster13-acb427295e47dc94a2baffb7723c1135,-1.2769844983662182e-06,-6.38116665461208e-05,
twitter_cluster13,825381985,0.1,1,146296,marginal-hits-tuned,TINYLFU,,151919.57840199652,1.0,0.6279571185455423,1,50000,1,twitter_cluster13-9587baecf6d387093cd26c5cae5ab109,4.119304830574322e-08,-6.249348899944884e-05,1.3181775466719614e-06
twitter_cluster13,825381985,0.1,1,146296,disabled,TINYLFU,,155307.10187368115,,0.6279571597385906,0,50000,18,twitter_cluster13-ae18aefc5a32673e1e01b287e67458a2,0.0,-6.253468204775459e-05,
twitter_cluster14,3029143401,0.01,1,102,disabled,LRU,,546971.452915016,,0.2712765466067811,0,50000,7280,twitter_cluster14-13e5951996eec027612aebd870375c01,0.0,0.0,
twitter_cluster14,3029143401,0.01,1,102,marginal-hits-tuned,LRU,,480625.2407441357,553.0,0.2306588452594687,553,50000,7,twitter_cluster14-772e6811b96b9aa321f305c0d09878d3,0.04061770134731238,0.04061770134731238,-0.014147878897331795
twitter_cluster14,3029143401,0.01,1,102,free-mem,LRU,,620347.4548657027,4.0,0.2714639953092138,4,50000,7,twitter_cluster14-30d13efc85079ae2a669d98d62b57b8e,-0.00018744870243270206,-0.00018744870243270206,
twitter_cluster14,3029143401,0.01,1,102,marginal-hits,LRU,,359920.6349234129,60568.0,0.2165109663621369,60568,50000,7,twitter_cluster14-0fa950c0b38e4c0de81fff141c5aa1bd,0.054765580244644174,0.054765580244644174,
twitter_cluster14,3029143401,0.01,1,102,hits,LRU,,405019.45963552257,123.0,0.2084337482311224,123,50000,7,twitter_cluster14-6454b868149d14b7e3a4c2a08eaa4a3d,0.06284279837565868,0.06284279837565868,
twitter_cluster14,3029143401,0.01,1,102,tail-age,LRU,,485761.08976495086,52.0,0.219110191937724,52,50000,7,twitter_cluster14-9bc74a7a9ccc25023537253e3cde29e7,0.052166354669057086,0.052166354669057086,
twitter_cluster14,3029143401,0.01,1,102,marginal-hits-tuned,LRU2Q,cold,546722.9329222485,327.0,0.1717366750706696,327,50000,7,twitter_cluster14-6116cc92311e925189f1ff5e48773abf,0.06357856182590141,0.09953987153611149,0.03181923872213532
twitter_cluster14,3029143401,0.01,1,102,disabled,LRU2Q,,505853.5027708831,,0.235315236896571,0,50000,7280,twitter_cluster14-7fda6292f74b5d44b1025a38b134cf10,0.0,0.03596130971021008,
twitter_cluster14,3029143401,0.01,1,102,marginal-hits-tuned,LRU2Q,warm-cold,526665.0830217225,927.0,0.1703409649835854,927,50000,7,twitter_cluster14-9384b89f8b5d9c90c5eedd22979f8d6a,0.0649742719129856,0.10093558162319569,0.04682033077508971
twitter_cluster14,3029143401,0.01,1,102,hits,LRU2Q,,357005.1896045087,114.0,0.1757006158322842,114,50000,7,twitter_cluster14-f74a21a4a97bcaf90ed557d5eda6c423,0.059614621064286805,0.09557593077449689,
twitter_cluster14,3029143401,0.01,1,102,tail-age,LRU2Q,,551027.4655513768,2767.0,0.2260926649342211,2767,50000,7,twitter_cluster14-855031a5243dce8e11358d826d344d8e,0.009222571962349907,0.04518388167255999,
twitter_cluster14,3029143401,0.01,1,102,marginal-hits,LRU2Q,warm-cold,449365.44977061887,59921.0,0.2171612957586751,59921,50000,7,twitter_cluster14-e13892ae87a355801aca6055332e6d9f,0.018153941137895896,0.05411525084810598,
twitter_cluster14,3029143401,0.01,1,102,marginal-hits,LRU2Q,cold,547230.5245404035,60339.0,0.2035559137928049,60339,50000,7,twitter_cluster14-8d21c52a655818609b58d558865d97e6,0.031759323103766085,0.06772063281397617,
twitter_cluster14,3029143401,0.01,1,102,free-mem,LRU2Q,,590154.8644783489,4.0,0.2354922674722193,4,50000,7,twitter_cluster14-20b1dedc6bb6010279a18a43ee0d7e50,-0.0001770305756483015,0.03578427913456178,
twitter_cluster14,3029143401,0.01,1,102,marginal-hits-tuned,TINYLFU,,485436.2018767176,626.0,0.2049844886164899,626,50000,7,twitter_cluster14-3bf75409d415a8541b70c9289b1ccd33,0.04967672938505427,0.06629205799029117,-0.0002924249144850011
twitter_cluster14,3029143401,0.01,1,102,marginal-hits,TINYLFU,,563447.6045438411,60563.0,0.2046920637020049,60563,50000,7,twitter_cluster14-2b8ce78ba5574e0c44fe4a6abe28e886,0.04996915429953927,0.06658448290477617,
twitter_cluster14,3029143401,0.01,1,102,disabled,TINYLFU,,505433.21165334113,,0.2546612180015442,0,50000,7280,twitter_cluster14-a9bfb1100d19c19c2c2051db3f5ed163,0.0,0.0166153286052369,
twitter_cluster14,3029143401,0.01,1,102,free-mem,TINYLFU,,509662.3209242352,4.0,0.2548488221934792,4,50000,7,twitter_cluster14-83f6bccad20f39b02b4ed514e1a4264f,-0.0001876041919350313,0.01642772441330187,
twitter_cluster14,3029143401,0.01,1,102,hits,TINYLFU,,555605.8037028972,116.0,0.1924158776397261,116,50000,7,twitter_cluster14-d6d332d6bf1f983307a74be3517c76a5,0.062245340361818086,0.07886066896705499,
twitter_cluster14,3029143401,0.01,1,102,tail-age,TINYLFU,,290883.86014623527,18126.0,0.2081497577142931,18126,50000,7,twitter_cluster14-17bf9583bdb71369ee6067c61fb9c007,0.04651146028725109,0.06312678889248799,
twitter_cluster14,3029143401,0.1,1,1016,marginal-hits,LRU,,590965.7342479366,45541.0,0.0418133188934491,45541,50000,3,twitter_cluster14-b7efb7383f761c827d693307190b5699,-0.0037338707689660022,-0.0037338707689660022,
twitter_cluster14,3029143401,0.1,1,1016,disabled,LRU,,595113.346010397,,0.0380794481244831,0,50000,9,twitter_cluster14-288bf84f094c9a32d7a644d2b1b2bdb3,0.0,0.0,
twitter_cluster14,3029143401,0.1,1,1016,free-mem,LRU,,529268.7089210158,2.0,0.0380899986319267,2,50000,3,twitter_cluster14-d4f6f1f500d8a47068f8c03b8071ffcb,-1.0550507443599089e-05,-1.0550507443599089e-05,
twitter_cluster14,3029143401,0.1,1,1016,tail-age,LRU,,591592.8509338055,385.0,0.0345251961216081,385,50000,3,twitter_cluster14-70359d4ff0763ba5a121c13f7169dbe1,0.0035542520028749996,0.0035542520028749996,
twitter_cluster14,3029143401,0.1,1,1016,hits,LRU,,628981.8205339789,1238.0,0.0347064212824304,1238,50000,3,twitter_cluster14-94128e725d5368bd505839710978cffe,0.0033730268420526996,0.0033730268420526996,
twitter_cluster14,3029143401,0.1,1,1016,marginal-hits-tuned,LRU,,359480.48940212093,691.0,0.0345589343724833,691,50000,3,twitter_cluster14-3c7865f226335241257eed8965c264c2,0.0035205137519997987,0.0035205137519997987,0.007254384520965801
twitter_cluster14,3029143401,0.1,1,1016,marginal-hits,LRU2Q,cold,486579.5067819932,49845.0,0.0462306624221782,49845,50000,3,twitter_cluster14-f81de64f59196d2ce0960d34323ca071,-0.009896736810183097,-0.008151214297695102,
twitter_cluster14,3029143401,0.1,1,1016,marginal-hits,LRU2Q,warm-cold,631922.9119211436,33181.0,0.0415660654950947,33181,50000,3,twitter_cluster14-259ea66ed08befb56b895e82e6200a18,-0.005232139883099597,-0.0034866173706116013,
twitter_cluster14,3029143401,0.1,1,1016,disabled,LRU2Q,,664349.7334702534,,0.0363339256119951,0,50000,9,twitter_cluster14-ba8ae5ca296613e4a755a07aa9df927d,0.0,0.0017455225124879958,
twitter_cluster14,3029143401,0.1,1,1016,hits,LRU2Q,,625271.6886144633,1268.0,0.0333621382753414,1268,50000,3,twitter_cluster14-d5c5eeaa9c638ea44c453bb508839fd7,0.0029717873366537015,0.004717309849141697,
twitter_cluster14,3029143401,0.1,1,1016,marginal-hits-tuned,LRU2Q,cold,447661.7204810655,524.0,0.0332244874794555,524,50000,3,twitter_cluster14-4615e56e235bf9f8de96877854ebc86d,0.0031094381325396034,0.004854960645027599,0.0130061749427227
twitter_cluster14,3029143401,0.1,1,1016,free-mem,LRU2Q,,551402.1149237332,2.0,0.0363438779305252,2,50000,3,twitter_cluster14-6dbdc9c8c89b70508c8fe73bc7c27f16,-9.952318530098703e-06,0.0017355701939578971,
twitter_cluster14,3029143401,0.1,1,1016,tail-age,LRU2Q,,530574.9987038487,359.0,0.0345436871577147,359,50000,3,twitter_cluster14-181b9d972f36a1da290398f5d28ef36c,0.0017902384542804045,0.0035357609667684003,
twitter_cluster14,3029143401,0.1,1,1016,marginal-hits-tuned,LRU2Q,warm-cold,686351.610675595,81.0,0.0360944364548425,81,50000,3,twitter_cluster14-2efef48da7d46ed7e750a07fc60c6c08,0.00023948915715260588,0.0019850116696406017,0.005471629040252203
twitter_cluster14,3029143401,0.1,1,1016,free-mem,TINYLFU,,529603.4761771756,2.0,0.0381647121631268,2,50000,3,twitter_cluster14-e73e02db9affefe54d90ea1d286b1465,-1.01751538041997e-05,-8.526403864370091e-05,
twitter_cluster14,3029143401,0.1,1,1016,marginal-hits-tuned,TINYLFU,,279681.8087117213,389.0,0.0350308489736633,389,50000,3,twitter_cluster14-d53011dfb9cba167c6bd08eadb2dfa57,0.0031236880356593014,0.0030485991508198,0.0067117198853274
twitter_cluster14,3029143401,0.1,1,1016,hits,TINYLFU,,406435.05793578527,1229.0,0.034727500839106,1229,50000,3,twitter_cluster14-7e88007ed4235be85bdab9f6fed2df4a,0.003427036170216599,0.003351947285377098,
twitter_cluster14,3029143401,0.1,1,1016,marginal-hits,TINYLFU,,501091.3767056693,45105.0,0.0417425688589907,45105,50000,3,twitter_cluster14-6ca7525fdd78ede539c60a9f2ecb1664,-0.0035880318496680982,-0.0036631207345075995,
twitter_cluster14,3029143401,0.1,1,1016,tail-age,TINYLFU,,484275.9359288893,2573.0,0.0354269183705773,2573,50000,3,twitter_cluster14-bebeaff76961e5238c375e2072a56fc0,0.002727618638745301,0.0026525297539057996,
twitter_cluster14,3029143401,0.1,1,1016,disabled,TINYLFU,,486594.4804124074,,0.0381545370093226,0,50000,9,twitter_cluster14-57bd958665a89da5a4d2fdaa5cb5290a,0.0,-7.508888483950121e-05,
twitter_cluster15,5263841494,0.01,1,8573,disabled,LRU,,185078.0558135424,,0.9914885953440908,0,50000,52,twitter_cluster15-81d4d360f3952693d1f70d34729e43e6,0.0,0.0,
twitter_cluster15,5263841494,0.01,1,8573,marginal-hits-tuned,LRU,,138586.86729765637,5.0,0.991488595534066,5,50000,1,twitter_cluster15-6a6ae7193de4744316e11686fda7b880,-1.8997514672491889e-10,-1.8997514672491889e-10,3.2783471956232546e-05
twitter_cluster15,5263841494,0.01,1,8573,free-mem,LRU,,149108.08642998387,1.0,0.991488595534066,1,50000,1,twitter_cluster15-61b3578cc31564b440d4f65576573e77,-1.8997514672491889e-10,-1.8997514672491889e-10,
twitter_cluster15,5263841494,0.01,1,8573,tail-age,LRU,,125134.21302399148,4561.0,0.991488927230984,4561,50000,1,twitter_cluster15-b1bd4724dcf0478f28e5d73b21458f7a,-3.318868931900809e-07,-3.318868931900809e-07,
twitter_cluster15,5263841494,0.01,1,8573,hits,LRU,,150047.8450673688,61.0,0.9914885696974218,61,50000,1,twitter_cluster15-c29aa7cb1598ec2b7411866a01525a22,2.5646669010725986e-08,2.5646669010725986e-08,
twitter_cluster15,5263841494,0.01,1,8573,marginal-hits,LRU,,131826.36049358395,103980.0,0.9915213790060222,103980,50000,1,twitter_cluster15-ba37f109dea8ed04b9e570b5a2fa6f50,-3.278366193137927e-05,-3.278366193137927e-05,
twitter_cluster15,5263841494,0.01,1,8573,free-mem,LRU2Q,,160249.49439164216,1.0,0.99148859496414,1,50000,1,twitter_cluster15-6a2aa599f1572d41db532a7cb7f45859,-1.3298271372974568e-09,3.799508485613501e-10,
twitter_cluster15,5263841494,0.01,1,8573,tail-age,LRU2Q,,162248.8754391264,3.0,0.9914885907846828,3,50000,1,twitter_cluster15-6470bf196d828b051219c8a8ba1342c6,2.8496300874536473e-09,4.559408073312454e-09,
twitter_cluster15,5263841494,0.01,1,8573,marginal-hits,LRU2Q,warm-cold,127372.45835375944,60782.0,0.9915214371384716,60782,50000,1,twitter_cluster15-78760519651ed95d668aae48cfd9fb19,-3.2843504158774905e-05,-3.284179438078905e-05,
twitter_cluster15,5263841494,0.01,1,8573,marginal-hits,LRU2Q,cold,194603.43827895925,55824.0,0.9915193559587834,55824,50000,1,twitter_cluster15-755687ace0a7326a10b8a92c03d6bac6,-3.0762324470523517e-05,-3.076061469253766e-05,
twitter_cluster15,5263841494,0.01,1,8573,marginal-hits-tuned,LRU2Q,warm-cold,152616.86226110204,1.0,0.9914885947741648,1,50000,1,twitter_cluster15-df8b4288f6edc7ed47b439d974b08a96,-1.139851990572538e-09,5.69925995286269e-10,3.284236430678433e-05
twitter_cluster15,5263841494,0.01,1,8573,disabled,LRU2Q,,119629.227770153,,0.9914885936343129,0,50000,52,twitter_cluster15-ee33af45a2b5915a2f0bc4d335d91dd4,0.0,1.709777985858807e-09,
twitter_cluster15,5263841494,0.01,1,8573,marginal-hits-tuned,LRU2Q,cold,138029.81091817457,1.0,0.9914885947741648,1,50000,1,twitter_cluster15-4b6055c062a418aeb2d268b0d421a9f6,-1.139851990572538e-09,5.69925995286269e-10,3.0761184618532944e-05
twitter_cluster15,5263841494,0.01,1,8573,hits,LRU2Q,,175252.62961295043,61.0,0.9914885683675946,61,50000,1,twitter_cluster15-55aa326f0a324402374e202e4c50906a,2.526671827318694e-08,2.6976496259045746e-08,
twitter_cluster15,5263841494,0.01,1,8573,hits,TINYLFU,,127079.90094752824,61.0,0.9914899544275676,61,50000,1,twitter_cluster15-9558ecc9501d0bd28e5c53586ad6935f,6.079210423948211e-08,-1.359083476759615e-06,
twitter_cluster15,5263841494,0.01,1,8573,tail-age,TINYLFU,,140289.76282786473,35036.0,0.9914902160235908,35036,50000,1,twitter_cluster15-626d82c94e3b70c53d12d85d565591ce,-2.0080391893717575e-07,-1.6206794999362728e-06,
twitter_cluster15,5263841494,0.01,1,8573,marginal-hits-tuned,TINYLFU,,118842.34198617072,1.0,0.9914900180693016,1,50000,1,twitter_cluster15-05980619d9a13dec99d84e82141f1107,-2.84962975438674e-09,-1.4227252107534838e-06,0.0004475167048030304
twitter_cluster15,5263841494,0.01,1,8573,disabled,TINYLFU,,102793.6419236082,,0.9914900152196718,0,50000,52,twitter_cluster15-bb4c392ab5e5151288e142742e87f094,0.0,-1.419875580999097e-06,
twitter_cluster15,5263841494,0.01,1,8573,marginal-hits,TINYLFU,,154216.20111811516,87314.0,0.9919375347741046,87314,50000,1,twitter_cluster15-50125e401da02c8dfe3f0b4b1539e691,-0.0004475195544327848,-0.0004489394300137839,
twitter_cluster15,5263841494,0.01,1,8573,free-mem,TINYLFU,,112765.72526137248,1.0,0.9914899998316704,1,50000,1,twitter_cluster15-64ca99f64b697a160369426079bf676d,1.5388001428640052e-08,-1.404487579570457e-06,
twitter_cluster15,5263841494,0.1,1,85728,free-mem,LRU2Q,,13143.646408149649,,0.9920452485165776,0,50000,0,twitter_cluster15-1049d2608823611d3a94047eaae4f44c,,,
twitter_cluster15,5263841494,0.1,1,85728,marginal-hits-tuned,LRU2Q,cold,14164.799589384327,,0.9920579709633648,0,50000,0,twitter_cluster15-04648ec3684388841b38fe8c7fcbc85a,,,
twitter_cluster15,5263841494,0.1,1,85728,marginal-hits,LRU2Q,warm-cold,13169.269879482516,13339.0,0.9920650764908842,13339,50000,0,twitter_cluster15-ff2428e666055ee48950612315085045,,,
twitter_cluster16,10791885322,0.1,1,134,hits,LRU,,442910.0449943375,60.0,0.0637979714810761,60,50000,1,twitter_cluster16-4d8dcf50268d0a9a34c4c028d7eb9195,0.004830394731283091,0.004830394731283091,
twitter_cluster16,10791885322,0.1,1,134,marginal-hits,LRU,,427321.8908178972,193646.0,0.0759374928984257,193646,50000,1,twitter_cluster16-e7f9d1bd2388781b21d878cc06fa971e,-0.007309126686066508,-0.007309126686066508,
twitter_cluster16,10791885322,0.1,1,134,tail-age,LRU,,464186.210296876,140.0,0.0640032197703147,140,50000,1,twitter_cluster16-c2bcc4060f2d0cd46e7aba1352e2ec35,0.004625146442044495,0.004625146442044495,
twitter_cluster16,10791885322,0.1,1,134,marginal-hits-tuned,LRU,,443111.2657050465,401.0,0.0633184613819972,401,50000,1,twitter_cluster16-f1f4641bd1178fd0c4aa84c04fbde23b,0.005309904830361992,0.005309904830361992,0.0126190315164285
twitter_cluster16,10791885322,0.1,1,134,free-mem,LRU,,511165.01673441,1.0,0.0687143439606687,1,50000,1,twitter_cluster16-8edd2d53cad0f585fbc9dda16f1f2bac,-8.597774830949867e-05,-8.597774830949867e-05,
twitter_cluster16,10791885322,0.1,1,134,disabled,LRU,,520058.2769544454,,0.0686283662123592,0,50000,259,twitter_cluster16-f63e7ce1ba618faecbd81e8db330ed86,0.0,0.0,
twitter_cluster16,10791885322,0.1,1,134,tail-age,LRU2Q,,389266.9320923031,152.0,0.0632036064736085,152,50000,1,twitter_cluster16-0fb4548f84e3b91a7dee41acf218bc2c,0.0019374438641760056,0.005424759738750701,
twitter_cluster16,10791885322,0.1,1,134,marginal-hits,LRU2Q,cold,427226.40923512005,187933.0,0.0753122962067739,187933,50000,1,twitter_cluster16-e9c71f13b202c073ebc177bf92787693,-0.010171245868989404,-0.0066839299944147085,
twitter_cluster16,10791885322,0.1,1,134,marginal-hits-tuned,LRU2Q,cold,465141.28642924153,300.0,0.0583145345065037,300,50000,1,twitter_cluster16-f6b0dd15e576b42f1b7163308be6ecde,0.006826515831280799,0.010313831705855495,0.016997761700270203
twitter_cluster16,10791885322,0.1,1,134,disabled,LRU2Q,,482945.1951711914,,0.0651410503377845,0,50000,259,twitter_cluster16-caa5d3daa925bfcd39a617a09ebe687a,0.0,0.003487315874574695,
twitter_cluster16,10791885322,0.1,1,134,free-mem,LRU2Q,,419032.2189192184,1.0,0.06523040404858,1,50000,1,twitter_cluster16-0b33de7879989664f292ca44cb09c917,-8.935371079550614e-05,0.003397962163779189,
twitter_cluster16,10791885322,0.1,1,134,marginal-hits-tuned,LRU2Q,warm-cold,520016.2957098098,312.0,0.0587892782465577,312,50000,1,twitter_cluster16-41140fc0ba05591f03f0cafb677cd8e1,0.0063517720912268025,0.009839087965801498,0.01606738635801821
twitter_cluster16,10791885322,0.1,1,134,hits,LRU2Q,,441022.6337433528,326.0,0.0594636362278424,326,50000,1,twitter_cluster16-7186174dead164c8b96f7466900a2047,0.005677414109942103,0.009164729984516798,
twitter_cluster16,10791885322,0.1,1,134,marginal-hits,LRU2Q,warm-cold,505037.8376232252,169636.0,0.0748566646045759,169636,50000,1,twitter_cluster16-f3d0befafbb1b115cbe31bb070738d87,-0.009715614266791406,-0.006228298392216711,
twitter_cluster16,10791885322,0.1,1,134,disabled,TINYLFU,,354136.8846931657,,0.068749626025724,0,50000,259,twitter_cluster16-1b725ad0c8023af315f7604d94e6655d,0.0,-0.00012125981336480463,
twitter_cluster16,10791885322,0.1,1,134,marginal-hits-tuned,TINYLFU,,442897.8727888052,299.0,0.0633819947665303,299,50000,1,twitter_cluster16-cd830a2a7afd456d2c4f5a77adaea1fb,0.005367631259193706,0.005246371445828901,0.01246405266425421
twitter_cluster16,10791885322,0.1,1,134,free-mem,TINYLFU,,399544.9576602599,1.0,0.0688321749014226,1,50000,1,twitter_cluster16-fefb92ca65db72e58858678d1bc34bf7,-8.25488756985987e-05,-0.00020380868906340333,
twitter_cluster16,10791885322,0.1,1,134,tail-age,TINYLFU,,377762.5963317599,34065.0,0.0682013133052453,34065,50000,1,twitter_cluster16-b6b7e12390779e8d67adbfe9313abf42,0.0005483127204786997,0.0004270529071138951,
twitter_cluster16,10791885322,0.1,1,134,hits,TINYLFU,,622196.3276560189,233.0,0.0637191128780973,233,50000,1,twitter_cluster16-0e5e37adcfe04a55f7bf01a334c2dc58,0.005030513147626703,0.004909253334261898,
twitter_cluster16,10791885322,0.1,1,134,marginal-hits,TINYLFU,,426519.4392672296,193565.0,0.0758460474307845,193565,50000,1,twitter_cluster16-16a7c25ffe948fcc5e7c8a19581fd932,-0.0070964214050605046,-0.007217681218425309,
twitter_cluster17,9772999471,0.1,1,160,hits,LRU,,529268.4730140046,248.0,0.0170671954393273,248,50000,0,twitter_cluster17-d1c3e498e5498d11ef897fbd8b928db9,-0.0006251892285608004,-0.0006251892285608004,
twitter_cluster17,9772999471,0.1,1,160,marginal-hits,LRU,,537523.0245200709,187642.0,0.0216304886362967,187642,50000,0,twitter_cluster17-d7a6e598712dd78037c131887a152603,-0.005188482425530199,-0.005188482425530199,
twitter_cluster17,9772999471,0.1,1,160,free-mem,LRU,,439947.47084794857,,0.0164420062107665,0,50000,0,twitter_cluster17-0a4956d39677a151f6116e4c67389198,0.0,0.0,
twitter_cluster17,9772999471,0.1,1,160,tail-age,LRU,,502583.5949262136,11.0,0.016854712362237,11,50000,0,twitter_cluster17-b78f16e7ab0d91779a509c13733a4478,-0.0004127061514705016,-0.0004127061514705016,
twitter_cluster17,9772999471,0.1,1,160,marginal-hits-tuned,LRU,,538246.0973896391,133.0,0.0162830181739196,133,50000,0,twitter_cluster17-a28e392a3333a7673190b40a9aa62761,0.00015898803684689933,0.00015898803684689933,0.005347470462377098
twitter_cluster17,9772999471,0.1,1,160,disabled,LRU,,538396.1789113622,,0.0164420062107665,0,50000,0,twitter_cluster17-5dc533dfc7f5617512779b70a493ce6f,0.0,0.0,
twitter_cluster17,9772999471,0.1,1,160,marginal-hits-tuned,LRU2Q,warm-cold,502546.4561644667,150.0,0.0158415319124291,150,50000,0,twitter_cluster17-c3a79b57e1cf9318f888a06caae88d84,-0.00013793666969899934,0.0006004742983374001,0.005985669105332998
twitter_cluster17,9772999471,0.1,1,160,marginal-hits-tuned,LRU2Q,cold,502661.7169269021,104.0,0.0148451747521843,104,50000,0,twitter_cluster17-ada823c23c45b4010bae19ca2bebc0fe,0.0008584204905458005,0.0015968314585822,0.005851330205193201
twitter_cluster17,9772999471,0.1,1,160,tail-age,LRU2Q,,557911.5142365018,250.0,0.0160991196681095,250,50000,0,twitter_cluster17-1988e26a1b252f3b816b5d2c4e68106b,-0.00039552442537939964,0.0003428865426569998,
twitter_cluster17,9772999471,0.1,1,160,marginal-hits,LRU2Q,cold,502713.3964032985,193829.0,0.0206965049573775,193829,50000,0,twitter_cluster17-4ff3f45f78169c17ea87f0f5f94bf370,-0.0049929097146474005,-0.004254498746611001,
twitter_cluster17,9772999471,0.1,1,160,marginal-hits,LRU2Q,warm-cold,522898.02469772747,179289.0,0.0218272010177621,179289,50000,0,twitter_cluster17-fcd6a0ab3f61d8611d4822d09191c16e,-0.006123605775031998,-0.005385194806995598,
twitter_cluster17,9772999471,0.1,1,160,free-mem,LRU2Q,,558320.3644658639,,0.0157035952427301,0,50000,0,twitter_cluster17-a22880b45616174db10e01c15e3597e0,0.0,0.0007384109680363994,
twitter_cluster17,9772999471,0.1,1,160,disabled,LRU2Q,,559312.7106394917,,0.0157035952427301,0,50000,0,twitter_cluster17-6d46f85d6f7e8d296d2d4a58c2942757,0.0,0.0007384109680363994,
twitter_cluster17,9772999471,0.1,1,160,hits,LRU2Q,,538362.536172938,253.0,0.0161210700427756,253,50000,0,twitter_cluster17-2a03b6577eec41837cfe9fd072d0fbf1,-0.0004174748000454996,0.0003209361679908998,
twitter_cluster17,9772999471,0.1,1,160,free-mem,TINYLFU,,502368.3925689186,,0.0163962594570368,0,50000,0,twitter_cluster17-cffa4a26cfbf6553764ff06b132b9fc0,0.0,4.574675372969947e-05,
twitter_cluster17,9772999471,0.1,1,160,marginal-hits,TINYLFU,,440817.63455442095,187555.0,0.0216175291553947,187555,50000,0,twitter_cluster17-1d5b40f2355428498f0d935f8b827318,-0.0052212696983579,-0.0051755229446282,
twitter_cluster17,9772999471,0.1,1,160,hits,TINYLFU,,557879.8588197081,192.0,0.0168661928703792,192,50000,0,twitter_cluster17-49d9cb8b18387d54e953cefdc6354532,-0.00046993341334240074,-0.00042418665961270127,
twitter_cluster17,9772999471,0.1,1,160,marginal-hits-tuned,TINYLFU,,499521.1493845367,145.0,0.0161461441257863,145,50000,0,twitter_cluster17-eba136674b518e4ef47b847902dc7827,0.0002501153312505014,0.00029586208498020086,0.005471385029608401
twitter_cluster17,9772999471,0.1,1,160,disabled,TINYLFU,,502734.204417186,,0.0163962594570368,0,50000,0,twitter_cluster17-c5e6c3f36b3435e6593800da52163459,0.0,4.574675372969947e-05,
twitter_cluster17,9772999471,0.1,1,160,tail-age,TINYLFU,,407061.6148107802,5000.0,0.017434607512832,5000,50000,0,twitter_cluster17-209d4633fedac5de684f009a0b3506ae,-0.0010383480557951998,-0.0009926013020655003,
twitter_cluster18,13062209198,0.1,1,86,tail-age,LRU,,643322.7797886853,12.0,0.0459887907852507,12,50000,1,twitter_cluster18-b1e8dc1b35a007a2a3b02d1dfc4dece2,-0.00011743595411369684,-0.00011743595411369684,
twitter_cluster18,13062209198,0.1,1,86,hits,LRU,,651678.7088395538,7.0,0.0461093145018852,7,50000,1,twitter_cluster18-050409448f88d988607ad692b292f687,-0.00023795967074819596,-0.00023795967074819596,
twitter_cluster18,13062209198,0.1,1,86,marginal-hits-tuned,LRU,,654424.663229433,226.0,0.0511054980731904,226,50000,1,twitter_cluster18-6e674d8e1282de3acd631f1e3afa16ad,-0.005234143242053395,-0.005234143242053395,0.012265684278317299
twitter_cluster18,13062209198,0.1,1,86,disabled,LRU,,618215.9019960884,,0.045871354831137,0,50000,7170,twitter_cluster18-96677163b26ec57a4636cfcb6ce32790,0.0,0.0,
twitter_cluster18,13062209198,0.1,1,86,free-mem,LRU,,647043.768871279,1.0,0.0462627492669865,1,50000,1,twitter_cluster18-0b72bf56fef15972e6103292d13cab03,-0.0003913944358494986,-0.0003913944358494986,
twitter_cluster18,13062209198,0.1,1,86,marginal-hits,LRU,,670104.7177950148,249020.0,0.0633711823515077,249020,50000,1,twitter_cluster18-65246e061231a7b1e8fbfdca82a8c47f,-0.017499827520370694,-0.017499827520370694,
twitter_cluster18,13062209198,0.1,1,86,tail-age,LRU2Q,,658429.639507671,344.0,0.0443218543834563,344,50000,1,twitter_cluster18-87b9c7a66a646bcad12fbce5031078e1,-0.0012265657942803002,0.0015495004476807003,
twitter_cluster18,13062209198,0.1,1,86,disabled,LRU2Q,,622869.1652444103,,0.043095288589176,0,50000,7170,twitter_cluster18-930765dbfe8fefeba41b56872b370b76,0.0,0.0027760662419610005,
twitter_cluster18,13062209198,0.1,1,86,marginal-hits,LRU2Q,cold,620217.9290941982,204069.0,0.0585447695262061,204069,50000,1,twitter_cluster18-3089df4e3bb11ff0d9a4cd6938e98263,-0.015449480937030101,-0.0126734146950691,
twitter_cluster18,13062209198,0.1,1,86,marginal-hits-tuned,LRU2Q,warm-cold,652637.0283209541,180.0,0.0438665412806076,180,50000,1,twitter_cluster18-ac42ab20789b80a04f3b9d913210525c,-0.0007712526914315995,0.002004813550529401,0.017260690024358295
twitter_cluster18,13062209198,0.1,1,86,hits,LRU2Q,,578908.9955234267,5.0,0.0433297500767832,5,50000,1,twitter_cluster18-1944c0c7b295c2c035db07710f28e1f0,-0.00023446148760719598,0.0025416047543538045,
twitter_cluster18,13062209198,0.1,1,86,marginal-hits,LRU2Q,warm-cold,596560.3966359842,186503.0,0.0611272313049659,186503,50000,1,twitter_cluster18-db71316b944035e88108efcf282ec7c3,-0.018031942715789895,-0.015255876473828894,
twitter_cluster18,13062209198,0.1,1,86,marginal-hits-tuned,LRU2Q,cold,674477.1651643363,179.0,0.0431647913804909,179,50000,1,twitter_cluster18-c9efaea9115173d5803422238aa77cf5,-6.950279131489462e-05,0.002706563450646106,0.015379978145715206
twitter_cluster18,13062209198,0.1,1,86,free-mem,LRU2Q,,744112.5813713386,1.0,0.0434640055440949,1,50000,1,twitter_cluster18-d3f4fb915837819812edd455b364f04f,-0.000368716954918899,0.0024073492870421015,
twitter_cluster18,13062209198,0.1,1,86,hits,TINYLFU,,585715.7879556663,5.0,0.0461918590380855,5,50000,1,twitter_cluster18-81a988b389ce13835ca51c23ade44f90,-0.00023756226477179843,-0.00032050420694849924,
twitter_cluster18,13062209198,0.1,1,86,tail-age,TINYLFU,,575879.6763280334,20954.0,0.049647242374536,20954,50000,1,twitter_cluster18-e9ef0233fc3db9feaf2b82cab2c394cd,-0.003692945601222297,-0.003775887543398998,
twitter_cluster18,13062209198,0.1,1,86,disabled,TINYLFU,,672972.0847200823,,0.0459542967733137,0,50000,7170,twitter_cluster18-96fabe1b4c5702b653413056efedb88b,0.0,-8.294194217670081e-05,
twitter_cluster18,13062209198,0.1,1,86,marginal-hits,TINYLFU,,623175.3575303798,249100.0,0.0633987705637724,249100,50000,1,twitter_cluster18-dc1ee83369f9eed956143cdf5fa3c8a7,-0.017444473790458694,-0.017527415732635394,
twitter_cluster18,13062209198,0.1,1,86,marginal-hits-tuned,TINYLFU,,622467.769020589,276.0,0.0505500273338984,276,50000,1,twitter_cluster18-0fab6afdcfd03fd98a347cacc41e43fc,-0.004595730560584696,-0.004678672502761397,0.012848743229873998
twitter_cluster18,13062209198,0.1,1,86,free-mem,TINYLFU,,591702.1839632994,1.0,0.0463490609301141,1,50000,1,twitter_cluster18-94ac05555a22803c3727b27912eca934,-0.0003947641568003979,-0.0004777060989770987,
twitter_cluster19,2006896318,0.01,1,300,disabled,LRU,,391352.3415452043,,0.5759394013697124,0,50000,51,twitter_cluster19-05d7d95835ed39fde1a58862cab56a78,0.0,0.0,
twitter_cluster19,2006896318,0.01,1,300,tail-age,LRU,,392142.7636229534,574.0,0.5158756043918359,574,50000,2,twitter_cluster19-2fdb1903887f8e15a7306479bd6ce8a7,0.06006379697787656,0.06006379697787656,
twitter_cluster19,2006896318,0.01,1,300,marginal-hits-tuned,LRU,,353443.1906567582,782.0,0.5084005480745518,782,50000,2,twitter_cluster19-88b7e59c2e7e3cd50b0d6792588c24be,0.06753885329516063,0.06753885329516063,0.0004929766381682743
twitter_cluster19,2006896318,0.01,1,300,free-mem,LRU,,282764.09181729145,1.0,0.5759581656674304,1,50000,2,twitter_cluster19-f31dd0bbb0eafacf2560f6d995624ad7,-1.876429771796584e-05,-1.876429771796584e-05,
twitter_cluster19,2006896318,0.01,1,300,marginal-hits,LRU,,301578.74872392154,40066.0,0.5088935247127201,40066,50000,2,twitter_cluster19-4cd771af01e20a9bf8c6a2bdfc3151b1,0.06704587665699235,0.06704587665699235,
twitter_cluster19,2006896318,0.01,1,300,hits,LRU,,393671.1002841262,550.0,0.5117491435848057,550,50000,2,twitter_cluster19-eabda61fbc0600d81d417541271f5c25,0.06419025778490672,0.06419025778490672,
twitter_cluster19,2006896318,0.01,1,300,marginal-hits-tuned,LRU2Q,cold,345205.193092732,2020.0,0.5000927755949971,2020,50000,2,twitter_cluster19-0c1d60012c3d42f21988bd5f7d233bb1,0.05917114797357459,0.07584662577471535,0.01188547349759006
twitter_cluster19,2006896318,0.01,1,300,marginal-hits,LRU2Q,warm-cold,296435.6026984203,40018.0,0.5164300386144811,40018,50000,2,twitter_cluster19-5df7fbf32ad96ddc7a1d20fac79a04c4,0.04283388495409057,0.05950936275523133,
twitter_cluster19,2006896318,0.01,1,300,hits,LRU2Q,,296381.6138623101,413.0,0.5127917799089808,413,50000,2,twitter_cluster19-c925be526153e5125e3ba10c3158297a,0.04647214365959085,0.0631476214607316,
twitter_cluster19,2006896318,0.01,1,300,marginal-hits-tuned,LRU2Q,warm-cold,338109.6851005388,3075.0,0.5041942993888138,3075,50000,2,twitter_cluster19-97d0a130316ec634231d946ab3d223aa,0.055069624179757914,0.07174510198089867,0.012235739225667341
twitter_cluster19,2006896318,0.01,1,300,marginal-hits,LRU2Q,cold,293465.4988517241,40033.0,0.5119782490925872,40033,50000,2,twitter_cluster19-15125ffe2be6e7be912e82c0608e7c4c,0.04728567447598453,0.06396115227712529,
twitter_cluster19,2006896318,0.01,1,300,tail-age,LRU2Q,,345101.585112938,910.0,0.5186813163508929,910,50000,2,twitter_cluster19-355be6a14cfd84e5da2e85be335cabbd,0.04058260721767881,0.05725808501881957,
twitter_cluster19,2006896318,0.01,1,300,free-mem,LRU2Q,,392095.1387097158,1.0,0.5592819573851049,1,50000,2,twitter_cluster19-f9967bcb2012aa61d0dcef99f847e2b4,-1.8033816533202796e-05,0.016657443984607556,
twitter_cluster19,2006896318,0.01,1,300,disabled,LRU2Q,,355364.0704782525,,0.5592639235685717,0,50000,51,twitter_cluster19-385499bb3156d9cf579b369c6af832de,0.0,0.01667547780114076,
twitter_cluster19,2006896318,0.01,1,300,free-mem,TINYLFU,,284570.2820943355,1.0,0.5681423324032427,1,50000,2,twitter_cluster19-0ff20ef21e3f18968f2ea3c2ba025fa3,-2.3088387568592772e-05,0.0077970689664697,
twitter_cluster19,2006896318,0.01,1,300,marginal-hits-tuned,TINYLFU,,255834.69297756796,2731.0,0.4942269553757784,2731,50000,2,twitter_cluster19-a3ae1a7371f9a16f07911a4a598a23ff,0.07389228863989578,0.08171244599393407,0.006919095359065819
twitter_cluster19,2006896318,0.01,1,300,marginal-hits,TINYLFU,,242825.59309380603,40068.0,0.5011460507348442,40068,50000,2,twitter_cluster19-aa103f48a9d87adc3768e39cb04bde32,0.06697319328082996,0.07479335063486825,
twitter_cluster19,2006896318,0.01,1,300,disabled,TINYLFU,,324130.2656832301,,0.5681192440156742,0,50000,51,twitter_cluster19-248fc5d7dda2dd0f874800ac7b1392be,0.0,0.007820157354038293,
twitter_cluster19,2006896318,0.01,1,300,tail-age,TINYLFU,,281289.6684900596,17246.0,0.4958485932106832,17246,50000,2,twitter_cluster19-593ba3cb0e1821f7332e551c69ce7bbc,0.07227065080499095,0.08009080815902925,
twitter_cluster19,2006896318,0.01,1,300,hits,TINYLFU,,259553.89782323825,381.0,0.495208971228976,381,50000,2,twitter_cluster19-83ec4a8ca57c94a3bc5751f3df6b4caf,0.07291027278669815,0.08073043014073644,
twitter_cluster19,2006896318,0.1,1,2993,marginal-hits,LRU,,285964.3819179853,35872.0,0.2555613976665833,35872,50000,0,twitter_cluster19-a52b68867aecd758f3d787ae2d26e71e,-0.012144096723585712,-0.012144096723585712,
twitter_cluster19,2006896318,0.1,1,2993,free-mem,LRU,,288666.41409474384,,0.2434173009429976,0,50000,0,twitter_cluster19-aeb896955462059eab948e6a930d637e,0.0,0.0,
twitter_cluster19,2006896318,0.1,1,2993,tail-age,LRU,,226854.3974935468,1197.0,0.2348694612533541,1197,50000,0,twitter_cluster19-bb83042dd8d761a2a4c16bc647304265,0.00854783968964351,0.00854783968964351,
twitter_cluster19,2006896318,0.1,1,2993,marginal-hits-tuned,LRU,,236935.4655411934,731.0,0.2349174059324772,731,50000,0,twitter_cluster19-6a857c60eaedfa393ddd7f74f86686fc,0.008499895010520397,0.008499895010520397,0.02064399173410611
twitter_cluster19,2006896318,0.1,1,2993,hits,LRU,,306345.7174975447,1314.0,0.2351612451361326,1314,50000,0,twitter_cluster19-0aeae9763a32c2b610ba5c6c38df113e,0.008256055806865004,0.008256055806865004,
twitter_cluster19,2006896318,0.1,1,2993,disabled,LRU,,256018.45922614244,,0.2434173009429976,0,50000,0,twitter_cluster19-c107e5228bded5e6044a9f9faf1114dc,0.0,0.0,
twitter_cluster19,2006896318,0.1,1,2993,disabled,LRU2Q,,285097.66090875166,,0.2439901113018036,0,50000,0,twitter_cluster19-cbd8e31ad3e2f3c95866ba75838dda65,0.0,-0.0005728103588059918,
twitter_cluster19,2006896318,0.1,1,2993,marginal-hits,LRU2Q,cold,274744.7716850552,37007.0,0.2570953613160199,37007,50000,0,twitter_cluster19-46f6bbcfbe3fad2ba5e83623322a5806,-0.013105250014216308,-0.0136780603730223,
twitter_cluster19,2006896318,0.1,1,2993,tail-age,LRU2Q,,187797.6649988617,1084.0,0.2370056951791168,1084,50000,0,twitter_cluster19-238ba8a168de8fee872e510ac4531c78,0.0069844161226867985,0.006411605763880807,
twitter_cluster19,2006896318,0.1,1,2993,marginal-hits-tuned,LRU2Q,cold,255442.6068662754,770.0,0.2360258159584704,770,50000,0,twitter_cluster19-2afe833f48ab37833b9c52e9f0117e17,0.007964295343333205,0.0073914849845272135,0.021069545357549513
twitter_cluster19,2006896318,0.1,1,2993,marginal-hits,LRU2Q,warm-cold,236902.87131951604,35150.0,0.2561827765533824,35150,50000,0,twitter_cluster19-2d3877d13e911781c90709dfd2751596,-0.012192665251578805,-0.012765475610384797,
twitter_cluster19,2006896318,0.1,1,2993,free-mem,LRU2Q,,307168.76885552175,,0.2439901113018036,0,50000,0,twitter_cluster19-af7bafca72818dd5631516c1154e6fca,0.0,-0.0005728103588059918,
twitter_cluster19,2006896318,0.1,1,2993,marginal-hits-tuned,LRU2Q,warm-cold,305435.2396556114,547.0,0.2371068329400363,547,50000,0,twitter_cluster19-de9bededa55fe815c956dfe26cdfbaa4,0.006883278361767303,0.006310468002961311,0.019075943613346108
twitter_cluster19,2006896318,0.1,1,2993,hits,LRU2Q,,236745.58508134529,1309.0,0.2363623151557349,1309,50000,0,twitter_cluster19-9e9892ccf8479c7c9b1dce0bc2a80c83,0.007627796146068705,0.007054985787262713,
twitter_cluster19,2006896318,0.1,1,2993,marginal-hits-tuned,TINYLFU,,221001.44186283107,886.0,0.2558800688377166,886,50000,0,twitter_cluster19-d9f1d90d8cd6b9146c64e3298050fe4b,0.01353176831131142,-0.012462767894718979,0.007890339853620698
twitter_cluster19,2006896318,0.1,1,2993,disabled,TINYLFU,,168622.44642241264,,0.269411837149028,0,50000,0,twitter_cluster19-db2a86caca2f1ddafb27390426758c4f,0.0,-0.0259945362060304,
twitter_cluster19,2006896318,0.1,1,2993,marginal-hits,TINYLFU,,212804.01228660648,36101.0,0.2637704086913373,36101,50000,0,twitter_cluster19-6530d44dabec914335aec4931d97e71c,0.0056414284576907225,-0.020353107748339677,
twitter_cluster19,2006896318,0.1,1,2993,free-mem,TINYLFU,,152958.4924721645,,0.269411837149028,0,50000,0,twitter_cluster19-b63d2535fccb7786c92924cd8c5c532f,0.0,-0.0259945362060304,
twitter_cluster19,2006896318,0.1,1,2993,hits,TINYLFU,,193819.83523166203,1278.0,0.2552770376850131,1278,50000,0,twitter_cluster19-1d57974a6560ac12288ba31b190f78b7,0.014134799464014913,-0.011859736742015486,
twitter_cluster19,2006896318,0.1,1,2993,tail-age,TINYLFU,,232200.16809757677,10738.0,0.2540682134033393,10738,50000,0,twitter_cluster19-eb43aac1fa43258b188640506c5ec78d,0.015343623745688706,-0.010650912460341694,
twitter_cluster20,3663259123,0.01,1,107,marginal-hits-tuned,LRU,,699820.1451673643,433.0,0.0710581990680543,433,50000,10,twitter_cluster20-7cb1bf97d53b245b7ff284b3f7f91955,-0.0005351816331231052,-0.0005351816331231052,0.005920555514030396
twitter_cluster20,3663259123,0.01,1,107,free-mem,LRU,,660029.0611863998,9.0,0.0710038253551085,9,50000,10,twitter_cluster20-5d59652170940215c6d2f1e4d5d7ff20,-0.0004808079201773091,-0.0004808079201773091,
twitter_cluster20,3663259123,0.01,1,107,marginal-hits,LRU,,592935.1080950882,68865.0,0.0769787545820847,68865,50000,6,twitter_cluster20-9f87facbd910d5668c55728c54669783,-0.006455737147153501,-0.006455737147153501,
twitter_cluster20,3663259123,0.01,1,107,tail-age,LRU,,716427.1875108521,95.0,0.0709794672638559,95,50000,10,twitter_cluster20-3fb2d6fb5f6371e8acdd373ad4f6cdfb,-0.0004564498289247043,-0.0004564498289247043,
twitter_cluster20,3663259123,0.01,1,107,hits,LRU,,769248.5854795403,321.0,0.071224007431483,321,50000,10,twitter_cluster20-b85f186a1dfc780ba9f7fb39ee0ab0af,-0.0007009899965517985,-0.0007009899965517985,
twitter_cluster20,3663259123,0.01,1,107,disabled,LRU,,584412.6145162049,,0.0705230174349312,0,50000,263,twitter_cluster20-0cc85ca306cc7bbe9ea3e9c073ea5798,0.0,0.0,
twitter_cluster20,3663259123,0.01,1,107,hits,LRU2Q,,577853.1514722776,323.0,0.0674220631702771,323,50000,10,twitter_cluster20-94f6e6155a92aa6c09c3430a99d52c3e,-0.0008241251570344083,0.0031009542646540933,
twitter_cluster20,3663259123,0.01,1,107,tail-age,LRU2Q,,518775.16263191897,18.0,0.0669625013583839,18,50000,10,twitter_cluster20-600ac7d6488f2dee8b6c4a3618e33aaf,-0.0003645633451412056,0.003560516076547296,
twitter_cluster20,3663259123,0.01,1,107,marginal-hits-tuned,LRU2Q,cold,651076.0542970463,636.0,0.0675069247619805,636,50000,10,twitter_cluster20-c7cecde601b0c5b590b392dd131b7e25,-0.0009089867487378084,0.003016092672950693,0.009537953179622805
twitter_cluster20,3663259123,0.01,1,107,marginal-hits,LRU2Q,cold,652635.7310259948,67549.0,0.0770448779416033,67549,50000,5,twitter_cluster20-f1e00073bee8f9630e68fecb92d2d415,-0.010446939928360613,-0.006521860506672111,
twitter_cluster20,3663259123,0.01,1,107,marginal-hits-tuned,LRU2Q,warm-cold,649366.9382210921,349.0,0.0670874783214182,349,50000,10,twitter_cluster20-280e508940bc859d3d01e145130b012d,-0.0004895403081755095,0.003435539113512992,0.009921766323271894
twitter_cluster20,3663259123,0.01,1,107,disabled,LRU2Q,,585477.1059047151,,0.0665979380132427,0,50000,263,twitter_cluster20-83f910800f01fb6de7108ab9dbee9c25,0.0,0.0039250794216885015,
twitter_cluster20,3663259123,0.01,1,107,free-mem,LRU2Q,,574139.195015216,9.0,0.0670901393398372,9,50000,10,twitter_cluster20-95b682d1d0a42a417351a1c4356a8623,-0.0004922013265944991,0.0034328780950940024,
twitter_cluster20,3663259123,0.01,1,107,marginal-hits,LRU2Q,warm-cold,652011.088646733,62365.0,0.0770092446446901,62365,50000,10,twitter_cluster20-3394ce1e90f28a2748ca34891dc7ea88,-0.010411306631447403,-0.006486227209758902,
twitter_cluster20,3663259123,0.01,1,107,free-mem,TINYLFU,,685383.5593699242,9.0,0.0694748622618799,9,50000,10,twitter_cluster20-bb926be64caade6eb51a64a02550d622,-0.0003974684703188097,0.0010481551730512906,
twitter_cluster20,3663259123,0.01,1,107,hits,TINYLFU,,718873.8239124638,311.0,0.0696872728432429,311,50000,10,twitter_cluster20-9757affc33a598bb08a7c02910a592eb,-0.0006098790516818053,0.000835744591688295,
twitter_cluster20,3663259123,0.01,1,107,marginal-hits-tuned,TINYLFU,,568100.967875904,549.0,0.0694461528540906,549,50000,10,twitter_cluster20-a79b67da8af852663b8b83ec80a59e7e,-0.00036875906252950563,0.0010768645808405947,0.007477475679516593
twitter_cluster20,3663259123,0.01,1,107,disabled,TINYLFU,,556618.6471287456,,0.0690773937915611,0,50000,263,twitter_cluster20-cd38ff177c76d95aa9f540dccb2c7d87,0.0,0.0014456236433701003,
twitter_cluster20,3663259123,0.01,1,107,marginal-hits,TINYLFU,,565452.9319810285,68480.0,0.0769236285336072,68480,50000,5,twitter_cluster20-b347c949b9fd908c6e6e5293a2e7ff8b,-0.007846234742046099,-0.006400611098675998,
twitter_cluster20,3663259123,0.01,1,107,tail-age,TINYLFU,,714495.4944662609,12241.0,0.0723503549983515,12241,50000,10,twitter_cluster20-aa2156e988030e615aaf677232b74283,-0.003272961206790409,-0.0018273375634203087,
twitter_cluster20,3663259123,0.1,1,1070,hits,LRU,,543797.1133527652,1004.0,0.0419336672187685,1004,50000,9,twitter_cluster20-04513ac9d44126d51b008bf982f26c82,0.0006238272869238046,0.0006238272869238046,
twitter_cluster20,3663259123,0.1,1,1070,disabled,LRU,,580538.4297134716,,0.0425574945056923,0,50000,24,twitter_cluster20-4ce354185d5255ecbdb0497f81e3e2b0,0.0,0.0,
twitter_cluster20,3663259123,0.1,1,1070,marginal-hits-tuned,LRU,,555864.0488100579,200.0,0.041981948815582,200,50000,9,twitter_cluster20-49215c9a47a44780d55680d4e9222c45,0.000575545690110299,0.000575545690110299,0.0059556005369703
twitter_cluster20,3663259123,0.1,1,1070,tail-age,LRU,,527941.0738869141,594.0,0.0421106028321764,594,50000,9,twitter_cluster20-87f92b81c0b9cf9902d1043b7e948e1c,0.00044689167351590064,0.00044689167351590064,
twitter_cluster20,3663259123,0.1,1,1070,free-mem,LRU,,632068.2714291001,8.0,0.042608515739442,8,50000,9,twitter_cluster20-e5fb964667a493c33eb94b23c7b0afb8,-5.102123374969847e-05,-5.102123374969847e-05,
twitter_cluster20,3663259123,0.1,1,1070,marginal-hits,LRU,,587755.0626644482,56202.0,0.0479375493525523,56202,50000,2,twitter_cluster20-d41c415b5525159c4b5e67ff7a86efd6,-0.005380054846860001,-0.005380054846860001,
twitter_cluster20,3663259123,0.1,1,1070,marginal-hits-tuned,LRU2Q,warm-cold,752426.2774598516,1108.0,0.0389582678178455,1108,50000,9,twitter_cluster20-d5b81cb1f82a373489d05d6bc2c68e49,0.00011520342564640129,0.0035992266878468043,0.008194197295936102
twitter_cluster20,3663259123,0.1,1,1070,free-mem,LRU2Q,,629720.2540379136,8.0,0.0391578616700547,8,50000,9,twitter_cluster20-6d3ab0960b9afe1af8c0a5cff7d2e60e,-8.43904265628026e-05,0.0033996328356376004,
twitter_cluster20,3663259123,0.1,1,1070,marginal-hits-tuned,LRU2Q,cold,646238.9776029381,1013.0,0.03906780197487,1013,50000,9,twitter_cluster20-0ad064a1a5e955161eaba81462e2185f,5.669268621895374e-06,0.0034896925308222984,0.009198037558534995
twitter_cluster20,3663259123,0.1,1,1070,disabled,LRU2Q,,645726.8737506331,,0.0390734712434919,0,50000,24,twitter_cluster20-9b5c10f64b08695db52cdb83c583eb8e,0.0,0.003484023262200403,
twitter_cluster20,3663259123,0.1,1,1070,hits,LRU2Q,,748985.0662577727,967.0,0.0391025396212464,967,50000,9,twitter_cluster20-5d132f36d6f64d366b9417fcc385f6d1,-2.906837775450144e-05,0.0034549548844459016,
twitter_cluster20,3663259123,0.1,1,1070,marginal-hits,LRU2Q,cold,722749.2899476298,54768.0,0.048265839533405,54768,50000,2,twitter_cluster20-e3b4a7ff63b9d26c66671f4854c5d72a,-0.0091923682899131,-0.005708345027712697,
twitter_cluster20,3663259123,0.1,1,1070,marginal-hits,LRU2Q,warm-cold,504098.2839862519,66380.0,0.0471524651137816,66380,50000,2,twitter_cluster20-51b74556b6b90638d0ea2ab489e6dce2,-0.008078993870289701,-0.004594970608089298,
twitter_cluster20,3663259123,0.1,1,1070,tail-age,LRU2Q,,565034.8463462673,341.0,0.0395772445060529,341,50000,9,twitter_cluster20-52aec1a5deae8943aedb263eea51d475,-0.0005037732625609997,0.0029802499996394033,
twitter_cluster20,3663259123,0.1,1,1070,marginal-hits-tuned,TINYLFU,,521675.79954939,370.0,0.0412341835311659,370,50000,9,twitter_cluster20-cfc232f04afb6569092bd47ce5d37e02,0.0008257687754075066,0.0013233109745264052,0.0067015706985793025
twitter_cluster20,3663259123,0.1,1,1070,free-mem,TINYLFU,,496046.1110992517,8.0,0.042104381596049,8,50000,9,twitter_cluster20-fe71ef724ed7bc87f2e37682ec1339fa,-4.442928947559488e-05,0.0004531129096433037,
twitter_cluster20,3663259123,0.1,1,1070,marginal-hits,TINYLFU,,612098.8417997651,56249.0,0.0479357542297452,56249,50000,2,twitter_cluster20-a61b663652e8cbd8e77aaa4e5ce9dab4,-0.005875801923171796,-0.005378259724052897,
twitter_cluster20,3663259123,0.1,1,1070,tail-age,TINYLFU,,522296.18618805707,4640.0,0.0428997031668622,4640,50000,9,twitter_cluster20-d7525cb4fe60f9f874eaf6e558e6eebd,-0.0008397508602887988,-0.0003422086611699002,
twitter_cluster20,3663259123,0.1,1,1070,hits,TINYLFU,,484549.7353410948,1000.0,0.0410335392482144,1000,50000,9,twitter_cluster20-69553dbe947fc12cfe80fac032a4162d,0.001026413058359002,0.0015239552574779006,
twitter_cluster20,3663259123,0.1,1,1070,disabled,TINYLFU,,554619.080610015,,0.0420599523065734,0,50000,24,twitter_cluster20-73cc762390c98d5cb9c586f0e847f500,0.0,0.0004975421991188986,
twitter_cluster21,1550193320,0.01,1,1083,marginal-hits-tuned,LRU,,124711.48477570216,14.0,0.9433507544723518,14,50000,0,twitter_cluster21-312dabd3d1a5a5cf063b04a104c1e26b,-1.83654513485898e-06,-1.83654513485898e-06,2.4113121581570418e-05
twitter_cluster21,1550193320,0.01,1,1083,tail-age,LRU,,124710.3823860922,,0.943348917927217,0,50000,0,twitter_cluster21-3bfb72ead87dda888011b03b92c27aa1,0.0,0.0,
twitter_cluster21,1550193320,0.01,1,1083,disabled,LRU,,179663.7930485128,,0.943348917927217,0,50000,0,twitter_cluster21-8ed8001193e0addb85137bcdf9b4533b,0.0,0.0,
twitter_cluster21,1550193320,0.01,1,1083,marginal-hits,LRU,,200844.2044829225,217.0,0.9433748675939334,217,50000,0,twitter_cluster21-975c18f4e44ac33b42e7170fef597035,-2.5949666716429398e-05,-2.5949666716429398e-05,
twitter_cluster21,1550193320,0.01,1,1083,hits,LRU,,179813.03152393346,,0.943348917927217,0,50000,0,twitter_cluster21-81d4afc96df82dd98a6a7d92ff485b59,0.0,0.0,
twitter_cluster21,1550193320,0.01,1,1083,free-mem,LRU,,231255.4736725689,,0.943348917927217,0,50000,0,twitter_cluster21-cf956acfa03ebc9bef749517e7fca5c8,0.0,0.0,
twitter_cluster21,1550193320,0.01,1,1083,marginal-hits,LRU2Q,cold,208536.30276572544,90.0,0.9416816555499028,90,50000,0,twitter_cluster21-702f712247232e54390c80a3a86b0fe4,-2.1872110763765384e-05,0.0016672623773141826,
twitter_cluster21,1550193320,0.01,1,1083,disabled,LRU2Q,,215320.91343675175,,0.941659783439139,0,50000,0,twitter_cluster21-dfb071bf6e99831f1d645073e0ab69e1,0.0,0.001689134488077948,
twitter_cluster21,1550193320,0.01,1,1083,hits,LRU2Q,,250369.65397155157,,0.941659783439139,0,50000,0,twitter_cluster21-afce88184eae2dafcc159bd0a86f8939,0.0,0.001689134488077948,
twitter_cluster21,1550193320,0.01,1,1083,marginal-hits-tuned,LRU2Q,cold,174487.47312192674,,0.941659783439139,0,50000,0,twitter_cluster21-89245dcb68f214917e55e16ed15698af,0.0,0.001689134488077948,2.1872110763765384e-05
twitter_cluster21,1550193320,0.01,1,1083,tail-age,LRU2Q,,193486.68367939547,,0.941659783439139,0,50000,0,twitter_cluster21-adfaf2fa888aff249d2ead3565d0ebda,0.0,0.001689134488077948,
twitter_cluster21,1550193320,0.01,1,1083,marginal-hits,LRU2Q,warm-cold,179177.75935962092,1606.0,0.9418450454940678,1606,50000,0,twitter_cluster21-89c288a431dbcf6f46f1f9617f944031,-0.0001852620549287476,0.0015038724331492004,
twitter_cluster21,1550193320,0.01,1,1083,free-mem,LRU2Q,,200664.2731704823,,0.941659783439139,0,50000,0,twitter_cluster21-4822411fbd5bc3965fcf6212e07bc5f6,0.0,0.001689134488077948,
twitter_cluster21,1550193320,0.01,1,1083,marginal-hits-tuned,LRU2Q,warm-cold,200737.70992535853,4.0,0.9416610974687982,4,50000,0,twitter_cluster21-7570d6fbae49ea83a2a3472495b2dba6,-1.314029659194027e-06,0.001687820458418754,0.00018394802526955356
twitter_cluster21,1550193320,0.01,1,1083,marginal-hits,TINYLFU,,144506.67708590912,566.0,0.9422939753088344,566,50000,0,twitter_cluster21-239fc364a7a1f38303840902db96753c,-4.732506523763558e-05,0.0010549426183825705,
twitter_cluster21,1550193320,0.01,1,1083,marginal-hits-tuned,TINYLFU,,125933.13768551554,51.0,0.9422473366096042,51,50000,0,twitter_cluster21-00d01a70c96f8b49e9915614e44c8943,-6.863660074740707e-07,0.001101581317612732,4.663869923016151e-05
twitter_cluster21,1550193320,0.01,1,1083,disabled,TINYLFU,,187163.6182279616,,0.9422466502435968,0,50000,0,twitter_cluster21-8045f219479cb69f674a53b0bb5aef7a,0.0,0.001102267683620206,
twitter_cluster21,1550193320,0.01,1,1083,hits,TINYLFU,,187234.2891229972,,0.9422466502435968,0,50000,0,twitter_cluster21-9475f6f2b907f621626e541a137f43e8,0.0,0.001102267683620206,
twitter_cluster21,1550193320,0.01,1,1083,tail-age,TINYLFU,,165866.57718258753,108.0,0.9422493653888278,108,50000,0,twitter_cluster21-d2a15e4d262833f4ec8319c33e887384,-2.715145230980376e-06,0.0010995525383892257,
twitter_cluster21,1550193320,0.01,1,1083,free-mem,TINYLFU,,139977.16001539066,,0.9422466502435968,0,50000,0,twitter_cluster21-7895c6e955ffb3768c46865142f2f75c,0.0,0.001102267683620206,
twitter_cluster21,1550193320,0.1,1,10822,free-mem,LRU,,47214.43999608375,,0.9411569474444644,0,50000,0,twitter_cluster21-4fcdf10f3a397edff2c904a5e480fb5c,0.0,0.0,
twitter_cluster21,1550193320,0.1,1,10822,tail-age,LRU,,77932.8406916226,,0.9411569474444644,0,50000,0,twitter_cluster21-b1c3f3b5345648e158e6fcf36a00ef6b,0.0,0.0,
twitter_cluster21,1550193320,0.1,1,10822,marginal-hits-tuned,LRU,,66172.53488155403,,0.9411569474444644,0,50000,0,twitter_cluster21-5410ae972ca55d8008a69121757800a5,0.0,0.0,1.7507493840218658e-06
twitter_cluster21,1550193320,0.1,1,10822,disabled,LRU,,83529.04663824201,,0.9411569474444644,0,50000,0,twitter_cluster21-f4ca45322011941d374894c79638f26a,0.0,0.0,
twitter_cluster21,1550193320,0.1,1,10822,marginal-hits,LRU,,59527.65182078531,41.0,0.9411586981938485,41,50000,0,twitter_cluster21-c112c98abddb030a14424ae1a3325553,-1.7507493840218658e-06,-1.7507493840218658e-06,
twitter_cluster21,1550193320,0.1,1,10822,hits,LRU,,53164.12908742943,10.0,0.941157077750793,10,50000,0,twitter_cluster21-4671571a65205734060b5d6b7d92c64a,-1.3030632861621427e-07,-1.3030632861621427e-07,
twitter_cluster21,1550193320,0.1,1,10822,tail-age,LRU2Q,,54962.740261789935,,0.9407432841989024,0,50000,0,twitter_cluster21-c2f8b31b05148c3f6ee49815297e8940,0.0,0.0004136632455620237,
twitter_cluster21,1550193320,0.1,1,10822,marginal-hits-tuned,LRU2Q,cold,77743.91104805042,,0.9407432841989024,0,50000,0,twitter_cluster21-6c91193a79e385f535d9cc626602d81f,0.0,0.0004136632455620237,1.1933995431867572e-06
twitter_cluster21,1550193320,0.1,1,10822,marginal-hits,LRU2Q,warm-cold,97001.38968292468,1032.0,0.940752396610766,1032,50000,0,twitter_cluster21-a71b984ae779916f1bca5581869cecc9,-9.112411863632097e-06,0.0004045508336983916,
twitter_cluster21,1550193320,0.1,1,10822,marginal-hits,LRU2Q,cold,57654.5089186796,39.0,0.9407444775984456,39,50000,0,twitter_cluster21-2a34cdde6c6ac94fca0f0ca78829da41,-1.1933995431867572e-06,0.00041246984601883696,
twitter_cluster21,1550193320,0.1,1,10822,free-mem,LRU2Q,,68571.61595134542,,0.9407432841989024,0,50000,0,twitter_cluster21-c7ecccca9b7c33ce2c18fad2730be36b,0.0,0.0004136632455620237,
twitter_cluster21,1550193320,0.1,1,10822,marginal-hits-tuned,LRU2Q,warm-cold,74956.84669817753,5.0,0.940743608674562,5,50000,0,twitter_cluster21-779c14ba655411615d97cf6ba03df9ba,-3.244756595632836e-07,0.00041333876990246043,8.787936204068814e-06
twitter_cluster21,1550193320,0.1,1,10822,disabled,LRU2Q,,76028.07332242855,,0.9407432841989024,0,50000,0,twitter_cluster21-9f37fd20eb2b6e00d69efc01e5a700f3,0.0,0.0004136632455620237,
twitter_cluster21,1550193320,0.1,1,10822,hits,LRU2Q,,93407.93499363364,10.0,0.9407436764080496,10,50000,0,twitter_cluster21-a8af2dcd8974cc2e15cea2e0e9a60fbe,-3.9220914715976107e-07,0.00041327103641486396,
twitter_cluster22,2030691718,0.01,1,416,hits,LRU,,413143.75423781015,70.0,0.3177280274897935,70,50000,2,twitter_cluster22-ae4997e25f9e7df18f2f5a364cd5decc,0.0018998708498204064,0.0018998708498204064,
twitter_cluster22,2030691718,0.01,1,416,marginal-hits,LRU,,411570.60077556496,24472.0,0.3238430566150563,24472,50000,2,twitter_cluster22-138cb6371e03ce7e5c8de3929029b7fb,-0.004215158275442388,-0.004215158275442388,
twitter_cluster22,2030691718,0.01,1,416,tail-age,LRU,,392785.24853106536,20.0,0.3195719705988381,20,50000,2,twitter_cluster22-cc4b122d11acff636109ffa56652dd15,5.592774077584073e-05,5.592774077584073e-05,
twitter_cluster22,2030691718,0.01,1,416,free-mem,LRU,,321413.58603871334,1.0,0.319682679672996,1,50000,2,twitter_cluster22-de421a531e122d03f6ebe7c374529824,-5.478133338210345e-05,-5.478133338210345e-05,
twitter_cluster22,2030691718,0.01,1,416,disabled,LRU,,413975.9694538315,,0.3196278983396139,0,50000,91,twitter_cluster22-930189fd72fac2d167574b775b4bfe85,0.0,0.0,
twitter_cluster22,2030691718,0.01,1,416,marginal-hits-tuned,LRU,,410876.44810260826,141.0,0.3175234966905991,141,50000,2,twitter_cluster22-71dbd0fe64b13281e8d01875f145e01c,0.00210440164901482,0.00210440164901482,0.006319559924457208
twitter_cluster22,2030691718,0.01,1,416,marginal-hits-tuned,LRU2Q,warm-cold,380783.7604699833,227.0,0.3098986889156161,227,50000,2,twitter_cluster22-14ab676c23d2a52d6dc155f29006f93a,0.0010596748787251586,0.009729209423997798,0.00835428039107211
twitter_cluster22,2030691718,0.01,1,416,free-mem,LRU2Q,,381335.7809788273,1.0,0.3110260259602831,1,50000,2,twitter_cluster22-0f5c726daf342823d05476895ba4a926,-6.766216594183971e-05,0.0086018723793308,
twitter_cluster22,2030691718,0.01,1,416,tail-age,LRU2Q,,334562.84716044227,74.0,0.3099042200358252,74,50000,2,twitter_cluster22-5907da2bdc7162a820f56bb09aac38dd,0.0010541437585160907,0.00972367830378873,
twitter_cluster22,2030691718,0.01,1,416,marginal-hits,LRU2Q,cold,381718.654384629,24310.0,0.3201401671349112,24310,50000,2,twitter_cluster22-ccc38452087b5723bdbe97e1bdb32bd7,-0.00918180334056995,-0.0005122687952973104,
twitter_cluster22,2030691718,0.01,1,416,disabled,LRU2Q,,413495.11544427386,,0.3109583637943413,0,50000,91,twitter_cluster22-aae264696ffdfafebd052219c42ddd01,0.0,0.008669534545272639,
twitter_cluster22,2030691718,0.01,1,416,marginal-hits-tuned,LRU2Q,cold,394563.98019973177,294.0,0.3095165467159304,294,50000,2,twitter_cluster22-86c2bd94eede02df90839d6ea068c404,0.0014418170784109008,0.01011135162368354,0.01062362041898085
twitter_cluster22,2030691718,0.01,1,416,marginal-hits,LRU2Q,warm-cold,381101.3279518117,22111.0,0.3182529693066882,22111,50000,2,twitter_cluster22-f1d9a862de26d736bfc7dae794222f48,-0.007294605512346952,0.001374929032925687,
twitter_cluster22,2030691718,0.01,1,416,hits,LRU2Q,,412525.5524989825,99.0,0.3096398372172806,99,50000,2,twitter_cluster22-5024b4f1e895d00794be4eeb5e0b60f6,0.0013185265770606636,0.009988061122333303,
twitter_cluster22,2030691718,0.01,1,416,marginal-hits,TINYLFU,,318567.5870440025,24060.0,0.3286595838669787,24060,50000,2,twitter_cluster22-92b1939ee58bb18153cbfc4138f35596,-0.0018991528678702907,-0.009031685527364774,
twitter_cluster22,2030691718,0.01,1,416,marginal-hits-tuned,TINYLFU,,318426.459066392,96.0,0.3252197185550347,96,50000,2,twitter_cluster22-7c48de4ffe22f56b696bff0ddc28269f,0.0015407124440737219,-0.005591820215420762,0.0034398653119440126
twitter_cluster22,2030691718,0.01,1,416,disabled,TINYLFU,,299643.87939544115,,0.3267604309991084,0,50000,91,twitter_cluster22-e651f25dc7d42dbcb3d635b35ab33f61,0.0,-0.007132532659494484,
twitter_cluster22,2030691718,0.01,1,416,tail-age,TINYLFU,,321235.34310337406,5430.0,0.327905740737354,5430,50000,2,twitter_cluster22-b2261d6a7b96fcfb20ce3f01ffb118d1,-0.0011453097382456146,-0.008277842397740098,
twitter_cluster22,2030691718,0.01,1,416,hits,TINYLFU,,260487.63957919725,119.0,0.3260984245566318,119,50000,2,twitter_cluster22-0888485da4fa16e727b51334e815b9d1,0.0006620064424766037,-0.00647052621701788,
twitter_cluster22,2030691718,0.01,1,416,free-mem,TINYLFU,,318834.5282846034,1.0,0.3268497650907345,1,50000,2,twitter_cluster22-1be5aeb123c5de9050381a5a8d9803d4,-8.933409162609207e-05,-0.007221866751120576,
twitter_cluster22,2030691718,0.1,1,4153,disabled,LRU,,203052.0162449642,,0.2602149121484721,0,50000,0,twitter_cluster22-7ad615eba3e583f130f34d16de71d48d,0.0,0.0,
twitter_cluster22,2030691718,0.1,1,4153,free-mem,LRU,,220141.7100357356,,0.2602149121484721,0,50000,0,twitter_cluster22-7030bc0e5f09e8955d2f80a11c197850,0.0,0.0,
twitter_cluster22,2030691718,0.1,1,4153,hits,LRU,,220298.5182442061,481.0,0.2602905765137907,481,50000,0,twitter_cluster22-bb6b790cea05533955e0bfdcdebe0717,-7.5664365318584e-05,-7.5664365318584e-05,
twitter_cluster22,2030691718,0.1,1,4153,tail-age,LRU,,208181.91639460143,51.0,0.2603613814512046,51,50000,0,twitter_cluster22-4cadf7272417d849243ff6a5c909c15e,-0.00014646930273248815,-0.00014646930273248815,
twitter_cluster22,2030691718,0.1,1,4153,marginal-hits-tuned,LRU,,224886.129810765,69.0,0.2595583412922552,69,50000,0,twitter_cluster22-0dd4af6fbe0f2b35dcdf7acfc7d43bc0,0.0006565708562168981,0.0006565708562168981,0.005041953886572137
twitter_cluster22,2030691718,0.1,1,4153,marginal-hits,LRU,,215467.9149535422,18783.0,0.2646002951788273,18783,50000,0,twitter_cluster22-39590e32673d6ae342401a1018d3112b,-0.004385383030355239,-0.004385383030355239,
twitter_cluster22,2030691718,0.1,1,4153,marginal-hits,LRU2Q,cold,182154.5723396464,16429.0,0.2562860223375373,16429,50000,0,twitter_cluster22-7f05cce06e6954911442bca245ec2008,-0.010157440844991983,0.00392888981093481,
twitter_cluster22,2030691718,0.1,1,4153,marginal-hits-tuned,LRU2Q,warm-cold,167468.9797778416,161.0,0.2454899665868435,161,50000,0,twitter_cluster22-a15d73f6a4d0d81b6e041ec8fc0bbaec,0.0006386149057018009,0.014724945561628594,0.007522120597923315
twitter_cluster22,2030691718,0.1,1,4153,tail-age,LRU2Q,,237618.37742756848,149.0,0.2455688904326343,149,50000,0,twitter_cluster22-40d941b2324bbd4b24982e74a5390500,0.0005596910599109939,0.014646021715837787,
twitter_cluster22,2030691718,0.1,1,4153,marginal-hits-tuned,LRU2Q,cold,167629.5589581382,112.0,0.245635325430524,112,50000,0,twitter_cluster22-b6810de5724d6bf41b287f5801d4be4f,0.0004932560620213022,0.014579586717948095,0.010650696907013285
twitter_cluster22,2030691718,0.1,1,4153,disabled,LRU2Q,,218378.3599403796,,0.2461285814925453,0,50000,0,twitter_cluster22-99af53fdf07b597bcdb1a8444cb58fb7,0.0,0.014086330655926793,
twitter_cluster22,2030691718,0.1,1,4153,marginal-hits,LRU2Q,warm-cold,182361.84981595105,13426.0,0.2530120871847668,13426,50000,0,twitter_cluster22-46c3fd9656876ecfebc4f7e64982a38e,-0.006883505692221514,0.007202824963705279,
twitter_cluster22,2030691718,0.1,1,4153,free-mem,LRU2Q,,220265.9054227896,,0.2461285814925453,0,50000,0,twitter_cluster22-3aacab00efbeae7d812aac13f0d91051,0.0,0.014086330655926793,
twitter_cluster22,2030691718,0.1,1,4153,hits,LRU2Q,,220094.2220883772,476.0,0.2463784628484903,476,50000,0,twitter_cluster22-804d3f58e0d80a9833eed3fc9b2a68e7,-0.00024988135594500305,0.01383644929998179,
twitter_cluster22,2030691718,0.1,1,4153,free-mem,TINYLFU,,217047.78380068048,,0.2535464134886475,0,50000,0,twitter_cluster22-6f9c38ec28000118f01d997bb4f1a399,0.0,0.0066684986598246065,
twitter_cluster22,2030691718,0.1,1,4153,hits,TINYLFU,,161114.91446094797,485.0,0.2534744429385613,485,50000,0,twitter_cluster22-911fc2a0c0665e67df674a2dad835539,7.197055008617559e-05,0.006740469209910782,
twitter_cluster22,2030691718,0.1,1,4153,marginal-hits,TINYLFU,,140442.21044874104,19588.0,0.2601959905171583,19588,50000,0,twitter_cluster22-b02f69c972fcb4d35ab92fbdeb752936,-0.0066495770285108224,1.8921631313784104e-05,
twitter_cluster22,2030691718,0.1,1,4153,tail-age,TINYLFU,,184812.77166030748,2478.0,0.2556879916324158,2478,50000,0,twitter_cluster22-e3cec871d2364bf75dbac88608d42f65,-0.002141578143768308,0.004526920516056299,
twitter_cluster22,2030691718,0.1,1,4153,disabled,TINYLFU,,184684.3749781388,,0.2535464134886475,0,50000,0,twitter_cluster22-a6cb64b4d048a7bfc68cafc597539eee,0.0,0.0066684986598246065,
twitter_cluster22,2030691718,0.1,1,4153,marginal-hits-tuned,TINYLFU,,181454.5117354946,70.0,0.2529306262724414,70,50000,0,twitter_cluster22-2ce500dc067f519939716f700049515b,0.0006157872162060873,0.007284285876030694,0.00726536424471691
twitter_cluster23,5333543178,0.01,1,4133,hits,LRU,,319814.3653152191,3423.0,0.2708792708305698,3423,50000,8,twitter_cluster23-e15c74a9c95f736dd2f60c94e9ed4583,0.0004964026561031232,0.0004964026561031232,
twitter_cluster23,5333543178,0.01,1,4133,free-mem,LRU,,284596.6760883912,4.0,0.2713756725492098,4,50000,8,twitter_cluster23-cb8015bb0d9024b3fba5a0ae5e789728,9.374631071423778e-10,9.374631071423778e-10,
twitter_cluster23,5333543178,0.01,1,4133,disabled,LRU,,259091.95654904345,,0.2713756734866729,0,50000,18,twitter_cluster23-eafed3cee61571dc42e6deb156d23b9c,0.0,0.0,
twitter_cluster23,5333543178,0.01,1,4133,tail-age,LRU,,359905.5705543256,4151.0,0.271400144461341,4151,50000,8,twitter_cluster23-4482175a12837550451af69c914c35a0,-2.4470974668067136e-05,-2.4470974668067136e-05,
twitter_cluster23,5333543178,0.01,1,4133,marginal-hits,LRU,,363691.9017948745,105675.0,0.2733395040305418,105675,50000,8,twitter_cluster23-54f2ff9f20598e0464ee105443652962,-0.001963830543868894,-0.001963830543868894,
twitter_cluster23,5333543178,0.01,1,4133,marginal-hits-tuned,LRU,,292769.9924252704,101.0,0.271170414812755,101,50000,8,twitter_cluster23-b971dbb79c1995348221f889b8a7a523,0.00020525867391790742,0.00020525867391790742,0.0021690892177868015
twitter_cluster23,5333543178,0.01,1,4133,disabled,LRU2Q,,297378.9231207531,,0.2711722618025836,0,50000,18,twitter_cluster23-45475f29e07cacea2232e41344d68c26,0.0,0.00020341168408932742,
twitter_cluster23,5333543178,0.01,1,4133,free-mem,LRU2Q,,297239.20881500584,4.0,0.2711722608651205,4,50000,8,twitter_cluster23-1d4272e2703ef588bf5dbfff9e870657,9.374631071423778e-10,0.00020341262155243456,
twitter_cluster23,5333543178,0.01,1,4133,marginal-hits-tuned,LRU2Q,warm-cold,359826.2734091433,1008.0,0.2712162286351701,1008,50000,8,twitter_cluster23-de8a6c5a70f980b6bf5fb6e19daff54d,-4.396683258650613e-05,0.00015944485150282128,0.004453972567052211
twitter_cluster23,5333543178,0.01,1,4133,tail-age,LRU2Q,,236003.46177466676,113.0,0.2710788263538831,113,50000,8,twitter_cluster23-e1849b1cd17ee0ec1e8c2c140b73be61,9.343544870049625e-05,0.00029684713278982366,
twitter_cluster23,5333543178,0.01,1,4133,marginal-hits,LRU2Q,cold,352853.45945946337,95341.0,0.2772014853275085,95341,50000,8,twitter_cluster23-934b59df85ed55468dc8cf2cbf1b99e6,-0.006029223524924909,-0.005825811840835582,
twitter_cluster23,5333543178,0.01,1,4133,marginal-hits,LRU2Q,warm-cold,374307.1420248193,97245.0,0.2756702012022223,97245,50000,8,twitter_cluster23-ac97807811310194b872df8709fd1bc3,-0.004497939399638717,-0.00429452771554939,
twitter_cluster23,5333543178,0.01,1,4133,marginal-hits-tuned,LRU2Q,cold,309302.0643343662,67.0,0.2710788209165971,67,50000,8,twitter_cluster23-2e5ab952d8f1bd68562164e284bebbf0,9.344088598650657e-05,0.000296852570075834,0.006122664410911416
twitter_cluster23,5333543178,0.01,1,4133,hits,LRU2Q,,284724.2286702532,3421.0,0.2708574408769884,3421,50000,8,twitter_cluster23-919543bb0b73806abe6b1de8d7e57c71,0.000314820925595205,0.0005182326096845324,
twitter_cluster23,5333543178,0.01,1,4133,disabled,TINYLFU,,214601.677111456,,0.2754793069006256,0,50000,18,twitter_cluster23-bc7ba0f0091795a02f1b3965d2df434c,0.0,-0.004103633413952701,
twitter_cluster23,5333543178,0.01,1,4133,hits,TINYLFU,,205831.9170579493,3167.0,0.2731636657615524,3167,50000,8,twitter_cluster23-79f3f9b5fdef07c9aca6044dfa4517d5,0.0023156411390732323,-0.0017879922748794685,
twitter_cluster23,5333543178,0.01,1,4133,marginal-hits-tuned,TINYLFU,,230042.47773366657,76.0,0.2751445984450226,76,50000,8,twitter_cluster23-d94f3d4196e05a7021f861e8947cc044,0.00033470845560301665,-0.0037689249583496842,0.05868320205806721
twitter_cluster23,5333543178,0.01,1,4133,free-mem,TINYLFU,,237162.74715097563,4.0,0.2754793059631625,4,50000,8,twitter_cluster23-b22058e2c023d7a770bc17e356c1b497,9.374631071423778e-10,-0.004103632476489594,
twitter_cluster23,5333543178,0.01,1,4133,tail-age,TINYLFU,,230933.76319199897,60329.0,0.2751036268070876,60329,50000,8,twitter_cluster23-08c73fe52cfe92cec26e8dc8cea09b4b,0.000375680093538,-0.003727953320414701,
twitter_cluster23,5333543178,0.01,1,4133,marginal-hits,TINYLFU,,259963.33149466483,105675.0,0.3338278005030898,105675,50000,8,twitter_cluster23-8f2676b3077ddca479b90c9b9e82fc6b,-0.05834849360246419,-0.06245212701641689,
twitter_cluster23,5333543178,0.1,1,41325,tail-age,LRU,,96874.895520981,6210.0,0.2709177385045255,6210,50000,8,twitter_cluster23-0547b64215b533e977c601f9575ddbd5,-1.178859866729498e-05,-1.178859866729498e-05,
twitter_cluster23,5333543178,0.1,1,41325,marginal-hits,LRU,,146496.8041828316,96719.0,0.272790957426088,96719,50000,8,twitter_cluster23-e5e5430d44cd429030c14d7f9b8ef06b,-0.0018850075202297978,-0.0018850075202297978,
twitter_cluster23,5333543178,0.1,1,41325,hits,LRU,,100101.91301382594,4106.0,0.2708116548034815,4106,50000,8,twitter_cluster23-d432fc72867ce813b7d9ca49b00df306,9.42951023766847e-05,9.42951023766847e-05,
twitter_cluster23,5333543178,0.1,1,41325,marginal-hits-tuned,LRU,,80182.0511820749,5.0,0.2709059489683951,5,50000,8,twitter_cluster23-725e1c773804edf1fbeadee62a1c42bb,9.374631071423778e-10,9.374631071423778e-10,0.001885008457692905
twitter_cluster23,5333543178,0.1,1,41325,disabled,LRU,,104288.49980515824,,0.2709059499058582,0,50000,18,twitter_cluster23-d7edca64a0ee1cbd2c42e6c91e6dcd8f,0.0,0.0,
twitter_cluster23,5333543178,0.1,1,41325,free-mem,LRU,,156599.61966727415,4.0,0.2709059489683951,4,50000,8,twitter_cluster23-600567034019c27a621560fcd6cb8a49,9.374631071423778e-10,9.374631071423778e-10,
twitter_cluster23,5333543178,0.1,1,41325,disabled,LRU2Q,,154194.0080994903,,0.2708722473569145,0,50000,18,twitter_cluster23-a320447f46bb8f89964a217a92969038,0.0,3.370254894369262e-05,
twitter_cluster23,5333543178,0.1,1,41325,marginal-hits-tuned,LRU2Q,warm-cold,97235.8139768098,682.0,0.2708722702310145,682,50000,8,twitter_cluster23-65800222cba9de32f899dd58dd04bd56,-2.2874100003011932e-08,3.367967484368961e-05,0.0036357474483353913
twitter_cluster23,5333543178,0.1,1,41325,marginal-hits-tuned,LRU2Q,cold,156707.8549315355,4.0,0.2708722464194514,4,50000,8,twitter_cluster23-5b2199cda3d0f2625031b54226123a92,9.374631071423778e-10,3.3703486406799765e-05,0.005115723092398605
twitter_cluster23,5333543178,0.1,1,41325,marginal-hits,LRU2Q,warm-cold,303873.26280145807,95589.0,0.2745080176793499,95589,50000,8,twitter_cluster23-c84c8edc4bcd6e215d5c11dbd49ef4a7,-0.0036357703224353943,-0.0036020677734917017,
twitter_cluster23,5333543178,0.1,1,41325,tail-age,LRU2Q,,122756.5648694032,4.0,0.2708722464194514,4,50000,8,twitter_cluster23-8f3d41581856ad7c1ab4429491b6153b,9.374631071423778e-10,3.3703486406799765e-05,
twitter_cluster23,5333543178,0.1,1,41325,free-mem,LRU2Q,,106188.78457477417,4.0,0.2708722464194514,4,50000,8,twitter_cluster23-e89537458071f37c3c65acc786187ed1,9.374631071423778e-10,3.3703486406799765e-05,
twitter_cluster23,5333543178,0.1,1,41325,hits,LRU2Q,,143225.39694864152,4105.0,0.2708056696639721,4105,50000,8,twitter_cluster23-4cc8de8ce561a218d6d7defed8cb5e2a,6.657769294238225e-05,0.00010028024188607487,
twitter_cluster23,5333543178,0.1,1,41325,marginal-hits,LRU2Q,cold,233953.9619487316,95145.0,0.27598796951185,95145,50000,8,twitter_cluster23-df8e4d8720b25ab2efacd20c88c39b79,-0.005115722154935498,-0.0050820196059918055,
twitter_cluster23,5333543178,0.1,1,41325,free-mem,TINYLFU,,129581.90120570624,4.0,0.27145362785699,4,50000,8,twitter_cluster23-a9bdc5dd07cff4f7bed2483f27e25122,-6.562241805507796e-09,-0.0005476779511318086,
twitter_cluster23,5333543178,0.1,1,41325,disabled,TINYLFU,,89353.458560254,,0.2714536212947482,0,50000,18,twitter_cluster23-c5af878d6ad2fc70385dc9903f44186d,0.0,-0.0005476713888900031,
twitter_cluster23,5333543178,0.1,1,41325,marginal-hits,TINYLFU,,143114.8950084659,96719.0,0.2798483119357996,96719,50000,8,twitter_cluster23-482b469988b5e00f74258412ef2eda3f,-0.008394690641051417,-0.00894236202994142,
twitter_cluster23,5333543178,0.1,1,41325,tail-age,TINYLFU,,86160.92411049505,44138.0,0.2714675548090219,44138,50000,8,twitter_cluster23-c64970b3b0dbe630eb8ad72b4c66871e,-1.3933514273700709e-05,-0.0005616049031637038,
twitter_cluster23,5333543178,0.1,1,41325,marginal-hits-tuned,TINYLFU,,106755.39106353308,5.0,0.2714536201697925,5,50000,8,twitter_cluster23-6d5fa57ccfdf4ddff4fa6fb572ad512f,1.1249556841619324e-09,-0.000547670263934319,0.0083946917660071
twitter_cluster23,5333543178,0.1,1,41325,hits,TINYLFU,,97735.89467413112,4106.0,0.2710944191778698,4106,50000,8,twitter_cluster23-e5dbf135c4dcb5bda23f50192c0de0cb,0.00035920211687839876,-0.00018846927201160435,
twitter_cluster24,3289457233,0.1,1,301,hits,LRU,,784011.4727761983,1361.0,0.0288791959497106,1361,50000,2,twitter_cluster24-fd1eace7a291b130650e80b0457ee992,0.0012427196070494972,0.0012427196070494972,
twitter_cluster24,3289457233,0.1,1,301,disabled,LRU,,836291.4202195655,,0.0301219155567601,0,50000,371,twitter_cluster24-be4ef34655f2adfc36ef5c8997a01097,0.0,0.0,
twitter_cluster24,3289457233,0.1,1,301,free-mem,LRU,,767989.2007087755,1.0,0.0301961287119126,1,50000,2,twitter_cluster24-d41eba4be92d8381d92aa508adbd2978,-7.421315515250201e-05,-7.421315515250201e-05,
twitter_cluster24,3289457233,0.1,1,301,marginal-hits,LRU,,833675.3404779155,65638.0,0.030080470421486,65638,50000,2,twitter_cluster24-d311f1161ab527ade42ee946a41101c0,4.1445135274098543e-05,4.1445135274098543e-05,
twitter_cluster24,3289457233,0.1,1,301,marginal-hits-tuned,LRU,,747925.1119312879,184.0,0.0261557940735203,184,50000,2,twitter_cluster24-051c4f0f6e4a4df9286a1be161ba2ce7,0.003966121483239798,0.003966121483239798,0.0039246763479657
twitter_cluster24,3289457233,0.1,1,301,tail-age,LRU,,753313.8875414123,51.0,0.0268557095419151,51,50000,2,twitter_cluster24-1335ba792e3e2232dbc77f0356205ecf,0.0032662060148449974,0.0032662060148449974,
twitter_cluster24,3289457233,0.1,1,301,marginal-hits,LRU2Q,cold,727567.0182584288,65638.0,0.0296968998471852,65638,50000,2,twitter_cluster24-a5749bf253db9af37de0e965b47ce0b8,-0.0007464091569176004,0.00042501570957489965,
twitter_cluster24,3289457233,0.1,1,301,free-mem,LRU2Q,,669244.8925987792,1.0,0.0290214102929484,1,50000,2,twitter_cluster24-61fb31e9dccc1e25874325f9b0f94d0a,-7.091960268080025e-05,0.0011005052638116998,
twitter_cluster24,3289457233,0.1,1,301,marginal-hits-tuned,LRU2Q,cold,728067.6240592343,201.0,0.0239589082385251,201,50000,2,twitter_cluster24-3bfa630d217d9c42630c6578ea734dda,0.004991582451742499,0.006163007318234999,0.005737991608660099
twitter_cluster24,3289457233,0.1,1,301,marginal-hits,LRU2Q,warm-cold,800754.2815934898,65634.0,0.0310845698111558,65634,50000,2,twitter_cluster24-9f5bba0d0b579c3d4d85ea4db0ac032f,-0.0021340791208882028,-0.0009626542543957027,
twitter_cluster24,3289457233,0.1,1,301,disabled,LRU2Q,,797247.8184452272,,0.0289504906902676,0,50000,371,twitter_cluster24-fd06277dd7fb1f78907592d3f45a3731,0.0,0.0011714248664925,
twitter_cluster24,3289457233,0.1,1,301,marginal-hits-tuned,LRU2Q,warm-cold,745605.4008899158,229.0,0.0243780585427662,229,50000,2,twitter_cluster24-c3b2573f42d34d0915b72ffc30ca1c83,0.004572432147501398,0.005743857013993898,0.0067065112683896005
twitter_cluster24,3289457233,0.1,1,301,hits,LRU2Q,,806878.2049578432,1263.0,0.0273711295276171,1263,50000,2,twitter_cluster24-22012fd41bd81278bcb056857c4ab750,0.0015793611626504986,0.0027507860291429986,
twitter_cluster24,3289457233,0.1,1,301,tail-age,LRU2Q,,699240.8946160193,2090.0,0.026115950114254,2090,50000,2,twitter_cluster24-8548c69d3d9e2d4dc2389140cf9260d2,0.002834540576013598,0.004005965442506098,
twitter_cluster24,3289457233,0.1,1,301,marginal-hits-tuned,TINYLFU,,726513.4907342688,265.0,0.0255270751531913,265,50000,2,twitter_cluster24-b79bd043e5f4e6b02a3bacf2e1bbd325,0.004538988028241701,0.004594840403568799,0.004468148377960699
twitter_cluster24,3289457233,0.1,1,301,tail-age,TINYLFU,,695877.0197060381,8267.0,0.0276312526845367,8267,50000,2,twitter_cluster24-7513fe7aa0453e0e5b9f158d0479655e,0.002434810496896301,0.002490662872223399,
twitter_cluster24,3289457233,0.1,1,301,disabled,TINYLFU,,724513.9923529052,,0.030066063181433,0,50000,371,twitter_cluster24-37c3cb28cc75f2bd6ffb5a7b513c7313,0.0,5.585237532709786e-05,
twitter_cluster24,3289457233,0.1,1,301,marginal-hits,TINYLFU,,723285.100807133,65638.0,0.029995223531152,65638,50000,2,twitter_cluster24-29155f259b0b3749eba6cd6afc67c395,7.083965028100228e-05,0.00012669202560810014,
twitter_cluster24,3289457233,0.1,1,301,hits,TINYLFU,,718908.2789174773,1332.0,0.0272111599755825,1332,50000,2,twitter_cluster24-b998e5bc7d2731eba66cd4d590a0678b,0.0028549032058505022,0.0029107555811776,
twitter_cluster24,3289457233,0.1,1,301,free-mem,TINYLFU,,736102.6145496292,1.0,0.0301408572834909,1,50000,2,twitter_cluster24-97c5b694209894a3e76d4fdff22ef6ec,-7.479410205789988e-05,-1.8941726730802022e-05,
twitter_cluster26,156594627,0.1,1,211,marginal-hits-tuned,LRU,,859229.6824916812,47.0,0.0781771011849595,47,50000,0,twitter_cluster26-0dae35db4c96dc142af00ae269b7d6ce,-3.0901443380901283e-05,-3.0901443380901283e-05,0.00197262834567119
twitter_cluster26,156594627,0.1,1,211,free-mem,LRU,,656908.7926907651,,0.0781461997415786,0,50000,0,twitter_cluster26-4924cad3c8289db079df3dcea264700c,0.0,0.0,
twitter_cluster26,156594627,0.1,1,211,hits,LRU,,968565.11203959,57.0,0.0781499546596831,57,50000,0,twitter_cluster26-c113a32f3e36bd9495c52f0d0068e54f,-3.7549181044899127e-06,-3.7549181044899127e-06,
twitter_cluster26,156594627,0.1,1,211,tail-age,LRU,,524136.8884819238,3.0,0.0781460464796151,3,50000,0,twitter_cluster26-dd22fb1a51622279e291f9188a546b49,1.5326196350917698e-07,1.5326196350917698e-07,
twitter_cluster26,156594627,0.1,1,211,marginal-hits,LRU,,643689.427565706,2882.0,0.0801497295306307,2882,50000,0,twitter_cluster26-5aee7790f23c148ba0fc17fc2399525d,-0.0020035297890520914,-0.0020035297890520914,
twitter_cluster26,156594627,0.1,1,211,disabled,LRU,,693609.9555610049,,0.0781461997415786,0,50000,0,twitter_cluster26-1910c1d6f086268ecc6686f726e26733,0.0,0.0,
twitter_cluster26,156594627,0.1,1,211,free-mem,LRU2Q,,848835.8649013992,,0.0781383706096122,0,50000,0,twitter_cluster26-3071270e3d7014e765dc28a470567811,0.0,7.829131966397007e-06,
twitter_cluster26,156594627,0.1,1,211,tail-age,LRU2Q,,778081.1526219882,,0.0781383706096122,0,50000,0,twitter_cluster26-73ded7da3b624a384ae052427ec29fab,0.0,7.829131966397007e-06,
twitter_cluster26,156594627,0.1,1,211,marginal-hits-tuned,LRU2Q,cold,785985.2428316032,12.0,0.0781378022631645,12,50000,0,twitter_cluster26-b12d9a91117c8056169fcdda09f04b5b,5.683464477101996e-07,8.397478414107207e-06,0.006334310563541806
twitter_cluster26,156594627,0.1,1,211,disabled,LRU2Q,,640014.1636753905,,0.0781383706096122,0,50000,0,twitter_cluster26-610e41b967b2e1c1dbfb707b92bfffe2,0.0,7.829131966397007e-06,
twitter_cluster26,156594627,0.1,1,211,marginal-hits-tuned,LRU2Q,warm-cold,718780.3636425129,289.0,0.0793090876610983,289,50000,0,twitter_cluster26-309548533ed869e082e8158121a44fde,-0.0011707170514860948,-0.0011628879195196978,0.0025457323002531923
twitter_cluster26,156594627,0.1,1,211,marginal-hits,LRU2Q,warm-cold,660432.7414598009,2648.0,0.0818548199613515,2648,50000,0,twitter_cluster26-fc5885a20cf31b0b5ddd1cb96c551eaa,-0.003716449351739287,-0.00370862021977289,
twitter_cluster26,156594627,0.1,1,211,marginal-hits,LRU2Q,cold,691955.5336990489,2637.0,0.0844721128267063,2637,50000,0,twitter_cluster26-4d41b3bcb63f3dfec006c06ffc65e126,-0.006333742217094096,-0.006325913085127699,
twitter_cluster26,156594627,0.1,1,211,hits,LRU2Q,,817602.0476047241,57.0,0.0781388112377572,57,50000,0,twitter_cluster26-35a62e28c61a64f3e7195b0aeb8727da,-4.406281449986782e-07,7.388503821398329e-06,
twitter_cluster26,156594627,0.1,1,211,hits,TINYLFU,,760049.3370920228,57.0,0.0853421746073063,57,50000,0,twitter_cluster26-19d0bc72f309b3d907a8c3722d68f14d,-0.005864358296278002,-0.007195974865727692,
twitter_cluster26,156594627,0.1,1,211,tail-age,TINYLFU,,558589.585632411,525.0,0.0795718999988422,525,50000,0,twitter_cluster26-5009ab2d297a445fa36cc03ab4fda971,-9.408368781391174e-05,-0.0014257002572636013,
twitter_cluster26,156594627,0.1,1,211,free-mem,TINYLFU,,590950.4230478221,,0.0794778163110283,0,50000,0,twitter_cluster26-cc855b54e9be8d280c0e2d868a9427e2,0.0,-0.0013316165694496895,
twitter_cluster26,156594627,0.1,1,211,marginal-hits,TINYLFU,,819247.7234697359,2883.0,0.0938633481977641,2883,50000,0,twitter_cluster26-045cedecf1bbae8ca7b462bf710b524b,-0.014385531886735803,-0.015717148456185492,
twitter_cluster26,156594627,0.1,1,211,marginal-hits-tuned,TINYLFU,,658787.615317245,47.0,0.0829298823898983,47,50000,0,twitter_cluster26-e3ff9b491d5c26750411d0dbb1f0ad88,-0.0034520660788700114,-0.004783682648319701,0.010933465807865791
twitter_cluster26,156594627,0.1,1,211,disabled,TINYLFU,,655207.1271079301,,0.0794778163110283,0,50000,0,twitter_cluster26-aff0177b28c83b3a47439dd4ade91483,0.0,-0.0013316165694496895,
twitter_cluster27,12060815269,0.01,1,705,marginal-hits,LRU,,464207.1765479584,241036.0,0.6363977286617041,241036,50000,0,twitter_cluster27-b4c345787f13ea02efe27264cc233e14,-0.006191324494616124,-0.006191324494616124,
twitter_cluster27,12060815269,0.01,1,705,marginal-hits-tuned,LRU,,483719.65427693113,700.0,0.6310773207482414,700,50000,0,twitter_cluster27-ad05f0cbcd803bce06dbb7e5e00876f7,-0.000870916581153458,-0.000870916581153458,0.005320407913462666
twitter_cluster27,12060815269,0.01,1,705,disabled,LRU,,516256.3284446363,,0.630206404167088,0,50000,0,twitter_cluster27-c4362f8c3205193eab151a3429ea0897,0.0,0.0,
twitter_cluster27,12060815269,0.01,1,705,tail-age,LRU,,342283.97532601893,275.0,0.631910845910163,275,50000,0,twitter_cluster27-098d41eab078566465b8519fd1e46a23,-0.001704441743075047,-0.001704441743075047,
twitter_cluster27,12060815269,0.01,1,705,free-mem,LRU,,302893.5083383288,,0.630206404167088,0,50000,0,twitter_cluster27-084e6d719eaf7f642689d1bc191248d8,0.0,0.0,
twitter_cluster27,12060815269,0.01,1,705,hits,LRU,,513288.6930669709,23.0,0.6301095530858014,23,50000,0,twitter_cluster27-67cd2cc3031276337d3594cf159828d6,9.685108128654196e-05,9.685108128654196e-05,
twitter_cluster27,12060815269,0.01,1,705,hits,LRU2Q,,510175.2002107673,20.0,0.6165798222707195,20,50000,0,twitter_cluster27-a31f55981ac4c424fc7969a4465b5adf,3.483943586135574e-05,0.01362658189636845,
twitter_cluster27,12060815269,0.01,1,705,disabled,LRU2Q,,453128.6007008947,,0.6166146617065809,0,50000,0,twitter_cluster27-94447d289cdda5b42e90c4f83017024a,0.0,0.013591742460507095,
twitter_cluster27,12060815269,0.01,1,705,marginal-hits,LRU2Q,warm-cold,462250.1561156963,241036.0,0.6392894582191283,241036,50000,0,twitter_cluster27-d9da3103ca85ae1f55c9d72d46b829af,-0.022674796512547446,-0.009083054052040351,
twitter_cluster27,12060815269,0.01,1,705,free-mem,LRU2Q,,505519.9967368799,,0.6166146617065809,0,50000,0,twitter_cluster27-49473aad69438a4a6bc828dd4c3adef9,0.0,0.013591742460507095,
twitter_cluster27,12060815269,0.01,1,705,marginal-hits,LRU2Q,cold,466743.2861557307,241036.0,0.6333596779841367,241036,50000,0,twitter_cluster27-41df2c2f645d15c82b5fa99dfb570f08,-0.01674501627755587,-0.003153273817048774,
twitter_cluster27,12060815269,0.01,1,705,marginal-hits-tuned,LRU2Q,cold,493882.9752804547,8122.0,0.6203830033142016,8122,50000,0,twitter_cluster27-427e71e097630768c3fa8079a80d3bf7,-0.00376834160762074,0.009823400852886355,0.012976674669935129
twitter_cluster27,12060815269,0.01,1,705,tail-age,LRU2Q,,352969.360126325,224.0,0.6179436657284897,224,50000,0,twitter_cluster27-3c44c8cba1de112499b6572217b9d663,-0.0013290040219088306,0.012262738438598264,
twitter_cluster27,12060815269,0.01,1,705,marginal-hits-tuned,LRU2Q,warm-cold,488602.63964579377,6415.0,0.61873080621512,6415,50000,0,twitter_cluster27-89191c6755329ace63de0744a3a6f727,-0.0021161445085391417,0.011475597951967953,0.020558652004008304
twitter_cluster27,12060815269,0.01,1,705,disabled,TINYLFU,,280446.49370145664,,0.6236225857245571,0,50000,0,twitter_cluster27-e71ec35ed6a77c054ce8b3168d28eb16,0.0,0.006583818442530864,
twitter_cluster27,12060815269,0.01,1,705,free-mem,TINYLFU,,363804.5260897732,,0.6236225857245571,0,50000,0,twitter_cluster27-4fee31d02bc96aae23527b7f890611a8,0.0,0.006583818442530864,
twitter_cluster27,12060815269,0.01,1,705,tail-age,TINYLFU,,378575.3039578952,142795.0,0.6329426124800387,142795,50000,0,twitter_cluster27-ba3b5065aabe4fa147edbe90f42f436a,-0.009320026755481603,-0.0027362083129507386,
twitter_cluster27,12060815269,0.01,1,705,marginal-hits,TINYLFU,,360224.1177989481,241036.0,0.6342489501237712,241036,50000,0,twitter_cluster27-427ebe023e2b2a3f5b1a28e34db061d6,-0.010626364399214161,-0.004042545956683297,
twitter_cluster27,12060815269,0.01,1,705,marginal-hits-tuned,TINYLFU,,360056.6209713086,5012.0,0.6231350012728564,5012,50000,0,twitter_cluster27-860aef58442b8ffb8d0695df591d8957,0.00048758445170071774,0.007071402894231582,0.011113948850914879
twitter_cluster27,12060815269,0.01,1,705,hits,TINYLFU,,378860.14797082543,21.0,0.6232730118436904,21,50000,0,twitter_cluster27-27a37d000e6291e86de84f26fa0eebac,0.0003495738808666493,0.006933392323397514,
twitter_cluster27,12060815269,0.1,1,7043,hits,LRU,,201230.8889025207,1104.0,0.5075818603850967,1104,50000,0,twitter_cluster27-287f9a59a8fc37d3de45ed133910d839,-0.00957208235306739,-0.00957208235306739,
twitter_cluster27,12060815269,0.1,1,7043,disabled,LRU,,184767.44397839208,,0.4980097780320293,0,50000,0,twitter_cluster27-7de78128039378b3d3e19ce81b6ba547,0.0,0.0,
twitter_cluster27,12060815269,0.1,1,7043,tail-age,LRU,,206947.7327549997,2978.0,0.4814640457950953,2978,50000,0,twitter_cluster27-3314f9f654ca4095581e5323aea0e941,0.016545732236934008,0.016545732236934008,
twitter_cluster27,12060815269,0.1,1,7043,marginal-hits,LRU,,211804.6072335917,238945.0,0.459051966597201,238945,50000,0,twitter_cluster27-3846009adc647a34073fb793d8da2ce7,0.03895781143482829,0.03895781143482829,
twitter_cluster27,12060815269,0.1,1,7043,free-mem,LRU,,205172.0908411717,,0.4980097780320293,0,50000,0,twitter_cluster27-a8be76849c3b8489f2495502eb73269b,0.0,0.0,
twitter_cluster27,12060815269,0.1,1,7043,marginal-hits-tuned,LRU,,180096.7243354702,1048.0,0.4832514581315904,1048,50000,0,twitter_cluster27-61d0b9c270d5c0f664cd780519181e77,0.01475831990043891,0.01475831990043891,-0.024199491534389383
twitter_cluster27,12060815269,0.1,1,7043,disabled,LRU2Q,,205983.1719622198,,0.4671896531309022,0,50000,0,twitter_cluster27-aa45467b750cead5e2c4d481d2911b1d,0.0,0.030820124901127066,
twitter_cluster27,12060815269,0.1,1,7043,free-mem,LRU2Q,,188650.78462220775,,0.4671896531309022,0,50000,0,twitter_cluster27-5631b6e96cf8da30fdd925b4285d8d69,0.0,0.030820124901127066,
twitter_cluster27,12060815269,0.1,1,7043,tail-age,LRU2Q,,199151.45684278925,4375.0,0.4461743507365878,4375,50000,0,twitter_cluster27-d7aecb1d4158b23906b295fb07e7d693,0.021015302394314428,0.051835427295441494,
twitter_cluster27,12060815269,0.1,1,7043,marginal-hits-tuned,LRU2Q,warm-cold,232397.4676941306,12035.0,0.4485031050018315,12035,50000,0,twitter_cluster27-6bbbe72339d92b2a77696d9e1c8adc75,0.018686548129070724,0.04950667303019779,0.005340076484343703
twitter_cluster27,12060815269,0.1,1,7043,marginal-hits-tuned,LRU2Q,cold,210933.11622053589,18825.0,0.4368302357255846,18825,50000,0,twitter_cluster27-57806e9f1f2116c2705640d84884cbf0,0.030359417405317612,0.06117954230644468,0.017790255734328186
twitter_cluster27,12060815269,0.1,1,7043,marginal-hits,LRU2Q,warm-cold,226734.424430558,238949.0,0.4538431814861752,238949,50000,0,twitter_cluster27-72922b1c755cd6e7a75af7dbaa0dece9,0.01334647164472702,0.04416659654585409,
twitter_cluster27,12060815269,0.1,1,7043,hits,LRU2Q,,232010.86995202425,518.0,0.4702614565847887,518,50000,0,twitter_cluster27-5f1badef36d32d2d38473e4c8f968175,-0.003071803453886468,0.027748321447240598,
twitter_cluster27,12060815269,0.1,1,7043,marginal-hits,LRU2Q,cold,220073.8094519355,238946.0,0.4546204914599128,238946,50000,0,twitter_cluster27-c60dba87d94b591c1b5d1b477bec15b4,0.012569161670989426,0.04338928657211649,
twitter_cluster27,12060815269,0.1,1,7043,disabled,TINYLFU,,194811.061826863,,0.4239248913082743,0,50000,0,twitter_cluster27-211c7b2fd02143337ecf2fdca8a45a39,0.0,0.07408488672375496,
twitter_cluster27,12060815269,0.1,1,7043,tail-age,TINYLFU,,187362.63714683292,109913.0,0.4294445548231537,109913,50000,0,twitter_cluster27-63065e2b6570595c5c251219d0e1d1eb,-0.005519663514879369,0.06856522320887559,
twitter_cluster27,12060815269,0.1,1,7043,marginal-hits,TINYLFU,,200335.23901997745,238950.0,0.4385555638676618,238950,50000,0,twitter_cluster27-8eee1e4cc32563050a034d9d037e59fc,-0.014630672559387492,0.05945421416436747,
twitter_cluster27,12060815269,0.1,1,7043,marginal-hits-tuned,TINYLFU,,203306.2233629655,17005.0,0.4092577578637648,17005,50000,0,twitter_cluster27-283d2fba1dbac01886fc7068b26d0bf9,0.01466713344450954,0.0887520201682645,0.02929780600389703
twitter_cluster27,12060815269,0.1,1,7043,hits,TINYLFU,,205336.00578047737,257.0,0.4245949924432094,257,50000,0,twitter_cluster27-f4fb27bddf872117abde4708faf748b9,-0.0006701011349350972,0.07341478558881986,
twitter_cluster27,12060815269,0.1,1,7043,free-mem,TINYLFU,,196327.9898340526,,0.415048982150618,0,50000,0,twitter_cluster27-7d43d8ba6ee95eec6f5980add8fffe0e,0.008875909157656348,0.08296079588141131,
twitter_cluster28,5267932037,0.01,1,91,marginal-hits,LRU,,729145.9603942926,100178.0,0.0498392688356544,100178,50000,17,twitter_cluster28-4bec74867236db3b4f4d18d16ca8a9e2,-0.011502526907030401,-0.011502526907030401,
twitter_cluster28,5267932037,0.01,1,91,marginal-hits-tuned,LRU,,614229.5707940332,301.0,0.03949481248784,301,50000,15,twitter_cluster28-80f6e5e69f9c755c16a7904442cb3fbb,-0.001158070559216004,-0.001158070559216004,0.010344456347814397
twitter_cluster28,5267932037,0.01,1,91,disabled,LRU,,655659.5939253875,,0.038336741928624,0,50000,6463,twitter_cluster28-997e45915b226118464249b364e9da1d,0.0,0.0,
twitter_cluster28,5267932037,0.01,1,91,free-mem,LRU,,672521.9525300743,5.0,0.0389275217599015,5,50000,13,twitter_cluster28-4188408691b58bd475ca539b422da3c8,-0.0005907798312775048,-0.0005907798312775048,
twitter_cluster28,5267932037,0.01,1,91,hits,LRU,,667453.0082556753,38.0,0.0408075739189723,38,50000,13,twitter_cluster28-1a4c2be0bc00380e3122ff96fce689ac,-0.002470831990348303,-0.002470831990348303,
twitter_cluster28,5267932037,0.01,1,91,tail-age,LRU,,578417.4724465037,52.0,0.0390117756942504,52,50000,13,twitter_cluster28-b3802184b603c4a9d6868800e4815c1c,-0.000675033765626401,-0.000675033765626401,
twitter_cluster28,5267932037,0.01,1,91,disabled,LRU2Q,,688595.5378652315,,0.0370166819978661,0,50000,6463,twitter_cluster28-26573aac3672dd0182c79cdb3b22a86a,0.0,0.0013200599307578997,
twitter_cluster28,5267932037,0.01,1,91,marginal-hits,LRU2Q,cold,708076.8248889816,91838.0,0.0490085832897392,91838,50000,10,twitter_cluster28-7f450ced2a98ff9cae9fcddd42a48801,-0.011991901291873101,-0.010671841361115202,
twitter_cluster28,5267932037,0.01,1,91,marginal-hits-tuned,LRU2Q,cold,686288.0334144922,240.0,0.0374935807092304,240,50000,13,twitter_cluster28-887c29bf6a6eb7e42691e59d8b13f141,-0.0004768987113643042,0.0008431612193935956,0.011515002580508797
twitter_cluster28,5267932037,0.01,1,91,hits,LRU2Q,,635212.6938373718,38.0,0.0395989201331452,38,50000,13,twitter_cluster28-1a825b2fed6d00adc2e4dd52504def46,-0.002582238135279101,-0.0012621782045212013,
twitter_cluster28,5267932037,0.01,1,91,marginal-hits,LRU2Q,warm-cold,651807.343992878,93160.0,0.0493578444394801,93160,50000,13,twitter_cluster28-1843a29540f48c2fd48af622ce79c2fd,-0.012341162441614005,-0.011021102510856105,
twitter_cluster28,5267932037,0.01,1,91,free-mem,LRU2Q,,651061.7849332868,5.0,0.0376190257596521,5,50000,13,twitter_cluster28-e6c9ce50a491a5379624079c7bcab087,-0.0006023437617860006,0.0007177161689718992,
twitter_cluster28,5267932037,0.01,1,91,marginal-hits-tuned,LRU2Q,warm-cold,730273.22703091,278.0,0.0377579797163203,278,50000,13,twitter_cluster28-a05d81ed5ff9a3b230984ddef43c992e,-0.0007412977184542008,0.000578762212303699,0.011599864723159804
twitter_cluster28,5267932037,0.01,1,91,tail-age,LRU2Q,,489517.75657619495,97.0,0.0373596230205124,97,50000,13,twitter_cluster28-6f22f633221f99c578bd0e17a473375d,-0.0003429410226463009,0.0009771189081115988,
twitter_cluster28,5267932037,0.01,1,91,disabled,TINYLFU,,723194.0151033942,,0.0401877523310956,0,50000,6463,twitter_cluster28-046c5cac967f480448e6d0f2e56665c4,0.0,-0.0018510104024716048,
twitter_cluster28,5267932037,0.01,1,91,tail-age,TINYLFU,,470510.8481442506,17084.0,0.0445193697171458,17084,50000,13,twitter_cluster28-c74012e6812da2d0ac5ce84da7bc6ce4,-0.004331617386050195,-0.0061826277885217995,
twitter_cluster28,5267932037,0.01,1,91,hits,TINYLFU,,559482.4543771575,38.0,0.0451531776282101,38,50000,13,twitter_cluster28-d27a4ab195777f125a0dd4ff3a85173f,-0.004965425297114495,-0.0068164356995861,
twitter_cluster28,5267932037,0.01,1,91,marginal-hits-tuned,TINYLFU,,427458.9198422553,328.0,0.0435610346504551,328,50000,13,twitter_cluster28-eb5e81131156dd4250ebb5cb71d5e4b8,-0.0033732823193594955,-0.0052242927218311,0.006386567207719705
twitter_cluster28,5267932037,0.01,1,91,marginal-hits,TINYLFU,,539990.6883805242,100785.0,0.0499476018581748,100785,50000,16,twitter_cluster28-22fd2c4cc4c6f08a18b9a90432a70b82,-0.0097598495270792,-0.011610859929550806,
twitter_cluster28,5267932037,0.01,1,91,free-mem,TINYLFU,,522186.3351447464,5.0,0.040958204563868,5,50000,13,twitter_cluster28-d05c61f754c3fdebe208eac45f97c9fc,-0.0007704522327723964,-0.0026214626352440012,
twitter_cluster28,5267932037,0.1,1,905,free-mem,LRU,,470756.6337379669,2.0,0.0209496051249075,2,50000,4,twitter_cluster28-ad5b801c738b4cc4d9ff801e11bb2bb3,-2.7294201783500255e-05,-2.7294201783500255e-05,
twitter_cluster28,5267932037,0.1,1,905,hits,LRU,,736826.1160718255,774.0,0.0210457143754529,774,50000,4,twitter_cluster28-4c2e41afafed874637fcfe5025f3c691,-0.00012340345232890113,-0.00012340345232890113,
twitter_cluster28,5267932037,0.1,1,905,marginal-hits,LRU,,711192.5428668299,102539.0,0.0256391018432571,102539,50000,0,twitter_cluster28-f1e74214b5cb60700bc5c57818cc3481,-0.0047167909201331,-0.0047167909201331,
twitter_cluster28,5267932037,0.1,1,905,disabled,LRU,,640053.9303294963,,0.020922310923124,0,50000,544,twitter_cluster28-684afd0d2bb0610ee38b5f5746f68b4f,0.0,0.0,
twitter_cluster28,5267932037,0.1,1,905,marginal-hits-tuned,LRU,,703986.7460421883,196.0,0.0202051080485494,196,50000,4,twitter_cluster28-07e8dc2de30cf491ef045263969c9976,0.0007172028745746004,0.0007172028745746004,0.0054339937947077005
twitter_cluster28,5267932037,0.1,1,905,tail-age,LRU,,743698.2359163024,25.0,0.0209533597291547,25,50000,4,twitter_cluster28-bffa38d9dcb35ea94e9b7828ba8716ba,-3.1048806030699316e-05,-3.1048806030699316e-05,
twitter_cluster28,5267932037,0.1,1,905,marginal-hits-tuned,LRU2Q,cold,652455.7399693676,200.0,0.0196736974342252,200,50000,4,twitter_cluster28-283fd91cd26fd86344193cade26d670b,0.0005111007471412972,0.001248613488898799,0.005837428194596098
twitter_cluster28,5267932037,0.1,1,905,marginal-hits-tuned,LRU2Q,warm-cold,729634.2005060758,233.0,0.020115541023636,233,50000,4,twitter_cluster28-13a9896ef511ceb292608e84352b039a,6.925715773049845e-05,0.0008067698994880003,0.0034223535674668994
twitter_cluster28,5267932037,0.1,1,905,hits,LRU2Q,,466964.0468370148,841.0,0.0203802821004389,841,50000,4,twitter_cluster28-927f83b2ae5ed566a09c06769ce9fa08,-0.00019548391907240129,0.0005420288226851006,
twitter_cluster28,5267932037,0.1,1,905,marginal-hits,LRU2Q,cold,723778.2284334183,99856.0,0.0255111256288213,99856,50000,0,twitter_cluster28-5626af95a26e40de5c24227f53dc9bf4,-0.005326327447454801,-0.004588814705697299,
twitter_cluster28,5267932037,0.1,1,905,marginal-hits,LRU2Q,warm-cold,579770.9867231798,102007.0,0.0235378945911029,102007,50000,0,twitter_cluster28-e05ff9bb0dbc2601e66d5a7897669649,-0.003353096409736401,-0.002615583667978899,
twitter_cluster28,5267932037,0.1,1,905,free-mem,LRU2Q,,530714.2990624066,2.0,0.0202083590396175,2,50000,4,twitter_cluster28-ab153379809c9e119c8aad47d5c9bbd5,-2.3560858251000377e-05,0.0007139518835065015,
twitter_cluster28,5267932037,0.1,1,905,disabled,LRU2Q,,630186.5032108874,,0.0201847981813665,0,50000,544,twitter_cluster28-0cf54715c786655f85fbe0f9acfebe79,0.0,0.0007375127417575018,
twitter_cluster28,5267932037,0.1,1,905,tail-age,LRU2Q,,461654.2874697409,324.0,0.0201130576962301,324,50000,4,twitter_cluster28-110018a567874919c15f5d656bc55265,7.174048513639703e-05,0.0008092532268938989,
twitter_cluster28,5267932037,0.1,1,905,tail-age,TINYLFU,,461611.1207880898,8557.0,0.0214335024079582,8557,50000,4,twitter_cluster28-c3a9345187b7e9626b7568ebc4ea9580,8.623991289360283e-05,-0.0005111914848341982,
twitter_cluster28,5267932037,0.1,1,905,marginal-hits,TINYLFU,,548973.9613041246,102530.0,0.0256148101479388,102530,50000,0,twitter_cluster28-d0ad17843c2a82ad4742747c5d655974,-0.004095067827086997,-0.004692499224814798,
twitter_cluster28,5267932037,0.1,1,905,hits,TINYLFU,,562207.0927863253,733.0,0.0235889871257274,733,50000,4,twitter_cluster28-04ac7c9c2840ed296f1e0f79f4d01d16,-0.002069244804875598,-0.002666676202603399,
twitter_cluster28,5267932037,0.1,1,905,disabled,TINYLFU,,667379.3044973327,,0.0215197423208518,0,50000,544,twitter_cluster28-90556894adde4cc14f75e0824ef2e063,0.0,-0.000597431397727801,
twitter_cluster28,5267932037,0.1,1,905,marginal-hits-tuned,TINYLFU,,519827.15126358304,216.0,0.0230811664133092,216,50000,4,twitter_cluster28-40a998bac42fd4c7ecc5dcc4b1f03026,-0.0015614240924573981,-0.002158855490185199,0.002533643734629599
twitter_cluster28,5267932037,0.1,1,905,free-mem,TINYLFU,,529035.0596020827,2.0,0.0215466769887638,2,50000,4,twitter_cluster28-156e51f9529d7db6af5294ef91f0b839,-2.6934667911999305e-05,-0.0006243660656398003,
twitter_cluster29,6920247859,0.01,1,790,tail-age,LRU,,305511.84387357155,623.0,0.0980012915459362,623,50000,4,twitter_cluster29-32d1b9ba99130991b81b3041d7f3e289,0.003665659166674093,0.003665659166674093,
twitter_cluster29,6920247859,0.01,1,790,marginal-hits-tuned,LRU,,346955.9606841216,827.0,0.0822061597490535,827,50000,4,twitter_cluster29-503b90e9d88feafed39ab884fafbaf65,0.019460790963556795,0.019460790963556795,0.005715096020522503
twitter_cluster29,6920247859,0.01,1,790,marginal-hits,LRU,,540333.7829603178,138075.0,0.087921255769576,138075,50000,4,twitter_cluster29-58cdf1b1806b3e2ed8efbcb3265acb1c,0.013745694943034292,0.013745694943034292,
twitter_cluster29,6920247859,0.01,1,790,hits,LRU,,362603.7089378046,4074.0,0.0880275476271781,4074,50000,4,twitter_cluster29-5525fd0c8493e0b9cb234f03f0901771,0.013639403085432197,0.013639403085432197,
twitter_cluster29,6920247859,0.01,1,790,free-mem,LRU,,345447.7750109658,4.0,0.1023109285138106,4,50000,4,twitter_cluster29-ce3b8220113e43569fcd5402f15d5f4e,-0.0006439778012003045,-0.0006439778012003045,
twitter_cluster29,6920247859,0.01,1,790,disabled,LRU,,328553.3455469724,,0.1016669507126103,0,50000,1112,twitter_cluster29-15ff50fe03344feefe1c30e5b73fac76,0.0,0.0,
twitter_cluster29,6920247859,0.01,1,790,tail-age,LRU2Q,,428856.9297227384,2095.0,0.0993349563492853,2095,50000,4,twitter_cluster29-33771b57dc6a2ca62b2079a24cd101a6,-0.006475410695257297,0.002331994363324999,
twitter_cluster29,6920247859,0.01,1,790,free-mem,LRU2Q,,347706.89412826305,4.0,0.0934914561128871,4,50000,4,twitter_cluster29-986a7bd1addaac5d87ea2562c641c875,-0.0006319104588591029,0.008175494599723193,
twitter_cluster29,6920247859,0.01,1,790,marginal-hits,LRU2Q,cold,296388.91987029806,138075.0,0.0888569345388818,138075,50000,3,twitter_cluster29-db1b6873cb40cc55603b1cbb97ba0405,0.004002611115146201,0.012810016173728497,
twitter_cluster29,6920247859,0.01,1,790,marginal-hits-tuned,LRU2Q,warm-cold,423346.5404318236,1161.0,0.0757239559445091,1161,50000,4,twitter_cluster29-38a649965b8423b1198ad6bf0abf50fe,0.017135589709518895,0.02594299476810119,0.015529312849717689
twitter_cluster29,6920247859,0.01,1,790,marginal-hits,LRU2Q,warm-cold,302004.3544051446,,0.0912532687942268,138075,50000,4,twitter_cluster29-52934edeb816df953608ba7468d46005,0.0016062768598012062,0.010413681918383502,
twitter_cluster29,6920247859,0.01,1,790,marginal-hits-tuned,LRU2Q,cold,345207.16530865507,1074.0,0.0772324604392468,1074,50000,4,twitter_cluster29-605cbf6ceb999ccdfa447bdfe6b9a936,0.015627085214781206,0.0244344902733635,0.011624474099635004
twitter_cluster29,6920247859,0.01,1,790,disabled,LRU2Q,,460275.217571122,,0.092859545654028,0,50000,1112,twitter_cluster29-d83126863df2e19c6b96194a3b17f251,0.0,0.008807405058582296,
twitter_cluster29,6920247859,0.01,1,790,hits,LRU2Q,,336152.61767221,4014.0,0.081009711129192,4014,50000,4,twitter_cluster29-3e17cd799727f185176828fa76faf324,0.011849834524835998,0.020657239583418294,
twitter_cluster29,6920247859,0.01,1,790,marginal-hits,TINYLFU,,293616.03186273965,138075.0,0.087260828846564,138075,50000,4,twitter_cluster29-14680cc22ec243e19e7adfa55413ba10,0.014434961584516806,0.014406121866046298,
twitter_cluster29,6920247859,0.01,1,790,hits,TINYLFU,,430760.2251997061,4124.0,0.0818930478426379,4124,50000,4,twitter_cluster29-bb71f020d8a82ecd815c1394242e3e0a,0.019802742588442904,0.019773902869972396,
twitter_cluster29,6920247859,0.01,1,790,tail-age,TINYLFU,,303167.7225160423,52339.0,0.1021077013998899,52339,50000,4,twitter_cluster29-b9455a483c2ed7fc2d9eca7bb454c1b3,-0.00041191096880908995,-0.000440750687279598,
twitter_cluster29,6920247859,0.01,1,790,marginal-hits-tuned,TINYLFU,,293799.92722929415,908.0,0.0797627935077693,908,50000,4,twitter_cluster29-81971f407e867bf89419517f043713f4,0.021932996923311507,0.021904157204841,0.007498035338794701
twitter_cluster29,6920247859,0.01,1,790,disabled,TINYLFU,,492528.78557034896,,0.1016957904310808,0,50000,1112,twitter_cluster29-bf99d14307d2706262b2e65d23ea75a4,0.0,-2.8839718470508036e-05,
twitter_cluster29,6920247859,0.01,1,790,free-mem,TINYLFU,,430959.5769859872,4.0,0.1023061736263166,4,50000,4,twitter_cluster29-959b14f47120e32c61e0561e5301a29c,-0.0006103831952357919,-0.0006392229137062999,
twitter_cluster29,6920247859,0.1,1,7891,marginal-hits-tuned,LRU,,341118.6557413861,1193.0,0.0454604842788767,1193,50000,1,twitter_cluster29-cb9b15291acc208a8dc39054f845f5aa,0.0020355279589704955,0.0020355279589704955,0.0222736961364089
twitter_cluster29,6920247859,0.1,1,7891,marginal-hits,LRU,,357622.39085407194,129154.0,0.0677341804152856,129154,50000,0,twitter_cluster29-0408cbeaff989c800fd9dc4f9b2a4fe9,-0.020238168177438405,-0.020238168177438405,
twitter_cluster29,6920247859,0.1,1,7891,hits,LRU,,318648.07204934675,5022.0,0.042169886967339,5022,50000,1,twitter_cluster29-4393ddc60eae7bb3362a633e474e1418,0.0053261252705082,0.0053261252705082,
twitter_cluster29,6920247859,0.1,1,7891,disabled,LRU,,245182.89841873944,,0.0474960122378472,0,50000,36,twitter_cluster29-b93ec0d0727d9cf673d8f3d924f0e302,0.0,0.0,
twitter_cluster29,6920247859,0.1,1,7891,tail-age,LRU,,323346.1842365932,1994.0,0.0477694004225694,1994,50000,1,twitter_cluster29-ccc730fce3d4a157c3963b9434849e69,-0.0002733881847222022,-0.0002733881847222022,
twitter_cluster29,6920247859,0.1,1,7891,free-mem,LRU,,315312.7474165698,1.0,0.047500757443607,1,50000,1,twitter_cluster29-6ff960f02e199ae11719efdf709e1e17,-4.745205759805471e-06,-4.745205759805471e-06,
twitter_cluster29,6920247859,0.1,1,7891,disabled,LRU2Q,,327522.2916038074,,0.0446492984493548,0,50000,36,twitter_cluster29-5e871092a35585d82dc4e73c48813e15,0.0,0.002846713788492397,
twitter_cluster29,6920247859,0.1,1,7891,free-mem,LRU2Q,,428561.0069205777,1.0,0.044653171865531,1,50000,1,twitter_cluster29-124f85061c4142f7b42ee833df7ad2aa,-3.873416176199129e-06,0.002842840372316198,
twitter_cluster29,6920247859,0.1,1,7891,tail-age,LRU2Q,,213930.9022481309,2501.0,0.0438896311244601,2501,50000,1,twitter_cluster29-e6b1ccee07575681a363180e9435f6d8,0.0007596673248947,0.003606381113387097,
twitter_cluster29,6920247859,0.1,1,7891,marginal-hits-tuned,LRU2Q,warm-cold,278750.763954115,114.0,0.0444873383544512,114,50000,1,twitter_cluster29-717e05b73f4b45f2675f7bab927e5f0f,0.00016196009490360153,0.0030086738833959986,0.0241020647523602
twitter_cluster29,6920247859,0.1,1,7891,marginal-hits,LRU2Q,warm-cold,305402.6772929702,129047.0,0.0685894031068114,129047,50000,0,twitter_cluster29-a0b3c89143432138b5e39f420a937696,-0.0239401046574566,-0.021093390868964203,
twitter_cluster29,6920247859,0.1,1,7891,marginal-hits-tuned,LRU2Q,cold,311995.5448098381,523.0,0.0437665268890768,523,50000,1,twitter_cluster29-f1f3c987f00aaaf2587250a942edfff3,0.000882771560278002,0.003729485348770399,0.026921854360708097
twitter_cluster29,6920247859,0.1,1,7891,marginal-hits,LRU2Q,cold,376377.9473164012,129024.0,0.0706883812497849,129024,50000,0,twitter_cluster29-b4e6f8eb5eda885d9b4fe1aec1c5c63a,-0.026039082800430095,-0.023192369011937698,
twitter_cluster29,6920247859,0.1,1,7891,hits,LRU2Q,,341234.36396367993,5016.0,0.0408884649459489,5016,50000,1,twitter_cluster29-4e76fac5cc5932bbbf7d2aa2b2af58e7,0.0037608335034058984,0.0066075472918982955,
twitter_cluster29,6920247859,0.1,1,7891,hits,TINYLFU,,311417.6346511349,5014.0,0.0419372005039624,5014,50000,1,twitter_cluster29-cece37f8607e318133a29fff234a6d16,0.005686551378188201,0.005558811733884797,
twitter_cluster29,6920247859,0.1,1,7891,marginal-hits,TINYLFU,,314394.444369352,129154.0,0.0669744875390885,129154,50000,0,twitter_cluster29-75b6a46390e4c9d41f76402503173f6d,-0.019350735656937894,-0.019478475301241298,
twitter_cluster29,6920247859,0.1,1,7891,marginal-hits-tuned,TINYLFU,,341033.4673611739,1100.0,0.0457091260956235,1100,50000,1,twitter_cluster29-c4eecc7e913b3f95cdfc8d2dab20759a,0.0019146257865271035,0.0017868861422236995,0.021265361443464997
twitter_cluster29,6920247859,0.1,1,7891,tail-age,TINYLFU,,341214.04337048955,21499.0,0.0493747828057382,21499,50000,1,twitter_cluster29-f685a8c903b79a12986ad87d1c19c892,-0.001751030923587596,-0.001878770567891,
twitter_cluster29,6920247859,0.1,1,7891,free-mem,TINYLFU,,330675.3328742538,1.0,0.0476285456410846,1,50000,1,twitter_cluster29-159e4e7972143b235e2fe3fb40b35eac,-4.793758934001913e-06,-0.00013253340323740592,
twitter_cluster29,6920247859,0.1,1,7891,disabled,TINYLFU,,219277.59896379904,,0.0476237518821506,0,50000,36,twitter_cluster29-e37b00c526881054b7ecc783efa47eff,0.0,-0.000127739644303404,
twitter_cluster3,820307312,0.1,1,76,free-mem,LRU,,689419.3602776835,,0.0238262803635718,0,50000,0,twitter_cluster3-7b51dbca2403e1379085af6c74892e36,0.0,0.0,
twitter_cluster3,820307312,0.1,1,76,marginal-hits,LRU,,635444.7879587121,15479.0,0.036002568266757,15479,50000,0,twitter_cluster3-d6508bc43f0639c5fd12cf17f38e180a,-0.012176287903185198,-0.012176287903185198,
twitter_cluster3,820307312,0.1,1,76,disabled,LRU,,850552.899570784,,0.0238262803635718,0,50000,0,twitter_cluster3-863f23c03c3d4a11512d33492fc875ed,0.0,0.0,
twitter_cluster3,820307312,0.1,1,76,hits,LRU,,612224.5097924588,820.0,0.0226770769050514,820,50000,0,twitter_cluster3-8cd25f0351a827bd2e11aa2817ddab6e,0.0011492034585204002,0.0011492034585204002,
twitter_cluster3,820307312,0.1,1,76,marginal-hits-tuned,LRU,,634613.0775421323,211.0,0.0241394605537784,211,50000,0,twitter_cluster3-6e6580c9d4b4ead320819e1f8fea8e0e,-0.0003131801902066002,-0.0003131801902066002,0.011863107712978598
twitter_cluster3,820307312,0.1,1,76,tail-age,LRU,,430710.11367363785,58.0,0.0215457313880435,58,50000,0,twitter_cluster3-8721211fabeb14a28872bdca9ee6f2eb,0.002280548975528301,0.002280548975528301,
twitter_cluster3,820307312,0.1,1,76,disabled,LRU2Q,,1193105.8092406334,,0.022589059891252,0,50000,0,twitter_cluster3-e57c659f2d5fa7158c9da2682486da3f,0.0,0.0012372204723197985,
twitter_cluster3,820307312,0.1,1,76,marginal-hits-tuned,LRU2Q,cold,726487.3612681748,87.0,0.019978723534772,87,50000,0,twitter_cluster3-dd909e24a14526cb583d5508e7e79fbc,0.0026103363564799996,0.003847556828799798,0.010354715697084998
twitter_cluster3,820307312,0.1,1,76,tail-age,LRU2Q,,598067.8905508158,717.0,0.0217478897713397,717,50000,0,twitter_cluster3-a7015e6febc5fd483f3b57e21c496816,0.000841170119912301,0.0020783905922320996,
twitter_cluster3,820307312,0.1,1,76,marginal-hits,LRU2Q,warm-cold,621863.3175561076,14288.0,0.0317121688658067,14288,50000,0,twitter_cluster3-ef1beba420a3f6b56aede037bbfe1eb7,-0.009123108974554702,-0.007885888502234904,
twitter_cluster3,820307312,0.1,1,76,marginal-hits,LRU2Q,cold,797386.9651213111,14929.0,0.030333439231857,14929,50000,0,twitter_cluster3-29f17d986843ab5c3ad5f7d9915a1d13,-0.007744379340604998,-0.0065071588682852,
twitter_cluster3,820307312,0.1,1,76,hits,LRU2Q,,725227.176703301,780.0,0.0220248883993856,780,50000,0,twitter_cluster3-ebd9b8417d8533ab3f9373a74c037756,0.0005641714918664005,0.001801391964186199,
twitter_cluster3,820307312,0.1,1,76,marginal-hits-tuned,LRU2Q,warm-cold,446091.6296640204,79.0,0.0202002953741804,79,50000,0,twitter_cluster3-8ec0096771da4123d4f60acd00fc2b73,0.0023887645170716024,0.003625984989391401,0.011511873491626304
twitter_cluster3,820307312,0.1,1,76,free-mem,LRU2Q,,720377.6527545104,,0.022589059891252,0,50000,0,twitter_cluster3-b6fd4bd6246e55df4ae51ec9207bcc9b,0.0,0.0012372204723197985,
twitter_cluster3,820307312,0.1,1,76,marginal-hits,TINYLFU,,668447.0082850221,15459.0,0.0356346817496123,15459,50000,0,twitter_cluster3-c06d9bec07f2628aad7a267ebef6d4f4,-0.011782330668777399,-0.011808401386040498,
twitter_cluster3,820307312,0.1,1,76,marginal-hits-tuned,TINYLFU,,615575.300224492,252.0,0.0237996391284148,252,50000,0,twitter_cluster3-9cd00ebe0502653d7e484a717e4d0777,5.2711952420098074e-05,2.66412351569989e-05,0.011835042621197497
twitter_cluster3,820307312,0.1,1,76,hits,TINYLFU,,602247.9217937769,816.0,0.0225213998823894,816,50000,0,twitter_cluster3-79cff8a248fba9822ac6f01a35557e33,0.0013309511984455,0.0013048804811824008,
twitter_cluster3,820307312,0.1,1,76,disabled,TINYLFU,,631366.8380738735,,0.0238523510808349,0,50000,0,twitter_cluster3-1c178a759a65500e63ba9738b71dbeef,0.0,-2.6070717263099175e-05,
twitter_cluster3,820307312,0.1,1,76,free-mem,TINYLFU,,707700.1588007809,,0.0238523510808349,0,50000,0,twitter_cluster3-f6a3e37efc4144c3f64180e72bb35052,0.0,-2.6070717263099175e-05,
twitter_cluster3,820307312,0.1,1,76,tail-age,TINYLFU,,770066.7709432394,824.0,0.0230147125642103,824,50000,0,twitter_cluster3-f5b7fb0a2a8703dc1bbfe3bfba0be76f,0.0008376385166245989,0.0008115677993614998,
twitter_cluster30,2554900851,0.1,1,142,tail-age,LRU,,696966.9985987995,141.0,0.0093611969288901,141,50000,5,twitter_cluster30-aa088c969ffb91ff96222582441e36bd,0.0813048024617844,0.0813048024617844,
twitter_cluster30,2554900851,0.1,1,142,disabled,LRU,,779684.1032827043,,0.0906659993906745,0,50000,85,twitter_cluster30-06b32e96385bfd0ae15f26f1edb6fd2c,0.0,0.0,
twitter_cluster30,2554900851,0.1,1,142,hits,LRU,,912185.1621819936,157.0,0.0090007528045557,157,50000,5,twitter_cluster30-5dbede1c9ca0fb47ed0a42bacced7721,0.0816652465861188,0.0816652465861188,
twitter_cluster30,2554900851,0.1,1,142,marginal-hits,LRU,,699779.9728699429,37910.0,0.0149593675954355,37910,50000,7,twitter_cluster30-4dbc0e5efa7cc26bf07a2ac6de5c826a,0.07570663179523901,0.07570663179523901,
twitter_cluster30,2554900851,0.1,1,142,free-mem,LRU,,744720.7628453984,5.0,0.0907203686238077,5,50000,5,twitter_cluster30-a11b539fd72aaa4fa864543d96d91d51,-5.436923313319186e-05,-5.436923313319186e-05,
twitter_cluster30,2554900851,0.1,1,142,marginal-hits-tuned,LRU,,694929.6932159393,379.0,0.0095309921676487,379,50000,5,twitter_cluster30-d8ea0f09fdd80ece06ff87a493064fba,0.0811350072230258,0.0811350072230258,0.0054283754277868
twitter_cluster30,2554900851,0.1,1,142,marginal-hits-tuned,LRU2Q,cold,876321.3221760682,320.0,0.0087368071411707,320,50000,5,twitter_cluster30-6f543ae2c09a756af2118ddfb1e829f1,0.0758397469413188,0.0819291922495038,0.0094393158116334
twitter_cluster30,2554900851,0.1,1,142,free-mem,LRU2Q,,799590.7083760719,5.0,0.0846309444514721,5,50000,5,twitter_cluster30-3c2fbd93c5c36b421bf447c671fc0412,-5.439036898259586e-05,0.006035054939202408,
twitter_cluster30,2554900851,0.1,1,142,tail-age,LRU2Q,,676015.628169617,291.0,0.0091609899424625,291,50000,5,twitter_cluster30-1d67999f281c6575157a7d5c0bf72e7a,0.075415564140027,0.081505009448212,
twitter_cluster30,2554900851,0.1,1,142,hits,LRU2Q,,897773.4207064521,158.0,0.0088452692757743,158,50000,5,twitter_cluster30-5f7e056ca9727d68179ffcc132902c1a,0.0757312848067152,0.08182073011490021,
twitter_cluster30,2554900851,0.1,1,142,marginal-hits-tuned,LRU2Q,warm-cold,810325.8879515603,291.0,0.0087041142873688,291,50000,5,twitter_cluster30-d1aed16c17e57c59bb93ed59b6deb111,0.0758724397951207,0.08196188510330571,0.0049685822426461
twitter_cluster30,2554900851,0.1,1,142,marginal-hits,LRU2Q,warm-cold,796645.4159068167,43336.0,0.0136726965300149,43336,50000,6,twitter_cluster30-3abb6ebaf07f875641eb079335b6335c,0.0709038575524746,0.0769933028606596,
twitter_cluster30,2554900851,0.1,1,142,marginal-hits,LRU2Q,cold,747623.5378782252,41231.0,0.0181761229528041,41231,50000,5,twitter_cluster30-6b0833a96b38ba23c37b6f65822a3266,0.0664004311296854,0.0724898764378704,
twitter_cluster30,2554900851,0.1,1,142,disabled,LRU2Q,,816163.0952711275,,0.0845765540824895,0,50000,85,twitter_cluster30-7d849298591d230ca1b86870f356e4a4,0.0,0.006089445308185004,
twitter_cluster30,2554900851,0.1,1,142,marginal-hits-tuned,TINYLFU,,726659.637868877,389.0,0.009025329100726,389,50000,5,twitter_cluster30-134ee39476f3069d5737a78c6de53aad,0.07867107090333031,0.08164067028994851,0.005038855811160399
twitter_cluster30,2554900851,0.1,1,142,hits,TINYLFU,,863200.4419164276,160.0,0.0088968924140845,160,50000,5,twitter_cluster30-769912a1459666e318f69ac6b2a09326,0.07879950758997181,0.08176910697659001,
twitter_cluster30,2554900851,0.1,1,142,disabled,TINYLFU,,828252.3619290103,,0.0876964000040563,0,50000,85,twitter_cluster30-c96b2944b1ce75e5a5680c3f17f0b71d,0.0,0.002969599386618199,
twitter_cluster30,2554900851,0.1,1,142,tail-age,TINYLFU,,712629.7391163235,738.0,0.0093211194440985,738,50000,5,twitter_cluster30-2b7f9aa3bf47dd0e3e278c14cea4584d,0.07837528055995781,0.08134487994657601,
twitter_cluster30,2554900851,0.1,1,142,free-mem,TINYLFU,,595089.4573179071,5.0,0.0877512397055442,5,50000,5,twitter_cluster30-ffe578c43f5f968211cde757bf49ac55,-5.483970148789652e-05,0.0029147596851303026,
twitter_cluster30,2554900851,0.1,1,142,marginal-hits,TINYLFU,,775136.8166281797,45032.0,0.0140641849118864,45032,50000,5,twitter_cluster30-21db038ed50b99081a93b9d1903ad3ba,0.07363221509216991,0.07660181447878811,
twitter_cluster31,1341176720,0.01,1,1296,free-mem,LRU,,150698.13469689662,,0.9382928492823824,0,50000,0,twitter_cluster31-08880233a976625c614c24abc7591557,0.0,0.0,
twitter_cluster31,1341176720,0.01,1,1296,marginal-hits-tuned,LRU,,161078.3745684951,2.0,0.9382928492823824,2,50000,0,twitter_cluster31-2d67db223857ab4446c2b55e5287783d,0.0,0.0,2.2368416008333725e-09
twitter_cluster31,1341176720,0.01,1,1296,tail-age,LRU,,107614.7306152229,,0.9382928492823824,0,50000,0,twitter_cluster31-95945a648a899f7b810a0a6f500a021f,0.0,0.0,
twitter_cluster31,1341176720,0.01,1,1296,marginal-hits,LRU,,161063.48069813673,214.0,0.938292851519224,214,50000,0,twitter_cluster31-6bb5c455fb6380f2840b8b9e392806d5,-2.2368416008333725e-09,-2.2368416008333725e-09,
twitter_cluster31,1341176720,0.01,1,1296,disabled,LRU,,161065.24960577802,,0.9382928492823824,0,50000,0,twitter_cluster31-efcad338526e9b35cefbaf06ebe597cf,0.0,0.0,
twitter_cluster31,1341176720,0.01,1,1296,hits,LRU,,102422.91119957712,1.0,0.9382928492823824,1,50000,0,twitter_cluster31-30896e98e5e2091d16330f7b312ca7a3,0.0,0.0,
twitter_cluster31,1341176720,0.01,1,1296,marginal-hits-tuned,LRU2Q,cold,107546.49147993518,,0.9382928492823824,0,50000,0,twitter_cluster31-eec7e860f05a5c2555e912e404a204e8,0.0,0.0,0.0
twitter_cluster31,1341176720,0.01,1,1296,disabled,LRU2Q,,128655.7235553218,,0.9382928492823824,0,50000,0,twitter_cluster31-3141d28fb19988c430c0de27836cc010,0.0,0.0,
twitter_cluster31,1341176720,0.01,1,1296,hits,LRU2Q,,131472.85711060796,1.0,0.9382928492823824,1,50000,0,twitter_cluster31-7cf83a12dd08a90a5d4aa3d2201dc828,0.0,0.0,
twitter_cluster31,1341176720,0.01,1,1296,marginal-hits,LRU2Q,cold,128640.63622725842,16.0,0.9382928492823824,16,50000,0,twitter_cluster31-56384ebc46979fb3c35074ce9be85d6b,0.0,0.0,
twitter_cluster31,1341176720,0.01,1,1296,marginal-hits-tuned,LRU2Q,warm-cold,146248.1919555445,,0.9382928492823824,0,50000,0,twitter_cluster31-20f3ee3d996859c8e6bb32a8bbb16905,0.0,0.0,0.0
twitter_cluster31,1341176720,0.01,1,1296,free-mem,LRU2Q,,128593.895306576,,0.9382928492823824,0,50000,0,twitter_cluster31-1b4bf19d0e84e20b155a08a32a3ce038,0.0,0.0,
twitter_cluster31,1341176720,0.01,1,1296,tail-age,LRU2Q,,121080.1679535918,,0.9382928492823824,0,50000,0,twitter_cluster31-1dc1d85d271ab6182c1ceb806c4bbbb7,0.0,0.0,
twitter_cluster31,1341176720,0.01,1,1296,marginal-hits,LRU2Q,warm-cold,150617.00770718526,16.0,0.9382928492823824,16,50000,0,twitter_cluster31-5b93f29973d3cb32c9235f4da09254f4,0.0,0.0,
twitter_cluster31,1341176720,0.01,1,1296,marginal-hits,TINYLFU,,121314.7448490919,16.0,0.9382928492823824,16,50000,0,twitter_cluster31-82fa7fc5b48faeac4f9ca337fd681820,0.0,0.0,
twitter_cluster31,1341176720,0.01,1,1296,hits,TINYLFU,,128560.28767323236,1.0,0.9382928492823824,1,50000,0,twitter_cluster31-f0a48b1b6974b9ea9bd4e86469279b2d,0.0,0.0,
twitter_cluster31,1341176720,0.01,1,1296,marginal-hits-tuned,TINYLFU,,96026.17477370582,,0.9382928492823824,0,50000,0,twitter_cluster31-e22131abd930d5e643206dfeec810081,0.0,0.0,0.0
twitter_cluster31,1341176720,0.01,1,1296,tail-age,TINYLFU,,128603.50021515408,,0.9382928492823824,0,50000,0,twitter_cluster31-3b878b50bf7f0d5ffad72a067e2e212d,0.0,0.0,
twitter_cluster31,1341176720,0.01,1,1296,disabled,TINYLFU,,107517.23740581889,,0.9382928492823824,0,50000,0,twitter_cluster31-43238803f8f6c1b520c84b569f35ecfc,0.0,0.0,
twitter_cluster31,1341176720,0.01,1,1296,free-mem,TINYLFU,,160888.99672926197,,0.9382928492823824,0,50000,0,twitter_cluster31-7c21f9ad911a25021e9f54baefecc9d2,0.0,0.0,
twitter_cluster31,1341176720,0.1,1,12952,free-mem,LRU,,46148.32373726887,,0.9382928492823824,0,50000,0,twitter_cluster31-66b852eaacdae319ef48e890b4c6d70e,0.0,0.0,
twitter_cluster31,1341176720,0.1,1,12952,disabled,LRU,,46438.12272164402,,0.9382928492823824,0,50000,0,twitter_cluster31-d6aa99309243a30f56e8522305722b6b,0.0,0.0,
twitter_cluster31,1341176720,0.1,1,12952,marginal-hits,LRU,,56674.09569220728,214.0,0.938292851519224,214,50000,0,twitter_cluster31-dcf27d559daaa4e65c17aee1b291b50c,-2.2368416008333725e-09,-2.2368416008333725e-09,
twitter_cluster31,1341176720,0.1,1,12952,tail-age,LRU,,63564.72353617806,1.0,0.9382928492823824,1,50000,0,twitter_cluster31-9d5d80dd6b3ed30af64b61f3b1e9e0fc,0.0,0.0,
twitter_cluster31,1341176720,0.1,1,12952,hits,LRU,,47682.69542603333,11.0,0.9382928492823824,11,50000,0,twitter_cluster31-2b000d451b83f3d8c65ed0f70bcfe61d,0.0,0.0,
twitter_cluster31,1341176720,0.1,1,12952,marginal-hits-tuned,LRU,,71612.21536722787,2.0,0.9382928492823824,2,50000,0,twitter_cluster31-8fe0f96d59e8f0557f5ef0af1cf9cdb7,0.0,0.0,2.2368416008333725e-09
twitter_cluster31,1341176720,0.1,1,12952,marginal-hits,LRU2Q,cold,76029.10000948302,16.0,0.9382928492823824,16,50000,0,twitter_cluster31-6fde08b0bab848832f686d8ca506729d,0.0,0.0,
twitter_cluster31,1341176720,0.1,1,12952,marginal-hits,LRU2Q,warm-cold,55282.24828630116,16.0,0.9382928492823824,16,50000,0,twitter_cluster31-f129a8339f7e5abae1d40dfe10035b38,0.0,0.0,
twitter_cluster31,1341176720,0.1,1,12952,marginal-hits-tuned,LRU2Q,warm-cold,59111.45643266493,,0.9382928492823824,0,50000,0,twitter_cluster31-aff4c46971ff554f77c5c0ca78e32bd9,0.0,0.0,0.0
twitter_cluster31,1341176720,0.1,1,12952,hits,LRU2Q,,59938.72566520386,11.0,0.9382928492823824,11,50000,0,twitter_cluster31-0ed5bbf8d300f5a71bca7b4c81cdcd37,0.0,0.0,
twitter_cluster31,1341176720,0.1,1,12952,marginal-hits-tuned,LRU2Q,cold,54746.327082869735,,0.9382928492823824,0,50000,0,twitter_cluster31-1fe58c06d012154c490242fbafbe4a40,0.0,0.0,0.0
twitter_cluster31,1341176720,0.1,1,12952,free-mem,LRU2Q,,54317.12646768838,,0.9382928492823824,0,50000,0,twitter_cluster31-b958b17ade62ea917dc9e8037ab7e28e,0.0,0.0,
twitter_cluster31,1341176720,0.1,1,12952,tail-age,LRU2Q,,51910.96631953322,,0.9382928492823824,0,50000,0,twitter_cluster31-ab511e5770c5ea3fe1e16f085f74f07b,0.0,0.0,
twitter_cluster31,1341176720,0.1,1,12952,disabled,LRU2Q,,76014.41062491488,,0.9382928492823824,0,50000,0,twitter_cluster31-394ce0e522a5c91a23dd2c4ebd9da04c,0.0,0.0,
twitter_cluster32,3667356838,0.01,1,7858,disabled,LRU,,182155.85673948156,,0.9700054363785364,0,50000,62527,twitter_cluster32-de572842c9134dd9167a0f4bb0103dcc,0.0,0.0,
twitter_cluster32,3667356838,0.01,1,7858,hits,LRU,,157003.4156271938,92.0,0.9700046178053426,92,50000,2,twitter_cluster32-c896da90f77be18c4c8f054807299444,8.185731937837559e-07,8.185731937837559e-07,
twitter_cluster32,3667356838,0.01,1,7858,marginal-hits,LRU,,233427.42351357883,72665.0,0.9700564477767352,72665,50000,0,twitter_cluster32-a0cd8a530004eb0c4b3d25abe2cefe0b,-5.101139819874145e-05,-5.101139819874145e-05,
twitter_cluster32,3667356838,0.01,1,7858,tail-age,LRU,,157917.56950472103,557.0,0.9700046180780186,557,50000,2,twitter_cluster32-ed19cc855d675529312976da358e9124,8.183005177908598e-07,8.183005177908598e-07,
twitter_cluster32,3667356838,0.01,1,7858,free-mem,LRU,,182025.4303573336,1.0,0.9700046178053426,1,50000,2,twitter_cluster32-a77ee7ac7cc2e4d3ba1d14c7ebabc7cf,8.185731937837559e-07,8.185731937837559e-07,
twitter_cluster32,3667356838,0.01,1,7858,marginal-hits-tuned,LRU,,172103.72772649422,4.0,0.9700046178053426,4,50000,2,twitter_cluster32-2e0c0cc06da73c7bd3aeb125b900c015,8.185731937837559e-07,8.185731937837559e-07,5.182997139252521e-05
twitter_cluster32,3667356838,0.01,1,7858,marginal-hits-tuned,LRU2Q,warm-cold,151526.12344694667,1.0,0.9700046178053426,1,50000,2,twitter_cluster32-86bb5b4a5b5552bc516540283cbb77a6,8.185731937837559e-07,8.185731937837559e-07,5.807752269770816e-05
twitter_cluster32,3667356838,0.01,1,7858,free-mem,LRU2Q,,167592.89453439272,1.0,0.9700046178053426,1,50000,2,twitter_cluster32-869f7c89bd768d1a893561bf464a34db,8.185731937837559e-07,8.185731937837559e-07,
twitter_cluster32,3667356838,0.01,1,7858,marginal-hits-tuned,LRU2Q,cold,173737.0240796826,1.0,0.9700046178053426,1,50000,2,twitter_cluster32-34918735261305dbabff56cd803912ec,8.185731937837559e-07,8.185731937837559e-07,5.7633060903783395e-05
twitter_cluster32,3667356838,0.01,1,7858,hits,LRU2Q,,170810.84736390607,92.0,0.9700046178053426,92,50000,2,twitter_cluster32-633797b164c3ec1c8f6700985ac325f6,8.185731937837559e-07,8.185731937837559e-07,
twitter_cluster32,3667356838,0.01,1,7858,tail-age,LRU2Q,,168542.9013029291,14.0,0.970004626530973,14,50000,2,twitter_cluster32-1f942af84228eade391487ab829c99c9,8.098475634543689e-07,8.098475634543689e-07,
twitter_cluster32,3667356838,0.01,1,7858,marginal-hits,LRU2Q,cold,230109.20579138788,66687.0,0.9700622508662464,66687,50000,0,twitter_cluster32-58ad2083022b4b322b8f6ba64771600e,-5.681448770999964e-05,-5.681448770999964e-05,
twitter_cluster32,3667356838,0.01,1,7858,disabled,LRU2Q,,95428.27387713162,,0.9700054363785364,0,50000,62527,twitter_cluster32-c4eba8008a31b0e383b8c335e846ce59,0.0,0.0,
twitter_cluster32,3667356838,0.01,1,7858,marginal-hits,LRU2Q,warm-cold,207523.42606714147,65276.0,0.9700626953280403,65276,50000,0,twitter_cluster32-12a847bf202aac2e6432ef0a76513816,-5.7258949503924406e-05,-5.7258949503924406e-05,
twitter_cluster32,3667356838,0.01,1,7858,disabled,TINYLFU,,91835.1305194078,,0.9700054363785364,0,50000,62527,twitter_cluster32-6d528b0ee33568f477b2b79509fa3a31,0.0,0.0,
twitter_cluster32,3667356838,0.01,1,7858,marginal-hits,TINYLFU,,167738.32576057053,72665.0,0.979481501985218,72665,50000,0,twitter_cluster32-6b7ac02f30adcdd492dbdb7ea964d57b,-0.009476065606681572,-0.009476065606681572,
twitter_cluster32,3667356838,0.01,1,7858,marginal-hits-tuned,TINYLFU,,150454.3115636997,1.0,0.9700046178053426,1,50000,2,twitter_cluster32-a91e8d805670207b7172a22fcf547a9b,8.185731937837559e-07,8.185731937837559e-07,0.009476884179875356
twitter_cluster32,3667356838,0.01,1,7858,tail-age,TINYLFU,,135013.91114824516,28356.0,0.9700046486177248,28356,50000,2,twitter_cluster32-7cab0586fdbcb8a1c023f242c8361903,7.877608115824941e-07,7.877608115824941e-07,
twitter_cluster32,3667356838,0.01,1,7858,hits,TINYLFU,,129126.97871316348,92.0,0.9700046178053426,92,50000,2,twitter_cluster32-53c4f6e358d7b73c9252570ad4ff0a52,8.185731937837559e-07,8.185731937837559e-07,
twitter_cluster32,3667356838,0.01,1,7858,free-mem,TINYLFU,,138645.70107019512,1.0,0.9700046178053426,1,50000,2,twitter_cluster32-eb6cb26114e18c4a2208aa217502d016,8.185731937837559e-07,8.185731937837559e-07,
twitter_cluster32,3667356838,0.1,1,78576,free-mem,LRU,,19781.87444288297,,0.9700046172599908,0,50000,0,twitter_cluster32-34ea20d42bf0f9f04e55f17334cbf79f,,,
twitter_cluster32,3667356838,0.1,1,78576,marginal-hits-tuned,LRU,,17769.741336825708,3.0,0.9700046172599908,3,50000,0,twitter_cluster32-16648e8e5d6001b13f6650c48f53fdf6,,,1.090703805051163e-08
twitter_cluster32,3667356838,0.1,1,78576,marginal-hits,LRU,,20188.19914710973,66604.0,0.9700046281670288,66604,50000,0,twitter_cluster32-d8420479f8cc627f33d91a6b38d98053,,,
twitter_cluster32,3667356838,0.1,1,78576,tail-age,LRU,,18591.38830752876,3977.0,0.9700046172599908,3977,50000,0,twitter_cluster32-382bc305ef454b00ea2b46407a2ca2db,,,
twitter_cluster32,3667356838,0.1,1,78576,hits,LRU2Q,,17941.36698874364,10.0,0.9714618873996556,10,50000,0,twitter_cluster32-05300510133e5e6d1632ebc0dbac2853,-0.0014572701396647902,,
twitter_cluster32,3667356838,0.1,1,78576,marginal-hits-tuned,LRU2Q,warm-cold,14143.486702203652,,0.9700046172599908,0,50000,0,twitter_cluster32-6e87994a28318502405a345f387a1a3e,0.0,,
twitter_cluster32,3667356838,0.1,1,78576,tail-age,LRU2Q,,18851.00000721587,13.0,0.9700046172599908,13,50000,0,twitter_cluster32-b314c1b541fadfe8b37eb335e13b1efb,0.0,,
twitter_cluster32,3667356838,0.1,1,78576,marginal-hits-tuned,LRU2Q,cold,19594.145612448832,,0.9700046172599908,0,50000,0,twitter_cluster32-c63f0821697782e70bb35f2c0f6872e8,0.0,,4.291646735210541e-06
twitter_cluster32,3667356838,0.1,1,78576,disabled,LRU2Q,,17068.179599321396,,0.9700046172599908,0,50000,0,twitter_cluster32-07bd0aa5d2c97bab00379b7821b63df0,0.0,,
twitter_cluster32,3667356838,0.1,1,78576,marginal-hits,LRU2Q,cold,18047.236404684467,65641.0,0.970008908906726,65641,50000,0,twitter_cluster32-7bd55ec3a2afe5957b813ddb43ee94ea,-4.291646735210541e-06,,
twitter_cluster33,6705048996,0.1,1,275,marginal-hits,LRU,,763659.237784118,110017.0,0.0122512233764443,110017,50000,2,twitter_cluster33-d1a32fd82dfac32f4ebde1fb37f8087d,0.0643056594004343,0.0643056594004343,
twitter_cluster33,6705048996,0.1,1,275,disabled,LRU,,683814.3025096328,,0.0765568827768786,0,50000,78,twitter_cluster33-e1bf2c6e8aa4ed80cfcd2d01816f0401,0.0,0.0,
twitter_cluster33,6705048996,0.1,1,275,free-mem,LRU,,728007.1518664669,2.0,0.0765611992255753,2,50000,2,twitter_cluster33-d01c35f2e5099d55307b82cbc53739cb,-4.3164486967089966e-06,-4.3164486967089966e-06,
twitter_cluster33,6705048996,0.1,1,275,marginal-hits-tuned,LRU,,773300.9163406299,505.0,0.0101853015601737,505,50000,2,twitter_cluster33-3402a091c7df1b45d6dc693aa49fdd82,0.06637158121670489,0.06637158121670489,0.0020659218162706
twitter_cluster33,6705048996,0.1,1,275,tail-age,LRU,,492088.29589419824,244.0,0.008506371845161,244,50000,2,twitter_cluster33-1b397b7d3f000b76a80042f87f6b74d0,0.0680505109317176,0.0680505109317176,
twitter_cluster33,6705048996,0.1,1,275,hits,LRU,,765715.7949146928,370.0,0.0067159609164472,370,50000,2,twitter_cluster33-225eb35ae150f9ce7a956452923ba44b,0.06984092186043139,0.06984092186043139,
twitter_cluster33,6705048996,0.1,1,275,tail-age,LRU2Q,,665228.3877029447,324.0,0.0088156465426669,324,50000,2,twitter_cluster33-7ddb3318b7a81e35dba3e26846d45bd6,0.0614793674506954,0.0677412362342117,
twitter_cluster33,6705048996,0.1,1,275,marginal-hits-tuned,LRU2Q,cold,727750.3094389251,456.0,0.0065785385052837,456,50000,2,twitter_cluster33-4fbe7c9ae5fd57f1f6c7db2fdb3d6893,0.0637164754880786,0.0699783442715949,0.0067738003148217
twitter_cluster33,6705048996,0.1,1,275,marginal-hits,LRU2Q,cold,647503.6218778432,117689.0,0.0133523388201054,117689,50000,2,twitter_cluster33-f1a92c258b6b27b94adf09c69a661ec7,0.0569426751732569,0.06320454395677319,
twitter_cluster33,6705048996,0.1,1,275,disabled,LRU2Q,,721917.2603060517,,0.0702950139933623,0,50000,78,twitter_cluster33-a1da4cf49d19bec894e992d47dd2b0ad,0.0,0.006261868783516297,
twitter_cluster33,6705048996,0.1,1,275,marginal-hits-tuned,LRU2Q,warm-cold,680364.1858696371,548.0,0.0065345808846644,548,50000,2,twitter_cluster33-019bc3b6bc957d8ef46a864b1a20915f,0.0637604331086979,0.0700223018922142,0.0082376607587731
twitter_cluster33,6705048996,0.1,1,275,hits,LRU2Q,,726488.3595971108,371.0,0.0065761337502983,371,50000,2,twitter_cluster33-3ce4a2b1c7c410581f9ef021eae8da4b,0.063718880243064,0.0699807490265803,
twitter_cluster33,6705048996,0.1,1,275,free-mem,LRU2Q,,529074.3293228188,2.0,0.0702989508773456,2,50000,2,twitter_cluster33-ef0b855c3aa9430d5270e23b2d295175,-3.9368839832992775e-06,0.006257931899532998,
twitter_cluster33,6705048996,0.1,1,275,marginal-hits,LRU2Q,warm-cold,728236.891117727,121230.0,0.0147722416434375,121230,50000,2,twitter_cluster33-c7a7d65751416fd8d9f1637ed89190d7,0.055522772349924795,0.06178464113344109,
twitter_cluster33,6705048996,0.1,1,275,marginal-hits,TINYLFU,,715374.4993660942,115403.0,0.0123956121796548,115403,50000,2,twitter_cluster33-219f9a4ad9dd19fda61a1e3d9121a027,0.0637452631971789,0.06416127059722379,
twitter_cluster33,6705048996,0.1,1,275,tail-age,TINYLFU,,645244.6565313963,4220.0,0.0082756740529566,4220,50000,2,twitter_cluster33-e5e8651206e850cfd8b3ff3940723343,0.0678652013238771,0.068281208723922,
twitter_cluster33,6705048996,0.1,1,275,disabled,TINYLFU,,713738.6717246771,,0.0761408753768337,0,50000,78,twitter_cluster33-3c620c3c7935325a4ad6549078f4c72b,0.0,0.000416007400044896,
twitter_cluster33,6705048996,0.1,1,275,marginal-hits-tuned,TINYLFU,,676290.0212119059,355.0,0.0169278997167226,355,50000,2,twitter_cluster33-371bff82a3e73d010438213f980fc81f,0.0592129756601111,0.059628983060155995,-0.004532287537067801
twitter_cluster33,6705048996,0.1,1,275,hits,TINYLFU,,718285.9510080115,369.0,0.0065978603626001,369,50000,2,twitter_cluster33-70e88a825ff0b37862c5ae37155e7321,0.0695430150142336,0.0699590224142785,
twitter_cluster33,6705048996,0.1,1,275,free-mem,TINYLFU,,736167.788582127,2.0,0.0761440605884574,2,50000,2,twitter_cluster33-9ba27da62dc8624cb672ad796c410b33,-3.1852116236935624e-06,0.00041282218842120244,
twitter_cluster34,2147047915,0.1,1,333,disabled,LRU,,557661.8662274106,,0.428132871454804,0,50000,0,twitter_cluster34-49baf7aac60d8415d2d1811ed7459e59,0.0,0.0,
twitter_cluster34,2147047915,0.1,1,333,tail-age,LRU,,599217.550829307,8756.0,0.3224323710540013,8756,50000,0,twitter_cluster34-6ceaf7ee0c91f1e25a02902fa6cdb1f8,0.1057005004008027,0.1057005004008027,
twitter_cluster34,2147047915,0.1,1,333,free-mem,LRU,,561730.226205368,,0.428132871454804,0,50000,0,twitter_cluster34-4109904560ff390757fada97a3f2a904,0.0,0.0,
twitter_cluster34,2147047915,0.1,1,333,marginal-hits-tuned,LRU,,645657.7349872278,848.0,0.1880616138927668,848,50000,0,twitter_cluster34-d559f64cd9ba2baca80fe56268aa6a44,0.2400712575620372,0.2400712575620372,0.018237684742121812
twitter_cluster34,2147047915,0.1,1,333,hits,LRU,,387526.25328999496,842.0,0.2514550715091982,842,50000,0,twitter_cluster34-06276be1d82a0de0608ac5196e8ae653,0.17667779994560578,0.17667779994560578,
twitter_cluster34,2147047915,0.1,1,333,marginal-hits,LRU,,480725.3162717825,42693.0,0.2062992986348886,42693,50000,0,twitter_cluster34-b9c9a6170aa565ecd28cad0db0e896fb,0.2218335728199154,0.2218335728199154,
twitter_cluster34,2147047915,0.1,1,333,disabled,LRU2Q,,596091.8909550945,,0.3781894983931926,0,50000,0,twitter_cluster34-a5aaab11352e594e54495f35572369ed,0.0,0.049943373061611396,
twitter_cluster34,2147047915,0.1,1,333,marginal-hits-tuned,LRU2Q,cold,648877.1955044804,1172.0,0.1840591834206923,1172,50000,0,twitter_cluster34-91e026b377cf74e43caddaa9da2c9b73,0.1941303149725003,0.2440736880341117,0.030045014621855798
twitter_cluster34,2147047915,0.1,1,333,tail-age,LRU2Q,,338155.0157913446,3941.0,0.3201908640217747,3941,50000,0,twitter_cluster34-caa4d54ae1e1a9a5cc9f538d9d87a340,0.05799863437141789,0.10794200743302929,
twitter_cluster34,2147047915,0.1,1,333,marginal-hits,LRU2Q,cold,654016.6532338248,38256.0,0.2141041980425481,38256,50000,0,twitter_cluster34-ebd496224681fe333dc59003c872b812,0.1640853003506445,0.2140286734122559,
twitter_cluster34,2147047915,0.1,1,333,hits,LRU2Q,,624543.3508560163,427.0,0.2032732432056599,427,50000,0,twitter_cluster34-e9aa708fa276282d82e189491b771b9f,0.1749162551875327,0.2248596282491441,
twitter_cluster34,2147047915,0.1,1,333,marginal-hits,LRU2Q,warm-cold,606851.8625218902,28543.0,0.2132238692959025,28543,50000,0,twitter_cluster34-12f582b11588908d834d3170e663f75a,0.1649656290972901,0.2149090021589015,
twitter_cluster34,2147047915,0.1,1,333,free-mem,LRU2Q,,565482.9742545681,,0.3781894983931926,0,50000,0,twitter_cluster34-efe075f29e91bf6bf223559ba4ae4ce9,0.0,0.049943373061611396,
twitter_cluster34,2147047915,0.1,1,333,marginal-hits-tuned,LRU2Q,warm-cold,558408.8592131598,3995.0,0.2145779825318896,3995,50000,0,twitter_cluster34-4c0097611752136cb0567a5eb692a064,0.16361151586130301,0.2135548889229144,-0.0013541132359870811
twitter_cluster34,2147047915,0.1,1,333,hits,TINYLFU,,530082.0743271142,478.0,0.1849078342529677,478,50000,0,twitter_cluster34-3e34b422e8c89278859c9c08da646072,0.19966303360304838,0.2432250372018363,
twitter_cluster34,2147047915,0.1,1,333,marginal-hits,TINYLFU,,549833.7768668963,39807.0,0.2040870569020347,39807,50000,0,twitter_cluster34-9dedbecd2b04fd3e02d174009f0c89ea,0.18048381095398136,0.22404581455276928,
twitter_cluster34,2147047915,0.1,1,333,free-mem,TINYLFU,,467733.0098481518,,0.3845708678560161,0,50000,0,twitter_cluster34-069f0573ef2c782bf63a29186d008bc1,0.0,0.043562003598787924,
twitter_cluster34,2147047915,0.1,1,333,tail-age,TINYLFU,,522539.0102494124,30839.0,0.2456870362858204,30839,50000,0,twitter_cluster34-aaba710d0f7f91735d595c1904128986,0.13888383157019568,0.1824458351689836,
twitter_cluster34,2147047915,0.1,1,333,marginal-hits-tuned,TINYLFU,,471177.8170638011,812.0,0.1710003705250332,812,50000,0,twitter_cluster34-3ca98a46d88946e0136e834cff7e4713,0.21357049733098288,0.2571325009297708,0.03308668637700152
twitter_cluster34,2147047915,0.1,1,333,disabled,TINYLFU,,449791.58202286536,,0.3845708678560161,0,50000,0,twitter_cluster34-86d053608295cccb4aba27d14d8b07ab,0.0,0.043562003598787924,
twitter_cluster35,1828228908,0.01,1,1384,marginal-hits,LRU,,578971.897900365,36242.0,0.0699806634935891,36242,50000,0,twitter_cluster35-525c04cad97d5755b9ca74fcab7e3590,-1.9838325409499147e-05,-1.9838325409499147e-05,
twitter_cluster35,1828228908,0.01,1,1384,hits,LRU,,704066.3807536496,4854.0,0.0699608536110074,4854,50000,0,twitter_cluster35-24319d5ec639eadf741990726d3f27d4,-2.8442827801344883e-08,-2.8442827801344883e-08,
twitter_cluster35,1828228908,0.01,1,1384,tail-age,LRU,,559766.1461940894,4774.0,0.0699608771310381,4774,50000,0,twitter_cluster35-356bda2e928bf0137a67be16a8e26d1c,-5.196285850217475e-08,-5.196285850217475e-08,
twitter_cluster35,1828228908,0.01,1,1384,disabled,LRU,,646162.9062331949,,0.0699608251681796,0,50000,0,twitter_cluster35-7de70d2519af457fda2ed66c4a6948e5,0.0,0.0,
twitter_cluster35,1828228908,0.01,1,1384,free-mem,LRU,,638403.3910105316,,0.0699608251681796,0,50000,0,twitter_cluster35-0e50fe564f44b255f3b73e7d546c879e,0.0,0.0,
twitter_cluster35,1828228908,0.01,1,1384,marginal-hits-tuned,LRU,,641193.7632192712,1.0,0.0699608251681796,1,50000,0,twitter_cluster35-9164ef4e7ddd09562b1142cfee9162bb,0.0,0.0,1.9838325409499147e-05
twitter_cluster35,1828228908,0.01,1,1384,marginal-hits-tuned,LRU2Q,cold,408067.3828513264,,0.0699608251681796,0,50000,0,twitter_cluster35-262f51806ea81b6c60577c01ad445f2c,0.0,0.0,1.0156277432601946e-05
twitter_cluster35,1828228908,0.01,1,1384,marginal-hits,LRU2Q,cold,410863.1873980493,3580.0,0.0699709814456122,3580,50000,0,twitter_cluster35-656a855da75d25ff0970cf0b2321ea5b,-1.0156277432601946e-05,-1.0156277432601946e-05,
twitter_cluster35,1828228908,0.01,1,1384,hits,LRU2Q,,435489.7446016492,4854.0,0.0699608536110074,4854,50000,0,twitter_cluster35-4483a960863f47e51eaa7b4aacadac03,-2.8442827801344883e-08,-2.8442827801344883e-08,
twitter_cluster35,1828228908,0.01,1,1384,marginal-hits-tuned,LRU2Q,warm-cold,443558.8898830923,,0.0699608251681796,0,50000,0,twitter_cluster35-a2b1836ca18f644e8647570789db17a3,0.0,0.0,1.0434688958602112e-05
twitter_cluster35,1828228908,0.01,1,1384,free-mem,LRU2Q,,382367.05875022494,,0.0699608251681796,0,50000,0,twitter_cluster35-1a74f1d440363637283562cc37fdaa10,0.0,0.0,
twitter_cluster35,1828228908,0.01,1,1384,tail-age,LRU2Q,,585970.07525716,531.0,0.0699608273560894,531,50000,0,twitter_cluster35-a92a7d101451558a833693960cb7cb79,-2.187909797779497e-09,-2.187909797779497e-09,
twitter_cluster35,1828228908,0.01,1,1384,marginal-hits,LRU2Q,warm-cold,505624.40732571343,2736.0,0.0699712598571382,2736,50000,0,twitter_cluster35-47ca882d6b3ee34ae7fe10ddfe45ed2e,-1.0434688958602112e-05,-1.0434688958602112e-05,
twitter_cluster35,1828228908,0.01,1,1384,disabled,LRU2Q,,669065.9037011733,,0.0699608251681796,0,50000,0,twitter_cluster35-87f15e96762d5fe2c25a1de0926f1a23,0.0,0.0,
twitter_cluster35,1828228908,0.01,1,1384,free-mem,TINYLFU,,653431.548561743,,0.0699608251681796,0,50000,0,twitter_cluster35-0244c9c3baf9ee5c6ac6b7b3b114868d,0.0,0.0,
twitter_cluster35,1828228908,0.01,1,1384,marginal-hits,TINYLFU,,645627.5336687422,36161.0,0.0966998247464534,36161,50000,0,twitter_cluster35-93951ec609fb28c65905f0ed2273dd9c,-0.026738999578273803,-0.026738999578273803,
twitter_cluster35,1828228908,0.01,1,1384,disabled,TINYLFU,,629111.7798940463,,0.0699608251681796,0,50000,0,twitter_cluster35-49198fa049b7b52994b4c13a0d533ef8,0.0,0.0,
twitter_cluster35,1828228908,0.01,1,1384,hits,TINYLFU,,564755.4204393931,4841.0,0.0699609947311915,4841,50000,0,twitter_cluster35-30c59f134ad788993b71241d717bd8b7,-1.6956301189530176e-07,-1.6956301189530176e-07,
twitter_cluster35,1828228908,0.01,1,1384,marginal-hits-tuned,TINYLFU,,562158.8152252854,,0.0699608251681796,0,50000,0,twitter_cluster35-dec3008a55fbd70185f3f404264ca8f9,0.0,0.0,0.026738999578273803
twitter_cluster35,1828228908,0.01,1,1384,tail-age,TINYLFU,,384410.99965205055,29902.0,0.0699615160007085,29902,50000,0,twitter_cluster35-5728445dff19b36dc1bb416b79fb8dcf,-6.908325289045614e-07,-6.908325289045614e-07,
twitter_cluster35,1828228908,0.1,1,13839,marginal-hits,LRU,,383999.253019413,33026.0,0.0699752702958572,33026,50000,0,twitter_cluster35-863f35b06046bb655b0e0f0244fafd60,-1.4445127677606417e-05,-1.4445127677606417e-05,
twitter_cluster35,1828228908,0.1,1,13839,free-mem,LRU,,469236.4221118594,,0.0699608251681796,0,50000,0,twitter_cluster35-8d89849b5c41203dbf841968a87c7546,0.0,0.0,
twitter_cluster35,1828228908,0.1,1,13839,hits,LRU,,320607.189328888,2959.0,0.0699608257151571,2959,50000,0,twitter_cluster35-9df8256956c749c2a9fcf44982f7d9e4,-5.469775049560255e-10,-5.469775049560255e-10,
twitter_cluster35,1828228908,0.1,1,13839,marginal-hits-tuned,LRU,,379736.5673619028,1.0,0.0699608251681796,1,50000,0,twitter_cluster35-d7dc038cd00e33faf73109ab55a3fc8e,0.0,0.0,1.4445127677606417e-05
twitter_cluster35,1828228908,0.1,1,13839,tail-age,LRU,,489303.944370575,3913.0,0.0699608322788866,3913,50000,0,twitter_cluster35-ad9acb883a1c29a120eed88ba192ee41,-7.110706995439031e-09,-7.110706995439031e-09,
twitter_cluster35,1828228908,0.1,1,13839,disabled,LRU,,490069.7243360668,,0.0699608251681796,0,50000,0,twitter_cluster35-c29e646d68fb26dba690786fe0e4b3a0,0.0,0.0,
twitter_cluster35,1828228908,0.1,1,13839,hits,LRU2Q,,563799.1506481125,2959.0,0.0699608257151571,2959,50000,0,twitter_cluster35-cc5d786544f891f4ac26f8e0eba71b64,-5.469775049560255e-10,-5.469775049560255e-10,
twitter_cluster35,1828228908,0.1,1,13839,marginal-hits,LRU2Q,warm-cold,557924.2231735999,22108.0,0.0699699859466394,22108,50000,0,twitter_cluster35-80ccce4e1414810790a73fc815d1c2a2,-9.160778459804675e-06,-9.160778459804675e-06,
twitter_cluster35,1828228908,0.1,1,13839,free-mem,LRU2Q,,382720.7222300312,,0.0699608251681796,0,50000,0,twitter_cluster35-9a4645ee49846319e3d1fed43c9ebe71,0.0,0.0,
twitter_cluster35,1828228908,0.1,1,13839,disabled,LRU2Q,,390994.4745552456,,0.0699608251681796,0,50000,0,twitter_cluster35-72730bef6dd8351baea1ba7b485eb353,0.0,0.0,
twitter_cluster35,1828228908,0.1,1,13839,marginal-hits-tuned,LRU2Q,cold,488622.26128350286,,0.0699608251681796,0,50000,0,twitter_cluster35-b98bc52a2e9036c6cc731486a5dc6e36,0.0,0.0,8.620364731704022e-06
twitter_cluster35,1828228908,0.1,1,13839,marginal-hits,LRU2Q,cold,584503.8391875967,22799.0,0.0699694455329113,22799,50000,0,twitter_cluster35-88f13396faa1b4b83bc0baaf569c2fc3,-8.620364731704022e-06,-8.620364731704022e-06,
twitter_cluster35,1828228908,0.1,1,13839,tail-age,LRU2Q,,626954.385932988,3328.0,0.0699608300909767,3328,50000,0,twitter_cluster35-0a8eaf8c4d1f1f0b917a96cab6944fd7,-4.9227971005150195e-09,-4.9227971005150195e-09,
twitter_cluster35,1828228908,0.1,1,13839,marginal-hits-tuned,LRU2Q,warm-cold,382639.62927050114,,0.0699608251681796,0,50000,0,twitter_cluster35-a17b0e012db3035dec7ca4ced5a90141,0.0,0.0,9.160778459804675e-06
twitter_cluster35,1828228908,0.1,1,13839,free-mem,TINYLFU,,486120.6790597669,,0.0699608251681796,0,50000,0,twitter_cluster35-cb532328e62bc64c08527f9717c42047,0.0,0.0,
twitter_cluster35,1828228908,0.1,1,13839,tail-age,TINYLFU,,380972.7246628711,23148.0,0.0699608771310381,23148,50000,0,twitter_cluster35-b0d5341b48c605bbfc8e40966a44d236,-5.196285850217475e-08,-5.196285850217475e-08,
twitter_cluster35,1828228908,0.1,1,13839,marginal-hits-tuned,TINYLFU,,485964.0265538562,,0.0699608251681796,0,50000,0,twitter_cluster35-3b392227614823b727a9aa50416334c8,0.0,0.0,0.024862645372851794
twitter_cluster35,1828228908,0.1,1,13839,marginal-hits,TINYLFU,,398927.7431302836,32993.0,0.0948234705410314,32993,50000,0,twitter_cluster35-8f95896c398316163d9f35457a8607c0,-0.024862645372851794,-0.024862645372851794,
twitter_cluster35,1828228908,0.1,1,13839,hits,TINYLFU,,357863.42528780847,2959.0,0.0699608251681796,2959,50000,0,twitter_cluster35-d019e40d0f33d0a5e62845cf762e2f3f,0.0,0.0,
twitter_cluster35,1828228908,0.1,1,13839,disabled,TINYLFU,,552692.3110134056,,0.0699608251681796,0,50000,0,twitter_cluster35-7144c10d97a5762ed83631da08c0e279,0.0,0.0,
twitter_cluster36,5781263748,0.01,1,57,hits,LRU,,460424.0716329892,48.0,0.1232498315349303,48,50000,7,twitter_cluster36-2390f6f1d2a36a3714bd752d9912f39e,0.03752411487454599,0.03752411487454599,
twitter_cluster36,5781263748,0.01,1,57,marginal-hits-tuned,LRU,,449678.6535301011,263.0,0.14030501744201,263,50000,7,twitter_cluster36-911ad65847b7d6ac4abd646489568ded,0.0204689289674663,0.0204689289674663,-0.0005809916562208861
twitter_cluster36,5781263748,0.01,1,57,disabled,LRU,,450247.66862375767,,0.1607739464094763,0,50000,1459,twitter_cluster36-a56aa4d5d78eafaa53bea0ff37141158,0.0,0.0,
twitter_cluster36,5781263748,0.01,1,57,free-mem,LRU,,453625.7998148586,2.0,0.1622071041689482,2,50000,7,twitter_cluster36-709c8953c2f571d3956c7a70c6a88f67,-0.0014331577594719203,-0.0014331577594719203,
twitter_cluster36,5781263748,0.01,1,57,tail-age,LRU,,450109.7393817792,30.0,0.1268963250904774,30,50000,7,twitter_cluster36-d8fdb580db9fbcfe13d13b9cd9bb74de,0.03387762131899888,0.03387762131899888,
twitter_cluster36,5781263748,0.01,1,57,marginal-hits,LRU,,322461.1015316478,112926.0,0.1397240257857891,112926,50000,10,twitter_cluster36-6594006ead4c92865bdb0e5005a0a610,0.021049920623687185,0.021049920623687185,
twitter_cluster36,5781263748,0.01,1,57,disabled,LRU2Q,,322671.51673989324,,0.1476240431506429,0,50000,1459,twitter_cluster36-a03cc01df9bc3cbb4e3cce21d628ac19,0.0,0.01314990325883339,
twitter_cluster36,5781263748,0.01,1,57,free-mem,LRU2Q,,450595.83509555954,2.0,0.148443604790888,2,50000,7,twitter_cluster36-1f9b582b62d0d2e5b7348f92eeca381f,-0.0008195616402451034,0.012330341618588286,
twitter_cluster36,5781263748,0.01,1,57,tail-age,LRU2Q,,236777.05761513568,44.0,0.1188629547022008,44,50000,7,twitter_cluster36-3fb2031f7316ec2ce3d4ad1cf3ed0e36,0.028761088448442093,0.04191099170727548,
twitter_cluster36,5781263748,0.01,1,57,hits,LRU2Q,,450393.6185426659,49.0,0.1129005827187526,49,50000,7,twitter_cluster36-fa4bc5ca644fa2c58a28f4d2e71be91c,0.0347234604318903,0.04787336369072369,
twitter_cluster36,5781263748,0.01,1,57,marginal-hits-tuned,LRU2Q,warm-cold,322219.62277736806,309.0,0.1150974982295514,309,50000,7,twitter_cluster36-d05d2412c6ff6ffc6abb3e7a4006f3d9,0.0325265449210915,0.04567644817992489,0.0246780808174262
twitter_cluster36,5781263748,0.01,1,57,marginal-hits,LRU2Q,cold,449727.7123939504,96338.0,0.1354592345438172,96338,50000,7,twitter_cluster36-95e4bf0d93bfc2b842b4ab52725eb229,0.0121648086068257,0.02531471186565909,
twitter_cluster36,5781263748,0.01,1,57,marginal-hits,LRU2Q,warm-cold,451162.6540032493,90880.0,0.1397755790469776,90880,50000,7,twitter_cluster36-745525b1a8c0d1400a803931eae2bd6f,0.007848464103665298,0.020998367362498688,
twitter_cluster36,5781263748,0.01,1,57,marginal-hits-tuned,LRU2Q,cold,322245.3617772163,178.0,0.1120972789425486,178,50000,7,twitter_cluster36-d6f2a3d6931fd68d47bcdfc05a63097a,0.035526764208094294,0.048676667466927684,0.023361955601268594
twitter_cluster36,5781263748,0.01,1,57,hits,TINYLFU,,449782.5830331563,46.0,0.1179553294443469,46,50000,7,twitter_cluster36-e287fdc80985006ff8558e423481ebbe,0.04090824261076419,0.04281861696512938,
twitter_cluster36,5781263748,0.01,1,57,tail-age,TINYLFU,,224005.53499409748,30012.0,0.1288317303042372,30012,50000,7,twitter_cluster36-a401a0730ddcb75f2fc2cdc322ac9b29,0.030031841750873894,0.03194221610523909,
twitter_cluster36,5781263748,0.01,1,57,disabled,TINYLFU,,383941.4069705096,,0.1588635720551111,0,50000,1459,twitter_cluster36-1004509be6f326ef8035391ab4c4184f,0.0,0.0019103743543651963,
twitter_cluster36,5781263748,0.01,1,57,marginal-hits,TINYLFU,,260847.39370168623,110676.0,0.1383147662613783,110676,50000,7,twitter_cluster36-16210a952eda8349e61dc92ed06f9d50,0.020548805793732777,0.022459180148097974,
twitter_cluster36,5781263748,0.01,1,57,free-mem,TINYLFU,,383739.636708261,2.0,0.1601178495480743,2,50000,7,twitter_cluster36-c7e1a8ce82cc1800a7c9e12561d743dc,-0.0012542774929631961,0.0006560968614020002,
twitter_cluster36,5781263748,0.01,1,57,marginal-hits-tuned,TINYLFU,,260428.49432924867,282.0,0.1360108765617243,282,50000,7,twitter_cluster36-88ace5a944754c93b40a574c9b914d35,0.022852695493386782,0.02476306984775198,0.002303889699654005
twitter_cluster36,5781263748,0.1,1,569,free-mem,LRU,,322378.9262529668,,0.0565967709245566,0,50000,0,twitter_cluster36-86cf040915e929cb9e095a354c1599b2,0.0,0.0,
twitter_cluster36,5781263748,0.1,1,569,disabled,LRU,,450760.7408594706,,0.0565967709245566,0,50000,0,twitter_cluster36-a1563060f222513004fe1fc1cbd91353,0.0,0.0,
twitter_cluster36,5781263748,0.1,1,569,marginal-hits,LRU,,274666.4578402165,111997.0,0.0599073351600356,111997,50000,0,twitter_cluster36-c6dbe74044f5daa816f77f7417d0ec02,-0.0033105642354789994,-0.0033105642354789994,
twitter_cluster36,5781263748,0.1,1,569,marginal-hits-tuned,LRU,,450306.1973708499,174.0,0.0539521373865539,174,50000,0,twitter_cluster36-5eb9275c59e8dd2102fd359093c0d930,0.0026446335380027053,0.0026446335380027053,0.005955197773481705
twitter_cluster36,5781263748,0.1,1,569,hits,LRU,,322401.8576921847,765.0,0.0538586732196256,765,50000,0,twitter_cluster36-624143f86d10965ebfba75a97375f4d8,0.0027380977049310043,0.0027380977049310043,
twitter_cluster36,5781263748,0.1,1,569,tail-age,LRU,,399245.8377702909,209.0,0.054020180295016,209,50000,0,twitter_cluster36-4d9914947acc9efd2b2ce1c03ff13308,0.002576590629540604,0.002576590629540604,
twitter_cluster36,5781263748,0.1,1,569,tail-age,LRU2Q,,224295.5036901965,377.0,0.0532720859010357,377,50000,0,twitter_cluster36-6cafa622c4db4c50d380c1468b4614db,-0.0007614947513029033,0.0033246850235209013,
twitter_cluster36,5781263748,0.1,1,569,disabled,LRU2Q,,274717.8488163328,,0.0525105911497328,0,50000,0,twitter_cluster36-179dd9be590933be0ec77d7337b10d8f,0.0,0.004086179774823805,
twitter_cluster36,5781263748,0.1,1,569,marginal-hits-tuned,LRU2Q,warm-cold,450463.9115218914,864.0,0.0480934994699363,864,50000,0,twitter_cluster36-f40a3a7dac31f3ea6d1f50f29f7fa186,0.004417091679796495,0.0085032714546203,0.011737139310323594
twitter_cluster36,5781263748,0.1,1,569,hits,LRU2Q,,449327.14550209336,615.0,0.0497113460875094,615,50000,0,twitter_cluster36-75ec0df2c8b212d7b255a1d8af8f7f29,0.002799245062223399,0.0068854248370472035,
twitter_cluster36,5781263748,0.1,1,569,free-mem,LRU2Q,,322689.8376473966,,0.0525105911497328,0,50000,0,twitter_cluster36-f79484fb2db2b286faedc6dd9c189810,0.0,0.004086179774823805,
twitter_cluster36,5781263748,0.1,1,569,marginal-hits-tuned,LRU2Q,cold,451112.568319637,341.0,0.0485274052921482,341,50000,0,twitter_cluster36-b7fc0bb2f137283519797e0e956344a5,0.003983185857584601,0.008069365632408405,0.010915530193866506
twitter_cluster36,5781263748,0.1,1,569,marginal-hits,LRU2Q,cold,260776.1319620379,113439.0,0.0594429354860147,113439,50000,0,twitter_cluster36-db0e191b7a092101083e93881da35b80,-0.006932344336281905,-0.0028461645614581005,
twitter_cluster36,5781263748,0.1,1,569,marginal-hits,LRU2Q,warm-cold,449618.0442873205,113413.0,0.0598306387802599,113413,50000,0,twitter_cluster36-abf71cad48be3dca29a4860c99de9161,-0.007320047630527099,-0.0032338678557032943,
twitter_cluster36,5781263748,0.1,1,569,tail-age,TINYLFU,,212033.6949122676,14204.0,0.054904084787657,14204,50000,0,twitter_cluster36-e4cff6a887a8d6f3c838886b15947b9e,0.0011842739405149016,0.0016926861368996016,
twitter_cluster36,5781263748,0.1,1,569,hits,TINYLFU,,260285.1337078901,574.0,0.0531715319347509,574,50000,0,twitter_cluster36-a1219c0a226e531924131359525a3999,0.002916826793421,0.0034252389898057,
twitter_cluster36,5781263748,0.1,1,569,marginal-hits-tuned,TINYLFU,,274251.239210868,183.0,0.0535884020353122,183,50000,0,twitter_cluster36-d4147a90a048a002c6126c42c7d9dbf5,0.0024999566928597047,0.0030083688892444047,0.0058783019563424035
twitter_cluster36,5781263748,0.1,1,569,free-mem,TINYLFU,,274492.37485959,,0.0560883587281719,0,50000,0,twitter_cluster36-c62f9c2ba0122d903fcecf7885e9e7fa,0.0,0.0005084121963846999,
twitter_cluster36,5781263748,0.1,1,569,marginal-hits,TINYLFU,,223827.7167234453,112968.0,0.0594667039916546,112968,50000,0,twitter_cluster36-e1dd8df927759277eed230215510aca7,-0.003378345263482699,-0.002869933067097999,
twitter_cluster36,5781263748,0.1,1,569,disabled,TINYLFU,,236828.8357646003,,0.0560883587281719,0,50000,0,twitter_cluster36-7231c5891225fa7f46e65dba6c512062,0.0,0.0005084121963846999,
twitter_cluster37,3168270709,0.01,1,1946,marginal-hits,LRU,,285994.5455636437,63008.0,0.2275072066766375,63008,50000,0,twitter_cluster37-16c58b4ab0dd6002c92074fb36c77bbe,0.003422559180058987,0.003422559180058987,
twitter_cluster37,3168270709,0.01,1,1946,disabled,LRU,,347923.0497326944,,0.2309297658566965,0,50000,0,twitter_cluster37-22007cc4ab43df3709b616e400dd78d8,0.0,0.0,
twitter_cluster37,3168270709,0.01,1,1946,hits,LRU,,288848.23074213107,1763.0,0.2272896097402262,1763,50000,0,twitter_cluster37-6f1959d30c4131fb00021031f8849274,0.003640156116470311,0.003640156116470311,
twitter_cluster37,3168270709,0.01,1,1946,free-mem,LRU,,297274.49167025345,,0.2309297658566965,0,50000,0,twitter_cluster37-ed94770ef876dce283266a0f3cddf3bd,0.0,0.0,
twitter_cluster37,3168270709,0.01,1,1946,marginal-hits-tuned,LRU,,288169.0550751973,549.0,0.2292470040318136,549,50000,0,twitter_cluster37-1893913eaf3536cc333aa2d82a43385f,0.001682761824882889,0.001682761824882889,-0.0017397973551760981
twitter_cluster37,3168270709,0.01,1,1946,tail-age,LRU,,314586.887352029,962.0,0.2304988014204439,962,50000,0,twitter_cluster37-169d7e1b863fec04dc61eddb712b665c,0.0004309644362525955,0.0004309644362525955,
twitter_cluster37,3168270709,0.01,1,1946,marginal-hits,LRU2Q,warm-cold,291894.5678291916,63008.0,0.2283225135860699,63008,50000,0,twitter_cluster37-3e69d4165d9a4c91e8f0a848b483a5e7,-0.0009080063745272038,0.002607252270626609,
twitter_cluster37,3168270709,0.01,1,1946,hits,LRU2Q,,276253.4990689398,1720.0,0.2248894534093929,1720,50000,0,twitter_cluster37-0bbee929c299da0d7ed3c07626345df6,0.0025250538021497904,0.006040312447303603,
twitter_cluster37,3168270709,0.01,1,1946,free-mem,LRU2Q,,323132.3374828511,,0.2274145072115427,0,50000,0,twitter_cluster37-775a8f99f854e76e9936140c2771f4e5,0.0,0.0035152586451538126,
twitter_cluster37,3168270709,0.01,1,1946,tail-age,LRU2Q,,313879.0314372158,732.0,0.2271970494677827,732,50000,0,twitter_cluster37-b18582dc3a1b8fcebfc41ebf3484b0e3,0.0002174577437599745,0.003732716388913787,
twitter_cluster37,3168270709,0.01,1,1946,marginal-hits,LRU2Q,cold,288782.0059783067,62966.0,0.2298037083547711,62966,50000,0,twitter_cluster37-15f8cc126677147bbfbd988191211ac0,-0.002389201143228409,0.0011260575019254038,
twitter_cluster37,3168270709,0.01,1,1946,marginal-hits-tuned,LRU2Q,warm-cold,304060.02087516204,907.0,0.226764927617806,907,50000,0,twitter_cluster37-0f8cd62c0ee0d4ce5602b7b07a7ae79b,0.0006495795937366822,0.004164838238890495,0.001557585968263886
twitter_cluster37,3168270709,0.01,1,1946,disabled,LRU2Q,,313665.83106850734,,0.2274145072115427,0,50000,0,twitter_cluster37-e3f834e0eb32281016d97aaa117fae6d,0.0,0.0035152586451538126,
twitter_cluster37,3168270709,0.01,1,1946,marginal-hits-tuned,LRU2Q,cold,276957.0023902659,255.0,0.226794600902899,255,50000,0,twitter_cluster37-0c04a5735a1aa1a09023a3e4d2cf09a4,0.0006199063086436973,0.00413516495379751,0.003009107451872106
twitter_cluster37,3168270709,0.01,1,1946,marginal-hits,TINYLFU,,241635.49405719212,63008.0,0.227111074806834,63008,50000,0,twitter_cluster37-5631e0e4e3c517f1ae8c1fd7f2e8adb2,0.003271059183976993,0.003818691049862488,
twitter_cluster37,3168270709,0.01,1,1946,hits,TINYLFU,,202297.85680843124,1736.0,0.2269178507877307,1736,50000,0,twitter_cluster37-686add426032667606782b062f8ef6d1,0.003464283203080315,0.00401191506896581,
twitter_cluster37,3168270709,0.01,1,1946,marginal-hits-tuned,TINYLFU,,246863.2503805145,759.0,0.2284792744962375,759,50000,0,twitter_cluster37-cf2ae4ef266c1db76a45bda29caa2b73,0.0019028594945735,0.002450491360458995,-0.0013681996894034931
twitter_cluster37,3168270709,0.01,1,1946,disabled,TINYLFU,,288443.96299087565,,0.230382133990811,0,50000,0,twitter_cluster37-d64b8409f2a23340be9087f0e516fb03,0.0,0.0005476318658854951,
twitter_cluster37,3168270709,0.01,1,1946,tail-age,TINYLFU,,252721.22788002237,29545.0,0.2306264133062753,29545,50000,0,twitter_cluster37-c6e923cf22393427961bc6805b8a9367,-0.0002442793154643075,0.0003033525504211876,
twitter_cluster37,3168270709,0.01,1,1946,free-mem,TINYLFU,,286002.72664079384,,0.230382133990811,0,50000,0,twitter_cluster37-3ae0eedd6baaff277e42c4b5401752e6,0.0,0.0005476318658854951,
twitter_cluster37,3168270709,0.1,1,19455,tail-age,LRU,,127595.62052928742,732.0,0.2232427251215672,732,50000,0,twitter_cluster37-8cb4db8e72c46ab61f59757a6c2a0635,4.55068437145989e-05,4.55068437145989e-05,
twitter_cluster37,3168270709,0.1,1,19455,marginal-hits-tuned,LRU,,252317.94470106863,14.0,0.223284888816614,14,50000,0,twitter_cluster37-911a10baecc6bad9cfc13f84719fd0c4,3.3431486677892863e-06,3.3431486677892863e-06,-0.001193267667835507
twitter_cluster37,3168270709,0.1,1,19455,free-mem,LRU,,220667.9669938708,,0.2232882319652818,0,50000,0,twitter_cluster37-f73d258e47575f484f656bbb938a238f,0.0,0.0,
twitter_cluster37,3168270709,0.1,1,19455,disabled,LRU,,169244.70738585293,,0.2232882319652818,0,50000,0,twitter_cluster37-b538176b965468291e3bed7803a1916a,0.0,0.0,
twitter_cluster37,3168270709,0.1,1,19455,hits,LRU,,153085.6025391941,2560.0,0.2227447847165638,2560,50000,0,twitter_cluster37-c1c041604128b5ccde472a942822fa31,0.0005434472487179931,0.0005434472487179931,
twitter_cluster37,3168270709,0.1,1,19455,marginal-hits,LRU,,119239.9495544155,59084.0,0.2220916211487785,59084,50000,0,twitter_cluster37-168dc1761ac5ed5f70c599210e5262fe,0.0011966108165032963,0.0011966108165032963,
twitter_cluster37,3168270709,0.1,1,19455,tail-age,LRU2Q,,163207.14028472314,9.0,0.2222940075793883,9,50000,0,twitter_cluster37-017f112af15ed5637c234803d15d97b2,-1.7583724725156458e-06,0.0009942243858934996,
twitter_cluster37,3168270709,0.1,1,19455,marginal-hits-tuned,LRU2Q,warm-cold,162650.42097345548,179.0,0.22228811004041,179,50000,0,twitter_cluster37-3a09804a082319a69445501c7fb6b3df,4.1391665057954885e-06,0.0010001219248718107,-0.0007213562886238811
twitter_cluster37,3168270709,0.1,1,19455,free-mem,LRU2Q,,149839.08381357952,,0.2222922492069158,0,50000,0,twitter_cluster37-5bb60f58522d3d1222dfdb83b6d21131,0.0,0.0009959827583660152,
twitter_cluster37,3168270709,0.1,1,19455,marginal-hits,LRU2Q,warm-cold,121220.48200230594,59084.0,0.2215667537517861,59084,50000,0,twitter_cluster37-93875c32ede0ef94b57aed90bcce2737,0.0007254954551296766,0.0017214782134956919,
twitter_cluster37,3168270709,0.1,1,19455,hits,LRU2Q,,161442.61100922545,2563.0,0.2219651966614826,2563,50000,0,twitter_cluster37-33d031affe4b92c0491a976c1b6f8508,0.00032705254543319295,0.0013230353037992082,
twitter_cluster37,3168270709,0.1,1,19455,marginal-hits,LRU2Q,cold,95860.8927798456,59078.0,0.2221535435720874,59078,50000,0,twitter_cluster37-92821c03fc958f316a0142b69c440f1e,0.00013870563482840104,0.0011346883931944163,
twitter_cluster37,3168270709,0.1,1,19455,marginal-hits-tuned,LRU2Q,cold,170616.35883336858,3.0,0.2222913831193078,3,50000,0,twitter_cluster37-1590edddb6b7c5dae05328e97741b74e,8.660876079924495e-07,0.0009968488459740077,-0.0001378395472204086
twitter_cluster37,3168270709,0.1,1,19455,disabled,LRU2Q,,136622.51007634192,,0.2222922492069158,0,50000,0,twitter_cluster37-1ad73f7df5a58e9755d7b5a5c8b3fa79,0.0,0.0009959827583660152,
twitter_cluster37,3168270709,0.1,1,19455,tail-age,TINYLFU,,262538.0827376374,25039.0,0.2231906175161372,25039,50000,0,twitter_cluster37-4ec80f1d414e870fb689ef72d032e421,-0.0001750074570411042,9.761444914460626e-05,
twitter_cluster37,3168270709,0.1,1,19455,marginal-hits-tuned,TINYLFU,,280871.81304993114,10.0,0.2230139135500242,10,50000,0,twitter_cluster37-5cfb5a88e597ba8af4867dec6ee83ba8,1.696509071891228e-06,0.0002743184152576017,-0.0010711938188739112
twitter_cluster37,3168270709,0.1,1,19455,marginal-hits,TINYLFU,,93062.39821284436,59084.0,0.2219427197311503,59084,50000,0,twitter_cluster37-bd0f1534e4c0b46d71123142887ed6fd,0.0010728903279458024,0.0013455122341315129,
twitter_cluster37,3168270709,0.1,1,19455,disabled,TINYLFU,,270333.31547836587,,0.2230156100590961,0,50000,0,twitter_cluster37-5e9497f79df56599e26b4ad686243d21,0.0,0.00027262190618571047,
twitter_cluster37,3168270709,0.1,1,19455,free-mem,TINYLFU,,248679.7541475866,,0.2230156100590961,0,50000,0,twitter_cluster37-a2923094a3254420e0f802028acbc0f0,0.0,0.00027262190618571047,
twitter_cluster37,3168270709,0.1,1,19455,hits,TINYLFU,,120373.6012349202,2561.0,0.2225492768017128,2561,50000,0,twitter_cluster37-1d63bc1c12297de5ae8275629eaca6a2,0.00046633325738329456,0.000738955163569005,
twitter_cluster38,1342423951,0.01,1,3359,hits,LRU,,251155.8068284148,189.0,0.9382774629890376,189,50000,1,twitter_cluster38-f295665d935eff39d50690321411bec0,7.44921235806828e-10,7.44921235806828e-10,
twitter_cluster38,1342423951,0.01,1,3359,tail-age,LRU,,188286.43972808533,3683.0,0.9382774816120664,3683,50000,1,twitter_cluster38-081fddc676c5193a18a3d2ed099f52f9,-1.7878107549940125e-08,-1.7878107549940125e-08,
twitter_cluster38,1342423951,0.01,1,3359,disabled,LRU,,160314.1803615398,,0.9382774637339588,0,50000,4,twitter_cluster38-0735051365acaae7ee8e4ae39fed1744,0.0,0.0,
twitter_cluster38,1342423951,0.01,1,3359,marginal-hits,LRU,,310923.06879045005,26571.0,0.9382996586597702,26571,50000,1,twitter_cluster38-7970d71290ef62171777d047d41c1043,-2.219492581134741e-05,-2.219492581134741e-05,
twitter_cluster38,1342423951,0.01,1,3359,marginal-hits-tuned,LRU,,203206.72232659505,3.0,0.9382774629890376,3,50000,1,twitter_cluster38-172e7285a02ca61c76856bc6bbedba3f,7.44921235806828e-10,7.44921235806828e-10,2.2195670732583217e-05
twitter_cluster38,1342423951,0.01,1,3359,free-mem,LRU,,193618.1510650344,1.0,0.9382774629890376,1,50000,1,twitter_cluster38-4a652cd740c5512ea549526da0a8ea61,7.44921235806828e-10,7.44921235806828e-10,
twitter_cluster38,1342423951,0.01,1,3359,marginal-hits-tuned,LRU2Q,cold,205666.1217770855,1.0,0.9382774629890376,1,50000,1,twitter_cluster38-a11da58c3d2651c9603a8ed341ec1a62,7.44921235806828e-10,7.44921235806828e-10,1.1844246361469857e-07
twitter_cluster38,1342423951,0.01,1,3359,marginal-hits,LRU2Q,warm-cold,164580.0762084377,8156.0,0.9382775702576838,8156,50000,1,twitter_cluster38-a1f9b75586a1a7c5ea3903d22b7810ab,-1.0652372495201234e-07,-1.0652372495201234e-07,
twitter_cluster38,1342423951,0.01,1,3359,marginal-hits-tuned,LRU2Q,warm-cold,160104.40118195728,1.0,0.9382774629890376,1,50000,1,twitter_cluster38-df70af9dbaa30fa39d415d0551650f23,7.44921235806828e-10,7.44921235806828e-10,1.0726864618781917e-07
twitter_cluster38,1342423951,0.01,1,3359,hits,LRU2Q,,202826.38694770169,189.0,0.9382774629890376,189,50000,1,twitter_cluster38-8d10aa288554d983d1355441ae95d147,7.44921235806828e-10,7.44921235806828e-10,
twitter_cluster38,1342423951,0.01,1,3359,marginal-hits,LRU2Q,cold,271629.73384788685,8159.0,0.9382775814315012,8159,50000,1,twitter_cluster38-c769128906f556505c4abd4deb604f78,-1.1769754237889174e-07,-1.1769754237889174e-07,
twitter_cluster38,1342423951,0.01,1,3359,free-mem,LRU2Q,,224870.09582640824,1.0,0.9382774629890376,1,50000,1,twitter_cluster38-a9592aa7579827747cb956cc1cdb00e0,7.44921235806828e-10,7.44921235806828e-10,
twitter_cluster38,1342423951,0.01,1,3359,tail-age,LRU2Q,,208379.67096385264,1371.0,0.9382774711831702,1371,50000,1,twitter_cluster38-29c5a7ff6e644e2a688dd5c7a71bee4c,-7.449211358867558e-09,-7.449211358867558e-09,
twitter_cluster38,1342423951,0.01,1,3359,disabled,LRU2Q,,163063.69112371947,,0.9382774637339588,0,50000,4,twitter_cluster38-f2f12e6a2c421aac0ac9609a82d78c70,0.0,0.0,
twitter_cluster38,1342423951,0.01,1,3359,marginal-hits-tuned,TINYLFU,,205406.2249324308,1.0,0.9382774629890376,1,50000,1,twitter_cluster38-02320dbbe8efff6d0a64d59189328015,7.44921235806828e-10,7.44921235806828e-10,0.00950276921869364
twitter_cluster38,1342423951,0.01,1,3359,hits,TINYLFU,,151236.70486380113,190.0,0.9382774875714356,190,50000,1,twitter_cluster38-3bf3d1c13b5e66e0672ab4044f73c94c,-2.3837476770260935e-08,-2.3837476770260935e-08,
twitter_cluster38,1342423951,0.01,1,3359,marginal-hits,TINYLFU,,184041.15517941583,26571.0,0.9477802322077312,26571,50000,1,twitter_cluster38-bd88960ccb2d806ed8048b55a9d64420,-0.009502768473772405,-0.009502768473772405,
twitter_cluster38,1342423951,0.01,1,3359,tail-age,TINYLFU,,205547.8493460065,25308.0,0.9382775799416588,25308,50000,1,twitter_cluster38-eaf82f4e61a1ba517de2b165668a170a,-1.1620770001830039e-07,-1.1620770001830039e-07,
twitter_cluster38,1342423951,0.01,1,3359,disabled,TINYLFU,,180893.995302354,,0.9382774637339588,0,50000,4,twitter_cluster38-99dc7a39425282a0aaa3d5f8913b0f11,0.0,0.0,
twitter_cluster38,1342423951,0.01,1,3359,free-mem,TINYLFU,,131419.16638692142,1.0,0.9382774629890376,1,50000,1,twitter_cluster38-6549a9808a5c7aad9a7581e141e94d97,7.44921235806828e-10,7.44921235806828e-10,
twitter_cluster38,1342423951,0.1,1,33582,free-mem,LRU,,37920.01651022568,1.0,0.9382774629890376,1,50000,1,twitter_cluster38-3a0a909e9629773f2fec5a13a217ca5b,7.44921235806828e-10,7.44921235806828e-10,
twitter_cluster38,1342423951,0.1,1,33582,disabled,LRU,,72400.55035150882,,0.9382774637339588,0,50000,4,twitter_cluster38-eb96813f36f15f6d14fab43c3a9279fc,0.0,0.0,
twitter_cluster38,1342423951,0.1,1,33582,marginal-hits,LRU,,76615.23256392815,24395.0,0.938283123644894,24395,50000,1,twitter_cluster38-bce4e9963591650c17cc6bb5c7cf8b1f,-5.659910935151835e-06,-5.659910935151835e-06,
twitter_cluster38,1342423951,0.1,1,33582,marginal-hits-tuned,LRU,,63756.9314309628,1.0,0.9382774629890376,1,50000,1,twitter_cluster38-2c5213546b0719755bcedd2970316962,7.44921235806828e-10,7.44921235806828e-10,5.660655856387642e-06
twitter_cluster38,1342423951,0.1,1,33582,hits,LRU,,47532.99199554078,55.0,0.9382774629890376,55,50000,1,twitter_cluster38-5b10a5197e2574c48442de56f057dbfa,7.44921235806828e-10,7.44921235806828e-10,
twitter_cluster38,1342423951,0.1,1,33582,tail-age,LRU,,66490.32983049935,3835.0,0.9382774637339588,3835,50000,1,twitter_cluster38-79622c37b6dba062c0eee73c3eed0c9f,0.0,0.0,
twitter_cluster38,1342423951,0.1,1,33582,marginal-hits-tuned,LRU2Q,cold,37166.51818388388,1.0,0.9382774629890376,1,50000,1,twitter_cluster38-69cb9bac418e973a9d921b589c1616f1,7.44921235806828e-10,7.44921235806828e-10,1.0428896157765877e-07
twitter_cluster38,1342423951,0.1,1,33582,hits,LRU2Q,,57809.17026960327,55.0,0.9382774629890376,55,50000,1,twitter_cluster38-a2b26cb8b9966d8a6a9b701e7974a42f,7.44921235806828e-10,7.44921235806828e-10,
twitter_cluster38,1342423951,0.1,1,33582,free-mem,LRU2Q,,31309.864948139668,1.0,0.9382774629890376,1,50000,1,twitter_cluster38-bddf5622f12d10d08830ccdfb22921f9,7.44921235806828e-10,7.44921235806828e-10,
twitter_cluster38,1342423951,0.1,1,33582,marginal-hits,LRU2Q,warm-cold,89032.88252021461,24395.0,0.9382775836662646,24395,50000,1,twitter_cluster38-0247bffeee671098d114a8cea03f7344,-1.1993230575324532e-07,-1.1993230575324532e-07,
twitter_cluster38,1342423951,0.1,1,33582,tail-age,LRU2Q,,59496.67012474997,2877.0,0.938277465223801,2877,50000,1,twitter_cluster38-c97a38edcda9cc0aa2ca813601a54664,-1.4898421385467486e-09,-1.4898421385467486e-09,
twitter_cluster38,1342423951,0.1,1,33582,marginal-hits-tuned,LRU2Q,warm-cold,71283.84431922766,1.0,0.9382774629890376,1,50000,1,twitter_cluster38-12bf0160ebf7ae97c4ca02e595783aa4,7.44921235806828e-10,7.44921235806828e-10,1.2067722698905214e-07
twitter_cluster38,1342423951,0.1,1,33582,disabled,LRU2Q,,64762.610740048665,,0.9382774637339588,0,50000,4,twitter_cluster38-1ed9eac19f5d1928aae5df2263e7524f,0.0,0.0,
twitter_cluster38,1342423951,0.1,1,33582,marginal-hits,LRU2Q,cold,106026.97203793362,24395.0,0.9382775672779992,24395,50000,1,twitter_cluster38-e643367b5ce0f051579a202ff33ac5e7,-1.0354404034185194e-07,-1.0354404034185194e-07,
twitter_cluster38,1342423951,0.1,1,33582,marginal-hits,TINYLFU,,30718.283434804456,24395.0,0.9392786176533288,24395,50000,1,twitter_cluster38-0a7683f7d3f4affe33d09e4a1b018502,-0.001001153919369946,-0.001001153919369946,
twitter_cluster38,1342423951,0.1,1,33582,hits,TINYLFU,,35911.07163278533,55.0,0.9382774629890376,55,50000,1,twitter_cluster38-6fc13e20c657fc1d248c51a72bcc9399,7.44921235806828e-10,7.44921235806828e-10,
twitter_cluster38,1342423951,0.1,1,33582,tail-age,TINYLFU,,52510.19175753772,18872.0,0.9382774711831702,18872,50000,1,twitter_cluster38-721d03347bf0c306ff45f27e9a94ef63,-7.449211358867558e-09,-7.449211358867558e-09,
twitter_cluster38,1342423951,0.1,1,33582,disabled,TINYLFU,,65737.17368309414,,0.9382774637339588,0,50000,4,twitter_cluster38-88880f0842daf417b5c3a6b9cd472494,0.0,0.0,
twitter_cluster38,1342423951,0.1,1,33582,free-mem,TINYLFU,,47882.96660568495,1.0,0.9382774629890376,1,50000,1,twitter_cluster38-fa4ccc63874b7851282cae712759d8c4,7.44921235806828e-10,7.44921235806828e-10,
twitter_cluster38,1342423951,0.1,1,33582,marginal-hits-tuned,TINYLFU,,55809.14719982907,1.0,0.9382774629890376,1,50000,1,twitter_cluster38-94be6eea32f3e173431aa3934f51f27a,7.44921235806828e-10,7.44921235806828e-10,0.0010011546642911817
twitter_cluster39,1329229014,0.01,1,2046,free-mem,LRU,,223049.7599745752,1.0,0.9383474163316752,1,50000,1,twitter_cluster39-2b65d006060e90e6d1e470e9b32bf798,2.2569474067424267e-09,2.2569474067424267e-09,
twitter_cluster39,1329229014,0.01,1,2046,marginal-hits-tuned,LRU,,225825.11940267228,9.0,0.9383474163316752,9,50000,1,twitter_cluster39-f850cb2c87dda0e439a0efd6cc30c4c8,2.2569474067424267e-09,2.2569474067424267e-09,4.617563967801441e-05
twitter_cluster39,1329229014,0.01,1,2046,disabled,LRU,,404381.37537575234,,0.9383474185886226,0,50000,15,twitter_cluster39-f4e4a1bd65353c72d5ea96d9db1e3161,0.0,0.0,
twitter_cluster39,1329229014,0.01,1,2046,tail-age,LRU,,223132.2763119492,1870.0,0.9383474223502016,1870,50000,1,twitter_cluster39-7ff23982c719c25776ec8bbb45c8bd0c,-3.761579048244812e-09,-3.761579048244812e-09,
twitter_cluster39,1329229014,0.01,1,2046,marginal-hits,LRU,,448246.50987217046,26338.0,0.9383935919713532,26338,50000,0,twitter_cluster39-bda3d405064e4c8b078f5749ae624cca,-4.617338273060767e-05,-4.617338273060767e-05,
twitter_cluster39,1329229014,0.01,1,2046,hits,LRU,,370718.1608798531,276.0,0.9383474163316752,276,50000,1,twitter_cluster39-106d86d5c5d6b0ea9e893d7d1cd36918,2.2569474067424267e-09,2.2569474067424267e-09,
twitter_cluster39,1329229014,0.01,1,2046,tail-age,LRU2Q,,338208.9106925953,940.0,0.9383474163316752,940,50000,1,twitter_cluster39-311a25b0198fbf1119284c252b181c07,2.2569474067424267e-09,2.2569474067424267e-09,
twitter_cluster39,1329229014,0.01,1,2046,disabled,LRU2Q,,222904.2567936965,,0.9383474185886226,0,50000,15,twitter_cluster39-664b1727d63e26a2075a5f338a382d5f,0.0,0.0,
twitter_cluster39,1329229014,0.01,1,2046,marginal-hits,LRU2Q,cold,445651.9139468448,4454.0,0.9383476683574709,4454,50000,1,twitter_cluster39-5c0cacaa435e6ed812611c1fc123c5a6,-2.4976884827054846e-07,-2.4976884827054846e-07,
twitter_cluster39,1329229014,0.01,1,2046,hits,LRU2Q,,324419.47092221817,276.0,0.9383474163316752,276,50000,1,twitter_cluster39-8beb893b6c20c03df58079d3a6a8503a,2.2569474067424267e-09,2.2569474067424267e-09,
twitter_cluster39,1329229014,0.01,1,2046,free-mem,LRU2Q,,336718.7791029305,1.0,0.9383474163316752,1,50000,1,twitter_cluster39-98495e29bfb92a49c109911786f4c4c7,2.2569474067424267e-09,2.2569474067424267e-09,
twitter_cluster39,1329229014,0.01,1,2046,marginal-hits,LRU2Q,warm-cold,440964.221106934,4368.0,0.9383475713087316,4368,50000,1,twitter_cluster39-f2f1743980fdbd5fbf1b459d38619818,-1.52720109003468e-07,-1.52720109003468e-07,
twitter_cluster39,1329229014,0.01,1,2046,marginal-hits-tuned,LRU2Q,warm-cold,259259.45424302263,1.0,0.9383474163316752,1,50000,1,twitter_cluster39-3065953f5ece0c8029b6e0a8e90292b8,2.2569474067424267e-09,2.2569474067424267e-09,1.5497705641021042e-07
twitter_cluster39,1329229014,0.01,1,2046,marginal-hits-tuned,LRU2Q,cold,303737.02492178336,1.0,0.9383474163316752,1,50000,1,twitter_cluster39-edfae212005f41262b86b0ef0041cff5,2.2569474067424267e-09,2.2569474067424267e-09,2.520257956772909e-07
twitter_cluster39,1329229014,0.01,1,2046,marginal-hits,TINYLFU,,289374.0613466819,26338.0,0.9471554914464124,26338,50000,1,twitter_cluster39-61d479c861659d4cbe8e0af7f5ce31cc,-0.00880807285778984,-0.00880807285778984,
twitter_cluster39,1329229014,0.01,1,2046,free-mem,TINYLFU,,178057.81460334163,1.0,0.9383474163316752,1,50000,1,twitter_cluster39-59b628d6e00cbe431596c97b7142b7b8,2.2569474067424267e-09,2.2569474067424267e-09,
twitter_cluster39,1329229014,0.01,1,2046,disabled,TINYLFU,,217699.88368137955,,0.9383474185886226,0,50000,15,twitter_cluster39-4f984bad53d0b6531a791cfb16948c1b,0.0,0.0,
twitter_cluster39,1329229014,0.01,1,2046,hits,TINYLFU,,217031.2309668886,276.0,0.9383474163316752,276,50000,1,twitter_cluster39-608f12ca82efee1c6e8a4aa3f61318c6,2.2569474067424267e-09,2.2569474067424267e-09,
twitter_cluster39,1329229014,0.01,1,2046,tail-age,TINYLFU,,269295.8964781327,15890.0,0.9383475261697832,15890,50000,1,twitter_cluster39-7272c3d601f72d3c8943930cb84abd00,-1.0758116064657486e-07,-1.0758116064657486e-07,
twitter_cluster39,1329229014,0.01,1,2046,marginal-hits-tuned,TINYLFU,,278244.26097122475,1.0,0.9383474163316752,1,50000,1,twitter_cluster39-415e39143b1e3b7a7f99d8bd3422fc79,2.2569474067424267e-09,2.2569474067424267e-09,0.008808075114737246
twitter_cluster39,1329229014,0.1,1,20451,free-mem,LRU,,62094.04953118332,1.0,0.9383474163316752,1,50000,1,twitter_cluster39-ec311d89dd59c9deb44ff887f486e368,2.2569474067424267e-09,2.2569474067424267e-09,
twitter_cluster39,1329229014,0.1,1,20451,marginal-hits-tuned,LRU,,58436.63525599817,9.0,0.9383474163316752,9,50000,1,twitter_cluster39-0fb4a4a832a4100979004bfccb6062e9,2.2569474067424267e-09,2.2569474067424267e-09,2.006125334241826e-05
twitter_cluster39,1329229014,0.1,1,20451,disabled,LRU,,65161.28869446856,,0.9383474185886226,0,50000,15,twitter_cluster39-66a5e6fcbd4e33c612f2dc9fe9d42556,0.0,0.0,
twitter_cluster39,1329229014,0.1,1,20451,marginal-hits,LRU,,76535.56008741852,24126.0,0.9383674775850176,24126,50000,0,twitter_cluster39-f3b849f3240cf028e658001aee8b0b6e,-2.005899639501152e-05,-2.005899639501152e-05,
twitter_cluster39,1329229014,0.1,1,20451,tail-age,LRU,,64763.49313268015,870.0,0.9383474163316752,870,50000,1,twitter_cluster39-b29ea084625cec8dad8f11554f561eb7,2.2569474067424267e-09,2.2569474067424267e-09,
twitter_cluster39,1329229014,0.1,1,20451,hits,LRU,,72872.42976725075,46.0,0.9383474163316752,46,50000,1,twitter_cluster39-c1452dde4991f676a54ea4007db29ad4,2.2569474067424267e-09,2.2569474067424267e-09,
twitter_cluster39,1329229014,0.1,1,20451,marginal-hits-tuned,LRU2Q,warm-cold,49590.671578186295,1.0,0.9383474163316752,1,50000,1,twitter_cluster39-b2dcea09739a9710644186ac1441a869,2.2569474067424267e-09,2.2569474067424267e-09,1.0532421323983243e-07
twitter_cluster39,1329229014,0.1,1,20451,disabled,LRU2Q,,66228.2858275139,,0.9383474185886226,0,50000,15,twitter_cluster39-7262449b68b7c12926c37e1d7fc47c20,0.0,0.0,
twitter_cluster39,1329229014,0.1,1,20451,hits,LRU2Q,,51180.16011999991,46.0,0.9383474163316752,46,50000,1,twitter_cluster39-3f738a20740b026577f12310c059815d,2.2569474067424267e-09,2.2569474067424267e-09,
twitter_cluster39,1329229014,0.1,1,20451,marginal-hits,LRU2Q,cold,105523.57890357908,17352.0,0.9383476202092592,17352,50000,1,twitter_cluster39-6202dba1086ec4806eda7f291be323dc,-2.0162063663065055e-07,-2.0162063663065055e-07,
twitter_cluster39,1329229014,0.1,1,20451,marginal-hits-tuned,LRU2Q,cold,55292.85760955186,1.0,0.9383474163316752,1,50000,1,twitter_cluster39-471082e00f080321651184d658eb07cf,2.2569474067424267e-09,2.2569474067424267e-09,2.0387758403739298e-07
twitter_cluster39,1329229014,0.1,1,20451,tail-age,LRU2Q,,62510.63247104669,1078.0,0.9383474193409383,1078,50000,1,twitter_cluster39-8f3e12ac92a7154d3022c9a5682be0e3,-7.523157652400414e-10,-7.523157652400414e-10,
twitter_cluster39,1329229014,0.1,1,20451,free-mem,LRU2Q,,65426.98440136729,1.0,0.9383474163316752,1,50000,1,twitter_cluster39-612ab250047c4cf01f669827d1ec9d52,2.2569474067424267e-09,2.2569474067424267e-09,
twitter_cluster39,1329229014,0.1,1,20451,marginal-hits,LRU2Q,warm-cold,78379.65481348532,17328.0,0.9383475216558884,17328,50000,1,twitter_cluster39-b130839f37f4c380e0dac5732387e357,-1.0306726583309e-07,-1.0306726583309e-07,
twitter_cluster39,1329229014,0.1,1,20451,tail-age,TINYLFU,,64958.85917579379,12741.0,0.9383474261117806,12741,50000,1,twitter_cluster39-76e74a7ef57123ea0636414dffe72acf,-7.523157985467321e-09,-7.523157985467321e-09,
twitter_cluster39,1329229014,0.1,1,20451,disabled,TINYLFU,,62918.62314137177,,0.9383474185886226,0,50000,15,twitter_cluster39-1e0c34287921a798d557ddc47cc046c1,0.0,0.0,
twitter_cluster39,1329229014,0.1,1,20451,free-mem,TINYLFU,,63398.14629493046,1.0,0.9383474163316752,1,50000,1,twitter_cluster39-8473a495793b8fa085ddb4de14409ef0,2.2569474067424267e-09,2.2569474067424267e-09,
twitter_cluster39,1329229014,0.1,1,20451,marginal-hits,TINYLFU,,97233.5528242095,24126.0,0.9422119339925874,24126,50000,1,twitter_cluster39-141860f1e3a8aa6fb0e9d60acfaa97ae,-0.003864515403964819,-0.003864515403964819,
twitter_cluster39,1329229014,0.1,1,20451,marginal-hits-tuned,TINYLFU,,75187.06391680431,1.0,0.9383474163316752,1,50000,1,twitter_cluster39-620892a9b0430facf1e4157955af1ef4,2.2569474067424267e-09,2.2569474067424267e-09,0.0038645176609122256
twitter_cluster39,1329229014,0.1,1,20451,hits,TINYLFU,,71665.5303061415,46.0,0.9383474163316752,46,50000,1,twitter_cluster39-3243bed3cf251d790f032897866cee4f,2.2569474067424267e-09,2.2569474067424267e-09,
twitter_cluster4,3448082328,0.01,1,193,disabled,LRU,,531717.6936561555,,0.0844583798464338,0,50000,14,twitter_cluster4-b83dec5013c7ca9963427a2988f97ab3,0.0,0.0,
twitter_cluster4,3448082328,0.01,1,193,free-mem,LRU,,527952.2932040264,6.0,0.0848795127724688,6,50000,6,twitter_cluster4-b498752ae3a9392140eb88ebf9c8cebc,-0.0004211329260350033,-0.0004211329260350033,
twitter_cluster4,3448082328,0.01,1,193,marginal-hits-tuned,LRU,,542743.7587909258,299.0,0.0760101369598156,299,50000,6,twitter_cluster4-2a6e7dcaa666d4ba027e4a3a24eb83e3,0.008448242886618204,0.008448242886618204,0.003437363691624701
twitter_cluster4,3448082328,0.01,1,193,hits,LRU,,498273.65291413816,617.0,0.074337336704102,617,50000,6,twitter_cluster4-89ddb1a49e671b27e2e722848cde4a98,0.010121043142331795,0.010121043142331795,
twitter_cluster4,3448082328,0.01,1,193,tail-age,LRU,,540467.1052888617,103.0,0.0791027388717268,103,50000,6,twitter_cluster4-339e2b2eb61b1fd2c27e01257a7491ce,0.005355640974707004,0.005355640974707004,
twitter_cluster4,3448082328,0.01,1,193,marginal-hits,LRU,,522564.1102255552,68828.0,0.0794475006514403,68828,50000,6,twitter_cluster4-7ceba56ad1a733418c446c41b7944a6d,0.005010879194993503,0.005010879194993503,
twitter_cluster4,3448082328,0.01,1,193,disabled,LRU2Q,,562286.8043666558,,0.078402893923013,0,50000,14,twitter_cluster4-5269c0b1d7d9eca823355c6085151a8c,0.0,0.0060554859234207975,
twitter_cluster4,3448082328,0.01,1,193,marginal-hits-tuned,LRU2Q,cold,561907.5333321398,123.0,0.068298052540003,123,50000,6,twitter_cluster4-b39ad03f8a150a84e87475fc376f7aea,0.010104841383010002,0.0161603273064308,0.011369202435122405
twitter_cluster4,3448082328,0.01,1,193,marginal-hits,LRU2Q,cold,565294.7900345786,67989.0,0.0796672549751254,67989,50000,6,twitter_cluster4-1daa7238e992020a6a2952b902d13a08,-0.0012643610521124032,0.004791124871308394,
twitter_cluster4,3448082328,0.01,1,193,free-mem,LRU2Q,,540750.8465947206,6.0,0.0788001202272917,6,50000,6,twitter_cluster4-13f164a04b2667dd5f933acbd13fc40b,-0.0003972263042787,0.0056582596191420975,
twitter_cluster4,3448082328,0.01,1,193,hits,LRU2Q,,521224.1498007316,570.0,0.0693323738411619,570,50000,6,twitter_cluster4-ec379fae3bd5e65db3cabe4072adb9bb,0.009070520081851094,0.015126006005271891,
twitter_cluster4,3448082328,0.01,1,193,tail-age,LRU2Q,,520502.41669395525,953.0,0.0788931006058043,953,50000,6,twitter_cluster4-5491e053fdcb62e9986ad8fe4a87382c,-0.0004902066827913026,0.005565279240629495,
twitter_cluster4,3448082328,0.01,1,193,marginal-hits-tuned,LRU2Q,warm-cold,542314.1641247134,191.0,0.0746289112386878,191,50000,6,twitter_cluster4-05671237cb500c005e9451bd73fa71f9,0.003773982684325203,0.009829468607746,0.013609552364493308
twitter_cluster4,3448082328,0.01,1,193,marginal-hits,LRU2Q,warm-cold,523446.8195542152,67811.0,0.0882384636031811,67811,50000,7,twitter_cluster4-1dfe84a3cdc5599ca7a78e783f46c271,-0.009835569680168105,-0.0037800837567473072,
twitter_cluster4,3448082328,0.01,1,193,free-mem,TINYLFU,,474901.09498532966,6.0,0.0851940655867077,6,50000,6,twitter_cluster4-7c62d0bba3643fea07f61627b4c3922e,-0.00042633958825818996,-0.0007356857402738975,
twitter_cluster4,3448082328,0.01,1,193,hits,TINYLFU,,475351.5702864344,518.0,0.0738064906204293,518,50000,6,twitter_cluster4-daa78760e55f2b0cabe923df415293e2,0.010961235378020212,0.010651889226004504,
twitter_cluster4,3448082328,0.01,1,193,marginal-hits-tuned,TINYLFU,,523707.2615948455,280.0,0.076382550341472,280,50000,6,twitter_cluster4-7e9c607dc252ed3c0abb2b99be38440c,0.008385175656977509,0.008075829504961801,0.003264757894145001
twitter_cluster4,3448082328,0.01,1,193,marginal-hits,TINYLFU,,549912.3016949149,68821.0,0.079647308235617,68821,50000,6,twitter_cluster4-78800247632ddcee4499ecf2d58ffd84,0.005120417762832508,0.0048110716108168,
twitter_cluster4,3448082328,0.01,1,193,tail-age,TINYLFU,,398627.02693876834,12401.0,0.08030563967439,12401,50000,6,twitter_cluster4-d35495563c9a3aced46708c39b1f0eb4,0.0044620863240595054,0.004152740172043798,
twitter_cluster4,3448082328,0.01,1,193,disabled,TINYLFU,,520897.0256801568,,0.0847677259984495,0,50000,14,twitter_cluster4-0a9ef0796794e033d0f76c1cb8ef8011,0.0,-0.0003093461520157076,
twitter_cluster4,3448082328,0.1,1,1928,free-mem,LRU,,558708.1102617627,6.0,0.0419294475152102,6,50000,6,twitter_cluster4-2aa70c4bf8a2bcf49622b74d2822c727,-1.199623328710514e-05,-1.199623328710514e-05,
twitter_cluster4,3448082328,0.1,1,1928,hits,LRU,,550455.714703737,3939.0,0.039446000722057,3939,50000,6,twitter_cluster4-cf384218268db949e15ab277fa7b26ff,0.002471450559866098,0.002471450559866098,
twitter_cluster4,3448082328,0.1,1,1928,marginal-hits,LRU,,398862.9643290433,64139.0,0.0421298435424132,64139,50000,0,twitter_cluster4-f2f945b547f4df35ea7b855a4d9aeda5,-0.00021239226049010046,-0.00021239226049010046,
twitter_cluster4,3448082328,0.1,1,1928,marginal-hits-tuned,LRU,,528129.0299786085,753.0,0.0397609482484491,753,50000,6,twitter_cluster4-95c6324418a446918764e4289cb5b427,0.0021565030334739985,0.0021565030334739985,0.002368895293964099
twitter_cluster4,3448082328,0.1,1,1928,tail-age,LRU,,358546.05776028486,304.0,0.0418510140631421,304,50000,6,twitter_cluster4-94a0dff934bdfedfa2e5a3bf28a75d2e,6.643721878099584e-05,6.643721878099584e-05,
twitter_cluster4,3448082328,0.1,1,1928,disabled,LRU,,562415.5514786859,,0.0419174512819231,0,50000,14,twitter_cluster4-b1c53028cdc629c70dc887d7e6a70e91,0.0,0.0,
twitter_cluster4,3448082328,0.1,1,1928,marginal-hits-tuned,LRU2Q,warm-cold,560906.0043455723,92.0,0.0392763188686833,92,50000,6,twitter_cluster4-c754571ae9934d027c290fd270017c8e,0.00014009265268329768,0.002641132413239794,0.004125412808298798
twitter_cluster4,3448082328,0.1,1,1928,marginal-hits-tuned,LRU2Q,cold,476516.18888346513,418.0,0.0382358703936375,418,50000,6,twitter_cluster4-1cc98e055263c95113ac28a05e9ac6a0,0.0011805411277290984,0.0036815808882855947,0.004091028478482396
twitter_cluster4,3448082328,0.1,1,1928,marginal-hits,LRU2Q,warm-cold,486582.3938399589,62214.0,0.0434017316769821,62214,50000,0,twitter_cluster4-bbb38aeb9d7ecdc792c8cc0a02b39558,-0.0039853201556155,-0.0014842803950590039,
twitter_cluster4,3448082328,0.1,1,1928,disabled,LRU2Q,,562721.5139858692,,0.0394164115213666,0,50000,14,twitter_cluster4-f0223e7ec4dab17030d22ffeb12d3e89,0.0,0.0025010397605564963,
twitter_cluster4,3448082328,0.1,1,1928,tail-age,LRU2Q,,315481.3774331138,583.0,0.0385272755587174,583,50000,6,twitter_cluster4-653844fe8d582f46eb160fbdc893d005,0.0008891359626492026,0.003390175723205699,
twitter_cluster4,3448082328,0.1,1,1928,hits,LRU2Q,,477436.6437207212,3917.0,0.037777631045009,3917,50000,6,twitter_cluster4-022563bbdcd028fe5be06fdb1faee5fc,0.0016387804763575986,0.004139820236914095,
twitter_cluster4,3448082328,0.1,1,1928,marginal-hits,LRU2Q,cold,476981.1572798055,64124.0,0.0423268988721199,64124,50000,0,twitter_cluster4-b9499e682852829ba1d1dcac0b818750,-0.0029104873507532977,-0.00040944759019680144,
twitter_cluster4,3448082328,0.1,1,1928,free-mem,LRU2Q,,522462.5048331992,6.0,0.0394285002698462,6,50000,6,twitter_cluster4-5fadc84463c1361a0e1adbb21b275b46,-1.2088748479598121e-05,0.002488951012076898,
twitter_cluster4,3448082328,0.1,1,1928,free-mem,TINYLFU,,334074.1765013095,6.0,0.0419664356111627,6,50000,6,twitter_cluster4-f88ce60041d904fa72bdedf3faae4ea5,-1.2156902304702455e-05,-4.8984329239602775e-05,
twitter_cluster4,3448082328,0.1,1,1928,marginal-hits-tuned,TINYLFU,,240659.4347588537,803.0,0.0400077906724505,803,50000,6,twitter_cluster4-f5161086acc08881a992cb55085d9f67,0.0019464880364074982,0.001909660609472598,0.0021046748046208985
twitter_cluster4,3448082328,0.1,1,1928,disabled,TINYLFU,,355395.57818372274,,0.041954278708858,0,50000,14,twitter_cluster4-faff16216b5baa1a40ee946ab9000d7d,0.0,-3.682742693490032e-05,
twitter_cluster4,3448082328,0.1,1,1928,marginal-hits,TINYLFU,,231850.69561270584,64152.0,0.0421124654770714,64152,50000,0,twitter_cluster4-0e199d0babf8182ceb231b9c76d32ade,-0.00015818676821340028,-0.0001950141951483006,
twitter_cluster4,3448082328,0.1,1,1928,hits,TINYLFU,,334287.3463419205,3950.0,0.0395217515235616,3950,50000,6,twitter_cluster4-0db941a93ae0e7efa7ff0a2f22717e4f,0.0024325271852964,0.0023956997583614997,
twitter_cluster4,3448082328,0.1,1,1928,tail-age,TINYLFU,,321867.14303307846,6936.0,0.0414226748126531,6936,50000,6,twitter_cluster4-49b39a0f121d0537be478af9ee33c45d,0.0005316038962049005,0.0004947764692700002,
twitter_cluster40,3847885075,0.01,1,281,hits,LRU,,370026.2816026391,207.0,0.1397949812729269,207,50000,0,twitter_cluster40-d15962524be6a2eaa8007d7be5956cd2,0.07070804732909022,0.07070804732909022,
twitter_cluster40,3847885075,0.01,1,281,marginal-hits,LRU,,348296.7969142049,76791.0,0.1460153489641319,76791,50000,0,twitter_cluster40-1987d1075c8cc894b050e3b6b7dc2f9f,0.06448767963788521,0.06448767963788521,
twitter_cluster40,3847885075,0.01,1,281,disabled,LRU,,376008.4502768864,,0.2105030286020171,0,50000,0,twitter_cluster40-16e839d8dde6631ae4110d1740374b16,0.0,0.0,
twitter_cluster40,3847885075,0.01,1,281,free-mem,LRU,,359784.1141341471,,0.2105030286020171,0,50000,0,twitter_cluster40-9012a44208ad5ddee32b5ee491f4a26d,0.0,0.0,
twitter_cluster40,3847885075,0.01,1,281,tail-age,LRU,,391725.6169722343,204.0,0.1435071786804859,204,50000,0,twitter_cluster40-328627f0f84e8ea332cdaaaceaaf63c3,0.06699584992153121,0.06699584992153121,
twitter_cluster40,3847885075,0.01,1,281,marginal-hits-tuned,LRU,,360106.97405778774,232.0,0.1724982272242109,232,50000,0,twitter_cluster40-00ce2928ef49657ea8bcb3fcd0939528,0.03800480137780621,0.03800480137780621,-0.026482878260079
twitter_cluster40,3847885075,0.01,1,281,marginal-hits-tuned,LRU2Q,warm-cold,359538.28140200785,333.0,0.1443995400512319,333,50000,0,twitter_cluster40-1f4c60cd92d93fc83116c809ad1f6ce8,0.048338764639429904,0.06610348855078521,0.0026562815158922004
twitter_cluster40,3847885075,0.01,1,281,marginal-hits-tuned,LRU2Q,cold,375187.6571774138,368.0,0.1320724268252736,368,50000,0,twitter_cluster40-d7aeb979255f2d26091c9a038dfcd3be,0.06066587786538821,0.07843060177674352,0.013638924494126209
twitter_cluster40,3847885075,0.01,1,281,hits,LRU2Q,,359132.9990788763,207.0,0.1317157763606024,207,50000,0,twitter_cluster40-22cac94d8d57f88037446152a1335cc3,0.06102252833005942,0.07878725224141472,
twitter_cluster40,3847885075,0.01,1,281,free-mem,LRU2Q,,350061.58916068944,,0.1927383046906618,0,50000,0,twitter_cluster40-6a0803f5787b89fa9b477ccef98452aa,0.0,0.017764723911355307,
twitter_cluster40,3847885075,0.01,1,281,disabled,LRU2Q,,358673.5898890945,,0.1927383046906618,0,50000,0,twitter_cluster40-482f103791c1a291ac75b3058fad5931,0.0,0.017764723911355307,
twitter_cluster40,3847885075,0.01,1,281,tail-age,LRU2Q,,307728.5435009555,270.0,0.1479576928372789,270,50000,0,twitter_cluster40-bb35852bbdbc8ebba457f27519be5f6c,0.04478061185338292,0.06254533576473822,
twitter_cluster40,3847885075,0.01,1,281,marginal-hits,LRU2Q,warm-cold,359515.464492488,74003.0,0.1470558215671241,74003,50000,0,twitter_cluster40-f818f2881bcddc01bfe6bc89d901f46b,0.045682483123537704,0.06344720703489301,
twitter_cluster40,3847885075,0.01,1,281,marginal-hits,LRU2Q,cold,369661.5447054388,66618.0,0.1457113513193998,66618,50000,0,twitter_cluster40-b2f8b49cc604522fd712098fd67e67fc,0.047026953371262004,0.06479167728261731,
twitter_cluster40,3847885075,0.01,1,281,free-mem,TINYLFU,,322059.5598379713,,0.1943707053153088,0,50000,0,twitter_cluster40-99ee7e255ea0125fa5ebc8561882a0a7,0.0,0.0161323232867083,
twitter_cluster40,3847885075,0.01,1,281,hits,TINYLFU,,306600.0189541479,206.0,0.1360244047829313,206,50000,0,twitter_cluster40-1bec36293a081eb3578dc600f5eb4bd1,0.05834630053237752,0.07447862381908582,
twitter_cluster40,3847885075,0.01,1,281,tail-age,TINYLFU,,344387.7117343896,11082.0,0.1410894235192302,11082,50000,0,twitter_cluster40-36ca09214f6ff1bf4269289640e76ebb,0.053281281796078606,0.0694136050827869,
twitter_cluster40,3847885075,0.01,1,281,disabled,TINYLFU,,290522.5531223906,,0.1943707053153088,0,50000,0,twitter_cluster40-588efbe644244a45deabdd7347f74297,0.0,0.0161323232867083,
twitter_cluster40,3847885075,0.01,1,281,marginal-hits,TINYLFU,,349041.43392054306,76848.0,0.1426574828251594,76848,50000,0,twitter_cluster40-a998c5efd90e90351d8799904d38f6a0,0.051713222490149424,0.06784554577685772,
twitter_cluster40,3847885075,0.01,1,281,marginal-hits-tuned,TINYLFU,,341894.52539940685,463.0,0.1619354499562334,463,50000,0,twitter_cluster40-247a33072c97bf19de6ba4378c19840e,0.032435255359075404,0.048567578645783704,-0.01927796713107402
twitter_cluster40,3847885075,0.1,1,2807,marginal-hits-tuned,LRU,,301616.97413259133,30.0,0.0879421163585557,30,50000,0,twitter_cluster40-d580667090a5ab884d9917de79b96b64,4.457773469204729e-06,4.457773469204729e-06,0.005358230975752304
twitter_cluster40,3847885075,0.1,1,2807,disabled,LRU,,258555.19464901963,,0.0879465741320249,0,50000,0,twitter_cluster40-89787b7986fce1dc66a1709561dace14,0.0,0.0,
twitter_cluster40,3847885075,0.1,1,2807,free-mem,LRU,,280499.6907844553,,0.0879465741320249,0,50000,0,twitter_cluster40-4a5c689ec86b5aa84793ff75de674cea,0.0,0.0,
twitter_cluster40,3847885075,0.1,1,2807,marginal-hits,LRU,,307112.7638460591,48032.0,0.093300347334308,48032,50000,0,twitter_cluster40-bfe0b29f9d00e49aaa1d92a17cca43a7,-0.005353773202283099,-0.005353773202283099,
twitter_cluster40,3847885075,0.1,1,2807,hits,LRU,,307101.62653563736,794.0,0.0865606387685578,794,50000,0,twitter_cluster40-e86985087cd6bcfe03c366c20a29f16d,0.0013859353634671084,0.0013859353634671084,
twitter_cluster40,3847885075,0.1,1,2807,tail-age,LRU,,237468.7145792711,670.0,0.0860070380350431,670,50000,0,twitter_cluster40-58538d637f4f4b91e97a1241b7b59e1c,0.0019395360969818032,0.0019395360969818032,
twitter_cluster40,3847885075,0.1,1,2807,hits,LRU2Q,,276545.4374525896,802.0,0.0873575635571704,802,50000,0,twitter_cluster40-c6bb2c0ff278e819b8711d9d816489a5,0.0012476965674448892,0.0005890105748544983,
twitter_cluster40,3847885075,0.1,1,2807,disabled,LRU2Q,,360732.0845258577,,0.0886052601246153,0,50000,0,twitter_cluster40-6b8d741dc4c467850994e36119c33d84,0.0,-0.000658685992590391,
twitter_cluster40,3847885075,0.1,1,2807,marginal-hits,LRU2Q,cold,259453.37611030845,68156.0,0.0921199394189287,68156,50000,0,twitter_cluster40-7c0b1755b0807f4ec1012298baa1e4a4,-0.0035146792943133998,-0.004173365286903791,
twitter_cluster40,3847885075,0.1,1,2807,tail-age,LRU2Q,,207340.6807357265,530.0,0.0875452388608565,530,50000,0,twitter_cluster40-91f2eeae97f292224ad7843ca583ba80,0.0010600212637588008,0.00040133527116840984,
twitter_cluster40,3847885075,0.1,1,2807,marginal-hits,LRU2Q,warm-cold,288967.6361986294,68565.0,0.0927069535724114,68565,50000,0,twitter_cluster40-2ac496720638df6ca00d665d8ffc0175,-0.004101693447796109,-0.0047603794403865,
twitter_cluster40,3847885075,0.1,1,2807,marginal-hits-tuned,LRU2Q,warm-cold,292577.0938935561,10.0,0.0886113468448638,10,50000,0,twitter_cluster40-c039fa252b6fd46fa6232d6ce4ea2f89,-6.086720248502098e-06,-0.000664772712838893,0.004095606727547607
twitter_cluster40,3847885075,0.1,1,2807,free-mem,LRU2Q,,307058.01200627384,,0.0886052601246153,0,50000,0,twitter_cluster40-e4f773b9aaa85635487a475bf4dc3aa4,0.0,-0.000658685992590391,
twitter_cluster40,3847885075,0.1,1,2807,marginal-hits-tuned,LRU2Q,cold,301531.8742712093,21.0,0.0885985364310809,21,50000,0,twitter_cluster40-2dbbeb582af0f6e6552017381eab2dc1,6.723693534396724e-06,-0.0006519622990559942,0.0035214029878477965
twitter_cluster40,3847885075,0.1,1,2807,marginal-hits,TINYLFU,,244817.65025942423,51196.0,0.0935834101022364,51196,50000,0,twitter_cluster40-89a9261186235c97395bc9652f4193d8,-0.005619356498062708,-0.005636835970211501,
twitter_cluster40,3847885075,0.1,1,2807,marginal-hits-tuned,TINYLFU,,238578.28338162476,30.0,0.0879881671102144,30,50000,0,twitter_cluster40-9c5c522108f4269b86f0e6d16af470cf,-2.4113506040701616e-05,-4.15929781894947e-05,0.0055952429920220065
twitter_cluster40,3847885075,0.1,1,2807,hits,TINYLFU,,206814.57868382963,783.0,0.0874901527561864,783,50000,0,twitter_cluster40-2ec5cade2d046677284c0d6dd3d51c3b,0.0004739008479872908,0.00045642137583849773,
twitter_cluster40,3847885075,0.1,1,2807,disabled,TINYLFU,,283308.56867592235,,0.0879640536041737,0,50000,0,twitter_cluster40-9348505c4be617456843fa08ba636ba1,0.0,-1.7479472148793085e-05,
twitter_cluster40,3847885075,0.1,1,2807,tail-age,TINYLFU,,191997.923264306,2699.0,0.087570758593927,2699,50000,0,twitter_cluster40-639a7c995b4a96dbbc6c91dd99352ee7,0.0003932950102466942,0.00037581553809790114,
twitter_cluster40,3847885075,0.1,1,2807,free-mem,TINYLFU,,207215.1409991725,,0.0879640536041737,0,50000,0,twitter_cluster40-cadd4fcea8a0e4b96a0c86e63b62c055,0.0,-1.7479472148793085e-05,
twitter_cluster41,3214344864,0.01,1,235,free-mem,LRU,,501569.37906683807,,0.217327863237017,0,50000,0,twitter_cluster41-955bbef2f0850086bc078b4c15e136e2,0.0,0.0,
twitter_cluster41,3214344864,0.01,1,235,tail-age,LRU,,484202.67486104456,190.0,0.144652344932706,190,50000,0,twitter_cluster41-c64558ba152a773fb680f3f15eb79949,0.07267551830431099,0.07267551830431099,
twitter_cluster41,3214344864,0.01,1,235,marginal-hits,LRU,,515112.60741468496,64196.0,0.1457749634296863,64196,50000,0,twitter_cluster41-e2873638bca0ca75bef847e274fc69b9,0.0715528998073307,0.0715528998073307,
twitter_cluster41,3214344864,0.01,1,235,disabled,LRU,,483911.7060705381,,0.217327863237017,0,50000,0,twitter_cluster41-312d146f23b2baa8b202f343dcd54c9c,0.0,0.0,
twitter_cluster41,3214344864,0.01,1,235,marginal-hits-tuned,LRU,,528434.0973113062,161.0,0.1797724816250457,161,50000,0,twitter_cluster41-c49d61b59b4da7a57fefd3bc3b215bb4,0.037555381611971306,0.037555381611971306,-0.0339975181953594
twitter_cluster41,3214344864,0.01,1,235,hits,LRU,,447360.9817484414,173.0,0.1397554425572675,173,50000,0,twitter_cluster41-7cd6c955cf87e158927d7092fddc5a9c,0.07757242067974951,0.07757242067974951,
twitter_cluster41,3214344864,0.01,1,235,free-mem,LRU2Q,,439211.3426103453,,0.1984806665100885,0,50000,0,twitter_cluster41-75d02c0204370521ee2025d426f6c5f9,0.0,0.0188471967269285,
twitter_cluster41,3214344864,0.01,1,235,marginal-hits-tuned,LRU2Q,warm-cold,456612.83672502136,186.0,0.1531848453831617,186,50000,0,twitter_cluster41-46e0d9d6a2ea497078d9daeb45a17aab,0.04529582112692679,0.06414301785385529,-0.006768181362135306
twitter_cluster41,3214344864,0.01,1,235,marginal-hits,LRU2Q,warm-cold,523119.5876872924,59172.0,0.1464166640210264,59172,50000,0,twitter_cluster41-0a326c33147b34bced86e83dcd79862e,0.052064002489062094,0.0709111992159906,
twitter_cluster41,3214344864,0.01,1,235,hits,LRU2Q,,513146.6418975472,174.0,0.1316941205472344,174,50000,0,twitter_cluster41-565ed09adadef3b2350706283d28f4de,0.0667865459628541,0.0856337426897826,
twitter_cluster41,3214344864,0.01,1,235,marginal-hits,LRU2Q,cold,511426.72313421447,52717.0,0.1457516327034659,52717,50000,0,twitter_cluster41-8512a4db79d80591571c20f30671cb74,0.05272903380662261,0.07157623053355111,
twitter_cluster41,3214344864,0.01,1,235,tail-age,LRU2Q,,448163.8310963032,322.0,0.151735102372637,322,50000,0,twitter_cluster41-524445614f7e99ff74c6c3bbee646787,0.04674556413745151,0.06559276086438001,
twitter_cluster41,3214344864,0.01,1,235,marginal-hits-tuned,LRU2Q,cold,523562.90813467535,388.0,0.1316637877720889,388,50000,0,twitter_cluster41-e814a6e5d61c544eefb5103f50e6cc9c,0.0668168787379996,0.0856640754649281,0.014087844931376992
twitter_cluster41,3214344864,0.01,1,235,disabled,LRU2Q,,460122.47757810936,,0.1984806665100885,0,50000,0,twitter_cluster41-09a2cd141568e930c729e0a4636924d2,0.0,0.0188471967269285,
twitter_cluster41,3214344864,0.01,1,235,marginal-hits-tuned,TINYLFU,,484533.04131818656,207.0,0.1657175970649053,207,50000,0,twitter_cluster41-831d4ad9f3ad3137f57eac7d6fde62a0,0.04046354778439859,0.0516102661721117,-0.024479616011731098
twitter_cluster41,3214344864,0.01,1,235,marginal-hits,TINYLFU,,452332.6855832795,64197.0,0.1412379810531742,64197,50000,0,twitter_cluster41-e9e0815701890b07266efce9e195b092,0.06494316379612969,0.0760898821838428,
twitter_cluster41,3214344864,0.01,1,235,disabled,TINYLFU,,459901.144765603,,0.2061811448493039,0,50000,0,twitter_cluster41-9cd0afbe5564bff8c377eb045a0034e0,0.0,0.011146718387713112,
twitter_cluster41,3214344864,0.01,1,235,hits,TINYLFU,,460727.7756387414,173.0,0.1348897571184819,173,50000,0,twitter_cluster41-2738265807081c08fb3ba3f7f3ee53e0,0.071291387730822,0.08243810611853511,
twitter_cluster41,3214344864,0.01,1,235,tail-age,TINYLFU,,446864.7046911274,10976.0,0.1416755411344686,10976,50000,0,twitter_cluster41-982e8c77fe7f9fb87b0348e0dc76b2b0,0.0645056037148353,0.07565232210254841,
twitter_cluster41,3214344864,0.01,1,235,free-mem,TINYLFU,,466470.8780121967,,0.2061811448493039,0,50000,0,twitter_cluster41-4400d8ff47722055b8f9d7b4134fcd37,0.0,0.011146718387713112,
twitter_cluster41,3214344864,0.1,1,2349,disabled,LRU,,432194.9376778278,,0.0882392761201867,0,50000,0,twitter_cluster41-ae93bb4d07efc87b3f994062bc123a53,0.0,0.0,
twitter_cluster41,3214344864,0.1,1,2349,marginal-hits-tuned,LRU,,476539.7954913429,26.0,0.0882419307824463,26,50000,0,twitter_cluster41-b1a0f37de14841d9309a1a2fac965eff,-2.6546622595990943e-06,-2.6546622595990943e-06,0.005638923876215396
twitter_cluster41,3214344864,0.1,1,2349,free-mem,LRU,,479615.823055078,,0.0882392761201867,0,50000,0,twitter_cluster41-90a31b096d71b44164d0787af235e37c,0.0,0.0,
twitter_cluster41,3214344864,0.1,1,2349,hits,LRU,,423917.8942788619,727.0,0.0866900279185475,727,50000,0,twitter_cluster41-ec350a61afe9d3d57eeb0f4addfb33d5,0.0015492482016391945,0.0015492482016391945,
twitter_cluster41,3214344864,0.1,1,2349,tail-age,LRU,,336687.5013155631,597.0,0.0860504366217252,597,50000,0,twitter_cluster41-a558ce129c8330830863dca348c4b6ae,0.002188839498461506,0.002188839498461506,
twitter_cluster41,3214344864,0.1,1,2349,marginal-hits,LRU,,369836.0771626641,43982.0,0.0938808546586617,43982,50000,0,twitter_cluster41-53a5cd420cc1e650d3ddbad426b949b0,-0.005641578538474995,-0.005641578538474995,
twitter_cluster41,3214344864,0.1,1,2349,disabled,LRU2Q,,368904.6484639437,,0.0888451771925366,0,50000,0,twitter_cluster41-40d9acae03cea60339b6571deec77b15,0.0,-0.0006059010723498959,
twitter_cluster41,3214344864,0.1,1,2349,marginal-hits,LRU2Q,cold,357362.3335563618,59271.0,0.091967265961665,59271,50000,0,twitter_cluster41-4590f213024d417a47646c9afe0377f4,-0.003122088769128409,-0.0037279898414783047,
twitter_cluster41,3214344864,0.1,1,2349,hits,LRU2Q,,413322.75040487776,735.0,0.0874746341467858,735,50000,0,twitter_cluster41-e6bd3502a8c834df652d599d3b018af5,0.0013705430457507939,0.000764641973400898,
twitter_cluster41,3214344864,0.1,1,2349,marginal-hits-tuned,LRU2Q,warm-cold,365517.020158127,8.0,0.0888464253473456,8,50000,0,twitter_cluster41-700a8d78984ccfec5edbf11653f3bea7,-1.248154809008195e-06,-0.0006071492271589041,0.004351914182161701
twitter_cluster41,3214344864,0.1,1,2349,tail-age,LRU2Q,,321501.5903694134,466.0,0.0876900217387501,466,50000,0,twitter_cluster41-43d4b4e16ed65b935b0e24ed0b2d0880,0.0011551554537864994,0.0005492543814366035,
twitter_cluster41,3214344864,0.1,1,2349,marginal-hits-tuned,LRU2Q,cold,484099.0390432956,23.0,0.0888479245642013,23,50000,0,twitter_cluster41-7707fb8b0180857e8e1dd3ebada42c85,-2.7473716647102853e-06,-0.0006086484440146062,0.0031193413974636985
twitter_cluster41,3214344864,0.1,1,2349,free-mem,LRU2Q,,449814.30620092346,,0.0888451771925366,0,50000,0,twitter_cluster41-bf42c08dd604e35c8d212f460ab153e2,0.0,-0.0006059010723498959,
twitter_cluster41,3214344864,0.1,1,2349,marginal-hits,LRU2Q,warm-cold,447612.6949394964,58637.0,0.0931983395295073,58637,50000,0,twitter_cluster41-b4d233bdf8463ec4d7ab5c753857afbd,-0.004353162336970709,-0.004959063409320605,
twitter_cluster41,3214344864,0.1,1,2349,marginal-hits-tuned,TINYLFU,,370493.0979345077,27.0,0.0884603544518737,27,50000,0,twitter_cluster41-adb5349a202e67af03bab3d561ab8920,-5.153149615494401e-06,-0.00022107833168699687,0.005641144857566907
twitter_cluster41,3214344864,0.1,1,2349,tail-age,TINYLFU,,284471.8919871012,2232.0,0.0866485830812209,2232,50000,0,twitter_cluster41-eaf6eff3f7fa3c1327c3c2ab6202d1ee,0.0018066182210372955,0.001590693038965793,
twitter_cluster41,3214344864,0.1,1,2349,marginal-hits,TINYLFU,,448007.34807041375,45656.0,0.0941014993094406,45656,50000,0,twitter_cluster41-02b6661dd7eb97c49ec860e39f2dac97,-0.0056462980071824015,-0.005862223189253904,
twitter_cluster41,3214344864,0.1,1,2349,hits,TINYLFU,,357197.1292117434,728.0,0.0867405725884178,728,50000,0,twitter_cluster41-36345278c2ff6e9b887d51fa16ecc3c8,0.0017146287138403993,0.0014987035317688968,
twitter_cluster41,3214344864,0.1,1,2349,free-mem,TINYLFU,,370411.772620374,,0.0884552013022582,0,50000,0,twitter_cluster41-92581c36cf52b72228bf5d370e50ecbf,0.0,-0.00021592518207150246,
twitter_cluster41,3214344864,0.1,1,2349,disabled,TINYLFU,,381762.0508221427,,0.0884552013022582,0,50000,0,twitter_cluster41-ed5478086e7f46fcd7f64e622623eb33,0.0,-0.00021592518207150246,
twitter_cluster42,3904264364,0.1,1,163,free-mem,LRU,,716418.2077083646,1.0,0.0297412416717179,1,50000,2,twitter_cluster42-3bc9c6f03a6922ab8ac36d3946030acd,-5.700177530300332e-06,-5.700177530300332e-06,
twitter_cluster42,3904264364,0.1,1,163,tail-age,LRU,,689571.5702895108,155.0,0.014994426232967,155,50000,2,twitter_cluster42-1623b20e69df24e00f1d53dd006f4195,0.014741115261220602,0.014741115261220602,
twitter_cluster42,3904264364,0.1,1,163,marginal-hits,LRU,,744176.3006344252,78002.0,0.0123051401034686,78002,50000,2,twitter_cluster42-d4801bafea256938ab85070906bee938,0.017430401390719004,0.017430401390719004,
twitter_cluster42,3904264364,0.1,1,163,disabled,LRU,,904143.1568000878,,0.0297355414941876,0,50000,69,twitter_cluster42-e609de4f57921693183f5446c42c2384,0.0,0.0,
twitter_cluster42,3904264364,0.1,1,163,marginal-hits-tuned,LRU,,720851.6149840662,201.0,0.0070679924378194,201,50000,2,twitter_cluster42-7af03bb7e8561ae4902a40d6d3cfe0a8,0.0226675490563682,0.0226675490563682,0.005237147665649199
twitter_cluster42,3904264364,0.1,1,163,hits,LRU,,730595.6391927706,186.0,0.0101800027596696,186,50000,2,twitter_cluster42-c13dab28f1a25d4f080686c88de628a1,0.019555538734518,0.019555538734518,
twitter_cluster42,3904264364,0.1,1,163,marginal-hits-tuned,LRU2Q,cold,775701.6687325672,199.0,0.0067005693162636,199,50000,2,twitter_cluster42-72ce7c845d2aa2afc9ca51bdc17f6266,0.021680990606198602,0.023034972177924003,0.0033516139738533
twitter_cluster42,3904264364,0.1,1,163,free-mem,LRU2Q,,719858.0223885325,1.0,0.02838707466173,1,50000,2,twitter_cluster42-6859ec08f6dcb4a81601fc5893e07255,-5.514739267797886e-06,0.0013484668324576024,
twitter_cluster42,3904264364,0.1,1,163,marginal-hits,LRU2Q,warm-cold,774668.058370117,78036.0,0.0108740128848508,78036,50000,2,twitter_cluster42-27c87211a46c65d786a265b8b30e8caf,0.017507547037611402,0.018861528609336802,
twitter_cluster42,3904264364,0.1,1,163,disabled,LRU2Q,,720430.9785904404,,0.0283815599224622,0,50000,69,twitter_cluster42-afdee9d6885f985948de307c55fa8e47,0.0,0.0013539815717254003,
twitter_cluster42,3904264364,0.1,1,163,marginal-hits,LRU2Q,cold,684759.85392626,78036.0,0.0100521832901169,78036,50000,2,twitter_cluster42-ab1996b5876600842eb41ff7002c829d,0.018329376632345303,0.019683358204070703,
twitter_cluster42,3904264364,0.1,1,163,tail-age,LRU2Q,,753034.8790750661,2756.0,0.0174221942108221,2756,50000,2,twitter_cluster42-31c3e903eee14db944c18e5e95727634,0.0109593657116401,0.0123133472833655,
twitter_cluster42,3904264364,0.1,1,163,hits,LRU2Q,,796286.9639769952,185.0,0.0097052316306724,185,50000,2,twitter_cluster42-d7a39e708690700cd19ea15b3250da51,0.0186763282917898,0.0200303098635152,
twitter_cluster42,3904264364,0.1,1,163,marginal-hits-tuned,LRU2Q,warm-cold,741489.87910529,219.0,0.0069980463546294,219,50000,2,twitter_cluster42-6346b4bffd5ff7db9a72ecbf0d4221f2,0.0213835135678328,0.0227374951395582,0.0038759665302213996
twitter_cluster42,3904264364,0.1,1,163,disabled,TINYLFU,,793133.5016575053,,0.0293306050317447,0,50000,69,twitter_cluster42-6e8a75bfd728d0038e742331e093ef09,0.0,0.0004049364624429015,
twitter_cluster42,3904264364,0.1,1,163,marginal-hits,TINYLFU,,764671.3653933603,78005.0,0.0121498783323679,78005,50000,2,twitter_cluster42-1611ce2a602d43f814143f81a6091aea,0.0171807266993768,0.0175856631618197,
twitter_cluster42,3904264364,0.1,1,163,marginal-hits-tuned,TINYLFU,,659787.8874786495,176.0,0.0069414029054719,176,50000,2,twitter_cluster42-3bd97b813b8b7469ac87455deb73d7a6,0.0223892021262728,0.0227941385887157,0.005208475426896
twitter_cluster42,3904264364,0.1,1,163,hits,TINYLFU,,703531.0482411669,183.0,0.0096358326415828,183,50000,2,twitter_cluster42-d72156a8745a66601ba41fbc3c341192,0.019694772390161902,0.0200997088526048,
twitter_cluster42,3904264364,0.1,1,163,free-mem,TINYLFU,,713088.5396938777,1.0,0.0293361510188965,1,50000,2,twitter_cluster42-25dac1d63c60601f07e5c19561ff7cd9,-5.5459871518004356e-06,0.0003993904752911011,
twitter_cluster42,3904264364,0.1,1,163,tail-age,TINYLFU,,674319.4247370759,2824.0,0.01563063391985,2824,50000,2,twitter_cluster42-ab79a314dbf47df0b16ec12b0b482a36,0.0136999711118947,0.014104907574337602,
twitter_cluster43,9038233795,0.01,1,414,marginal-hits,LRU,,270721.5079186241,180739.0,0.1673659280463434,180739,50000,0,twitter_cluster43-9929c841e22596e007e87e0c17453a2b,0.08484838203944692,0.08484838203944692,
twitter_cluster43,9038233795,0.01,1,414,marginal-hits-tuned,LRU,,254922.82184958868,284.0,0.1928970556132864,284,50000,0,twitter_cluster43-e3f59ada00afc4f5938b1548d9845ac3,0.05931725447250391,0.05931725447250391,-0.025531127566943007
twitter_cluster43,9038233795,0.01,1,414,disabled,LRU,,276907.6932257709,,0.2522143100857903,0,50000,0,twitter_cluster43-493061395c82388412c3078807a50596,0.0,0.0,
twitter_cluster43,9038233795,0.01,1,414,hits,LRU,,446701.44255180535,739.0,0.1818412369360489,739,50000,0,twitter_cluster43-14bb8eabab5858c601433e259f55983a,0.07037307314974142,0.07037307314974142,
twitter_cluster43,9038233795,0.01,1,414,tail-age,LRU,,248816.60238932483,128.0,0.2052028629781644,128,50000,0,twitter_cluster43-7e34845a7c6adfcd182bac6f05a6aece,0.04701144710762592,0.04701144710762592,
twitter_cluster43,9038233795,0.01,1,414,free-mem,LRU,,276652.14354532445,,0.2522143100857903,0,50000,0,twitter_cluster43-457df81f031ba158378135eed4578617,0.0,0.0,
twitter_cluster43,9038233795,0.01,1,414,hits,LRU2Q,,338776.909962352,646.0,0.1804894501514717,646,50000,0,twitter_cluster43-6c7cadae3cc5c99a864e2abcde7d2776,0.05038990330743051,0.07172485993431862,
twitter_cluster43,9038233795,0.01,1,414,marginal-hits-tuned,LRU2Q,cold,261874.62813788425,671.0,0.153461210614767,671,50000,0,twitter_cluster43-6aba8944ee3c6d441ba3ebcb5b81220f,0.0774181428441352,0.09875309947102331,0.0057811322637952856
twitter_cluster43,9038233795,0.01,1,414,marginal-hits-tuned,LRU2Q,warm-cold,270606.8199686322,537.0,0.1559283532563233,537,50000,0,twitter_cluster43-3822661a7335d97122bd4eb8ec509de2,0.07495100020257892,0.09628595682946703,0.007228740424500224
twitter_cluster43,9038233795,0.01,1,414,marginal-hits,LRU2Q,warm-cold,250761.9331101304,180739.0,0.1631570936808235,180739,50000,0,twitter_cluster43-42a8c4318225b92a9eaf77abdbebabcb,0.06772225977807869,0.0890572164049668,
twitter_cluster43,9038233795,0.01,1,414,marginal-hits,LRU2Q,cold,277049.7571573132,180739.0,0.1592423428785623,180739,50000,0,twitter_cluster43-cca9f54142625ac71929d14b167ece20,0.07163701058033992,0.09297196720722803,
twitter_cluster43,9038233795,0.01,1,414,tail-age,LRU2Q,,261692.39981132885,134.0,0.2586295496464306,134,50000,0,twitter_cluster43-879e7033a5f7e82bc3b242470c8e5165,-0.027750196187528386,-0.0064152395606402735,
twitter_cluster43,9038233795,0.01,1,414,free-mem,LRU2Q,,276538.2880652132,,0.2308793534589022,0,50000,0,twitter_cluster43-8932263a7e180a02c28dfc90433dd6a0,0.0,0.021334956626888113,
twitter_cluster43,9038233795,0.01,1,414,disabled,LRU2Q,,270675.7691541914,,0.2308793534589022,0,50000,0,twitter_cluster43-84130e765c930bf00784e5f242168006,0.0,0.021334956626888113,
twitter_cluster43,9038233795,0.01,1,414,disabled,TINYLFU,,318000.62262966204,,0.2949110276915557,0,50000,0,twitter_cluster43-f86861951b105a86968714385fa4de02,0.0,-0.04269671760576538,
twitter_cluster43,9038233795,0.01,1,414,marginal-hits,TINYLFU,,242302.0777167729,,0.1644118862937645,180739,50000,0,twitter_cluster43-e89425489350662d6f02a864ee56a483,0.1304991413977912,0.08780242379202582,
twitter_cluster43,9038233795,0.01,1,414,free-mem,TINYLFU,,233121.3579649535,,0.2949110276915557,0,50000,0,twitter_cluster43-3cedae16ce57e6cb60653eb8d97e933b,0.0,-0.04269671760576538,
twitter_cluster43,9038233795,0.01,1,414,hits,TINYLFU,,241378.89314639173,708.0,0.1968204926259046,708,50000,0,twitter_cluster43-91d5e35e8041347f98cda465b8d94fe1,0.0980905350656511,0.055393817459885725,
twitter_cluster43,9038233795,0.01,1,414,tail-age,TINYLFU,,224855.77143982303,94990.0,0.1953794171574646,94990,50000,0,twitter_cluster43-6efeac5890a465cb1c06aaa394b3cb2b,0.0995316105340911,0.05683489292832572,
twitter_cluster43,9038233795,0.01,1,414,marginal-hits-tuned,TINYLFU,,233029.8647910418,344.0,0.1824278411465898,344,50000,0,twitter_cluster43-42596bfbdb488816202ca48c35f377d8,0.11248318654496589,0.06978646893920051,-0.01801595485282531
twitter_cluster43,9038233795,0.1,1,4135,marginal-hits-tuned,LRU,,199603.467162354,79.0,0.0631781031506277,79,50000,0,twitter_cluster43-830422a61aeb9aaab86b90aea44f6160,9.11897189975891e-05,9.11897189975891e-05,0.004216384402567899
twitter_cluster43,9038233795,0.1,1,4135,disabled,LRU,,199432.31492660896,,0.0632692928696253,0,50000,0,twitter_cluster43-5753495d5ace5f223f4974350dca46e4,0.0,0.0,
twitter_cluster43,9038233795,0.1,1,4135,free-mem,LRU,,177916.8291183914,,0.0632692928696253,0,50000,0,twitter_cluster43-acff6963917dfa393c0ed51bbfd74e27,0.0,0.0,
twitter_cluster43,9038233795,0.1,1,4135,marginal-hits,LRU,,396644.1288315608,174979.0,0.0673944875531956,174979,50000,0,twitter_cluster43-0a146f82d07536e7be2d4c3a2bfe4a8a,-0.00412519468357031,-0.00412519468357031,
twitter_cluster43,9038233795,0.1,1,4135,tail-age,LRU,,166538.25134276555,1160.0,0.0590899716817958,1160,50000,0,twitter_cluster43-a107f086f81c8351428cce30805f72bb,0.004179321187829495,0.004179321187829495,
twitter_cluster43,9038233795,0.1,1,4135,hits,LRU,,317327.42869435466,2335.0,0.059370987205139,2335,50000,0,twitter_cluster43-84fa2913a39afd9c858dee234c95d4ce,0.00389830566448629,0.00389830566448629,
twitter_cluster43,9038233795,0.1,1,4135,marginal-hits,LRU2Q,warm-cold,213934.40455212127,174085.0,0.0678150439457624,174085,50000,0,twitter_cluster43-f56a4224dbe909a810851b040d3ee7eb,-0.005966083996392202,-0.004545751076137111,
twitter_cluster43,9038233795,0.1,1,4135,free-mem,LRU2Q,,190208.71520071148,,0.0618489599493702,0,50000,0,twitter_cluster43-7baa5bf68ccea3f3203b0c3d47bc52e7,0.0,0.0014203329202550907,
twitter_cluster43,9038233795,0.1,1,4135,marginal-hits,LRU2Q,cold,207099.31022740345,174986.0,0.0668820167425199,174986,50000,0,twitter_cluster43-7c3fdb6f86082a6ee6c1c790b74bd3c9,-0.005033056793149693,-0.003612723872894602,
twitter_cluster43,9038233795,0.1,1,4135,marginal-hits-tuned,LRU2Q,warm-cold,215541.93228318772,9.0,0.0618497241473493,9,50000,0,twitter_cluster43-f7e42e4ff8b2dc25ef4efcd139f398d9,-7.64197979098713e-07,0.001419568722275992,0.005965319798413103
twitter_cluster43,9038233795,0.1,1,4135,tail-age,LRU2Q,,131673.66420572123,852.0,0.0595519308537647,852,50000,0,twitter_cluster43-635a6831f4d9ecfb335e280c09a30f95,0.0022970290956055017,0.0037173620158605925,
twitter_cluster43,9038233795,0.1,1,4135,disabled,LRU2Q,,178404.77180295554,,0.0618489599493702,0,50000,0,twitter_cluster43-7b88ecee6a760a9a205d2bfa8723c313,0.0,0.0014203329202550907,
twitter_cluster43,9038233795,0.1,1,4135,marginal-hits-tuned,LRU2Q,cold,199598.5485982876,62.0,0.0618412231501696,62,50000,0,twitter_cluster43-1ee9ddc614a0a2432c3f9b4b4a4ac741,7.736799200602773e-06,0.0014280697194556935,0.0050407935923502956
twitter_cluster43,9038233795,0.1,1,4135,hits,LRU2Q,,174655.12930679935,2335.0,0.0590332428992007,2335,50000,0,twitter_cluster43-12e5333677dff0e1b8fa4cfe96969123,0.002815717050169503,0.0042360499704245935,
twitter_cluster43,9038233795,0.1,1,4135,hits,TINYLFU,,125273.64183759729,2328.0,0.0593105092387134,2328,50000,0,twitter_cluster43-8bad5de741ae9a515a787c9da9b96cf0,0.0034095554174586942,0.003958783630911893,
twitter_cluster43,9038233795,0.1,1,4135,free-mem,TINYLFU,,251224.95156386332,,0.0627200646561721,0,50000,0,twitter_cluster43-8e392d226915735e703aab280466f3cc,0.0,0.0005492282134531984,
twitter_cluster43,9038233795,0.1,1,4135,marginal-hits-tuned,TINYLFU,,354594.5773752116,82.0,0.0626438839536569,82,50000,0,twitter_cluster43-1301d65991143f810cb2037054f10183,7.618070251519393e-05,0.0006254089159683923,0.0047318600038493
twitter_cluster43,9038233795,0.1,1,4135,marginal-hits,TINYLFU,,358545.09776513785,174987.0,0.0673757439575062,174987,50000,0,twitter_cluster43-219c20bbe4a06a6f255a516a830ba35d,-0.004655679301334106,-0.004106451087880908,
twitter_cluster43,9038233795,0.1,1,4135,tail-age,TINYLFU,,124668.91055605424,12292.0,0.0606829621184854,12292,50000,0,twitter_cluster43-7e2bc64f411587c5e22a372d51837bdd,0.0020371025376866927,0.002586330751139891,
twitter_cluster43,9038233795,0.1,1,4135,disabled,TINYLFU,,359939.51683382376,,0.0627200646561721,0,50000,0,twitter_cluster43-52d6ad962267f67492d8cc95e9ce87dc,0.0,0.0005492282134531984,
twitter_cluster44,5702089313,0.01,1,50,disabled,LRU,,265187.25507123955,,0.119905939466999,0,50000,0,twitter_cluster44-a35f2faaa76174030bfc82e3e218482f,0.0,0.0,
twitter_cluster44,5702089313,0.01,1,50,free-mem,LRU,,265071.9487014602,,0.119905939466999,0,50000,0,twitter_cluster44-8c03f406a6b15d3c14db6d6cdbc3f396,0.0,0.0,
twitter_cluster44,5702089313,0.01,1,50,hits,LRU,,355267.5495100977,15.0,0.1191297906280269,15,50000,0,twitter_cluster44-92e299c500589f50f7d0295c70e7e736,0.0007761488389721044,0.0007761488389721044,
twitter_cluster44,5702089313,0.01,1,50,marginal-hits,LRU,,278055.6593032283,66025.0,0.131308171601766,66025,50000,0,twitter_cluster44-b8d851e1936a5219bc4b1f3601bbd143,-0.011402232134767001,-0.011402232134767001,
twitter_cluster44,5702089313,0.01,1,50,tail-age,LRU,,355061.20242103806,11.0,0.1153955672879163,11,50000,0,twitter_cluster44-f9834abafe683b602574c115c2dd1a05,0.004510372179082692,0.004510372179082692,
twitter_cluster44,5702089313,0.01,1,50,marginal-hits-tuned,LRU,,238766.6798738594,1763.0,0.1149137074205628,1763,50000,0,twitter_cluster44-47381ae81cae78311b92f3b8d2499a72,0.004992232046436201,0.004992232046436201,0.016394464181203203
twitter_cluster44,5702089313,0.01,1,50,marginal-hits,LRU2Q,warm-cold,355827.8202495027,69524.0,0.1290884427786583,69524,50000,0,twitter_cluster44-d89bbe80558add277b99b3d203f87256,-0.017611437577985903,-0.009182503311659304,
twitter_cluster44,5702089313,0.01,1,50,hits,LRU2Q,,355754.7696876799,15.0,0.1104162254289123,15,50000,0,twitter_cluster44-6ec7b73c4fa3f745d9a3678cbb3fa79b,0.001060779771760098,0.009489714038086697,
twitter_cluster44,5702089313,0.01,1,50,disabled,LRU2Q,,311911.32388199266,,0.1114770052006724,0,50000,0,twitter_cluster44-34e25d7151e389326a13e74c2f8e55ee,0.0,0.008428934266326599,
twitter_cluster44,5702089313,0.01,1,50,free-mem,LRU2Q,,337327.7877365557,,0.1114770052006724,0,50000,0,twitter_cluster44-02218ede6481e98c8eadf2988b0061c4,0.0,0.008428934266326599,
twitter_cluster44,5702089313,0.01,1,50,marginal-hits-tuned,LRU2Q,warm-cold,355329.356752408,710.0,0.1068378381255986,710,50000,0,twitter_cluster44-e10e305d3556f575782e4f0175b12049,0.004639167075073794,0.013068101341400393,0.022250604653059697
twitter_cluster44,5702089313,0.01,1,50,marginal-hits-tuned,LRU2Q,cold,265269.89795935893,995.0,0.106641975356937,995,50000,0,twitter_cluster44-8bbe094b82e23cc8064e54f60fb93d96,0.0048350298437354056,0.013263964110062004,0.0241301892073678
twitter_cluster44,5702089313,0.01,1,50,tail-age,LRU2Q,,310102.5349976997,11.0,0.1067864208320582,11,50000,0,twitter_cluster44-d87b1a811a4c49bd6c41933dd0e8335f,0.004690584368614206,0.013119518634940805,
twitter_cluster44,5702089313,0.01,1,50,marginal-hits,LRU2Q,cold,355310.769277312,74216.0,0.1307721645643048,74216,50000,0,twitter_cluster44-5a9ad8df9565c5f184d1a22139cb3638,-0.019295159363632394,-0.010866225097305796,
twitter_cluster44,5702089313,0.01,1,50,hits,TINYLFU,,278033.4584039314,15.0,0.1124978871406885,15,50000,0,twitter_cluster44-9a10b4e161392da722c3a416e48cbb56,0.0042026775949238065,0.007408052326310505,
twitter_cluster44,5702089313,0.01,1,50,marginal-hits-tuned,TINYLFU,,283566.8686549878,3917.0,0.1120144182140066,3917,50000,0,twitter_cluster44-dc510a209d8082f6bded1827035693a0,0.004686146521605705,0.007891521252992403,0.01856716866195471
twitter_cluster44,5702089313,0.01,1,50,free-mem,TINYLFU,,337341.8081205545,,0.1167005647356123,0,50000,0,twitter_cluster44-351fb75ee092875250b5e619a4e15031,0.0,0.003205374731386698,
twitter_cluster44,5702089313,0.01,1,50,tail-age,TINYLFU,,264888.78644634143,8385.0,0.1152728196490106,8385,50000,0,twitter_cluster44-872f1251793fd6d27550375ba564cdc8,0.001427745086601706,0.004633119817988404,
twitter_cluster44,5702089313,0.01,1,50,marginal-hits,TINYLFU,,327069.8941676195,65255.0,0.1305815868759613,65255,50000,0,twitter_cluster44-fa5e984c8c69eec20a93056b94b768c7,-0.013881022140349003,-0.010675647408962305,
twitter_cluster44,5702089313,0.01,1,50,disabled,TINYLFU,,264905.2975765089,,0.1167005647356123,0,50000,0,twitter_cluster44-8a29c1ae1640ffe8444c1147605e0b53,0.0,0.003205374731386698,
twitter_cluster44,5702089313,0.1,1,491,free-mem,LRU,,277825.2832060013,,0.0333976206871805,0,50000,0,twitter_cluster44-fe9c6ce26b4ec1606417f79f65bfb43d,0.0,0.0,
twitter_cluster44,5702089313,0.1,1,491,marginal-hits,LRU,,264628.788424791,58221.0,0.0437398492568999,58221,50000,0,twitter_cluster44-f9514a0e992171259bbb8f62d2fbac75,-0.010342228569719399,-0.010342228569719399,
twitter_cluster44,5702089313,0.1,1,491,tail-age,LRU,,223795.738176276,288.0,0.0332962785355094,288,50000,0,twitter_cluster44-fcf46bca05871a83163b07c544f746c6,0.00010134215167110355,0.00010134215167110355,
twitter_cluster44,5702089313,0.1,1,491,hits,LRU,,466743.8651880996,146.0,0.0373066766097495,146,50000,0,twitter_cluster44-bd38502e4872f3aa2a3720ceab2f8e18,-0.003909055922568995,-0.003909055922568995,
twitter_cluster44,5702089313,0.1,1,491,disabled,LRU,,251671.9198951253,,0.0333976206871805,0,50000,0,twitter_cluster44-f5a8b874e5c3e1a20ec26d584dca4f77,0.0,0.0,
twitter_cluster44,5702089313,0.1,1,491,marginal-hits-tuned,LRU,,220194.15863852808,718.0,0.0334168399582204,718,50000,0,twitter_cluster44-d475020d1fb340fce453823ea6a3e3ea,-1.9219271039899732e-05,-1.9219271039899732e-05,0.010323009298679499
twitter_cluster44,5702089313,0.1,1,491,marginal-hits-tuned,LRU2Q,cold,277720.05373332853,807.0,0.0318649207380452,807,50000,0,twitter_cluster44-40cfa5abd713f6bfaa7adce50c6289ab,-0.00010667528455109848,0.0015326999491353036,0.012059449304525502
twitter_cluster44,5702089313,0.1,1,491,marginal-hits,LRU2Q,warm-cold,355615.1779310504,54551.0,0.0416027112130924,54551,50000,0,twitter_cluster44-dd6bc8e3f91447252f2560529338be35,-0.009844465759598298,-0.008205090525911896,
twitter_cluster44,5702089313,0.1,1,491,hits,LRU2Q,,354866.2216687966,178.0,0.0355205746318691,178,50000,0,twitter_cluster44-fe59eb1336c1738c2fd5b562bed763a6,-0.003762329178374997,-0.002122953944688595,
twitter_cluster44,5702089313,0.1,1,491,marginal-hits-tuned,LRU2Q,warm-cold,439039.8169044485,922.0,0.031979390358595,922,50000,0,twitter_cluster44-85b30d7e1f489e8ee427df5dc79e22d8,-0.00022114490510089652,0.0014182303285855055,0.009623320854497401
twitter_cluster44,5702089313,0.1,1,491,marginal-hits,LRU2Q,cold,277959.13995207474,58669.0,0.0439243700425707,58669,50000,0,twitter_cluster44-31ed9292e6a5a3f7406b4002702d7e75,-0.0121661245890766,-0.010526749355390198,
twitter_cluster44,5702089313,0.1,1,491,tail-age,LRU2Q,,355806.4632232927,434.0,0.0317954439238016,434,50000,0,twitter_cluster44-f846b61d132cff764c58460e6e96a8d3,-3.719847030749651e-05,0.0016021767633789055,
twitter_cluster44,5702089313,0.1,1,491,free-mem,LRU2Q,,364479.6759244222,,0.0317582454534941,0,50000,0,twitter_cluster44-6ae07d66aaf6d045e04522738be0bd4a,0.0,0.001639375233686402,
twitter_cluster44,5702089313,0.1,1,491,disabled,LRU2Q,,355073.4110681373,,0.0317582454534941,0,50000,0,twitter_cluster44-53d8787d9e6cce78c9ea9778bd9ff375,0.0,0.001639375233686402,
twitter_cluster44,5702089313,0.1,1,491,marginal-hits,TINYLFU,,355458.7020899492,59527.0,0.0436883305970062,59527,50000,0,twitter_cluster44-611da93e18c37b8fef57401ac09a1872,-0.010342278726773096,-0.010290709909825696,
twitter_cluster44,5702089313,0.1,1,491,disabled,TINYLFU,,277863.86647182534,,0.0333460518702331,0,50000,0,twitter_cluster44-eaa54d422d8afbf5a70e1e31cea5ce60,0.0,5.156881694740045e-05,
twitter_cluster44,5702089313,0.1,1,491,free-mem,TINYLFU,,283582.4387554934,,0.0333460518702331,0,50000,0,twitter_cluster44-3337632a53c7a2134b810c1f6602aaf0,0.0,5.156881694740045e-05,
twitter_cluster44,5702089313,0.1,1,491,tail-age,TINYLFU,,466256.46191711846,3365.0,0.0344509770396155,3365,50000,0,twitter_cluster44-f6d0855cd0f867622bdb3af65fcbcf0c,-0.0011049251693823967,-0.0010533563524349962,
twitter_cluster44,5702089313,0.1,1,491,marginal-hits-tuned,TINYLFU,,302901.36980635585,930.0,0.0334015902847714,930,50000,0,twitter_cluster44-3d139ec9aee48f2a0f51e462176a995d,-5.553841453830033e-05,-3.969597590899876e-06,0.010286740312234796
twitter_cluster44,5702089313,0.1,1,491,hits,TINYLFU,,276298.65712782287,375.0,0.0365264454075028,375,50000,0,twitter_cluster44-8b1ed2eaf69d6d6b3860c066c8368d46,-0.0031803935372696976,-0.003128824720322297,
twitter_cluster45,227773739,0.01,1,60,disabled,LRU,,382476.3038939964,,0.4463801685232905,0,50000,502,twitter_cluster45-c6b5a6408f2cf123e527710965095b6c,0.0,0.0,
twitter_cluster45,227773739,0.01,1,60,tail-age,LRU,,412571.39645857137,17.0,0.4491152775079132,17,50000,9,twitter_cluster45-9d65d7c75afec844158fb89e59c3ba48,-0.002735108984622703,-0.002735108984622703,
twitter_cluster45,227773739,0.01,1,60,marginal-hits-tuned,LRU,,394847.0127008517,480.0,0.4502775493359223,480,50000,9,twitter_cluster45-10973b59660ce5cfb8eb96b860a87ced,-0.003897380812631801,-0.003897380812631801,0.004601241585624638
twitter_cluster45,227773739,0.01,1,60,hits,LRU,,384278.3633664995,30.0,0.4487272608718075,30,50000,9,twitter_cluster45-40590ae41ce61333869774790c2b7447,-0.002347092348516988,-0.002347092348516988,
twitter_cluster45,227773739,0.01,1,60,marginal-hits,LRU,,393781.19719148177,4539.0,0.4548787909215469,4539,50000,9,twitter_cluster45-767539268e792235365ebe99025f6d33,-0.008498622398256439,-0.008498622398256439,
twitter_cluster45,227773739,0.01,1,60,free-mem,LRU,,334785.0443541977,7.0,0.4496710658993045,7,50000,9,twitter_cluster45-da59c4a2bef10852deab9ad1070b65ba,-0.0032908973760140126,-0.0032908973760140126,
twitter_cluster45,227773739,0.01,1,60,marginal-hits-tuned,LRU2Q,warm-cold,381198.4038760746,647.0,0.4398323504712718,647,50000,9,twitter_cluster45-35b743d394fd3d29b84bd51d7f41bfc0,-0.009821825860267364,0.006547818052018706,0.012427064737256632
twitter_cluster45,227773739,0.01,1,60,marginal-hits-tuned,LRU2Q,cold,379303.38817449193,472.0,0.4451637640281262,472,50000,9,twitter_cluster45-afa4e42e51ec76477ecb1e2800f29df3,-0.015153239417121767,0.0012164044951643027,0.005233531333478203
twitter_cluster45,227773739,0.01,1,60,marginal-hits,LRU2Q,warm-cold,339573.8800123366,4538.0,0.4522594152085284,4538,50000,9,twitter_cluster45-0602defa3c11ef72ed52abac11fc44ad,-0.022248890597523996,-0.005879246685237927,
twitter_cluster45,227773739,0.01,1,60,free-mem,LRU2Q,,429885.5992643554,7.0,0.4326746157510283,7,50000,9,twitter_cluster45-a37e2e0c4118d0fcfd48bf1d59b20b7f,-0.002664091140023861,0.013705552772262208,
twitter_cluster45,227773739,0.01,1,60,marginal-hits,LRU2Q,cold,336145.9306843656,4539.0,0.4503972953616044,4539,50000,9,twitter_cluster45-b31e32da7f70255e45e597a79ff6662d,-0.02038677075059997,-0.0040171268383139,
twitter_cluster45,227773739,0.01,1,60,disabled,LRU2Q,,336913.2393513163,,0.4300105246110044,0,50000,502,twitter_cluster45-89176e62e46ebd73dd1dee5edcaccc15,0.0,0.01636964391228607,
twitter_cluster45,227773739,0.01,1,60,tail-age,LRU2Q,,380344.9312041165,38.0,0.4351323661592085,38,50000,9,twitter_cluster45-87cb5d9f0d7f248614e69c924f912366,-0.005121841548204054,0.011247802364082016,
twitter_cluster45,227773739,0.01,1,60,hits,LRU2Q,,329120.1809596312,29.0,0.4321738073588896,29,50000,9,twitter_cluster45-0e6a3c92474bf7f77d4d0ffc1ef9b4d7,-0.002163282747885187,0.014206361164400882,
twitter_cluster45,227773739,0.01,1,60,marginal-hits-tuned,TINYLFU,,348275.1324541179,583.0,0.4380199817503983,583,50000,9,twitter_cluster45-39adabb3f375410f4aaf4857175258d9,-0.0036287809280770023,0.008360186772892186,0.008864740109482072
twitter_cluster45,227773739,0.01,1,60,hits,TINYLFU,,316049.7399318924,68.0,0.4371161286508099,68,50000,9,twitter_cluster45-4b079a1e272eb86dcd98ac4e16b8646d,-0.002724927828488599,0.00926403987248059,
twitter_cluster45,227773739,0.01,1,60,marginal-hits,TINYLFU,,323225.181857915,4539.0,0.4468847218598804,4539,50000,9,twitter_cluster45-b96da838ec10013e19840cae2826ee63,-0.012493521037559074,-0.0005045533365898858,
twitter_cluster45,227773739,0.01,1,60,free-mem,TINYLFU,,331227.3458868855,7.0,0.4365542991766931,7,50000,9,twitter_cluster45-b46152d2d57ec69f66bd4b2ad1f67dc6,-0.002163098354371784,0.009825869346597405,
twitter_cluster45,227773739,0.01,1,60,disabled,TINYLFU,,370727.95333468326,,0.4343912008223213,0,50000,502,twitter_cluster45-e74b784363ca032251079a61d91325db,0.0,0.011988967700969189,
twitter_cluster45,227773739,0.01,1,60,tail-age,TINYLFU,,359585.87076263886,2598.0,0.444964531227193,2598,50000,9,twitter_cluster45-c4bff712884c617ac4305cb227254675,-0.010573330404871684,0.001415637296097505,
twitter_cluster45,227773739,0.1,1,597,free-mem,LRU,,379842.1239910879,4.0,0.3822985537415268,4,50000,6,twitter_cluster45-d0487c14f14709b370267de4d659f5e6,-0.00010240864509852843,-0.00010240864509852843,
twitter_cluster45,227773739,0.1,1,597,hits,LRU,,224349.7690473009,448.0,0.3811632209277646,448,50000,6,twitter_cluster45-df16729107ddd38dfebf3c007e835a6a,0.0010329241686636847,0.0010329241686636847,
twitter_cluster45,227773739,0.1,1,597,marginal-hits,LRU,,421765.98051031714,4331.0,0.3847139463254805,4331,50000,5,twitter_cluster45-4b2ba9b603e3ee35c53e846ef1c06a87,-0.002517801229052208,-0.002517801229052208,
twitter_cluster45,227773739,0.1,1,597,marginal-hits-tuned,LRU,,376613.2640468073,226.0,0.3810997193139987,226,50000,6,twitter_cluster45-2317d840b3a5d5caea69753ecc27e817,0.0010964257824295776,0.0010964257824295776,0.0036142270114817854
twitter_cluster45,227773739,0.1,1,597,tail-age,LRU,,382745.5188553363,169.0,0.3820987984923055,169,50000,6,twitter_cluster45-b60a175c7eb16269a4ad3f6c5f1d1c28,9.734660412280549e-05,9.734660412280549e-05,
twitter_cluster45,227773739,0.1,1,597,disabled,LRU,,334690.2076689397,,0.3821961450964283,0,50000,32,twitter_cluster45-ce4226cb5fdf4132c9ac1d8669c7722d,0.0,0.0,
twitter_cluster45,227773739,0.1,1,597,disabled,LRU2Q,,321832.0158297112,,0.3712301574853631,0,50000,32,twitter_cluster45-90978a2835d175a602cc89eb41cd4ed4,0.0,0.010965987611065209,
twitter_cluster45,227773739,0.1,1,597,hits,LRU2Q,,309636.73317122733,449.0,0.3722538356364251,449,50000,6,twitter_cluster45-2e3c56018f2aefbd3476e43a77c1e1ef,-0.001023678151062024,0.009942309460003185,
twitter_cluster45,227773739,0.1,1,597,tail-age,LRU2Q,,377509.1113753671,84.0,0.3714213647781406,84,50000,6,twitter_cluster45-cf55569e4f6f6ac4d1d675b6762e86d8,-0.00019120729277749549,0.010774780318287713,
twitter_cluster45,227773739,0.1,1,597,marginal-hits-tuned,LRU2Q,warm-cold,380523.07064046816,285.0,0.3716608260972526,285,50000,6,twitter_cluster45-7384a3b2949e086d02401ef57ea4483c,-0.00043066861188950645,0.010535318999175702,0.011244518403414283
twitter_cluster45,227773739,0.1,1,597,marginal-hits,LRU2Q,cold,418935.73682940257,4331.0,0.3817750956794892,4331,50000,4,twitter_cluster45-27b2032908090af8806eac1a0fa6d36f,-0.010544938194126108,0.00042104941693910103,
twitter_cluster45,227773739,0.1,1,597,marginal-hits,LRU2Q,warm-cold,299337.4917230841,4330.0,0.3829053445006669,4330,50000,6,twitter_cluster45-302aa50b8304b0aa45fc722d85d4efaa,-0.01167518701530379,-0.0007091994042385807,
twitter_cluster45,227773739,0.1,1,597,free-mem,LRU2Q,,382153.5963369432,4.0,0.3713261694316744,4,50000,6,twitter_cluster45-18b6ce802000eb87ef41c074839f7b71,-9.601194631131404e-05,0.010869975664753895,
twitter_cluster45,227773739,0.1,1,597,marginal-hits-tuned,LRU2Q,cold,319844.15894162783,181.0,0.3710151809906409,181,50000,6,twitter_cluster45-db1b5a223102b3786fc645c59ce4140d,0.0002149764947221855,0.011180964105787394,0.010759914688848293
twitter_cluster45,227773739,0.1,1,597,free-mem,TINYLFU,,350334.7473958716,4.0,0.3767045901634867,4,50000,6,twitter_cluster45-4629c248cb8f66d73191899ed3763b44,-9.479582718707746e-05,0.0054915549329416224,
twitter_cluster45,227773739,0.1,1,597,tail-age,TINYLFU,,352877.0785144556,1962.0,0.380995484295053,1962,50000,6,twitter_cluster45-a00b16d768526a63653624ea0a4681ff,-0.00438568995875338,0.0012006608013753195,
twitter_cluster45,227773739,0.1,1,597,marginal-hits-tuned,TINYLFU,,272451.88611306815,227.0,0.3761106630470688,227,50000,6,twitter_cluster45-4bd21ecf52545bb01a01d82caf040e98,0.000499131289230792,0.006085482049359492,0.00579795987807008
twitter_cluster45,227773739,0.1,1,597,disabled,TINYLFU,,320752.96134754864,,0.3766097943362996,0,50000,32,twitter_cluster45-54b5450c2b94612c156740fefccacee6,0.0,0.0055863507601287,
twitter_cluster45,227773739,0.1,1,597,marginal-hits,TINYLFU,,281083.27173048514,4331.0,0.3819086229251389,4331,50000,4,twitter_cluster45-706d16a495d4fd21382ed0c61260c498,-0.005298828588839288,0.0002875221712894116,
twitter_cluster45,227773739,0.1,1,597,hits,TINYLFU,,333424.8746285507,442.0,0.3754181468654733,442,50000,6,twitter_cluster45-4c2c7fec0fa6eb7ab6f004cda4238c6f,0.0011916474708262847,0.006777998230954985,
twitter_cluster46,6610320613,0.01,1,1068,marginal-hits-tuned,LRU,,290020.49845101906,722.0,0.2176888042570954,722,50000,0,twitter_cluster46-8a48a6fe4cb849509fef5c0a06e495ee,0.002350221859049817,0.002350221859049817,0.002549975710232605
twitter_cluster46,6610320613,0.01,1,1068,hits,LRU,,419382.5822285945,685.0,0.2189137864439012,685,50000,0,twitter_cluster46-06bc7fc62fb13ba45aae96f1861e777d,0.0011252396722440106,0.0011252396722440106,
twitter_cluster46,6610320613,0.01,1,1068,disabled,LRU,,259416.48465440556,,0.2200390261161452,0,50000,0,twitter_cluster46-d23086c8323dcfbfdebb218f5e3d6263,0.0,0.0,
twitter_cluster46,6610320613,0.01,1,1068,tail-age,LRU,,205149.198803168,560.0,0.2202521293954671,560,50000,0,twitter_cluster46-000d39fbbc82581c53399e1dae1c20d9,-0.00021310327932189121,-0.00021310327932189121,
twitter_cluster46,6610320613,0.01,1,1068,marginal-hits,LRU,,480397.6061235665,131415.0,0.220238779967328,131415,50000,0,twitter_cluster46-922135ae2ba32d62ac8cb46a197c09fa,-0.00019975385118278788,-0.00019975385118278788,
twitter_cluster46,6610320613,0.01,1,1068,free-mem,LRU,,259250.15005069476,,0.2200390261161452,0,50000,0,twitter_cluster46-634c3adba75dcb632e80d1895abd20d5,0.0,0.0,
twitter_cluster46,6610320613,0.01,1,1068,tail-age,LRU2Q,,228869.70386823927,300.0,0.2177406761737655,300,50000,0,twitter_cluster46-cd7d70504ebaf79e9ad5180a9a72a6d3,-0.005845629926634288,0.002298349942379707,
twitter_cluster46,6610320613,0.01,1,1068,hits,LRU2Q,,228916.9038589433,674.0,0.2105033323593195,674,50000,0,twitter_cluster46-c6397a0d6d5a47acd5eb6a7534cce9d2,0.001391713887811702,0.009535693756825697,
twitter_cluster46,6610320613,0.01,1,1068,marginal-hits,LRU2Q,warm-cold,223062.86535185704,131550.0,0.2186329564949953,131550,50000,0,twitter_cluster46-797392c14c26b3a5682ff0305a964756,-0.006737910247864104,0.0014060696211498913,
twitter_cluster46,6610320613,0.01,1,1068,disabled,LRU2Q,,228364.2392768996,,0.2118950462471312,0,50000,0,twitter_cluster46-ee6ac7da53a59c164ac0e30a65965b53,0.0,0.008143979869013995,
twitter_cluster46,6610320613,0.01,1,1068,marginal-hits-tuned,LRU2Q,cold,228876.0952683198,380.0,0.2098556890375144,380,50000,0,twitter_cluster46-25295f48c39d4a4586735aa99bcada41,0.0020393572096168155,0.01018333707863081,0.009327417777398511
twitter_cluster46,6610320613,0.01,1,1068,free-mem,LRU2Q,,219673.9630630313,,0.2118950462471312,0,50000,0,twitter_cluster46-d9337ca708b0e1a1cc7a8b19f08db225,0.0,0.008143979869013995,
twitter_cluster46,6610320613,0.01,1,1068,marginal-hits,LRU2Q,cold,290030.6820244288,131454.0,0.2191831068149129,131454,50000,0,twitter_cluster46-c97d3f99e2c79ba6648c807bd564b31d,-0.007288060567781696,0.0008559193012322996,
twitter_cluster46,6610320613,0.01,1,1068,marginal-hits-tuned,LRU2Q,warm-cold,259386.5327072809,250.0,0.2099527735872015,250,50000,0,twitter_cluster46-07ae4e772c12cba5dd96ec5431c9ef0d,0.0019422726599297169,0.010086252528943712,0.00868018290779382
twitter_cluster46,6610320613,0.01,1,1068,disabled,TINYLFU,,205094.5343995302,,0.2195015626241304,0,50000,0,twitter_cluster46-13731cbf1658d6c59492432c092c320f,0.0,0.0005374634920148058,
twitter_cluster46,6610320613,0.01,1,1068,hits,TINYLFU,,208171.76037431465,684.0,0.2167577725628238,684,50000,0,twitter_cluster46-0ed61eb0e4db22531d139a182ca5b23b,0.0027437900613065946,0.0032812535533214005,
twitter_cluster46,6610320613,0.01,1,1068,tail-age,TINYLFU,,240211.09439380385,18276.0,0.2203583475414704,18276,50000,0,twitter_cluster46-5b0a1e48e786334db9a7b923176c80b3,-0.0008567849173400088,-0.000319321425325203,
twitter_cluster46,6610320613,0.01,1,1068,marginal-hits,TINYLFU,,198007.0212184801,131211.0,0.2196374117080968,131211,50000,0,twitter_cluster46-20fc73373cb284b973fb86babff268ec,-0.0001358490839664106,0.0004016144080483952,
twitter_cluster46,6610320613,0.01,1,1068,marginal-hits-tuned,TINYLFU,,240262.96308300443,550.0,0.2160719478857144,550,50000,0,twitter_cluster46-d70cfca921a55580b1bf02fa6929b016,0.0034296147384159925,0.003967078230430798,0.003565463822382403
twitter_cluster46,6610320613,0.01,1,1068,free-mem,TINYLFU,,240240.9169390509,,0.2195015626241304,0,50000,0,twitter_cluster46-fa9faabe11c73fe43aa6ae67b61273d1,0.0,0.0005374634920148058,
twitter_cluster46,6610320613,0.1,1,10675,marginal-hits,LRU,,242555.87164423813,120870.0,0.1976232086883801,120870,50000,0,twitter_cluster46-71c6b595e4f957234f45fc63902c6ee4,-0.0035843317423066845,-0.0035843317423066845,
twitter_cluster46,6610320613,0.1,1,10675,marginal-hits-tuned,LRU,,229333.59197702404,276.0,0.1939830416815517,276,50000,0,twitter_cluster46-636abe9b495ee24a1705b0c5ee776bb3,5.583526452171417e-05,5.583526452171417e-05,0.0036401670068283987
twitter_cluster46,6610320613,0.1,1,10675,free-mem,LRU,,229907.7435613068,,0.1940388769460734,0,50000,0,twitter_cluster46-5bceb0dd87725117cb9d0cb4cbe19fa4,0.0,0.0,
twitter_cluster46,6610320613,0.1,1,10675,hits,LRU,,228045.3410348168,696.0,0.194034137539041,696,50000,0,twitter_cluster46-fe2208f2f5749b1f91d08ffe745c7d50,4.73940703241138e-06,4.73940703241138e-06,
twitter_cluster46,6610320613,0.1,1,10675,disabled,LRU,,109928.74363865703,,0.1940388769460734,0,50000,0,twitter_cluster46-a3f6287a67e5fc2180a92baebc045a4a,0.0,0.0,
twitter_cluster46,6610320613,0.1,1,10675,tail-age,LRU,,204598.372582684,141.0,0.1940510740851716,141,50000,0,twitter_cluster46-6ae185c29714d919f86793e648df232c,-1.2197139098196752e-05,-1.2197139098196752e-05,
twitter_cluster46,6610320613,0.1,1,10675,disabled,LRU2Q,,227258.8461578572,,0.18982636599082,0,50000,0,twitter_cluster46-417630d365e76e96302d288aa22988ea,0.0,0.004212510955253407,
twitter_cluster46,6610320613,0.1,1,10675,marginal-hits,LRU2Q,warm-cold,115715.37435464589,121236.0,0.196794948559933,121236,50000,0,twitter_cluster46-74980f89402f1d868d17554ddf0cd9db,-0.00696858256911298,-0.002756071613859573,
twitter_cluster46,6610320613,0.1,1,10675,tail-age,LRU2Q,,220870.13450977084,,0.18982636599082,0,50000,0,twitter_cluster46-d837f757f9bc01c843d0f8b3f0b9d552,0.0,0.004212510955253407,
twitter_cluster46,6610320613,0.1,1,10675,marginal-hits-tuned,LRU2Q,cold,190368.7603687734,228.0,0.1898227643500837,228,50000,0,twitter_cluster46-1fa67b12fb1952263b369c505f592e8c,3.60164073631708e-06,0.004216112595989724,0.007334044721621719
twitter_cluster46,6610320613,0.1,1,10675,free-mem,LRU2Q,,226972.85454271783,,0.18982636599082,0,50000,0,twitter_cluster46-15026c22c4534c382ddf0de5806e13e7,0.0,0.004212510955253407,
twitter_cluster46,6610320613,0.1,1,10675,marginal-hits,LRU2Q,cold,111511.48793891768,121031.0,0.1971568090717054,121031,50000,0,twitter_cluster46-3557c0b6e4f9c56cdff574cb9b49f988,-0.0073304430808854015,-0.0031179321256319947,
twitter_cluster46,6610320613,0.1,1,10675,hits,LRU2Q,,116003.22619256403,695.0,0.1899848593622216,695,50000,0,twitter_cluster46-874bc0841221430ea67d4d79731f41b8,-0.0001584933714015857,0.004054017583851821,
twitter_cluster46,6610320613,0.1,1,10675,marginal-hits-tuned,LRU2Q,warm-cold,113765.54963610604,30.0,0.1898271999897019,30,50000,0,twitter_cluster46-1900cda26e21096c551c8b4f7cb56a45,-8.339988818995003e-07,0.004211676956371507,0.00696774857023108
twitter_cluster47,6225239439,0.1,1,62,free-mem,LRU,,535196.5885868075,,0.204321251329141,0,50000,0,twitter_cluster47-52db5b26b7c632aecd4cc0b55b800666,0.0,0.0,
twitter_cluster47,6225239439,0.1,1,62,disabled,LRU,,636036.9539149705,,0.204321251329141,0,50000,0,twitter_cluster47-6fbb225e0668cf5fcfe65fe6b48b4c61,0.0,0.0,
twitter_cluster47,6225239439,0.1,1,62,marginal-hits,LRU,,683580.2649959817,113492.0,0.0092197110749558,113492,50000,0,twitter_cluster47-64fa4e38315f2183824e878c5c11a71f,0.1951015402541852,0.1951015402541852,
twitter_cluster47,6225239439,0.1,1,62,marginal-hits-tuned,LRU,,726972.4266436383,127.0,0.0055425442407629,127,50000,0,twitter_cluster47-0863746b96a80c24b4ad1e498e637126,0.1987787070883781,0.1987787070883781,0.0036771668341929005
twitter_cluster47,6225239439,0.1,1,62,tail-age,LRU,,636397.437158995,48.0,0.0030129149543222,48,50000,0,twitter_cluster47-14a07f9759c8d807b3ea24b0c9f88ba8,0.2013083363748188,0.2013083363748188,
twitter_cluster47,6225239439,0.1,1,62,hits,LRU,,684111.9990874277,58.0,0.003041761073698,58,50000,0,twitter_cluster47-c954d610e2041f17dc3b4655f900c72e,0.201279490255443,0.201279490255443,
twitter_cluster47,6225239439,0.1,1,62,marginal-hits-tuned,LRU2Q,cold,656715.9780391699,115.0,0.002588942828292,115,50000,0,twitter_cluster47-051a5e6f9d110896e4eac4048b1dafb9,0.1864070403027594,0.201732308500849,0.005152260296858901
twitter_cluster47,6225239439,0.1,1,62,marginal-hits,LRU2Q,cold,656848.6809038189,122795.0,0.0077412031251509,122795,50000,0,twitter_cluster47-84b4fba67bef835ee8186913d120509a,0.1812547800059005,0.1965800482039901,
twitter_cluster47,6225239439,0.1,1,62,hits,LRU2Q,,683939.9281550767,58.0,0.002984830893988,58,50000,0,twitter_cluster47-04c2047e58ded4d10f740382ca467056,0.1860111522370634,0.201336420435153,
twitter_cluster47,6225239439,0.1,1,62,tail-age,LRU2Q,,684118.4978976389,94.0,0.004495699848052,94,50000,0,twitter_cluster47-3210d6325c9851a83c6cb6dcfba98e6f,0.1845002832829994,0.199825551481089,
twitter_cluster47,6225239439,0.1,1,62,marginal-hits,LRU2Q,warm-cold,727987.0371194846,114112.0,0.0071165930939865,114112,50000,0,twitter_cluster47-b23a174e9a5c4bbec0f2a4adac912028,0.1818793900370649,0.1972046582351545,
twitter_cluster47,6225239439,0.1,1,62,free-mem,LRU2Q,,535966.0890234134,,0.1889959831310514,0,50000,0,twitter_cluster47-e7f8ccb4fc23932c32e494bc4df204da,0.0,0.015325268198089603,
twitter_cluster47,6225239439,0.1,1,62,disabled,LRU2Q,,684798.4354530353,,0.1889959831310514,0,50000,0,twitter_cluster47-508e5f0511acbcc5dfe40e84d380f2c1,0.0,0.015325268198089603,
twitter_cluster47,6225239439,0.1,1,62,marginal-hits-tuned,LRU2Q,warm-cold,685011.9174834884,148.0,0.0029198012667798,148,50000,0,twitter_cluster47-7e0646e2c90e3ec61a3aeb34f385361b,0.1860761818642716,0.2014014500623612,0.0041967918272067
twitter_cluster47,6225239439,0.1,1,62,marginal-hits,TINYLFU,,636006.7143148829,115560.0,0.0090932629266213,115560,50000,0,twitter_cluster47-b1c31a07ab43530ce71fb3c0fbfe4c85,0.1826610015795089,0.1952279884025197,
twitter_cluster47,6225239439,0.1,1,62,free-mem,TINYLFU,,636399.5473618199,,0.1917542645061302,0,50000,0,twitter_cluster47-8b85c4f0cd80b13db736b5091c62217b,0.0,0.0125669868230108,
twitter_cluster47,6225239439,0.1,1,62,tail-age,TINYLFU,,636798.7349670769,876.0,0.0031535982177664,876,50000,0,twitter_cluster47-1fe24be29583ae15552d29e010e3214b,0.1886006662883638,0.2011676531113746,
twitter_cluster47,6225239439,0.1,1,62,disabled,TINYLFU,,634632.7550975957,,0.1917542645061302,0,50000,0,twitter_cluster47-e4dfaae0c99da71cba391506488a4293,0.0,0.0125669868230108,
twitter_cluster47,6225239439,0.1,1,62,marginal-hits-tuned,TINYLFU,,684417.7359861805,140.0,0.0056921232262982,140,50000,0,twitter_cluster47-d217b3dac3cc37e1474514ed5ff1a19c,0.186062141279832,0.1986291281028428,0.0034011397003231
twitter_cluster47,6225239439,0.1,1,62,hits,TINYLFU,,657790.2473263149,58.0,0.0029505714888535,58,50000,0,twitter_cluster47-0b3be0cd0182feec8c2d1ed43e1f9a84,0.1888036930172767,0.2013706798402875,
twitter_cluster48,1129939853,0.01,1,292,marginal-hits,LRU,,497363.2355738254,22549.0,0.5141481128022484,22549,50000,1,twitter_cluster48-5b85cf13e2f698a348dddf523e735a52,0.10747517195501566,0.10747517195501566,
twitter_cluster48,1129939853,0.01,1,292,hits,LRU,,407820.1626638668,196.0,0.5132281204705857,196,50000,1,twitter_cluster48-bdd6536473665bf913113c930ad46c9a,0.10839516428667828,0.10839516428667828,
twitter_cluster48,1129939853,0.01,1,292,marginal-hits-tuned,LRU,,330021.62496094767,481.0,0.5170836469293025,481,50000,1,twitter_cluster48-f697b91f71a5070dec276b70ce5b99fb,0.1045396378279615,0.1045396378279615,-0.0029355341270541624
twitter_cluster48,1129939853,0.01,1,292,free-mem,LRU,,532832.4016557897,1.0,0.621838905968741,1,50000,1,twitter_cluster48-4c919e33338ca063a05057f2e89fe830,-0.00021562121147700175,-0.00021562121147700175,
twitter_cluster48,1129939853,0.01,1,292,tail-age,LRU,,495637.788432518,948.0,0.5541462240999477,948,50000,1,twitter_cluster48-3001b181c903f0d379de2e481872fe91,0.06747706065731629,0.06747706065731629,
twitter_cluster48,1129939853,0.01,1,292,disabled,LRU,,531270.9932763219,,0.621623284757264,0,50000,34,twitter_cluster48-ba5083efc0783dc768b46ed0d6c5b780,0.0,0.0,
twitter_cluster48,1129939853,0.01,1,292,free-mem,LRU2Q,,345995.9596448048,1.0,0.6015332720546144,1,50000,1,twitter_cluster48-8f3379785b87ac31145e4546eefee4fa,-0.00020047350254848162,0.02009001270264965,
twitter_cluster48,1129939853,0.01,1,292,hits,LRU2Q,,373414.800517826,478.0,0.4997862430470447,478,50000,1,twitter_cluster48-8b185ad2555b930b4ea421c6012764b5,0.10154655550502117,0.12183704171021931,
twitter_cluster48,1129939853,0.01,1,292,tail-age,LRU2Q,,336688.94593147293,1002.0,0.5125555882132428,1002,50000,1,twitter_cluster48-87e08155d2bd091faa5d4a563930f33c,0.08877721033882313,0.10906769654402126,
twitter_cluster48,1129939853,0.01,1,292,marginal-hits,LRU2Q,warm-cold,457307.3281564471,22549.0,0.5374937014457176,22549,50000,1,twitter_cluster48-961293406160d69a65ae07e1c7bb2117,0.06383909710634827,0.08412958331154641,
twitter_cluster48,1129939853,0.01,1,292,marginal-hits-tuned,LRU2Q,warm-cold,366572.39445209154,705.0,0.5028973413861879,705,50000,1,twitter_cluster48-d4c67ece147144e8dfc93178e75e4eb8,0.09843545716587798,0.11872594337107611,0.03459636005952971
twitter_cluster48,1129939853,0.01,1,292,marginal-hits-tuned,LRU2Q,cold,376518.58249620703,1557.0,0.5001896158449772,1557,50000,1,twitter_cluster48-946650b53434f70b60d78fd63aeb2104,0.10114318270708866,0.1214336689122868,0.018109681630992025
twitter_cluster48,1129939853,0.01,1,292,disabled,LRU2Q,,366186.5986963277,,0.6013327985520659,0,50000,34,twitter_cluster48-52efdc7b1691e102443866d3816dc3a2,0.0,0.020290486205198133,
twitter_cluster48,1129939853,0.01,1,292,marginal-hits,LRU2Q,cold,497747.2568025504,22548.0,0.5182992974759693,22548,50000,1,twitter_cluster48-0ab427a5335c49ae5b748cd5ebd83262,0.08303350107609664,0.10332398728129477,
twitter_cluster48,1129939853,0.01,1,292,free-mem,TINYLFU,,426898.70707808825,1.0,0.6010794018785706,1,50000,1,twitter_cluster48-21a2564147cbe03c6c0e617d48444f07,-0.00015532950672902945,0.020543882878693465,
twitter_cluster48,1129939853,0.01,1,292,hits,TINYLFU,,428441.2366491446,179.0,0.5036204719119682,179,50000,1,twitter_cluster48-f6b2482b50a00b52fad7661dc0bb11e0,0.0973036004598733,0.11800281284529579,
twitter_cluster48,1129939853,0.01,1,292,marginal-hits,TINYLFU,,391966.8036702876,22549.0,0.5115039269262769,22549,50000,1,twitter_cluster48-7b350961ee558f1d82f81af823f9f4b4,0.08942014544556465,0.11011935783098714,
twitter_cluster48,1129939853,0.01,1,292,disabled,TINYLFU,,450215.0520501021,,0.6009240723718415,0,50000,34,twitter_cluster48-cbb59878d068d7879d41861cf5014cfa,0.0,0.020699212385422494,
twitter_cluster48,1129939853,0.01,1,292,marginal-hits-tuned,TINYLFU,,382562.8677799499,579.0,0.5118109653930403,579,50000,1,twitter_cluster48-ddb9710bc3c8558431189d00b80767ec,0.08911310697880126,0.10981231936422375,-0.0003070384667633874
twitter_cluster48,1129939853,0.01,1,292,tail-age,TINYLFU,,304832.8067328678,18923.0,0.5448325903060258,18923,50000,1,twitter_cluster48-e06af9a8493f2691298c8171e911a865,0.05609148206581571,0.0767906944512382,
twitter_cluster48,1129939853,0.1,1,2918,tail-age,LRU,,360484.6122119977,6971.0,0.3616418731626063,6971,50000,1,twitter_cluster48-2fda0d2166dcbb5a353fdfbd1e823731,0.03981328376068877,0.03981328376068877,
twitter_cluster48,1129939853,0.1,1,2918,marginal-hits,LRU,,298516.833343276,22026.0,0.3401924827940377,22026,50000,1,twitter_cluster48-29d0b6c61e693e87c721354b1f8c0ea0,0.0612626741292574,0.0612626741292574,
twitter_cluster48,1129939853,0.1,1,2918,free-mem,LRU,,286431.18519849685,1.0,0.4014805281852467,1,50000,1,twitter_cluster48-be89d6188a5029cddc8f17552b4b8692,-2.5371261951623314e-05,-2.5371261951623314e-05,
twitter_cluster48,1129939853,0.1,1,2918,marginal-hits-tuned,LRU,,264693.02937419363,1550.0,0.3371591806311835,1550,50000,1,twitter_cluster48-8f6fc89566ae83f76d6439f4b584b2e4,0.06429597629211159,0.06429597629211159,0.00303330216285419
twitter_cluster48,1129939853,0.1,1,2918,disabled,LRU,,417883.5844562423,,0.4014551569232951,0,50000,34,twitter_cluster48-6e1fa6a19269183d3f8c8a62d6c64601,0.0,0.0,
twitter_cluster48,1129939853,0.1,1,2918,hits,LRU,,348755.9838679509,2365.0,0.3358974170105672,2365,50000,1,twitter_cluster48-9fa04914a780141fee6bd6a2f294d029,0.0655577399127279,0.0655577399127279,
twitter_cluster48,1129939853,0.1,1,2918,disabled,LRU2Q,,432449.6909082361,,0.3900509507916259,0,50000,34,twitter_cluster48-3e117a2c5dc99cfa7c96b2e6578b79db,0.0,0.011404206131669203,
twitter_cluster48,1129939853,0.1,1,2918,marginal-hits,LRU2Q,warm-cold,388463.507269785,22026.0,0.3503110824430758,22026,50000,1,twitter_cluster48-9b849bacb46917929219ce5e2d0d7ca6,0.03973986834855009,0.05114407448021929,
twitter_cluster48,1129939853,0.1,1,2918,marginal-hits-tuned,LRU2Q,cold,373447.33326274616,2053.0,0.322915025106208,2053,50000,1,twitter_cluster48-8a62b27bb1b921a7f4e38dc889ec8952,0.06713592568541787,0.07854013181708708,0.013311669607957377
twitter_cluster48,1129939853,0.1,1,2918,free-mem,LRU2Q,,398438.3602709428,1.0,0.3900730572780319,1,50000,1,twitter_cluster48-8d59911d0c68713b4b5db6387e1b7964,-2.2106486405992776e-05,0.01138209964526321,
twitter_cluster48,1129939853,0.1,1,2918,tail-age,LRU2Q,,283785.7026590679,1941.0,0.3345996160735469,1941,50000,1,twitter_cluster48-478b6b615c40fc9fbca922ea3b4d3996,0.055451334718079004,0.06685554084974821,
twitter_cluster48,1129939853,0.1,1,2918,hits,LRU2Q,,342908.12150361494,2321.0,0.3268553967889829,2321,50000,1,twitter_cluster48-1cab7c64c5d14b467cd560473347d424,0.06319555400264298,0.07459976013431219,
twitter_cluster48,1129939853,0.1,1,2918,marginal-hits,LRU2Q,cold,271544.0354718394,22026.0,0.3362266947141654,22026,50000,1,twitter_cluster48-8f1e1fe468d0cb7e843145b83b9e82e4,0.0538242560774605,0.0652284622091297,
twitter_cluster48,1129939853,0.1,1,2918,marginal-hits-tuned,LRU2Q,warm-cold,266573.5795479248,3661.0,0.3253915940957611,3661,50000,1,twitter_cluster48-e1c92935ea6a207f5c243d554021a1cd,0.06465935669586476,0.07606356282753396,0.024919488347314667
twitter_cluster48,1129939853,0.1,1,2918,free-mem,TINYLFU,,229201.9869068132,1.0,0.3958293424313798,1,50000,1,twitter_cluster48-e732eb3c7ff4406bc9a3b13b111feec7,-1.8875340969115584e-05,0.005625814491915293,
twitter_cluster48,1129939853,0.1,1,2918,marginal-hits,TINYLFU,,183922.84470375945,22026.0,0.3399753305276152,22026,50000,1,twitter_cluster48-70b2bc31c255587514794ee2dff21ce9,0.055835136562795484,0.06147982639567989,
twitter_cluster48,1129939853,0.1,1,2918,tail-age,TINYLFU,,233781.9240527625,18250.0,0.3555526596688682,18250,50000,1,twitter_cluster48-89c0a039f96520ca889c037792727eb9,0.0402578074215425,0.04590249725442691,
twitter_cluster48,1129939853,0.1,1,2918,hits,TINYLFU,,245254.17896464904,2203.0,0.3328967564081483,2203,50000,1,twitter_cluster48-6f94d9d12d5ae0b467e9c7f1da8c3b26,0.06291371068226237,0.06855840051514678,
twitter_cluster48,1129939853,0.1,1,2918,disabled,TINYLFU,,242063.69987537336,,0.3958104670904107,0,50000,34,twitter_cluster48-d6854f3097bcbeec9e788ceb6e130348,0.0,0.005644689832884409,
twitter_cluster48,1129939853,0.1,1,2918,marginal-hits-tuned,TINYLFU,,282597.1799239847,1515.0,0.3323779367573116,1515,50000,1,twitter_cluster48-947c439011502e56af8008498f5cdaba,0.06343253033309909,0.0690772201659835,0.0075973937703036065
twitter_cluster49,799295267,0.01,1,54,free-mem,LRU,,325379.1247171006,,0.3868638546561042,0,50000,0,twitter_cluster49-2b6aba12854501ebb46627e4a57a360e,0.0,0.0,
twitter_cluster49,799295267,0.01,1,54,marginal-hits-tuned,LRU,,379132.1519731605,26.0,0.3862443264035992,26,50000,0,twitter_cluster49-e3f4e8f22baa1b771438bf45d20b662c,0.0006195282525049972,0.0006195282525049972,0.031593570039243124
twitter_cluster49,799295267,0.01,1,54,marginal-hits,LRU,,348214.9081127048,15984.0,0.4178378964428423,15984,50000,0,twitter_cluster49-eb0e53db2f7bac74113a85c8073a52a7,-0.030974041786738127,-0.030974041786738127,
twitter_cluster49,799295267,0.01,1,54,tail-age,LRU,,339980.60937268747,,0.3868638546561042,0,50000,0,twitter_cluster49-c9e7746a5d167f058e128fd22d9b13c2,0.0,0.0,
twitter_cluster49,799295267,0.01,1,54,hits,LRU,,290219.8049091325,37.0,0.4979017660065788,37,50000,0,twitter_cluster49-cc0fac143d4a90ba4944ab7aec350b88,-0.11103791135047464,-0.11103791135047464,
twitter_cluster49,799295267,0.01,1,54,disabled,LRU,,249478.0337818303,,0.3868638546561042,0,50000,0,twitter_cluster49-f0daf5073961527b3afadd89e6b5418d,0.0,0.0,
twitter_cluster49,799295267,0.01,1,54,marginal-hits-tuned,LRU2Q,warm-cold,208897.63926247292,261.0,0.492566205824912,261,50000,0,twitter_cluster49-85c45b639c5844d77f1398fad7314490,-0.10119931311941571,-0.10570235116880783,0.02540948237592905
twitter_cluster49,799295267,0.01,1,54,free-mem,LRU2Q,,349205.2076196321,,0.3913668927054963,0,50000,0,twitter_cluster49-a7929044e31c01ba6e4cb004b9339b91,0.0,-0.004503038049392116,
twitter_cluster49,799295267,0.01,1,54,tail-age,LRU2Q,,220239.60926912457,,0.3913668927054963,0,50000,0,twitter_cluster49-ab52a60754cc462632805f6b163d4aec,0.0,-0.004503038049392116,
twitter_cluster49,799295267,0.01,1,54,disabled,LRU2Q,,290246.72793948423,,0.3913668927054963,0,50000,0,twitter_cluster49-2bdd502ebc72bb738f1c3af47b9e4488,0.0,-0.004503038049392116,
twitter_cluster49,799295267,0.01,1,54,marginal-hits,LRU2Q,warm-cold,377376.4286663373,15940.0,0.5179756882008411,15940,50000,0,twitter_cluster49-b5d14cbb9e4581af6206cec62b174741,-0.12660879549534476,-0.13111183354473688,
twitter_cluster49,799295267,0.01,1,54,marginal-hits-tuned,LRU2Q,cold,241768.35365281795,165.0,0.3964177345741745,165,50000,0,twitter_cluster49-c566cc490971bdbc52f47d2b30f111c6,-0.005050841868678213,-0.00955387991807033,0.027536021929177812
twitter_cluster49,799295267,0.01,1,54,marginal-hits,LRU2Q,cold,240190.63827946063,15984.0,0.4239537565033523,15984,50000,0,twitter_cluster49-3e4b867c609f77612f246404172c867e,-0.032586863797856025,-0.03708990184724814,
twitter_cluster49,799295267,0.01,1,54,hits,LRU2Q,,249397.9828944222,26.0,0.5033110023407658,26,50000,0,twitter_cluster49-cb5be0df29d88baa1cf60b09d831b0f8,-0.11194410963526946,-0.11644714768466158,
twitter_cluster49,799295267,0.01,1,54,free-mem,TINYLFU,,351050.7249311685,,0.4817352709283589,0,50000,0,twitter_cluster49-c60e9586ec9f34d32f70c2452b795f4d,0.0,-0.0948714162722547,
twitter_cluster49,799295267,0.01,1,54,tail-age,TINYLFU,,217246.8246990776,,0.4817352709283589,0,50000,0,twitter_cluster49-24bee0b11d35c10a7eb811dea1b832c0,0.0,-0.0948714162722547,
twitter_cluster49,799295267,0.01,1,54,marginal-hits-tuned,TINYLFU,,303912.7473872077,45.0,0.5070161024736808,45,50000,0,twitter_cluster49-862568f1380cb14c20f6027220346561,-0.025280831545321902,-0.12015224781757661,0.02401547061831899
twitter_cluster49,799295267,0.01,1,54,marginal-hits,TINYLFU,,219748.94825991296,15984.0,0.5310315730919998,15984,50000,0,twitter_cluster49-f12d6c4b1bae8019dd24fdb09e8752fe,-0.04929630216364089,-0.1441677184358956,
twitter_cluster49,799295267,0.01,1,54,hits,TINYLFU,,220185.84015224053,14318.0,0.5815399367302897,14318,50000,0,twitter_cluster49-00bee0ecebf60f0c386c9cc04e7e8a37,-0.09980466580193081,-0.19467608207418552,
twitter_cluster49,799295267,0.01,1,54,disabled,TINYLFU,,330115.015715469,,0.4817352709283589,0,50000,0,twitter_cluster49-511a5f220d50f213b1fa264aaca93735,0.0,-0.0948714162722547,
twitter_cluster49,799295267,0.1,1,533,free-mem,LRU,,421324.1371874536,,0.1515150683358168,0,50000,0,twitter_cluster49-a8aa70e0d9a2f80e100c0f405704b0b4,0.0,0.0,
twitter_cluster49,799295267,0.1,1,533,hits,LRU,,239250.6763428003,511.0,0.1072633550324776,511,50000,0,twitter_cluster49-1526529d3dcb18a0517843c988a8adac,0.0442517133033392,0.0442517133033392,
twitter_cluster49,799295267,0.1,1,533,marginal-hits-tuned,LRU,,341437.01118288754,255.0,0.0955408660013997,255,50000,0,twitter_cluster49-cd112f00ab91388bb762171a3f1ce6c0,0.05597420233441709,0.05597420233441709,-0.004780645097952299
twitter_cluster49,799295267,0.1,1,533,disabled,LRU,,455959.5332863444,,0.1515150683358168,0,50000,0,twitter_cluster49-3edab2346e3f898e6aadb5f195293e5d,0.0,0.0,
twitter_cluster49,799295267,0.1,1,533,tail-age,LRU,,274050.9600971977,27.0,0.1466438484490613,27,50000,0,twitter_cluster49-42017e7a3f365c8697a98d8fae2241d3,0.0048712198867554846,0.0048712198867554846,
twitter_cluster49,799295267,0.1,1,533,marginal-hits,LRU,,427863.3448289824,15982.0,0.0907602209034474,15982,50000,0,twitter_cluster49-af6c38103786f811c406b966e48ebc44,0.06075484743236939,0.06075484743236939,
twitter_cluster49,799295267,0.1,1,533,marginal-hits,LRU2Q,warm-cold,283474.6268973546,15982.0,0.1035160051810991,15982,50000,0,twitter_cluster49-6cfe73f0d4440cd04786e67ff68b8ec0,0.0455144469158979,0.04799906315471769,
twitter_cluster49,799295267,0.1,1,533,free-mem,LRU2Q,,314568.60431879445,,0.149030452096997,0,50000,0,twitter_cluster49-24c40dbd32f416f98c48afb1b8ffbd24,0.0,0.0024846162388197923,
twitter_cluster49,799295267,0.1,1,533,marginal-hits-tuned,LRU2Q,warm-cold,238873.97347515848,590.0,0.1006208960824485,590,50000,0,twitter_cluster49-b8f33f4640077ce252f8bed24a04bf4a,0.04840955601454851,0.0508941722533683,0.0028951090986506084
twitter_cluster49,799295267,0.1,1,533,disabled,LRU2Q,,403683.2897450305,,0.149030452096997,0,50000,0,twitter_cluster49-3c93f4bdbcfa9193a2af8b4d5815bad9,0.0,0.0024846162388197923,
twitter_cluster49,799295267,0.1,1,533,hits,LRU2Q,,456973.7291179877,476.0,0.1027448633697464,476,50000,0,twitter_cluster49-b769fe2274eb731be68a8eb3c3b6d6b1,0.046285588727250596,0.04877020496607039,
twitter_cluster49,799295267,0.1,1,533,tail-age,LRU2Q,,290169.7697206426,91.0,0.152797716991861,91,50000,0,twitter_cluster49-83db864d4a5135036081e3024b76dc0a,-0.0037672648948640086,-0.0012826486560442163,
twitter_cluster49,799295267,0.1,1,533,marginal-hits,LRU2Q,cold,340143.93839201075,15982.0,0.0896813204825345,15982,50000,0,twitter_cluster49-14c3b59c97052a0b7a935b4e33b99e34,0.05934913161446251,0.0618337478532823,
twitter_cluster49,799295267,0.1,1,533,marginal-hits-tuned,LRU2Q,cold,321072.8125206338,297.0,0.0935696532780795,297,50000,0,twitter_cluster49-50876160daafca92a0d2c66e372e0da7,0.055460798818917495,0.05794541505773729,-0.003888332795545013
twitter_cluster49,799295267,0.1,1,533,hits,TINYLFU,,201234.589939293,3908.0,0.2021993431871528,3908,50000,0,twitter_cluster49-69d15680b4dd9d7d08b3d5787e48e0d0,-0.019083722411182502,-0.050684274851336,
twitter_cluster49,799295267,0.1,1,533,marginal-hits-tuned,TINYLFU,,230862.41655092253,297.0,0.1389136600504854,297,50000,0,twitter_cluster49-d18e6b006e6c9517b23bea09869c0544,0.04420196072548491,0.012601408285331406,0.01801130895474201
twitter_cluster49,799295267,0.1,1,533,tail-age,TINYLFU,,290911.7306727812,14672.0,0.188583089658155,14672,50000,0,twitter_cluster49-be41a9b77649e6daa991473b89d1af5b,-0.005467468882184717,-0.03706802132233822,
twitter_cluster49,799295267,0.1,1,533,free-mem,TINYLFU,,219664.151064466,,0.1831156207759703,0,50000,0,twitter_cluster49-731413084ee7bc124af054314313c38d,0.0,-0.0316005524401535,
twitter_cluster49,799295267,0.1,1,533,disabled,TINYLFU,,267640.0745119444,,0.1831156207759703,0,50000,0,twitter_cluster49-a09d03d072ee1d2f4aea9190cb9a68ac,0.0,-0.0316005524401535,
twitter_cluster49,799295267,0.1,1,533,marginal-hits,TINYLFU,,320667.7784816116,15982.0,0.1569249690052274,15982,50000,0,twitter_cluster49-f2737521cb1de7960a1a508afd38fa77,0.026190651770742895,-0.0054099006694106055,
twitter_cluster5,10458446348,0.01,1,1706,tail-age,LRU,,284023.8513425477,65.0,0.2317417172067324,65,50000,0,twitter_cluster5-4f3d30ca03b2822ae53eccff99cddb34,-0.0017731467354656916,-0.0017731467354656916,
twitter_cluster5,10458446348,0.01,1,1706,marginal-hits,LRU,,303692.0459150134,166249.0,0.2248160317282339,166249,50000,0,twitter_cluster5-0fe7b58c23f345dff26c23abc88a130f,0.005152538743032814,0.005152538743032814,
twitter_cluster5,10458446348,0.01,1,1706,disabled,LRU,,509391.3720369546,,0.2299685704712667,0,50000,0,twitter_cluster5-2cae2b3ab2435358bb01e23f29139ecf,0.0,0.0,
twitter_cluster5,10458446348,0.01,1,1706,free-mem,LRU,,493426.49126642,,0.2299685704712667,0,50000,0,twitter_cluster5-ff6ad8949fad5985e53197b7283ad7eb,0.0,0.0,
twitter_cluster5,10458446348,0.01,1,1706,marginal-hits-tuned,LRU,,298990.40287404205,921.0,0.2213707970536887,921,50000,0,twitter_cluster5-0baee16d342bb70b7ff907b56525cab9,0.008597773417578003,0.008597773417578003,0.003445234674545189
twitter_cluster5,10458446348,0.01,1,1706,hits,LRU,,297978.8318281193,554.0,0.2213650525101876,554,50000,0,twitter_cluster5-65fbd50e459cb8a63b196e319693bdc6,0.00860351796107911,0.00860351796107911,
twitter_cluster5,10458446348,0.01,1,1706,hits,LRU2Q,,299435.2614977824,550.0,0.2176089421193252,550,50000,0,twitter_cluster5-0e996e3eec331ed5b38c894f8e6c790f,0.00863877883900771,0.012359628351941515,
twitter_cluster5,10458446348,0.01,1,1706,tail-age,LRU2Q,,525853.9781194543,1116.0,0.2156328327324895,1116,50000,0,twitter_cluster5-a35524b2f7fd2d5338259dbd4ac6dd91,0.010614888225843389,0.014335737738777193,
twitter_cluster5,10458446348,0.01,1,1706,marginal-hits-tuned,LRU2Q,cold,458377.7609640792,1153.0,0.2154776142663824,1153,50000,0,twitter_cluster5-c719aa360443b48dae94c2d05c3bcaa7,0.010770106691950498,0.014490956204884303,0.009632629326368797
twitter_cluster5,10458446348,0.01,1,1706,marginal-hits-tuned,LRU2Q,warm-cold,292506.01714025147,1273.0,0.2165090334314348,1273,50000,0,twitter_cluster5-6d40a950cf04ccf5af20656294fed0ff,0.009738687526898104,0.01345953703983191,0.018690968189302992
twitter_cluster5,10458446348,0.01,1,1706,disabled,LRU2Q,,523230.9644261855,,0.2262477209583329,0,50000,0,twitter_cluster5-4e3066315e798d62ac05108d5f42f52c,0.0,0.003720849512933805,
twitter_cluster5,10458446348,0.01,1,1706,marginal-hits,LRU2Q,warm-cold,289082.8116233353,197496.0,0.2352000016207378,197496,50000,0,twitter_cluster5-c4dbc8924488ece6a49a5d7f01be3d61,-0.008952280662404888,-0.005231431149471083,
twitter_cluster5,10458446348,0.01,1,1706,marginal-hits,LRU2Q,cold,302262.22196145024,113532.0,0.2251102435927512,113532,50000,0,twitter_cluster5-8486f98e958b73d3f4e1b57762712714,0.0011374773655817016,0.0048583268785155065,
twitter_cluster5,10458446348,0.01,1,1706,free-mem,LRU2Q,,523820.7975885541,,0.2262477209583329,0,50000,0,twitter_cluster5-c3b66ced24230047da1f83d8989c39ed,0.0,0.003720849512933805,
twitter_cluster5,10458446348,0.01,1,1706,hits,TINYLFU,,457768.4388392975,566.0,0.220240444264504,566,50000,0,twitter_cluster5-dd7923b24c636c3cae16248ef37e6713,0.009297416056314595,0.009728126206762694,
twitter_cluster5,10458446348,0.01,1,1706,marginal-hits,TINYLFU,,478228.7275888117,167683.0,0.2246091974692989,167683,50000,0,twitter_cluster5-fc30736804c342bd3d530993a15fd188,0.004928662851519716,0.005359373001967815,
twitter_cluster5,10458446348,0.01,1,1706,tail-age,TINYLFU,,380959.8868074276,40306.0,0.2338606794562484,40306,50000,0,twitter_cluster5-9d63e4135d934d530e9a0c4bc84c50cb,-0.004322819135429784,-0.0038921089849816848,
twitter_cluster5,10458446348,0.01,1,1706,marginal-hits-tuned,TINYLFU,,237262.39262234297,573.0,0.2225039809517221,573,50000,0,twitter_cluster5-2c569f4435354c9711bffbcd78ab15af,0.007033879369096496,0.0074645895195445955,0.00210521651757678
twitter_cluster5,10458446348,0.01,1,1706,free-mem,TINYLFU,,258670.9611808024,,0.2295378603208186,0,50000,0,twitter_cluster5-3f60c655d1f4006ad6b4215b1615631f,0.0,0.00043071015044809924,
twitter_cluster5,10458446348,0.01,1,1706,disabled,TINYLFU,,466634.1925445237,,0.2295378603208186,0,50000,0,twitter_cluster5-d973bee9b3d26048f98f39b68309e765,0.0,0.00043071015044809924,
twitter_cluster5,10458446348,0.1,1,17052,disabled,LRU,,131952.7760508256,,0.2087650619747674,0,50000,0,twitter_cluster5-75fa7a302017d4e3081e6c1314113760,0.0,0.0,
twitter_cluster5,10458446348,0.1,1,17052,tail-age,LRU,,112124.96221134553,5.0,0.2087667207297509,5,50000,0,twitter_cluster5-8793d8c57ddf99be465fbd53bfc41446,-1.6587549834801152e-06,-1.6587549834801152e-06,
twitter_cluster5,10458446348,0.1,1,17052,marginal-hits,LRU,,139027.82390175472,76611.0,0.2023896647330202,76611,50000,0,twitter_cluster5-cc952bbef8944012f8e20a83e1f3f46d,0.0063753972417472105,0.0063753972417472105,
twitter_cluster5,10458446348,0.1,1,17052,free-mem,LRU,,111959.2286373145,,0.2087650619747674,0,50000,0,twitter_cluster5-cf4d601eb523f61ae3027389955b90e9,0.0,0.0,
twitter_cluster5,10458446348,0.1,1,17052,marginal-hits-tuned,LRU,,121629.3258109018,213.0,0.2084921683818729,213,50000,0,twitter_cluster5-92c024b8dcab2906adb15da7ebae1f7f,0.00027289359289450754,0.00027289359289450754,-0.006102503648852703
twitter_cluster5,10458446348,0.1,1,17052,hits,LRU,,141635.8160879672,5569.0,0.2033676335115239,5569,50000,0,twitter_cluster5-ba2ec2f3b4bb5e50373c2b4bf41fba97,0.005397428463243509,0.005397428463243509,
twitter_cluster5,10458446348,0.1,1,17052,hits,LRU2Q,,121534.5123324316,5569.0,0.2025570035462403,5569,50000,0,twitter_cluster5-a59d729b8787311ca90c5e9e2d974c04,0.004095875771088303,0.006208058428527119,
twitter_cluster5,10458446348,0.1,1,17052,marginal-hits-tuned,LRU2Q,cold,118141.14843644816,220.0,0.2063945957338863,220,50000,0,twitter_cluster5-42dff1d8cc38c76e0f4fc14e7c56d342,0.0002582835834422925,0.0023704662408811084,-0.0045495578804684855
twitter_cluster5,10458446348,0.1,1,17052,tail-age,LRU2Q,,108392.08673797482,3492.0,0.204468457822986,3492,50000,0,twitter_cluster5-7a2c7fae4abb7d4f3be24ad47c3ede3d,0.0021844214943425866,0.004296604151781402,
twitter_cluster5,10458446348,0.1,1,17052,marginal-hits,LRU2Q,warm-cold,137600.29899846358,29924.0,0.2032737052197573,29924,50000,0,twitter_cluster5-f971ff8059de588acc343b76194bb5f3,0.003379174097571297,0.005491356755010113,
twitter_cluster5,10458446348,0.1,1,17052,disabled,LRU2Q,,116438.30746997712,,0.2066528793173286,0,50000,0,twitter_cluster5-7887cc0bdd49c81a4b1663fc1fe016f6,0.0,0.002112182657438816,
twitter_cluster5,10458446348,0.1,1,17052,marginal-hits,LRU2Q,cold,162626.36933942814,20341.0,0.2018450378534178,20341,50000,0,twitter_cluster5-c01ce6dc1894dc417734c06dcbf171d5,0.004807841463910778,0.006920024121349594,
twitter_cluster5,10458446348,0.1,1,17052,marginal-hits-tuned,LRU2Q,warm-cold,116963.58814897746,26.0,0.2066433513246723,26,50000,0,twitter_cluster5-2bbdd08eecc51ef4e559f7c6339107ab,9.527992656299666e-06,0.0021217106500951155,-0.0033696461049149973
twitter_cluster5,10458446348,0.1,1,17052,free-mem,LRU2Q,,113259.95559942428,,0.2066528793173286,0,50000,0,twitter_cluster5-cc920a62a5b54c9e166909c787e7f37f,0.0,0.002112182657438816,
twitter_cluster50,139655585,0.01,1,415,tail-age,LRU,,404483.07973170414,65.0,0.6085208407526272,65,50000,24,twitter_cluster50-d0cec023e9fa41ace26f188d1a94edc4,0.007577999834378235,0.007577999834378235,
twitter_cluster50,139655585,0.01,1,415,marginal-hits,LRU,,419133.60577546887,2792.0,0.2885016234760679,2792,50000,24,twitter_cluster50-0a5ce8f3897b6c1535b68f16b97719e0,0.3275972171109376,0.3275972171109376,
twitter_cluster50,139655585,0.01,1,415,free-mem,LRU,,353970.29642928607,3.0,0.6159073552267889,3,50000,24,twitter_cluster50-889417ae5cc3a027ada47f2fe85b5962,0.00019148536021662554,0.00019148536021662554,
twitter_cluster50,139655585,0.01,1,415,marginal-hits-tuned,LRU,,449248.83657835616,182.0,0.3185532751876697,182,50000,24,twitter_cluster50-0aae05d8b5e5b5fe3093c10e90c33555,0.2975455653993358,0.2975455653993358,-0.03005165171160179
twitter_cluster50,139655585,0.01,1,415,hits,LRU,,386919.0675494707,375.0,0.2918346588143968,375,50000,24,twitter_cluster50-11c54bbf0e13866194212c14f84c5c24,0.3242641817726087,0.3242641817726087,
twitter_cluster50,139655585,0.01,1,415,disabled,LRU,,381648.1651144512,,0.6160988405870055,0,50000,44080,twitter_cluster50-162bab950538b581e0895a51d9863746,0.0,0.0,
twitter_cluster50,139655585,0.01,1,415,marginal-hits,LRU2Q,cold,408134.8298371709,2792.0,0.2908836621177735,2792,50000,24,twitter_cluster50-d4c36567a4b20806ef285ad0e42b699a,0.3227228971902556,0.325215178469232,
twitter_cluster50,139655585,0.01,1,415,marginal-hits-tuned,LRU2Q,warm-cold,433769.5977837828,815.0,0.2784625620235668,815,50000,24,twitter_cluster50-a360ce877a862c4752579acb9b2aa2fc,0.3351439972844623,0.3376362785634387,0.0006918663510664391
twitter_cluster50,139655585,0.01,1,415,free-mem,LRU2Q,,354580.2865635356,3.0,0.6134201793648282,3,50000,24,twitter_cluster50-78eef7aca2cef3b98f154b9ea9692379,0.00018637994320092055,0.002678661222177303,
twitter_cluster50,139655585,0.01,1,415,marginal-hits,LRU2Q,warm-cold,481325.8389827042,2792.0,0.2791544283746332,2792,50000,24,twitter_cluster50-3aa4959cc377c7fd06cedf94407cb86a,0.3344521309333959,0.33694441221237226,
twitter_cluster50,139655585,0.01,1,415,marginal-hits-tuned,LRU2Q,cold,446413.2997271116,385.0,0.290996231908663,385,50000,24,twitter_cluster50-6c6d2ec160ece812851040bb5044edaf,0.3226103273993661,0.3251026086783425,-0.00011256979088947183
twitter_cluster50,139655585,0.01,1,415,disabled,LRU2Q,,361834.3115265942,,0.6136065593080291,0,50000,44080,twitter_cluster50-8ca4c52bc41a6e82dc3c3220452f5542,0.0,0.0024922812789763826,
twitter_cluster50,139655585,0.01,1,415,tail-age,LRU2Q,,417025.1730658972,1109.0,0.4578852682475964,1109,50000,24,twitter_cluster50-3b90ed4e359ce94d4e157a9afcc01a58,0.1557212910604327,0.15821357233940908,
twitter_cluster50,139655585,0.01,1,415,hits,LRU2Q,,398765.1919098904,362.0,0.286704423600388,362,50000,24,twitter_cluster50-a353185c6ad3e6f150d554b8a757b7a3,0.3269021357076411,0.3293944169866175,
twitter_cluster50,139655585,0.01,1,415,marginal-hits,TINYLFU,,409729.3190152002,2792.0,0.2803946079206212,2792,50000,24,twitter_cluster50-d90c5bd1f820a18c335613c06ba6192c,0.329997557920795,0.3357042326663843,
twitter_cluster50,139655585,0.01,1,415,tail-age,TINYLFU,,344364.14362440014,2743.0,0.5492636187804447,2743,50000,24,twitter_cluster50-212d5f7d0b4b087ef386e76b48f7224d,0.06112854706097148,0.06683522180656076,
twitter_cluster50,139655585,0.01,1,415,marginal-hits-tuned,TINYLFU,,348833.2316806169,620.0,0.2852999398484493,620,50000,24,twitter_cluster50-c790958a4614bd42afdb59fff4317edb,0.3250922259929669,0.33079890073855617,-0.004905331927828105
twitter_cluster50,139655585,0.01,1,415,disabled,TINYLFU,,356443.9815969937,,0.6103921658414162,0,50000,44080,twitter_cluster50-c7cd5a55ef3bbeb4c0fd3746e611c51e,0.0,0.00570667474558928,
twitter_cluster50,139655585,0.01,1,415,free-mem,TINYLFU,,375928.4192155131,3.0,0.610176420799784,3,50000,24,twitter_cluster50-45817c47ce4715b59cdce32161c851b3,0.00021574504163224262,0.005922419787221522,
twitter_cluster50,139655585,0.01,1,415,hits,TINYLFU,,437658.5565220299,478.0,0.2872000428769103,478,50000,24,twitter_cluster50-87f88993ed470a47c61899ea29cf23c2,0.3231921229645059,0.32889879771009517,
twitter_cluster50,139655585,0.1,1,4149,disabled,LRU,,481498.9135436984,,0.2911187977194038,0,50000,0,twitter_cluster50-db00748def835f9a96bc81a67fdd154e,0.0,0.0,
twitter_cluster50,139655585,0.1,1,4149,tail-age,LRU,,449284.3243053975,1420.0,0.2313345005142472,1420,50000,0,twitter_cluster50-b289ffc4c305c06030acdd4028814590,0.0597842972051566,0.0597842972051566,
twitter_cluster50,139655585,0.1,1,4149,marginal-hits,LRU,,558434.6632663968,2787.0,0.1050854428772039,2787,50000,0,twitter_cluster50-f9deef73f2364d9c70785b8ae1fd2fc1,0.1860333548421999,0.1860333548421999,
twitter_cluster50,139655585,0.1,1,4149,hits,LRU,,487788.7729966128,341.0,0.1116961487791555,341,50000,0,twitter_cluster50-fe5bea19167efd0c4dc0981843bbb77d,0.17942264894024829,0.17942264894024829,
twitter_cluster50,139655585,0.1,1,4149,free-mem,LRU,,482555.1425669448,,0.2911187977194038,0,50000,0,twitter_cluster50-cf1ced2034da247086ea2c3d3291748d,0.0,0.0,
twitter_cluster50,139655585,0.1,1,4149,marginal-hits-tuned,LRU,,455680.1098043634,1031.0,0.1053452176653013,1031,50000,0,twitter_cluster50-4fa1523362e72a1b76e29fba7c82f0d4,0.1857735800541025,0.1857735800541025,-0.00025977478809741106
twitter_cluster50,139655585,0.1,1,4149,marginal-hits-tuned,LRU2Q,cold,345676.76274542784,1048.0,0.1033017404925123,1048,50000,0,twitter_cluster50-a5bd0034a086bd2f70dcfaa6db36248f,0.18106459544743592,0.18781705722689152,2.664411881560247e-05
twitter_cluster50,139655585,0.1,1,4149,marginal-hits-tuned,LRU2Q,warm-cold,399993.59040502296,925.0,0.1031995533869984,925,50000,0,twitter_cluster50-3962668d8f7e4f730564de1d082ba520,0.1811667825529498,0.1879192443324054,0.0003174953583130885
twitter_cluster50,139655585,0.1,1,4149,free-mem,LRU2Q,,318926.8155757004,,0.2843663359399482,0,50000,0,twitter_cluster50-db743dc1fe3d04cd6512523d262cc6c4,0.0,0.0067524617794555986,
twitter_cluster50,139655585,0.1,1,4149,marginal-hits,LRU2Q,cold,483073.1807099343,2787.0,0.1033283846113279,2787,50000,0,twitter_cluster50-f5d232b5c9996ad2fb9186c772b98dac,0.1810379513286203,0.1877904131080759,
twitter_cluster50,139655585,0.1,1,4149,disabled,LRU2Q,,519702.1764836465,,0.2843663359399482,0,50000,0,twitter_cluster50-a50d9cb0b189f734556ef0a2afb07528,0.0,0.0067524617794555986,
twitter_cluster50,139655585,0.1,1,4149,tail-age,LRU2Q,,463223.5733678367,1212.0,0.2389673853716627,1212,50000,0,twitter_cluster50-6651673fe5013b43055a356d0ecc1f9c,0.045398950568285495,0.052151412347741094,
twitter_cluster50,139655585,0.1,1,4149,hits,LRU2Q,,295688.1626086833,341.0,0.1100166885556349,341,50000,0,twitter_cluster50-505ab2f40579ab8b92f466b0f59439f7,0.1743496473843133,0.1811021091637689,
twitter_cluster50,139655585,0.1,1,4149,marginal-hits,LRU2Q,warm-cold,551847.1329089188,2787.0,0.1035170487453115,2787,50000,0,twitter_cluster50-0362fa7f4b75fd80938bb690e936b2d6,0.18084928719463672,0.18760174897409232,
twitter_cluster50,139655585,0.1,1,4149,marginal-hits,TINYLFU,,454352.4556227734,2787.0,0.1190250286087735,2787,50000,0,twitter_cluster50-3c1eb6b25dc37d0da04cf1351059f0e6,0.19475668660154188,0.1720937691106303,
twitter_cluster50,139655585,0.1,1,4149,marginal-hits-tuned,TINYLFU,,283281.1010332062,1240.0,0.1186060407107957,1240,50000,0,twitter_cluster50-727061d7eeda88522d01fc12b7b09dbc,0.1951756744995197,0.1725127570086081,0.0004189878979777989
twitter_cluster50,139655585,0.1,1,4149,tail-age,TINYLFU,,450715.6337286902,2786.0,0.267040176015875,2786,50000,0,twitter_cluster50-0a4eac8b0664e38825bd653e479f8594,0.04674153919444041,0.024078621703528813,
twitter_cluster50,139655585,0.1,1,4149,hits,TINYLFU,,423579.9757851982,339.0,0.1247969567418302,339,50000,0,twitter_cluster50-cd8dcaa5e90947ece929db4648567729,0.1889847584684852,0.1663218409775736,
twitter_cluster50,139655585,0.1,1,4149,disabled,TINYLFU,,293073.3979669846,,0.3137817152103154,0,50000,0,twitter_cluster50-7906c7665615ccc40d7dcf6c40f56086,0.0,-0.022662917490911594,
twitter_cluster50,139655585,0.1,1,4149,free-mem,TINYLFU,,396466.1330851701,,0.3137817152103154,0,50000,0,twitter_cluster50-4fef3581ab8533d93a12c7e1bc0fc639,0.0,-0.022662917490911594,
twitter_cluster51,6322932555,0.1,1,62,marginal-hits,LRU,,525386.7702487637,106081.0,0.0189831922064523,106081,50000,0,twitter_cluster51-b5729769523ff6332dd72115b68e5f03,0.0366556403984923,0.0366556403984923,
twitter_cluster51,6322932555,0.1,1,62,marginal-hits-tuned,LRU,,721604.3693337197,186.0,0.0083511811237404,186,50000,0,twitter_cluster51-0f7d581a428c3fbdac65e63d2e547756,0.0472876514812042,0.0472876514812042,0.010632011082711898
twitter_cluster51,6322932555,0.1,1,62,tail-age,LRU,,686654.8393134084,42.0,0.0090395515850951,42,50000,0,twitter_cluster51-7873d18f5e6a54429725484e485a5e87,0.0465992810198495,0.0465992810198495,
twitter_cluster51,6322932555,0.1,1,62,disabled,LRU,,722372.7450650684,,0.0556388326049446,0,50000,0,twitter_cluster51-c7e534a189da3961cab2cf85b68470ee,0.0,0.0,
twitter_cluster51,6322932555,0.1,1,62,free-mem,LRU,,590525.3870716966,,0.0556388326049446,0,50000,0,twitter_cluster51-99c2d4f34f4a3330b38d0f6b2aabd691,0.0,0.0,
twitter_cluster51,6322932555,0.1,1,62,hits,LRU,,722877.7065603076,69.0,0.0093390689346045,69,50000,0,twitter_cluster51-d71c21fd8a557ed4f28bb4675dd7b3c1,0.0462997636703401,0.0462997636703401,
twitter_cluster51,6322932555,0.1,1,62,marginal-hits,LRU2Q,warm-cold,667270.8681232509,112140.0,0.0169328103801037,112140,50000,0,twitter_cluster51-97ac3097e9978f92f4f661623c657c29,0.0357432004902985,0.0387060222248409,
twitter_cluster51,6322932555,0.1,1,62,hits,LRU2Q,,589952.934479521,83.0,0.0091824539475891,83,50000,0,twitter_cluster51-786291e4b460c84ef9923fdde586bea1,0.0434935569228131,0.0464563786573555,
twitter_cluster51,6322932555,0.1,1,62,marginal-hits,LRU2Q,cold,686722.599297734,117297.0,0.0170096660156451,117297,50000,0,twitter_cluster51-eda06ac019e2d58eca73285b696af8e2,0.0356663448547571,0.038629166589299505,
twitter_cluster51,6322932555,0.1,1,62,tail-age,LRU2Q,,585767.9924359724,42.0,0.0106741786999814,42,50000,0,twitter_cluster51-4d30a94a891ecf51da568867fc717074,0.0420018321704208,0.0449646539049632,
twitter_cluster51,6322932555,0.1,1,62,free-mem,LRU2Q,,687440.3705684183,,0.0526760108704022,0,50000,0,twitter_cluster51-ec81e6f3a999a053449ad516f1eeb399,0.0,0.0029628217345424035,
twitter_cluster51,6322932555,0.1,1,62,marginal-hits-tuned,LRU2Q,cold,722766.1782013848,131.0,0.0067373744112315,131,50000,0,twitter_cluster51-dd4cfb27fb871353005cfe2e17310637,0.0459386364591707,0.0489014581937131,0.010272291604413598
twitter_cluster51,6322932555,0.1,1,62,disabled,LRU2Q,,723305.2968655643,,0.0526760108704022,0,50000,0,twitter_cluster51-a41b0cc354f60dfaf9cf26ec6b85bfb0,0.0,0.0029628217345424035,
twitter_cluster51,6322932555,0.1,1,62,marginal-hits-tuned,LRU2Q,warm-cold,668516.4717288434,196.0,0.006991209793159,196,50000,0,twitter_cluster51-ffe184f7af62cabf3c188f09e85ee1c2,0.045684801077243195,0.0486476228117856,0.009941600586944701
twitter_cluster51,6322932555,0.1,1,62,disabled,TINYLFU,,548375.4964094755,,0.05380477065677,0,50000,0,twitter_cluster51-a99468dca829b777371e9f14536ed4e8,0.0,0.0018340619481745993,
twitter_cluster51,6322932555,0.1,1,62,free-mem,TINYLFU,,698430.9356802065,,0.05380477065677,0,50000,0,twitter_cluster51-9e7b9ca58722ab94ed1b1972643a615c,0.0,0.0018340619481745993,
twitter_cluster51,6322932555,0.1,1,62,marginal-hits-tuned,TINYLFU,,467894.7610197684,195.0,0.007640627601159,195,50000,0,twitter_cluster51-6817050bba907a84a1963dd291addf8d,0.046164143055611,0.0479982050037856,0.011579862407689401
twitter_cluster51,6322932555,0.1,1,62,tail-age,TINYLFU,,585986.0636805769,3642.0,0.0098440638831074,3642,50000,0,twitter_cluster51-dbdc9e76208df333cd0404b24187f4e6,0.0439607067736626,0.0457947687218372,
twitter_cluster51,6322932555,0.1,1,62,marginal-hits,TINYLFU,,667989.7389369281,106499.0,0.0192204900088484,106499,50000,0,twitter_cluster51-0c1e58b04c0da2528a71c434299d6a4d,0.0345842806479216,0.0364183425960962,
twitter_cluster51,6322932555,0.1,1,62,hits,TINYLFU,,719047.3777313908,70.0,0.0087596148651312,70,50000,0,twitter_cluster51-1f515dba73e5ed196d739104d26f7671,0.0450451557916388,0.0468792177398134,
twitter_cluster52,13426570607,0.01,1,360,tail-age,LRU,,333172.5984394436,136.0,0.1234618532550498,136,50000,0,twitter_cluster52-b9f9bab182a0ee5d3299492676387a4b,0.003435950128318599,0.003435950128318599,
twitter_cluster52,13426570607,0.01,1,360,marginal-hits,LRU,,670149.6746296897,268384.0,0.1141641010848184,268384,50000,0,twitter_cluster52-6bc56fc7855964d6e865d81e96189cfb,0.01273370229854999,0.01273370229854999,
twitter_cluster52,13426570607,0.01,1,360,disabled,LRU,,681979.284838987,,0.1268978033833684,0,50000,0,twitter_cluster52-c8fbdeb8b6d69ed1583873d1ab627edc,0.0,0.0,
twitter_cluster52,13426570607,0.01,1,360,free-mem,LRU,,685183.452425737,,0.1268978033833684,0,50000,0,twitter_cluster52-6feea904fed18d0405e96db06ab236bb,0.0,0.0,
twitter_cluster52,13426570607,0.01,1,360,marginal-hits-tuned,LRU,,621202.2354120582,430.0,0.1093833012157487,430,50000,0,twitter_cluster52-90f4b94a8635ca00bc3161edf4233e55,0.017514502167619697,0.017514502167619697,0.004780799869069707
twitter_cluster52,13426570607,0.01,1,360,hits,LRU,,301257.4834182539,2417.0,0.1088028444313531,2417,50000,0,twitter_cluster52-0d6d67e7c10a3a59d00de05a738bebc1,0.018094958952015294,0.018094958952015294,
twitter_cluster52,13426570607,0.01,1,360,free-mem,LRU2Q,,669506.0280898168,,0.1169958652122999,0,50000,0,twitter_cluster52-d6a1936f880fdacbcfb6d5c76296d251,0.0,0.009901938171068492,
twitter_cluster52,13426570607,0.01,1,360,marginal-hits-tuned,LRU2Q,warm-cold,666856.2042589504,586.0,0.0997725598152064,586,50000,0,twitter_cluster52-e2b305815dbb94e7081b46dcb820e094,0.017223305397093505,0.027125243568161997,0.0196102683035628
twitter_cluster52,13426570607,0.01,1,360,marginal-hits,LRU2Q,cold,423074.59772996913,268384.0,0.1140418123002837,268384,50000,0,twitter_cluster52-f061d7ea62119e2c89345f69339ea9e2,0.0029540529120162112,0.012855991083084703,
twitter_cluster52,13426570607,0.01,1,360,marginal-hits,LRU2Q,warm-cold,633728.5134577292,268384.0,0.1193828281187692,268384,50000,0,twitter_cluster52-e94da6b42244062b95fcb01c06684080,-0.002386962906469295,0.007514975264599197,
twitter_cluster52,13426570607,0.01,1,360,disabled,LRU2Q,,675601.1362386941,,0.1169958652122999,0,50000,0,twitter_cluster52-6debfdcb11a4fad551eb1109023e997f,0.0,0.009901938171068492,
twitter_cluster52,13426570607,0.01,1,360,marginal-hits-tuned,LRU2Q,cold,637976.25522976,701.0,0.1108162774062563,701,50000,0,twitter_cluster52-f76cd7e621e13aa0ac845a308773e3cc,0.006179587806043607,0.0160815259771121,0.003225534894027396
twitter_cluster52,13426570607,0.01,1,360,tail-age,LRU2Q,,560637.1275383837,707.0,0.1109223926639571,707,50000,0,twitter_cluster52-5745a38636c3401c1c384b53418e04ea,0.006073472548342798,0.01597541071941129,
twitter_cluster52,13426570607,0.01,1,360,hits,LRU2Q,,344543.4307245084,2277.0,0.1013969345448659,2277,50000,0,twitter_cluster52-84b2ebbbee8a74ebb02c7c327a5bfcb0,0.015598930667434008,0.0255008688385025,
twitter_cluster52,13426570607,0.01,1,360,disabled,TINYLFU,,585819.7993632889,,0.125558472401068,0,50000,0,twitter_cluster52-783cf6ff4fe4077cf34ccea9beb049f7,0.0,0.0013393309823004074,
twitter_cluster52,13426570607,0.01,1,360,marginal-hits-tuned,TINYLFU,,389437.1732415364,338.0,0.1089772471934984,338,50000,0,twitter_cluster52-9fc4d3d76dc757ffbeca4bc6e199b979,0.01658122520756959,0.01792055618987,0.0045461882849055085
twitter_cluster52,13426570607,0.01,1,360,marginal-hits,TINYLFU,,616794.9751145766,268384.0,0.1135234354784039,268384,50000,0,twitter_cluster52-9a15531109c8b52c7ec1c7a62dcfbdc2,0.012035036922664083,0.01337436790496449,
twitter_cluster52,13426570607,0.01,1,360,hits,TINYLFU,,576051.071996409,2552.0,0.1044882415669554,2552,50000,0,twitter_cluster52-864959b80790019c9f36ca2a074a6579,0.021070230834112594,0.022409561816413,
twitter_cluster52,13426570607,0.01,1,360,free-mem,TINYLFU,,307653.1352963407,,0.125558472401068,0,50000,0,twitter_cluster52-b78e404c6b8f90c32e1b77b3c351773b,0.0,0.0013393309823004074,
twitter_cluster52,13426570607,0.01,1,360,tail-age,TINYLFU,,560571.5748729571,123569.0,0.1241204911350301,123569,50000,0,twitter_cluster52-d2c779da45ab759b5b15dae58cd31055,0.001437981266037891,0.0027773122483382984,
twitter_cluster52,13426570607,0.1,1,3598,hits,LRU,,502178.7026929139,8469.0,0.0543884089522667,8469,50000,0,twitter_cluster52-519bb2d99f79f060316799e0f0a944a8,0.007219331044180696,0.007219331044180696,
twitter_cluster52,13426570607,0.1,1,3598,disabled,LRU,,311567.8392176172,,0.0616077399964474,0,50000,0,twitter_cluster52-4c6474db24cdc2a41c07022c44e920b0,0.0,0.0,
twitter_cluster52,13426570607,0.1,1,3598,free-mem,LRU,,558806.5542317521,,0.0616077399964474,0,50000,0,twitter_cluster52-acb04ea846e9f81b3cbb6b10be051532,0.0,0.0,
twitter_cluster52,13426570607,0.1,1,3598,marginal-hits,LRU,,307671.2586003836,265430.0,0.0763013466347013,265430,50000,0,twitter_cluster52-cf300fc96f8860195a62f9d683b67f06,-0.014693606638253899,-0.014693606638253899,
twitter_cluster52,13426570607,0.1,1,3598,tail-age,LRU,,549012.8560810444,380.0,0.0616888540822314,380,50000,0,twitter_cluster52-1e389b082f14e863201bf9dbbd24a835,-8.111408578399815e-05,-8.111408578399815e-05,
twitter_cluster52,13426570607,0.1,1,3598,marginal-hits-tuned,LRU,,291248.2494752855,1204.0,0.0544131188361016,1204,50000,0,twitter_cluster52-65a344774376772ff267894ea944a54e,0.007194621160345797,0.007194621160345797,0.021888227798599696
twitter_cluster52,13426570607,0.1,1,3598,hits,LRU2Q,,588388.3380799758,8407.0,0.0517226546768347,8407,50000,0,twitter_cluster52-959abcca41bddd06f5207a7a876d22cd,0.006184009635097104,0.0098850853196127,
twitter_cluster52,13426570607,0.1,1,3598,tail-age,LRU2Q,,435475.156807476,1499.0,0.0534968585817082,1499,50000,0,twitter_cluster52-f91df0fe704f9bf97871092ec0cb0582,0.0044098057302236066,0.008110881414739202,
twitter_cluster52,13426570607,0.1,1,3598,free-mem,LRU2Q,,310698.7048508644,,0.0579066643119318,0,50000,0,twitter_cluster52-39b967170402141f28f00c4125314d1e,0.0,0.003701075684515595,
twitter_cluster52,13426570607,0.1,1,3598,marginal-hits,LRU2Q,warm-cold,283750.3898032136,265417.0,0.0762739414982171,265417,50000,0,twitter_cluster52-39f2e0cf18e4368d48d4f251648087bb,-0.0183672771862853,-0.014666201501769706,
twitter_cluster52,13426570607,0.1,1,3598,marginal-hits-tuned,LRU2Q,cold,545842.1750819255,2796.0,0.0491687931582334,2796,50000,0,twitter_cluster52-725b87afda192b87fa54de2c3b3217a8,0.008737871153698402,0.012438946838213998,0.0308383602276021
twitter_cluster52,13426570607,0.1,1,3598,disabled,LRU2Q,,313727.7026025379,,0.0579066643119318,0,50000,0,twitter_cluster52-703f1ca2a7e9e4d96bdfb6f349b9cbbf,0.0,0.003701075684515595,
twitter_cluster52,13426570607,0.1,1,3598,marginal-hits-tuned,LRU2Q,warm-cold,551426.8666656426,2609.0,0.0495939190646971,2609,50000,0,twitter_cluster52-faa81fc9148c49a050337a0fb0a463b8,0.008312745247234701,0.012013820931750296,0.026680022433520002
twitter_cluster52,13426570607,0.1,1,3598,marginal-hits,LRU2Q,cold,583643.7310687182,265378.0,0.0800071533858355,265378,50000,0,twitter_cluster52-6b32b7490bfa390144d8403b4cd7f102,-0.022100489073903697,-0.0183994133893881,
twitter_cluster52,13426570607,0.1,1,3598,hits,TINYLFU,,323714.3843595183,8399.0,0.0527978626672111,8399,50000,0,twitter_cluster52-308b4db5f526a60ec066d351ee3bc492,0.007564102999395202,0.008809877329236299,
twitter_cluster52,13426570607,0.1,1,3598,marginal-hits-tuned,TINYLFU,,322684.5514052171,1131.0,0.0523668907407697,1131,50000,0,twitter_cluster52-8ac34595082cb96b1713de07138a7c71,0.0079950749258366,0.009240849255677697,0.022543174266867395
twitter_cluster52,13426570607,0.1,1,3598,free-mem,TINYLFU,,513616.27105905896,,0.0603619656666063,0,50000,0,twitter_cluster52-4b24f0520361d8ae121347d3c5c30d39,0.0,0.001245774329841097,
twitter_cluster52,13426570607,0.1,1,3598,disabled,TINYLFU,,510408.9406356836,,0.0603619656666063,0,50000,0,twitter_cluster52-a14114633f9c77d942062e8720591863,0.0,0.001245774329841097,
twitter_cluster52,13426570607,0.1,1,3598,marginal-hits,TINYLFU,,555080.9032583906,265428.0,0.0749100650076371,265428,50000,0,twitter_cluster52-78dae41e442547ed978d0f34f8caecea,-0.014548099341030796,-0.013302325011189699,
twitter_cluster52,13426570607,0.1,1,3598,tail-age,TINYLFU,,237163.0214035909,60906.0,0.0602998256738694,60906,50000,0,twitter_cluster52-b0451841a988e67c8603b6a2aedd41bb,6.213999273690235e-05,0.0013079143225779993,
twitter_cluster53,246508262,0.01,1,107,marginal-hits-tuned,LRU,,415367.6364147208,177.0,0.1827185167530003,177,50000,4,twitter_cluster53-8597d35aa49f289f5f55eac60f1098b9,0.12874607423908582,0.12874607423908582,-0.0016516038720033044
twitter_cluster53,246508262,0.01,1,107,free-mem,LRU,,394692.4928912793,1.0,0.3116601300771006,1,50000,4,twitter_cluster53-4a77b093e7d35467084ad0fe8d1a36bf,-0.00019553908501446227,-0.00019553908501446227,
twitter_cluster53,246508262,0.01,1,107,hits,LRU,,394557.5154747292,123.0,0.2302662374861902,123,50000,4,twitter_cluster53-f0f2acb6b711f659ed3b3157604d5bb4,0.08119835350589591,0.08119835350589591,
twitter_cluster53,246508262,0.01,1,107,disabled,LRU,,425587.1579101996,,0.3114645909920861,0,50000,30334,twitter_cluster53-d6e6b03f2efd37fb3b00b8512835e6d5,0.0,0.0,
twitter_cluster53,246508262,0.01,1,107,marginal-hits,LRU,,461355.7487578105,4929.0,0.181066912880997,4929,50000,4,twitter_cluster53-a39e27c94229ec2c6ee94230d947cc17,0.13039767811108913,0.13039767811108913,
twitter_cluster53,246508262,0.01,1,107,tail-age,LRU,,438206.0210494162,1.0,0.3132743599482276,1,50000,4,twitter_cluster53-90dd11dd7ce61107ebb62185bd199c4a,-0.0018097689561414887,-0.0018097689561414887,
twitter_cluster53,246508262,0.01,1,107,free-mem,LRU2Q,,470745.85999496246,1.0,0.2796543103289576,1,50000,4,twitter_cluster53-c725d84893d48b235b23a42246ef91ca,-0.0001772192122306837,0.03181028066312852,
twitter_cluster53,246508262,0.01,1,107,hits,LRU2Q,,387853.4803137054,114.0,0.2140805041252532,114,50000,4,twitter_cluster53-5e548563b5974c4254607d11c39b622c,0.06539658699147372,0.09738408686683292,
twitter_cluster53,246508262,0.01,1,107,marginal-hits,LRU2Q,warm-cold,449538.6068792795,4929.0,0.1812670846707766,4929,50000,4,twitter_cluster53-e8ae70655cad8a26c1dab382e4f218fb,0.09821000644595032,0.13019750632130953,
twitter_cluster53,246508262,0.01,1,107,tail-age,LRU2Q,,459167.6663073033,1.0,0.2796543103289576,1,50000,4,twitter_cluster53-ec8eb5f11064b4390c3e2b9a2397da04,-0.0001772192122306837,0.03181028066312852,
twitter_cluster53,246508262,0.01,1,107,marginal-hits,LRU2Q,cold,323540.16689716576,4929.0,0.1696197387493649,4929,50000,4,twitter_cluster53-12184076ba3ac26a24c10344a1b31cc6,0.10985735236736202,0.14184485224272123,
twitter_cluster53,246508262,0.01,1,107,marginal-hits-tuned,LRU2Q,warm-cold,426505.4008097988,275.0,0.1818018699916841,275,50000,4,twitter_cluster53-cde46c61f2de36cef568ea31ce3df52a,0.09767522112504282,0.12966272100040202,-0.0005347853209075049
twitter_cluster53,246508262,0.01,1,107,disabled,LRU2Q,,450164.8468251612,,0.2794770911167269,0,50000,30334,twitter_cluster53-8681dfac9a62c54b3d66c2d146f97f46,0.0,0.031987499875359204,
twitter_cluster53,246508262,0.01,1,107,marginal-hits-tuned,LRU2Q,cold,460809.85579408833,179.0,0.1664840750854833,179,50000,4,twitter_cluster53-20ba5c584c4ca3c39e7b4979770bd512,0.11299301603124362,0.14498051590660282,0.0031356636638815993
twitter_cluster53,246508262,0.01,1,107,marginal-hits-tuned,TINYLFU,,444359.1304510361,151.0,0.182697783168014,151,50000,4,twitter_cluster53-f6558fe1957d516522d4a53dc91f0994,0.097809833246076,0.12876680782407213,-0.0052913155503079845
twitter_cluster53,246508262,0.01,1,107,disabled,TINYLFU,,360816.75584329,,0.28050761641409,0,50000,30334,twitter_cluster53-313e97c49ea4f45a69cce0d42bb31b76,0.0,0.03095697457799612,
twitter_cluster53,246508262,0.01,1,107,tail-age,TINYLFU,,420797.7171099942,606.0,0.2490440137864426,606,50000,4,twitter_cluster53-5114fa601ba629b31d97ba4568504fa0,0.03146360262764741,0.062420577205643535,
twitter_cluster53,246508262,0.01,1,107,marginal-hits,TINYLFU,,450211.2967379105,4929.0,0.177406467617706,4929,50000,4,twitter_cluster53-291271661bed63bdd1516c7b8631db1d,0.10310114879638399,0.1340581233743801,
twitter_cluster53,246508262,0.01,1,107,free-mem,TINYLFU,,431997.2417640734,1.0,0.2806854197852403,1,50000,4,twitter_cluster53-5703b42ffb125692a6275ffc1a7e00b6,-0.00017780337115030909,0.030779171206845812,
twitter_cluster53,246508262,0.01,1,107,hits,TINYLFU,,450421.3599006185,127.0,0.2057930820996174,127,50000,4,twitter_cluster53-630bc72d089fc3d866aa14f38bc1763d,0.07471453431447259,0.10567150889246871,
twitter_cluster53,246508262,0.1,1,1063,tail-age,LRU,,454704.77328818187,43.0,0.1107454037382325,43,50000,0,twitter_cluster53-f8b17bbd7790799089ad2730eb085de3,0.01086461353575241,0.01086461353575241,
twitter_cluster53,246508262,0.1,1,1063,free-mem,LRU,,440599.5167330392,,0.1216100172739849,0,50000,0,twitter_cluster53-add7fa9660c21931e7fad2e396e97aae,0.0,0.0,
twitter_cluster53,246508262,0.1,1,1063,marginal-hits,LRU,,393583.1145751142,4917.0,0.0675584171698066,4917,50000,0,twitter_cluster53-a3125274d6ff047210693ecfe469d78f,0.05405160010417831,0.05405160010417831,
twitter_cluster53,246508262,0.1,1,1063,disabled,LRU,,418888.6188497861,,0.1216100172739849,0,50000,0,twitter_cluster53-3ec17a9271e58b99f75ff03f4674dc88,0.0,0.0,
twitter_cluster53,246508262,0.1,1,1063,marginal-hits-tuned,LRU,,434816.11668214935,412.0,0.0640822740456463,412,50000,0,twitter_cluster53-a3e99498b81c76c5b1e7c72a17c56795,0.057527743228338604,0.057527743228338604,0.003476143124160294
twitter_cluster53,246508262,0.1,1,1063,hits,LRU,,454330.8364582742,879.0,0.0710839541759456,879,50000,0,twitter_cluster53-486000e31af777f1d403a6e3b55a0afb,0.05052606309803931,0.05052606309803931,
twitter_cluster53,246508262,0.1,1,1063,marginal-hits,LRU2Q,warm-cold,500122.84083191474,4917.0,0.0672742441387218,4917,50000,0,twitter_cluster53-93389225d3bf3baaaa2663899991b316,0.04641613999939681,0.05433577313526311,
twitter_cluster53,246508262,0.1,1,1063,tail-age,LRU2Q,,454004.9719928047,870.0,0.1053617829653109,870,50000,0,twitter_cluster53-669aaf296ba70a8b66216f490efc278f,0.008328601172807704,0.016248234308674003,
twitter_cluster53,246508262,0.1,1,1063,marginal-hits-tuned,LRU2Q,warm-cold,416837.15611502185,411.0,0.0622026453620447,411,50000,0,twitter_cluster53-c539d59e2dfa4ae10883e8248157adf0,0.051487738776073905,0.059407371911940204,0.005071598776677094
twitter_cluster53,246508262,0.1,1,1063,marginal-hits-tuned,LRU2Q,cold,483849.3752596079,475.0,0.0617724082611072,475,50000,0,twitter_cluster53-f5b90799b034f093b439f5e372a1c172,0.051917975877011406,0.059837609012877706,0.004531194982827801
twitter_cluster53,246508262,0.1,1,1063,disabled,LRU2Q,,492862.4666460644,,0.1136903841381186,0,50000,0,twitter_cluster53-1ee83ecc5580bcb04d43e9fcfd8b176a,0.0,0.0079196331358663,
twitter_cluster53,246508262,0.1,1,1063,hits,LRU2Q,,487879.9293943594,878.0,0.0687885463246664,878,50000,0,twitter_cluster53-6c84bf327d7584ef88d1fa3e03723d9d,0.04490183781345221,0.05282147094931851,
twitter_cluster53,246508262,0.1,1,1063,free-mem,LRU2Q,,298469.30605000857,,0.1136903841381186,0,50000,0,twitter_cluster53-1c05a3d5d0a7a754a3438a13d44452fe,0.0,0.0079196331358663,
twitter_cluster53,246508262,0.1,1,1063,marginal-hits,LRU2Q,cold,394171.2804830632,4917.0,0.066303603243935,4917,50000,0,twitter_cluster53-cb4b4bcc5ba4d567ba7dd3f04d0cb1df,0.047386780894183606,0.055306414030049905,
twitter_cluster53,246508262,0.1,1,1063,free-mem,TINYLFU,,423097.4044229714,,0.1193560035728133,0,50000,0,twitter_cluster53-efc29d44c15d2b6ff53f1f23f80a7fc9,0.0,0.002254013701171606,
twitter_cluster53,246508262,0.1,1,1063,tail-age,TINYLFU,,399510.2994442448,3947.0,0.1112409571083666,3947,50000,0,twitter_cluster53-b66bfd17b7085e3e215ab5636533e8d1,0.008115046464446704,0.01036906016561831,
twitter_cluster53,246508262,0.1,1,1063,marginal-hits,TINYLFU,,469720.0249103407,4917.0,0.0683995979006983,4917,50000,0,twitter_cluster53-d9477b28046ab4466b031b05dd84fe47,0.050956405672115,0.053210419373286605,
twitter_cluster53,246508262,0.1,1,1063,marginal-hits-tuned,TINYLFU,,365365.2933934773,472.0,0.0650389154096587,472,50000,0,twitter_cluster53-10e7293d55870cdad67582eddbf9a11b,0.0543170881631546,0.056571101864326206,0.0033606824910396016
twitter_cluster53,246508262,0.1,1,1063,hits,TINYLFU,,439183.2177189868,886.0,0.0750246212842959,886,50000,0,twitter_cluster53-40b30d34277329e3b9da3bf5d4ae96e2,0.04433138228851739,0.046585395989689,
twitter_cluster53,246508262,0.1,1,1063,disabled,TINYLFU,,486997.5184445059,,0.1193560035728133,0,50000,0,twitter_cluster53-d9c2232ca153932d90035fa915c1606c,0.0,0.002254013701171606,
twitter_cluster54,11866133317,0.01,1,67,marginal-hits,LRU,,559879.2822840135,237318.0,0.5662891513592793,237318,50000,3,twitter_cluster54-84ac9e2e5a403fda23022cbd54d2a518,-0.020705587695361904,-0.020705587695361904,
twitter_cluster54,11866133317,0.01,1,67,tail-age,LRU,,463439.7669522844,5.0,0.5554821656652722,5,50000,3,twitter_cluster54-81b621828a11511327c0bbc924083b65,-0.00989860200135484,-0.00989860200135484,
twitter_cluster54,11866133317,0.01,1,67,disabled,LRU,,545887.9289345525,,0.5455835636639174,0,50000,206401,twitter_cluster54-7ea5b6b218a939194e2bea372199d160,0.0,0.0,
twitter_cluster54,11866133317,0.01,1,67,free-mem,LRU,,545250.5093160109,3.0,0.5554801683002193,3,50000,3,twitter_cluster54-2d52e4a6bd332a0726f875ebccf078bf,-0.009896604636301931,-0.009896604636301931,
twitter_cluster54,11866133317,0.01,1,67,marginal-hits-tuned,LRU,,549811.976625008,161.0,0.5567165482234907,161,50000,3,twitter_cluster54-e1ac01c726f4a801c955bde7a91a9a4d,-0.011132984559573345,-0.011132984559573345,0.00957260313578856
twitter_cluster54,11866133317,0.01,1,67,hits,LRU,,586158.404493138,10.0,0.5579739890933504,10,50000,3,twitter_cluster54-93a5e92aacb3f81b9c0332e5f42642a0,-0.012390425429433027,-0.012390425429433027,
twitter_cluster54,11866133317,0.01,1,67,free-mem,LRU2Q,,431781.6324855222,3.0,0.5178784872740361,3,50000,3,twitter_cluster54-bb5fb191e84cce89660ba7949077b396,-0.008969190481580402,0.02770507638988129,
twitter_cluster54,11866133317,0.01,1,67,tail-age,LRU2Q,,406818.4291156391,23.0,0.5250955629390558,23,50000,3,twitter_cluster54-099a8e99040bc5fdd419538b0f6e0b97,-0.016186266146600126,0.020488000724861566,
twitter_cluster54,11866133317,0.01,1,67,marginal-hits-tuned,LRU2Q,warm-cold,448403.3908570808,287.0,0.5209133382265707,287,50000,3,twitter_cluster54-dd02c0b8cf75f42ca1278169d9d12597,-0.012004041434115043,0.02467022543734665,0.024343507045059054
twitter_cluster54,11866133317,0.01,1,67,marginal-hits-tuned,LRU2Q,cold,549402.9185487361,186.0,0.5217310383771412,186,50000,3,twitter_cluster54-78856fcda5b86ee97a82f2ec129d1923,-0.01282174158468552,0.02385252528677617,0.009687197331191055
twitter_cluster54,11866133317,0.01,1,67,disabled,LRU2Q,,443513.9592780583,,0.5089092967924557,0,50000,206401,twitter_cluster54-976353bfc295d2128c6eb668a900a74e,0.0,0.03667426687146169,
twitter_cluster54,11866133317,0.01,1,67,marginal-hits,LRU2Q,warm-cold,471380.79075682285,237318.0,0.5452568452716298,237318,50000,3,twitter_cluster54-4b2ebc8f8878f9c9654d196b7c927e5c,-0.0363475484791741,0.0003267183922875949,
twitter_cluster54,11866133317,0.01,1,67,marginal-hits,LRU2Q,cold,560212.4580923831,237318.0,0.5314182357083322,237318,50000,3,twitter_cluster54-5092309c2113ce5721db53ab7259b510,-0.022508938915876575,0.014165327955585116,
twitter_cluster54,11866133317,0.01,1,67,hits,LRU2Q,,429346.3509599937,10.0,0.5192895790385296,10,50000,3,twitter_cluster54-285751e1b425175074c908becd366311,-0.010380282246073902,0.02629398462538779,
twitter_cluster54,11866133317,0.01,1,67,marginal-hits,TINYLFU,,404527.6457815234,237318.0,0.5052113085069934,237318,50000,3,twitter_cluster54-8e6f76b124a2b7909b82816dec5c5768,-0.016858621225281756,0.040372255156924,
twitter_cluster54,11866133317,0.01,1,67,marginal-hits-tuned,TINYLFU,,405230.1533608993,119.0,0.4895083415823719,119,50000,3,twitter_cluster54-85caa18d52ac7e0a0c474611aaecf2f3,-0.0011556543006602804,0.05607522208154547,0.015702966924621475
twitter_cluster54,11866133317,0.01,1,67,hits,TINYLFU,,460035.8342751078,5.0,0.4932403151593548,5,50000,3,twitter_cluster54-5ee6aa3d9f1f5a3f8f936fa8a1132007,-0.004887627877643186,0.05234324850456257,
twitter_cluster54,11866133317,0.01,1,67,free-mem,TINYLFU,,462202.6433175056,3.0,0.4944946033594272,3,50000,3,twitter_cluster54-a175122fca679689d52f2f0fd3d55070,-0.006141916077715581,0.05108896030449017,
twitter_cluster54,11866133317,0.01,1,67,tail-age,TINYLFU,,372145.1881900133,4168.0,0.4902533058233632,4168,50000,3,twitter_cluster54-9f86868b9660024da6a99de648ab2edb,-0.0019006185416515775,0.055330257840554176,
twitter_cluster54,11866133317,0.01,1,67,disabled,TINYLFU,,376697.0400893032,,0.4883526872817116,0,50000,206401,twitter_cluster54-59ad6b8abf928d1f94a0a1331048d89e,0.0,0.05723087638220575,
twitter_cluster54,11866133317,0.1,1,664,hits,LRU,,640764.6228196435,475.0,0.1247614916713479,475,50000,0,twitter_cluster54-02ff86aa3f3d911e102d1e9c14aacfb6,0.001250635704449693,0.001250635704449693,
twitter_cluster54,11866133317,0.1,1,664,free-mem,LRU,,505613.46040406806,,0.1260121273757976,0,50000,0,twitter_cluster54-18df9ea16e367b66c8aa2122fd7a382b,0.0,0.0,
twitter_cluster54,11866133317,0.1,1,664,marginal-hits,LRU,,514286.8819493887,237187.0,0.1359203577874314,237187,50000,0,twitter_cluster54-7a7de229b138730560590783bcf54431,-0.0099082304116338,-0.0099082304116338,
twitter_cluster54,11866133317,0.1,1,664,tail-age,LRU,,477876.1905130857,311.0,0.12373540712681,311,50000,0,twitter_cluster54-45a3fed2b20c73513e9553db6a42ca35,0.0022767202489875904,0.0022767202489875904,
twitter_cluster54,11866133317,0.1,1,664,marginal-hits-tuned,LRU,,514191.0277970435,268.0,0.1211665015544844,268,50000,0,twitter_cluster54-8bdd67883033be6a3ef0c07fb79f7614,0.00484562582131319,0.00484562582131319,0.01475385623294699
twitter_cluster54,11866133317,0.1,1,664,disabled,LRU,,502765.82992417866,,0.1260121273757976,0,50000,0,twitter_cluster54-07fc997e5044e7058c7f54ec7cd279f8,0.0,0.0,
twitter_cluster54,11866133317,0.1,1,664,marginal-hits-tuned,LRU2Q,cold,509089.86071413895,306.0,0.1189220156475341,306,50000,0,twitter_cluster54-b7549f29ef148da2ff194fb4de12cc61,0.0046926990884404995,0.007090111728263487,0.015078009257124492
twitter_cluster54,11866133317,0.1,1,664,hits,LRU2Q,,536794.2649706568,474.0,0.1216171471740089,474,50000,0,twitter_cluster54-a550f9122be857fb28c555bdaf943460,0.001997567561965702,0.00439498020178869,
twitter_cluster54,11866133317,0.1,1,664,free-mem,LRU2Q,,598744.0344228375,,0.1236147147359746,0,50000,0,twitter_cluster54-8c15894a580905e7fc0ea7673cccb0ac,0.0,0.002397412639822988,
twitter_cluster54,11866133317,0.1,1,664,disabled,LRU2Q,,500804.7040998504,,0.1236147147359746,0,50000,0,twitter_cluster54-9648fcdc66b0ccb6a4784a2879908d85,0.0,0.002397412639822988,
twitter_cluster54,11866133317,0.1,1,664,marginal-hits,LRU2Q,warm-cold,494752.78184371296,237165.0,0.1367695875854451,237165,50000,0,twitter_cluster54-fd93f69e4d780ff482a17b7a4b38c04a,-0.013154872849470506,-0.010757460209647518,
twitter_cluster54,11866133317,0.1,1,664,marginal-hits,LRU2Q,cold,542695.3052556482,237178.0,0.1340000249046586,237178,50000,0,twitter_cluster54-51e76af8a629cf1586c0c8bedabf2865,-0.010385310168683992,-0.007987897528861004,
twitter_cluster54,11866133317,0.1,1,664,tail-age,LRU2Q,,517558.7167062989,837.0,0.1365757605873357,837,50000,0,twitter_cluster54-c7884a2ac5982f619d3b535ac0203445,-0.012961045851361097,-0.01056363321153811,
twitter_cluster54,11866133317,0.1,1,664,marginal-hits-tuned,LRU2Q,warm-cold,384557.4320636568,367.0,0.1207507303956578,367,50000,0,twitter_cluster54-f8dfeefb2444f9bb0a7fcffea8cbddff,0.0028639843403168025,0.00526139698013979,0.01601885718978731
twitter_cluster54,11866133317,0.1,1,664,marginal-hits-tuned,TINYLFU,,550576.0441064853,276.0,0.1149540896397801,276,50000,0,twitter_cluster54-07c9241735f8d98fbf5220cd9982ca0a,0.004695579976349604,0.01105803773601749,0.017748348798532293
twitter_cluster54,11866133317,0.1,1,664,marginal-hits,TINYLFU,,471110.61523774586,237183.0,0.1327024384383124,237183,50000,0,twitter_cluster54-3dd75f5aa967c4550c4dc00028691c2f,-0.01305276882218269,-0.006690311062514803,
twitter_cluster54,11866133317,0.1,1,664,hits,TINYLFU,,430697.3374258018,420.0,0.1168054774013289,420,50000,0,twitter_cluster54-adfc4550c347e967d97acbb27329425f,0.0028441922148007975,0.009206649974468684,
twitter_cluster54,11866133317,0.1,1,664,free-mem,TINYLFU,,429109.1499280335,,0.1196496696161297,0,50000,0,twitter_cluster54-61ccf3caf2cfe4790ff3583953f62d1d,0.0,0.006362457759667886,
twitter_cluster54,11866133317,0.1,1,664,tail-age,TINYLFU,,411055.3670439364,82729.0,0.1254567421610909,82729,50000,0,twitter_cluster54-a8f35c87300e190f243fccbb1573a02c,-0.005807072544961198,0.0005553852147066884,
twitter_cluster54,11866133317,0.1,1,664,disabled,TINYLFU,,471448.2507741794,,0.1196496696161297,0,50000,0,twitter_cluster54-d9653a40e61c005eebbec92f026e7bcb,0.0,0.006362457759667886,
twitter_cluster6,8376428572,0.1,1,198,disabled,LRU,,704429.1833819343,,0.0090746924356391,0,50000,2339,twitter_cluster6-18959fff4eb55b5a03cb4791cf552c45,0.0,0.0,
twitter_cluster6,8376428572,0.1,1,198,marginal-hits-tuned,LRU,,704772.108194016,271.0,0.0031454487761135,271,50000,2,twitter_cluster6-57ce15ca558b8c998b6dca3e9ed93cfa,0.0059292436595256,0.0059292436595256,0.005051440555637299
twitter_cluster6,8376428572,0.1,1,198,marginal-hits,LRU,,644535.0769560863,139700.0,0.0081968893317508,139700,50000,0,twitter_cluster6-cb9b0123a5fed41299916c703bca5340,0.0008778031038883007,0.0008778031038883007,
twitter_cluster6,8376428572,0.1,1,198,hits,LRU,,644592.4315499801,171.0,0.0036670442224837,171,50000,2,twitter_cluster6-c1edae21256c3423096b66f4f1f5a602,0.005407648213155401,0.005407648213155401,
twitter_cluster6,8376428572,0.1,1,198,free-mem,LRU,,510949.4557809206,1.0,0.0090760568596179,1,50000,2,twitter_cluster6-e92413f539f19dc2e4a8fbeb14b7a1b4,-1.364423978800211e-06,-1.364423978800211e-06,
twitter_cluster6,8376428572,0.1,1,198,tail-age,LRU,,458942.09147567226,102.0,0.0029650618741048,102,50000,2,twitter_cluster6-fe6adb8200a3c865be3a92965824561e,0.0061096305615342995,0.0061096305615342995,
twitter_cluster6,8376428572,0.1,1,198,marginal-hits,LRU2Q,cold,674571.4744544659,78719.0,0.0063363743323041,78719,50000,0,twitter_cluster6-dab6c062b0163043f4b3ed2ffc9404c8,0.0024922946361394006,0.0027383181033350003,
twitter_cluster6,8376428572,0.1,1,198,tail-age,LRU2Q,,643865.8024102772,143.0,0.0031929192459662,143,50000,2,twitter_cluster6-d1f6d8e72bcca0fe556b7e1ba231aaff,0.005635749722477301,0.0058817731896729005,
twitter_cluster6,8376428572,0.1,1,198,disabled,LRU2Q,,674888.5463667966,,0.0088286689684435,0,50000,2339,twitter_cluster6-07d397bdb2dd4b4cc6bee3cc4bc8726c,0.0,0.00024602346719559964,
twitter_cluster6,8376428572,0.1,1,198,marginal-hits-tuned,LRU2Q,warm-cold,586292.7383641668,70.0,0.0041920535342923,70,50000,2,twitter_cluster6-d90899d34966685bdc6a80ddb57f577e,0.0046366154341512,0.0048826389013468,0.0017887998293314002
twitter_cluster6,8376428572,0.1,1,198,hits,LRU2Q,,705353.4239926555,158.0,0.003597518171495,158,50000,2,twitter_cluster6-0585c17831a91d091bfdc36ade627021,0.005231150796948501,0.0054771742641441,
twitter_cluster6,8376428572,0.1,1,198,free-mem,LRU2Q,,675448.3799711842,1.0,0.0088300806679403,1,50000,2,twitter_cluster6-1ccdf203f92677ff22f556d832b9bf83,-1.4116994968005336e-06,0.0002446117676987991,
twitter_cluster6,8376428572,0.1,1,198,marginal-hits,LRU2Q,warm-cold,705516.9848278783,77217.0,0.0059808533636237,77217,50000,0,twitter_cluster6-5934f3137ca65b9f706020620af8687e,0.0028478156048198,0.0030938390720154,
twitter_cluster6,8376428572,0.1,1,198,marginal-hits-tuned,LRU2Q,cold,705630.5744661373,257.0,0.0030629224351965,257,50000,2,twitter_cluster6-2b0cda7aa29527a169df096d732be54c,0.005765746533247001,0.0060117700004426,0.0032734518971075997
twitter_cluster6,8376428572,0.1,1,198,marginal-hits-tuned,TINYLFU,,458410.0404500362,272.0,0.0030816373324409,272,50000,2,twitter_cluster6-4b1f56fb9556fb06a65cc724e1f0469e,0.006050923799365501,0.005993055103198201,0.004889968158615801
twitter_cluster6,8376428572,0.1,1,198,hits,TINYLFU,,513065.7263594841,175.0,0.0036505087743736,175,50000,2,twitter_cluster6-0b204780b7c9215b184965040d39902b,0.0054820523574328,0.0054241836612655,
twitter_cluster6,8376428572,0.1,1,198,marginal-hits,TINYLFU,,404667.9102491926,140376.0,0.0079716054910567,140376,50000,0,twitter_cluster6-978b6cacd9b8b11042784d5be6092486,0.0011609556407496998,0.0011030869445823998,
twitter_cluster6,8376428572,0.1,1,198,disabled,TINYLFU,,635883.0171115494,,0.0091325611318064,0,50000,2339,twitter_cluster6-d933465adb4e3047d87a0460a9079ad5,0.0,-5.7868696167300004e-05,
twitter_cluster6,8376428572,0.1,1,198,free-mem,TINYLFU,,644557.5593306542,1.0,0.0091339317636814,1,50000,2,twitter_cluster6-86d4bf087567118709c0e60e7c0e58db,-1.3706318750007773e-06,-5.923932804230078e-05,
twitter_cluster6,8376428572,0.1,1,198,tail-age,TINYLFU,,539718.9332671718,390.0,0.0030967665726547,390,50000,2,twitter_cluster6-a9f067d6eb12c70c3c984e014ed5fe5a,0.0060357945591516995,0.0059779258629843995,
twitter_cluster7,1044513075,0.1,1,81,tail-age,LRU,,620338.3022933487,65.0,0.1831234922549916,65,50000,13,twitter_cluster7-b0db1fe5bdf91b3ae55bdb1a1fd73b41,0.0064648611507328035,0.0064648611507328035,
twitter_cluster7,1044513075,0.1,1,81,marginal-hits-tuned,LRU,,621370.5782721469,386.0,0.1517974583515864,386,50000,13,twitter_cluster7-eb9979e24effdd6e015c7da3934d8a9d,0.03779089505413802,0.03779089505413802,0.004174662916498206
twitter_cluster7,1044513075,0.1,1,81,disabled,LRU,,587042.059353993,,0.1895883534057244,0,50000,28187,twitter_cluster7-3ffc4a9ace060fc313874eb13bde4ab3,0.0,0.0,
twitter_cluster7,1044513075,0.1,1,81,hits,LRU,,621375.0656252597,112.0,0.1560754536270405,112,50000,13,twitter_cluster7-dfba6c3e2e83c309df2701cee89000d2,0.03351289977868391,0.03351289977868391,
twitter_cluster7,1044513075,0.1,1,81,marginal-hits,LRU,,615968.1599388834,20884.0,0.1559721212680846,20884,50000,13,twitter_cluster7-dc0d08f5076a3802a302e871a3c1fd8e,0.03361623213763981,0.03361623213763981,
twitter_cluster7,1044513075,0.1,1,81,free-mem,LRU,,265918.35081157024,5.0,0.1896782776031788,5,50000,13,twitter_cluster7-29940541e8209f92cfe402391349557c,-8.992419745437741e-05,-8.992419745437741e-05,
twitter_cluster7,1044513075,0.1,1,81,tail-age,LRU2Q,,615041.6988229554,89.0,0.1789203232329092,89,50000,13,twitter_cluster7-c67ee4bf6110df5b6b80376a1b793b69,0.0035793644804302804,0.010668030172815202,
twitter_cluster7,1044513075,0.1,1,81,marginal-hits-tuned,LRU2Q,cold,577482.8945899592,207.0,0.1438641952854443,207,50000,13,twitter_cluster7-98e6cfebed54e26a90852da7e510bfb4,0.038635492427895185,0.045724158120280106,0.004523540310876484
twitter_cluster7,1044513075,0.1,1,81,marginal-hits,LRU2Q,warm-cold,593568.0150140168,20884.0,0.1551205914775169,20884,50000,15,twitter_cluster7-d29035111f2b05cfd6e5fcb30d1a9867,0.027379096235822603,0.034467761928207524,
twitter_cluster7,1044513075,0.1,1,81,hits,LRU2Q,,613090.4786500147,108.0,0.1455529371903745,108,50000,13,twitter_cluster7-f09d172e518fde3045bfc908ae03adf9,0.036946750522965005,0.044035416215349926,
twitter_cluster7,1044513075,0.1,1,81,disabled,LRU2Q,,615589.6270253883,,0.1824996877133395,0,50000,28187,twitter_cluster7-a260b2d262fde534c3ba48d8047894ab,0.0,0.007088665692384921,
twitter_cluster7,1044513075,0.1,1,81,free-mem,LRU2Q,,609021.3045736618,5.0,0.1826137245816669,5,50000,13,twitter_cluster7-2f3d6d32426e0f8d260d2801ef66d9aa,-0.00011403686832739401,0.006974628824057527,
twitter_cluster7,1044513075,0.1,1,81,marginal-hits,LRU2Q,cold,612168.9906139609,20869.0,0.1483877355963208,20869,50000,13,twitter_cluster7-6914283fc78a4654eb05c532c0036931,0.0341119521170187,0.04120061780940362,
twitter_cluster7,1044513075,0.1,1,81,marginal-hits-tuned,LRU2Q,warm-cold,465919.8630513098,157.0,0.1424973248898775,157,50000,13,twitter_cluster7-726d0995dfd3e8c32ab8f0438bd73ea1,0.04000236282346198,0.0470910285158469,0.012623266587639376
twitter_cluster7,1044513075,0.1,1,81,marginal-hits,TINYLFU,,575186.844073619,20884.0,0.1528268758148384,20884,50000,13,twitter_cluster7-d99b0d921384e4973fdd87bc9b78b351,0.0382587857983491,0.03676147759088602,
twitter_cluster7,1044513075,0.1,1,81,tail-age,TINYLFU,,581654.13280051,6955.0,0.1864755393320471,6955,50000,13,twitter_cluster7-b13c9d83082b175bc360e01d0be73a8a,0.004610122281140383,0.0031128140736773058,
twitter_cluster7,1044513075,0.1,1,81,hits,TINYLFU,,613963.5732987878,113.0,0.1479887937257271,113,50000,13,twitter_cluster7-276e3c87e02b3dca6d53fc1ca045e543,0.043096867887460394,0.04159955967999732,
twitter_cluster7,1044513075,0.1,1,81,free-mem,TINYLFU,,570420.5979869965,5.0,0.1911599287543624,5,50000,13,twitter_cluster7-ea56f63c9b0d0556a2ee7db3a257f774,-7.426714117492184e-05,-0.001571575348637999,
twitter_cluster7,1044513075,0.1,1,81,disabled,TINYLFU,,586134.4832603204,,0.1910856616131875,0,50000,28187,twitter_cluster7-2125d6e52c8bd337a3f00024bbf2dabe,0.0,-0.0014973082074630772,
twitter_cluster7,1044513075,0.1,1,81,marginal-hits-tuned,TINYLFU,,571142.2694772931,461.0,0.1397670996124198,461,50000,13,twitter_cluster7-dcf1f06f7cd83df79aca6b25b5fbc0bf,0.0513185620007677,0.049821253793304626,0.013059776202418605
twitter_cluster8,1302137879,0.1,1,106,tail-age,LRU,,485863.37047140393,5.0,0.4436080773900903,5,50000,96,twitter_cluster8-eb1272c090c94247429787883467ca44,1.1264552115808346e-05,1.1264552115808346e-05,
twitter_cluster8,1302137879,0.1,1,106,hits,LRU,,533709.8776309621,52.0,0.4126754037849474,52,50000,96,twitter_cluster8-b5817bfe520977251aec7883a63b9c61,0.03094393815725871,0.03094393815725871,
twitter_cluster8,1302137879,0.1,1,106,marginal-hits-tuned,LRU,,512810.71500493056,234.0,0.3926885741106684,234,50000,96,twitter_cluster8-be62f6bc954d1eee9d31893bcb2474c4,0.050930767831537715,0.050930767831537715,-0.014886718459405202
twitter_cluster8,1302137879,0.1,1,106,marginal-hits,LRU,,552776.6215704475,26041.0,0.3778018556512632,26041,50000,96,twitter_cluster8-4ae23f48a853c1da49daba337d970212,0.06581748629094292,0.06581748629094292,
twitter_cluster8,1302137879,0.1,1,106,disabled,LRU,,536477.353337237,,0.4436193419422061,0,50000,687883,twitter_cluster8-ab7fd9e8873c3789a6821f67ed3195c5,0.0,0.0,
twitter_cluster8,1302137879,0.1,1,106,free-mem,LRU,,487401.92966140166,5.0,0.4436113712041089,5,50000,96,twitter_cluster8-6386b56b53cad2c50ec1b1a5e4f3a467,7.970738097218266e-06,7.970738097218266e-06,
twitter_cluster8,1302137879,0.1,1,106,marginal-hits-tuned,LRU2Q,warm-cold,536205.2442352285,282.0,0.3894449997794742,282,50000,96,twitter_cluster8-aae2aff500c047840b5fbaf4a0f78ae3,0.0377132497195406,0.05417434216273187,-0.007358956493423718
twitter_cluster8,1302137879,0.1,1,106,marginal-hits-tuned,LRU2Q,cold,513711.8557305996,235.0,0.396806088919559,235,50000,96,twitter_cluster8-023092cb8bb07e21e42f1a51456b5df9,0.030352160579455834,0.046813253022647106,-0.0023409087848215715
twitter_cluster8,1302137879,0.1,1,106,marginal-hits,LRU2Q,cold,470597.9302976132,26041.0,0.3944651801347374,26041,50000,96,twitter_cluster8-61cbdb85cc28d47fa432b90e25729d3d,0.032693069364277405,0.04915416180746868,
twitter_cluster8,1302137879,0.1,1,106,marginal-hits,LRU2Q,warm-cold,537546.2926880615,26041.0,0.3820860432860505,26041,50000,96,twitter_cluster8-a7e42fd48c71c34cd396dc906ea58d09,0.045072206212964316,0.06153329865615559,
twitter_cluster8,1302137879,0.1,1,106,free-mem,LRU2Q,,506940.6026525594,5.0,0.4274295633173881,5,50000,96,twitter_cluster8-81dd655b0fad40cdacaeb91db5578241,-0.0002713138183732533,0.01618977862481802,
twitter_cluster8,1302137879,0.1,1,106,disabled,LRU2Q,,510834.2650210161,,0.4271582494990148,0,50000,687883,twitter_cluster8-c76986625643db5726928fa61e6b7960,0.0,0.016461092443191272,
twitter_cluster8,1302137879,0.1,1,106,tail-age,LRU2Q,,529655.3862263627,8.0,0.4309491729331683,8,50000,96,twitter_cluster8-9572e0b45fe3752055b13e89c6c2d978,-0.0037909234341534925,0.01267016900903778,
twitter_cluster8,1302137879,0.1,1,106,hits,LRU2Q,,551244.1519903044,50.0,0.4024808282226463,50,50000,96,twitter_cluster8-c47b64fcea5196e0cbd75ac849ea1ad5,0.024677421276368516,0.04113851371955979,
twitter_cluster8,1302137879,0.1,1,106,hits,TINYLFU,,444054.7247124024,25920.0,0.5586999761950708,25920,50000,96,twitter_cluster8-b3725a4da14cb026a81654a0aab70fa0,0.10163531768358913,-0.11508063425286474,
twitter_cluster8,1302137879,0.1,1,106,free-mem,TINYLFU,,411676.5964676204,5.0,0.6554222296761862,5,50000,96,twitter_cluster8-5e2e8bfa2578cf44d8802d6b6e914310,0.004913064202473727,-0.21180288773398015,
twitter_cluster8,1302137879,0.1,1,106,disabled,TINYLFU,,405038.6078564429,,0.66033529387866,0,50000,687883,twitter_cluster8-b39292a5680823a1f6f30f6d5ce21cef,0.0,-0.21671595193645388,
twitter_cluster8,1302137879,0.1,1,106,marginal-hits-tuned,TINYLFU,,450542.34644269664,260.0,0.5761619096559589,260,50000,96,twitter_cluster8-2913daeca09b2f6c6cd4d564888b1418,0.08417338422270104,-0.13254256771375283,-0.008583068030079133
twitter_cluster8,1302137879,0.1,1,106,marginal-hits,TINYLFU,,484007.2326476672,26041.0,0.5675788416258798,26041,50000,96,twitter_cluster8-9e0ea1d53a117a316d3d92331decc877,0.09275645225278017,-0.1239594996836737,
twitter_cluster8,1302137879,0.1,1,106,tail-age,TINYLFU,,418612.8572565129,7.0,0.6786704175126758,7,50000,96,twitter_cluster8-f4c45d22b3befd69383a6ddc109f6eb6,-0.018335123634015793,-0.23505107557046967,
twitter_cluster9,10646675648,0.1,1,125,free-mem,LRU,,662129.3282483993,,0.0057889073582867,0,50000,0,twitter_cluster9-c8cfc6bcaa8848e42c82a6848dfcd2f7,0.0,0.0,
twitter_cluster9,10646675648,0.1,1,125,tail-age,LRU,,661849.2998893105,12.0,0.0056564013022518,12,50000,0,twitter_cluster9-874aa825c6f75a400a2f420d14a927c5,0.00013250605603489993,0.00013250605603489993,
twitter_cluster9,10646675648,0.1,1,125,marginal-hits,LRU,,612091.5635100107,161429.0,0.0081859740900787,161429,50000,0,twitter_cluster9-a3442e0a9984ee0ee8c1ce1a3266016d,-0.002397066731792,-0.002397066731792,
twitter_cluster9,10646675648,0.1,1,125,marginal-hits-tuned,LRU,,586849.7755536777,69.0,0.0058978978111158,69,50000,0,twitter_cluster9-6689ee847aa7bee548f2039c6d789530,-0.00010899045282910039,-0.00010899045282910039,0.0022880762789628997
twitter_cluster9,10646675648,0.1,1,125,disabled,LRU,,612395.0654067633,,0.0057889073582867,0,50000,0,twitter_cluster9-76e0c2defa145fb61acfdc31b9e3c458,0.0,0.0,
twitter_cluster9,10646675648,0.1,1,125,hits,LRU,,587303.4083098018,88.0,0.0071311886930886,88,50000,0,twitter_cluster9-99cfa54e00de41314e347223f646657f,-0.0013422813348018996,-0.0013422813348018996,
twitter_cluster9,10646675648,0.1,1,125,marginal-hits-tuned,LRU2Q,warm-cold,611985.3743854836,32.0,0.0054711667684684,32,50000,0,twitter_cluster9-2b9d8efaaea44841c824b515f6ca0c3d,-2.9952166342200187e-05,0.0003177405898182996,0.002551596845640999
twitter_cluster9,10646675648,0.1,1,125,hits,LRU2Q,,586747.9045717464,86.0,0.0066925175853727,86,50000,0,twitter_cluster9-44ad9b676bbe3f841b0ad57feb8535e0,-0.0012513029832465,-0.0009036102270860002,
twitter_cluster9,10646675648,0.1,1,125,marginal-hits,LRU2Q,warm-cold,664548.6587246142,206824.0,0.0080227636141094,206824,50000,0,twitter_cluster9-3c24542ef8a3ee7bc26625d4546458e1,-0.002581549011983199,-0.002233856255822699,
twitter_cluster9,10646675648,0.1,1,125,marginal-hits-tuned,LRU2Q,cold,444718.0759130388,45.0,0.0052976186994665,45,50000,0,twitter_cluster9-76b322444f18663f10aeaaadde60fb83,0.0001435959026597003,0.0004912886588202001,0.0031201357210727003
twitter_cluster9,10646675648,0.1,1,125,marginal-hits,LRU2Q,cold,611118.8671946325,159042.0,0.0084177544205392,159042,50000,0,twitter_cluster9-3558b416eb00a5ceaabec39e50fa5504,-0.002976539818413,-0.0026288470622525,
twitter_cluster9,10646675648,0.1,1,125,tail-age,LRU2Q,,485032.484423847,33.0,0.0054618216918182,33,50000,0,twitter_cluster9-02765d2aa873c3d8981c38b2a365f579,-2.0607089692000098e-05,0.0003270856664684997,
twitter_cluster9,10646675648,0.1,1,125,free-mem,LRU2Q,,664723.5270110208,,0.0054412146021262,0,50000,0,twitter_cluster9-48d014a73885ab6c0c711440f50cdad6,0.0,0.0003476927561604998,
twitter_cluster9,10646675648,0.1,1,125,disabled,LRU2Q,,662748.3601810763,,0.0054412146021262,0,50000,0,twitter_cluster9-c0654b6f46d292c2be16b78f225ad7f1,0.0,0.0003476927561604998,
twitter_cluster9,10646675648,0.1,1,125,free-mem,TINYLFU,,542669.1921960076,,0.0057956462693208,0,50000,0,twitter_cluster9-0cf44ca9d24572fb83670ca42ef19edd,0.0,-6.738911034099779e-06,
twitter_cluster9,10646675648,0.1,1,125,tail-age,TINYLFU,,475679.6384900354,1152.0,0.0060825813747942,1152,50000,0,twitter_cluster9-dd516329e10a2e9be08485de4010bee9,-0.0002869351054734003,-0.00029367401650750007,
twitter_cluster9,10646675648,0.1,1,125,hits,TINYLFU,,568177.2440068952,88.0,0.0070951331192465,88,50000,0,twitter_cluster9-5e474de3804d13e00a59bcde6c020a0f,-0.0012994868499257,-0.0013062257609597998,
twitter_cluster9,10646675648,0.1,1,125,disabled,TINYLFU,,587203.2355433983,,0.0057956462693208,0,50000,0,twitter_cluster9-00b72adbc8ad9b57812361218d74f067,0.0,-6.738911034099779e-06,
twitter_cluster9,10646675648,0.1,1,125,marginal-hits-tuned,TINYLFU,,610910.6693615038,64.0,0.005896883973524,64,50000,0,twitter_cluster9-e178467d769c443fe43ed32942732931,-0.00010123770420319977,-0.00010797661523729955,0.0023076358116174006
twitter_cluster9,10646675648,0.1,1,125,marginal-hits,TINYLFU,,568420.8807119866,165536.0,0.0082045197851414,165536,50000,0,twitter_cluster9-fda273716aceb2c53b400708b1f97f07,-0.0024088735158206004,-0.0024156124268547,
