2025-07-01 05:55:43 INFO: --- Scheduler Starting ---
2025-07-01 05:55:46 INFO: Reconstructing state from filesystem...
2025-07-01 05:55:46 INFO: --- State Reconstruction Complete. Starting Main Loop. ---
2025-07-01 05:55:46 INFO: No launchable jobs with existing traces. Attempting to download a new trace.
2025-07-01 05:55:46 INFO: Downloading and decompressing https://ftp.pdl.cmu.edu/pub/datasets/twemcacheWorkload/cacheDatasets/twitter/cluster41.oracleGeneral.zst to /nfs/hongshu/traces/cluster41.bin with sudo...
2025-07-01 05:59:21 INFO: Successfully downloaded and decompressed cluster41.bin.
2025-07-01 05:59:21 INFO: Trace download successful. Will schedule jobs for it in the next cycle.
2025-07-01 05:59:21 INFO: --- System-wide Resource Utilization ---
2025-07-01 05:59:21 INFO:   - Host: clnode302.clemson.cloudlab.us  CPU Util:   1.6% | Mem Free:  96.9%
2025-07-01 05:59:22 INFO:   - Host: clnode290.clemson.cloudlab.us  CPU Util:   0.2% | Mem Free:  97.7%
2025-07-01 05:59:22 INFO:   - Host: clnode303.clemson.cloudlab.us  CPU Util:   0.2% | Mem Free:  97.7%
2025-07-01 05:59:23 INFO:   - Host: clnode287.clemson.cloudlab.us  CPU Util:   0.2% | Mem Free:  97.7%
2025-07-01 05:59:24 INFO:   - Host: clnode301.clemson.cloudlab.us  CPU Util:   0.2% | Mem Free:  97.7%
2025-07-01 05:59:24 INFO:   - Host: clnode286.clemson.cloudlab.us  CPU Util:   0.2% | Mem Free:  97.7%
2025-07-01 05:59:24 INFO: ----------------------------------------
2025-07-01 05:59:24 INFO: Dumping current state to scheduler_state.json...
2025-07-01 05:59:24 INFO: STATUS: 15 ToDo, 0 Running, 1510 Finished, 0 Failed.
2025-07-01 05:59:24 INFO: Loop finished. Sleeping for 5 seconds.
2025-07-01 05:59:29 INFO: Dispatching twitter_cluster41-eca32db3a96e4fbe0932861eb821ab0d to clnode287.clemson.cloudlab.us...
2025-07-01 05:59:30 INFO: STATUS: 14 ToDo, 1 Running, 1510 Finished, 0 Failed.
2025-07-01 05:59:30 INFO: Loop finished. Sleeping for 5 seconds.
2025-07-01 05:59:36 INFO: No launchable jobs with existing traces. Attempting to download a new trace.
2025-07-01 05:59:36 INFO: Downloading and decompressing https://ftp.pdl.cmu.edu/pub/datasets/twemcacheWorkload/cacheDatasets/twitter/cluster38.oracleGeneral.zst to /nfs/hongshu/traces/cluster38.bin with sudo...
2025-07-01 06:01:29 INFO: Successfully downloaded and decompressed cluster38.bin.
2025-07-01 06:01:29 INFO: Trace download successful. Will schedule jobs for it in the next cycle.
2025-07-01 06:01:29 INFO: --- System-wide Resource Utilization ---
2025-07-01 06:01:30 INFO:   - Host: clnode302.clemson.cloudlab.us  CPU Util:   0.2% | Mem Free:  96.9%
2025-07-01 06:01:30 INFO:   - Host: clnode290.clemson.cloudlab.us  CPU Util:   0.2% | Mem Free:  97.7%
2025-07-01 06:01:31 INFO:   - Host: clnode303.clemson.cloudlab.us  CPU Util:   0.2% | Mem Free:  97.7%
2025-07-01 06:01:31 INFO:   - Host: clnode287.clemson.cloudlab.us  CPU Util:   1.3% | Mem Free:  96.9%
2025-07-01 06:01:32 INFO:   - Host: clnode301.clemson.cloudlab.us  CPU Util:   0.2% | Mem Free:  97.7%
2025-07-01 06:01:33 INFO:   - Host: clnode286.clemson.cloudlab.us  CPU Util:   0.2% | Mem Free:  97.7%
2025-07-01 06:01:33 INFO: ----------------------------------------
2025-07-01 06:01:33 INFO: --- Running Job Runtimes ---
2025-07-01 06:01:33 INFO:   - Job: twitter_cluster41-eca32db3a96e4fbe0932861eb821ab0d on clnode287.clemson.cloudlab.us has been running for 0:02:03
2025-07-01 06:01:33 INFO: ----------------------------
2025-07-01 06:01:33 INFO: Dumping current state to scheduler_state.json...
2025-07-01 06:01:33 INFO: STATUS: 14 ToDo, 1 Running, 1510 Finished, 0 Failed.
2025-07-01 06:01:33 INFO: Loop finished. Sleeping for 5 seconds.
2025-07-01 06:01:39 INFO: Dispatching twitter_cluster38-29a4086da0d6d7d60d1dfeb002cb9c3d to clnode303.clemson.cloudlab.us...
2025-07-01 06:01:39 INFO: Dispatching twitter_cluster38-1637bac994bd3009e55ce25a36c9e1a2 to clnode290.clemson.cloudlab.us...
2025-07-01 06:01:39 INFO: Dispatching twitter_cluster38-346473d2c745b2f4a4a9699ff814b19f to clnode290.clemson.cloudlab.us...
2025-07-01 06:01:39 INFO: Dispatching twitter_cluster38-58a9315bee4433060311de1eabd4be42 to clnode287.clemson.cloudlab.us...
2025-07-01 06:01:39 INFO: Dispatching twitter_cluster38-14c5cf93ee3fefc79a3a15a882ba8c72 to clnode290.clemson.cloudlab.us...
2025-07-01 06:01:39 INFO: Dispatching twitter_cluster38-1c56d4d1e9df3be1645048a44a9b7626 to clnode303.clemson.cloudlab.us...
2025-07-01 06:01:39 INFO: Dispatching twitter_cluster38-aad9c61cc44a4df3efa1f5e13b096f8c to clnode286.clemson.cloudlab.us...
2025-07-01 06:01:39 INFO: Dispatching twitter_cluster38-b2acd4030d14d64916f5b7dda9440a28 to clnode286.clemson.cloudlab.us...
2025-07-01 06:01:39 INFO: Dispatching twitter_cluster38-19c28e27ddb6434a1f58f4959bafb3b8 to clnode301.clemson.cloudlab.us...
2025-07-01 06:01:39 INFO: Dispatching twitter_cluster38-9ec28ecc3d82e3ff69cbd3b4218afabf to clnode302.clemson.cloudlab.us...
2025-07-01 06:01:39 INFO: Dispatching twitter_cluster38-1f49fe37e518959c9ccf82662b640f48 to clnode290.clemson.cloudlab.us...
2025-07-01 06:01:39 INFO: Dispatching twitter_cluster38-52986173aa45a8365ddce6cf3bb1be40 to clnode290.clemson.cloudlab.us...
2025-07-01 06:01:39 INFO: Dispatching twitter_cluster38-9607f98485cebb21f4050bcafbe6f726 to clnode287.clemson.cloudlab.us...
2025-07-01 06:01:39 INFO: Dispatching twitter_cluster38-a578d8221827c7d1b4d3bbdf5ae021cd to clnode302.clemson.cloudlab.us...
2025-07-01 06:01:42 INFO: STATUS: 0 ToDo, 15 Running, 1510 Finished, 0 Failed.
2025-07-01 06:01:43 INFO: Loop finished. Sleeping for 5 seconds.
2025-07-01 06:02:03 INFO: STATUS: 0 ToDo, 15 Running, 1510 Finished, 0 Failed.
2025-07-01 06:02:03 INFO: Loop finished. Sleeping for 60 seconds.
2025-07-01 06:03:15 INFO: --- System-wide Resource Utilization ---
2025-07-01 06:03:16 INFO:   - Host: clnode302.clemson.cloudlab.us  CPU Util:   2.4% | Mem Free:  88.8%
2025-07-01 06:03:16 INFO:   - Host: clnode290.clemson.cloudlab.us  CPU Util:   5.7% | Mem Free:  80.4%
2025-07-01 06:03:17 INFO:   - Host: clnode303.clemson.cloudlab.us  CPU Util:   2.3% | Mem Free:  91.5%
2025-07-01 06:03:18 INFO:   - Host: clnode287.clemson.cloudlab.us  CPU Util:   4.3% | Mem Free:  88.6%
2025-07-01 06:03:18 INFO:   - Host: clnode301.clemson.cloudlab.us  CPU Util:   1.2% | Mem Free:  93.3%
2025-07-01 06:03:19 INFO:   - Host: clnode286.clemson.cloudlab.us  CPU Util:   2.1% | Mem Free:  90.6%
2025-07-01 06:03:19 INFO: ----------------------------------------
2025-07-01 06:03:19 INFO: --- Running Job Runtimes ---
2025-07-01 06:03:19 INFO:   - Job: twitter_cluster41-eca32db3a96e4fbe0932861eb821ab0d on clnode287.clemson.cloudlab.us has been running for 0:03:49
2025-07-01 06:03:19 INFO:   - Job: twitter_cluster38-29a4086da0d6d7d60d1dfeb002cb9c3d on clnode303.clemson.cloudlab.us has been running for 0:01:39
2025-07-01 06:03:19 INFO:   - Job: twitter_cluster38-1637bac994bd3009e55ce25a36c9e1a2 on clnode290.clemson.cloudlab.us has been running for 0:01:39
2025-07-01 06:03:19 INFO:   - Job: twitter_cluster38-346473d2c745b2f4a4a9699ff814b19f on clnode290.clemson.cloudlab.us has been running for 0:01:39
2025-07-01 06:03:19 INFO:   - Job: twitter_cluster38-58a9315bee4433060311de1eabd4be42 on clnode287.clemson.cloudlab.us has been running for 0:01:39
2025-07-01 06:03:19 INFO:   - Job: twitter_cluster38-14c5cf93ee3fefc79a3a15a882ba8c72 on clnode290.clemson.cloudlab.us has been running for 0:01:39
2025-07-01 06:03:19 INFO:   - Job: twitter_cluster38-1c56d4d1e9df3be1645048a44a9b7626 on clnode303.clemson.cloudlab.us has been running for 0:01:39
2025-07-01 06:03:19 INFO:   - Job: twitter_cluster38-aad9c61cc44a4df3efa1f5e13b096f8c on clnode286.clemson.cloudlab.us has been running for 0:01:39
2025-07-01 06:03:19 INFO:   - Job: twitter_cluster38-b2acd4030d14d64916f5b7dda9440a28 on clnode286.clemson.cloudlab.us has been running for 0:01:39
2025-07-01 06:03:19 INFO:   - Job: twitter_cluster38-19c28e27ddb6434a1f58f4959bafb3b8 on clnode301.clemson.cloudlab.us has been running for 0:01:39
2025-07-01 06:03:19 INFO:   - Job: twitter_cluster38-9ec28ecc3d82e3ff69cbd3b4218afabf on clnode302.clemson.cloudlab.us has been running for 0:01:39
2025-07-01 06:03:19 INFO:   - Job: twitter_cluster38-1f49fe37e518959c9ccf82662b640f48 on clnode290.clemson.cloudlab.us has been running for 0:01:39
2025-07-01 06:03:19 INFO:   - Job: twitter_cluster38-52986173aa45a8365ddce6cf3bb1be40 on clnode290.clemson.cloudlab.us has been running for 0:01:39
2025-07-01 06:03:19 INFO:   - Job: twitter_cluster38-9607f98485cebb21f4050bcafbe6f726 on clnode287.clemson.cloudlab.us has been running for 0:01:39
2025-07-01 06:03:19 INFO:   - Job: twitter_cluster38-a578d8221827c7d1b4d3bbdf5ae021cd on clnode302.clemson.cloudlab.us has been running for 0:01:39
2025-07-01 06:03:19 INFO: ----------------------------
2025-07-01 06:03:19 INFO: Dumping current state to scheduler_state.json...
2025-07-01 06:03:25 INFO: STATUS: 0 ToDo, 15 Running, 1510 Finished, 0 Failed.
2025-07-01 06:03:25 INFO: Loop finished. Sleeping for 60 seconds.
2025-07-01 06:04:37 INFO: --- System-wide Resource Utilization ---
2025-07-01 06:04:38 INFO:   - Host: clnode302.clemson.cloudlab.us  CPU Util:   2.1% | Mem Free:  84.0%
2025-07-01 06:04:39 INFO:   - Host: clnode290.clemson.cloudlab.us  CPU Util:   5.2% | Mem Free:  68.6%
2025-07-01 06:04:39 INFO:   - Host: clnode303.clemson.cloudlab.us  CPU Util:   2.1% | Mem Free:  87.8%
2025-07-01 06:04:40 INFO:   - Host: clnode287.clemson.cloudlab.us  CPU Util:   4.2% | Mem Free:  83.5%
2025-07-01 06:04:40 INFO:   - Host: clnode301.clemson.cloudlab.us  CPU Util:   1.2% | Mem Free:  90.7%
2025-07-01 06:04:41 INFO:   - Host: clnode286.clemson.cloudlab.us  CPU Util:   2.2% | Mem Free:  86.2%
2025-07-01 06:04:41 INFO: ----------------------------------------
2025-07-01 06:04:41 INFO: --- Running Job Runtimes ---
2025-07-01 06:04:41 INFO:   - Job: twitter_cluster41-eca32db3a96e4fbe0932861eb821ab0d on clnode287.clemson.cloudlab.us has been running for 0:05:11
2025-07-01 06:04:41 INFO:   - Job: twitter_cluster38-29a4086da0d6d7d60d1dfeb002cb9c3d on clnode303.clemson.cloudlab.us has been running for 0:03:01
2025-07-01 06:04:41 INFO:   - Job: twitter_cluster38-1637bac994bd3009e55ce25a36c9e1a2 on clnode290.clemson.cloudlab.us has been running for 0:03:01
2025-07-01 06:04:41 INFO:   - Job: twitter_cluster38-346473d2c745b2f4a4a9699ff814b19f on clnode290.clemson.cloudlab.us has been running for 0:03:01
2025-07-01 06:04:41 INFO:   - Job: twitter_cluster38-58a9315bee4433060311de1eabd4be42 on clnode287.clemson.cloudlab.us has been running for 0:03:01
2025-07-01 06:04:41 INFO:   - Job: twitter_cluster38-14c5cf93ee3fefc79a3a15a882ba8c72 on clnode290.clemson.cloudlab.us has been running for 0:03:01
2025-07-01 06:04:41 INFO:   - Job: twitter_cluster38-1c56d4d1e9df3be1645048a44a9b7626 on clnode303.clemson.cloudlab.us has been running for 0:03:01
2025-07-01 06:04:41 INFO:   - Job: twitter_cluster38-aad9c61cc44a4df3efa1f5e13b096f8c on clnode286.clemson.cloudlab.us has been running for 0:03:01
2025-07-01 06:04:41 INFO:   - Job: twitter_cluster38-b2acd4030d14d64916f5b7dda9440a28 on clnode286.clemson.cloudlab.us has been running for 0:03:01
2025-07-01 06:04:41 INFO:   - Job: twitter_cluster38-19c28e27ddb6434a1f58f4959bafb3b8 on clnode301.clemson.cloudlab.us has been running for 0:03:01
2025-07-01 06:04:41 INFO:   - Job: twitter_cluster38-9ec28ecc3d82e3ff69cbd3b4218afabf on clnode302.clemson.cloudlab.us has been running for 0:03:01
2025-07-01 06:04:41 INFO:   - Job: twitter_cluster38-1f49fe37e518959c9ccf82662b640f48 on clnode290.clemson.cloudlab.us has been running for 0:03:01
2025-07-01 06:04:41 INFO:   - Job: twitter_cluster38-52986173aa45a8365ddce6cf3bb1be40 on clnode290.clemson.cloudlab.us has been running for 0:03:01
2025-07-01 06:04:41 INFO:   - Job: twitter_cluster38-9607f98485cebb21f4050bcafbe6f726 on clnode287.clemson.cloudlab.us has been running for 0:03:01
2025-07-01 06:04:41 INFO:   - Job: twitter_cluster38-a578d8221827c7d1b4d3bbdf5ae021cd on clnode302.clemson.cloudlab.us has been running for 0:03:01
2025-07-01 06:04:41 INFO: ----------------------------
2025-07-01 06:04:41 INFO: Dumping current state to scheduler_state.json...
2025-07-01 06:04:47 INFO: STATUS: 0 ToDo, 15 Running, 1510 Finished, 0 Failed.
2025-07-01 06:04:47 INFO: Loop finished. Sleeping for 60 seconds.
2025-07-01 06:06:00 INFO: --- System-wide Resource Utilization ---
2025-07-01 06:06:00 INFO:   - Host: clnode302.clemson.cloudlab.us  CPU Util:   2.2% | Mem Free:  80.9%
2025-07-01 06:06:01 INFO:   - Host: clnode290.clemson.cloudlab.us  CPU Util:   5.1% | Mem Free:  62.1%
2025-07-01 06:06:01 INFO:   - Host: clnode303.clemson.cloudlab.us  CPU Util:   2.2% | Mem Free:  85.4%
2025-07-01 06:06:02 INFO:   - Host: clnode287.clemson.cloudlab.us  CPU Util:   3.6% | Mem Free:  79.7%
2025-07-01 06:06:02 INFO:   - Host: clnode301.clemson.cloudlab.us  CPU Util:   1.1% | Mem Free:  88.4%
2025-07-01 06:06:03 INFO:   - Host: clnode286.clemson.cloudlab.us  CPU Util:   2.1% | Mem Free:  84.5%
2025-07-01 06:06:03 INFO: ----------------------------------------
2025-07-01 06:06:03 INFO: --- Running Job Runtimes ---
2025-07-01 06:06:03 INFO:   - Job: twitter_cluster41-eca32db3a96e4fbe0932861eb821ab0d on clnode287.clemson.cloudlab.us has been running for 0:06:33
2025-07-01 06:06:03 INFO:   - Job: twitter_cluster38-29a4086da0d6d7d60d1dfeb002cb9c3d on clnode303.clemson.cloudlab.us has been running for 0:04:23
2025-07-01 06:06:03 INFO:   - Job: twitter_cluster38-1637bac994bd3009e55ce25a36c9e1a2 on clnode290.clemson.cloudlab.us has been running for 0:04:23
2025-07-01 06:06:03 INFO:   - Job: twitter_cluster38-346473d2c745b2f4a4a9699ff814b19f on clnode290.clemson.cloudlab.us has been running for 0:04:23
2025-07-01 06:06:03 INFO:   - Job: twitter_cluster38-58a9315bee4433060311de1eabd4be42 on clnode287.clemson.cloudlab.us has been running for 0:04:23
2025-07-01 06:06:03 INFO:   - Job: twitter_cluster38-14c5cf93ee3fefc79a3a15a882ba8c72 on clnode290.clemson.cloudlab.us has been running for 0:04:23
2025-07-01 06:06:03 INFO:   - Job: twitter_cluster38-1c56d4d1e9df3be1645048a44a9b7626 on clnode303.clemson.cloudlab.us has been running for 0:04:23
2025-07-01 06:06:03 INFO:   - Job: twitter_cluster38-aad9c61cc44a4df3efa1f5e13b096f8c on clnode286.clemson.cloudlab.us has been running for 0:04:23
2025-07-01 06:06:03 INFO:   - Job: twitter_cluster38-b2acd4030d14d64916f5b7dda9440a28 on clnode286.clemson.cloudlab.us has been running for 0:04:23
2025-07-01 06:06:03 INFO:   - Job: twitter_cluster38-19c28e27ddb6434a1f58f4959bafb3b8 on clnode301.clemson.cloudlab.us has been running for 0:04:23
2025-07-01 06:06:03 INFO:   - Job: twitter_cluster38-9ec28ecc3d82e3ff69cbd3b4218afabf on clnode302.clemson.cloudlab.us has been running for 0:04:23
2025-07-01 06:06:03 INFO:   - Job: twitter_cluster38-1f49fe37e518959c9ccf82662b640f48 on clnode290.clemson.cloudlab.us has been running for 0:04:23
2025-07-01 06:06:03 INFO:   - Job: twitter_cluster38-52986173aa45a8365ddce6cf3bb1be40 on clnode290.clemson.cloudlab.us has been running for 0:04:23
2025-07-01 06:06:03 INFO:   - Job: twitter_cluster38-9607f98485cebb21f4050bcafbe6f726 on clnode287.clemson.cloudlab.us has been running for 0:04:23
2025-07-01 06:06:03 INFO:   - Job: twitter_cluster38-a578d8221827c7d1b4d3bbdf5ae021cd on clnode302.clemson.cloudlab.us has been running for 0:04:23
2025-07-01 06:06:03 INFO: ----------------------------
2025-07-01 06:06:03 INFO: Dumping current state to scheduler_state.json...
2025-07-01 06:06:09 INFO: STATUS: 0 ToDo, 15 Running, 1510 Finished, 0 Failed.
2025-07-01 06:06:09 INFO: Loop finished. Sleeping for 60 seconds.
2025-07-01 06:07:21 INFO: --- System-wide Resource Utilization ---
2025-07-01 06:07:22 INFO:   - Host: clnode302.clemson.cloudlab.us  CPU Util:   2.1% | Mem Free:  80.9%
2025-07-01 06:07:22 INFO:   - Host: clnode290.clemson.cloudlab.us  CPU Util:   5.3% | Mem Free:  61.8%
2025-07-01 06:07:23 INFO:   - Host: clnode303.clemson.cloudlab.us  CPU Util:   2.0% | Mem Free:  84.5%
2025-07-01 06:07:24 INFO:   - Host: clnode287.clemson.cloudlab.us  CPU Util:   3.0% | Mem Free:  78.3%
2025-07-01 06:07:24 INFO:   - Host: clnode301.clemson.cloudlab.us  CPU Util:   1.0% | Mem Free:  88.4%
2025-07-01 06:07:25 INFO:   - Host: clnode286.clemson.cloudlab.us  CPU Util:   2.0% | Mem Free:  84.5%
2025-07-01 06:07:25 INFO: ----------------------------------------
2025-07-01 06:07:25 INFO: --- Running Job Runtimes ---
2025-07-01 06:07:25 INFO:   - Job: twitter_cluster41-eca32db3a96e4fbe0932861eb821ab0d on clnode287.clemson.cloudlab.us has been running for 0:07:55
2025-07-01 06:07:25 INFO:   - Job: twitter_cluster38-29a4086da0d6d7d60d1dfeb002cb9c3d on clnode303.clemson.cloudlab.us has been running for 0:05:45
2025-07-01 06:07:25 INFO:   - Job: twitter_cluster38-1637bac994bd3009e55ce25a36c9e1a2 on clnode290.clemson.cloudlab.us has been running for 0:05:45
2025-07-01 06:07:25 INFO:   - Job: twitter_cluster38-346473d2c745b2f4a4a9699ff814b19f on clnode290.clemson.cloudlab.us has been running for 0:05:45
2025-07-01 06:07:25 INFO:   - Job: twitter_cluster38-58a9315bee4433060311de1eabd4be42 on clnode287.clemson.cloudlab.us has been running for 0:05:45
2025-07-01 06:07:25 INFO:   - Job: twitter_cluster38-14c5cf93ee3fefc79a3a15a882ba8c72 on clnode290.clemson.cloudlab.us has been running for 0:05:45
2025-07-01 06:07:25 INFO:   - Job: twitter_cluster38-1c56d4d1e9df3be1645048a44a9b7626 on clnode303.clemson.cloudlab.us has been running for 0:05:45
2025-07-01 06:07:25 INFO:   - Job: twitter_cluster38-aad9c61cc44a4df3efa1f5e13b096f8c on clnode286.clemson.cloudlab.us has been running for 0:05:45
2025-07-01 06:07:25 INFO:   - Job: twitter_cluster38-b2acd4030d14d64916f5b7dda9440a28 on clnode286.clemson.cloudlab.us has been running for 0:05:45
2025-07-01 06:07:25 INFO:   - Job: twitter_cluster38-19c28e27ddb6434a1f58f4959bafb3b8 on clnode301.clemson.cloudlab.us has been running for 0:05:45
2025-07-01 06:07:25 INFO:   - Job: twitter_cluster38-9ec28ecc3d82e3ff69cbd3b4218afabf on clnode302.clemson.cloudlab.us has been running for 0:05:45
2025-07-01 06:07:25 INFO:   - Job: twitter_cluster38-1f49fe37e518959c9ccf82662b640f48 on clnode290.clemson.cloudlab.us has been running for 0:05:45
2025-07-01 06:07:25 INFO:   - Job: twitter_cluster38-52986173aa45a8365ddce6cf3bb1be40 on clnode290.clemson.cloudlab.us has been running for 0:05:45
2025-07-01 06:07:25 INFO:   - Job: twitter_cluster38-9607f98485cebb21f4050bcafbe6f726 on clnode287.clemson.cloudlab.us has been running for 0:05:45
2025-07-01 06:07:25 INFO:   - Job: twitter_cluster38-a578d8221827c7d1b4d3bbdf5ae021cd on clnode302.clemson.cloudlab.us has been running for 0:05:45
2025-07-01 06:07:25 INFO: ----------------------------
2025-07-01 06:07:25 INFO: Dumping current state to scheduler_state.json...
2025-07-01 06:07:31 INFO: STATUS: 0 ToDo, 15 Running, 1510 Finished, 0 Failed.
2025-07-01 06:07:31 INFO: Loop finished. Sleeping for 60 seconds.
2025-07-01 06:08:43 INFO: --- System-wide Resource Utilization ---
2025-07-01 06:08:44 INFO:   - Host: clnode302.clemson.cloudlab.us  CPU Util:   2.0% | Mem Free:  80.8%
2025-07-01 06:08:44 INFO:   - Host: clnode290.clemson.cloudlab.us  CPU Util:   5.1% | Mem Free:  61.8%
2025-07-01 06:08:45 INFO:   - Host: clnode303.clemson.cloudlab.us  CPU Util:   2.1% | Mem Free:  84.5%
2025-07-01 06:08:46 INFO:   - Host: clnode287.clemson.cloudlab.us  CPU Util:   3.7% | Mem Free:  78.2%
2025-07-01 06:08:46 INFO:   - Host: clnode301.clemson.cloudlab.us  CPU Util:   1.0% | Mem Free:  88.4%
2025-07-01 06:08:47 INFO:   - Host: clnode286.clemson.cloudlab.us  CPU Util:   2.1% | Mem Free:  84.5%
2025-07-01 06:08:47 INFO: ----------------------------------------
2025-07-01 06:08:47 INFO: --- Running Job Runtimes ---
2025-07-01 06:08:47 INFO:   - Job: twitter_cluster41-eca32db3a96e4fbe0932861eb821ab0d on clnode287.clemson.cloudlab.us has been running for 0:09:17
2025-07-01 06:08:47 INFO:   - Job: twitter_cluster38-29a4086da0d6d7d60d1dfeb002cb9c3d on clnode303.clemson.cloudlab.us has been running for 0:07:07
2025-07-01 06:08:47 INFO:   - Job: twitter_cluster38-1637bac994bd3009e55ce25a36c9e1a2 on clnode290.clemson.cloudlab.us has been running for 0:07:07
2025-07-01 06:08:47 INFO:   - Job: twitter_cluster38-346473d2c745b2f4a4a9699ff814b19f on clnode290.clemson.cloudlab.us has been running for 0:07:07
2025-07-01 06:08:47 INFO:   - Job: twitter_cluster38-58a9315bee4433060311de1eabd4be42 on clnode287.clemson.cloudlab.us has been running for 0:07:07
2025-07-01 06:08:47 INFO:   - Job: twitter_cluster38-14c5cf93ee3fefc79a3a15a882ba8c72 on clnode290.clemson.cloudlab.us has been running for 0:07:07
2025-07-01 06:08:47 INFO:   - Job: twitter_cluster38-1c56d4d1e9df3be1645048a44a9b7626 on clnode303.clemson.cloudlab.us has been running for 0:07:07
2025-07-01 06:08:47 INFO:   - Job: twitter_cluster38-aad9c61cc44a4df3efa1f5e13b096f8c on clnode286.clemson.cloudlab.us has been running for 0:07:07
2025-07-01 06:08:47 INFO:   - Job: twitter_cluster38-b2acd4030d14d64916f5b7dda9440a28 on clnode286.clemson.cloudlab.us has been running for 0:07:07
2025-07-01 06:08:47 INFO:   - Job: twitter_cluster38-19c28e27ddb6434a1f58f4959bafb3b8 on clnode301.clemson.cloudlab.us has been running for 0:07:07
2025-07-01 06:08:47 INFO:   - Job: twitter_cluster38-9ec28ecc3d82e3ff69cbd3b4218afabf on clnode302.clemson.cloudlab.us has been running for 0:07:07
2025-07-01 06:08:47 INFO:   - Job: twitter_cluster38-1f49fe37e518959c9ccf82662b640f48 on clnode290.clemson.cloudlab.us has been running for 0:07:07
2025-07-01 06:08:47 INFO:   - Job: twitter_cluster38-52986173aa45a8365ddce6cf3bb1be40 on clnode290.clemson.cloudlab.us has been running for 0:07:07
2025-07-01 06:08:47 INFO:   - Job: twitter_cluster38-9607f98485cebb21f4050bcafbe6f726 on clnode287.clemson.cloudlab.us has been running for 0:07:07
2025-07-01 06:08:47 INFO:   - Job: twitter_cluster38-a578d8221827c7d1b4d3bbdf5ae021cd on clnode302.clemson.cloudlab.us has been running for 0:07:07
2025-07-01 06:08:47 INFO: ----------------------------
2025-07-01 06:08:47 INFO: Dumping current state to scheduler_state.json...
2025-07-01 06:08:53 INFO: STATUS: 0 ToDo, 15 Running, 1510 Finished, 0 Failed.
2025-07-01 06:08:53 INFO: Loop finished. Sleeping for 60 seconds.
2025-07-01 06:10:05 INFO: --- System-wide Resource Utilization ---
2025-07-01 06:10:06 INFO:   - Host: clnode302.clemson.cloudlab.us  CPU Util:   2.1% | Mem Free:  80.8%
2025-07-01 06:10:06 INFO:   - Host: clnode290.clemson.cloudlab.us  CPU Util:   5.3% | Mem Free:  61.8%
2025-07-01 06:10:07 INFO:   - Host: clnode303.clemson.cloudlab.us  CPU Util:   2.0% | Mem Free:  84.5%
2025-07-01 06:10:07 INFO:   - Host: clnode287.clemson.cloudlab.us  CPU Util:   3.2% | Mem Free:  78.2%
2025-07-01 06:10:08 INFO:   - Host: clnode301.clemson.cloudlab.us  CPU Util:   1.0% | Mem Free:  88.4%
2025-07-01 06:10:08 INFO:   - Host: clnode286.clemson.cloudlab.us  CPU Util:   2.0% | Mem Free:  84.5%
2025-07-01 06:10:08 INFO: ----------------------------------------
2025-07-01 06:10:08 INFO: --- Running Job Runtimes ---
2025-07-01 06:10:08 INFO:   - Job: twitter_cluster41-eca32db3a96e4fbe0932861eb821ab0d on clnode287.clemson.cloudlab.us has been running for 0:10:38
2025-07-01 06:10:08 INFO:   - Job: twitter_cluster38-29a4086da0d6d7d60d1dfeb002cb9c3d on clnode303.clemson.cloudlab.us has been running for 0:08:29
2025-07-01 06:10:08 INFO:   - Job: twitter_cluster38-1637bac994bd3009e55ce25a36c9e1a2 on clnode290.clemson.cloudlab.us has been running for 0:08:29
2025-07-01 06:10:08 INFO:   - Job: twitter_cluster38-346473d2c745b2f4a4a9699ff814b19f on clnode290.clemson.cloudlab.us has been running for 0:08:29
2025-07-01 06:10:08 INFO:   - Job: twitter_cluster38-58a9315bee4433060311de1eabd4be42 on clnode287.clemson.cloudlab.us has been running for 0:08:29
2025-07-01 06:10:08 INFO:   - Job: twitter_cluster38-14c5cf93ee3fefc79a3a15a882ba8c72 on clnode290.clemson.cloudlab.us has been running for 0:08:29
2025-07-01 06:10:08 INFO:   - Job: twitter_cluster38-1c56d4d1e9df3be1645048a44a9b7626 on clnode303.clemson.cloudlab.us has been running for 0:08:29
2025-07-01 06:10:08 INFO:   - Job: twitter_cluster38-aad9c61cc44a4df3efa1f5e13b096f8c on clnode286.clemson.cloudlab.us has been running for 0:08:29
2025-07-01 06:10:08 INFO:   - Job: twitter_cluster38-b2acd4030d14d64916f5b7dda9440a28 on clnode286.clemson.cloudlab.us has been running for 0:08:29
2025-07-01 06:10:08 INFO:   - Job: twitter_cluster38-19c28e27ddb6434a1f58f4959bafb3b8 on clnode301.clemson.cloudlab.us has been running for 0:08:29
2025-07-01 06:10:08 INFO:   - Job: twitter_cluster38-9ec28ecc3d82e3ff69cbd3b4218afabf on clnode302.clemson.cloudlab.us has been running for 0:08:29
2025-07-01 06:10:08 INFO:   - Job: twitter_cluster38-1f49fe37e518959c9ccf82662b640f48 on clnode290.clemson.cloudlab.us has been running for 0:08:29
2025-07-01 06:10:08 INFO:   - Job: twitter_cluster38-52986173aa45a8365ddce6cf3bb1be40 on clnode290.clemson.cloudlab.us has been running for 0:08:29
2025-07-01 06:10:08 INFO:   - Job: twitter_cluster38-9607f98485cebb21f4050bcafbe6f726 on clnode287.clemson.cloudlab.us has been running for 0:08:29
2025-07-01 06:10:08 INFO:   - Job: twitter_cluster38-a578d8221827c7d1b4d3bbdf5ae021cd on clnode302.clemson.cloudlab.us has been running for 0:08:29
2025-07-01 06:10:08 INFO: ----------------------------
2025-07-01 06:10:08 INFO: Dumping current state to scheduler_state.json...
2025-07-01 06:10:15 INFO: STATUS: 0 ToDo, 15 Running, 1510 Finished, 0 Failed.
2025-07-01 06:10:15 INFO: Loop finished. Sleeping for 60 seconds.
2025-07-01 06:11:27 INFO: --- System-wide Resource Utilization ---
2025-07-01 06:11:28 INFO:   - Host: clnode302.clemson.cloudlab.us  CPU Util:   2.0% | Mem Free:  80.8%
2025-07-01 06:11:28 INFO:   - Host: clnode290.clemson.cloudlab.us  CPU Util:   5.1% | Mem Free:  61.8%
2025-07-01 06:11:29 INFO:   - Host: clnode303.clemson.cloudlab.us  CPU Util:   2.0% | Mem Free:  84.5%
2025-07-01 06:11:29 INFO:   - Host: clnode287.clemson.cloudlab.us  CPU Util:   3.6% | Mem Free:  78.2%
2025-07-01 06:11:30 INFO:   - Host: clnode301.clemson.cloudlab.us  CPU Util:   1.2% | Mem Free:  88.4%
2025-07-01 06:11:30 INFO:   - Host: clnode286.clemson.cloudlab.us  CPU Util:   2.0% | Mem Free:  84.5%
2025-07-01 06:11:30 INFO: ----------------------------------------
2025-07-01 06:11:30 INFO: --- Running Job Runtimes ---
2025-07-01 06:11:30 INFO:   - Job: twitter_cluster41-eca32db3a96e4fbe0932861eb821ab0d on clnode287.clemson.cloudlab.us has been running for 0:12:01
2025-07-01 06:11:30 INFO:   - Job: twitter_cluster38-29a4086da0d6d7d60d1dfeb002cb9c3d on clnode303.clemson.cloudlab.us has been running for 0:09:51
2025-07-01 06:11:30 INFO:   - Job: twitter_cluster38-1637bac994bd3009e55ce25a36c9e1a2 on clnode290.clemson.cloudlab.us has been running for 0:09:51
2025-07-01 06:11:30 INFO:   - Job: twitter_cluster38-346473d2c745b2f4a4a9699ff814b19f on clnode290.clemson.cloudlab.us has been running for 0:09:51
2025-07-01 06:11:30 INFO:   - Job: twitter_cluster38-58a9315bee4433060311de1eabd4be42 on clnode287.clemson.cloudlab.us has been running for 0:09:51
2025-07-01 06:11:30 INFO:   - Job: twitter_cluster38-14c5cf93ee3fefc79a3a15a882ba8c72 on clnode290.clemson.cloudlab.us has been running for 0:09:51
2025-07-01 06:11:30 INFO:   - Job: twitter_cluster38-1c56d4d1e9df3be1645048a44a9b7626 on clnode303.clemson.cloudlab.us has been running for 0:09:51
2025-07-01 06:11:30 INFO:   - Job: twitter_cluster38-aad9c61cc44a4df3efa1f5e13b096f8c on clnode286.clemson.cloudlab.us has been running for 0:09:51
2025-07-01 06:11:30 INFO:   - Job: twitter_cluster38-b2acd4030d14d64916f5b7dda9440a28 on clnode286.clemson.cloudlab.us has been running for 0:09:51
2025-07-01 06:11:30 INFO:   - Job: twitter_cluster38-19c28e27ddb6434a1f58f4959bafb3b8 on clnode301.clemson.cloudlab.us has been running for 0:09:51
2025-07-01 06:11:30 INFO:   - Job: twitter_cluster38-9ec28ecc3d82e3ff69cbd3b4218afabf on clnode302.clemson.cloudlab.us has been running for 0:09:51
2025-07-01 06:11:30 INFO:   - Job: twitter_cluster38-1f49fe37e518959c9ccf82662b640f48 on clnode290.clemson.cloudlab.us has been running for 0:09:51
2025-07-01 06:11:30 INFO:   - Job: twitter_cluster38-52986173aa45a8365ddce6cf3bb1be40 on clnode290.clemson.cloudlab.us has been running for 0:09:51
2025-07-01 06:11:30 INFO:   - Job: twitter_cluster38-9607f98485cebb21f4050bcafbe6f726 on clnode287.clemson.cloudlab.us has been running for 0:09:51
2025-07-01 06:11:30 INFO:   - Job: twitter_cluster38-a578d8221827c7d1b4d3bbdf5ae021cd on clnode302.clemson.cloudlab.us has been running for 0:09:51
2025-07-01 06:11:30 INFO: ----------------------------
2025-07-01 06:11:30 INFO: Dumping current state to scheduler_state.json...
2025-07-01 06:11:37 INFO: STATUS: 0 ToDo, 15 Running, 1510 Finished, 0 Failed.
2025-07-01 06:11:37 INFO: Loop finished. Sleeping for 60 seconds.
2025-07-01 06:12:49 INFO: --- System-wide Resource Utilization ---
2025-07-01 06:12:50 INFO:   - Host: clnode302.clemson.cloudlab.us  CPU Util:   2.1% | Mem Free:  80.8%
2025-07-01 06:12:50 INFO:   - Host: clnode290.clemson.cloudlab.us  CPU Util:   5.1% | Mem Free:  61.8%
2025-07-01 06:12:51 INFO:   - Host: clnode303.clemson.cloudlab.us  CPU Util:   2.1% | Mem Free:  84.5%
2025-07-01 06:12:52 INFO:   - Host: clnode287.clemson.cloudlab.us  CPU Util:   3.1% | Mem Free:  78.2%
2025-07-01 06:12:52 INFO:   - Host: clnode301.clemson.cloudlab.us  CPU Util:   1.1% | Mem Free:  88.4%
2025-07-01 06:12:53 INFO:   - Host: clnode286.clemson.cloudlab.us  CPU Util:   2.0% | Mem Free:  84.5%
2025-07-01 06:12:53 INFO: ----------------------------------------
2025-07-01 06:12:53 INFO: --- Running Job Runtimes ---
2025-07-01 06:12:53 INFO:   - Job: twitter_cluster41-eca32db3a96e4fbe0932861eb821ab0d on clnode287.clemson.cloudlab.us has been running for 0:13:23
2025-07-01 06:12:53 INFO:   - Job: twitter_cluster38-29a4086da0d6d7d60d1dfeb002cb9c3d on clnode303.clemson.cloudlab.us has been running for 0:11:13
2025-07-01 06:12:53 INFO:   - Job: twitter_cluster38-1637bac994bd3009e55ce25a36c9e1a2 on clnode290.clemson.cloudlab.us has been running for 0:11:13
2025-07-01 06:12:53 INFO:   - Job: twitter_cluster38-346473d2c745b2f4a4a9699ff814b19f on clnode290.clemson.cloudlab.us has been running for 0:11:13
2025-07-01 06:12:53 INFO:   - Job: twitter_cluster38-58a9315bee4433060311de1eabd4be42 on clnode287.clemson.cloudlab.us has been running for 0:11:13
2025-07-01 06:12:53 INFO:   - Job: twitter_cluster38-14c5cf93ee3fefc79a3a15a882ba8c72 on clnode290.clemson.cloudlab.us has been running for 0:11:13
2025-07-01 06:12:53 INFO:   - Job: twitter_cluster38-1c56d4d1e9df3be1645048a44a9b7626 on clnode303.clemson.cloudlab.us has been running for 0:11:13
2025-07-01 06:12:53 INFO:   - Job: twitter_cluster38-aad9c61cc44a4df3efa1f5e13b096f8c on clnode286.clemson.cloudlab.us has been running for 0:11:13
2025-07-01 06:12:53 INFO:   - Job: twitter_cluster38-b2acd4030d14d64916f5b7dda9440a28 on clnode286.clemson.cloudlab.us has been running for 0:11:13
2025-07-01 06:12:53 INFO:   - Job: twitter_cluster38-19c28e27ddb6434a1f58f4959bafb3b8 on clnode301.clemson.cloudlab.us has been running for 0:11:13
2025-07-01 06:12:53 INFO:   - Job: twitter_cluster38-9ec28ecc3d82e3ff69cbd3b4218afabf on clnode302.clemson.cloudlab.us has been running for 0:11:13
2025-07-01 06:12:53 INFO:   - Job: twitter_cluster38-1f49fe37e518959c9ccf82662b640f48 on clnode290.clemson.cloudlab.us has been running for 0:11:13
2025-07-01 06:12:53 INFO:   - Job: twitter_cluster38-52986173aa45a8365ddce6cf3bb1be40 on clnode290.clemson.cloudlab.us has been running for 0:11:13
2025-07-01 06:12:53 INFO:   - Job: twitter_cluster38-9607f98485cebb21f4050bcafbe6f726 on clnode287.clemson.cloudlab.us has been running for 0:11:13
2025-07-01 06:12:53 INFO:   - Job: twitter_cluster38-a578d8221827c7d1b4d3bbdf5ae021cd on clnode302.clemson.cloudlab.us has been running for 0:11:13
2025-07-01 06:12:53 INFO: ----------------------------
2025-07-01 06:12:53 INFO: Dumping current state to scheduler_state.json...
2025-07-01 06:12:59 INFO: STATUS: 0 ToDo, 15 Running, 1510 Finished, 0 Failed.
2025-07-01 06:12:59 INFO: Loop finished. Sleeping for 60 seconds.
2025-07-01 06:14:12 INFO: --- System-wide Resource Utilization ---
2025-07-01 06:14:12 INFO:   - Host: clnode302.clemson.cloudlab.us  CPU Util:   2.1% | Mem Free:  80.9%
2025-07-01 06:14:13 INFO:   - Host: clnode290.clemson.cloudlab.us  CPU Util:   5.5% | Mem Free:  61.8%
2025-07-01 06:14:13 INFO:   - Host: clnode303.clemson.cloudlab.us  CPU Util:   2.0% | Mem Free:  84.5%
2025-07-01 06:14:14 INFO:   - Host: clnode287.clemson.cloudlab.us  CPU Util:   3.5% | Mem Free:  78.2%
2025-07-01 06:14:14 INFO:   - Host: clnode301.clemson.cloudlab.us  CPU Util:   1.0% | Mem Free:  88.4%
2025-07-01 06:14:15 INFO:   - Host: clnode286.clemson.cloudlab.us  CPU Util:   2.0% | Mem Free:  84.5%
2025-07-01 06:14:15 INFO: ----------------------------------------
2025-07-01 06:14:15 INFO: --- Running Job Runtimes ---
2025-07-01 06:14:15 INFO:   - Job: twitter_cluster41-eca32db3a96e4fbe0932861eb821ab0d on clnode287.clemson.cloudlab.us has been running for 0:14:45
2025-07-01 06:14:15 INFO:   - Job: twitter_cluster38-29a4086da0d6d7d60d1dfeb002cb9c3d on clnode303.clemson.cloudlab.us has been running for 0:12:35
2025-07-01 06:14:15 INFO:   - Job: twitter_cluster38-1637bac994bd3009e55ce25a36c9e1a2 on clnode290.clemson.cloudlab.us has been running for 0:12:35
2025-07-01 06:14:15 INFO:   - Job: twitter_cluster38-346473d2c745b2f4a4a9699ff814b19f on clnode290.clemson.cloudlab.us has been running for 0:12:35
2025-07-01 06:14:15 INFO:   - Job: twitter_cluster38-58a9315bee4433060311de1eabd4be42 on clnode287.clemson.cloudlab.us has been running for 0:12:35
2025-07-01 06:14:15 INFO:   - Job: twitter_cluster38-14c5cf93ee3fefc79a3a15a882ba8c72 on clnode290.clemson.cloudlab.us has been running for 0:12:35
2025-07-01 06:14:15 INFO:   - Job: twitter_cluster38-1c56d4d1e9df3be1645048a44a9b7626 on clnode303.clemson.cloudlab.us has been running for 0:12:35
2025-07-01 06:14:15 INFO:   - Job: twitter_cluster38-aad9c61cc44a4df3efa1f5e13b096f8c on clnode286.clemson.cloudlab.us has been running for 0:12:35
2025-07-01 06:14:15 INFO:   - Job: twitter_cluster38-b2acd4030d14d64916f5b7dda9440a28 on clnode286.clemson.cloudlab.us has been running for 0:12:35
2025-07-01 06:14:15 INFO:   - Job: twitter_cluster38-19c28e27ddb6434a1f58f4959bafb3b8 on clnode301.clemson.cloudlab.us has been running for 0:12:35
2025-07-01 06:14:15 INFO:   - Job: twitter_cluster38-9ec28ecc3d82e3ff69cbd3b4218afabf on clnode302.clemson.cloudlab.us has been running for 0:12:35
2025-07-01 06:14:15 INFO:   - Job: twitter_cluster38-1f49fe37e518959c9ccf82662b640f48 on clnode290.clemson.cloudlab.us has been running for 0:12:35
2025-07-01 06:14:15 INFO:   - Job: twitter_cluster38-52986173aa45a8365ddce6cf3bb1be40 on clnode290.clemson.cloudlab.us has been running for 0:12:35
2025-07-01 06:14:15 INFO:   - Job: twitter_cluster38-9607f98485cebb21f4050bcafbe6f726 on clnode287.clemson.cloudlab.us has been running for 0:12:35
2025-07-01 06:14:15 INFO:   - Job: twitter_cluster38-a578d8221827c7d1b4d3bbdf5ae021cd on clnode302.clemson.cloudlab.us has been running for 0:12:35
2025-07-01 06:14:15 INFO: ----------------------------
2025-07-01 06:14:15 INFO: Dumping current state to scheduler_state.json...
2025-07-01 06:14:21 INFO: STATUS: 0 ToDo, 15 Running, 1510 Finished, 0 Failed.
2025-07-01 06:14:21 INFO: Loop finished. Sleeping for 60 seconds.
2025-07-01 06:15:34 INFO: --- System-wide Resource Utilization ---
2025-07-01 06:15:35 INFO:   - Host: clnode302.clemson.cloudlab.us  CPU Util:   2.1% | Mem Free:  80.8%
2025-07-01 06:15:35 INFO:   - Host: clnode290.clemson.cloudlab.us  CPU Util:   5.1% | Mem Free:  61.8%
2025-07-01 06:15:36 INFO:   - Host: clnode303.clemson.cloudlab.us  CPU Util:   2.1% | Mem Free:  84.5%
2025-07-01 06:15:36 INFO:   - Host: clnode287.clemson.cloudlab.us  CPU Util:   3.1% | Mem Free:  78.2%
2025-07-01 06:15:37 INFO:   - Host: clnode301.clemson.cloudlab.us  CPU Util:   1.0% | Mem Free:  88.4%
2025-07-01 06:15:37 INFO:   - Host: clnode286.clemson.cloudlab.us  CPU Util:   2.1% | Mem Free:  84.5%
2025-07-01 06:15:37 INFO: ----------------------------------------
2025-07-01 06:15:37 INFO: --- Running Job Runtimes ---
2025-07-01 06:15:37 INFO:   - Job: twitter_cluster41-eca32db3a96e4fbe0932861eb821ab0d on clnode287.clemson.cloudlab.us has been running for 0:16:07
2025-07-01 06:15:37 INFO:   - Job: twitter_cluster38-29a4086da0d6d7d60d1dfeb002cb9c3d on clnode303.clemson.cloudlab.us has been running for 0:13:58
2025-07-01 06:15:37 INFO:   - Job: twitter_cluster38-1637bac994bd3009e55ce25a36c9e1a2 on clnode290.clemson.cloudlab.us has been running for 0:13:58
2025-07-01 06:15:37 INFO:   - Job: twitter_cluster38-346473d2c745b2f4a4a9699ff814b19f on clnode290.clemson.cloudlab.us has been running for 0:13:58
2025-07-01 06:15:37 INFO:   - Job: twitter_cluster38-58a9315bee4433060311de1eabd4be42 on clnode287.clemson.cloudlab.us has been running for 0:13:58
2025-07-01 06:15:37 INFO:   - Job: twitter_cluster38-14c5cf93ee3fefc79a3a15a882ba8c72 on clnode290.clemson.cloudlab.us has been running for 0:13:58
2025-07-01 06:15:37 INFO:   - Job: twitter_cluster38-1c56d4d1e9df3be1645048a44a9b7626 on clnode303.clemson.cloudlab.us has been running for 0:13:58
2025-07-01 06:15:37 INFO:   - Job: twitter_cluster38-aad9c61cc44a4df3efa1f5e13b096f8c on clnode286.clemson.cloudlab.us has been running for 0:13:58
2025-07-01 06:15:37 INFO:   - Job: twitter_cluster38-b2acd4030d14d64916f5b7dda9440a28 on clnode286.clemson.cloudlab.us has been running for 0:13:58
2025-07-01 06:15:37 INFO:   - Job: twitter_cluster38-19c28e27ddb6434a1f58f4959bafb3b8 on clnode301.clemson.cloudlab.us has been running for 0:13:58
2025-07-01 06:15:37 INFO:   - Job: twitter_cluster38-9ec28ecc3d82e3ff69cbd3b4218afabf on clnode302.clemson.cloudlab.us has been running for 0:13:58
2025-07-01 06:15:37 INFO:   - Job: twitter_cluster38-1f49fe37e518959c9ccf82662b640f48 on clnode290.clemson.cloudlab.us has been running for 0:13:58
2025-07-01 06:15:37 INFO:   - Job: twitter_cluster38-52986173aa45a8365ddce6cf3bb1be40 on clnode290.clemson.cloudlab.us has been running for 0:13:58
2025-07-01 06:15:37 INFO:   - Job: twitter_cluster38-9607f98485cebb21f4050bcafbe6f726 on clnode287.clemson.cloudlab.us has been running for 0:13:58
2025-07-01 06:15:37 INFO:   - Job: twitter_cluster38-a578d8221827c7d1b4d3bbdf5ae021cd on clnode302.clemson.cloudlab.us has been running for 0:13:58
2025-07-01 06:15:37 INFO: ----------------------------
2025-07-01 06:15:37 INFO: Dumping current state to scheduler_state.json...
2025-07-01 06:15:43 INFO: STATUS: 0 ToDo, 15 Running, 1510 Finished, 0 Failed.
2025-07-01 06:15:44 INFO: Loop finished. Sleeping for 60 seconds.
2025-07-01 06:16:56 INFO: --- System-wide Resource Utilization ---
2025-07-01 06:16:57 INFO:   - Host: clnode302.clemson.cloudlab.us  CPU Util:   2.0% | Mem Free:  80.9%
2025-07-01 06:16:57 INFO:   - Host: clnode290.clemson.cloudlab.us  CPU Util:   4.9% | Mem Free:  61.8%
2025-07-01 06:16:58 INFO:   - Host: clnode303.clemson.cloudlab.us  CPU Util:   2.1% | Mem Free:  84.5%
2025-07-01 06:16:58 INFO:   - Host: clnode287.clemson.cloudlab.us  CPU Util:   3.4% | Mem Free:  78.2%
2025-07-01 06:16:59 INFO:   - Host: clnode301.clemson.cloudlab.us  CPU Util:   1.0% | Mem Free:  88.4%
2025-07-01 06:17:00 INFO:   - Host: clnode286.clemson.cloudlab.us  CPU Util:   2.1% | Mem Free:  84.5%
2025-07-01 06:17:00 INFO: ----------------------------------------
2025-07-01 06:17:00 INFO: --- Running Job Runtimes ---
2025-07-01 06:17:00 INFO:   - Job: twitter_cluster41-eca32db3a96e4fbe0932861eb821ab0d on clnode287.clemson.cloudlab.us has been running for 0:17:30
2025-07-01 06:17:00 INFO:   - Job: twitter_cluster38-29a4086da0d6d7d60d1dfeb002cb9c3d on clnode303.clemson.cloudlab.us has been running for 0:15:20
2025-07-01 06:17:00 INFO:   - Job: twitter_cluster38-1637bac994bd3009e55ce25a36c9e1a2 on clnode290.clemson.cloudlab.us has been running for 0:15:20
2025-07-01 06:17:00 INFO:   - Job: twitter_cluster38-346473d2c745b2f4a4a9699ff814b19f on clnode290.clemson.cloudlab.us has been running for 0:15:20
2025-07-01 06:17:00 INFO:   - Job: twitter_cluster38-58a9315bee4433060311de1eabd4be42 on clnode287.clemson.cloudlab.us has been running for 0:15:20
2025-07-01 06:17:00 INFO:   - Job: twitter_cluster38-14c5cf93ee3fefc79a3a15a882ba8c72 on clnode290.clemson.cloudlab.us has been running for 0:15:20
2025-07-01 06:17:00 INFO:   - Job: twitter_cluster38-1c56d4d1e9df3be1645048a44a9b7626 on clnode303.clemson.cloudlab.us has been running for 0:15:20
2025-07-01 06:17:00 INFO:   - Job: twitter_cluster38-aad9c61cc44a4df3efa1f5e13b096f8c on clnode286.clemson.cloudlab.us has been running for 0:15:20
2025-07-01 06:17:00 INFO:   - Job: twitter_cluster38-b2acd4030d14d64916f5b7dda9440a28 on clnode286.clemson.cloudlab.us has been running for 0:15:20
2025-07-01 06:17:00 INFO:   - Job: twitter_cluster38-19c28e27ddb6434a1f58f4959bafb3b8 on clnode301.clemson.cloudlab.us has been running for 0:15:20
2025-07-01 06:17:00 INFO:   - Job: twitter_cluster38-9ec28ecc3d82e3ff69cbd3b4218afabf on clnode302.clemson.cloudlab.us has been running for 0:15:20
2025-07-01 06:17:00 INFO:   - Job: twitter_cluster38-1f49fe37e518959c9ccf82662b640f48 on clnode290.clemson.cloudlab.us has been running for 0:15:20
2025-07-01 06:17:00 INFO:   - Job: twitter_cluster38-52986173aa45a8365ddce6cf3bb1be40 on clnode290.clemson.cloudlab.us has been running for 0:15:20
2025-07-01 06:17:00 INFO:   - Job: twitter_cluster38-9607f98485cebb21f4050bcafbe6f726 on clnode287.clemson.cloudlab.us has been running for 0:15:20
2025-07-01 06:17:00 INFO:   - Job: twitter_cluster38-a578d8221827c7d1b4d3bbdf5ae021cd on clnode302.clemson.cloudlab.us has been running for 0:15:20
2025-07-01 06:17:00 INFO: ----------------------------
2025-07-01 06:17:00 INFO: Dumping current state to scheduler_state.json...
2025-07-01 06:17:06 INFO: STATUS: 0 ToDo, 15 Running, 1510 Finished, 0 Failed.
2025-07-01 06:17:06 INFO: Loop finished. Sleeping for 60 seconds.
2025-07-01 06:18:18 INFO: --- System-wide Resource Utilization ---
2025-07-01 06:18:19 INFO:   - Host: clnode302.clemson.cloudlab.us  CPU Util:   2.1% | Mem Free:  80.9%
2025-07-01 06:18:19 INFO:   - Host: clnode290.clemson.cloudlab.us  CPU Util:   5.3% | Mem Free:  61.8%
2025-07-01 06:18:20 INFO:   - Host: clnode303.clemson.cloudlab.us  CPU Util:   2.3% | Mem Free:  84.5%
2025-07-01 06:18:21 INFO:   - Host: clnode287.clemson.cloudlab.us  CPU Util:   3.1% | Mem Free:  78.2%
2025-07-01 06:18:21 INFO:   - Host: clnode301.clemson.cloudlab.us  CPU Util:   1.1% | Mem Free:  88.4%
2025-07-01 06:18:22 INFO:   - Host: clnode286.clemson.cloudlab.us  CPU Util:   2.0% | Mem Free:  84.5%
2025-07-01 06:18:22 INFO: ----------------------------------------
2025-07-01 06:18:22 INFO: --- Running Job Runtimes ---
2025-07-01 06:18:22 INFO:   - Job: twitter_cluster41-eca32db3a96e4fbe0932861eb821ab0d on clnode287.clemson.cloudlab.us has been running for 0:18:52
2025-07-01 06:18:22 INFO:   - Job: twitter_cluster38-29a4086da0d6d7d60d1dfeb002cb9c3d on clnode303.clemson.cloudlab.us has been running for 0:16:42
2025-07-01 06:18:22 INFO:   - Job: twitter_cluster38-1637bac994bd3009e55ce25a36c9e1a2 on clnode290.clemson.cloudlab.us has been running for 0:16:42
2025-07-01 06:18:22 INFO:   - Job: twitter_cluster38-346473d2c745b2f4a4a9699ff814b19f on clnode290.clemson.cloudlab.us has been running for 0:16:42
2025-07-01 06:18:22 INFO:   - Job: twitter_cluster38-58a9315bee4433060311de1eabd4be42 on clnode287.clemson.cloudlab.us has been running for 0:16:42
2025-07-01 06:18:22 INFO:   - Job: twitter_cluster38-14c5cf93ee3fefc79a3a15a882ba8c72 on clnode290.clemson.cloudlab.us has been running for 0:16:42
2025-07-01 06:18:22 INFO:   - Job: twitter_cluster38-1c56d4d1e9df3be1645048a44a9b7626 on clnode303.clemson.cloudlab.us has been running for 0:16:42
2025-07-01 06:18:22 INFO:   - Job: twitter_cluster38-aad9c61cc44a4df3efa1f5e13b096f8c on clnode286.clemson.cloudlab.us has been running for 0:16:42
2025-07-01 06:18:22 INFO:   - Job: twitter_cluster38-b2acd4030d14d64916f5b7dda9440a28 on clnode286.clemson.cloudlab.us has been running for 0:16:42
2025-07-01 06:18:22 INFO:   - Job: twitter_cluster38-19c28e27ddb6434a1f58f4959bafb3b8 on clnode301.clemson.cloudlab.us has been running for 0:16:42
2025-07-01 06:18:22 INFO:   - Job: twitter_cluster38-9ec28ecc3d82e3ff69cbd3b4218afabf on clnode302.clemson.cloudlab.us has been running for 0:16:42
2025-07-01 06:18:22 INFO:   - Job: twitter_cluster38-1f49fe37e518959c9ccf82662b640f48 on clnode290.clemson.cloudlab.us has been running for 0:16:42
2025-07-01 06:18:22 INFO:   - Job: twitter_cluster38-52986173aa45a8365ddce6cf3bb1be40 on clnode290.clemson.cloudlab.us has been running for 0:16:42
2025-07-01 06:18:22 INFO:   - Job: twitter_cluster38-9607f98485cebb21f4050bcafbe6f726 on clnode287.clemson.cloudlab.us has been running for 0:16:42
2025-07-01 06:18:22 INFO:   - Job: twitter_cluster38-a578d8221827c7d1b4d3bbdf5ae021cd on clnode302.clemson.cloudlab.us has been running for 0:16:42
2025-07-01 06:18:22 INFO: ----------------------------
2025-07-01 06:18:22 INFO: Dumping current state to scheduler_state.json...
2025-07-01 06:18:28 INFO: STATUS: 0 ToDo, 15 Running, 1510 Finished, 0 Failed.
2025-07-01 06:18:28 INFO: Loop finished. Sleeping for 60 seconds.
2025-07-01 06:19:40 INFO: --- System-wide Resource Utilization ---
2025-07-01 06:19:41 INFO:   - Host: clnode302.clemson.cloudlab.us  CPU Util:   2.1% | Mem Free:  80.9%
2025-07-01 06:19:41 INFO:   - Host: clnode290.clemson.cloudlab.us  CPU Util:   5.1% | Mem Free:  61.8%
2025-07-01 06:19:42 INFO:   - Host: clnode303.clemson.cloudlab.us  CPU Util:   2.0% | Mem Free:  84.5%
2025-07-01 06:19:42 INFO:   - Host: clnode287.clemson.cloudlab.us  CPU Util:   3.1% | Mem Free:  78.2%
2025-07-01 06:19:43 INFO:   - Host: clnode301.clemson.cloudlab.us  CPU Util:   1.1% | Mem Free:  88.4%
2025-07-01 06:19:44 INFO:   - Host: clnode286.clemson.cloudlab.us  CPU Util:   2.1% | Mem Free:  84.5%
2025-07-01 06:19:44 INFO: ----------------------------------------
2025-07-01 06:19:44 INFO: --- Running Job Runtimes ---
2025-07-01 06:19:44 INFO:   - Job: twitter_cluster41-eca32db3a96e4fbe0932861eb821ab0d on clnode287.clemson.cloudlab.us has been running for 0:20:14
2025-07-01 06:19:44 INFO:   - Job: twitter_cluster38-29a4086da0d6d7d60d1dfeb002cb9c3d on clnode303.clemson.cloudlab.us has been running for 0:18:04
2025-07-01 06:19:44 INFO:   - Job: twitter_cluster38-1637bac994bd3009e55ce25a36c9e1a2 on clnode290.clemson.cloudlab.us has been running for 0:18:04
2025-07-01 06:19:44 INFO:   - Job: twitter_cluster38-346473d2c745b2f4a4a9699ff814b19f on clnode290.clemson.cloudlab.us has been running for 0:18:04
2025-07-01 06:19:44 INFO:   - Job: twitter_cluster38-58a9315bee4433060311de1eabd4be42 on clnode287.clemson.cloudlab.us has been running for 0:18:04
2025-07-01 06:19:44 INFO:   - Job: twitter_cluster38-14c5cf93ee3fefc79a3a15a882ba8c72 on clnode290.clemson.cloudlab.us has been running for 0:18:04
2025-07-01 06:19:44 INFO:   - Job: twitter_cluster38-1c56d4d1e9df3be1645048a44a9b7626 on clnode303.clemson.cloudlab.us has been running for 0:18:04
2025-07-01 06:19:44 INFO:   - Job: twitter_cluster38-aad9c61cc44a4df3efa1f5e13b096f8c on clnode286.clemson.cloudlab.us has been running for 0:18:04
2025-07-01 06:19:44 INFO:   - Job: twitter_cluster38-b2acd4030d14d64916f5b7dda9440a28 on clnode286.clemson.cloudlab.us has been running for 0:18:04
2025-07-01 06:19:44 INFO:   - Job: twitter_cluster38-19c28e27ddb6434a1f58f4959bafb3b8 on clnode301.clemson.cloudlab.us has been running for 0:18:04
2025-07-01 06:19:44 INFO:   - Job: twitter_cluster38-9ec28ecc3d82e3ff69cbd3b4218afabf on clnode302.clemson.cloudlab.us has been running for 0:18:04
2025-07-01 06:19:44 INFO:   - Job: twitter_cluster38-1f49fe37e518959c9ccf82662b640f48 on clnode290.clemson.cloudlab.us has been running for 0:18:04
2025-07-01 06:19:44 INFO:   - Job: twitter_cluster38-52986173aa45a8365ddce6cf3bb1be40 on clnode290.clemson.cloudlab.us has been running for 0:18:04
2025-07-01 06:19:44 INFO:   - Job: twitter_cluster38-9607f98485cebb21f4050bcafbe6f726 on clnode287.clemson.cloudlab.us has been running for 0:18:04
2025-07-01 06:19:44 INFO:   - Job: twitter_cluster38-a578d8221827c7d1b4d3bbdf5ae021cd on clnode302.clemson.cloudlab.us has been running for 0:18:04
2025-07-01 06:19:44 INFO: ----------------------------
2025-07-01 06:19:44 INFO: Dumping current state to scheduler_state.json...
2025-07-01 06:19:50 INFO: STATUS: 0 ToDo, 15 Running, 1510 Finished, 0 Failed.
2025-07-01 06:19:50 INFO: Loop finished. Sleeping for 60 seconds.
2025-07-01 06:21:02 INFO: --- System-wide Resource Utilization ---
2025-07-01 06:21:03 INFO:   - Host: clnode302.clemson.cloudlab.us  CPU Util:   2.1% | Mem Free:  80.9%
2025-07-01 06:21:04 INFO:   - Host: clnode290.clemson.cloudlab.us  CPU Util:   5.3% | Mem Free:  61.8%
2025-07-01 06:21:04 INFO:   - Host: clnode303.clemson.cloudlab.us  CPU Util:   2.1% | Mem Free:  84.5%
2025-07-01 06:21:05 INFO:   - Host: clnode287.clemson.cloudlab.us  CPU Util:   3.0% | Mem Free:  78.2%
2025-07-01 06:21:05 INFO:   - Host: clnode301.clemson.cloudlab.us  CPU Util:   1.1% | Mem Free:  88.4%
2025-07-01 06:21:06 INFO:   - Host: clnode286.clemson.cloudlab.us  CPU Util:   2.0% | Mem Free:  84.5%
2025-07-01 06:21:06 INFO: ----------------------------------------
2025-07-01 06:21:06 INFO: --- Running Job Runtimes ---
2025-07-01 06:21:06 INFO:   - Job: twitter_cluster41-eca32db3a96e4fbe0932861eb821ab0d on clnode287.clemson.cloudlab.us has been running for 0:21:36
2025-07-01 06:21:06 INFO:   - Job: twitter_cluster38-29a4086da0d6d7d60d1dfeb002cb9c3d on clnode303.clemson.cloudlab.us has been running for 0:19:26
2025-07-01 06:21:06 INFO:   - Job: twitter_cluster38-1637bac994bd3009e55ce25a36c9e1a2 on clnode290.clemson.cloudlab.us has been running for 0:19:26
2025-07-01 06:21:06 INFO:   - Job: twitter_cluster38-346473d2c745b2f4a4a9699ff814b19f on clnode290.clemson.cloudlab.us has been running for 0:19:26
2025-07-01 06:21:06 INFO:   - Job: twitter_cluster38-58a9315bee4433060311de1eabd4be42 on clnode287.clemson.cloudlab.us has been running for 0:19:26
2025-07-01 06:21:06 INFO:   - Job: twitter_cluster38-14c5cf93ee3fefc79a3a15a882ba8c72 on clnode290.clemson.cloudlab.us has been running for 0:19:26
2025-07-01 06:21:06 INFO:   - Job: twitter_cluster38-1c56d4d1e9df3be1645048a44a9b7626 on clnode303.clemson.cloudlab.us has been running for 0:19:26
2025-07-01 06:21:06 INFO:   - Job: twitter_cluster38-aad9c61cc44a4df3efa1f5e13b096f8c on clnode286.clemson.cloudlab.us has been running for 0:19:26
2025-07-01 06:21:06 INFO:   - Job: twitter_cluster38-b2acd4030d14d64916f5b7dda9440a28 on clnode286.clemson.cloudlab.us has been running for 0:19:26
2025-07-01 06:21:06 INFO:   - Job: twitter_cluster38-19c28e27ddb6434a1f58f4959bafb3b8 on clnode301.clemson.cloudlab.us has been running for 0:19:26
2025-07-01 06:21:06 INFO:   - Job: twitter_cluster38-9ec28ecc3d82e3ff69cbd3b4218afabf on clnode302.clemson.cloudlab.us has been running for 0:19:26
2025-07-01 06:21:06 INFO:   - Job: twitter_cluster38-1f49fe37e518959c9ccf82662b640f48 on clnode290.clemson.cloudlab.us has been running for 0:19:26
2025-07-01 06:21:06 INFO:   - Job: twitter_cluster38-52986173aa45a8365ddce6cf3bb1be40 on clnode290.clemson.cloudlab.us has been running for 0:19:26
2025-07-01 06:21:06 INFO:   - Job: twitter_cluster38-9607f98485cebb21f4050bcafbe6f726 on clnode287.clemson.cloudlab.us has been running for 0:19:26
2025-07-01 06:21:06 INFO:   - Job: twitter_cluster38-a578d8221827c7d1b4d3bbdf5ae021cd on clnode302.clemson.cloudlab.us has been running for 0:19:26
2025-07-01 06:21:06 INFO: ----------------------------
2025-07-01 06:21:06 INFO: Dumping current state to scheduler_state.json...
2025-07-01 06:21:12 INFO: STATUS: 0 ToDo, 15 Running, 1510 Finished, 0 Failed.
2025-07-01 06:21:12 INFO: Loop finished. Sleeping for 60 seconds.
2025-07-01 06:22:25 INFO: --- System-wide Resource Utilization ---
2025-07-01 06:22:25 INFO:   - Host: clnode302.clemson.cloudlab.us  CPU Util:   2.0% | Mem Free:  80.9%
2025-07-01 06:22:26 INFO:   - Host: clnode290.clemson.cloudlab.us  CPU Util:   4.8% | Mem Free:  61.8%
2025-07-01 06:22:27 INFO:   - Host: clnode303.clemson.cloudlab.us  CPU Util:   2.0% | Mem Free:  84.5%
2025-07-01 06:22:27 INFO:   - Host: clnode287.clemson.cloudlab.us  CPU Util:   3.2% | Mem Free:  78.2%
2025-07-01 06:22:28 INFO:   - Host: clnode301.clemson.cloudlab.us  CPU Util:   1.2% | Mem Free:  88.4%
2025-07-01 06:22:28 INFO:   - Host: clnode286.clemson.cloudlab.us  CPU Util:   2.0% | Mem Free:  84.5%
2025-07-01 06:22:28 INFO: ----------------------------------------
2025-07-01 06:22:28 INFO: --- Running Job Runtimes ---
2025-07-01 06:22:28 INFO:   - Job: twitter_cluster41-eca32db3a96e4fbe0932861eb821ab0d on clnode287.clemson.cloudlab.us has been running for 0:22:58
2025-07-01 06:22:28 INFO:   - Job: twitter_cluster38-29a4086da0d6d7d60d1dfeb002cb9c3d on clnode303.clemson.cloudlab.us has been running for 0:20:48
2025-07-01 06:22:28 INFO:   - Job: twitter_cluster38-1637bac994bd3009e55ce25a36c9e1a2 on clnode290.clemson.cloudlab.us has been running for 0:20:48
2025-07-01 06:22:28 INFO:   - Job: twitter_cluster38-346473d2c745b2f4a4a9699ff814b19f on clnode290.clemson.cloudlab.us has been running for 0:20:48
2025-07-01 06:22:28 INFO:   - Job: twitter_cluster38-58a9315bee4433060311de1eabd4be42 on clnode287.clemson.cloudlab.us has been running for 0:20:48
2025-07-01 06:22:28 INFO:   - Job: twitter_cluster38-14c5cf93ee3fefc79a3a15a882ba8c72 on clnode290.clemson.cloudlab.us has been running for 0:20:48
2025-07-01 06:22:28 INFO:   - Job: twitter_cluster38-1c56d4d1e9df3be1645048a44a9b7626 on clnode303.clemson.cloudlab.us has been running for 0:20:48
2025-07-01 06:22:28 INFO:   - Job: twitter_cluster38-aad9c61cc44a4df3efa1f5e13b096f8c on clnode286.clemson.cloudlab.us has been running for 0:20:48
2025-07-01 06:22:28 INFO:   - Job: twitter_cluster38-b2acd4030d14d64916f5b7dda9440a28 on clnode286.clemson.cloudlab.us has been running for 0:20:48
2025-07-01 06:22:28 INFO:   - Job: twitter_cluster38-19c28e27ddb6434a1f58f4959bafb3b8 on clnode301.clemson.cloudlab.us has been running for 0:20:48
2025-07-01 06:22:28 INFO:   - Job: twitter_cluster38-9ec28ecc3d82e3ff69cbd3b4218afabf on clnode302.clemson.cloudlab.us has been running for 0:20:48
2025-07-01 06:22:28 INFO:   - Job: twitter_cluster38-1f49fe37e518959c9ccf82662b640f48 on clnode290.clemson.cloudlab.us has been running for 0:20:48
2025-07-01 06:22:28 INFO:   - Job: twitter_cluster38-52986173aa45a8365ddce6cf3bb1be40 on clnode290.clemson.cloudlab.us has been running for 0:20:48
2025-07-01 06:22:28 INFO:   - Job: twitter_cluster38-9607f98485cebb21f4050bcafbe6f726 on clnode287.clemson.cloudlab.us has been running for 0:20:48
2025-07-01 06:22:28 INFO:   - Job: twitter_cluster38-a578d8221827c7d1b4d3bbdf5ae021cd on clnode302.clemson.cloudlab.us has been running for 0:20:48
2025-07-01 06:22:28 INFO: ----------------------------
2025-07-01 06:22:28 INFO: Dumping current state to scheduler_state.json...
2025-07-01 06:22:34 INFO: STATUS: 0 ToDo, 15 Running, 1510 Finished, 0 Failed.
2025-07-01 06:22:34 INFO: Loop finished. Sleeping for 60 seconds.
2025-07-01 06:23:47 INFO: --- System-wide Resource Utilization ---
2025-07-01 06:23:47 INFO:   - Host: clnode302.clemson.cloudlab.us  CPU Util:   2.0% | Mem Free:  80.9%
2025-07-01 06:23:48 INFO:   - Host: clnode290.clemson.cloudlab.us  CPU Util:   5.3% | Mem Free:  61.8%
2025-07-01 06:23:49 INFO:   - Host: clnode303.clemson.cloudlab.us  CPU Util:   2.1% | Mem Free:  84.5%
2025-07-01 06:23:49 INFO:   - Host: clnode287.clemson.cloudlab.us  CPU Util:   3.3% | Mem Free:  78.2%
2025-07-01 06:23:50 INFO:   - Host: clnode301.clemson.cloudlab.us  CPU Util:   1.0% | Mem Free:  88.4%
2025-07-01 06:23:50 INFO:   - Host: clnode286.clemson.cloudlab.us  CPU Util:   2.0% | Mem Free:  84.5%
2025-07-01 06:23:50 INFO: ----------------------------------------
2025-07-01 06:23:50 INFO: --- Running Job Runtimes ---
2025-07-01 06:23:50 INFO:   - Job: twitter_cluster41-eca32db3a96e4fbe0932861eb821ab0d on clnode287.clemson.cloudlab.us has been running for 0:24:20
2025-07-01 06:23:50 INFO:   - Job: twitter_cluster38-29a4086da0d6d7d60d1dfeb002cb9c3d on clnode303.clemson.cloudlab.us has been running for 0:22:10
2025-07-01 06:23:50 INFO:   - Job: twitter_cluster38-1637bac994bd3009e55ce25a36c9e1a2 on clnode290.clemson.cloudlab.us has been running for 0:22:10
2025-07-01 06:23:50 INFO:   - Job: twitter_cluster38-346473d2c745b2f4a4a9699ff814b19f on clnode290.clemson.cloudlab.us has been running for 0:22:10
2025-07-01 06:23:50 INFO:   - Job: twitter_cluster38-58a9315bee4433060311de1eabd4be42 on clnode287.clemson.cloudlab.us has been running for 0:22:10
2025-07-01 06:23:50 INFO:   - Job: twitter_cluster38-14c5cf93ee3fefc79a3a15a882ba8c72 on clnode290.clemson.cloudlab.us has been running for 0:22:10
2025-07-01 06:23:50 INFO:   - Job: twitter_cluster38-1c56d4d1e9df3be1645048a44a9b7626 on clnode303.clemson.cloudlab.us has been running for 0:22:10
2025-07-01 06:23:50 INFO:   - Job: twitter_cluster38-aad9c61cc44a4df3efa1f5e13b096f8c on clnode286.clemson.cloudlab.us has been running for 0:22:10
2025-07-01 06:23:50 INFO:   - Job: twitter_cluster38-b2acd4030d14d64916f5b7dda9440a28 on clnode286.clemson.cloudlab.us has been running for 0:22:10
2025-07-01 06:23:50 INFO:   - Job: twitter_cluster38-19c28e27ddb6434a1f58f4959bafb3b8 on clnode301.clemson.cloudlab.us has been running for 0:22:10
2025-07-01 06:23:50 INFO:   - Job: twitter_cluster38-9ec28ecc3d82e3ff69cbd3b4218afabf on clnode302.clemson.cloudlab.us has been running for 0:22:10
2025-07-01 06:23:50 INFO:   - Job: twitter_cluster38-1f49fe37e518959c9ccf82662b640f48 on clnode290.clemson.cloudlab.us has been running for 0:22:10
2025-07-01 06:23:50 INFO:   - Job: twitter_cluster38-52986173aa45a8365ddce6cf3bb1be40 on clnode290.clemson.cloudlab.us has been running for 0:22:10
2025-07-01 06:23:50 INFO:   - Job: twitter_cluster38-9607f98485cebb21f4050bcafbe6f726 on clnode287.clemson.cloudlab.us has been running for 0:22:10
2025-07-01 06:23:50 INFO:   - Job: twitter_cluster38-a578d8221827c7d1b4d3bbdf5ae021cd on clnode302.clemson.cloudlab.us has been running for 0:22:10
2025-07-01 06:23:50 INFO: ----------------------------
2025-07-01 06:23:50 INFO: Dumping current state to scheduler_state.json...
2025-07-01 06:23:56 INFO: STATUS: 0 ToDo, 15 Running, 1510 Finished, 0 Failed.
2025-07-01 06:23:56 INFO: Loop finished. Sleeping for 60 seconds.
2025-07-01 06:25:09 INFO: --- System-wide Resource Utilization ---
2025-07-01 06:25:10 INFO:   - Host: clnode302.clemson.cloudlab.us  CPU Util:   2.0% | Mem Free:  80.9%
2025-07-01 06:25:10 INFO:   - Host: clnode290.clemson.cloudlab.us  CPU Util:   5.1% | Mem Free:  61.8%
2025-07-01 06:25:11 INFO:   - Host: clnode303.clemson.cloudlab.us  CPU Util:   1.9% | Mem Free:  84.5%
2025-07-01 06:25:11 INFO:   - Host: clnode287.clemson.cloudlab.us  CPU Util:   3.4% | Mem Free:  78.0%
2025-07-01 06:25:12 INFO:   - Host: clnode301.clemson.cloudlab.us  CPU Util:   1.2% | Mem Free:  88.4%
2025-07-01 06:25:12 INFO:   - Host: clnode286.clemson.cloudlab.us  CPU Util:   2.2% | Mem Free:  84.5%
2025-07-01 06:25:12 INFO: ----------------------------------------
2025-07-01 06:25:12 INFO: --- Running Job Runtimes ---
2025-07-01 06:25:12 INFO:   - Job: twitter_cluster41-eca32db3a96e4fbe0932861eb821ab0d on clnode287.clemson.cloudlab.us has been running for 0:25:42
2025-07-01 06:25:12 INFO:   - Job: twitter_cluster38-29a4086da0d6d7d60d1dfeb002cb9c3d on clnode303.clemson.cloudlab.us has been running for 0:23:32
2025-07-01 06:25:12 INFO:   - Job: twitter_cluster38-1637bac994bd3009e55ce25a36c9e1a2 on clnode290.clemson.cloudlab.us has been running for 0:23:32
2025-07-01 06:25:12 INFO:   - Job: twitter_cluster38-346473d2c745b2f4a4a9699ff814b19f on clnode290.clemson.cloudlab.us has been running for 0:23:32
2025-07-01 06:25:12 INFO:   - Job: twitter_cluster38-58a9315bee4433060311de1eabd4be42 on clnode287.clemson.cloudlab.us has been running for 0:23:32
2025-07-01 06:25:12 INFO:   - Job: twitter_cluster38-14c5cf93ee3fefc79a3a15a882ba8c72 on clnode290.clemson.cloudlab.us has been running for 0:23:32
2025-07-01 06:25:12 INFO:   - Job: twitter_cluster38-1c56d4d1e9df3be1645048a44a9b7626 on clnode303.clemson.cloudlab.us has been running for 0:23:32
2025-07-01 06:25:12 INFO:   - Job: twitter_cluster38-aad9c61cc44a4df3efa1f5e13b096f8c on clnode286.clemson.cloudlab.us has been running for 0:23:32
2025-07-01 06:25:12 INFO:   - Job: twitter_cluster38-b2acd4030d14d64916f5b7dda9440a28 on clnode286.clemson.cloudlab.us has been running for 0:23:32
2025-07-01 06:25:12 INFO:   - Job: twitter_cluster38-19c28e27ddb6434a1f58f4959bafb3b8 on clnode301.clemson.cloudlab.us has been running for 0:23:32
2025-07-01 06:25:12 INFO:   - Job: twitter_cluster38-9ec28ecc3d82e3ff69cbd3b4218afabf on clnode302.clemson.cloudlab.us has been running for 0:23:32
2025-07-01 06:25:12 INFO:   - Job: twitter_cluster38-1f49fe37e518959c9ccf82662b640f48 on clnode290.clemson.cloudlab.us has been running for 0:23:32
2025-07-01 06:25:12 INFO:   - Job: twitter_cluster38-52986173aa45a8365ddce6cf3bb1be40 on clnode290.clemson.cloudlab.us has been running for 0:23:32
2025-07-01 06:25:12 INFO:   - Job: twitter_cluster38-9607f98485cebb21f4050bcafbe6f726 on clnode287.clemson.cloudlab.us has been running for 0:23:32
2025-07-01 06:25:12 INFO:   - Job: twitter_cluster38-a578d8221827c7d1b4d3bbdf5ae021cd on clnode302.clemson.cloudlab.us has been running for 0:23:32
2025-07-01 06:25:12 INFO: ----------------------------
2025-07-01 06:25:12 INFO: Dumping current state to scheduler_state.json...
2025-07-01 06:25:18 INFO: STATUS: 0 ToDo, 15 Running, 1510 Finished, 0 Failed.
2025-07-01 06:25:19 INFO: Loop finished. Sleeping for 60 seconds.
2025-07-01 06:26:31 INFO: --- System-wide Resource Utilization ---
2025-07-01 06:26:32 INFO:   - Host: clnode302.clemson.cloudlab.us  CPU Util:   2.1% | Mem Free:  80.9%
2025-07-01 06:26:32 INFO:   - Host: clnode290.clemson.cloudlab.us  CPU Util:   5.4% | Mem Free:  61.8%
2025-07-01 06:26:33 INFO:   - Host: clnode303.clemson.cloudlab.us  CPU Util:   2.1% | Mem Free:  84.5%
2025-07-01 06:26:33 INFO:   - Host: clnode287.clemson.cloudlab.us  CPU Util:   3.5% | Mem Free:  78.0%
2025-07-01 06:26:34 INFO:   - Host: clnode301.clemson.cloudlab.us  CPU Util:   1.1% | Mem Free:  88.4%
2025-07-01 06:26:34 INFO:   - Host: clnode286.clemson.cloudlab.us  CPU Util:   2.0% | Mem Free:  84.5%
2025-07-01 06:26:34 INFO: ----------------------------------------
2025-07-01 06:26:34 INFO: --- Running Job Runtimes ---
2025-07-01 06:26:34 INFO:   - Job: twitter_cluster41-eca32db3a96e4fbe0932861eb821ab0d on clnode287.clemson.cloudlab.us has been running for 0:27:04
2025-07-01 06:26:34 INFO:   - Job: twitter_cluster38-29a4086da0d6d7d60d1dfeb002cb9c3d on clnode303.clemson.cloudlab.us has been running for 0:24:55
2025-07-01 06:26:34 INFO:   - Job: twitter_cluster38-1637bac994bd3009e55ce25a36c9e1a2 on clnode290.clemson.cloudlab.us has been running for 0:24:55
2025-07-01 06:26:34 INFO:   - Job: twitter_cluster38-346473d2c745b2f4a4a9699ff814b19f on clnode290.clemson.cloudlab.us has been running for 0:24:55
2025-07-01 06:26:34 INFO:   - Job: twitter_cluster38-58a9315bee4433060311de1eabd4be42 on clnode287.clemson.cloudlab.us has been running for 0:24:55
2025-07-01 06:26:34 INFO:   - Job: twitter_cluster38-14c5cf93ee3fefc79a3a15a882ba8c72 on clnode290.clemson.cloudlab.us has been running for 0:24:55
2025-07-01 06:26:34 INFO:   - Job: twitter_cluster38-1c56d4d1e9df3be1645048a44a9b7626 on clnode303.clemson.cloudlab.us has been running for 0:24:55
2025-07-01 06:26:34 INFO:   - Job: twitter_cluster38-aad9c61cc44a4df3efa1f5e13b096f8c on clnode286.clemson.cloudlab.us has been running for 0:24:55
2025-07-01 06:26:34 INFO:   - Job: twitter_cluster38-b2acd4030d14d64916f5b7dda9440a28 on clnode286.clemson.cloudlab.us has been running for 0:24:55
2025-07-01 06:26:34 INFO:   - Job: twitter_cluster38-19c28e27ddb6434a1f58f4959bafb3b8 on clnode301.clemson.cloudlab.us has been running for 0:24:55
2025-07-01 06:26:34 INFO:   - Job: twitter_cluster38-9ec28ecc3d82e3ff69cbd3b4218afabf on clnode302.clemson.cloudlab.us has been running for 0:24:55
2025-07-01 06:26:34 INFO:   - Job: twitter_cluster38-1f49fe37e518959c9ccf82662b640f48 on clnode290.clemson.cloudlab.us has been running for 0:24:55
2025-07-01 06:26:34 INFO:   - Job: twitter_cluster38-52986173aa45a8365ddce6cf3bb1be40 on clnode290.clemson.cloudlab.us has been running for 0:24:55
2025-07-01 06:26:34 INFO:   - Job: twitter_cluster38-9607f98485cebb21f4050bcafbe6f726 on clnode287.clemson.cloudlab.us has been running for 0:24:55
2025-07-01 06:26:34 INFO:   - Job: twitter_cluster38-a578d8221827c7d1b4d3bbdf5ae021cd on clnode302.clemson.cloudlab.us has been running for 0:24:55
2025-07-01 06:26:34 INFO: ----------------------------
2025-07-01 06:26:34 INFO: Dumping current state to scheduler_state.json...
2025-07-01 06:26:41 INFO: STATUS: 0 ToDo, 15 Running, 1510 Finished, 0 Failed.
2025-07-01 06:26:41 INFO: Loop finished. Sleeping for 60 seconds.
2025-07-01 06:27:53 INFO: --- System-wide Resource Utilization ---
2025-07-01 06:27:53 INFO:   - Host: clnode302.clemson.cloudlab.us  CPU Util:   2.1% | Mem Free:  80.9%
2025-07-01 06:27:54 INFO:   - Host: clnode290.clemson.cloudlab.us  CPU Util:   5.1% | Mem Free:  61.8%
2025-07-01 06:27:55 INFO:   - Host: clnode303.clemson.cloudlab.us  CPU Util:   2.0% | Mem Free:  84.5%
2025-07-01 06:27:55 INFO:   - Host: clnode287.clemson.cloudlab.us  CPU Util:   3.3% | Mem Free:  78.0%
2025-07-01 06:27:56 INFO:   - Host: clnode301.clemson.cloudlab.us  CPU Util:   1.1% | Mem Free:  88.4%
2025-07-01 06:27:56 INFO:   - Host: clnode286.clemson.cloudlab.us  CPU Util:   1.9% | Mem Free:  84.5%
2025-07-01 06:27:56 INFO: ----------------------------------------
2025-07-01 06:27:56 INFO: --- Running Job Runtimes ---
2025-07-01 06:27:56 INFO:   - Job: twitter_cluster41-eca32db3a96e4fbe0932861eb821ab0d on clnode287.clemson.cloudlab.us has been running for 0:28:26
2025-07-01 06:27:56 INFO:   - Job: twitter_cluster38-29a4086da0d6d7d60d1dfeb002cb9c3d on clnode303.clemson.cloudlab.us has been running for 0:26:16
2025-07-01 06:27:56 INFO:   - Job: twitter_cluster38-1637bac994bd3009e55ce25a36c9e1a2 on clnode290.clemson.cloudlab.us has been running for 0:26:16
2025-07-01 06:27:56 INFO:   - Job: twitter_cluster38-346473d2c745b2f4a4a9699ff814b19f on clnode290.clemson.cloudlab.us has been running for 0:26:16
2025-07-01 06:27:56 INFO:   - Job: twitter_cluster38-58a9315bee4433060311de1eabd4be42 on clnode287.clemson.cloudlab.us has been running for 0:26:16
2025-07-01 06:27:56 INFO:   - Job: twitter_cluster38-14c5cf93ee3fefc79a3a15a882ba8c72 on clnode290.clemson.cloudlab.us has been running for 0:26:16
2025-07-01 06:27:56 INFO:   - Job: twitter_cluster38-1c56d4d1e9df3be1645048a44a9b7626 on clnode303.clemson.cloudlab.us has been running for 0:26:16
2025-07-01 06:27:56 INFO:   - Job: twitter_cluster38-aad9c61cc44a4df3efa1f5e13b096f8c on clnode286.clemson.cloudlab.us has been running for 0:26:16
2025-07-01 06:27:56 INFO:   - Job: twitter_cluster38-b2acd4030d14d64916f5b7dda9440a28 on clnode286.clemson.cloudlab.us has been running for 0:26:16
2025-07-01 06:27:56 INFO:   - Job: twitter_cluster38-19c28e27ddb6434a1f58f4959bafb3b8 on clnode301.clemson.cloudlab.us has been running for 0:26:16
2025-07-01 06:27:56 INFO:   - Job: twitter_cluster38-9ec28ecc3d82e3ff69cbd3b4218afabf on clnode302.clemson.cloudlab.us has been running for 0:26:16
2025-07-01 06:27:56 INFO:   - Job: twitter_cluster38-1f49fe37e518959c9ccf82662b640f48 on clnode290.clemson.cloudlab.us has been running for 0:26:16
2025-07-01 06:27:56 INFO:   - Job: twitter_cluster38-52986173aa45a8365ddce6cf3bb1be40 on clnode290.clemson.cloudlab.us has been running for 0:26:16
2025-07-01 06:27:56 INFO:   - Job: twitter_cluster38-9607f98485cebb21f4050bcafbe6f726 on clnode287.clemson.cloudlab.us has been running for 0:26:16
2025-07-01 06:27:56 INFO:   - Job: twitter_cluster38-a578d8221827c7d1b4d3bbdf5ae021cd on clnode302.clemson.cloudlab.us has been running for 0:26:16
2025-07-01 06:27:56 INFO: ----------------------------
2025-07-01 06:27:56 INFO: Dumping current state to scheduler_state.json...
2025-07-01 06:28:02 INFO: STATUS: 0 ToDo, 15 Running, 1510 Finished, 0 Failed.
2025-07-01 06:28:02 INFO: Loop finished. Sleeping for 60 seconds.
2025-07-01 06:29:15 INFO: --- System-wide Resource Utilization ---
2025-07-01 06:29:15 INFO:   - Host: clnode302.clemson.cloudlab.us  CPU Util:   2.1% | Mem Free:  80.9%
2025-07-01 06:29:16 INFO:   - Host: clnode290.clemson.cloudlab.us  CPU Util:   5.3% | Mem Free:  61.8%
2025-07-01 06:29:16 INFO:   - Host: clnode303.clemson.cloudlab.us  CPU Util:   2.2% | Mem Free:  84.5%
2025-07-01 06:29:17 INFO:   - Host: clnode287.clemson.cloudlab.us  CPU Util:   3.0% | Mem Free:  78.0%
2025-07-01 06:29:17 INFO:   - Host: clnode301.clemson.cloudlab.us  CPU Util:   1.1% | Mem Free:  88.4%
2025-07-01 06:29:18 INFO:   - Host: clnode286.clemson.cloudlab.us  CPU Util:   2.0% | Mem Free:  84.5%
2025-07-01 06:29:18 INFO: ----------------------------------------
2025-07-01 06:29:18 INFO: --- Running Job Runtimes ---
2025-07-01 06:29:18 INFO:   - Job: twitter_cluster41-eca32db3a96e4fbe0932861eb821ab0d on clnode287.clemson.cloudlab.us has been running for 0:29:48
2025-07-01 06:29:18 INFO:   - Job: twitter_cluster38-29a4086da0d6d7d60d1dfeb002cb9c3d on clnode303.clemson.cloudlab.us has been running for 0:27:38
2025-07-01 06:29:18 INFO:   - Job: twitter_cluster38-1637bac994bd3009e55ce25a36c9e1a2 on clnode290.clemson.cloudlab.us has been running for 0:27:38
2025-07-01 06:29:18 INFO:   - Job: twitter_cluster38-346473d2c745b2f4a4a9699ff814b19f on clnode290.clemson.cloudlab.us has been running for 0:27:38
2025-07-01 06:29:18 INFO:   - Job: twitter_cluster38-58a9315bee4433060311de1eabd4be42 on clnode287.clemson.cloudlab.us has been running for 0:27:38
2025-07-01 06:29:18 INFO:   - Job: twitter_cluster38-14c5cf93ee3fefc79a3a15a882ba8c72 on clnode290.clemson.cloudlab.us has been running for 0:27:38
2025-07-01 06:29:18 INFO:   - Job: twitter_cluster38-1c56d4d1e9df3be1645048a44a9b7626 on clnode303.clemson.cloudlab.us has been running for 0:27:38
2025-07-01 06:29:18 INFO:   - Job: twitter_cluster38-aad9c61cc44a4df3efa1f5e13b096f8c on clnode286.clemson.cloudlab.us has been running for 0:27:38
2025-07-01 06:29:18 INFO:   - Job: twitter_cluster38-b2acd4030d14d64916f5b7dda9440a28 on clnode286.clemson.cloudlab.us has been running for 0:27:38
2025-07-01 06:29:18 INFO:   - Job: twitter_cluster38-19c28e27ddb6434a1f58f4959bafb3b8 on clnode301.clemson.cloudlab.us has been running for 0:27:38
2025-07-01 06:29:18 INFO:   - Job: twitter_cluster38-9ec28ecc3d82e3ff69cbd3b4218afabf on clnode302.clemson.cloudlab.us has been running for 0:27:38
2025-07-01 06:29:18 INFO:   - Job: twitter_cluster38-1f49fe37e518959c9ccf82662b640f48 on clnode290.clemson.cloudlab.us has been running for 0:27:38
2025-07-01 06:29:18 INFO:   - Job: twitter_cluster38-52986173aa45a8365ddce6cf3bb1be40 on clnode290.clemson.cloudlab.us has been running for 0:27:38
2025-07-01 06:29:18 INFO:   - Job: twitter_cluster38-9607f98485cebb21f4050bcafbe6f726 on clnode287.clemson.cloudlab.us has been running for 0:27:38
2025-07-01 06:29:18 INFO:   - Job: twitter_cluster38-a578d8221827c7d1b4d3bbdf5ae021cd on clnode302.clemson.cloudlab.us has been running for 0:27:38
2025-07-01 06:29:18 INFO: ----------------------------
2025-07-01 06:29:18 INFO: Dumping current state to scheduler_state.json...
2025-07-01 06:29:24 INFO: STATUS: 0 ToDo, 15 Running, 1510 Finished, 0 Failed.
2025-07-01 06:29:24 INFO: Loop finished. Sleeping for 60 seconds.
2025-07-01 06:30:37 INFO: --- System-wide Resource Utilization ---
2025-07-01 06:30:37 INFO:   - Host: clnode302.clemson.cloudlab.us  CPU Util:   2.1% | Mem Free:  80.9%
2025-07-01 06:30:38 INFO:   - Host: clnode290.clemson.cloudlab.us  CPU Util:   5.3% | Mem Free:  61.8%
2025-07-01 06:30:38 INFO:   - Host: clnode303.clemson.cloudlab.us  CPU Util:   2.1% | Mem Free:  84.5%
2025-07-01 06:30:39 INFO:   - Host: clnode287.clemson.cloudlab.us  CPU Util:   3.6% | Mem Free:  78.0%
2025-07-01 06:30:39 INFO:   - Host: clnode301.clemson.cloudlab.us  CPU Util:   1.1% | Mem Free:  88.4%
2025-07-01 06:30:40 INFO:   - Host: clnode286.clemson.cloudlab.us  CPU Util:   2.2% | Mem Free:  84.5%
2025-07-01 06:30:40 INFO: ----------------------------------------
2025-07-01 06:30:40 INFO: --- Running Job Runtimes ---
2025-07-01 06:30:40 INFO:   - Job: twitter_cluster41-eca32db3a96e4fbe0932861eb821ab0d on clnode287.clemson.cloudlab.us has been running for 0:31:10
2025-07-01 06:30:40 INFO:   - Job: twitter_cluster38-29a4086da0d6d7d60d1dfeb002cb9c3d on clnode303.clemson.cloudlab.us has been running for 0:29:00
2025-07-01 06:30:40 INFO:   - Job: twitter_cluster38-1637bac994bd3009e55ce25a36c9e1a2 on clnode290.clemson.cloudlab.us has been running for 0:29:00
2025-07-01 06:30:40 INFO:   - Job: twitter_cluster38-346473d2c745b2f4a4a9699ff814b19f on clnode290.clemson.cloudlab.us has been running for 0:29:00
2025-07-01 06:30:40 INFO:   - Job: twitter_cluster38-58a9315bee4433060311de1eabd4be42 on clnode287.clemson.cloudlab.us has been running for 0:29:00
2025-07-01 06:30:40 INFO:   - Job: twitter_cluster38-14c5cf93ee3fefc79a3a15a882ba8c72 on clnode290.clemson.cloudlab.us has been running for 0:29:00
2025-07-01 06:30:40 INFO:   - Job: twitter_cluster38-1c56d4d1e9df3be1645048a44a9b7626 on clnode303.clemson.cloudlab.us has been running for 0:29:00
2025-07-01 06:30:40 INFO:   - Job: twitter_cluster38-aad9c61cc44a4df3efa1f5e13b096f8c on clnode286.clemson.cloudlab.us has been running for 0:29:00
2025-07-01 06:30:40 INFO:   - Job: twitter_cluster38-b2acd4030d14d64916f5b7dda9440a28 on clnode286.clemson.cloudlab.us has been running for 0:29:00
2025-07-01 06:30:40 INFO:   - Job: twitter_cluster38-19c28e27ddb6434a1f58f4959bafb3b8 on clnode301.clemson.cloudlab.us has been running for 0:29:00
2025-07-01 06:30:40 INFO:   - Job: twitter_cluster38-9ec28ecc3d82e3ff69cbd3b4218afabf on clnode302.clemson.cloudlab.us has been running for 0:29:00
2025-07-01 06:30:40 INFO:   - Job: twitter_cluster38-1f49fe37e518959c9ccf82662b640f48 on clnode290.clemson.cloudlab.us has been running for 0:29:00
2025-07-01 06:30:40 INFO:   - Job: twitter_cluster38-52986173aa45a8365ddce6cf3bb1be40 on clnode290.clemson.cloudlab.us has been running for 0:29:00
2025-07-01 06:30:40 INFO:   - Job: twitter_cluster38-9607f98485cebb21f4050bcafbe6f726 on clnode287.clemson.cloudlab.us has been running for 0:29:00
2025-07-01 06:30:40 INFO:   - Job: twitter_cluster38-a578d8221827c7d1b4d3bbdf5ae021cd on clnode302.clemson.cloudlab.us has been running for 0:29:00
2025-07-01 06:30:40 INFO: ----------------------------
2025-07-01 06:30:40 INFO: Dumping current state to scheduler_state.json...
2025-07-01 06:30:46 INFO: STATUS: 0 ToDo, 15 Running, 1510 Finished, 0 Failed.
2025-07-01 06:30:46 INFO: Loop finished. Sleeping for 60 seconds.
2025-07-01 06:31:59 INFO: --- System-wide Resource Utilization ---
2025-07-01 06:32:00 INFO:   - Host: clnode302.clemson.cloudlab.us  CPU Util:   2.1% | Mem Free:  80.9%
2025-07-01 06:32:00 INFO:   - Host: clnode290.clemson.cloudlab.us  CPU Util:   5.2% | Mem Free:  61.8%
2025-07-01 06:32:01 INFO:   - Host: clnode303.clemson.cloudlab.us  CPU Util:   2.2% | Mem Free:  84.5%
2025-07-01 06:32:01 INFO:   - Host: clnode287.clemson.cloudlab.us  CPU Util:   3.1% | Mem Free:  78.0%
2025-07-01 06:32:02 INFO:   - Host: clnode301.clemson.cloudlab.us  CPU Util:   1.1% | Mem Free:  88.4%
2025-07-01 06:32:02 INFO:   - Host: clnode286.clemson.cloudlab.us  CPU Util:   2.2% | Mem Free:  84.5%
2025-07-01 06:32:02 INFO: ----------------------------------------
2025-07-01 06:32:02 INFO: --- Running Job Runtimes ---
2025-07-01 06:32:02 INFO:   - Job: twitter_cluster41-eca32db3a96e4fbe0932861eb821ab0d on clnode287.clemson.cloudlab.us has been running for 0:32:32
2025-07-01 06:32:02 INFO:   - Job: twitter_cluster38-29a4086da0d6d7d60d1dfeb002cb9c3d on clnode303.clemson.cloudlab.us has been running for 0:30:22
2025-07-01 06:32:02 INFO:   - Job: twitter_cluster38-1637bac994bd3009e55ce25a36c9e1a2 on clnode290.clemson.cloudlab.us has been running for 0:30:22
2025-07-01 06:32:02 INFO:   - Job: twitter_cluster38-346473d2c745b2f4a4a9699ff814b19f on clnode290.clemson.cloudlab.us has been running for 0:30:22
2025-07-01 06:32:02 INFO:   - Job: twitter_cluster38-58a9315bee4433060311de1eabd4be42 on clnode287.clemson.cloudlab.us has been running for 0:30:22
2025-07-01 06:32:02 INFO:   - Job: twitter_cluster38-14c5cf93ee3fefc79a3a15a882ba8c72 on clnode290.clemson.cloudlab.us has been running for 0:30:22
2025-07-01 06:32:02 INFO:   - Job: twitter_cluster38-1c56d4d1e9df3be1645048a44a9b7626 on clnode303.clemson.cloudlab.us has been running for 0:30:22
2025-07-01 06:32:02 INFO:   - Job: twitter_cluster38-aad9c61cc44a4df3efa1f5e13b096f8c on clnode286.clemson.cloudlab.us has been running for 0:30:22
2025-07-01 06:32:02 INFO:   - Job: twitter_cluster38-b2acd4030d14d64916f5b7dda9440a28 on clnode286.clemson.cloudlab.us has been running for 0:30:22
2025-07-01 06:32:02 INFO:   - Job: twitter_cluster38-19c28e27ddb6434a1f58f4959bafb3b8 on clnode301.clemson.cloudlab.us has been running for 0:30:22
2025-07-01 06:32:02 INFO:   - Job: twitter_cluster38-9ec28ecc3d82e3ff69cbd3b4218afabf on clnode302.clemson.cloudlab.us has been running for 0:30:22
2025-07-01 06:32:02 INFO:   - Job: twitter_cluster38-1f49fe37e518959c9ccf82662b640f48 on clnode290.clemson.cloudlab.us has been running for 0:30:22
2025-07-01 06:32:02 INFO:   - Job: twitter_cluster38-52986173aa45a8365ddce6cf3bb1be40 on clnode290.clemson.cloudlab.us has been running for 0:30:22
2025-07-01 06:32:02 INFO:   - Job: twitter_cluster38-9607f98485cebb21f4050bcafbe6f726 on clnode287.clemson.cloudlab.us has been running for 0:30:22
2025-07-01 06:32:02 INFO:   - Job: twitter_cluster38-a578d8221827c7d1b4d3bbdf5ae021cd on clnode302.clemson.cloudlab.us has been running for 0:30:22
2025-07-01 06:32:02 INFO: ----------------------------
2025-07-01 06:32:02 INFO: Dumping current state to scheduler_state.json...
2025-07-01 06:32:08 INFO: STATUS: 0 ToDo, 15 Running, 1510 Finished, 0 Failed.
2025-07-01 06:32:09 INFO: Loop finished. Sleeping for 60 seconds.
2025-07-01 06:33:21 INFO: --- System-wide Resource Utilization ---
2025-07-01 06:33:21 INFO:   - Host: clnode302.clemson.cloudlab.us  CPU Util:   2.1% | Mem Free:  80.9%
2025-07-01 06:33:22 INFO:   - Host: clnode290.clemson.cloudlab.us  CPU Util:   5.1% | Mem Free:  61.8%
2025-07-01 06:33:22 INFO:   - Host: clnode303.clemson.cloudlab.us  CPU Util:   2.0% | Mem Free:  84.5%
2025-07-01 06:33:23 INFO:   - Host: clnode287.clemson.cloudlab.us  CPU Util:   3.3% | Mem Free:  78.0%
2025-07-01 06:33:23 INFO:   - Host: clnode301.clemson.cloudlab.us  CPU Util:   1.2% | Mem Free:  88.4%
2025-07-01 06:33:24 INFO:   - Host: clnode286.clemson.cloudlab.us  CPU Util:   2.1% | Mem Free:  84.5%
2025-07-01 06:33:24 INFO: ----------------------------------------
2025-07-01 06:33:24 INFO: --- Running Job Runtimes ---
2025-07-01 06:33:24 INFO:   - Job: twitter_cluster41-eca32db3a96e4fbe0932861eb821ab0d on clnode287.clemson.cloudlab.us has been running for 0:33:54
2025-07-01 06:33:24 INFO:   - Job: twitter_cluster38-29a4086da0d6d7d60d1dfeb002cb9c3d on clnode303.clemson.cloudlab.us has been running for 0:31:44
2025-07-01 06:33:24 INFO:   - Job: twitter_cluster38-1637bac994bd3009e55ce25a36c9e1a2 on clnode290.clemson.cloudlab.us has been running for 0:31:44
2025-07-01 06:33:24 INFO:   - Job: twitter_cluster38-346473d2c745b2f4a4a9699ff814b19f on clnode290.clemson.cloudlab.us has been running for 0:31:44
2025-07-01 06:33:24 INFO:   - Job: twitter_cluster38-58a9315bee4433060311de1eabd4be42 on clnode287.clemson.cloudlab.us has been running for 0:31:44
2025-07-01 06:33:24 INFO:   - Job: twitter_cluster38-14c5cf93ee3fefc79a3a15a882ba8c72 on clnode290.clemson.cloudlab.us has been running for 0:31:44
2025-07-01 06:33:24 INFO:   - Job: twitter_cluster38-1c56d4d1e9df3be1645048a44a9b7626 on clnode303.clemson.cloudlab.us has been running for 0:31:44
2025-07-01 06:33:24 INFO:   - Job: twitter_cluster38-aad9c61cc44a4df3efa1f5e13b096f8c on clnode286.clemson.cloudlab.us has been running for 0:31:44
2025-07-01 06:33:24 INFO:   - Job: twitter_cluster38-b2acd4030d14d64916f5b7dda9440a28 on clnode286.clemson.cloudlab.us has been running for 0:31:44
2025-07-01 06:33:24 INFO:   - Job: twitter_cluster38-19c28e27ddb6434a1f58f4959bafb3b8 on clnode301.clemson.cloudlab.us has been running for 0:31:44
2025-07-01 06:33:24 INFO:   - Job: twitter_cluster38-9ec28ecc3d82e3ff69cbd3b4218afabf on clnode302.clemson.cloudlab.us has been running for 0:31:44
2025-07-01 06:33:24 INFO:   - Job: twitter_cluster38-1f49fe37e518959c9ccf82662b640f48 on clnode290.clemson.cloudlab.us has been running for 0:31:44
2025-07-01 06:33:24 INFO:   - Job: twitter_cluster38-52986173aa45a8365ddce6cf3bb1be40 on clnode290.clemson.cloudlab.us has been running for 0:31:44
2025-07-01 06:33:24 INFO:   - Job: twitter_cluster38-9607f98485cebb21f4050bcafbe6f726 on clnode287.clemson.cloudlab.us has been running for 0:31:44
2025-07-01 06:33:24 INFO:   - Job: twitter_cluster38-a578d8221827c7d1b4d3bbdf5ae021cd on clnode302.clemson.cloudlab.us has been running for 0:31:44
2025-07-01 06:33:24 INFO: ----------------------------
2025-07-01 06:33:24 INFO: Dumping current state to scheduler_state.json...
2025-07-01 06:33:30 INFO: STATUS: 0 ToDo, 15 Running, 1510 Finished, 0 Failed.
2025-07-01 06:33:30 INFO: Loop finished. Sleeping for 60 seconds.
2025-07-01 06:34:43 INFO: --- System-wide Resource Utilization ---
2025-07-01 06:34:44 INFO:   - Host: clnode302.clemson.cloudlab.us  CPU Util:   2.1% | Mem Free:  80.9%
2025-07-01 06:34:44 INFO:   - Host: clnode290.clemson.cloudlab.us  CPU Util:   5.0% | Mem Free:  61.8%
2025-07-01 06:34:45 INFO:   - Host: clnode303.clemson.cloudlab.us  CPU Util:   2.1% | Mem Free:  84.5%
2025-07-01 06:34:45 INFO:   - Host: clnode287.clemson.cloudlab.us  CPU Util:   3.3% | Mem Free:  78.0%
2025-07-01 06:34:46 INFO:   - Host: clnode301.clemson.cloudlab.us  CPU Util:   1.0% | Mem Free:  88.4%
2025-07-01 06:34:46 INFO:   - Host: clnode286.clemson.cloudlab.us  CPU Util:   2.0% | Mem Free:  84.5%
2025-07-01 06:34:46 INFO: ----------------------------------------
2025-07-01 06:34:46 INFO: --- Running Job Runtimes ---
2025-07-01 06:34:46 INFO:   - Job: twitter_cluster41-eca32db3a96e4fbe0932861eb821ab0d on clnode287.clemson.cloudlab.us has been running for 0:35:16
2025-07-01 06:34:46 INFO:   - Job: twitter_cluster38-29a4086da0d6d7d60d1dfeb002cb9c3d on clnode303.clemson.cloudlab.us has been running for 0:33:07
2025-07-01 06:34:46 INFO:   - Job: twitter_cluster38-1637bac994bd3009e55ce25a36c9e1a2 on clnode290.clemson.cloudlab.us has been running for 0:33:07
2025-07-01 06:34:46 INFO:   - Job: twitter_cluster38-346473d2c745b2f4a4a9699ff814b19f on clnode290.clemson.cloudlab.us has been running for 0:33:07
2025-07-01 06:34:46 INFO:   - Job: twitter_cluster38-58a9315bee4433060311de1eabd4be42 on clnode287.clemson.cloudlab.us has been running for 0:33:07
2025-07-01 06:34:46 INFO:   - Job: twitter_cluster38-14c5cf93ee3fefc79a3a15a882ba8c72 on clnode290.clemson.cloudlab.us has been running for 0:33:07
2025-07-01 06:34:46 INFO:   - Job: twitter_cluster38-1c56d4d1e9df3be1645048a44a9b7626 on clnode303.clemson.cloudlab.us has been running for 0:33:07
2025-07-01 06:34:46 INFO:   - Job: twitter_cluster38-aad9c61cc44a4df3efa1f5e13b096f8c on clnode286.clemson.cloudlab.us has been running for 0:33:07
2025-07-01 06:34:46 INFO:   - Job: twitter_cluster38-b2acd4030d14d64916f5b7dda9440a28 on clnode286.clemson.cloudlab.us has been running for 0:33:07
2025-07-01 06:34:46 INFO:   - Job: twitter_cluster38-19c28e27ddb6434a1f58f4959bafb3b8 on clnode301.clemson.cloudlab.us has been running for 0:33:07
2025-07-01 06:34:46 INFO:   - Job: twitter_cluster38-9ec28ecc3d82e3ff69cbd3b4218afabf on clnode302.clemson.cloudlab.us has been running for 0:33:07
2025-07-01 06:34:46 INFO:   - Job: twitter_cluster38-1f49fe37e518959c9ccf82662b640f48 on clnode290.clemson.cloudlab.us has been running for 0:33:07
2025-07-01 06:34:46 INFO:   - Job: twitter_cluster38-52986173aa45a8365ddce6cf3bb1be40 on clnode290.clemson.cloudlab.us has been running for 0:33:07
2025-07-01 06:34:46 INFO:   - Job: twitter_cluster38-9607f98485cebb21f4050bcafbe6f726 on clnode287.clemson.cloudlab.us has been running for 0:33:07
2025-07-01 06:34:46 INFO:   - Job: twitter_cluster38-a578d8221827c7d1b4d3bbdf5ae021cd on clnode302.clemson.cloudlab.us has been running for 0:33:07
2025-07-01 06:34:46 INFO: ----------------------------
2025-07-01 06:34:46 INFO: Dumping current state to scheduler_state.json...
2025-07-01 06:34:53 INFO: STATUS: 0 ToDo, 15 Running, 1510 Finished, 0 Failed.
2025-07-01 06:34:53 INFO: Loop finished. Sleeping for 60 seconds.
2025-07-01 06:36:05 INFO: --- System-wide Resource Utilization ---
2025-07-01 06:36:06 INFO:   - Host: clnode302.clemson.cloudlab.us  CPU Util:   2.1% | Mem Free:  80.9%
2025-07-01 06:36:06 INFO:   - Host: clnode290.clemson.cloudlab.us  CPU Util:   5.2% | Mem Free:  61.8%
2025-07-01 06:36:07 INFO:   - Host: clnode303.clemson.cloudlab.us  CPU Util:   2.0% | Mem Free:  84.5%
2025-07-01 06:36:07 INFO:   - Host: clnode287.clemson.cloudlab.us  CPU Util:   3.2% | Mem Free:  78.0%
2025-07-01 06:36:08 INFO:   - Host: clnode301.clemson.cloudlab.us  CPU Util:   1.0% | Mem Free:  88.4%
2025-07-01 06:36:08 INFO:   - Host: clnode286.clemson.cloudlab.us  CPU Util:   2.0% | Mem Free:  84.5%
2025-07-01 06:36:08 INFO: ----------------------------------------
2025-07-01 06:36:08 INFO: --- Running Job Runtimes ---
2025-07-01 06:36:08 INFO:   - Job: twitter_cluster41-eca32db3a96e4fbe0932861eb821ab0d on clnode287.clemson.cloudlab.us has been running for 0:36:38
2025-07-01 06:36:08 INFO:   - Job: twitter_cluster38-29a4086da0d6d7d60d1dfeb002cb9c3d on clnode303.clemson.cloudlab.us has been running for 0:34:29
2025-07-01 06:36:08 INFO:   - Job: twitter_cluster38-1637bac994bd3009e55ce25a36c9e1a2 on clnode290.clemson.cloudlab.us has been running for 0:34:29
2025-07-01 06:36:08 INFO:   - Job: twitter_cluster38-346473d2c745b2f4a4a9699ff814b19f on clnode290.clemson.cloudlab.us has been running for 0:34:29
2025-07-01 06:36:08 INFO:   - Job: twitter_cluster38-58a9315bee4433060311de1eabd4be42 on clnode287.clemson.cloudlab.us has been running for 0:34:29
2025-07-01 06:36:08 INFO:   - Job: twitter_cluster38-14c5cf93ee3fefc79a3a15a882ba8c72 on clnode290.clemson.cloudlab.us has been running for 0:34:29
2025-07-01 06:36:08 INFO:   - Job: twitter_cluster38-1c56d4d1e9df3be1645048a44a9b7626 on clnode303.clemson.cloudlab.us has been running for 0:34:29
2025-07-01 06:36:08 INFO:   - Job: twitter_cluster38-aad9c61cc44a4df3efa1f5e13b096f8c on clnode286.clemson.cloudlab.us has been running for 0:34:29
2025-07-01 06:36:08 INFO:   - Job: twitter_cluster38-b2acd4030d14d64916f5b7dda9440a28 on clnode286.clemson.cloudlab.us has been running for 0:34:29
2025-07-01 06:36:08 INFO:   - Job: twitter_cluster38-19c28e27ddb6434a1f58f4959bafb3b8 on clnode301.clemson.cloudlab.us has been running for 0:34:29
2025-07-01 06:36:08 INFO:   - Job: twitter_cluster38-9ec28ecc3d82e3ff69cbd3b4218afabf on clnode302.clemson.cloudlab.us has been running for 0:34:29
2025-07-01 06:36:08 INFO:   - Job: twitter_cluster38-1f49fe37e518959c9ccf82662b640f48 on clnode290.clemson.cloudlab.us has been running for 0:34:29
2025-07-01 06:36:08 INFO:   - Job: twitter_cluster38-52986173aa45a8365ddce6cf3bb1be40 on clnode290.clemson.cloudlab.us has been running for 0:34:29
2025-07-01 06:36:08 INFO:   - Job: twitter_cluster38-9607f98485cebb21f4050bcafbe6f726 on clnode287.clemson.cloudlab.us has been running for 0:34:29
2025-07-01 06:36:08 INFO:   - Job: twitter_cluster38-a578d8221827c7d1b4d3bbdf5ae021cd on clnode302.clemson.cloudlab.us has been running for 0:34:29
2025-07-01 06:36:08 INFO: ----------------------------
2025-07-01 06:36:08 INFO: Dumping current state to scheduler_state.json...
2025-07-01 06:36:14 INFO: STATUS: 0 ToDo, 15 Running, 1510 Finished, 0 Failed.
2025-07-01 06:36:15 INFO: Loop finished. Sleeping for 60 seconds.
2025-07-01 06:37:27 INFO: --- System-wide Resource Utilization ---
2025-07-01 06:37:27 INFO:   - Host: clnode302.clemson.cloudlab.us  CPU Util:   2.0% | Mem Free:  80.9%
2025-07-01 06:37:28 INFO:   - Host: clnode290.clemson.cloudlab.us  CPU Util:   5.0% | Mem Free:  61.8%
2025-07-01 06:37:28 INFO:   - Host: clnode303.clemson.cloudlab.us  CPU Util:   2.0% | Mem Free:  84.5%
2025-07-01 06:37:29 INFO:   - Host: clnode287.clemson.cloudlab.us  CPU Util:   3.0% | Mem Free:  78.0%
2025-07-01 06:37:30 INFO:   - Host: clnode301.clemson.cloudlab.us  CPU Util:   1.1% | Mem Free:  88.4%
2025-07-01 06:37:30 INFO:   - Host: clnode286.clemson.cloudlab.us  CPU Util:   2.1% | Mem Free:  84.5%
2025-07-01 06:37:30 INFO: ----------------------------------------
2025-07-01 06:37:30 INFO: --- Running Job Runtimes ---
2025-07-01 06:37:30 INFO:   - Job: twitter_cluster41-eca32db3a96e4fbe0932861eb821ab0d on clnode287.clemson.cloudlab.us has been running for 0:38:00
2025-07-01 06:37:30 INFO:   - Job: twitter_cluster38-29a4086da0d6d7d60d1dfeb002cb9c3d on clnode303.clemson.cloudlab.us has been running for 0:35:50
2025-07-01 06:37:30 INFO:   - Job: twitter_cluster38-1637bac994bd3009e55ce25a36c9e1a2 on clnode290.clemson.cloudlab.us has been running for 0:35:50
2025-07-01 06:37:30 INFO:   - Job: twitter_cluster38-346473d2c745b2f4a4a9699ff814b19f on clnode290.clemson.cloudlab.us has been running for 0:35:50
2025-07-01 06:37:30 INFO:   - Job: twitter_cluster38-58a9315bee4433060311de1eabd4be42 on clnode287.clemson.cloudlab.us has been running for 0:35:50
2025-07-01 06:37:30 INFO:   - Job: twitter_cluster38-14c5cf93ee3fefc79a3a15a882ba8c72 on clnode290.clemson.cloudlab.us has been running for 0:35:50
2025-07-01 06:37:30 INFO:   - Job: twitter_cluster38-1c56d4d1e9df3be1645048a44a9b7626 on clnode303.clemson.cloudlab.us has been running for 0:35:50
2025-07-01 06:37:30 INFO:   - Job: twitter_cluster38-aad9c61cc44a4df3efa1f5e13b096f8c on clnode286.clemson.cloudlab.us has been running for 0:35:50
2025-07-01 06:37:30 INFO:   - Job: twitter_cluster38-b2acd4030d14d64916f5b7dda9440a28 on clnode286.clemson.cloudlab.us has been running for 0:35:50
2025-07-01 06:37:30 INFO:   - Job: twitter_cluster38-19c28e27ddb6434a1f58f4959bafb3b8 on clnode301.clemson.cloudlab.us has been running for 0:35:50
2025-07-01 06:37:30 INFO:   - Job: twitter_cluster38-9ec28ecc3d82e3ff69cbd3b4218afabf on clnode302.clemson.cloudlab.us has been running for 0:35:50
2025-07-01 06:37:30 INFO:   - Job: twitter_cluster38-1f49fe37e518959c9ccf82662b640f48 on clnode290.clemson.cloudlab.us has been running for 0:35:50
2025-07-01 06:37:30 INFO:   - Job: twitter_cluster38-52986173aa45a8365ddce6cf3bb1be40 on clnode290.clemson.cloudlab.us has been running for 0:35:50
2025-07-01 06:37:30 INFO:   - Job: twitter_cluster38-9607f98485cebb21f4050bcafbe6f726 on clnode287.clemson.cloudlab.us has been running for 0:35:50
2025-07-01 06:37:30 INFO:   - Job: twitter_cluster38-a578d8221827c7d1b4d3bbdf5ae021cd on clnode302.clemson.cloudlab.us has been running for 0:35:50
2025-07-01 06:37:30 INFO: ----------------------------
2025-07-01 06:37:30 INFO: Dumping current state to scheduler_state.json...
2025-07-01 06:37:36 INFO: STATUS: 0 ToDo, 15 Running, 1510 Finished, 0 Failed.
2025-07-01 06:37:37 INFO: Loop finished. Sleeping for 60 seconds.
2025-07-01 06:38:49 INFO: --- System-wide Resource Utilization ---
2025-07-01 06:38:49 INFO:   - Host: clnode302.clemson.cloudlab.us  CPU Util:   2.1% | Mem Free:  80.9%
2025-07-01 06:38:50 INFO:   - Host: clnode290.clemson.cloudlab.us  CPU Util:   5.0% | Mem Free:  61.8%
2025-07-01 06:38:50 INFO:   - Host: clnode303.clemson.cloudlab.us  CPU Util:   2.0% | Mem Free:  84.5%
2025-07-01 06:38:51 INFO:   - Host: clnode287.clemson.cloudlab.us  CPU Util:   3.2% | Mem Free:  78.0%
2025-07-01 06:38:51 INFO:   - Host: clnode301.clemson.cloudlab.us  CPU Util:   1.0% | Mem Free:  88.4%
2025-07-01 06:38:52 INFO:   - Host: clnode286.clemson.cloudlab.us  CPU Util:   2.2% | Mem Free:  84.5%
2025-07-01 06:38:52 INFO: ----------------------------------------
2025-07-01 06:38:52 INFO: --- Running Job Runtimes ---
2025-07-01 06:38:52 INFO:   - Job: twitter_cluster41-eca32db3a96e4fbe0932861eb821ab0d on clnode287.clemson.cloudlab.us has been running for 0:39:22
2025-07-01 06:38:52 INFO:   - Job: twitter_cluster38-29a4086da0d6d7d60d1dfeb002cb9c3d on clnode303.clemson.cloudlab.us has been running for 0:37:12
2025-07-01 06:38:52 INFO:   - Job: twitter_cluster38-1637bac994bd3009e55ce25a36c9e1a2 on clnode290.clemson.cloudlab.us has been running for 0:37:12
2025-07-01 06:38:52 INFO:   - Job: twitter_cluster38-346473d2c745b2f4a4a9699ff814b19f on clnode290.clemson.cloudlab.us has been running for 0:37:12
2025-07-01 06:38:52 INFO:   - Job: twitter_cluster38-58a9315bee4433060311de1eabd4be42 on clnode287.clemson.cloudlab.us has been running for 0:37:12
2025-07-01 06:38:52 INFO:   - Job: twitter_cluster38-14c5cf93ee3fefc79a3a15a882ba8c72 on clnode290.clemson.cloudlab.us has been running for 0:37:12
2025-07-01 06:38:52 INFO:   - Job: twitter_cluster38-1c56d4d1e9df3be1645048a44a9b7626 on clnode303.clemson.cloudlab.us has been running for 0:37:12
2025-07-01 06:38:52 INFO:   - Job: twitter_cluster38-aad9c61cc44a4df3efa1f5e13b096f8c on clnode286.clemson.cloudlab.us has been running for 0:37:12
2025-07-01 06:38:52 INFO:   - Job: twitter_cluster38-b2acd4030d14d64916f5b7dda9440a28 on clnode286.clemson.cloudlab.us has been running for 0:37:12
2025-07-01 06:38:52 INFO:   - Job: twitter_cluster38-19c28e27ddb6434a1f58f4959bafb3b8 on clnode301.clemson.cloudlab.us has been running for 0:37:12
2025-07-01 06:38:52 INFO:   - Job: twitter_cluster38-9ec28ecc3d82e3ff69cbd3b4218afabf on clnode302.clemson.cloudlab.us has been running for 0:37:12
2025-07-01 06:38:52 INFO:   - Job: twitter_cluster38-1f49fe37e518959c9ccf82662b640f48 on clnode290.clemson.cloudlab.us has been running for 0:37:12
2025-07-01 06:38:52 INFO:   - Job: twitter_cluster38-52986173aa45a8365ddce6cf3bb1be40 on clnode290.clemson.cloudlab.us has been running for 0:37:12
2025-07-01 06:38:52 INFO:   - Job: twitter_cluster38-9607f98485cebb21f4050bcafbe6f726 on clnode287.clemson.cloudlab.us has been running for 0:37:12
2025-07-01 06:38:52 INFO:   - Job: twitter_cluster38-a578d8221827c7d1b4d3bbdf5ae021cd on clnode302.clemson.cloudlab.us has been running for 0:37:12
2025-07-01 06:38:52 INFO: ----------------------------
2025-07-01 06:38:52 INFO: Dumping current state to scheduler_state.json...
2025-07-01 06:38:58 INFO: STATUS: 0 ToDo, 15 Running, 1510 Finished, 0 Failed.
2025-07-01 06:38:58 INFO: Loop finished. Sleeping for 60 seconds.
2025-07-01 06:40:11 INFO: --- System-wide Resource Utilization ---
2025-07-01 06:40:11 INFO:   - Host: clnode302.clemson.cloudlab.us  CPU Util:   2.0% | Mem Free:  80.9%
2025-07-01 06:40:12 INFO:   - Host: clnode290.clemson.cloudlab.us  CPU Util:   5.2% | Mem Free:  61.8%
2025-07-01 06:40:12 INFO:   - Host: clnode303.clemson.cloudlab.us  CPU Util:   2.1% | Mem Free:  84.5%
2025-07-01 06:40:13 INFO:   - Host: clnode287.clemson.cloudlab.us  CPU Util:   3.2% | Mem Free:  78.0%
2025-07-01 06:40:13 INFO:   - Host: clnode301.clemson.cloudlab.us  CPU Util:   1.1% | Mem Free:  88.4%
2025-07-01 06:40:14 INFO:   - Host: clnode286.clemson.cloudlab.us  CPU Util:   2.0% | Mem Free:  84.5%
2025-07-01 06:40:14 INFO: ----------------------------------------
2025-07-01 06:40:14 INFO: --- Running Job Runtimes ---
2025-07-01 06:40:14 INFO:   - Job: twitter_cluster41-eca32db3a96e4fbe0932861eb821ab0d on clnode287.clemson.cloudlab.us has been running for 0:40:44
2025-07-01 06:40:14 INFO:   - Job: twitter_cluster38-29a4086da0d6d7d60d1dfeb002cb9c3d on clnode303.clemson.cloudlab.us has been running for 0:38:34
2025-07-01 06:40:14 INFO:   - Job: twitter_cluster38-1637bac994bd3009e55ce25a36c9e1a2 on clnode290.clemson.cloudlab.us has been running for 0:38:34
2025-07-01 06:40:14 INFO:   - Job: twitter_cluster38-346473d2c745b2f4a4a9699ff814b19f on clnode290.clemson.cloudlab.us has been running for 0:38:34
2025-07-01 06:40:14 INFO:   - Job: twitter_cluster38-58a9315bee4433060311de1eabd4be42 on clnode287.clemson.cloudlab.us has been running for 0:38:34
2025-07-01 06:40:14 INFO:   - Job: twitter_cluster38-14c5cf93ee3fefc79a3a15a882ba8c72 on clnode290.clemson.cloudlab.us has been running for 0:38:34
2025-07-01 06:40:14 INFO:   - Job: twitter_cluster38-1c56d4d1e9df3be1645048a44a9b7626 on clnode303.clemson.cloudlab.us has been running for 0:38:34
2025-07-01 06:40:14 INFO:   - Job: twitter_cluster38-aad9c61cc44a4df3efa1f5e13b096f8c on clnode286.clemson.cloudlab.us has been running for 0:38:34
2025-07-01 06:40:14 INFO:   - Job: twitter_cluster38-b2acd4030d14d64916f5b7dda9440a28 on clnode286.clemson.cloudlab.us has been running for 0:38:34
2025-07-01 06:40:14 INFO:   - Job: twitter_cluster38-19c28e27ddb6434a1f58f4959bafb3b8 on clnode301.clemson.cloudlab.us has been running for 0:38:34
2025-07-01 06:40:14 INFO:   - Job: twitter_cluster38-9ec28ecc3d82e3ff69cbd3b4218afabf on clnode302.clemson.cloudlab.us has been running for 0:38:34
2025-07-01 06:40:14 INFO:   - Job: twitter_cluster38-1f49fe37e518959c9ccf82662b640f48 on clnode290.clemson.cloudlab.us has been running for 0:38:34
2025-07-01 06:40:14 INFO:   - Job: twitter_cluster38-52986173aa45a8365ddce6cf3bb1be40 on clnode290.clemson.cloudlab.us has been running for 0:38:34
2025-07-01 06:40:14 INFO:   - Job: twitter_cluster38-9607f98485cebb21f4050bcafbe6f726 on clnode287.clemson.cloudlab.us has been running for 0:38:34
2025-07-01 06:40:14 INFO:   - Job: twitter_cluster38-a578d8221827c7d1b4d3bbdf5ae021cd on clnode302.clemson.cloudlab.us has been running for 0:38:34
2025-07-01 06:40:14 INFO: ----------------------------
2025-07-01 06:40:14 INFO: Dumping current state to scheduler_state.json...
2025-07-01 06:40:20 INFO: STATUS: 0 ToDo, 15 Running, 1510 Finished, 0 Failed.
2025-07-01 06:40:20 INFO: Loop finished. Sleeping for 60 seconds.
2025-07-01 06:41:32 INFO: --- System-wide Resource Utilization ---
2025-07-01 06:41:33 INFO:   - Host: clnode302.clemson.cloudlab.us  CPU Util:   2.1% | Mem Free:  80.9%
2025-07-01 06:41:33 INFO:   - Host: clnode290.clemson.cloudlab.us  CPU Util:   4.9% | Mem Free:  61.8%
2025-07-01 06:41:34 INFO:   - Host: clnode303.clemson.cloudlab.us  CPU Util:   2.0% | Mem Free:  84.5%
2025-07-01 06:41:35 INFO:   - Host: clnode287.clemson.cloudlab.us  CPU Util:   3.1% | Mem Free:  78.0%
2025-07-01 06:41:35 INFO:   - Host: clnode301.clemson.cloudlab.us  CPU Util:   1.0% | Mem Free:  88.4%
2025-07-01 06:41:36 INFO:   - Host: clnode286.clemson.cloudlab.us  CPU Util:   1.9% | Mem Free:  84.5%
2025-07-01 06:41:36 INFO: ----------------------------------------
2025-07-01 06:41:36 INFO: --- Running Job Runtimes ---
2025-07-01 06:41:36 INFO:   - Job: twitter_cluster41-eca32db3a96e4fbe0932861eb821ab0d on clnode287.clemson.cloudlab.us has been running for 0:42:06
2025-07-01 06:41:36 INFO:   - Job: twitter_cluster38-29a4086da0d6d7d60d1dfeb002cb9c3d on clnode303.clemson.cloudlab.us has been running for 0:39:56
2025-07-01 06:41:36 INFO:   - Job: twitter_cluster38-1637bac994bd3009e55ce25a36c9e1a2 on clnode290.clemson.cloudlab.us has been running for 0:39:56
2025-07-01 06:41:36 INFO:   - Job: twitter_cluster38-346473d2c745b2f4a4a9699ff814b19f on clnode290.clemson.cloudlab.us has been running for 0:39:56
2025-07-01 06:41:36 INFO:   - Job: twitter_cluster38-58a9315bee4433060311de1eabd4be42 on clnode287.clemson.cloudlab.us has been running for 0:39:56
2025-07-01 06:41:36 INFO:   - Job: twitter_cluster38-14c5cf93ee3fefc79a3a15a882ba8c72 on clnode290.clemson.cloudlab.us has been running for 0:39:56
2025-07-01 06:41:36 INFO:   - Job: twitter_cluster38-1c56d4d1e9df3be1645048a44a9b7626 on clnode303.clemson.cloudlab.us has been running for 0:39:56
2025-07-01 06:41:36 INFO:   - Job: twitter_cluster38-aad9c61cc44a4df3efa1f5e13b096f8c on clnode286.clemson.cloudlab.us has been running for 0:39:56
2025-07-01 06:41:36 INFO:   - Job: twitter_cluster38-b2acd4030d14d64916f5b7dda9440a28 on clnode286.clemson.cloudlab.us has been running for 0:39:56
2025-07-01 06:41:36 INFO:   - Job: twitter_cluster38-19c28e27ddb6434a1f58f4959bafb3b8 on clnode301.clemson.cloudlab.us has been running for 0:39:56
2025-07-01 06:41:36 INFO:   - Job: twitter_cluster38-9ec28ecc3d82e3ff69cbd3b4218afabf on clnode302.clemson.cloudlab.us has been running for 0:39:56
2025-07-01 06:41:36 INFO:   - Job: twitter_cluster38-1f49fe37e518959c9ccf82662b640f48 on clnode290.clemson.cloudlab.us has been running for 0:39:56
2025-07-01 06:41:36 INFO:   - Job: twitter_cluster38-52986173aa45a8365ddce6cf3bb1be40 on clnode290.clemson.cloudlab.us has been running for 0:39:56
2025-07-01 06:41:36 INFO:   - Job: twitter_cluster38-9607f98485cebb21f4050bcafbe6f726 on clnode287.clemson.cloudlab.us has been running for 0:39:56
2025-07-01 06:41:36 INFO:   - Job: twitter_cluster38-a578d8221827c7d1b4d3bbdf5ae021cd on clnode302.clemson.cloudlab.us has been running for 0:39:56
2025-07-01 06:41:36 INFO: ----------------------------
2025-07-01 06:41:36 INFO: Dumping current state to scheduler_state.json...
2025-07-01 06:41:42 INFO: STATUS: 0 ToDo, 15 Running, 1510 Finished, 0 Failed.
2025-07-01 06:41:42 INFO: Loop finished. Sleeping for 60 seconds.
2025-07-01 06:42:54 INFO: --- System-wide Resource Utilization ---
2025-07-01 06:42:55 INFO:   - Host: clnode302.clemson.cloudlab.us  CPU Util:   2.0% | Mem Free:  80.9%
2025-07-01 06:42:55 INFO:   - Host: clnode290.clemson.cloudlab.us  CPU Util:   4.8% | Mem Free:  61.8%
2025-07-01 06:42:56 INFO:   - Host: clnode303.clemson.cloudlab.us  CPU Util:   2.1% | Mem Free:  84.5%
2025-07-01 06:42:56 INFO:   - Host: clnode287.clemson.cloudlab.us  CPU Util:   3.1% | Mem Free:  78.0%
2025-07-01 06:42:57 INFO:   - Host: clnode301.clemson.cloudlab.us  CPU Util:   1.0% | Mem Free:  88.4%
2025-07-01 06:42:58 INFO:   - Host: clnode286.clemson.cloudlab.us  CPU Util:   2.1% | Mem Free:  84.5%
2025-07-01 06:42:58 INFO: ----------------------------------------
2025-07-01 06:42:58 INFO: --- Running Job Runtimes ---
2025-07-01 06:42:58 INFO:   - Job: twitter_cluster41-eca32db3a96e4fbe0932861eb821ab0d on clnode287.clemson.cloudlab.us has been running for 0:43:28
2025-07-01 06:42:58 INFO:   - Job: twitter_cluster38-29a4086da0d6d7d60d1dfeb002cb9c3d on clnode303.clemson.cloudlab.us has been running for 0:41:18
2025-07-01 06:42:58 INFO:   - Job: twitter_cluster38-1637bac994bd3009e55ce25a36c9e1a2 on clnode290.clemson.cloudlab.us has been running for 0:41:18
2025-07-01 06:42:58 INFO:   - Job: twitter_cluster38-346473d2c745b2f4a4a9699ff814b19f on clnode290.clemson.cloudlab.us has been running for 0:41:18
2025-07-01 06:42:58 INFO:   - Job: twitter_cluster38-58a9315bee4433060311de1eabd4be42 on clnode287.clemson.cloudlab.us has been running for 0:41:18
2025-07-01 06:42:58 INFO:   - Job: twitter_cluster38-14c5cf93ee3fefc79a3a15a882ba8c72 on clnode290.clemson.cloudlab.us has been running for 0:41:18
2025-07-01 06:42:58 INFO:   - Job: twitter_cluster38-1c56d4d1e9df3be1645048a44a9b7626 on clnode303.clemson.cloudlab.us has been running for 0:41:18
2025-07-01 06:42:58 INFO:   - Job: twitter_cluster38-aad9c61cc44a4df3efa1f5e13b096f8c on clnode286.clemson.cloudlab.us has been running for 0:41:18
2025-07-01 06:42:58 INFO:   - Job: twitter_cluster38-b2acd4030d14d64916f5b7dda9440a28 on clnode286.clemson.cloudlab.us has been running for 0:41:18
2025-07-01 06:42:58 INFO:   - Job: twitter_cluster38-19c28e27ddb6434a1f58f4959bafb3b8 on clnode301.clemson.cloudlab.us has been running for 0:41:18
2025-07-01 06:42:58 INFO:   - Job: twitter_cluster38-9ec28ecc3d82e3ff69cbd3b4218afabf on clnode302.clemson.cloudlab.us has been running for 0:41:18
2025-07-01 06:42:58 INFO:   - Job: twitter_cluster38-1f49fe37e518959c9ccf82662b640f48 on clnode290.clemson.cloudlab.us has been running for 0:41:18
2025-07-01 06:42:58 INFO:   - Job: twitter_cluster38-52986173aa45a8365ddce6cf3bb1be40 on clnode290.clemson.cloudlab.us has been running for 0:41:18
2025-07-01 06:42:58 INFO:   - Job: twitter_cluster38-9607f98485cebb21f4050bcafbe6f726 on clnode287.clemson.cloudlab.us has been running for 0:41:18
2025-07-01 06:42:58 INFO:   - Job: twitter_cluster38-a578d8221827c7d1b4d3bbdf5ae021cd on clnode302.clemson.cloudlab.us has been running for 0:41:18
2025-07-01 06:42:58 INFO: ----------------------------
2025-07-01 06:42:58 INFO: Dumping current state to scheduler_state.json...
2025-07-01 06:43:04 INFO: STATUS: 0 ToDo, 15 Running, 1510 Finished, 0 Failed.
2025-07-01 06:43:04 INFO: Loop finished. Sleeping for 60 seconds.
2025-07-01 06:44:16 INFO: --- System-wide Resource Utilization ---
2025-07-01 06:44:17 INFO:   - Host: clnode302.clemson.cloudlab.us  CPU Util:   2.0% | Mem Free:  80.9%
2025-07-01 06:44:17 INFO:   - Host: clnode290.clemson.cloudlab.us  CPU Util:   5.0% | Mem Free:  61.8%
2025-07-01 06:44:18 INFO:   - Host: clnode303.clemson.cloudlab.us  CPU Util:   2.0% | Mem Free:  84.5%
2025-07-01 06:44:18 INFO:   - Host: clnode287.clemson.cloudlab.us  CPU Util:   3.0% | Mem Free:  78.0%
2025-07-01 06:44:19 INFO:   - Host: clnode301.clemson.cloudlab.us  CPU Util:   1.2% | Mem Free:  88.4%
2025-07-01 06:44:20 INFO:   - Host: clnode286.clemson.cloudlab.us  CPU Util:   2.8% | Mem Free:  84.5%
2025-07-01 06:44:20 INFO: ----------------------------------------
2025-07-01 06:44:20 INFO: --- Running Job Runtimes ---
2025-07-01 06:44:20 INFO:   - Job: twitter_cluster41-eca32db3a96e4fbe0932861eb821ab0d on clnode287.clemson.cloudlab.us has been running for 0:44:50
2025-07-01 06:44:20 INFO:   - Job: twitter_cluster38-29a4086da0d6d7d60d1dfeb002cb9c3d on clnode303.clemson.cloudlab.us has been running for 0:42:40
2025-07-01 06:44:20 INFO:   - Job: twitter_cluster38-1637bac994bd3009e55ce25a36c9e1a2 on clnode290.clemson.cloudlab.us has been running for 0:42:40
2025-07-01 06:44:20 INFO:   - Job: twitter_cluster38-346473d2c745b2f4a4a9699ff814b19f on clnode290.clemson.cloudlab.us has been running for 0:42:40
2025-07-01 06:44:20 INFO:   - Job: twitter_cluster38-58a9315bee4433060311de1eabd4be42 on clnode287.clemson.cloudlab.us has been running for 0:42:40
2025-07-01 06:44:20 INFO:   - Job: twitter_cluster38-14c5cf93ee3fefc79a3a15a882ba8c72 on clnode290.clemson.cloudlab.us has been running for 0:42:40
2025-07-01 06:44:20 INFO:   - Job: twitter_cluster38-1c56d4d1e9df3be1645048a44a9b7626 on clnode303.clemson.cloudlab.us has been running for 0:42:40
2025-07-01 06:44:20 INFO:   - Job: twitter_cluster38-aad9c61cc44a4df3efa1f5e13b096f8c on clnode286.clemson.cloudlab.us has been running for 0:42:40
2025-07-01 06:44:20 INFO:   - Job: twitter_cluster38-b2acd4030d14d64916f5b7dda9440a28 on clnode286.clemson.cloudlab.us has been running for 0:42:40
2025-07-01 06:44:20 INFO:   - Job: twitter_cluster38-19c28e27ddb6434a1f58f4959bafb3b8 on clnode301.clemson.cloudlab.us has been running for 0:42:40
2025-07-01 06:44:20 INFO:   - Job: twitter_cluster38-9ec28ecc3d82e3ff69cbd3b4218afabf on clnode302.clemson.cloudlab.us has been running for 0:42:40
2025-07-01 06:44:20 INFO:   - Job: twitter_cluster38-1f49fe37e518959c9ccf82662b640f48 on clnode290.clemson.cloudlab.us has been running for 0:42:40
2025-07-01 06:44:20 INFO:   - Job: twitter_cluster38-52986173aa45a8365ddce6cf3bb1be40 on clnode290.clemson.cloudlab.us has been running for 0:42:40
2025-07-01 06:44:20 INFO:   - Job: twitter_cluster38-9607f98485cebb21f4050bcafbe6f726 on clnode287.clemson.cloudlab.us has been running for 0:42:40
2025-07-01 06:44:20 INFO:   - Job: twitter_cluster38-a578d8221827c7d1b4d3bbdf5ae021cd on clnode302.clemson.cloudlab.us has been running for 0:42:40
2025-07-01 06:44:20 INFO: ----------------------------
2025-07-01 06:44:20 INFO: Dumping current state to scheduler_state.json...
2025-07-01 06:44:26 INFO: STATUS: 0 ToDo, 15 Running, 1510 Finished, 0 Failed.
2025-07-01 06:44:26 INFO: Loop finished. Sleeping for 60 seconds.
2025-07-01 06:45:38 INFO: --- System-wide Resource Utilization ---
2025-07-01 06:45:39 INFO:   - Host: clnode302.clemson.cloudlab.us  CPU Util:   2.1% | Mem Free:  80.9%
2025-07-01 06:45:39 INFO:   - Host: clnode290.clemson.cloudlab.us  CPU Util:   4.9% | Mem Free:  61.8%
2025-07-01 06:45:40 INFO:   - Host: clnode303.clemson.cloudlab.us  CPU Util:   2.1% | Mem Free:  84.5%
2025-07-01 06:45:40 INFO:   - Host: clnode287.clemson.cloudlab.us  CPU Util:   4.1% | Mem Free:  78.0%
2025-07-01 06:45:41 INFO:   - Host: clnode301.clemson.cloudlab.us  CPU Util:   1.1% | Mem Free:  88.4%
2025-07-01 06:45:42 INFO:   - Host: clnode286.clemson.cloudlab.us  CPU Util:   1.9% | Mem Free:  84.5%
2025-07-01 06:45:42 INFO: ----------------------------------------
2025-07-01 06:45:42 INFO: --- Running Job Runtimes ---
2025-07-01 06:45:42 INFO:   - Job: twitter_cluster41-eca32db3a96e4fbe0932861eb821ab0d on clnode287.clemson.cloudlab.us has been running for 0:46:12
2025-07-01 06:45:42 INFO:   - Job: twitter_cluster38-29a4086da0d6d7d60d1dfeb002cb9c3d on clnode303.clemson.cloudlab.us has been running for 0:44:02
2025-07-01 06:45:42 INFO:   - Job: twitter_cluster38-1637bac994bd3009e55ce25a36c9e1a2 on clnode290.clemson.cloudlab.us has been running for 0:44:02
2025-07-01 06:45:42 INFO:   - Job: twitter_cluster38-346473d2c745b2f4a4a9699ff814b19f on clnode290.clemson.cloudlab.us has been running for 0:44:02
2025-07-01 06:45:42 INFO:   - Job: twitter_cluster38-58a9315bee4433060311de1eabd4be42 on clnode287.clemson.cloudlab.us has been running for 0:44:02
2025-07-01 06:45:42 INFO:   - Job: twitter_cluster38-14c5cf93ee3fefc79a3a15a882ba8c72 on clnode290.clemson.cloudlab.us has been running for 0:44:02
2025-07-01 06:45:42 INFO:   - Job: twitter_cluster38-1c56d4d1e9df3be1645048a44a9b7626 on clnode303.clemson.cloudlab.us has been running for 0:44:02
2025-07-01 06:45:42 INFO:   - Job: twitter_cluster38-aad9c61cc44a4df3efa1f5e13b096f8c on clnode286.clemson.cloudlab.us has been running for 0:44:02
2025-07-01 06:45:42 INFO:   - Job: twitter_cluster38-b2acd4030d14d64916f5b7dda9440a28 on clnode286.clemson.cloudlab.us has been running for 0:44:02
2025-07-01 06:45:42 INFO:   - Job: twitter_cluster38-19c28e27ddb6434a1f58f4959bafb3b8 on clnode301.clemson.cloudlab.us has been running for 0:44:02
2025-07-01 06:45:42 INFO:   - Job: twitter_cluster38-9ec28ecc3d82e3ff69cbd3b4218afabf on clnode302.clemson.cloudlab.us has been running for 0:44:02
2025-07-01 06:45:42 INFO:   - Job: twitter_cluster38-1f49fe37e518959c9ccf82662b640f48 on clnode290.clemson.cloudlab.us has been running for 0:44:02
2025-07-01 06:45:42 INFO:   - Job: twitter_cluster38-52986173aa45a8365ddce6cf3bb1be40 on clnode290.clemson.cloudlab.us has been running for 0:44:02
2025-07-01 06:45:42 INFO:   - Job: twitter_cluster38-9607f98485cebb21f4050bcafbe6f726 on clnode287.clemson.cloudlab.us has been running for 0:44:02
2025-07-01 06:45:42 INFO:   - Job: twitter_cluster38-a578d8221827c7d1b4d3bbdf5ae021cd on clnode302.clemson.cloudlab.us has been running for 0:44:02
2025-07-01 06:45:42 INFO: ----------------------------
2025-07-01 06:45:42 INFO: Dumping current state to scheduler_state.json...
2025-07-01 06:45:48 INFO: STATUS: 0 ToDo, 15 Running, 1510 Finished, 0 Failed.
2025-07-01 06:45:48 INFO: Loop finished. Sleeping for 60 seconds.
2025-07-01 06:47:00 INFO: --- System-wide Resource Utilization ---
2025-07-01 06:47:01 INFO:   - Host: clnode302.clemson.cloudlab.us  CPU Util:   2.0% | Mem Free:  80.5%
2025-07-01 06:47:01 INFO:   - Host: clnode290.clemson.cloudlab.us  CPU Util:   5.0% | Mem Free:  61.8%
2025-07-01 06:47:02 INFO:   - Host: clnode303.clemson.cloudlab.us  CPU Util:   2.2% | Mem Free:  84.5%
2025-07-01 06:47:02 INFO:   - Host: clnode287.clemson.cloudlab.us  CPU Util:   3.9% | Mem Free:  78.0%
2025-07-01 06:47:03 INFO:   - Host: clnode301.clemson.cloudlab.us  CPU Util:   1.1% | Mem Free:  88.4%
2025-07-01 06:47:04 INFO:   - Host: clnode286.clemson.cloudlab.us  CPU Util:   2.0% | Mem Free:  84.5%
2025-07-01 06:47:04 INFO: ----------------------------------------
2025-07-01 06:47:04 INFO: --- Running Job Runtimes ---
2025-07-01 06:47:04 INFO:   - Job: twitter_cluster41-eca32db3a96e4fbe0932861eb821ab0d on clnode287.clemson.cloudlab.us has been running for 0:47:34
2025-07-01 06:47:04 INFO:   - Job: twitter_cluster38-29a4086da0d6d7d60d1dfeb002cb9c3d on clnode303.clemson.cloudlab.us has been running for 0:45:24
2025-07-01 06:47:04 INFO:   - Job: twitter_cluster38-1637bac994bd3009e55ce25a36c9e1a2 on clnode290.clemson.cloudlab.us has been running for 0:45:24
2025-07-01 06:47:04 INFO:   - Job: twitter_cluster38-346473d2c745b2f4a4a9699ff814b19f on clnode290.clemson.cloudlab.us has been running for 0:45:24
2025-07-01 06:47:04 INFO:   - Job: twitter_cluster38-58a9315bee4433060311de1eabd4be42 on clnode287.clemson.cloudlab.us has been running for 0:45:24
2025-07-01 06:47:04 INFO:   - Job: twitter_cluster38-14c5cf93ee3fefc79a3a15a882ba8c72 on clnode290.clemson.cloudlab.us has been running for 0:45:24
2025-07-01 06:47:04 INFO:   - Job: twitter_cluster38-1c56d4d1e9df3be1645048a44a9b7626 on clnode303.clemson.cloudlab.us has been running for 0:45:24
2025-07-01 06:47:04 INFO:   - Job: twitter_cluster38-aad9c61cc44a4df3efa1f5e13b096f8c on clnode286.clemson.cloudlab.us has been running for 0:45:24
2025-07-01 06:47:04 INFO:   - Job: twitter_cluster38-b2acd4030d14d64916f5b7dda9440a28 on clnode286.clemson.cloudlab.us has been running for 0:45:24
2025-07-01 06:47:04 INFO:   - Job: twitter_cluster38-19c28e27ddb6434a1f58f4959bafb3b8 on clnode301.clemson.cloudlab.us has been running for 0:45:24
2025-07-01 06:47:04 INFO:   - Job: twitter_cluster38-9ec28ecc3d82e3ff69cbd3b4218afabf on clnode302.clemson.cloudlab.us has been running for 0:45:24
2025-07-01 06:47:04 INFO:   - Job: twitter_cluster38-1f49fe37e518959c9ccf82662b640f48 on clnode290.clemson.cloudlab.us has been running for 0:45:24
2025-07-01 06:47:04 INFO:   - Job: twitter_cluster38-52986173aa45a8365ddce6cf3bb1be40 on clnode290.clemson.cloudlab.us has been running for 0:45:24
2025-07-01 06:47:04 INFO:   - Job: twitter_cluster38-9607f98485cebb21f4050bcafbe6f726 on clnode287.clemson.cloudlab.us has been running for 0:45:24
2025-07-01 06:47:04 INFO:   - Job: twitter_cluster38-a578d8221827c7d1b4d3bbdf5ae021cd on clnode302.clemson.cloudlab.us has been running for 0:45:24
2025-07-01 06:47:04 INFO: ----------------------------
2025-07-01 06:47:04 INFO: Dumping current state to scheduler_state.json...
2025-07-01 06:47:10 INFO: STATUS: 0 ToDo, 15 Running, 1510 Finished, 0 Failed.
2025-07-01 06:47:10 INFO: Loop finished. Sleeping for 60 seconds.
2025-07-01 06:48:22 INFO: --- System-wide Resource Utilization ---
2025-07-01 06:48:23 INFO:   - Host: clnode302.clemson.cloudlab.us  CPU Util:   2.2% | Mem Free:  80.6%
2025-07-01 06:48:23 INFO:   - Host: clnode290.clemson.cloudlab.us  CPU Util:   5.0% | Mem Free:  61.8%
2025-07-01 06:48:24 INFO:   - Host: clnode303.clemson.cloudlab.us  CPU Util:   2.1% | Mem Free:  84.5%
2025-07-01 06:48:25 INFO:   - Host: clnode287.clemson.cloudlab.us  CPU Util:   4.0% | Mem Free:  78.0%
2025-07-01 06:48:25 INFO:   - Host: clnode301.clemson.cloudlab.us  CPU Util:   1.1% | Mem Free:  88.4%
2025-07-01 06:48:26 INFO:   - Host: clnode286.clemson.cloudlab.us  CPU Util:   2.2% | Mem Free:  84.5%
2025-07-01 06:48:26 INFO: ----------------------------------------
2025-07-01 06:48:26 INFO: --- Running Job Runtimes ---
2025-07-01 06:48:26 INFO:   - Job: twitter_cluster41-eca32db3a96e4fbe0932861eb821ab0d on clnode287.clemson.cloudlab.us has been running for 0:48:56
2025-07-01 06:48:26 INFO:   - Job: twitter_cluster38-29a4086da0d6d7d60d1dfeb002cb9c3d on clnode303.clemson.cloudlab.us has been running for 0:46:46
2025-07-01 06:48:26 INFO:   - Job: twitter_cluster38-1637bac994bd3009e55ce25a36c9e1a2 on clnode290.clemson.cloudlab.us has been running for 0:46:46
2025-07-01 06:48:26 INFO:   - Job: twitter_cluster38-346473d2c745b2f4a4a9699ff814b19f on clnode290.clemson.cloudlab.us has been running for 0:46:46
2025-07-01 06:48:26 INFO:   - Job: twitter_cluster38-58a9315bee4433060311de1eabd4be42 on clnode287.clemson.cloudlab.us has been running for 0:46:46
2025-07-01 06:48:26 INFO:   - Job: twitter_cluster38-14c5cf93ee3fefc79a3a15a882ba8c72 on clnode290.clemson.cloudlab.us has been running for 0:46:46
2025-07-01 06:48:26 INFO:   - Job: twitter_cluster38-1c56d4d1e9df3be1645048a44a9b7626 on clnode303.clemson.cloudlab.us has been running for 0:46:46
2025-07-01 06:48:26 INFO:   - Job: twitter_cluster38-aad9c61cc44a4df3efa1f5e13b096f8c on clnode286.clemson.cloudlab.us has been running for 0:46:46
2025-07-01 06:48:26 INFO:   - Job: twitter_cluster38-b2acd4030d14d64916f5b7dda9440a28 on clnode286.clemson.cloudlab.us has been running for 0:46:46
2025-07-01 06:48:26 INFO:   - Job: twitter_cluster38-19c28e27ddb6434a1f58f4959bafb3b8 on clnode301.clemson.cloudlab.us has been running for 0:46:46
2025-07-01 06:48:26 INFO:   - Job: twitter_cluster38-9ec28ecc3d82e3ff69cbd3b4218afabf on clnode302.clemson.cloudlab.us has been running for 0:46:46
2025-07-01 06:48:26 INFO:   - Job: twitter_cluster38-1f49fe37e518959c9ccf82662b640f48 on clnode290.clemson.cloudlab.us has been running for 0:46:46
2025-07-01 06:48:26 INFO:   - Job: twitter_cluster38-52986173aa45a8365ddce6cf3bb1be40 on clnode290.clemson.cloudlab.us has been running for 0:46:46
2025-07-01 06:48:26 INFO:   - Job: twitter_cluster38-9607f98485cebb21f4050bcafbe6f726 on clnode287.clemson.cloudlab.us has been running for 0:46:46
2025-07-01 06:48:26 INFO:   - Job: twitter_cluster38-a578d8221827c7d1b4d3bbdf5ae021cd on clnode302.clemson.cloudlab.us has been running for 0:46:46
2025-07-01 06:48:26 INFO: ----------------------------
2025-07-01 06:48:26 INFO: Dumping current state to scheduler_state.json...
2025-07-01 06:48:32 INFO: STATUS: 0 ToDo, 15 Running, 1510 Finished, 0 Failed.
2025-07-01 06:48:32 INFO: Loop finished. Sleeping for 60 seconds.
2025-07-01 06:49:45 INFO: --- System-wide Resource Utilization ---
2025-07-01 06:49:45 INFO:   - Host: clnode302.clemson.cloudlab.us  CPU Util:   2.1% | Mem Free:  80.6%
2025-07-01 06:49:46 INFO:   - Host: clnode290.clemson.cloudlab.us  CPU Util:   5.0% | Mem Free:  61.8%
2025-07-01 06:49:46 INFO:   - Host: clnode303.clemson.cloudlab.us  CPU Util:   2.1% | Mem Free:  84.5%
2025-07-01 06:49:47 INFO:   - Host: clnode287.clemson.cloudlab.us  CPU Util:   3.2% | Mem Free:  78.0%
2025-07-01 06:49:47 INFO:   - Host: clnode301.clemson.cloudlab.us  CPU Util:   1.1% | Mem Free:  88.4%
2025-07-01 06:49:48 INFO:   - Host: clnode286.clemson.cloudlab.us  CPU Util:   2.1% | Mem Free:  84.5%
2025-07-01 06:49:48 INFO: ----------------------------------------
2025-07-01 06:49:48 INFO: --- Running Job Runtimes ---
2025-07-01 06:49:48 INFO:   - Job: twitter_cluster41-eca32db3a96e4fbe0932861eb821ab0d on clnode287.clemson.cloudlab.us has been running for 0:50:18
2025-07-01 06:49:48 INFO:   - Job: twitter_cluster38-29a4086da0d6d7d60d1dfeb002cb9c3d on clnode303.clemson.cloudlab.us has been running for 0:48:08
2025-07-01 06:49:48 INFO:   - Job: twitter_cluster38-1637bac994bd3009e55ce25a36c9e1a2 on clnode290.clemson.cloudlab.us has been running for 0:48:08
2025-07-01 06:49:48 INFO:   - Job: twitter_cluster38-346473d2c745b2f4a4a9699ff814b19f on clnode290.clemson.cloudlab.us has been running for 0:48:08
2025-07-01 06:49:48 INFO:   - Job: twitter_cluster38-58a9315bee4433060311de1eabd4be42 on clnode287.clemson.cloudlab.us has been running for 0:48:08
2025-07-01 06:49:48 INFO:   - Job: twitter_cluster38-14c5cf93ee3fefc79a3a15a882ba8c72 on clnode290.clemson.cloudlab.us has been running for 0:48:08
2025-07-01 06:49:48 INFO:   - Job: twitter_cluster38-1c56d4d1e9df3be1645048a44a9b7626 on clnode303.clemson.cloudlab.us has been running for 0:48:08
2025-07-01 06:49:48 INFO:   - Job: twitter_cluster38-aad9c61cc44a4df3efa1f5e13b096f8c on clnode286.clemson.cloudlab.us has been running for 0:48:08
2025-07-01 06:49:48 INFO:   - Job: twitter_cluster38-b2acd4030d14d64916f5b7dda9440a28 on clnode286.clemson.cloudlab.us has been running for 0:48:08
2025-07-01 06:49:48 INFO:   - Job: twitter_cluster38-19c28e27ddb6434a1f58f4959bafb3b8 on clnode301.clemson.cloudlab.us has been running for 0:48:08
2025-07-01 06:49:48 INFO:   - Job: twitter_cluster38-9ec28ecc3d82e3ff69cbd3b4218afabf on clnode302.clemson.cloudlab.us has been running for 0:48:08
2025-07-01 06:49:48 INFO:   - Job: twitter_cluster38-1f49fe37e518959c9ccf82662b640f48 on clnode290.clemson.cloudlab.us has been running for 0:48:08
2025-07-01 06:49:48 INFO:   - Job: twitter_cluster38-52986173aa45a8365ddce6cf3bb1be40 on clnode290.clemson.cloudlab.us has been running for 0:48:08
2025-07-01 06:49:48 INFO:   - Job: twitter_cluster38-9607f98485cebb21f4050bcafbe6f726 on clnode287.clemson.cloudlab.us has been running for 0:48:08
2025-07-01 06:49:48 INFO:   - Job: twitter_cluster38-a578d8221827c7d1b4d3bbdf5ae021cd on clnode302.clemson.cloudlab.us has been running for 0:48:08
2025-07-01 06:49:48 INFO: ----------------------------
2025-07-01 06:49:48 INFO: Dumping current state to scheduler_state.json...
2025-07-01 06:49:54 INFO: STATUS: 0 ToDo, 15 Running, 1510 Finished, 0 Failed.
2025-07-01 06:49:54 INFO: Loop finished. Sleeping for 60 seconds.
2025-07-01 06:51:07 INFO: --- System-wide Resource Utilization ---
2025-07-01 06:51:07 INFO:   - Host: clnode302.clemson.cloudlab.us  CPU Util:   2.1% | Mem Free:  80.3%
2025-07-01 06:51:08 INFO:   - Host: clnode290.clemson.cloudlab.us  CPU Util:   5.6% | Mem Free:  61.8%
2025-07-01 06:51:08 INFO:   - Host: clnode303.clemson.cloudlab.us  CPU Util:   1.9% | Mem Free:  84.5%
2025-07-01 06:51:09 INFO:   - Host: clnode287.clemson.cloudlab.us  CPU Util:   3.1% | Mem Free:  78.0%
2025-07-01 06:51:09 INFO:   - Host: clnode301.clemson.cloudlab.us  CPU Util:   1.1% | Mem Free:  88.4%
2025-07-01 06:51:10 INFO:   - Host: clnode286.clemson.cloudlab.us  CPU Util:   2.2% | Mem Free:  84.5%
2025-07-01 06:51:10 INFO: ----------------------------------------
2025-07-01 06:51:10 INFO: --- Running Job Runtimes ---
2025-07-01 06:51:10 INFO:   - Job: twitter_cluster41-eca32db3a96e4fbe0932861eb821ab0d on clnode287.clemson.cloudlab.us has been running for 0:51:40
2025-07-01 06:51:10 INFO:   - Job: twitter_cluster38-29a4086da0d6d7d60d1dfeb002cb9c3d on clnode303.clemson.cloudlab.us has been running for 0:49:30
2025-07-01 06:51:10 INFO:   - Job: twitter_cluster38-1637bac994bd3009e55ce25a36c9e1a2 on clnode290.clemson.cloudlab.us has been running for 0:49:30
2025-07-01 06:51:10 INFO:   - Job: twitter_cluster38-346473d2c745b2f4a4a9699ff814b19f on clnode290.clemson.cloudlab.us has been running for 0:49:30
2025-07-01 06:51:10 INFO:   - Job: twitter_cluster38-58a9315bee4433060311de1eabd4be42 on clnode287.clemson.cloudlab.us has been running for 0:49:30
2025-07-01 06:51:10 INFO:   - Job: twitter_cluster38-14c5cf93ee3fefc79a3a15a882ba8c72 on clnode290.clemson.cloudlab.us has been running for 0:49:30
2025-07-01 06:51:10 INFO:   - Job: twitter_cluster38-1c56d4d1e9df3be1645048a44a9b7626 on clnode303.clemson.cloudlab.us has been running for 0:49:30
2025-07-01 06:51:10 INFO:   - Job: twitter_cluster38-aad9c61cc44a4df3efa1f5e13b096f8c on clnode286.clemson.cloudlab.us has been running for 0:49:30
2025-07-01 06:51:10 INFO:   - Job: twitter_cluster38-b2acd4030d14d64916f5b7dda9440a28 on clnode286.clemson.cloudlab.us has been running for 0:49:30
2025-07-01 06:51:10 INFO:   - Job: twitter_cluster38-19c28e27ddb6434a1f58f4959bafb3b8 on clnode301.clemson.cloudlab.us has been running for 0:49:30
2025-07-01 06:51:10 INFO:   - Job: twitter_cluster38-9ec28ecc3d82e3ff69cbd3b4218afabf on clnode302.clemson.cloudlab.us has been running for 0:49:30
2025-07-01 06:51:10 INFO:   - Job: twitter_cluster38-1f49fe37e518959c9ccf82662b640f48 on clnode290.clemson.cloudlab.us has been running for 0:49:30
2025-07-01 06:51:10 INFO:   - Job: twitter_cluster38-52986173aa45a8365ddce6cf3bb1be40 on clnode290.clemson.cloudlab.us has been running for 0:49:30
2025-07-01 06:51:10 INFO:   - Job: twitter_cluster38-9607f98485cebb21f4050bcafbe6f726 on clnode287.clemson.cloudlab.us has been running for 0:49:30
2025-07-01 06:51:10 INFO:   - Job: twitter_cluster38-a578d8221827c7d1b4d3bbdf5ae021cd on clnode302.clemson.cloudlab.us has been running for 0:49:30
2025-07-01 06:51:10 INFO: ----------------------------
2025-07-01 06:51:10 INFO: Dumping current state to scheduler_state.json...
2025-07-01 06:51:16 INFO: STATUS: 0 ToDo, 15 Running, 1510 Finished, 0 Failed.
2025-07-01 06:51:16 INFO: Loop finished. Sleeping for 60 seconds.
2025-07-01 06:52:28 INFO: --- System-wide Resource Utilization ---
2025-07-01 06:52:29 INFO:   - Host: clnode302.clemson.cloudlab.us  CPU Util:   2.2% | Mem Free:  80.9%
2025-07-01 06:52:29 INFO:   - Host: clnode290.clemson.cloudlab.us  CPU Util:   5.2% | Mem Free:  61.8%
2025-07-01 06:52:30 INFO:   - Host: clnode303.clemson.cloudlab.us  CPU Util:   2.1% | Mem Free:  84.5%
2025-07-01 06:52:31 INFO:   - Host: clnode287.clemson.cloudlab.us  CPU Util:   3.1% | Mem Free:  78.0%
2025-07-01 06:52:31 INFO:   - Host: clnode301.clemson.cloudlab.us  CPU Util:   1.0% | Mem Free:  88.4%
2025-07-01 06:52:32 INFO:   - Host: clnode286.clemson.cloudlab.us  CPU Util:   2.0% | Mem Free:  84.5%
2025-07-01 06:52:32 INFO: ----------------------------------------
2025-07-01 06:52:32 INFO: --- Running Job Runtimes ---
2025-07-01 06:52:32 INFO:   - Job: twitter_cluster41-eca32db3a96e4fbe0932861eb821ab0d on clnode287.clemson.cloudlab.us has been running for 0:53:02
2025-07-01 06:52:32 INFO:   - Job: twitter_cluster38-29a4086da0d6d7d60d1dfeb002cb9c3d on clnode303.clemson.cloudlab.us has been running for 0:50:52
2025-07-01 06:52:32 INFO:   - Job: twitter_cluster38-1637bac994bd3009e55ce25a36c9e1a2 on clnode290.clemson.cloudlab.us has been running for 0:50:52
2025-07-01 06:52:32 INFO:   - Job: twitter_cluster38-346473d2c745b2f4a4a9699ff814b19f on clnode290.clemson.cloudlab.us has been running for 0:50:52
2025-07-01 06:52:32 INFO:   - Job: twitter_cluster38-58a9315bee4433060311de1eabd4be42 on clnode287.clemson.cloudlab.us has been running for 0:50:52
2025-07-01 06:52:32 INFO:   - Job: twitter_cluster38-14c5cf93ee3fefc79a3a15a882ba8c72 on clnode290.clemson.cloudlab.us has been running for 0:50:52
2025-07-01 06:52:32 INFO:   - Job: twitter_cluster38-1c56d4d1e9df3be1645048a44a9b7626 on clnode303.clemson.cloudlab.us has been running for 0:50:52
2025-07-01 06:52:32 INFO:   - Job: twitter_cluster38-aad9c61cc44a4df3efa1f5e13b096f8c on clnode286.clemson.cloudlab.us has been running for 0:50:52
2025-07-01 06:52:32 INFO:   - Job: twitter_cluster38-b2acd4030d14d64916f5b7dda9440a28 on clnode286.clemson.cloudlab.us has been running for 0:50:52
2025-07-01 06:52:32 INFO:   - Job: twitter_cluster38-19c28e27ddb6434a1f58f4959bafb3b8 on clnode301.clemson.cloudlab.us has been running for 0:50:52
2025-07-01 06:52:32 INFO:   - Job: twitter_cluster38-9ec28ecc3d82e3ff69cbd3b4218afabf on clnode302.clemson.cloudlab.us has been running for 0:50:52
2025-07-01 06:52:32 INFO:   - Job: twitter_cluster38-1f49fe37e518959c9ccf82662b640f48 on clnode290.clemson.cloudlab.us has been running for 0:50:52
2025-07-01 06:52:32 INFO:   - Job: twitter_cluster38-52986173aa45a8365ddce6cf3bb1be40 on clnode290.clemson.cloudlab.us has been running for 0:50:52
2025-07-01 06:52:32 INFO:   - Job: twitter_cluster38-9607f98485cebb21f4050bcafbe6f726 on clnode287.clemson.cloudlab.us has been running for 0:50:52
2025-07-01 06:52:32 INFO:   - Job: twitter_cluster38-a578d8221827c7d1b4d3bbdf5ae021cd on clnode302.clemson.cloudlab.us has been running for 0:50:52
2025-07-01 06:52:32 INFO: ----------------------------
2025-07-01 06:52:32 INFO: Dumping current state to scheduler_state.json...
2025-07-01 06:52:38 INFO: STATUS: 0 ToDo, 15 Running, 1510 Finished, 0 Failed.
2025-07-01 06:52:38 INFO: Loop finished. Sleeping for 60 seconds.
2025-07-01 06:53:50 INFO: --- System-wide Resource Utilization ---
2025-07-01 06:53:51 INFO:   - Host: clnode302.clemson.cloudlab.us  CPU Util:   2.1% | Mem Free:  80.9%
2025-07-01 06:53:51 INFO:   - Host: clnode290.clemson.cloudlab.us  CPU Util:   5.1% | Mem Free:  61.8%
2025-07-01 06:53:52 INFO:   - Host: clnode303.clemson.cloudlab.us  CPU Util:   2.1% | Mem Free:  84.5%
2025-07-01 06:53:52 INFO:   - Host: clnode287.clemson.cloudlab.us  CPU Util:   3.2% | Mem Free:  78.0%
2025-07-01 06:53:53 INFO:   - Host: clnode301.clemson.cloudlab.us  CPU Util:   1.2% | Mem Free:  88.4%
2025-07-01 06:53:53 INFO:   - Host: clnode286.clemson.cloudlab.us  CPU Util:   2.1% | Mem Free:  84.5%
2025-07-01 06:53:53 INFO: ----------------------------------------
2025-07-01 06:53:53 INFO: --- Running Job Runtimes ---
2025-07-01 06:53:53 INFO:   - Job: twitter_cluster41-eca32db3a96e4fbe0932861eb821ab0d on clnode287.clemson.cloudlab.us has been running for 0:54:23
2025-07-01 06:53:53 INFO:   - Job: twitter_cluster38-29a4086da0d6d7d60d1dfeb002cb9c3d on clnode303.clemson.cloudlab.us has been running for 0:52:14
2025-07-01 06:53:53 INFO:   - Job: twitter_cluster38-1637bac994bd3009e55ce25a36c9e1a2 on clnode290.clemson.cloudlab.us has been running for 0:52:14
2025-07-01 06:53:53 INFO:   - Job: twitter_cluster38-346473d2c745b2f4a4a9699ff814b19f on clnode290.clemson.cloudlab.us has been running for 0:52:14
2025-07-01 06:53:53 INFO:   - Job: twitter_cluster38-58a9315bee4433060311de1eabd4be42 on clnode287.clemson.cloudlab.us has been running for 0:52:14
2025-07-01 06:53:53 INFO:   - Job: twitter_cluster38-14c5cf93ee3fefc79a3a15a882ba8c72 on clnode290.clemson.cloudlab.us has been running for 0:52:14
2025-07-01 06:53:53 INFO:   - Job: twitter_cluster38-1c56d4d1e9df3be1645048a44a9b7626 on clnode303.clemson.cloudlab.us has been running for 0:52:14
2025-07-01 06:53:53 INFO:   - Job: twitter_cluster38-aad9c61cc44a4df3efa1f5e13b096f8c on clnode286.clemson.cloudlab.us has been running for 0:52:14
2025-07-01 06:53:53 INFO:   - Job: twitter_cluster38-b2acd4030d14d64916f5b7dda9440a28 on clnode286.clemson.cloudlab.us has been running for 0:52:14
2025-07-01 06:53:53 INFO:   - Job: twitter_cluster38-19c28e27ddb6434a1f58f4959bafb3b8 on clnode301.clemson.cloudlab.us has been running for 0:52:14
2025-07-01 06:53:53 INFO:   - Job: twitter_cluster38-9ec28ecc3d82e3ff69cbd3b4218afabf on clnode302.clemson.cloudlab.us has been running for 0:52:14
2025-07-01 06:53:53 INFO:   - Job: twitter_cluster38-1f49fe37e518959c9ccf82662b640f48 on clnode290.clemson.cloudlab.us has been running for 0:52:14
2025-07-01 06:53:53 INFO:   - Job: twitter_cluster38-52986173aa45a8365ddce6cf3bb1be40 on clnode290.clemson.cloudlab.us has been running for 0:52:14
2025-07-01 06:53:53 INFO:   - Job: twitter_cluster38-9607f98485cebb21f4050bcafbe6f726 on clnode287.clemson.cloudlab.us has been running for 0:52:14
2025-07-01 06:53:53 INFO:   - Job: twitter_cluster38-a578d8221827c7d1b4d3bbdf5ae021cd on clnode302.clemson.cloudlab.us has been running for 0:52:14
2025-07-01 06:53:53 INFO: ----------------------------
2025-07-01 06:53:53 INFO: Dumping current state to scheduler_state.json...
2025-07-01 06:53:59 INFO: STATUS: 0 ToDo, 15 Running, 1510 Finished, 0 Failed.
2025-07-01 06:54:00 INFO: Loop finished. Sleeping for 60 seconds.
2025-07-01 06:55:12 INFO: --- System-wide Resource Utilization ---
2025-07-01 06:55:12 INFO:   - Host: clnode302.clemson.cloudlab.us  CPU Util:   3.6% | Mem Free:  80.9%
2025-07-01 06:55:13 INFO:   - Host: clnode290.clemson.cloudlab.us  CPU Util:   4.8% | Mem Free:  61.8%
2025-07-01 06:55:13 INFO:   - Host: clnode303.clemson.cloudlab.us  CPU Util:   2.1% | Mem Free:  84.5%
2025-07-01 06:55:14 INFO:   - Host: clnode287.clemson.cloudlab.us  CPU Util:   3.0% | Mem Free:  78.0%
2025-07-01 06:55:15 INFO:   - Host: clnode301.clemson.cloudlab.us  CPU Util:   1.2% | Mem Free:  88.4%
2025-07-01 06:55:15 INFO:   - Host: clnode286.clemson.cloudlab.us  CPU Util:   2.2% | Mem Free:  84.5%
2025-07-01 06:55:15 INFO: ----------------------------------------
2025-07-01 06:55:15 INFO: --- Running Job Runtimes ---
2025-07-01 06:55:15 INFO:   - Job: twitter_cluster41-eca32db3a96e4fbe0932861eb821ab0d on clnode287.clemson.cloudlab.us has been running for 0:55:45
2025-07-01 06:55:15 INFO:   - Job: twitter_cluster38-29a4086da0d6d7d60d1dfeb002cb9c3d on clnode303.clemson.cloudlab.us has been running for 0:53:35
2025-07-01 06:55:15 INFO:   - Job: twitter_cluster38-1637bac994bd3009e55ce25a36c9e1a2 on clnode290.clemson.cloudlab.us has been running for 0:53:35
2025-07-01 06:55:15 INFO:   - Job: twitter_cluster38-346473d2c745b2f4a4a9699ff814b19f on clnode290.clemson.cloudlab.us has been running for 0:53:35
2025-07-01 06:55:15 INFO:   - Job: twitter_cluster38-58a9315bee4433060311de1eabd4be42 on clnode287.clemson.cloudlab.us has been running for 0:53:35
2025-07-01 06:55:15 INFO:   - Job: twitter_cluster38-14c5cf93ee3fefc79a3a15a882ba8c72 on clnode290.clemson.cloudlab.us has been running for 0:53:35
2025-07-01 06:55:15 INFO:   - Job: twitter_cluster38-1c56d4d1e9df3be1645048a44a9b7626 on clnode303.clemson.cloudlab.us has been running for 0:53:35
2025-07-01 06:55:15 INFO:   - Job: twitter_cluster38-aad9c61cc44a4df3efa1f5e13b096f8c on clnode286.clemson.cloudlab.us has been running for 0:53:35
2025-07-01 06:55:15 INFO:   - Job: twitter_cluster38-b2acd4030d14d64916f5b7dda9440a28 on clnode286.clemson.cloudlab.us has been running for 0:53:35
2025-07-01 06:55:15 INFO:   - Job: twitter_cluster38-19c28e27ddb6434a1f58f4959bafb3b8 on clnode301.clemson.cloudlab.us has been running for 0:53:35
2025-07-01 06:55:15 INFO:   - Job: twitter_cluster38-9ec28ecc3d82e3ff69cbd3b4218afabf on clnode302.clemson.cloudlab.us has been running for 0:53:35
2025-07-01 06:55:15 INFO:   - Job: twitter_cluster38-1f49fe37e518959c9ccf82662b640f48 on clnode290.clemson.cloudlab.us has been running for 0:53:35
2025-07-01 06:55:15 INFO:   - Job: twitter_cluster38-52986173aa45a8365ddce6cf3bb1be40 on clnode290.clemson.cloudlab.us has been running for 0:53:35
2025-07-01 06:55:15 INFO:   - Job: twitter_cluster38-9607f98485cebb21f4050bcafbe6f726 on clnode287.clemson.cloudlab.us has been running for 0:53:35
2025-07-01 06:55:15 INFO:   - Job: twitter_cluster38-a578d8221827c7d1b4d3bbdf5ae021cd on clnode302.clemson.cloudlab.us has been running for 0:53:35
2025-07-01 06:55:15 INFO: ----------------------------
2025-07-01 06:55:15 INFO: Dumping current state to scheduler_state.json...
2025-07-01 06:55:21 INFO: STATUS: 0 ToDo, 15 Running, 1510 Finished, 0 Failed.
2025-07-01 06:55:21 INFO: Loop finished. Sleeping for 60 seconds.
2025-07-01 06:56:33 INFO: --- System-wide Resource Utilization ---
2025-07-01 06:56:34 INFO:   - Host: clnode302.clemson.cloudlab.us  CPU Util:   2.0% | Mem Free:  80.9%
2025-07-01 06:56:34 INFO:   - Host: clnode290.clemson.cloudlab.us  CPU Util:   5.1% | Mem Free:  61.8%
2025-07-01 06:56:35 INFO:   - Host: clnode303.clemson.cloudlab.us  CPU Util:   2.1% | Mem Free:  84.5%
2025-07-01 06:56:36 INFO:   - Host: clnode287.clemson.cloudlab.us  CPU Util:   3.6% | Mem Free:  78.0%
2025-07-01 06:56:36 INFO:   - Host: clnode301.clemson.cloudlab.us  CPU Util:   1.1% | Mem Free:  88.4%
2025-07-01 06:56:37 INFO:   - Host: clnode286.clemson.cloudlab.us  CPU Util:   2.0% | Mem Free:  84.5%
2025-07-01 06:56:37 INFO: ----------------------------------------
2025-07-01 06:56:37 INFO: --- Running Job Runtimes ---
2025-07-01 06:56:37 INFO:   - Job: twitter_cluster41-eca32db3a96e4fbe0932861eb821ab0d on clnode287.clemson.cloudlab.us has been running for 0:57:07
2025-07-01 06:56:37 INFO:   - Job: twitter_cluster38-29a4086da0d6d7d60d1dfeb002cb9c3d on clnode303.clemson.cloudlab.us has been running for 0:54:57
2025-07-01 06:56:37 INFO:   - Job: twitter_cluster38-1637bac994bd3009e55ce25a36c9e1a2 on clnode290.clemson.cloudlab.us has been running for 0:54:57
2025-07-01 06:56:37 INFO:   - Job: twitter_cluster38-346473d2c745b2f4a4a9699ff814b19f on clnode290.clemson.cloudlab.us has been running for 0:54:57
2025-07-01 06:56:37 INFO:   - Job: twitter_cluster38-58a9315bee4433060311de1eabd4be42 on clnode287.clemson.cloudlab.us has been running for 0:54:57
2025-07-01 06:56:37 INFO:   - Job: twitter_cluster38-14c5cf93ee3fefc79a3a15a882ba8c72 on clnode290.clemson.cloudlab.us has been running for 0:54:57
2025-07-01 06:56:37 INFO:   - Job: twitter_cluster38-1c56d4d1e9df3be1645048a44a9b7626 on clnode303.clemson.cloudlab.us has been running for 0:54:57
2025-07-01 06:56:37 INFO:   - Job: twitter_cluster38-aad9c61cc44a4df3efa1f5e13b096f8c on clnode286.clemson.cloudlab.us has been running for 0:54:57
2025-07-01 06:56:37 INFO:   - Job: twitter_cluster38-b2acd4030d14d64916f5b7dda9440a28 on clnode286.clemson.cloudlab.us has been running for 0:54:57
2025-07-01 06:56:37 INFO:   - Job: twitter_cluster38-19c28e27ddb6434a1f58f4959bafb3b8 on clnode301.clemson.cloudlab.us has been running for 0:54:57
2025-07-01 06:56:37 INFO:   - Job: twitter_cluster38-9ec28ecc3d82e3ff69cbd3b4218afabf on clnode302.clemson.cloudlab.us has been running for 0:54:57
2025-07-01 06:56:37 INFO:   - Job: twitter_cluster38-1f49fe37e518959c9ccf82662b640f48 on clnode290.clemson.cloudlab.us has been running for 0:54:57
2025-07-01 06:56:37 INFO:   - Job: twitter_cluster38-52986173aa45a8365ddce6cf3bb1be40 on clnode290.clemson.cloudlab.us has been running for 0:54:57
2025-07-01 06:56:37 INFO:   - Job: twitter_cluster38-9607f98485cebb21f4050bcafbe6f726 on clnode287.clemson.cloudlab.us has been running for 0:54:57
2025-07-01 06:56:37 INFO:   - Job: twitter_cluster38-a578d8221827c7d1b4d3bbdf5ae021cd on clnode302.clemson.cloudlab.us has been running for 0:54:57
2025-07-01 06:56:37 INFO: ----------------------------
2025-07-01 06:56:37 INFO: Dumping current state to scheduler_state.json...
2025-07-01 06:56:43 INFO: STATUS: 0 ToDo, 15 Running, 1510 Finished, 0 Failed.
2025-07-01 06:56:43 INFO: Loop finished. Sleeping for 60 seconds.
2025-07-01 06:57:55 INFO: --- System-wide Resource Utilization ---
2025-07-01 06:57:56 INFO:   - Host: clnode302.clemson.cloudlab.us  CPU Util:   2.3% | Mem Free:  80.9%
2025-07-01 06:57:56 INFO:   - Host: clnode290.clemson.cloudlab.us  CPU Util:   5.3% | Mem Free:  61.8%
2025-07-01 06:57:57 INFO:   - Host: clnode303.clemson.cloudlab.us  CPU Util:   2.1% | Mem Free:  84.5%
2025-07-01 06:57:57 INFO:   - Host: clnode287.clemson.cloudlab.us  CPU Util:   3.1% | Mem Free:  78.0%
2025-07-01 06:57:58 INFO:   - Host: clnode301.clemson.cloudlab.us  CPU Util:   1.1% | Mem Free:  88.4%
2025-07-01 06:57:59 INFO:   - Host: clnode286.clemson.cloudlab.us  CPU Util:   2.0% | Mem Free:  84.5%
2025-07-01 06:57:59 INFO: ----------------------------------------
2025-07-01 06:57:59 INFO: --- Running Job Runtimes ---
2025-07-01 06:57:59 INFO:   - Job: twitter_cluster41-eca32db3a96e4fbe0932861eb821ab0d on clnode287.clemson.cloudlab.us has been running for 0:58:29
2025-07-01 06:57:59 INFO:   - Job: twitter_cluster38-29a4086da0d6d7d60d1dfeb002cb9c3d on clnode303.clemson.cloudlab.us has been running for 0:56:19
2025-07-01 06:57:59 INFO:   - Job: twitter_cluster38-1637bac994bd3009e55ce25a36c9e1a2 on clnode290.clemson.cloudlab.us has been running for 0:56:19
2025-07-01 06:57:59 INFO:   - Job: twitter_cluster38-346473d2c745b2f4a4a9699ff814b19f on clnode290.clemson.cloudlab.us has been running for 0:56:19
2025-07-01 06:57:59 INFO:   - Job: twitter_cluster38-58a9315bee4433060311de1eabd4be42 on clnode287.clemson.cloudlab.us has been running for 0:56:19
2025-07-01 06:57:59 INFO:   - Job: twitter_cluster38-14c5cf93ee3fefc79a3a15a882ba8c72 on clnode290.clemson.cloudlab.us has been running for 0:56:19
2025-07-01 06:57:59 INFO:   - Job: twitter_cluster38-1c56d4d1e9df3be1645048a44a9b7626 on clnode303.clemson.cloudlab.us has been running for 0:56:19
2025-07-01 06:57:59 INFO:   - Job: twitter_cluster38-aad9c61cc44a4df3efa1f5e13b096f8c on clnode286.clemson.cloudlab.us has been running for 0:56:19
2025-07-01 06:57:59 INFO:   - Job: twitter_cluster38-b2acd4030d14d64916f5b7dda9440a28 on clnode286.clemson.cloudlab.us has been running for 0:56:19
2025-07-01 06:57:59 INFO:   - Job: twitter_cluster38-19c28e27ddb6434a1f58f4959bafb3b8 on clnode301.clemson.cloudlab.us has been running for 0:56:19
2025-07-01 06:57:59 INFO:   - Job: twitter_cluster38-9ec28ecc3d82e3ff69cbd3b4218afabf on clnode302.clemson.cloudlab.us has been running for 0:56:19
2025-07-01 06:57:59 INFO:   - Job: twitter_cluster38-1f49fe37e518959c9ccf82662b640f48 on clnode290.clemson.cloudlab.us has been running for 0:56:19
2025-07-01 06:57:59 INFO:   - Job: twitter_cluster38-52986173aa45a8365ddce6cf3bb1be40 on clnode290.clemson.cloudlab.us has been running for 0:56:19
2025-07-01 06:57:59 INFO:   - Job: twitter_cluster38-9607f98485cebb21f4050bcafbe6f726 on clnode287.clemson.cloudlab.us has been running for 0:56:19
2025-07-01 06:57:59 INFO:   - Job: twitter_cluster38-a578d8221827c7d1b4d3bbdf5ae021cd on clnode302.clemson.cloudlab.us has been running for 0:56:19
2025-07-01 06:57:59 INFO: ----------------------------
2025-07-01 06:57:59 INFO: Dumping current state to scheduler_state.json...
2025-07-01 06:58:05 INFO: STATUS: 0 ToDo, 15 Running, 1510 Finished, 0 Failed.
2025-07-01 06:58:05 INFO: Loop finished. Sleeping for 60 seconds.
2025-07-01 06:59:17 INFO: --- System-wide Resource Utilization ---
2025-07-01 06:59:18 INFO:   - Host: clnode302.clemson.cloudlab.us  CPU Util:   2.1% | Mem Free:  80.8%
2025-07-01 06:59:18 INFO:   - Host: clnode290.clemson.cloudlab.us  CPU Util:   4.8% | Mem Free:  61.8%
2025-07-01 06:59:19 INFO:   - Host: clnode303.clemson.cloudlab.us  CPU Util:   2.1% | Mem Free:  84.5%
2025-07-01 06:59:19 INFO:   - Host: clnode287.clemson.cloudlab.us  CPU Util:   3.2% | Mem Free:  78.0%
2025-07-01 06:59:20 INFO:   - Host: clnode301.clemson.cloudlab.us  CPU Util:   1.1% | Mem Free:  88.4%
2025-07-01 06:59:20 INFO:   - Host: clnode286.clemson.cloudlab.us  CPU Util:   2.2% | Mem Free:  84.5%
2025-07-01 06:59:20 INFO: ----------------------------------------
2025-07-01 06:59:20 INFO: --- Running Job Runtimes ---
2025-07-01 06:59:20 INFO:   - Job: twitter_cluster41-eca32db3a96e4fbe0932861eb821ab0d on clnode287.clemson.cloudlab.us has been running for 0:59:50
2025-07-01 06:59:20 INFO:   - Job: twitter_cluster38-29a4086da0d6d7d60d1dfeb002cb9c3d on clnode303.clemson.cloudlab.us has been running for 0:57:41
2025-07-01 06:59:20 INFO:   - Job: twitter_cluster38-1637bac994bd3009e55ce25a36c9e1a2 on clnode290.clemson.cloudlab.us has been running for 0:57:41
2025-07-01 06:59:20 INFO:   - Job: twitter_cluster38-346473d2c745b2f4a4a9699ff814b19f on clnode290.clemson.cloudlab.us has been running for 0:57:41
2025-07-01 06:59:20 INFO:   - Job: twitter_cluster38-58a9315bee4433060311de1eabd4be42 on clnode287.clemson.cloudlab.us has been running for 0:57:41
2025-07-01 06:59:20 INFO:   - Job: twitter_cluster38-14c5cf93ee3fefc79a3a15a882ba8c72 on clnode290.clemson.cloudlab.us has been running for 0:57:41
2025-07-01 06:59:20 INFO:   - Job: twitter_cluster38-1c56d4d1e9df3be1645048a44a9b7626 on clnode303.clemson.cloudlab.us has been running for 0:57:41
2025-07-01 06:59:20 INFO:   - Job: twitter_cluster38-aad9c61cc44a4df3efa1f5e13b096f8c on clnode286.clemson.cloudlab.us has been running for 0:57:41
2025-07-01 06:59:20 INFO:   - Job: twitter_cluster38-b2acd4030d14d64916f5b7dda9440a28 on clnode286.clemson.cloudlab.us has been running for 0:57:41
2025-07-01 06:59:20 INFO:   - Job: twitter_cluster38-19c28e27ddb6434a1f58f4959bafb3b8 on clnode301.clemson.cloudlab.us has been running for 0:57:41
2025-07-01 06:59:20 INFO:   - Job: twitter_cluster38-9ec28ecc3d82e3ff69cbd3b4218afabf on clnode302.clemson.cloudlab.us has been running for 0:57:41
2025-07-01 06:59:20 INFO:   - Job: twitter_cluster38-1f49fe37e518959c9ccf82662b640f48 on clnode290.clemson.cloudlab.us has been running for 0:57:41
2025-07-01 06:59:20 INFO:   - Job: twitter_cluster38-52986173aa45a8365ddce6cf3bb1be40 on clnode290.clemson.cloudlab.us has been running for 0:57:41
2025-07-01 06:59:20 INFO:   - Job: twitter_cluster38-9607f98485cebb21f4050bcafbe6f726 on clnode287.clemson.cloudlab.us has been running for 0:57:41
2025-07-01 06:59:20 INFO:   - Job: twitter_cluster38-a578d8221827c7d1b4d3bbdf5ae021cd on clnode302.clemson.cloudlab.us has been running for 0:57:41
2025-07-01 06:59:20 INFO: ----------------------------
2025-07-01 06:59:20 INFO: Dumping current state to scheduler_state.json...
2025-07-01 06:59:27 INFO: STATUS: 0 ToDo, 15 Running, 1510 Finished, 0 Failed.
2025-07-01 06:59:27 INFO: Loop finished. Sleeping for 60 seconds.
2025-07-01 07:00:40 INFO: --- System-wide Resource Utilization ---
2025-07-01 07:00:40 INFO:   - Host: clnode302.clemson.cloudlab.us  CPU Util:   2.7% | Mem Free:  80.6%
2025-07-01 07:00:41 INFO:   - Host: clnode290.clemson.cloudlab.us  CPU Util:   5.2% | Mem Free:  61.8%
2025-07-01 07:00:41 INFO:   - Host: clnode303.clemson.cloudlab.us  CPU Util:   2.2% | Mem Free:  84.5%
2025-07-01 07:00:42 INFO:   - Host: clnode287.clemson.cloudlab.us  CPU Util:   3.3% | Mem Free:  78.0%
2025-07-01 07:00:42 INFO:   - Host: clnode301.clemson.cloudlab.us  CPU Util:   1.0% | Mem Free:  88.4%
2025-07-01 07:00:43 INFO:   - Host: clnode286.clemson.cloudlab.us  CPU Util:   2.0% | Mem Free:  84.5%
2025-07-01 07:00:43 INFO: ----------------------------------------
2025-07-01 07:00:43 INFO: --- Running Job Runtimes ---
2025-07-01 07:00:43 INFO:   - Job: twitter_cluster41-eca32db3a96e4fbe0932861eb821ab0d on clnode287.clemson.cloudlab.us has been running for 1:01:13
2025-07-01 07:00:43 INFO:   - Job: twitter_cluster38-29a4086da0d6d7d60d1dfeb002cb9c3d on clnode303.clemson.cloudlab.us has been running for 0:59:03
2025-07-01 07:00:43 INFO:   - Job: twitter_cluster38-1637bac994bd3009e55ce25a36c9e1a2 on clnode290.clemson.cloudlab.us has been running for 0:59:03
2025-07-01 07:00:43 INFO:   - Job: twitter_cluster38-346473d2c745b2f4a4a9699ff814b19f on clnode290.clemson.cloudlab.us has been running for 0:59:03
2025-07-01 07:00:43 INFO:   - Job: twitter_cluster38-58a9315bee4433060311de1eabd4be42 on clnode287.clemson.cloudlab.us has been running for 0:59:03
2025-07-01 07:00:43 INFO:   - Job: twitter_cluster38-14c5cf93ee3fefc79a3a15a882ba8c72 on clnode290.clemson.cloudlab.us has been running for 0:59:03
2025-07-01 07:00:43 INFO:   - Job: twitter_cluster38-1c56d4d1e9df3be1645048a44a9b7626 on clnode303.clemson.cloudlab.us has been running for 0:59:03
2025-07-01 07:00:43 INFO:   - Job: twitter_cluster38-aad9c61cc44a4df3efa1f5e13b096f8c on clnode286.clemson.cloudlab.us has been running for 0:59:03
2025-07-01 07:00:43 INFO:   - Job: twitter_cluster38-b2acd4030d14d64916f5b7dda9440a28 on clnode286.clemson.cloudlab.us has been running for 0:59:03
2025-07-01 07:00:43 INFO:   - Job: twitter_cluster38-19c28e27ddb6434a1f58f4959bafb3b8 on clnode301.clemson.cloudlab.us has been running for 0:59:03
2025-07-01 07:00:43 INFO:   - Job: twitter_cluster38-9ec28ecc3d82e3ff69cbd3b4218afabf on clnode302.clemson.cloudlab.us has been running for 0:59:03
2025-07-01 07:00:43 INFO:   - Job: twitter_cluster38-1f49fe37e518959c9ccf82662b640f48 on clnode290.clemson.cloudlab.us has been running for 0:59:03
2025-07-01 07:00:43 INFO:   - Job: twitter_cluster38-52986173aa45a8365ddce6cf3bb1be40 on clnode290.clemson.cloudlab.us has been running for 0:59:03
2025-07-01 07:00:43 INFO:   - Job: twitter_cluster38-9607f98485cebb21f4050bcafbe6f726 on clnode287.clemson.cloudlab.us has been running for 0:59:03
2025-07-01 07:00:43 INFO:   - Job: twitter_cluster38-a578d8221827c7d1b4d3bbdf5ae021cd on clnode302.clemson.cloudlab.us has been running for 0:59:03
2025-07-01 07:00:43 INFO: ----------------------------
2025-07-01 07:00:43 INFO: Dumping current state to scheduler_state.json...
2025-07-01 07:00:49 INFO: STATUS: 0 ToDo, 15 Running, 1510 Finished, 0 Failed.
2025-07-01 07:00:49 INFO: Loop finished. Sleeping for 60 seconds.
2025-07-01 07:02:01 INFO: --- System-wide Resource Utilization ---
2025-07-01 07:02:02 INFO:   - Host: clnode302.clemson.cloudlab.us  CPU Util:   2.2% | Mem Free:  80.7%
2025-07-01 07:02:03 INFO:   - Host: clnode290.clemson.cloudlab.us  CPU Util:   4.9% | Mem Free:  61.8%
2025-07-01 07:02:03 INFO:   - Host: clnode303.clemson.cloudlab.us  CPU Util:   2.3% | Mem Free:  84.5%
2025-07-01 07:02:04 INFO:   - Host: clnode287.clemson.cloudlab.us  CPU Util:   3.1% | Mem Free:  78.0%
2025-07-01 07:02:04 INFO:   - Host: clnode301.clemson.cloudlab.us  CPU Util:   1.0% | Mem Free:  88.4%
2025-07-01 07:02:05 INFO:   - Host: clnode286.clemson.cloudlab.us  CPU Util:   2.0% | Mem Free:  84.5%
2025-07-01 07:02:05 INFO: ----------------------------------------
2025-07-01 07:02:05 INFO: --- Running Job Runtimes ---
2025-07-01 07:02:05 INFO:   - Job: twitter_cluster41-eca32db3a96e4fbe0932861eb821ab0d on clnode287.clemson.cloudlab.us has been running for 1:02:35
2025-07-01 07:02:05 INFO:   - Job: twitter_cluster38-29a4086da0d6d7d60d1dfeb002cb9c3d on clnode303.clemson.cloudlab.us has been running for 1:00:25
2025-07-01 07:02:05 INFO:   - Job: twitter_cluster38-1637bac994bd3009e55ce25a36c9e1a2 on clnode290.clemson.cloudlab.us has been running for 1:00:25
2025-07-01 07:02:05 INFO:   - Job: twitter_cluster38-346473d2c745b2f4a4a9699ff814b19f on clnode290.clemson.cloudlab.us has been running for 1:00:25
2025-07-01 07:02:05 INFO:   - Job: twitter_cluster38-58a9315bee4433060311de1eabd4be42 on clnode287.clemson.cloudlab.us has been running for 1:00:25
2025-07-01 07:02:05 INFO:   - Job: twitter_cluster38-14c5cf93ee3fefc79a3a15a882ba8c72 on clnode290.clemson.cloudlab.us has been running for 1:00:25
2025-07-01 07:02:05 INFO:   - Job: twitter_cluster38-1c56d4d1e9df3be1645048a44a9b7626 on clnode303.clemson.cloudlab.us has been running for 1:00:25
2025-07-01 07:02:05 INFO:   - Job: twitter_cluster38-aad9c61cc44a4df3efa1f5e13b096f8c on clnode286.clemson.cloudlab.us has been running for 1:00:25
2025-07-01 07:02:05 INFO:   - Job: twitter_cluster38-b2acd4030d14d64916f5b7dda9440a28 on clnode286.clemson.cloudlab.us has been running for 1:00:25
2025-07-01 07:02:05 INFO:   - Job: twitter_cluster38-19c28e27ddb6434a1f58f4959bafb3b8 on clnode301.clemson.cloudlab.us has been running for 1:00:25
2025-07-01 07:02:05 INFO:   - Job: twitter_cluster38-9ec28ecc3d82e3ff69cbd3b4218afabf on clnode302.clemson.cloudlab.us has been running for 1:00:25
2025-07-01 07:02:05 INFO:   - Job: twitter_cluster38-1f49fe37e518959c9ccf82662b640f48 on clnode290.clemson.cloudlab.us has been running for 1:00:25
2025-07-01 07:02:05 INFO:   - Job: twitter_cluster38-52986173aa45a8365ddce6cf3bb1be40 on clnode290.clemson.cloudlab.us has been running for 1:00:25
2025-07-01 07:02:05 INFO:   - Job: twitter_cluster38-9607f98485cebb21f4050bcafbe6f726 on clnode287.clemson.cloudlab.us has been running for 1:00:25
2025-07-01 07:02:05 INFO:   - Job: twitter_cluster38-a578d8221827c7d1b4d3bbdf5ae021cd on clnode302.clemson.cloudlab.us has been running for 1:00:25
2025-07-01 07:02:05 INFO: ----------------------------
2025-07-01 07:02:05 INFO: Dumping current state to scheduler_state.json...
2025-07-01 07:02:11 INFO: STATUS: 0 ToDo, 15 Running, 1510 Finished, 0 Failed.
2025-07-01 07:02:11 INFO: Loop finished. Sleeping for 60 seconds.
2025-07-01 07:03:23 INFO: --- System-wide Resource Utilization ---
2025-07-01 07:03:24 INFO:   - Host: clnode302.clemson.cloudlab.us  CPU Util:   2.2% | Mem Free:  80.7%
2025-07-01 07:03:24 INFO:   - Host: clnode290.clemson.cloudlab.us  CPU Util:   5.1% | Mem Free:  61.8%
2025-07-01 07:03:25 INFO:   - Host: clnode303.clemson.cloudlab.us  CPU Util:   2.0% | Mem Free:  84.5%
2025-07-01 07:03:25 INFO:   - Host: clnode287.clemson.cloudlab.us  CPU Util:   3.0% | Mem Free:  78.0%
2025-07-01 07:03:26 INFO:   - Host: clnode301.clemson.cloudlab.us  CPU Util:   1.1% | Mem Free:  88.4%
2025-07-01 07:03:26 INFO:   - Host: clnode286.clemson.cloudlab.us  CPU Util:   2.0% | Mem Free:  84.5%
2025-07-01 07:03:26 INFO: ----------------------------------------
2025-07-01 07:03:26 INFO: --- Running Job Runtimes ---
2025-07-01 07:03:26 INFO:   - Job: twitter_cluster41-eca32db3a96e4fbe0932861eb821ab0d on clnode287.clemson.cloudlab.us has been running for 1:03:56
2025-07-01 07:03:26 INFO:   - Job: twitter_cluster38-29a4086da0d6d7d60d1dfeb002cb9c3d on clnode303.clemson.cloudlab.us has been running for 1:01:47
2025-07-01 07:03:26 INFO:   - Job: twitter_cluster38-1637bac994bd3009e55ce25a36c9e1a2 on clnode290.clemson.cloudlab.us has been running for 1:01:47
2025-07-01 07:03:26 INFO:   - Job: twitter_cluster38-346473d2c745b2f4a4a9699ff814b19f on clnode290.clemson.cloudlab.us has been running for 1:01:47
2025-07-01 07:03:26 INFO:   - Job: twitter_cluster38-58a9315bee4433060311de1eabd4be42 on clnode287.clemson.cloudlab.us has been running for 1:01:47
2025-07-01 07:03:26 INFO:   - Job: twitter_cluster38-14c5cf93ee3fefc79a3a15a882ba8c72 on clnode290.clemson.cloudlab.us has been running for 1:01:47
2025-07-01 07:03:26 INFO:   - Job: twitter_cluster38-1c56d4d1e9df3be1645048a44a9b7626 on clnode303.clemson.cloudlab.us has been running for 1:01:47
2025-07-01 07:03:26 INFO:   - Job: twitter_cluster38-aad9c61cc44a4df3efa1f5e13b096f8c on clnode286.clemson.cloudlab.us has been running for 1:01:47
2025-07-01 07:03:26 INFO:   - Job: twitter_cluster38-b2acd4030d14d64916f5b7dda9440a28 on clnode286.clemson.cloudlab.us has been running for 1:01:47
2025-07-01 07:03:26 INFO:   - Job: twitter_cluster38-19c28e27ddb6434a1f58f4959bafb3b8 on clnode301.clemson.cloudlab.us has been running for 1:01:47
2025-07-01 07:03:26 INFO:   - Job: twitter_cluster38-9ec28ecc3d82e3ff69cbd3b4218afabf on clnode302.clemson.cloudlab.us has been running for 1:01:47
2025-07-01 07:03:26 INFO:   - Job: twitter_cluster38-1f49fe37e518959c9ccf82662b640f48 on clnode290.clemson.cloudlab.us has been running for 1:01:47
2025-07-01 07:03:26 INFO:   - Job: twitter_cluster38-52986173aa45a8365ddce6cf3bb1be40 on clnode290.clemson.cloudlab.us has been running for 1:01:47
2025-07-01 07:03:26 INFO:   - Job: twitter_cluster38-9607f98485cebb21f4050bcafbe6f726 on clnode287.clemson.cloudlab.us has been running for 1:01:47
2025-07-01 07:03:26 INFO:   - Job: twitter_cluster38-a578d8221827c7d1b4d3bbdf5ae021cd on clnode302.clemson.cloudlab.us has been running for 1:01:47
2025-07-01 07:03:26 INFO: ----------------------------
2025-07-01 07:03:26 INFO: Dumping current state to scheduler_state.json...
2025-07-01 07:03:32 INFO: STATUS: 0 ToDo, 15 Running, 1510 Finished, 0 Failed.
2025-07-01 07:03:33 INFO: Loop finished. Sleeping for 60 seconds.
2025-07-01 07:04:45 INFO: --- System-wide Resource Utilization ---
2025-07-01 07:04:46 INFO:   - Host: clnode302.clemson.cloudlab.us  CPU Util:   2.2% | Mem Free:  80.6%
2025-07-01 07:04:46 INFO:   - Host: clnode290.clemson.cloudlab.us  CPU Util:   5.1% | Mem Free:  61.8%
2025-07-01 07:04:47 INFO:   - Host: clnode303.clemson.cloudlab.us  CPU Util:   2.1% | Mem Free:  84.5%
2025-07-01 07:04:47 INFO:   - Host: clnode287.clemson.cloudlab.us  CPU Util:   3.3% | Mem Free:  78.0%
2025-07-01 07:04:48 INFO:   - Host: clnode301.clemson.cloudlab.us  CPU Util:   1.1% | Mem Free:  88.4%
2025-07-01 07:04:48 INFO:   - Host: clnode286.clemson.cloudlab.us  CPU Util:   2.0% | Mem Free:  84.5%
2025-07-01 07:04:48 INFO: ----------------------------------------
2025-07-01 07:04:48 INFO: --- Running Job Runtimes ---
2025-07-01 07:04:48 INFO:   - Job: twitter_cluster41-eca32db3a96e4fbe0932861eb821ab0d on clnode287.clemson.cloudlab.us has been running for 1:05:18
2025-07-01 07:04:48 INFO:   - Job: twitter_cluster38-29a4086da0d6d7d60d1dfeb002cb9c3d on clnode303.clemson.cloudlab.us has been running for 1:03:09
2025-07-01 07:04:48 INFO:   - Job: twitter_cluster38-1637bac994bd3009e55ce25a36c9e1a2 on clnode290.clemson.cloudlab.us has been running for 1:03:09
2025-07-01 07:04:48 INFO:   - Job: twitter_cluster38-346473d2c745b2f4a4a9699ff814b19f on clnode290.clemson.cloudlab.us has been running for 1:03:09
2025-07-01 07:04:48 INFO:   - Job: twitter_cluster38-58a9315bee4433060311de1eabd4be42 on clnode287.clemson.cloudlab.us has been running for 1:03:09
2025-07-01 07:04:48 INFO:   - Job: twitter_cluster38-14c5cf93ee3fefc79a3a15a882ba8c72 on clnode290.clemson.cloudlab.us has been running for 1:03:09
2025-07-01 07:04:48 INFO:   - Job: twitter_cluster38-1c56d4d1e9df3be1645048a44a9b7626 on clnode303.clemson.cloudlab.us has been running for 1:03:09
2025-07-01 07:04:48 INFO:   - Job: twitter_cluster38-aad9c61cc44a4df3efa1f5e13b096f8c on clnode286.clemson.cloudlab.us has been running for 1:03:09
2025-07-01 07:04:48 INFO:   - Job: twitter_cluster38-b2acd4030d14d64916f5b7dda9440a28 on clnode286.clemson.cloudlab.us has been running for 1:03:09
2025-07-01 07:04:48 INFO:   - Job: twitter_cluster38-19c28e27ddb6434a1f58f4959bafb3b8 on clnode301.clemson.cloudlab.us has been running for 1:03:09
2025-07-01 07:04:48 INFO:   - Job: twitter_cluster38-9ec28ecc3d82e3ff69cbd3b4218afabf on clnode302.clemson.cloudlab.us has been running for 1:03:09
2025-07-01 07:04:48 INFO:   - Job: twitter_cluster38-1f49fe37e518959c9ccf82662b640f48 on clnode290.clemson.cloudlab.us has been running for 1:03:09
2025-07-01 07:04:48 INFO:   - Job: twitter_cluster38-52986173aa45a8365ddce6cf3bb1be40 on clnode290.clemson.cloudlab.us has been running for 1:03:09
2025-07-01 07:04:48 INFO:   - Job: twitter_cluster38-9607f98485cebb21f4050bcafbe6f726 on clnode287.clemson.cloudlab.us has been running for 1:03:09
2025-07-01 07:04:48 INFO:   - Job: twitter_cluster38-a578d8221827c7d1b4d3bbdf5ae021cd on clnode302.clemson.cloudlab.us has been running for 1:03:09
2025-07-01 07:04:48 INFO: ----------------------------
2025-07-01 07:04:48 INFO: Dumping current state to scheduler_state.json...
2025-07-01 07:04:54 INFO: STATUS: 0 ToDo, 15 Running, 1510 Finished, 0 Failed.
2025-07-01 07:04:55 INFO: Loop finished. Sleeping for 60 seconds.
2025-07-01 07:06:07 INFO: --- System-wide Resource Utilization ---
2025-07-01 07:06:08 INFO:   - Host: clnode302.clemson.cloudlab.us  CPU Util:   2.2% | Mem Free:  80.6%
2025-07-01 07:06:08 INFO:   - Host: clnode290.clemson.cloudlab.us  CPU Util:   4.8% | Mem Free:  61.8%
2025-07-01 07:06:09 INFO:   - Host: clnode303.clemson.cloudlab.us  CPU Util:   2.0% | Mem Free:  84.5%
2025-07-01 07:06:09 INFO:   - Host: clnode287.clemson.cloudlab.us  CPU Util:   3.3% | Mem Free:  78.0%
2025-07-01 07:06:10 INFO:   - Host: clnode301.clemson.cloudlab.us  CPU Util:   1.1% | Mem Free:  88.4%
2025-07-01 07:06:10 INFO:   - Host: clnode286.clemson.cloudlab.us  CPU Util:   2.2% | Mem Free:  84.5%
2025-07-01 07:06:10 INFO: ----------------------------------------
2025-07-01 07:06:10 INFO: --- Running Job Runtimes ---
2025-07-01 07:06:10 INFO:   - Job: twitter_cluster41-eca32db3a96e4fbe0932861eb821ab0d on clnode287.clemson.cloudlab.us has been running for 1:06:40
2025-07-01 07:06:10 INFO:   - Job: twitter_cluster38-29a4086da0d6d7d60d1dfeb002cb9c3d on clnode303.clemson.cloudlab.us has been running for 1:04:31
2025-07-01 07:06:10 INFO:   - Job: twitter_cluster38-1637bac994bd3009e55ce25a36c9e1a2 on clnode290.clemson.cloudlab.us has been running for 1:04:31
2025-07-01 07:06:10 INFO:   - Job: twitter_cluster38-346473d2c745b2f4a4a9699ff814b19f on clnode290.clemson.cloudlab.us has been running for 1:04:31
2025-07-01 07:06:10 INFO:   - Job: twitter_cluster38-58a9315bee4433060311de1eabd4be42 on clnode287.clemson.cloudlab.us has been running for 1:04:31
2025-07-01 07:06:10 INFO:   - Job: twitter_cluster38-14c5cf93ee3fefc79a3a15a882ba8c72 on clnode290.clemson.cloudlab.us has been running for 1:04:31
2025-07-01 07:06:10 INFO:   - Job: twitter_cluster38-1c56d4d1e9df3be1645048a44a9b7626 on clnode303.clemson.cloudlab.us has been running for 1:04:31
2025-07-01 07:06:10 INFO:   - Job: twitter_cluster38-aad9c61cc44a4df3efa1f5e13b096f8c on clnode286.clemson.cloudlab.us has been running for 1:04:31
2025-07-01 07:06:10 INFO:   - Job: twitter_cluster38-b2acd4030d14d64916f5b7dda9440a28 on clnode286.clemson.cloudlab.us has been running for 1:04:31
2025-07-01 07:06:10 INFO:   - Job: twitter_cluster38-19c28e27ddb6434a1f58f4959bafb3b8 on clnode301.clemson.cloudlab.us has been running for 1:04:31
2025-07-01 07:06:10 INFO:   - Job: twitter_cluster38-9ec28ecc3d82e3ff69cbd3b4218afabf on clnode302.clemson.cloudlab.us has been running for 1:04:31
2025-07-01 07:06:10 INFO:   - Job: twitter_cluster38-1f49fe37e518959c9ccf82662b640f48 on clnode290.clemson.cloudlab.us has been running for 1:04:31
2025-07-01 07:06:10 INFO:   - Job: twitter_cluster38-52986173aa45a8365ddce6cf3bb1be40 on clnode290.clemson.cloudlab.us has been running for 1:04:31
2025-07-01 07:06:10 INFO:   - Job: twitter_cluster38-9607f98485cebb21f4050bcafbe6f726 on clnode287.clemson.cloudlab.us has been running for 1:04:31
2025-07-01 07:06:10 INFO:   - Job: twitter_cluster38-a578d8221827c7d1b4d3bbdf5ae021cd on clnode302.clemson.cloudlab.us has been running for 1:04:31
2025-07-01 07:06:10 INFO: ----------------------------
2025-07-01 07:06:10 INFO: Dumping current state to scheduler_state.json...
2025-07-01 07:06:17 INFO: STATUS: 0 ToDo, 15 Running, 1510 Finished, 0 Failed.
2025-07-01 07:06:17 INFO: Loop finished. Sleeping for 60 seconds.
2025-07-01 07:07:29 INFO: --- System-wide Resource Utilization ---
2025-07-01 07:07:30 INFO:   - Host: clnode302.clemson.cloudlab.us  CPU Util:   2.1% | Mem Free:  80.6%
2025-07-01 07:07:30 INFO:   - Host: clnode290.clemson.cloudlab.us  CPU Util:   5.1% | Mem Free:  61.8%
2025-07-01 07:07:31 INFO:   - Host: clnode303.clemson.cloudlab.us  CPU Util:   2.0% | Mem Free:  84.5%
2025-07-01 07:07:32 INFO:   - Host: clnode287.clemson.cloudlab.us  CPU Util:   3.9% | Mem Free:  78.0%
2025-07-01 07:07:32 INFO:   - Host: clnode301.clemson.cloudlab.us  CPU Util:   1.0% | Mem Free:  88.4%
2025-07-01 07:07:33 INFO:   - Host: clnode286.clemson.cloudlab.us  CPU Util:   2.1% | Mem Free:  84.5%
2025-07-01 07:07:33 INFO: ----------------------------------------
2025-07-01 07:07:33 INFO: --- Running Job Runtimes ---
2025-07-01 07:07:33 INFO:   - Job: twitter_cluster41-eca32db3a96e4fbe0932861eb821ab0d on clnode287.clemson.cloudlab.us has been running for 1:08:03
2025-07-01 07:07:33 INFO:   - Job: twitter_cluster38-29a4086da0d6d7d60d1dfeb002cb9c3d on clnode303.clemson.cloudlab.us has been running for 1:05:53
2025-07-01 07:07:33 INFO:   - Job: twitter_cluster38-1637bac994bd3009e55ce25a36c9e1a2 on clnode290.clemson.cloudlab.us has been running for 1:05:53
2025-07-01 07:07:33 INFO:   - Job: twitter_cluster38-346473d2c745b2f4a4a9699ff814b19f on clnode290.clemson.cloudlab.us has been running for 1:05:53
2025-07-01 07:07:33 INFO:   - Job: twitter_cluster38-58a9315bee4433060311de1eabd4be42 on clnode287.clemson.cloudlab.us has been running for 1:05:53
2025-07-01 07:07:33 INFO:   - Job: twitter_cluster38-14c5cf93ee3fefc79a3a15a882ba8c72 on clnode290.clemson.cloudlab.us has been running for 1:05:53
2025-07-01 07:07:33 INFO:   - Job: twitter_cluster38-1c56d4d1e9df3be1645048a44a9b7626 on clnode303.clemson.cloudlab.us has been running for 1:05:53
2025-07-01 07:07:33 INFO:   - Job: twitter_cluster38-aad9c61cc44a4df3efa1f5e13b096f8c on clnode286.clemson.cloudlab.us has been running for 1:05:53
2025-07-01 07:07:33 INFO:   - Job: twitter_cluster38-b2acd4030d14d64916f5b7dda9440a28 on clnode286.clemson.cloudlab.us has been running for 1:05:53
2025-07-01 07:07:33 INFO:   - Job: twitter_cluster38-19c28e27ddb6434a1f58f4959bafb3b8 on clnode301.clemson.cloudlab.us has been running for 1:05:53
2025-07-01 07:07:33 INFO:   - Job: twitter_cluster38-9ec28ecc3d82e3ff69cbd3b4218afabf on clnode302.clemson.cloudlab.us has been running for 1:05:53
2025-07-01 07:07:33 INFO:   - Job: twitter_cluster38-1f49fe37e518959c9ccf82662b640f48 on clnode290.clemson.cloudlab.us has been running for 1:05:53
2025-07-01 07:07:33 INFO:   - Job: twitter_cluster38-52986173aa45a8365ddce6cf3bb1be40 on clnode290.clemson.cloudlab.us has been running for 1:05:53
2025-07-01 07:07:33 INFO:   - Job: twitter_cluster38-9607f98485cebb21f4050bcafbe6f726 on clnode287.clemson.cloudlab.us has been running for 1:05:53
2025-07-01 07:07:33 INFO:   - Job: twitter_cluster38-a578d8221827c7d1b4d3bbdf5ae021cd on clnode302.clemson.cloudlab.us has been running for 1:05:53
2025-07-01 07:07:33 INFO: ----------------------------
2025-07-01 07:07:33 INFO: Dumping current state to scheduler_state.json...
2025-07-01 07:07:39 INFO: STATUS: 0 ToDo, 15 Running, 1510 Finished, 0 Failed.
2025-07-01 07:07:39 INFO: Loop finished. Sleeping for 60 seconds.
2025-07-01 07:08:52 INFO: --- System-wide Resource Utilization ---
2025-07-01 07:08:52 INFO:   - Host: clnode302.clemson.cloudlab.us  CPU Util:   2.3% | Mem Free:  80.6%
2025-07-01 07:08:53 INFO:   - Host: clnode290.clemson.cloudlab.us  CPU Util:   4.9% | Mem Free:  61.8%
2025-07-01 07:08:53 INFO:   - Host: clnode303.clemson.cloudlab.us  CPU Util:   2.1% | Mem Free:  84.5%
2025-07-01 07:08:54 INFO:   - Host: clnode287.clemson.cloudlab.us  CPU Util:   3.2% | Mem Free:  78.0%
2025-07-01 07:08:54 INFO:   - Host: clnode301.clemson.cloudlab.us  CPU Util:   1.2% | Mem Free:  88.4%
2025-07-01 07:08:55 INFO:   - Host: clnode286.clemson.cloudlab.us  CPU Util:   2.0% | Mem Free:  84.5%
2025-07-01 07:08:55 INFO: ----------------------------------------
2025-07-01 07:08:55 INFO: --- Running Job Runtimes ---
2025-07-01 07:08:55 INFO:   - Job: twitter_cluster41-eca32db3a96e4fbe0932861eb821ab0d on clnode287.clemson.cloudlab.us has been running for 1:09:25
2025-07-01 07:08:55 INFO:   - Job: twitter_cluster38-29a4086da0d6d7d60d1dfeb002cb9c3d on clnode303.clemson.cloudlab.us has been running for 1:07:15
2025-07-01 07:08:55 INFO:   - Job: twitter_cluster38-1637bac994bd3009e55ce25a36c9e1a2 on clnode290.clemson.cloudlab.us has been running for 1:07:15
2025-07-01 07:08:55 INFO:   - Job: twitter_cluster38-346473d2c745b2f4a4a9699ff814b19f on clnode290.clemson.cloudlab.us has been running for 1:07:15
2025-07-01 07:08:55 INFO:   - Job: twitter_cluster38-58a9315bee4433060311de1eabd4be42 on clnode287.clemson.cloudlab.us has been running for 1:07:15
2025-07-01 07:08:55 INFO:   - Job: twitter_cluster38-14c5cf93ee3fefc79a3a15a882ba8c72 on clnode290.clemson.cloudlab.us has been running for 1:07:15
2025-07-01 07:08:55 INFO:   - Job: twitter_cluster38-1c56d4d1e9df3be1645048a44a9b7626 on clnode303.clemson.cloudlab.us has been running for 1:07:15
2025-07-01 07:08:55 INFO:   - Job: twitter_cluster38-aad9c61cc44a4df3efa1f5e13b096f8c on clnode286.clemson.cloudlab.us has been running for 1:07:15
2025-07-01 07:08:55 INFO:   - Job: twitter_cluster38-b2acd4030d14d64916f5b7dda9440a28 on clnode286.clemson.cloudlab.us has been running for 1:07:15
2025-07-01 07:08:55 INFO:   - Job: twitter_cluster38-19c28e27ddb6434a1f58f4959bafb3b8 on clnode301.clemson.cloudlab.us has been running for 1:07:15
2025-07-01 07:08:55 INFO:   - Job: twitter_cluster38-9ec28ecc3d82e3ff69cbd3b4218afabf on clnode302.clemson.cloudlab.us has been running for 1:07:15
2025-07-01 07:08:55 INFO:   - Job: twitter_cluster38-1f49fe37e518959c9ccf82662b640f48 on clnode290.clemson.cloudlab.us has been running for 1:07:15
2025-07-01 07:08:55 INFO:   - Job: twitter_cluster38-52986173aa45a8365ddce6cf3bb1be40 on clnode290.clemson.cloudlab.us has been running for 1:07:15
2025-07-01 07:08:55 INFO:   - Job: twitter_cluster38-9607f98485cebb21f4050bcafbe6f726 on clnode287.clemson.cloudlab.us has been running for 1:07:15
2025-07-01 07:08:55 INFO:   - Job: twitter_cluster38-a578d8221827c7d1b4d3bbdf5ae021cd on clnode302.clemson.cloudlab.us has been running for 1:07:15
2025-07-01 07:08:55 INFO: ----------------------------
2025-07-01 07:08:55 INFO: Dumping current state to scheduler_state.json...
2025-07-01 07:09:01 INFO: STATUS: 0 ToDo, 15 Running, 1510 Finished, 0 Failed.
2025-07-01 07:09:01 INFO: Loop finished. Sleeping for 60 seconds.
2025-07-01 07:10:13 INFO: --- System-wide Resource Utilization ---
2025-07-01 07:10:14 INFO:   - Host: clnode302.clemson.cloudlab.us  CPU Util:   2.2% | Mem Free:  80.6%
2025-07-01 07:10:14 INFO:   - Host: clnode290.clemson.cloudlab.us  CPU Util:   5.0% | Mem Free:  61.8%
2025-07-01 07:10:15 INFO:   - Host: clnode303.clemson.cloudlab.us  CPU Util:   1.9% | Mem Free:  84.5%
2025-07-01 07:10:16 INFO:   - Host: clnode287.clemson.cloudlab.us  CPU Util:   3.2% | Mem Free:  78.0%
2025-07-01 07:10:16 INFO:   - Host: clnode301.clemson.cloudlab.us  CPU Util:   1.2% | Mem Free:  88.4%
2025-07-01 07:10:17 INFO:   - Host: clnode286.clemson.cloudlab.us  CPU Util:   2.1% | Mem Free:  84.5%
2025-07-01 07:10:17 INFO: ----------------------------------------
2025-07-01 07:10:17 INFO: --- Running Job Runtimes ---
2025-07-01 07:10:17 INFO:   - Job: twitter_cluster41-eca32db3a96e4fbe0932861eb821ab0d on clnode287.clemson.cloudlab.us has been running for 1:10:47
2025-07-01 07:10:17 INFO:   - Job: twitter_cluster38-29a4086da0d6d7d60d1dfeb002cb9c3d on clnode303.clemson.cloudlab.us has been running for 1:08:37
2025-07-01 07:10:17 INFO:   - Job: twitter_cluster38-1637bac994bd3009e55ce25a36c9e1a2 on clnode290.clemson.cloudlab.us has been running for 1:08:37
2025-07-01 07:10:17 INFO:   - Job: twitter_cluster38-346473d2c745b2f4a4a9699ff814b19f on clnode290.clemson.cloudlab.us has been running for 1:08:37
2025-07-01 07:10:17 INFO:   - Job: twitter_cluster38-58a9315bee4433060311de1eabd4be42 on clnode287.clemson.cloudlab.us has been running for 1:08:37
2025-07-01 07:10:17 INFO:   - Job: twitter_cluster38-14c5cf93ee3fefc79a3a15a882ba8c72 on clnode290.clemson.cloudlab.us has been running for 1:08:37
2025-07-01 07:10:17 INFO:   - Job: twitter_cluster38-1c56d4d1e9df3be1645048a44a9b7626 on clnode303.clemson.cloudlab.us has been running for 1:08:37
2025-07-01 07:10:17 INFO:   - Job: twitter_cluster38-aad9c61cc44a4df3efa1f5e13b096f8c on clnode286.clemson.cloudlab.us has been running for 1:08:37
2025-07-01 07:10:17 INFO:   - Job: twitter_cluster38-b2acd4030d14d64916f5b7dda9440a28 on clnode286.clemson.cloudlab.us has been running for 1:08:37
2025-07-01 07:10:17 INFO:   - Job: twitter_cluster38-19c28e27ddb6434a1f58f4959bafb3b8 on clnode301.clemson.cloudlab.us has been running for 1:08:37
2025-07-01 07:10:17 INFO:   - Job: twitter_cluster38-9ec28ecc3d82e3ff69cbd3b4218afabf on clnode302.clemson.cloudlab.us has been running for 1:08:37
2025-07-01 07:10:17 INFO:   - Job: twitter_cluster38-1f49fe37e518959c9ccf82662b640f48 on clnode290.clemson.cloudlab.us has been running for 1:08:37
2025-07-01 07:10:17 INFO:   - Job: twitter_cluster38-52986173aa45a8365ddce6cf3bb1be40 on clnode290.clemson.cloudlab.us has been running for 1:08:37
2025-07-01 07:10:17 INFO:   - Job: twitter_cluster38-9607f98485cebb21f4050bcafbe6f726 on clnode287.clemson.cloudlab.us has been running for 1:08:37
2025-07-01 07:10:17 INFO:   - Job: twitter_cluster38-a578d8221827c7d1b4d3bbdf5ae021cd on clnode302.clemson.cloudlab.us has been running for 1:08:37
2025-07-01 07:10:17 INFO: ----------------------------
2025-07-01 07:10:17 INFO: Dumping current state to scheduler_state.json...
2025-07-01 07:10:23 INFO: STATUS: 0 ToDo, 15 Running, 1510 Finished, 0 Failed.
2025-07-01 07:10:23 INFO: Loop finished. Sleeping for 60 seconds.
2025-07-01 07:11:36 INFO: --- System-wide Resource Utilization ---
2025-07-01 07:11:36 INFO:   - Host: clnode302.clemson.cloudlab.us  CPU Util:   2.3% | Mem Free:  80.6%
2025-07-01 07:11:37 INFO:   - Host: clnode290.clemson.cloudlab.us  CPU Util:   5.0% | Mem Free:  61.8%
2025-07-01 07:11:37 INFO:   - Host: clnode303.clemson.cloudlab.us  CPU Util:   2.0% | Mem Free:  84.5%
2025-07-01 07:11:38 INFO:   - Host: clnode287.clemson.cloudlab.us  CPU Util:   3.5% | Mem Free:  78.0%
2025-07-01 07:11:38 INFO:   - Host: clnode301.clemson.cloudlab.us  CPU Util:   1.1% | Mem Free:  88.4%
2025-07-01 07:11:39 INFO:   - Host: clnode286.clemson.cloudlab.us  CPU Util:   2.0% | Mem Free:  84.5%
2025-07-01 07:11:39 INFO: ----------------------------------------
2025-07-01 07:11:39 INFO: --- Running Job Runtimes ---
2025-07-01 07:11:39 INFO:   - Job: twitter_cluster41-eca32db3a96e4fbe0932861eb821ab0d on clnode287.clemson.cloudlab.us has been running for 1:12:09
2025-07-01 07:11:39 INFO:   - Job: twitter_cluster38-29a4086da0d6d7d60d1dfeb002cb9c3d on clnode303.clemson.cloudlab.us has been running for 1:09:59
2025-07-01 07:11:39 INFO:   - Job: twitter_cluster38-1637bac994bd3009e55ce25a36c9e1a2 on clnode290.clemson.cloudlab.us has been running for 1:09:59
2025-07-01 07:11:39 INFO:   - Job: twitter_cluster38-346473d2c745b2f4a4a9699ff814b19f on clnode290.clemson.cloudlab.us has been running for 1:09:59
2025-07-01 07:11:39 INFO:   - Job: twitter_cluster38-58a9315bee4433060311de1eabd4be42 on clnode287.clemson.cloudlab.us has been running for 1:09:59
2025-07-01 07:11:39 INFO:   - Job: twitter_cluster38-14c5cf93ee3fefc79a3a15a882ba8c72 on clnode290.clemson.cloudlab.us has been running for 1:09:59
2025-07-01 07:11:39 INFO:   - Job: twitter_cluster38-1c56d4d1e9df3be1645048a44a9b7626 on clnode303.clemson.cloudlab.us has been running for 1:09:59
2025-07-01 07:11:39 INFO:   - Job: twitter_cluster38-aad9c61cc44a4df3efa1f5e13b096f8c on clnode286.clemson.cloudlab.us has been running for 1:09:59
2025-07-01 07:11:39 INFO:   - Job: twitter_cluster38-b2acd4030d14d64916f5b7dda9440a28 on clnode286.clemson.cloudlab.us has been running for 1:09:59
2025-07-01 07:11:39 INFO:   - Job: twitter_cluster38-19c28e27ddb6434a1f58f4959bafb3b8 on clnode301.clemson.cloudlab.us has been running for 1:09:59
2025-07-01 07:11:39 INFO:   - Job: twitter_cluster38-9ec28ecc3d82e3ff69cbd3b4218afabf on clnode302.clemson.cloudlab.us has been running for 1:09:59
2025-07-01 07:11:39 INFO:   - Job: twitter_cluster38-1f49fe37e518959c9ccf82662b640f48 on clnode290.clemson.cloudlab.us has been running for 1:09:59
2025-07-01 07:11:39 INFO:   - Job: twitter_cluster38-52986173aa45a8365ddce6cf3bb1be40 on clnode290.clemson.cloudlab.us has been running for 1:09:59
2025-07-01 07:11:39 INFO:   - Job: twitter_cluster38-9607f98485cebb21f4050bcafbe6f726 on clnode287.clemson.cloudlab.us has been running for 1:09:59
2025-07-01 07:11:39 INFO:   - Job: twitter_cluster38-a578d8221827c7d1b4d3bbdf5ae021cd on clnode302.clemson.cloudlab.us has been running for 1:09:59
2025-07-01 07:11:39 INFO: ----------------------------
2025-07-01 07:11:39 INFO: Dumping current state to scheduler_state.json...
2025-07-01 07:11:45 INFO: STATUS: 0 ToDo, 15 Running, 1510 Finished, 0 Failed.
2025-07-01 07:11:45 INFO: Loop finished. Sleeping for 60 seconds.
2025-07-01 07:12:58 INFO: --- System-wide Resource Utilization ---
2025-07-01 07:12:58 INFO:   - Host: clnode302.clemson.cloudlab.us  CPU Util:   2.1% | Mem Free:  80.6%
2025-07-01 07:12:59 INFO:   - Host: clnode290.clemson.cloudlab.us  CPU Util:   5.0% | Mem Free:  61.8%
2025-07-01 07:13:00 INFO:   - Host: clnode303.clemson.cloudlab.us  CPU Util:   2.2% | Mem Free:  84.5%
2025-07-01 07:13:00 INFO:   - Host: clnode287.clemson.cloudlab.us  CPU Util:   3.4% | Mem Free:  78.0%
2025-07-01 07:13:01 INFO:   - Host: clnode301.clemson.cloudlab.us  CPU Util:   1.0% | Mem Free:  88.4%
2025-07-01 07:13:01 INFO:   - Host: clnode286.clemson.cloudlab.us  CPU Util:   2.0% | Mem Free:  84.5%
2025-07-01 07:13:01 INFO: ----------------------------------------
2025-07-01 07:13:01 INFO: --- Running Job Runtimes ---
2025-07-01 07:13:01 INFO:   - Job: twitter_cluster41-eca32db3a96e4fbe0932861eb821ab0d on clnode287.clemson.cloudlab.us has been running for 1:13:31
2025-07-01 07:13:01 INFO:   - Job: twitter_cluster38-29a4086da0d6d7d60d1dfeb002cb9c3d on clnode303.clemson.cloudlab.us has been running for 1:11:21
2025-07-01 07:13:01 INFO:   - Job: twitter_cluster38-1637bac994bd3009e55ce25a36c9e1a2 on clnode290.clemson.cloudlab.us has been running for 1:11:21
2025-07-01 07:13:01 INFO:   - Job: twitter_cluster38-346473d2c745b2f4a4a9699ff814b19f on clnode290.clemson.cloudlab.us has been running for 1:11:21
2025-07-01 07:13:01 INFO:   - Job: twitter_cluster38-58a9315bee4433060311de1eabd4be42 on clnode287.clemson.cloudlab.us has been running for 1:11:21
2025-07-01 07:13:01 INFO:   - Job: twitter_cluster38-14c5cf93ee3fefc79a3a15a882ba8c72 on clnode290.clemson.cloudlab.us has been running for 1:11:21
2025-07-01 07:13:01 INFO:   - Job: twitter_cluster38-1c56d4d1e9df3be1645048a44a9b7626 on clnode303.clemson.cloudlab.us has been running for 1:11:21
2025-07-01 07:13:01 INFO:   - Job: twitter_cluster38-aad9c61cc44a4df3efa1f5e13b096f8c on clnode286.clemson.cloudlab.us has been running for 1:11:21
2025-07-01 07:13:01 INFO:   - Job: twitter_cluster38-b2acd4030d14d64916f5b7dda9440a28 on clnode286.clemson.cloudlab.us has been running for 1:11:21
2025-07-01 07:13:01 INFO:   - Job: twitter_cluster38-19c28e27ddb6434a1f58f4959bafb3b8 on clnode301.clemson.cloudlab.us has been running for 1:11:21
2025-07-01 07:13:01 INFO:   - Job: twitter_cluster38-9ec28ecc3d82e3ff69cbd3b4218afabf on clnode302.clemson.cloudlab.us has been running for 1:11:21
2025-07-01 07:13:01 INFO:   - Job: twitter_cluster38-1f49fe37e518959c9ccf82662b640f48 on clnode290.clemson.cloudlab.us has been running for 1:11:21
2025-07-01 07:13:01 INFO:   - Job: twitter_cluster38-52986173aa45a8365ddce6cf3bb1be40 on clnode290.clemson.cloudlab.us has been running for 1:11:21
2025-07-01 07:13:01 INFO:   - Job: twitter_cluster38-9607f98485cebb21f4050bcafbe6f726 on clnode287.clemson.cloudlab.us has been running for 1:11:21
2025-07-01 07:13:01 INFO:   - Job: twitter_cluster38-a578d8221827c7d1b4d3bbdf5ae021cd on clnode302.clemson.cloudlab.us has been running for 1:11:21
2025-07-01 07:13:01 INFO: ----------------------------
2025-07-01 07:13:01 INFO: Dumping current state to scheduler_state.json...
2025-07-01 07:13:08 INFO: STATUS: 0 ToDo, 15 Running, 1510 Finished, 0 Failed.
2025-07-01 07:13:08 INFO: Loop finished. Sleeping for 60 seconds.
2025-07-01 07:14:21 INFO: --- System-wide Resource Utilization ---
2025-07-01 07:14:21 INFO:   - Host: clnode302.clemson.cloudlab.us  CPU Util:   2.3% | Mem Free:  80.5%
2025-07-01 07:14:22 INFO:   - Host: clnode290.clemson.cloudlab.us  CPU Util:   4.9% | Mem Free:  61.8%
2025-07-01 07:14:22 INFO:   - Host: clnode303.clemson.cloudlab.us  CPU Util:   2.3% | Mem Free:  84.5%
2025-07-01 07:14:23 INFO:   - Host: clnode287.clemson.cloudlab.us  CPU Util:   3.8% | Mem Free:  78.0%
2025-07-01 07:14:24 INFO:   - Host: clnode301.clemson.cloudlab.us  CPU Util:   1.0% | Mem Free:  88.4%
2025-07-01 07:14:24 INFO:   - Host: clnode286.clemson.cloudlab.us  CPU Util:   2.0% | Mem Free:  84.5%
2025-07-01 07:14:24 INFO: ----------------------------------------
2025-07-01 07:14:24 INFO: --- Running Job Runtimes ---
2025-07-01 07:14:24 INFO:   - Job: twitter_cluster41-eca32db3a96e4fbe0932861eb821ab0d on clnode287.clemson.cloudlab.us has been running for 1:14:54
2025-07-01 07:14:24 INFO:   - Job: twitter_cluster38-29a4086da0d6d7d60d1dfeb002cb9c3d on clnode303.clemson.cloudlab.us has been running for 1:12:44
2025-07-01 07:14:24 INFO:   - Job: twitter_cluster38-1637bac994bd3009e55ce25a36c9e1a2 on clnode290.clemson.cloudlab.us has been running for 1:12:44
2025-07-01 07:14:24 INFO:   - Job: twitter_cluster38-346473d2c745b2f4a4a9699ff814b19f on clnode290.clemson.cloudlab.us has been running for 1:12:44
2025-07-01 07:14:24 INFO:   - Job: twitter_cluster38-58a9315bee4433060311de1eabd4be42 on clnode287.clemson.cloudlab.us has been running for 1:12:44
2025-07-01 07:14:24 INFO:   - Job: twitter_cluster38-14c5cf93ee3fefc79a3a15a882ba8c72 on clnode290.clemson.cloudlab.us has been running for 1:12:44
2025-07-01 07:14:24 INFO:   - Job: twitter_cluster38-1c56d4d1e9df3be1645048a44a9b7626 on clnode303.clemson.cloudlab.us has been running for 1:12:44
2025-07-01 07:14:24 INFO:   - Job: twitter_cluster38-aad9c61cc44a4df3efa1f5e13b096f8c on clnode286.clemson.cloudlab.us has been running for 1:12:44
2025-07-01 07:14:24 INFO:   - Job: twitter_cluster38-b2acd4030d14d64916f5b7dda9440a28 on clnode286.clemson.cloudlab.us has been running for 1:12:44
2025-07-01 07:14:24 INFO:   - Job: twitter_cluster38-19c28e27ddb6434a1f58f4959bafb3b8 on clnode301.clemson.cloudlab.us has been running for 1:12:44
2025-07-01 07:14:24 INFO:   - Job: twitter_cluster38-9ec28ecc3d82e3ff69cbd3b4218afabf on clnode302.clemson.cloudlab.us has been running for 1:12:44
2025-07-01 07:14:24 INFO:   - Job: twitter_cluster38-1f49fe37e518959c9ccf82662b640f48 on clnode290.clemson.cloudlab.us has been running for 1:12:44
2025-07-01 07:14:24 INFO:   - Job: twitter_cluster38-52986173aa45a8365ddce6cf3bb1be40 on clnode290.clemson.cloudlab.us has been running for 1:12:44
2025-07-01 07:14:24 INFO:   - Job: twitter_cluster38-9607f98485cebb21f4050bcafbe6f726 on clnode287.clemson.cloudlab.us has been running for 1:12:44
2025-07-01 07:14:24 INFO:   - Job: twitter_cluster38-a578d8221827c7d1b4d3bbdf5ae021cd on clnode302.clemson.cloudlab.us has been running for 1:12:44
2025-07-01 07:14:24 INFO: ----------------------------
2025-07-01 07:14:24 INFO: Dumping current state to scheduler_state.json...
2025-07-01 07:14:30 INFO: STATUS: 0 ToDo, 15 Running, 1510 Finished, 0 Failed.
2025-07-01 07:14:31 INFO: Loop finished. Sleeping for 60 seconds.
2025-07-01 07:15:43 INFO: --- System-wide Resource Utilization ---
2025-07-01 07:15:44 INFO:   - Host: clnode302.clemson.cloudlab.us  CPU Util:   2.1% | Mem Free:  80.6%
2025-07-01 07:15:44 INFO:   - Host: clnode290.clemson.cloudlab.us  CPU Util:   4.9% | Mem Free:  61.8%
2025-07-01 07:15:45 INFO:   - Host: clnode303.clemson.cloudlab.us  CPU Util:   2.2% | Mem Free:  84.5%
2025-07-01 07:15:45 INFO:   - Host: clnode287.clemson.cloudlab.us  CPU Util:   4.1% | Mem Free:  78.0%
2025-07-01 07:15:46 INFO:   - Host: clnode301.clemson.cloudlab.us  CPU Util:   1.2% | Mem Free:  88.4%
2025-07-01 07:15:47 INFO:   - Host: clnode286.clemson.cloudlab.us  CPU Util:   2.0% | Mem Free:  84.5%
2025-07-01 07:15:47 INFO: ----------------------------------------
2025-07-01 07:15:47 INFO: --- Running Job Runtimes ---
2025-07-01 07:15:47 INFO:   - Job: twitter_cluster41-eca32db3a96e4fbe0932861eb821ab0d on clnode287.clemson.cloudlab.us has been running for 1:16:17
2025-07-01 07:15:47 INFO:   - Job: twitter_cluster38-29a4086da0d6d7d60d1dfeb002cb9c3d on clnode303.clemson.cloudlab.us has been running for 1:14:07
2025-07-01 07:15:47 INFO:   - Job: twitter_cluster38-1637bac994bd3009e55ce25a36c9e1a2 on clnode290.clemson.cloudlab.us has been running for 1:14:07
2025-07-01 07:15:47 INFO:   - Job: twitter_cluster38-346473d2c745b2f4a4a9699ff814b19f on clnode290.clemson.cloudlab.us has been running for 1:14:07
2025-07-01 07:15:47 INFO:   - Job: twitter_cluster38-58a9315bee4433060311de1eabd4be42 on clnode287.clemson.cloudlab.us has been running for 1:14:07
2025-07-01 07:15:47 INFO:   - Job: twitter_cluster38-14c5cf93ee3fefc79a3a15a882ba8c72 on clnode290.clemson.cloudlab.us has been running for 1:14:07
2025-07-01 07:15:47 INFO:   - Job: twitter_cluster38-1c56d4d1e9df3be1645048a44a9b7626 on clnode303.clemson.cloudlab.us has been running for 1:14:07
2025-07-01 07:15:47 INFO:   - Job: twitter_cluster38-aad9c61cc44a4df3efa1f5e13b096f8c on clnode286.clemson.cloudlab.us has been running for 1:14:07
2025-07-01 07:15:47 INFO:   - Job: twitter_cluster38-b2acd4030d14d64916f5b7dda9440a28 on clnode286.clemson.cloudlab.us has been running for 1:14:07
2025-07-01 07:15:47 INFO:   - Job: twitter_cluster38-19c28e27ddb6434a1f58f4959bafb3b8 on clnode301.clemson.cloudlab.us has been running for 1:14:07
2025-07-01 07:15:47 INFO:   - Job: twitter_cluster38-9ec28ecc3d82e3ff69cbd3b4218afabf on clnode302.clemson.cloudlab.us has been running for 1:14:07
2025-07-01 07:15:47 INFO:   - Job: twitter_cluster38-1f49fe37e518959c9ccf82662b640f48 on clnode290.clemson.cloudlab.us has been running for 1:14:07
2025-07-01 07:15:47 INFO:   - Job: twitter_cluster38-52986173aa45a8365ddce6cf3bb1be40 on clnode290.clemson.cloudlab.us has been running for 1:14:07
2025-07-01 07:15:47 INFO:   - Job: twitter_cluster38-9607f98485cebb21f4050bcafbe6f726 on clnode287.clemson.cloudlab.us has been running for 1:14:07
2025-07-01 07:15:47 INFO:   - Job: twitter_cluster38-a578d8221827c7d1b4d3bbdf5ae021cd on clnode302.clemson.cloudlab.us has been running for 1:14:07
2025-07-01 07:15:47 INFO: ----------------------------
2025-07-01 07:15:47 INFO: Dumping current state to scheduler_state.json...
2025-07-01 07:15:53 INFO: STATUS: 0 ToDo, 15 Running, 1510 Finished, 0 Failed.
2025-07-01 07:15:53 INFO: Loop finished. Sleeping for 60 seconds.
2025-07-01 07:17:06 INFO: --- System-wide Resource Utilization ---
2025-07-01 07:17:06 INFO:   - Host: clnode302.clemson.cloudlab.us  CPU Util:   2.1% | Mem Free:  80.6%
2025-07-01 07:17:07 INFO:   - Host: clnode290.clemson.cloudlab.us  CPU Util:   5.0% | Mem Free:  61.8%
2025-07-01 07:17:07 INFO:   - Host: clnode303.clemson.cloudlab.us  CPU Util:   2.1% | Mem Free:  84.5%
2025-07-01 07:17:08 INFO:   - Host: clnode287.clemson.cloudlab.us  CPU Util:   3.2% | Mem Free:  78.0%
2025-07-01 07:17:08 INFO:   - Host: clnode301.clemson.cloudlab.us  CPU Util:   1.1% | Mem Free:  88.4%
2025-07-01 07:17:09 INFO:   - Host: clnode286.clemson.cloudlab.us  CPU Util:   2.1% | Mem Free:  84.5%
2025-07-01 07:17:09 INFO: ----------------------------------------
2025-07-01 07:17:09 INFO: --- Running Job Runtimes ---
2025-07-01 07:17:09 INFO:   - Job: twitter_cluster41-eca32db3a96e4fbe0932861eb821ab0d on clnode287.clemson.cloudlab.us has been running for 1:17:39
2025-07-01 07:17:09 INFO:   - Job: twitter_cluster38-29a4086da0d6d7d60d1dfeb002cb9c3d on clnode303.clemson.cloudlab.us has been running for 1:15:29
2025-07-01 07:17:09 INFO:   - Job: twitter_cluster38-1637bac994bd3009e55ce25a36c9e1a2 on clnode290.clemson.cloudlab.us has been running for 1:15:29
2025-07-01 07:17:09 INFO:   - Job: twitter_cluster38-346473d2c745b2f4a4a9699ff814b19f on clnode290.clemson.cloudlab.us has been running for 1:15:29
2025-07-01 07:17:09 INFO:   - Job: twitter_cluster38-58a9315bee4433060311de1eabd4be42 on clnode287.clemson.cloudlab.us has been running for 1:15:29
2025-07-01 07:17:09 INFO:   - Job: twitter_cluster38-14c5cf93ee3fefc79a3a15a882ba8c72 on clnode290.clemson.cloudlab.us has been running for 1:15:29
2025-07-01 07:17:09 INFO:   - Job: twitter_cluster38-1c56d4d1e9df3be1645048a44a9b7626 on clnode303.clemson.cloudlab.us has been running for 1:15:29
2025-07-01 07:17:09 INFO:   - Job: twitter_cluster38-aad9c61cc44a4df3efa1f5e13b096f8c on clnode286.clemson.cloudlab.us has been running for 1:15:29
2025-07-01 07:17:09 INFO:   - Job: twitter_cluster38-b2acd4030d14d64916f5b7dda9440a28 on clnode286.clemson.cloudlab.us has been running for 1:15:29
2025-07-01 07:17:09 INFO:   - Job: twitter_cluster38-19c28e27ddb6434a1f58f4959bafb3b8 on clnode301.clemson.cloudlab.us has been running for 1:15:29
2025-07-01 07:17:09 INFO:   - Job: twitter_cluster38-9ec28ecc3d82e3ff69cbd3b4218afabf on clnode302.clemson.cloudlab.us has been running for 1:15:29
2025-07-01 07:17:09 INFO:   - Job: twitter_cluster38-1f49fe37e518959c9ccf82662b640f48 on clnode290.clemson.cloudlab.us has been running for 1:15:29
2025-07-01 07:17:09 INFO:   - Job: twitter_cluster38-52986173aa45a8365ddce6cf3bb1be40 on clnode290.clemson.cloudlab.us has been running for 1:15:29
2025-07-01 07:17:09 INFO:   - Job: twitter_cluster38-9607f98485cebb21f4050bcafbe6f726 on clnode287.clemson.cloudlab.us has been running for 1:15:29
2025-07-01 07:17:09 INFO:   - Job: twitter_cluster38-a578d8221827c7d1b4d3bbdf5ae021cd on clnode302.clemson.cloudlab.us has been running for 1:15:29
2025-07-01 07:17:09 INFO: ----------------------------
2025-07-01 07:17:09 INFO: Dumping current state to scheduler_state.json...
2025-07-01 07:17:15 INFO: STATUS: 0 ToDo, 15 Running, 1510 Finished, 0 Failed.
2025-07-01 07:17:15 INFO: Loop finished. Sleeping for 60 seconds.
2025-07-01 07:18:28 INFO: --- System-wide Resource Utilization ---
2025-07-01 07:18:28 INFO:   - Host: clnode302.clemson.cloudlab.us  CPU Util:   2.1% | Mem Free:  80.6%
2025-07-01 07:18:29 INFO:   - Host: clnode290.clemson.cloudlab.us  CPU Util:   4.9% | Mem Free:  61.8%
2025-07-01 07:18:29 INFO:   - Host: clnode303.clemson.cloudlab.us  CPU Util:   2.0% | Mem Free:  84.5%
2025-07-01 07:18:30 INFO:   - Host: clnode287.clemson.cloudlab.us  CPU Util:   3.1% | Mem Free:  77.9%
2025-07-01 07:18:30 INFO:   - Host: clnode301.clemson.cloudlab.us  CPU Util:   1.1% | Mem Free:  88.4%
2025-07-01 07:18:31 INFO:   - Host: clnode286.clemson.cloudlab.us  CPU Util:   2.1% | Mem Free:  84.5%
2025-07-01 07:18:31 INFO: ----------------------------------------
2025-07-01 07:18:31 INFO: --- Running Job Runtimes ---
2025-07-01 07:18:31 INFO:   - Job: twitter_cluster41-eca32db3a96e4fbe0932861eb821ab0d on clnode287.clemson.cloudlab.us has been running for 1:19:01
2025-07-01 07:18:31 INFO:   - Job: twitter_cluster38-29a4086da0d6d7d60d1dfeb002cb9c3d on clnode303.clemson.cloudlab.us has been running for 1:16:51
2025-07-01 07:18:31 INFO:   - Job: twitter_cluster38-1637bac994bd3009e55ce25a36c9e1a2 on clnode290.clemson.cloudlab.us has been running for 1:16:51
2025-07-01 07:18:31 INFO:   - Job: twitter_cluster38-346473d2c745b2f4a4a9699ff814b19f on clnode290.clemson.cloudlab.us has been running for 1:16:51
2025-07-01 07:18:31 INFO:   - Job: twitter_cluster38-58a9315bee4433060311de1eabd4be42 on clnode287.clemson.cloudlab.us has been running for 1:16:51
2025-07-01 07:18:31 INFO:   - Job: twitter_cluster38-14c5cf93ee3fefc79a3a15a882ba8c72 on clnode290.clemson.cloudlab.us has been running for 1:16:51
2025-07-01 07:18:31 INFO:   - Job: twitter_cluster38-1c56d4d1e9df3be1645048a44a9b7626 on clnode303.clemson.cloudlab.us has been running for 1:16:51
2025-07-01 07:18:31 INFO:   - Job: twitter_cluster38-aad9c61cc44a4df3efa1f5e13b096f8c on clnode286.clemson.cloudlab.us has been running for 1:16:51
2025-07-01 07:18:31 INFO:   - Job: twitter_cluster38-b2acd4030d14d64916f5b7dda9440a28 on clnode286.clemson.cloudlab.us has been running for 1:16:51
2025-07-01 07:18:31 INFO:   - Job: twitter_cluster38-19c28e27ddb6434a1f58f4959bafb3b8 on clnode301.clemson.cloudlab.us has been running for 1:16:51
2025-07-01 07:18:31 INFO:   - Job: twitter_cluster38-9ec28ecc3d82e3ff69cbd3b4218afabf on clnode302.clemson.cloudlab.us has been running for 1:16:51
2025-07-01 07:18:31 INFO:   - Job: twitter_cluster38-1f49fe37e518959c9ccf82662b640f48 on clnode290.clemson.cloudlab.us has been running for 1:16:51
2025-07-01 07:18:31 INFO:   - Job: twitter_cluster38-52986173aa45a8365ddce6cf3bb1be40 on clnode290.clemson.cloudlab.us has been running for 1:16:51
2025-07-01 07:18:31 INFO:   - Job: twitter_cluster38-9607f98485cebb21f4050bcafbe6f726 on clnode287.clemson.cloudlab.us has been running for 1:16:51
2025-07-01 07:18:31 INFO:   - Job: twitter_cluster38-a578d8221827c7d1b4d3bbdf5ae021cd on clnode302.clemson.cloudlab.us has been running for 1:16:51
2025-07-01 07:18:31 INFO: ----------------------------
2025-07-01 07:18:31 INFO: Dumping current state to scheduler_state.json...
2025-07-01 07:18:37 INFO: STATUS: 0 ToDo, 15 Running, 1510 Finished, 0 Failed.
2025-07-01 07:18:38 INFO: Loop finished. Sleeping for 60 seconds.
2025-07-01 07:19:50 INFO: --- System-wide Resource Utilization ---
2025-07-01 07:19:51 INFO:   - Host: clnode302.clemson.cloudlab.us  CPU Util:   2.0% | Mem Free:  80.5%
2025-07-01 07:19:52 INFO:   - Host: clnode290.clemson.cloudlab.us  CPU Util:   5.2% | Mem Free:  61.8%
2025-07-01 07:19:52 INFO:   - Host: clnode303.clemson.cloudlab.us  CPU Util:   2.0% | Mem Free:  84.5%
2025-07-01 07:19:53 INFO:   - Host: clnode287.clemson.cloudlab.us  CPU Util:   3.1% | Mem Free:  78.0%
2025-07-01 07:19:53 INFO:   - Host: clnode301.clemson.cloudlab.us  CPU Util:   1.1% | Mem Free:  88.4%
2025-07-01 07:19:54 INFO:   - Host: clnode286.clemson.cloudlab.us  CPU Util:   2.0% | Mem Free:  84.5%
2025-07-01 07:19:54 INFO: ----------------------------------------
2025-07-01 07:19:54 INFO: --- Running Job Runtimes ---
2025-07-01 07:19:54 INFO:   - Job: twitter_cluster41-eca32db3a96e4fbe0932861eb821ab0d on clnode287.clemson.cloudlab.us has been running for 1:20:24
2025-07-01 07:19:54 INFO:   - Job: twitter_cluster38-29a4086da0d6d7d60d1dfeb002cb9c3d on clnode303.clemson.cloudlab.us has been running for 1:18:14
2025-07-01 07:19:54 INFO:   - Job: twitter_cluster38-1637bac994bd3009e55ce25a36c9e1a2 on clnode290.clemson.cloudlab.us has been running for 1:18:14
2025-07-01 07:19:54 INFO:   - Job: twitter_cluster38-346473d2c745b2f4a4a9699ff814b19f on clnode290.clemson.cloudlab.us has been running for 1:18:14
2025-07-01 07:19:54 INFO:   - Job: twitter_cluster38-58a9315bee4433060311de1eabd4be42 on clnode287.clemson.cloudlab.us has been running for 1:18:14
2025-07-01 07:19:54 INFO:   - Job: twitter_cluster38-14c5cf93ee3fefc79a3a15a882ba8c72 on clnode290.clemson.cloudlab.us has been running for 1:18:14
2025-07-01 07:19:54 INFO:   - Job: twitter_cluster38-1c56d4d1e9df3be1645048a44a9b7626 on clnode303.clemson.cloudlab.us has been running for 1:18:14
2025-07-01 07:19:54 INFO:   - Job: twitter_cluster38-aad9c61cc44a4df3efa1f5e13b096f8c on clnode286.clemson.cloudlab.us has been running for 1:18:14
2025-07-01 07:19:54 INFO:   - Job: twitter_cluster38-b2acd4030d14d64916f5b7dda9440a28 on clnode286.clemson.cloudlab.us has been running for 1:18:14
2025-07-01 07:19:54 INFO:   - Job: twitter_cluster38-19c28e27ddb6434a1f58f4959bafb3b8 on clnode301.clemson.cloudlab.us has been running for 1:18:14
2025-07-01 07:19:54 INFO:   - Job: twitter_cluster38-9ec28ecc3d82e3ff69cbd3b4218afabf on clnode302.clemson.cloudlab.us has been running for 1:18:14
2025-07-01 07:19:54 INFO:   - Job: twitter_cluster38-1f49fe37e518959c9ccf82662b640f48 on clnode290.clemson.cloudlab.us has been running for 1:18:14
2025-07-01 07:19:54 INFO:   - Job: twitter_cluster38-52986173aa45a8365ddce6cf3bb1be40 on clnode290.clemson.cloudlab.us has been running for 1:18:14
2025-07-01 07:19:54 INFO:   - Job: twitter_cluster38-9607f98485cebb21f4050bcafbe6f726 on clnode287.clemson.cloudlab.us has been running for 1:18:14
2025-07-01 07:19:54 INFO:   - Job: twitter_cluster38-a578d8221827c7d1b4d3bbdf5ae021cd on clnode302.clemson.cloudlab.us has been running for 1:18:14
2025-07-01 07:19:54 INFO: ----------------------------
2025-07-01 07:19:54 INFO: Dumping current state to scheduler_state.json...
2025-07-01 07:20:00 INFO: STATUS: 0 ToDo, 15 Running, 1510 Finished, 0 Failed.
2025-07-01 07:20:00 INFO: Loop finished. Sleeping for 60 seconds.
2025-07-01 07:21:13 INFO: --- System-wide Resource Utilization ---
2025-07-01 07:21:13 INFO:   - Host: clnode302.clemson.cloudlab.us  CPU Util:   2.2% | Mem Free:  80.5%
2025-07-01 07:21:14 INFO:   - Host: clnode290.clemson.cloudlab.us  CPU Util:   5.0% | Mem Free:  61.8%
2025-07-01 07:21:15 INFO:   - Host: clnode303.clemson.cloudlab.us  CPU Util:   2.1% | Mem Free:  84.5%
2025-07-01 07:21:15 INFO:   - Host: clnode287.clemson.cloudlab.us  CPU Util:   3.9% | Mem Free:  78.0%
2025-07-01 07:21:16 INFO:   - Host: clnode301.clemson.cloudlab.us  CPU Util:   1.0% | Mem Free:  88.4%
2025-07-01 07:21:16 INFO:   - Host: clnode286.clemson.cloudlab.us  CPU Util:   2.1% | Mem Free:  84.5%
2025-07-01 07:21:16 INFO: ----------------------------------------
2025-07-01 07:21:16 INFO: --- Running Job Runtimes ---
2025-07-01 07:21:16 INFO:   - Job: twitter_cluster41-eca32db3a96e4fbe0932861eb821ab0d on clnode287.clemson.cloudlab.us has been running for 1:21:46
2025-07-01 07:21:16 INFO:   - Job: twitter_cluster38-29a4086da0d6d7d60d1dfeb002cb9c3d on clnode303.clemson.cloudlab.us has been running for 1:19:37
2025-07-01 07:21:16 INFO:   - Job: twitter_cluster38-1637bac994bd3009e55ce25a36c9e1a2 on clnode290.clemson.cloudlab.us has been running for 1:19:37
2025-07-01 07:21:16 INFO:   - Job: twitter_cluster38-346473d2c745b2f4a4a9699ff814b19f on clnode290.clemson.cloudlab.us has been running for 1:19:37
2025-07-01 07:21:16 INFO:   - Job: twitter_cluster38-58a9315bee4433060311de1eabd4be42 on clnode287.clemson.cloudlab.us has been running for 1:19:37
2025-07-01 07:21:16 INFO:   - Job: twitter_cluster38-14c5cf93ee3fefc79a3a15a882ba8c72 on clnode290.clemson.cloudlab.us has been running for 1:19:37
2025-07-01 07:21:16 INFO:   - Job: twitter_cluster38-1c56d4d1e9df3be1645048a44a9b7626 on clnode303.clemson.cloudlab.us has been running for 1:19:37
2025-07-01 07:21:16 INFO:   - Job: twitter_cluster38-aad9c61cc44a4df3efa1f5e13b096f8c on clnode286.clemson.cloudlab.us has been running for 1:19:37
2025-07-01 07:21:16 INFO:   - Job: twitter_cluster38-b2acd4030d14d64916f5b7dda9440a28 on clnode286.clemson.cloudlab.us has been running for 1:19:37
2025-07-01 07:21:16 INFO:   - Job: twitter_cluster38-19c28e27ddb6434a1f58f4959bafb3b8 on clnode301.clemson.cloudlab.us has been running for 1:19:37
2025-07-01 07:21:16 INFO:   - Job: twitter_cluster38-9ec28ecc3d82e3ff69cbd3b4218afabf on clnode302.clemson.cloudlab.us has been running for 1:19:37
2025-07-01 07:21:16 INFO:   - Job: twitter_cluster38-1f49fe37e518959c9ccf82662b640f48 on clnode290.clemson.cloudlab.us has been running for 1:19:37
2025-07-01 07:21:16 INFO:   - Job: twitter_cluster38-52986173aa45a8365ddce6cf3bb1be40 on clnode290.clemson.cloudlab.us has been running for 1:19:37
2025-07-01 07:21:16 INFO:   - Job: twitter_cluster38-9607f98485cebb21f4050bcafbe6f726 on clnode287.clemson.cloudlab.us has been running for 1:19:37
2025-07-01 07:21:16 INFO:   - Job: twitter_cluster38-a578d8221827c7d1b4d3bbdf5ae021cd on clnode302.clemson.cloudlab.us has been running for 1:19:37
2025-07-01 07:21:16 INFO: ----------------------------
2025-07-01 07:21:16 INFO: Dumping current state to scheduler_state.json...
2025-07-01 07:21:23 INFO: STATUS: 0 ToDo, 15 Running, 1510 Finished, 0 Failed.
2025-07-01 07:21:23 INFO: Loop finished. Sleeping for 60 seconds.
2025-07-01 07:22:35 INFO: --- System-wide Resource Utilization ---
2025-07-01 07:22:36 INFO:   - Host: clnode302.clemson.cloudlab.us  CPU Util:   2.2% | Mem Free:  80.6%
2025-07-01 07:22:36 INFO:   - Host: clnode290.clemson.cloudlab.us  CPU Util:   4.9% | Mem Free:  61.8%
2025-07-01 07:22:37 INFO:   - Host: clnode303.clemson.cloudlab.us  CPU Util:   2.2% | Mem Free:  84.5%
2025-07-01 07:22:38 INFO:   - Host: clnode287.clemson.cloudlab.us  CPU Util:   3.9% | Mem Free:  78.0%
2025-07-01 07:22:38 INFO:   - Host: clnode301.clemson.cloudlab.us  CPU Util:   1.2% | Mem Free:  88.4%
2025-07-01 07:22:39 INFO:   - Host: clnode286.clemson.cloudlab.us  CPU Util:   2.0% | Mem Free:  84.5%
2025-07-01 07:22:39 INFO: ----------------------------------------
2025-07-01 07:22:39 INFO: --- Running Job Runtimes ---
2025-07-01 07:22:39 INFO:   - Job: twitter_cluster41-eca32db3a96e4fbe0932861eb821ab0d on clnode287.clemson.cloudlab.us has been running for 1:23:09
2025-07-01 07:22:39 INFO:   - Job: twitter_cluster38-29a4086da0d6d7d60d1dfeb002cb9c3d on clnode303.clemson.cloudlab.us has been running for 1:20:59
2025-07-01 07:22:39 INFO:   - Job: twitter_cluster38-1637bac994bd3009e55ce25a36c9e1a2 on clnode290.clemson.cloudlab.us has been running for 1:20:59
2025-07-01 07:22:39 INFO:   - Job: twitter_cluster38-346473d2c745b2f4a4a9699ff814b19f on clnode290.clemson.cloudlab.us has been running for 1:20:59
2025-07-01 07:22:39 INFO:   - Job: twitter_cluster38-58a9315bee4433060311de1eabd4be42 on clnode287.clemson.cloudlab.us has been running for 1:20:59
2025-07-01 07:22:39 INFO:   - Job: twitter_cluster38-14c5cf93ee3fefc79a3a15a882ba8c72 on clnode290.clemson.cloudlab.us has been running for 1:20:59
2025-07-01 07:22:39 INFO:   - Job: twitter_cluster38-1c56d4d1e9df3be1645048a44a9b7626 on clnode303.clemson.cloudlab.us has been running for 1:20:59
2025-07-01 07:22:39 INFO:   - Job: twitter_cluster38-aad9c61cc44a4df3efa1f5e13b096f8c on clnode286.clemson.cloudlab.us has been running for 1:20:59
2025-07-01 07:22:39 INFO:   - Job: twitter_cluster38-b2acd4030d14d64916f5b7dda9440a28 on clnode286.clemson.cloudlab.us has been running for 1:20:59
2025-07-01 07:22:39 INFO:   - Job: twitter_cluster38-19c28e27ddb6434a1f58f4959bafb3b8 on clnode301.clemson.cloudlab.us has been running for 1:20:59
2025-07-01 07:22:39 INFO:   - Job: twitter_cluster38-9ec28ecc3d82e3ff69cbd3b4218afabf on clnode302.clemson.cloudlab.us has been running for 1:20:59
2025-07-01 07:22:39 INFO:   - Job: twitter_cluster38-1f49fe37e518959c9ccf82662b640f48 on clnode290.clemson.cloudlab.us has been running for 1:20:59
2025-07-01 07:22:39 INFO:   - Job: twitter_cluster38-52986173aa45a8365ddce6cf3bb1be40 on clnode290.clemson.cloudlab.us has been running for 1:20:59
2025-07-01 07:22:39 INFO:   - Job: twitter_cluster38-9607f98485cebb21f4050bcafbe6f726 on clnode287.clemson.cloudlab.us has been running for 1:20:59
2025-07-01 07:22:39 INFO:   - Job: twitter_cluster38-a578d8221827c7d1b4d3bbdf5ae021cd on clnode302.clemson.cloudlab.us has been running for 1:20:59
2025-07-01 07:22:39 INFO: ----------------------------
2025-07-01 07:22:39 INFO: Dumping current state to scheduler_state.json...
2025-07-01 07:22:45 INFO: STATUS: 0 ToDo, 15 Running, 1510 Finished, 0 Failed.
2025-07-01 07:22:45 INFO: Loop finished. Sleeping for 60 seconds.
2025-07-01 07:23:57 INFO: --- System-wide Resource Utilization ---
2025-07-01 07:23:58 INFO:   - Host: clnode302.clemson.cloudlab.us  CPU Util:   2.3% | Mem Free:  80.6%
2025-07-01 07:23:58 INFO:   - Host: clnode290.clemson.cloudlab.us  CPU Util:   5.4% | Mem Free:  61.8%
2025-07-01 07:23:59 INFO:   - Host: clnode303.clemson.cloudlab.us  CPU Util:   2.3% | Mem Free:  84.5%
2025-07-01 07:24:00 INFO:   - Host: clnode287.clemson.cloudlab.us  CPU Util:   3.1% | Mem Free:  78.0%
2025-07-01 07:24:00 INFO:   - Host: clnode301.clemson.cloudlab.us  CPU Util:   1.0% | Mem Free:  88.4%
2025-07-01 07:24:01 INFO:   - Host: clnode286.clemson.cloudlab.us  CPU Util:   2.1% | Mem Free:  84.5%
2025-07-01 07:24:01 INFO: ----------------------------------------
2025-07-01 07:24:01 INFO: --- Running Job Runtimes ---
2025-07-01 07:24:01 INFO:   - Job: twitter_cluster41-eca32db3a96e4fbe0932861eb821ab0d on clnode287.clemson.cloudlab.us has been running for 1:24:31
2025-07-01 07:24:01 INFO:   - Job: twitter_cluster38-29a4086da0d6d7d60d1dfeb002cb9c3d on clnode303.clemson.cloudlab.us has been running for 1:22:21
2025-07-01 07:24:01 INFO:   - Job: twitter_cluster38-1637bac994bd3009e55ce25a36c9e1a2 on clnode290.clemson.cloudlab.us has been running for 1:22:21
2025-07-01 07:24:01 INFO:   - Job: twitter_cluster38-346473d2c745b2f4a4a9699ff814b19f on clnode290.clemson.cloudlab.us has been running for 1:22:21
2025-07-01 07:24:01 INFO:   - Job: twitter_cluster38-58a9315bee4433060311de1eabd4be42 on clnode287.clemson.cloudlab.us has been running for 1:22:21
2025-07-01 07:24:01 INFO:   - Job: twitter_cluster38-14c5cf93ee3fefc79a3a15a882ba8c72 on clnode290.clemson.cloudlab.us has been running for 1:22:21
2025-07-01 07:24:01 INFO:   - Job: twitter_cluster38-1c56d4d1e9df3be1645048a44a9b7626 on clnode303.clemson.cloudlab.us has been running for 1:22:21
2025-07-01 07:24:01 INFO:   - Job: twitter_cluster38-aad9c61cc44a4df3efa1f5e13b096f8c on clnode286.clemson.cloudlab.us has been running for 1:22:21
2025-07-01 07:24:01 INFO:   - Job: twitter_cluster38-b2acd4030d14d64916f5b7dda9440a28 on clnode286.clemson.cloudlab.us has been running for 1:22:21
2025-07-01 07:24:01 INFO:   - Job: twitter_cluster38-19c28e27ddb6434a1f58f4959bafb3b8 on clnode301.clemson.cloudlab.us has been running for 1:22:21
2025-07-01 07:24:01 INFO:   - Job: twitter_cluster38-9ec28ecc3d82e3ff69cbd3b4218afabf on clnode302.clemson.cloudlab.us has been running for 1:22:21
2025-07-01 07:24:01 INFO:   - Job: twitter_cluster38-1f49fe37e518959c9ccf82662b640f48 on clnode290.clemson.cloudlab.us has been running for 1:22:21
2025-07-01 07:24:01 INFO:   - Job: twitter_cluster38-52986173aa45a8365ddce6cf3bb1be40 on clnode290.clemson.cloudlab.us has been running for 1:22:21
2025-07-01 07:24:01 INFO:   - Job: twitter_cluster38-9607f98485cebb21f4050bcafbe6f726 on clnode287.clemson.cloudlab.us has been running for 1:22:21
2025-07-01 07:24:01 INFO:   - Job: twitter_cluster38-a578d8221827c7d1b4d3bbdf5ae021cd on clnode302.clemson.cloudlab.us has been running for 1:22:21
2025-07-01 07:24:01 INFO: ----------------------------
2025-07-01 07:24:01 INFO: Dumping current state to scheduler_state.json...
2025-07-01 07:24:07 INFO: STATUS: 0 ToDo, 15 Running, 1510 Finished, 0 Failed.
2025-07-01 07:24:07 INFO: Loop finished. Sleeping for 60 seconds.
2025-07-01 07:25:19 INFO: --- System-wide Resource Utilization ---
2025-07-01 07:25:20 INFO:   - Host: clnode302.clemson.cloudlab.us  CPU Util:   2.2% | Mem Free:  80.6%
2025-07-01 07:25:21 INFO:   - Host: clnode290.clemson.cloudlab.us  CPU Util:   5.3% | Mem Free:  61.8%
2025-07-01 07:25:21 INFO:   - Host: clnode303.clemson.cloudlab.us  CPU Util:   2.0% | Mem Free:  84.5%
2025-07-01 07:25:22 INFO:   - Host: clnode287.clemson.cloudlab.us  CPU Util:   3.2% | Mem Free:  77.9%
2025-07-01 07:25:22 INFO:   - Host: clnode301.clemson.cloudlab.us  CPU Util:   1.1% | Mem Free:  88.4%
2025-07-01 07:25:23 INFO:   - Host: clnode286.clemson.cloudlab.us  CPU Util:   2.0% | Mem Free:  84.5%
2025-07-01 07:25:23 INFO: ----------------------------------------
2025-07-01 07:25:23 INFO: --- Running Job Runtimes ---
2025-07-01 07:25:23 INFO:   - Job: twitter_cluster41-eca32db3a96e4fbe0932861eb821ab0d on clnode287.clemson.cloudlab.us has been running for 1:25:53
2025-07-01 07:25:23 INFO:   - Job: twitter_cluster38-29a4086da0d6d7d60d1dfeb002cb9c3d on clnode303.clemson.cloudlab.us has been running for 1:23:43
2025-07-01 07:25:23 INFO:   - Job: twitter_cluster38-1637bac994bd3009e55ce25a36c9e1a2 on clnode290.clemson.cloudlab.us has been running for 1:23:43
2025-07-01 07:25:23 INFO:   - Job: twitter_cluster38-346473d2c745b2f4a4a9699ff814b19f on clnode290.clemson.cloudlab.us has been running for 1:23:43
2025-07-01 07:25:23 INFO:   - Job: twitter_cluster38-58a9315bee4433060311de1eabd4be42 on clnode287.clemson.cloudlab.us has been running for 1:23:43
2025-07-01 07:25:23 INFO:   - Job: twitter_cluster38-14c5cf93ee3fefc79a3a15a882ba8c72 on clnode290.clemson.cloudlab.us has been running for 1:23:43
2025-07-01 07:25:23 INFO:   - Job: twitter_cluster38-1c56d4d1e9df3be1645048a44a9b7626 on clnode303.clemson.cloudlab.us has been running for 1:23:43
2025-07-01 07:25:23 INFO:   - Job: twitter_cluster38-aad9c61cc44a4df3efa1f5e13b096f8c on clnode286.clemson.cloudlab.us has been running for 1:23:43
2025-07-01 07:25:23 INFO:   - Job: twitter_cluster38-b2acd4030d14d64916f5b7dda9440a28 on clnode286.clemson.cloudlab.us has been running for 1:23:43
2025-07-01 07:25:23 INFO:   - Job: twitter_cluster38-19c28e27ddb6434a1f58f4959bafb3b8 on clnode301.clemson.cloudlab.us has been running for 1:23:43
2025-07-01 07:25:23 INFO:   - Job: twitter_cluster38-9ec28ecc3d82e3ff69cbd3b4218afabf on clnode302.clemson.cloudlab.us has been running for 1:23:43
2025-07-01 07:25:23 INFO:   - Job: twitter_cluster38-1f49fe37e518959c9ccf82662b640f48 on clnode290.clemson.cloudlab.us has been running for 1:23:43
2025-07-01 07:25:23 INFO:   - Job: twitter_cluster38-52986173aa45a8365ddce6cf3bb1be40 on clnode290.clemson.cloudlab.us has been running for 1:23:43
2025-07-01 07:25:23 INFO:   - Job: twitter_cluster38-9607f98485cebb21f4050bcafbe6f726 on clnode287.clemson.cloudlab.us has been running for 1:23:43
2025-07-01 07:25:23 INFO:   - Job: twitter_cluster38-a578d8221827c7d1b4d3bbdf5ae021cd on clnode302.clemson.cloudlab.us has been running for 1:23:43
2025-07-01 07:25:23 INFO: ----------------------------
2025-07-01 07:25:23 INFO: Dumping current state to scheduler_state.json...
2025-07-01 07:25:29 INFO: STATUS: 0 ToDo, 15 Running, 1510 Finished, 0 Failed.
2025-07-01 07:25:29 INFO: Loop finished. Sleeping for 60 seconds.
2025-07-01 07:26:41 INFO: --- System-wide Resource Utilization ---
2025-07-01 07:26:42 INFO:   - Host: clnode302.clemson.cloudlab.us  CPU Util:   2.1% | Mem Free:  80.6%
2025-07-01 07:26:42 INFO:   - Host: clnode290.clemson.cloudlab.us  CPU Util:   5.1% | Mem Free:  61.8%
2025-07-01 07:26:43 INFO:   - Host: clnode303.clemson.cloudlab.us  CPU Util:   2.1% | Mem Free:  84.5%
2025-07-01 07:26:44 INFO:   - Host: clnode287.clemson.cloudlab.us  CPU Util:   3.7% | Mem Free:  77.9%
2025-07-01 07:26:44 INFO:   - Host: clnode301.clemson.cloudlab.us  CPU Util:   1.0% | Mem Free:  88.4%
2025-07-01 07:26:45 INFO:   - Host: clnode286.clemson.cloudlab.us  CPU Util:   2.0% | Mem Free:  84.5%
2025-07-01 07:26:45 INFO: ----------------------------------------
2025-07-01 07:26:45 INFO: --- Running Job Runtimes ---
2025-07-01 07:26:45 INFO:   - Job: twitter_cluster41-eca32db3a96e4fbe0932861eb821ab0d on clnode287.clemson.cloudlab.us has been running for 1:27:15
2025-07-01 07:26:45 INFO:   - Job: twitter_cluster38-29a4086da0d6d7d60d1dfeb002cb9c3d on clnode303.clemson.cloudlab.us has been running for 1:25:05
2025-07-01 07:26:45 INFO:   - Job: twitter_cluster38-1637bac994bd3009e55ce25a36c9e1a2 on clnode290.clemson.cloudlab.us has been running for 1:25:05
2025-07-01 07:26:45 INFO:   - Job: twitter_cluster38-346473d2c745b2f4a4a9699ff814b19f on clnode290.clemson.cloudlab.us has been running for 1:25:05
2025-07-01 07:26:45 INFO:   - Job: twitter_cluster38-58a9315bee4433060311de1eabd4be42 on clnode287.clemson.cloudlab.us has been running for 1:25:05
2025-07-01 07:26:45 INFO:   - Job: twitter_cluster38-14c5cf93ee3fefc79a3a15a882ba8c72 on clnode290.clemson.cloudlab.us has been running for 1:25:05
2025-07-01 07:26:45 INFO:   - Job: twitter_cluster38-1c56d4d1e9df3be1645048a44a9b7626 on clnode303.clemson.cloudlab.us has been running for 1:25:05
2025-07-01 07:26:45 INFO:   - Job: twitter_cluster38-aad9c61cc44a4df3efa1f5e13b096f8c on clnode286.clemson.cloudlab.us has been running for 1:25:05
2025-07-01 07:26:45 INFO:   - Job: twitter_cluster38-b2acd4030d14d64916f5b7dda9440a28 on clnode286.clemson.cloudlab.us has been running for 1:25:05
2025-07-01 07:26:45 INFO:   - Job: twitter_cluster38-19c28e27ddb6434a1f58f4959bafb3b8 on clnode301.clemson.cloudlab.us has been running for 1:25:05
2025-07-01 07:26:45 INFO:   - Job: twitter_cluster38-9ec28ecc3d82e3ff69cbd3b4218afabf on clnode302.clemson.cloudlab.us has been running for 1:25:05
2025-07-01 07:26:45 INFO:   - Job: twitter_cluster38-1f49fe37e518959c9ccf82662b640f48 on clnode290.clemson.cloudlab.us has been running for 1:25:05
2025-07-01 07:26:45 INFO:   - Job: twitter_cluster38-52986173aa45a8365ddce6cf3bb1be40 on clnode290.clemson.cloudlab.us has been running for 1:25:05
2025-07-01 07:26:45 INFO:   - Job: twitter_cluster38-9607f98485cebb21f4050bcafbe6f726 on clnode287.clemson.cloudlab.us has been running for 1:25:05
2025-07-01 07:26:45 INFO:   - Job: twitter_cluster38-a578d8221827c7d1b4d3bbdf5ae021cd on clnode302.clemson.cloudlab.us has been running for 1:25:05
2025-07-01 07:26:45 INFO: ----------------------------
2025-07-01 07:26:45 INFO: Dumping current state to scheduler_state.json...
2025-07-01 07:26:51 INFO: STATUS: 0 ToDo, 15 Running, 1510 Finished, 0 Failed.
2025-07-01 07:26:51 INFO: Loop finished. Sleeping for 60 seconds.
2025-07-01 07:28:03 INFO: --- System-wide Resource Utilization ---
2025-07-01 07:28:04 INFO:   - Host: clnode302.clemson.cloudlab.us  CPU Util:   2.1% | Mem Free:  80.6%
2025-07-01 07:28:04 INFO:   - Host: clnode290.clemson.cloudlab.us  CPU Util:   4.9% | Mem Free:  61.8%
2025-07-01 07:28:05 INFO:   - Host: clnode303.clemson.cloudlab.us  CPU Util:   1.9% | Mem Free:  84.5%
2025-07-01 07:28:05 INFO:   - Host: clnode287.clemson.cloudlab.us  CPU Util:   3.4% | Mem Free:  77.9%
2025-07-01 07:28:06 INFO:   - Host: clnode301.clemson.cloudlab.us  CPU Util:   1.0% | Mem Free:  88.4%
2025-07-01 07:28:06 INFO:   - Host: clnode286.clemson.cloudlab.us  CPU Util:   2.1% | Mem Free:  84.5%
2025-07-01 07:28:06 INFO: ----------------------------------------
2025-07-01 07:28:06 INFO: --- Running Job Runtimes ---
2025-07-01 07:28:06 INFO:   - Job: twitter_cluster41-eca32db3a96e4fbe0932861eb821ab0d on clnode287.clemson.cloudlab.us has been running for 1:28:36
2025-07-01 07:28:06 INFO:   - Job: twitter_cluster38-29a4086da0d6d7d60d1dfeb002cb9c3d on clnode303.clemson.cloudlab.us has been running for 1:26:27
2025-07-01 07:28:06 INFO:   - Job: twitter_cluster38-1637bac994bd3009e55ce25a36c9e1a2 on clnode290.clemson.cloudlab.us has been running for 1:26:27
2025-07-01 07:28:06 INFO:   - Job: twitter_cluster38-346473d2c745b2f4a4a9699ff814b19f on clnode290.clemson.cloudlab.us has been running for 1:26:27
2025-07-01 07:28:06 INFO:   - Job: twitter_cluster38-58a9315bee4433060311de1eabd4be42 on clnode287.clemson.cloudlab.us has been running for 1:26:27
2025-07-01 07:28:06 INFO:   - Job: twitter_cluster38-14c5cf93ee3fefc79a3a15a882ba8c72 on clnode290.clemson.cloudlab.us has been running for 1:26:27
2025-07-01 07:28:06 INFO:   - Job: twitter_cluster38-1c56d4d1e9df3be1645048a44a9b7626 on clnode303.clemson.cloudlab.us has been running for 1:26:27
2025-07-01 07:28:06 INFO:   - Job: twitter_cluster38-aad9c61cc44a4df3efa1f5e13b096f8c on clnode286.clemson.cloudlab.us has been running for 1:26:27
2025-07-01 07:28:06 INFO:   - Job: twitter_cluster38-b2acd4030d14d64916f5b7dda9440a28 on clnode286.clemson.cloudlab.us has been running for 1:26:27
2025-07-01 07:28:06 INFO:   - Job: twitter_cluster38-19c28e27ddb6434a1f58f4959bafb3b8 on clnode301.clemson.cloudlab.us has been running for 1:26:27
2025-07-01 07:28:06 INFO:   - Job: twitter_cluster38-9ec28ecc3d82e3ff69cbd3b4218afabf on clnode302.clemson.cloudlab.us has been running for 1:26:27
2025-07-01 07:28:06 INFO:   - Job: twitter_cluster38-1f49fe37e518959c9ccf82662b640f48 on clnode290.clemson.cloudlab.us has been running for 1:26:27
2025-07-01 07:28:06 INFO:   - Job: twitter_cluster38-52986173aa45a8365ddce6cf3bb1be40 on clnode290.clemson.cloudlab.us has been running for 1:26:27
2025-07-01 07:28:06 INFO:   - Job: twitter_cluster38-9607f98485cebb21f4050bcafbe6f726 on clnode287.clemson.cloudlab.us has been running for 1:26:27
2025-07-01 07:28:06 INFO:   - Job: twitter_cluster38-a578d8221827c7d1b4d3bbdf5ae021cd on clnode302.clemson.cloudlab.us has been running for 1:26:27
2025-07-01 07:28:06 INFO: ----------------------------
2025-07-01 07:28:06 INFO: Dumping current state to scheduler_state.json...
2025-07-01 07:28:12 INFO: STATUS: 0 ToDo, 15 Running, 1510 Finished, 0 Failed.
2025-07-01 07:28:13 INFO: Loop finished. Sleeping for 60 seconds.
2025-07-01 07:29:25 INFO: --- System-wide Resource Utilization ---
2025-07-01 07:29:25 INFO:   - Host: clnode302.clemson.cloudlab.us  CPU Util:   2.1% | Mem Free:  80.6%
2025-07-01 07:29:26 INFO:   - Host: clnode290.clemson.cloudlab.us  CPU Util:   5.0% | Mem Free:  61.8%
2025-07-01 07:29:26 INFO:   - Host: clnode303.clemson.cloudlab.us  CPU Util:   2.1% | Mem Free:  84.5%
2025-07-01 07:29:27 INFO:   - Host: clnode287.clemson.cloudlab.us  CPU Util:   3.4% | Mem Free:  78.0%
2025-07-01 07:29:28 INFO:   - Host: clnode301.clemson.cloudlab.us  CPU Util:   1.1% | Mem Free:  88.4%
2025-07-01 07:29:28 INFO:   - Host: clnode286.clemson.cloudlab.us  CPU Util:   2.1% | Mem Free:  84.5%
2025-07-01 07:29:28 INFO: ----------------------------------------
2025-07-01 07:29:28 INFO: --- Running Job Runtimes ---
2025-07-01 07:29:28 INFO:   - Job: twitter_cluster41-eca32db3a96e4fbe0932861eb821ab0d on clnode287.clemson.cloudlab.us has been running for 1:29:58
2025-07-01 07:29:28 INFO:   - Job: twitter_cluster38-29a4086da0d6d7d60d1dfeb002cb9c3d on clnode303.clemson.cloudlab.us has been running for 1:27:48
2025-07-01 07:29:28 INFO:   - Job: twitter_cluster38-1637bac994bd3009e55ce25a36c9e1a2 on clnode290.clemson.cloudlab.us has been running for 1:27:48
2025-07-01 07:29:28 INFO:   - Job: twitter_cluster38-346473d2c745b2f4a4a9699ff814b19f on clnode290.clemson.cloudlab.us has been running for 1:27:48
2025-07-01 07:29:28 INFO:   - Job: twitter_cluster38-58a9315bee4433060311de1eabd4be42 on clnode287.clemson.cloudlab.us has been running for 1:27:48
2025-07-01 07:29:28 INFO:   - Job: twitter_cluster38-14c5cf93ee3fefc79a3a15a882ba8c72 on clnode290.clemson.cloudlab.us has been running for 1:27:48
2025-07-01 07:29:28 INFO:   - Job: twitter_cluster38-1c56d4d1e9df3be1645048a44a9b7626 on clnode303.clemson.cloudlab.us has been running for 1:27:48
2025-07-01 07:29:28 INFO:   - Job: twitter_cluster38-aad9c61cc44a4df3efa1f5e13b096f8c on clnode286.clemson.cloudlab.us has been running for 1:27:48
2025-07-01 07:29:28 INFO:   - Job: twitter_cluster38-b2acd4030d14d64916f5b7dda9440a28 on clnode286.clemson.cloudlab.us has been running for 1:27:48
2025-07-01 07:29:28 INFO:   - Job: twitter_cluster38-19c28e27ddb6434a1f58f4959bafb3b8 on clnode301.clemson.cloudlab.us has been running for 1:27:48
2025-07-01 07:29:28 INFO:   - Job: twitter_cluster38-9ec28ecc3d82e3ff69cbd3b4218afabf on clnode302.clemson.cloudlab.us has been running for 1:27:48
2025-07-01 07:29:28 INFO:   - Job: twitter_cluster38-1f49fe37e518959c9ccf82662b640f48 on clnode290.clemson.cloudlab.us has been running for 1:27:48
2025-07-01 07:29:28 INFO:   - Job: twitter_cluster38-52986173aa45a8365ddce6cf3bb1be40 on clnode290.clemson.cloudlab.us has been running for 1:27:48
2025-07-01 07:29:28 INFO:   - Job: twitter_cluster38-9607f98485cebb21f4050bcafbe6f726 on clnode287.clemson.cloudlab.us has been running for 1:27:48
2025-07-01 07:29:28 INFO:   - Job: twitter_cluster38-a578d8221827c7d1b4d3bbdf5ae021cd on clnode302.clemson.cloudlab.us has been running for 1:27:48
2025-07-01 07:29:28 INFO: ----------------------------
2025-07-01 07:29:28 INFO: Dumping current state to scheduler_state.json...
2025-07-01 07:29:34 INFO: STATUS: 0 ToDo, 15 Running, 1510 Finished, 0 Failed.
2025-07-01 07:29:34 INFO: Loop finished. Sleeping for 60 seconds.
2025-07-01 07:30:47 INFO: --- System-wide Resource Utilization ---
2025-07-01 07:30:47 INFO:   - Host: clnode302.clemson.cloudlab.us  CPU Util:   2.2% | Mem Free:  80.5%
2025-07-01 07:30:48 INFO:   - Host: clnode290.clemson.cloudlab.us  CPU Util:   5.2% | Mem Free:  61.8%
2025-07-01 07:30:48 INFO:   - Host: clnode303.clemson.cloudlab.us  CPU Util:   2.1% | Mem Free:  84.5%
2025-07-01 07:30:49 INFO:   - Host: clnode287.clemson.cloudlab.us  CPU Util:   3.2% | Mem Free:  77.9%
2025-07-01 07:30:49 INFO:   - Host: clnode301.clemson.cloudlab.us  CPU Util:   1.1% | Mem Free:  88.4%
2025-07-01 07:30:50 INFO:   - Host: clnode286.clemson.cloudlab.us  CPU Util:   1.9% | Mem Free:  84.5%
2025-07-01 07:30:50 INFO: ----------------------------------------
2025-07-01 07:30:50 INFO: --- Running Job Runtimes ---
2025-07-01 07:30:50 INFO:   - Job: twitter_cluster41-eca32db3a96e4fbe0932861eb821ab0d on clnode287.clemson.cloudlab.us has been running for 1:31:20
2025-07-01 07:30:50 INFO:   - Job: twitter_cluster38-29a4086da0d6d7d60d1dfeb002cb9c3d on clnode303.clemson.cloudlab.us has been running for 1:29:10
2025-07-01 07:30:50 INFO:   - Job: twitter_cluster38-1637bac994bd3009e55ce25a36c9e1a2 on clnode290.clemson.cloudlab.us has been running for 1:29:10
2025-07-01 07:30:50 INFO:   - Job: twitter_cluster38-346473d2c745b2f4a4a9699ff814b19f on clnode290.clemson.cloudlab.us has been running for 1:29:10
2025-07-01 07:30:50 INFO:   - Job: twitter_cluster38-58a9315bee4433060311de1eabd4be42 on clnode287.clemson.cloudlab.us has been running for 1:29:10
2025-07-01 07:30:50 INFO:   - Job: twitter_cluster38-14c5cf93ee3fefc79a3a15a882ba8c72 on clnode290.clemson.cloudlab.us has been running for 1:29:10
2025-07-01 07:30:50 INFO:   - Job: twitter_cluster38-1c56d4d1e9df3be1645048a44a9b7626 on clnode303.clemson.cloudlab.us has been running for 1:29:10
2025-07-01 07:30:50 INFO:   - Job: twitter_cluster38-aad9c61cc44a4df3efa1f5e13b096f8c on clnode286.clemson.cloudlab.us has been running for 1:29:10
2025-07-01 07:30:50 INFO:   - Job: twitter_cluster38-b2acd4030d14d64916f5b7dda9440a28 on clnode286.clemson.cloudlab.us has been running for 1:29:10
2025-07-01 07:30:50 INFO:   - Job: twitter_cluster38-19c28e27ddb6434a1f58f4959bafb3b8 on clnode301.clemson.cloudlab.us has been running for 1:29:10
2025-07-01 07:30:50 INFO:   - Job: twitter_cluster38-9ec28ecc3d82e3ff69cbd3b4218afabf on clnode302.clemson.cloudlab.us has been running for 1:29:10
2025-07-01 07:30:50 INFO:   - Job: twitter_cluster38-1f49fe37e518959c9ccf82662b640f48 on clnode290.clemson.cloudlab.us has been running for 1:29:10
2025-07-01 07:30:50 INFO:   - Job: twitter_cluster38-52986173aa45a8365ddce6cf3bb1be40 on clnode290.clemson.cloudlab.us has been running for 1:29:10
2025-07-01 07:30:50 INFO:   - Job: twitter_cluster38-9607f98485cebb21f4050bcafbe6f726 on clnode287.clemson.cloudlab.us has been running for 1:29:10
2025-07-01 07:30:50 INFO:   - Job: twitter_cluster38-a578d8221827c7d1b4d3bbdf5ae021cd on clnode302.clemson.cloudlab.us has been running for 1:29:10
2025-07-01 07:30:50 INFO: ----------------------------
2025-07-01 07:30:50 INFO: Dumping current state to scheduler_state.json...
2025-07-01 07:30:56 INFO: STATUS: 0 ToDo, 15 Running, 1510 Finished, 0 Failed.
2025-07-01 07:30:56 INFO: Loop finished. Sleeping for 60 seconds.
2025-07-01 07:32:09 INFO: --- System-wide Resource Utilization ---
2025-07-01 07:32:09 INFO:   - Host: clnode302.clemson.cloudlab.us  CPU Util:   2.2% | Mem Free:  80.5%
2025-07-01 07:32:10 INFO:   - Host: clnode290.clemson.cloudlab.us  CPU Util:   4.9% | Mem Free:  61.8%
2025-07-01 07:32:10 INFO:   - Host: clnode303.clemson.cloudlab.us  CPU Util:   2.0% | Mem Free:  84.5%
2025-07-01 07:32:11 INFO:   - Host: clnode287.clemson.cloudlab.us  CPU Util:   3.3% | Mem Free:  77.9%
2025-07-01 07:32:11 INFO:   - Host: clnode301.clemson.cloudlab.us  CPU Util:   1.0% | Mem Free:  88.4%
2025-07-01 07:32:12 INFO:   - Host: clnode286.clemson.cloudlab.us  CPU Util:   2.1% | Mem Free:  84.5%
2025-07-01 07:32:12 INFO: ----------------------------------------
2025-07-01 07:32:12 INFO: --- Running Job Runtimes ---
2025-07-01 07:32:12 INFO:   - Job: twitter_cluster41-eca32db3a96e4fbe0932861eb821ab0d on clnode287.clemson.cloudlab.us has been running for 1:32:42
2025-07-01 07:32:12 INFO:   - Job: twitter_cluster38-29a4086da0d6d7d60d1dfeb002cb9c3d on clnode303.clemson.cloudlab.us has been running for 1:30:32
2025-07-01 07:32:12 INFO:   - Job: twitter_cluster38-1637bac994bd3009e55ce25a36c9e1a2 on clnode290.clemson.cloudlab.us has been running for 1:30:32
2025-07-01 07:32:12 INFO:   - Job: twitter_cluster38-346473d2c745b2f4a4a9699ff814b19f on clnode290.clemson.cloudlab.us has been running for 1:30:32
2025-07-01 07:32:12 INFO:   - Job: twitter_cluster38-58a9315bee4433060311de1eabd4be42 on clnode287.clemson.cloudlab.us has been running for 1:30:32
2025-07-01 07:32:12 INFO:   - Job: twitter_cluster38-14c5cf93ee3fefc79a3a15a882ba8c72 on clnode290.clemson.cloudlab.us has been running for 1:30:32
2025-07-01 07:32:12 INFO:   - Job: twitter_cluster38-1c56d4d1e9df3be1645048a44a9b7626 on clnode303.clemson.cloudlab.us has been running for 1:30:32
2025-07-01 07:32:12 INFO:   - Job: twitter_cluster38-aad9c61cc44a4df3efa1f5e13b096f8c on clnode286.clemson.cloudlab.us has been running for 1:30:32
2025-07-01 07:32:12 INFO:   - Job: twitter_cluster38-b2acd4030d14d64916f5b7dda9440a28 on clnode286.clemson.cloudlab.us has been running for 1:30:32
2025-07-01 07:32:12 INFO:   - Job: twitter_cluster38-19c28e27ddb6434a1f58f4959bafb3b8 on clnode301.clemson.cloudlab.us has been running for 1:30:32
2025-07-01 07:32:12 INFO:   - Job: twitter_cluster38-9ec28ecc3d82e3ff69cbd3b4218afabf on clnode302.clemson.cloudlab.us has been running for 1:30:32
2025-07-01 07:32:12 INFO:   - Job: twitter_cluster38-1f49fe37e518959c9ccf82662b640f48 on clnode290.clemson.cloudlab.us has been running for 1:30:32
2025-07-01 07:32:12 INFO:   - Job: twitter_cluster38-52986173aa45a8365ddce6cf3bb1be40 on clnode290.clemson.cloudlab.us has been running for 1:30:32
2025-07-01 07:32:12 INFO:   - Job: twitter_cluster38-9607f98485cebb21f4050bcafbe6f726 on clnode287.clemson.cloudlab.us has been running for 1:30:32
2025-07-01 07:32:12 INFO:   - Job: twitter_cluster38-a578d8221827c7d1b4d3bbdf5ae021cd on clnode302.clemson.cloudlab.us has been running for 1:30:32
2025-07-01 07:32:12 INFO: ----------------------------
2025-07-01 07:32:12 INFO: Dumping current state to scheduler_state.json...
2025-07-01 07:32:18 INFO: STATUS: 0 ToDo, 15 Running, 1510 Finished, 0 Failed.
2025-07-01 07:32:18 INFO: Loop finished. Sleeping for 60 seconds.
2025-07-01 07:33:31 INFO: --- System-wide Resource Utilization ---
2025-07-01 07:33:31 INFO:   - Host: clnode302.clemson.cloudlab.us  CPU Util:   2.2% | Mem Free:  80.5%
2025-07-01 07:33:32 INFO:   - Host: clnode290.clemson.cloudlab.us  CPU Util:   4.9% | Mem Free:  61.8%
2025-07-01 07:33:32 INFO:   - Host: clnode303.clemson.cloudlab.us  CPU Util:   2.0% | Mem Free:  84.5%
2025-07-01 07:33:33 INFO:   - Host: clnode287.clemson.cloudlab.us  CPU Util:   3.1% | Mem Free:  77.9%
2025-07-01 07:33:33 INFO:   - Host: clnode301.clemson.cloudlab.us  CPU Util:   1.0% | Mem Free:  88.4%
2025-07-01 07:33:34 INFO:   - Host: clnode286.clemson.cloudlab.us  CPU Util:   2.1% | Mem Free:  84.5%
2025-07-01 07:33:34 INFO: ----------------------------------------
2025-07-01 07:33:34 INFO: --- Running Job Runtimes ---
2025-07-01 07:33:34 INFO:   - Job: twitter_cluster41-eca32db3a96e4fbe0932861eb821ab0d on clnode287.clemson.cloudlab.us has been running for 1:34:04
2025-07-01 07:33:34 INFO:   - Job: twitter_cluster38-29a4086da0d6d7d60d1dfeb002cb9c3d on clnode303.clemson.cloudlab.us has been running for 1:31:54
2025-07-01 07:33:34 INFO:   - Job: twitter_cluster38-1637bac994bd3009e55ce25a36c9e1a2 on clnode290.clemson.cloudlab.us has been running for 1:31:54
2025-07-01 07:33:34 INFO:   - Job: twitter_cluster38-346473d2c745b2f4a4a9699ff814b19f on clnode290.clemson.cloudlab.us has been running for 1:31:54
2025-07-01 07:33:34 INFO:   - Job: twitter_cluster38-58a9315bee4433060311de1eabd4be42 on clnode287.clemson.cloudlab.us has been running for 1:31:54
2025-07-01 07:33:34 INFO:   - Job: twitter_cluster38-14c5cf93ee3fefc79a3a15a882ba8c72 on clnode290.clemson.cloudlab.us has been running for 1:31:54
2025-07-01 07:33:34 INFO:   - Job: twitter_cluster38-1c56d4d1e9df3be1645048a44a9b7626 on clnode303.clemson.cloudlab.us has been running for 1:31:54
2025-07-01 07:33:34 INFO:   - Job: twitter_cluster38-aad9c61cc44a4df3efa1f5e13b096f8c on clnode286.clemson.cloudlab.us has been running for 1:31:54
2025-07-01 07:33:34 INFO:   - Job: twitter_cluster38-b2acd4030d14d64916f5b7dda9440a28 on clnode286.clemson.cloudlab.us has been running for 1:31:54
2025-07-01 07:33:34 INFO:   - Job: twitter_cluster38-19c28e27ddb6434a1f58f4959bafb3b8 on clnode301.clemson.cloudlab.us has been running for 1:31:54
2025-07-01 07:33:34 INFO:   - Job: twitter_cluster38-9ec28ecc3d82e3ff69cbd3b4218afabf on clnode302.clemson.cloudlab.us has been running for 1:31:54
2025-07-01 07:33:34 INFO:   - Job: twitter_cluster38-1f49fe37e518959c9ccf82662b640f48 on clnode290.clemson.cloudlab.us has been running for 1:31:54
2025-07-01 07:33:34 INFO:   - Job: twitter_cluster38-52986173aa45a8365ddce6cf3bb1be40 on clnode290.clemson.cloudlab.us has been running for 1:31:54
2025-07-01 07:33:34 INFO:   - Job: twitter_cluster38-9607f98485cebb21f4050bcafbe6f726 on clnode287.clemson.cloudlab.us has been running for 1:31:54
2025-07-01 07:33:34 INFO:   - Job: twitter_cluster38-a578d8221827c7d1b4d3bbdf5ae021cd on clnode302.clemson.cloudlab.us has been running for 1:31:54
2025-07-01 07:33:34 INFO: ----------------------------
2025-07-01 07:33:34 INFO: Dumping current state to scheduler_state.json...
2025-07-01 07:33:40 INFO: STATUS: 0 ToDo, 15 Running, 1510 Finished, 0 Failed.
2025-07-01 07:33:40 INFO: Loop finished. Sleeping for 60 seconds.
2025-07-01 07:34:53 INFO: --- System-wide Resource Utilization ---
2025-07-01 07:34:53 INFO:   - Host: clnode302.clemson.cloudlab.us  CPU Util:   2.1% | Mem Free:  80.5%
2025-07-01 07:34:54 INFO:   - Host: clnode290.clemson.cloudlab.us  CPU Util:   5.2% | Mem Free:  61.8%
2025-07-01 07:34:54 INFO:   - Host: clnode303.clemson.cloudlab.us  CPU Util:   2.1% | Mem Free:  84.5%
2025-07-01 07:34:55 INFO:   - Host: clnode287.clemson.cloudlab.us  CPU Util:   3.2% | Mem Free:  77.9%
2025-07-01 07:34:55 INFO:   - Host: clnode301.clemson.cloudlab.us  CPU Util:   1.1% | Mem Free:  88.4%
2025-07-01 07:34:56 INFO:   - Host: clnode286.clemson.cloudlab.us  CPU Util:   2.1% | Mem Free:  84.5%
2025-07-01 07:34:56 INFO: ----------------------------------------
2025-07-01 07:34:56 INFO: --- Running Job Runtimes ---
2025-07-01 07:34:56 INFO:   - Job: twitter_cluster41-eca32db3a96e4fbe0932861eb821ab0d on clnode287.clemson.cloudlab.us has been running for 1:35:26
2025-07-01 07:34:56 INFO:   - Job: twitter_cluster38-29a4086da0d6d7d60d1dfeb002cb9c3d on clnode303.clemson.cloudlab.us has been running for 1:33:16
2025-07-01 07:34:56 INFO:   - Job: twitter_cluster38-1637bac994bd3009e55ce25a36c9e1a2 on clnode290.clemson.cloudlab.us has been running for 1:33:16
2025-07-01 07:34:56 INFO:   - Job: twitter_cluster38-346473d2c745b2f4a4a9699ff814b19f on clnode290.clemson.cloudlab.us has been running for 1:33:16
2025-07-01 07:34:56 INFO:   - Job: twitter_cluster38-58a9315bee4433060311de1eabd4be42 on clnode287.clemson.cloudlab.us has been running for 1:33:16
2025-07-01 07:34:56 INFO:   - Job: twitter_cluster38-14c5cf93ee3fefc79a3a15a882ba8c72 on clnode290.clemson.cloudlab.us has been running for 1:33:16
2025-07-01 07:34:56 INFO:   - Job: twitter_cluster38-1c56d4d1e9df3be1645048a44a9b7626 on clnode303.clemson.cloudlab.us has been running for 1:33:16
2025-07-01 07:34:56 INFO:   - Job: twitter_cluster38-aad9c61cc44a4df3efa1f5e13b096f8c on clnode286.clemson.cloudlab.us has been running for 1:33:16
2025-07-01 07:34:56 INFO:   - Job: twitter_cluster38-b2acd4030d14d64916f5b7dda9440a28 on clnode286.clemson.cloudlab.us has been running for 1:33:16
2025-07-01 07:34:56 INFO:   - Job: twitter_cluster38-19c28e27ddb6434a1f58f4959bafb3b8 on clnode301.clemson.cloudlab.us has been running for 1:33:16
2025-07-01 07:34:56 INFO:   - Job: twitter_cluster38-9ec28ecc3d82e3ff69cbd3b4218afabf on clnode302.clemson.cloudlab.us has been running for 1:33:16
2025-07-01 07:34:56 INFO:   - Job: twitter_cluster38-1f49fe37e518959c9ccf82662b640f48 on clnode290.clemson.cloudlab.us has been running for 1:33:16
2025-07-01 07:34:56 INFO:   - Job: twitter_cluster38-52986173aa45a8365ddce6cf3bb1be40 on clnode290.clemson.cloudlab.us has been running for 1:33:16
2025-07-01 07:34:56 INFO:   - Job: twitter_cluster38-9607f98485cebb21f4050bcafbe6f726 on clnode287.clemson.cloudlab.us has been running for 1:33:16
2025-07-01 07:34:56 INFO:   - Job: twitter_cluster38-a578d8221827c7d1b4d3bbdf5ae021cd on clnode302.clemson.cloudlab.us has been running for 1:33:16
2025-07-01 07:34:56 INFO: ----------------------------
2025-07-01 07:34:56 INFO: Dumping current state to scheduler_state.json...
2025-07-01 07:35:02 INFO: STATUS: 0 ToDo, 15 Running, 1510 Finished, 0 Failed.
2025-07-01 07:35:02 INFO: Loop finished. Sleeping for 60 seconds.
2025-07-01 07:36:15 INFO: --- System-wide Resource Utilization ---
2025-07-01 07:36:15 INFO:   - Host: clnode302.clemson.cloudlab.us  CPU Util:   2.3% | Mem Free:  80.5%
2025-07-01 07:36:16 INFO:   - Host: clnode290.clemson.cloudlab.us  CPU Util:   4.9% | Mem Free:  61.8%
2025-07-01 07:36:16 INFO:   - Host: clnode303.clemson.cloudlab.us  CPU Util:   2.1% | Mem Free:  84.5%
2025-07-01 07:36:17 INFO:   - Host: clnode287.clemson.cloudlab.us  CPU Util:   3.2% | Mem Free:  77.9%
2025-07-01 07:36:17 INFO:   - Host: clnode301.clemson.cloudlab.us  CPU Util:   1.3% | Mem Free:  88.4%
2025-07-01 07:36:18 INFO:   - Host: clnode286.clemson.cloudlab.us  CPU Util:   2.2% | Mem Free:  84.5%
2025-07-01 07:36:18 INFO: ----------------------------------------
2025-07-01 07:36:18 INFO: --- Running Job Runtimes ---
2025-07-01 07:36:18 INFO:   - Job: twitter_cluster41-eca32db3a96e4fbe0932861eb821ab0d on clnode287.clemson.cloudlab.us has been running for 1:36:48
2025-07-01 07:36:18 INFO:   - Job: twitter_cluster38-29a4086da0d6d7d60d1dfeb002cb9c3d on clnode303.clemson.cloudlab.us has been running for 1:34:38
2025-07-01 07:36:18 INFO:   - Job: twitter_cluster38-1637bac994bd3009e55ce25a36c9e1a2 on clnode290.clemson.cloudlab.us has been running for 1:34:38
2025-07-01 07:36:18 INFO:   - Job: twitter_cluster38-346473d2c745b2f4a4a9699ff814b19f on clnode290.clemson.cloudlab.us has been running for 1:34:38
2025-07-01 07:36:18 INFO:   - Job: twitter_cluster38-58a9315bee4433060311de1eabd4be42 on clnode287.clemson.cloudlab.us has been running for 1:34:38
2025-07-01 07:36:18 INFO:   - Job: twitter_cluster38-14c5cf93ee3fefc79a3a15a882ba8c72 on clnode290.clemson.cloudlab.us has been running for 1:34:38
2025-07-01 07:36:18 INFO:   - Job: twitter_cluster38-1c56d4d1e9df3be1645048a44a9b7626 on clnode303.clemson.cloudlab.us has been running for 1:34:38
2025-07-01 07:36:18 INFO:   - Job: twitter_cluster38-aad9c61cc44a4df3efa1f5e13b096f8c on clnode286.clemson.cloudlab.us has been running for 1:34:38
2025-07-01 07:36:18 INFO:   - Job: twitter_cluster38-b2acd4030d14d64916f5b7dda9440a28 on clnode286.clemson.cloudlab.us has been running for 1:34:38
2025-07-01 07:36:18 INFO:   - Job: twitter_cluster38-19c28e27ddb6434a1f58f4959bafb3b8 on clnode301.clemson.cloudlab.us has been running for 1:34:38
2025-07-01 07:36:18 INFO:   - Job: twitter_cluster38-9ec28ecc3d82e3ff69cbd3b4218afabf on clnode302.clemson.cloudlab.us has been running for 1:34:38
2025-07-01 07:36:18 INFO:   - Job: twitter_cluster38-1f49fe37e518959c9ccf82662b640f48 on clnode290.clemson.cloudlab.us has been running for 1:34:38
2025-07-01 07:36:18 INFO:   - Job: twitter_cluster38-52986173aa45a8365ddce6cf3bb1be40 on clnode290.clemson.cloudlab.us has been running for 1:34:38
2025-07-01 07:36:18 INFO:   - Job: twitter_cluster38-9607f98485cebb21f4050bcafbe6f726 on clnode287.clemson.cloudlab.us has been running for 1:34:38
2025-07-01 07:36:18 INFO:   - Job: twitter_cluster38-a578d8221827c7d1b4d3bbdf5ae021cd on clnode302.clemson.cloudlab.us has been running for 1:34:38
2025-07-01 07:36:18 INFO: ----------------------------
2025-07-01 07:36:18 INFO: Dumping current state to scheduler_state.json...
2025-07-01 07:36:24 INFO: STATUS: 0 ToDo, 15 Running, 1510 Finished, 0 Failed.
2025-07-01 07:36:24 INFO: Loop finished. Sleeping for 60 seconds.
2025-07-01 07:37:36 INFO: --- System-wide Resource Utilization ---
2025-07-01 07:37:37 INFO:   - Host: clnode302.clemson.cloudlab.us  CPU Util:   2.2% | Mem Free:  80.5%
2025-07-01 07:37:37 INFO:   - Host: clnode290.clemson.cloudlab.us  CPU Util:   4.9% | Mem Free:  61.8%
2025-07-01 07:37:38 INFO:   - Host: clnode303.clemson.cloudlab.us  CPU Util:   1.9% | Mem Free:  84.5%
2025-07-01 07:37:39 INFO:   - Host: clnode287.clemson.cloudlab.us  CPU Util:   3.4% | Mem Free:  77.9%
2025-07-01 07:37:39 INFO:   - Host: clnode301.clemson.cloudlab.us  CPU Util:   1.2% | Mem Free:  88.4%
2025-07-01 07:37:40 INFO:   - Host: clnode286.clemson.cloudlab.us  CPU Util:   2.0% | Mem Free:  84.5%
2025-07-01 07:37:40 INFO: ----------------------------------------
2025-07-01 07:37:40 INFO: --- Running Job Runtimes ---
2025-07-01 07:37:40 INFO:   - Job: twitter_cluster41-eca32db3a96e4fbe0932861eb821ab0d on clnode287.clemson.cloudlab.us has been running for 1:38:10
2025-07-01 07:37:40 INFO:   - Job: twitter_cluster38-29a4086da0d6d7d60d1dfeb002cb9c3d on clnode303.clemson.cloudlab.us has been running for 1:36:00
2025-07-01 07:37:40 INFO:   - Job: twitter_cluster38-1637bac994bd3009e55ce25a36c9e1a2 on clnode290.clemson.cloudlab.us has been running for 1:36:00
2025-07-01 07:37:40 INFO:   - Job: twitter_cluster38-346473d2c745b2f4a4a9699ff814b19f on clnode290.clemson.cloudlab.us has been running for 1:36:00
2025-07-01 07:37:40 INFO:   - Job: twitter_cluster38-58a9315bee4433060311de1eabd4be42 on clnode287.clemson.cloudlab.us has been running for 1:36:00
2025-07-01 07:37:40 INFO:   - Job: twitter_cluster38-14c5cf93ee3fefc79a3a15a882ba8c72 on clnode290.clemson.cloudlab.us has been running for 1:36:00
2025-07-01 07:37:40 INFO:   - Job: twitter_cluster38-1c56d4d1e9df3be1645048a44a9b7626 on clnode303.clemson.cloudlab.us has been running for 1:36:00
2025-07-01 07:37:40 INFO:   - Job: twitter_cluster38-aad9c61cc44a4df3efa1f5e13b096f8c on clnode286.clemson.cloudlab.us has been running for 1:36:00
2025-07-01 07:37:40 INFO:   - Job: twitter_cluster38-b2acd4030d14d64916f5b7dda9440a28 on clnode286.clemson.cloudlab.us has been running for 1:36:00
2025-07-01 07:37:40 INFO:   - Job: twitter_cluster38-19c28e27ddb6434a1f58f4959bafb3b8 on clnode301.clemson.cloudlab.us has been running for 1:36:00
2025-07-01 07:37:40 INFO:   - Job: twitter_cluster38-9ec28ecc3d82e3ff69cbd3b4218afabf on clnode302.clemson.cloudlab.us has been running for 1:36:00
2025-07-01 07:37:40 INFO:   - Job: twitter_cluster38-1f49fe37e518959c9ccf82662b640f48 on clnode290.clemson.cloudlab.us has been running for 1:36:00
2025-07-01 07:37:40 INFO:   - Job: twitter_cluster38-52986173aa45a8365ddce6cf3bb1be40 on clnode290.clemson.cloudlab.us has been running for 1:36:00
2025-07-01 07:37:40 INFO:   - Job: twitter_cluster38-9607f98485cebb21f4050bcafbe6f726 on clnode287.clemson.cloudlab.us has been running for 1:36:00
2025-07-01 07:37:40 INFO:   - Job: twitter_cluster38-a578d8221827c7d1b4d3bbdf5ae021cd on clnode302.clemson.cloudlab.us has been running for 1:36:00
2025-07-01 07:37:40 INFO: ----------------------------
2025-07-01 07:37:40 INFO: Dumping current state to scheduler_state.json...
2025-07-01 07:37:46 INFO: STATUS: 0 ToDo, 15 Running, 1510 Finished, 0 Failed.
2025-07-01 07:37:46 INFO: Loop finished. Sleeping for 60 seconds.
2025-07-01 07:38:58 INFO: --- System-wide Resource Utilization ---
2025-07-01 07:38:59 INFO:   - Host: clnode302.clemson.cloudlab.us  CPU Util:   2.2% | Mem Free:  80.5%
2025-07-01 07:38:59 INFO:   - Host: clnode290.clemson.cloudlab.us  CPU Util:   4.9% | Mem Free:  61.8%
2025-07-01 07:39:00 INFO:   - Host: clnode303.clemson.cloudlab.us  CPU Util:   2.0% | Mem Free:  84.5%
2025-07-01 07:39:00 INFO:   - Host: clnode287.clemson.cloudlab.us  CPU Util:   3.7% | Mem Free:  77.9%
2025-07-01 07:39:01 INFO:   - Host: clnode301.clemson.cloudlab.us  CPU Util:   1.1% | Mem Free:  88.4%
2025-07-01 07:39:01 INFO:   - Host: clnode286.clemson.cloudlab.us  CPU Util:   2.0% | Mem Free:  84.5%
2025-07-01 07:39:01 INFO: ----------------------------------------
2025-07-01 07:39:01 INFO: --- Running Job Runtimes ---
2025-07-01 07:39:01 INFO:   - Job: twitter_cluster41-eca32db3a96e4fbe0932861eb821ab0d on clnode287.clemson.cloudlab.us has been running for 1:39:32
2025-07-01 07:39:01 INFO:   - Job: twitter_cluster38-29a4086da0d6d7d60d1dfeb002cb9c3d on clnode303.clemson.cloudlab.us has been running for 1:37:22
2025-07-01 07:39:01 INFO:   - Job: twitter_cluster38-1637bac994bd3009e55ce25a36c9e1a2 on clnode290.clemson.cloudlab.us has been running for 1:37:22
2025-07-01 07:39:01 INFO:   - Job: twitter_cluster38-346473d2c745b2f4a4a9699ff814b19f on clnode290.clemson.cloudlab.us has been running for 1:37:22
2025-07-01 07:39:01 INFO:   - Job: twitter_cluster38-58a9315bee4433060311de1eabd4be42 on clnode287.clemson.cloudlab.us has been running for 1:37:22
2025-07-01 07:39:01 INFO:   - Job: twitter_cluster38-14c5cf93ee3fefc79a3a15a882ba8c72 on clnode290.clemson.cloudlab.us has been running for 1:37:22
2025-07-01 07:39:01 INFO:   - Job: twitter_cluster38-1c56d4d1e9df3be1645048a44a9b7626 on clnode303.clemson.cloudlab.us has been running for 1:37:22
2025-07-01 07:39:01 INFO:   - Job: twitter_cluster38-aad9c61cc44a4df3efa1f5e13b096f8c on clnode286.clemson.cloudlab.us has been running for 1:37:22
2025-07-01 07:39:01 INFO:   - Job: twitter_cluster38-b2acd4030d14d64916f5b7dda9440a28 on clnode286.clemson.cloudlab.us has been running for 1:37:22
2025-07-01 07:39:01 INFO:   - Job: twitter_cluster38-19c28e27ddb6434a1f58f4959bafb3b8 on clnode301.clemson.cloudlab.us has been running for 1:37:22
2025-07-01 07:39:01 INFO:   - Job: twitter_cluster38-9ec28ecc3d82e3ff69cbd3b4218afabf on clnode302.clemson.cloudlab.us has been running for 1:37:22
2025-07-01 07:39:01 INFO:   - Job: twitter_cluster38-1f49fe37e518959c9ccf82662b640f48 on clnode290.clemson.cloudlab.us has been running for 1:37:22
2025-07-01 07:39:01 INFO:   - Job: twitter_cluster38-52986173aa45a8365ddce6cf3bb1be40 on clnode290.clemson.cloudlab.us has been running for 1:37:22
2025-07-01 07:39:01 INFO:   - Job: twitter_cluster38-9607f98485cebb21f4050bcafbe6f726 on clnode287.clemson.cloudlab.us has been running for 1:37:22
2025-07-01 07:39:01 INFO:   - Job: twitter_cluster38-a578d8221827c7d1b4d3bbdf5ae021cd on clnode302.clemson.cloudlab.us has been running for 1:37:22
2025-07-01 07:39:01 INFO: ----------------------------
2025-07-01 07:39:01 INFO: Dumping current state to scheduler_state.json...
2025-07-01 07:39:08 INFO: STATUS: 0 ToDo, 15 Running, 1510 Finished, 0 Failed.
2025-07-01 07:39:08 INFO: Loop finished. Sleeping for 60 seconds.
2025-07-01 07:40:20 INFO: --- System-wide Resource Utilization ---
2025-07-01 07:40:21 INFO:   - Host: clnode302.clemson.cloudlab.us  CPU Util:   3.2% | Mem Free:  80.5%
2025-07-01 07:40:21 INFO:   - Host: clnode290.clemson.cloudlab.us  CPU Util:   5.0% | Mem Free:  61.8%
2025-07-01 07:40:22 INFO:   - Host: clnode303.clemson.cloudlab.us  CPU Util:   2.0% | Mem Free:  84.5%
2025-07-01 07:40:22 INFO:   - Host: clnode287.clemson.cloudlab.us  CPU Util:   3.2% | Mem Free:  77.9%
2025-07-01 07:40:23 INFO:   - Host: clnode301.clemson.cloudlab.us  CPU Util:   1.0% | Mem Free:  88.4%
2025-07-01 07:40:23 INFO:   - Host: clnode286.clemson.cloudlab.us  CPU Util:   2.0% | Mem Free:  84.5%
2025-07-01 07:40:23 INFO: ----------------------------------------
2025-07-01 07:40:23 INFO: --- Running Job Runtimes ---
2025-07-01 07:40:23 INFO:   - Job: twitter_cluster41-eca32db3a96e4fbe0932861eb821ab0d on clnode287.clemson.cloudlab.us has been running for 1:40:54
2025-07-01 07:40:23 INFO:   - Job: twitter_cluster38-29a4086da0d6d7d60d1dfeb002cb9c3d on clnode303.clemson.cloudlab.us has been running for 1:38:44
2025-07-01 07:40:23 INFO:   - Job: twitter_cluster38-1637bac994bd3009e55ce25a36c9e1a2 on clnode290.clemson.cloudlab.us has been running for 1:38:44
2025-07-01 07:40:23 INFO:   - Job: twitter_cluster38-346473d2c745b2f4a4a9699ff814b19f on clnode290.clemson.cloudlab.us has been running for 1:38:44
2025-07-01 07:40:23 INFO:   - Job: twitter_cluster38-58a9315bee4433060311de1eabd4be42 on clnode287.clemson.cloudlab.us has been running for 1:38:44
2025-07-01 07:40:23 INFO:   - Job: twitter_cluster38-14c5cf93ee3fefc79a3a15a882ba8c72 on clnode290.clemson.cloudlab.us has been running for 1:38:44
2025-07-01 07:40:23 INFO:   - Job: twitter_cluster38-1c56d4d1e9df3be1645048a44a9b7626 on clnode303.clemson.cloudlab.us has been running for 1:38:44
2025-07-01 07:40:23 INFO:   - Job: twitter_cluster38-aad9c61cc44a4df3efa1f5e13b096f8c on clnode286.clemson.cloudlab.us has been running for 1:38:44
2025-07-01 07:40:23 INFO:   - Job: twitter_cluster38-b2acd4030d14d64916f5b7dda9440a28 on clnode286.clemson.cloudlab.us has been running for 1:38:44
2025-07-01 07:40:23 INFO:   - Job: twitter_cluster38-19c28e27ddb6434a1f58f4959bafb3b8 on clnode301.clemson.cloudlab.us has been running for 1:38:44
2025-07-01 07:40:23 INFO:   - Job: twitter_cluster38-9ec28ecc3d82e3ff69cbd3b4218afabf on clnode302.clemson.cloudlab.us has been running for 1:38:44
2025-07-01 07:40:23 INFO:   - Job: twitter_cluster38-1f49fe37e518959c9ccf82662b640f48 on clnode290.clemson.cloudlab.us has been running for 1:38:44
2025-07-01 07:40:23 INFO:   - Job: twitter_cluster38-52986173aa45a8365ddce6cf3bb1be40 on clnode290.clemson.cloudlab.us has been running for 1:38:44
2025-07-01 07:40:23 INFO:   - Job: twitter_cluster38-9607f98485cebb21f4050bcafbe6f726 on clnode287.clemson.cloudlab.us has been running for 1:38:44
2025-07-01 07:40:23 INFO:   - Job: twitter_cluster38-a578d8221827c7d1b4d3bbdf5ae021cd on clnode302.clemson.cloudlab.us has been running for 1:38:44
2025-07-01 07:40:23 INFO: ----------------------------
2025-07-01 07:40:23 INFO: Dumping current state to scheduler_state.json...
2025-07-01 07:40:30 INFO: STATUS: 0 ToDo, 15 Running, 1510 Finished, 0 Failed.
2025-07-01 07:40:30 INFO: Loop finished. Sleeping for 60 seconds.
2025-07-01 07:41:42 INFO: --- System-wide Resource Utilization ---
2025-07-01 07:41:43 INFO:   - Host: clnode302.clemson.cloudlab.us  CPU Util:   2.2% | Mem Free:  80.5%
2025-07-01 07:41:43 INFO:   - Host: clnode290.clemson.cloudlab.us  CPU Util:   5.0% | Mem Free:  61.8%
2025-07-01 07:41:44 INFO:   - Host: clnode303.clemson.cloudlab.us  CPU Util:   2.2% | Mem Free:  84.5%
2025-07-01 07:41:44 INFO:   - Host: clnode287.clemson.cloudlab.us  CPU Util:   3.1% | Mem Free:  77.9%
2025-07-01 07:41:45 INFO:   - Host: clnode301.clemson.cloudlab.us  CPU Util:   1.0% | Mem Free:  88.4%
2025-07-01 07:41:46 INFO:   - Host: clnode286.clemson.cloudlab.us  CPU Util:   1.9% | Mem Free:  84.5%
2025-07-01 07:41:46 INFO: ----------------------------------------
2025-07-01 07:41:46 INFO: --- Running Job Runtimes ---
2025-07-01 07:41:46 INFO:   - Job: twitter_cluster41-eca32db3a96e4fbe0932861eb821ab0d on clnode287.clemson.cloudlab.us has been running for 1:42:16
2025-07-01 07:41:46 INFO:   - Job: twitter_cluster38-29a4086da0d6d7d60d1dfeb002cb9c3d on clnode303.clemson.cloudlab.us has been running for 1:40:06
2025-07-01 07:41:46 INFO:   - Job: twitter_cluster38-1637bac994bd3009e55ce25a36c9e1a2 on clnode290.clemson.cloudlab.us has been running for 1:40:06
2025-07-01 07:41:46 INFO:   - Job: twitter_cluster38-346473d2c745b2f4a4a9699ff814b19f on clnode290.clemson.cloudlab.us has been running for 1:40:06
2025-07-01 07:41:46 INFO:   - Job: twitter_cluster38-58a9315bee4433060311de1eabd4be42 on clnode287.clemson.cloudlab.us has been running for 1:40:06
2025-07-01 07:41:46 INFO:   - Job: twitter_cluster38-14c5cf93ee3fefc79a3a15a882ba8c72 on clnode290.clemson.cloudlab.us has been running for 1:40:06
2025-07-01 07:41:46 INFO:   - Job: twitter_cluster38-1c56d4d1e9df3be1645048a44a9b7626 on clnode303.clemson.cloudlab.us has been running for 1:40:06
2025-07-01 07:41:46 INFO:   - Job: twitter_cluster38-aad9c61cc44a4df3efa1f5e13b096f8c on clnode286.clemson.cloudlab.us has been running for 1:40:06
2025-07-01 07:41:46 INFO:   - Job: twitter_cluster38-b2acd4030d14d64916f5b7dda9440a28 on clnode286.clemson.cloudlab.us has been running for 1:40:06
2025-07-01 07:41:46 INFO:   - Job: twitter_cluster38-19c28e27ddb6434a1f58f4959bafb3b8 on clnode301.clemson.cloudlab.us has been running for 1:40:06
2025-07-01 07:41:46 INFO:   - Job: twitter_cluster38-9ec28ecc3d82e3ff69cbd3b4218afabf on clnode302.clemson.cloudlab.us has been running for 1:40:06
2025-07-01 07:41:46 INFO:   - Job: twitter_cluster38-1f49fe37e518959c9ccf82662b640f48 on clnode290.clemson.cloudlab.us has been running for 1:40:06
2025-07-01 07:41:46 INFO:   - Job: twitter_cluster38-52986173aa45a8365ddce6cf3bb1be40 on clnode290.clemson.cloudlab.us has been running for 1:40:06
2025-07-01 07:41:46 INFO:   - Job: twitter_cluster38-9607f98485cebb21f4050bcafbe6f726 on clnode287.clemson.cloudlab.us has been running for 1:40:06
2025-07-01 07:41:46 INFO:   - Job: twitter_cluster38-a578d8221827c7d1b4d3bbdf5ae021cd on clnode302.clemson.cloudlab.us has been running for 1:40:06
2025-07-01 07:41:46 INFO: ----------------------------
2025-07-01 07:41:46 INFO: Dumping current state to scheduler_state.json...
2025-07-01 07:41:52 INFO: STATUS: 0 ToDo, 15 Running, 1510 Finished, 0 Failed.
2025-07-01 07:41:52 INFO: Loop finished. Sleeping for 60 seconds.
2025-07-01 07:43:04 INFO: --- System-wide Resource Utilization ---
2025-07-01 07:43:05 INFO:   - Host: clnode302.clemson.cloudlab.us  CPU Util:   2.2% | Mem Free:  80.5%
2025-07-01 07:43:05 INFO:   - Host: clnode290.clemson.cloudlab.us  CPU Util:   5.1% | Mem Free:  61.8%
2025-07-01 07:43:06 INFO:   - Host: clnode303.clemson.cloudlab.us  CPU Util:   2.0% | Mem Free:  84.5%
2025-07-01 07:43:06 INFO:   - Host: clnode287.clemson.cloudlab.us  CPU Util:   3.2% | Mem Free:  77.9%
2025-07-01 07:43:07 INFO:   - Host: clnode301.clemson.cloudlab.us  CPU Util:   1.1% | Mem Free:  88.4%
2025-07-01 07:43:07 INFO:   - Host: clnode286.clemson.cloudlab.us  CPU Util:   2.1% | Mem Free:  84.5%
2025-07-01 07:43:07 INFO: ----------------------------------------
2025-07-01 07:43:07 INFO: --- Running Job Runtimes ---
2025-07-01 07:43:07 INFO:   - Job: twitter_cluster41-eca32db3a96e4fbe0932861eb821ab0d on clnode287.clemson.cloudlab.us has been running for 1:43:37
2025-07-01 07:43:07 INFO:   - Job: twitter_cluster38-29a4086da0d6d7d60d1dfeb002cb9c3d on clnode303.clemson.cloudlab.us has been running for 1:41:28
2025-07-01 07:43:07 INFO:   - Job: twitter_cluster38-1637bac994bd3009e55ce25a36c9e1a2 on clnode290.clemson.cloudlab.us has been running for 1:41:28
2025-07-01 07:43:07 INFO:   - Job: twitter_cluster38-346473d2c745b2f4a4a9699ff814b19f on clnode290.clemson.cloudlab.us has been running for 1:41:28
2025-07-01 07:43:07 INFO:   - Job: twitter_cluster38-58a9315bee4433060311de1eabd4be42 on clnode287.clemson.cloudlab.us has been running for 1:41:28
2025-07-01 07:43:07 INFO:   - Job: twitter_cluster38-14c5cf93ee3fefc79a3a15a882ba8c72 on clnode290.clemson.cloudlab.us has been running for 1:41:28
2025-07-01 07:43:07 INFO:   - Job: twitter_cluster38-1c56d4d1e9df3be1645048a44a9b7626 on clnode303.clemson.cloudlab.us has been running for 1:41:28
2025-07-01 07:43:07 INFO:   - Job: twitter_cluster38-aad9c61cc44a4df3efa1f5e13b096f8c on clnode286.clemson.cloudlab.us has been running for 1:41:28
2025-07-01 07:43:07 INFO:   - Job: twitter_cluster38-b2acd4030d14d64916f5b7dda9440a28 on clnode286.clemson.cloudlab.us has been running for 1:41:28
2025-07-01 07:43:07 INFO:   - Job: twitter_cluster38-19c28e27ddb6434a1f58f4959bafb3b8 on clnode301.clemson.cloudlab.us has been running for 1:41:28
2025-07-01 07:43:07 INFO:   - Job: twitter_cluster38-9ec28ecc3d82e3ff69cbd3b4218afabf on clnode302.clemson.cloudlab.us has been running for 1:41:28
2025-07-01 07:43:07 INFO:   - Job: twitter_cluster38-1f49fe37e518959c9ccf82662b640f48 on clnode290.clemson.cloudlab.us has been running for 1:41:28
2025-07-01 07:43:07 INFO:   - Job: twitter_cluster38-52986173aa45a8365ddce6cf3bb1be40 on clnode290.clemson.cloudlab.us has been running for 1:41:28
2025-07-01 07:43:07 INFO:   - Job: twitter_cluster38-9607f98485cebb21f4050bcafbe6f726 on clnode287.clemson.cloudlab.us has been running for 1:41:28
2025-07-01 07:43:07 INFO:   - Job: twitter_cluster38-a578d8221827c7d1b4d3bbdf5ae021cd on clnode302.clemson.cloudlab.us has been running for 1:41:28
2025-07-01 07:43:07 INFO: ----------------------------
2025-07-01 07:43:07 INFO: Dumping current state to scheduler_state.json...
2025-07-01 07:43:14 INFO: STATUS: 0 ToDo, 15 Running, 1510 Finished, 0 Failed.
2025-07-01 07:43:14 INFO: Loop finished. Sleeping for 60 seconds.
2025-07-01 07:44:26 INFO: --- System-wide Resource Utilization ---
2025-07-01 07:44:27 INFO:   - Host: clnode302.clemson.cloudlab.us  CPU Util:   2.3% | Mem Free:  80.5%
2025-07-01 07:44:27 INFO:   - Host: clnode290.clemson.cloudlab.us  CPU Util:   5.2% | Mem Free:  61.8%
2025-07-01 07:44:28 INFO:   - Host: clnode303.clemson.cloudlab.us  CPU Util:   2.3% | Mem Free:  84.5%
2025-07-01 07:44:28 INFO:   - Host: clnode287.clemson.cloudlab.us  CPU Util:   3.2% | Mem Free:  77.9%
2025-07-01 07:44:29 INFO:   - Host: clnode301.clemson.cloudlab.us  CPU Util:   1.1% | Mem Free:  88.4%
2025-07-01 07:44:29 INFO:   - Host: clnode286.clemson.cloudlab.us  CPU Util:   2.0% | Mem Free:  84.5%
2025-07-01 07:44:29 INFO: ----------------------------------------
2025-07-01 07:44:29 INFO: --- Running Job Runtimes ---
2025-07-01 07:44:29 INFO:   - Job: twitter_cluster41-eca32db3a96e4fbe0932861eb821ab0d on clnode287.clemson.cloudlab.us has been running for 1:44:59
2025-07-01 07:44:29 INFO:   - Job: twitter_cluster38-29a4086da0d6d7d60d1dfeb002cb9c3d on clnode303.clemson.cloudlab.us has been running for 1:42:50
2025-07-01 07:44:29 INFO:   - Job: twitter_cluster38-1637bac994bd3009e55ce25a36c9e1a2 on clnode290.clemson.cloudlab.us has been running for 1:42:50
2025-07-01 07:44:29 INFO:   - Job: twitter_cluster38-346473d2c745b2f4a4a9699ff814b19f on clnode290.clemson.cloudlab.us has been running for 1:42:50
2025-07-01 07:44:29 INFO:   - Job: twitter_cluster38-58a9315bee4433060311de1eabd4be42 on clnode287.clemson.cloudlab.us has been running for 1:42:50
2025-07-01 07:44:29 INFO:   - Job: twitter_cluster38-14c5cf93ee3fefc79a3a15a882ba8c72 on clnode290.clemson.cloudlab.us has been running for 1:42:50
2025-07-01 07:44:29 INFO:   - Job: twitter_cluster38-1c56d4d1e9df3be1645048a44a9b7626 on clnode303.clemson.cloudlab.us has been running for 1:42:50
2025-07-01 07:44:29 INFO:   - Job: twitter_cluster38-aad9c61cc44a4df3efa1f5e13b096f8c on clnode286.clemson.cloudlab.us has been running for 1:42:50
2025-07-01 07:44:29 INFO:   - Job: twitter_cluster38-b2acd4030d14d64916f5b7dda9440a28 on clnode286.clemson.cloudlab.us has been running for 1:42:50
2025-07-01 07:44:29 INFO:   - Job: twitter_cluster38-19c28e27ddb6434a1f58f4959bafb3b8 on clnode301.clemson.cloudlab.us has been running for 1:42:50
2025-07-01 07:44:29 INFO:   - Job: twitter_cluster38-9ec28ecc3d82e3ff69cbd3b4218afabf on clnode302.clemson.cloudlab.us has been running for 1:42:50
2025-07-01 07:44:29 INFO:   - Job: twitter_cluster38-1f49fe37e518959c9ccf82662b640f48 on clnode290.clemson.cloudlab.us has been running for 1:42:50
2025-07-01 07:44:29 INFO:   - Job: twitter_cluster38-52986173aa45a8365ddce6cf3bb1be40 on clnode290.clemson.cloudlab.us has been running for 1:42:50
2025-07-01 07:44:29 INFO:   - Job: twitter_cluster38-9607f98485cebb21f4050bcafbe6f726 on clnode287.clemson.cloudlab.us has been running for 1:42:50
2025-07-01 07:44:29 INFO:   - Job: twitter_cluster38-a578d8221827c7d1b4d3bbdf5ae021cd on clnode302.clemson.cloudlab.us has been running for 1:42:50
2025-07-01 07:44:29 INFO: ----------------------------
2025-07-01 07:44:29 INFO: Dumping current state to scheduler_state.json...
2025-07-01 07:44:36 INFO: STATUS: 0 ToDo, 15 Running, 1510 Finished, 0 Failed.
2025-07-01 07:44:36 INFO: Loop finished. Sleeping for 60 seconds.
2025-07-01 07:45:48 INFO: --- System-wide Resource Utilization ---
2025-07-01 07:45:48 INFO:   - Host: clnode302.clemson.cloudlab.us  CPU Util:   2.2% | Mem Free:  80.6%
2025-07-01 07:45:49 INFO:   - Host: clnode290.clemson.cloudlab.us  CPU Util:   5.2% | Mem Free:  61.8%
2025-07-01 07:45:50 INFO:   - Host: clnode303.clemson.cloudlab.us  CPU Util:   2.1% | Mem Free:  84.5%
2025-07-01 07:45:50 INFO:   - Host: clnode287.clemson.cloudlab.us  CPU Util:   3.1% | Mem Free:  77.9%
2025-07-01 07:45:51 INFO:   - Host: clnode301.clemson.cloudlab.us  CPU Util:   1.1% | Mem Free:  88.4%
2025-07-01 07:45:51 INFO:   - Host: clnode286.clemson.cloudlab.us  CPU Util:   2.0% | Mem Free:  84.5%
2025-07-01 07:45:51 INFO: ----------------------------------------
2025-07-01 07:45:51 INFO: --- Running Job Runtimes ---
2025-07-01 07:45:51 INFO:   - Job: twitter_cluster41-eca32db3a96e4fbe0932861eb821ab0d on clnode287.clemson.cloudlab.us has been running for 1:46:21
2025-07-01 07:45:51 INFO:   - Job: twitter_cluster38-29a4086da0d6d7d60d1dfeb002cb9c3d on clnode303.clemson.cloudlab.us has been running for 1:44:11
2025-07-01 07:45:51 INFO:   - Job: twitter_cluster38-1637bac994bd3009e55ce25a36c9e1a2 on clnode290.clemson.cloudlab.us has been running for 1:44:11
2025-07-01 07:45:51 INFO:   - Job: twitter_cluster38-346473d2c745b2f4a4a9699ff814b19f on clnode290.clemson.cloudlab.us has been running for 1:44:11
2025-07-01 07:45:51 INFO:   - Job: twitter_cluster38-58a9315bee4433060311de1eabd4be42 on clnode287.clemson.cloudlab.us has been running for 1:44:11
2025-07-01 07:45:51 INFO:   - Job: twitter_cluster38-14c5cf93ee3fefc79a3a15a882ba8c72 on clnode290.clemson.cloudlab.us has been running for 1:44:11
2025-07-01 07:45:51 INFO:   - Job: twitter_cluster38-1c56d4d1e9df3be1645048a44a9b7626 on clnode303.clemson.cloudlab.us has been running for 1:44:11
2025-07-01 07:45:51 INFO:   - Job: twitter_cluster38-aad9c61cc44a4df3efa1f5e13b096f8c on clnode286.clemson.cloudlab.us has been running for 1:44:11
2025-07-01 07:45:51 INFO:   - Job: twitter_cluster38-b2acd4030d14d64916f5b7dda9440a28 on clnode286.clemson.cloudlab.us has been running for 1:44:11
2025-07-01 07:45:51 INFO:   - Job: twitter_cluster38-19c28e27ddb6434a1f58f4959bafb3b8 on clnode301.clemson.cloudlab.us has been running for 1:44:11
2025-07-01 07:45:51 INFO:   - Job: twitter_cluster38-9ec28ecc3d82e3ff69cbd3b4218afabf on clnode302.clemson.cloudlab.us has been running for 1:44:11
2025-07-01 07:45:51 INFO:   - Job: twitter_cluster38-1f49fe37e518959c9ccf82662b640f48 on clnode290.clemson.cloudlab.us has been running for 1:44:11
2025-07-01 07:45:51 INFO:   - Job: twitter_cluster38-52986173aa45a8365ddce6cf3bb1be40 on clnode290.clemson.cloudlab.us has been running for 1:44:11
2025-07-01 07:45:51 INFO:   - Job: twitter_cluster38-9607f98485cebb21f4050bcafbe6f726 on clnode287.clemson.cloudlab.us has been running for 1:44:11
2025-07-01 07:45:51 INFO:   - Job: twitter_cluster38-a578d8221827c7d1b4d3bbdf5ae021cd on clnode302.clemson.cloudlab.us has been running for 1:44:11
2025-07-01 07:45:51 INFO: ----------------------------
2025-07-01 07:45:51 INFO: Dumping current state to scheduler_state.json...
2025-07-01 07:45:57 INFO: STATUS: 0 ToDo, 15 Running, 1510 Finished, 0 Failed.
2025-07-01 07:45:57 INFO: Loop finished. Sleeping for 60 seconds.
2025-07-01 07:47:10 INFO: --- System-wide Resource Utilization ---
2025-07-01 07:47:10 INFO:   - Host: clnode302.clemson.cloudlab.us  CPU Util:   2.1% | Mem Free:  80.6%
2025-07-01 07:47:11 INFO:   - Host: clnode290.clemson.cloudlab.us  CPU Util:   4.8% | Mem Free:  61.8%
2025-07-01 07:47:11 INFO:   - Host: clnode303.clemson.cloudlab.us  CPU Util:   2.0% | Mem Free:  84.5%
2025-07-01 07:47:12 INFO:   - Host: clnode287.clemson.cloudlab.us  CPU Util:   3.1% | Mem Free:  77.9%
2025-07-01 07:47:12 INFO:   - Host: clnode301.clemson.cloudlab.us  CPU Util:   1.1% | Mem Free:  88.4%
2025-07-01 07:47:13 INFO:   - Host: clnode286.clemson.cloudlab.us  CPU Util:   2.0% | Mem Free:  84.5%
2025-07-01 07:47:13 INFO: ----------------------------------------
2025-07-01 07:47:13 INFO: --- Running Job Runtimes ---
2025-07-01 07:47:13 INFO:   - Job: twitter_cluster41-eca32db3a96e4fbe0932861eb821ab0d on clnode287.clemson.cloudlab.us has been running for 1:47:43
2025-07-01 07:47:13 INFO:   - Job: twitter_cluster38-29a4086da0d6d7d60d1dfeb002cb9c3d on clnode303.clemson.cloudlab.us has been running for 1:45:33
2025-07-01 07:47:13 INFO:   - Job: twitter_cluster38-1637bac994bd3009e55ce25a36c9e1a2 on clnode290.clemson.cloudlab.us has been running for 1:45:33
2025-07-01 07:47:13 INFO:   - Job: twitter_cluster38-346473d2c745b2f4a4a9699ff814b19f on clnode290.clemson.cloudlab.us has been running for 1:45:33
2025-07-01 07:47:13 INFO:   - Job: twitter_cluster38-58a9315bee4433060311de1eabd4be42 on clnode287.clemson.cloudlab.us has been running for 1:45:33
2025-07-01 07:47:13 INFO:   - Job: twitter_cluster38-14c5cf93ee3fefc79a3a15a882ba8c72 on clnode290.clemson.cloudlab.us has been running for 1:45:33
2025-07-01 07:47:13 INFO:   - Job: twitter_cluster38-1c56d4d1e9df3be1645048a44a9b7626 on clnode303.clemson.cloudlab.us has been running for 1:45:33
2025-07-01 07:47:13 INFO:   - Job: twitter_cluster38-aad9c61cc44a4df3efa1f5e13b096f8c on clnode286.clemson.cloudlab.us has been running for 1:45:33
2025-07-01 07:47:13 INFO:   - Job: twitter_cluster38-b2acd4030d14d64916f5b7dda9440a28 on clnode286.clemson.cloudlab.us has been running for 1:45:33
2025-07-01 07:47:13 INFO:   - Job: twitter_cluster38-19c28e27ddb6434a1f58f4959bafb3b8 on clnode301.clemson.cloudlab.us has been running for 1:45:33
2025-07-01 07:47:13 INFO:   - Job: twitter_cluster38-9ec28ecc3d82e3ff69cbd3b4218afabf on clnode302.clemson.cloudlab.us has been running for 1:45:33
2025-07-01 07:47:13 INFO:   - Job: twitter_cluster38-1f49fe37e518959c9ccf82662b640f48 on clnode290.clemson.cloudlab.us has been running for 1:45:33
2025-07-01 07:47:13 INFO:   - Job: twitter_cluster38-52986173aa45a8365ddce6cf3bb1be40 on clnode290.clemson.cloudlab.us has been running for 1:45:33
2025-07-01 07:47:13 INFO:   - Job: twitter_cluster38-9607f98485cebb21f4050bcafbe6f726 on clnode287.clemson.cloudlab.us has been running for 1:45:33
2025-07-01 07:47:13 INFO:   - Job: twitter_cluster38-a578d8221827c7d1b4d3bbdf5ae021cd on clnode302.clemson.cloudlab.us has been running for 1:45:33
2025-07-01 07:47:13 INFO: ----------------------------
2025-07-01 07:47:13 INFO: Dumping current state to scheduler_state.json...
2025-07-01 07:47:19 INFO: STATUS: 0 ToDo, 15 Running, 1510 Finished, 0 Failed.
2025-07-01 07:47:19 INFO: Loop finished. Sleeping for 60 seconds.
2025-07-01 07:48:32 INFO: --- System-wide Resource Utilization ---
2025-07-01 07:48:32 INFO:   - Host: clnode302.clemson.cloudlab.us  CPU Util:   2.1% | Mem Free:  80.5%
2025-07-01 07:48:33 INFO:   - Host: clnode290.clemson.cloudlab.us  CPU Util:   4.9% | Mem Free:  61.8%
2025-07-01 07:48:33 INFO:   - Host: clnode303.clemson.cloudlab.us  CPU Util:   2.1% | Mem Free:  84.5%
2025-07-01 07:48:34 INFO:   - Host: clnode287.clemson.cloudlab.us  CPU Util:   3.1% | Mem Free:  77.9%
2025-07-01 07:48:35 INFO:   - Host: clnode301.clemson.cloudlab.us  CPU Util:   1.2% | Mem Free:  88.4%
2025-07-01 07:48:35 INFO:   - Host: clnode286.clemson.cloudlab.us  CPU Util:   2.1% | Mem Free:  84.5%
2025-07-01 07:48:35 INFO: ----------------------------------------
2025-07-01 07:48:35 INFO: --- Running Job Runtimes ---
2025-07-01 07:48:35 INFO:   - Job: twitter_cluster41-eca32db3a96e4fbe0932861eb821ab0d on clnode287.clemson.cloudlab.us has been running for 1:49:05
2025-07-01 07:48:35 INFO:   - Job: twitter_cluster38-29a4086da0d6d7d60d1dfeb002cb9c3d on clnode303.clemson.cloudlab.us has been running for 1:46:55
2025-07-01 07:48:35 INFO:   - Job: twitter_cluster38-1637bac994bd3009e55ce25a36c9e1a2 on clnode290.clemson.cloudlab.us has been running for 1:46:55
2025-07-01 07:48:35 INFO:   - Job: twitter_cluster38-346473d2c745b2f4a4a9699ff814b19f on clnode290.clemson.cloudlab.us has been running for 1:46:55
2025-07-01 07:48:35 INFO:   - Job: twitter_cluster38-58a9315bee4433060311de1eabd4be42 on clnode287.clemson.cloudlab.us has been running for 1:46:55
2025-07-01 07:48:35 INFO:   - Job: twitter_cluster38-14c5cf93ee3fefc79a3a15a882ba8c72 on clnode290.clemson.cloudlab.us has been running for 1:46:55
2025-07-01 07:48:35 INFO:   - Job: twitter_cluster38-1c56d4d1e9df3be1645048a44a9b7626 on clnode303.clemson.cloudlab.us has been running for 1:46:55
2025-07-01 07:48:35 INFO:   - Job: twitter_cluster38-aad9c61cc44a4df3efa1f5e13b096f8c on clnode286.clemson.cloudlab.us has been running for 1:46:55
2025-07-01 07:48:35 INFO:   - Job: twitter_cluster38-b2acd4030d14d64916f5b7dda9440a28 on clnode286.clemson.cloudlab.us has been running for 1:46:55
2025-07-01 07:48:35 INFO:   - Job: twitter_cluster38-19c28e27ddb6434a1f58f4959bafb3b8 on clnode301.clemson.cloudlab.us has been running for 1:46:55
2025-07-01 07:48:35 INFO:   - Job: twitter_cluster38-9ec28ecc3d82e3ff69cbd3b4218afabf on clnode302.clemson.cloudlab.us has been running for 1:46:55
2025-07-01 07:48:35 INFO:   - Job: twitter_cluster38-1f49fe37e518959c9ccf82662b640f48 on clnode290.clemson.cloudlab.us has been running for 1:46:55
2025-07-01 07:48:35 INFO:   - Job: twitter_cluster38-52986173aa45a8365ddce6cf3bb1be40 on clnode290.clemson.cloudlab.us has been running for 1:46:55
2025-07-01 07:48:35 INFO:   - Job: twitter_cluster38-9607f98485cebb21f4050bcafbe6f726 on clnode287.clemson.cloudlab.us has been running for 1:46:55
2025-07-01 07:48:35 INFO:   - Job: twitter_cluster38-a578d8221827c7d1b4d3bbdf5ae021cd on clnode302.clemson.cloudlab.us has been running for 1:46:55
2025-07-01 07:48:35 INFO: ----------------------------
2025-07-01 07:48:35 INFO: Dumping current state to scheduler_state.json...
2025-07-01 07:48:41 INFO: STATUS: 0 ToDo, 15 Running, 1510 Finished, 0 Failed.
2025-07-01 07:48:41 INFO: Loop finished. Sleeping for 60 seconds.
2025-07-01 07:49:54 INFO: --- System-wide Resource Utilization ---
2025-07-01 07:49:54 INFO:   - Host: clnode302.clemson.cloudlab.us  CPU Util:   2.2% | Mem Free:  80.5%
2025-07-01 07:49:55 INFO:   - Host: clnode290.clemson.cloudlab.us  CPU Util:   5.2% | Mem Free:  61.8%
2025-07-01 07:49:55 INFO:   - Host: clnode303.clemson.cloudlab.us  CPU Util:   2.0% | Mem Free:  84.5%
2025-07-01 07:49:56 INFO:   - Host: clnode287.clemson.cloudlab.us  CPU Util:   3.2% | Mem Free:  77.9%
2025-07-01 07:49:56 INFO:   - Host: clnode301.clemson.cloudlab.us  CPU Util:   1.0% | Mem Free:  88.4%
2025-07-01 07:49:57 INFO:   - Host: clnode286.clemson.cloudlab.us  CPU Util:   1.9% | Mem Free:  84.5%
2025-07-01 07:49:57 INFO: ----------------------------------------
2025-07-01 07:49:57 INFO: --- Running Job Runtimes ---
2025-07-01 07:49:57 INFO:   - Job: twitter_cluster41-eca32db3a96e4fbe0932861eb821ab0d on clnode287.clemson.cloudlab.us has been running for 1:50:27
2025-07-01 07:49:57 INFO:   - Job: twitter_cluster38-29a4086da0d6d7d60d1dfeb002cb9c3d on clnode303.clemson.cloudlab.us has been running for 1:48:17
2025-07-01 07:49:57 INFO:   - Job: twitter_cluster38-1637bac994bd3009e55ce25a36c9e1a2 on clnode290.clemson.cloudlab.us has been running for 1:48:17
2025-07-01 07:49:57 INFO:   - Job: twitter_cluster38-346473d2c745b2f4a4a9699ff814b19f on clnode290.clemson.cloudlab.us has been running for 1:48:17
2025-07-01 07:49:57 INFO:   - Job: twitter_cluster38-58a9315bee4433060311de1eabd4be42 on clnode287.clemson.cloudlab.us has been running for 1:48:17
2025-07-01 07:49:57 INFO:   - Job: twitter_cluster38-14c5cf93ee3fefc79a3a15a882ba8c72 on clnode290.clemson.cloudlab.us has been running for 1:48:17
2025-07-01 07:49:57 INFO:   - Job: twitter_cluster38-1c56d4d1e9df3be1645048a44a9b7626 on clnode303.clemson.cloudlab.us has been running for 1:48:17
2025-07-01 07:49:57 INFO:   - Job: twitter_cluster38-aad9c61cc44a4df3efa1f5e13b096f8c on clnode286.clemson.cloudlab.us has been running for 1:48:17
2025-07-01 07:49:57 INFO:   - Job: twitter_cluster38-b2acd4030d14d64916f5b7dda9440a28 on clnode286.clemson.cloudlab.us has been running for 1:48:17
2025-07-01 07:49:57 INFO:   - Job: twitter_cluster38-19c28e27ddb6434a1f58f4959bafb3b8 on clnode301.clemson.cloudlab.us has been running for 1:48:17
2025-07-01 07:49:57 INFO:   - Job: twitter_cluster38-9ec28ecc3d82e3ff69cbd3b4218afabf on clnode302.clemson.cloudlab.us has been running for 1:48:17
2025-07-01 07:49:57 INFO:   - Job: twitter_cluster38-1f49fe37e518959c9ccf82662b640f48 on clnode290.clemson.cloudlab.us has been running for 1:48:17
2025-07-01 07:49:57 INFO:   - Job: twitter_cluster38-52986173aa45a8365ddce6cf3bb1be40 on clnode290.clemson.cloudlab.us has been running for 1:48:17
2025-07-01 07:49:57 INFO:   - Job: twitter_cluster38-9607f98485cebb21f4050bcafbe6f726 on clnode287.clemson.cloudlab.us has been running for 1:48:17
2025-07-01 07:49:57 INFO:   - Job: twitter_cluster38-a578d8221827c7d1b4d3bbdf5ae021cd on clnode302.clemson.cloudlab.us has been running for 1:48:17
2025-07-01 07:49:57 INFO: ----------------------------
2025-07-01 07:49:57 INFO: Dumping current state to scheduler_state.json...
2025-07-01 07:50:03 INFO: STATUS: 0 ToDo, 15 Running, 1510 Finished, 0 Failed.
2025-07-01 07:50:03 INFO: Loop finished. Sleeping for 60 seconds.
2025-07-01 07:51:03 INFO: Job twitter_cluster41-eca32db3a96e4fbe0932861eb821ab0d ended on clnode287.clemson.cloudlab.us with status 'finished' after 1:51:33. Freed resources.
2025-07-01 07:51:06 INFO: Deleting trace file /nfs/hongshu/traces/cluster41.bin with sudo...
2025-07-01 07:51:26 INFO: --- System-wide Resource Utilization ---
2025-07-01 07:51:27 INFO:   - Host: clnode302.clemson.cloudlab.us  CPU Util:   2.3% | Mem Free:  80.6%
2025-07-01 07:51:27 INFO:   - Host: clnode290.clemson.cloudlab.us  CPU Util:   5.0% | Mem Free:  61.8%
2025-07-01 07:51:28 INFO:   - Host: clnode303.clemson.cloudlab.us  CPU Util:   1.9% | Mem Free:  84.5%
2025-07-01 07:51:28 INFO:   - Host: clnode287.clemson.cloudlab.us  CPU Util:   1.9% | Mem Free:  79.0%
2025-07-01 07:51:29 INFO:   - Host: clnode301.clemson.cloudlab.us  CPU Util:   1.1% | Mem Free:  88.4%
2025-07-01 07:51:29 INFO:   - Host: clnode286.clemson.cloudlab.us  CPU Util:   2.0% | Mem Free:  84.5%
2025-07-01 07:51:29 INFO: ----------------------------------------
2025-07-01 07:51:29 INFO: --- Running Job Runtimes ---
2025-07-01 07:51:29 INFO:   - Job: twitter_cluster38-29a4086da0d6d7d60d1dfeb002cb9c3d on clnode303.clemson.cloudlab.us has been running for 1:49:50
2025-07-01 07:51:29 INFO:   - Job: twitter_cluster38-1637bac994bd3009e55ce25a36c9e1a2 on clnode290.clemson.cloudlab.us has been running for 1:49:50
2025-07-01 07:51:29 INFO:   - Job: twitter_cluster38-346473d2c745b2f4a4a9699ff814b19f on clnode290.clemson.cloudlab.us has been running for 1:49:50
2025-07-01 07:51:29 INFO:   - Job: twitter_cluster38-58a9315bee4433060311de1eabd4be42 on clnode287.clemson.cloudlab.us has been running for 1:49:50
2025-07-01 07:51:29 INFO:   - Job: twitter_cluster38-14c5cf93ee3fefc79a3a15a882ba8c72 on clnode290.clemson.cloudlab.us has been running for 1:49:50
2025-07-01 07:51:29 INFO:   - Job: twitter_cluster38-1c56d4d1e9df3be1645048a44a9b7626 on clnode303.clemson.cloudlab.us has been running for 1:49:50
2025-07-01 07:51:29 INFO:   - Job: twitter_cluster38-aad9c61cc44a4df3efa1f5e13b096f8c on clnode286.clemson.cloudlab.us has been running for 1:49:50
2025-07-01 07:51:29 INFO:   - Job: twitter_cluster38-b2acd4030d14d64916f5b7dda9440a28 on clnode286.clemson.cloudlab.us has been running for 1:49:50
2025-07-01 07:51:29 INFO:   - Job: twitter_cluster38-19c28e27ddb6434a1f58f4959bafb3b8 on clnode301.clemson.cloudlab.us has been running for 1:49:50
2025-07-01 07:51:29 INFO:   - Job: twitter_cluster38-9ec28ecc3d82e3ff69cbd3b4218afabf on clnode302.clemson.cloudlab.us has been running for 1:49:50
2025-07-01 07:51:29 INFO:   - Job: twitter_cluster38-1f49fe37e518959c9ccf82662b640f48 on clnode290.clemson.cloudlab.us has been running for 1:49:50
2025-07-01 07:51:29 INFO:   - Job: twitter_cluster38-52986173aa45a8365ddce6cf3bb1be40 on clnode290.clemson.cloudlab.us has been running for 1:49:50
2025-07-01 07:51:29 INFO:   - Job: twitter_cluster38-9607f98485cebb21f4050bcafbe6f726 on clnode287.clemson.cloudlab.us has been running for 1:49:50
2025-07-01 07:51:29 INFO:   - Job: twitter_cluster38-a578d8221827c7d1b4d3bbdf5ae021cd on clnode302.clemson.cloudlab.us has been running for 1:49:50
2025-07-01 07:51:29 INFO: ----------------------------
2025-07-01 07:51:29 INFO: Dumping current state to scheduler_state.json...
2025-07-01 07:51:35 INFO: STATUS: 0 ToDo, 14 Running, 1511 Finished, 0 Failed.
2025-07-01 07:51:35 INFO: Loop finished. Sleeping for 60 seconds.
2025-07-01 07:52:46 INFO: --- System-wide Resource Utilization ---
2025-07-01 07:52:47 INFO:   - Host: clnode302.clemson.cloudlab.us  CPU Util:   2.2% | Mem Free:  80.7%
2025-07-01 07:52:48 INFO:   - Host: clnode290.clemson.cloudlab.us  CPU Util:   4.9% | Mem Free:  61.8%
2025-07-01 07:52:48 INFO:   - Host: clnode303.clemson.cloudlab.us  CPU Util:   2.1% | Mem Free:  84.5%
2025-07-01 07:52:49 INFO:   - Host: clnode287.clemson.cloudlab.us  CPU Util:   2.0% | Mem Free:  79.0%
2025-07-01 07:52:49 INFO:   - Host: clnode301.clemson.cloudlab.us  CPU Util:   1.0% | Mem Free:  88.4%
2025-07-01 07:52:50 INFO:   - Host: clnode286.clemson.cloudlab.us  CPU Util:   2.0% | Mem Free:  84.5%
2025-07-01 07:52:50 INFO: ----------------------------------------
2025-07-01 07:52:50 INFO: --- Running Job Runtimes ---
2025-07-01 07:52:50 INFO:   - Job: twitter_cluster38-29a4086da0d6d7d60d1dfeb002cb9c3d on clnode303.clemson.cloudlab.us has been running for 1:51:10
2025-07-01 07:52:50 INFO:   - Job: twitter_cluster38-1637bac994bd3009e55ce25a36c9e1a2 on clnode290.clemson.cloudlab.us has been running for 1:51:10
2025-07-01 07:52:50 INFO:   - Job: twitter_cluster38-346473d2c745b2f4a4a9699ff814b19f on clnode290.clemson.cloudlab.us has been running for 1:51:10
2025-07-01 07:52:50 INFO:   - Job: twitter_cluster38-58a9315bee4433060311de1eabd4be42 on clnode287.clemson.cloudlab.us has been running for 1:51:10
2025-07-01 07:52:50 INFO:   - Job: twitter_cluster38-14c5cf93ee3fefc79a3a15a882ba8c72 on clnode290.clemson.cloudlab.us has been running for 1:51:10
2025-07-01 07:52:50 INFO:   - Job: twitter_cluster38-1c56d4d1e9df3be1645048a44a9b7626 on clnode303.clemson.cloudlab.us has been running for 1:51:10
2025-07-01 07:52:50 INFO:   - Job: twitter_cluster38-aad9c61cc44a4df3efa1f5e13b096f8c on clnode286.clemson.cloudlab.us has been running for 1:51:10
2025-07-01 07:52:50 INFO:   - Job: twitter_cluster38-b2acd4030d14d64916f5b7dda9440a28 on clnode286.clemson.cloudlab.us has been running for 1:51:10
2025-07-01 07:52:50 INFO:   - Job: twitter_cluster38-19c28e27ddb6434a1f58f4959bafb3b8 on clnode301.clemson.cloudlab.us has been running for 1:51:10
2025-07-01 07:52:50 INFO:   - Job: twitter_cluster38-9ec28ecc3d82e3ff69cbd3b4218afabf on clnode302.clemson.cloudlab.us has been running for 1:51:10
2025-07-01 07:52:50 INFO:   - Job: twitter_cluster38-1f49fe37e518959c9ccf82662b640f48 on clnode290.clemson.cloudlab.us has been running for 1:51:10
2025-07-01 07:52:50 INFO:   - Job: twitter_cluster38-52986173aa45a8365ddce6cf3bb1be40 on clnode290.clemson.cloudlab.us has been running for 1:51:10
2025-07-01 07:52:50 INFO:   - Job: twitter_cluster38-9607f98485cebb21f4050bcafbe6f726 on clnode287.clemson.cloudlab.us has been running for 1:51:10
2025-07-01 07:52:50 INFO:   - Job: twitter_cluster38-a578d8221827c7d1b4d3bbdf5ae021cd on clnode302.clemson.cloudlab.us has been running for 1:51:10
2025-07-01 07:52:50 INFO: ----------------------------
2025-07-01 07:52:50 INFO: Dumping current state to scheduler_state.json...
2025-07-01 07:52:55 INFO: STATUS: 0 ToDo, 14 Running, 1511 Finished, 0 Failed.
2025-07-01 07:52:56 INFO: Loop finished. Sleeping for 60 seconds.
2025-07-01 07:54:07 INFO: --- System-wide Resource Utilization ---
2025-07-01 07:54:08 INFO:   - Host: clnode302.clemson.cloudlab.us  CPU Util:   2.1% | Mem Free:  80.7%
2025-07-01 07:54:08 INFO:   - Host: clnode290.clemson.cloudlab.us  CPU Util:   4.8% | Mem Free:  61.8%
2025-07-01 07:54:09 INFO:   - Host: clnode303.clemson.cloudlab.us  CPU Util:   2.1% | Mem Free:  84.5%
2025-07-01 07:54:09 INFO:   - Host: clnode287.clemson.cloudlab.us  CPU Util:   1.9% | Mem Free:  79.0%
2025-07-01 07:54:10 INFO:   - Host: clnode301.clemson.cloudlab.us  CPU Util:   1.1% | Mem Free:  88.4%
2025-07-01 07:54:10 INFO:   - Host: clnode286.clemson.cloudlab.us  CPU Util:   2.0% | Mem Free:  84.5%
2025-07-01 07:54:10 INFO: ----------------------------------------
2025-07-01 07:54:10 INFO: --- Running Job Runtimes ---
2025-07-01 07:54:10 INFO:   - Job: twitter_cluster38-29a4086da0d6d7d60d1dfeb002cb9c3d on clnode303.clemson.cloudlab.us has been running for 1:52:31
2025-07-01 07:54:10 INFO:   - Job: twitter_cluster38-1637bac994bd3009e55ce25a36c9e1a2 on clnode290.clemson.cloudlab.us has been running for 1:52:31
2025-07-01 07:54:10 INFO:   - Job: twitter_cluster38-346473d2c745b2f4a4a9699ff814b19f on clnode290.clemson.cloudlab.us has been running for 1:52:31
2025-07-01 07:54:10 INFO:   - Job: twitter_cluster38-58a9315bee4433060311de1eabd4be42 on clnode287.clemson.cloudlab.us has been running for 1:52:31
2025-07-01 07:54:10 INFO:   - Job: twitter_cluster38-14c5cf93ee3fefc79a3a15a882ba8c72 on clnode290.clemson.cloudlab.us has been running for 1:52:31
2025-07-01 07:54:10 INFO:   - Job: twitter_cluster38-1c56d4d1e9df3be1645048a44a9b7626 on clnode303.clemson.cloudlab.us has been running for 1:52:31
2025-07-01 07:54:10 INFO:   - Job: twitter_cluster38-aad9c61cc44a4df3efa1f5e13b096f8c on clnode286.clemson.cloudlab.us has been running for 1:52:31
2025-07-01 07:54:10 INFO:   - Job: twitter_cluster38-b2acd4030d14d64916f5b7dda9440a28 on clnode286.clemson.cloudlab.us has been running for 1:52:31
2025-07-01 07:54:10 INFO:   - Job: twitter_cluster38-19c28e27ddb6434a1f58f4959bafb3b8 on clnode301.clemson.cloudlab.us has been running for 1:52:31
2025-07-01 07:54:10 INFO:   - Job: twitter_cluster38-9ec28ecc3d82e3ff69cbd3b4218afabf on clnode302.clemson.cloudlab.us has been running for 1:52:31
2025-07-01 07:54:10 INFO:   - Job: twitter_cluster38-1f49fe37e518959c9ccf82662b640f48 on clnode290.clemson.cloudlab.us has been running for 1:52:31
2025-07-01 07:54:10 INFO:   - Job: twitter_cluster38-52986173aa45a8365ddce6cf3bb1be40 on clnode290.clemson.cloudlab.us has been running for 1:52:31
2025-07-01 07:54:10 INFO:   - Job: twitter_cluster38-9607f98485cebb21f4050bcafbe6f726 on clnode287.clemson.cloudlab.us has been running for 1:52:31
2025-07-01 07:54:10 INFO:   - Job: twitter_cluster38-a578d8221827c7d1b4d3bbdf5ae021cd on clnode302.clemson.cloudlab.us has been running for 1:52:31
2025-07-01 07:54:10 INFO: ----------------------------
2025-07-01 07:54:10 INFO: Dumping current state to scheduler_state.json...
2025-07-01 07:54:16 INFO: STATUS: 0 ToDo, 14 Running, 1511 Finished, 0 Failed.
2025-07-01 07:54:16 INFO: Loop finished. Sleeping for 60 seconds.
2025-07-01 07:55:28 INFO: --- System-wide Resource Utilization ---
2025-07-01 07:55:28 INFO:   - Host: clnode302.clemson.cloudlab.us  CPU Util:   2.1% | Mem Free:  80.7%
2025-07-01 07:55:29 INFO:   - Host: clnode290.clemson.cloudlab.us  CPU Util:   5.0% | Mem Free:  61.8%
2025-07-01 07:55:29 INFO:   - Host: clnode303.clemson.cloudlab.us  CPU Util:   2.0% | Mem Free:  84.5%
2025-07-01 07:55:30 INFO:   - Host: clnode287.clemson.cloudlab.us  CPU Util:   2.2% | Mem Free:  79.0%
2025-07-01 07:55:30 INFO:   - Host: clnode301.clemson.cloudlab.us  CPU Util:   1.0% | Mem Free:  88.4%
2025-07-01 07:55:31 INFO:   - Host: clnode286.clemson.cloudlab.us  CPU Util:   2.0% | Mem Free:  84.5%
2025-07-01 07:55:31 INFO: ----------------------------------------
2025-07-01 07:55:31 INFO: --- Running Job Runtimes ---
2025-07-01 07:55:31 INFO:   - Job: twitter_cluster38-29a4086da0d6d7d60d1dfeb002cb9c3d on clnode303.clemson.cloudlab.us has been running for 1:53:51
2025-07-01 07:55:31 INFO:   - Job: twitter_cluster38-1637bac994bd3009e55ce25a36c9e1a2 on clnode290.clemson.cloudlab.us has been running for 1:53:51
2025-07-01 07:55:31 INFO:   - Job: twitter_cluster38-346473d2c745b2f4a4a9699ff814b19f on clnode290.clemson.cloudlab.us has been running for 1:53:51
2025-07-01 07:55:31 INFO:   - Job: twitter_cluster38-58a9315bee4433060311de1eabd4be42 on clnode287.clemson.cloudlab.us has been running for 1:53:51
2025-07-01 07:55:31 INFO:   - Job: twitter_cluster38-14c5cf93ee3fefc79a3a15a882ba8c72 on clnode290.clemson.cloudlab.us has been running for 1:53:51
2025-07-01 07:55:31 INFO:   - Job: twitter_cluster38-1c56d4d1e9df3be1645048a44a9b7626 on clnode303.clemson.cloudlab.us has been running for 1:53:51
2025-07-01 07:55:31 INFO:   - Job: twitter_cluster38-aad9c61cc44a4df3efa1f5e13b096f8c on clnode286.clemson.cloudlab.us has been running for 1:53:51
2025-07-01 07:55:31 INFO:   - Job: twitter_cluster38-b2acd4030d14d64916f5b7dda9440a28 on clnode286.clemson.cloudlab.us has been running for 1:53:51
2025-07-01 07:55:31 INFO:   - Job: twitter_cluster38-19c28e27ddb6434a1f58f4959bafb3b8 on clnode301.clemson.cloudlab.us has been running for 1:53:51
2025-07-01 07:55:31 INFO:   - Job: twitter_cluster38-9ec28ecc3d82e3ff69cbd3b4218afabf on clnode302.clemson.cloudlab.us has been running for 1:53:51
2025-07-01 07:55:31 INFO:   - Job: twitter_cluster38-1f49fe37e518959c9ccf82662b640f48 on clnode290.clemson.cloudlab.us has been running for 1:53:51
2025-07-01 07:55:31 INFO:   - Job: twitter_cluster38-52986173aa45a8365ddce6cf3bb1be40 on clnode290.clemson.cloudlab.us has been running for 1:53:51
2025-07-01 07:55:31 INFO:   - Job: twitter_cluster38-9607f98485cebb21f4050bcafbe6f726 on clnode287.clemson.cloudlab.us has been running for 1:53:51
2025-07-01 07:55:31 INFO:   - Job: twitter_cluster38-a578d8221827c7d1b4d3bbdf5ae021cd on clnode302.clemson.cloudlab.us has been running for 1:53:51
2025-07-01 07:55:31 INFO: ----------------------------
2025-07-01 07:55:31 INFO: Dumping current state to scheduler_state.json...
2025-07-01 07:55:37 INFO: STATUS: 0 ToDo, 14 Running, 1511 Finished, 0 Failed.
2025-07-01 07:55:37 INFO: Loop finished. Sleeping for 60 seconds.
2025-07-01 07:56:48 INFO: --- System-wide Resource Utilization ---
2025-07-01 07:56:49 INFO:   - Host: clnode302.clemson.cloudlab.us  CPU Util:   2.5% | Mem Free:  80.7%
2025-07-01 07:56:49 INFO:   - Host: clnode290.clemson.cloudlab.us  CPU Util:   4.7% | Mem Free:  61.8%
2025-07-01 07:56:50 INFO:   - Host: clnode303.clemson.cloudlab.us  CPU Util:   2.0% | Mem Free:  84.5%
2025-07-01 07:56:50 INFO:   - Host: clnode287.clemson.cloudlab.us  CPU Util:   2.2% | Mem Free:  79.0%
2025-07-01 07:56:51 INFO:   - Host: clnode301.clemson.cloudlab.us  CPU Util:   1.0% | Mem Free:  88.4%
2025-07-01 07:56:52 INFO:   - Host: clnode286.clemson.cloudlab.us  CPU Util:   2.0% | Mem Free:  84.5%
2025-07-01 07:56:52 INFO: ----------------------------------------
2025-07-01 07:56:52 INFO: --- Running Job Runtimes ---
2025-07-01 07:56:52 INFO:   - Job: twitter_cluster38-29a4086da0d6d7d60d1dfeb002cb9c3d on clnode303.clemson.cloudlab.us has been running for 1:55:12
2025-07-01 07:56:52 INFO:   - Job: twitter_cluster38-1637bac994bd3009e55ce25a36c9e1a2 on clnode290.clemson.cloudlab.us has been running for 1:55:12
2025-07-01 07:56:52 INFO:   - Job: twitter_cluster38-346473d2c745b2f4a4a9699ff814b19f on clnode290.clemson.cloudlab.us has been running for 1:55:12
2025-07-01 07:56:52 INFO:   - Job: twitter_cluster38-58a9315bee4433060311de1eabd4be42 on clnode287.clemson.cloudlab.us has been running for 1:55:12
2025-07-01 07:56:52 INFO:   - Job: twitter_cluster38-14c5cf93ee3fefc79a3a15a882ba8c72 on clnode290.clemson.cloudlab.us has been running for 1:55:12
2025-07-01 07:56:52 INFO:   - Job: twitter_cluster38-1c56d4d1e9df3be1645048a44a9b7626 on clnode303.clemson.cloudlab.us has been running for 1:55:12
2025-07-01 07:56:52 INFO:   - Job: twitter_cluster38-aad9c61cc44a4df3efa1f5e13b096f8c on clnode286.clemson.cloudlab.us has been running for 1:55:12
2025-07-01 07:56:52 INFO:   - Job: twitter_cluster38-b2acd4030d14d64916f5b7dda9440a28 on clnode286.clemson.cloudlab.us has been running for 1:55:12
2025-07-01 07:56:52 INFO:   - Job: twitter_cluster38-19c28e27ddb6434a1f58f4959bafb3b8 on clnode301.clemson.cloudlab.us has been running for 1:55:12
2025-07-01 07:56:52 INFO:   - Job: twitter_cluster38-9ec28ecc3d82e3ff69cbd3b4218afabf on clnode302.clemson.cloudlab.us has been running for 1:55:12
2025-07-01 07:56:52 INFO:   - Job: twitter_cluster38-1f49fe37e518959c9ccf82662b640f48 on clnode290.clemson.cloudlab.us has been running for 1:55:12
2025-07-01 07:56:52 INFO:   - Job: twitter_cluster38-52986173aa45a8365ddce6cf3bb1be40 on clnode290.clemson.cloudlab.us has been running for 1:55:12
2025-07-01 07:56:52 INFO:   - Job: twitter_cluster38-9607f98485cebb21f4050bcafbe6f726 on clnode287.clemson.cloudlab.us has been running for 1:55:12
2025-07-01 07:56:52 INFO:   - Job: twitter_cluster38-a578d8221827c7d1b4d3bbdf5ae021cd on clnode302.clemson.cloudlab.us has been running for 1:55:12
2025-07-01 07:56:52 INFO: ----------------------------
2025-07-01 07:56:52 INFO: Dumping current state to scheduler_state.json...
2025-07-01 07:56:57 INFO: STATUS: 0 ToDo, 14 Running, 1511 Finished, 0 Failed.
2025-07-01 07:56:57 INFO: Loop finished. Sleeping for 60 seconds.
2025-07-01 07:58:09 INFO: --- System-wide Resource Utilization ---
2025-07-01 07:58:09 INFO:   - Host: clnode302.clemson.cloudlab.us  CPU Util:   2.1% | Mem Free:  80.7%
2025-07-01 07:58:10 INFO:   - Host: clnode290.clemson.cloudlab.us  CPU Util:   5.1% | Mem Free:  61.8%
2025-07-01 07:58:10 INFO:   - Host: clnode303.clemson.cloudlab.us  CPU Util:   2.3% | Mem Free:  84.5%
2025-07-01 07:58:11 INFO:   - Host: clnode287.clemson.cloudlab.us  CPU Util:   2.1% | Mem Free:  79.0%
2025-07-01 07:58:11 INFO:   - Host: clnode301.clemson.cloudlab.us  CPU Util:   1.0% | Mem Free:  88.4%
2025-07-01 07:58:12 INFO:   - Host: clnode286.clemson.cloudlab.us  CPU Util:   2.1% | Mem Free:  84.5%
2025-07-01 07:58:12 INFO: ----------------------------------------
2025-07-01 07:58:12 INFO: --- Running Job Runtimes ---
2025-07-01 07:58:12 INFO:   - Job: twitter_cluster38-29a4086da0d6d7d60d1dfeb002cb9c3d on clnode303.clemson.cloudlab.us has been running for 1:56:32
2025-07-01 07:58:12 INFO:   - Job: twitter_cluster38-1637bac994bd3009e55ce25a36c9e1a2 on clnode290.clemson.cloudlab.us has been running for 1:56:32
2025-07-01 07:58:12 INFO:   - Job: twitter_cluster38-346473d2c745b2f4a4a9699ff814b19f on clnode290.clemson.cloudlab.us has been running for 1:56:32
2025-07-01 07:58:12 INFO:   - Job: twitter_cluster38-58a9315bee4433060311de1eabd4be42 on clnode287.clemson.cloudlab.us has been running for 1:56:32
2025-07-01 07:58:12 INFO:   - Job: twitter_cluster38-14c5cf93ee3fefc79a3a15a882ba8c72 on clnode290.clemson.cloudlab.us has been running for 1:56:32
2025-07-01 07:58:12 INFO:   - Job: twitter_cluster38-1c56d4d1e9df3be1645048a44a9b7626 on clnode303.clemson.cloudlab.us has been running for 1:56:32
2025-07-01 07:58:12 INFO:   - Job: twitter_cluster38-aad9c61cc44a4df3efa1f5e13b096f8c on clnode286.clemson.cloudlab.us has been running for 1:56:32
2025-07-01 07:58:12 INFO:   - Job: twitter_cluster38-b2acd4030d14d64916f5b7dda9440a28 on clnode286.clemson.cloudlab.us has been running for 1:56:32
2025-07-01 07:58:12 INFO:   - Job: twitter_cluster38-19c28e27ddb6434a1f58f4959bafb3b8 on clnode301.clemson.cloudlab.us has been running for 1:56:32
2025-07-01 07:58:12 INFO:   - Job: twitter_cluster38-9ec28ecc3d82e3ff69cbd3b4218afabf on clnode302.clemson.cloudlab.us has been running for 1:56:32
2025-07-01 07:58:12 INFO:   - Job: twitter_cluster38-1f49fe37e518959c9ccf82662b640f48 on clnode290.clemson.cloudlab.us has been running for 1:56:32
2025-07-01 07:58:12 INFO:   - Job: twitter_cluster38-52986173aa45a8365ddce6cf3bb1be40 on clnode290.clemson.cloudlab.us has been running for 1:56:32
2025-07-01 07:58:12 INFO:   - Job: twitter_cluster38-9607f98485cebb21f4050bcafbe6f726 on clnode287.clemson.cloudlab.us has been running for 1:56:32
2025-07-01 07:58:12 INFO:   - Job: twitter_cluster38-a578d8221827c7d1b4d3bbdf5ae021cd on clnode302.clemson.cloudlab.us has been running for 1:56:32
2025-07-01 07:58:12 INFO: ----------------------------
2025-07-01 07:58:12 INFO: Dumping current state to scheduler_state.json...
2025-07-01 07:58:17 INFO: STATUS: 0 ToDo, 14 Running, 1511 Finished, 0 Failed.
2025-07-01 07:58:18 INFO: Loop finished. Sleeping for 60 seconds.
2025-07-01 07:59:29 INFO: --- System-wide Resource Utilization ---
2025-07-01 07:59:29 INFO:   - Host: clnode302.clemson.cloudlab.us  CPU Util:   2.1% | Mem Free:  80.7%
2025-07-01 07:59:30 INFO:   - Host: clnode290.clemson.cloudlab.us  CPU Util:   5.2% | Mem Free:  61.8%
2025-07-01 07:59:30 INFO:   - Host: clnode303.clemson.cloudlab.us  CPU Util:   2.1% | Mem Free:  84.5%
2025-07-01 07:59:31 INFO:   - Host: clnode287.clemson.cloudlab.us  CPU Util:   2.0% | Mem Free:  79.0%
2025-07-01 07:59:32 INFO:   - Host: clnode301.clemson.cloudlab.us  CPU Util:   1.0% | Mem Free:  88.4%
2025-07-01 07:59:32 INFO:   - Host: clnode286.clemson.cloudlab.us  CPU Util:   2.2% | Mem Free:  84.5%
2025-07-01 07:59:32 INFO: ----------------------------------------
2025-07-01 07:59:32 INFO: --- Running Job Runtimes ---
2025-07-01 07:59:32 INFO:   - Job: twitter_cluster38-29a4086da0d6d7d60d1dfeb002cb9c3d on clnode303.clemson.cloudlab.us has been running for 1:57:52
2025-07-01 07:59:32 INFO:   - Job: twitter_cluster38-1637bac994bd3009e55ce25a36c9e1a2 on clnode290.clemson.cloudlab.us has been running for 1:57:52
2025-07-01 07:59:32 INFO:   - Job: twitter_cluster38-346473d2c745b2f4a4a9699ff814b19f on clnode290.clemson.cloudlab.us has been running for 1:57:52
2025-07-01 07:59:32 INFO:   - Job: twitter_cluster38-58a9315bee4433060311de1eabd4be42 on clnode287.clemson.cloudlab.us has been running for 1:57:52
2025-07-01 07:59:32 INFO:   - Job: twitter_cluster38-14c5cf93ee3fefc79a3a15a882ba8c72 on clnode290.clemson.cloudlab.us has been running for 1:57:52
2025-07-01 07:59:32 INFO:   - Job: twitter_cluster38-1c56d4d1e9df3be1645048a44a9b7626 on clnode303.clemson.cloudlab.us has been running for 1:57:52
2025-07-01 07:59:32 INFO:   - Job: twitter_cluster38-aad9c61cc44a4df3efa1f5e13b096f8c on clnode286.clemson.cloudlab.us has been running for 1:57:52
2025-07-01 07:59:32 INFO:   - Job: twitter_cluster38-b2acd4030d14d64916f5b7dda9440a28 on clnode286.clemson.cloudlab.us has been running for 1:57:52
2025-07-01 07:59:32 INFO:   - Job: twitter_cluster38-19c28e27ddb6434a1f58f4959bafb3b8 on clnode301.clemson.cloudlab.us has been running for 1:57:52
2025-07-01 07:59:32 INFO:   - Job: twitter_cluster38-9ec28ecc3d82e3ff69cbd3b4218afabf on clnode302.clemson.cloudlab.us has been running for 1:57:52
2025-07-01 07:59:32 INFO:   - Job: twitter_cluster38-1f49fe37e518959c9ccf82662b640f48 on clnode290.clemson.cloudlab.us has been running for 1:57:52
2025-07-01 07:59:32 INFO:   - Job: twitter_cluster38-52986173aa45a8365ddce6cf3bb1be40 on clnode290.clemson.cloudlab.us has been running for 1:57:52
2025-07-01 07:59:32 INFO:   - Job: twitter_cluster38-9607f98485cebb21f4050bcafbe6f726 on clnode287.clemson.cloudlab.us has been running for 1:57:52
2025-07-01 07:59:32 INFO:   - Job: twitter_cluster38-a578d8221827c7d1b4d3bbdf5ae021cd on clnode302.clemson.cloudlab.us has been running for 1:57:52
2025-07-01 07:59:32 INFO: ----------------------------
2025-07-01 07:59:32 INFO: Dumping current state to scheduler_state.json...
2025-07-01 07:59:38 INFO: STATUS: 0 ToDo, 14 Running, 1511 Finished, 0 Failed.
2025-07-01 07:59:38 INFO: Loop finished. Sleeping for 60 seconds.
2025-07-01 08:00:49 INFO: --- System-wide Resource Utilization ---
2025-07-01 08:00:50 INFO:   - Host: clnode302.clemson.cloudlab.us  CPU Util:   1.9% | Mem Free:  80.7%
2025-07-01 08:00:50 INFO:   - Host: clnode290.clemson.cloudlab.us  CPU Util:   5.1% | Mem Free:  61.8%
2025-07-01 08:00:51 INFO:   - Host: clnode303.clemson.cloudlab.us  CPU Util:   2.0% | Mem Free:  84.5%
2025-07-01 08:00:51 INFO:   - Host: clnode287.clemson.cloudlab.us  CPU Util:   2.0% | Mem Free:  79.0%
2025-07-01 08:00:52 INFO:   - Host: clnode301.clemson.cloudlab.us  CPU Util:   1.0% | Mem Free:  88.4%
2025-07-01 08:00:52 INFO:   - Host: clnode286.clemson.cloudlab.us  CPU Util:   2.1% | Mem Free:  84.5%
2025-07-01 08:00:52 INFO: ----------------------------------------
2025-07-01 08:00:52 INFO: --- Running Job Runtimes ---
2025-07-01 08:00:52 INFO:   - Job: twitter_cluster38-29a4086da0d6d7d60d1dfeb002cb9c3d on clnode303.clemson.cloudlab.us has been running for 1:59:13
2025-07-01 08:00:52 INFO:   - Job: twitter_cluster38-1637bac994bd3009e55ce25a36c9e1a2 on clnode290.clemson.cloudlab.us has been running for 1:59:13
2025-07-01 08:00:52 INFO:   - Job: twitter_cluster38-346473d2c745b2f4a4a9699ff814b19f on clnode290.clemson.cloudlab.us has been running for 1:59:13
2025-07-01 08:00:52 INFO:   - Job: twitter_cluster38-58a9315bee4433060311de1eabd4be42 on clnode287.clemson.cloudlab.us has been running for 1:59:13
2025-07-01 08:00:52 INFO:   - Job: twitter_cluster38-14c5cf93ee3fefc79a3a15a882ba8c72 on clnode290.clemson.cloudlab.us has been running for 1:59:13
2025-07-01 08:00:52 INFO:   - Job: twitter_cluster38-1c56d4d1e9df3be1645048a44a9b7626 on clnode303.clemson.cloudlab.us has been running for 1:59:13
2025-07-01 08:00:52 INFO:   - Job: twitter_cluster38-aad9c61cc44a4df3efa1f5e13b096f8c on clnode286.clemson.cloudlab.us has been running for 1:59:13
2025-07-01 08:00:52 INFO:   - Job: twitter_cluster38-b2acd4030d14d64916f5b7dda9440a28 on clnode286.clemson.cloudlab.us has been running for 1:59:13
2025-07-01 08:00:52 INFO:   - Job: twitter_cluster38-19c28e27ddb6434a1f58f4959bafb3b8 on clnode301.clemson.cloudlab.us has been running for 1:59:13
2025-07-01 08:00:52 INFO:   - Job: twitter_cluster38-9ec28ecc3d82e3ff69cbd3b4218afabf on clnode302.clemson.cloudlab.us has been running for 1:59:13
2025-07-01 08:00:52 INFO:   - Job: twitter_cluster38-1f49fe37e518959c9ccf82662b640f48 on clnode290.clemson.cloudlab.us has been running for 1:59:13
2025-07-01 08:00:52 INFO:   - Job: twitter_cluster38-52986173aa45a8365ddce6cf3bb1be40 on clnode290.clemson.cloudlab.us has been running for 1:59:13
2025-07-01 08:00:52 INFO:   - Job: twitter_cluster38-9607f98485cebb21f4050bcafbe6f726 on clnode287.clemson.cloudlab.us has been running for 1:59:13
2025-07-01 08:00:52 INFO:   - Job: twitter_cluster38-a578d8221827c7d1b4d3bbdf5ae021cd on clnode302.clemson.cloudlab.us has been running for 1:59:13
2025-07-01 08:00:52 INFO: ----------------------------
2025-07-01 08:00:52 INFO: Dumping current state to scheduler_state.json...
2025-07-01 08:00:58 INFO: STATUS: 0 ToDo, 14 Running, 1511 Finished, 0 Failed.
2025-07-01 08:00:58 INFO: Loop finished. Sleeping for 60 seconds.
2025-07-01 08:02:10 INFO: --- System-wide Resource Utilization ---
2025-07-01 08:02:10 INFO:   - Host: clnode302.clemson.cloudlab.us  CPU Util:   2.1% | Mem Free:  80.7%
2025-07-01 08:02:11 INFO:   - Host: clnode290.clemson.cloudlab.us  CPU Util:   4.9% | Mem Free:  61.8%
2025-07-01 08:02:11 INFO:   - Host: clnode303.clemson.cloudlab.us  CPU Util:   2.1% | Mem Free:  84.5%
2025-07-01 08:02:12 INFO:   - Host: clnode287.clemson.cloudlab.us  CPU Util:   2.1% | Mem Free:  79.0%
2025-07-01 08:02:12 INFO:   - Host: clnode301.clemson.cloudlab.us  CPU Util:   1.0% | Mem Free:  88.4%
2025-07-01 08:02:13 INFO:   - Host: clnode286.clemson.cloudlab.us  CPU Util:   2.1% | Mem Free:  84.5%
2025-07-01 08:02:13 INFO: ----------------------------------------
2025-07-01 08:02:13 INFO: --- Running Job Runtimes ---
2025-07-01 08:02:13 INFO:   - Job: twitter_cluster38-29a4086da0d6d7d60d1dfeb002cb9c3d on clnode303.clemson.cloudlab.us has been running for 2:00:33
2025-07-01 08:02:13 INFO:   - Job: twitter_cluster38-1637bac994bd3009e55ce25a36c9e1a2 on clnode290.clemson.cloudlab.us has been running for 2:00:33
2025-07-01 08:02:13 INFO:   - Job: twitter_cluster38-346473d2c745b2f4a4a9699ff814b19f on clnode290.clemson.cloudlab.us has been running for 2:00:33
2025-07-01 08:02:13 INFO:   - Job: twitter_cluster38-58a9315bee4433060311de1eabd4be42 on clnode287.clemson.cloudlab.us has been running for 2:00:33
2025-07-01 08:02:13 INFO:   - Job: twitter_cluster38-14c5cf93ee3fefc79a3a15a882ba8c72 on clnode290.clemson.cloudlab.us has been running for 2:00:33
2025-07-01 08:02:13 INFO:   - Job: twitter_cluster38-1c56d4d1e9df3be1645048a44a9b7626 on clnode303.clemson.cloudlab.us has been running for 2:00:33
2025-07-01 08:02:13 INFO:   - Job: twitter_cluster38-aad9c61cc44a4df3efa1f5e13b096f8c on clnode286.clemson.cloudlab.us has been running for 2:00:33
2025-07-01 08:02:13 INFO:   - Job: twitter_cluster38-b2acd4030d14d64916f5b7dda9440a28 on clnode286.clemson.cloudlab.us has been running for 2:00:33
2025-07-01 08:02:13 INFO:   - Job: twitter_cluster38-19c28e27ddb6434a1f58f4959bafb3b8 on clnode301.clemson.cloudlab.us has been running for 2:00:33
2025-07-01 08:02:13 INFO:   - Job: twitter_cluster38-9ec28ecc3d82e3ff69cbd3b4218afabf on clnode302.clemson.cloudlab.us has been running for 2:00:33
2025-07-01 08:02:13 INFO:   - Job: twitter_cluster38-1f49fe37e518959c9ccf82662b640f48 on clnode290.clemson.cloudlab.us has been running for 2:00:33
2025-07-01 08:02:13 INFO:   - Job: twitter_cluster38-52986173aa45a8365ddce6cf3bb1be40 on clnode290.clemson.cloudlab.us has been running for 2:00:33
2025-07-01 08:02:13 INFO:   - Job: twitter_cluster38-9607f98485cebb21f4050bcafbe6f726 on clnode287.clemson.cloudlab.us has been running for 2:00:33
2025-07-01 08:02:13 INFO:   - Job: twitter_cluster38-a578d8221827c7d1b4d3bbdf5ae021cd on clnode302.clemson.cloudlab.us has been running for 2:00:33
2025-07-01 08:02:13 INFO: ----------------------------
2025-07-01 08:02:13 INFO: Dumping current state to scheduler_state.json...
2025-07-01 08:02:19 INFO: STATUS: 0 ToDo, 14 Running, 1511 Finished, 0 Failed.
2025-07-01 08:02:19 INFO: Loop finished. Sleeping for 60 seconds.
2025-07-01 08:03:30 INFO: --- System-wide Resource Utilization ---
2025-07-01 08:03:31 INFO:   - Host: clnode302.clemson.cloudlab.us  CPU Util:   2.0% | Mem Free:  80.7%
2025-07-01 08:03:31 INFO:   - Host: clnode290.clemson.cloudlab.us  CPU Util:   5.2% | Mem Free:  61.8%
2025-07-01 08:03:32 INFO:   - Host: clnode303.clemson.cloudlab.us  CPU Util:   2.1% | Mem Free:  84.5%
2025-07-01 08:03:32 INFO:   - Host: clnode287.clemson.cloudlab.us  CPU Util:   2.0% | Mem Free:  79.0%
2025-07-01 08:03:33 INFO:   - Host: clnode301.clemson.cloudlab.us  CPU Util:   1.0% | Mem Free:  88.4%
2025-07-01 08:03:33 INFO:   - Host: clnode286.clemson.cloudlab.us  CPU Util:   2.0% | Mem Free:  84.5%
2025-07-01 08:03:33 INFO: ----------------------------------------
2025-07-01 08:03:33 INFO: --- Running Job Runtimes ---
2025-07-01 08:03:33 INFO:   - Job: twitter_cluster38-29a4086da0d6d7d60d1dfeb002cb9c3d on clnode303.clemson.cloudlab.us has been running for 2:01:54
2025-07-01 08:03:33 INFO:   - Job: twitter_cluster38-1637bac994bd3009e55ce25a36c9e1a2 on clnode290.clemson.cloudlab.us has been running for 2:01:54
2025-07-01 08:03:33 INFO:   - Job: twitter_cluster38-346473d2c745b2f4a4a9699ff814b19f on clnode290.clemson.cloudlab.us has been running for 2:01:54
2025-07-01 08:03:33 INFO:   - Job: twitter_cluster38-58a9315bee4433060311de1eabd4be42 on clnode287.clemson.cloudlab.us has been running for 2:01:54
2025-07-01 08:03:33 INFO:   - Job: twitter_cluster38-14c5cf93ee3fefc79a3a15a882ba8c72 on clnode290.clemson.cloudlab.us has been running for 2:01:54
2025-07-01 08:03:33 INFO:   - Job: twitter_cluster38-1c56d4d1e9df3be1645048a44a9b7626 on clnode303.clemson.cloudlab.us has been running for 2:01:54
2025-07-01 08:03:33 INFO:   - Job: twitter_cluster38-aad9c61cc44a4df3efa1f5e13b096f8c on clnode286.clemson.cloudlab.us has been running for 2:01:54
2025-07-01 08:03:33 INFO:   - Job: twitter_cluster38-b2acd4030d14d64916f5b7dda9440a28 on clnode286.clemson.cloudlab.us has been running for 2:01:54
2025-07-01 08:03:33 INFO:   - Job: twitter_cluster38-19c28e27ddb6434a1f58f4959bafb3b8 on clnode301.clemson.cloudlab.us has been running for 2:01:54
2025-07-01 08:03:33 INFO:   - Job: twitter_cluster38-9ec28ecc3d82e3ff69cbd3b4218afabf on clnode302.clemson.cloudlab.us has been running for 2:01:54
2025-07-01 08:03:33 INFO:   - Job: twitter_cluster38-1f49fe37e518959c9ccf82662b640f48 on clnode290.clemson.cloudlab.us has been running for 2:01:54
2025-07-01 08:03:33 INFO:   - Job: twitter_cluster38-52986173aa45a8365ddce6cf3bb1be40 on clnode290.clemson.cloudlab.us has been running for 2:01:54
2025-07-01 08:03:33 INFO:   - Job: twitter_cluster38-9607f98485cebb21f4050bcafbe6f726 on clnode287.clemson.cloudlab.us has been running for 2:01:54
2025-07-01 08:03:33 INFO:   - Job: twitter_cluster38-a578d8221827c7d1b4d3bbdf5ae021cd on clnode302.clemson.cloudlab.us has been running for 2:01:54
2025-07-01 08:03:33 INFO: ----------------------------
2025-07-01 08:03:33 INFO: Dumping current state to scheduler_state.json...
2025-07-01 08:03:39 INFO: STATUS: 0 ToDo, 14 Running, 1511 Finished, 0 Failed.
2025-07-01 08:03:39 INFO: Loop finished. Sleeping for 60 seconds.
2025-07-01 08:04:51 INFO: --- System-wide Resource Utilization ---
2025-07-01 08:04:51 INFO:   - Host: clnode302.clemson.cloudlab.us  CPU Util:   2.2% | Mem Free:  80.7%
2025-07-01 08:04:52 INFO:   - Host: clnode290.clemson.cloudlab.us  CPU Util:   5.2% | Mem Free:  61.8%
2025-07-01 08:04:52 INFO:   - Host: clnode303.clemson.cloudlab.us  CPU Util:   2.2% | Mem Free:  84.5%
2025-07-01 08:04:53 INFO:   - Host: clnode287.clemson.cloudlab.us  CPU Util:   2.0% | Mem Free:  79.0%
2025-07-01 08:04:53 INFO:   - Host: clnode301.clemson.cloudlab.us  CPU Util:   1.1% | Mem Free:  88.4%
2025-07-01 08:04:54 INFO:   - Host: clnode286.clemson.cloudlab.us  CPU Util:   2.1% | Mem Free:  84.5%
2025-07-01 08:04:54 INFO: ----------------------------------------
2025-07-01 08:04:54 INFO: --- Running Job Runtimes ---
2025-07-01 08:04:54 INFO:   - Job: twitter_cluster38-29a4086da0d6d7d60d1dfeb002cb9c3d on clnode303.clemson.cloudlab.us has been running for 2:03:14
2025-07-01 08:04:54 INFO:   - Job: twitter_cluster38-1637bac994bd3009e55ce25a36c9e1a2 on clnode290.clemson.cloudlab.us has been running for 2:03:14
2025-07-01 08:04:54 INFO:   - Job: twitter_cluster38-346473d2c745b2f4a4a9699ff814b19f on clnode290.clemson.cloudlab.us has been running for 2:03:14
2025-07-01 08:04:54 INFO:   - Job: twitter_cluster38-58a9315bee4433060311de1eabd4be42 on clnode287.clemson.cloudlab.us has been running for 2:03:14
2025-07-01 08:04:54 INFO:   - Job: twitter_cluster38-14c5cf93ee3fefc79a3a15a882ba8c72 on clnode290.clemson.cloudlab.us has been running for 2:03:14
2025-07-01 08:04:54 INFO:   - Job: twitter_cluster38-1c56d4d1e9df3be1645048a44a9b7626 on clnode303.clemson.cloudlab.us has been running for 2:03:14
2025-07-01 08:04:54 INFO:   - Job: twitter_cluster38-aad9c61cc44a4df3efa1f5e13b096f8c on clnode286.clemson.cloudlab.us has been running for 2:03:14
2025-07-01 08:04:54 INFO:   - Job: twitter_cluster38-b2acd4030d14d64916f5b7dda9440a28 on clnode286.clemson.cloudlab.us has been running for 2:03:14
2025-07-01 08:04:54 INFO:   - Job: twitter_cluster38-19c28e27ddb6434a1f58f4959bafb3b8 on clnode301.clemson.cloudlab.us has been running for 2:03:14
2025-07-01 08:04:54 INFO:   - Job: twitter_cluster38-9ec28ecc3d82e3ff69cbd3b4218afabf on clnode302.clemson.cloudlab.us has been running for 2:03:14
2025-07-01 08:04:54 INFO:   - Job: twitter_cluster38-1f49fe37e518959c9ccf82662b640f48 on clnode290.clemson.cloudlab.us has been running for 2:03:14
2025-07-01 08:04:54 INFO:   - Job: twitter_cluster38-52986173aa45a8365ddce6cf3bb1be40 on clnode290.clemson.cloudlab.us has been running for 2:03:14
2025-07-01 08:04:54 INFO:   - Job: twitter_cluster38-9607f98485cebb21f4050bcafbe6f726 on clnode287.clemson.cloudlab.us has been running for 2:03:14
2025-07-01 08:04:54 INFO:   - Job: twitter_cluster38-a578d8221827c7d1b4d3bbdf5ae021cd on clnode302.clemson.cloudlab.us has been running for 2:03:14
2025-07-01 08:04:54 INFO: ----------------------------
2025-07-01 08:04:54 INFO: Dumping current state to scheduler_state.json...
2025-07-01 08:05:00 INFO: STATUS: 0 ToDo, 14 Running, 1511 Finished, 0 Failed.
2025-07-01 08:05:00 INFO: Loop finished. Sleeping for 60 seconds.
2025-07-01 08:06:11 INFO: --- System-wide Resource Utilization ---
2025-07-01 08:06:12 INFO:   - Host: clnode302.clemson.cloudlab.us  CPU Util:   2.2% | Mem Free:  80.7%
2025-07-01 08:06:12 INFO:   - Host: clnode290.clemson.cloudlab.us  CPU Util:   5.0% | Mem Free:  61.8%
2025-07-01 08:06:13 INFO:   - Host: clnode303.clemson.cloudlab.us  CPU Util:   2.0% | Mem Free:  84.5%
2025-07-01 08:06:13 INFO:   - Host: clnode287.clemson.cloudlab.us  CPU Util:   2.3% | Mem Free:  79.0%
2025-07-01 08:06:14 INFO:   - Host: clnode301.clemson.cloudlab.us  CPU Util:   1.0% | Mem Free:  88.4%
2025-07-01 08:06:14 INFO:   - Host: clnode286.clemson.cloudlab.us  CPU Util:   2.1% | Mem Free:  84.5%
2025-07-01 08:06:14 INFO: ----------------------------------------
2025-07-01 08:06:14 INFO: --- Running Job Runtimes ---
2025-07-01 08:06:14 INFO:   - Job: twitter_cluster38-29a4086da0d6d7d60d1dfeb002cb9c3d on clnode303.clemson.cloudlab.us has been running for 2:04:35
2025-07-01 08:06:14 INFO:   - Job: twitter_cluster38-1637bac994bd3009e55ce25a36c9e1a2 on clnode290.clemson.cloudlab.us has been running for 2:04:35
2025-07-01 08:06:14 INFO:   - Job: twitter_cluster38-346473d2c745b2f4a4a9699ff814b19f on clnode290.clemson.cloudlab.us has been running for 2:04:35
2025-07-01 08:06:14 INFO:   - Job: twitter_cluster38-58a9315bee4433060311de1eabd4be42 on clnode287.clemson.cloudlab.us has been running for 2:04:35
2025-07-01 08:06:14 INFO:   - Job: twitter_cluster38-14c5cf93ee3fefc79a3a15a882ba8c72 on clnode290.clemson.cloudlab.us has been running for 2:04:35
2025-07-01 08:06:14 INFO:   - Job: twitter_cluster38-1c56d4d1e9df3be1645048a44a9b7626 on clnode303.clemson.cloudlab.us has been running for 2:04:35
2025-07-01 08:06:14 INFO:   - Job: twitter_cluster38-aad9c61cc44a4df3efa1f5e13b096f8c on clnode286.clemson.cloudlab.us has been running for 2:04:35
2025-07-01 08:06:14 INFO:   - Job: twitter_cluster38-b2acd4030d14d64916f5b7dda9440a28 on clnode286.clemson.cloudlab.us has been running for 2:04:35
2025-07-01 08:06:14 INFO:   - Job: twitter_cluster38-19c28e27ddb6434a1f58f4959bafb3b8 on clnode301.clemson.cloudlab.us has been running for 2:04:35
2025-07-01 08:06:14 INFO:   - Job: twitter_cluster38-9ec28ecc3d82e3ff69cbd3b4218afabf on clnode302.clemson.cloudlab.us has been running for 2:04:35
2025-07-01 08:06:14 INFO:   - Job: twitter_cluster38-1f49fe37e518959c9ccf82662b640f48 on clnode290.clemson.cloudlab.us has been running for 2:04:35
2025-07-01 08:06:14 INFO:   - Job: twitter_cluster38-52986173aa45a8365ddce6cf3bb1be40 on clnode290.clemson.cloudlab.us has been running for 2:04:35
2025-07-01 08:06:14 INFO:   - Job: twitter_cluster38-9607f98485cebb21f4050bcafbe6f726 on clnode287.clemson.cloudlab.us has been running for 2:04:35
2025-07-01 08:06:14 INFO:   - Job: twitter_cluster38-a578d8221827c7d1b4d3bbdf5ae021cd on clnode302.clemson.cloudlab.us has been running for 2:04:35
2025-07-01 08:06:14 INFO: ----------------------------
2025-07-01 08:06:14 INFO: Dumping current state to scheduler_state.json...
2025-07-01 08:06:20 INFO: STATUS: 0 ToDo, 14 Running, 1511 Finished, 0 Failed.
2025-07-01 08:06:20 INFO: Loop finished. Sleeping for 60 seconds.
2025-07-01 08:07:32 INFO: --- System-wide Resource Utilization ---
2025-07-01 08:07:32 INFO:   - Host: clnode302.clemson.cloudlab.us  CPU Util:   2.2% | Mem Free:  80.7%
2025-07-01 08:07:33 INFO:   - Host: clnode290.clemson.cloudlab.us  CPU Util:   5.2% | Mem Free:  61.8%
2025-07-01 08:07:33 INFO:   - Host: clnode303.clemson.cloudlab.us  CPU Util:   2.2% | Mem Free:  84.5%
2025-07-01 08:07:34 INFO:   - Host: clnode287.clemson.cloudlab.us  CPU Util:   2.1% | Mem Free:  79.0%
2025-07-01 08:07:34 INFO:   - Host: clnode301.clemson.cloudlab.us  CPU Util:   1.0% | Mem Free:  88.4%
2025-07-01 08:07:35 INFO:   - Host: clnode286.clemson.cloudlab.us  CPU Util:   2.0% | Mem Free:  84.5%
2025-07-01 08:07:35 INFO: ----------------------------------------
2025-07-01 08:07:35 INFO: --- Running Job Runtimes ---
2025-07-01 08:07:35 INFO:   - Job: twitter_cluster38-29a4086da0d6d7d60d1dfeb002cb9c3d on clnode303.clemson.cloudlab.us has been running for 2:05:55
2025-07-01 08:07:35 INFO:   - Job: twitter_cluster38-1637bac994bd3009e55ce25a36c9e1a2 on clnode290.clemson.cloudlab.us has been running for 2:05:55
2025-07-01 08:07:35 INFO:   - Job: twitter_cluster38-346473d2c745b2f4a4a9699ff814b19f on clnode290.clemson.cloudlab.us has been running for 2:05:55
2025-07-01 08:07:35 INFO:   - Job: twitter_cluster38-58a9315bee4433060311de1eabd4be42 on clnode287.clemson.cloudlab.us has been running for 2:05:55
2025-07-01 08:07:35 INFO:   - Job: twitter_cluster38-14c5cf93ee3fefc79a3a15a882ba8c72 on clnode290.clemson.cloudlab.us has been running for 2:05:55
2025-07-01 08:07:35 INFO:   - Job: twitter_cluster38-1c56d4d1e9df3be1645048a44a9b7626 on clnode303.clemson.cloudlab.us has been running for 2:05:55
2025-07-01 08:07:35 INFO:   - Job: twitter_cluster38-aad9c61cc44a4df3efa1f5e13b096f8c on clnode286.clemson.cloudlab.us has been running for 2:05:55
2025-07-01 08:07:35 INFO:   - Job: twitter_cluster38-b2acd4030d14d64916f5b7dda9440a28 on clnode286.clemson.cloudlab.us has been running for 2:05:55
2025-07-01 08:07:35 INFO:   - Job: twitter_cluster38-19c28e27ddb6434a1f58f4959bafb3b8 on clnode301.clemson.cloudlab.us has been running for 2:05:55
2025-07-01 08:07:35 INFO:   - Job: twitter_cluster38-9ec28ecc3d82e3ff69cbd3b4218afabf on clnode302.clemson.cloudlab.us has been running for 2:05:55
2025-07-01 08:07:35 INFO:   - Job: twitter_cluster38-1f49fe37e518959c9ccf82662b640f48 on clnode290.clemson.cloudlab.us has been running for 2:05:55
2025-07-01 08:07:35 INFO:   - Job: twitter_cluster38-52986173aa45a8365ddce6cf3bb1be40 on clnode290.clemson.cloudlab.us has been running for 2:05:55
2025-07-01 08:07:35 INFO:   - Job: twitter_cluster38-9607f98485cebb21f4050bcafbe6f726 on clnode287.clemson.cloudlab.us has been running for 2:05:55
2025-07-01 08:07:35 INFO:   - Job: twitter_cluster38-a578d8221827c7d1b4d3bbdf5ae021cd on clnode302.clemson.cloudlab.us has been running for 2:05:55
2025-07-01 08:07:35 INFO: ----------------------------
2025-07-01 08:07:35 INFO: Dumping current state to scheduler_state.json...
2025-07-01 08:07:41 INFO: STATUS: 0 ToDo, 14 Running, 1511 Finished, 0 Failed.
2025-07-01 08:07:41 INFO: Loop finished. Sleeping for 60 seconds.
2025-07-01 08:08:52 INFO: --- System-wide Resource Utilization ---
2025-07-01 08:08:53 INFO:   - Host: clnode302.clemson.cloudlab.us  CPU Util:   2.3% | Mem Free:  80.6%
2025-07-01 08:08:53 INFO:   - Host: clnode290.clemson.cloudlab.us  CPU Util:   5.0% | Mem Free:  61.8%
2025-07-01 08:08:54 INFO:   - Host: clnode303.clemson.cloudlab.us  CPU Util:   1.9% | Mem Free:  84.5%
2025-07-01 08:08:54 INFO:   - Host: clnode287.clemson.cloudlab.us  CPU Util:   2.1% | Mem Free:  79.0%
2025-07-01 08:08:55 INFO:   - Host: clnode301.clemson.cloudlab.us  CPU Util:   1.0% | Mem Free:  88.4%
2025-07-01 08:08:55 INFO:   - Host: clnode286.clemson.cloudlab.us  CPU Util:   2.1% | Mem Free:  84.5%
2025-07-01 08:08:55 INFO: ----------------------------------------
2025-07-01 08:08:55 INFO: --- Running Job Runtimes ---
2025-07-01 08:08:55 INFO:   - Job: twitter_cluster38-29a4086da0d6d7d60d1dfeb002cb9c3d on clnode303.clemson.cloudlab.us has been running for 2:07:16
2025-07-01 08:08:55 INFO:   - Job: twitter_cluster38-1637bac994bd3009e55ce25a36c9e1a2 on clnode290.clemson.cloudlab.us has been running for 2:07:16
2025-07-01 08:08:55 INFO:   - Job: twitter_cluster38-346473d2c745b2f4a4a9699ff814b19f on clnode290.clemson.cloudlab.us has been running for 2:07:16
2025-07-01 08:08:55 INFO:   - Job: twitter_cluster38-58a9315bee4433060311de1eabd4be42 on clnode287.clemson.cloudlab.us has been running for 2:07:16
2025-07-01 08:08:55 INFO:   - Job: twitter_cluster38-14c5cf93ee3fefc79a3a15a882ba8c72 on clnode290.clemson.cloudlab.us has been running for 2:07:16
2025-07-01 08:08:55 INFO:   - Job: twitter_cluster38-1c56d4d1e9df3be1645048a44a9b7626 on clnode303.clemson.cloudlab.us has been running for 2:07:16
2025-07-01 08:08:55 INFO:   - Job: twitter_cluster38-aad9c61cc44a4df3efa1f5e13b096f8c on clnode286.clemson.cloudlab.us has been running for 2:07:16
2025-07-01 08:08:55 INFO:   - Job: twitter_cluster38-b2acd4030d14d64916f5b7dda9440a28 on clnode286.clemson.cloudlab.us has been running for 2:07:16
2025-07-01 08:08:55 INFO:   - Job: twitter_cluster38-19c28e27ddb6434a1f58f4959bafb3b8 on clnode301.clemson.cloudlab.us has been running for 2:07:16
2025-07-01 08:08:55 INFO:   - Job: twitter_cluster38-9ec28ecc3d82e3ff69cbd3b4218afabf on clnode302.clemson.cloudlab.us has been running for 2:07:16
2025-07-01 08:08:55 INFO:   - Job: twitter_cluster38-1f49fe37e518959c9ccf82662b640f48 on clnode290.clemson.cloudlab.us has been running for 2:07:16
2025-07-01 08:08:55 INFO:   - Job: twitter_cluster38-52986173aa45a8365ddce6cf3bb1be40 on clnode290.clemson.cloudlab.us has been running for 2:07:16
2025-07-01 08:08:55 INFO:   - Job: twitter_cluster38-9607f98485cebb21f4050bcafbe6f726 on clnode287.clemson.cloudlab.us has been running for 2:07:16
2025-07-01 08:08:55 INFO:   - Job: twitter_cluster38-a578d8221827c7d1b4d3bbdf5ae021cd on clnode302.clemson.cloudlab.us has been running for 2:07:16
2025-07-01 08:08:55 INFO: ----------------------------
2025-07-01 08:08:55 INFO: Dumping current state to scheduler_state.json...
2025-07-01 08:09:01 INFO: STATUS: 0 ToDo, 14 Running, 1511 Finished, 0 Failed.
2025-07-01 08:09:01 INFO: Loop finished. Sleeping for 60 seconds.
2025-07-01 08:10:12 INFO: --- System-wide Resource Utilization ---
2025-07-01 08:10:13 INFO:   - Host: clnode302.clemson.cloudlab.us  CPU Util:   2.2% | Mem Free:  80.7%
2025-07-01 08:10:14 INFO:   - Host: clnode290.clemson.cloudlab.us  CPU Util:   5.1% | Mem Free:  61.8%
2025-07-01 08:10:14 INFO:   - Host: clnode303.clemson.cloudlab.us  CPU Util:   2.1% | Mem Free:  84.5%
2025-07-01 08:10:15 INFO:   - Host: clnode287.clemson.cloudlab.us  CPU Util:   2.0% | Mem Free:  79.0%
2025-07-01 08:10:15 INFO:   - Host: clnode301.clemson.cloudlab.us  CPU Util:   1.0% | Mem Free:  88.4%
2025-07-01 08:10:16 INFO:   - Host: clnode286.clemson.cloudlab.us  CPU Util:   2.0% | Mem Free:  84.5%
2025-07-01 08:10:16 INFO: ----------------------------------------
2025-07-01 08:10:16 INFO: --- Running Job Runtimes ---
2025-07-01 08:10:16 INFO:   - Job: twitter_cluster38-29a4086da0d6d7d60d1dfeb002cb9c3d on clnode303.clemson.cloudlab.us has been running for 2:08:36
2025-07-01 08:10:16 INFO:   - Job: twitter_cluster38-1637bac994bd3009e55ce25a36c9e1a2 on clnode290.clemson.cloudlab.us has been running for 2:08:36
2025-07-01 08:10:16 INFO:   - Job: twitter_cluster38-346473d2c745b2f4a4a9699ff814b19f on clnode290.clemson.cloudlab.us has been running for 2:08:36
2025-07-01 08:10:16 INFO:   - Job: twitter_cluster38-58a9315bee4433060311de1eabd4be42 on clnode287.clemson.cloudlab.us has been running for 2:08:36
2025-07-01 08:10:16 INFO:   - Job: twitter_cluster38-14c5cf93ee3fefc79a3a15a882ba8c72 on clnode290.clemson.cloudlab.us has been running for 2:08:36
2025-07-01 08:10:16 INFO:   - Job: twitter_cluster38-1c56d4d1e9df3be1645048a44a9b7626 on clnode303.clemson.cloudlab.us has been running for 2:08:36
2025-07-01 08:10:16 INFO:   - Job: twitter_cluster38-aad9c61cc44a4df3efa1f5e13b096f8c on clnode286.clemson.cloudlab.us has been running for 2:08:36
2025-07-01 08:10:16 INFO:   - Job: twitter_cluster38-b2acd4030d14d64916f5b7dda9440a28 on clnode286.clemson.cloudlab.us has been running for 2:08:36
2025-07-01 08:10:16 INFO:   - Job: twitter_cluster38-19c28e27ddb6434a1f58f4959bafb3b8 on clnode301.clemson.cloudlab.us has been running for 2:08:36
2025-07-01 08:10:16 INFO:   - Job: twitter_cluster38-9ec28ecc3d82e3ff69cbd3b4218afabf on clnode302.clemson.cloudlab.us has been running for 2:08:36
2025-07-01 08:10:16 INFO:   - Job: twitter_cluster38-1f49fe37e518959c9ccf82662b640f48 on clnode290.clemson.cloudlab.us has been running for 2:08:36
2025-07-01 08:10:16 INFO:   - Job: twitter_cluster38-52986173aa45a8365ddce6cf3bb1be40 on clnode290.clemson.cloudlab.us has been running for 2:08:36
2025-07-01 08:10:16 INFO:   - Job: twitter_cluster38-9607f98485cebb21f4050bcafbe6f726 on clnode287.clemson.cloudlab.us has been running for 2:08:36
2025-07-01 08:10:16 INFO:   - Job: twitter_cluster38-a578d8221827c7d1b4d3bbdf5ae021cd on clnode302.clemson.cloudlab.us has been running for 2:08:36
2025-07-01 08:10:16 INFO: ----------------------------
2025-07-01 08:10:16 INFO: Dumping current state to scheduler_state.json...
2025-07-01 08:10:21 INFO: STATUS: 0 ToDo, 14 Running, 1511 Finished, 0 Failed.
2025-07-01 08:10:21 INFO: Loop finished. Sleeping for 60 seconds.
2025-07-01 08:11:33 INFO: --- System-wide Resource Utilization ---
2025-07-01 08:11:34 INFO:   - Host: clnode302.clemson.cloudlab.us  CPU Util:   2.1% | Mem Free:  80.7%
2025-07-01 08:11:34 INFO:   - Host: clnode290.clemson.cloudlab.us  CPU Util:   5.3% | Mem Free:  61.8%
2025-07-01 08:11:35 INFO:   - Host: clnode303.clemson.cloudlab.us  CPU Util:   2.1% | Mem Free:  84.5%
2025-07-01 08:11:35 INFO:   - Host: clnode287.clemson.cloudlab.us  CPU Util:   2.1% | Mem Free:  79.0%
2025-07-01 08:11:36 INFO:   - Host: clnode301.clemson.cloudlab.us  CPU Util:   1.1% | Mem Free:  88.4%
2025-07-01 08:11:36 INFO:   - Host: clnode286.clemson.cloudlab.us  CPU Util:   2.1% | Mem Free:  84.5%
2025-07-01 08:11:36 INFO: ----------------------------------------
2025-07-01 08:11:36 INFO: --- Running Job Runtimes ---
2025-07-01 08:11:36 INFO:   - Job: twitter_cluster38-29a4086da0d6d7d60d1dfeb002cb9c3d on clnode303.clemson.cloudlab.us has been running for 2:09:57
2025-07-01 08:11:36 INFO:   - Job: twitter_cluster38-1637bac994bd3009e55ce25a36c9e1a2 on clnode290.clemson.cloudlab.us has been running for 2:09:57
2025-07-01 08:11:36 INFO:   - Job: twitter_cluster38-346473d2c745b2f4a4a9699ff814b19f on clnode290.clemson.cloudlab.us has been running for 2:09:57
2025-07-01 08:11:36 INFO:   - Job: twitter_cluster38-58a9315bee4433060311de1eabd4be42 on clnode287.clemson.cloudlab.us has been running for 2:09:57
2025-07-01 08:11:36 INFO:   - Job: twitter_cluster38-14c5cf93ee3fefc79a3a15a882ba8c72 on clnode290.clemson.cloudlab.us has been running for 2:09:57
2025-07-01 08:11:36 INFO:   - Job: twitter_cluster38-1c56d4d1e9df3be1645048a44a9b7626 on clnode303.clemson.cloudlab.us has been running for 2:09:57
2025-07-01 08:11:36 INFO:   - Job: twitter_cluster38-aad9c61cc44a4df3efa1f5e13b096f8c on clnode286.clemson.cloudlab.us has been running for 2:09:57
2025-07-01 08:11:36 INFO:   - Job: twitter_cluster38-b2acd4030d14d64916f5b7dda9440a28 on clnode286.clemson.cloudlab.us has been running for 2:09:57
2025-07-01 08:11:36 INFO:   - Job: twitter_cluster38-19c28e27ddb6434a1f58f4959bafb3b8 on clnode301.clemson.cloudlab.us has been running for 2:09:57
2025-07-01 08:11:36 INFO:   - Job: twitter_cluster38-9ec28ecc3d82e3ff69cbd3b4218afabf on clnode302.clemson.cloudlab.us has been running for 2:09:57
2025-07-01 08:11:36 INFO:   - Job: twitter_cluster38-1f49fe37e518959c9ccf82662b640f48 on clnode290.clemson.cloudlab.us has been running for 2:09:57
2025-07-01 08:11:36 INFO:   - Job: twitter_cluster38-52986173aa45a8365ddce6cf3bb1be40 on clnode290.clemson.cloudlab.us has been running for 2:09:57
2025-07-01 08:11:36 INFO:   - Job: twitter_cluster38-9607f98485cebb21f4050bcafbe6f726 on clnode287.clemson.cloudlab.us has been running for 2:09:57
2025-07-01 08:11:36 INFO:   - Job: twitter_cluster38-a578d8221827c7d1b4d3bbdf5ae021cd on clnode302.clemson.cloudlab.us has been running for 2:09:57
2025-07-01 08:11:36 INFO: ----------------------------
2025-07-01 08:11:36 INFO: Dumping current state to scheduler_state.json...
2025-07-01 08:11:42 INFO: STATUS: 0 ToDo, 14 Running, 1511 Finished, 0 Failed.
2025-07-01 08:11:42 INFO: Loop finished. Sleeping for 60 seconds.
2025-07-01 08:12:54 INFO: --- System-wide Resource Utilization ---
2025-07-01 08:12:54 INFO:   - Host: clnode302.clemson.cloudlab.us  CPU Util:   2.3% | Mem Free:  80.7%
2025-07-01 08:12:55 INFO:   - Host: clnode290.clemson.cloudlab.us  CPU Util:   5.1% | Mem Free:  61.8%
2025-07-01 08:12:55 INFO:   - Host: clnode303.clemson.cloudlab.us  CPU Util:   2.1% | Mem Free:  84.5%
2025-07-01 08:12:56 INFO:   - Host: clnode287.clemson.cloudlab.us  CPU Util:   2.0% | Mem Free:  79.0%
2025-07-01 08:12:56 INFO:   - Host: clnode301.clemson.cloudlab.us  CPU Util:   1.1% | Mem Free:  88.4%
2025-07-01 08:12:57 INFO:   - Host: clnode286.clemson.cloudlab.us  CPU Util:   2.2% | Mem Free:  84.5%
2025-07-01 08:12:57 INFO: ----------------------------------------
2025-07-01 08:12:57 INFO: --- Running Job Runtimes ---
2025-07-01 08:12:57 INFO:   - Job: twitter_cluster38-29a4086da0d6d7d60d1dfeb002cb9c3d on clnode303.clemson.cloudlab.us has been running for 2:11:17
2025-07-01 08:12:57 INFO:   - Job: twitter_cluster38-1637bac994bd3009e55ce25a36c9e1a2 on clnode290.clemson.cloudlab.us has been running for 2:11:17
2025-07-01 08:12:57 INFO:   - Job: twitter_cluster38-346473d2c745b2f4a4a9699ff814b19f on clnode290.clemson.cloudlab.us has been running for 2:11:17
2025-07-01 08:12:57 INFO:   - Job: twitter_cluster38-58a9315bee4433060311de1eabd4be42 on clnode287.clemson.cloudlab.us has been running for 2:11:17
2025-07-01 08:12:57 INFO:   - Job: twitter_cluster38-14c5cf93ee3fefc79a3a15a882ba8c72 on clnode290.clemson.cloudlab.us has been running for 2:11:17
2025-07-01 08:12:57 INFO:   - Job: twitter_cluster38-1c56d4d1e9df3be1645048a44a9b7626 on clnode303.clemson.cloudlab.us has been running for 2:11:17
2025-07-01 08:12:57 INFO:   - Job: twitter_cluster38-aad9c61cc44a4df3efa1f5e13b096f8c on clnode286.clemson.cloudlab.us has been running for 2:11:17
2025-07-01 08:12:57 INFO:   - Job: twitter_cluster38-b2acd4030d14d64916f5b7dda9440a28 on clnode286.clemson.cloudlab.us has been running for 2:11:17
2025-07-01 08:12:57 INFO:   - Job: twitter_cluster38-19c28e27ddb6434a1f58f4959bafb3b8 on clnode301.clemson.cloudlab.us has been running for 2:11:17
2025-07-01 08:12:57 INFO:   - Job: twitter_cluster38-9ec28ecc3d82e3ff69cbd3b4218afabf on clnode302.clemson.cloudlab.us has been running for 2:11:17
2025-07-01 08:12:57 INFO:   - Job: twitter_cluster38-1f49fe37e518959c9ccf82662b640f48 on clnode290.clemson.cloudlab.us has been running for 2:11:17
2025-07-01 08:12:57 INFO:   - Job: twitter_cluster38-52986173aa45a8365ddce6cf3bb1be40 on clnode290.clemson.cloudlab.us has been running for 2:11:17
2025-07-01 08:12:57 INFO:   - Job: twitter_cluster38-9607f98485cebb21f4050bcafbe6f726 on clnode287.clemson.cloudlab.us has been running for 2:11:17
2025-07-01 08:12:57 INFO:   - Job: twitter_cluster38-a578d8221827c7d1b4d3bbdf5ae021cd on clnode302.clemson.cloudlab.us has been running for 2:11:17
2025-07-01 08:12:57 INFO: ----------------------------
2025-07-01 08:12:57 INFO: Dumping current state to scheduler_state.json...
2025-07-01 08:13:02 INFO: STATUS: 0 ToDo, 14 Running, 1511 Finished, 0 Failed.
2025-07-01 08:13:03 INFO: Loop finished. Sleeping for 60 seconds.
2025-07-01 08:14:14 INFO: --- System-wide Resource Utilization ---
2025-07-01 08:14:14 INFO:   - Host: clnode302.clemson.cloudlab.us  CPU Util:   2.1% | Mem Free:  80.7%
2025-07-01 08:14:15 INFO:   - Host: clnode290.clemson.cloudlab.us  CPU Util:   4.8% | Mem Free:  61.8%
2025-07-01 08:14:16 INFO:   - Host: clnode303.clemson.cloudlab.us  CPU Util:   2.1% | Mem Free:  84.5%
2025-07-01 08:14:16 INFO:   - Host: clnode287.clemson.cloudlab.us  CPU Util:   2.1% | Mem Free:  79.0%
2025-07-01 08:14:17 INFO:   - Host: clnode301.clemson.cloudlab.us  CPU Util:   1.1% | Mem Free:  88.4%
2025-07-01 08:14:17 INFO:   - Host: clnode286.clemson.cloudlab.us  CPU Util:   2.0% | Mem Free:  84.5%
2025-07-01 08:14:17 INFO: ----------------------------------------
2025-07-01 08:14:17 INFO: --- Running Job Runtimes ---
2025-07-01 08:14:17 INFO:   - Job: twitter_cluster38-29a4086da0d6d7d60d1dfeb002cb9c3d on clnode303.clemson.cloudlab.us has been running for 2:12:37
2025-07-01 08:14:17 INFO:   - Job: twitter_cluster38-1637bac994bd3009e55ce25a36c9e1a2 on clnode290.clemson.cloudlab.us has been running for 2:12:37
2025-07-01 08:14:17 INFO:   - Job: twitter_cluster38-346473d2c745b2f4a4a9699ff814b19f on clnode290.clemson.cloudlab.us has been running for 2:12:37
2025-07-01 08:14:17 INFO:   - Job: twitter_cluster38-58a9315bee4433060311de1eabd4be42 on clnode287.clemson.cloudlab.us has been running for 2:12:37
2025-07-01 08:14:17 INFO:   - Job: twitter_cluster38-14c5cf93ee3fefc79a3a15a882ba8c72 on clnode290.clemson.cloudlab.us has been running for 2:12:37
2025-07-01 08:14:17 INFO:   - Job: twitter_cluster38-1c56d4d1e9df3be1645048a44a9b7626 on clnode303.clemson.cloudlab.us has been running for 2:12:37
2025-07-01 08:14:17 INFO:   - Job: twitter_cluster38-aad9c61cc44a4df3efa1f5e13b096f8c on clnode286.clemson.cloudlab.us has been running for 2:12:37
2025-07-01 08:14:17 INFO:   - Job: twitter_cluster38-b2acd4030d14d64916f5b7dda9440a28 on clnode286.clemson.cloudlab.us has been running for 2:12:37
2025-07-01 08:14:17 INFO:   - Job: twitter_cluster38-19c28e27ddb6434a1f58f4959bafb3b8 on clnode301.clemson.cloudlab.us has been running for 2:12:37
2025-07-01 08:14:17 INFO:   - Job: twitter_cluster38-9ec28ecc3d82e3ff69cbd3b4218afabf on clnode302.clemson.cloudlab.us has been running for 2:12:37
2025-07-01 08:14:17 INFO:   - Job: twitter_cluster38-1f49fe37e518959c9ccf82662b640f48 on clnode290.clemson.cloudlab.us has been running for 2:12:37
2025-07-01 08:14:17 INFO:   - Job: twitter_cluster38-52986173aa45a8365ddce6cf3bb1be40 on clnode290.clemson.cloudlab.us has been running for 2:12:37
2025-07-01 08:14:17 INFO:   - Job: twitter_cluster38-9607f98485cebb21f4050bcafbe6f726 on clnode287.clemson.cloudlab.us has been running for 2:12:37
2025-07-01 08:14:17 INFO:   - Job: twitter_cluster38-a578d8221827c7d1b4d3bbdf5ae021cd on clnode302.clemson.cloudlab.us has been running for 2:12:37
2025-07-01 08:14:17 INFO: ----------------------------
2025-07-01 08:14:17 INFO: Dumping current state to scheduler_state.json...
2025-07-01 08:14:23 INFO: STATUS: 0 ToDo, 14 Running, 1511 Finished, 0 Failed.
2025-07-01 08:14:23 INFO: Loop finished. Sleeping for 60 seconds.
2025-07-01 08:15:34 INFO: --- System-wide Resource Utilization ---
2025-07-01 08:15:35 INFO:   - Host: clnode302.clemson.cloudlab.us  CPU Util:   2.1% | Mem Free:  80.7%
2025-07-01 08:15:35 INFO:   - Host: clnode290.clemson.cloudlab.us  CPU Util:   5.1% | Mem Free:  61.8%
2025-07-01 08:15:36 INFO:   - Host: clnode303.clemson.cloudlab.us  CPU Util:   2.1% | Mem Free:  84.5%
2025-07-01 08:15:37 INFO:   - Host: clnode287.clemson.cloudlab.us  CPU Util:   2.4% | Mem Free:  79.0%
2025-07-01 08:15:37 INFO:   - Host: clnode301.clemson.cloudlab.us  CPU Util:   1.0% | Mem Free:  88.4%
2025-07-01 08:15:38 INFO:   - Host: clnode286.clemson.cloudlab.us  CPU Util:   2.0% | Mem Free:  84.5%
2025-07-01 08:15:38 INFO: ----------------------------------------
2025-07-01 08:15:38 INFO: --- Running Job Runtimes ---
2025-07-01 08:15:38 INFO:   - Job: twitter_cluster38-29a4086da0d6d7d60d1dfeb002cb9c3d on clnode303.clemson.cloudlab.us has been running for 2:13:58
2025-07-01 08:15:38 INFO:   - Job: twitter_cluster38-1637bac994bd3009e55ce25a36c9e1a2 on clnode290.clemson.cloudlab.us has been running for 2:13:58
2025-07-01 08:15:38 INFO:   - Job: twitter_cluster38-346473d2c745b2f4a4a9699ff814b19f on clnode290.clemson.cloudlab.us has been running for 2:13:58
2025-07-01 08:15:38 INFO:   - Job: twitter_cluster38-58a9315bee4433060311de1eabd4be42 on clnode287.clemson.cloudlab.us has been running for 2:13:58
2025-07-01 08:15:38 INFO:   - Job: twitter_cluster38-14c5cf93ee3fefc79a3a15a882ba8c72 on clnode290.clemson.cloudlab.us has been running for 2:13:58
2025-07-01 08:15:38 INFO:   - Job: twitter_cluster38-1c56d4d1e9df3be1645048a44a9b7626 on clnode303.clemson.cloudlab.us has been running for 2:13:58
2025-07-01 08:15:38 INFO:   - Job: twitter_cluster38-aad9c61cc44a4df3efa1f5e13b096f8c on clnode286.clemson.cloudlab.us has been running for 2:13:58
2025-07-01 08:15:38 INFO:   - Job: twitter_cluster38-b2acd4030d14d64916f5b7dda9440a28 on clnode286.clemson.cloudlab.us has been running for 2:13:58
2025-07-01 08:15:38 INFO:   - Job: twitter_cluster38-19c28e27ddb6434a1f58f4959bafb3b8 on clnode301.clemson.cloudlab.us has been running for 2:13:58
2025-07-01 08:15:38 INFO:   - Job: twitter_cluster38-9ec28ecc3d82e3ff69cbd3b4218afabf on clnode302.clemson.cloudlab.us has been running for 2:13:58
2025-07-01 08:15:38 INFO:   - Job: twitter_cluster38-1f49fe37e518959c9ccf82662b640f48 on clnode290.clemson.cloudlab.us has been running for 2:13:58
2025-07-01 08:15:38 INFO:   - Job: twitter_cluster38-52986173aa45a8365ddce6cf3bb1be40 on clnode290.clemson.cloudlab.us has been running for 2:13:58
2025-07-01 08:15:38 INFO:   - Job: twitter_cluster38-9607f98485cebb21f4050bcafbe6f726 on clnode287.clemson.cloudlab.us has been running for 2:13:58
2025-07-01 08:15:38 INFO:   - Job: twitter_cluster38-a578d8221827c7d1b4d3bbdf5ae021cd on clnode302.clemson.cloudlab.us has been running for 2:13:58
2025-07-01 08:15:38 INFO: ----------------------------
2025-07-01 08:15:38 INFO: Dumping current state to scheduler_state.json...
2025-07-01 08:15:43 INFO: STATUS: 0 ToDo, 14 Running, 1511 Finished, 0 Failed.
2025-07-01 08:15:44 INFO: Loop finished. Sleeping for 60 seconds.
2025-07-01 08:16:55 INFO: --- System-wide Resource Utilization ---
2025-07-01 08:16:55 INFO:   - Host: clnode302.clemson.cloudlab.us  CPU Util:   2.0% | Mem Free:  80.7%
2025-07-01 08:16:56 INFO:   - Host: clnode290.clemson.cloudlab.us  CPU Util:   5.2% | Mem Free:  61.8%
2025-07-01 08:16:57 INFO:   - Host: clnode303.clemson.cloudlab.us  CPU Util:   2.1% | Mem Free:  84.5%
2025-07-01 08:16:57 INFO:   - Host: clnode287.clemson.cloudlab.us  CPU Util:   2.2% | Mem Free:  79.0%
2025-07-01 08:16:58 INFO:   - Host: clnode301.clemson.cloudlab.us  CPU Util:   1.0% | Mem Free:  88.4%
2025-07-01 08:16:58 INFO:   - Host: clnode286.clemson.cloudlab.us  CPU Util:   2.1% | Mem Free:  84.5%
2025-07-01 08:16:58 INFO: ----------------------------------------
2025-07-01 08:16:58 INFO: --- Running Job Runtimes ---
2025-07-01 08:16:58 INFO:   - Job: twitter_cluster38-29a4086da0d6d7d60d1dfeb002cb9c3d on clnode303.clemson.cloudlab.us has been running for 2:15:18
2025-07-01 08:16:58 INFO:   - Job: twitter_cluster38-1637bac994bd3009e55ce25a36c9e1a2 on clnode290.clemson.cloudlab.us has been running for 2:15:18
2025-07-01 08:16:58 INFO:   - Job: twitter_cluster38-346473d2c745b2f4a4a9699ff814b19f on clnode290.clemson.cloudlab.us has been running for 2:15:18
2025-07-01 08:16:58 INFO:   - Job: twitter_cluster38-58a9315bee4433060311de1eabd4be42 on clnode287.clemson.cloudlab.us has been running for 2:15:18
2025-07-01 08:16:58 INFO:   - Job: twitter_cluster38-14c5cf93ee3fefc79a3a15a882ba8c72 on clnode290.clemson.cloudlab.us has been running for 2:15:18
2025-07-01 08:16:58 INFO:   - Job: twitter_cluster38-1c56d4d1e9df3be1645048a44a9b7626 on clnode303.clemson.cloudlab.us has been running for 2:15:18
2025-07-01 08:16:58 INFO:   - Job: twitter_cluster38-aad9c61cc44a4df3efa1f5e13b096f8c on clnode286.clemson.cloudlab.us has been running for 2:15:18
2025-07-01 08:16:58 INFO:   - Job: twitter_cluster38-b2acd4030d14d64916f5b7dda9440a28 on clnode286.clemson.cloudlab.us has been running for 2:15:18
2025-07-01 08:16:58 INFO:   - Job: twitter_cluster38-19c28e27ddb6434a1f58f4959bafb3b8 on clnode301.clemson.cloudlab.us has been running for 2:15:18
2025-07-01 08:16:58 INFO:   - Job: twitter_cluster38-9ec28ecc3d82e3ff69cbd3b4218afabf on clnode302.clemson.cloudlab.us has been running for 2:15:18
2025-07-01 08:16:58 INFO:   - Job: twitter_cluster38-1f49fe37e518959c9ccf82662b640f48 on clnode290.clemson.cloudlab.us has been running for 2:15:18
2025-07-01 08:16:58 INFO:   - Job: twitter_cluster38-52986173aa45a8365ddce6cf3bb1be40 on clnode290.clemson.cloudlab.us has been running for 2:15:18
2025-07-01 08:16:58 INFO:   - Job: twitter_cluster38-9607f98485cebb21f4050bcafbe6f726 on clnode287.clemson.cloudlab.us has been running for 2:15:18
2025-07-01 08:16:58 INFO:   - Job: twitter_cluster38-a578d8221827c7d1b4d3bbdf5ae021cd on clnode302.clemson.cloudlab.us has been running for 2:15:18
2025-07-01 08:16:58 INFO: ----------------------------
2025-07-01 08:16:58 INFO: Dumping current state to scheduler_state.json...
2025-07-01 08:17:04 INFO: STATUS: 0 ToDo, 14 Running, 1511 Finished, 0 Failed.
2025-07-01 08:17:04 INFO: Loop finished. Sleeping for 60 seconds.
2025-07-01 08:18:15 INFO: --- System-wide Resource Utilization ---
2025-07-01 08:18:16 INFO:   - Host: clnode302.clemson.cloudlab.us  CPU Util:   2.1% | Mem Free:  80.7%
2025-07-01 08:18:17 INFO:   - Host: clnode290.clemson.cloudlab.us  CPU Util:   5.0% | Mem Free:  61.8%
2025-07-01 08:18:17 INFO:   - Host: clnode303.clemson.cloudlab.us  CPU Util:   2.2% | Mem Free:  84.5%
2025-07-01 08:18:18 INFO:   - Host: clnode287.clemson.cloudlab.us  CPU Util:   2.0% | Mem Free:  79.0%
2025-07-01 08:18:18 INFO:   - Host: clnode301.clemson.cloudlab.us  CPU Util:   1.0% | Mem Free:  88.4%
2025-07-01 08:18:19 INFO:   - Host: clnode286.clemson.cloudlab.us  CPU Util:   2.3% | Mem Free:  84.5%
2025-07-01 08:18:19 INFO: ----------------------------------------
2025-07-01 08:18:19 INFO: --- Running Job Runtimes ---
2025-07-01 08:18:19 INFO:   - Job: twitter_cluster38-29a4086da0d6d7d60d1dfeb002cb9c3d on clnode303.clemson.cloudlab.us has been running for 2:16:39
2025-07-01 08:18:19 INFO:   - Job: twitter_cluster38-1637bac994bd3009e55ce25a36c9e1a2 on clnode290.clemson.cloudlab.us has been running for 2:16:39
2025-07-01 08:18:19 INFO:   - Job: twitter_cluster38-346473d2c745b2f4a4a9699ff814b19f on clnode290.clemson.cloudlab.us has been running for 2:16:39
2025-07-01 08:18:19 INFO:   - Job: twitter_cluster38-58a9315bee4433060311de1eabd4be42 on clnode287.clemson.cloudlab.us has been running for 2:16:39
2025-07-01 08:18:19 INFO:   - Job: twitter_cluster38-14c5cf93ee3fefc79a3a15a882ba8c72 on clnode290.clemson.cloudlab.us has been running for 2:16:39
2025-07-01 08:18:19 INFO:   - Job: twitter_cluster38-1c56d4d1e9df3be1645048a44a9b7626 on clnode303.clemson.cloudlab.us has been running for 2:16:39
2025-07-01 08:18:19 INFO:   - Job: twitter_cluster38-aad9c61cc44a4df3efa1f5e13b096f8c on clnode286.clemson.cloudlab.us has been running for 2:16:39
2025-07-01 08:18:19 INFO:   - Job: twitter_cluster38-b2acd4030d14d64916f5b7dda9440a28 on clnode286.clemson.cloudlab.us has been running for 2:16:39
2025-07-01 08:18:19 INFO:   - Job: twitter_cluster38-19c28e27ddb6434a1f58f4959bafb3b8 on clnode301.clemson.cloudlab.us has been running for 2:16:39
2025-07-01 08:18:19 INFO:   - Job: twitter_cluster38-9ec28ecc3d82e3ff69cbd3b4218afabf on clnode302.clemson.cloudlab.us has been running for 2:16:39
2025-07-01 08:18:19 INFO:   - Job: twitter_cluster38-1f49fe37e518959c9ccf82662b640f48 on clnode290.clemson.cloudlab.us has been running for 2:16:39
2025-07-01 08:18:19 INFO:   - Job: twitter_cluster38-52986173aa45a8365ddce6cf3bb1be40 on clnode290.clemson.cloudlab.us has been running for 2:16:39
2025-07-01 08:18:19 INFO:   - Job: twitter_cluster38-9607f98485cebb21f4050bcafbe6f726 on clnode287.clemson.cloudlab.us has been running for 2:16:39
2025-07-01 08:18:19 INFO:   - Job: twitter_cluster38-a578d8221827c7d1b4d3bbdf5ae021cd on clnode302.clemson.cloudlab.us has been running for 2:16:39
2025-07-01 08:18:19 INFO: ----------------------------
2025-07-01 08:18:19 INFO: Dumping current state to scheduler_state.json...
2025-07-01 08:18:24 INFO: STATUS: 0 ToDo, 14 Running, 1511 Finished, 0 Failed.
2025-07-01 08:18:25 INFO: Loop finished. Sleeping for 60 seconds.
2025-07-01 08:19:36 INFO: --- System-wide Resource Utilization ---
2025-07-01 08:19:36 INFO:   - Host: clnode302.clemson.cloudlab.us  CPU Util:   2.4% | Mem Free:  80.6%
2025-07-01 08:19:37 INFO:   - Host: clnode290.clemson.cloudlab.us  CPU Util:   5.0% | Mem Free:  61.8%
2025-07-01 08:19:37 INFO:   - Host: clnode303.clemson.cloudlab.us  CPU Util:   2.2% | Mem Free:  84.5%
2025-07-01 08:19:38 INFO:   - Host: clnode287.clemson.cloudlab.us  CPU Util:   1.9% | Mem Free:  79.0%
2025-07-01 08:19:38 INFO:   - Host: clnode301.clemson.cloudlab.us  CPU Util:   1.1% | Mem Free:  88.4%
2025-07-01 08:19:39 INFO:   - Host: clnode286.clemson.cloudlab.us  CPU Util:   2.2% | Mem Free:  84.5%
2025-07-01 08:19:39 INFO: ----------------------------------------
2025-07-01 08:19:39 INFO: --- Running Job Runtimes ---
2025-07-01 08:19:39 INFO:   - Job: twitter_cluster38-29a4086da0d6d7d60d1dfeb002cb9c3d on clnode303.clemson.cloudlab.us has been running for 2:17:59
2025-07-01 08:19:39 INFO:   - Job: twitter_cluster38-1637bac994bd3009e55ce25a36c9e1a2 on clnode290.clemson.cloudlab.us has been running for 2:17:59
2025-07-01 08:19:39 INFO:   - Job: twitter_cluster38-346473d2c745b2f4a4a9699ff814b19f on clnode290.clemson.cloudlab.us has been running for 2:17:59
2025-07-01 08:19:39 INFO:   - Job: twitter_cluster38-58a9315bee4433060311de1eabd4be42 on clnode287.clemson.cloudlab.us has been running for 2:17:59
2025-07-01 08:19:39 INFO:   - Job: twitter_cluster38-14c5cf93ee3fefc79a3a15a882ba8c72 on clnode290.clemson.cloudlab.us has been running for 2:17:59
2025-07-01 08:19:39 INFO:   - Job: twitter_cluster38-1c56d4d1e9df3be1645048a44a9b7626 on clnode303.clemson.cloudlab.us has been running for 2:17:59
2025-07-01 08:19:39 INFO:   - Job: twitter_cluster38-aad9c61cc44a4df3efa1f5e13b096f8c on clnode286.clemson.cloudlab.us has been running for 2:17:59
2025-07-01 08:19:39 INFO:   - Job: twitter_cluster38-b2acd4030d14d64916f5b7dda9440a28 on clnode286.clemson.cloudlab.us has been running for 2:17:59
2025-07-01 08:19:39 INFO:   - Job: twitter_cluster38-19c28e27ddb6434a1f58f4959bafb3b8 on clnode301.clemson.cloudlab.us has been running for 2:17:59
2025-07-01 08:19:39 INFO:   - Job: twitter_cluster38-9ec28ecc3d82e3ff69cbd3b4218afabf on clnode302.clemson.cloudlab.us has been running for 2:17:59
2025-07-01 08:19:39 INFO:   - Job: twitter_cluster38-1f49fe37e518959c9ccf82662b640f48 on clnode290.clemson.cloudlab.us has been running for 2:17:59
2025-07-01 08:19:39 INFO:   - Job: twitter_cluster38-52986173aa45a8365ddce6cf3bb1be40 on clnode290.clemson.cloudlab.us has been running for 2:17:59
2025-07-01 08:19:39 INFO:   - Job: twitter_cluster38-9607f98485cebb21f4050bcafbe6f726 on clnode287.clemson.cloudlab.us has been running for 2:17:59
2025-07-01 08:19:39 INFO:   - Job: twitter_cluster38-a578d8221827c7d1b4d3bbdf5ae021cd on clnode302.clemson.cloudlab.us has been running for 2:17:59
2025-07-01 08:19:39 INFO: ----------------------------
2025-07-01 08:19:39 INFO: Dumping current state to scheduler_state.json...
2025-07-01 08:19:45 INFO: STATUS: 0 ToDo, 14 Running, 1511 Finished, 0 Failed.
2025-07-01 08:19:45 INFO: Loop finished. Sleeping for 60 seconds.
2025-07-01 08:20:56 INFO: --- System-wide Resource Utilization ---
2025-07-01 08:20:57 INFO:   - Host: clnode302.clemson.cloudlab.us  CPU Util:   2.1% | Mem Free:  80.7%
2025-07-01 08:20:57 INFO:   - Host: clnode290.clemson.cloudlab.us  CPU Util:   5.1% | Mem Free:  61.8%
2025-07-01 08:20:58 INFO:   - Host: clnode303.clemson.cloudlab.us  CPU Util:   2.0% | Mem Free:  84.5%
2025-07-01 08:20:59 INFO:   - Host: clnode287.clemson.cloudlab.us  CPU Util:   2.4% | Mem Free:  79.0%
2025-07-01 08:20:59 INFO:   - Host: clnode301.clemson.cloudlab.us  CPU Util:   1.0% | Mem Free:  88.4%
2025-07-01 08:21:00 INFO:   - Host: clnode286.clemson.cloudlab.us  CPU Util:   2.1% | Mem Free:  84.5%
2025-07-01 08:21:00 INFO: ----------------------------------------
2025-07-01 08:21:00 INFO: --- Running Job Runtimes ---
2025-07-01 08:21:00 INFO:   - Job: twitter_cluster38-29a4086da0d6d7d60d1dfeb002cb9c3d on clnode303.clemson.cloudlab.us has been running for 2:19:20
2025-07-01 08:21:00 INFO:   - Job: twitter_cluster38-1637bac994bd3009e55ce25a36c9e1a2 on clnode290.clemson.cloudlab.us has been running for 2:19:20
2025-07-01 08:21:00 INFO:   - Job: twitter_cluster38-346473d2c745b2f4a4a9699ff814b19f on clnode290.clemson.cloudlab.us has been running for 2:19:20
2025-07-01 08:21:00 INFO:   - Job: twitter_cluster38-58a9315bee4433060311de1eabd4be42 on clnode287.clemson.cloudlab.us has been running for 2:19:20
2025-07-01 08:21:00 INFO:   - Job: twitter_cluster38-14c5cf93ee3fefc79a3a15a882ba8c72 on clnode290.clemson.cloudlab.us has been running for 2:19:20
2025-07-01 08:21:00 INFO:   - Job: twitter_cluster38-1c56d4d1e9df3be1645048a44a9b7626 on clnode303.clemson.cloudlab.us has been running for 2:19:20
2025-07-01 08:21:00 INFO:   - Job: twitter_cluster38-aad9c61cc44a4df3efa1f5e13b096f8c on clnode286.clemson.cloudlab.us has been running for 2:19:20
2025-07-01 08:21:00 INFO:   - Job: twitter_cluster38-b2acd4030d14d64916f5b7dda9440a28 on clnode286.clemson.cloudlab.us has been running for 2:19:20
2025-07-01 08:21:00 INFO:   - Job: twitter_cluster38-19c28e27ddb6434a1f58f4959bafb3b8 on clnode301.clemson.cloudlab.us has been running for 2:19:20
2025-07-01 08:21:00 INFO:   - Job: twitter_cluster38-9ec28ecc3d82e3ff69cbd3b4218afabf on clnode302.clemson.cloudlab.us has been running for 2:19:20
2025-07-01 08:21:00 INFO:   - Job: twitter_cluster38-1f49fe37e518959c9ccf82662b640f48 on clnode290.clemson.cloudlab.us has been running for 2:19:20
2025-07-01 08:21:00 INFO:   - Job: twitter_cluster38-52986173aa45a8365ddce6cf3bb1be40 on clnode290.clemson.cloudlab.us has been running for 2:19:20
2025-07-01 08:21:00 INFO:   - Job: twitter_cluster38-9607f98485cebb21f4050bcafbe6f726 on clnode287.clemson.cloudlab.us has been running for 2:19:20
2025-07-01 08:21:00 INFO:   - Job: twitter_cluster38-a578d8221827c7d1b4d3bbdf5ae021cd on clnode302.clemson.cloudlab.us has been running for 2:19:20
2025-07-01 08:21:00 INFO: ----------------------------
2025-07-01 08:21:00 INFO: Dumping current state to scheduler_state.json...
2025-07-01 08:21:05 INFO: STATUS: 0 ToDo, 14 Running, 1511 Finished, 0 Failed.
2025-07-01 08:21:06 INFO: Loop finished. Sleeping for 60 seconds.
2025-07-01 08:22:17 INFO: --- System-wide Resource Utilization ---
2025-07-01 08:22:17 INFO:   - Host: clnode302.clemson.cloudlab.us  CPU Util:   2.3% | Mem Free:  80.7%
2025-07-01 08:22:18 INFO:   - Host: clnode290.clemson.cloudlab.us  CPU Util:   5.2% | Mem Free:  61.8%
2025-07-01 08:22:19 INFO:   - Host: clnode303.clemson.cloudlab.us  CPU Util:   1.9% | Mem Free:  84.5%
2025-07-01 08:22:19 INFO:   - Host: clnode287.clemson.cloudlab.us  CPU Util:   2.1% | Mem Free:  79.0%
2025-07-01 08:22:20 INFO:   - Host: clnode301.clemson.cloudlab.us  CPU Util:   1.0% | Mem Free:  88.4%
2025-07-01 08:22:20 INFO:   - Host: clnode286.clemson.cloudlab.us  CPU Util:   2.1% | Mem Free:  84.5%
2025-07-01 08:22:20 INFO: ----------------------------------------
2025-07-01 08:22:20 INFO: --- Running Job Runtimes ---
2025-07-01 08:22:20 INFO:   - Job: twitter_cluster38-29a4086da0d6d7d60d1dfeb002cb9c3d on clnode303.clemson.cloudlab.us has been running for 2:20:40
2025-07-01 08:22:20 INFO:   - Job: twitter_cluster38-1637bac994bd3009e55ce25a36c9e1a2 on clnode290.clemson.cloudlab.us has been running for 2:20:40
2025-07-01 08:22:20 INFO:   - Job: twitter_cluster38-346473d2c745b2f4a4a9699ff814b19f on clnode290.clemson.cloudlab.us has been running for 2:20:40
2025-07-01 08:22:20 INFO:   - Job: twitter_cluster38-58a9315bee4433060311de1eabd4be42 on clnode287.clemson.cloudlab.us has been running for 2:20:40
2025-07-01 08:22:20 INFO:   - Job: twitter_cluster38-14c5cf93ee3fefc79a3a15a882ba8c72 on clnode290.clemson.cloudlab.us has been running for 2:20:40
2025-07-01 08:22:20 INFO:   - Job: twitter_cluster38-1c56d4d1e9df3be1645048a44a9b7626 on clnode303.clemson.cloudlab.us has been running for 2:20:40
2025-07-01 08:22:20 INFO:   - Job: twitter_cluster38-aad9c61cc44a4df3efa1f5e13b096f8c on clnode286.clemson.cloudlab.us has been running for 2:20:40
2025-07-01 08:22:20 INFO:   - Job: twitter_cluster38-b2acd4030d14d64916f5b7dda9440a28 on clnode286.clemson.cloudlab.us has been running for 2:20:40
2025-07-01 08:22:20 INFO:   - Job: twitter_cluster38-19c28e27ddb6434a1f58f4959bafb3b8 on clnode301.clemson.cloudlab.us has been running for 2:20:40
2025-07-01 08:22:20 INFO:   - Job: twitter_cluster38-9ec28ecc3d82e3ff69cbd3b4218afabf on clnode302.clemson.cloudlab.us has been running for 2:20:40
2025-07-01 08:22:20 INFO:   - Job: twitter_cluster38-1f49fe37e518959c9ccf82662b640f48 on clnode290.clemson.cloudlab.us has been running for 2:20:40
2025-07-01 08:22:20 INFO:   - Job: twitter_cluster38-52986173aa45a8365ddce6cf3bb1be40 on clnode290.clemson.cloudlab.us has been running for 2:20:40
2025-07-01 08:22:20 INFO:   - Job: twitter_cluster38-9607f98485cebb21f4050bcafbe6f726 on clnode287.clemson.cloudlab.us has been running for 2:20:40
2025-07-01 08:22:20 INFO:   - Job: twitter_cluster38-a578d8221827c7d1b4d3bbdf5ae021cd on clnode302.clemson.cloudlab.us has been running for 2:20:40
2025-07-01 08:22:20 INFO: ----------------------------
2025-07-01 08:22:20 INFO: Dumping current state to scheduler_state.json...
2025-07-01 08:22:26 INFO: STATUS: 0 ToDo, 14 Running, 1511 Finished, 0 Failed.
2025-07-01 08:22:26 INFO: Loop finished. Sleeping for 60 seconds.
2025-07-01 08:23:37 INFO: --- System-wide Resource Utilization ---
2025-07-01 08:23:38 INFO:   - Host: clnode302.clemson.cloudlab.us  CPU Util:   2.1% | Mem Free:  80.7%
2025-07-01 08:23:38 INFO:   - Host: clnode290.clemson.cloudlab.us  CPU Util:   4.8% | Mem Free:  61.8%
2025-07-01 08:23:39 INFO:   - Host: clnode303.clemson.cloudlab.us  CPU Util:   2.0% | Mem Free:  84.5%
2025-07-01 08:23:40 INFO:   - Host: clnode287.clemson.cloudlab.us  CPU Util:   2.4% | Mem Free:  79.0%
2025-07-01 08:23:40 INFO:   - Host: clnode301.clemson.cloudlab.us  CPU Util:   1.2% | Mem Free:  88.4%
2025-07-01 08:23:41 INFO:   - Host: clnode286.clemson.cloudlab.us  CPU Util:   2.0% | Mem Free:  84.5%
2025-07-01 08:23:41 INFO: ----------------------------------------
2025-07-01 08:23:41 INFO: --- Running Job Runtimes ---
2025-07-01 08:23:41 INFO:   - Job: twitter_cluster38-29a4086da0d6d7d60d1dfeb002cb9c3d on clnode303.clemson.cloudlab.us has been running for 2:22:01
2025-07-01 08:23:41 INFO:   - Job: twitter_cluster38-1637bac994bd3009e55ce25a36c9e1a2 on clnode290.clemson.cloudlab.us has been running for 2:22:01
2025-07-01 08:23:41 INFO:   - Job: twitter_cluster38-346473d2c745b2f4a4a9699ff814b19f on clnode290.clemson.cloudlab.us has been running for 2:22:01
2025-07-01 08:23:41 INFO:   - Job: twitter_cluster38-58a9315bee4433060311de1eabd4be42 on clnode287.clemson.cloudlab.us has been running for 2:22:01
2025-07-01 08:23:41 INFO:   - Job: twitter_cluster38-14c5cf93ee3fefc79a3a15a882ba8c72 on clnode290.clemson.cloudlab.us has been running for 2:22:01
2025-07-01 08:23:41 INFO:   - Job: twitter_cluster38-1c56d4d1e9df3be1645048a44a9b7626 on clnode303.clemson.cloudlab.us has been running for 2:22:01
2025-07-01 08:23:41 INFO:   - Job: twitter_cluster38-aad9c61cc44a4df3efa1f5e13b096f8c on clnode286.clemson.cloudlab.us has been running for 2:22:01
2025-07-01 08:23:41 INFO:   - Job: twitter_cluster38-b2acd4030d14d64916f5b7dda9440a28 on clnode286.clemson.cloudlab.us has been running for 2:22:01
2025-07-01 08:23:41 INFO:   - Job: twitter_cluster38-19c28e27ddb6434a1f58f4959bafb3b8 on clnode301.clemson.cloudlab.us has been running for 2:22:01
2025-07-01 08:23:41 INFO:   - Job: twitter_cluster38-9ec28ecc3d82e3ff69cbd3b4218afabf on clnode302.clemson.cloudlab.us has been running for 2:22:01
2025-07-01 08:23:41 INFO:   - Job: twitter_cluster38-1f49fe37e518959c9ccf82662b640f48 on clnode290.clemson.cloudlab.us has been running for 2:22:01
2025-07-01 08:23:41 INFO:   - Job: twitter_cluster38-52986173aa45a8365ddce6cf3bb1be40 on clnode290.clemson.cloudlab.us has been running for 2:22:01
2025-07-01 08:23:41 INFO:   - Job: twitter_cluster38-9607f98485cebb21f4050bcafbe6f726 on clnode287.clemson.cloudlab.us has been running for 2:22:01
2025-07-01 08:23:41 INFO:   - Job: twitter_cluster38-a578d8221827c7d1b4d3bbdf5ae021cd on clnode302.clemson.cloudlab.us has been running for 2:22:01
2025-07-01 08:23:41 INFO: ----------------------------
2025-07-01 08:23:41 INFO: Dumping current state to scheduler_state.json...
2025-07-01 08:23:46 INFO: STATUS: 0 ToDo, 14 Running, 1511 Finished, 0 Failed.
2025-07-01 08:23:47 INFO: Loop finished. Sleeping for 60 seconds.
2025-07-01 08:24:58 INFO: --- System-wide Resource Utilization ---
2025-07-01 08:24:58 INFO:   - Host: clnode302.clemson.cloudlab.us  CPU Util:   2.2% | Mem Free:  80.7%
2025-07-01 08:24:59 INFO:   - Host: clnode290.clemson.cloudlab.us  CPU Util:   5.0% | Mem Free:  61.8%
2025-07-01 08:25:00 INFO:   - Host: clnode303.clemson.cloudlab.us  CPU Util:   2.2% | Mem Free:  84.5%
2025-07-01 08:25:00 INFO:   - Host: clnode287.clemson.cloudlab.us  CPU Util:   2.1% | Mem Free:  79.0%
2025-07-01 08:25:01 INFO:   - Host: clnode301.clemson.cloudlab.us  CPU Util:   1.1% | Mem Free:  88.4%
2025-07-01 08:25:01 INFO:   - Host: clnode286.clemson.cloudlab.us  CPU Util:   2.0% | Mem Free:  84.5%
2025-07-01 08:25:01 INFO: ----------------------------------------
2025-07-01 08:25:01 INFO: --- Running Job Runtimes ---
2025-07-01 08:25:01 INFO:   - Job: twitter_cluster38-29a4086da0d6d7d60d1dfeb002cb9c3d on clnode303.clemson.cloudlab.us has been running for 2:23:21
2025-07-01 08:25:01 INFO:   - Job: twitter_cluster38-1637bac994bd3009e55ce25a36c9e1a2 on clnode290.clemson.cloudlab.us has been running for 2:23:21
2025-07-01 08:25:01 INFO:   - Job: twitter_cluster38-346473d2c745b2f4a4a9699ff814b19f on clnode290.clemson.cloudlab.us has been running for 2:23:21
2025-07-01 08:25:01 INFO:   - Job: twitter_cluster38-58a9315bee4433060311de1eabd4be42 on clnode287.clemson.cloudlab.us has been running for 2:23:21
2025-07-01 08:25:01 INFO:   - Job: twitter_cluster38-14c5cf93ee3fefc79a3a15a882ba8c72 on clnode290.clemson.cloudlab.us has been running for 2:23:21
2025-07-01 08:25:01 INFO:   - Job: twitter_cluster38-1c56d4d1e9df3be1645048a44a9b7626 on clnode303.clemson.cloudlab.us has been running for 2:23:21
2025-07-01 08:25:01 INFO:   - Job: twitter_cluster38-aad9c61cc44a4df3efa1f5e13b096f8c on clnode286.clemson.cloudlab.us has been running for 2:23:21
2025-07-01 08:25:01 INFO:   - Job: twitter_cluster38-b2acd4030d14d64916f5b7dda9440a28 on clnode286.clemson.cloudlab.us has been running for 2:23:21
2025-07-01 08:25:01 INFO:   - Job: twitter_cluster38-19c28e27ddb6434a1f58f4959bafb3b8 on clnode301.clemson.cloudlab.us has been running for 2:23:21
2025-07-01 08:25:01 INFO:   - Job: twitter_cluster38-9ec28ecc3d82e3ff69cbd3b4218afabf on clnode302.clemson.cloudlab.us has been running for 2:23:21
2025-07-01 08:25:01 INFO:   - Job: twitter_cluster38-1f49fe37e518959c9ccf82662b640f48 on clnode290.clemson.cloudlab.us has been running for 2:23:21
2025-07-01 08:25:01 INFO:   - Job: twitter_cluster38-52986173aa45a8365ddce6cf3bb1be40 on clnode290.clemson.cloudlab.us has been running for 2:23:21
2025-07-01 08:25:01 INFO:   - Job: twitter_cluster38-9607f98485cebb21f4050bcafbe6f726 on clnode287.clemson.cloudlab.us has been running for 2:23:21
2025-07-01 08:25:01 INFO:   - Job: twitter_cluster38-a578d8221827c7d1b4d3bbdf5ae021cd on clnode302.clemson.cloudlab.us has been running for 2:23:21
2025-07-01 08:25:01 INFO: ----------------------------
2025-07-01 08:25:01 INFO: Dumping current state to scheduler_state.json...
2025-07-01 08:25:07 INFO: STATUS: 0 ToDo, 14 Running, 1511 Finished, 0 Failed.
2025-07-01 08:25:07 INFO: Loop finished. Sleeping for 60 seconds.
2025-07-01 08:26:19 INFO: --- System-wide Resource Utilization ---
2025-07-01 08:26:19 INFO:   - Host: clnode302.clemson.cloudlab.us  CPU Util:   2.2% | Mem Free:  80.7%
2025-07-01 08:26:20 INFO:   - Host: clnode290.clemson.cloudlab.us  CPU Util:   4.9% | Mem Free:  61.8%
2025-07-01 08:26:20 INFO:   - Host: clnode303.clemson.cloudlab.us  CPU Util:   2.0% | Mem Free:  84.5%
2025-07-01 08:26:21 INFO:   - Host: clnode287.clemson.cloudlab.us  CPU Util:   2.0% | Mem Free:  79.0%
2025-07-01 08:26:21 INFO:   - Host: clnode301.clemson.cloudlab.us  CPU Util:   1.0% | Mem Free:  88.4%
2025-07-01 08:26:22 INFO:   - Host: clnode286.clemson.cloudlab.us  CPU Util:   2.2% | Mem Free:  84.5%
2025-07-01 08:26:22 INFO: ----------------------------------------
2025-07-01 08:26:22 INFO: --- Running Job Runtimes ---
2025-07-01 08:26:22 INFO:   - Job: twitter_cluster38-29a4086da0d6d7d60d1dfeb002cb9c3d on clnode303.clemson.cloudlab.us has been running for 2:24:42
2025-07-01 08:26:22 INFO:   - Job: twitter_cluster38-1637bac994bd3009e55ce25a36c9e1a2 on clnode290.clemson.cloudlab.us has been running for 2:24:42
2025-07-01 08:26:22 INFO:   - Job: twitter_cluster38-346473d2c745b2f4a4a9699ff814b19f on clnode290.clemson.cloudlab.us has been running for 2:24:42
2025-07-01 08:26:22 INFO:   - Job: twitter_cluster38-58a9315bee4433060311de1eabd4be42 on clnode287.clemson.cloudlab.us has been running for 2:24:42
2025-07-01 08:26:22 INFO:   - Job: twitter_cluster38-14c5cf93ee3fefc79a3a15a882ba8c72 on clnode290.clemson.cloudlab.us has been running for 2:24:42
2025-07-01 08:26:22 INFO:   - Job: twitter_cluster38-1c56d4d1e9df3be1645048a44a9b7626 on clnode303.clemson.cloudlab.us has been running for 2:24:42
2025-07-01 08:26:22 INFO:   - Job: twitter_cluster38-aad9c61cc44a4df3efa1f5e13b096f8c on clnode286.clemson.cloudlab.us has been running for 2:24:42
2025-07-01 08:26:22 INFO:   - Job: twitter_cluster38-b2acd4030d14d64916f5b7dda9440a28 on clnode286.clemson.cloudlab.us has been running for 2:24:42
2025-07-01 08:26:22 INFO:   - Job: twitter_cluster38-19c28e27ddb6434a1f58f4959bafb3b8 on clnode301.clemson.cloudlab.us has been running for 2:24:42
2025-07-01 08:26:22 INFO:   - Job: twitter_cluster38-9ec28ecc3d82e3ff69cbd3b4218afabf on clnode302.clemson.cloudlab.us has been running for 2:24:42
2025-07-01 08:26:22 INFO:   - Job: twitter_cluster38-1f49fe37e518959c9ccf82662b640f48 on clnode290.clemson.cloudlab.us has been running for 2:24:42
2025-07-01 08:26:22 INFO:   - Job: twitter_cluster38-52986173aa45a8365ddce6cf3bb1be40 on clnode290.clemson.cloudlab.us has been running for 2:24:42
2025-07-01 08:26:22 INFO:   - Job: twitter_cluster38-9607f98485cebb21f4050bcafbe6f726 on clnode287.clemson.cloudlab.us has been running for 2:24:42
2025-07-01 08:26:22 INFO:   - Job: twitter_cluster38-a578d8221827c7d1b4d3bbdf5ae021cd on clnode302.clemson.cloudlab.us has been running for 2:24:42
2025-07-01 08:26:22 INFO: ----------------------------
2025-07-01 08:26:22 INFO: Dumping current state to scheduler_state.json...
2025-07-01 08:26:28 INFO: STATUS: 0 ToDo, 14 Running, 1511 Finished, 0 Failed.
2025-07-01 08:26:28 INFO: Loop finished. Sleeping for 60 seconds.
2025-07-01 08:27:39 INFO: --- System-wide Resource Utilization ---
2025-07-01 08:27:40 INFO:   - Host: clnode302.clemson.cloudlab.us  CPU Util:   2.0% | Mem Free:  80.3%
2025-07-01 08:27:40 INFO:   - Host: clnode290.clemson.cloudlab.us  CPU Util:   5.0% | Mem Free:  61.8%
2025-07-01 08:27:41 INFO:   - Host: clnode303.clemson.cloudlab.us  CPU Util:   2.1% | Mem Free:  84.5%
2025-07-01 08:27:41 INFO:   - Host: clnode287.clemson.cloudlab.us  CPU Util:   2.0% | Mem Free:  79.0%
2025-07-01 08:27:42 INFO:   - Host: clnode301.clemson.cloudlab.us  CPU Util:   1.0% | Mem Free:  88.4%
2025-07-01 08:27:42 INFO:   - Host: clnode286.clemson.cloudlab.us  CPU Util:   1.9% | Mem Free:  84.4%
2025-07-01 08:27:42 INFO: ----------------------------------------
2025-07-01 08:27:42 INFO: --- Running Job Runtimes ---
2025-07-01 08:27:42 INFO:   - Job: twitter_cluster38-29a4086da0d6d7d60d1dfeb002cb9c3d on clnode303.clemson.cloudlab.us has been running for 2:26:03
2025-07-01 08:27:42 INFO:   - Job: twitter_cluster38-1637bac994bd3009e55ce25a36c9e1a2 on clnode290.clemson.cloudlab.us has been running for 2:26:03
2025-07-01 08:27:42 INFO:   - Job: twitter_cluster38-346473d2c745b2f4a4a9699ff814b19f on clnode290.clemson.cloudlab.us has been running for 2:26:03
2025-07-01 08:27:42 INFO:   - Job: twitter_cluster38-58a9315bee4433060311de1eabd4be42 on clnode287.clemson.cloudlab.us has been running for 2:26:03
2025-07-01 08:27:42 INFO:   - Job: twitter_cluster38-14c5cf93ee3fefc79a3a15a882ba8c72 on clnode290.clemson.cloudlab.us has been running for 2:26:03
2025-07-01 08:27:42 INFO:   - Job: twitter_cluster38-1c56d4d1e9df3be1645048a44a9b7626 on clnode303.clemson.cloudlab.us has been running for 2:26:03
2025-07-01 08:27:42 INFO:   - Job: twitter_cluster38-aad9c61cc44a4df3efa1f5e13b096f8c on clnode286.clemson.cloudlab.us has been running for 2:26:03
2025-07-01 08:27:42 INFO:   - Job: twitter_cluster38-b2acd4030d14d64916f5b7dda9440a28 on clnode286.clemson.cloudlab.us has been running for 2:26:03
2025-07-01 08:27:42 INFO:   - Job: twitter_cluster38-19c28e27ddb6434a1f58f4959bafb3b8 on clnode301.clemson.cloudlab.us has been running for 2:26:03
2025-07-01 08:27:42 INFO:   - Job: twitter_cluster38-9ec28ecc3d82e3ff69cbd3b4218afabf on clnode302.clemson.cloudlab.us has been running for 2:26:03
2025-07-01 08:27:42 INFO:   - Job: twitter_cluster38-1f49fe37e518959c9ccf82662b640f48 on clnode290.clemson.cloudlab.us has been running for 2:26:03
2025-07-01 08:27:42 INFO:   - Job: twitter_cluster38-52986173aa45a8365ddce6cf3bb1be40 on clnode290.clemson.cloudlab.us has been running for 2:26:03
2025-07-01 08:27:42 INFO:   - Job: twitter_cluster38-9607f98485cebb21f4050bcafbe6f726 on clnode287.clemson.cloudlab.us has been running for 2:26:03
2025-07-01 08:27:42 INFO:   - Job: twitter_cluster38-a578d8221827c7d1b4d3bbdf5ae021cd on clnode302.clemson.cloudlab.us has been running for 2:26:03
2025-07-01 08:27:42 INFO: ----------------------------
2025-07-01 08:27:42 INFO: Dumping current state to scheduler_state.json...
2025-07-01 08:27:48 INFO: STATUS: 0 ToDo, 14 Running, 1511 Finished, 0 Failed.
2025-07-01 08:27:48 INFO: Loop finished. Sleeping for 60 seconds.
2025-07-01 08:29:00 INFO: --- System-wide Resource Utilization ---
2025-07-01 08:29:00 INFO:   - Host: clnode302.clemson.cloudlab.us  CPU Util:   2.1% | Mem Free:  80.4%
2025-07-01 08:29:01 INFO:   - Host: clnode290.clemson.cloudlab.us  CPU Util:   5.0% | Mem Free:  61.8%
2025-07-01 08:29:01 INFO:   - Host: clnode303.clemson.cloudlab.us  CPU Util:   2.0% | Mem Free:  84.5%
2025-07-01 08:29:02 INFO:   - Host: clnode287.clemson.cloudlab.us  CPU Util:   2.0% | Mem Free:  79.0%
2025-07-01 08:29:02 INFO:   - Host: clnode301.clemson.cloudlab.us  CPU Util:   1.0% | Mem Free:  88.4%
2025-07-01 08:29:03 INFO:   - Host: clnode286.clemson.cloudlab.us  CPU Util:   2.0% | Mem Free:  84.4%
2025-07-01 08:29:03 INFO: ----------------------------------------
2025-07-01 08:29:03 INFO: --- Running Job Runtimes ---
2025-07-01 08:29:03 INFO:   - Job: twitter_cluster38-29a4086da0d6d7d60d1dfeb002cb9c3d on clnode303.clemson.cloudlab.us has been running for 2:27:23
2025-07-01 08:29:03 INFO:   - Job: twitter_cluster38-1637bac994bd3009e55ce25a36c9e1a2 on clnode290.clemson.cloudlab.us has been running for 2:27:23
2025-07-01 08:29:03 INFO:   - Job: twitter_cluster38-346473d2c745b2f4a4a9699ff814b19f on clnode290.clemson.cloudlab.us has been running for 2:27:23
2025-07-01 08:29:03 INFO:   - Job: twitter_cluster38-58a9315bee4433060311de1eabd4be42 on clnode287.clemson.cloudlab.us has been running for 2:27:23
2025-07-01 08:29:03 INFO:   - Job: twitter_cluster38-14c5cf93ee3fefc79a3a15a882ba8c72 on clnode290.clemson.cloudlab.us has been running for 2:27:23
2025-07-01 08:29:03 INFO:   - Job: twitter_cluster38-1c56d4d1e9df3be1645048a44a9b7626 on clnode303.clemson.cloudlab.us has been running for 2:27:23
2025-07-01 08:29:03 INFO:   - Job: twitter_cluster38-aad9c61cc44a4df3efa1f5e13b096f8c on clnode286.clemson.cloudlab.us has been running for 2:27:23
2025-07-01 08:29:03 INFO:   - Job: twitter_cluster38-b2acd4030d14d64916f5b7dda9440a28 on clnode286.clemson.cloudlab.us has been running for 2:27:23
2025-07-01 08:29:03 INFO:   - Job: twitter_cluster38-19c28e27ddb6434a1f58f4959bafb3b8 on clnode301.clemson.cloudlab.us has been running for 2:27:23
2025-07-01 08:29:03 INFO:   - Job: twitter_cluster38-9ec28ecc3d82e3ff69cbd3b4218afabf on clnode302.clemson.cloudlab.us has been running for 2:27:23
2025-07-01 08:29:03 INFO:   - Job: twitter_cluster38-1f49fe37e518959c9ccf82662b640f48 on clnode290.clemson.cloudlab.us has been running for 2:27:23
2025-07-01 08:29:03 INFO:   - Job: twitter_cluster38-52986173aa45a8365ddce6cf3bb1be40 on clnode290.clemson.cloudlab.us has been running for 2:27:23
2025-07-01 08:29:03 INFO:   - Job: twitter_cluster38-9607f98485cebb21f4050bcafbe6f726 on clnode287.clemson.cloudlab.us has been running for 2:27:23
2025-07-01 08:29:03 INFO:   - Job: twitter_cluster38-a578d8221827c7d1b4d3bbdf5ae021cd on clnode302.clemson.cloudlab.us has been running for 2:27:23
2025-07-01 08:29:03 INFO: ----------------------------
2025-07-01 08:29:03 INFO: Dumping current state to scheduler_state.json...
2025-07-01 08:29:09 INFO: STATUS: 0 ToDo, 14 Running, 1511 Finished, 0 Failed.
2025-07-01 08:29:09 INFO: Loop finished. Sleeping for 60 seconds.
2025-07-01 08:30:20 INFO: --- System-wide Resource Utilization ---
2025-07-01 08:30:21 INFO:   - Host: clnode302.clemson.cloudlab.us  CPU Util:   2.3% | Mem Free:  80.4%
2025-07-01 08:30:21 INFO:   - Host: clnode290.clemson.cloudlab.us  CPU Util:   4.9% | Mem Free:  61.8%
2025-07-01 08:30:22 INFO:   - Host: clnode303.clemson.cloudlab.us  CPU Util:   2.2% | Mem Free:  84.5%
2025-07-01 08:30:22 INFO:   - Host: clnode287.clemson.cloudlab.us  CPU Util:   2.0% | Mem Free:  79.0%
2025-07-01 08:30:23 INFO:   - Host: clnode301.clemson.cloudlab.us  CPU Util:   1.0% | Mem Free:  88.4%
2025-07-01 08:30:23 INFO:   - Host: clnode286.clemson.cloudlab.us  CPU Util:   2.1% | Mem Free:  84.4%
2025-07-01 08:30:23 INFO: ----------------------------------------
2025-07-01 08:30:23 INFO: --- Running Job Runtimes ---
2025-07-01 08:30:23 INFO:   - Job: twitter_cluster38-29a4086da0d6d7d60d1dfeb002cb9c3d on clnode303.clemson.cloudlab.us has been running for 2:28:44
2025-07-01 08:30:23 INFO:   - Job: twitter_cluster38-1637bac994bd3009e55ce25a36c9e1a2 on clnode290.clemson.cloudlab.us has been running for 2:28:44
2025-07-01 08:30:23 INFO:   - Job: twitter_cluster38-346473d2c745b2f4a4a9699ff814b19f on clnode290.clemson.cloudlab.us has been running for 2:28:44
2025-07-01 08:30:23 INFO:   - Job: twitter_cluster38-58a9315bee4433060311de1eabd4be42 on clnode287.clemson.cloudlab.us has been running for 2:28:44
2025-07-01 08:30:23 INFO:   - Job: twitter_cluster38-14c5cf93ee3fefc79a3a15a882ba8c72 on clnode290.clemson.cloudlab.us has been running for 2:28:44
2025-07-01 08:30:23 INFO:   - Job: twitter_cluster38-1c56d4d1e9df3be1645048a44a9b7626 on clnode303.clemson.cloudlab.us has been running for 2:28:44
2025-07-01 08:30:23 INFO:   - Job: twitter_cluster38-aad9c61cc44a4df3efa1f5e13b096f8c on clnode286.clemson.cloudlab.us has been running for 2:28:44
2025-07-01 08:30:23 INFO:   - Job: twitter_cluster38-b2acd4030d14d64916f5b7dda9440a28 on clnode286.clemson.cloudlab.us has been running for 2:28:44
2025-07-01 08:30:23 INFO:   - Job: twitter_cluster38-19c28e27ddb6434a1f58f4959bafb3b8 on clnode301.clemson.cloudlab.us has been running for 2:28:44
2025-07-01 08:30:23 INFO:   - Job: twitter_cluster38-9ec28ecc3d82e3ff69cbd3b4218afabf on clnode302.clemson.cloudlab.us has been running for 2:28:44
2025-07-01 08:30:23 INFO:   - Job: twitter_cluster38-1f49fe37e518959c9ccf82662b640f48 on clnode290.clemson.cloudlab.us has been running for 2:28:44
2025-07-01 08:30:23 INFO:   - Job: twitter_cluster38-52986173aa45a8365ddce6cf3bb1be40 on clnode290.clemson.cloudlab.us has been running for 2:28:44
2025-07-01 08:30:23 INFO:   - Job: twitter_cluster38-9607f98485cebb21f4050bcafbe6f726 on clnode287.clemson.cloudlab.us has been running for 2:28:44
2025-07-01 08:30:23 INFO:   - Job: twitter_cluster38-a578d8221827c7d1b4d3bbdf5ae021cd on clnode302.clemson.cloudlab.us has been running for 2:28:44
2025-07-01 08:30:23 INFO: ----------------------------
2025-07-01 08:30:23 INFO: Dumping current state to scheduler_state.json...
2025-07-01 08:30:29 INFO: STATUS: 0 ToDo, 14 Running, 1511 Finished, 0 Failed.
2025-07-01 08:30:29 INFO: Loop finished. Sleeping for 60 seconds.
2025-07-01 08:31:41 INFO: --- System-wide Resource Utilization ---
2025-07-01 08:31:41 INFO:   - Host: clnode302.clemson.cloudlab.us  CPU Util:   2.1% | Mem Free:  80.4%
2025-07-01 08:31:42 INFO:   - Host: clnode290.clemson.cloudlab.us  CPU Util:   5.3% | Mem Free:  61.8%
2025-07-01 08:31:42 INFO:   - Host: clnode303.clemson.cloudlab.us  CPU Util:   2.1% | Mem Free:  84.5%
2025-07-01 08:31:43 INFO:   - Host: clnode287.clemson.cloudlab.us  CPU Util:   2.0% | Mem Free:  79.0%
2025-07-01 08:31:43 INFO:   - Host: clnode301.clemson.cloudlab.us  CPU Util:   1.0% | Mem Free:  88.4%
2025-07-01 08:31:44 INFO:   - Host: clnode286.clemson.cloudlab.us  CPU Util:   1.9% | Mem Free:  84.4%
2025-07-01 08:31:44 INFO: ----------------------------------------
2025-07-01 08:31:44 INFO: --- Running Job Runtimes ---
2025-07-01 08:31:44 INFO:   - Job: twitter_cluster38-29a4086da0d6d7d60d1dfeb002cb9c3d on clnode303.clemson.cloudlab.us has been running for 2:30:04
2025-07-01 08:31:44 INFO:   - Job: twitter_cluster38-1637bac994bd3009e55ce25a36c9e1a2 on clnode290.clemson.cloudlab.us has been running for 2:30:04
2025-07-01 08:31:44 INFO:   - Job: twitter_cluster38-346473d2c745b2f4a4a9699ff814b19f on clnode290.clemson.cloudlab.us has been running for 2:30:04
2025-07-01 08:31:44 INFO:   - Job: twitter_cluster38-58a9315bee4433060311de1eabd4be42 on clnode287.clemson.cloudlab.us has been running for 2:30:04
2025-07-01 08:31:44 INFO:   - Job: twitter_cluster38-14c5cf93ee3fefc79a3a15a882ba8c72 on clnode290.clemson.cloudlab.us has been running for 2:30:04
2025-07-01 08:31:44 INFO:   - Job: twitter_cluster38-1c56d4d1e9df3be1645048a44a9b7626 on clnode303.clemson.cloudlab.us has been running for 2:30:04
2025-07-01 08:31:44 INFO:   - Job: twitter_cluster38-aad9c61cc44a4df3efa1f5e13b096f8c on clnode286.clemson.cloudlab.us has been running for 2:30:04
2025-07-01 08:31:44 INFO:   - Job: twitter_cluster38-b2acd4030d14d64916f5b7dda9440a28 on clnode286.clemson.cloudlab.us has been running for 2:30:04
2025-07-01 08:31:44 INFO:   - Job: twitter_cluster38-19c28e27ddb6434a1f58f4959bafb3b8 on clnode301.clemson.cloudlab.us has been running for 2:30:04
2025-07-01 08:31:44 INFO:   - Job: twitter_cluster38-9ec28ecc3d82e3ff69cbd3b4218afabf on clnode302.clemson.cloudlab.us has been running for 2:30:04
2025-07-01 08:31:44 INFO:   - Job: twitter_cluster38-1f49fe37e518959c9ccf82662b640f48 on clnode290.clemson.cloudlab.us has been running for 2:30:04
2025-07-01 08:31:44 INFO:   - Job: twitter_cluster38-52986173aa45a8365ddce6cf3bb1be40 on clnode290.clemson.cloudlab.us has been running for 2:30:04
2025-07-01 08:31:44 INFO:   - Job: twitter_cluster38-9607f98485cebb21f4050bcafbe6f726 on clnode287.clemson.cloudlab.us has been running for 2:30:04
2025-07-01 08:31:44 INFO:   - Job: twitter_cluster38-a578d8221827c7d1b4d3bbdf5ae021cd on clnode302.clemson.cloudlab.us has been running for 2:30:04
2025-07-01 08:31:44 INFO: ----------------------------
2025-07-01 08:31:44 INFO: Dumping current state to scheduler_state.json...
2025-07-01 08:31:50 INFO: STATUS: 0 ToDo, 14 Running, 1511 Finished, 0 Failed.
2025-07-01 08:31:50 INFO: Loop finished. Sleeping for 60 seconds.
2025-07-01 08:33:01 INFO: --- System-wide Resource Utilization ---
2025-07-01 08:33:02 INFO:   - Host: clnode302.clemson.cloudlab.us  CPU Util:   2.0% | Mem Free:  80.4%
2025-07-01 08:33:02 INFO:   - Host: clnode290.clemson.cloudlab.us  CPU Util:   5.3% | Mem Free:  61.8%
2025-07-01 08:33:03 INFO:   - Host: clnode303.clemson.cloudlab.us  CPU Util:   2.0% | Mem Free:  84.5%
2025-07-01 08:33:04 INFO:   - Host: clnode287.clemson.cloudlab.us  CPU Util:   2.2% | Mem Free:  79.0%
2025-07-01 08:33:04 INFO:   - Host: clnode301.clemson.cloudlab.us  CPU Util:   1.1% | Mem Free:  88.4%
2025-07-01 08:33:05 INFO:   - Host: clnode286.clemson.cloudlab.us  CPU Util:   2.0% | Mem Free:  84.4%
2025-07-01 08:33:05 INFO: ----------------------------------------
2025-07-01 08:33:05 INFO: --- Running Job Runtimes ---
2025-07-01 08:33:05 INFO:   - Job: twitter_cluster38-29a4086da0d6d7d60d1dfeb002cb9c3d on clnode303.clemson.cloudlab.us has been running for 2:31:25
2025-07-01 08:33:05 INFO:   - Job: twitter_cluster38-1637bac994bd3009e55ce25a36c9e1a2 on clnode290.clemson.cloudlab.us has been running for 2:31:25
2025-07-01 08:33:05 INFO:   - Job: twitter_cluster38-346473d2c745b2f4a4a9699ff814b19f on clnode290.clemson.cloudlab.us has been running for 2:31:25
2025-07-01 08:33:05 INFO:   - Job: twitter_cluster38-58a9315bee4433060311de1eabd4be42 on clnode287.clemson.cloudlab.us has been running for 2:31:25
2025-07-01 08:33:05 INFO:   - Job: twitter_cluster38-14c5cf93ee3fefc79a3a15a882ba8c72 on clnode290.clemson.cloudlab.us has been running for 2:31:25
2025-07-01 08:33:05 INFO:   - Job: twitter_cluster38-1c56d4d1e9df3be1645048a44a9b7626 on clnode303.clemson.cloudlab.us has been running for 2:31:25
2025-07-01 08:33:05 INFO:   - Job: twitter_cluster38-aad9c61cc44a4df3efa1f5e13b096f8c on clnode286.clemson.cloudlab.us has been running for 2:31:25
2025-07-01 08:33:05 INFO:   - Job: twitter_cluster38-b2acd4030d14d64916f5b7dda9440a28 on clnode286.clemson.cloudlab.us has been running for 2:31:25
2025-07-01 08:33:05 INFO:   - Job: twitter_cluster38-19c28e27ddb6434a1f58f4959bafb3b8 on clnode301.clemson.cloudlab.us has been running for 2:31:25
2025-07-01 08:33:05 INFO:   - Job: twitter_cluster38-9ec28ecc3d82e3ff69cbd3b4218afabf on clnode302.clemson.cloudlab.us has been running for 2:31:25
2025-07-01 08:33:05 INFO:   - Job: twitter_cluster38-1f49fe37e518959c9ccf82662b640f48 on clnode290.clemson.cloudlab.us has been running for 2:31:25
2025-07-01 08:33:05 INFO:   - Job: twitter_cluster38-52986173aa45a8365ddce6cf3bb1be40 on clnode290.clemson.cloudlab.us has been running for 2:31:25
2025-07-01 08:33:05 INFO:   - Job: twitter_cluster38-9607f98485cebb21f4050bcafbe6f726 on clnode287.clemson.cloudlab.us has been running for 2:31:25
2025-07-01 08:33:05 INFO:   - Job: twitter_cluster38-a578d8221827c7d1b4d3bbdf5ae021cd on clnode302.clemson.cloudlab.us has been running for 2:31:25
2025-07-01 08:33:05 INFO: ----------------------------
2025-07-01 08:33:05 INFO: Dumping current state to scheduler_state.json...
2025-07-01 08:33:10 INFO: STATUS: 0 ToDo, 14 Running, 1511 Finished, 0 Failed.
2025-07-01 08:33:10 INFO: Loop finished. Sleeping for 60 seconds.
2025-07-01 08:34:22 INFO: --- System-wide Resource Utilization ---
2025-07-01 08:34:22 INFO:   - Host: clnode302.clemson.cloudlab.us  CPU Util:   2.2% | Mem Free:  80.4%
2025-07-01 08:34:23 INFO:   - Host: clnode290.clemson.cloudlab.us  CPU Util:   4.9% | Mem Free:  61.8%
2025-07-01 08:34:23 INFO:   - Host: clnode303.clemson.cloudlab.us  CPU Util:   2.2% | Mem Free:  84.5%
2025-07-01 08:34:24 INFO:   - Host: clnode287.clemson.cloudlab.us  CPU Util:   2.4% | Mem Free:  79.0%
2025-07-01 08:34:25 INFO:   - Host: clnode301.clemson.cloudlab.us  CPU Util:   1.0% | Mem Free:  88.4%
2025-07-01 08:34:25 INFO:   - Host: clnode286.clemson.cloudlab.us  CPU Util:   2.0% | Mem Free:  84.4%
2025-07-01 08:34:25 INFO: ----------------------------------------
2025-07-01 08:34:25 INFO: --- Running Job Runtimes ---
2025-07-01 08:34:25 INFO:   - Job: twitter_cluster38-29a4086da0d6d7d60d1dfeb002cb9c3d on clnode303.clemson.cloudlab.us has been running for 2:32:45
2025-07-01 08:34:25 INFO:   - Job: twitter_cluster38-1637bac994bd3009e55ce25a36c9e1a2 on clnode290.clemson.cloudlab.us has been running for 2:32:45
2025-07-01 08:34:25 INFO:   - Job: twitter_cluster38-346473d2c745b2f4a4a9699ff814b19f on clnode290.clemson.cloudlab.us has been running for 2:32:45
2025-07-01 08:34:25 INFO:   - Job: twitter_cluster38-58a9315bee4433060311de1eabd4be42 on clnode287.clemson.cloudlab.us has been running for 2:32:45
2025-07-01 08:34:25 INFO:   - Job: twitter_cluster38-14c5cf93ee3fefc79a3a15a882ba8c72 on clnode290.clemson.cloudlab.us has been running for 2:32:45
2025-07-01 08:34:25 INFO:   - Job: twitter_cluster38-1c56d4d1e9df3be1645048a44a9b7626 on clnode303.clemson.cloudlab.us has been running for 2:32:45
2025-07-01 08:34:25 INFO:   - Job: twitter_cluster38-aad9c61cc44a4df3efa1f5e13b096f8c on clnode286.clemson.cloudlab.us has been running for 2:32:45
2025-07-01 08:34:25 INFO:   - Job: twitter_cluster38-b2acd4030d14d64916f5b7dda9440a28 on clnode286.clemson.cloudlab.us has been running for 2:32:45
2025-07-01 08:34:25 INFO:   - Job: twitter_cluster38-19c28e27ddb6434a1f58f4959bafb3b8 on clnode301.clemson.cloudlab.us has been running for 2:32:45
2025-07-01 08:34:25 INFO:   - Job: twitter_cluster38-9ec28ecc3d82e3ff69cbd3b4218afabf on clnode302.clemson.cloudlab.us has been running for 2:32:45
2025-07-01 08:34:25 INFO:   - Job: twitter_cluster38-1f49fe37e518959c9ccf82662b640f48 on clnode290.clemson.cloudlab.us has been running for 2:32:45
2025-07-01 08:34:25 INFO:   - Job: twitter_cluster38-52986173aa45a8365ddce6cf3bb1be40 on clnode290.clemson.cloudlab.us has been running for 2:32:45
2025-07-01 08:34:25 INFO:   - Job: twitter_cluster38-9607f98485cebb21f4050bcafbe6f726 on clnode287.clemson.cloudlab.us has been running for 2:32:45
2025-07-01 08:34:25 INFO:   - Job: twitter_cluster38-a578d8221827c7d1b4d3bbdf5ae021cd on clnode302.clemson.cloudlab.us has been running for 2:32:45
2025-07-01 08:34:25 INFO: ----------------------------
2025-07-01 08:34:25 INFO: Dumping current state to scheduler_state.json...
2025-07-01 08:34:31 INFO: STATUS: 0 ToDo, 14 Running, 1511 Finished, 0 Failed.
2025-07-01 08:34:31 INFO: Loop finished. Sleeping for 60 seconds.
2025-07-01 08:35:42 INFO: --- System-wide Resource Utilization ---
2025-07-01 08:35:43 INFO:   - Host: clnode302.clemson.cloudlab.us  CPU Util:   2.2% | Mem Free:  80.4%
2025-07-01 08:35:43 INFO:   - Host: clnode290.clemson.cloudlab.us  CPU Util:   5.3% | Mem Free:  61.8%
2025-07-01 08:35:44 INFO:   - Host: clnode303.clemson.cloudlab.us  CPU Util:   2.0% | Mem Free:  84.5%
2025-07-01 08:35:45 INFO:   - Host: clnode287.clemson.cloudlab.us  CPU Util:   2.1% | Mem Free:  79.0%
2025-07-01 08:35:45 INFO:   - Host: clnode301.clemson.cloudlab.us  CPU Util:   1.0% | Mem Free:  88.4%
2025-07-01 08:35:46 INFO:   - Host: clnode286.clemson.cloudlab.us  CPU Util:   2.0% | Mem Free:  84.4%
2025-07-01 08:35:46 INFO: ----------------------------------------
2025-07-01 08:35:46 INFO: --- Running Job Runtimes ---
2025-07-01 08:35:46 INFO:   - Job: twitter_cluster38-29a4086da0d6d7d60d1dfeb002cb9c3d on clnode303.clemson.cloudlab.us has been running for 2:34:06
2025-07-01 08:35:46 INFO:   - Job: twitter_cluster38-1637bac994bd3009e55ce25a36c9e1a2 on clnode290.clemson.cloudlab.us has been running for 2:34:06
2025-07-01 08:35:46 INFO:   - Job: twitter_cluster38-346473d2c745b2f4a4a9699ff814b19f on clnode290.clemson.cloudlab.us has been running for 2:34:06
2025-07-01 08:35:46 INFO:   - Job: twitter_cluster38-58a9315bee4433060311de1eabd4be42 on clnode287.clemson.cloudlab.us has been running for 2:34:06
2025-07-01 08:35:46 INFO:   - Job: twitter_cluster38-14c5cf93ee3fefc79a3a15a882ba8c72 on clnode290.clemson.cloudlab.us has been running for 2:34:06
2025-07-01 08:35:46 INFO:   - Job: twitter_cluster38-1c56d4d1e9df3be1645048a44a9b7626 on clnode303.clemson.cloudlab.us has been running for 2:34:06
2025-07-01 08:35:46 INFO:   - Job: twitter_cluster38-aad9c61cc44a4df3efa1f5e13b096f8c on clnode286.clemson.cloudlab.us has been running for 2:34:06
2025-07-01 08:35:46 INFO:   - Job: twitter_cluster38-b2acd4030d14d64916f5b7dda9440a28 on clnode286.clemson.cloudlab.us has been running for 2:34:06
2025-07-01 08:35:46 INFO:   - Job: twitter_cluster38-19c28e27ddb6434a1f58f4959bafb3b8 on clnode301.clemson.cloudlab.us has been running for 2:34:06
2025-07-01 08:35:46 INFO:   - Job: twitter_cluster38-9ec28ecc3d82e3ff69cbd3b4218afabf on clnode302.clemson.cloudlab.us has been running for 2:34:06
2025-07-01 08:35:46 INFO:   - Job: twitter_cluster38-1f49fe37e518959c9ccf82662b640f48 on clnode290.clemson.cloudlab.us has been running for 2:34:06
2025-07-01 08:35:46 INFO:   - Job: twitter_cluster38-52986173aa45a8365ddce6cf3bb1be40 on clnode290.clemson.cloudlab.us has been running for 2:34:06
2025-07-01 08:35:46 INFO:   - Job: twitter_cluster38-9607f98485cebb21f4050bcafbe6f726 on clnode287.clemson.cloudlab.us has been running for 2:34:06
2025-07-01 08:35:46 INFO:   - Job: twitter_cluster38-a578d8221827c7d1b4d3bbdf5ae021cd on clnode302.clemson.cloudlab.us has been running for 2:34:06
2025-07-01 08:35:46 INFO: ----------------------------
2025-07-01 08:35:46 INFO: Dumping current state to scheduler_state.json...
2025-07-01 08:35:51 INFO: STATUS: 0 ToDo, 14 Running, 1511 Finished, 0 Failed.
2025-07-01 08:35:51 INFO: Loop finished. Sleeping for 60 seconds.
2025-07-01 08:37:03 INFO: --- System-wide Resource Utilization ---
2025-07-01 08:37:03 INFO:   - Host: clnode302.clemson.cloudlab.us  CPU Util:   2.1% | Mem Free:  80.4%
2025-07-01 08:37:04 INFO:   - Host: clnode290.clemson.cloudlab.us  CPU Util:   5.0% | Mem Free:  61.8%
2025-07-01 08:37:04 INFO:   - Host: clnode303.clemson.cloudlab.us  CPU Util:   2.1% | Mem Free:  84.5%
2025-07-01 08:37:05 INFO:   - Host: clnode287.clemson.cloudlab.us  CPU Util:   2.0% | Mem Free:  79.0%
2025-07-01 08:37:05 INFO:   - Host: clnode301.clemson.cloudlab.us  CPU Util:   1.0% | Mem Free:  88.4%
2025-07-01 08:37:06 INFO:   - Host: clnode286.clemson.cloudlab.us  CPU Util:   2.1% | Mem Free:  84.4%
2025-07-01 08:37:06 INFO: ----------------------------------------
2025-07-01 08:37:06 INFO: --- Running Job Runtimes ---
2025-07-01 08:37:06 INFO:   - Job: twitter_cluster38-29a4086da0d6d7d60d1dfeb002cb9c3d on clnode303.clemson.cloudlab.us has been running for 2:35:26
2025-07-01 08:37:06 INFO:   - Job: twitter_cluster38-1637bac994bd3009e55ce25a36c9e1a2 on clnode290.clemson.cloudlab.us has been running for 2:35:26
2025-07-01 08:37:06 INFO:   - Job: twitter_cluster38-346473d2c745b2f4a4a9699ff814b19f on clnode290.clemson.cloudlab.us has been running for 2:35:26
2025-07-01 08:37:06 INFO:   - Job: twitter_cluster38-58a9315bee4433060311de1eabd4be42 on clnode287.clemson.cloudlab.us has been running for 2:35:26
2025-07-01 08:37:06 INFO:   - Job: twitter_cluster38-14c5cf93ee3fefc79a3a15a882ba8c72 on clnode290.clemson.cloudlab.us has been running for 2:35:26
2025-07-01 08:37:06 INFO:   - Job: twitter_cluster38-1c56d4d1e9df3be1645048a44a9b7626 on clnode303.clemson.cloudlab.us has been running for 2:35:26
2025-07-01 08:37:06 INFO:   - Job: twitter_cluster38-aad9c61cc44a4df3efa1f5e13b096f8c on clnode286.clemson.cloudlab.us has been running for 2:35:26
2025-07-01 08:37:06 INFO:   - Job: twitter_cluster38-b2acd4030d14d64916f5b7dda9440a28 on clnode286.clemson.cloudlab.us has been running for 2:35:26
2025-07-01 08:37:06 INFO:   - Job: twitter_cluster38-19c28e27ddb6434a1f58f4959bafb3b8 on clnode301.clemson.cloudlab.us has been running for 2:35:26
2025-07-01 08:37:06 INFO:   - Job: twitter_cluster38-9ec28ecc3d82e3ff69cbd3b4218afabf on clnode302.clemson.cloudlab.us has been running for 2:35:26
2025-07-01 08:37:06 INFO:   - Job: twitter_cluster38-1f49fe37e518959c9ccf82662b640f48 on clnode290.clemson.cloudlab.us has been running for 2:35:26
2025-07-01 08:37:06 INFO:   - Job: twitter_cluster38-52986173aa45a8365ddce6cf3bb1be40 on clnode290.clemson.cloudlab.us has been running for 2:35:26
2025-07-01 08:37:06 INFO:   - Job: twitter_cluster38-9607f98485cebb21f4050bcafbe6f726 on clnode287.clemson.cloudlab.us has been running for 2:35:26
2025-07-01 08:37:06 INFO:   - Job: twitter_cluster38-a578d8221827c7d1b4d3bbdf5ae021cd on clnode302.clemson.cloudlab.us has been running for 2:35:26
2025-07-01 08:37:06 INFO: ----------------------------
2025-07-01 08:37:06 INFO: Dumping current state to scheduler_state.json...
2025-07-01 08:37:12 INFO: STATUS: 0 ToDo, 14 Running, 1511 Finished, 0 Failed.
2025-07-01 08:37:12 INFO: Loop finished. Sleeping for 60 seconds.
2025-07-01 08:38:23 INFO: --- System-wide Resource Utilization ---
2025-07-01 08:38:24 INFO:   - Host: clnode302.clemson.cloudlab.us  CPU Util:   2.3% | Mem Free:  80.4%
2025-07-01 08:38:24 INFO:   - Host: clnode290.clemson.cloudlab.us  CPU Util:   4.9% | Mem Free:  61.8%
2025-07-01 08:38:25 INFO:   - Host: clnode303.clemson.cloudlab.us  CPU Util:   2.1% | Mem Free:  84.5%
2025-07-01 08:38:25 INFO:   - Host: clnode287.clemson.cloudlab.us  CPU Util:   2.0% | Mem Free:  79.0%
2025-07-01 08:38:26 INFO:   - Host: clnode301.clemson.cloudlab.us  CPU Util:   1.1% | Mem Free:  88.4%
2025-07-01 08:38:26 INFO:   - Host: clnode286.clemson.cloudlab.us  CPU Util:   2.1% | Mem Free:  84.4%
2025-07-01 08:38:26 INFO: ----------------------------------------
2025-07-01 08:38:26 INFO: --- Running Job Runtimes ---
2025-07-01 08:38:26 INFO:   - Job: twitter_cluster38-29a4086da0d6d7d60d1dfeb002cb9c3d on clnode303.clemson.cloudlab.us has been running for 2:36:47
2025-07-01 08:38:26 INFO:   - Job: twitter_cluster38-1637bac994bd3009e55ce25a36c9e1a2 on clnode290.clemson.cloudlab.us has been running for 2:36:47
2025-07-01 08:38:26 INFO:   - Job: twitter_cluster38-346473d2c745b2f4a4a9699ff814b19f on clnode290.clemson.cloudlab.us has been running for 2:36:47
2025-07-01 08:38:26 INFO:   - Job: twitter_cluster38-58a9315bee4433060311de1eabd4be42 on clnode287.clemson.cloudlab.us has been running for 2:36:47
2025-07-01 08:38:26 INFO:   - Job: twitter_cluster38-14c5cf93ee3fefc79a3a15a882ba8c72 on clnode290.clemson.cloudlab.us has been running for 2:36:47
2025-07-01 08:38:26 INFO:   - Job: twitter_cluster38-1c56d4d1e9df3be1645048a44a9b7626 on clnode303.clemson.cloudlab.us has been running for 2:36:47
2025-07-01 08:38:26 INFO:   - Job: twitter_cluster38-aad9c61cc44a4df3efa1f5e13b096f8c on clnode286.clemson.cloudlab.us has been running for 2:36:47
2025-07-01 08:38:26 INFO:   - Job: twitter_cluster38-b2acd4030d14d64916f5b7dda9440a28 on clnode286.clemson.cloudlab.us has been running for 2:36:47
2025-07-01 08:38:26 INFO:   - Job: twitter_cluster38-19c28e27ddb6434a1f58f4959bafb3b8 on clnode301.clemson.cloudlab.us has been running for 2:36:47
2025-07-01 08:38:26 INFO:   - Job: twitter_cluster38-9ec28ecc3d82e3ff69cbd3b4218afabf on clnode302.clemson.cloudlab.us has been running for 2:36:47
2025-07-01 08:38:26 INFO:   - Job: twitter_cluster38-1f49fe37e518959c9ccf82662b640f48 on clnode290.clemson.cloudlab.us has been running for 2:36:47
2025-07-01 08:38:26 INFO:   - Job: twitter_cluster38-52986173aa45a8365ddce6cf3bb1be40 on clnode290.clemson.cloudlab.us has been running for 2:36:47
2025-07-01 08:38:26 INFO:   - Job: twitter_cluster38-9607f98485cebb21f4050bcafbe6f726 on clnode287.clemson.cloudlab.us has been running for 2:36:47
2025-07-01 08:38:26 INFO:   - Job: twitter_cluster38-a578d8221827c7d1b4d3bbdf5ae021cd on clnode302.clemson.cloudlab.us has been running for 2:36:47
2025-07-01 08:38:26 INFO: ----------------------------
2025-07-01 08:38:26 INFO: Dumping current state to scheduler_state.json...
2025-07-01 08:38:32 INFO: STATUS: 0 ToDo, 14 Running, 1511 Finished, 0 Failed.
2025-07-01 08:38:32 INFO: Loop finished. Sleeping for 60 seconds.
2025-07-01 08:39:44 INFO: --- System-wide Resource Utilization ---
2025-07-01 08:39:44 INFO:   - Host: clnode302.clemson.cloudlab.us  CPU Util:   2.1% | Mem Free:  80.4%
2025-07-01 08:39:45 INFO:   - Host: clnode290.clemson.cloudlab.us  CPU Util:   5.1% | Mem Free:  61.8%
2025-07-01 08:39:45 INFO:   - Host: clnode303.clemson.cloudlab.us  CPU Util:   2.0% | Mem Free:  84.5%
2025-07-01 08:39:46 INFO:   - Host: clnode287.clemson.cloudlab.us  CPU Util:   2.0% | Mem Free:  79.0%
2025-07-01 08:39:47 INFO:   - Host: clnode301.clemson.cloudlab.us  CPU Util:   1.2% | Mem Free:  88.4%
2025-07-01 08:39:47 INFO:   - Host: clnode286.clemson.cloudlab.us  CPU Util:   2.0% | Mem Free:  84.4%
2025-07-01 08:39:47 INFO: ----------------------------------------
2025-07-01 08:39:47 INFO: --- Running Job Runtimes ---
2025-07-01 08:39:47 INFO:   - Job: twitter_cluster38-29a4086da0d6d7d60d1dfeb002cb9c3d on clnode303.clemson.cloudlab.us has been running for 2:38:07
2025-07-01 08:39:47 INFO:   - Job: twitter_cluster38-1637bac994bd3009e55ce25a36c9e1a2 on clnode290.clemson.cloudlab.us has been running for 2:38:07
2025-07-01 08:39:47 INFO:   - Job: twitter_cluster38-346473d2c745b2f4a4a9699ff814b19f on clnode290.clemson.cloudlab.us has been running for 2:38:07
2025-07-01 08:39:47 INFO:   - Job: twitter_cluster38-58a9315bee4433060311de1eabd4be42 on clnode287.clemson.cloudlab.us has been running for 2:38:07
2025-07-01 08:39:47 INFO:   - Job: twitter_cluster38-14c5cf93ee3fefc79a3a15a882ba8c72 on clnode290.clemson.cloudlab.us has been running for 2:38:07
2025-07-01 08:39:47 INFO:   - Job: twitter_cluster38-1c56d4d1e9df3be1645048a44a9b7626 on clnode303.clemson.cloudlab.us has been running for 2:38:07
2025-07-01 08:39:47 INFO:   - Job: twitter_cluster38-aad9c61cc44a4df3efa1f5e13b096f8c on clnode286.clemson.cloudlab.us has been running for 2:38:07
2025-07-01 08:39:47 INFO:   - Job: twitter_cluster38-b2acd4030d14d64916f5b7dda9440a28 on clnode286.clemson.cloudlab.us has been running for 2:38:07
2025-07-01 08:39:47 INFO:   - Job: twitter_cluster38-19c28e27ddb6434a1f58f4959bafb3b8 on clnode301.clemson.cloudlab.us has been running for 2:38:07
2025-07-01 08:39:47 INFO:   - Job: twitter_cluster38-9ec28ecc3d82e3ff69cbd3b4218afabf on clnode302.clemson.cloudlab.us has been running for 2:38:07
2025-07-01 08:39:47 INFO:   - Job: twitter_cluster38-1f49fe37e518959c9ccf82662b640f48 on clnode290.clemson.cloudlab.us has been running for 2:38:07
2025-07-01 08:39:47 INFO:   - Job: twitter_cluster38-52986173aa45a8365ddce6cf3bb1be40 on clnode290.clemson.cloudlab.us has been running for 2:38:07
2025-07-01 08:39:47 INFO:   - Job: twitter_cluster38-9607f98485cebb21f4050bcafbe6f726 on clnode287.clemson.cloudlab.us has been running for 2:38:07
2025-07-01 08:39:47 INFO:   - Job: twitter_cluster38-a578d8221827c7d1b4d3bbdf5ae021cd on clnode302.clemson.cloudlab.us has been running for 2:38:07
2025-07-01 08:39:47 INFO: ----------------------------
2025-07-01 08:39:47 INFO: Dumping current state to scheduler_state.json...
2025-07-01 08:39:53 INFO: STATUS: 0 ToDo, 14 Running, 1511 Finished, 0 Failed.
2025-07-01 08:39:53 INFO: Loop finished. Sleeping for 60 seconds.
2025-07-01 08:41:04 INFO: --- System-wide Resource Utilization ---
2025-07-01 08:41:05 INFO:   - Host: clnode302.clemson.cloudlab.us  CPU Util:   2.1% | Mem Free:  80.4%
2025-07-01 08:41:06 INFO:   - Host: clnode290.clemson.cloudlab.us  CPU Util:   5.1% | Mem Free:  61.8%
2025-07-01 08:41:06 INFO:   - Host: clnode303.clemson.cloudlab.us  CPU Util:   2.1% | Mem Free:  84.5%
2025-07-01 08:41:07 INFO:   - Host: clnode287.clemson.cloudlab.us  CPU Util:   2.0% | Mem Free:  79.0%
2025-07-01 08:41:07 INFO:   - Host: clnode301.clemson.cloudlab.us  CPU Util:   1.0% | Mem Free:  88.4%
2025-07-01 08:41:08 INFO:   - Host: clnode286.clemson.cloudlab.us  CPU Util:   2.2% | Mem Free:  84.4%
2025-07-01 08:41:08 INFO: ----------------------------------------
2025-07-01 08:41:08 INFO: --- Running Job Runtimes ---
2025-07-01 08:41:08 INFO:   - Job: twitter_cluster38-29a4086da0d6d7d60d1dfeb002cb9c3d on clnode303.clemson.cloudlab.us has been running for 2:39:28
2025-07-01 08:41:08 INFO:   - Job: twitter_cluster38-1637bac994bd3009e55ce25a36c9e1a2 on clnode290.clemson.cloudlab.us has been running for 2:39:28
2025-07-01 08:41:08 INFO:   - Job: twitter_cluster38-346473d2c745b2f4a4a9699ff814b19f on clnode290.clemson.cloudlab.us has been running for 2:39:28
2025-07-01 08:41:08 INFO:   - Job: twitter_cluster38-58a9315bee4433060311de1eabd4be42 on clnode287.clemson.cloudlab.us has been running for 2:39:28
2025-07-01 08:41:08 INFO:   - Job: twitter_cluster38-14c5cf93ee3fefc79a3a15a882ba8c72 on clnode290.clemson.cloudlab.us has been running for 2:39:28
2025-07-01 08:41:08 INFO:   - Job: twitter_cluster38-1c56d4d1e9df3be1645048a44a9b7626 on clnode303.clemson.cloudlab.us has been running for 2:39:28
2025-07-01 08:41:08 INFO:   - Job: twitter_cluster38-aad9c61cc44a4df3efa1f5e13b096f8c on clnode286.clemson.cloudlab.us has been running for 2:39:28
2025-07-01 08:41:08 INFO:   - Job: twitter_cluster38-b2acd4030d14d64916f5b7dda9440a28 on clnode286.clemson.cloudlab.us has been running for 2:39:28
2025-07-01 08:41:08 INFO:   - Job: twitter_cluster38-19c28e27ddb6434a1f58f4959bafb3b8 on clnode301.clemson.cloudlab.us has been running for 2:39:28
2025-07-01 08:41:08 INFO:   - Job: twitter_cluster38-9ec28ecc3d82e3ff69cbd3b4218afabf on clnode302.clemson.cloudlab.us has been running for 2:39:28
2025-07-01 08:41:08 INFO:   - Job: twitter_cluster38-1f49fe37e518959c9ccf82662b640f48 on clnode290.clemson.cloudlab.us has been running for 2:39:28
2025-07-01 08:41:08 INFO:   - Job: twitter_cluster38-52986173aa45a8365ddce6cf3bb1be40 on clnode290.clemson.cloudlab.us has been running for 2:39:28
2025-07-01 08:41:08 INFO:   - Job: twitter_cluster38-9607f98485cebb21f4050bcafbe6f726 on clnode287.clemson.cloudlab.us has been running for 2:39:28
2025-07-01 08:41:08 INFO:   - Job: twitter_cluster38-a578d8221827c7d1b4d3bbdf5ae021cd on clnode302.clemson.cloudlab.us has been running for 2:39:28
2025-07-01 08:41:08 INFO: ----------------------------
2025-07-01 08:41:08 INFO: Dumping current state to scheduler_state.json...
2025-07-01 08:41:13 INFO: STATUS: 0 ToDo, 14 Running, 1511 Finished, 0 Failed.
2025-07-01 08:41:14 INFO: Loop finished. Sleeping for 60 seconds.
2025-07-01 08:42:25 INFO: --- System-wide Resource Utilization ---
2025-07-01 08:42:26 INFO:   - Host: clnode302.clemson.cloudlab.us  CPU Util:   2.1% | Mem Free:  80.4%
2025-07-01 08:42:26 INFO:   - Host: clnode290.clemson.cloudlab.us  CPU Util:   5.1% | Mem Free:  61.8%
2025-07-01 08:42:27 INFO:   - Host: clnode303.clemson.cloudlab.us  CPU Util:   2.1% | Mem Free:  84.5%
2025-07-01 08:42:27 INFO:   - Host: clnode287.clemson.cloudlab.us  CPU Util:   2.1% | Mem Free:  79.0%
2025-07-01 08:42:28 INFO:   - Host: clnode301.clemson.cloudlab.us  CPU Util:   1.1% | Mem Free:  88.4%
2025-07-01 08:42:28 INFO:   - Host: clnode286.clemson.cloudlab.us  CPU Util:   2.2% | Mem Free:  84.4%
2025-07-01 08:42:28 INFO: ----------------------------------------
2025-07-01 08:42:28 INFO: --- Running Job Runtimes ---
2025-07-01 08:42:28 INFO:   - Job: twitter_cluster38-29a4086da0d6d7d60d1dfeb002cb9c3d on clnode303.clemson.cloudlab.us has been running for 2:40:49
2025-07-01 08:42:28 INFO:   - Job: twitter_cluster38-1637bac994bd3009e55ce25a36c9e1a2 on clnode290.clemson.cloudlab.us has been running for 2:40:49
2025-07-01 08:42:28 INFO:   - Job: twitter_cluster38-346473d2c745b2f4a4a9699ff814b19f on clnode290.clemson.cloudlab.us has been running for 2:40:49
2025-07-01 08:42:28 INFO:   - Job: twitter_cluster38-58a9315bee4433060311de1eabd4be42 on clnode287.clemson.cloudlab.us has been running for 2:40:49
2025-07-01 08:42:28 INFO:   - Job: twitter_cluster38-14c5cf93ee3fefc79a3a15a882ba8c72 on clnode290.clemson.cloudlab.us has been running for 2:40:49
2025-07-01 08:42:28 INFO:   - Job: twitter_cluster38-1c56d4d1e9df3be1645048a44a9b7626 on clnode303.clemson.cloudlab.us has been running for 2:40:49
2025-07-01 08:42:28 INFO:   - Job: twitter_cluster38-aad9c61cc44a4df3efa1f5e13b096f8c on clnode286.clemson.cloudlab.us has been running for 2:40:49
2025-07-01 08:42:28 INFO:   - Job: twitter_cluster38-b2acd4030d14d64916f5b7dda9440a28 on clnode286.clemson.cloudlab.us has been running for 2:40:49
2025-07-01 08:42:28 INFO:   - Job: twitter_cluster38-19c28e27ddb6434a1f58f4959bafb3b8 on clnode301.clemson.cloudlab.us has been running for 2:40:49
2025-07-01 08:42:28 INFO:   - Job: twitter_cluster38-9ec28ecc3d82e3ff69cbd3b4218afabf on clnode302.clemson.cloudlab.us has been running for 2:40:49
2025-07-01 08:42:28 INFO:   - Job: twitter_cluster38-1f49fe37e518959c9ccf82662b640f48 on clnode290.clemson.cloudlab.us has been running for 2:40:49
2025-07-01 08:42:28 INFO:   - Job: twitter_cluster38-52986173aa45a8365ddce6cf3bb1be40 on clnode290.clemson.cloudlab.us has been running for 2:40:49
2025-07-01 08:42:28 INFO:   - Job: twitter_cluster38-9607f98485cebb21f4050bcafbe6f726 on clnode287.clemson.cloudlab.us has been running for 2:40:49
2025-07-01 08:42:28 INFO:   - Job: twitter_cluster38-a578d8221827c7d1b4d3bbdf5ae021cd on clnode302.clemson.cloudlab.us has been running for 2:40:49
2025-07-01 08:42:28 INFO: ----------------------------
2025-07-01 08:42:28 INFO: Dumping current state to scheduler_state.json...
2025-07-01 08:42:34 INFO: STATUS: 0 ToDo, 14 Running, 1511 Finished, 0 Failed.
2025-07-01 08:42:34 INFO: Loop finished. Sleeping for 60 seconds.
2025-07-01 08:43:46 INFO: --- System-wide Resource Utilization ---
2025-07-01 08:43:46 INFO:   - Host: clnode302.clemson.cloudlab.us  CPU Util:   2.2% | Mem Free:  80.4%
2025-07-01 08:43:47 INFO:   - Host: clnode290.clemson.cloudlab.us  CPU Util:   5.1% | Mem Free:  61.8%
2025-07-01 08:43:47 INFO:   - Host: clnode303.clemson.cloudlab.us  CPU Util:   2.0% | Mem Free:  84.5%
2025-07-01 08:43:48 INFO:   - Host: clnode287.clemson.cloudlab.us  CPU Util:   2.0% | Mem Free:  79.0%
2025-07-01 08:43:48 INFO:   - Host: clnode301.clemson.cloudlab.us  CPU Util:   1.1% | Mem Free:  88.4%
2025-07-01 08:43:49 INFO:   - Host: clnode286.clemson.cloudlab.us  CPU Util:   2.2% | Mem Free:  84.4%
2025-07-01 08:43:49 INFO: ----------------------------------------
2025-07-01 08:43:49 INFO: --- Running Job Runtimes ---
2025-07-01 08:43:49 INFO:   - Job: twitter_cluster38-29a4086da0d6d7d60d1dfeb002cb9c3d on clnode303.clemson.cloudlab.us has been running for 2:42:09
2025-07-01 08:43:49 INFO:   - Job: twitter_cluster38-1637bac994bd3009e55ce25a36c9e1a2 on clnode290.clemson.cloudlab.us has been running for 2:42:09
2025-07-01 08:43:49 INFO:   - Job: twitter_cluster38-346473d2c745b2f4a4a9699ff814b19f on clnode290.clemson.cloudlab.us has been running for 2:42:09
2025-07-01 08:43:49 INFO:   - Job: twitter_cluster38-58a9315bee4433060311de1eabd4be42 on clnode287.clemson.cloudlab.us has been running for 2:42:09
2025-07-01 08:43:49 INFO:   - Job: twitter_cluster38-14c5cf93ee3fefc79a3a15a882ba8c72 on clnode290.clemson.cloudlab.us has been running for 2:42:09
2025-07-01 08:43:49 INFO:   - Job: twitter_cluster38-1c56d4d1e9df3be1645048a44a9b7626 on clnode303.clemson.cloudlab.us has been running for 2:42:09
2025-07-01 08:43:49 INFO:   - Job: twitter_cluster38-aad9c61cc44a4df3efa1f5e13b096f8c on clnode286.clemson.cloudlab.us has been running for 2:42:09
2025-07-01 08:43:49 INFO:   - Job: twitter_cluster38-b2acd4030d14d64916f5b7dda9440a28 on clnode286.clemson.cloudlab.us has been running for 2:42:09
2025-07-01 08:43:49 INFO:   - Job: twitter_cluster38-19c28e27ddb6434a1f58f4959bafb3b8 on clnode301.clemson.cloudlab.us has been running for 2:42:09
2025-07-01 08:43:49 INFO:   - Job: twitter_cluster38-9ec28ecc3d82e3ff69cbd3b4218afabf on clnode302.clemson.cloudlab.us has been running for 2:42:09
2025-07-01 08:43:49 INFO:   - Job: twitter_cluster38-1f49fe37e518959c9ccf82662b640f48 on clnode290.clemson.cloudlab.us has been running for 2:42:09
2025-07-01 08:43:49 INFO:   - Job: twitter_cluster38-52986173aa45a8365ddce6cf3bb1be40 on clnode290.clemson.cloudlab.us has been running for 2:42:09
2025-07-01 08:43:49 INFO:   - Job: twitter_cluster38-9607f98485cebb21f4050bcafbe6f726 on clnode287.clemson.cloudlab.us has been running for 2:42:09
2025-07-01 08:43:49 INFO:   - Job: twitter_cluster38-a578d8221827c7d1b4d3bbdf5ae021cd on clnode302.clemson.cloudlab.us has been running for 2:42:09
2025-07-01 08:43:49 INFO: ----------------------------
2025-07-01 08:43:49 INFO: Dumping current state to scheduler_state.json...
2025-07-01 08:43:55 INFO: STATUS: 0 ToDo, 14 Running, 1511 Finished, 0 Failed.
2025-07-01 08:43:55 INFO: Loop finished. Sleeping for 60 seconds.
2025-07-01 08:45:06 INFO: --- System-wide Resource Utilization ---
2025-07-01 08:45:07 INFO:   - Host: clnode302.clemson.cloudlab.us  CPU Util:   1.8% | Mem Free:  80.4%
2025-07-01 08:45:07 INFO:   - Host: clnode290.clemson.cloudlab.us  CPU Util:   5.0% | Mem Free:  61.8%
2025-07-01 08:45:08 INFO:   - Host: clnode303.clemson.cloudlab.us  CPU Util:   2.1% | Mem Free:  84.5%
2025-07-01 08:45:09 INFO:   - Host: clnode287.clemson.cloudlab.us  CPU Util:   2.3% | Mem Free:  79.0%
2025-07-01 08:45:09 INFO:   - Host: clnode301.clemson.cloudlab.us  CPU Util:   1.2% | Mem Free:  88.4%
2025-07-01 08:45:10 INFO:   - Host: clnode286.clemson.cloudlab.us  CPU Util:   2.0% | Mem Free:  84.4%
2025-07-01 08:45:10 INFO: ----------------------------------------
2025-07-01 08:45:10 INFO: --- Running Job Runtimes ---
2025-07-01 08:45:10 INFO:   - Job: twitter_cluster38-29a4086da0d6d7d60d1dfeb002cb9c3d on clnode303.clemson.cloudlab.us has been running for 2:43:30
2025-07-01 08:45:10 INFO:   - Job: twitter_cluster38-1637bac994bd3009e55ce25a36c9e1a2 on clnode290.clemson.cloudlab.us has been running for 2:43:30
2025-07-01 08:45:10 INFO:   - Job: twitter_cluster38-346473d2c745b2f4a4a9699ff814b19f on clnode290.clemson.cloudlab.us has been running for 2:43:30
2025-07-01 08:45:10 INFO:   - Job: twitter_cluster38-58a9315bee4433060311de1eabd4be42 on clnode287.clemson.cloudlab.us has been running for 2:43:30
2025-07-01 08:45:10 INFO:   - Job: twitter_cluster38-14c5cf93ee3fefc79a3a15a882ba8c72 on clnode290.clemson.cloudlab.us has been running for 2:43:30
2025-07-01 08:45:10 INFO:   - Job: twitter_cluster38-1c56d4d1e9df3be1645048a44a9b7626 on clnode303.clemson.cloudlab.us has been running for 2:43:30
2025-07-01 08:45:10 INFO:   - Job: twitter_cluster38-aad9c61cc44a4df3efa1f5e13b096f8c on clnode286.clemson.cloudlab.us has been running for 2:43:30
2025-07-01 08:45:10 INFO:   - Job: twitter_cluster38-b2acd4030d14d64916f5b7dda9440a28 on clnode286.clemson.cloudlab.us has been running for 2:43:30
2025-07-01 08:45:10 INFO:   - Job: twitter_cluster38-19c28e27ddb6434a1f58f4959bafb3b8 on clnode301.clemson.cloudlab.us has been running for 2:43:30
2025-07-01 08:45:10 INFO:   - Job: twitter_cluster38-9ec28ecc3d82e3ff69cbd3b4218afabf on clnode302.clemson.cloudlab.us has been running for 2:43:30
2025-07-01 08:45:10 INFO:   - Job: twitter_cluster38-1f49fe37e518959c9ccf82662b640f48 on clnode290.clemson.cloudlab.us has been running for 2:43:30
2025-07-01 08:45:10 INFO:   - Job: twitter_cluster38-52986173aa45a8365ddce6cf3bb1be40 on clnode290.clemson.cloudlab.us has been running for 2:43:30
2025-07-01 08:45:10 INFO:   - Job: twitter_cluster38-9607f98485cebb21f4050bcafbe6f726 on clnode287.clemson.cloudlab.us has been running for 2:43:30
2025-07-01 08:45:10 INFO:   - Job: twitter_cluster38-a578d8221827c7d1b4d3bbdf5ae021cd on clnode302.clemson.cloudlab.us has been running for 2:43:30
2025-07-01 08:45:10 INFO: ----------------------------
2025-07-01 08:45:10 INFO: Dumping current state to scheduler_state.json...
2025-07-01 08:45:15 INFO: STATUS: 0 ToDo, 14 Running, 1511 Finished, 0 Failed.
2025-07-01 08:45:16 INFO: Loop finished. Sleeping for 60 seconds.
2025-07-01 08:46:16 INFO: Job twitter_cluster38-1637bac994bd3009e55ce25a36c9e1a2 ended on clnode290.clemson.cloudlab.us with status 'finished' after 2:44:36. Freed resources.
2025-07-01 08:46:26 INFO: --- System-wide Resource Utilization ---
2025-07-01 08:46:27 INFO:   - Host: clnode302.clemson.cloudlab.us  CPU Util:   2.2% | Mem Free:  80.4%
2025-07-01 08:46:27 INFO:   - Host: clnode290.clemson.cloudlab.us  CPU Util:   4.1% | Mem Free:  68.5%
2025-07-01 08:46:28 INFO:   - Host: clnode303.clemson.cloudlab.us  CPU Util:   1.9% | Mem Free:  84.5%
2025-07-01 08:46:28 INFO:   - Host: clnode287.clemson.cloudlab.us  CPU Util:   1.9% | Mem Free:  79.0%
2025-07-01 08:46:29 INFO:   - Host: clnode301.clemson.cloudlab.us  CPU Util:   1.1% | Mem Free:  88.4%
2025-07-01 08:46:29 INFO:   - Host: clnode286.clemson.cloudlab.us  CPU Util:   2.2% | Mem Free:  84.4%
2025-07-01 08:46:29 INFO: ----------------------------------------
2025-07-01 08:46:29 INFO: --- Running Job Runtimes ---
2025-07-01 08:46:29 INFO:   - Job: twitter_cluster38-29a4086da0d6d7d60d1dfeb002cb9c3d on clnode303.clemson.cloudlab.us has been running for 2:44:50
2025-07-01 08:46:29 INFO:   - Job: twitter_cluster38-346473d2c745b2f4a4a9699ff814b19f on clnode290.clemson.cloudlab.us has been running for 2:44:50
2025-07-01 08:46:29 INFO:   - Job: twitter_cluster38-58a9315bee4433060311de1eabd4be42 on clnode287.clemson.cloudlab.us has been running for 2:44:50
2025-07-01 08:46:29 INFO:   - Job: twitter_cluster38-14c5cf93ee3fefc79a3a15a882ba8c72 on clnode290.clemson.cloudlab.us has been running for 2:44:50
2025-07-01 08:46:29 INFO:   - Job: twitter_cluster38-1c56d4d1e9df3be1645048a44a9b7626 on clnode303.clemson.cloudlab.us has been running for 2:44:50
2025-07-01 08:46:29 INFO:   - Job: twitter_cluster38-aad9c61cc44a4df3efa1f5e13b096f8c on clnode286.clemson.cloudlab.us has been running for 2:44:50
2025-07-01 08:46:29 INFO:   - Job: twitter_cluster38-b2acd4030d14d64916f5b7dda9440a28 on clnode286.clemson.cloudlab.us has been running for 2:44:50
2025-07-01 08:46:29 INFO:   - Job: twitter_cluster38-19c28e27ddb6434a1f58f4959bafb3b8 on clnode301.clemson.cloudlab.us has been running for 2:44:50
2025-07-01 08:46:29 INFO:   - Job: twitter_cluster38-9ec28ecc3d82e3ff69cbd3b4218afabf on clnode302.clemson.cloudlab.us has been running for 2:44:50
2025-07-01 08:46:29 INFO:   - Job: twitter_cluster38-1f49fe37e518959c9ccf82662b640f48 on clnode290.clemson.cloudlab.us has been running for 2:44:50
2025-07-01 08:46:29 INFO:   - Job: twitter_cluster38-52986173aa45a8365ddce6cf3bb1be40 on clnode290.clemson.cloudlab.us has been running for 2:44:50
2025-07-01 08:46:29 INFO:   - Job: twitter_cluster38-9607f98485cebb21f4050bcafbe6f726 on clnode287.clemson.cloudlab.us has been running for 2:44:50
2025-07-01 08:46:29 INFO:   - Job: twitter_cluster38-a578d8221827c7d1b4d3bbdf5ae021cd on clnode302.clemson.cloudlab.us has been running for 2:44:50
2025-07-01 08:46:29 INFO: ----------------------------
2025-07-01 08:46:29 INFO: Dumping current state to scheduler_state.json...
2025-07-01 08:46:35 INFO: STATUS: 0 ToDo, 13 Running, 1512 Finished, 0 Failed.
2025-07-01 08:46:35 INFO: Loop finished. Sleeping for 60 seconds.
2025-07-01 08:47:45 INFO: --- System-wide Resource Utilization ---
2025-07-01 08:47:46 INFO:   - Host: clnode302.clemson.cloudlab.us  CPU Util:   2.1% | Mem Free:  80.4%
2025-07-01 08:47:47 INFO:   - Host: clnode290.clemson.cloudlab.us  CPU Util:   4.1% | Mem Free:  68.5%
2025-07-01 08:47:47 INFO:   - Host: clnode303.clemson.cloudlab.us  CPU Util:   2.1% | Mem Free:  84.5%
2025-07-01 08:47:48 INFO:   - Host: clnode287.clemson.cloudlab.us  CPU Util:   2.0% | Mem Free:  79.0%
2025-07-01 08:47:48 INFO:   - Host: clnode301.clemson.cloudlab.us  CPU Util:   1.0% | Mem Free:  88.4%
2025-07-01 08:47:49 INFO:   - Host: clnode286.clemson.cloudlab.us  CPU Util:   2.1% | Mem Free:  84.4%
2025-07-01 08:47:49 INFO: ----------------------------------------
2025-07-01 08:47:49 INFO: --- Running Job Runtimes ---
2025-07-01 08:47:49 INFO:   - Job: twitter_cluster38-29a4086da0d6d7d60d1dfeb002cb9c3d on clnode303.clemson.cloudlab.us has been running for 2:46:09
2025-07-01 08:47:49 INFO:   - Job: twitter_cluster38-346473d2c745b2f4a4a9699ff814b19f on clnode290.clemson.cloudlab.us has been running for 2:46:09
2025-07-01 08:47:49 INFO:   - Job: twitter_cluster38-58a9315bee4433060311de1eabd4be42 on clnode287.clemson.cloudlab.us has been running for 2:46:09
2025-07-01 08:47:49 INFO:   - Job: twitter_cluster38-14c5cf93ee3fefc79a3a15a882ba8c72 on clnode290.clemson.cloudlab.us has been running for 2:46:09
2025-07-01 08:47:49 INFO:   - Job: twitter_cluster38-1c56d4d1e9df3be1645048a44a9b7626 on clnode303.clemson.cloudlab.us has been running for 2:46:09
2025-07-01 08:47:49 INFO:   - Job: twitter_cluster38-aad9c61cc44a4df3efa1f5e13b096f8c on clnode286.clemson.cloudlab.us has been running for 2:46:09
2025-07-01 08:47:49 INFO:   - Job: twitter_cluster38-b2acd4030d14d64916f5b7dda9440a28 on clnode286.clemson.cloudlab.us has been running for 2:46:09
2025-07-01 08:47:49 INFO:   - Job: twitter_cluster38-19c28e27ddb6434a1f58f4959bafb3b8 on clnode301.clemson.cloudlab.us has been running for 2:46:09
2025-07-01 08:47:49 INFO:   - Job: twitter_cluster38-9ec28ecc3d82e3ff69cbd3b4218afabf on clnode302.clemson.cloudlab.us has been running for 2:46:09
2025-07-01 08:47:49 INFO:   - Job: twitter_cluster38-1f49fe37e518959c9ccf82662b640f48 on clnode290.clemson.cloudlab.us has been running for 2:46:09
2025-07-01 08:47:49 INFO:   - Job: twitter_cluster38-52986173aa45a8365ddce6cf3bb1be40 on clnode290.clemson.cloudlab.us has been running for 2:46:09
2025-07-01 08:47:49 INFO:   - Job: twitter_cluster38-9607f98485cebb21f4050bcafbe6f726 on clnode287.clemson.cloudlab.us has been running for 2:46:09
2025-07-01 08:47:49 INFO:   - Job: twitter_cluster38-a578d8221827c7d1b4d3bbdf5ae021cd on clnode302.clemson.cloudlab.us has been running for 2:46:09
2025-07-01 08:47:49 INFO: ----------------------------
2025-07-01 08:47:49 INFO: Dumping current state to scheduler_state.json...
2025-07-01 08:47:54 INFO: STATUS: 0 ToDo, 13 Running, 1512 Finished, 0 Failed.
2025-07-01 08:47:54 INFO: Loop finished. Sleeping for 60 seconds.
2025-07-01 08:49:05 INFO: --- System-wide Resource Utilization ---
2025-07-01 08:49:05 INFO:   - Host: clnode302.clemson.cloudlab.us  CPU Util:   2.2% | Mem Free:  80.4%
2025-07-01 08:49:06 INFO:   - Host: clnode290.clemson.cloudlab.us  CPU Util:   3.9% | Mem Free:  68.5%
2025-07-01 08:49:06 INFO:   - Host: clnode303.clemson.cloudlab.us  CPU Util:   2.1% | Mem Free:  84.5%
2025-07-01 08:49:07 INFO:   - Host: clnode287.clemson.cloudlab.us  CPU Util:   2.0% | Mem Free:  79.0%
2025-07-01 08:49:07 INFO:   - Host: clnode301.clemson.cloudlab.us  CPU Util:   1.1% | Mem Free:  88.4%
2025-07-01 08:49:08 INFO:   - Host: clnode286.clemson.cloudlab.us  CPU Util:   2.2% | Mem Free:  84.4%
2025-07-01 08:49:08 INFO: ----------------------------------------
2025-07-01 08:49:08 INFO: --- Running Job Runtimes ---
2025-07-01 08:49:08 INFO:   - Job: twitter_cluster38-29a4086da0d6d7d60d1dfeb002cb9c3d on clnode303.clemson.cloudlab.us has been running for 2:47:28
2025-07-01 08:49:08 INFO:   - Job: twitter_cluster38-346473d2c745b2f4a4a9699ff814b19f on clnode290.clemson.cloudlab.us has been running for 2:47:28
2025-07-01 08:49:08 INFO:   - Job: twitter_cluster38-58a9315bee4433060311de1eabd4be42 on clnode287.clemson.cloudlab.us has been running for 2:47:28
2025-07-01 08:49:08 INFO:   - Job: twitter_cluster38-14c5cf93ee3fefc79a3a15a882ba8c72 on clnode290.clemson.cloudlab.us has been running for 2:47:28
2025-07-01 08:49:08 INFO:   - Job: twitter_cluster38-1c56d4d1e9df3be1645048a44a9b7626 on clnode303.clemson.cloudlab.us has been running for 2:47:28
2025-07-01 08:49:08 INFO:   - Job: twitter_cluster38-aad9c61cc44a4df3efa1f5e13b096f8c on clnode286.clemson.cloudlab.us has been running for 2:47:28
2025-07-01 08:49:08 INFO:   - Job: twitter_cluster38-b2acd4030d14d64916f5b7dda9440a28 on clnode286.clemson.cloudlab.us has been running for 2:47:28
2025-07-01 08:49:08 INFO:   - Job: twitter_cluster38-19c28e27ddb6434a1f58f4959bafb3b8 on clnode301.clemson.cloudlab.us has been running for 2:47:28
2025-07-01 08:49:08 INFO:   - Job: twitter_cluster38-9ec28ecc3d82e3ff69cbd3b4218afabf on clnode302.clemson.cloudlab.us has been running for 2:47:28
2025-07-01 08:49:08 INFO:   - Job: twitter_cluster38-1f49fe37e518959c9ccf82662b640f48 on clnode290.clemson.cloudlab.us has been running for 2:47:28
2025-07-01 08:49:08 INFO:   - Job: twitter_cluster38-52986173aa45a8365ddce6cf3bb1be40 on clnode290.clemson.cloudlab.us has been running for 2:47:28
2025-07-01 08:49:08 INFO:   - Job: twitter_cluster38-9607f98485cebb21f4050bcafbe6f726 on clnode287.clemson.cloudlab.us has been running for 2:47:28
2025-07-01 08:49:08 INFO:   - Job: twitter_cluster38-a578d8221827c7d1b4d3bbdf5ae021cd on clnode302.clemson.cloudlab.us has been running for 2:47:28
2025-07-01 08:49:08 INFO: ----------------------------
2025-07-01 08:49:08 INFO: Dumping current state to scheduler_state.json...
2025-07-01 08:49:13 INFO: STATUS: 0 ToDo, 13 Running, 1512 Finished, 0 Failed.
2025-07-01 08:49:13 INFO: Loop finished. Sleeping for 60 seconds.
2025-07-01 08:50:24 INFO: --- System-wide Resource Utilization ---
2025-07-01 08:50:25 INFO:   - Host: clnode302.clemson.cloudlab.us  CPU Util:   2.2% | Mem Free:  80.4%
2025-07-01 08:50:25 INFO:   - Host: clnode290.clemson.cloudlab.us  CPU Util:   3.9% | Mem Free:  68.5%
2025-07-01 08:50:26 INFO:   - Host: clnode303.clemson.cloudlab.us  CPU Util:   1.9% | Mem Free:  84.5%
2025-07-01 08:50:26 INFO:   - Host: clnode287.clemson.cloudlab.us  CPU Util:   1.9% | Mem Free:  79.0%
2025-07-01 08:50:27 INFO:   - Host: clnode301.clemson.cloudlab.us  CPU Util:   1.0% | Mem Free:  88.4%
2025-07-01 08:50:27 INFO:   - Host: clnode286.clemson.cloudlab.us  CPU Util:   2.0% | Mem Free:  84.4%
2025-07-01 08:50:27 INFO: ----------------------------------------
2025-07-01 08:50:27 INFO: --- Running Job Runtimes ---
2025-07-01 08:50:27 INFO:   - Job: twitter_cluster38-29a4086da0d6d7d60d1dfeb002cb9c3d on clnode303.clemson.cloudlab.us has been running for 2:48:47
2025-07-01 08:50:27 INFO:   - Job: twitter_cluster38-346473d2c745b2f4a4a9699ff814b19f on clnode290.clemson.cloudlab.us has been running for 2:48:47
2025-07-01 08:50:27 INFO:   - Job: twitter_cluster38-58a9315bee4433060311de1eabd4be42 on clnode287.clemson.cloudlab.us has been running for 2:48:47
2025-07-01 08:50:27 INFO:   - Job: twitter_cluster38-14c5cf93ee3fefc79a3a15a882ba8c72 on clnode290.clemson.cloudlab.us has been running for 2:48:47
2025-07-01 08:50:27 INFO:   - Job: twitter_cluster38-1c56d4d1e9df3be1645048a44a9b7626 on clnode303.clemson.cloudlab.us has been running for 2:48:47
2025-07-01 08:50:27 INFO:   - Job: twitter_cluster38-aad9c61cc44a4df3efa1f5e13b096f8c on clnode286.clemson.cloudlab.us has been running for 2:48:47
2025-07-01 08:50:27 INFO:   - Job: twitter_cluster38-b2acd4030d14d64916f5b7dda9440a28 on clnode286.clemson.cloudlab.us has been running for 2:48:47
2025-07-01 08:50:27 INFO:   - Job: twitter_cluster38-19c28e27ddb6434a1f58f4959bafb3b8 on clnode301.clemson.cloudlab.us has been running for 2:48:47
2025-07-01 08:50:27 INFO:   - Job: twitter_cluster38-9ec28ecc3d82e3ff69cbd3b4218afabf on clnode302.clemson.cloudlab.us has been running for 2:48:47
2025-07-01 08:50:27 INFO:   - Job: twitter_cluster38-1f49fe37e518959c9ccf82662b640f48 on clnode290.clemson.cloudlab.us has been running for 2:48:47
2025-07-01 08:50:27 INFO:   - Job: twitter_cluster38-52986173aa45a8365ddce6cf3bb1be40 on clnode290.clemson.cloudlab.us has been running for 2:48:47
2025-07-01 08:50:27 INFO:   - Job: twitter_cluster38-9607f98485cebb21f4050bcafbe6f726 on clnode287.clemson.cloudlab.us has been running for 2:48:47
2025-07-01 08:50:27 INFO:   - Job: twitter_cluster38-a578d8221827c7d1b4d3bbdf5ae021cd on clnode302.clemson.cloudlab.us has been running for 2:48:47
2025-07-01 08:50:27 INFO: ----------------------------
2025-07-01 08:50:27 INFO: Dumping current state to scheduler_state.json...
2025-07-01 08:50:33 INFO: STATUS: 0 ToDo, 13 Running, 1512 Finished, 0 Failed.
2025-07-01 08:50:33 INFO: Loop finished. Sleeping for 60 seconds.
2025-07-01 08:51:43 INFO: --- System-wide Resource Utilization ---
2025-07-01 08:51:44 INFO:   - Host: clnode302.clemson.cloudlab.us  CPU Util:   2.2% | Mem Free:  80.4%
2025-07-01 08:51:44 INFO:   - Host: clnode290.clemson.cloudlab.us  CPU Util:   3.8% | Mem Free:  68.5%
2025-07-01 08:51:45 INFO:   - Host: clnode303.clemson.cloudlab.us  CPU Util:   2.1% | Mem Free:  84.5%
2025-07-01 08:51:45 INFO:   - Host: clnode287.clemson.cloudlab.us  CPU Util:   2.0% | Mem Free:  79.0%
2025-07-01 08:51:46 INFO:   - Host: clnode301.clemson.cloudlab.us  CPU Util:   1.0% | Mem Free:  88.4%
2025-07-01 08:51:47 INFO:   - Host: clnode286.clemson.cloudlab.us  CPU Util:   2.1% | Mem Free:  84.4%
2025-07-01 08:51:47 INFO: ----------------------------------------
2025-07-01 08:51:47 INFO: --- Running Job Runtimes ---
2025-07-01 08:51:47 INFO:   - Job: twitter_cluster38-29a4086da0d6d7d60d1dfeb002cb9c3d on clnode303.clemson.cloudlab.us has been running for 2:50:07
2025-07-01 08:51:47 INFO:   - Job: twitter_cluster38-346473d2c745b2f4a4a9699ff814b19f on clnode290.clemson.cloudlab.us has been running for 2:50:07
2025-07-01 08:51:47 INFO:   - Job: twitter_cluster38-58a9315bee4433060311de1eabd4be42 on clnode287.clemson.cloudlab.us has been running for 2:50:07
2025-07-01 08:51:47 INFO:   - Job: twitter_cluster38-14c5cf93ee3fefc79a3a15a882ba8c72 on clnode290.clemson.cloudlab.us has been running for 2:50:07
2025-07-01 08:51:47 INFO:   - Job: twitter_cluster38-1c56d4d1e9df3be1645048a44a9b7626 on clnode303.clemson.cloudlab.us has been running for 2:50:07
2025-07-01 08:51:47 INFO:   - Job: twitter_cluster38-aad9c61cc44a4df3efa1f5e13b096f8c on clnode286.clemson.cloudlab.us has been running for 2:50:07
2025-07-01 08:51:47 INFO:   - Job: twitter_cluster38-b2acd4030d14d64916f5b7dda9440a28 on clnode286.clemson.cloudlab.us has been running for 2:50:07
2025-07-01 08:51:47 INFO:   - Job: twitter_cluster38-19c28e27ddb6434a1f58f4959bafb3b8 on clnode301.clemson.cloudlab.us has been running for 2:50:07
2025-07-01 08:51:47 INFO:   - Job: twitter_cluster38-9ec28ecc3d82e3ff69cbd3b4218afabf on clnode302.clemson.cloudlab.us has been running for 2:50:07
2025-07-01 08:51:47 INFO:   - Job: twitter_cluster38-1f49fe37e518959c9ccf82662b640f48 on clnode290.clemson.cloudlab.us has been running for 2:50:07
2025-07-01 08:51:47 INFO:   - Job: twitter_cluster38-52986173aa45a8365ddce6cf3bb1be40 on clnode290.clemson.cloudlab.us has been running for 2:50:07
2025-07-01 08:51:47 INFO:   - Job: twitter_cluster38-9607f98485cebb21f4050bcafbe6f726 on clnode287.clemson.cloudlab.us has been running for 2:50:07
2025-07-01 08:51:47 INFO:   - Job: twitter_cluster38-a578d8221827c7d1b4d3bbdf5ae021cd on clnode302.clemson.cloudlab.us has been running for 2:50:07
2025-07-01 08:51:47 INFO: ----------------------------
2025-07-01 08:51:47 INFO: Dumping current state to scheduler_state.json...
2025-07-01 08:51:52 INFO: STATUS: 0 ToDo, 13 Running, 1512 Finished, 0 Failed.
2025-07-01 08:51:52 INFO: Loop finished. Sleeping for 60 seconds.
2025-07-01 08:53:02 INFO: --- System-wide Resource Utilization ---
2025-07-01 08:53:03 INFO:   - Host: clnode302.clemson.cloudlab.us  CPU Util:   2.1% | Mem Free:  80.4%
2025-07-01 08:53:04 INFO:   - Host: clnode290.clemson.cloudlab.us  CPU Util:   3.8% | Mem Free:  68.5%
2025-07-01 08:53:04 INFO:   - Host: clnode303.clemson.cloudlab.us  CPU Util:   2.0% | Mem Free:  84.5%
2025-07-01 08:53:05 INFO:   - Host: clnode287.clemson.cloudlab.us  CPU Util:   1.9% | Mem Free:  79.0%
2025-07-01 08:53:05 INFO:   - Host: clnode301.clemson.cloudlab.us  CPU Util:   1.0% | Mem Free:  88.4%
2025-07-01 08:53:06 INFO:   - Host: clnode286.clemson.cloudlab.us  CPU Util:   1.0% | Mem Free:  91.0%
2025-07-01 08:53:06 INFO: ----------------------------------------
2025-07-01 08:53:06 INFO: --- Running Job Runtimes ---
2025-07-01 08:53:06 INFO:   - Job: twitter_cluster38-29a4086da0d6d7d60d1dfeb002cb9c3d on clnode303.clemson.cloudlab.us has been running for 2:51:26
2025-07-01 08:53:06 INFO:   - Job: twitter_cluster38-346473d2c745b2f4a4a9699ff814b19f on clnode290.clemson.cloudlab.us has been running for 2:51:26
2025-07-01 08:53:06 INFO:   - Job: twitter_cluster38-58a9315bee4433060311de1eabd4be42 on clnode287.clemson.cloudlab.us has been running for 2:51:26
2025-07-01 08:53:06 INFO:   - Job: twitter_cluster38-14c5cf93ee3fefc79a3a15a882ba8c72 on clnode290.clemson.cloudlab.us has been running for 2:51:26
2025-07-01 08:53:06 INFO:   - Job: twitter_cluster38-1c56d4d1e9df3be1645048a44a9b7626 on clnode303.clemson.cloudlab.us has been running for 2:51:26
2025-07-01 08:53:06 INFO:   - Job: twitter_cluster38-aad9c61cc44a4df3efa1f5e13b096f8c on clnode286.clemson.cloudlab.us has been running for 2:51:26
2025-07-01 08:53:06 INFO:   - Job: twitter_cluster38-b2acd4030d14d64916f5b7dda9440a28 on clnode286.clemson.cloudlab.us has been running for 2:51:26
2025-07-01 08:53:06 INFO:   - Job: twitter_cluster38-19c28e27ddb6434a1f58f4959bafb3b8 on clnode301.clemson.cloudlab.us has been running for 2:51:26
2025-07-01 08:53:06 INFO:   - Job: twitter_cluster38-9ec28ecc3d82e3ff69cbd3b4218afabf on clnode302.clemson.cloudlab.us has been running for 2:51:26
2025-07-01 08:53:06 INFO:   - Job: twitter_cluster38-1f49fe37e518959c9ccf82662b640f48 on clnode290.clemson.cloudlab.us has been running for 2:51:26
2025-07-01 08:53:06 INFO:   - Job: twitter_cluster38-52986173aa45a8365ddce6cf3bb1be40 on clnode290.clemson.cloudlab.us has been running for 2:51:26
2025-07-01 08:53:06 INFO:   - Job: twitter_cluster38-9607f98485cebb21f4050bcafbe6f726 on clnode287.clemson.cloudlab.us has been running for 2:51:26
2025-07-01 08:53:06 INFO:   - Job: twitter_cluster38-a578d8221827c7d1b4d3bbdf5ae021cd on clnode302.clemson.cloudlab.us has been running for 2:51:26
2025-07-01 08:53:06 INFO: ----------------------------
2025-07-01 08:53:06 INFO: Dumping current state to scheduler_state.json...
2025-07-01 08:53:10 INFO: STATUS: 0 ToDo, 13 Running, 1513 Finished, 0 Failed.
2025-07-01 08:53:11 INFO: Loop finished. Sleeping for 60 seconds.
2025-07-01 08:54:12 INFO: Job twitter_cluster38-b2acd4030d14d64916f5b7dda9440a28 ended on clnode286.clemson.cloudlab.us with status 'finished' after 2:52:32. Freed resources.
2025-07-01 08:54:20 INFO: --- System-wide Resource Utilization ---
2025-07-01 08:54:21 INFO:   - Host: clnode302.clemson.cloudlab.us  CPU Util:   2.0% | Mem Free:  80.4%
2025-07-01 08:54:21 INFO:   - Host: clnode290.clemson.cloudlab.us  CPU Util:   4.0% | Mem Free:  68.5%
2025-07-01 08:54:22 INFO:   - Host: clnode303.clemson.cloudlab.us  CPU Util:   1.1% | Mem Free:  91.1%
2025-07-01 08:54:22 INFO:   - Host: clnode287.clemson.cloudlab.us  CPU Util:   2.5% | Mem Free:  79.0%
2025-07-01 08:54:23 INFO:   - Host: clnode301.clemson.cloudlab.us  CPU Util:   1.1% | Mem Free:  88.4%
2025-07-01 08:54:24 INFO:   - Host: clnode286.clemson.cloudlab.us  CPU Util:   1.2% | Mem Free:  91.1%
2025-07-01 08:54:24 INFO: ----------------------------------------
2025-07-01 08:54:24 INFO: --- Running Job Runtimes ---
2025-07-01 08:54:24 INFO:   - Job: twitter_cluster38-29a4086da0d6d7d60d1dfeb002cb9c3d on clnode303.clemson.cloudlab.us has been running for 2:52:44
2025-07-01 08:54:24 INFO:   - Job: twitter_cluster38-346473d2c745b2f4a4a9699ff814b19f on clnode290.clemson.cloudlab.us has been running for 2:52:44
2025-07-01 08:54:24 INFO:   - Job: twitter_cluster38-58a9315bee4433060311de1eabd4be42 on clnode287.clemson.cloudlab.us has been running for 2:52:44
2025-07-01 08:54:24 INFO:   - Job: twitter_cluster38-14c5cf93ee3fefc79a3a15a882ba8c72 on clnode290.clemson.cloudlab.us has been running for 2:52:44
2025-07-01 08:54:24 INFO:   - Job: twitter_cluster38-1c56d4d1e9df3be1645048a44a9b7626 on clnode303.clemson.cloudlab.us has been running for 2:52:44
2025-07-01 08:54:24 INFO:   - Job: twitter_cluster38-aad9c61cc44a4df3efa1f5e13b096f8c on clnode286.clemson.cloudlab.us has been running for 2:52:44
2025-07-01 08:54:24 INFO:   - Job: twitter_cluster38-19c28e27ddb6434a1f58f4959bafb3b8 on clnode301.clemson.cloudlab.us has been running for 2:52:44
2025-07-01 08:54:24 INFO:   - Job: twitter_cluster38-9ec28ecc3d82e3ff69cbd3b4218afabf on clnode302.clemson.cloudlab.us has been running for 2:52:44
2025-07-01 08:54:24 INFO:   - Job: twitter_cluster38-1f49fe37e518959c9ccf82662b640f48 on clnode290.clemson.cloudlab.us has been running for 2:52:44
2025-07-01 08:54:24 INFO:   - Job: twitter_cluster38-52986173aa45a8365ddce6cf3bb1be40 on clnode290.clemson.cloudlab.us has been running for 2:52:44
2025-07-01 08:54:24 INFO:   - Job: twitter_cluster38-9607f98485cebb21f4050bcafbe6f726 on clnode287.clemson.cloudlab.us has been running for 2:52:44
2025-07-01 08:54:24 INFO:   - Job: twitter_cluster38-a578d8221827c7d1b4d3bbdf5ae021cd on clnode302.clemson.cloudlab.us has been running for 2:52:44
2025-07-01 08:54:24 INFO: ----------------------------
2025-07-01 08:54:24 INFO: Dumping current state to scheduler_state.json...
2025-07-01 08:54:28 INFO: STATUS: 0 ToDo, 12 Running, 1514 Finished, 0 Failed.
2025-07-01 08:54:28 INFO: Loop finished. Sleeping for 60 seconds.
2025-07-01 08:55:28 INFO: Job twitter_cluster38-29a4086da0d6d7d60d1dfeb002cb9c3d ended on clnode303.clemson.cloudlab.us with status 'finished' after 2:53:49. Freed resources.
2025-07-01 08:55:29 INFO: Job twitter_cluster38-aad9c61cc44a4df3efa1f5e13b096f8c ended on clnode286.clemson.cloudlab.us with status 'finished' after 2:53:49. Freed resources.
2025-07-01 08:55:37 INFO: --- System-wide Resource Utilization ---
2025-07-01 08:55:37 INFO:   - Host: clnode302.clemson.cloudlab.us  CPU Util:   2.2% | Mem Free:  80.4%
2025-07-01 08:55:38 INFO:   - Host: clnode290.clemson.cloudlab.us  CPU Util:   4.1% | Mem Free:  68.5%
2025-07-01 08:55:38 INFO:   - Host: clnode303.clemson.cloudlab.us  CPU Util:   1.1% | Mem Free:  91.1%
2025-07-01 08:55:39 INFO:   - Host: clnode287.clemson.cloudlab.us  CPU Util:   2.6% | Mem Free:  79.0%
2025-07-01 08:55:40 INFO:   - Host: clnode301.clemson.cloudlab.us  CPU Util:   1.1% | Mem Free:  88.4%
2025-07-01 08:55:40 INFO:   - Host: clnode286.clemson.cloudlab.us  CPU Util:   0.2% | Mem Free:  97.7%
2025-07-01 08:55:40 INFO: ----------------------------------------
2025-07-01 08:55:40 INFO: --- Running Job Runtimes ---
2025-07-01 08:55:40 INFO:   - Job: twitter_cluster38-346473d2c745b2f4a4a9699ff814b19f on clnode290.clemson.cloudlab.us has been running for 2:54:00
2025-07-01 08:55:40 INFO:   - Job: twitter_cluster38-58a9315bee4433060311de1eabd4be42 on clnode287.clemson.cloudlab.us has been running for 2:54:00
2025-07-01 08:55:40 INFO:   - Job: twitter_cluster38-14c5cf93ee3fefc79a3a15a882ba8c72 on clnode290.clemson.cloudlab.us has been running for 2:54:00
2025-07-01 08:55:40 INFO:   - Job: twitter_cluster38-1c56d4d1e9df3be1645048a44a9b7626 on clnode303.clemson.cloudlab.us has been running for 2:54:00
2025-07-01 08:55:40 INFO:   - Job: twitter_cluster38-19c28e27ddb6434a1f58f4959bafb3b8 on clnode301.clemson.cloudlab.us has been running for 2:54:00
2025-07-01 08:55:40 INFO:   - Job: twitter_cluster38-9ec28ecc3d82e3ff69cbd3b4218afabf on clnode302.clemson.cloudlab.us has been running for 2:54:00
2025-07-01 08:55:40 INFO:   - Job: twitter_cluster38-1f49fe37e518959c9ccf82662b640f48 on clnode290.clemson.cloudlab.us has been running for 2:54:00
2025-07-01 08:55:40 INFO:   - Job: twitter_cluster38-52986173aa45a8365ddce6cf3bb1be40 on clnode290.clemson.cloudlab.us has been running for 2:54:00
2025-07-01 08:55:40 INFO:   - Job: twitter_cluster38-9607f98485cebb21f4050bcafbe6f726 on clnode287.clemson.cloudlab.us has been running for 2:54:00
2025-07-01 08:55:40 INFO:   - Job: twitter_cluster38-a578d8221827c7d1b4d3bbdf5ae021cd on clnode302.clemson.cloudlab.us has been running for 2:54:00
2025-07-01 08:55:40 INFO: ----------------------------
2025-07-01 08:55:40 INFO: Dumping current state to scheduler_state.json...
2025-07-01 08:55:44 INFO: STATUS: 0 ToDo, 10 Running, 1515 Finished, 0 Failed.
2025-07-01 08:55:44 INFO: Loop finished. Sleeping for 60 seconds.
2025-07-01 08:56:45 INFO: Job twitter_cluster38-1c56d4d1e9df3be1645048a44a9b7626 ended on clnode303.clemson.cloudlab.us with status 'finished' after 2:55:05. Freed resources.
2025-07-01 08:56:52 INFO: --- System-wide Resource Utilization ---
2025-07-01 08:56:52 INFO:   - Host: clnode302.clemson.cloudlab.us  CPU Util:   2.3% | Mem Free:  80.4%
2025-07-01 08:56:53 INFO:   - Host: clnode290.clemson.cloudlab.us  CPU Util:   4.0% | Mem Free:  68.5%
2025-07-01 08:56:54 INFO:   - Host: clnode303.clemson.cloudlab.us  CPU Util:   0.2% | Mem Free:  97.7%
2025-07-01 08:56:54 INFO:   - Host: clnode287.clemson.cloudlab.us  CPU Util:   2.1% | Mem Free:  79.0%
2025-07-01 08:56:55 INFO:   - Host: clnode301.clemson.cloudlab.us  CPU Util:   1.2% | Mem Free:  88.4%
2025-07-01 08:56:55 INFO:   - Host: clnode286.clemson.cloudlab.us  CPU Util:   0.2% | Mem Free:  97.7%
2025-07-01 08:56:55 INFO: ----------------------------------------
2025-07-01 08:56:55 INFO: --- Running Job Runtimes ---
2025-07-01 08:56:55 INFO:   - Job: twitter_cluster38-346473d2c745b2f4a4a9699ff814b19f on clnode290.clemson.cloudlab.us has been running for 2:55:16
2025-07-01 08:56:55 INFO:   - Job: twitter_cluster38-58a9315bee4433060311de1eabd4be42 on clnode287.clemson.cloudlab.us has been running for 2:55:16
2025-07-01 08:56:55 INFO:   - Job: twitter_cluster38-14c5cf93ee3fefc79a3a15a882ba8c72 on clnode290.clemson.cloudlab.us has been running for 2:55:16
2025-07-01 08:56:55 INFO:   - Job: twitter_cluster38-19c28e27ddb6434a1f58f4959bafb3b8 on clnode301.clemson.cloudlab.us has been running for 2:55:16
2025-07-01 08:56:55 INFO:   - Job: twitter_cluster38-9ec28ecc3d82e3ff69cbd3b4218afabf on clnode302.clemson.cloudlab.us has been running for 2:55:16
2025-07-01 08:56:55 INFO:   - Job: twitter_cluster38-1f49fe37e518959c9ccf82662b640f48 on clnode290.clemson.cloudlab.us has been running for 2:55:16
2025-07-01 08:56:55 INFO:   - Job: twitter_cluster38-52986173aa45a8365ddce6cf3bb1be40 on clnode290.clemson.cloudlab.us has been running for 2:55:16
2025-07-01 08:56:55 INFO:   - Job: twitter_cluster38-9607f98485cebb21f4050bcafbe6f726 on clnode287.clemson.cloudlab.us has been running for 2:55:16
2025-07-01 08:56:55 INFO:   - Job: twitter_cluster38-a578d8221827c7d1b4d3bbdf5ae021cd on clnode302.clemson.cloudlab.us has been running for 2:55:16
2025-07-01 08:56:55 INFO: ----------------------------
2025-07-01 08:56:55 INFO: Dumping current state to scheduler_state.json...
2025-07-01 08:56:59 INFO: STATUS: 0 ToDo, 9 Running, 1516 Finished, 0 Failed.
2025-07-01 08:56:59 INFO: Loop finished. Sleeping for 60 seconds.
2025-07-01 08:58:07 INFO: --- System-wide Resource Utilization ---
2025-07-01 08:58:07 INFO:   - Host: clnode302.clemson.cloudlab.us  CPU Util:   2.2% | Mem Free:  80.4%
2025-07-01 08:58:08 INFO:   - Host: clnode290.clemson.cloudlab.us  CPU Util:   3.6% | Mem Free:  68.5%
2025-07-01 08:58:08 INFO:   - Host: clnode303.clemson.cloudlab.us  CPU Util:   0.2% | Mem Free:  97.7%
2025-07-01 08:58:09 INFO:   - Host: clnode287.clemson.cloudlab.us  CPU Util:   1.9% | Mem Free:  79.0%
2025-07-01 08:58:09 INFO:   - Host: clnode301.clemson.cloudlab.us  CPU Util:   1.0% | Mem Free:  88.4%
2025-07-01 08:58:10 INFO:   - Host: clnode286.clemson.cloudlab.us  CPU Util:   0.2% | Mem Free:  97.7%
2025-07-01 08:58:10 INFO: ----------------------------------------
2025-07-01 08:58:10 INFO: --- Running Job Runtimes ---
2025-07-01 08:58:10 INFO:   - Job: twitter_cluster38-346473d2c745b2f4a4a9699ff814b19f on clnode290.clemson.cloudlab.us has been running for 2:56:30
2025-07-01 08:58:10 INFO:   - Job: twitter_cluster38-58a9315bee4433060311de1eabd4be42 on clnode287.clemson.cloudlab.us has been running for 2:56:30
2025-07-01 08:58:10 INFO:   - Job: twitter_cluster38-14c5cf93ee3fefc79a3a15a882ba8c72 on clnode290.clemson.cloudlab.us has been running for 2:56:30
2025-07-01 08:58:10 INFO:   - Job: twitter_cluster38-19c28e27ddb6434a1f58f4959bafb3b8 on clnode301.clemson.cloudlab.us has been running for 2:56:30
2025-07-01 08:58:10 INFO:   - Job: twitter_cluster38-9ec28ecc3d82e3ff69cbd3b4218afabf on clnode302.clemson.cloudlab.us has been running for 2:56:30
2025-07-01 08:58:10 INFO:   - Job: twitter_cluster38-1f49fe37e518959c9ccf82662b640f48 on clnode290.clemson.cloudlab.us has been running for 2:56:30
2025-07-01 08:58:10 INFO:   - Job: twitter_cluster38-52986173aa45a8365ddce6cf3bb1be40 on clnode290.clemson.cloudlab.us has been running for 2:56:30
2025-07-01 08:58:10 INFO:   - Job: twitter_cluster38-9607f98485cebb21f4050bcafbe6f726 on clnode287.clemson.cloudlab.us has been running for 2:56:30
2025-07-01 08:58:10 INFO:   - Job: twitter_cluster38-a578d8221827c7d1b4d3bbdf5ae021cd on clnode302.clemson.cloudlab.us has been running for 2:56:30
2025-07-01 08:58:10 INFO: ----------------------------
2025-07-01 08:58:10 INFO: Dumping current state to scheduler_state.json...
2025-07-01 08:58:14 INFO: STATUS: 0 ToDo, 9 Running, 1516 Finished, 0 Failed.
2025-07-01 08:58:14 INFO: Loop finished. Sleeping for 60 seconds.
2025-07-01 08:59:16 INFO: Job twitter_cluster38-a578d8221827c7d1b4d3bbdf5ae021cd ended on clnode302.clemson.cloudlab.us with status 'finished' after 2:57:36. Freed resources.
2025-07-01 08:59:20 INFO: --- System-wide Resource Utilization ---
2025-07-01 08:59:21 INFO:   - Host: clnode302.clemson.cloudlab.us  CPU Util:   1.1% | Mem Free:  87.0%
2025-07-01 08:59:21 INFO:   - Host: clnode290.clemson.cloudlab.us  CPU Util:   3.7% | Mem Free:  68.5%
2025-07-01 08:59:22 INFO:   - Host: clnode303.clemson.cloudlab.us  CPU Util:   0.2% | Mem Free:  97.7%
2025-07-01 08:59:23 INFO:   - Host: clnode287.clemson.cloudlab.us  CPU Util:   2.1% | Mem Free:  79.0%
2025-07-01 08:59:23 INFO:   - Host: clnode301.clemson.cloudlab.us  CPU Util:   1.2% | Mem Free:  88.4%
2025-07-01 08:59:24 INFO:   - Host: clnode286.clemson.cloudlab.us  CPU Util:   0.2% | Mem Free:  97.7%
2025-07-01 08:59:24 INFO: ----------------------------------------
2025-07-01 08:59:24 INFO: --- Running Job Runtimes ---
2025-07-01 08:59:24 INFO:   - Job: twitter_cluster38-346473d2c745b2f4a4a9699ff814b19f on clnode290.clemson.cloudlab.us has been running for 2:57:44
2025-07-01 08:59:24 INFO:   - Job: twitter_cluster38-58a9315bee4433060311de1eabd4be42 on clnode287.clemson.cloudlab.us has been running for 2:57:44
2025-07-01 08:59:24 INFO:   - Job: twitter_cluster38-14c5cf93ee3fefc79a3a15a882ba8c72 on clnode290.clemson.cloudlab.us has been running for 2:57:44
2025-07-01 08:59:24 INFO:   - Job: twitter_cluster38-19c28e27ddb6434a1f58f4959bafb3b8 on clnode301.clemson.cloudlab.us has been running for 2:57:44
2025-07-01 08:59:24 INFO:   - Job: twitter_cluster38-9ec28ecc3d82e3ff69cbd3b4218afabf on clnode302.clemson.cloudlab.us has been running for 2:57:44
2025-07-01 08:59:24 INFO:   - Job: twitter_cluster38-1f49fe37e518959c9ccf82662b640f48 on clnode290.clemson.cloudlab.us has been running for 2:57:44
2025-07-01 08:59:24 INFO:   - Job: twitter_cluster38-52986173aa45a8365ddce6cf3bb1be40 on clnode290.clemson.cloudlab.us has been running for 2:57:44
2025-07-01 08:59:24 INFO:   - Job: twitter_cluster38-9607f98485cebb21f4050bcafbe6f726 on clnode287.clemson.cloudlab.us has been running for 2:57:44
2025-07-01 08:59:24 INFO: ----------------------------
2025-07-01 08:59:24 INFO: Dumping current state to scheduler_state.json...
2025-07-01 08:59:27 INFO: STATUS: 0 ToDo, 8 Running, 1517 Finished, 0 Failed.
2025-07-01 08:59:27 INFO: Loop finished. Sleeping for 60 seconds.
2025-07-01 09:00:28 INFO: Job twitter_cluster38-19c28e27ddb6434a1f58f4959bafb3b8 ended on clnode301.clemson.cloudlab.us with status 'finished' after 2:58:48. Freed resources.
2025-07-01 09:00:33 INFO: --- System-wide Resource Utilization ---
2025-07-01 09:00:34 INFO:   - Host: clnode302.clemson.cloudlab.us  CPU Util:   1.1% | Mem Free:  87.0%
2025-07-01 09:00:34 INFO:   - Host: clnode290.clemson.cloudlab.us  CPU Util:   3.9% | Mem Free:  68.5%
2025-07-01 09:00:35 INFO:   - Host: clnode303.clemson.cloudlab.us  CPU Util:   0.2% | Mem Free:  97.7%
2025-07-01 09:00:35 INFO:   - Host: clnode287.clemson.cloudlab.us  CPU Util:   1.9% | Mem Free:  79.0%
2025-07-01 09:00:36 INFO:   - Host: clnode301.clemson.cloudlab.us  CPU Util:   0.2% | Mem Free:  97.7%
2025-07-01 09:00:37 INFO:   - Host: clnode286.clemson.cloudlab.us  CPU Util:   0.2% | Mem Free:  97.7%
2025-07-01 09:00:37 INFO: ----------------------------------------
2025-07-01 09:00:37 INFO: --- Running Job Runtimes ---
2025-07-01 09:00:37 INFO:   - Job: twitter_cluster38-346473d2c745b2f4a4a9699ff814b19f on clnode290.clemson.cloudlab.us has been running for 2:58:57
2025-07-01 09:00:37 INFO:   - Job: twitter_cluster38-58a9315bee4433060311de1eabd4be42 on clnode287.clemson.cloudlab.us has been running for 2:58:57
2025-07-01 09:00:37 INFO:   - Job: twitter_cluster38-14c5cf93ee3fefc79a3a15a882ba8c72 on clnode290.clemson.cloudlab.us has been running for 2:58:57
2025-07-01 09:00:37 INFO:   - Job: twitter_cluster38-9ec28ecc3d82e3ff69cbd3b4218afabf on clnode302.clemson.cloudlab.us has been running for 2:58:57
2025-07-01 09:00:37 INFO:   - Job: twitter_cluster38-1f49fe37e518959c9ccf82662b640f48 on clnode290.clemson.cloudlab.us has been running for 2:58:57
2025-07-01 09:00:37 INFO:   - Job: twitter_cluster38-52986173aa45a8365ddce6cf3bb1be40 on clnode290.clemson.cloudlab.us has been running for 2:58:57
2025-07-01 09:00:37 INFO:   - Job: twitter_cluster38-9607f98485cebb21f4050bcafbe6f726 on clnode287.clemson.cloudlab.us has been running for 2:58:57
2025-07-01 09:00:37 INFO: ----------------------------
2025-07-01 09:00:37 INFO: Dumping current state to scheduler_state.json...
2025-07-01 09:00:40 INFO: STATUS: 0 ToDo, 7 Running, 1518 Finished, 0 Failed.
2025-07-01 09:00:40 INFO: Loop finished. Sleeping for 60 seconds.
2025-07-01 09:01:40 INFO: Job twitter_cluster38-14c5cf93ee3fefc79a3a15a882ba8c72 ended on clnode290.clemson.cloudlab.us with status 'finished' after 3:00:01. Freed resources.
2025-07-01 09:01:45 INFO: --- System-wide Resource Utilization ---
2025-07-01 09:01:45 INFO:   - Host: clnode302.clemson.cloudlab.us  CPU Util:   1.1% | Mem Free:  87.0%
2025-07-01 09:01:46 INFO:   - Host: clnode290.clemson.cloudlab.us  CPU Util:   3.1% | Mem Free:  77.8%
2025-07-01 09:01:47 INFO:   - Host: clnode303.clemson.cloudlab.us  CPU Util:   0.2% | Mem Free:  97.7%
2025-07-01 09:01:47 INFO:   - Host: clnode287.clemson.cloudlab.us  CPU Util:   2.0% | Mem Free:  79.0%
2025-07-01 09:01:48 INFO:   - Host: clnode301.clemson.cloudlab.us  CPU Util:   0.2% | Mem Free:  97.7%
2025-07-01 09:01:48 INFO:   - Host: clnode286.clemson.cloudlab.us  CPU Util:   0.2% | Mem Free:  97.7%
2025-07-01 09:01:48 INFO: ----------------------------------------
2025-07-01 09:01:48 INFO: --- Running Job Runtimes ---
2025-07-01 09:01:48 INFO:   - Job: twitter_cluster38-346473d2c745b2f4a4a9699ff814b19f on clnode290.clemson.cloudlab.us has been running for 3:00:09
2025-07-01 09:01:48 INFO:   - Job: twitter_cluster38-58a9315bee4433060311de1eabd4be42 on clnode287.clemson.cloudlab.us has been running for 3:00:09
2025-07-01 09:01:48 INFO:   - Job: twitter_cluster38-9ec28ecc3d82e3ff69cbd3b4218afabf on clnode302.clemson.cloudlab.us has been running for 3:00:09
2025-07-01 09:01:48 INFO:   - Job: twitter_cluster38-1f49fe37e518959c9ccf82662b640f48 on clnode290.clemson.cloudlab.us has been running for 3:00:09
2025-07-01 09:01:48 INFO:   - Job: twitter_cluster38-52986173aa45a8365ddce6cf3bb1be40 on clnode290.clemson.cloudlab.us has been running for 3:00:09
2025-07-01 09:01:48 INFO:   - Job: twitter_cluster38-9607f98485cebb21f4050bcafbe6f726 on clnode287.clemson.cloudlab.us has been running for 3:00:09
2025-07-01 09:01:48 INFO: ----------------------------
2025-07-01 09:01:48 INFO: Dumping current state to scheduler_state.json...
2025-07-01 09:01:51 INFO: STATUS: 0 ToDo, 6 Running, 1519 Finished, 0 Failed.
2025-07-01 09:01:51 INFO: Loop finished. Sleeping for 60 seconds.
2025-07-01 09:02:56 INFO: --- System-wide Resource Utilization ---
2025-07-01 09:02:57 INFO:   - Host: clnode302.clemson.cloudlab.us  CPU Util:   1.2% | Mem Free:  87.0%
2025-07-01 09:02:57 INFO:   - Host: clnode290.clemson.cloudlab.us  CPU Util:   2.8% | Mem Free:  77.8%
2025-07-01 09:02:58 INFO:   - Host: clnode303.clemson.cloudlab.us  CPU Util:   0.2% | Mem Free:  97.7%
2025-07-01 09:02:58 INFO:   - Host: clnode287.clemson.cloudlab.us  CPU Util:   1.9% | Mem Free:  79.0%
2025-07-01 09:02:59 INFO:   - Host: clnode301.clemson.cloudlab.us  CPU Util:   0.2% | Mem Free:  97.7%
2025-07-01 09:02:59 INFO:   - Host: clnode286.clemson.cloudlab.us  CPU Util:   0.2% | Mem Free:  97.7%
2025-07-01 09:02:59 INFO: ----------------------------------------
2025-07-01 09:02:59 INFO: --- Running Job Runtimes ---
2025-07-01 09:02:59 INFO:   - Job: twitter_cluster38-346473d2c745b2f4a4a9699ff814b19f on clnode290.clemson.cloudlab.us has been running for 3:01:20
2025-07-01 09:02:59 INFO:   - Job: twitter_cluster38-58a9315bee4433060311de1eabd4be42 on clnode287.clemson.cloudlab.us has been running for 3:01:20
2025-07-01 09:02:59 INFO:   - Job: twitter_cluster38-9ec28ecc3d82e3ff69cbd3b4218afabf on clnode302.clemson.cloudlab.us has been running for 3:01:20
2025-07-01 09:02:59 INFO:   - Job: twitter_cluster38-1f49fe37e518959c9ccf82662b640f48 on clnode290.clemson.cloudlab.us has been running for 3:01:20
2025-07-01 09:02:59 INFO:   - Job: twitter_cluster38-52986173aa45a8365ddce6cf3bb1be40 on clnode290.clemson.cloudlab.us has been running for 3:01:20
2025-07-01 09:02:59 INFO:   - Job: twitter_cluster38-9607f98485cebb21f4050bcafbe6f726 on clnode287.clemson.cloudlab.us has been running for 3:01:20
2025-07-01 09:02:59 INFO: ----------------------------
2025-07-01 09:02:59 INFO: Dumping current state to scheduler_state.json...
2025-07-01 09:03:02 INFO: STATUS: 0 ToDo, 6 Running, 1519 Finished, 0 Failed.
2025-07-01 09:03:02 INFO: Loop finished. Sleeping for 60 seconds.
2025-07-01 09:04:08 INFO: --- System-wide Resource Utilization ---
2025-07-01 09:04:08 INFO:   - Host: clnode302.clemson.cloudlab.us  CPU Util:   1.1% | Mem Free:  87.0%
2025-07-01 09:04:09 INFO:   - Host: clnode290.clemson.cloudlab.us  CPU Util:   2.8% | Mem Free:  77.8%
2025-07-01 09:04:09 INFO:   - Host: clnode303.clemson.cloudlab.us  CPU Util:   0.2% | Mem Free:  97.7%
2025-07-01 09:04:10 INFO:   - Host: clnode287.clemson.cloudlab.us  CPU Util:   2.1% | Mem Free:  79.0%
2025-07-01 09:04:10 INFO:   - Host: clnode301.clemson.cloudlab.us  CPU Util:   0.2% | Mem Free:  97.7%
2025-07-01 09:04:11 INFO:   - Host: clnode286.clemson.cloudlab.us  CPU Util:   0.2% | Mem Free:  97.7%
2025-07-01 09:04:11 INFO: ----------------------------------------
2025-07-01 09:04:11 INFO: --- Running Job Runtimes ---
2025-07-01 09:04:11 INFO:   - Job: twitter_cluster38-346473d2c745b2f4a4a9699ff814b19f on clnode290.clemson.cloudlab.us has been running for 3:02:31
2025-07-01 09:04:11 INFO:   - Job: twitter_cluster38-58a9315bee4433060311de1eabd4be42 on clnode287.clemson.cloudlab.us has been running for 3:02:31
2025-07-01 09:04:11 INFO:   - Job: twitter_cluster38-9ec28ecc3d82e3ff69cbd3b4218afabf on clnode302.clemson.cloudlab.us has been running for 3:02:31
2025-07-01 09:04:11 INFO:   - Job: twitter_cluster38-1f49fe37e518959c9ccf82662b640f48 on clnode290.clemson.cloudlab.us has been running for 3:02:31
2025-07-01 09:04:11 INFO:   - Job: twitter_cluster38-52986173aa45a8365ddce6cf3bb1be40 on clnode290.clemson.cloudlab.us has been running for 3:02:31
2025-07-01 09:04:11 INFO:   - Job: twitter_cluster38-9607f98485cebb21f4050bcafbe6f726 on clnode287.clemson.cloudlab.us has been running for 3:02:31
2025-07-01 09:04:11 INFO: ----------------------------
2025-07-01 09:04:11 INFO: Dumping current state to scheduler_state.json...
2025-07-01 09:04:13 INFO: STATUS: 0 ToDo, 6 Running, 1519 Finished, 0 Failed.
2025-07-01 09:04:14 INFO: Loop finished. Sleeping for 60 seconds.
2025-07-01 09:05:19 INFO: --- System-wide Resource Utilization ---
2025-07-01 09:05:19 INFO:   - Host: clnode302.clemson.cloudlab.us  CPU Util:   1.1% | Mem Free:  87.0%
2025-07-01 09:05:20 INFO:   - Host: clnode290.clemson.cloudlab.us  CPU Util:   3.0% | Mem Free:  77.8%
2025-07-01 09:05:20 INFO:   - Host: clnode303.clemson.cloudlab.us  CPU Util:   0.2% | Mem Free:  97.7%
2025-07-01 09:05:21 INFO:   - Host: clnode287.clemson.cloudlab.us  CPU Util:   2.0% | Mem Free:  79.0%
2025-07-01 09:05:22 INFO:   - Host: clnode301.clemson.cloudlab.us  CPU Util:   0.2% | Mem Free:  97.7%
2025-07-01 09:05:22 INFO:   - Host: clnode286.clemson.cloudlab.us  CPU Util:   0.2% | Mem Free:  97.7%
2025-07-01 09:05:22 INFO: ----------------------------------------
2025-07-01 09:05:22 INFO: --- Running Job Runtimes ---
2025-07-01 09:05:22 INFO:   - Job: twitter_cluster38-346473d2c745b2f4a4a9699ff814b19f on clnode290.clemson.cloudlab.us has been running for 3:03:42
2025-07-01 09:05:22 INFO:   - Job: twitter_cluster38-58a9315bee4433060311de1eabd4be42 on clnode287.clemson.cloudlab.us has been running for 3:03:42
2025-07-01 09:05:22 INFO:   - Job: twitter_cluster38-9ec28ecc3d82e3ff69cbd3b4218afabf on clnode302.clemson.cloudlab.us has been running for 3:03:42
2025-07-01 09:05:22 INFO:   - Job: twitter_cluster38-1f49fe37e518959c9ccf82662b640f48 on clnode290.clemson.cloudlab.us has been running for 3:03:42
2025-07-01 09:05:22 INFO:   - Job: twitter_cluster38-52986173aa45a8365ddce6cf3bb1be40 on clnode290.clemson.cloudlab.us has been running for 3:03:42
2025-07-01 09:05:22 INFO:   - Job: twitter_cluster38-9607f98485cebb21f4050bcafbe6f726 on clnode287.clemson.cloudlab.us has been running for 3:03:42
2025-07-01 09:05:22 INFO: ----------------------------
2025-07-01 09:05:22 INFO: Dumping current state to scheduler_state.json...
2025-07-01 09:05:25 INFO: STATUS: 0 ToDo, 6 Running, 1519 Finished, 0 Failed.
2025-07-01 09:05:25 INFO: Loop finished. Sleeping for 60 seconds.
2025-07-01 09:06:26 INFO: Job twitter_cluster38-9607f98485cebb21f4050bcafbe6f726 ended on clnode287.clemson.cloudlab.us with status 'finished' after 3:04:46. Freed resources.
2025-07-01 09:06:29 INFO: --- System-wide Resource Utilization ---
2025-07-01 09:06:30 INFO:   - Host: clnode302.clemson.cloudlab.us  CPU Util:   1.2% | Mem Free:  87.0%
2025-07-01 09:06:30 INFO:   - Host: clnode290.clemson.cloudlab.us  CPU Util:   3.0% | Mem Free:  77.8%
2025-07-01 09:06:31 INFO:   - Host: clnode303.clemson.cloudlab.us  CPU Util:   0.2% | Mem Free:  97.7%
2025-07-01 09:06:31 INFO:   - Host: clnode287.clemson.cloudlab.us  CPU Util:   1.3% | Mem Free:  88.3%
2025-07-01 09:06:32 INFO:   - Host: clnode301.clemson.cloudlab.us  CPU Util:   0.2% | Mem Free:  97.7%
2025-07-01 09:06:32 INFO:   - Host: clnode286.clemson.cloudlab.us  CPU Util:   0.2% | Mem Free:  97.7%
2025-07-01 09:06:32 INFO: ----------------------------------------
2025-07-01 09:06:32 INFO: --- Running Job Runtimes ---
2025-07-01 09:06:32 INFO:   - Job: twitter_cluster38-346473d2c745b2f4a4a9699ff814b19f on clnode290.clemson.cloudlab.us has been running for 3:04:53
2025-07-01 09:06:32 INFO:   - Job: twitter_cluster38-58a9315bee4433060311de1eabd4be42 on clnode287.clemson.cloudlab.us has been running for 3:04:53
2025-07-01 09:06:32 INFO:   - Job: twitter_cluster38-9ec28ecc3d82e3ff69cbd3b4218afabf on clnode302.clemson.cloudlab.us has been running for 3:04:53
2025-07-01 09:06:32 INFO:   - Job: twitter_cluster38-1f49fe37e518959c9ccf82662b640f48 on clnode290.clemson.cloudlab.us has been running for 3:04:53
2025-07-01 09:06:32 INFO:   - Job: twitter_cluster38-52986173aa45a8365ddce6cf3bb1be40 on clnode290.clemson.cloudlab.us has been running for 3:04:53
2025-07-01 09:06:32 INFO: ----------------------------
2025-07-01 09:06:32 INFO: Dumping current state to scheduler_state.json...
2025-07-01 09:06:35 INFO: STATUS: 0 ToDo, 5 Running, 1520 Finished, 0 Failed.
2025-07-01 09:06:35 INFO: Loop finished. Sleeping for 60 seconds.
2025-07-01 09:07:35 INFO: Job twitter_cluster38-9ec28ecc3d82e3ff69cbd3b4218afabf ended on clnode302.clemson.cloudlab.us with status 'finished' after 3:05:55. Freed resources.
2025-07-01 09:07:38 INFO: --- System-wide Resource Utilization ---
2025-07-01 09:07:39 INFO:   - Host: clnode302.clemson.cloudlab.us  CPU Util:   0.2% | Mem Free:  96.4%
2025-07-01 09:07:39 INFO:   - Host: clnode290.clemson.cloudlab.us  CPU Util:   3.0% | Mem Free:  77.8%
2025-07-01 09:07:40 INFO:   - Host: clnode303.clemson.cloudlab.us  CPU Util:   0.2% | Mem Free:  97.7%
2025-07-01 09:07:40 INFO:   - Host: clnode287.clemson.cloudlab.us  CPU Util:   1.4% | Mem Free:  88.3%
2025-07-01 09:07:41 INFO:   - Host: clnode301.clemson.cloudlab.us  CPU Util:   0.2% | Mem Free:  97.7%
2025-07-01 09:07:41 INFO:   - Host: clnode286.clemson.cloudlab.us  CPU Util:   0.2% | Mem Free:  97.7%
2025-07-01 09:07:41 INFO: ----------------------------------------
2025-07-01 09:07:41 INFO: --- Running Job Runtimes ---
2025-07-01 09:07:41 INFO:   - Job: twitter_cluster38-346473d2c745b2f4a4a9699ff814b19f on clnode290.clemson.cloudlab.us has been running for 3:06:02
2025-07-01 09:07:41 INFO:   - Job: twitter_cluster38-58a9315bee4433060311de1eabd4be42 on clnode287.clemson.cloudlab.us has been running for 3:06:02
2025-07-01 09:07:41 INFO:   - Job: twitter_cluster38-1f49fe37e518959c9ccf82662b640f48 on clnode290.clemson.cloudlab.us has been running for 3:06:02
2025-07-01 09:07:41 INFO:   - Job: twitter_cluster38-52986173aa45a8365ddce6cf3bb1be40 on clnode290.clemson.cloudlab.us has been running for 3:06:02
2025-07-01 09:07:41 INFO: ----------------------------
2025-07-01 09:07:41 INFO: Dumping current state to scheduler_state.json...
2025-07-01 09:07:43 INFO: STATUS: 0 ToDo, 4 Running, 1521 Finished, 0 Failed.
2025-07-01 09:07:43 INFO: Loop finished. Sleeping for 60 seconds.
2025-07-01 09:08:47 INFO: --- System-wide Resource Utilization ---
2025-07-01 09:08:47 INFO:   - Host: clnode302.clemson.cloudlab.us  CPU Util:   0.1% | Mem Free:  96.4%
2025-07-01 09:08:48 INFO:   - Host: clnode290.clemson.cloudlab.us  CPU Util:   3.2% | Mem Free:  77.8%
2025-07-01 09:08:48 INFO:   - Host: clnode303.clemson.cloudlab.us  CPU Util:   0.2% | Mem Free:  97.7%
2025-07-01 09:08:49 INFO:   - Host: clnode287.clemson.cloudlab.us  CPU Util:   1.1% | Mem Free:  88.3%
2025-07-01 09:08:49 INFO:   - Host: clnode301.clemson.cloudlab.us  CPU Util:   0.2% | Mem Free:  97.7%
2025-07-01 09:08:50 INFO:   - Host: clnode286.clemson.cloudlab.us  CPU Util:   0.2% | Mem Free:  97.7%
2025-07-01 09:08:50 INFO: ----------------------------------------
2025-07-01 09:08:50 INFO: --- Running Job Runtimes ---
2025-07-01 09:08:50 INFO:   - Job: twitter_cluster38-346473d2c745b2f4a4a9699ff814b19f on clnode290.clemson.cloudlab.us has been running for 3:07:10
2025-07-01 09:08:50 INFO:   - Job: twitter_cluster38-58a9315bee4433060311de1eabd4be42 on clnode287.clemson.cloudlab.us has been running for 3:07:10
2025-07-01 09:08:50 INFO:   - Job: twitter_cluster38-1f49fe37e518959c9ccf82662b640f48 on clnode290.clemson.cloudlab.us has been running for 3:07:10
2025-07-01 09:08:50 INFO:   - Job: twitter_cluster38-52986173aa45a8365ddce6cf3bb1be40 on clnode290.clemson.cloudlab.us has been running for 3:07:10
2025-07-01 09:08:50 INFO: ----------------------------
2025-07-01 09:08:50 INFO: Dumping current state to scheduler_state.json...
2025-07-01 09:08:52 INFO: STATUS: 0 ToDo, 4 Running, 1521 Finished, 0 Failed.
2025-07-01 09:08:52 INFO: Loop finished. Sleeping for 60 seconds.
2025-07-01 09:09:55 INFO: --- System-wide Resource Utilization ---
2025-07-01 09:09:56 INFO:   - Host: clnode302.clemson.cloudlab.us  CPU Util:   0.2% | Mem Free:  96.4%
2025-07-01 09:09:56 INFO:   - Host: clnode290.clemson.cloudlab.us  CPU Util:   3.4% | Mem Free:  77.8%
2025-07-01 09:09:57 INFO:   - Host: clnode303.clemson.cloudlab.us  CPU Util:   0.2% | Mem Free:  97.7%
2025-07-01 09:09:57 INFO:   - Host: clnode287.clemson.cloudlab.us  CPU Util:   1.2% | Mem Free:  88.3%
2025-07-01 09:09:58 INFO:   - Host: clnode301.clemson.cloudlab.us  CPU Util:   0.2% | Mem Free:  97.7%
2025-07-01 09:09:59 INFO:   - Host: clnode286.clemson.cloudlab.us  CPU Util:   0.2% | Mem Free:  97.7%
2025-07-01 09:09:59 INFO: ----------------------------------------
2025-07-01 09:09:59 INFO: --- Running Job Runtimes ---
2025-07-01 09:09:59 INFO:   - Job: twitter_cluster38-346473d2c745b2f4a4a9699ff814b19f on clnode290.clemson.cloudlab.us has been running for 3:08:19
2025-07-01 09:09:59 INFO:   - Job: twitter_cluster38-58a9315bee4433060311de1eabd4be42 on clnode287.clemson.cloudlab.us has been running for 3:08:19
2025-07-01 09:09:59 INFO:   - Job: twitter_cluster38-1f49fe37e518959c9ccf82662b640f48 on clnode290.clemson.cloudlab.us has been running for 3:08:19
2025-07-01 09:09:59 INFO:   - Job: twitter_cluster38-52986173aa45a8365ddce6cf3bb1be40 on clnode290.clemson.cloudlab.us has been running for 3:08:19
2025-07-01 09:09:59 INFO: ----------------------------
2025-07-01 09:09:59 INFO: Dumping current state to scheduler_state.json...
2025-07-01 09:10:00 INFO: STATUS: 0 ToDo, 4 Running, 1521 Finished, 0 Failed.
2025-07-01 09:10:01 INFO: Loop finished. Sleeping for 60 seconds.
2025-07-01 09:11:01 INFO: Job twitter_cluster38-346473d2c745b2f4a4a9699ff814b19f ended on clnode290.clemson.cloudlab.us with status 'finished' after 3:09:21. Freed resources.
2025-07-01 09:11:03 INFO: --- System-wide Resource Utilization ---
2025-07-01 09:11:04 INFO:   - Host: clnode302.clemson.cloudlab.us  CPU Util:   0.2% | Mem Free:  96.4%
2025-07-01 09:11:04 INFO:   - Host: clnode290.clemson.cloudlab.us  CPU Util:   2.1% | Mem Free:  84.5%
2025-07-01 09:11:05 INFO:   - Host: clnode303.clemson.cloudlab.us  CPU Util:   0.2% | Mem Free:  97.7%
2025-07-01 09:11:05 INFO:   - Host: clnode287.clemson.cloudlab.us  CPU Util:   1.1% | Mem Free:  88.3%
2025-07-01 09:11:06 INFO:   - Host: clnode301.clemson.cloudlab.us  CPU Util:   0.2% | Mem Free:  97.7%
2025-07-01 09:11:07 INFO:   - Host: clnode286.clemson.cloudlab.us  CPU Util:   0.2% | Mem Free:  97.7%
2025-07-01 09:11:07 INFO: ----------------------------------------
2025-07-01 09:11:07 INFO: --- Running Job Runtimes ---
2025-07-01 09:11:07 INFO:   - Job: twitter_cluster38-58a9315bee4433060311de1eabd4be42 on clnode287.clemson.cloudlab.us has been running for 3:09:27
2025-07-01 09:11:07 INFO:   - Job: twitter_cluster38-1f49fe37e518959c9ccf82662b640f48 on clnode290.clemson.cloudlab.us has been running for 3:09:27
2025-07-01 09:11:07 INFO:   - Job: twitter_cluster38-52986173aa45a8365ddce6cf3bb1be40 on clnode290.clemson.cloudlab.us has been running for 3:09:27
2025-07-01 09:11:07 INFO: ----------------------------
2025-07-01 09:11:07 INFO: Dumping current state to scheduler_state.json...
2025-07-01 09:11:08 INFO: STATUS: 0 ToDo, 3 Running, 1522 Finished, 0 Failed.
2025-07-01 09:11:08 INFO: Loop finished. Sleeping for 60 seconds.
2025-07-01 09:12:11 INFO: --- System-wide Resource Utilization ---
2025-07-01 09:12:11 INFO:   - Host: clnode302.clemson.cloudlab.us  CPU Util:   0.2% | Mem Free:  96.4%
2025-07-01 09:12:12 INFO:   - Host: clnode290.clemson.cloudlab.us  CPU Util:   2.3% | Mem Free:  84.5%
2025-07-01 09:12:12 INFO:   - Host: clnode303.clemson.cloudlab.us  CPU Util:   0.2% | Mem Free:  97.7%
2025-07-01 09:12:13 INFO:   - Host: clnode287.clemson.cloudlab.us  CPU Util:   1.1% | Mem Free:  88.3%
2025-07-01 09:12:14 INFO:   - Host: clnode301.clemson.cloudlab.us  CPU Util:   0.2% | Mem Free:  97.7%
2025-07-01 09:12:14 INFO:   - Host: clnode286.clemson.cloudlab.us  CPU Util:   0.2% | Mem Free:  97.7%
2025-07-01 09:12:14 INFO: ----------------------------------------
2025-07-01 09:12:14 INFO: --- Running Job Runtimes ---
2025-07-01 09:12:14 INFO:   - Job: twitter_cluster38-58a9315bee4433060311de1eabd4be42 on clnode287.clemson.cloudlab.us has been running for 3:10:34
2025-07-01 09:12:14 INFO:   - Job: twitter_cluster38-1f49fe37e518959c9ccf82662b640f48 on clnode290.clemson.cloudlab.us has been running for 3:10:34
2025-07-01 09:12:14 INFO:   - Job: twitter_cluster38-52986173aa45a8365ddce6cf3bb1be40 on clnode290.clemson.cloudlab.us has been running for 3:10:34
2025-07-01 09:12:14 INFO: ----------------------------
2025-07-01 09:12:14 INFO: Dumping current state to scheduler_state.json...
2025-07-01 09:12:15 INFO: STATUS: 0 ToDo, 3 Running, 1522 Finished, 0 Failed.
2025-07-01 09:12:16 INFO: Loop finished. Sleeping for 60 seconds.
2025-07-01 09:13:18 INFO: --- System-wide Resource Utilization ---
2025-07-01 09:13:19 INFO:   - Host: clnode302.clemson.cloudlab.us  CPU Util:   0.2% | Mem Free:  96.4%
2025-07-01 09:13:19 INFO:   - Host: clnode290.clemson.cloudlab.us  CPU Util:   2.1% | Mem Free:  84.5%
2025-07-01 09:13:20 INFO:   - Host: clnode303.clemson.cloudlab.us  CPU Util:   0.2% | Mem Free:  97.7%
2025-07-01 09:13:20 INFO:   - Host: clnode287.clemson.cloudlab.us  CPU Util:   1.2% | Mem Free:  88.3%
2025-07-01 09:13:21 INFO:   - Host: clnode301.clemson.cloudlab.us  CPU Util:   0.2% | Mem Free:  97.7%
2025-07-01 09:13:22 INFO:   - Host: clnode286.clemson.cloudlab.us  CPU Util:   0.2% | Mem Free:  97.7%
2025-07-01 09:13:22 INFO: ----------------------------------------
2025-07-01 09:13:22 INFO: --- Running Job Runtimes ---
2025-07-01 09:13:22 INFO:   - Job: twitter_cluster38-58a9315bee4433060311de1eabd4be42 on clnode287.clemson.cloudlab.us has been running for 3:11:42
2025-07-01 09:13:22 INFO:   - Job: twitter_cluster38-1f49fe37e518959c9ccf82662b640f48 on clnode290.clemson.cloudlab.us has been running for 3:11:42
2025-07-01 09:13:22 INFO:   - Job: twitter_cluster38-52986173aa45a8365ddce6cf3bb1be40 on clnode290.clemson.cloudlab.us has been running for 3:11:42
2025-07-01 09:13:22 INFO: ----------------------------
2025-07-01 09:13:22 INFO: Dumping current state to scheduler_state.json...
2025-07-01 09:13:23 INFO: STATUS: 0 ToDo, 3 Running, 1522 Finished, 0 Failed.
2025-07-01 09:13:23 INFO: Loop finished. Sleeping for 60 seconds.
2025-07-01 09:14:26 INFO: --- System-wide Resource Utilization ---
2025-07-01 09:14:26 INFO:   - Host: clnode302.clemson.cloudlab.us  CPU Util:   0.2% | Mem Free:  96.4%
2025-07-01 09:14:27 INFO:   - Host: clnode290.clemson.cloudlab.us  CPU Util:   2.1% | Mem Free:  84.5%
2025-07-01 09:14:27 INFO:   - Host: clnode303.clemson.cloudlab.us  CPU Util:   0.2% | Mem Free:  97.7%
2025-07-01 09:14:28 INFO:   - Host: clnode287.clemson.cloudlab.us  CPU Util:   1.1% | Mem Free:  88.3%
2025-07-01 09:14:29 INFO:   - Host: clnode301.clemson.cloudlab.us  CPU Util:   0.2% | Mem Free:  97.7%
2025-07-01 09:14:29 INFO:   - Host: clnode286.clemson.cloudlab.us  CPU Util:   0.2% | Mem Free:  97.7%
2025-07-01 09:14:29 INFO: ----------------------------------------
2025-07-01 09:14:29 INFO: --- Running Job Runtimes ---
2025-07-01 09:14:29 INFO:   - Job: twitter_cluster38-58a9315bee4433060311de1eabd4be42 on clnode287.clemson.cloudlab.us has been running for 3:12:49
2025-07-01 09:14:29 INFO:   - Job: twitter_cluster38-1f49fe37e518959c9ccf82662b640f48 on clnode290.clemson.cloudlab.us has been running for 3:12:49
2025-07-01 09:14:29 INFO:   - Job: twitter_cluster38-52986173aa45a8365ddce6cf3bb1be40 on clnode290.clemson.cloudlab.us has been running for 3:12:49
2025-07-01 09:14:29 INFO: ----------------------------
2025-07-01 09:14:29 INFO: Dumping current state to scheduler_state.json...
2025-07-01 09:14:30 INFO: STATUS: 0 ToDo, 3 Running, 1522 Finished, 0 Failed.
2025-07-01 09:14:31 INFO: Loop finished. Sleeping for 60 seconds.
2025-07-01 09:15:33 INFO: --- System-wide Resource Utilization ---
2025-07-01 09:15:34 INFO:   - Host: clnode302.clemson.cloudlab.us  CPU Util:   0.2% | Mem Free:  96.4%
2025-07-01 09:15:34 INFO:   - Host: clnode290.clemson.cloudlab.us  CPU Util:   1.9% | Mem Free:  84.5%
2025-07-01 09:15:35 INFO:   - Host: clnode303.clemson.cloudlab.us  CPU Util:   0.2% | Mem Free:  97.7%
2025-07-01 09:15:35 INFO:   - Host: clnode287.clemson.cloudlab.us  CPU Util:   1.2% | Mem Free:  88.3%
2025-07-01 09:15:36 INFO:   - Host: clnode301.clemson.cloudlab.us  CPU Util:   0.2% | Mem Free:  97.7%
2025-07-01 09:15:37 INFO:   - Host: clnode286.clemson.cloudlab.us  CPU Util:   0.2% | Mem Free:  97.7%
2025-07-01 09:15:37 INFO: ----------------------------------------
2025-07-01 09:15:37 INFO: --- Running Job Runtimes ---
2025-07-01 09:15:37 INFO:   - Job: twitter_cluster38-58a9315bee4433060311de1eabd4be42 on clnode287.clemson.cloudlab.us has been running for 3:13:57
2025-07-01 09:15:37 INFO:   - Job: twitter_cluster38-1f49fe37e518959c9ccf82662b640f48 on clnode290.clemson.cloudlab.us has been running for 3:13:57
2025-07-01 09:15:37 INFO:   - Job: twitter_cluster38-52986173aa45a8365ddce6cf3bb1be40 on clnode290.clemson.cloudlab.us has been running for 3:13:57
2025-07-01 09:15:37 INFO: ----------------------------
2025-07-01 09:15:37 INFO: Dumping current state to scheduler_state.json...
2025-07-01 09:15:38 INFO: STATUS: 0 ToDo, 3 Running, 1522 Finished, 0 Failed.
2025-07-01 09:15:38 INFO: Loop finished. Sleeping for 60 seconds.
2025-07-01 09:16:41 INFO: --- System-wide Resource Utilization ---
2025-07-01 09:16:41 INFO:   - Host: clnode302.clemson.cloudlab.us  CPU Util:   0.2% | Mem Free:  96.4%
2025-07-01 09:16:42 INFO:   - Host: clnode290.clemson.cloudlab.us  CPU Util:   2.1% | Mem Free:  84.5%
2025-07-01 09:16:42 INFO:   - Host: clnode303.clemson.cloudlab.us  CPU Util:   0.2% | Mem Free:  97.7%
2025-07-01 09:16:43 INFO:   - Host: clnode287.clemson.cloudlab.us  CPU Util:   1.0% | Mem Free:  88.3%
2025-07-01 09:16:44 INFO:   - Host: clnode301.clemson.cloudlab.us  CPU Util:   0.2% | Mem Free:  97.7%
2025-07-01 09:16:44 INFO:   - Host: clnode286.clemson.cloudlab.us  CPU Util:   0.2% | Mem Free:  97.7%
2025-07-01 09:16:44 INFO: ----------------------------------------
2025-07-01 09:16:44 INFO: --- Running Job Runtimes ---
2025-07-01 09:16:44 INFO:   - Job: twitter_cluster38-58a9315bee4433060311de1eabd4be42 on clnode287.clemson.cloudlab.us has been running for 3:15:04
2025-07-01 09:16:44 INFO:   - Job: twitter_cluster38-1f49fe37e518959c9ccf82662b640f48 on clnode290.clemson.cloudlab.us has been running for 3:15:04
2025-07-01 09:16:44 INFO:   - Job: twitter_cluster38-52986173aa45a8365ddce6cf3bb1be40 on clnode290.clemson.cloudlab.us has been running for 3:15:04
2025-07-01 09:16:44 INFO: ----------------------------
2025-07-01 09:16:44 INFO: Dumping current state to scheduler_state.json...
2025-07-01 09:16:45 INFO: STATUS: 0 ToDo, 3 Running, 1522 Finished, 0 Failed.
2025-07-01 09:16:46 INFO: Loop finished. Sleeping for 60 seconds.
2025-07-01 09:17:46 INFO: Job twitter_cluster38-52986173aa45a8365ddce6cf3bb1be40 ended on clnode290.clemson.cloudlab.us with status 'finished' after 3:16:06. Freed resources.
2025-07-01 09:17:47 INFO: --- System-wide Resource Utilization ---
2025-07-01 09:17:48 INFO:   - Host: clnode302.clemson.cloudlab.us  CPU Util:   0.2% | Mem Free:  96.4%
2025-07-01 09:17:49 INFO:   - Host: clnode290.clemson.cloudlab.us  CPU Util:   1.1% | Mem Free:  91.1%
2025-07-01 09:17:49 INFO:   - Host: clnode303.clemson.cloudlab.us  CPU Util:   0.2% | Mem Free:  97.7%
2025-07-01 09:17:50 INFO:   - Host: clnode287.clemson.cloudlab.us  CPU Util:   1.0% | Mem Free:  88.3%
2025-07-01 09:17:50 INFO:   - Host: clnode301.clemson.cloudlab.us  CPU Util:   0.2% | Mem Free:  97.7%
2025-07-01 09:17:51 INFO:   - Host: clnode286.clemson.cloudlab.us  CPU Util:   0.2% | Mem Free:  97.7%
2025-07-01 09:17:51 INFO: ----------------------------------------
2025-07-01 09:17:51 INFO: --- Running Job Runtimes ---
2025-07-01 09:17:51 INFO:   - Job: twitter_cluster38-58a9315bee4433060311de1eabd4be42 on clnode287.clemson.cloudlab.us has been running for 3:16:11
2025-07-01 09:17:51 INFO:   - Job: twitter_cluster38-1f49fe37e518959c9ccf82662b640f48 on clnode290.clemson.cloudlab.us has been running for 3:16:11
2025-07-01 09:17:51 INFO: ----------------------------
2025-07-01 09:17:51 INFO: Dumping current state to scheduler_state.json...
2025-07-01 09:17:52 INFO: STATUS: 0 ToDo, 2 Running, 1523 Finished, 0 Failed.
2025-07-01 09:17:52 INFO: Loop finished. Sleeping for 60 seconds.
2025-07-01 09:18:54 INFO: --- System-wide Resource Utilization ---
2025-07-01 09:18:54 INFO:   - Host: clnode302.clemson.cloudlab.us  CPU Util:   0.2% | Mem Free:  96.4%
2025-07-01 09:18:55 INFO:   - Host: clnode290.clemson.cloudlab.us  CPU Util:   1.1% | Mem Free:  91.1%
2025-07-01 09:18:56 INFO:   - Host: clnode303.clemson.cloudlab.us  CPU Util:   0.2% | Mem Free:  97.7%
2025-07-01 09:18:56 INFO:   - Host: clnode287.clemson.cloudlab.us  CPU Util:   1.4% | Mem Free:  88.3%
2025-07-01 09:18:57 INFO:   - Host: clnode301.clemson.cloudlab.us  CPU Util:   0.2% | Mem Free:  97.7%
2025-07-01 09:18:57 INFO:   - Host: clnode286.clemson.cloudlab.us  CPU Util:   0.2% | Mem Free:  97.7%
2025-07-01 09:18:57 INFO: ----------------------------------------
2025-07-01 09:18:57 INFO: --- Running Job Runtimes ---
2025-07-01 09:18:57 INFO:   - Job: twitter_cluster38-58a9315bee4433060311de1eabd4be42 on clnode287.clemson.cloudlab.us has been running for 3:17:18
2025-07-01 09:18:57 INFO:   - Job: twitter_cluster38-1f49fe37e518959c9ccf82662b640f48 on clnode290.clemson.cloudlab.us has been running for 3:17:18
2025-07-01 09:18:57 INFO: ----------------------------
2025-07-01 09:18:57 INFO: Dumping current state to scheduler_state.json...
2025-07-01 09:18:58 INFO: STATUS: 0 ToDo, 2 Running, 1523 Finished, 0 Failed.
2025-07-01 09:18:58 INFO: Loop finished. Sleeping for 60 seconds.
2025-07-01 09:20:00 INFO: --- System-wide Resource Utilization ---
2025-07-01 09:20:01 INFO:   - Host: clnode302.clemson.cloudlab.us  CPU Util:   0.2% | Mem Free:  96.4%
2025-07-01 09:20:01 INFO:   - Host: clnode290.clemson.cloudlab.us  CPU Util:   1.1% | Mem Free:  91.1%
2025-07-01 09:20:02 INFO:   - Host: clnode303.clemson.cloudlab.us  CPU Util:   0.2% | Mem Free:  97.7%
2025-07-01 09:20:02 INFO:   - Host: clnode287.clemson.cloudlab.us  CPU Util:   1.1% | Mem Free:  88.3%
2025-07-01 09:20:03 INFO:   - Host: clnode301.clemson.cloudlab.us  CPU Util:   0.2% | Mem Free:  97.7%
2025-07-01 09:20:04 INFO:   - Host: clnode286.clemson.cloudlab.us  CPU Util:   0.2% | Mem Free:  97.7%
2025-07-01 09:20:04 INFO: ----------------------------------------
2025-07-01 09:20:04 INFO: --- Running Job Runtimes ---
2025-07-01 09:20:04 INFO:   - Job: twitter_cluster38-58a9315bee4433060311de1eabd4be42 on clnode287.clemson.cloudlab.us has been running for 3:18:24
2025-07-01 09:20:04 INFO:   - Job: twitter_cluster38-1f49fe37e518959c9ccf82662b640f48 on clnode290.clemson.cloudlab.us has been running for 3:18:24
2025-07-01 09:20:04 INFO: ----------------------------
2025-07-01 09:20:04 INFO: Dumping current state to scheduler_state.json...
2025-07-01 09:20:05 INFO: STATUS: 0 ToDo, 2 Running, 1523 Finished, 0 Failed.
2025-07-01 09:20:05 INFO: Loop finished. Sleeping for 60 seconds.
2025-07-01 09:21:05 INFO: Job twitter_cluster38-1f49fe37e518959c9ccf82662b640f48 ended on clnode290.clemson.cloudlab.us with status 'finished' after 3:19:25. Freed resources.
2025-07-01 09:21:06 INFO: --- System-wide Resource Utilization ---
2025-07-01 09:21:06 INFO:   - Host: clnode302.clemson.cloudlab.us  CPU Util:   0.2% | Mem Free:  96.4%
2025-07-01 09:21:07 INFO:   - Host: clnode290.clemson.cloudlab.us  CPU Util:   0.2% | Mem Free:  97.7%
2025-07-01 09:21:08 INFO:   - Host: clnode303.clemson.cloudlab.us  CPU Util:   0.2% | Mem Free:  97.7%
2025-07-01 09:21:08 INFO:   - Host: clnode287.clemson.cloudlab.us  CPU Util:   1.1% | Mem Free:  88.3%
2025-07-01 09:21:09 INFO:   - Host: clnode301.clemson.cloudlab.us  CPU Util:   0.2% | Mem Free:  97.7%
2025-07-01 09:21:09 INFO:   - Host: clnode286.clemson.cloudlab.us  CPU Util:   0.2% | Mem Free:  97.7%
2025-07-01 09:21:09 INFO: ----------------------------------------
2025-07-01 09:21:09 INFO: --- Running Job Runtimes ---
2025-07-01 09:21:09 INFO:   - Job: twitter_cluster38-58a9315bee4433060311de1eabd4be42 on clnode287.clemson.cloudlab.us has been running for 3:19:30
2025-07-01 09:21:09 INFO: ----------------------------
2025-07-01 09:21:09 INFO: Dumping current state to scheduler_state.json...
2025-07-01 09:21:10 INFO: STATUS: 0 ToDo, 1 Running, 1524 Finished, 0 Failed.
2025-07-01 09:21:10 INFO: Loop finished. Sleeping for 60 seconds.
2025-07-01 09:22:11 INFO: --- System-wide Resource Utilization ---
2025-07-01 09:22:12 INFO:   - Host: clnode302.clemson.cloudlab.us  CPU Util:   0.2% | Mem Free:  96.4%
2025-07-01 09:22:12 INFO:   - Host: clnode290.clemson.cloudlab.us  CPU Util:   0.2% | Mem Free:  97.7%
2025-07-01 09:22:13 INFO:   - Host: clnode303.clemson.cloudlab.us  CPU Util:   0.2% | Mem Free:  97.7%
2025-07-01 09:22:13 INFO:   - Host: clnode287.clemson.cloudlab.us  CPU Util:   1.1% | Mem Free:  88.3%
2025-07-01 09:22:14 INFO:   - Host: clnode301.clemson.cloudlab.us  CPU Util:   0.2% | Mem Free:  97.7%
2025-07-01 09:22:15 INFO:   - Host: clnode286.clemson.cloudlab.us  CPU Util:   0.2% | Mem Free:  97.7%
2025-07-01 09:22:15 INFO: ----------------------------------------
2025-07-01 09:22:15 INFO: --- Running Job Runtimes ---
2025-07-01 09:22:15 INFO:   - Job: twitter_cluster38-58a9315bee4433060311de1eabd4be42 on clnode287.clemson.cloudlab.us has been running for 3:20:35
2025-07-01 09:22:15 INFO: ----------------------------
2025-07-01 09:22:15 INFO: Dumping current state to scheduler_state.json...
2025-07-01 09:22:15 INFO: STATUS: 0 ToDo, 1 Running, 1524 Finished, 0 Failed.
2025-07-01 09:22:15 INFO: Loop finished. Sleeping for 60 seconds.
2025-07-01 09:23:16 INFO: --- System-wide Resource Utilization ---
2025-07-01 09:23:17 INFO:   - Host: clnode302.clemson.cloudlab.us  CPU Util:   0.2% | Mem Free:  96.4%
2025-07-01 09:23:18 INFO:   - Host: clnode290.clemson.cloudlab.us  CPU Util:   0.2% | Mem Free:  97.7%
2025-07-01 09:23:18 INFO:   - Host: clnode303.clemson.cloudlab.us  CPU Util:   0.2% | Mem Free:  97.7%
2025-07-01 09:23:19 INFO:   - Host: clnode287.clemson.cloudlab.us  CPU Util:   1.1% | Mem Free:  88.3%
2025-07-01 09:23:19 INFO:   - Host: clnode301.clemson.cloudlab.us  CPU Util:   0.2% | Mem Free:  97.7%
2025-07-01 09:23:20 INFO:   - Host: clnode286.clemson.cloudlab.us  CPU Util:   0.2% | Mem Free:  97.7%
2025-07-01 09:23:20 INFO: ----------------------------------------
2025-07-01 09:23:20 INFO: --- Running Job Runtimes ---
2025-07-01 09:23:20 INFO:   - Job: twitter_cluster38-58a9315bee4433060311de1eabd4be42 on clnode287.clemson.cloudlab.us has been running for 3:21:40
2025-07-01 09:23:20 INFO: ----------------------------
2025-07-01 09:23:20 INFO: Dumping current state to scheduler_state.json...
2025-07-01 09:23:20 INFO: STATUS: 0 ToDo, 1 Running, 1524 Finished, 0 Failed.
2025-07-01 09:23:21 INFO: Loop finished. Sleeping for 60 seconds.
2025-07-01 09:24:22 INFO: --- System-wide Resource Utilization ---
2025-07-01 09:24:22 INFO:   - Host: clnode302.clemson.cloudlab.us  CPU Util:   0.2% | Mem Free:  96.4%
2025-07-01 09:24:23 INFO:   - Host: clnode290.clemson.cloudlab.us  CPU Util:   0.2% | Mem Free:  97.7%
2025-07-01 09:24:24 INFO:   - Host: clnode303.clemson.cloudlab.us  CPU Util:   0.2% | Mem Free:  97.7%
2025-07-01 09:24:24 INFO:   - Host: clnode287.clemson.cloudlab.us  CPU Util:   1.1% | Mem Free:  88.3%
2025-07-01 09:24:25 INFO:   - Host: clnode301.clemson.cloudlab.us  CPU Util:   0.2% | Mem Free:  97.7%
2025-07-01 09:24:25 INFO:   - Host: clnode286.clemson.cloudlab.us  CPU Util:   0.2% | Mem Free:  97.7%
2025-07-01 09:24:25 INFO: ----------------------------------------
2025-07-01 09:24:25 INFO: --- Running Job Runtimes ---
2025-07-01 09:24:25 INFO:   - Job: twitter_cluster38-58a9315bee4433060311de1eabd4be42 on clnode287.clemson.cloudlab.us has been running for 3:22:46
2025-07-01 09:24:25 INFO: ----------------------------
2025-07-01 09:24:25 INFO: Dumping current state to scheduler_state.json...
2025-07-01 09:24:26 INFO: STATUS: 0 ToDo, 1 Running, 1524 Finished, 0 Failed.
2025-07-01 09:24:26 INFO: Loop finished. Sleeping for 60 seconds.
2025-07-01 09:25:27 INFO: --- System-wide Resource Utilization ---
2025-07-01 09:25:28 INFO:   - Host: clnode302.clemson.cloudlab.us  CPU Util:   0.2% | Mem Free:  96.4%
2025-07-01 09:25:28 INFO:   - Host: clnode290.clemson.cloudlab.us  CPU Util:   0.2% | Mem Free:  97.7%
2025-07-01 09:25:29 INFO:   - Host: clnode303.clemson.cloudlab.us  CPU Util:   0.2% | Mem Free:  97.7%
2025-07-01 09:25:29 INFO:   - Host: clnode287.clemson.cloudlab.us  CPU Util:   1.3% | Mem Free:  88.3%
2025-07-01 09:25:30 INFO:   - Host: clnode301.clemson.cloudlab.us  CPU Util:   0.2% | Mem Free:  97.7%
2025-07-01 09:25:31 INFO:   - Host: clnode286.clemson.cloudlab.us  CPU Util:   0.2% | Mem Free:  97.7%
2025-07-01 09:25:31 INFO: ----------------------------------------
2025-07-01 09:25:31 INFO: --- Running Job Runtimes ---
2025-07-01 09:25:31 INFO:   - Job: twitter_cluster38-58a9315bee4433060311de1eabd4be42 on clnode287.clemson.cloudlab.us has been running for 3:23:51
2025-07-01 09:25:31 INFO: ----------------------------
2025-07-01 09:25:31 INFO: Dumping current state to scheduler_state.json...
2025-07-01 09:25:31 INFO: STATUS: 0 ToDo, 1 Running, 1524 Finished, 0 Failed.
2025-07-01 09:25:31 INFO: Loop finished. Sleeping for 60 seconds.
2025-07-01 09:26:32 INFO: --- System-wide Resource Utilization ---
2025-07-01 09:26:33 INFO:   - Host: clnode302.clemson.cloudlab.us  CPU Util:   0.2% | Mem Free:  96.4%
2025-07-01 09:26:33 INFO:   - Host: clnode290.clemson.cloudlab.us  CPU Util:   0.2% | Mem Free:  97.7%
2025-07-01 09:26:34 INFO:   - Host: clnode303.clemson.cloudlab.us  CPU Util:   0.2% | Mem Free:  97.7%
2025-07-01 09:26:35 INFO:   - Host: clnode287.clemson.cloudlab.us  CPU Util:   1.3% | Mem Free:  88.3%
2025-07-01 09:26:35 INFO:   - Host: clnode301.clemson.cloudlab.us  CPU Util:   0.2% | Mem Free:  97.7%
2025-07-01 09:26:36 INFO:   - Host: clnode286.clemson.cloudlab.us  CPU Util:   0.2% | Mem Free:  97.7%
2025-07-01 09:26:36 INFO: ----------------------------------------
2025-07-01 09:26:36 INFO: --- Running Job Runtimes ---
2025-07-01 09:26:36 INFO:   - Job: twitter_cluster38-58a9315bee4433060311de1eabd4be42 on clnode287.clemson.cloudlab.us has been running for 3:24:56
2025-07-01 09:26:36 INFO: ----------------------------
2025-07-01 09:26:36 INFO: Dumping current state to scheduler_state.json...
2025-07-01 09:26:36 INFO: STATUS: 0 ToDo, 1 Running, 1524 Finished, 0 Failed.
2025-07-01 09:26:37 INFO: Loop finished. Sleeping for 60 seconds.
2025-07-01 09:27:38 INFO: --- System-wide Resource Utilization ---
2025-07-01 09:27:38 INFO:   - Host: clnode302.clemson.cloudlab.us  CPU Util:   0.2% | Mem Free:  96.4%
2025-07-01 09:27:39 INFO:   - Host: clnode290.clemson.cloudlab.us  CPU Util:   0.2% | Mem Free:  97.7%
2025-07-01 09:27:39 INFO:   - Host: clnode303.clemson.cloudlab.us  CPU Util:   0.2% | Mem Free:  97.7%
2025-07-01 09:27:40 INFO:   - Host: clnode287.clemson.cloudlab.us  CPU Util:   1.4% | Mem Free:  88.3%
2025-07-01 09:27:41 INFO:   - Host: clnode301.clemson.cloudlab.us  CPU Util:   0.2% | Mem Free:  97.7%
2025-07-01 09:27:41 INFO:   - Host: clnode286.clemson.cloudlab.us  CPU Util:   0.2% | Mem Free:  97.7%
2025-07-01 09:27:41 INFO: ----------------------------------------
2025-07-01 09:27:41 INFO: --- Running Job Runtimes ---
2025-07-01 09:27:41 INFO:   - Job: twitter_cluster38-58a9315bee4433060311de1eabd4be42 on clnode287.clemson.cloudlab.us has been running for 3:26:01
2025-07-01 09:27:41 INFO: ----------------------------
2025-07-01 09:27:41 INFO: Dumping current state to scheduler_state.json...
2025-07-01 09:27:42 INFO: STATUS: 0 ToDo, 1 Running, 1524 Finished, 0 Failed.
2025-07-01 09:27:42 INFO: Loop finished. Sleeping for 60 seconds.
2025-07-01 09:28:43 INFO: --- System-wide Resource Utilization ---
2025-07-01 09:28:43 INFO:   - Host: clnode302.clemson.cloudlab.us  CPU Util:   0.2% | Mem Free:  96.4%
2025-07-01 09:28:44 INFO:   - Host: clnode290.clemson.cloudlab.us  CPU Util:   0.2% | Mem Free:  97.7%
2025-07-01 09:28:45 INFO:   - Host: clnode303.clemson.cloudlab.us  CPU Util:   0.2% | Mem Free:  97.7%
2025-07-01 09:28:45 INFO:   - Host: clnode287.clemson.cloudlab.us  CPU Util:   1.3% | Mem Free:  88.3%
2025-07-01 09:28:46 INFO:   - Host: clnode301.clemson.cloudlab.us  CPU Util:   0.2% | Mem Free:  97.7%
2025-07-01 09:28:46 INFO:   - Host: clnode286.clemson.cloudlab.us  CPU Util:   0.2% | Mem Free:  97.7%
2025-07-01 09:28:46 INFO: ----------------------------------------
2025-07-01 09:28:46 INFO: --- Running Job Runtimes ---
2025-07-01 09:28:46 INFO:   - Job: twitter_cluster38-58a9315bee4433060311de1eabd4be42 on clnode287.clemson.cloudlab.us has been running for 3:27:07
2025-07-01 09:28:46 INFO: ----------------------------
2025-07-01 09:28:46 INFO: Dumping current state to scheduler_state.json...
2025-07-01 09:28:47 INFO: STATUS: 0 ToDo, 1 Running, 1524 Finished, 0 Failed.
2025-07-01 09:28:47 INFO: Loop finished. Sleeping for 60 seconds.
2025-07-01 09:29:48 INFO: --- System-wide Resource Utilization ---
2025-07-01 09:29:49 INFO:   - Host: clnode302.clemson.cloudlab.us  CPU Util:   0.2% | Mem Free:  96.4%
2025-07-01 09:29:49 INFO:   - Host: clnode290.clemson.cloudlab.us  CPU Util:   0.2% | Mem Free:  97.7%
2025-07-01 09:29:50 INFO:   - Host: clnode303.clemson.cloudlab.us  CPU Util:   0.2% | Mem Free:  97.7%
2025-07-01 09:29:50 INFO:   - Host: clnode287.clemson.cloudlab.us  CPU Util:   1.1% | Mem Free:  88.3%
2025-07-01 09:29:51 INFO:   - Host: clnode301.clemson.cloudlab.us  CPU Util:   0.2% | Mem Free:  97.7%
2025-07-01 09:29:52 INFO:   - Host: clnode286.clemson.cloudlab.us  CPU Util:   0.2% | Mem Free:  97.7%
2025-07-01 09:29:52 INFO: ----------------------------------------
2025-07-01 09:29:52 INFO: --- Running Job Runtimes ---
2025-07-01 09:29:52 INFO:   - Job: twitter_cluster38-58a9315bee4433060311de1eabd4be42 on clnode287.clemson.cloudlab.us has been running for 3:28:12
2025-07-01 09:29:52 INFO: ----------------------------
2025-07-01 09:29:52 INFO: Dumping current state to scheduler_state.json...
2025-07-01 09:29:52 INFO: STATUS: 0 ToDo, 1 Running, 1524 Finished, 0 Failed.
2025-07-01 09:29:52 INFO: Loop finished. Sleeping for 60 seconds.
2025-07-01 09:30:53 INFO: --- System-wide Resource Utilization ---
2025-07-01 09:30:54 INFO:   - Host: clnode302.clemson.cloudlab.us  CPU Util:   0.2% | Mem Free:  96.4%
2025-07-01 09:30:55 INFO:   - Host: clnode290.clemson.cloudlab.us  CPU Util:   0.2% | Mem Free:  97.7%
2025-07-01 09:30:55 INFO:   - Host: clnode303.clemson.cloudlab.us  CPU Util:   0.2% | Mem Free:  97.7%
2025-07-01 09:30:56 INFO:   - Host: clnode287.clemson.cloudlab.us  CPU Util:   1.2% | Mem Free:  88.3%
2025-07-01 09:30:56 INFO:   - Host: clnode301.clemson.cloudlab.us  CPU Util:   0.2% | Mem Free:  97.7%
2025-07-01 09:30:57 INFO:   - Host: clnode286.clemson.cloudlab.us  CPU Util:   0.2% | Mem Free:  97.7%
2025-07-01 09:30:57 INFO: ----------------------------------------
2025-07-01 09:30:57 INFO: --- Running Job Runtimes ---
2025-07-01 09:30:57 INFO:   - Job: twitter_cluster38-58a9315bee4433060311de1eabd4be42 on clnode287.clemson.cloudlab.us has been running for 3:29:17
2025-07-01 09:30:57 INFO: ----------------------------
2025-07-01 09:30:57 INFO: Dumping current state to scheduler_state.json...
2025-07-01 09:30:57 INFO: STATUS: 0 ToDo, 1 Running, 1524 Finished, 0 Failed.
2025-07-01 09:30:58 INFO: Loop finished. Sleeping for 60 seconds.
2025-07-01 09:31:59 INFO: --- System-wide Resource Utilization ---
2025-07-01 09:31:59 INFO:   - Host: clnode302.clemson.cloudlab.us  CPU Util:   0.2% | Mem Free:  96.4%
2025-07-01 09:32:00 INFO:   - Host: clnode290.clemson.cloudlab.us  CPU Util:   0.2% | Mem Free:  97.7%
2025-07-01 09:32:00 INFO:   - Host: clnode303.clemson.cloudlab.us  CPU Util:   0.2% | Mem Free:  97.7%
2025-07-01 09:32:01 INFO:   - Host: clnode287.clemson.cloudlab.us  CPU Util:   1.2% | Mem Free:  88.3%
2025-07-01 09:32:02 INFO:   - Host: clnode301.clemson.cloudlab.us  CPU Util:   0.2% | Mem Free:  97.7%
2025-07-01 09:32:02 INFO:   - Host: clnode286.clemson.cloudlab.us  CPU Util:   0.2% | Mem Free:  97.7%
2025-07-01 09:32:02 INFO: ----------------------------------------
2025-07-01 09:32:02 INFO: --- Running Job Runtimes ---
2025-07-01 09:32:02 INFO:   - Job: twitter_cluster38-58a9315bee4433060311de1eabd4be42 on clnode287.clemson.cloudlab.us has been running for 3:30:22
2025-07-01 09:32:02 INFO: ----------------------------
2025-07-01 09:32:02 INFO: Dumping current state to scheduler_state.json...
2025-07-01 09:32:03 INFO: STATUS: 0 ToDo, 1 Running, 1524 Finished, 0 Failed.
2025-07-01 09:32:03 INFO: Loop finished. Sleeping for 60 seconds.
2025-07-01 09:33:04 INFO: --- System-wide Resource Utilization ---
2025-07-01 09:33:04 INFO:   - Host: clnode302.clemson.cloudlab.us  CPU Util:   0.2% | Mem Free:  96.4%
2025-07-01 09:33:05 INFO:   - Host: clnode290.clemson.cloudlab.us  CPU Util:   0.2% | Mem Free:  97.7%
2025-07-01 09:33:06 INFO:   - Host: clnode303.clemson.cloudlab.us  CPU Util:   0.2% | Mem Free:  97.7%
2025-07-01 09:33:06 INFO:   - Host: clnode287.clemson.cloudlab.us  CPU Util:   1.4% | Mem Free:  88.3%
2025-07-01 09:33:07 INFO:   - Host: clnode301.clemson.cloudlab.us  CPU Util:   0.2% | Mem Free:  97.7%
2025-07-01 09:33:07 INFO:   - Host: clnode286.clemson.cloudlab.us  CPU Util:   0.2% | Mem Free:  97.7%
2025-07-01 09:33:07 INFO: ----------------------------------------
2025-07-01 09:33:07 INFO: --- Running Job Runtimes ---
2025-07-01 09:33:07 INFO:   - Job: twitter_cluster38-58a9315bee4433060311de1eabd4be42 on clnode287.clemson.cloudlab.us has been running for 3:31:28
2025-07-01 09:33:07 INFO: ----------------------------
2025-07-01 09:33:07 INFO: Dumping current state to scheduler_state.json...
2025-07-01 09:33:08 INFO: STATUS: 0 ToDo, 1 Running, 1524 Finished, 0 Failed.
2025-07-01 09:33:08 INFO: Loop finished. Sleeping for 60 seconds.
2025-07-01 09:34:09 INFO: --- System-wide Resource Utilization ---
2025-07-01 09:34:10 INFO:   - Host: clnode302.clemson.cloudlab.us  CPU Util:   0.2% | Mem Free:  96.4%
2025-07-01 09:34:10 INFO:   - Host: clnode290.clemson.cloudlab.us  CPU Util:   0.2% | Mem Free:  97.7%
2025-07-01 09:34:11 INFO:   - Host: clnode303.clemson.cloudlab.us  CPU Util:   0.2% | Mem Free:  97.7%
2025-07-01 09:34:11 INFO:   - Host: clnode287.clemson.cloudlab.us  CPU Util:   1.1% | Mem Free:  88.3%
2025-07-01 09:34:12 INFO:   - Host: clnode301.clemson.cloudlab.us  CPU Util:   0.2% | Mem Free:  97.7%
2025-07-01 09:34:13 INFO:   - Host: clnode286.clemson.cloudlab.us  CPU Util:   0.1% | Mem Free:  97.7%
2025-07-01 09:34:13 INFO: ----------------------------------------
2025-07-01 09:34:13 INFO: --- Running Job Runtimes ---
2025-07-01 09:34:13 INFO:   - Job: twitter_cluster38-58a9315bee4433060311de1eabd4be42 on clnode287.clemson.cloudlab.us has been running for 3:32:33
2025-07-01 09:34:13 INFO: ----------------------------
2025-07-01 09:34:13 INFO: Dumping current state to scheduler_state.json...
2025-07-01 09:34:13 INFO: STATUS: 0 ToDo, 1 Running, 1524 Finished, 0 Failed.
2025-07-01 09:34:13 INFO: Loop finished. Sleeping for 60 seconds.
2025-07-01 09:35:14 INFO: --- System-wide Resource Utilization ---
2025-07-01 09:35:15 INFO:   - Host: clnode302.clemson.cloudlab.us  CPU Util:   0.2% | Mem Free:  96.4%
2025-07-01 09:35:16 INFO:   - Host: clnode290.clemson.cloudlab.us  CPU Util:   0.2% | Mem Free:  97.7%
2025-07-01 09:35:16 INFO:   - Host: clnode303.clemson.cloudlab.us  CPU Util:   0.2% | Mem Free:  97.7%
2025-07-01 09:35:17 INFO:   - Host: clnode287.clemson.cloudlab.us  CPU Util:   1.3% | Mem Free:  88.3%
2025-07-01 09:35:17 INFO:   - Host: clnode301.clemson.cloudlab.us  CPU Util:   0.2% | Mem Free:  97.7%
2025-07-01 09:35:18 INFO:   - Host: clnode286.clemson.cloudlab.us  CPU Util:   0.2% | Mem Free:  97.7%
2025-07-01 09:35:18 INFO: ----------------------------------------
2025-07-01 09:35:18 INFO: --- Running Job Runtimes ---
2025-07-01 09:35:18 INFO:   - Job: twitter_cluster38-58a9315bee4433060311de1eabd4be42 on clnode287.clemson.cloudlab.us has been running for 3:33:38
2025-07-01 09:35:18 INFO: ----------------------------
2025-07-01 09:35:18 INFO: Dumping current state to scheduler_state.json...
2025-07-01 09:35:18 INFO: STATUS: 0 ToDo, 1 Running, 1524 Finished, 0 Failed.
2025-07-01 09:35:19 INFO: Loop finished. Sleeping for 60 seconds.
2025-07-01 09:36:20 INFO: --- System-wide Resource Utilization ---
2025-07-01 09:36:20 INFO:   - Host: clnode302.clemson.cloudlab.us  CPU Util:   0.2% | Mem Free:  96.4%
2025-07-01 09:36:21 INFO:   - Host: clnode290.clemson.cloudlab.us  CPU Util:   0.2% | Mem Free:  97.7%
2025-07-01 09:36:21 INFO:   - Host: clnode303.clemson.cloudlab.us  CPU Util:   0.2% | Mem Free:  97.7%
2025-07-01 09:36:22 INFO:   - Host: clnode287.clemson.cloudlab.us  CPU Util:   1.3% | Mem Free:  88.3%
2025-07-01 09:36:23 INFO:   - Host: clnode301.clemson.cloudlab.us  CPU Util:   0.2% | Mem Free:  97.7%
2025-07-01 09:36:23 INFO:   - Host: clnode286.clemson.cloudlab.us  CPU Util:   0.2% | Mem Free:  97.7%
2025-07-01 09:36:23 INFO: ----------------------------------------
2025-07-01 09:36:23 INFO: --- Running Job Runtimes ---
2025-07-01 09:36:23 INFO:   - Job: twitter_cluster38-58a9315bee4433060311de1eabd4be42 on clnode287.clemson.cloudlab.us has been running for 3:34:43
2025-07-01 09:36:23 INFO: ----------------------------
2025-07-01 09:36:23 INFO: Dumping current state to scheduler_state.json...
2025-07-01 09:36:24 INFO: STATUS: 0 ToDo, 1 Running, 1524 Finished, 0 Failed.
2025-07-01 09:36:24 INFO: Loop finished. Sleeping for 60 seconds.
2025-07-01 09:37:25 INFO: --- System-wide Resource Utilization ---
2025-07-01 09:37:25 INFO:   - Host: clnode302.clemson.cloudlab.us  CPU Util:   0.2% | Mem Free:  96.4%
2025-07-01 09:37:26 INFO:   - Host: clnode290.clemson.cloudlab.us  CPU Util:   0.2% | Mem Free:  97.7%
2025-07-01 09:37:27 INFO:   - Host: clnode303.clemson.cloudlab.us  CPU Util:   0.2% | Mem Free:  97.7%
2025-07-01 09:37:27 INFO:   - Host: clnode287.clemson.cloudlab.us  CPU Util:   1.3% | Mem Free:  88.3%
2025-07-01 09:37:28 INFO:   - Host: clnode301.clemson.cloudlab.us  CPU Util:   0.2% | Mem Free:  97.7%
2025-07-01 09:37:28 INFO:   - Host: clnode286.clemson.cloudlab.us  CPU Util:   0.2% | Mem Free:  97.7%
2025-07-01 09:37:28 INFO: ----------------------------------------
2025-07-01 09:37:28 INFO: --- Running Job Runtimes ---
2025-07-01 09:37:28 INFO:   - Job: twitter_cluster38-58a9315bee4433060311de1eabd4be42 on clnode287.clemson.cloudlab.us has been running for 3:35:49
2025-07-01 09:37:28 INFO: ----------------------------
2025-07-01 09:37:28 INFO: Dumping current state to scheduler_state.json...
2025-07-01 09:37:29 INFO: STATUS: 0 ToDo, 1 Running, 1524 Finished, 0 Failed.
2025-07-01 09:37:29 INFO: Loop finished. Sleeping for 60 seconds.
2025-07-01 09:38:30 INFO: --- System-wide Resource Utilization ---
2025-07-01 09:38:31 INFO:   - Host: clnode302.clemson.cloudlab.us  CPU Util:   0.2% | Mem Free:  96.4%
2025-07-01 09:38:31 INFO:   - Host: clnode290.clemson.cloudlab.us  CPU Util:   0.2% | Mem Free:  97.7%
2025-07-01 09:38:32 INFO:   - Host: clnode303.clemson.cloudlab.us  CPU Util:   0.2% | Mem Free:  97.7%
2025-07-01 09:38:33 INFO:   - Host: clnode287.clemson.cloudlab.us  CPU Util:   1.3% | Mem Free:  88.3%
2025-07-01 09:38:33 INFO:   - Host: clnode301.clemson.cloudlab.us  CPU Util:   0.2% | Mem Free:  97.7%
2025-07-01 09:38:34 INFO:   - Host: clnode286.clemson.cloudlab.us  CPU Util:   0.2% | Mem Free:  97.7%
2025-07-01 09:38:34 INFO: ----------------------------------------
2025-07-01 09:38:34 INFO: --- Running Job Runtimes ---
2025-07-01 09:38:34 INFO:   - Job: twitter_cluster38-58a9315bee4433060311de1eabd4be42 on clnode287.clemson.cloudlab.us has been running for 3:36:54
2025-07-01 09:38:34 INFO: ----------------------------
2025-07-01 09:38:34 INFO: Dumping current state to scheduler_state.json...
2025-07-01 09:38:34 INFO: STATUS: 0 ToDo, 1 Running, 1524 Finished, 0 Failed.
2025-07-01 09:38:34 INFO: Loop finished. Sleeping for 60 seconds.
2025-07-01 09:39:35 INFO: --- System-wide Resource Utilization ---
2025-07-01 09:39:36 INFO:   - Host: clnode302.clemson.cloudlab.us  CPU Util:   0.2% | Mem Free:  96.4%
2025-07-01 09:39:37 INFO:   - Host: clnode290.clemson.cloudlab.us  CPU Util:   0.2% | Mem Free:  97.7%
2025-07-01 09:39:37 INFO:   - Host: clnode303.clemson.cloudlab.us  CPU Util:   0.2% | Mem Free:  97.7%
2025-07-01 09:39:38 INFO:   - Host: clnode287.clemson.cloudlab.us  CPU Util:   1.0% | Mem Free:  88.3%
2025-07-01 09:39:38 INFO:   - Host: clnode301.clemson.cloudlab.us  CPU Util:   0.2% | Mem Free:  97.7%
2025-07-01 09:39:39 INFO:   - Host: clnode286.clemson.cloudlab.us  CPU Util:   0.2% | Mem Free:  97.7%
2025-07-01 09:39:39 INFO: ----------------------------------------
2025-07-01 09:39:39 INFO: --- Running Job Runtimes ---
2025-07-01 09:39:39 INFO:   - Job: twitter_cluster38-58a9315bee4433060311de1eabd4be42 on clnode287.clemson.cloudlab.us has been running for 3:37:59
2025-07-01 09:39:39 INFO: ----------------------------
2025-07-01 09:39:39 INFO: Dumping current state to scheduler_state.json...
2025-07-01 09:39:40 INFO: STATUS: 0 ToDo, 1 Running, 1524 Finished, 0 Failed.
2025-07-01 09:39:40 INFO: Loop finished. Sleeping for 60 seconds.
2025-07-01 09:40:41 INFO: --- System-wide Resource Utilization ---
2025-07-01 09:40:41 INFO:   - Host: clnode302.clemson.cloudlab.us  CPU Util:   0.2% | Mem Free:  96.4%
2025-07-01 09:40:42 INFO:   - Host: clnode290.clemson.cloudlab.us  CPU Util:   0.2% | Mem Free:  97.7%
2025-07-01 09:40:42 INFO:   - Host: clnode303.clemson.cloudlab.us  CPU Util:   0.2% | Mem Free:  97.7%
2025-07-01 09:40:43 INFO:   - Host: clnode287.clemson.cloudlab.us  CPU Util:   1.2% | Mem Free:  88.3%
2025-07-01 09:40:44 INFO:   - Host: clnode301.clemson.cloudlab.us  CPU Util:   0.2% | Mem Free:  97.7%
2025-07-01 09:40:44 INFO:   - Host: clnode286.clemson.cloudlab.us  CPU Util:   0.2% | Mem Free:  97.7%
2025-07-01 09:40:44 INFO: ----------------------------------------
2025-07-01 09:40:44 INFO: --- Running Job Runtimes ---
2025-07-01 09:40:44 INFO:   - Job: twitter_cluster38-58a9315bee4433060311de1eabd4be42 on clnode287.clemson.cloudlab.us has been running for 3:39:05
2025-07-01 09:40:44 INFO: ----------------------------
2025-07-01 09:40:44 INFO: Dumping current state to scheduler_state.json...
2025-07-01 09:40:45 INFO: STATUS: 0 ToDo, 1 Running, 1524 Finished, 0 Failed.
2025-07-01 09:40:45 INFO: Loop finished. Sleeping for 60 seconds.
2025-07-01 09:41:46 INFO: --- System-wide Resource Utilization ---
2025-07-01 09:41:46 INFO:   - Host: clnode302.clemson.cloudlab.us  CPU Util:   0.2% | Mem Free:  96.4%
2025-07-01 09:41:47 INFO:   - Host: clnode290.clemson.cloudlab.us  CPU Util:   0.2% | Mem Free:  97.7%
2025-07-01 09:41:48 INFO:   - Host: clnode303.clemson.cloudlab.us  CPU Util:   0.2% | Mem Free:  97.7%
2025-07-01 09:41:48 INFO:   - Host: clnode287.clemson.cloudlab.us  CPU Util:   1.1% | Mem Free:  88.3%
2025-07-01 09:41:49 INFO:   - Host: clnode301.clemson.cloudlab.us  CPU Util:   0.2% | Mem Free:  97.7%
2025-07-01 09:41:50 INFO:   - Host: clnode286.clemson.cloudlab.us  CPU Util:   0.2% | Mem Free:  97.7%
2025-07-01 09:41:50 INFO: ----------------------------------------
2025-07-01 09:41:50 INFO: --- Running Job Runtimes ---
2025-07-01 09:41:50 INFO:   - Job: twitter_cluster38-58a9315bee4433060311de1eabd4be42 on clnode287.clemson.cloudlab.us has been running for 3:40:10
2025-07-01 09:41:50 INFO: ----------------------------
2025-07-01 09:41:50 INFO: Dumping current state to scheduler_state.json...
2025-07-01 09:41:50 INFO: STATUS: 0 ToDo, 1 Running, 1524 Finished, 0 Failed.
2025-07-01 09:41:50 INFO: Loop finished. Sleeping for 60 seconds.
2025-07-01 09:42:51 INFO: --- System-wide Resource Utilization ---
2025-07-01 09:42:52 INFO:   - Host: clnode302.clemson.cloudlab.us  CPU Util:   0.2% | Mem Free:  96.4%
2025-07-01 09:42:52 INFO:   - Host: clnode290.clemson.cloudlab.us  CPU Util:   0.2% | Mem Free:  97.7%
2025-07-01 09:42:53 INFO:   - Host: clnode303.clemson.cloudlab.us  CPU Util:   0.2% | Mem Free:  97.7%
2025-07-01 09:42:54 INFO:   - Host: clnode287.clemson.cloudlab.us  CPU Util:   1.1% | Mem Free:  88.3%
2025-07-01 09:42:54 INFO:   - Host: clnode301.clemson.cloudlab.us  CPU Util:   0.2% | Mem Free:  97.7%
2025-07-01 09:42:55 INFO:   - Host: clnode286.clemson.cloudlab.us  CPU Util:   0.2% | Mem Free:  97.7%
2025-07-01 09:42:55 INFO: ----------------------------------------
2025-07-01 09:42:55 INFO: --- Running Job Runtimes ---
2025-07-01 09:42:55 INFO:   - Job: twitter_cluster38-58a9315bee4433060311de1eabd4be42 on clnode287.clemson.cloudlab.us has been running for 3:41:15
2025-07-01 09:42:55 INFO: ----------------------------
2025-07-01 09:42:55 INFO: Dumping current state to scheduler_state.json...
2025-07-01 09:42:55 INFO: STATUS: 0 ToDo, 1 Running, 1524 Finished, 0 Failed.
2025-07-01 09:42:55 INFO: Loop finished. Sleeping for 60 seconds.
2025-07-01 09:43:56 INFO: --- System-wide Resource Utilization ---
2025-07-01 09:43:57 INFO:   - Host: clnode302.clemson.cloudlab.us  CPU Util:   0.2% | Mem Free:  96.4%
2025-07-01 09:43:58 INFO:   - Host: clnode290.clemson.cloudlab.us  CPU Util:   0.2% | Mem Free:  97.7%
2025-07-01 09:43:58 INFO:   - Host: clnode303.clemson.cloudlab.us  CPU Util:   0.2% | Mem Free:  97.7%
2025-07-01 09:43:59 INFO:   - Host: clnode287.clemson.cloudlab.us  CPU Util:   1.0% | Mem Free:  88.3%
2025-07-01 09:43:59 INFO:   - Host: clnode301.clemson.cloudlab.us  CPU Util:   0.2% | Mem Free:  97.7%
2025-07-01 09:44:00 INFO:   - Host: clnode286.clemson.cloudlab.us  CPU Util:   0.2% | Mem Free:  97.7%
2025-07-01 09:44:00 INFO: ----------------------------------------
2025-07-01 09:44:00 INFO: --- Running Job Runtimes ---
2025-07-01 09:44:00 INFO:   - Job: twitter_cluster38-58a9315bee4433060311de1eabd4be42 on clnode287.clemson.cloudlab.us has been running for 3:42:20
2025-07-01 09:44:00 INFO: ----------------------------
2025-07-01 09:44:00 INFO: Dumping current state to scheduler_state.json...
2025-07-01 09:44:01 INFO: STATUS: 0 ToDo, 1 Running, 1524 Finished, 0 Failed.
2025-07-01 09:44:01 INFO: Loop finished. Sleeping for 60 seconds.
2025-07-01 09:45:02 INFO: --- System-wide Resource Utilization ---
2025-07-01 09:45:02 INFO:   - Host: clnode302.clemson.cloudlab.us  CPU Util:   0.2% | Mem Free:  96.4%
2025-07-01 09:45:03 INFO:   - Host: clnode290.clemson.cloudlab.us  CPU Util:   0.2% | Mem Free:  97.7%
2025-07-01 09:45:04 INFO:   - Host: clnode303.clemson.cloudlab.us  CPU Util:   0.2% | Mem Free:  97.7%
2025-07-01 09:45:04 INFO:   - Host: clnode287.clemson.cloudlab.us  CPU Util:   1.2% | Mem Free:  88.3%
2025-07-01 09:45:05 INFO:   - Host: clnode301.clemson.cloudlab.us  CPU Util:   0.2% | Mem Free:  97.7%
2025-07-01 09:45:05 INFO:   - Host: clnode286.clemson.cloudlab.us  CPU Util:   0.2% | Mem Free:  97.7%
2025-07-01 09:45:05 INFO: ----------------------------------------
2025-07-01 09:45:05 INFO: --- Running Job Runtimes ---
2025-07-01 09:45:05 INFO:   - Job: twitter_cluster38-58a9315bee4433060311de1eabd4be42 on clnode287.clemson.cloudlab.us has been running for 3:43:26
2025-07-01 09:45:05 INFO: ----------------------------
2025-07-01 09:45:05 INFO: Dumping current state to scheduler_state.json...
2025-07-01 09:45:06 INFO: STATUS: 0 ToDo, 1 Running, 1524 Finished, 0 Failed.
2025-07-01 09:45:06 INFO: Loop finished. Sleeping for 60 seconds.
2025-07-01 09:46:07 INFO: --- System-wide Resource Utilization ---
2025-07-01 09:46:08 INFO:   - Host: clnode302.clemson.cloudlab.us  CPU Util:   0.2% | Mem Free:  96.4%
2025-07-01 09:46:08 INFO:   - Host: clnode290.clemson.cloudlab.us  CPU Util:   0.2% | Mem Free:  97.7%
2025-07-01 09:46:09 INFO:   - Host: clnode303.clemson.cloudlab.us  CPU Util:   0.2% | Mem Free:  97.7%
2025-07-01 09:46:09 INFO:   - Host: clnode287.clemson.cloudlab.us  CPU Util:   1.2% | Mem Free:  88.3%
2025-07-01 09:46:10 INFO:   - Host: clnode301.clemson.cloudlab.us  CPU Util:   0.2% | Mem Free:  97.7%
2025-07-01 09:46:11 INFO:   - Host: clnode286.clemson.cloudlab.us  CPU Util:   0.2% | Mem Free:  97.7%
2025-07-01 09:46:11 INFO: ----------------------------------------
2025-07-01 09:46:11 INFO: --- Running Job Runtimes ---
2025-07-01 09:46:11 INFO:   - Job: twitter_cluster38-58a9315bee4433060311de1eabd4be42 on clnode287.clemson.cloudlab.us has been running for 3:44:31
2025-07-01 09:46:11 INFO: ----------------------------
2025-07-01 09:46:11 INFO: Dumping current state to scheduler_state.json...
2025-07-01 09:46:11 INFO: STATUS: 0 ToDo, 1 Running, 1524 Finished, 0 Failed.
2025-07-01 09:46:11 INFO: Loop finished. Sleeping for 60 seconds.
2025-07-01 09:47:12 INFO: --- System-wide Resource Utilization ---
2025-07-01 09:47:13 INFO:   - Host: clnode302.clemson.cloudlab.us  CPU Util:   0.2% | Mem Free:  96.4%
2025-07-01 09:47:13 INFO:   - Host: clnode290.clemson.cloudlab.us  CPU Util:   0.2% | Mem Free:  97.7%
2025-07-01 09:47:14 INFO:   - Host: clnode303.clemson.cloudlab.us  CPU Util:   0.2% | Mem Free:  97.7%
2025-07-01 09:47:15 INFO:   - Host: clnode287.clemson.cloudlab.us  CPU Util:   1.2% | Mem Free:  88.3%
2025-07-01 09:47:15 INFO:   - Host: clnode301.clemson.cloudlab.us  CPU Util:   0.2% | Mem Free:  97.7%
2025-07-01 09:47:16 INFO:   - Host: clnode286.clemson.cloudlab.us  CPU Util:   0.2% | Mem Free:  97.7%
2025-07-01 09:47:16 INFO: ----------------------------------------
2025-07-01 09:47:16 INFO: --- Running Job Runtimes ---
2025-07-01 09:47:16 INFO:   - Job: twitter_cluster38-58a9315bee4433060311de1eabd4be42 on clnode287.clemson.cloudlab.us has been running for 3:45:36
2025-07-01 09:47:16 INFO: ----------------------------
2025-07-01 09:47:16 INFO: Dumping current state to scheduler_state.json...
2025-07-01 09:47:16 INFO: STATUS: 0 ToDo, 1 Running, 1524 Finished, 0 Failed.
2025-07-01 09:47:16 INFO: Loop finished. Sleeping for 60 seconds.
2025-07-01 09:48:17 INFO: --- System-wide Resource Utilization ---
2025-07-01 09:48:18 INFO:   - Host: clnode302.clemson.cloudlab.us  CPU Util:   0.2% | Mem Free:  96.4%
2025-07-01 09:48:19 INFO:   - Host: clnode290.clemson.cloudlab.us  CPU Util:   0.2% | Mem Free:  97.7%
2025-07-01 09:48:19 INFO:   - Host: clnode303.clemson.cloudlab.us  CPU Util:   0.2% | Mem Free:  97.7%
2025-07-01 09:48:20 INFO:   - Host: clnode287.clemson.cloudlab.us  CPU Util:   1.0% | Mem Free:  88.3%
2025-07-01 09:48:20 INFO:   - Host: clnode301.clemson.cloudlab.us  CPU Util:   0.1% | Mem Free:  97.7%
2025-07-01 09:48:21 INFO:   - Host: clnode286.clemson.cloudlab.us  CPU Util:   0.2% | Mem Free:  97.7%
2025-07-01 09:48:21 INFO: ----------------------------------------
2025-07-01 09:48:21 INFO: --- Running Job Runtimes ---
2025-07-01 09:48:21 INFO:   - Job: twitter_cluster38-58a9315bee4433060311de1eabd4be42 on clnode287.clemson.cloudlab.us has been running for 3:46:41
2025-07-01 09:48:21 INFO: ----------------------------
2025-07-01 09:48:21 INFO: Dumping current state to scheduler_state.json...
2025-07-01 09:48:22 INFO: STATUS: 0 ToDo, 1 Running, 1524 Finished, 0 Failed.
2025-07-01 09:48:22 INFO: Loop finished. Sleeping for 60 seconds.
2025-07-01 09:49:23 INFO: --- System-wide Resource Utilization ---
2025-07-01 09:49:23 INFO:   - Host: clnode302.clemson.cloudlab.us  CPU Util:   0.2% | Mem Free:  96.4%
2025-07-01 09:49:24 INFO:   - Host: clnode290.clemson.cloudlab.us  CPU Util:   0.2% | Mem Free:  97.7%
2025-07-01 09:49:25 INFO:   - Host: clnode303.clemson.cloudlab.us  CPU Util:   0.2% | Mem Free:  97.7%
2025-07-01 09:49:25 INFO:   - Host: clnode287.clemson.cloudlab.us  CPU Util:   1.2% | Mem Free:  88.3%
2025-07-01 09:49:26 INFO:   - Host: clnode301.clemson.cloudlab.us  CPU Util:   0.1% | Mem Free:  97.7%
2025-07-01 09:49:26 INFO:   - Host: clnode286.clemson.cloudlab.us  CPU Util:   0.2% | Mem Free:  97.7%
2025-07-01 09:49:26 INFO: ----------------------------------------
2025-07-01 09:49:26 INFO: --- Running Job Runtimes ---
2025-07-01 09:49:26 INFO:   - Job: twitter_cluster38-58a9315bee4433060311de1eabd4be42 on clnode287.clemson.cloudlab.us has been running for 3:47:47
2025-07-01 09:49:26 INFO: ----------------------------
2025-07-01 09:49:26 INFO: Dumping current state to scheduler_state.json...
2025-07-01 09:49:27 INFO: STATUS: 0 ToDo, 1 Running, 1524 Finished, 0 Failed.
2025-07-01 09:49:27 INFO: Loop finished. Sleeping for 60 seconds.
2025-07-01 09:50:28 INFO: --- System-wide Resource Utilization ---
2025-07-01 09:50:29 INFO:   - Host: clnode302.clemson.cloudlab.us  CPU Util:   0.2% | Mem Free:  96.4%
2025-07-01 09:50:29 INFO:   - Host: clnode290.clemson.cloudlab.us  CPU Util:   0.2% | Mem Free:  97.7%
2025-07-01 09:50:30 INFO:   - Host: clnode303.clemson.cloudlab.us  CPU Util:   0.2% | Mem Free:  97.7%
2025-07-01 09:50:30 INFO:   - Host: clnode287.clemson.cloudlab.us  CPU Util:   1.1% | Mem Free:  88.3%
2025-07-01 09:50:31 INFO:   - Host: clnode301.clemson.cloudlab.us  CPU Util:   0.2% | Mem Free:  97.7%
2025-07-01 09:50:32 INFO:   - Host: clnode286.clemson.cloudlab.us  CPU Util:   0.2% | Mem Free:  97.7%
2025-07-01 09:50:32 INFO: ----------------------------------------
2025-07-01 09:50:32 INFO: --- Running Job Runtimes ---
2025-07-01 09:50:32 INFO:   - Job: twitter_cluster38-58a9315bee4433060311de1eabd4be42 on clnode287.clemson.cloudlab.us has been running for 3:48:52
2025-07-01 09:50:32 INFO: ----------------------------
2025-07-01 09:50:32 INFO: Dumping current state to scheduler_state.json...
2025-07-01 09:50:32 INFO: STATUS: 0 ToDo, 1 Running, 1524 Finished, 0 Failed.
2025-07-01 09:50:32 INFO: Loop finished. Sleeping for 60 seconds.
2025-07-01 09:51:33 INFO: --- System-wide Resource Utilization ---
2025-07-01 09:51:34 INFO:   - Host: clnode302.clemson.cloudlab.us  CPU Util:   0.2% | Mem Free:  96.4%
2025-07-01 09:51:34 INFO:   - Host: clnode290.clemson.cloudlab.us  CPU Util:   0.2% | Mem Free:  97.7%
2025-07-01 09:51:35 INFO:   - Host: clnode303.clemson.cloudlab.us  CPU Util:   0.2% | Mem Free:  97.7%
2025-07-01 09:51:36 INFO:   - Host: clnode287.clemson.cloudlab.us  CPU Util:   1.1% | Mem Free:  88.3%
2025-07-01 09:51:36 INFO:   - Host: clnode301.clemson.cloudlab.us  CPU Util:   0.2% | Mem Free:  97.7%
2025-07-01 09:51:37 INFO:   - Host: clnode286.clemson.cloudlab.us  CPU Util:   0.2% | Mem Free:  97.7%
2025-07-01 09:51:37 INFO: ----------------------------------------
2025-07-01 09:51:37 INFO: --- Running Job Runtimes ---
2025-07-01 09:51:37 INFO:   - Job: twitter_cluster38-58a9315bee4433060311de1eabd4be42 on clnode287.clemson.cloudlab.us has been running for 3:49:57
2025-07-01 09:51:37 INFO: ----------------------------
2025-07-01 09:51:37 INFO: Dumping current state to scheduler_state.json...
2025-07-01 09:51:37 INFO: STATUS: 0 ToDo, 1 Running, 1524 Finished, 0 Failed.
2025-07-01 09:51:38 INFO: Loop finished. Sleeping for 60 seconds.
2025-07-01 09:52:39 INFO: --- System-wide Resource Utilization ---
2025-07-01 09:52:39 INFO:   - Host: clnode302.clemson.cloudlab.us  CPU Util:   0.2% | Mem Free:  96.4%
2025-07-01 09:52:40 INFO:   - Host: clnode290.clemson.cloudlab.us  CPU Util:   0.2% | Mem Free:  97.7%
2025-07-01 09:52:40 INFO:   - Host: clnode303.clemson.cloudlab.us  CPU Util:   0.3% | Mem Free:  97.7%
2025-07-01 09:52:41 INFO:   - Host: clnode287.clemson.cloudlab.us  CPU Util:   1.2% | Mem Free:  88.3%
2025-07-01 09:52:41 INFO:   - Host: clnode301.clemson.cloudlab.us  CPU Util:   0.2% | Mem Free:  97.7%
2025-07-01 09:52:42 INFO:   - Host: clnode286.clemson.cloudlab.us  CPU Util:   0.2% | Mem Free:  97.7%
2025-07-01 09:52:42 INFO: ----------------------------------------
2025-07-01 09:52:42 INFO: --- Running Job Runtimes ---
2025-07-01 09:52:42 INFO:   - Job: twitter_cluster38-58a9315bee4433060311de1eabd4be42 on clnode287.clemson.cloudlab.us has been running for 3:51:02
2025-07-01 09:52:42 INFO: ----------------------------
2025-07-01 09:52:42 INFO: Dumping current state to scheduler_state.json...
2025-07-01 09:52:43 INFO: STATUS: 0 ToDo, 1 Running, 1524 Finished, 0 Failed.
2025-07-01 09:52:43 INFO: Loop finished. Sleeping for 60 seconds.
2025-07-01 09:53:44 INFO: --- System-wide Resource Utilization ---
2025-07-01 09:53:44 INFO:   - Host: clnode302.clemson.cloudlab.us  CPU Util:   0.2% | Mem Free:  96.4%
2025-07-01 09:53:45 INFO:   - Host: clnode290.clemson.cloudlab.us  CPU Util:   0.2% | Mem Free:  97.7%
2025-07-01 09:53:46 INFO:   - Host: clnode303.clemson.cloudlab.us  CPU Util:   0.2% | Mem Free:  97.7%
2025-07-01 09:53:46 INFO:   - Host: clnode287.clemson.cloudlab.us  CPU Util:   1.2% | Mem Free:  88.3%
2025-07-01 09:53:47 INFO:   - Host: clnode301.clemson.cloudlab.us  CPU Util:   0.2% | Mem Free:  97.7%
2025-07-01 09:53:47 INFO:   - Host: clnode286.clemson.cloudlab.us  CPU Util:   0.1% | Mem Free:  97.7%
2025-07-01 09:53:47 INFO: ----------------------------------------
2025-07-01 09:53:47 INFO: --- Running Job Runtimes ---
2025-07-01 09:53:47 INFO:   - Job: twitter_cluster38-58a9315bee4433060311de1eabd4be42 on clnode287.clemson.cloudlab.us has been running for 3:52:08
2025-07-01 09:53:47 INFO: ----------------------------
2025-07-01 09:53:47 INFO: Dumping current state to scheduler_state.json...
2025-07-01 09:53:48 INFO: STATUS: 0 ToDo, 1 Running, 1524 Finished, 0 Failed.
2025-07-01 09:53:48 INFO: Loop finished. Sleeping for 60 seconds.
2025-07-01 09:54:49 INFO: --- System-wide Resource Utilization ---
2025-07-01 09:54:50 INFO:   - Host: clnode302.clemson.cloudlab.us  CPU Util:   0.2% | Mem Free:  96.4%
2025-07-01 09:54:50 INFO:   - Host: clnode290.clemson.cloudlab.us  CPU Util:   0.2% | Mem Free:  97.7%
2025-07-01 09:54:51 INFO:   - Host: clnode303.clemson.cloudlab.us  CPU Util:   0.2% | Mem Free:  97.7%
2025-07-01 09:54:51 INFO:   - Host: clnode287.clemson.cloudlab.us  CPU Util:   1.2% | Mem Free:  88.3%
2025-07-01 09:54:52 INFO:   - Host: clnode301.clemson.cloudlab.us  CPU Util:   0.2% | Mem Free:  97.7%
2025-07-01 09:54:53 INFO:   - Host: clnode286.clemson.cloudlab.us  CPU Util:   0.2% | Mem Free:  97.7%
2025-07-01 09:54:53 INFO: ----------------------------------------
2025-07-01 09:54:53 INFO: --- Running Job Runtimes ---
2025-07-01 09:54:53 INFO:   - Job: twitter_cluster38-58a9315bee4433060311de1eabd4be42 on clnode287.clemson.cloudlab.us has been running for 3:53:13
2025-07-01 09:54:53 INFO: ----------------------------
2025-07-01 09:54:53 INFO: Dumping current state to scheduler_state.json...
2025-07-01 09:54:53 INFO: STATUS: 0 ToDo, 1 Running, 1524 Finished, 0 Failed.
2025-07-01 09:54:53 INFO: Loop finished. Sleeping for 60 seconds.
2025-07-01 09:55:53 INFO: Job twitter_cluster38-58a9315bee4433060311de1eabd4be42 ended on clnode287.clemson.cloudlab.us with status 'finished' after 3:54:14. Freed resources.
2025-07-01 09:55:53 INFO: Deleting trace file /nfs/hongshu/traces/cluster38.bin with sudo...
2025-07-01 09:55:59 INFO: --- System-wide Resource Utilization ---
2025-07-01 09:56:00 INFO:   - Host: clnode302.clemson.cloudlab.us  CPU Util:   0.2% | Mem Free:  96.4%
2025-07-01 09:56:00 INFO:   - Host: clnode290.clemson.cloudlab.us  CPU Util:   0.2% | Mem Free:  97.7%
2025-07-01 09:56:01 INFO:   - Host: clnode303.clemson.cloudlab.us  CPU Util:   0.2% | Mem Free:  97.7%
2025-07-01 09:56:02 INFO:   - Host: clnode287.clemson.cloudlab.us  CPU Util:   0.2% | Mem Free:  97.7%
2025-07-01 09:56:02 INFO:   - Host: clnode301.clemson.cloudlab.us  CPU Util:   0.2% | Mem Free:  97.7%
2025-07-01 09:56:03 INFO:   - Host: clnode286.clemson.cloudlab.us  CPU Util:   0.2% | Mem Free:  97.7%
2025-07-01 09:56:03 INFO: ----------------------------------------
2025-07-01 09:56:03 INFO: Dumping current state to scheduler_state.json...
2025-07-01 09:56:03 INFO: STATUS: 0 ToDo, 0 Running, 1525 Finished, 0 Failed.
2025-07-01 09:56:03 INFO: All experiments completed. Shutting down.
