allSlabsAllocated,request_id,class_id,num_slab
False,50000,4,9
False,50000,3,3
False,50000,2,2
False,50000,1,1
False,50000,0,1
False,100000,4,15
False,100000,3,5
False,100000,2,3
False,100000,1,2
False,100000,0,1
False,150000,4,20
False,150000,3,6
False,150000,2,5
False,150000,1,2
False,150000,0,2
False,200000,4,25
False,200000,3,8
False,200000,2,6
False,200000,1,3
False,200000,0,2
False,250000,4,28
False,250000,3,9
False,250000,2,8
False,250000,1,3
False,250000,0,2
False,300000,4,32
False,300000,3,11
False,300000,2,9
False,300000,1,4
False,300000,0,3
False,350000,4,35
False,350000,3,12
False,350000,2,11
False,350000,1,4
False,350000,0,3
False,400000,4,38
False,400000,3,13
False,400000,2,12
False,400000,1,4
False,400000,0,3
False,450000,4,40
False,450000,3,15
False,450000,2,13
False,450000,1,5
False,450000,0,4
False,500000,4,43
False,500000,3,16
False,500000,2,15
False,500000,1,5
False,500000,0,4
False,550000,4,45
False,550000,3,17
False,550000,2,16
False,550000,1,6
False,550000,0,5
False,600000,4,47
False,600000,3,18
False,600000,2,17
False,600000,1,6
False,600000,0,5
False,650000,4,50
False,650000,3,19
False,650000,2,18
False,650000,1,6
False,650000,0,5
False,700000,4,51
False,700000,3,20
False,700000,2,20
False,700000,1,7
False,700000,0,6
False,750000,4,53
False,750000,3,21
False,750000,2,21
False,750000,1,7
False,750000,0,6
False,800000,4,55
False,800000,3,22
False,800000,2,22
False,800000,1,8
False,800000,0,6
False,850000,4,57
False,850000,3,23
False,850000,2,23
False,850000,1,8
False,850000,0,7
False,900000,4,58
False,900000,3,24
False,900000,2,24
False,900000,1,8
False,900000,0,7
False,950000,4,60
False,950000,3,25
False,950000,2,25
False,950000,1,9
False,950000,0,7
False,1000000,4,61
False,1000000,3,26
False,1000000,2,26
False,1000000,1,9
False,1000000,0,8
False,1050000,4,62
False,1050000,3,27
False,1050000,2,27
False,1050000,1,9
False,1050000,0,8
False,1100000,4,64
False,1100000,3,28
False,1100000,2,29
False,1100000,1,10
False,1100000,0,8
False,1150000,4,65
False,1150000,3,29
False,1150000,2,30
False,1150000,1,10
False,1150000,0,9
False,1200000,4,66
False,1200000,3,29
False,1200000,2,31
False,1200000,1,10
False,1200000,0,9
False,1250000,4,67
False,1250000,3,30
False,1250000,2,32
False,1250000,1,11
False,1250000,0,10
False,1300000,4,68
False,1300000,3,31
False,1300000,2,33
False,1300000,1,11
False,1300000,0,10
False,1350000,4,69
False,1350000,3,32
False,1350000,2,34
False,1350000,1,11
False,1350000,0,10
False,1400000,4,70
False,1400000,3,33
False,1400000,2,35
False,1400000,1,12
False,1400000,0,11
False,1450000,4,71
False,1450000,3,33
False,1450000,2,36
False,1450000,1,12
False,1450000,0,11
False,1500000,4,72
False,1500000,3,34
False,1500000,2,36
False,1500000,1,12
False,1500000,0,11
False,1550000,4,73
False,1550000,3,35
False,1550000,2,37
False,1550000,1,13
False,1550000,0,12
False,1600000,4,74
False,1600000,3,36
False,1600000,2,38
False,1600000,1,13
False,1600000,0,12
False,1650000,4,74
False,1650000,3,36
False,1650000,2,39
False,1650000,1,13
False,1650000,0,12
False,1700000,4,75
False,1700000,3,37
False,1700000,2,40
False,1700000,1,14
False,1700000,0,13
False,1750000,4,76
False,1750000,3,38
False,1750000,2,41
False,1750000,1,14
False,1750000,0,13
False,1800000,4,77
False,1800000,3,38
False,1800000,2,42
False,1800000,1,14
False,1800000,0,13
False,1850000,4,77
False,1850000,3,39
False,1850000,2,43
False,1850000,1,14
False,1850000,0,14
False,1900000,4,78
False,1900000,3,40
False,1900000,2,43
False,1900000,1,15
False,1900000,0,14
False,1950000,4,79
False,1950000,3,40
False,1950000,2,44
False,1950000,1,15
False,1950000,0,14
False,2000000,4,79
False,2000000,3,41
False,2000000,2,45
False,2000000,1,15
False,2000000,0,14
False,2050000,4,80
False,2050000,3,41
False,2050000,2,46
False,2050000,1,16
False,2050000,0,15
False,2100000,4,80
False,2100000,3,42
False,2100000,2,47
False,2100000,1,16
False,2100000,0,15
False,2150000,4,81
False,2150000,3,43
False,2150000,2,47
False,2150000,1,16
False,2150000,0,15
False,2200000,4,81
False,2200000,3,43
False,2200000,2,48
False,2200000,1,16
False,2200000,0,16
False,2250000,4,82
False,2250000,3,44
False,2250000,2,49
False,2250000,1,17
False,2250000,0,16
False,2300000,4,82
False,2300000,3,44
False,2300000,2,50
False,2300000,1,17
False,2300000,0,16
False,2350000,4,83
False,2350000,3,45
False,2350000,2,50
False,2350000,1,17
False,2350000,0,17
False,2400000,4,83
False,2400000,3,45
False,2400000,2,51
False,2400000,1,18
False,2400000,0,17
False,2450000,4,84
False,2450000,3,46
False,2450000,2,52
False,2450000,1,18
False,2450000,0,17
False,2500000,4,84
False,2500000,3,47
False,2500000,2,52
False,2500000,1,18
False,2500000,0,18
False,2550000,4,85
False,2550000,3,47
False,2550000,2,53
False,2550000,1,18
False,2550000,0,18
False,2600000,4,85
False,2600000,3,48
False,2600000,2,54
False,2600000,1,19
False,2600000,0,18
False,2650000,4,85
False,2650000,3,48
False,2650000,2,54
False,2650000,1,19
False,2650000,0,19
False,2700000,4,86
False,2700000,3,49
False,2700000,2,55
False,2700000,1,19
False,2700000,0,19
False,2750000,4,86
False,2750000,3,49
False,2750000,2,56
False,2750000,1,19
False,2750000,0,19
False,2800000,4,87
False,2800000,3,50
False,2800000,2,56
False,2800000,1,20
False,2800000,0,19
False,2850000,4,87
False,2850000,3,50
False,2850000,2,57
False,2850000,1,20
False,2850000,0,20
False,2900000,4,87
False,2900000,3,51
False,2900000,2,57
False,2900000,1,20
False,2900000,0,20
False,2950000,4,88
False,2950000,3,51
False,2950000,2,58
False,2950000,1,20
False,2950000,0,20
False,3000000,4,88
False,3000000,3,51
False,3000000,2,59
False,3000000,1,21
False,3000000,0,21
False,3050000,4,88
False,3050000,3,52
False,3050000,2,59
False,3050000,1,21
False,3050000,0,21
False,3100000,4,88
False,3100000,3,52
False,3100000,2,60
False,3100000,1,21
False,3100000,0,21
False,3150000,4,89
False,3150000,3,53
False,3150000,2,60
False,3150000,1,21
False,3150000,0,22
False,3200000,4,89
False,3200000,3,53
False,3200000,2,61
False,3200000,1,22
False,3200000,0,22
False,3250000,4,89
False,3250000,3,54
False,3250000,2,61
False,3250000,1,22
False,3250000,0,22
False,3300000,4,89
False,3300000,3,54
False,3300000,2,62
False,3300000,1,22
False,3300000,0,22
False,3350000,4,90
False,3350000,3,55
False,3350000,2,62
False,3350000,1,22
False,3350000,0,23
False,3400000,4,90
False,3400000,3,55
False,3400000,2,63
False,3400000,1,23
False,3400000,0,23
False,3450000,4,90
False,3450000,3,55
False,3450000,2,63
False,3450000,1,23
False,3450000,0,23
False,3500000,4,90
False,3500000,3,56
False,3500000,2,64
False,3500000,1,23
False,3500000,0,24
False,3550000,4,91
False,3550000,3,56
False,3550000,2,64
False,3550000,1,23
False,3550000,0,24
False,3600000,4,91
False,3600000,3,57
False,3600000,2,65
False,3600000,1,24
False,3600000,0,24
False,3650000,4,91
False,3650000,3,57
False,3650000,2,65
False,3650000,1,24
False,3650000,0,24
False,3700000,4,91
False,3700000,3,57
False,3700000,2,66
False,3700000,1,24
False,3700000,0,25
False,3750000,4,91
False,3750000,3,58
False,3750000,2,66
False,3750000,1,24
False,3750000,0,25
False,3800000,4,92
False,3800000,3,58
False,3800000,2,67
False,3800000,1,24
False,3800000,0,25
False,3850000,4,92
False,3850000,3,59
False,3850000,2,67
False,3850000,1,25
False,3850000,0,25
False,3900000,4,92
False,3900000,3,59
False,3900000,2,68
False,3900000,1,25
False,3900000,0,26
False,3950000,4,92
False,3950000,3,59
False,3950000,2,68
False,3950000,1,25
False,3950000,0,26
False,4000000,4,92
False,4000000,3,60
False,4000000,2,69
False,4000000,1,25
False,4000000,0,26
False,4050000,4,93
False,4050000,3,60
False,4050000,2,69
False,4050000,1,26
False,4050000,0,27
False,4100000,4,93
False,4100000,3,60
False,4100000,2,69
False,4100000,1,26
False,4100000,0,27
False,4150000,4,93
False,4150000,3,61
False,4150000,2,70
False,4150000,1,26
False,4150000,0,27
False,4200000,4,93
False,4200000,3,61
False,4200000,2,70
False,4200000,1,26
False,4200000,0,27
False,4250000,4,93
False,4250000,3,61
False,4250000,2,71
False,4250000,1,26
False,4250000,0,28
False,4300000,4,93
False,4300000,3,62
False,4300000,2,71
False,4300000,1,27
False,4300000,0,28
False,4350000,4,93
False,4350000,3,62
False,4350000,2,71
False,4350000,1,27
False,4350000,0,28
False,4400000,4,93
False,4400000,3,62
False,4400000,2,72
False,4400000,1,27
False,4400000,0,28
False,4450000,4,94
False,4450000,3,63
False,4450000,2,72
False,4450000,1,27
False,4450000,0,29
False,4500000,4,94
False,4500000,3,63
False,4500000,2,73
False,4500000,1,28
False,4500000,0,29
False,4550000,4,94
False,4550000,3,63
False,4550000,2,73
False,4550000,1,28
False,4550000,0,29
False,4600000,4,94
False,4600000,3,64
False,4600000,2,73
False,4600000,1,28
False,4600000,0,29
False,4650000,4,94
False,4650000,3,64
False,4650000,2,74
False,4650000,1,28
False,4650000,0,30
False,4700000,4,94
False,4700000,3,64
False,4700000,2,74
False,4700000,1,28
False,4700000,0,30
False,4750000,4,94
False,4750000,3,65
False,4750000,2,74
False,4750000,1,29
False,4750000,0,30
False,4800000,4,94
False,4800000,3,65
False,4800000,2,75
False,4800000,1,29
False,4800000,0,31
False,4850000,4,94
False,4850000,3,65
False,4850000,2,75
False,4850000,1,29
False,4850000,0,31
False,4900000,4,95
False,4900000,3,65
False,4900000,2,75
False,4900000,1,29
False,4900000,0,31
True,4950000,4,95
True,4950000,3,66
True,4950000,2,76
True,4950000,1,29
True,4950000,0,31
True,5000000,4,95
True,5000000,3,66
True,5000000,2,76
True,5000000,1,29
True,5000000,0,31
True,5050000,4,94
True,5050000,3,66
True,5050000,2,77
True,5050000,1,29
True,5050000,0,31
True,5100000,4,93
True,5100000,3,66
True,5100000,2,77
True,5100000,1,29
True,5100000,0,32
True,5150000,4,93
True,5150000,3,65
True,5150000,2,78
True,5150000,1,29
True,5150000,0,32
True,5200000,4,93
True,5200000,3,64
True,5200000,2,78
True,5200000,1,29
True,5200000,0,33
True,5250000,4,93
True,5250000,3,63
True,5250000,2,78
True,5250000,1,30
True,5250000,0,33
True,5300000,4,93
True,5300000,3,62
True,5300000,2,78
True,5300000,1,31
True,5300000,0,33
True,5350000,4,93
True,5350000,3,61
True,5350000,2,78
True,5350000,1,31
True,5350000,0,34
True,5400000,4,93
True,5400000,3,60
True,5400000,2,79
True,5400000,1,31
True,5400000,0,34
True,5450000,4,92
True,5450000,3,61
True,5450000,2,79
True,5450000,1,31
True,5450000,0,34
True,5500000,4,92
True,5500000,3,60
True,5500000,2,80
True,5500000,1,31
True,5500000,0,34
True,5550000,4,92
True,5550000,3,59
True,5550000,2,80
True,5550000,1,31
True,5550000,0,35
True,5600000,4,92
True,5600000,3,58
True,5600000,2,80
True,5600000,1,32
True,5600000,0,35
True,5650000,4,93
True,5650000,3,57
True,5650000,2,80
True,5650000,1,32
True,5650000,0,35
True,5700000,4,93
True,5700000,3,56
True,5700000,2,81
True,5700000,1,32
True,5700000,0,35
True,5750000,4,93
True,5750000,3,55
True,5750000,2,81
True,5750000,1,32
True,5750000,0,36
True,5800000,4,93
True,5800000,3,54
True,5800000,2,81
True,5800000,1,33
True,5800000,0,36
True,5850000,4,94
True,5850000,3,53
True,5850000,2,81
True,5850000,1,33
True,5850000,0,36
True,5900000,4,94
True,5900000,3,52
True,5900000,2,82
True,5900000,1,33
True,5900000,0,36
True,5950000,4,94
True,5950000,3,51
True,5950000,2,82
True,5950000,1,33
True,5950000,0,37
True,6000000,4,95
True,6000000,3,50
True,6000000,2,82
True,6000000,1,33
True,6000000,0,37
True,6050000,4,95
True,6050000,3,49
True,6050000,2,82
True,6050000,1,34
True,6050000,0,37
True,6100000,4,95
True,6100000,3,48
True,6100000,2,83
True,6100000,1,34
True,6100000,0,37
True,6150000,4,95
True,6150000,3,47
True,6150000,2,83
True,6150000,1,34
True,6150000,0,38
True,6200000,4,95
True,6200000,3,47
True,6200000,2,83
True,6200000,1,34
True,6200000,0,38
True,6250000,4,95
True,6250000,3,47
True,6250000,2,83
True,6250000,1,34
True,6250000,0,38
True,6300000,4,94
True,6300000,3,47
True,6300000,2,84
True,6300000,1,34
True,6300000,0,38
True,6350000,4,94
True,6350000,3,46
True,6350000,2,84
True,6350000,1,35
True,6350000,0,38
True,6400000,4,94
True,6400000,3,45
True,6400000,2,84
True,6400000,1,35
True,6400000,0,39
True,6450000,4,94
True,6450000,3,45
True,6450000,2,84
True,6450000,1,35
True,6450000,0,39
True,6500000,4,94
True,6500000,3,45
True,6500000,2,84
True,6500000,1,35
True,6500000,0,39
True,6550000,4,94
True,6550000,3,44
True,6550000,2,85
True,6550000,1,35
True,6550000,0,39
True,6600000,4,94
True,6600000,3,43
True,6600000,2,85
True,6600000,1,35
True,6600000,0,40
True,6650000,4,94
True,6650000,3,42
True,6650000,2,85
True,6650000,1,36
True,6650000,0,40
True,6700000,4,94
True,6700000,3,42
True,6700000,2,85
True,6700000,1,36
True,6700000,0,40
True,6750000,4,94
True,6750000,3,42
True,6750000,2,85
True,6750000,1,36
True,6750000,0,40
True,6800000,4,94
True,6800000,3,41
True,6800000,2,86
True,6800000,1,36
True,6800000,0,40
True,6850000,4,94
True,6850000,3,40
True,6850000,2,86
True,6850000,1,36
True,6850000,0,41
True,6900000,4,94
True,6900000,3,39
True,6900000,2,86
True,6900000,1,37
True,6900000,0,41
True,6950000,4,95
True,6950000,3,38
True,6950000,2,86
True,6950000,1,37
True,6950000,0,41
True,7000000,4,96
True,7000000,3,37
True,7000000,2,86
True,7000000,1,37
True,7000000,0,41
True,7050000,4,95
True,7050000,3,37
True,7050000,2,87
True,7050000,1,37
True,7050000,0,41
True,7100000,4,94
True,7100000,3,37
True,7100000,2,87
True,7100000,1,37
True,7100000,0,42
True,7150000,4,95
True,7150000,3,36
True,7150000,2,87
True,7150000,1,37
True,7150000,0,42
True,7200000,4,94
True,7200000,3,36
True,7200000,2,87
True,7200000,1,38
True,7200000,0,42
True,7250000,4,94
True,7250000,3,36
True,7250000,2,87
True,7250000,1,38
True,7250000,0,42
True,7300000,4,93
True,7300000,3,36
True,7300000,2,87
True,7300000,1,38
True,7300000,0,43
True,7350000,4,92
True,7350000,3,36
True,7350000,2,88
True,7350000,1,38
True,7350000,0,43
True,7400000,4,91
True,7400000,3,37
True,7400000,2,88
True,7400000,1,38
True,7400000,0,43
True,7450000,4,91
True,7450000,3,37
True,7450000,2,88
True,7450000,1,38
True,7450000,0,43
True,7500000,4,90
True,7500000,3,37
True,7500000,2,88
True,7500000,1,39
True,7500000,0,43
True,7550000,4,89
True,7550000,3,37
True,7550000,2,88
True,7550000,1,39
True,7550000,0,44
True,7600000,4,89
True,7600000,3,37
True,7600000,2,88
True,7600000,1,39
True,7600000,0,44
True,7650000,4,89
True,7650000,3,37
True,7650000,2,88
True,7650000,1,39
True,7650000,0,44
True,7700000,4,89
True,7700000,3,36
True,7700000,2,89
True,7700000,1,39
True,7700000,0,44
True,7750000,4,88
True,7750000,3,37
True,7750000,2,89
True,7750000,1,39
True,7750000,0,44
True,7800000,4,87
True,7800000,3,37
True,7800000,2,89
True,7800000,1,39
True,7800000,0,45
True,7850000,4,86
True,7850000,3,37
True,7850000,2,89
True,7850000,1,40
True,7850000,0,45
True,7900000,4,86
True,7900000,3,38
True,7900000,2,89
True,7900000,1,39
True,7900000,0,45
True,7950000,4,86
True,7950000,3,37
True,7950000,2,89
True,7950000,1,40
True,7950000,0,45
True,8000000,4,86
True,8000000,3,37
True,8000000,2,89
True,8000000,1,40
True,8000000,0,45
True,8050000,4,86
True,8050000,3,36
True,8050000,2,89
True,8050000,1,40
True,8050000,0,46
True,8100000,4,86
True,8100000,3,35
True,8100000,2,90
True,8100000,1,40
True,8100000,0,46
True,8150000,4,87
True,8150000,3,34
True,8150000,2,90
True,8150000,1,40
True,8150000,0,46
True,8200000,4,87
True,8200000,3,33
True,8200000,2,90
True,8200000,1,41
True,8200000,0,46
True,8250000,4,86
True,8250000,3,34
True,8250000,2,90
True,8250000,1,41
True,8250000,0,46
True,8300000,4,85
True,8300000,3,34
True,8300000,2,90
True,8300000,1,41
True,8300000,0,47
True,8350000,4,84
True,8350000,3,35
True,8350000,2,90
True,8350000,1,41
True,8350000,0,47
True,8400000,4,84
True,8400000,3,35
True,8400000,2,90
True,8400000,1,41
True,8400000,0,47
True,8450000,4,83
True,8450000,3,35
True,8450000,2,91
True,8450000,1,41
True,8450000,0,47
True,8500000,4,84
True,8500000,3,34
True,8500000,2,91
True,8500000,1,41
True,8500000,0,47
True,8550000,4,84
True,8550000,3,33
True,8550000,2,91
True,8550000,1,41
True,8550000,0,48
True,8600000,4,85
True,8600000,3,32
True,8600000,2,91
True,8600000,1,41
True,8600000,0,48
True,8650000,4,85
True,8650000,3,32
True,8650000,2,91
True,8650000,1,41
True,8650000,0,48
True,8700000,4,85
True,8700000,3,33
True,8700000,2,91
True,8700000,1,40
True,8700000,0,48
True,8750000,4,84
True,8750000,3,33
True,8750000,2,91
True,8750000,1,41
True,8750000,0,48
True,8800000,4,83
True,8800000,3,33
True,8800000,2,91
True,8800000,1,41
True,8800000,0,49
True,8850000,4,83
True,8850000,3,34
True,8850000,2,91
True,8850000,1,40
True,8850000,0,49
True,8900000,4,83
True,8900000,3,34
True,8900000,2,92
True,8900000,1,39
True,8900000,0,49
True,8950000,4,83
True,8950000,3,34
True,8950000,2,92
True,8950000,1,39
True,8950000,0,49
True,9000000,4,83
True,9000000,3,34
True,9000000,2,92
True,9000000,1,39
True,9000000,0,49
True,9050000,4,83
True,9050000,3,35
True,9050000,2,92
True,9050000,1,38
True,9050000,0,49
True,9100000,4,82
True,9100000,3,35
True,9100000,2,92
True,9100000,1,38
True,9100000,0,50
True,9150000,4,82
True,9150000,3,35
True,9150000,2,92
True,9150000,1,38
True,9150000,0,50
True,9200000,4,81
True,9200000,3,36
True,9200000,2,92
True,9200000,1,38
True,9200000,0,50
True,9250000,4,81
True,9250000,3,36
True,9250000,2,92
True,9250000,1,38
True,9250000,0,50
True,9300000,4,81
True,9300000,3,36
True,9300000,2,92
True,9300000,1,38
True,9300000,0,50
True,9350000,4,81
True,9350000,3,35
True,9350000,2,92
True,9350000,1,38
True,9350000,0,51
True,9400000,4,81
True,9400000,3,35
True,9400000,2,92
True,9400000,1,38
True,9400000,0,51
True,9450000,4,81
True,9450000,3,34
True,9450000,2,93
True,9450000,1,38
True,9450000,0,51
True,9500000,4,82
True,9500000,3,33
True,9500000,2,93
True,9500000,1,38
True,9500000,0,51
True,9550000,4,83
True,9550000,3,33
True,9550000,2,93
True,9550000,1,37
True,9550000,0,51
True,9600000,4,84
True,9600000,3,33
True,9600000,2,93
True,9600000,1,36
True,9600000,0,51
True,9650000,4,84
True,9650000,3,32
True,9650000,2,93
True,9650000,1,36
True,9650000,0,52
True,9700000,4,84
True,9700000,3,32
True,9700000,2,93
True,9700000,1,36
True,9700000,0,52
True,9750000,4,84
True,9750000,3,32
True,9750000,2,93
True,9750000,1,36
True,9750000,0,52
True,9800000,4,84
True,9800000,3,33
True,9800000,2,93
True,9800000,1,35
True,9800000,0,52
True,9850000,4,84
True,9850000,3,33
True,9850000,2,93
True,9850000,1,35
True,9850000,0,52
True,9900000,4,84
True,9900000,3,34
True,9900000,2,93
True,9900000,1,34
True,9900000,0,52
True,9950000,4,84
True,9950000,3,34
True,9950000,2,93
True,9950000,1,33
True,9950000,0,53
True,10000000,4,84
True,10000000,3,35
True,10000000,2,93
True,10000000,1,32
True,10000000,0,53
True,10050000,4,84
True,10050000,3,35
True,10050000,2,94
True,10050000,1,31
True,10050000,0,53
True,10100000,4,84
True,10100000,3,35
True,10100000,2,94
True,10100000,1,31
True,10100000,0,53
True,10150000,4,85
True,10150000,3,35
True,10150000,2,94
True,10150000,1,30
True,10150000,0,53
True,10200000,4,85
True,10200000,3,35
True,10200000,2,94
True,10200000,1,29
True,10200000,0,54
True,10250000,4,85
True,10250000,3,35
True,10250000,2,94
True,10250000,1,29
True,10250000,0,54
True,10300000,4,85
True,10300000,3,36
True,10300000,2,94
True,10300000,1,28
True,10300000,0,54
True,10350000,4,85
True,10350000,3,36
True,10350000,2,94
True,10350000,1,28
True,10350000,0,54
True,10400000,4,85
True,10400000,3,36
True,10400000,2,94
True,10400000,1,28
True,10400000,0,54
True,10450000,4,85
True,10450000,3,36
True,10450000,2,94
True,10450000,1,28
True,10450000,0,54
True,10500000,4,85
True,10500000,3,35
True,10500000,2,94
True,10500000,1,29
True,10500000,0,54
True,10550000,4,85
True,10550000,3,34
True,10550000,2,94
True,10550000,1,29
True,10550000,0,55
True,10600000,4,84
True,10600000,3,34
True,10600000,2,94
True,10600000,1,30
True,10600000,0,55
True,10650000,4,84
True,10650000,3,34
True,10650000,2,94
True,10650000,1,30
True,10650000,0,55
True,10700000,4,84
True,10700000,3,34
True,10700000,2,94
True,10700000,1,30
True,10700000,0,55
True,10750000,4,83
True,10750000,3,34
True,10750000,2,95
True,10750000,1,30
True,10750000,0,55
True,10800000,4,83
True,10800000,3,34
True,10800000,2,95
True,10800000,1,30
True,10800000,0,55
True,10850000,4,83
True,10850000,3,34
True,10850000,2,95
True,10850000,1,29
True,10850000,0,56
True,10900000,4,83
True,10900000,3,34
True,10900000,2,95
True,10900000,1,29
True,10900000,0,56
True,10950000,4,83
True,10950000,3,35
True,10950000,2,95
True,10950000,1,28
True,10950000,0,56
True,11000000,4,83
True,11000000,3,36
True,11000000,2,95
True,11000000,1,27
True,11000000,0,56
True,11050000,4,83
True,11050000,3,36
True,11050000,2,95
True,11050000,1,27
True,11050000,0,56
True,11100000,4,83
True,11100000,3,36
True,11100000,2,95
True,11100000,1,27
True,11100000,0,56
True,11150000,4,83
True,11150000,3,35
True,11150000,2,95
True,11150000,1,27
True,11150000,0,57
True,11200000,4,83
True,11200000,3,35
True,11200000,2,95
True,11200000,1,27
True,11200000,0,57
True,11250000,4,83
True,11250000,3,35
True,11250000,2,95
True,11250000,1,27
True,11250000,0,57
True,11300000,4,83
True,11300000,3,35
True,11300000,2,95
True,11300000,1,27
True,11300000,0,57
True,11350000,4,83
True,11350000,3,35
True,11350000,2,95
True,11350000,1,27
True,11350000,0,57
True,11400000,4,83
True,11400000,3,35
True,11400000,2,95
True,11400000,1,27
True,11400000,0,57
True,11450000,4,83
True,11450000,3,35
True,11450000,2,95
True,11450000,1,27
True,11450000,0,57
True,11500000,4,83
True,11500000,3,34
True,11500000,2,95
True,11500000,1,27
True,11500000,0,58
True,11550000,4,83
True,11550000,3,34
True,11550000,2,95
True,11550000,1,27
True,11550000,0,58
True,11600000,4,83
True,11600000,3,34
True,11600000,2,95
True,11600000,1,27
True,11600000,0,58
True,11650000,4,83
True,11650000,3,34
True,11650000,2,96
True,11650000,1,26
True,11650000,0,58
True,11700000,4,83
True,11700000,3,34
True,11700000,2,96
True,11700000,1,26
True,11700000,0,58
True,11750000,4,83
True,11750000,3,34
True,11750000,2,96
True,11750000,1,26
True,11750000,0,58
True,11800000,4,83
True,11800000,3,34
True,11800000,2,96
True,11800000,1,25
True,11800000,0,59
True,11850000,4,82
True,11850000,3,34
True,11850000,2,96
True,11850000,1,26
True,11850000,0,59
True,11900000,4,82
True,11900000,3,34
True,11900000,2,96
True,11900000,1,26
True,11900000,0,59
True,11950000,4,82
True,11950000,3,34
True,11950000,2,96
True,11950000,1,26
True,11950000,0,59
True,12000000,4,82
True,12000000,3,34
True,12000000,2,96
True,12000000,1,26
True,12000000,0,59
True,12050000,4,82
True,12050000,3,34
True,12050000,2,96
True,12050000,1,26
True,12050000,0,59
True,12100000,4,82
True,12100000,3,34
True,12100000,2,96
True,12100000,1,26
True,12100000,0,59
True,12150000,4,82
True,12150000,3,34
True,12150000,2,96
True,12150000,1,25
True,12150000,0,60
True,12200000,4,82
True,12200000,3,34
True,12200000,2,96
True,12200000,1,25
True,12200000,0,60
True,12250000,4,82
True,12250000,3,34
True,12250000,2,96
True,12250000,1,25
True,12250000,0,60
True,12300000,4,81
True,12300000,3,35
True,12300000,2,96
True,12300000,1,25
True,12300000,0,60
True,12350000,4,81
True,12350000,3,35
True,12350000,2,96
True,12350000,1,25
True,12350000,0,60
True,12400000,4,81
True,12400000,3,35
True,12400000,2,96
True,12400000,1,25
True,12400000,0,60
True,12450000,4,81
True,12450000,3,35
True,12450000,2,96
True,12450000,1,25
True,12450000,0,60
True,12500000,4,80
True,12500000,3,35
True,12500000,2,96
True,12500000,1,25
True,12500000,0,61
True,12550000,4,79
True,12550000,3,35
True,12550000,2,96
True,12550000,1,26
True,12550000,0,61
True,12600000,4,79
True,12600000,3,35
True,12600000,2,96
True,12600000,1,26
True,12600000,0,61
True,12650000,4,78
True,12650000,3,35
True,12650000,2,96
True,12650000,1,27
True,12650000,0,61
True,12700000,4,78
True,12700000,3,35
True,12700000,2,96
True,12700000,1,27
True,12700000,0,61
True,12750000,4,78
True,12750000,3,35
True,12750000,2,96
True,12750000,1,27
True,12750000,0,61
True,12800000,4,78
True,12800000,3,34
True,12800000,2,97
True,12800000,1,27
True,12800000,0,61
True,12850000,4,78
True,12850000,3,33
True,12850000,2,97
True,12850000,1,27
True,12850000,0,62
True,12900000,4,78
True,12900000,3,33
True,12900000,2,97
True,12900000,1,27
True,12900000,0,62
True,12950000,4,78
True,12950000,3,33
True,12950000,2,97
True,12950000,1,27
True,12950000,0,62
True,13000000,4,78
True,13000000,3,33
True,13000000,2,97
True,13000000,1,27
True,13000000,0,62
True,13050000,4,78
True,13050000,3,33
True,13050000,2,97
True,13050000,1,27
True,13050000,0,62
True,13100000,4,78
True,13100000,3,33
True,13100000,2,97
True,13100000,1,27
True,13100000,0,62
True,13150000,4,78
True,13150000,3,33
True,13150000,2,97
True,13150000,1,27
True,13150000,0,62
True,13200000,4,78
True,13200000,3,33
True,13200000,2,97
True,13200000,1,27
True,13200000,0,62
True,13250000,4,78
True,13250000,3,33
True,13250000,2,97
True,13250000,1,26
True,13250000,0,63
True,13300000,4,78
True,13300000,3,33
True,13300000,2,97
True,13300000,1,26
True,13300000,0,63
True,13350000,4,78
True,13350000,3,33
True,13350000,2,97
True,13350000,1,26
True,13350000,0,63
True,13400000,4,78
True,13400000,3,33
True,13400000,2,97
True,13400000,1,26
True,13400000,0,63
True,13450000,4,78
True,13450000,3,33
True,13450000,2,97
True,13450000,1,26
True,13450000,0,63
True,13500000,4,78
True,13500000,3,33
True,13500000,2,97
True,13500000,1,26
True,13500000,0,63
True,13550000,4,78
True,13550000,3,33
True,13550000,2,97
True,13550000,1,26
True,13550000,0,63
True,13600000,4,78
True,13600000,3,32
True,13600000,2,97
True,13600000,1,26
True,13600000,0,64
True,13650000,4,78
True,13650000,3,32
True,13650000,2,97
True,13650000,1,26
True,13650000,0,64
True,13700000,4,78
True,13700000,3,32
True,13700000,2,97
True,13700000,1,26
True,13700000,0,64
True,13750000,4,78
True,13750000,3,32
True,13750000,2,97
True,13750000,1,26
True,13750000,0,64
True,13800000,4,78
True,13800000,3,32
True,13800000,2,97
True,13800000,1,26
True,13800000,0,64
True,13850000,4,78
True,13850000,3,32
True,13850000,2,97
True,13850000,1,26
True,13850000,0,64
True,13900000,4,78
True,13900000,3,32
True,13900000,2,97
True,13900000,1,26
True,13900000,0,64
True,13950000,4,78
True,13950000,3,32
True,13950000,2,97
True,13950000,1,26
True,13950000,0,64
True,14000000,4,78
True,14000000,3,32
True,14000000,2,97
True,14000000,1,25
True,14000000,0,65
True,14050000,4,79
True,14050000,3,32
True,14050000,2,97
True,14050000,1,24
True,14050000,0,65
True,14100000,4,79
True,14100000,3,32
True,14100000,2,97
True,14100000,1,24
True,14100000,0,65
True,14150000,4,79
True,14150000,3,32
True,14150000,2,97
True,14150000,1,24
True,14150000,0,65
True,14200000,4,79
True,14200000,3,32
True,14200000,2,97
True,14200000,1,24
True,14200000,0,65
True,14250000,4,79
True,14250000,3,32
True,14250000,2,97
True,14250000,1,24
True,14250000,0,65
True,14300000,4,79
True,14300000,3,32
True,14300000,2,97
True,14300000,1,24
True,14300000,0,65
True,14350000,4,79
True,14350000,3,32
True,14350000,2,97
True,14350000,1,24
True,14350000,0,65
True,14400000,4,79
True,14400000,3,31
True,14400000,2,97
True,14400000,1,24
True,14400000,0,66
True,14450000,4,79
True,14450000,3,31
True,14450000,2,97
True,14450000,1,24
True,14450000,0,66
True,14500000,4,79
True,14500000,3,31
True,14500000,2,97
True,14500000,1,24
True,14500000,0,66
True,14550000,4,79
True,14550000,3,31
True,14550000,2,98
True,14550000,1,23
True,14550000,0,66
True,14600000,4,79
True,14600000,3,31
True,14600000,2,98
True,14600000,1,23
True,14600000,0,66
True,14650000,4,79
True,14650000,3,31
True,14650000,2,98
True,14650000,1,23
True,14650000,0,66
True,14700000,4,79
True,14700000,3,31
True,14700000,2,98
True,14700000,1,23
True,14700000,0,66
True,14750000,4,79
True,14750000,3,31
True,14750000,2,98
True,14750000,1,23
True,14750000,0,66
True,14800000,4,78
True,14800000,3,31
True,14800000,2,98
True,14800000,1,23
True,14800000,0,67
True,14850000,4,77
True,14850000,3,31
True,14850000,2,98
True,14850000,1,24
True,14850000,0,67
True,14900000,4,76
True,14900000,3,31
True,14900000,2,98
True,14900000,1,25
True,14900000,0,67
True,14950000,4,76
True,14950000,3,31
True,14950000,2,98
True,14950000,1,25
True,14950000,0,67
True,15000000,4,75
True,15000000,3,32
True,15000000,2,98
True,15000000,1,25
True,15000000,0,67
True,15050000,4,75
True,15050000,3,32
True,15050000,2,98
True,15050000,1,25
True,15050000,0,67
True,15100000,4,75
True,15100000,3,32
True,15100000,2,98
True,15100000,1,25
True,15100000,0,67
True,15150000,4,75
True,15150000,3,32
True,15150000,2,98
True,15150000,1,25
True,15150000,0,67
True,15200000,4,75
True,15200000,3,32
True,15200000,2,98
True,15200000,1,25
True,15200000,0,67
True,15250000,4,74
True,15250000,3,32
True,15250000,2,98
True,15250000,1,25
True,15250000,0,68
True,15300000,4,74
True,15300000,3,32
True,15300000,2,98
True,15300000,1,25
True,15300000,0,68
True,15350000,4,74
True,15350000,3,32
True,15350000,2,98
True,15350000,1,25
True,15350000,0,68
True,15400000,4,74
True,15400000,3,32
True,15400000,2,98
True,15400000,1,25
True,15400000,0,68
True,15450000,4,74
True,15450000,3,32
True,15450000,2,98
True,15450000,1,25
True,15450000,0,68
True,15500000,4,74
True,15500000,3,32
True,15500000,2,98
True,15500000,1,25
True,15500000,0,68
True,15550000,4,75
True,15550000,3,31
True,15550000,2,98
True,15550000,1,25
True,15550000,0,68
True,15600000,4,75
True,15600000,3,31
True,15600000,2,98
True,15600000,1,25
True,15600000,0,68
True,15650000,4,75
True,15650000,3,30
True,15650000,2,98
True,15650000,1,26
True,15650000,0,68
True,15700000,4,75
True,15700000,3,30
True,15700000,2,98
True,15700000,1,25
True,15700000,0,69
True,15750000,4,75
True,15750000,3,30
True,15750000,2,98
True,15750000,1,25
True,15750000,0,69
True,15800000,4,75
True,15800000,3,30
True,15800000,2,98
True,15800000,1,25
True,15800000,0,69
True,15850000,4,75
True,15850000,3,30
True,15850000,2,98
True,15850000,1,25
True,15850000,0,69
True,15900000,4,75
True,15900000,3,30
True,15900000,2,98
True,15900000,1,25
True,15900000,0,69
True,15950000,4,75
True,15950000,3,30
True,15950000,2,98
True,15950000,1,25
True,15950000,0,69
True,16000000,4,75
True,16000000,3,30
True,16000000,2,98
True,16000000,1,25
True,16000000,0,69
True,16050000,4,75
True,16050000,3,30
True,16050000,2,98
True,16050000,1,25
True,16050000,0,69
True,16100000,4,75
True,16100000,3,30
True,16100000,2,98
True,16100000,1,25
True,16100000,0,69
True,16150000,4,75
True,16150000,3,29
True,16150000,2,98
True,16150000,1,25
True,16150000,0,70
True,16200000,4,74
True,16200000,3,29
True,16200000,2,98
True,16200000,1,26
True,16200000,0,70
True,16250000,4,74
True,16250000,3,29
True,16250000,2,98
True,16250000,1,26
True,16250000,0,70
True,16300000,4,74
True,16300000,3,29
True,16300000,2,98
True,16300000,1,26
True,16300000,0,70
True,16350000,4,74
True,16350000,3,29
True,16350000,2,98
True,16350000,1,26
True,16350000,0,70
True,16400000,4,74
True,16400000,3,29
True,16400000,2,98
True,16400000,1,26
True,16400000,0,70
True,16450000,4,74
True,16450000,3,29
True,16450000,2,98
True,16450000,1,26
True,16450000,0,70
True,16500000,4,74
True,16500000,3,29
True,16500000,2,98
True,16500000,1,26
True,16500000,0,70
True,16550000,4,74
True,16550000,3,29
True,16550000,2,98
True,16550000,1,26
True,16550000,0,70
True,16600000,4,74
True,16600000,3,29
True,16600000,2,98
True,16600000,1,26
True,16600000,0,70
True,16650000,4,74
True,16650000,3,29
True,16650000,2,98
True,16650000,1,25
True,16650000,0,71
True,16700000,4,74
True,16700000,3,29
True,16700000,2,98
True,16700000,1,25
True,16700000,0,71
True,16750000,4,74
True,16750000,3,29
True,16750000,2,98
True,16750000,1,25
True,16750000,0,71
True,16800000,4,74
True,16800000,3,29
True,16800000,2,98
True,16800000,1,25
True,16800000,0,71
True,16850000,4,74
True,16850000,3,29
True,16850000,2,98
True,16850000,1,25
True,16850000,0,71
True,16900000,4,74
True,16900000,3,29
True,16900000,2,98
True,16900000,1,25
True,16900000,0,71
True,16950000,4,74
True,16950000,3,29
True,16950000,2,98
True,16950000,1,25
True,16950000,0,71
True,17000000,4,74
True,17000000,3,29
True,17000000,2,98
True,17000000,1,25
True,17000000,0,71
True,17050000,4,74
True,17050000,3,29
True,17050000,2,98
True,17050000,1,25
True,17050000,0,71
True,17100000,4,73
True,17100000,3,29
True,17100000,2,98
True,17100000,1,25
True,17100000,0,72
True,17150000,4,73
True,17150000,3,29
True,17150000,2,98
True,17150000,1,25
True,17150000,0,72
True,17200000,4,73
True,17200000,3,29
True,17200000,2,98
True,17200000,1,25
True,17200000,0,72
True,17250000,4,73
True,17250000,3,29
True,17250000,2,98
True,17250000,1,25
True,17250000,0,72
True,17300000,4,73
True,17300000,3,29
True,17300000,2,98
True,17300000,1,25
True,17300000,0,72
True,17350000,4,73
True,17350000,3,29
True,17350000,2,98
True,17350000,1,25
True,17350000,0,72
True,17400000,4,73
True,17400000,3,29
True,17400000,2,98
True,17400000,1,25
True,17400000,0,72
True,17450000,4,73
True,17450000,3,29
True,17450000,2,98
True,17450000,1,25
True,17450000,0,72
True,17500000,4,73
True,17500000,3,29
True,17500000,2,98
True,17500000,1,25
True,17500000,0,72
True,17550000,4,73
True,17550000,3,29
True,17550000,2,98
True,17550000,1,25
True,17550000,0,72
True,17600000,4,73
True,17600000,3,28
True,17600000,2,98
True,17600000,1,26
True,17600000,0,72
True,17650000,4,73
True,17650000,3,27
True,17650000,2,98
True,17650000,1,26
True,17650000,0,73
True,17700000,4,73
True,17700000,3,27
True,17700000,2,98
True,17700000,1,26
True,17700000,0,73
True,17750000,4,73
True,17750000,3,27
True,17750000,2,98
True,17750000,1,26
True,17750000,0,73
True,17800000,4,73
True,17800000,3,27
True,17800000,2,98
True,17800000,1,26
True,17800000,0,73
True,17850000,4,73
True,17850000,3,27
True,17850000,2,98
True,17850000,1,26
True,17850000,0,73
True,17900000,4,73
True,17900000,3,27
True,17900000,2,98
True,17900000,1,26
True,17900000,0,73
True,17950000,4,73
True,17950000,3,27
True,17950000,2,98
True,17950000,1,26
True,17950000,0,73
True,18000000,4,73
True,18000000,3,27
True,18000000,2,98
True,18000000,1,26
True,18000000,0,73
True,18050000,4,72
True,18050000,3,27
True,18050000,2,99
True,18050000,1,26
True,18050000,0,73
True,18100000,4,72
True,18100000,3,27
True,18100000,2,99
True,18100000,1,26
True,18100000,0,73
True,18150000,4,71
True,18150000,3,27
True,18150000,2,99
True,18150000,1,26
True,18150000,0,74
True,18200000,4,71
True,18200000,3,27
True,18200000,2,99
True,18200000,1,26
True,18200000,0,74
True,18250000,4,71
True,18250000,3,27
True,18250000,2,99
True,18250000,1,26
True,18250000,0,74
True,18300000,4,71
True,18300000,3,27
True,18300000,2,99
True,18300000,1,26
True,18300000,0,74
True,18350000,4,71
True,18350000,3,27
True,18350000,2,99
True,18350000,1,26
True,18350000,0,74
True,18400000,4,71
True,18400000,3,27
True,18400000,2,99
True,18400000,1,26
True,18400000,0,74
True,18450000,4,71
True,18450000,3,27
True,18450000,2,99
True,18450000,1,26
True,18450000,0,74
True,18500000,4,71
True,18500000,3,27
True,18500000,2,99
True,18500000,1,26
True,18500000,0,74
True,18550000,4,71
True,18550000,3,27
True,18550000,2,99
True,18550000,1,26
True,18550000,0,74
True,18600000,4,71
True,18600000,3,27
True,18600000,2,99
True,18600000,1,26
True,18600000,0,74
True,18650000,4,71
True,18650000,3,27
True,18650000,2,99
True,18650000,1,26
True,18650000,0,74
True,18700000,4,71
True,18700000,3,27
True,18700000,2,99
True,18700000,1,26
True,18700000,0,74
True,18750000,4,71
True,18750000,3,27
True,18750000,2,99
True,18750000,1,26
True,18750000,0,74
True,18800000,4,71
True,18800000,3,26
True,18800000,2,99
True,18800000,1,26
True,18800000,0,75
True,18850000,4,71
True,18850000,3,26
True,18850000,2,99
True,18850000,1,26
True,18850000,0,75
True,18900000,4,71
True,18900000,3,26
True,18900000,2,99
True,18900000,1,26
True,18900000,0,75
True,18950000,4,71
True,18950000,3,26
True,18950000,2,99
True,18950000,1,26
True,18950000,0,75
True,19000000,4,71
True,19000000,3,26
True,19000000,2,99
True,19000000,1,26
True,19000000,0,75
True,19050000,4,71
True,19050000,3,26
True,19050000,2,99
True,19050000,1,26
True,19050000,0,75
True,19100000,4,71
True,19100000,3,26
True,19100000,2,99
True,19100000,1,26
True,19100000,0,75
True,19150000,4,71
True,19150000,3,26
True,19150000,2,99
True,19150000,1,26
True,19150000,0,75
True,19200000,4,71
True,19200000,3,26
True,19200000,2,99
True,19200000,1,26
True,19200000,0,75
True,19250000,4,71
True,19250000,3,26
True,19250000,2,99
True,19250000,1,26
True,19250000,0,75
True,19300000,4,71
True,19300000,3,26
True,19300000,2,99
True,19300000,1,25
True,19300000,0,76
True,19350000,4,71
True,19350000,3,26
True,19350000,2,99
True,19350000,1,25
True,19350000,0,76
True,19400000,4,71
True,19400000,3,26
True,19400000,2,99
True,19400000,1,25
True,19400000,0,76
True,19450000,4,71
True,19450000,3,26
True,19450000,2,99
True,19450000,1,25
True,19450000,0,76
True,19500000,4,71
True,19500000,3,26
True,19500000,2,99
True,19500000,1,25
True,19500000,0,76
True,19550000,4,71
True,19550000,3,26
True,19550000,2,99
True,19550000,1,25
True,19550000,0,76
True,19600000,4,71
True,19600000,3,26
True,19600000,2,99
True,19600000,1,25
True,19600000,0,76
True,19650000,4,71
True,19650000,3,26
True,19650000,2,99
True,19650000,1,25
True,19650000,0,76
True,19700000,4,71
True,19700000,3,26
True,19700000,2,99
True,19700000,1,25
True,19700000,0,76
True,19750000,4,71
True,19750000,3,26
True,19750000,2,99
True,19750000,1,25
True,19750000,0,76
True,19800000,4,71
True,19800000,3,26
True,19800000,2,99
True,19800000,1,25
True,19800000,0,76
True,19850000,4,71
True,19850000,3,26
True,19850000,2,99
True,19850000,1,25
True,19850000,0,76
True,19900000,4,70
True,19900000,3,26
True,19900000,2,99
True,19900000,1,25
True,19900000,0,77
True,19950000,4,70
True,19950000,3,26
True,19950000,2,99
True,19950000,1,25
True,19950000,0,77
True,20000000,4,70
True,20000000,3,26
True,20000000,2,99
True,20000000,1,25
True,20000000,0,77
True,20050000,4,70
True,20050000,3,26
True,20050000,2,99
True,20050000,1,25
True,20050000,0,77
True,20100000,4,70
True,20100000,3,26
True,20100000,2,99
True,20100000,1,25
True,20100000,0,77
True,20150000,4,70
True,20150000,3,26
True,20150000,2,99
True,20150000,1,25
True,20150000,0,77
True,20200000,4,70
True,20200000,3,26
True,20200000,2,99
True,20200000,1,25
True,20200000,0,77
True,20250000,4,70
True,20250000,3,25
True,20250000,2,99
True,20250000,1,26
True,20250000,0,77
True,20300000,4,70
True,20300000,3,25
True,20300000,2,99
True,20300000,1,26
True,20300000,0,77
True,20350000,4,70
True,20350000,3,25
True,20350000,2,99
True,20350000,1,26
True,20350000,0,77
True,20400000,4,70
True,20400000,3,25
True,20400000,2,99
True,20400000,1,26
True,20400000,0,77
True,20450000,4,70
True,20450000,3,25
True,20450000,2,99
True,20450000,1,26
True,20450000,0,77
True,20500000,4,70
True,20500000,3,25
True,20500000,2,99
True,20500000,1,26
True,20500000,0,77
True,20550000,4,69
True,20550000,3,25
True,20550000,2,99
True,20550000,1,26
True,20550000,0,78
True,20600000,4,69
True,20600000,3,25
True,20600000,2,99
True,20600000,1,26
True,20600000,0,78
True,20650000,4,69
True,20650000,3,25
True,20650000,2,99
True,20650000,1,26
True,20650000,0,78
True,20700000,4,69
True,20700000,3,25
True,20700000,2,99
True,20700000,1,26
True,20700000,0,78
True,20750000,4,69
True,20750000,3,25
True,20750000,2,99
True,20750000,1,26
True,20750000,0,78
True,20800000,4,69
True,20800000,3,25
True,20800000,2,99
True,20800000,1,26
True,20800000,0,78
True,20850000,4,69
True,20850000,3,25
True,20850000,2,99
True,20850000,1,26
True,20850000,0,78
True,20900000,4,69
True,20900000,3,26
True,20900000,2,99
True,20900000,1,25
True,20900000,0,78
True,20950000,4,69
True,20950000,3,26
True,20950000,2,99
True,20950000,1,25
True,20950000,0,78
True,21000000,4,69
True,21000000,3,26
True,21000000,2,99
True,21000000,1,25
True,21000000,0,78
True,21050000,4,69
True,21050000,3,26
True,21050000,2,99
True,21050000,1,25
True,21050000,0,78
True,21100000,4,69
True,21100000,3,26
True,21100000,2,99
True,21100000,1,25
True,21100000,0,78
True,21150000,4,69
True,21150000,3,26
True,21150000,2,99
True,21150000,1,25
True,21150000,0,78
True,21200000,4,69
True,21200000,3,25
True,21200000,2,99
True,21200000,1,25
True,21200000,0,79
True,21250000,4,69
True,21250000,3,25
True,21250000,2,99
True,21250000,1,25
True,21250000,0,79
True,21300000,4,69
True,21300000,3,25
True,21300000,2,99
True,21300000,1,25
True,21300000,0,79
True,21350000,4,69
True,21350000,3,25
True,21350000,2,99
True,21350000,1,25
True,21350000,0,79
True,21400000,4,69
True,21400000,3,25
True,21400000,2,99
True,21400000,1,25
True,21400000,0,79
True,21450000,4,69
True,21450000,3,25
True,21450000,2,99
True,21450000,1,25
True,21450000,0,79
True,21500000,4,69
True,21500000,3,25
True,21500000,2,99
True,21500000,1,25
True,21500000,0,79
True,21550000,4,69
True,21550000,3,25
True,21550000,2,99
True,21550000,1,25
True,21550000,0,79
True,21600000,4,69
True,21600000,3,25
True,21600000,2,99
True,21600000,1,25
True,21600000,0,79
True,21650000,4,69
True,21650000,3,25
True,21650000,2,99
True,21650000,1,25
True,21650000,0,79
True,21700000,4,69
True,21700000,3,25
True,21700000,2,99
True,21700000,1,25
True,21700000,0,79
True,21750000,4,69
True,21750000,3,25
True,21750000,2,99
True,21750000,1,25
True,21750000,0,79
True,21800000,4,69
True,21800000,3,26
True,21800000,2,99
True,21800000,1,24
True,21800000,0,79
True,21850000,4,70
True,21850000,3,26
True,21850000,2,99
True,21850000,1,23
True,21850000,0,79
True,21900000,4,70
True,21900000,3,26
True,21900000,2,99
True,21900000,1,22
True,21900000,0,80
True,21950000,4,70
True,21950000,3,26
True,21950000,2,99
True,21950000,1,22
True,21950000,0,80
True,22000000,4,70
True,22000000,3,26
True,22000000,2,99
True,22000000,1,22
True,22000000,0,80
True,22050000,4,70
True,22050000,3,27
True,22050000,2,99
True,22050000,1,21
True,22050000,0,80
True,22100000,4,70
True,22100000,3,27
True,22100000,2,99
True,22100000,1,21
True,22100000,0,80
True,22150000,4,70
True,22150000,3,27
True,22150000,2,99
True,22150000,1,21
True,22150000,0,80
True,22200000,4,70
True,22200000,3,27
True,22200000,2,99
True,22200000,1,21
True,22200000,0,80
True,22250000,4,70
True,22250000,3,27
True,22250000,2,99
True,22250000,1,21
True,22250000,0,80
True,22300000,4,70
True,22300000,3,27
True,22300000,2,99
True,22300000,1,21
True,22300000,0,80
True,22350000,4,70
True,22350000,3,27
True,22350000,2,99
True,22350000,1,21
True,22350000,0,80
True,22400000,4,70
True,22400000,3,27
True,22400000,2,99
True,22400000,1,21
True,22400000,0,80
True,22450000,4,70
True,22450000,3,27
True,22450000,2,99
True,22450000,1,21
True,22450000,0,80
True,22500000,4,69
True,22500000,3,28
True,22500000,2,99
True,22500000,1,21
True,22500000,0,80
True,22550000,4,69
True,22550000,3,28
True,22550000,2,99
True,22550000,1,21
True,22550000,0,80
True,22600000,4,69
True,22600000,3,28
True,22600000,2,99
True,22600000,1,21
True,22600000,0,80
True,22650000,4,69
True,22650000,3,27
True,22650000,2,99
True,22650000,1,21
True,22650000,0,81
True,22700000,4,70
True,22700000,3,26
True,22700000,2,99
True,22700000,1,21
True,22700000,0,81
True,22750000,4,70
True,22750000,3,26
True,22750000,2,99
True,22750000,1,21
True,22750000,0,81
True,22800000,4,71
True,22800000,3,25
True,22800000,2,99
True,22800000,1,21
True,22800000,0,81
True,22850000,4,71
True,22850000,3,25
True,22850000,2,99
True,22850000,1,21
True,22850000,0,81
True,22900000,4,70
True,22900000,3,26
True,22900000,2,99
True,22900000,1,21
True,22900000,0,81
True,22950000,4,70
True,22950000,3,26
True,22950000,2,99
True,22950000,1,21
True,22950000,0,81
True,23000000,4,70
True,23000000,3,26
True,23000000,2,99
True,23000000,1,21
True,23000000,0,81
True,23050000,4,70
True,23050000,3,26
True,23050000,2,99
True,23050000,1,21
True,23050000,0,81
True,23100000,4,70
True,23100000,3,26
True,23100000,2,99
True,23100000,1,21
True,23100000,0,81
True,23150000,4,70
True,23150000,3,26
True,23150000,2,99
True,23150000,1,21
True,23150000,0,81
True,23200000,4,70
True,23200000,3,26
True,23200000,2,99
True,23200000,1,21
True,23200000,0,81
True,23250000,4,70
True,23250000,3,26
True,23250000,2,99
True,23250000,1,21
True,23250000,0,81
True,23300000,4,70
True,23300000,3,26
True,23300000,2,99
True,23300000,1,21
True,23300000,0,81
True,23350000,4,70
True,23350000,3,26
True,23350000,2,99
True,23350000,1,21
True,23350000,0,81
True,23400000,4,70
True,23400000,3,26
True,23400000,2,99
True,23400000,1,21
True,23400000,0,81
True,23450000,4,70
True,23450000,3,26
True,23450000,2,99
True,23450000,1,21
True,23450000,0,81
True,23500000,4,69
True,23500000,3,26
True,23500000,2,99
True,23500000,1,21
True,23500000,0,82
True,23550000,4,69
True,23550000,3,26
True,23550000,2,99
True,23550000,1,21
True,23550000,0,82
True,23600000,4,69
True,23600000,3,26
True,23600000,2,99
True,23600000,1,21
True,23600000,0,82
True,23650000,4,69
True,23650000,3,26
True,23650000,2,99
True,23650000,1,21
True,23650000,0,82
True,23700000,4,69
True,23700000,3,26
True,23700000,2,99
True,23700000,1,21
True,23700000,0,82
True,23750000,4,69
True,23750000,3,26
True,23750000,2,99
True,23750000,1,21
True,23750000,0,82
True,23800000,4,69
True,23800000,3,26
True,23800000,2,99
True,23800000,1,21
True,23800000,0,82
True,23850000,4,69
True,23850000,3,26
True,23850000,2,99
True,23850000,1,21
True,23850000,0,82
True,23900000,4,69
True,23900000,3,26
True,23900000,2,99
True,23900000,1,21
True,23900000,0,82
True,23950000,4,69
True,23950000,3,26
True,23950000,2,99
True,23950000,1,21
True,23950000,0,82
True,24000000,4,69
True,24000000,3,26
True,24000000,2,99
True,24000000,1,21
True,24000000,0,82
True,24050000,4,69
True,24050000,3,26
True,24050000,2,99
True,24050000,1,21
True,24050000,0,82
True,24100000,4,69
True,24100000,3,26
True,24100000,2,99
True,24100000,1,21
True,24100000,0,82
True,24150000,4,69
True,24150000,3,26
True,24150000,2,99
True,24150000,1,21
True,24150000,0,82
True,24200000,4,69
True,24200000,3,26
True,24200000,2,99
True,24200000,1,21
True,24200000,0,82
True,24250000,4,69
True,24250000,3,25
True,24250000,2,99
True,24250000,1,21
True,24250000,0,83
True,24300000,4,69
True,24300000,3,25
True,24300000,2,99
True,24300000,1,21
True,24300000,0,83
True,24350000,4,69
True,24350000,3,25
True,24350000,2,99
True,24350000,1,21
True,24350000,0,83
True,24400000,4,69
True,24400000,3,25
True,24400000,2,99
True,24400000,1,21
True,24400000,0,83
True,24450000,4,68
True,24450000,3,25
True,24450000,2,99
True,24450000,1,22
True,24450000,0,83
True,24500000,4,67
True,24500000,3,25
True,24500000,2,99
True,24500000,1,23
True,24500000,0,83
True,24550000,4,67
True,24550000,3,25
True,24550000,2,99
True,24550000,1,23
True,24550000,0,83
True,24600000,4,67
True,24600000,3,25
True,24600000,2,99
True,24600000,1,23
True,24600000,0,83
True,24650000,4,67
True,24650000,3,25
True,24650000,2,99
True,24650000,1,23
True,24650000,0,83
True,24700000,4,67
True,24700000,3,25
True,24700000,2,99
True,24700000,1,23
True,24700000,0,83
True,24750000,4,67
True,24750000,3,25
True,24750000,2,99
True,24750000,1,23
True,24750000,0,83
True,24800000,4,67
True,24800000,3,25
True,24800000,2,99
True,24800000,1,23
True,24800000,0,83
True,24850000,4,67
True,24850000,3,25
True,24850000,2,99
True,24850000,1,23
True,24850000,0,83
True,24900000,4,67
True,24900000,3,25
True,24900000,2,99
True,24900000,1,23
True,24900000,0,83
True,24950000,4,67
True,24950000,3,25
True,24950000,2,99
True,24950000,1,23
True,24950000,0,83
True,25000000,4,67
True,25000000,3,25
True,25000000,2,99
True,25000000,1,23
True,25000000,0,83
True,25050000,4,67
True,25050000,3,25
True,25050000,2,99
True,25050000,1,23
True,25050000,0,83
True,25100000,4,67
True,25100000,3,25
True,25100000,2,99
True,25100000,1,23
True,25100000,0,83
True,25150000,4,66
True,25150000,3,25
True,25150000,2,99
True,25150000,1,23
True,25150000,0,84
True,25200000,4,66
True,25200000,3,25
True,25200000,2,99
True,25200000,1,23
True,25200000,0,84
True,25250000,4,66
True,25250000,3,25
True,25250000,2,99
True,25250000,1,23
True,25250000,0,84
True,25300000,4,66
True,25300000,3,25
True,25300000,2,99
True,25300000,1,23
True,25300000,0,84
True,25350000,4,66
True,25350000,3,25
True,25350000,2,99
True,25350000,1,23
True,25350000,0,84
True,25400000,4,66
True,25400000,3,25
True,25400000,2,99
True,25400000,1,23
True,25400000,0,84
True,25450000,4,66
True,25450000,3,25
True,25450000,2,99
True,25450000,1,23
True,25450000,0,84
True,25500000,4,66
True,25500000,3,25
True,25500000,2,99
True,25500000,1,23
True,25500000,0,84
True,25550000,4,66
True,25550000,3,25
True,25550000,2,99
True,25550000,1,23
True,25550000,0,84
True,25600000,4,66
True,25600000,3,25
True,25600000,2,99
True,25600000,1,23
True,25600000,0,84
True,25650000,4,66
True,25650000,3,25
True,25650000,2,99
True,25650000,1,23
True,25650000,0,84
True,25700000,4,66
True,25700000,3,25
True,25700000,2,99
True,25700000,1,23
True,25700000,0,84
True,25750000,4,66
True,25750000,3,25
True,25750000,2,99
True,25750000,1,23
True,25750000,0,84
True,25800000,4,66
True,25800000,3,25
True,25800000,2,99
True,25800000,1,23
True,25800000,0,84
True,25850000,4,66
True,25850000,3,25
True,25850000,2,99
True,25850000,1,23
True,25850000,0,84
True,25900000,4,66
True,25900000,3,25
True,25900000,2,99
True,25900000,1,23
True,25900000,0,84
True,25950000,4,66
True,25950000,3,25
True,25950000,2,99
True,25950000,1,23
True,25950000,0,84
True,26000000,4,66
True,26000000,3,25
True,26000000,2,99
True,26000000,1,23
True,26000000,0,84
True,26050000,4,66
True,26050000,3,25
True,26050000,2,99
True,26050000,1,23
True,26050000,0,84
True,26100000,4,65
True,26100000,3,25
True,26100000,2,99
True,26100000,1,23
True,26100000,0,85
True,26150000,4,65
True,26150000,3,25
True,26150000,2,99
True,26150000,1,23
True,26150000,0,85
True,26200000,4,65
True,26200000,3,25
True,26200000,2,99
True,26200000,1,23
True,26200000,0,85
True,26250000,4,65
True,26250000,3,25
True,26250000,2,99
True,26250000,1,23
True,26250000,0,85
True,26300000,4,65
True,26300000,3,25
True,26300000,2,99
True,26300000,1,23
True,26300000,0,85
True,26350000,4,65
True,26350000,3,25
True,26350000,2,99
True,26350000,1,23
True,26350000,0,85
True,26400000,4,65
True,26400000,3,25
True,26400000,2,99
True,26400000,1,23
True,26400000,0,85
True,26450000,4,65
True,26450000,3,25
True,26450000,2,99
True,26450000,1,23
True,26450000,0,85
True,26500000,4,65
True,26500000,3,25
True,26500000,2,99
True,26500000,1,23
True,26500000,0,85
True,26550000,4,65
True,26550000,3,25
True,26550000,2,99
True,26550000,1,23
True,26550000,0,85
True,26600000,4,65
True,26600000,3,25
True,26600000,2,99
True,26600000,1,23
True,26600000,0,85
True,26650000,4,65
True,26650000,3,25
True,26650000,2,99
True,26650000,1,23
True,26650000,0,85
True,26700000,4,65
True,26700000,3,25
True,26700000,2,99
True,26700000,1,23
True,26700000,0,85
True,26750000,4,65
True,26750000,3,25
True,26750000,2,99
True,26750000,1,23
True,26750000,0,85
True,26800000,4,65
True,26800000,3,25
True,26800000,2,99
True,26800000,1,23
True,26800000,0,85
True,26850000,4,65
True,26850000,3,25
True,26850000,2,99
True,26850000,1,23
True,26850000,0,85
True,26900000,4,65
True,26900000,3,25
True,26900000,2,99
True,26900000,1,23
True,26900000,0,85
True,26950000,4,65
True,26950000,3,25
True,26950000,2,99
True,26950000,1,23
True,26950000,0,85
True,27000000,4,65
True,27000000,3,25
True,27000000,2,99
True,27000000,1,23
True,27000000,0,85
True,27050000,4,65
True,27050000,3,25
True,27050000,2,99
True,27050000,1,23
True,27050000,0,85
True,27100000,4,65
True,27100000,3,25
True,27100000,2,99
True,27100000,1,23
True,27100000,0,85
True,27150000,4,65
True,27150000,3,25
True,27150000,2,99
True,27150000,1,23
True,27150000,0,85
True,27200000,4,65
True,27200000,3,24
True,27200000,2,99
True,27200000,1,23
True,27200000,0,86
True,27250000,4,65
True,27250000,3,24
True,27250000,2,99
True,27250000,1,23
True,27250000,0,86
True,27300000,4,65
True,27300000,3,24
True,27300000,2,99
True,27300000,1,23
True,27300000,0,86
True,27350000,4,65
True,27350000,3,25
True,27350000,2,99
True,27350000,1,22
True,27350000,0,86
True,27400000,4,65
True,27400000,3,25
True,27400000,2,99
True,27400000,1,22
True,27400000,0,86
True,27450000,4,65
True,27450000,3,25
True,27450000,2,99
True,27450000,1,22
True,27450000,0,86
True,27500000,4,66
True,27500000,3,25
True,27500000,2,99
True,27500000,1,21
True,27500000,0,86
True,27550000,4,66
True,27550000,3,25
True,27550000,2,99
True,27550000,1,21
True,27550000,0,86
True,27600000,4,66
True,27600000,3,25
True,27600000,2,99
True,27600000,1,21
True,27600000,0,86
True,27650000,4,66
True,27650000,3,25
True,27650000,2,99
True,27650000,1,21
True,27650000,0,86
True,27700000,4,66
True,27700000,3,25
True,27700000,2,99
True,27700000,1,21
True,27700000,0,86
True,27750000,4,66
True,27750000,3,24
True,27750000,2,99
True,27750000,1,22
True,27750000,0,86
True,27800000,4,66
True,27800000,3,23
True,27800000,2,99
True,27800000,1,23
True,27800000,0,86
True,27850000,4,67
True,27850000,3,22
True,27850000,2,99
True,27850000,1,23
True,27850000,0,86
True,27900000,4,67
True,27900000,3,22
True,27900000,2,99
True,27900000,1,23
True,27900000,0,86
True,27950000,4,67
True,27950000,3,22
True,27950000,2,99
True,27950000,1,23
True,27950000,0,86
True,28000000,4,66
True,28000000,3,22
True,28000000,2,99
True,28000000,1,24
True,28000000,0,86
True,28050000,4,66
True,28050000,3,22
True,28050000,2,99
True,28050000,1,24
True,28050000,0,86
True,28100000,4,66
True,28100000,3,23
True,28100000,2,99
True,28100000,1,23
True,28100000,0,86
True,28150000,4,66
True,28150000,3,23
True,28150000,2,99
True,28150000,1,23
True,28150000,0,86
True,28200000,4,66
True,28200000,3,23
True,28200000,2,99
True,28200000,1,22
True,28200000,0,87
True,28250000,4,66
True,28250000,3,23
True,28250000,2,99
True,28250000,1,22
True,28250000,0,87
True,28300000,4,65
True,28300000,3,24
True,28300000,2,99
True,28300000,1,22
True,28300000,0,87
True,28350000,4,65
True,28350000,3,24
True,28350000,2,99
True,28350000,1,22
True,28350000,0,87
True,28400000,4,65
True,28400000,3,24
True,28400000,2,99
True,28400000,1,22
True,28400000,0,87
True,28450000,4,65
True,28450000,3,24
True,28450000,2,99
True,28450000,1,22
True,28450000,0,87
True,28500000,4,65
True,28500000,3,24
True,28500000,2,99
True,28500000,1,22
True,28500000,0,87
True,28550000,4,65
True,28550000,3,24
True,28550000,2,99
True,28550000,1,22
True,28550000,0,87
True,28600000,4,65
True,28600000,3,24
True,28600000,2,99
True,28600000,1,22
True,28600000,0,87
True,28650000,4,65
True,28650000,3,24
True,28650000,2,99
True,28650000,1,22
True,28650000,0,87
True,28700000,4,65
True,28700000,3,24
True,28700000,2,99
True,28700000,1,22
True,28700000,0,87
True,28750000,4,66
True,28750000,3,24
True,28750000,2,98
True,28750000,1,22
True,28750000,0,87
True,28800000,4,66
True,28800000,3,25
True,28800000,2,98
True,28800000,1,21
True,28800000,0,87
True,28850000,4,66
True,28850000,3,25
True,28850000,2,98
True,28850000,1,21
True,28850000,0,87
True,28900000,4,66
True,28900000,3,25
True,28900000,2,98
True,28900000,1,21
True,28900000,0,87
True,28950000,4,66
True,28950000,3,25
True,28950000,2,98
True,28950000,1,21
True,28950000,0,87
True,29000000,4,65
True,29000000,3,25
True,29000000,2,99
True,29000000,1,21
True,29000000,0,87
True,29050000,4,65
True,29050000,3,25
True,29050000,2,99
True,29050000,1,21
True,29050000,0,87
True,29100000,4,64
True,29100000,3,25
True,29100000,2,99
True,29100000,1,22
True,29100000,0,87
True,29150000,4,64
True,29150000,3,25
True,29150000,2,99
True,29150000,1,22
True,29150000,0,87
True,29200000,4,64
True,29200000,3,25
True,29200000,2,99
True,29200000,1,22
True,29200000,0,87
True,29250000,4,64
True,29250000,3,25
True,29250000,2,99
True,29250000,1,22
True,29250000,0,87
True,29300000,4,64
True,29300000,3,25
True,29300000,2,99
True,29300000,1,22
True,29300000,0,87
True,29350000,4,64
True,29350000,3,25
True,29350000,2,99
True,29350000,1,21
True,29350000,0,88
True,29400000,4,63
True,29400000,3,26
True,29400000,2,99
True,29400000,1,21
True,29400000,0,88
True,29450000,4,63
True,29450000,3,27
True,29450000,2,99
True,29450000,1,20
True,29450000,0,88
True,29500000,4,63
True,29500000,3,27
True,29500000,2,99
True,29500000,1,20
True,29500000,0,88
True,29550000,4,63
True,29550000,3,27
True,29550000,2,99
True,29550000,1,20
True,29550000,0,88
True,29600000,4,63
True,29600000,3,27
True,29600000,2,99
True,29600000,1,20
True,29600000,0,88
True,29650000,4,63
True,29650000,3,27
True,29650000,2,99
True,29650000,1,20
True,29650000,0,88
True,29700000,4,63
True,29700000,3,27
True,29700000,2,99
True,29700000,1,20
True,29700000,0,88
True,29750000,4,63
True,29750000,3,27
True,29750000,2,99
True,29750000,1,20
True,29750000,0,88
True,29800000,4,63
True,29800000,3,27
True,29800000,2,99
True,29800000,1,20
True,29800000,0,88
True,29850000,4,63
True,29850000,3,27
True,29850000,2,99
True,29850000,1,20
True,29850000,0,88
True,29900000,4,63
True,29900000,3,27
True,29900000,2,99
True,29900000,1,20
True,29900000,0,88
True,29950000,4,63
True,29950000,3,26
True,29950000,2,99
True,29950000,1,21
True,29950000,0,88
True,30000000,4,63
True,30000000,3,25
True,30000000,2,99
True,30000000,1,22
True,30000000,0,88
True,30050000,4,63
True,30050000,3,25
True,30050000,2,99
True,30050000,1,22
True,30050000,0,88
True,30100000,4,63
True,30100000,3,25
True,30100000,2,99
True,30100000,1,22
True,30100000,0,88
True,30150000,4,63
True,30150000,3,25
True,30150000,2,99
True,30150000,1,22
True,30150000,0,88
True,30200000,4,64
True,30200000,3,24
True,30200000,2,99
True,30200000,1,22
True,30200000,0,88
True,30250000,4,64
True,30250000,3,24
True,30250000,2,99
True,30250000,1,22
True,30250000,0,88
True,30300000,4,64
True,30300000,3,24
True,30300000,2,99
True,30300000,1,22
True,30300000,0,88
True,30350000,4,64
True,30350000,3,24
True,30350000,2,99
True,30350000,1,22
True,30350000,0,88
True,30400000,4,64
True,30400000,3,24
True,30400000,2,99
True,30400000,1,22
True,30400000,0,88
True,30450000,4,64
True,30450000,3,24
True,30450000,2,99
True,30450000,1,22
True,30450000,0,88
True,30500000,4,64
True,30500000,3,24
True,30500000,2,99
True,30500000,1,22
True,30500000,0,88
True,30550000,4,64
True,30550000,3,24
True,30550000,2,99
True,30550000,1,22
True,30550000,0,88
True,30600000,4,64
True,30600000,3,24
True,30600000,2,99
True,30600000,1,22
True,30600000,0,88
True,30650000,4,64
True,30650000,3,24
True,30650000,2,99
True,30650000,1,22
True,30650000,0,88
True,30700000,4,64
True,30700000,3,24
True,30700000,2,99
True,30700000,1,22
True,30700000,0,88
True,30750000,4,63
True,30750000,3,24
True,30750000,2,99
True,30750000,1,22
True,30750000,0,89
True,30800000,4,63
True,30800000,3,24
True,30800000,2,99
True,30800000,1,22
True,30800000,0,89
True,30850000,4,63
True,30850000,3,24
True,30850000,2,99
True,30850000,1,22
True,30850000,0,89
True,30900000,4,63
True,30900000,3,24
True,30900000,2,99
True,30900000,1,22
True,30900000,0,89
True,30950000,4,63
True,30950000,3,24
True,30950000,2,99
True,30950000,1,22
True,30950000,0,89
True,31000000,4,63
True,31000000,3,24
True,31000000,2,99
True,31000000,1,22
True,31000000,0,89
True,31050000,4,63
True,31050000,3,24
True,31050000,2,99
True,31050000,1,22
True,31050000,0,89
True,31100000,4,63
True,31100000,3,24
True,31100000,2,99
True,31100000,1,22
True,31100000,0,89
True,31150000,4,63
True,31150000,3,24
True,31150000,2,99
True,31150000,1,22
True,31150000,0,89
True,31200000,4,62
True,31200000,3,24
True,31200000,2,99
True,31200000,1,23
True,31200000,0,89
True,31250000,4,62
True,31250000,3,24
True,31250000,2,99
True,31250000,1,23
True,31250000,0,89
True,31300000,4,62
True,31300000,3,24
True,31300000,2,99
True,31300000,1,23
True,31300000,0,89
True,31350000,4,62
True,31350000,3,24
True,31350000,2,99
True,31350000,1,23
True,31350000,0,89
True,31400000,4,62
True,31400000,3,24
True,31400000,2,99
True,31400000,1,23
True,31400000,0,89
True,31450000,4,62
True,31450000,3,24
True,31450000,2,99
True,31450000,1,23
True,31450000,0,89
True,31500000,4,62
True,31500000,3,24
True,31500000,2,99
True,31500000,1,23
True,31500000,0,89
True,31550000,4,62
True,31550000,3,24
True,31550000,2,99
True,31550000,1,23
True,31550000,0,89
True,31600000,4,62
True,31600000,3,24
True,31600000,2,99
True,31600000,1,23
True,31600000,0,89
True,31650000,4,62
True,31650000,3,24
True,31650000,2,99
True,31650000,1,23
True,31650000,0,89
True,31700000,4,62
True,31700000,3,24
True,31700000,2,99
True,31700000,1,23
True,31700000,0,89
True,31750000,4,62
True,31750000,3,24
True,31750000,2,99
True,31750000,1,23
True,31750000,0,89
True,31800000,4,62
True,31800000,3,24
True,31800000,2,99
True,31800000,1,23
True,31800000,0,89
True,31850000,4,62
True,31850000,3,24
True,31850000,2,99
True,31850000,1,23
True,31850000,0,89
True,31900000,4,62
True,31900000,3,24
True,31900000,2,99
True,31900000,1,23
True,31900000,0,89
True,31950000,4,62
True,31950000,3,24
True,31950000,2,99
True,31950000,1,23
True,31950000,0,89
True,32000000,4,62
True,32000000,3,24
True,32000000,2,99
True,32000000,1,23
True,32000000,0,89
True,32050000,4,62
True,32050000,3,24
True,32050000,2,99
True,32050000,1,23
True,32050000,0,89
True,32100000,4,62
True,32100000,3,24
True,32100000,2,99
True,32100000,1,23
True,32100000,0,89
True,32150000,4,62
True,32150000,3,24
True,32150000,2,99
True,32150000,1,23
True,32150000,0,89
True,32200000,4,62
True,32200000,3,24
True,32200000,2,99
True,32200000,1,22
True,32200000,0,90
True,32250000,4,62
True,32250000,3,24
True,32250000,2,99
True,32250000,1,22
True,32250000,0,90
True,32300000,4,62
True,32300000,3,24
True,32300000,2,99
True,32300000,1,22
True,32300000,0,90
True,32350000,4,62
True,32350000,3,24
True,32350000,2,99
True,32350000,1,22
True,32350000,0,90
True,32400000,4,62
True,32400000,3,24
True,32400000,2,99
True,32400000,1,22
True,32400000,0,90
True,32450000,4,62
True,32450000,3,24
True,32450000,2,99
True,32450000,1,22
True,32450000,0,90
True,32500000,4,62
True,32500000,3,24
True,32500000,2,99
True,32500000,1,22
True,32500000,0,90
True,32550000,4,62
True,32550000,3,24
True,32550000,2,99
True,32550000,1,22
True,32550000,0,90
True,32600000,4,62
True,32600000,3,25
True,32600000,2,99
True,32600000,1,21
True,32600000,0,90
True,32650000,4,62
True,32650000,3,25
True,32650000,2,99
True,32650000,1,21
True,32650000,0,90
True,32700000,4,62
True,32700000,3,25
True,32700000,2,99
True,32700000,1,21
True,32700000,0,90
True,32750000,4,62
True,32750000,3,25
True,32750000,2,99
True,32750000,1,21
True,32750000,0,90
True,32800000,4,62
True,32800000,3,25
True,32800000,2,99
True,32800000,1,21
True,32800000,0,90
True,32850000,4,62
True,32850000,3,25
True,32850000,2,99
True,32850000,1,21
True,32850000,0,90
True,32900000,4,62
True,32900000,3,25
True,32900000,2,99
True,32900000,1,21
True,32900000,0,90
True,32950000,4,62
True,32950000,3,25
True,32950000,2,99
True,32950000,1,21
True,32950000,0,90
True,33000000,4,62
True,33000000,3,25
True,33000000,2,99
True,33000000,1,21
True,33000000,0,90
True,33050000,4,62
True,33050000,3,25
True,33050000,2,99
True,33050000,1,21
True,33050000,0,90
True,33100000,4,62
True,33100000,3,25
True,33100000,2,99
True,33100000,1,21
True,33100000,0,90
True,33150000,4,62
True,33150000,3,25
True,33150000,2,99
True,33150000,1,21
True,33150000,0,90
True,33200000,4,62
True,33200000,3,25
True,33200000,2,99
True,33200000,1,21
True,33200000,0,90
True,33250000,4,62
True,33250000,3,25
True,33250000,2,99
True,33250000,1,21
True,33250000,0,90
True,33300000,4,62
True,33300000,3,25
True,33300000,2,99
True,33300000,1,21
True,33300000,0,90
True,33350000,4,62
True,33350000,3,25
True,33350000,2,99
True,33350000,1,21
True,33350000,0,90
True,33400000,4,62
True,33400000,3,25
True,33400000,2,99
True,33400000,1,21
True,33400000,0,90
True,33450000,4,62
True,33450000,3,25
True,33450000,2,99
True,33450000,1,21
True,33450000,0,90
True,33500000,4,62
True,33500000,3,25
True,33500000,2,99
True,33500000,1,21
True,33500000,0,90
True,33550000,4,62
True,33550000,3,25
True,33550000,2,99
True,33550000,1,21
True,33550000,0,90
True,33600000,4,62
True,33600000,3,25
True,33600000,2,99
True,33600000,1,21
True,33600000,0,90
True,33650000,4,62
True,33650000,3,25
True,33650000,2,99
True,33650000,1,21
True,33650000,0,90
True,33700000,4,62
True,33700000,3,24
True,33700000,2,99
True,33700000,1,21
True,33700000,0,91
True,33750000,4,62
True,33750000,3,24
True,33750000,2,99
True,33750000,1,21
True,33750000,0,91
True,33800000,4,63
True,33800000,3,23
True,33800000,2,99
True,33800000,1,21
True,33800000,0,91
True,33850000,4,63
True,33850000,3,23
True,33850000,2,99
True,33850000,1,21
True,33850000,0,91
True,33900000,4,63
True,33900000,3,23
True,33900000,2,99
True,33900000,1,21
True,33900000,0,91
True,33950000,4,63
True,33950000,3,23
True,33950000,2,99
True,33950000,1,21
True,33950000,0,91
True,34000000,4,63
True,34000000,3,23
True,34000000,2,99
True,34000000,1,21
True,34000000,0,91
True,34050000,4,63
True,34050000,3,23
True,34050000,2,99
True,34050000,1,21
True,34050000,0,91
True,34100000,4,63
True,34100000,3,23
True,34100000,2,99
True,34100000,1,21
True,34100000,0,91
True,34150000,4,63
True,34150000,3,23
True,34150000,2,99
True,34150000,1,21
True,34150000,0,91
True,34200000,4,63
True,34200000,3,23
True,34200000,2,99
True,34200000,1,21
True,34200000,0,91
True,34250000,4,63
True,34250000,3,23
True,34250000,2,99
True,34250000,1,21
True,34250000,0,91
True,34300000,4,62
True,34300000,3,24
True,34300000,2,99
True,34300000,1,21
True,34300000,0,91
True,34350000,4,62
True,34350000,3,24
True,34350000,2,99
True,34350000,1,21
True,34350000,0,91
True,34400000,4,61
True,34400000,3,25
True,34400000,2,99
True,34400000,1,21
True,34400000,0,91
True,34450000,4,61
True,34450000,3,25
True,34450000,2,99
True,34450000,1,21
True,34450000,0,91
True,34500000,4,61
True,34500000,3,25
True,34500000,2,99
True,34500000,1,21
True,34500000,0,91
True,34550000,4,61
True,34550000,3,25
True,34550000,2,99
True,34550000,1,21
True,34550000,0,91
True,34600000,4,61
True,34600000,3,25
True,34600000,2,99
True,34600000,1,21
True,34600000,0,91
True,34650000,4,61
True,34650000,3,25
True,34650000,2,99
True,34650000,1,21
True,34650000,0,91
True,34700000,4,61
True,34700000,3,25
True,34700000,2,99
True,34700000,1,21
True,34700000,0,91
True,34750000,4,61
True,34750000,3,25
True,34750000,2,99
True,34750000,1,21
True,34750000,0,91
True,34800000,4,61
True,34800000,3,25
True,34800000,2,99
True,34800000,1,21
True,34800000,0,91
True,34850000,4,61
True,34850000,3,24
True,34850000,2,99
True,34850000,1,22
True,34850000,0,91
True,34900000,4,61
True,34900000,3,24
True,34900000,2,99
True,34900000,1,22
True,34900000,0,91
True,34950000,4,61
True,34950000,3,24
True,34950000,2,99
True,34950000,1,22
True,34950000,0,91
True,35000000,4,61
True,35000000,3,24
True,35000000,2,99
True,35000000,1,22
True,35000000,0,91
True,35050000,4,61
True,35050000,3,24
True,35050000,2,99
True,35050000,1,22
True,35050000,0,91
True,35100000,4,61
True,35100000,3,24
True,35100000,2,99
True,35100000,1,22
True,35100000,0,91
True,35150000,4,61
True,35150000,3,24
True,35150000,2,99
True,35150000,1,22
True,35150000,0,91
True,35200000,4,61
True,35200000,3,24
True,35200000,2,99
True,35200000,1,22
True,35200000,0,91
True,35250000,4,61
True,35250000,3,24
True,35250000,2,99
True,35250000,1,22
True,35250000,0,91
True,35300000,4,61
True,35300000,3,24
True,35300000,2,99
True,35300000,1,22
True,35300000,0,91
True,35350000,4,61
True,35350000,3,24
True,35350000,2,99
True,35350000,1,22
True,35350000,0,91
True,35400000,4,61
True,35400000,3,24
True,35400000,2,99
True,35400000,1,22
True,35400000,0,91
True,35450000,4,61
True,35450000,3,24
True,35450000,2,99
True,35450000,1,22
True,35450000,0,91
True,35500000,4,61
True,35500000,3,24
True,35500000,2,99
True,35500000,1,22
True,35500000,0,91
True,35550000,4,61
True,35550000,3,24
True,35550000,2,99
True,35550000,1,22
True,35550000,0,91
True,35600000,4,61
True,35600000,3,24
True,35600000,2,99
True,35600000,1,22
True,35600000,0,91
True,35650000,4,61
True,35650000,3,24
True,35650000,2,99
True,35650000,1,22
True,35650000,0,91
True,35700000,4,61
True,35700000,3,24
True,35700000,2,99
True,35700000,1,22
True,35700000,0,91
True,35750000,4,61
True,35750000,3,24
True,35750000,2,99
True,35750000,1,22
True,35750000,0,91
True,35800000,4,61
True,35800000,3,24
True,35800000,2,99
True,35800000,1,22
True,35800000,0,91
True,35850000,4,61
True,35850000,3,24
True,35850000,2,99
True,35850000,1,22
True,35850000,0,91
True,35900000,4,61
True,35900000,3,24
True,35900000,2,99
True,35900000,1,22
True,35900000,0,91
True,35950000,4,61
True,35950000,3,24
True,35950000,2,99
True,35950000,1,22
True,35950000,0,91
True,36000000,4,61
True,36000000,3,24
True,36000000,2,99
True,36000000,1,22
True,36000000,0,91
True,36050000,4,61
True,36050000,3,24
True,36050000,2,99
True,36050000,1,22
True,36050000,0,91
True,36100000,4,61
True,36100000,3,24
True,36100000,2,98
True,36100000,1,22
True,36100000,0,92
True,36150000,4,61
True,36150000,3,24
True,36150000,2,98
True,36150000,1,22
True,36150000,0,92
True,36200000,4,61
True,36200000,3,24
True,36200000,2,98
True,36200000,1,22
True,36200000,0,92
True,36250000,4,61
True,36250000,3,24
True,36250000,2,98
True,36250000,1,22
True,36250000,0,92
True,36300000,4,61
True,36300000,3,24
True,36300000,2,98
True,36300000,1,22
True,36300000,0,92
True,36350000,4,61
True,36350000,3,24
True,36350000,2,98
True,36350000,1,22
True,36350000,0,92
True,36400000,4,61
True,36400000,3,24
True,36400000,2,98
True,36400000,1,22
True,36400000,0,92
True,36450000,4,61
True,36450000,3,24
True,36450000,2,98
True,36450000,1,22
True,36450000,0,92
True,36500000,4,61
True,36500000,3,24
True,36500000,2,98
True,36500000,1,22
True,36500000,0,92
True,36550000,4,61
True,36550000,3,24
True,36550000,2,98
True,36550000,1,22
True,36550000,0,92
True,36600000,4,61
True,36600000,3,24
True,36600000,2,98
True,36600000,1,22
True,36600000,0,92
True,36650000,4,61
True,36650000,3,24
True,36650000,2,98
True,36650000,1,22
True,36650000,0,92
True,36700000,4,61
True,36700000,3,24
True,36700000,2,98
True,36700000,1,22
True,36700000,0,92
True,36750000,4,61
True,36750000,3,24
True,36750000,2,98
True,36750000,1,22
True,36750000,0,92
True,36800000,4,61
True,36800000,3,24
True,36800000,2,98
True,36800000,1,22
True,36800000,0,92
True,36850000,4,61
True,36850000,3,24
True,36850000,2,98
True,36850000,1,22
True,36850000,0,92
True,36900000,4,61
True,36900000,3,24
True,36900000,2,98
True,36900000,1,22
True,36900000,0,92
True,36950000,4,61
True,36950000,3,24
True,36950000,2,98
True,36950000,1,22
True,36950000,0,92
True,37000000,4,61
True,37000000,3,24
True,37000000,2,98
True,37000000,1,22
True,37000000,0,92
True,37050000,4,61
True,37050000,3,24
True,37050000,2,98
True,37050000,1,22
True,37050000,0,92
True,37100000,4,61
True,37100000,3,24
True,37100000,2,98
True,37100000,1,22
True,37100000,0,92
True,37150000,4,61
True,37150000,3,24
True,37150000,2,98
True,37150000,1,22
True,37150000,0,92
True,37200000,4,61
True,37200000,3,24
True,37200000,2,98
True,37200000,1,22
True,37200000,0,92
True,37250000,4,61
True,37250000,3,24
True,37250000,2,98
True,37250000,1,22
True,37250000,0,92
True,37300000,4,61
True,37300000,3,24
True,37300000,2,98
True,37300000,1,22
True,37300000,0,92
True,37350000,4,61
True,37350000,3,24
True,37350000,2,98
True,37350000,1,22
True,37350000,0,92
True,37400000,4,61
True,37400000,3,24
True,37400000,2,98
True,37400000,1,22
True,37400000,0,92
True,37450000,4,61
True,37450000,3,24
True,37450000,2,98
True,37450000,1,22
True,37450000,0,92
True,37500000,4,61
True,37500000,3,24
True,37500000,2,98
True,37500000,1,22
True,37500000,0,92
True,37550000,4,61
True,37550000,3,24
True,37550000,2,98
True,37550000,1,22
True,37550000,0,92
True,37600000,4,61
True,37600000,3,24
True,37600000,2,98
True,37600000,1,22
True,37600000,0,92
True,37650000,4,61
True,37650000,3,24
True,37650000,2,98
True,37650000,1,22
True,37650000,0,92
True,37700000,4,61
True,37700000,3,24
True,37700000,2,98
True,37700000,1,22
True,37700000,0,92
True,37750000,4,61
True,37750000,3,24
True,37750000,2,98
True,37750000,1,22
True,37750000,0,92
True,37800000,4,61
True,37800000,3,24
True,37800000,2,98
True,37800000,1,22
True,37800000,0,92
True,37850000,4,61
True,37850000,3,24
True,37850000,2,98
True,37850000,1,22
True,37850000,0,92
True,37900000,4,61
True,37900000,3,24
True,37900000,2,98
True,37900000,1,22
True,37900000,0,92
True,37950000,4,61
True,37950000,3,24
True,37950000,2,98
True,37950000,1,22
True,37950000,0,92
True,38000000,4,61
True,38000000,3,24
True,38000000,2,98
True,38000000,1,22
True,38000000,0,92
True,38050000,4,60
True,38050000,3,24
True,38050000,2,98
True,38050000,1,22
True,38050000,0,93
True,38100000,4,60
True,38100000,3,24
True,38100000,2,98
True,38100000,1,22
True,38100000,0,93
True,38150000,4,60
True,38150000,3,24
True,38150000,2,98
True,38150000,1,22
True,38150000,0,93
True,38200000,4,60
True,38200000,3,24
True,38200000,2,98
True,38200000,1,22
True,38200000,0,93
True,38250000,4,60
True,38250000,3,24
True,38250000,2,98
True,38250000,1,22
True,38250000,0,93
True,38300000,4,60
True,38300000,3,24
True,38300000,2,98
True,38300000,1,22
True,38300000,0,93
True,38350000,4,59
True,38350000,3,24
True,38350000,2,99
True,38350000,1,22
True,38350000,0,93
True,38400000,4,59
True,38400000,3,24
True,38400000,2,99
True,38400000,1,22
True,38400000,0,93
True,38450000,4,59
True,38450000,3,24
True,38450000,2,99
True,38450000,1,22
True,38450000,0,93
True,38500000,4,59
True,38500000,3,24
True,38500000,2,99
True,38500000,1,22
True,38500000,0,93
True,38550000,4,59
True,38550000,3,24
True,38550000,2,99
True,38550000,1,22
True,38550000,0,93
True,38600000,4,59
True,38600000,3,24
True,38600000,2,99
True,38600000,1,22
True,38600000,0,93
True,38650000,4,59
True,38650000,3,24
True,38650000,2,99
True,38650000,1,22
True,38650000,0,93
True,38700000,4,59
True,38700000,3,24
True,38700000,2,99
True,38700000,1,22
True,38700000,0,93
True,38750000,4,59
True,38750000,3,24
True,38750000,2,99
True,38750000,1,22
True,38750000,0,93
True,38800000,4,59
True,38800000,3,24
True,38800000,2,99
True,38800000,1,22
True,38800000,0,93
True,38850000,4,59
True,38850000,3,24
True,38850000,2,99
True,38850000,1,22
True,38850000,0,93
True,38900000,4,59
True,38900000,3,24
True,38900000,2,99
True,38900000,1,22
True,38900000,0,93
True,38950000,4,59
True,38950000,3,24
True,38950000,2,99
True,38950000,1,22
True,38950000,0,93
True,39000000,4,59
True,39000000,3,24
True,39000000,2,99
True,39000000,1,22
True,39000000,0,93
True,39050000,4,59
True,39050000,3,24
True,39050000,2,99
True,39050000,1,22
True,39050000,0,93
True,39100000,4,59
True,39100000,3,24
True,39100000,2,99
True,39100000,1,22
True,39100000,0,93
True,39150000,4,59
True,39150000,3,24
True,39150000,2,99
True,39150000,1,22
True,39150000,0,93
True,39200000,4,59
True,39200000,3,24
True,39200000,2,99
True,39200000,1,22
True,39200000,0,93
True,39250000,4,59
True,39250000,3,24
True,39250000,2,99
True,39250000,1,22
True,39250000,0,93
True,39300000,4,59
True,39300000,3,24
True,39300000,2,99
True,39300000,1,22
True,39300000,0,93
True,39350000,4,59
True,39350000,3,24
True,39350000,2,99
True,39350000,1,22
True,39350000,0,93
True,39400000,4,59
True,39400000,3,24
True,39400000,2,99
True,39400000,1,22
True,39400000,0,93
True,39450000,4,59
True,39450000,3,24
True,39450000,2,99
True,39450000,1,22
True,39450000,0,93
True,39500000,4,59
True,39500000,3,24
True,39500000,2,99
True,39500000,1,22
True,39500000,0,93
True,39550000,4,59
True,39550000,3,24
True,39550000,2,99
True,39550000,1,22
True,39550000,0,93
True,39600000,4,59
True,39600000,3,24
True,39600000,2,99
True,39600000,1,22
True,39600000,0,93
True,39650000,4,59
True,39650000,3,24
True,39650000,2,99
True,39650000,1,22
True,39650000,0,93
True,39700000,4,59
True,39700000,3,24
True,39700000,2,99
True,39700000,1,22
True,39700000,0,93
True,39750000,4,59
True,39750000,3,24
True,39750000,2,99
True,39750000,1,22
True,39750000,0,93
True,39800000,4,59
True,39800000,3,24
True,39800000,2,99
True,39800000,1,22
True,39800000,0,93
True,39850000,4,59
True,39850000,3,24
True,39850000,2,99
True,39850000,1,22
True,39850000,0,93
True,39900000,4,59
True,39900000,3,24
True,39900000,2,99
True,39900000,1,22
True,39900000,0,93
True,39950000,4,59
True,39950000,3,24
True,39950000,2,99
True,39950000,1,22
True,39950000,0,93
True,40000000,4,59
True,40000000,3,24
True,40000000,2,98
True,40000000,1,22
True,40000000,0,94
True,40050000,4,59
True,40050000,3,24
True,40050000,2,98
True,40050000,1,22
True,40050000,0,94
True,40100000,4,59
True,40100000,3,24
True,40100000,2,98
True,40100000,1,22
True,40100000,0,94
True,40150000,4,59
True,40150000,3,24
True,40150000,2,98
True,40150000,1,22
True,40150000,0,94
True,40200000,4,59
True,40200000,3,24
True,40200000,2,98
True,40200000,1,22
True,40200000,0,94
True,40250000,4,59
True,40250000,3,24
True,40250000,2,98
True,40250000,1,22
True,40250000,0,94
True,40300000,4,59
True,40300000,3,24
True,40300000,2,98
True,40300000,1,22
True,40300000,0,94
True,40350000,4,59
True,40350000,3,24
True,40350000,2,98
True,40350000,1,22
True,40350000,0,94
True,40400000,4,59
True,40400000,3,24
True,40400000,2,98
True,40400000,1,22
True,40400000,0,94
True,40450000,4,59
True,40450000,3,24
True,40450000,2,98
True,40450000,1,22
True,40450000,0,94
True,40500000,4,59
True,40500000,3,24
True,40500000,2,98
True,40500000,1,22
True,40500000,0,94
True,40550000,4,59
True,40550000,3,24
True,40550000,2,98
True,40550000,1,22
True,40550000,0,94
True,40600000,4,59
True,40600000,3,24
True,40600000,2,98
True,40600000,1,22
True,40600000,0,94
True,40650000,4,59
True,40650000,3,24
True,40650000,2,98
True,40650000,1,22
True,40650000,0,94
True,40700000,4,59
True,40700000,3,24
True,40700000,2,98
True,40700000,1,22
True,40700000,0,94
True,40750000,4,59
True,40750000,3,24
True,40750000,2,98
True,40750000,1,22
True,40750000,0,94
True,40800000,4,59
True,40800000,3,24
True,40800000,2,98
True,40800000,1,22
True,40800000,0,94
True,40850000,4,59
True,40850000,3,24
True,40850000,2,98
True,40850000,1,22
True,40850000,0,94
True,40900000,4,59
True,40900000,3,24
True,40900000,2,98
True,40900000,1,22
True,40900000,0,94
True,40950000,4,59
True,40950000,3,24
True,40950000,2,98
True,40950000,1,22
True,40950000,0,94
True,41000000,4,59
True,41000000,3,25
True,41000000,2,97
True,41000000,1,22
True,41000000,0,94
True,41050000,4,59
True,41050000,3,26
True,41050000,2,96
True,41050000,1,22
True,41050000,0,94
True,41100000,4,59
True,41100000,3,27
True,41100000,2,95
True,41100000,1,22
True,41100000,0,94
True,41150000,4,59
True,41150000,3,28
True,41150000,2,94
True,41150000,1,22
True,41150000,0,94
True,41200000,4,59
True,41200000,3,29
True,41200000,2,93
True,41200000,1,22
True,41200000,0,94
True,41250000,4,59
True,41250000,3,30
True,41250000,2,92
True,41250000,1,22
True,41250000,0,94
True,41300000,4,59
True,41300000,3,31
True,41300000,2,91
True,41300000,1,22
True,41300000,0,94
True,41350000,4,59
True,41350000,3,32
True,41350000,2,90
True,41350000,1,22
True,41350000,0,94
True,41400000,4,59
True,41400000,3,32
True,41400000,2,90
True,41400000,1,22
True,41400000,0,94
True,41450000,4,59
True,41450000,3,33
True,41450000,2,89
True,41450000,1,22
True,41450000,0,94
True,41500000,4,59
True,41500000,3,34
True,41500000,2,88
True,41500000,1,22
True,41500000,0,94
True,41550000,4,59
True,41550000,3,35
True,41550000,2,87
True,41550000,1,22
True,41550000,0,94
True,41600000,4,59
True,41600000,3,35
True,41600000,2,87
True,41600000,1,22
True,41600000,0,94
True,41650000,4,59
True,41650000,3,36
True,41650000,2,86
True,41650000,1,22
True,41650000,0,94
True,41700000,4,59
True,41700000,3,37
True,41700000,2,85
True,41700000,1,22
True,41700000,0,94
True,41750000,4,59
True,41750000,3,38
True,41750000,2,84
True,41750000,1,22
True,41750000,0,94
True,41800000,4,59
True,41800000,3,38
True,41800000,2,84
True,41800000,1,22
True,41800000,0,94
True,41850000,4,59
True,41850000,3,39
True,41850000,2,83
True,41850000,1,22
True,41850000,0,94
True,41900000,4,59
True,41900000,3,40
True,41900000,2,82
True,41900000,1,22
True,41900000,0,94
True,41950000,4,59
True,41950000,3,40
True,41950000,2,82
True,41950000,1,22
True,41950000,0,94
True,42000000,4,59
True,42000000,3,41
True,42000000,2,81
True,42000000,1,22
True,42000000,0,94
True,42050000,4,58
True,42050000,3,42
True,42050000,2,81
True,42050000,1,22
True,42050000,0,94
True,42100000,4,57
True,42100000,3,42
True,42100000,2,82
True,42100000,1,22
True,42100000,0,94
True,42150000,4,56
True,42150000,3,42
True,42150000,2,83
True,42150000,1,22
True,42150000,0,94
True,42200000,4,55
True,42200000,3,42
True,42200000,2,84
True,42200000,1,22
True,42200000,0,94
True,42250000,4,54
True,42250000,3,42
True,42250000,2,85
True,42250000,1,22
True,42250000,0,94
True,42300000,4,53
True,42300000,3,42
True,42300000,2,86
True,42300000,1,22
True,42300000,0,94
True,42350000,4,52
True,42350000,3,42
True,42350000,2,87
True,42350000,1,22
True,42350000,0,94
True,42400000,4,51
True,42400000,3,43
True,42400000,2,87
True,42400000,1,22
True,42400000,0,94
True,42450000,4,50
True,42450000,3,43
True,42450000,2,88
True,42450000,1,22
True,42450000,0,94
True,42500000,4,49
True,42500000,3,43
True,42500000,2,89
True,42500000,1,22
True,42500000,0,94
True,42550000,4,48
True,42550000,3,44
True,42550000,2,89
True,42550000,1,22
True,42550000,0,94
True,42600000,4,47
True,42600000,3,44
True,42600000,2,90
True,42600000,1,22
True,42600000,0,94
True,42650000,4,46
True,42650000,3,45
True,42650000,2,90
True,42650000,1,22
True,42650000,0,94
True,42700000,4,45
True,42700000,3,45
True,42700000,2,91
True,42700000,1,22
True,42700000,0,94
True,42750000,4,44
True,42750000,3,46
True,42750000,2,91
True,42750000,1,22
True,42750000,0,94
True,42800000,4,43
True,42800000,3,46
True,42800000,2,92
True,42800000,1,22
True,42800000,0,94
True,42850000,4,42
True,42850000,3,47
True,42850000,2,92
True,42850000,1,22
True,42850000,0,94
True,42900000,4,41
True,42900000,3,48
True,42900000,2,92
True,42900000,1,22
True,42900000,0,94
True,42950000,4,40
True,42950000,3,48
True,42950000,2,93
True,42950000,1,22
True,42950000,0,94
True,43000000,4,40
True,43000000,3,49
True,43000000,2,93
True,43000000,1,22
True,43000000,0,93
True,43050000,4,40
True,43050000,3,50
True,43050000,2,93
True,43050000,1,22
True,43050000,0,92
True,43100000,4,40
True,43100000,3,50
True,43100000,2,94
True,43100000,1,22
True,43100000,0,91
True,43150000,4,40
True,43150000,3,51
True,43150000,2,94
True,43150000,1,22
True,43150000,0,90
True,43200000,4,41
True,43200000,3,51
True,43200000,2,94
True,43200000,1,22
True,43200000,0,89
True,43250000,4,41
True,43250000,3,51
True,43250000,2,95
True,43250000,1,22
True,43250000,0,88
True,43300000,4,41
True,43300000,3,52
True,43300000,2,95
True,43300000,1,22
True,43300000,0,87
True,43350000,4,41
True,43350000,3,52
True,43350000,2,95
True,43350000,1,23
True,43350000,0,86
True,43400000,4,41
True,43400000,3,53
True,43400000,2,95
True,43400000,1,23
True,43400000,0,85
True,43450000,4,41
True,43450000,3,53
True,43450000,2,95
True,43450000,1,24
True,43450000,0,84
True,43500000,4,41
True,43500000,3,53
True,43500000,2,96
True,43500000,1,24
True,43500000,0,83
True,43550000,4,41
True,43550000,3,54
True,43550000,2,96
True,43550000,1,24
True,43550000,0,82
True,43600000,4,41
True,43600000,3,54
True,43600000,2,96
True,43600000,1,25
True,43600000,0,81
True,43650000,4,41
True,43650000,3,55
True,43650000,2,96
True,43650000,1,25
True,43650000,0,80
True,43700000,4,41
True,43700000,3,56
True,43700000,2,96
True,43700000,1,25
True,43700000,0,79
True,43750000,4,42
True,43750000,3,56
True,43750000,2,96
True,43750000,1,25
True,43750000,0,78
True,43800000,4,42
True,43800000,3,56
True,43800000,2,97
True,43800000,1,25
True,43800000,0,77
True,43850000,4,42
True,43850000,3,56
True,43850000,2,97
True,43850000,1,26
True,43850000,0,76
True,43900000,4,42
True,43900000,3,57
True,43900000,2,97
True,43900000,1,26
True,43900000,0,75
True,43950000,4,42
True,43950000,3,58
True,43950000,2,97
True,43950000,1,26
True,43950000,0,74
True,44000000,4,43
True,44000000,3,58
True,44000000,2,97
True,44000000,1,26
True,44000000,0,73
True,44050000,4,43
True,44050000,3,58
True,44050000,2,97
True,44050000,1,27
True,44050000,0,72
True,44100000,4,43
True,44100000,3,59
True,44100000,2,97
True,44100000,1,27
True,44100000,0,71
True,44150000,4,44
True,44150000,3,59
True,44150000,2,97
True,44150000,1,27
True,44150000,0,70
True,44200000,4,44
True,44200000,3,60
True,44200000,2,97
True,44200000,1,27
True,44200000,0,69
True,44250000,4,44
True,44250000,3,60
True,44250000,2,98
True,44250000,1,27
True,44250000,0,68
True,44300000,4,44
True,44300000,3,60
True,44300000,2,98
True,44300000,1,28
True,44300000,0,67
True,44350000,4,44
True,44350000,3,61
True,44350000,2,98
True,44350000,1,28
True,44350000,0,66
True,44400000,4,45
True,44400000,3,61
True,44400000,2,98
True,44400000,1,28
True,44400000,0,65
True,44450000,4,46
True,44450000,3,61
True,44450000,2,98
True,44450000,1,28
True,44450000,0,64
True,44500000,4,46
True,44500000,3,61
True,44500000,2,98
True,44500000,1,29
True,44500000,0,63
True,44550000,4,46
True,44550000,3,62
True,44550000,2,98
True,44550000,1,29
True,44550000,0,62
True,44600000,4,47
True,44600000,3,62
True,44600000,2,98
True,44600000,1,29
True,44600000,0,61
True,44650000,4,47
True,44650000,3,63
True,44650000,2,98
True,44650000,1,29
True,44650000,0,60
True,44700000,4,48
True,44700000,3,63
True,44700000,2,98
True,44700000,1,29
True,44700000,0,59
True,44750000,4,48
True,44750000,3,63
True,44750000,2,98
True,44750000,1,30
True,44750000,0,58
True,44800000,4,48
True,44800000,3,64
True,44800000,2,98
True,44800000,1,30
True,44800000,0,57
True,44850000,4,49
True,44850000,3,64
True,44850000,2,98
True,44850000,1,30
True,44850000,0,56
True,44900000,4,50
True,44900000,3,64
True,44900000,2,98
True,44900000,1,30
True,44900000,0,55
True,44950000,4,50
True,44950000,3,64
True,44950000,2,98
True,44950000,1,31
True,44950000,0,54
True,45000000,4,51
True,45000000,3,64
True,45000000,2,98
True,45000000,1,31
True,45000000,0,53
True,45050000,4,51
True,45050000,3,65
True,45050000,2,98
True,45050000,1,31
True,45050000,0,52
True,45100000,4,51
True,45100000,3,65
True,45100000,2,99
True,45100000,1,31
True,45100000,0,51
True,45150000,4,51
True,45150000,3,66
True,45150000,2,99
True,45150000,1,31
True,45150000,0,50
True,45200000,4,51
True,45200000,3,66
True,45200000,2,99
True,45200000,1,32
True,45200000,0,49
True,45250000,4,52
True,45250000,3,66
True,45250000,2,99
True,45250000,1,32
True,45250000,0,48
True,45300000,4,53
True,45300000,3,66
True,45300000,2,99
True,45300000,1,32
True,45300000,0,47
True,45350000,4,53
True,45350000,3,67
True,45350000,2,99
True,45350000,1,32
True,45350000,0,46
True,45400000,4,54
True,45400000,3,67
True,45400000,2,99
True,45400000,1,32
True,45400000,0,45
True,45450000,4,54
True,45450000,3,67
True,45450000,2,99
True,45450000,1,33
True,45450000,0,44
True,45500000,4,54
True,45500000,3,68
True,45500000,2,99
True,45500000,1,33
True,45500000,0,43
True,45550000,4,55
True,45550000,3,68
True,45550000,2,99
True,45550000,1,33
True,45550000,0,42
True,45600000,4,56
True,45600000,3,68
True,45600000,2,99
True,45600000,1,33
True,45600000,0,41
True,45650000,4,56
True,45650000,3,69
True,45650000,2,99
True,45650000,1,33
True,45650000,0,40
True,45700000,4,56
True,45700000,3,69
True,45700000,2,99
True,45700000,1,33
True,45700000,0,40
True,45750000,4,56
True,45750000,3,69
True,45750000,2,99
True,45750000,1,34
True,45750000,0,39
True,45800000,4,56
True,45800000,3,70
True,45800000,2,99
True,45800000,1,34
True,45800000,0,38
True,45850000,4,57
True,45850000,3,70
True,45850000,2,99
True,45850000,1,34
True,45850000,0,37
True,45900000,4,58
True,45900000,3,70
True,45900000,2,99
True,45900000,1,34
True,45900000,0,36
True,45950000,4,58
True,45950000,3,70
True,45950000,2,99
True,45950000,1,34
True,45950000,0,36
True,46000000,4,58
True,46000000,3,70
True,46000000,2,99
True,46000000,1,35
True,46000000,0,35
True,46050000,4,58
True,46050000,3,71
True,46050000,2,99
True,46050000,1,35
True,46050000,0,34
True,46100000,4,59
True,46100000,3,71
True,46100000,2,99
True,46100000,1,35
True,46100000,0,33
True,46150000,4,60
True,46150000,3,71
True,46150000,2,99
True,46150000,1,35
True,46150000,0,32
True,46200000,4,60
True,46200000,3,71
True,46200000,2,99
True,46200000,1,35
True,46200000,0,32
True,46250000,4,60
True,46250000,3,72
True,46250000,2,99
True,46250000,1,35
True,46250000,0,31
True,46300000,4,60
True,46300000,3,72
True,46300000,2,99
True,46300000,1,36
True,46300000,0,30
True,46350000,4,61
True,46350000,3,72
True,46350000,2,99
True,46350000,1,36
True,46350000,0,29
True,46400000,4,62
True,46400000,3,72
True,46400000,2,99
True,46400000,1,36
True,46400000,0,28
True,46450000,4,62
True,46450000,3,73
True,46450000,2,99
True,46450000,1,36
True,46450000,0,27
True,46500000,4,62
True,46500000,3,73
True,46500000,2,99
True,46500000,1,36
True,46500000,0,27
True,46550000,4,62
True,46550000,3,73
True,46550000,2,99
True,46550000,1,37
True,46550000,0,26
True,46600000,4,63
True,46600000,3,73
True,46600000,2,99
True,46600000,1,37
True,46600000,0,25
True,46650000,4,63
True,46650000,3,74
True,46650000,2,99
True,46650000,1,37
True,46650000,0,24
True,46700000,4,64
True,46700000,3,74
True,46700000,2,99
True,46700000,1,37
True,46700000,0,23
True,46750000,4,64
True,46750000,3,74
True,46750000,2,99
True,46750000,1,37
True,46750000,0,23
True,46800000,4,64
True,46800000,3,74
True,46800000,2,99
True,46800000,1,37
True,46800000,0,23
True,46850000,4,64
True,46850000,3,74
True,46850000,2,99
True,46850000,1,38
True,46850000,0,22
True,46900000,4,64
True,46900000,3,75
True,46900000,2,99
True,46900000,1,38
True,46900000,0,21
True,46950000,4,65
True,46950000,3,75
True,46950000,2,99
True,46950000,1,38
True,46950000,0,20
True,47000000,4,66
True,47000000,3,75
True,47000000,2,99
True,47000000,1,38
True,47000000,0,19
True,47050000,4,66
True,47050000,3,75
True,47050000,2,99
True,47050000,1,38
True,47050000,0,19
True,47100000,4,66
True,47100000,3,75
True,47100000,2,99
True,47100000,1,38
True,47100000,0,19
True,47150000,4,66
True,47150000,3,75
True,47150000,2,99
True,47150000,1,39
True,47150000,0,18
True,47200000,4,66
True,47200000,3,76
True,47200000,2,99
True,47200000,1,39
True,47200000,0,17
True,47250000,4,67
True,47250000,3,76
True,47250000,2,99
True,47250000,1,39
True,47250000,0,16
True,47300000,4,67
True,47300000,3,76
True,47300000,2,99
True,47300000,1,39
True,47300000,0,16
True,47350000,4,68
True,47350000,3,76
True,47350000,2,99
True,47350000,1,39
True,47350000,0,15
True,47400000,4,68
True,47400000,3,77
True,47400000,2,99
True,47400000,1,39
True,47400000,0,14
True,47450000,4,68
True,47450000,3,77
True,47450000,2,99
True,47450000,1,40
True,47450000,0,13
True,47500000,4,68
True,47500000,3,77
True,47500000,2,99
True,47500000,1,40
True,47500000,0,13
True,47550000,4,69
True,47550000,3,77
True,47550000,2,99
True,47550000,1,40
True,47550000,0,12
True,47600000,4,68
True,47600000,3,77
True,47600000,2,99
True,47600000,1,40
True,47600000,0,13
True,47650000,4,67
True,47650000,3,77
True,47650000,2,99
True,47650000,1,40
True,47650000,0,14
True,47700000,4,66
True,47700000,3,78
True,47700000,2,99
True,47700000,1,40
True,47700000,0,14
True,47750000,4,66
True,47750000,3,78
True,47750000,2,99
True,47750000,1,40
True,47750000,0,14
True,47800000,4,65
True,47800000,3,78
True,47800000,2,99
True,47800000,1,40
True,47800000,0,15
True,47850000,4,64
True,47850000,3,78
True,47850000,2,99
True,47850000,1,41
True,47850000,0,15
True,47900000,4,64
True,47900000,3,78
True,47900000,2,99
True,47900000,1,41
True,47900000,0,15
True,47950000,4,63
True,47950000,3,78
True,47950000,2,99
True,47950000,1,41
True,47950000,0,16
True,48000000,4,62
True,48000000,3,79
True,48000000,2,99
True,48000000,1,41
True,48000000,0,16
True,48050000,4,62
True,48050000,3,79
True,48050000,2,99
True,48050000,1,41
True,48050000,0,16
True,48100000,4,61
True,48100000,3,79
True,48100000,2,99
True,48100000,1,42
True,48100000,0,16
True,48150000,4,60
True,48150000,3,79
True,48150000,2,99
True,48150000,1,42
True,48150000,0,17
True,48200000,4,60
True,48200000,3,79
True,48200000,2,99
True,48200000,1,42
True,48200000,0,17
True,48250000,4,59
True,48250000,3,79
True,48250000,2,99
True,48250000,1,42
True,48250000,0,18
True,48300000,4,58
True,48300000,3,80
True,48300000,2,99
True,48300000,1,42
True,48300000,0,18
True,48350000,4,58
True,48350000,3,80
True,48350000,2,99
True,48350000,1,42
True,48350000,0,18
True,48400000,4,57
True,48400000,3,80
True,48400000,2,99
True,48400000,1,42
True,48400000,0,19
True,48450000,4,56
True,48450000,3,80
True,48450000,2,99
True,48450000,1,43
True,48450000,0,19
True,48500000,4,56
True,48500000,3,80
True,48500000,2,99
True,48500000,1,43
True,48500000,0,19
True,48550000,4,55
True,48550000,3,80
True,48550000,2,99
True,48550000,1,43
True,48550000,0,20
True,48600000,4,54
True,48600000,3,81
True,48600000,2,99
True,48600000,1,43
True,48600000,0,20
True,48650000,4,54
True,48650000,3,81
True,48650000,2,99
True,48650000,1,43
True,48650000,0,20
True,48700000,4,54
True,48700000,3,81
True,48700000,2,99
True,48700000,1,43
True,48700000,0,20
True,48750000,4,53
True,48750000,3,81
True,48750000,2,99
True,48750000,1,43
True,48750000,0,21
True,48800000,4,52
True,48800000,3,81
True,48800000,2,99
True,48800000,1,44
True,48800000,0,21
True,48850000,4,52
True,48850000,3,81
True,48850000,2,99
True,48850000,1,44
True,48850000,0,21
True,48900000,4,51
True,48900000,3,81
True,48900000,2,99
True,48900000,1,44
True,48900000,0,22
True,48950000,4,51
True,48950000,3,81
True,48950000,2,99
True,48950000,1,44
True,48950000,0,22
True,49000000,4,52
True,49000000,3,80
True,49000000,2,99
True,49000000,1,44
True,49000000,0,22
True,49050000,4,52
True,49050000,3,79
True,49050000,2,99
True,49050000,1,44
True,49050000,0,23
True,49100000,4,51
True,49100000,3,80
True,49100000,2,99
True,49100000,1,44
True,49100000,0,23
True,49150000,4,50
True,49150000,3,80
True,49150000,2,99
True,49150000,1,45
True,49150000,0,23
True,49200000,4,50
True,49200000,3,80
True,49200000,2,99
True,49200000,1,45
True,49200000,0,23
True,49250000,4,49
True,49250000,3,80
True,49250000,2,99
True,49250000,1,45
True,49250000,0,24
True,49300000,4,48
True,49300000,3,81
True,49300000,2,99
True,49300000,1,45
True,49300000,0,24
True,49350000,4,48
True,49350000,3,81
True,49350000,2,99
True,49350000,1,45
True,49350000,0,24
True,49400000,4,47
True,49400000,3,81
True,49400000,2,99
True,49400000,1,45
True,49400000,0,25
True,49450000,4,46
True,49450000,3,81
True,49450000,2,99
True,49450000,1,46
True,49450000,0,25
True,49500000,4,46
True,49500000,3,81
True,49500000,2,99
True,49500000,1,46
True,49500000,0,25
True,49550000,4,45
True,49550000,3,82
True,49550000,2,99
True,49550000,1,46
True,49550000,0,25
True,49600000,4,44
True,49600000,3,82
True,49600000,2,99
True,49600000,1,46
True,49600000,0,26
True,49650000,4,44
True,49650000,3,82
True,49650000,2,99
True,49650000,1,46
True,49650000,0,26
True,49700000,4,44
True,49700000,3,82
True,49700000,2,99
True,49700000,1,46
True,49700000,0,26
True,49750000,4,43
True,49750000,3,82
True,49750000,2,99
True,49750000,1,46
True,49750000,0,27
True,49800000,4,43
True,49800000,3,82
True,49800000,2,99
True,49800000,1,46
True,49800000,0,27
True,49850000,4,42
True,49850000,3,82
True,49850000,2,99
True,49850000,1,47
True,49850000,0,27
True,49900000,4,41
True,49900000,3,83
True,49900000,2,99
True,49900000,1,47
True,49900000,0,27
True,49950000,4,40
True,49950000,3,83
True,49950000,2,99
True,49950000,1,47
True,49950000,0,28
True,50000000,4,40
True,50000000,3,83
True,50000000,2,99
True,50000000,1,47
True,50000000,0,28
True,50050000,4,40
True,50050000,3,83
True,50050000,2,99
True,50050000,1,47
True,50050000,0,28
True,50100000,4,41
True,50100000,3,82
True,50100000,2,99
True,50100000,1,47
True,50100000,0,28
True,50150000,4,41
True,50150000,3,81
True,50150000,2,99
True,50150000,1,47
True,50150000,0,29
True,50200000,4,41
True,50200000,3,82
True,50200000,2,99
True,50200000,1,46
True,50200000,0,29
True,50250000,4,40
True,50250000,3,82
True,50250000,2,99
True,50250000,1,47
True,50250000,0,29
True,50300000,4,39
True,50300000,3,82
True,50300000,2,99
True,50300000,1,47
True,50300000,0,30
True,50350000,4,38
True,50350000,3,83
True,50350000,2,99
True,50350000,1,47
True,50350000,0,30
True,50400000,4,38
True,50400000,3,83
True,50400000,2,99
True,50400000,1,47
True,50400000,0,30
True,50450000,4,38
True,50450000,3,83
True,50450000,2,99
True,50450000,1,47
True,50450000,0,30
True,50500000,4,38
True,50500000,3,82
True,50500000,2,99
True,50500000,1,47
True,50500000,0,31
True,50550000,4,37
True,50550000,3,83
True,50550000,2,99
True,50550000,1,47
True,50550000,0,31
True,50600000,4,37
True,50600000,3,83
True,50600000,2,99
True,50600000,1,47
True,50600000,0,31
True,50650000,4,37
True,50650000,3,84
True,50650000,2,99
True,50650000,1,46
True,50650000,0,31
True,50700000,4,37
True,50700000,3,84
True,50700000,2,99
True,50700000,1,45
True,50700000,0,32
True,50750000,4,37
True,50750000,3,84
True,50750000,2,99
True,50750000,1,45
True,50750000,0,32
True,50800000,4,37
True,50800000,3,84
True,50800000,2,99
True,50800000,1,45
True,50800000,0,32
True,50850000,4,36
True,50850000,3,84
True,50850000,2,99
True,50850000,1,46
True,50850000,0,32
True,50900000,4,35
True,50900000,3,84
True,50900000,2,99
True,50900000,1,46
True,50900000,0,33
True,50950000,4,35
True,50950000,3,84
True,50950000,2,99
True,50950000,1,46
True,50950000,0,33
True,51000000,4,36
True,51000000,3,83
True,51000000,2,99
True,51000000,1,46
True,51000000,0,33
True,51050000,4,37
True,51050000,3,83
True,51050000,2,99
True,51050000,1,45
True,51050000,0,33
True,51100000,4,37
True,51100000,3,82
True,51100000,2,99
True,51100000,1,45
True,51100000,0,34
True,51150000,4,37
True,51150000,3,82
True,51150000,2,99
True,51150000,1,45
True,51150000,0,34
True,51200000,4,37
True,51200000,3,82
True,51200000,2,99
True,51200000,1,45
True,51200000,0,34
True,51250000,4,37
True,51250000,3,82
True,51250000,2,99
True,51250000,1,45
True,51250000,0,34
True,51300000,4,37
True,51300000,3,82
True,51300000,2,99
True,51300000,1,44
True,51300000,0,35
True,51350000,4,37
True,51350000,3,82
True,51350000,2,99
True,51350000,1,44
True,51350000,0,35
True,51400000,4,37
True,51400000,3,81
True,51400000,2,99
True,51400000,1,45
True,51400000,0,35
True,51450000,4,37
True,51450000,3,80
True,51450000,2,99
True,51450000,1,46
True,51450000,0,35
True,51500000,4,36
True,51500000,3,80
True,51500000,2,99
True,51500000,1,46
True,51500000,0,36
True,51550000,4,36
True,51550000,3,80
True,51550000,2,99
True,51550000,1,46
True,51550000,0,36
True,51600000,4,36
True,51600000,3,80
True,51600000,2,99
True,51600000,1,46
True,51600000,0,36
True,51650000,4,36
True,51650000,3,80
True,51650000,2,99
True,51650000,1,46
True,51650000,0,36
True,51700000,4,35
True,51700000,3,80
True,51700000,2,99
True,51700000,1,46
True,51700000,0,37
True,51750000,4,35
True,51750000,3,79
True,51750000,2,99
True,51750000,1,47
True,51750000,0,37
True,51800000,4,35
True,51800000,3,79
True,51800000,2,99
True,51800000,1,47
True,51800000,0,37
True,51850000,4,35
True,51850000,3,79
True,51850000,2,99
True,51850000,1,47
True,51850000,0,37
True,51900000,4,35
True,51900000,3,79
True,51900000,2,99
True,51900000,1,47
True,51900000,0,37
True,51950000,4,35
True,51950000,3,78
True,51950000,2,99
True,51950000,1,47
True,51950000,0,38
True,52000000,4,35
True,52000000,3,78
True,52000000,2,99
True,52000000,1,47
True,52000000,0,38
True,52050000,4,35
True,52050000,3,78
True,52050000,2,99
True,52050000,1,47
True,52050000,0,38
True,52100000,4,35
True,52100000,3,78
True,52100000,2,99
True,52100000,1,47
True,52100000,0,38
True,52150000,4,34
True,52150000,3,78
True,52150000,2,99
True,52150000,1,47
True,52150000,0,39
True,52200000,4,34
True,52200000,3,78
True,52200000,2,99
True,52200000,1,47
True,52200000,0,39
True,52250000,4,33
True,52250000,3,78
True,52250000,2,99
True,52250000,1,48
True,52250000,0,39
True,52300000,4,33
True,52300000,3,78
True,52300000,2,99
True,52300000,1,48
True,52300000,0,39
True,52350000,4,33
True,52350000,3,77
True,52350000,2,99
True,52350000,1,48
True,52350000,0,40
True,52400000,4,33
True,52400000,3,77
True,52400000,2,99
True,52400000,1,48
True,52400000,0,40
True,52450000,4,33
True,52450000,3,77
True,52450000,2,99
True,52450000,1,48
True,52450000,0,40
True,52500000,4,33
True,52500000,3,76
True,52500000,2,99
True,52500000,1,49
True,52500000,0,40
True,52550000,4,33
True,52550000,3,76
True,52550000,2,99
True,52550000,1,49
True,52550000,0,40
True,52600000,4,32
True,52600000,3,76
True,52600000,2,99
True,52600000,1,49
True,52600000,0,41
True,52650000,4,33
True,52650000,3,75
True,52650000,2,99
True,52650000,1,49
True,52650000,0,41
True,52700000,4,34
True,52700000,3,74
True,52700000,2,99
True,52700000,1,49
True,52700000,0,41
True,52750000,4,34
True,52750000,3,74
True,52750000,2,99
True,52750000,1,49
True,52750000,0,41
True,52800000,4,34
True,52800000,3,74
True,52800000,2,99
True,52800000,1,49
True,52800000,0,41
True,52850000,4,34
True,52850000,3,73
True,52850000,2,99
True,52850000,1,49
True,52850000,0,42
True,52900000,4,34
True,52900000,3,72
True,52900000,2,99
True,52900000,1,50
True,52900000,0,42
True,52950000,4,34
True,52950000,3,72
True,52950000,2,99
True,52950000,1,50
True,52950000,0,42
True,53000000,4,34
True,53000000,3,72
True,53000000,2,99
True,53000000,1,50
True,53000000,0,42
True,53050000,4,33
True,53050000,3,72
True,53050000,2,99
True,53050000,1,50
True,53050000,0,43
True,53100000,4,32
True,53100000,3,73
True,53100000,2,99
True,53100000,1,50
True,53100000,0,43
True,53150000,4,32
True,53150000,3,73
True,53150000,2,99
True,53150000,1,50
True,53150000,0,43
True,53200000,4,32
True,53200000,3,73
True,53200000,2,99
True,53200000,1,50
True,53200000,0,43
True,53250000,4,33
True,53250000,3,72
True,53250000,2,99
True,53250000,1,50
True,53250000,0,43
True,53300000,4,33
True,53300000,3,72
True,53300000,2,99
True,53300000,1,49
True,53300000,0,44
True,53350000,4,33
True,53350000,3,72
True,53350000,2,99
True,53350000,1,49
True,53350000,0,44
True,53400000,4,33
True,53400000,3,71
True,53400000,2,99
True,53400000,1,50
True,53400000,0,44
True,53450000,4,33
True,53450000,3,71
True,53450000,2,99
True,53450000,1,50
True,53450000,0,44
True,53500000,4,33
True,53500000,3,71
True,53500000,2,99
True,53500000,1,50
True,53500000,0,44
True,53550000,4,33
True,53550000,3,70
True,53550000,2,99
True,53550000,1,50
True,53550000,0,45
True,53600000,4,34
True,53600000,3,69
True,53600000,2,99
True,53600000,1,50
True,53600000,0,45
True,53650000,4,34
True,53650000,3,69
True,53650000,2,99
True,53650000,1,50
True,53650000,0,45
True,53700000,4,34
True,53700000,3,68
True,53700000,2,99
True,53700000,1,51
True,53700000,0,45
True,53750000,4,33
True,53750000,3,68
True,53750000,2,99
True,53750000,1,51
True,53750000,0,46
True,53800000,4,33
True,53800000,3,68
True,53800000,2,99
True,53800000,1,51
True,53800000,0,46
True,53850000,4,33
True,53850000,3,68
True,53850000,2,99
True,53850000,1,51
True,53850000,0,46
True,53900000,4,33
True,53900000,3,68
True,53900000,2,99
True,53900000,1,51
True,53900000,0,46
True,53950000,4,33
True,53950000,3,68
True,53950000,2,99
True,53950000,1,51
True,53950000,0,46
True,54000000,4,33
True,54000000,3,67
True,54000000,2,99
True,54000000,1,51
True,54000000,0,47
True,54050000,4,34
True,54050000,3,66
True,54050000,2,99
True,54050000,1,51
True,54050000,0,47
True,54100000,4,34
True,54100000,3,66
True,54100000,2,99
True,54100000,1,51
True,54100000,0,47
True,54150000,4,34
True,54150000,3,66
True,54150000,2,99
True,54150000,1,51
True,54150000,0,47
True,54200000,4,34
True,54200000,3,66
True,54200000,2,99
True,54200000,1,51
True,54200000,0,47
True,54250000,4,34
True,54250000,3,66
True,54250000,2,99
True,54250000,1,50
True,54250000,0,48
True,54300000,4,34
True,54300000,3,66
True,54300000,2,99
True,54300000,1,50
True,54300000,0,48
True,54350000,4,34
True,54350000,3,66
True,54350000,2,99
True,54350000,1,50
True,54350000,0,48
True,54400000,4,34
True,54400000,3,66
True,54400000,2,99
True,54400000,1,50
True,54400000,0,48
True,54450000,4,34
True,54450000,3,65
True,54450000,2,99
True,54450000,1,51
True,54450000,0,48
True,54500000,4,34
True,54500000,3,65
True,54500000,2,99
True,54500000,1,51
True,54500000,0,48
True,54550000,4,34
True,54550000,3,65
True,54550000,2,99
True,54550000,1,50
True,54550000,0,49
True,54600000,4,34
True,54600000,3,65
True,54600000,2,99
True,54600000,1,50
True,54600000,0,49
True,54650000,4,34
True,54650000,3,65
True,54650000,2,99
True,54650000,1,50
True,54650000,0,49
True,54700000,4,34
True,54700000,3,65
True,54700000,2,99
True,54700000,1,50
True,54700000,0,49
True,54750000,4,34
True,54750000,3,65
True,54750000,2,99
True,54750000,1,50
True,54750000,0,49
True,54800000,4,33
True,54800000,3,65
True,54800000,2,99
True,54800000,1,50
True,54800000,0,50
True,54850000,4,33
True,54850000,3,64
True,54850000,2,99
True,54850000,1,51
True,54850000,0,50
True,54900000,4,33
True,54900000,3,63
True,54900000,2,99
True,54900000,1,52
True,54900000,0,50
True,54950000,4,33
True,54950000,3,63
True,54950000,2,99
True,54950000,1,52
True,54950000,0,50
True,55000000,4,33
True,55000000,3,63
True,55000000,2,99
True,55000000,1,52
True,55000000,0,50
True,55050000,4,33
True,55050000,3,63
True,55050000,2,99
True,55050000,1,52
True,55050000,0,50
True,55100000,4,33
True,55100000,3,62
True,55100000,2,99
True,55100000,1,52
True,55100000,0,51
True,55150000,4,33
True,55150000,3,62
True,55150000,2,99
True,55150000,1,52
True,55150000,0,51
True,55200000,4,34
True,55200000,3,61
True,55200000,2,99
True,55200000,1,52
True,55200000,0,51
True,55250000,4,34
True,55250000,3,60
True,55250000,2,99
True,55250000,1,53
True,55250000,0,51
True,55300000,4,34
True,55300000,3,60
True,55300000,2,99
True,55300000,1,53
True,55300000,0,51
True,55350000,4,34
True,55350000,3,60
True,55350000,2,99
True,55350000,1,52
True,55350000,0,52
True,55400000,4,34
True,55400000,3,60
True,55400000,2,99
True,55400000,1,52
True,55400000,0,52
True,55450000,4,34
True,55450000,3,60
True,55450000,2,99
True,55450000,1,52
True,55450000,0,52
True,55500000,4,34
True,55500000,3,60
True,55500000,2,99
True,55500000,1,52
True,55500000,0,52
True,55550000,4,34
True,55550000,3,60
True,55550000,2,99
True,55550000,1,52
True,55550000,0,52
True,55600000,4,34
True,55600000,3,60
True,55600000,2,99
True,55600000,1,52
True,55600000,0,52
True,55650000,4,33
True,55650000,3,60
True,55650000,2,99
True,55650000,1,52
True,55650000,0,53
True,55700000,4,33
True,55700000,3,60
True,55700000,2,99
True,55700000,1,52
True,55700000,0,53
True,55750000,4,33
True,55750000,3,60
True,55750000,2,99
True,55750000,1,52
True,55750000,0,53
True,55800000,4,33
True,55800000,3,60
True,55800000,2,99
True,55800000,1,52
True,55800000,0,53
True,55850000,4,33
True,55850000,3,60
True,55850000,2,99
True,55850000,1,52
True,55850000,0,53
True,55900000,4,33
True,55900000,3,59
True,55900000,2,99
True,55900000,1,52
True,55900000,0,54
True,55950000,4,33
True,55950000,3,58
True,55950000,2,99
True,55950000,1,53
True,55950000,0,54
True,56000000,4,33
True,56000000,3,57
True,56000000,2,99
True,56000000,1,54
True,56000000,0,54
True,56050000,4,33
True,56050000,3,57
True,56050000,2,99
True,56050000,1,54
True,56050000,0,54
True,56100000,4,33
True,56100000,3,57
True,56100000,2,99
True,56100000,1,54
True,56100000,0,54
True,56150000,4,33
True,56150000,3,57
True,56150000,2,99
True,56150000,1,54
True,56150000,0,54
True,56200000,4,33
True,56200000,3,56
True,56200000,2,99
True,56200000,1,54
True,56200000,0,55
True,56250000,4,33
True,56250000,3,56
True,56250000,2,99
True,56250000,1,54
True,56250000,0,55
True,56300000,4,33
True,56300000,3,56
True,56300000,2,99
True,56300000,1,54
True,56300000,0,55
True,56350000,4,33
True,56350000,3,56
True,56350000,2,99
True,56350000,1,54
True,56350000,0,55
True,56400000,4,33
True,56400000,3,57
True,56400000,2,99
True,56400000,1,53
True,56400000,0,55
True,56450000,4,33
True,56450000,3,57
True,56450000,2,99
True,56450000,1,53
True,56450000,0,55
True,56500000,4,33
True,56500000,3,57
True,56500000,2,99
True,56500000,1,53
True,56500000,0,55
True,56550000,4,33
True,56550000,3,56
True,56550000,2,99
True,56550000,1,53
True,56550000,0,56
True,56600000,4,33
True,56600000,3,55
True,56600000,2,99
True,56600000,1,54
True,56600000,0,56
True,56650000,4,33
True,56650000,3,55
True,56650000,2,99
True,56650000,1,54
True,56650000,0,56
True,56700000,4,33
True,56700000,3,55
True,56700000,2,99
True,56700000,1,54
True,56700000,0,56
True,56750000,4,33
True,56750000,3,55
True,56750000,2,99
True,56750000,1,54
True,56750000,0,56
True,56800000,4,34
True,56800000,3,55
True,56800000,2,99
True,56800000,1,53
True,56800000,0,56
True,56850000,4,34
True,56850000,3,55
True,56850000,2,99
True,56850000,1,53
True,56850000,0,56
True,56900000,4,34
True,56900000,3,55
True,56900000,2,99
True,56900000,1,52
True,56900000,0,57
True,56950000,4,34
True,56950000,3,55
True,56950000,2,99
True,56950000,1,52
True,56950000,0,57
True,57000000,4,34
True,57000000,3,55
True,57000000,2,99
True,57000000,1,52
True,57000000,0,57
True,57050000,4,34
True,57050000,3,55
True,57050000,2,99
True,57050000,1,52
True,57050000,0,57
True,57100000,4,35
True,57100000,3,55
True,57100000,2,99
True,57100000,1,51
True,57100000,0,57
True,57150000,4,35
True,57150000,3,54
True,57150000,2,99
True,57150000,1,51
True,57150000,0,58
True,57200000,4,35
True,57200000,3,54
True,57200000,2,99
True,57200000,1,51
True,57200000,0,58
True,57250000,4,35
True,57250000,3,54
True,57250000,2,99
True,57250000,1,51
True,57250000,0,58
True,57300000,4,35
True,57300000,3,54
True,57300000,2,99
True,57300000,1,51
True,57300000,0,58
True,57350000,4,35
True,57350000,3,54
True,57350000,2,99
True,57350000,1,51
True,57350000,0,58
True,57400000,4,35
True,57400000,3,54
True,57400000,2,99
True,57400000,1,51
True,57400000,0,58
True,57450000,4,35
True,57450000,3,54
True,57450000,2,99
True,57450000,1,51
True,57450000,0,58
True,57500000,4,35
True,57500000,3,54
True,57500000,2,99
True,57500000,1,50
True,57500000,0,59
True,57550000,4,35
True,57550000,3,54
True,57550000,2,99
True,57550000,1,50
True,57550000,0,59
True,57600000,4,35
True,57600000,3,54
True,57600000,2,99
True,57600000,1,50
True,57600000,0,59
True,57650000,4,35
True,57650000,3,54
True,57650000,2,99
True,57650000,1,50
True,57650000,0,59
True,57700000,4,35
True,57700000,3,54
True,57700000,2,99
True,57700000,1,50
True,57700000,0,59
True,57750000,4,35
True,57750000,3,54
True,57750000,2,99
True,57750000,1,50
True,57750000,0,59
True,57800000,4,34
True,57800000,3,54
True,57800000,2,99
True,57800000,1,51
True,57800000,0,59
True,57850000,4,34
True,57850000,3,54
True,57850000,2,99
True,57850000,1,51
True,57850000,0,59
True,57900000,4,33
True,57900000,3,54
True,57900000,2,99
True,57900000,1,52
True,57900000,0,59
True,57950000,4,32
True,57950000,3,54
True,57950000,2,99
True,57950000,1,52
True,57950000,0,60
True,58000000,4,32
True,58000000,3,54
True,58000000,2,99
True,58000000,1,52
True,58000000,0,60
True,58050000,4,32
True,58050000,3,54
True,58050000,2,99
True,58050000,1,52
True,58050000,0,60
True,58100000,4,32
True,58100000,3,54
True,58100000,2,99
True,58100000,1,52
True,58100000,0,60
True,58150000,4,31
True,58150000,3,54
True,58150000,2,99
True,58150000,1,52
True,58150000,0,61
True,58200000,4,31
True,58200000,3,54
True,58200000,2,99
True,58200000,1,52
True,58200000,0,61
True,58250000,4,30
True,58250000,3,54
True,58250000,2,99
True,58250000,1,53
True,58250000,0,61
True,58300000,4,30
True,58300000,3,54
True,58300000,2,99
True,58300000,1,53
True,58300000,0,61
True,58350000,4,30
True,58350000,3,54
True,58350000,2,99
True,58350000,1,53
True,58350000,0,61
True,58400000,4,30
True,58400000,3,54
True,58400000,2,99
True,58400000,1,53
True,58400000,0,61
True,58450000,4,30
True,58450000,3,54
True,58450000,2,99
True,58450000,1,53
True,58450000,0,61
True,58500000,4,30
True,58500000,3,54
True,58500000,2,99
True,58500000,1,52
True,58500000,0,62
True,58550000,4,30
True,58550000,3,54
True,58550000,2,99
True,58550000,1,52
True,58550000,0,62
True,58600000,4,30
True,58600000,3,54
True,58600000,2,99
True,58600000,1,52
True,58600000,0,62
True,58650000,4,30
True,58650000,3,54
True,58650000,2,99
True,58650000,1,52
True,58650000,0,62
True,58700000,4,30
True,58700000,3,54
True,58700000,2,99
True,58700000,1,52
True,58700000,0,62
True,58750000,4,30
True,58750000,3,54
True,58750000,2,99
True,58750000,1,52
True,58750000,0,62
True,58800000,4,30
True,58800000,3,54
True,58800000,2,99
True,58800000,1,52
True,58800000,0,62
True,58850000,4,30
True,58850000,3,54
True,58850000,2,99
True,58850000,1,52
True,58850000,0,62
True,58900000,4,30
True,58900000,3,54
True,58900000,2,99
True,58900000,1,51
True,58900000,0,63
True,58950000,4,30
True,58950000,3,54
True,58950000,2,99
True,58950000,1,51
True,58950000,0,63
True,59000000,4,30
True,59000000,3,54
True,59000000,2,99
True,59000000,1,51
True,59000000,0,63
True,59050000,4,30
True,59050000,3,54
True,59050000,2,99
True,59050000,1,51
True,59050000,0,63
True,59100000,4,30
True,59100000,3,54
True,59100000,2,99
True,59100000,1,51
True,59100000,0,63
True,59150000,4,30
True,59150000,3,54
True,59150000,2,99
True,59150000,1,51
True,59150000,0,63
True,59200000,4,30
True,59200000,3,54
True,59200000,2,99
True,59200000,1,51
True,59200000,0,63
True,59250000,4,30
True,59250000,3,54
True,59250000,2,99
True,59250000,1,51
True,59250000,0,63
True,59300000,4,30
True,59300000,3,54
True,59300000,2,99
True,59300000,1,51
True,59300000,0,63
True,59350000,4,30
True,59350000,3,54
True,59350000,2,99
True,59350000,1,51
True,59350000,0,63
True,59400000,4,30
True,59400000,3,54
True,59400000,2,99
True,59400000,1,51
True,59400000,0,63
True,59450000,4,30
True,59450000,3,54
True,59450000,2,99
True,59450000,1,51
True,59450000,0,63
True,59500000,4,30
True,59500000,3,54
True,59500000,2,99
True,59500000,1,51
True,59500000,0,63
True,59550000,4,30
True,59550000,3,54
True,59550000,2,99
True,59550000,1,51
True,59550000,0,63
True,59600000,4,30
True,59600000,3,54
True,59600000,2,99
True,59600000,1,51
True,59600000,0,63
True,59650000,4,30
True,59650000,3,54
True,59650000,2,99
True,59650000,1,51
True,59650000,0,63
True,59700000,4,30
True,59700000,3,53
True,59700000,2,99
True,59700000,1,51
True,59700000,0,64
True,59750000,4,30
True,59750000,3,52
True,59750000,2,99
True,59750000,1,51
True,59750000,0,65
True,59800000,4,30
True,59800000,3,52
True,59800000,2,99
True,59800000,1,51
True,59800000,0,65
True,59850000,4,30
True,59850000,3,52
True,59850000,2,99
True,59850000,1,51
True,59850000,0,65
True,59900000,4,30
True,59900000,3,52
True,59900000,2,99
True,59900000,1,51
True,59900000,0,65
True,59950000,4,30
True,59950000,3,52
True,59950000,2,99
True,59950000,1,51
True,59950000,0,65
True,60000000,4,30
True,60000000,3,52
True,60000000,2,99
True,60000000,1,51
True,60000000,0,65
True,60050000,4,30
True,60050000,3,52
True,60050000,2,99
True,60050000,1,51
True,60050000,0,65
True,60100000,4,30
True,60100000,3,52
True,60100000,2,99
True,60100000,1,51
True,60100000,0,65
True,60150000,4,30
True,60150000,3,51
True,60150000,2,99
True,60150000,1,51
True,60150000,0,66
True,60200000,4,30
True,60200000,3,51
True,60200000,2,99
True,60200000,1,51
True,60200000,0,66
True,60250000,4,30
True,60250000,3,51
True,60250000,2,99
True,60250000,1,51
True,60250000,0,66
True,60300000,4,30
True,60300000,3,51
True,60300000,2,99
True,60300000,1,51
True,60300000,0,66
True,60350000,4,30
True,60350000,3,51
True,60350000,2,99
True,60350000,1,51
True,60350000,0,66
True,60400000,4,30
True,60400000,3,51
True,60400000,2,99
True,60400000,1,51
True,60400000,0,66
True,60450000,4,30
True,60450000,3,51
True,60450000,2,99
True,60450000,1,51
True,60450000,0,66
True,60500000,4,30
True,60500000,3,51
True,60500000,2,99
True,60500000,1,51
True,60500000,0,66
True,60550000,4,29
True,60550000,3,51
True,60550000,2,99
True,60550000,1,51
True,60550000,0,67
True,60600000,4,29
True,60600000,3,51
True,60600000,2,99
True,60600000,1,51
True,60600000,0,67
True,60650000,4,29
True,60650000,3,51
True,60650000,2,99
True,60650000,1,51
True,60650000,0,67
True,60700000,4,29
True,60700000,3,51
True,60700000,2,99
True,60700000,1,51
True,60700000,0,67
True,60750000,4,29
True,60750000,3,51
True,60750000,2,99
True,60750000,1,51
True,60750000,0,67
True,60800000,4,29
True,60800000,3,51
True,60800000,2,99
True,60800000,1,51
True,60800000,0,67
True,60850000,4,29
True,60850000,3,51
True,60850000,2,99
True,60850000,1,51
True,60850000,0,67
True,60900000,4,29
True,60900000,3,51
True,60900000,2,99
True,60900000,1,51
True,60900000,0,67
True,60950000,4,29
True,60950000,3,51
True,60950000,2,99
True,60950000,1,50
True,60950000,0,68
True,61000000,4,29
True,61000000,3,51
True,61000000,2,99
True,61000000,1,50
True,61000000,0,68
True,61050000,4,29
True,61050000,3,51
True,61050000,2,99
True,61050000,1,50
True,61050000,0,68
True,61100000,4,29
True,61100000,3,51
True,61100000,2,99
True,61100000,1,50
True,61100000,0,68
True,61150000,4,29
True,61150000,3,51
True,61150000,2,99
True,61150000,1,50
True,61150000,0,68
True,61200000,4,29
True,61200000,3,51
True,61200000,2,99
True,61200000,1,50
True,61200000,0,68
True,61250000,4,29
True,61250000,3,51
True,61250000,2,99
True,61250000,1,50
True,61250000,0,68
True,61300000,4,29
True,61300000,3,51
True,61300000,2,99
True,61300000,1,50
True,61300000,0,68
True,61350000,4,29
True,61350000,3,51
True,61350000,2,99
True,61350000,1,50
True,61350000,0,68
True,61400000,4,28
True,61400000,3,51
True,61400000,2,99
True,61400000,1,50
True,61400000,0,69
True,61450000,4,28
True,61450000,3,51
True,61450000,2,99
True,61450000,1,50
True,61450000,0,69
True,61500000,4,28
True,61500000,3,51
True,61500000,2,99
True,61500000,1,50
True,61500000,0,69
True,61550000,4,28
True,61550000,3,51
True,61550000,2,99
True,61550000,1,50
True,61550000,0,69
True,61600000,4,28
True,61600000,3,51
True,61600000,2,99
True,61600000,1,50
True,61600000,0,69
True,61650000,4,28
True,61650000,3,51
True,61650000,2,99
True,61650000,1,50
True,61650000,0,69
True,61700000,4,28
True,61700000,3,51
True,61700000,2,99
True,61700000,1,50
True,61700000,0,69
True,61750000,4,28
True,61750000,3,51
True,61750000,2,99
True,61750000,1,50
True,61750000,0,69
True,61800000,4,28
True,61800000,3,51
True,61800000,2,99
True,61800000,1,50
True,61800000,0,69
True,61850000,4,27
True,61850000,3,51
True,61850000,2,99
True,61850000,1,50
True,61850000,0,70
True,61900000,4,27
True,61900000,3,51
True,61900000,2,99
True,61900000,1,50
True,61900000,0,70
True,61950000,4,27
True,61950000,3,51
True,61950000,2,99
True,61950000,1,50
True,61950000,0,70
True,62000000,4,27
True,62000000,3,51
True,62000000,2,99
True,62000000,1,50
True,62000000,0,70
True,62050000,4,27
True,62050000,3,51
True,62050000,2,99
True,62050000,1,50
True,62050000,0,70
True,62100000,4,27
True,62100000,3,51
True,62100000,2,99
True,62100000,1,50
True,62100000,0,70
True,62150000,4,27
True,62150000,3,51
True,62150000,2,99
True,62150000,1,50
True,62150000,0,70
True,62200000,4,27
True,62200000,3,51
True,62200000,2,99
True,62200000,1,50
True,62200000,0,70
True,62250000,4,27
True,62250000,3,51
True,62250000,2,99
True,62250000,1,50
True,62250000,0,70
True,62300000,4,27
True,62300000,3,51
True,62300000,2,99
True,62300000,1,50
True,62300000,0,70
True,62350000,4,27
True,62350000,3,51
True,62350000,2,99
True,62350000,1,49
True,62350000,0,71
True,62400000,4,27
True,62400000,3,51
True,62400000,2,99
True,62400000,1,49
True,62400000,0,71
True,62450000,4,26
True,62450000,3,51
True,62450000,2,99
True,62450000,1,50
True,62450000,0,71
True,62500000,4,26
True,62500000,3,51
True,62500000,2,99
True,62500000,1,50
True,62500000,0,71
True,62550000,4,25
True,62550000,3,52
True,62550000,2,99
True,62550000,1,50
True,62550000,0,71
True,62600000,4,25
True,62600000,3,53
True,62600000,2,99
True,62600000,1,49
True,62600000,0,71
True,62650000,4,25
True,62650000,3,53
True,62650000,2,99
True,62650000,1,49
True,62650000,0,71
True,62700000,4,25
True,62700000,3,53
True,62700000,2,99
True,62700000,1,49
True,62700000,0,71
True,62750000,4,25
True,62750000,3,54
True,62750000,2,99
True,62750000,1,48
True,62750000,0,71
True,62800000,4,25
True,62800000,3,54
True,62800000,2,99
True,62800000,1,48
True,62800000,0,71
True,62850000,4,25
True,62850000,3,54
True,62850000,2,99
True,62850000,1,47
True,62850000,0,72
True,62900000,4,26
True,62900000,3,54
True,62900000,2,99
True,62900000,1,46
True,62900000,0,72
True,62950000,4,27
True,62950000,3,54
True,62950000,2,99
True,62950000,1,45
True,62950000,0,72
True,63000000,4,28
True,63000000,3,54
True,63000000,2,99
True,63000000,1,44
True,63000000,0,72
True,63050000,4,29
True,63050000,3,54
True,63050000,2,99
True,63050000,1,43
True,63050000,0,72
True,63100000,4,29
True,63100000,3,55
True,63100000,2,99
True,63100000,1,42
True,63100000,0,72
True,63150000,4,28
True,63150000,3,55
True,63150000,2,99
True,63150000,1,43
True,63150000,0,72
True,63200000,4,27
True,63200000,3,56
True,63200000,2,99
True,63200000,1,43
True,63200000,0,72
True,63250000,4,27
True,63250000,3,56
True,63250000,2,99
True,63250000,1,43
True,63250000,0,72
True,63300000,4,26
True,63300000,3,56
True,63300000,2,99
True,63300000,1,44
True,63300000,0,72
True,63350000,4,25
True,63350000,3,56
True,63350000,2,99
True,63350000,1,44
True,63350000,0,73
True,63400000,4,25
True,63400000,3,56
True,63400000,2,99
True,63400000,1,44
True,63400000,0,73
True,63450000,4,25
True,63450000,3,56
True,63450000,2,99
True,63450000,1,44
True,63450000,0,73
True,63500000,4,26
True,63500000,3,55
True,63500000,2,99
True,63500000,1,44
True,63500000,0,73
True,63550000,4,26
True,63550000,3,55
True,63550000,2,99
True,63550000,1,44
True,63550000,0,73
True,63600000,4,26
True,63600000,3,55
True,63600000,2,99
True,63600000,1,44
True,63600000,0,73
True,63650000,4,26
True,63650000,3,55
True,63650000,2,99
True,63650000,1,44
True,63650000,0,73
True,63700000,4,26
True,63700000,3,55
True,63700000,2,99
True,63700000,1,44
True,63700000,0,73
True,63750000,4,26
True,63750000,3,55
True,63750000,2,99
True,63750000,1,44
True,63750000,0,73
True,63800000,4,25
True,63800000,3,56
True,63800000,2,99
True,63800000,1,44
True,63800000,0,73
True,63850000,4,24
True,63850000,3,56
True,63850000,2,99
True,63850000,1,44
True,63850000,0,74
True,63900000,4,24
True,63900000,3,56
True,63900000,2,99
True,63900000,1,44
True,63900000,0,74
True,63950000,4,24
True,63950000,3,56
True,63950000,2,99
True,63950000,1,44
True,63950000,0,74
True,64000000,4,24
True,64000000,3,56
True,64000000,2,99
True,64000000,1,44
True,64000000,0,74
True,64050000,4,24
True,64050000,3,56
True,64050000,2,99
True,64050000,1,44
True,64050000,0,74
True,64100000,4,25
True,64100000,3,55
True,64100000,2,99
True,64100000,1,44
True,64100000,0,74
True,64150000,4,25
True,64150000,3,55
True,64150000,2,99
True,64150000,1,44
True,64150000,0,74
True,64200000,4,25
True,64200000,3,55
True,64200000,2,99
True,64200000,1,44
True,64200000,0,74
True,64250000,4,25
True,64250000,3,55
True,64250000,2,99
True,64250000,1,44
True,64250000,0,74
True,64300000,4,25
True,64300000,3,55
True,64300000,2,99
True,64300000,1,44
True,64300000,0,74
True,64350000,4,25
True,64350000,3,55
True,64350000,2,99
True,64350000,1,44
True,64350000,0,74
True,64400000,4,25
True,64400000,3,55
True,64400000,2,99
True,64400000,1,43
True,64400000,0,75
True,64450000,4,25
True,64450000,3,56
True,64450000,2,99
True,64450000,1,42
True,64450000,0,75
True,64500000,4,25
True,64500000,3,56
True,64500000,2,99
True,64500000,1,42
True,64500000,0,75
True,64550000,4,25
True,64550000,3,56
True,64550000,2,99
True,64550000,1,42
True,64550000,0,75
True,64600000,4,25
True,64600000,3,56
True,64600000,2,99
True,64600000,1,42
True,64600000,0,75
True,64650000,4,25
True,64650000,3,56
True,64650000,2,99
True,64650000,1,42
True,64650000,0,75
True,64700000,4,25
True,64700000,3,56
True,64700000,2,99
True,64700000,1,42
True,64700000,0,75
True,64750000,4,25
True,64750000,3,56
True,64750000,2,99
True,64750000,1,42
True,64750000,0,75
True,64800000,4,25
True,64800000,3,56
True,64800000,2,99
True,64800000,1,42
True,64800000,0,75
True,64850000,4,25
True,64850000,3,56
True,64850000,2,99
True,64850000,1,42
True,64850000,0,75
True,64900000,4,25
True,64900000,3,56
True,64900000,2,99
True,64900000,1,42
True,64900000,0,75
True,64950000,4,25
True,64950000,3,56
True,64950000,2,99
True,64950000,1,42
True,64950000,0,75
True,65000000,4,25
True,65000000,3,55
True,65000000,2,99
True,65000000,1,42
True,65000000,0,76
True,65050000,4,25
True,65050000,3,55
True,65050000,2,99
True,65050000,1,42
True,65050000,0,76
True,65100000,4,25
True,65100000,3,55
True,65100000,2,99
True,65100000,1,42
True,65100000,0,76
True,65150000,4,26
True,65150000,3,54
True,65150000,2,99
True,65150000,1,42
True,65150000,0,76
True,65200000,4,26
True,65200000,3,54
True,65200000,2,99
True,65200000,1,42
True,65200000,0,76
True,65250000,4,26
True,65250000,3,53
True,65250000,2,99
True,65250000,1,43
True,65250000,0,76
True,65300000,4,27
True,65300000,3,52
True,65300000,2,99
True,65300000,1,43
True,65300000,0,76
True,65350000,4,27
True,65350000,3,52
True,65350000,2,99
True,65350000,1,43
True,65350000,0,76
True,65400000,4,27
True,65400000,3,52
True,65400000,2,99
True,65400000,1,43
True,65400000,0,76
True,65450000,4,27
True,65450000,3,52
True,65450000,2,99
True,65450000,1,43
True,65450000,0,76
True,65500000,4,27
True,65500000,3,52
True,65500000,2,99
True,65500000,1,43
True,65500000,0,76
True,65550000,4,27
True,65550000,3,52
True,65550000,2,99
True,65550000,1,43
True,65550000,0,76
True,65600000,4,26
True,65600000,3,52
True,65600000,2,99
True,65600000,1,43
True,65600000,0,77
True,65650000,4,26
True,65650000,3,52
True,65650000,2,99
True,65650000,1,43
True,65650000,0,77
True,65700000,4,26
True,65700000,3,52
True,65700000,2,99
True,65700000,1,43
True,65700000,0,77
True,65750000,4,26
True,65750000,3,52
True,65750000,2,99
True,65750000,1,43
True,65750000,0,77
True,65800000,4,26
True,65800000,3,52
True,65800000,2,99
True,65800000,1,43
True,65800000,0,77
True,65850000,4,26
True,65850000,3,52
True,65850000,2,99
True,65850000,1,43
True,65850000,0,77
True,65900000,4,26
True,65900000,3,52
True,65900000,2,99
True,65900000,1,43
True,65900000,0,77
True,65950000,4,26
True,65950000,3,52
True,65950000,2,99
True,65950000,1,43
True,65950000,0,77
True,66000000,4,26
True,66000000,3,52
True,66000000,2,99
True,66000000,1,43
True,66000000,0,77
True,66050000,4,26
True,66050000,3,51
True,66050000,2,99
True,66050000,1,44
True,66050000,0,77
True,66100000,4,26
True,66100000,3,51
True,66100000,2,99
True,66100000,1,44
True,66100000,0,77
True,66150000,4,26
True,66150000,3,51
True,66150000,2,99
True,66150000,1,44
True,66150000,0,77
True,66200000,4,26
True,66200000,3,50
True,66200000,2,99
True,66200000,1,44
True,66200000,0,78
True,66250000,4,26
True,66250000,3,50
True,66250000,2,99
True,66250000,1,44
True,66250000,0,78
True,66300000,4,26
True,66300000,3,50
True,66300000,2,99
True,66300000,1,44
True,66300000,0,78
True,66350000,4,26
True,66350000,3,50
True,66350000,2,99
True,66350000,1,44
True,66350000,0,78
True,66400000,4,26
True,66400000,3,50
True,66400000,2,99
True,66400000,1,44
True,66400000,0,78
True,66450000,4,26
True,66450000,3,50
True,66450000,2,99
True,66450000,1,44
True,66450000,0,78
True,66500000,4,26
True,66500000,3,50
True,66500000,2,99
True,66500000,1,44
True,66500000,0,78
True,66550000,4,26
True,66550000,3,50
True,66550000,2,99
True,66550000,1,44
True,66550000,0,78
True,66600000,4,26
True,66600000,3,50
True,66600000,2,99
True,66600000,1,44
True,66600000,0,78
True,66650000,4,26
True,66650000,3,50
True,66650000,2,99
True,66650000,1,44
True,66650000,0,78
True,66700000,4,26
True,66700000,3,50
True,66700000,2,99
True,66700000,1,44
True,66700000,0,78
True,66750000,4,26
True,66750000,3,50
True,66750000,2,99
True,66750000,1,44
True,66750000,0,78
True,66800000,4,26
True,66800000,3,50
True,66800000,2,99
True,66800000,1,44
True,66800000,0,78
True,66850000,4,26
True,66850000,3,49
True,66850000,2,99
True,66850000,1,44
True,66850000,0,79
True,66900000,4,26
True,66900000,3,49
True,66900000,2,99
True,66900000,1,44
True,66900000,0,79
True,66950000,4,26
True,66950000,3,49
True,66950000,2,99
True,66950000,1,44
True,66950000,0,79
True,67000000,4,26
True,67000000,3,49
True,67000000,2,99
True,67000000,1,44
True,67000000,0,79
True,67050000,4,26
True,67050000,3,49
True,67050000,2,99
True,67050000,1,44
True,67050000,0,79
True,67100000,4,26
True,67100000,3,49
True,67100000,2,99
True,67100000,1,44
True,67100000,0,79
True,67150000,4,26
True,67150000,3,49
True,67150000,2,99
True,67150000,1,44
True,67150000,0,79
True,67200000,4,26
True,67200000,3,49
True,67200000,2,99
True,67200000,1,44
True,67200000,0,79
True,67250000,4,26
True,67250000,3,49
True,67250000,2,99
True,67250000,1,44
True,67250000,0,79
True,67300000,4,26
True,67300000,3,49
True,67300000,2,99
True,67300000,1,44
True,67300000,0,79
True,67350000,4,26
True,67350000,3,49
True,67350000,2,99
True,67350000,1,44
True,67350000,0,79
True,67400000,4,26
True,67400000,3,49
True,67400000,2,99
True,67400000,1,44
True,67400000,0,79
True,67450000,4,26
True,67450000,3,49
True,67450000,2,99
True,67450000,1,44
True,67450000,0,79
True,67500000,4,26
True,67500000,3,49
True,67500000,2,99
True,67500000,1,44
True,67500000,0,79
True,67550000,4,26
True,67550000,3,49
True,67550000,2,99
True,67550000,1,43
True,67550000,0,80
True,67600000,4,26
True,67600000,3,49
True,67600000,2,99
True,67600000,1,43
True,67600000,0,80
True,67650000,4,26
True,67650000,3,49
True,67650000,2,99
True,67650000,1,43
True,67650000,0,80
True,67700000,4,26
True,67700000,3,49
True,67700000,2,99
True,67700000,1,43
True,67700000,0,80
True,67750000,4,26
True,67750000,3,49
True,67750000,2,99
True,67750000,1,43
True,67750000,0,80
True,67800000,4,26
True,67800000,3,49
True,67800000,2,99
True,67800000,1,43
True,67800000,0,80
True,67850000,4,26
True,67850000,3,49
True,67850000,2,99
True,67850000,1,43
True,67850000,0,80
True,67900000,4,26
True,67900000,3,49
True,67900000,2,99
True,67900000,1,43
True,67900000,0,80
True,67950000,4,26
True,67950000,3,49
True,67950000,2,99
True,67950000,1,43
True,67950000,0,80
True,68000000,4,26
True,68000000,3,49
True,68000000,2,99
True,68000000,1,43
True,68000000,0,80
True,68050000,4,26
True,68050000,3,49
True,68050000,2,99
True,68050000,1,43
True,68050000,0,80
True,68100000,4,26
True,68100000,3,49
True,68100000,2,99
True,68100000,1,43
True,68100000,0,80
True,68150000,4,26
True,68150000,3,49
True,68150000,2,99
True,68150000,1,43
True,68150000,0,80
True,68200000,4,26
True,68200000,3,49
True,68200000,2,99
True,68200000,1,43
True,68200000,0,80
True,68250000,4,26
True,68250000,3,49
True,68250000,2,99
True,68250000,1,43
True,68250000,0,80
True,68300000,4,26
True,68300000,3,48
True,68300000,2,99
True,68300000,1,43
True,68300000,0,81
True,68350000,4,26
True,68350000,3,48
True,68350000,2,99
True,68350000,1,43
True,68350000,0,81
True,68400000,4,26
True,68400000,3,48
True,68400000,2,99
True,68400000,1,43
True,68400000,0,81
True,68450000,4,26
True,68450000,3,48
True,68450000,2,99
True,68450000,1,43
True,68450000,0,81
True,68500000,4,26
True,68500000,3,48
True,68500000,2,99
True,68500000,1,43
True,68500000,0,81
True,68550000,4,26
True,68550000,3,48
True,68550000,2,99
True,68550000,1,43
True,68550000,0,81
True,68600000,4,26
True,68600000,3,48
True,68600000,2,99
True,68600000,1,43
True,68600000,0,81
True,68650000,4,26
True,68650000,3,48
True,68650000,2,99
True,68650000,1,43
True,68650000,0,81
True,68700000,4,26
True,68700000,3,48
True,68700000,2,99
True,68700000,1,43
True,68700000,0,81
True,68750000,4,26
True,68750000,3,48
True,68750000,2,99
True,68750000,1,43
True,68750000,0,81
True,68800000,4,26
True,68800000,3,48
True,68800000,2,99
True,68800000,1,43
True,68800000,0,81
True,68850000,4,26
True,68850000,3,48
True,68850000,2,99
True,68850000,1,43
True,68850000,0,81
True,68900000,4,26
True,68900000,3,48
True,68900000,2,99
True,68900000,1,43
True,68900000,0,81
True,68950000,4,26
True,68950000,3,48
True,68950000,2,99
True,68950000,1,43
True,68950000,0,81
True,69000000,4,26
True,69000000,3,48
True,69000000,2,99
True,69000000,1,43
True,69000000,0,81
True,69050000,4,26
True,69050000,3,48
True,69050000,2,99
True,69050000,1,43
True,69050000,0,81
True,69100000,4,26
True,69100000,3,47
True,69100000,2,99
True,69100000,1,44
True,69100000,0,81
True,69150000,4,26
True,69150000,3,46
True,69150000,2,99
True,69150000,1,45
True,69150000,0,81
True,69200000,4,26
True,69200000,3,45
True,69200000,2,99
True,69200000,1,45
True,69200000,0,82
True,69250000,4,26
True,69250000,3,45
True,69250000,2,99
True,69250000,1,45
True,69250000,0,82
True,69300000,4,26
True,69300000,3,45
True,69300000,2,99
True,69300000,1,45
True,69300000,0,82
True,69350000,4,26
True,69350000,3,45
True,69350000,2,99
True,69350000,1,45
True,69350000,0,82
True,69400000,4,26
True,69400000,3,45
True,69400000,2,99
True,69400000,1,45
True,69400000,0,82
True,69450000,4,26
True,69450000,3,45
True,69450000,2,99
True,69450000,1,45
True,69450000,0,82
True,69500000,4,26
True,69500000,3,45
True,69500000,2,99
True,69500000,1,45
True,69500000,0,82
True,69550000,4,26
True,69550000,3,45
True,69550000,2,99
True,69550000,1,45
True,69550000,0,82
True,69600000,4,26
True,69600000,3,45
True,69600000,2,99
True,69600000,1,45
True,69600000,0,82
True,69650000,4,26
True,69650000,3,45
True,69650000,2,99
True,69650000,1,45
True,69650000,0,82
True,69700000,4,26
True,69700000,3,45
True,69700000,2,99
True,69700000,1,45
True,69700000,0,82
True,69750000,4,25
True,69750000,3,45
True,69750000,2,99
True,69750000,1,46
True,69750000,0,82
True,69800000,4,25
True,69800000,3,45
True,69800000,2,99
True,69800000,1,46
True,69800000,0,82
True,69850000,4,25
True,69850000,3,45
True,69850000,2,99
True,69850000,1,46
True,69850000,0,82
True,69900000,4,24
True,69900000,3,45
True,69900000,2,99
True,69900000,1,46
True,69900000,0,83
True,69950000,4,24
True,69950000,3,45
True,69950000,2,99
True,69950000,1,46
True,69950000,0,83
True,70000000,4,24
True,70000000,3,45
True,70000000,2,99
True,70000000,1,46
True,70000000,0,83
True,70050000,4,24
True,70050000,3,45
True,70050000,2,99
True,70050000,1,46
True,70050000,0,83
True,70100000,4,24
True,70100000,3,45
True,70100000,2,99
True,70100000,1,46
True,70100000,0,83
True,70150000,4,24
True,70150000,3,45
True,70150000,2,99
True,70150000,1,46
True,70150000,0,83
True,70200000,4,24
True,70200000,3,45
True,70200000,2,99
True,70200000,1,46
True,70200000,0,83
True,70250000,4,24
True,70250000,3,45
True,70250000,2,99
True,70250000,1,46
True,70250000,0,83
True,70300000,4,24
True,70300000,3,45
True,70300000,2,99
True,70300000,1,46
True,70300000,0,83
True,70350000,4,24
True,70350000,3,45
True,70350000,2,99
True,70350000,1,46
True,70350000,0,83
True,70400000,4,24
True,70400000,3,45
True,70400000,2,99
True,70400000,1,46
True,70400000,0,83
True,70450000,4,24
True,70450000,3,45
True,70450000,2,99
True,70450000,1,46
True,70450000,0,83
True,70500000,4,24
True,70500000,3,45
True,70500000,2,99
True,70500000,1,46
True,70500000,0,83
True,70550000,4,24
True,70550000,3,45
True,70550000,2,99
True,70550000,1,46
True,70550000,0,83
True,70600000,4,24
True,70600000,3,45
True,70600000,2,99
True,70600000,1,46
True,70600000,0,83
True,70650000,4,24
True,70650000,3,45
True,70650000,2,99
True,70650000,1,46
True,70650000,0,83
True,70700000,4,24
True,70700000,3,45
True,70700000,2,99
True,70700000,1,46
True,70700000,0,83
True,70750000,4,24
True,70750000,3,45
True,70750000,2,99
True,70750000,1,45
True,70750000,0,84
True,70800000,4,25
True,70800000,3,45
True,70800000,2,99
True,70800000,1,44
True,70800000,0,84
True,70850000,4,25
True,70850000,3,45
True,70850000,2,99
True,70850000,1,44
True,70850000,0,84
True,70900000,4,25
True,70900000,3,45
True,70900000,2,99
True,70900000,1,44
True,70900000,0,84
True,70950000,4,25
True,70950000,3,45
True,70950000,2,99
True,70950000,1,44
True,70950000,0,84
True,71000000,4,25
True,71000000,3,45
True,71000000,2,99
True,71000000,1,44
True,71000000,0,84
True,71050000,4,25
True,71050000,3,45
True,71050000,2,99
True,71050000,1,44
True,71050000,0,84
True,71100000,4,24
True,71100000,3,46
True,71100000,2,99
True,71100000,1,44
True,71100000,0,84
True,71150000,4,24
True,71150000,3,46
True,71150000,2,99
True,71150000,1,44
True,71150000,0,84
True,71200000,4,24
True,71200000,3,46
True,71200000,2,99
True,71200000,1,44
True,71200000,0,84
True,71250000,4,24
True,71250000,3,46
True,71250000,2,99
True,71250000,1,44
True,71250000,0,84
True,71300000,4,24
True,71300000,3,46
True,71300000,2,99
True,71300000,1,44
True,71300000,0,84
True,71350000,4,24
True,71350000,3,46
True,71350000,2,99
True,71350000,1,44
True,71350000,0,84
True,71400000,4,24
True,71400000,3,46
True,71400000,2,99
True,71400000,1,44
True,71400000,0,84
True,71450000,4,24
True,71450000,3,46
True,71450000,2,99
True,71450000,1,44
True,71450000,0,84
True,71500000,4,24
True,71500000,3,46
True,71500000,2,99
True,71500000,1,44
True,71500000,0,84
True,71550000,4,24
True,71550000,3,46
True,71550000,2,99
True,71550000,1,44
True,71550000,0,84
True,71600000,4,24
True,71600000,3,46
True,71600000,2,99
True,71600000,1,44
True,71600000,0,84
True,71650000,4,24
True,71650000,3,46
True,71650000,2,99
True,71650000,1,44
True,71650000,0,84
True,71700000,4,24
True,71700000,3,46
True,71700000,2,99
True,71700000,1,44
True,71700000,0,84
True,71750000,4,24
True,71750000,3,46
True,71750000,2,99
True,71750000,1,44
True,71750000,0,84
True,71800000,4,24
True,71800000,3,46
True,71800000,2,99
True,71800000,1,43
True,71800000,0,85
True,71850000,4,24
True,71850000,3,46
True,71850000,2,99
True,71850000,1,43
True,71850000,0,85
True,71900000,4,24
True,71900000,3,46
True,71900000,2,99
True,71900000,1,43
True,71900000,0,85
True,71950000,4,24
True,71950000,3,46
True,71950000,2,99
True,71950000,1,43
True,71950000,0,85
True,72000000,4,24
True,72000000,3,46
True,72000000,2,99
True,72000000,1,43
True,72000000,0,85
True,72050000,4,24
True,72050000,3,46
True,72050000,2,99
True,72050000,1,43
True,72050000,0,85
True,72100000,4,24
True,72100000,3,46
True,72100000,2,99
True,72100000,1,43
True,72100000,0,85
True,72150000,4,24
True,72150000,3,46
True,72150000,2,99
True,72150000,1,43
True,72150000,0,85
True,72200000,4,24
True,72200000,3,46
True,72200000,2,99
True,72200000,1,43
True,72200000,0,85
True,72250000,4,24
True,72250000,3,46
True,72250000,2,99
True,72250000,1,43
True,72250000,0,85
True,72300000,4,24
True,72300000,3,46
True,72300000,2,99
True,72300000,1,43
True,72300000,0,85
True,72350000,4,24
True,72350000,3,46
True,72350000,2,99
True,72350000,1,43
True,72350000,0,85
True,72400000,4,24
True,72400000,3,46
True,72400000,2,99
True,72400000,1,43
True,72400000,0,85
True,72450000,4,24
True,72450000,3,46
True,72450000,2,99
True,72450000,1,43
True,72450000,0,85
True,72500000,4,24
True,72500000,3,46
True,72500000,2,99
True,72500000,1,43
True,72500000,0,85
True,72550000,4,24
True,72550000,3,46
True,72550000,2,99
True,72550000,1,43
True,72550000,0,85
True,72600000,4,24
True,72600000,3,46
True,72600000,2,99
True,72600000,1,43
True,72600000,0,85
True,72650000,4,24
True,72650000,3,46
True,72650000,2,99
True,72650000,1,43
True,72650000,0,85
True,72700000,4,24
True,72700000,3,46
True,72700000,2,99
True,72700000,1,43
True,72700000,0,85
True,72750000,4,24
True,72750000,3,45
True,72750000,2,99
True,72750000,1,43
True,72750000,0,86
True,72800000,4,24
True,72800000,3,45
True,72800000,2,99
True,72800000,1,43
True,72800000,0,86
True,72850000,4,24
True,72850000,3,45
True,72850000,2,99
True,72850000,1,43
True,72850000,0,86
True,72900000,4,24
True,72900000,3,45
True,72900000,2,99
True,72900000,1,43
True,72900000,0,86
True,72950000,4,24
True,72950000,3,45
True,72950000,2,99
True,72950000,1,43
True,72950000,0,86
True,73000000,4,24
True,73000000,3,45
True,73000000,2,99
True,73000000,1,43
True,73000000,0,86
True,73050000,4,24
True,73050000,3,45
True,73050000,2,99
True,73050000,1,43
True,73050000,0,86
True,73100000,4,24
True,73100000,3,45
True,73100000,2,99
True,73100000,1,43
True,73100000,0,86
True,73150000,4,24
True,73150000,3,45
True,73150000,2,99
True,73150000,1,43
True,73150000,0,86
True,73200000,4,24
True,73200000,3,45
True,73200000,2,99
True,73200000,1,43
True,73200000,0,86
True,73250000,4,24
True,73250000,3,45
True,73250000,2,99
True,73250000,1,43
True,73250000,0,86
True,73300000,4,24
True,73300000,3,45
True,73300000,2,99
True,73300000,1,43
True,73300000,0,86
True,73350000,4,24
True,73350000,3,45
True,73350000,2,99
True,73350000,1,43
True,73350000,0,86
True,73400000,4,24
True,73400000,3,45
True,73400000,2,99
True,73400000,1,43
True,73400000,0,86
True,73450000,4,24
True,73450000,3,45
True,73450000,2,99
True,73450000,1,43
True,73450000,0,86
True,73500000,4,24
True,73500000,3,45
True,73500000,2,99
True,73500000,1,43
True,73500000,0,86
True,73550000,4,24
True,73550000,3,45
True,73550000,2,99
True,73550000,1,43
True,73550000,0,86
True,73600000,4,24
True,73600000,3,45
True,73600000,2,99
True,73600000,1,43
True,73600000,0,86
True,73650000,4,24
True,73650000,3,45
True,73650000,2,99
True,73650000,1,43
True,73650000,0,86
True,73700000,4,24
True,73700000,3,45
True,73700000,2,99
True,73700000,1,43
True,73700000,0,86
True,73750000,4,24
True,73750000,3,45
True,73750000,2,99
True,73750000,1,43
True,73750000,0,86
True,73800000,4,23
True,73800000,3,45
True,73800000,2,99
True,73800000,1,43
True,73800000,0,87
True,73850000,4,23
True,73850000,3,45
True,73850000,2,99
True,73850000,1,43
True,73850000,0,87
True,73900000,4,23
True,73900000,3,45
True,73900000,2,99
True,73900000,1,43
True,73900000,0,87
True,73950000,4,23
True,73950000,3,45
True,73950000,2,99
True,73950000,1,43
True,73950000,0,87
True,74000000,4,23
True,74000000,3,45
True,74000000,2,99
True,74000000,1,43
True,74000000,0,87
True,74050000,4,23
True,74050000,3,45
True,74050000,2,99
True,74050000,1,43
True,74050000,0,87
True,74100000,4,23
True,74100000,3,45
True,74100000,2,99
True,74100000,1,43
True,74100000,0,87
True,74150000,4,23
True,74150000,3,45
True,74150000,2,99
True,74150000,1,43
True,74150000,0,87
True,74200000,4,23
True,74200000,3,45
True,74200000,2,99
True,74200000,1,43
True,74200000,0,87
True,74250000,4,23
True,74250000,3,45
True,74250000,2,99
True,74250000,1,43
True,74250000,0,87
True,74300000,4,23
True,74300000,3,45
True,74300000,2,99
True,74300000,1,43
True,74300000,0,87
True,74350000,4,23
True,74350000,3,45
True,74350000,2,99
True,74350000,1,43
True,74350000,0,87
True,74400000,4,23
True,74400000,3,45
True,74400000,2,99
True,74400000,1,43
True,74400000,0,87
True,74450000,4,23
True,74450000,3,45
True,74450000,2,99
True,74450000,1,43
True,74450000,0,87
True,74500000,4,23
True,74500000,3,45
True,74500000,2,99
True,74500000,1,43
True,74500000,0,87
True,74550000,4,23
True,74550000,3,45
True,74550000,2,99
True,74550000,1,43
True,74550000,0,87
True,74600000,4,23
True,74600000,3,45
True,74600000,2,99
True,74600000,1,43
True,74600000,0,87
True,74650000,4,23
True,74650000,3,45
True,74650000,2,99
True,74650000,1,43
True,74650000,0,87
True,74700000,4,23
True,74700000,3,45
True,74700000,2,99
True,74700000,1,43
True,74700000,0,87
True,74750000,4,23
True,74750000,3,45
True,74750000,2,99
True,74750000,1,43
True,74750000,0,87
True,74800000,4,23
True,74800000,3,45
True,74800000,2,99
True,74800000,1,43
True,74800000,0,87
True,74850000,4,22
True,74850000,3,45
True,74850000,2,99
True,74850000,1,43
True,74850000,0,88
True,74900000,4,22
True,74900000,3,45
True,74900000,2,99
True,74900000,1,43
True,74900000,0,88
True,74950000,4,22
True,74950000,3,45
True,74950000,2,99
True,74950000,1,43
True,74950000,0,88
True,75000000,4,22
True,75000000,3,45
True,75000000,2,99
True,75000000,1,43
True,75000000,0,88
True,75050000,4,22
True,75050000,3,45
True,75050000,2,99
True,75050000,1,43
True,75050000,0,88
True,75100000,4,22
True,75100000,3,45
True,75100000,2,99
True,75100000,1,43
True,75100000,0,88
True,75150000,4,22
True,75150000,3,45
True,75150000,2,99
True,75150000,1,43
True,75150000,0,88
True,75200000,4,22
True,75200000,3,45
True,75200000,2,99
True,75200000,1,43
True,75200000,0,88
True,75250000,4,22
True,75250000,3,45
True,75250000,2,99
True,75250000,1,43
True,75250000,0,88
True,75300000,4,22
True,75300000,3,45
True,75300000,2,99
True,75300000,1,43
True,75300000,0,88
True,75350000,4,22
True,75350000,3,45
True,75350000,2,99
True,75350000,1,43
True,75350000,0,88
True,75400000,4,22
True,75400000,3,45
True,75400000,2,99
True,75400000,1,43
True,75400000,0,88
True,75450000,4,22
True,75450000,3,45
True,75450000,2,99
True,75450000,1,43
True,75450000,0,88
True,75500000,4,22
True,75500000,3,45
True,75500000,2,99
True,75500000,1,43
True,75500000,0,88
True,75550000,4,22
True,75550000,3,45
True,75550000,2,99
True,75550000,1,43
True,75550000,0,88
True,75600000,4,22
True,75600000,3,45
True,75600000,2,99
True,75600000,1,43
True,75600000,0,88
True,75650000,4,22
True,75650000,3,45
True,75650000,2,99
True,75650000,1,43
True,75650000,0,88
True,75700000,4,22
True,75700000,3,45
True,75700000,2,99
True,75700000,1,43
True,75700000,0,88
True,75750000,4,22
True,75750000,3,45
True,75750000,2,99
True,75750000,1,43
True,75750000,0,88
True,75800000,4,22
True,75800000,3,45
True,75800000,2,99
True,75800000,1,43
True,75800000,0,88
True,75850000,4,22
True,75850000,3,45
True,75850000,2,99
True,75850000,1,43
True,75850000,0,88
True,75900000,4,22
True,75900000,3,45
True,75900000,2,99
True,75900000,1,43
True,75900000,0,88
True,75950000,4,22
True,75950000,3,45
True,75950000,2,99
True,75950000,1,43
True,75950000,0,88
True,76000000,4,22
True,76000000,3,45
True,76000000,2,99
True,76000000,1,43
True,76000000,0,88
True,76050000,4,22
True,76050000,3,45
True,76050000,2,99
True,76050000,1,43
True,76050000,0,88
True,76100000,4,22
True,76100000,3,45
True,76100000,2,99
True,76100000,1,42
True,76100000,0,89
True,76150000,4,22
True,76150000,3,45
True,76150000,2,99
True,76150000,1,42
True,76150000,0,89
True,76200000,4,22
True,76200000,3,45
True,76200000,2,99
True,76200000,1,42
True,76200000,0,89
True,76250000,4,22
True,76250000,3,45
True,76250000,2,99
True,76250000,1,42
True,76250000,0,89
True,76300000,4,23
True,76300000,3,45
True,76300000,2,99
True,76300000,1,41
True,76300000,0,89
True,76350000,4,24
True,76350000,3,45
True,76350000,2,99
True,76350000,1,40
True,76350000,0,89
True,76400000,4,24
True,76400000,3,45
True,76400000,2,99
True,76400000,1,40
True,76400000,0,89
True,76450000,4,24
True,76450000,3,45
True,76450000,2,99
True,76450000,1,40
True,76450000,0,89
True,76500000,4,24
True,76500000,3,45
True,76500000,2,99
True,76500000,1,40
True,76500000,0,89
True,76550000,4,24
True,76550000,3,45
True,76550000,2,99
True,76550000,1,40
True,76550000,0,89
True,76600000,4,24
True,76600000,3,45
True,76600000,2,99
True,76600000,1,40
True,76600000,0,89
True,76650000,4,24
True,76650000,3,45
True,76650000,2,99
True,76650000,1,40
True,76650000,0,89
True,76700000,4,25
True,76700000,3,45
True,76700000,2,99
True,76700000,1,39
True,76700000,0,89
True,76750000,4,25
True,76750000,3,45
True,76750000,2,99
True,76750000,1,39
True,76750000,0,89
True,76800000,4,26
True,76800000,3,44
True,76800000,2,99
True,76800000,1,39
True,76800000,0,89
True,76850000,4,25
True,76850000,3,44
True,76850000,2,99
True,76850000,1,40
True,76850000,0,89
True,76900000,4,24
True,76900000,3,44
True,76900000,2,99
True,76900000,1,41
True,76900000,0,89
True,76950000,4,24
True,76950000,3,44
True,76950000,2,99
True,76950000,1,41
True,76950000,0,89
True,77000000,4,24
True,77000000,3,44
True,77000000,2,99
True,77000000,1,41
True,77000000,0,89
True,77050000,4,24
True,77050000,3,44
True,77050000,2,99
True,77050000,1,41
True,77050000,0,89
True,77100000,4,24
True,77100000,3,44
True,77100000,2,99
True,77100000,1,41
True,77100000,0,89
True,77150000,4,24
True,77150000,3,44
True,77150000,2,99
True,77150000,1,41
True,77150000,0,89
True,77200000,4,24
True,77200000,3,44
True,77200000,2,99
True,77200000,1,41
True,77200000,0,89
True,77250000,4,23
True,77250000,3,45
True,77250000,2,99
True,77250000,1,41
True,77250000,0,89
True,77300000,4,23
True,77300000,3,45
True,77300000,2,99
True,77300000,1,41
True,77300000,0,89
True,77350000,4,23
True,77350000,3,45
True,77350000,2,99
True,77350000,1,41
True,77350000,0,89
True,77400000,4,23
True,77400000,3,45
True,77400000,2,99
True,77400000,1,41
True,77400000,0,89
True,77450000,4,22
True,77450000,3,45
True,77450000,2,99
True,77450000,1,42
True,77450000,0,89
True,77500000,4,22
True,77500000,3,45
True,77500000,2,99
True,77500000,1,42
True,77500000,0,89
True,77550000,4,22
True,77550000,3,45
True,77550000,2,99
True,77550000,1,42
True,77550000,0,89
True,77600000,4,23
True,77600000,3,44
True,77600000,2,99
True,77600000,1,42
True,77600000,0,89
True,77650000,4,22
True,77650000,3,44
True,77650000,2,99
True,77650000,1,42
True,77650000,0,90
True,77700000,4,22
True,77700000,3,44
True,77700000,2,99
True,77700000,1,42
True,77700000,0,90
True,77750000,4,22
True,77750000,3,44
True,77750000,2,99
True,77750000,1,42
True,77750000,0,90
True,77800000,4,23
True,77800000,3,43
True,77800000,2,99
True,77800000,1,42
True,77800000,0,90
True,77850000,4,23
True,77850000,3,43
True,77850000,2,99
True,77850000,1,42
True,77850000,0,90
True,77900000,4,23
True,77900000,3,43
True,77900000,2,99
True,77900000,1,42
True,77900000,0,90
True,77950000,4,23
True,77950000,3,43
True,77950000,2,99
True,77950000,1,42
True,77950000,0,90
True,78000000,4,23
True,78000000,3,43
True,78000000,2,99
True,78000000,1,42
True,78000000,0,90
True,78050000,4,23
True,78050000,3,43
True,78050000,2,99
True,78050000,1,42
True,78050000,0,90
True,78100000,4,23
True,78100000,3,43
True,78100000,2,99
True,78100000,1,42
True,78100000,0,90
True,78150000,4,23
True,78150000,3,43
True,78150000,2,99
True,78150000,1,42
True,78150000,0,90
True,78200000,4,23
True,78200000,3,43
True,78200000,2,99
True,78200000,1,42
True,78200000,0,90
True,78250000,4,23
True,78250000,3,43
True,78250000,2,99
True,78250000,1,42
True,78250000,0,90
True,78300000,4,23
True,78300000,3,43
True,78300000,2,99
True,78300000,1,42
True,78300000,0,90
True,78350000,4,23
True,78350000,3,43
True,78350000,2,99
True,78350000,1,42
True,78350000,0,90
True,78400000,4,23
True,78400000,3,43
True,78400000,2,99
True,78400000,1,42
True,78400000,0,90
True,78450000,4,23
True,78450000,3,43
True,78450000,2,99
True,78450000,1,42
True,78450000,0,90
True,78500000,4,23
True,78500000,3,43
True,78500000,2,99
True,78500000,1,42
True,78500000,0,90
True,78550000,4,23
True,78550000,3,43
True,78550000,2,99
True,78550000,1,42
True,78550000,0,90
True,78600000,4,23
True,78600000,3,43
True,78600000,2,99
True,78600000,1,42
True,78600000,0,90
True,78650000,4,23
True,78650000,3,43
True,78650000,2,99
True,78650000,1,42
True,78650000,0,90
True,78700000,4,23
True,78700000,3,43
True,78700000,2,99
True,78700000,1,42
True,78700000,0,90
True,78750000,4,23
True,78750000,3,43
True,78750000,2,99
True,78750000,1,42
True,78750000,0,90
True,78800000,4,23
True,78800000,3,43
True,78800000,2,99
True,78800000,1,42
True,78800000,0,90
True,78850000,4,23
True,78850000,3,43
True,78850000,2,99
True,78850000,1,42
True,78850000,0,90
True,78900000,4,23
True,78900000,3,43
True,78900000,2,99
True,78900000,1,42
True,78900000,0,90
True,78950000,4,23
True,78950000,3,43
True,78950000,2,99
True,78950000,1,42
True,78950000,0,90
True,79000000,4,23
True,79000000,3,43
True,79000000,2,99
True,79000000,1,41
True,79000000,0,91
True,79050000,4,23
True,79050000,3,43
True,79050000,2,99
True,79050000,1,41
True,79050000,0,91
True,79100000,4,23
True,79100000,3,43
True,79100000,2,99
True,79100000,1,41
True,79100000,0,91
True,79150000,4,23
True,79150000,3,43
True,79150000,2,99
True,79150000,1,41
True,79150000,0,91
True,79200000,4,23
True,79200000,3,43
True,79200000,2,99
True,79200000,1,41
True,79200000,0,91
True,79250000,4,23
True,79250000,3,43
True,79250000,2,99
True,79250000,1,41
True,79250000,0,91
True,79300000,4,23
True,79300000,3,43
True,79300000,2,99
True,79300000,1,41
True,79300000,0,91
True,79350000,4,23
True,79350000,3,43
True,79350000,2,99
True,79350000,1,41
True,79350000,0,91
True,79400000,4,23
True,79400000,3,43
True,79400000,2,99
True,79400000,1,41
True,79400000,0,91
True,79450000,4,23
True,79450000,3,43
True,79450000,2,99
True,79450000,1,41
True,79450000,0,91
True,79500000,4,23
True,79500000,3,43
True,79500000,2,99
True,79500000,1,41
True,79500000,0,91
True,79550000,4,23
True,79550000,3,43
True,79550000,2,99
True,79550000,1,41
True,79550000,0,91
True,79600000,4,23
True,79600000,3,43
True,79600000,2,99
True,79600000,1,41
True,79600000,0,91
True,79650000,4,23
True,79650000,3,43
True,79650000,2,99
True,79650000,1,41
True,79650000,0,91
True,79700000,4,23
True,79700000,3,43
True,79700000,2,99
True,79700000,1,41
True,79700000,0,91
True,79750000,4,23
True,79750000,3,43
True,79750000,2,99
True,79750000,1,41
True,79750000,0,91
True,79800000,4,23
True,79800000,3,43
True,79800000,2,99
True,79800000,1,41
True,79800000,0,91
True,79850000,4,23
True,79850000,3,43
True,79850000,2,99
True,79850000,1,41
True,79850000,0,91
True,79900000,4,23
True,79900000,3,43
True,79900000,2,99
True,79900000,1,41
True,79900000,0,91
True,79950000,4,23
True,79950000,3,43
True,79950000,2,99
True,79950000,1,41
True,79950000,0,91
